season,playerId,name,teams,gp,minutes,GSAx,GSAx_raw,shots,goals,GSAx60,svpct
2015,8466141,Roberto Luongo,FLA,62,3601.85,10.969999999999999,18.99000000000001,1801.0,141.0,0.18273942557296943,0.9217101610216546
2015,8467950,Craig Anderson,OTT,60,3477.133333333333,-6.819999999999993,-1.8400000000000034,1915.0,161.0,-0.11768314895411919,0.9159268929503916
2015,8468011,Ryan Miller,VAN,51,3043.483333333333,-5.689999999999998,-0.960000000000008,1634.0,137.0,-0.11217409875745442,0.916156670746634
2015,8468038,Michael Leighton,CHI,1,39.483333333333334,-0.26,-0.25,17.0,1.0,-0.39510341916420433,0.9411764705882353
2015,8468685,Henrik Lundqvist,NYR,65,3772.366666666667,6.610000000000014,13.090000000000003,1944.0,156.0,0.10513294041759837,0.9197530864197531
2015,8469514,Peter Budaj,LAK,1,62.3,-1.96,-1.9,28.0,4.0,-1.8876404494382024,0.8571428571428572
2015,8469608,Mike Smith,ARI,32,1753.5,-3.25,-0.9899999999999949,921.0,77.0,-0.11120615911035073,0.9163952225841476
2015,8470140,Kari Lehtonen,DAL,43,2279.1833333333334,-6.799999999999997,-3.4099999999999966,1121.0,105.0,-0.1790114880329942,0.9063336306868867
2015,8470147,Curtis McElhinney,CBJ,18,835.4333333333333,-5.82,-2.0799999999999983,417.0,46.0,-0.41798667358257197,0.8896882494004796
2015,8470320,Cam Ward,CAR,52,3032.8333333333335,0.35999999999999943,4.719999999999999,1343.0,122.0,0.0071220530856734516,0.9091586001489204
2015,8470594,Marc-Andre Fleury,PIT,58,3462.55,-1.0999999999999943,3.5500000000000114,1665.0,132.0,-0.01906109659066285,0.9207207207207208
2015,8470645,Corey Crawford,CHI,58,3322.65,9.560000000000002,16.939999999999998,1719.0,131.0,0.17263328969346758,0.9237929028504945
2015,8470657,Jimmy Howard,DET,37,1973.8833333333334,-10.120000000000005,-6.930000000000007,979.0,92.0,-0.30761696486621143,0.906026557711951
2015,8470860,Jaroslav Halak,NYI,36,2091.1833333333334,3.9099999999999966,6.980000000000004,984.0,80.0,0.11218528584294368,0.9186991869918699
2015,8470880,Brian Elliott,STL,42,2263.0,19.400000000000006,26.810000000000002,1114.0,78.0,0.5143614670790987,0.9299820466786355
2015,8471186,Yann Danis,NJD,2,50.5,-1.5499999999999998,-1.4100000000000001,18.0,4.0,-1.8415841584158414,0.7777777777777778
2015,8471219,Al Montoya,FLA,25,1351.2333333333333,2.3900000000000006,4.520000000000003,608.0,49.0,0.10612526827342923,0.9194078947368421
2015,8471227,Devan Dubnyk,MIN,67,3841.4,-5.569999999999993,0.2400000000000091,1829.0,150.0,-0.08699953142083605,0.9179879715691635
2015,8471239,Cory Schneider,NJD,58,3404.5,14.22999999999999,19.389999999999986,1597.0,122.0,0.25078572477603156,0.9236067626800251
2015,8471306,Thomas Greiss,NYI,41,2287.3166666666666,7.930000000000007,12.180000000000007,1197.0,90.0,0.20801667164581517,0.924812030075188
2015,8471403,Karri Ramo,CGY,37,2144.633333333333,-9.959999999999994,-7.1299999999999955,1034.0,94.0,-0.27864903091437526,0.9090909090909091
2015,8471418,Anton Khudobin,ANA,9,356.3333333333333,0.8200000000000003,2.210000000000001,175.0,16.0,0.13807296538821334,0.9085714285714286
2015,8471469,Pekka Rinne,NSH,66,3895.366666666667,-28.210000000000008,-24.560000000000002,1745.0,161.0,-0.4345162201247637,0.9077363896848137
2015,8471679,Carey Price,MTL,12,698.3333333333334,3.0500000000000007,3.8000000000000007,365.0,24.0,0.26205250596658713,0.9342465753424658
2015,8471695,Tuukka Rask,BOS,64,3678.05,4.800000000000011,9.840000000000003,1855.0,157.0,0.0783023613055833,0.9153638814016173
2015,8471715,Ondrej Pavelec,WPG,33,1899.0166666666667,-0.5900000000000034,3.5,918.0,88.0,-0.018641226599731546,0.9041394335511983
2015,8471734,Jonathan Quick,LAK,68,4034.483333333333,13.840000000000003,20.669999999999987,1820.0,149.0,0.20582561170575336,0.9181318681318681
2015,8471750,Ben Bishop,TBL,61,3579.633333333333,9.069999999999993,14.22999999999999,1673.0,123.0,0.15202674389369478,0.9264793783622236
2015,8471774,Alex Stalock,SJS,13,674.1333333333333,-9.73,-9.059999999999999,285.0,33.0,-0.8660007911392406,0.8842105263157894
2015,8473404,Niklas Backstrom,CGY,4,232.71666666666667,-2.960000000000001,-2.5199999999999996,109.0,13.0,-0.763159779417031,0.8807339449541285
2015,8473434,Chad Johnson,BUF,45,2591.0833333333335,5.239999999999995,10.510000000000005,1271.0,102.0,0.12133920818190576,0.919748229740362
2015,8473461,Steve Mason,PHI,54,3150.4333333333334,9.830000000000013,16.810000000000002,1602.0,132.0,0.18721234115941746,0.9176029962546817
2015,8473499,Reto Berra,COL,14,720.7166666666667,0.5100000000000016,1.8999999999999986,374.0,29.0,0.04245773882478102,0.9224598930481284
2015,8473503,James Reimer,SJS,40,2290.45,8.11,11.11,1128.0,88.0,0.21244733567639548,0.9219858156028369
2015,8473523,Jhonas Enroth,LAK,16,856.3,4.469999999999999,6.229999999999997,399.0,31.0,0.31320798785472376,0.9223057644110275
2015,8473541,Jonathan Bernier,TOR,38,2146.766666666667,-5.680000000000007,-0.5400000000000063,1114.0,103.0,-0.15875036877164125,0.90754039497307
2015,8473553,Jeff Zatkoff,PIT,14,732.05,-4.0,-2.9800000000000004,408.0,34.0,-0.327846458575234,0.9166666666666666
2015,8473575,Semyon Varlamov,COL,57,3159.4166666666665,-2.6999999999999886,3.0900000000000034,1714.0,148.0,-0.051275288159733916,0.9136522753792299
2015,8473607,Michal Neuvirth,PHI,32,1825.5166666666667,7.540000000000006,10.560000000000002,908.0,69.0,0.24782025180086026,0.9240088105726872
2015,8473614,Richard Bachman,VAN,1,59.86666666666667,-0.7000000000000002,-0.6499999999999999,31.0,3.0,-0.7015590200445435,0.9032258064516129
2015,8473972,Jonas Hiller,CGY,26,1350.8666666666666,-19.590000000000003,-17.340000000000003,654.0,79.0,-0.8701080787642503,0.8792048929663608
2015,8474152,Scott Darling,CHI,29,1556.5333333333333,-2.510000000000005,-0.23999999999999488,784.0,67.0,-0.09675346924790151,0.9145408163265306
2015,8474550,Antti Niemi,DAL,48,2634.383333333333,-5.650000000000006,0.0799999999999983,1246.0,118.0,-0.12868286695811176,0.9052969502407705
2015,8474593,Jacob Markstrom,VAN,32,1847.4333333333334,3.319999999999993,7.189999999999998,988.0,84.0,0.10782527109683682,0.9149797570850202
2015,8474596,Jake Allen,STL,47,2583.366666666667,0.4399999999999977,3.6200000000000045,1261.0,101.0,0.010219222977767974,0.9199048374306106
2015,8474636,Michael Hutchinson,WPG,30,1585.95,-8.739999999999995,-6.3799999999999955,805.0,75.0,-0.3306535514991013,0.906832298136646
2015,8474651,Braden Holtby,WSH,66,3841.1833333333334,15.039999999999992,24.28,1803.0,141.0,0.23492760477457023,0.9217970049916805
2015,8474682,Dustin Tokarski,MTL,6,226.16666666666666,-4.22,-4.07,98.0,12.0,-1.1195283714075166,0.8775510204081632
2015,8474765,Anders Lindback,ARI,19,906.1333333333333,-11.090000000000003,-10.299999999999997,443.0,47.0,-0.7343290170688643,0.8939051918735892
2015,8474889,Martin Jones,SJS,65,3780.866666666667,-0.4099999999999966,4.810000000000002,1734.0,143.0,-0.00650644473048502,0.9175317185697809
2015,8475195,Anders Nilsson,STL,29,1500.5833333333333,-9.040000000000006,-5.959999999999994,789.0,78.0,-0.36145943244293915,0.9011406844106464
2015,8475215,Robin Lehner,BUF,21,1144.0833333333333,-2.229999999999997,-0.3500000000000014,635.0,48.0,-0.11694952290771345,0.9244094488188976
2015,8475234,J.F. Berube,NYI,7,398.7,0.6099999999999994,2.1799999999999997,210.0,18.0,0.09179834462001496,0.9142857142857143
2015,8475299,Joni Ortio,CGY,22,1195.55,-6.299999999999997,-4.759999999999998,564.0,55.0,-0.31617247292041306,0.9024822695035462
2015,8475311,Darcy Kuemper,MIN,21,1063.4,-1.6099999999999994,0.07000000000000028,507.0,43.0,-0.09084069964265559,0.9151873767258383
2015,8475361,Jonas Gustavsson,BOS,24,1258.4666666666667,-2.6899999999999977,-0.5399999999999991,623.0,57.0,-0.12825131111935148,0.9085072231139647
2015,8475622,Carter Hutton,NSH,17,978.9333333333333,-1.8400000000000034,-0.22999999999999687,464.0,38.0,-0.11277581040588418,0.9181034482758621
2015,8475660,Cam Talbot,EDM,56,3176.5833333333335,0.75,5.789999999999992,1649.0,137.0,0.014166163855295259,0.9169193450576106
2015,8475663,Eddie Lack,CAR,34,1920.1,-6.560000000000002,-3.030000000000001,910.0,90.0,-0.20498932347273588,0.9010989010989011
2015,8475681,Ben Scrivens,MTL,15,821.9666666666667,-4.049999999999997,-3.240000000000002,447.0,42.0,-0.2956324262946589,0.9060402684563759
2015,8475683,Sergei Bobrovsky,CBJ,37,2116.35,-7.469999999999999,-3.5,1049.0,97.0,-0.2117797150754837,0.9075309818875119
2015,8475717,Calvin Pickard,COL,20,980.4333333333333,4.07,5.810000000000002,539.0,42.0,0.24907353891136577,0.922077922077922
2015,8475809,Scott Wedgewood,NJD,4,240.75,3.9399999999999995,4.119999999999999,116.0,5.0,0.9819314641744546,0.9568965517241379
2015,8475831,Philipp Grubauer,WSH,22,1111.0333333333333,2.240000000000002,3.75,523.0,43.0,0.12096846779274562,0.9177820267686424
2015,8475839,Louis Domingue,ARI,39,2206.0666666666666,-5.810000000000002,-3.030000000000001,1143.0,101.0,-0.1580187966516576,0.9116360454943132
2015,8475852,Petr Mrazek,DET,54,2960.5833333333335,4.459999999999994,10.319999999999993,1448.0,115.0,0.09038759253525475,0.9205801104972375
2015,8475883,Frederik Andersen,ANA,43,2297.9333333333334,-0.9500000000000028,1.6099999999999994,1086.0,88.0,-0.024804897153964504,0.9189686924493554
2015,8476234,Keith Kinkaid,NJD,23,1240.75,-9.229999999999997,-6.960000000000001,605.0,58.0,-0.4463429377392705,0.9041322314049587
2015,8476309,Jason Kasdorf,BUF,1,60.0,-2.16,-2.1399999999999997,30.0,4.0,-2.16,0.8666666666666667
2015,8476316,Laurent Brossoit,EDM,5,299.51666666666665,-4.619999999999999,-4.210000000000001,142.0,18.0,-0.9254910689444104,0.8732394366197183
2015,8476341,Anton Forsberg,CBJ,4,178.15,0.21000000000000085,0.8900000000000006,97.0,9.0,0.07072691552062897,0.9072164948453608
2015,8476343,Garret Sparks,TOR,17,974.95,-6.780000000000001,-5.549999999999997,456.0,49.0,-0.41725216677778354,0.8925438596491229
2015,8476412,Jordan Binnington,STL,1,12.783333333333333,-0.6599999999999999,-0.6599999999999999,4.0,1.0,-3.0977835723598433,0.75
2015,8476433,Magnus Hellberg,NYR,1,20.0,-1.49,-1.48,6.0,2.0,-4.47,0.6666666666666667
2015,8476434,John Gibson,ANA,40,2294.6666666666665,-5.359999999999999,-3.5799999999999983,993.0,79.0,-0.14015107495642068,0.9204431017119838
2015,8476444,Christopher Gibson,NYI,4,194.03333333333333,-4.02,-3.92,93.0,11.0,-1.2430853805188111,0.8817204301075269
2015,8476883,Andrei Vasilevskiy,TBL,24,1258.6333333333334,-8.310000000000002,-6.520000000000003,646.0,58.0,-0.39614396567705723,0.9102167182662538
2015,8476899,Matt Murray,PIT,13,748.5833333333334,4.620000000000001,5.359999999999999,355.0,25.0,0.37029945452521434,0.9295774647887324
2015,8476904,Chris Driedger,OTT,1,31.816666666666666,1.01,1.03,11.0,0.0,1.9046621267679413,1.0
2015,8476914,Joonas Korpisalo,CBJ,31,1803.05,3.1200000000000045,6.420000000000002,969.0,78.0,0.10382407587144021,0.9195046439628483
2015,8476945,Connor Hellebuyck,WPG,26,1433.4666666666667,7.869999999999997,13.459999999999994,683.0,56.0,0.329411217561157,0.91800878477306
2015,8476999,Linus Ullmark,BUF,20,1130.6666666666667,-7.100000000000001,-5.909999999999997,565.0,49.0,-0.37676886792452835,0.9132743362831859
2015,8477202,Andrew Hammond,OTT,24,1382.3166666666666,4.689999999999998,7.030000000000001,712.0,61.0,0.20357129938870727,0.9143258426966292
2015,8477237,Mike Condon,MTL,55,3122.733333333333,-16.83,-12.669999999999987,1458.0,141.0,-0.3233705514399778,0.9032921810699588
2015,8477293,Antti Raanta,NYR,25,1150.35,3.8500000000000014,5.5,530.0,43.0,0.20080844960229502,0.9188679245283019
2015,8477356,Kristers Gudlevskis,TBL,1,59.95,1.46,1.52,32.0,1.0,1.4612176814011675,0.96875
2015,8477424,Juuse Saros,NSH,1,58.016666666666666,-1.94,-1.93,23.0,3.0,-2.006320022981902,0.8695652173913043
2015,8477831,Pheonix Copley,STL,1,24.433333333333334,-0.7,-0.7,6.0,1.0,-1.718963165075034,0.8333333333333334
2015,8477914,Roman Will,COL,1,18.466666666666665,-0.75,-0.75,3.0,1.0,-2.436823104693141,0.6666666666666667
2015,8478559,Matthew O'Connor,OTT,1,58.03333333333333,-0.81,-0.79,34.0,3.0,-0.8374497415278577,0.9117647058823529
2015,8478999,Niklas Treutle,ARI,2,49.7,-2.24,-2.23,20.0,5.0,-2.704225352112676,0.75
2015,8479292,Charlie Lindgren,MTL,1,60.0,0.98,1.27,28.0,2.0,0.9799999999999999,0.9285714285714286
2016,8466141,Roberto Luongo,FLA,40,2323.633333333333,-2.069999999999993,3.530000000000001,1218.0,104.0,-0.05345077393162989,0.9146141215106732
2016,8467950,Craig Anderson,OTT,40,2421.233333333333,6.930000000000007,10.590000000000003,1247.0,92.0,0.17173066068257242,0.9262229350441058
2016,8468011,Ryan Miller,VAN,54,3211.85,-7.560000000000002,-3.0600000000000023,1737.0,150.0,-0.14122701869638996,0.9136442141623489
2016,8468038,Michael Leighton,CAR,4,210.28333333333333,-3.4800000000000004,-3.1899999999999995,92.0,12.0,-0.9929460252040899,0.8695652173913043
2016,8468685,Henrik Lundqvist,NYR,56,3175.4333333333334,-11.02000000000001,-5.949999999999989,1620.0,146.0,-0.208223549541795,0.9098765432098765
2016,8469514,Peter Budaj,TBL,60,3308.266666666667,6.090000000000003,10.400000000000006,1414.0,120.0,0.11045058842495573,0.9151343705799151
2016,8469608,Mike Smith,ARI,53,3077.2833333333333,10.719999999999999,19.189999999999998,1753.0,151.0,0.20901552776529078,0.9138619509412436
2016,8470140,Kari Lehtonen,DAL,59,3177.15,3.0600000000000023,10.810000000000002,1547.0,151.0,0.05778763986591761,0.9023917259211377
2016,8470147,Curtis McElhinney,TOR,21,1134.65,4.670000000000002,7.93,616.0,51.0,0.24694839818446224,0.9172077922077922
2016,8470320,Cam Ward,CAR,61,3617.9166666666665,-18.19999999999999,-12.879999999999995,1711.0,162.0,-0.3018311643441205,0.9053185271770894
2016,8470594,Marc-Andre Fleury,PIT,38,2125.25,-4.420000000000002,0.4200000000000017,1181.0,107.0,-0.12478531937419131,0.9093988145639289
2016,8470645,Corey Crawford,CHI,55,3246.866666666667,1.539999999999992,8.849999999999994,1691.0,138.0,0.028458205860008474,0.9183914843287995
2016,8470657,Jimmy Howard,DET,26,1396.7166666666667,5.909999999999997,8.020000000000003,675.0,49.0,0.25388112597401036,0.9274074074074075
2016,8470860,Jaroslav Halak,NYI,28,1605.4833333333333,-0.6400000000000006,2.1599999999999966,885.0,75.0,-0.023918030914885466,0.9152542372881356
2016,8470880,Brian Elliott,CGY,49,2824.4166666666665,-2.1500000000000057,2.0400000000000063,1340.0,121.0,-0.045673147847638276,0.9097014925373135
2016,8471219,Al Montoya,MTL,19,1124.8833333333334,-4.369999999999997,-2.719999999999999,569.0,50.0,-0.23309083904997538,0.9121265377855887
2016,8471227,Devan Dubnyk,MIN,65,3753.0,-4.72999999999999,-0.05000000000001137,1842.0,141.0,-0.07561950439648264,0.9234527687296417
2016,8471239,Cory Schneider,NJD,60,3467.8333333333335,-9.47999999999999,-3.5600000000000023,1781.0,163.0,-0.16402172345845129,0.9084783829309376
2016,8471251,Justin Peters,ARI,3,132.91666666666666,-1.7400000000000002,-1.46,70.0,7.0,-0.7854545454545456,0.9
2016,8471306,Thomas Greiss,NYI,51,2813.2833333333333,0.8299999999999983,6.050000000000011,1453.0,126.0,0.017701736405267832,0.9132828630419821
2016,8471418,Anton Khudobin,BOS,16,864.7833333333333,-1.4799999999999969,-0.11999999999999744,406.0,39.0,-0.10268468017037002,0.9039408866995073
2016,8471469,Pekka Rinne,NSH,61,3547.7833333333333,-3.6100000000000136,1.6100000000000136,1757.0,144.0,-0.06105220630722494,0.9180421172453045
2016,8471679,Carey Price,MTL,62,3708.133333333333,12.110000000000014,18.05000000000001,1794.0,138.0,0.1959476466146491,0.9230769230769231
2016,8471695,Tuukka Rask,BOS,65,3659.5833333333335,-5.610000000000014,-0.38999999999998636,1612.0,137.0,-0.09197768416258703,0.9150124069478909
2016,8471715,Ondrej Pavelec,WPG,8,439.5,-5.960000000000001,-5.379999999999999,233.0,26.0,-0.8136518771331059,0.8884120171673819
2016,8471734,Jonathan Quick,LAK,17,930.95,7.359999999999999,9.189999999999998,421.0,35.0,0.47435415435845096,0.9168646080760094
2016,8471750,Ben Bishop,LAK,39,2222.616666666667,-3.280000000000001,-0.25,1040.0,94.0,-0.08854428338969836,0.9096153846153846
2016,8471774,Alex Stalock,MIN,2,118.91666666666667,1.0700000000000003,1.1600000000000001,54.0,3.0,0.5398738612473722,0.9444444444444444
2016,8473434,Chad Johnson,CGY,36,2013.2,4.430000000000007,7.700000000000003,969.0,87.0,0.13202861116630263,0.9102167182662538
2016,8473461,Steve Mason,PHI,58,3224.616666666667,-4.659999999999997,-0.11000000000001364,1556.0,143.0,-0.08670798079358263,0.9080976863753213
2016,8473499,Reto Berra,FLA,7,313.1166666666667,-3.6999999999999993,-3.17,145.0,18.0,-0.7090009048810345,0.8758620689655172
2016,8473503,James Reimer,FLA,42,2259.5833333333335,1.2199999999999989,4.849999999999994,1187.0,96.0,0.03239535312557622,0.9191238416175231
2016,8473523,Jhonas Enroth,TOR,6,274.43333333333334,-4.1899999999999995,-3.91,141.0,18.0,-0.916069476497024,0.8723404255319149
2016,8473541,Jonathan Bernier,ANA,39,1993.1833333333334,-3.6700000000000017,-1.0900000000000034,982.0,83.0,-0.11047654087682188,0.9154786150712831
2016,8473553,Jeff Zatkoff,LAK,13,550.4,-9.8,-9.39,223.0,27.0,-1.068313953488372,0.8789237668161435
2016,8473575,Semyon Varlamov,COL,24,1347.7833333333333,-14.840000000000003,-10.540000000000006,745.0,76.0,-0.6606403106335096,0.8979865771812081
2016,8473607,Michal Neuvirth,PHI,28,1363.6333333333334,-12.21,-10.840000000000003,586.0,64.0,-0.5372411938693197,0.8907849829351536
2016,8473614,Richard Bachman,VAN,5,295.18333333333334,1.5700000000000003,1.8800000000000008,162.0,13.0,0.31912370842978943,0.9197530864197531
2016,8474092,Jeremy Smith,COL,10,542.7166666666667,-8.05,-7.280000000000001,286.0,32.0,-0.8899671406197218,0.8881118881118881
2016,8474152,Scott Darling,CHI,32,1688.5833333333333,4.650000000000006,7.890000000000001,877.0,67.0,0.16522726151112888,0.9236031927023945
2016,8474550,Antti Niemi,DAL,37,1728.5,-11.590000000000003,-7.3799999999999955,881.0,95.0,-0.4023141452126122,0.8921679909194098
2016,8474593,Jacob Markstrom,VAN,25,1411.8333333333333,0.35999999999999943,2.7099999999999937,693.0,62.0,0.015299256286152734,0.9105339105339105
2016,8474596,Jake Allen,STL,61,3418.3166666666666,-11.939999999999998,-7.310000000000002,1620.0,138.0,-0.20957683850238173,0.9148148148148149
2016,8474636,Michael Hutchinson,WPG,28,1378.3333333333333,-9.21,-7.539999999999999,691.0,67.0,-0.40091898428053213,0.9030390738060782
2016,8474651,Braden Holtby,WSH,62,3620.6833333333334,28.900000000000006,35.31,1661.0,126.0,0.47891512191529234,0.9241420830824805
2016,8474682,Dustin Tokarski,ANA,1,9.783333333333333,0.18,0.18,5.0,0.0,1.1039182282793867,1.0
2016,8474889,Martin Jones,SJS,64,3739.05,0.8700000000000045,9.080000000000013,1692.0,150.0,0.013960765435070478,0.9113475177304965
2016,8475195,Anders Nilsson,BUF,26,1484.25,8.480000000000004,11.75,858.0,66.0,0.3427993936331482,0.9230769230769231
2016,8475215,Robin Lehner,BUF,59,3405.4666666666667,-4.52000000000001,0.5099999999999909,1912.0,152.0,-0.07963666262088424,0.9205020920502092
2016,8475234,J-F Berube,NYI,14,526.8166666666667,-10.29,-9.809999999999999,271.0,30.0,-1.1719446992945044,0.8892988929889298
2016,8475311,Darcy Kuemper,MIN,18,1053.0333333333333,-12.200000000000003,-10.5,562.0,55.0,-0.6951346902598844,0.902135231316726
2016,8475361,Jonas Gustavsson,EDM,7,328.96666666666664,-5.34,-5.09,139.0,17.0,-0.9739588610801501,0.8776978417266187
2016,8475622,Carter Hutton,STL,30,1459.05,-0.46999999999999886,1.1400000000000006,663.0,58.0,-0.019327644700318652,0.9125188536953243
2016,8475660,Cam Talbot,EDM,72,4224.066666666667,17.819999999999993,28.960000000000008,2078.0,169.0,0.2531210050346427,0.9186717998075072
2016,8475663,Eddie Lack,CAR,20,1089.85,-0.7000000000000028,0.7100000000000009,492.0,48.0,-0.038537413405514684,0.9024390243902439
2016,8475683,Sergei Bobrovsky,CBJ,63,3707.0666666666666,27.460000000000008,33.03999999999999,1854.0,127.0,0.4444484408157394,0.9314994606256742
2016,8475717,Calvin Pickard,COL,50,2800.266666666667,-24.180000000000007,-18.120000000000005,1461.0,140.0,-0.5180935149033427,0.9041752224503765
2016,8475789,Jack Campbell,LAK,1,20.0,1.4,1.48,5.0,0.0,4.199999999999999,1.0
2016,8475831,Philipp Grubauer,WSH,24,1264.5666666666666,8.990000000000002,11.509999999999998,585.0,43.0,0.42654927906792856,0.9264957264957265
2016,8475839,Louis Domingue,ARI,31,1598.6833333333334,-6.200000000000003,-2.700000000000003,888.0,82.0,-0.23269148570177553,0.9076576576576576
2016,8475852,Petr Mrazek,DET,50,2857.516666666667,-21.86,-17.760000000000005,1463.0,145.0,-0.4589999475068678,0.9008885850991114
2016,8475876,Zane McIntyre,BOS,8,332.6166666666667,-9.26,-8.77,155.0,22.0,-1.6703913413839755,0.8580645161290322
2016,8475883,Frederik Andersen,TOR,66,3799.3333333333335,16.360000000000014,23.24000000000001,2052.0,169.0,0.25836111598526074,0.9176413255360624
2016,8476234,Keith Kinkaid,NJD,26,1476.0833333333333,4.390000000000001,7.3700000000000045,779.0,65.0,0.17844520973296452,0.9165596919127086
2016,8476316,Laurent Brossoit,EDM,8,332.45,2.0199999999999996,2.6400000000000006,153.0,11.0,0.36456610016543833,0.9281045751633987
2016,8476341,Anton Forsberg,CBJ,1,58.583333333333336,-1.8900000000000001,-1.85,27.0,4.0,-1.9357041251778093,0.8518518518518519
2016,8476433,Magnus Hellberg,NYR,2,78.51666666666667,0.7400000000000002,0.79,28.0,2.0,0.5654850350244112,0.9285714285714286
2016,8476434,John Gibson,ANA,52,2950.35,9.840000000000003,14.159999999999997,1438.0,109.0,0.20011185113630595,0.9242002781641169
2016,8476876,Malcolm Subban,BOS,1,30.6,-1.45,-1.42,16.0,3.0,-2.8431372549019605,0.8125
2016,8476883,Andrei Vasilevskiy,TBL,50,2831.266666666667,-2.819999999999993,1.0900000000000034,1480.0,123.0,-0.05976123760860848,0.9168918918918919
2016,8476899,Matt Murray,PIT,49,2765.8,10.569999999999993,16.730000000000004,1450.0,111.0,0.22930074481162757,0.923448275862069
2016,8476903,Jon Gillies,CGY,1,60.0,2.12,2.35,28.0,1.0,2.12,0.9642857142857143
2016,8476904,Chris Driedger,OTT,1,40.0,-2.4299999999999997,-2.38,15.0,4.0,-3.6449999999999996,0.7333333333333334
2016,8476914,Joonas Korpisalo,CBJ,14,790.5166666666667,-0.5,0.7899999999999991,401.0,38.0,-0.03794986401298729,0.9052369077306733
2016,8476932,Anthony Stolarz,PHI,7,376.0833333333333,2.7200000000000006,3.280000000000001,181.0,13.0,0.43394637713272777,0.9281767955801105
2016,8476945,Connor Hellebuyck,WPG,55,3013.516666666667,-12.680000000000007,-7.650000000000006,1567.0,144.0,-0.25246251610798026,0.9081046585832802
2016,8476986,Marek Langhamer,ARI,1,15.516666666666667,-0.12,-0.10999999999999999,8.0,1.0,-0.46401718582169704,0.875
2016,8476992,Marek Mazanec,NSH,4,177.58333333333334,-6.44,-6.3,87.0,14.0,-2.1758798686062883,0.8390804597701149
2016,8476999,Linus Ullmark,BUF,1,58.733333333333334,0.6600000000000001,0.7799999999999998,36.0,3.0,0.6742338251986381,0.9166666666666666
2016,8477180,Aaron Dell,SJS,20,1110.55,11.04,12.840000000000003,533.0,37.0,0.5964612129125209,0.9305816135084428
2016,8477202,Andrew Hammond,OTT,6,190.08333333333334,-4.9399999999999995,-4.779999999999999,86.0,14.0,-1.5593160894344584,0.8372093023255813
2016,8477225,Jared Coreau,DET,14,707.2666666666667,-10.04,-8.229999999999997,363.0,41.0,-0.8517296634932604,0.8870523415977961
2016,8477237,Mike Condon,OTT,41,2324.0,-0.8599999999999994,1.9300000000000068,1122.0,96.0,-0.02220309810671255,0.9144385026737968
2016,8477293,Antti Raanta,NYR,30,1617.3333333333333,5.230000000000004,8.480000000000004,782.0,61.0,0.1940230832646333,0.921994884910486
2016,8477312,Antoine Bibeau,TOR,2,120.65,1.5599999999999996,1.5899999999999999,55.0,4.0,0.7757977621218398,0.9272727272727272
2016,8477356,Kristers Gudlevskis,TBL,1,11.45,0.23,0.23,3.0,0.0,1.2052401746724892,1.0
2016,8477424,Juuse Saros,NSH,21,1199.9166666666667,5.590000000000003,7.560000000000002,614.0,47.0,0.27951941107021333,0.9234527687296417
2016,8477465,Tristan Jarry,PIT,1,58.75,-0.75,-0.71,25.0,3.0,-0.7659574468085106,0.88
2016,8477480,Eric Comrie,WPG,1,59.3,-0.3900000000000001,-0.22999999999999998,39.0,4.0,-0.3946037099494099,0.8974358974358975
2016,8477484,Spencer Martin,COL,2,118.13333333333334,-4.73,-4.39,66.0,10.0,-2.402370203160271,0.8484848484848485
2016,8477831,Pheonix Copley,STL,1,58.93333333333333,-1.67,-1.6099999999999999,29.0,5.0,-1.7002262443438914,0.8275862068965517
2016,8477968,Alex Nedeljkovic,CAR,1,29.95,1.15,1.17,17.0,0.0,2.303839732888147,1.0
2016,8479115,Jorge Alves,CAR,1,0.13333333333333333,0.0,0.0,0.0,0.0,0.0,
2016,8479292,Charlie Lindgren,MTL,2,121.7,1.6799999999999997,1.75,59.0,3.0,0.8282662284305669,0.9491525423728814
2016,8479496,David Rittich,CGY,1,20.0,-0.26,-0.21999999999999997,10.0,1.0,-0.78,0.9
2017,8466141,Roberto Luongo,FLA,35,1965.9666666666667,8.86,13.739999999999995,1143.0,81.0,0.27040132928669525,0.9291338582677166
2017,8467950,Craig Anderson,OTT,58,3250.5333333333333,-28.25999999999999,-23.189999999999998,1768.0,180.0,-0.5216374748759176,0.8981900452488688
2017,8468011,Ryan Miller,ANA,28,1353.2666666666667,6.799999999999997,9.29,739.0,53.0,0.30149268436868804,0.9282814614343707
2017,8468685,Henrik Lundqvist,NYR,63,3502.5333333333333,-16.650000000000006,-9.969999999999999,2037.0,174.0,-0.28522212493814014,0.914580265095729
2017,8469514,Peter Budaj,TBL,8,430.4,-6.469999999999999,-5.890000000000001,217.0,27.0,-0.9019516728624534,0.8755760368663594
2017,8469608,Mike Smith,CGY,55,3190.6,7.460000000000008,14.259999999999991,1686.0,141.0,0.14028709333667663,0.9163701067615658
2017,8470093,Mike McKenna,DAL,2,101.33333333333333,-1.19,-1.0499999999999998,50.0,5.0,-0.7046052631578947,0.9
2017,8470140,Kari Lehtonen,DAL,37,1944.3,-7.8799999999999955,-5.3799999999999955,946.0,83.0,-0.24317234994599585,0.912262156448203
2017,8470147,Curtis McElhinney,TOR,18,959.1166666666667,7.009999999999998,8.369999999999997,528.0,35.0,0.4385285071332996,0.9337121212121212
2017,8470320,Cam Ward,CAR,43,2459.3333333333335,-15.730000000000004,-12.569999999999993,1187.0,112.0,-0.38376253727297377,0.9056444818871103
2017,8470594,Marc-Andre Fleury,VGK,46,2653.4,12.090000000000003,16.67,1376.0,100.0,0.2733850908268637,0.9273255813953488
2017,8470645,Corey Crawford,CHI,28,1583.5,8.5,11.170000000000002,842.0,60.0,0.322071360909378,0.9287410926365796
2017,8470657,Jimmy Howard,DET,60,3367.616666666667,-12.969999999999999,-6.0800000000000125,1770.0,160.0,-0.2310833081754158,0.9096045197740112
2017,8470860,Jaroslav Halak,NYI,54,3004.05,-19.55000000000001,-14.599999999999994,1744.0,161.0,-0.39047286163679057,0.9076834862385321
2017,8470880,Brian Elliott,PHI,43,2522.0,-0.8700000000000045,3.5,1228.0,112.0,-0.02069785884218885,0.9087947882736156
2017,8471219,Al Montoya,EDM,13,691.7333333333333,-6.329999999999998,-4.93,346.0,37.0,-0.5490555127216652,0.8930635838150289
2017,8471227,Devan Dubnyk,MIN,60,3450.3166666666666,-12.050000000000011,-7.710000000000008,1769.0,145.0,-0.20954598370197924,0.9180327868852459
2017,8471239,Cory Schneider,NJD,40,2312.25,-13.340000000000003,-8.739999999999995,1228.0,114.0,-0.3461563412260786,0.9071661237785016
2017,8471301,Jeff Glass,CHI,15,820.9,-5.700000000000003,-4.219999999999999,452.0,46.0,-0.4166159093677673,0.8982300884955752
2017,8471306,Thomas Greiss,NYI,27,1491.75,-19.840000000000003,-17.39,879.0,95.0,-0.7979889391654098,0.8919226393629124
2017,8471418,Anton Khudobin,BOS,31,1780.7166666666667,-1.5400000000000063,1.0100000000000051,876.0,76.0,-0.0518892206321427,0.91324200913242
2017,8471433,Daniel Taylor,OTT,1,58.483333333333334,-1.21,-1.17,34.0,4.0,-1.2413793103448276,0.8823529411764706
2017,8471469,Pekka Rinne,NSH,59,3475.45,14.840000000000003,19.94999999999999,1841.0,134.0,0.2561970392323297,0.9272134709397066
2017,8471679,Carey Price,MTL,49,2854.616666666667,-33.629999999999995,-29.36,1487.0,148.0,-0.7068549776093696,0.9004707464694015
2017,8471695,Tuukka Rask,BOS,54,3173.0833333333335,0.18000000000000682,6.409999999999997,1514.0,125.0,0.0034036294876173255,0.9174372523117569
2017,8471715,Ondrej Pavelec,NYR,19,903.7,-4.950000000000003,-2.280000000000001,510.0,46.0,-0.32864888790527846,0.9098039215686274
2017,8471734,Jonathan Quick,LAK,64,3657.0833333333335,17.110000000000014,23.72,1867.0,147.0,0.28071550643727944,0.9212640599892876
2017,8471750,Ben Bishop,DAL,52,2828.0,-2.680000000000007,2.019999999999996,1415.0,117.0,-0.05685997171145701,0.9173144876325088
2017,8471774,Alex Stalock,MIN,28,1495.2666666666667,-10.409999999999997,-7.270000000000003,787.0,71.0,-0.41771813277453285,0.9097839898348158
2017,8473434,Chad Johnson,BUF,36,1773.5333333333333,-22.17,-18.599999999999994,963.0,105.0,-0.7500281923091382,0.8909657320872274
2017,8473461,Steve Mason,WPG,13,684.8833333333333,-4.170000000000002,-2.8400000000000034,392.0,37.0,-0.3653176940111456,0.9056122448979592
2017,8473499,Reto Berra,ANA,5,181.95,0.9500000000000002,1.25,95.0,7.0,0.31327287716405616,0.9263157894736842
2017,8473503,James Reimer,FLA,44,2411.4166666666665,-5.390000000000001,-0.4099999999999966,1373.0,120.0,-0.13411203649307119,0.9126001456664239
2017,8473541,Jonathan Bernier,COL,36,1941.3833333333334,-14.959999999999994,-11.569999999999993,1065.0,94.0,-0.4623507292909693,0.9117370892018779
2017,8473575,Semyon Varlamov,COL,51,2861.05,-0.6400000000000006,5.840000000000003,1595.0,128.0,-0.01342164589923281,0.9197492163009404
2017,8473607,Michal Neuvirth,PHI,21,1038.7166666666667,1.5499999999999972,2.8200000000000003,530.0,45.0,0.08953355903919884,0.9150943396226415
2017,8474152,Scott Darling,CAR,43,2475.116666666667,-31.42,-28.180000000000007,1171.0,131.0,-0.7616610664817147,0.888129803586678
2017,8474550,Antti Niemi,MTL,24,1213.1,1.1400000000000006,4.239999999999995,710.0,63.0,0.0563844695408458,0.9112676056338028
2017,8474593,Jacob Markstrom,VAN,60,3413.7166666666667,-10.47999999999999,-6.189999999999998,1747.0,154.0,-0.18419806369401856,0.9118488838008014
2017,8474596,Jake Allen,STL,59,3298.25,-25.510000000000005,-19.94999999999999,1614.0,152.0,-0.4640642765102707,0.9058240396530359
2017,8474636,Michael Hutchinson,WPG,3,128.75,-1.0899999999999999,-0.79,75.0,7.0,-0.5079611650485436,0.9066666666666666
2017,8474651,Braden Holtby,WSH,54,3067.8,-10.300000000000011,-4.4199999999999875,1648.0,153.0,-0.20144729121846294,0.9071601941747572
2017,8474667,Harri Sateri,FLA,8,432.6,-4.949999999999999,-4.629999999999999,243.0,22.0,-0.6865464632454923,0.9094650205761317
2017,8474889,Martin Jones,SJS,60,3395.733333333333,-4.199999999999989,0.030000000000001137,1700.0,145.0,-0.07421077430501001,0.9147058823529411
2017,8475195,Anders Nilsson,VAN,27,1463.6833333333334,-12.86,-10.840000000000003,850.0,84.0,-0.5271632069778299,0.9011764705882352
2017,8475215,Robin Lehner,BUF,53,2852.016666666667,-18.409999999999997,-14.060000000000002,1561.0,143.0,-0.3873048895226184,0.9083920563741191
2017,8475234,J-F Berube,CHI,13,667.3833333333333,-6.359999999999999,-4.909999999999997,398.0,42.0,-0.5717853307694228,0.8944723618090452
2017,8475311,Darcy Kuemper,ARI,29,1595.8833333333334,3.5999999999999943,7.310000000000002,833.0,67.0,0.13534823974183555,0.9195678271308524
2017,8475622,Carter Hutton,STL,32,1609.5333333333333,7.780000000000001,10.950000000000003,810.0,56.0,0.2900219525328253,0.9308641975308642
2017,8475660,Cam Talbot,EDM,67,3730.1,-8.840000000000003,-2.289999999999992,2037.0,188.0,-0.14219457923380077,0.907707412862052
2017,8475663,Eddie Lack,NJD,8,343.6166666666667,-8.82,-8.4,177.0,23.0,-1.5400882766648882,0.8700564971751412
2017,8475683,Sergei Bobrovsky,CBJ,65,3911.5666666666666,14.780000000000001,21.24000000000001,1994.0,158.0,0.2267122295414455,0.9207622868605817
2017,8475717,Calvin Pickard,TOR,1,62.583333333333336,-1.83,-1.77,28.0,4.0,-1.7544607190412784,0.8571428571428572
2017,8475789,Jack Campbell,LAK,5,246.61666666666667,-1.4100000000000001,-1.1600000000000001,145.0,11.0,-0.3430425086166115,0.9241379310344827
2017,8475809,Scott Wedgewood,ARI,20,1096.5,-8.64,-6.759999999999998,587.0,63.0,-0.4727770177838577,0.8926746166950597
2017,8475831,Philipp Grubauer,WSH,35,1846.3666666666666,14.219999999999999,18.519999999999996,953.0,73.0,0.46209673051578776,0.9233997901364114
2017,8475839,Louis Domingue,TBL,19,1073.7666666666667,-10.11,-7.600000000000001,578.0,61.0,-0.5649272033030143,0.8944636678200693
2017,8475852,Petr Mrazek,PHI,38,2016.7333333333333,-10.480000000000004,-7.579999999999998,1047.0,103.0,-0.31179134574063677,0.9016236867239733
2017,8475883,Frederik Andersen,TOR,66,3888.516666666667,1.8000000000000114,9.469999999999999,2211.0,182.0,0.027774086948322372,0.9176843057440073
2017,8476234,Keith Kinkaid,NJD,41,2297.5666666666666,-7.060000000000002,-3.489999999999995,1214.0,106.0,-0.18436897006978403,0.9126853377265238
2017,8476316,Laurent Brossoit,EDM,14,740.2333333333333,-9.14,-8.2,344.0,40.0,-0.740847480524159,0.8837209302325582
2017,8476330,Adam Wilcox,BUF,1,38.65,1.07,1.13,14.0,0.0,1.6610608020698578,1.0
2017,8476341,Anton Forsberg,CHI,35,1714.7833333333333,-9.489999999999995,-6.290000000000006,921.0,85.0,-0.33205361221534285,0.9077090119435396
2017,8476434,John Gibson,ANA,60,3428.483333333333,15.810000000000002,21.840000000000003,1873.0,139.0,0.2766821091930835,0.9257875066737854
2017,8476444,Christopher Gibson,NYI,8,426.8666666666667,-3.129999999999999,-2.1000000000000014,284.0,26.0,-0.4399500234265187,0.9084507042253521
2017,8476509,Maxime Lagace,VGK,16,873.5166666666667,-20.93,-19.479999999999997,431.0,57.0,-1.4376371372421821,0.8677494199535962
2017,8476861,Oscar Dansk,VGK,4,168.6,2.8,3.3499999999999996,93.0,5.0,0.9964412811387899,0.946236559139785
2017,8476876,Malcolm Subban,VGK,22,1230.1833333333334,1.740000000000002,3.9099999999999966,614.0,55.0,0.08486539946620432,0.9104234527687296
2017,8476883,Andrei Vasilevskiy,TBL,65,3825.1833333333334,-2.3899999999999864,3.9099999999999966,2075.0,167.0,-0.03748839924883753,0.9195180722891566
2017,8476899,Matt Murray,PIT,49,2732.9666666666667,-10.459999999999994,-5.549999999999997,1423.0,133.0,-0.22964056153874288,0.9065354884047786
2017,8476903,Jon Gillies,CGY,11,604.9333333333333,-5.68,-5.100000000000001,280.0,29.0,-0.5633678642274631,0.8964285714285715
2017,8476914,Joonas Korpisalo,CBJ,18,1048.8166666666666,-11.219999999999999,-9.189999999999998,564.0,58.0,-0.641866230195935,0.8971631205673759
2017,8476945,Connor Hellebuyck,WPG,67,3965.9,2.8100000000000023,10.610000000000014,2048.0,156.0,0.042512418366575086,0.923828125
2017,8476986,Marek Langhamer,ARI,1,28.883333333333333,0.48,0.48,10.0,0.0,0.9971148297749567,1.0
2017,8476999,Linus Ullmark,BUF,5,240.3,0.8800000000000008,1.0399999999999991,123.0,8.0,0.21972534332084914,0.9349593495934959
2017,8477180,Aaron Dell,SJS,29,1522.0833333333333,-6.100000000000001,-2.3799999999999955,775.0,67.0,-0.24045989597591028,0.9135483870967742
2017,8477202,Andrew Hammond,COL,1,58.36666666666667,0.4700000000000002,0.5299999999999998,33.0,2.0,0.48315248429468893,0.9393939393939394
2017,8477225,Jared Coreau,DET,7,380.43333333333334,-10.07,-9.489999999999998,203.0,27.0,-1.5881889073863138,0.8669950738916257
2017,8477237,Mike Condon,OTT,31,1626.4166666666667,-11.89,-9.079999999999998,898.0,88.0,-0.4386329866270431,0.9020044543429844
2017,8477293,Antti Raanta,ARI,47,2599.05,22.849999999999994,30.099999999999994,1388.0,97.0,0.5275004328504644,0.9301152737752161
2017,8477424,Juuse Saros,NSH,26,1496.6666666666667,6.560000000000002,9.480000000000004,810.0,61.0,0.2629844097995547,0.9246913580246914
2017,8477465,Tristan Jarry,PIT,26,1363.9333333333334,-5.399999999999999,-2.950000000000003,687.0,63.0,-0.2375482672662397,0.9082969432314411
2017,8477480,Eric Comrie,WPG,3,180.25,-5.48,-5.2,94.0,12.0,-1.8241331484049932,0.8723404255319149
2017,8477967,Thatcher Demko,VAN,1,61.35,-0.94,-0.9100000000000001,30.0,4.0,-0.9193154034229828,0.8666666666666667
2017,8477990,Brandon Halverson,NYR,1,12.55,-0.09999999999999998,-0.08999999999999997,6.0,1.0,-0.47808764940239035,0.8333333333333334
2017,8478499,Adin Hill,ARI,4,240.75,-1.7100000000000009,-1.3100000000000005,130.0,14.0,-0.42616822429906565,0.8923076923076922
2017,8478965,Ken Appleby,NJD,3,124.33333333333333,1.9500000000000002,2.1399999999999997,55.0,3.0,0.9410187667560324,0.9454545454545454
2017,8479138,Scott Foster,CHI,1,14.016666666666667,0.33,0.33,7.0,0.0,1.412604042806183,1.0
2017,8479193,Casey DeSmith,PIT,14,700.15,4.130000000000003,5.219999999999999,356.0,28.0,0.3539241591087626,0.9213483146067416
2017,8479292,Charlie Lindgren,MTL,14,832.9666666666667,-0.14000000000000057,2.5700000000000003,457.0,42.0,-0.010084437152347074,0.9080962800875274
2017,8479312,Alex Lyon,PHI,11,479.8,-2.3000000000000007,-1.620000000000001,232.0,22.0,-0.287619841600667,0.9051724137931034
2017,8479496,David Rittich,CGY,21,1008.2333333333333,-5.130000000000003,-3.009999999999998,512.0,49.0,-0.3052864746917051,0.904296875
2017,8480263,Dylan Ferguson,VGK,1,9.233333333333333,-0.7,-0.7,2.0,1.0,-4.5487364620938635,0.5
2017,8480382,Alexandar Georgiev,NYR,10,514.7666666666667,-0.6499999999999986,0.46000000000000085,331.0,27.0,-0.07576248138315078,0.918429003021148
2017,8480420,Collin Delia,CHI,2,105.98333333333333,-3.02,-3.0,63.0,7.0,-1.7097027834565184,0.8888888888888888
2018,8466141,Roberto Luongo,FLA,43,2326.8333333333335,-20.319999999999993,-16.53,1204.0,122.0,-0.5239739273690994,0.8986710963455149
2018,8467950,Craig Anderson,OTT,50,2784.883333333333,-22.569999999999993,-16.930000000000007,1676.0,163.0,-0.4862681261333508,0.902744630071599
2018,8468011,Ryan Miller,ANA,20,1107.7333333333333,-1.2100000000000009,0.509999999999998,577.0,51.0,-0.06553923928743385,0.9116117850953206
2018,8468685,Henrik Lundqvist,NYR,52,3088.883333333333,-21.22999999999999,-15.639999999999986,1697.0,158.0,-0.41238203665833917,0.9068945197407189
2018,8469514,Peter Budaj,LAK,3,71.75,-3.18,-3.13,33.0,6.0,-2.659233449477352,0.8181818181818181
2018,8469608,Mike Smith,CGY,42,2400.5,-7.209999999999994,-2.200000000000003,1067.0,109.0,-0.18021245573838768,0.8978444236176195
2018,8470093,Mike McKenna,PHI,11,510.35,-11.469999999999999,-10.86,317.0,34.0,-1.3484863329087877,0.8927444794952681
2018,8470147,Curtis McElhinney,CAR,33,1977.5166666666667,5.659999999999997,9.560000000000002,968.0,85.0,0.17173053745859695,0.9121900826446281
2018,8470320,Cam Ward,CHI,33,1879.9666666666667,-18.450000000000003,-14.120000000000005,1114.0,116.0,-0.5888402276636112,0.895870736086176
2018,8470594,Marc-Andre Fleury,VGK,61,3613.0833333333335,-1.0600000000000023,6.139999999999986,1746.0,154.0,-0.017602693913324297,0.9117983963344788
2018,8470645,Corey Crawford,CHI,39,2212.85,-7.549999999999997,-3.3900000000000006,1177.0,109.0,-0.20471337867455988,0.907391673746814
2018,8470657,Jimmy Howard,DET,55,3047.8,-3.430000000000007,2.5600000000000023,1710.0,156.0,-0.06752411575562714,0.9087719298245613
2018,8470860,Jaroslav Halak,BOS,40,2288.1,7.980000000000004,11.739999999999995,1157.0,90.0,0.20925658843582023,0.9222126188418324
2018,8470880,Brian Elliott,PHI,26,1350.25,-2.4099999999999966,0.8199999999999932,740.0,69.0,-0.10709127939270491,0.9067567567567567
2018,8471227,Devan Dubnyk,MIN,67,3834.383333333333,-20.77000000000001,-16.340000000000003,1877.0,165.0,-0.32500662861911755,0.9120937666489078
2018,8471239,Cory Schneider,NJD,26,1351.5333333333333,-13.270000000000003,-11.649999999999999,720.0,70.0,-0.5891086666995513,0.9027777777777778
2018,8471306,Thomas Greiss,NYI,43,2253.4166666666665,9.760000000000005,13.790000000000006,1185.0,87.0,0.2598720461521395,0.9265822784810127
2018,8471418,Anton Khudobin,DAL,41,2220.116666666667,1.5999999999999943,5.609999999999999,1230.0,95.0,0.043240970819851655,0.9227642276422764
2018,8471469,Pekka Rinne,NSH,56,3179.733333333333,8.189999999999998,12.539999999999992,1582.0,130.0,0.1545412613217041,0.9178255372945638
2018,8471679,Carey Price,MTL,66,3881.983333333333,-1.740000000000009,3.509999999999991,1953.0,163.0,-0.02689346940352669,0.9165386584741424
2018,8471695,Tuukka Rask,BOS,46,2634.4666666666667,-6.549999999999997,-2.1299999999999955,1247.0,110.0,-0.1491763038692208,0.9117882919005613
2018,8471734,Jonathan Quick,LAK,46,2587.1833333333334,-29.980000000000004,-24.290000000000006,1330.0,150.0,-0.6952734956290948,0.887218045112782
2018,8471750,Ben Bishop,DAL,46,2633.5,12.310000000000002,15.819999999999993,1322.0,89.0,0.28046326181887227,0.93267776096823
2018,8471774,Alex Stalock,MIN,21,1045.3333333333333,-9.509999999999998,-8.170000000000002,520.0,53.0,-0.5458545918367346,0.8980769230769231
2018,8473434,Chad Johnson,ANA,19,790.4833333333333,-15.810000000000002,-14.590000000000003,404.0,49.0,-1.2000253009761963,0.8787128712871287
2018,8473503,James Reimer,FLA,36,1805.1833333333334,-14.299999999999997,-11.680000000000007,925.0,93.0,-0.4752979845075753,0.8994594594594595
2018,8473541,Jonathan Bernier,DET,35,1839.9,-9.840000000000003,-5.8799999999999955,1027.0,100.0,-0.32088700472851794,0.9026290165530672
2018,8473575,Semyon Varlamov,COL,49,2820.4666666666667,-10.25,-4.759999999999991,1497.0,137.0,-0.21804902262037013,0.9084836339345357
2018,8473607,Michal Neuvirth,PHI,7,365.6333333333333,-10.1,-9.239999999999998,184.0,26.0,-1.6573981219801257,0.8586956521739131
2018,8473614,Richard Bachman,VAN,1,60.0,-4.3,-4.26,29.0,6.0,-4.3,0.7931034482758621
2018,8474152,Scott Darling,CAR,8,485.56666666666666,-6.329999999999998,-5.739999999999998,232.0,27.0,-0.7821788975080659,0.8836206896551724
2018,8474550,Antti Niemi,MTL,17,963.8,-17.42,-15.619999999999997,539.0,60.0,-1.0844573562979873,0.888682745825603
2018,8474593,Jacob Markstrom,VAN,60,3579.133333333333,-8.25,-1.6299999999999955,1893.0,166.0,-0.13830163726786746,0.9123085050184891
2018,8474596,Jake Allen,STL,46,2543.3166666666666,-13.329999999999998,-9.799999999999997,1276.0,121.0,-0.31447126127956276,0.9051724137931034
2018,8474636,Michael Hutchinson,TOR,9,496.1666666666667,-8.260000000000002,-7.719999999999999,239.0,27.0,-0.9988579106483039,0.8870292887029289
2018,8474651,Braden Holtby,WSH,59,3406.633333333333,4.4199999999999875,11.449999999999989,1795.0,160.0,0.07784811984461665,0.9108635097493036
2018,8474889,Martin Jones,SJS,62,3556.7833333333333,-28.789999999999992,-22.590000000000003,1698.0,176.0,-0.48566354430735625,0.8963486454652533
2018,8475156,Mikko Koskinen,EDM,55,2972.0333333333333,-11.97999999999999,-6.900000000000006,1549.0,147.0,-0.24185462253675916,0.9051000645577792
2018,8475195,Anders Nilsson,OTT,36,2019.6333333333334,-10.920000000000002,-7.959999999999994,1099.0,102.0,-0.32441532291340014,0.9071883530482256
2018,8475215,Robin Lehner,NYI,46,2594.766666666667,11.790000000000006,15.819999999999993,1322.0,93.0,0.2726256696170498,0.9296520423600605
2018,8475277,Edward Pasquale,TBL,3,181.96666666666667,-2.9399999999999995,-2.66,102.0,12.0,-0.9694083165414908,0.8823529411764706
2018,8475311,Darcy Kuemper,ARI,55,3251.2,3.740000000000009,8.210000000000008,1676.0,127.0,0.06902066929133875,0.9242243436754176
2018,8475622,Carter Hutton,BUF,50,2839.616666666667,-13.919999999999987,-8.669999999999987,1541.0,142.0,-0.29412420690586144,0.9078520441271901
2018,8475660,Cam Talbot,PHI,35,1903.7833333333333,-23.14,-19.930000000000007,998.0,109.0,-0.729284669999212,0.8907815631262526
2018,8475683,Sergei Bobrovsky,CBJ,62,3536.8,0.3300000000000125,6.6699999999999875,1756.0,153.0,0.0055982809319160675,0.912870159453303
2018,8475717,Calvin Pickard,ARI,17,746.8,-10.61,-9.409999999999997,385.0,48.0,-0.8524370648098554,0.8753246753246753
2018,8475789,Jack Campbell,LAK,31,1589.1333333333334,8.260000000000005,10.719999999999999,845.0,61.0,0.31186810420774447,0.927810650887574
2018,8475831,Philipp Grubauer,COL,37,2000.6666666666667,-5.700000000000003,-1.2999999999999972,1071.0,89.0,-0.17094301899366887,0.9169000933706816
2018,8475839,Louis Domingue,TBL,26,1560.6333333333334,-7.6299999999999955,-5.090000000000003,813.0,75.0,-0.2933424464426833,0.9077490774907749
2018,8475852,Petr Mrazek,CAR,40,2386.85,0.3100000000000023,2.930000000000007,1103.0,95.0,0.007792697488321485,0.9138712601994561
2018,8475883,Frederik Andersen,TOR,60,3490.233333333333,4.289999999999992,12.0,1958.0,164.0,0.07374865099754539,0.916241062308478
2018,8476234,Keith Kinkaid,NJD,41,2260.9666666666667,-24.620000000000005,-21.340000000000003,1187.0,129.0,-0.6533488625809021,0.8913226621735467
2018,8476316,Laurent Brossoit,WPG,21,1145.2833333333333,7.229999999999997,9.810000000000002,652.0,49.0,0.3787709009415427,0.9248466257668712
2018,8476343,Garret Sparks,TOR,20,1084.7,-13.149999999999999,-11.82,593.0,59.0,-0.7273900617682307,0.9005059021922428
2018,8476412,Jordan Binnington,STL,32,1859.7166666666667,4.960000000000001,6.569999999999993,789.0,59.0,0.16002437647311868,0.9252217997465145
2018,8476434,John Gibson,ANA,58,3227.5666666666666,4.8300000000000125,13.330000000000013,1840.0,153.0,0.08978900513286607,0.9168478260869565
2018,8476444,Christopher Gibson,NYI,2,40.0,0.3600000000000001,0.3700000000000001,17.0,1.0,0.5400000000000001,0.9411764705882353
2018,8476509,Maxime Lagace,VGK,1,59.516666666666666,-2.39,-2.34,32.0,5.0,-2.4094091290954918,0.84375
2018,8476876,Malcolm Subban,VGK,21,1226.7833333333333,-10.920000000000002,-9.409999999999997,612.0,60.0,-0.5340796391647534,0.9019607843137255
2018,8476883,Andrei Vasilevskiy,TBL,53,3187.366666666667,10.990000000000009,16.289999999999992,1714.0,129.0,0.20687924200750896,0.9247374562427071
2018,8476899,Matt Murray,PIT,50,2881.45,-2.9000000000000057,1.4499999999999886,1593.0,129.0,-0.0603862638602094,0.9190207156308852
2018,8476914,Joonas Korpisalo,CBJ,27,1360.2666666666667,-12.909999999999997,-10.82,651.0,67.0,-0.5694471672221132,0.8970814132104454
2018,8476932,Anthony Stolarz,EDM,18,868.4166666666666,-11.520000000000003,-9.93,503.0,51.0,-0.795931292582286,0.8986083499005965
2018,8476945,Connor Hellebuyck,WPG,63,3703.95,-13.409999999999997,-6.780000000000001,2046.0,179.0,-0.2172275543676345,0.9125122189638318
2018,8476999,Linus Ullmark,BUF,37,2097.1,-18.069999999999993,-15.030000000000001,1146.0,109.0,-0.5169996662057125,0.9048865619546248
2018,8477180,Aaron Dell,SJS,25,1303.2833333333333,-12.399999999999999,-10.600000000000001,612.0,70.0,-0.5708658899957798,0.8856209150326797
2018,8477237,Mike Condon,OTT,2,75.25,-4.71,-4.640000000000001,40.0,8.0,-3.7554817275747507,0.8
2018,8477293,Antti Raanta,ARI,12,687.1,-1.9600000000000009,-0.240000000000002,350.0,33.0,-0.17115412603696703,0.9057142857142857
2018,8477361,Cal Petersen,LAK,11,621.7,4.0,5.140000000000001,355.0,27.0,0.38603828212964447,0.923943661971831
2018,8477405,Marcus Hogberg,OTT,4,205.5,-2.3499999999999996,-1.7400000000000002,121.0,14.0,-0.6861313868613138,0.884297520661157
2018,8477424,Juuse Saros,NSH,31,1696.2166666666667,1.3199999999999932,4.310000000000002,871.0,75.0,0.04669214821219749,0.9138920780711826
2018,8477465,Tristan Jarry,PIT,2,120.05,-4.13,-4.12,62.0,7.0,-2.064139941690962,0.8870967741935484
2018,8477480,Eric Comrie,WPG,1,59.88333333333333,-2.96,-2.9,28.0,5.0,-2.96576676871695,0.8214285714285714
2018,8477831,Pheonix Copley,WSH,27,1526.3833333333334,-6.200000000000003,-3.8499999999999943,773.0,75.0,-0.24371335291484236,0.9029754204398448
2018,8477967,Thatcher Demko,VAN,9,534.15,-5.210000000000001,-4.850000000000001,288.0,25.0,-0.5852288682954228,0.9131944444444444
2018,8477968,Alex Nedeljkovic,CAR,1,60.0,-0.6599999999999999,-0.6499999999999999,26.0,2.0,-0.6599999999999999,0.9230769230769231
2018,8478406,Mackenzie Blackwood,NJD,23,1263.7666666666667,-4.469999999999999,-2.4299999999999997,669.0,55.0,-0.21222272043889953,0.9177877428998505
2018,8478470,Sam Montembeault,FLA,11,591.35,-6.379999999999999,-5.280000000000001,284.0,31.0,-0.6473323750739832,0.8908450704225352
2018,8478499,Adin Hill,ARI,13,676.35,-4.73,-3.7600000000000016,323.0,34.0,-0.41960523397649147,0.8947368421052632
2018,8478916,Joey Daccord,OTT,1,60.0,-2.24,-2.19,40.0,5.0,-2.24,0.875
2018,8479016,Landon Bow,DAL,2,58.25,0.18999999999999995,0.20999999999999996,19.0,1.0,0.19570815450643772,0.9473684210526316
2018,8479193,Casey DeSmith,PIT,36,1938.55,-3.049999999999997,0.4399999999999977,1057.0,89.0,-0.09440045394753802,0.9157994323557237
2018,8479292,Charlie Lindgren,MTL,1,65.0,-1.37,-1.23,49.0,5.0,-1.2646153846153847,0.8979591836734694
2018,8479294,Kevin Boyle,ANA,5,276.81666666666666,0.6600000000000001,1.0600000000000005,139.0,10.0,0.14305497019688124,0.9280575539568345
2018,8479312,Alex Lyon,PHI,2,70.81666666666666,-3.52,-3.47,31.0,6.0,-2.982348787950106,0.8064516129032258
2018,8479394,Carter Hart,PHI,31,1716.4,-4.420000000000002,-1.3299999999999983,977.0,82.0,-0.15450943835935682,0.9160696008188332
2018,8479496,David Rittich,CGY,45,2503.3333333333335,0.75,5.680000000000007,1228.0,109.0,0.017976031957390146,0.9112377850162866
2018,8480022,Michael DiPietro,VAN,1,60.0,-4.720000000000001,-4.6899999999999995,24.0,7.0,-4.720000000000001,0.7083333333333333
2018,8480112,Hunter Miska,ARI,1,18.266666666666666,-0.71,-0.71,9.0,1.0,-2.3321167883211675,0.8888888888888888
2018,8480363,Kaden Fulcher,DET,1,27.216666666666665,-0.78,-0.77,11.0,2.0,-1.7195345988977344,0.8181818181818181
2018,8480382,Alexandar Georgiev,NYR,33,1869.1833333333334,-5.069999999999993,-1.4599999999999937,1057.0,91.0,-0.1627448707546074,0.9139072847682119
2018,8480420,Collin Delia,CHI,16,831.05,-5.75,-3.789999999999999,546.0,50.0,-0.41513747668612,0.9084249084249084
2018,8480925,Pavel Francouz,COL,2,61.18333333333333,0.48,0.5699999999999998,32.0,2.0,0.47071642604195046,0.9375
2019,8467950,Craig Anderson,OTT,34,1825.4166666666667,-10.219999999999999,-6.659999999999997,1018.0,100.0,-0.33592330518146535,0.9017681728880157
2019,8468011,Ryan Miller,ANA,23,1207.9,-7.0,-5.159999999999997,679.0,63.0,-0.3477109032204652,0.9072164948453608
2019,8468685,Henrik Lundqvist,NYR,30,1597.8833333333334,-6.640000000000001,-3.25,885.0,84.0,-0.24932984260427857,0.9050847457627118
2019,8469608,Mike Smith,EDM,39,2138.0833333333335,-15.920000000000002,-12.150000000000006,1074.0,105.0,-0.44675527146587674,0.9022346368715084
2019,8470147,Curtis McElhinney,TBL,18,1082.0166666666667,-3.1599999999999966,-1.0799999999999983,552.0,53.0,-0.1752283544615762,0.9039855072463768
2019,8470594,Marc-Andre Fleury,VGK,49,2861.133333333333,-12.030000000000001,-6.319999999999993,1398.0,133.0,-0.25227765221241,0.9048640915593705
2019,8470645,Corey Crawford,CHI,40,2340.0833333333335,-0.6200000000000045,3.019999999999996,1296.0,109.0,-0.015896869769595215,0.9158950617283951
2019,8470657,Jimmy Howard,DET,27,1371.2666666666667,-28.560000000000002,-25.61,819.0,97.0,-1.249647527833147,0.8815628815628815
2019,8470860,Jaroslav Halak,BOS,31,1833.35,4.6200000000000045,8.319999999999993,906.0,74.0,0.15119862546704135,0.9183222958057395
2019,8470880,Brian Elliott,PHI,31,1693.6666666666667,-9.650000000000006,-6.579999999999998,796.0,80.0,-0.34186183822082283,0.8994974874371859
2019,8471227,Devan Dubnyk,MIN,30,1664.1333333333334,-22.790000000000006,-20.569999999999993,846.0,93.0,-0.8216889672301901,0.8900709219858156
2019,8471239,Cory Schneider,NJD,13,679.2666666666667,-9.73,-8.439999999999998,355.0,41.0,-0.8594562763764845,0.8845070422535212
2019,8471306,Thomas Greiss,NYI,31,1575.9333333333334,-12.170000000000002,-9.469999999999999,838.0,73.0,-0.4633444731164601,0.9128878281622912
2019,8471418,Anton Khudobin,DAL,30,1681.0666666666666,4.930000000000007,8.030000000000001,882.0,62.0,0.17595970812182768,0.9297052154195011
2019,8471469,Pekka Rinne,NSH,36,1967.7833333333333,-20.010000000000005,-17.28,1004.0,105.0,-0.6101281475772233,0.8954183266932271
2019,8471679,Carey Price,MTL,58,3439.8166666666666,-14.900000000000006,-9.370000000000005,1758.0,161.0,-0.2598975720605266,0.9084186575654153
2019,8471695,Tuukka Rask,BOS,41,2401.7833333333333,14.189999999999998,17.680000000000007,1190.0,85.0,0.3544865967649038,0.9285714285714286
2019,8471734,Jonathan Quick,LAK,42,2515.883333333333,-16.599999999999994,-12.909999999999997,1224.0,118.0,-0.39588481182884727,0.9035947712418301
2019,8471750,Ben Bishop,DAL,44,2473.8166666666666,-4.400000000000006,0.1599999999999966,1283.0,103.0,-0.10671768993929771,0.9197194076383476
2019,8471774,Alex Stalock,MIN,38,2176.9666666666667,-13.86,-11.430000000000007,1082.0,97.0,-0.3819994181506377,0.910351201478743
2019,8473503,James Reimer,CAR,25,1378.3833333333334,1.3599999999999994,4.959999999999994,712.0,61.0,0.059199787190307454,0.9143258426966292
2019,8473541,Jonathan Bernier,DET,46,2546.35,-2.760000000000005,4.560000000000002,1354.0,127.0,-0.06503426473187124,0.9062038404726735
2019,8473575,Semyon Varlamov,NYI,45,2513.0833333333335,-2.230000000000004,2.1599999999999966,1277.0,111.0,-0.053241370162814695,0.9130775254502741
2019,8474593,Jacob Markstrom,VAN,43,2552.8166666666666,-2.3599999999999994,1.0300000000000011,1409.0,117.0,-0.05546814303155337,0.9169623846699787
2019,8474596,Jake Allen,STL,24,1301.75,2.299999999999997,4.189999999999998,631.0,49.0,0.10601113885154587,0.9223454833597464
2019,8474636,Michael Hutchinson,COL,16,861.4833333333333,-7.950000000000003,-5.740000000000002,440.0,50.0,-0.5536961442473256,0.8863636363636364
2019,8474651,Braden Holtby,WSH,48,2745.3166666666666,-22.739999999999995,-17.209999999999994,1381.0,142.0,-0.49699184672077895,0.8971759594496742
2019,8474889,Martin Jones,SJS,41,2339.1666666666665,-20.47,-17.11,1140.0,118.0,-0.5250587816173851,0.8964912280701754
2019,8475156,Mikko Koskinen,EDM,38,2099.6,-3.760000000000005,-0.12999999999999545,1170.0,97.0,-0.10744903791198339,0.917094017094017
2019,8475195,Anders Nilsson,OTT,20,1093.2333333333333,-9.439999999999998,-7.490000000000002,628.0,58.0,-0.5180961673323778,0.9076433121019108
2019,8475215,Robin Lehner,VGK,36,2055.5,-3.450000000000003,2.3100000000000023,1233.0,99.0,-0.10070542447093173,0.9197080291970803
2019,8475311,Darcy Kuemper,ARI,29,1753.5833333333333,5.099999999999994,7.650000000000006,898.0,66.0,0.17449983367390562,0.9265033407572383
2019,8475622,Carter Hutton,BUF,31,1778.5,-14.61,-11.11,917.0,94.0,-0.492887264548777,0.8974918211559433
2019,8475660,Cam Talbot,CGY,26,1405.6,-7.270000000000003,-5.200000000000003,780.0,64.0,-0.31033010813887324,0.9179487179487179
2019,8475683,Sergei Bobrovsky,FLA,50,2785.366666666667,-19.080000000000013,-12.919999999999987,1506.0,153.0,-0.41100513397398336,0.898406374501992
2019,8475717,Calvin Pickard,DET,3,164.88333333333333,-7.32,-7.13,74.0,15.0,-2.6637016071970083,0.7972972972972973
2019,8475789,Jack Campbell,TOR,26,1567.9333333333334,-8.930000000000007,-6.969999999999999,761.0,74.0,-0.341723712742889,0.9027595269382391
2019,8475831,Philipp Grubauer,COL,36,2056.366666666667,-1.730000000000004,1.7099999999999937,1067.0,90.0,-0.05047737919631724,0.915651358950328
2019,8475839,Louis Domingue,VAN,17,803.5,-14.04,-12.700000000000003,434.0,51.0,-1.0484131922837585,0.8824884792626728
2019,8475852,Petr Mrazek,CAR,40,2320.883333333333,-7.420000000000002,-2.6899999999999977,1089.0,104.0,-0.1918235154718391,0.9044995408631772
2019,8475883,Frederik Andersen,TOR,52,3007.016666666667,-19.629999999999995,-14.25,1578.0,145.0,-0.39168389489028427,0.9081115335868187
2019,8476234,Keith Kinkaid,MTL,6,339.98333333333335,-8.23,-7.670000000000002,192.0,24.0,-1.4524241384381589,0.875
2019,8476316,Laurent Brossoit,WPG,19,988.5166666666667,-3.6799999999999997,-1.1099999999999994,512.0,55.0,-0.2233649744566775,0.892578125
2019,8476341,Anton Forsberg,CAR,3,143.15,-2.5199999999999996,-2.25,78.0,8.0,-1.0562347188264056,0.8974358974358975
2019,8476343,Garret Sparks,VGK,1,27.4,-1.55,-1.55,14.0,2.0,-3.3941605839416065,0.8571428571428572
2019,8476412,Jordan Binnington,STL,51,2928.983333333333,-4.469999999999999,0.3499999999999943,1433.0,126.0,-0.09156760878348003,0.9120725750174459
2019,8476434,John Gibson,ANA,52,3009.7166666666667,-22.370000000000005,-18.02000000000001,1560.0,150.0,-0.44595559936428136,0.9038461538461539
2019,8476861,Oscar Dansk,VGK,1,60.0,-3.29,-3.25,37.0,6.0,-3.29,0.8378378378378378
2019,8476876,Malcolm Subban,CHI,21,1134.25,-8.399999999999999,-5.530000000000001,546.0,60.0,-0.4443464844610976,0.8901098901098901
2019,8476883,Andrei Vasilevskiy,TBL,52,3084.866666666667,-0.44999999999998863,3.8000000000000114,1580.0,131.0,-0.00875240420979815,0.9170886075949367
2019,8476899,Matt Murray,PIT,38,2241.4,-23.069999999999993,-20.549999999999997,1055.0,107.0,-0.6175604532881233,0.8985781990521327
2019,8476904,Chris Driedger,FLA,11,582.8166666666667,3.469999999999999,4.73,311.0,21.0,0.3572306900397494,0.932475884244373
2019,8476914,Joonas Korpisalo,CBJ,37,2126.75,-9.939999999999998,-7.25,1031.0,92.0,-0.28042788291994825,0.9107662463627546
2019,8476945,Connor Hellebuyck,WPG,58,3269.733333333333,17.97,24.24000000000001,1792.0,139.0,0.3297516617053379,0.9224330357142857
2019,8476999,Linus Ullmark,BUF,34,2026.0,-8.939999999999998,-6.359999999999999,1064.0,92.0,-0.2647581441263573,0.9135338345864662
2019,8477180,Aaron Dell,SJS,33,1834.6833333333334,-5.780000000000001,-1.5900000000000034,985.0,92.0,-0.18902444563548662,0.9065989847715736
2019,8477293,Antti Raanta,ARI,33,1822.85,0.8499999999999943,3.8100000000000023,1011.0,81.0,0.027978166058644244,0.9198813056379822
2019,8477312,Antoine Bibeau,COL,2,91.75,-0.9299999999999997,-0.71,42.0,5.0,-0.6081743869209808,0.8809523809523809
2019,8477361,Calvin Petersen,LAK,8,477.3666666666667,5.18,6.289999999999999,270.0,21.0,0.651071852524265,0.9222222222222223
2019,8477405,Marcus Hogberg,OTT,24,1344.55,-8.21,-4.829999999999998,729.0,71.0,-0.3663679297906363,0.9026063100137174
2019,8477424,Juuse Saros,NSH,40,2175.4333333333334,-2.8799999999999955,1.6599999999999966,1142.0,98.0,-0.07943245023979885,0.9141856392294221
2019,8477465,Tristan Jarry,PIT,33,1926.2833333333333,-2.950000000000003,-0.3400000000000034,986.0,79.0,-0.09188679408532849,0.9198782961460447
2019,8477480,Eric Comrie,DET,3,126.25,-2.46,-1.71,66.0,9.0,-1.169108910891089,0.8636363636363636
2019,8477967,Thatcher Demko,VAN,27,1529.6666666666667,-6.689999999999998,-4.040000000000006,804.0,75.0,-0.2624101111353235,0.9067164179104478
2019,8477968,Alex Nedeljkovic,CAR,4,216.31666666666666,-2.6099999999999994,-2.34,97.0,11.0,-0.7239386701594883,0.8865979381443299
2019,8477992,Jonas Johansson,BUF,6,326.73333333333335,-2.9700000000000006,-2.6400000000000006,151.0,16.0,-0.5453988981840442,0.8940397350993378
2019,8478007,Elvis Merzlikins,CBJ,32,1815.9666666666667,-4.189999999999998,-2.1599999999999966,919.0,71.0,-0.13843866443950872,0.9227421109902068
2019,8478039,Kaapo Kahkonen,MIN,5,304.1666666666667,-2.7699999999999996,-2.5700000000000003,172.0,15.0,-0.5464109589041094,0.9127906976744186
2019,8478048,Igor Shesterkin,NYR,12,691.5833333333334,1.5899999999999999,3.0900000000000034,424.0,29.0,0.137944330642246,0.9316037735849056
2019,8478406,Mackenzie Blackwood,NJD,47,2683.5,2.4599999999999937,7.889999999999986,1451.0,124.0,0.05500279485746213,0.9145416953824949
2019,8478470,Sam Montembeault,FLA,14,700.7666666666667,-11.75,-11.14,355.0,39.0,-1.0060410027113162,0.8901408450704226
2019,8478492,Ilya Samsonov,WSH,26,1411.0333333333333,-4.340000000000003,-2.3200000000000003,690.0,61.0,-0.18454560487585944,0.9115942028985508
2019,8478499,Adin Hill,ARI,13,640.7666666666667,1.2300000000000004,2.1900000000000013,341.0,28.0,0.11517453051032622,0.9178885630498533
2019,8479288,Kasimir Kaskisuo,TOR,1,60.0,-3.29,-3.22,38.0,6.0,-3.29,0.8421052631578947
2019,8479292,Charlie Lindgren,MTL,6,360.85,-3.539999999999999,-2.6799999999999997,179.0,21.0,-0.5886102258556185,0.88268156424581
2019,8479312,Alex Lyon,PHI,3,135.31666666666666,-0.09999999999999964,0.15000000000000036,73.0,8.0,-0.04434043601428732,0.8904109589041096
2019,8479394,Carter Hart,PHI,42,2339.016666666667,4.219999999999999,6.8799999999999955,1088.0,93.0,0.10825061813725137,0.9145220588235294
2019,8479496,David Rittich,CGY,49,2801.75,-12.579999999999998,-8.469999999999999,1480.0,138.0,-0.2694030516641384,0.9067567567567567
2019,8479530,Adam Werner,COL,2,87.83333333333333,-1.06,-0.9800000000000004,58.0,5.0,-0.7240986717267552,0.9137931034482758
2019,8480022,Michael Dipietro,VAN,1,8.383333333333333,-0.54,-0.53,7.0,1.0,-3.8648111332007957,0.8571428571428572
2019,8480051,Cayden Primeau,MTL,2,119.23333333333333,-0.16999999999999993,0.0,72.0,5.0,-0.08554654738607768,0.9305555555555556
2019,8480162,Matiss Kivlenieks,CBJ,6,284.8333333333333,-3.8200000000000003,-3.4299999999999997,137.0,14.0,-0.8046811000585139,0.8978102189781022
2019,8480213,Gilles Senn,NJD,2,70.08333333333333,-0.8700000000000001,-0.7400000000000002,41.0,4.0,-0.7448275862068967,0.9024390243902439
2019,8480382,Alexandar Georgiev,NYR,34,1891.4,-3.6400000000000006,-0.0799999999999983,1062.0,96.0,-0.11547002220577351,0.9096045197740112
2019,8480925,Pavel Francouz,COL,34,1873.8833333333334,-3.010000000000005,0.010000000000005116,996.0,77.0,-0.09637739809486554,0.9226907630522089
2020,8467950,Craig Anderson,WSH,4,168.73333333333332,0.96,1.2599999999999998,71.0,6.0,0.3413670485973923,0.9154929577464789
2020,8468011,Ryan Miller,ANA,16,870.9166666666666,-14.560000000000002,-13.079999999999998,432.0,51.0,-1.0030810448760885,0.8819444444444444
2020,8469608,Mike Smith,EDM,32,1846.55,10.040000000000006,14.420000000000002,921.0,71.0,0.32622999647992224,0.9229098805646037
2020,8470147,Curtis McElhinney,TBL,12,719.3166666666667,-11.36,-10.510000000000002,296.0,37.0,-0.9475659769688823,0.875
2020,8470594,Marc-Andre Fleury,VGK,36,2146.6,14.230000000000004,17.92,989.0,71.0,0.39774527159228557,0.9282103134479271
2020,8470860,Jaroslav Halak,BOS,19,1090.0166666666667,-8.969999999999999,-8.229999999999997,482.0,46.0,-0.49375391813580827,0.9045643153526971
2020,8470880,Brian Elliott,PHI,30,1607.7166666666667,-20.869999999999997,-19.32,738.0,82.0,-0.7788685817360023,0.8888888888888888
2020,8471227,Devan Dubnyk,COL,22,1182.3666666666666,-15.829999999999998,-14.11,602.0,63.0,-0.8033041075808407,0.8953488372093024
2020,8471306,Thomas Greiss,DET,34,1755.15,-8.25,-5.680000000000007,893.0,79.0,-0.28202717716434494,0.9115341545352743
2020,8471418,Anton Khudobin,DAL,32,1794.6166666666666,-11.489999999999995,-10.010000000000005,800.0,76.0,-0.3841488897350408,0.905
2020,8471469,Pekka Rinne,NSH,24,1310.4666666666667,-11.11,-9.740000000000002,664.0,62.0,-0.5086737548964745,0.9066265060240963
2020,8471679,Carey Price,MTL,25,1478.75,-4.399999999999999,-1.4600000000000009,659.0,65.0,-0.1785291631445477,0.9013657056145675
2020,8471695,Tuukka Rask,BOS,24,1396.45,2.009999999999998,3.6400000000000006,611.0,53.0,0.08636184610977828,0.9132569558101473
2020,8471734,Jonathan Quick,LAK,22,1218.8166666666666,-8.11,-5.770000000000003,566.0,58.0,-0.3992396997087339,0.8975265017667844
2020,8473503,James Reimer,CAR,22,1331.1,-8.32,-6.380000000000003,627.0,59.0,-0.3750281721884156,0.9059011164274322
2020,8473541,Jonathan Bernier,DET,24,1306.45,-1.990000000000002,0.9200000000000017,757.0,65.0,-0.0913927054230932,0.9141347424042272
2020,8473575,Semyon Varlamov,NYI,36,2116.9333333333334,-0.45000000000000284,2.6899999999999977,1020.0,72.0,-0.01275429867103365,0.9294117647058824
2020,8474593,Jacob Markstrom,CGY,43,2486.55,-12.290000000000006,-9.260000000000005,1161.0,111.0,-0.2965554684201003,0.9043927648578811
2020,8474596,Jake Allen,MTL,29,1682.6,-0.9599999999999937,2.269999999999996,818.0,76.0,-0.034232735052894106,0.9070904645476773
2020,8474636,Michael Hutchinson,TOR,8,421.8666666666667,-1.6899999999999995,-1.42,211.0,17.0,-0.2403603034134007,0.919431279620853
2020,8474651,Braden Holtby,VAN,21,1260.4833333333333,-13.119999999999997,-11.420000000000002,695.0,77.0,-0.624522339314284,0.8892086330935252
2020,8474682,Dustin Tokarski,BUF,13,729.4333333333333,-8.780000000000001,-6.619999999999997,447.0,43.0,-0.722204450943655,0.9038031319910514
2020,8474889,Martin Jones,SJS,34,1868.4166666666667,-21.72,-18.89,980.0,102.0,-0.697488961241693,0.8959183673469387
2020,8475156,Mikko Koskinen,EDM,26,1437.65,-13.07,-10.180000000000007,756.0,76.0,-0.5454735158070462,0.8994708994708995
2020,8475215,Robin Lehner,VGK,19,1135.3166666666666,2.710000000000001,4.530000000000001,505.0,44.0,0.14321995331698945,0.9128712871287129
2020,8475311,Darcy Kuemper,ARI,27,1546.6166666666666,-2.5799999999999983,-0.21999999999999886,713.0,66.0,-0.10008944254663399,0.9074333800841514
2020,8475622,Carter Hutton,BUF,13,674.7166666666667,-9.239999999999998,-8.21,341.0,39.0,-0.8216782353086479,0.8856304985337243
2020,8475660,Cam Talbot,MIN,33,1961.45,-4.930000000000007,-2.180000000000007,1008.0,86.0,-0.15080680109102979,0.9146825396825397
2020,8475683,Sergei Bobrovsky,FLA,31,1816.4666666666667,-11.260000000000005,-8.120000000000005,933.0,88.0,-0.3719308547730027,0.9056806002143623
2020,8475717,Calvin Pickard,DET,6,303.3833333333333,-5.08,-4.960000000000001,125.0,16.0,-1.0046695599626436,0.872
2020,8475789,Jack Campbell,TOR,22,1284.4,6.469999999999999,8.399999999999999,585.0,46.0,0.3022422921208346,0.9213675213675214
2020,8475809,Scott Wedgewood,NJD,16,888.0333333333333,-5.979999999999997,-4.539999999999999,458.0,46.0,-0.40403888742915034,0.8995633187772926
2020,8475831,Philipp Grubauer,COL,40,2366.8,1.0999999999999943,5.239999999999995,993.0,77.0,0.027885752915328566,0.9224572004028198
2020,8475839,Louis Domingue,CGY,1,57.7,-1.45,-1.45,23.0,3.0,-1.5077989601386481,0.8695652173913043
2020,8475852,Petr Mrazek,CAR,12,650.9833333333333,5.879999999999999,7.140000000000001,298.0,23.0,0.541949358662536,0.9228187919463087
2020,8475883,Frederik Andersen,TOR,24,1420.2666666666667,-6.670000000000002,-4.75,669.0,70.0,-0.28177806984603837,0.8953662182361734
2020,8475920,Michael Houser,BUF,4,243.03333333333333,-4.74,-4.550000000000001,141.0,14.0,-1.1702098477575094,0.900709219858156
2020,8476234,Keith Kinkaid,NYR,9,485.8833333333333,-3.25,-2.5500000000000007,205.0,21.0,-0.40133090934037663,0.8975609756097561
2020,8476316,Laurent Brossoit,WPG,14,744.1166666666667,-1.1600000000000001,0.07000000000000028,368.0,30.0,-0.09353372007077744,0.9184782608695652
2020,8476341,Anton Forsberg,OTT,8,448.55,-1.3099999999999987,0.05000000000000071,264.0,24.0,-0.1752313008583211,0.9090909090909091
2020,8476412,Jordan Binnington,STL,42,2447.6666666666665,-3.769999999999996,0.0799999999999983,1198.0,108.0,-0.0924145444641154,0.9098497495826378
2020,8476434,John Gibson,ANA,35,2031.45,-10.239999999999995,-7.359999999999999,1043.0,101.0,-0.30244406704570614,0.9031639501438159
2020,8476444,Christopher Gibson,TBL,2,112.96666666666667,-1.27,-1.2400000000000002,40.0,5.0,-0.674535261138979,0.875
2020,8476509,Maxime Lagace,PIT,1,60.0,1.9,2.0,29.0,0.0,1.8999999999999997,1.0
2020,8476861,Oscar Dansk,VGK,1,61.416666666666664,-1.2999999999999998,-1.2400000000000002,29.0,4.0,-1.2700135685210312,0.8620689655172413
2020,8476876,Malcolm Subban,CHI,16,881.2833333333333,-9.36,-7.350000000000001,471.0,47.0,-0.6372524916315222,0.9002123142250531
2020,8476883,Andrei Vasilevskiy,TBL,42,2523.6,14.700000000000003,18.230000000000004,1234.0,93.0,0.34950071326676185,0.9246353322528363
2020,8476899,Matt Murray,OTT,27,1404.1833333333334,-17.89,-15.909999999999997,738.0,79.0,-0.7644300957852133,0.8929539295392954
2020,8476904,Chris Driedger,FLA,23,1361.6,1.6599999999999966,2.969999999999999,637.0,47.0,0.07314923619271431,0.9262166405023547
2020,8476914,Joonas Korpisalo,CBJ,33,1747.5666666666666,-16.53,-13.819999999999993,904.0,96.0,-0.5675319968718409,0.8938053097345133
2020,8476932,Anthony Stolarz,ANA,8,464.46666666666664,-0.019999999999999574,0.48999999999999844,230.0,17.0,-0.002583608439787515,0.9260869565217391
2020,8476945,Connor Hellebuyck,WPG,45,2602.8166666666666,13.870000000000005,19.25,1335.0,112.0,0.31973054831624725,0.9161048689138577
2020,8476999,Linus Ullmark,BUF,20,1117.0833333333333,-4.979999999999997,-3.5700000000000003,591.0,49.0,-0.26748228273032437,0.9170896785109983
2020,8477180,Aaron Dell,NJD,7,319.1666666666667,-10.19,-9.74,154.0,22.0,-1.9156135770234983,0.8571428571428572
2020,8477234,Troy Grosenick,LAK,2,120.0,1.0,1.37,77.0,6.0,0.5,0.922077922077922
2020,8477293,Antti Raanta,ARI,12,678.8333333333334,-5.460000000000001,-4.25,401.0,38.0,-0.4825926835256568,0.9052369077306733
2020,8477361,Calvin Petersen,LAK,35,1997.3333333333333,-7.609999999999999,-3.0799999999999983,1095.0,97.0,-0.22860480640854472,0.9114155251141552
2020,8477405,Marcus Hogberg,OTT,14,641.8333333333334,-12.879999999999999,-11.870000000000001,322.0,40.0,-1.2040508958712022,0.8757763975155279
2020,8477424,Juuse Saros,NSH,36,2051.366666666667,9.129999999999995,13.150000000000006,1071.0,78.0,0.26704148453876264,0.927170868347339
2020,8477465,Tristan Jarry,PIT,39,2185.3,-14.439999999999998,-11.760000000000005,1098.0,100.0,-0.39646730426028454,0.9089253187613844
2020,8477480,Eric Comrie,NJD,1,60.0,-0.06000000000000005,0.08000000000000007,33.0,3.0,-0.06000000000000005,0.9090909090909091
2020,8477967,Thatcher Demko,VAN,35,2086.866666666667,2.3900000000000006,6.780000000000001,1164.0,99.0,0.06871545858224452,0.9149484536082474
2020,8477968,Alex Nedeljkovic,CAR,23,1392.0333333333333,7.93,9.600000000000001,648.0,44.0,0.3418021599099639,0.9320987654320988
2020,8477970,Vitek Vanecek,WSH,37,2115.483333333333,-10.829999999999998,-7.280000000000001,1031.0,95.0,-0.30716384750529824,0.9078564500484966
2020,8477992,Jonas Johansson,COL,15,816.8333333333334,-9.760000000000002,-8.75,380.0,39.0,-0.7169149153234035,0.8973684210526316
2020,8478007,Elvis Merzlikins,CBJ,28,1496.8166666666666,-4.730000000000004,-2.8400000000000034,825.0,69.0,-0.18960237838078606,0.9163636363636364
2020,8478009,Ilya Sorokin,NYI,22,1271.7833333333333,0.3999999999999986,2.5,563.0,46.0,0.018871138951865426,0.9182948490230906
2020,8478024,Ville Husso,STL,17,917.3166666666667,-10.75,-8.829999999999998,460.0,49.0,-0.7031377750322498,0.8934782608695653
2020,8478039,Kaapo Kahkonen,MIN,24,1414.4833333333333,-14.469999999999999,-13.079999999999998,692.0,68.0,-0.6137930221871354,0.9017341040462428
2020,8478048,Igor Shesterkin,NYR,35,1899.0166666666667,0.37999999999999545,2.989999999999995,988.0,83.0,0.012006213742199767,0.9159919028340081
2020,8478406,Mackenzie Blackwood,NJD,35,2090.616666666667,-11.370000000000005,-8.549999999999997,1082.0,106.0,-0.3263152020536207,0.9020332717190388
2020,8478435,Dan Vladar,BOS,5,300.06666666666666,-2.369999999999999,-1.9399999999999995,149.0,17.0,-0.47389469006887347,0.8859060402684564
2020,8478492,Ilya Samsonov,WSH,19,1092.8166666666666,-7.119999999999997,-5.560000000000002,499.0,49.0,-0.39091643917094954,0.9018036072144289
2020,8478499,Adin Hill,ARI,19,1005.9,-2.1300000000000026,0.030000000000001137,530.0,46.0,-0.12705040262451553,0.9132075471698113
2020,8478916,Joey Daccord,OTT,8,403.3666666666667,-2.8900000000000006,-0.9800000000000004,214.0,22.0,-0.42988182794810353,0.897196261682243
2020,8479193,Casey DeSmith,PIT,20,1132.3166666666666,0.09000000000000341,2.200000000000003,544.0,48.0,0.004768983941477094,0.9117647058823529
2020,8479288,Kasimir Kaskisuo,NSH,1,15.366666666666667,0.28,0.28,3.0,0.0,1.0932754880694144,1.0
2020,8479312,Alex Lyon,PHI,6,324.15,-1.8399999999999999,-1.4800000000000004,169.0,18.0,-0.3405830633965756,0.893491124260355
2020,8479394,Carter Hart,PHI,27,1456.5666666666666,-20.200000000000003,-18.25,721.0,89.0,-0.8320937364121108,0.8765603328710125
2020,8479406,Filip Gustavsson,OTT,9,471.56666666666666,0.7300000000000004,1.1099999999999994,254.0,17.0,0.09288188308475301,0.9330708661417323
2020,8479496,David Rittich,TOR,19,965.7666666666667,-4.75,-3.0700000000000003,463.0,46.0,-0.295102336658268,0.9006479481641468
2020,8479973,Stuart Skinner,EDM,1,59.68333333333333,-1.06,-0.8899999999999997,38.0,5.0,-1.0656241273387321,0.868421052631579
2020,8479979,Jake Oettinger,DAL,29,1603.9166666666667,-6.600000000000001,-4.759999999999998,710.0,63.0,-0.24689562009663849,0.9112676056338028
2020,8480045,Ukko-Pekka Luukkonen,BUF,4,216.7,-2.51,-1.67,149.0,14.0,-0.6949700046146746,0.9060402684563759
2020,8480051,Cayden Primeau,MTL,4,201.9,-3.6500000000000004,-3.4299999999999997,93.0,14.0,-1.084695393759287,0.8494623655913979
2020,8480112,Hunter Miska,COL,5,259.8,-9.09,-8.83,111.0,18.0,-2.0993071593533488,0.8378378378378378
2020,8480162,Matiss Kivlenieks,CBJ,2,123.35,-1.0700000000000003,-1.0,71.0,7.0,-0.5204702067288206,0.9014084507042254
2020,8480280,Jeremy Swayman,BOS,10,601.7166666666667,5.140000000000001,5.649999999999999,271.0,15.0,0.5125335844666649,0.9446494464944649
2020,8480313,Logan Thompson,VGK,1,8.25,0.14,0.14,2.0,0.0,1.0181818181818183,1.0
2020,8480373,Josef Korenar,SJS,10,491.8333333333333,-5.390000000000001,-4.670000000000002,258.0,26.0,-0.6575398170111828,0.8992248062015504
2020,8480382,Alexandar Georgiev,NYR,19,954.3333333333334,-8.25,-7.170000000000002,465.0,44.0,-0.5186866922808243,0.9053763440860215
2020,8480420,Collin Delia,CHI,6,334.48333333333335,-2.1900000000000013,-0.4499999999999993,198.0,20.0,-0.39284468583387333,0.898989898989899
2020,8480947,Kevin Lankinen,CHI,37,2174.8166666666666,-16.989999999999995,-14.290000000000006,1202.0,109.0,-0.4687291649104521,0.9093178036605657
2020,8481001,Veini Vehvilainen,CBJ,1,10.666666666666666,-0.87,-0.87,4.0,1.0,-4.893750000000001,0.75
2020,8481031,Ivan Prosvetov,ARI,3,130.01666666666668,-4.17,-4.07,51.0,9.0,-1.9243686706832455,0.8235294117647058
2020,8481501,Artyom Zagidulin,CGY,1,28.216666666666665,-1.05,-1.04,11.0,2.0,-2.2327229769639696,0.8181818181818181
2020,8481519,Spencer Knight,FLA,4,206.9,-1.2199999999999998,-1.0999999999999996,100.0,8.0,-0.3537941034316094,0.92
2020,8482246,Alexei Melnichuk,SJS,3,130.58333333333334,-4.26,-4.02,81.0,11.0,-1.9573707721761324,0.8641975308641976
2021,8467950,Craig Anderson,BUF,31,1867.25,-11.930000000000007,-8.689999999999998,945.0,97.0,-0.38334449056098563,0.8973544973544973
2021,8469608,Mike Smith,EDM,28,1579.9666666666667,3.9099999999999966,7.390000000000001,874.0,74.0,0.1484841452351314,0.9153318077803203
2021,8470594,Marc-Andre Fleury,MIN,56,3284.866666666667,-23.05000000000001,-17.610000000000014,1732.0,159.0,-0.42102165486168913,0.9081986143187067
2021,8470860,Jaroslav Halak,VAN,17,796.7,-2.0600000000000023,-0.03999999999999915,400.0,39.0,-0.1551399523032511,0.9025
2021,8470880,Brian Elliott,TBL,19,1063.4166666666667,1.6799999999999997,3.0799999999999983,489.0,43.0,0.09478880965441577,0.9120654396728016
2021,8471239,Cory Schneider,NYI,1,60.0,0.4700000000000002,0.75,30.0,3.0,0.4700000000000002,0.9
2021,8471306,Thomas Greiss,DET,31,1508.2166666666667,-17.36,-13.5,842.0,92.0,-0.6906169537975313,0.8907363420427553
2021,8471418,Anton Khudobin,DAL,9,462.46666666666664,-9.329999999999998,-8.43,232.0,28.0,-1.210465619143722,0.8793103448275862
2021,8471679,Carey Price,MTL,5,297.5,-5.23,-4.8100000000000005,148.0,18.0,-1.0547899159663865,0.8783783783783784
2021,8471695,Tuukka Rask,BOS,4,196.35,-4.58,-4.4399999999999995,90.0,14.0,-1.3995416348357526,0.8444444444444444
2021,8471734,Jonathan Quick,LAK,46,2685.866666666667,11.86,17.80000000000001,1286.0,116.0,0.2649424146147736,0.9097978227060654
2021,8471774,Alex Stalock,SJS,1,46.11666666666667,-3.6,-3.54,28.0,6.0,-4.683773039392844,0.7857142857142857
2021,8473503,James Reimer,SJS,48,2672.6833333333334,-4.459999999999994,0.12000000000000455,1450.0,129.0,-0.10012409501063212,0.9110344827586206
2021,8473541,Jonathan Bernier,NJD,10,510.1,-1.8200000000000003,-1.1799999999999997,264.0,26.0,-0.21407567143697315,0.9015151515151515
2021,8473575,Semyon Varlamov,NYI,31,1792.2833333333333,-4.459999999999994,0.7000000000000028,979.0,87.0,-0.14930675023480272,0.9111338100102145
2021,8474593,Jacob Markstrom,CGY,63,3695.8333333333335,5.650000000000006,10.840000000000003,1754.0,137.0,0.0917249154453214,0.9218928164196123
2021,8474596,Jake Allen,MTL,35,1947.6666666666667,-6.170000000000002,-2.1500000000000057,1123.0,107.0,-0.19007359233270585,0.9047195013357079
2021,8474636,Michael Hutchinson,TOR,2,78.71666666666667,-2.1,-1.9100000000000001,42.0,6.0,-1.6006775354647471,0.8571428571428572
2021,8474651,Braden Holtby,DAL,24,1318.4666666666667,-1.509999999999998,0.6700000000000017,700.0,61.0,-0.06871618546796775,0.9128571428571428
2021,8474667,Harri Sateri,ARI,6,298.3666666666667,-3.5799999999999983,-2.41,157.0,21.0,-0.7199195620601047,0.8662420382165605
2021,8474682,Dustin Tokarski,BUF,29,1671.4333333333334,-14.620000000000005,-10.739999999999995,900.0,91.0,-0.5248190176096366,0.8988888888888888
2021,8474889,Martin Jones,PHI,35,1997.1333333333334,-13.299999999999997,-9.420000000000002,1141.0,114.0,-0.39957272089995655,0.9000876424189308
2021,8475156,Mikko Koskinen,EDM,45,2628.633333333333,-11.420000000000002,-6.840000000000003,1397.0,136.0,-0.2606677741285079,0.9026485325697924
2021,8475215,Robin Lehner,VGK,44,2546.65,0.5799999999999983,6.069999999999993,1289.0,120.0,0.013665010896668132,0.9069045771916214
2021,8475234,J-F Berube,CBJ,6,305.8833333333333,-3.379999999999999,-1.370000000000001,209.0,21.0,-0.6629978750068107,0.8995215311004785
2021,8475311,Darcy Kuemper,COL,57,3258.75,10.039999999999992,20.97,1755.0,138.0,0.184856156501726,0.9213675213675214
2021,8475622,Carter Hutton,ARI,3,115.96666666666667,-10.05,-9.98,58.0,15.0,-5.199770048864616,0.7413793103448276
2021,8475660,Cam Talbot,MIN,49,2864.383333333333,-13.450000000000003,-5.840000000000003,1488.0,132.0,-0.28173603393400565,0.9112903225806451
2021,8475683,Sergei Bobrovsky,FLA,54,3082.1666666666665,12.620000000000005,23.389999999999986,1566.0,137.0,0.24567133509976757,0.9125159642401022
2021,8475717,Calvin Pickard,DET,3,125.63333333333334,-3.4400000000000004,-3.2800000000000002,72.0,9.0,-1.6428760944547627,0.875
2021,8475789,Jack Campbell,TOR,49,2795.4,-7.280000000000001,-2.3400000000000034,1431.0,123.0,-0.15625670744795023,0.9140461215932913
2021,8475809,Scott Wedgewood,DAL,37,2104.8333333333335,-2.969999999999999,1.5999999999999943,1218.0,110.0,-0.084662285216565,0.909688013136289
2021,8475831,Philipp Grubauer,SEA,55,3111.4166666666665,-38.150000000000006,-33.74000000000001,1479.0,164.0,-0.7356777459356671,0.8891142663962137
2021,8475839,Louis Domingue,PIT,2,118.75,3.2,3.8499999999999996,83.0,4.0,1.616842105263158,0.9518072289156626
2021,8475852,Petr Mrazek,TOR,20,1042.1166666666666,-13.350000000000001,-11.619999999999997,520.0,58.0,-0.7686279527244232,0.8884615384615384
2021,8475883,Frederik Andersen,CAR,52,3070.883333333333,22.419999999999987,27.819999999999993,1431.0,111.0,0.4380498553619206,0.9224318658280922
2021,8475920,Michael Houser,BUF,2,120.0,2.5599999999999996,3.1100000000000003,77.0,4.0,1.2799999999999998,0.948051948051948
2021,8476234,Keith Kinkaid,NYR,1,60.0,0.1499999999999999,0.2400000000000002,31.0,2.0,0.1499999999999999,0.935483870967742
2021,8476316,Laurent Brossoit,VGK,24,1281.4333333333334,-3.0900000000000034,-1.3200000000000003,588.0,62.0,-0.14468173659703992,0.8945578231292517
2021,8476341,Anton Forsberg,OTT,46,2571.45,3.219999999999999,8.460000000000008,1457.0,121.0,0.07513270722743975,0.9169526424159231
2021,8476343,Garret Sparks,LAK,2,97.21666666666667,0.33000000000000007,0.3700000000000001,47.0,3.0,0.2036687810732042,0.9361702127659575
2021,8476412,Jordan Binnington,STL,37,2144.95,-12.230000000000004,-8.200000000000003,1135.0,112.0,-0.3421058765938601,0.9013215859030836
2021,8476433,Magnus Hellberg,DET,1,60.0,-0.56,-0.48,23.0,3.0,-0.56,0.8695652173913043
2021,8476434,John Gibson,ANA,56,3235.5833333333335,-22.039999999999992,-14.259999999999991,1789.0,172.0,-0.40870528240657256,0.9038569032979318
2021,8476509,Maxime Lagace,TBL,2,98.13333333333334,-4.17,-3.95,58.0,10.0,-2.5495923913043477,0.8275862068965517
2021,8476876,Malcolm Subban,BUF,4,210.46666666666667,-6.92,-6.109999999999999,132.0,17.0,-1.9727589483687045,0.8712121212121212
2021,8476883,Andrei Vasilevskiy,TBL,63,3760.75,20.74000000000001,28.409999999999997,1869.0,156.0,0.3308914445256932,0.9165329052969502
2021,8476899,Matt Murray,OTT,20,1181.5166666666667,0.7700000000000031,3.1599999999999966,640.0,60.0,0.039102283787787045,0.90625
2021,8476903,Jon Gillies,NJD,20,1004.75,-17.67,-16.5,550.0,62.0,-1.055187857676039,0.8872727272727272
2021,8476904,Chris Driedger,SEA,27,1478.4,-4.280000000000001,-1.5600000000000023,722.0,73.0,-0.17370129870129875,0.8988919667590027
2021,8476914,Joonas Korpisalo,CBJ,22,1128.4833333333333,-16.0,-13.150000000000006,634.0,78.0,-0.8506993161913483,0.8769716088328076
2021,8476932,Anthony Stolarz,ANA,28,1506.4166666666667,-2.4200000000000017,-0.9599999999999937,809.0,67.0,-0.09638767494606412,0.9171817058096415
2021,8476945,Connor Hellebuyck,WPG,66,3903.5,6.889999999999986,16.650000000000006,2155.0,193.0,0.105904957089791,0.9104408352668214
2021,8476999,Linus Ullmark,BOS,41,2330.4333333333334,1.6299999999999955,5.689999999999998,1140.0,95.0,0.04196644400898247,0.9166666666666666
2021,8477180,Aaron Dell,BUF,12,565.3833333333333,-5.939999999999998,-4.359999999999999,355.0,38.0,-0.6303687763464314,0.8929577464788733
2021,8477202,Andrew Hammond,NJD,11,586.4666666666667,-8.370000000000001,-6.66,314.0,38.0,-0.856314652722519,0.8789808917197452
2021,8477293,Antti Raanta,CAR,28,1516.6333333333334,1.5700000000000003,3.6899999999999977,706.0,62.0,0.062111255192421826,0.9121813031161473
2021,8477361,Cal Petersen,LAK,37,2176.5,-12.510000000000005,-8.379999999999995,1002.0,105.0,-0.34486560992419035,0.8952095808383234
2021,8477424,Juuse Saros,NSH,67,3931.383333333333,11.930000000000007,20.689999999999998,2107.0,173.0,0.1820733160083602,0.9178927384907452
2021,8477457,Zach Fucale,WSH,4,171.58333333333334,2.1100000000000003,2.3899999999999997,66.0,5.0,0.7378338999514328,0.9242424242424242
2021,8477465,Tristan Jarry,PIT,58,3415.1833333333334,6.6299999999999955,12.759999999999991,1711.0,138.0,0.11647983758802594,0.9193454120397428
2021,8477480,Eric Comrie,WPG,19,1024.8166666666666,8.39,10.329999999999998,550.0,44.0,0.49120980988469487,0.92
2021,8477484,Spencer Martin,VAN,6,378.35,8.46,8.989999999999998,218.0,11.0,1.3416149068322982,0.9495412844036697
2021,8477831,Pheonix Copley,WSH,2,96.58333333333333,-1.5699999999999998,-1.5099999999999998,41.0,5.0,-0.9753235547886108,0.8780487804878049
2021,8477967,Thatcher Demko,VAN,64,3700.65,4.0,10.5,1967.0,168.0,0.06485347168740627,0.9145907473309609
2021,8477968,Alex Nedeljkovic,DET,59,3230.8,-13.629999999999995,-6.930000000000007,1797.0,178.0,-0.2531261607032313,0.900946021146355
2021,8477970,Vitek Vanecek,WSH,42,2317.383333333333,-10.230000000000004,-5.359999999999999,1118.0,103.0,-0.2648677027969766,0.907871198568873
2021,8477992,Jonas Johansson,FLA,11,486.51666666666665,-15.350000000000001,-14.66,265.0,39.0,-1.8930492275016273,0.8528301886792453
2021,8478007,Elvis Merzlikins,CBJ,59,3320.116666666667,-3.6399999999999864,4.030000000000001,1922.0,178.0,-0.06578082095508667,0.9073881373569199
2021,8478009,Ilya Sorokin,NYI,52,3072.2833333333333,8.360000000000014,12.77000000000001,1643.0,123.0,0.16326619181173638,0.9251369446135118
2021,8478024,Ville Husso,STL,40,2341.233333333333,9.799999999999997,13.540000000000006,1236.0,100.0,0.2511496789441462,0.919093851132686
2021,8478039,Kaapo Kahkonen,SJS,36,1946.95,0.9399999999999977,5.189999999999998,1056.0,93.0,0.02896838645060215,0.9119318181818181
2021,8478048,Igor Shesterkin,NYR,53,3070.5333333333333,27.919999999999987,34.099999999999994,1622.0,106.0,0.5455729732076944,0.9346485819975339
2021,8478406,Mackenzie Blackwood,NJD,25,1399.05,-14.680000000000007,-12.739999999999995,731.0,79.0,-0.6295700654015227,0.8919288645690835
2021,8478433,Felix Sandstrom,PHI,5,297.25,3.370000000000001,5.239999999999998,177.0,16.0,0.6802354920100927,0.9096045197740112
2021,8478435,Dan Vladar,CGY,23,1243.1333333333334,-5.390000000000001,-3.8100000000000023,609.0,57.0,-0.2601490856438033,0.9064039408866995
2021,8478470,Sam Montembeault,MTL,38,1942.8166666666666,-21.510000000000005,-17.290000000000006,1125.0,122.0,-0.6642932512074395,0.8915555555555555
2021,8478492,Ilya Samsonov,WSH,44,2361.3,-16.049999999999997,-12.060000000000002,1145.0,119.0,-0.407826197433617,0.8960698689956332
2021,8478499,Adin Hill,SJS,25,1376.2166666666667,-5.780000000000001,-4.090000000000003,648.0,61.0,-0.2519952042435179,0.9058641975308642
2021,8478872,Karel Vejmelka,ARI,52,2773.233333333333,-31.080000000000013,-23.19999999999999,1669.0,170.0,-0.6724280923590998,0.8981426003594967
2021,8478902,Erik Kallgren,TOR,14,779.4833333333333,-7.049999999999997,-5.200000000000003,385.0,43.0,-0.5426671513181807,0.8883116883116883
2021,8478903,Adam Huska,NYR,1,59.7,-3.88,-3.86,39.0,7.0,-3.899497487437186,0.8205128205128205
2021,8478916,Joey Daccord,SEA,5,293.21666666666664,-6.220000000000001,-5.85,140.0,21.0,-1.2727789461717731,0.85
2021,8478933,Michael McNiven,MTL,1,20.0,-1.88,-1.8,7.0,3.0,-5.64,0.5714285714285714
2021,8478971,Connor Ingram,NSH,3,177.75,-3.12,-2.4700000000000006,91.0,11.0,-1.0531645569620254,0.8791208791208791
2021,8479193,Casey DeSmith,PIT,26,1418.15,-2.990000000000002,-0.6200000000000045,769.0,66.0,-0.12650283820470337,0.9141742522756827
2021,8479292,Charlie Lindgren,STL,5,246.41666666666666,3.66,4.52,118.0,5.0,0.8911734866418668,0.9576271186440678
2021,8479312,Alex Lyon,CAR,2,122.81666666666666,-0.05999999999999961,0.1299999999999999,65.0,6.0,-0.029311982629936027,0.9076923076923077
2021,8479313,Zach Sawchenko,SJS,7,268.96666666666664,0.2699999999999996,1.0199999999999996,151.0,15.0,0.060230511835419415,0.9006622516556292
2021,8479361,Joseph Woll,TOR,4,239.31666666666666,-0.3699999999999992,-0.02999999999999936,123.0,11.0,-0.09276412006407111,0.9105691056910569
2021,8479394,Carter Hart,PHI,45,2603.0666666666666,-10.489999999999995,-6.560000000000002,1441.0,137.0,-0.24179173282794644,0.9049271339347675
2021,8479406,Filip Gustavsson,OTT,18,1047.55,-8.090000000000003,-6.399999999999999,574.0,62.0,-0.4633669037277459,0.89198606271777
2021,8479496,David Rittich,NSH,17,822.9333333333333,-8.82,-7.450000000000003,432.0,49.0,-0.6430654569021387,0.8865740740740741
2021,8479581,Jack LaFontaine,CAR,2,74.95,-5.71,-5.6,41.0,9.0,-4.57104736490994,0.7804878048780488
2021,8479973,Stuart Skinner,EDM,13,734.15,-0.35999999999999943,0.8500000000000014,367.0,32.0,-0.0294217802901314,0.9128065395095368
2021,8479979,Jake Oettinger,DAL,48,2707.6,-3.1299999999999955,1.4300000000000068,1331.0,114.0,-0.06936031910178746,0.9143501126972201
2021,8480022,Michael Dipietro,VAN,1,57.35,-0.6000000000000001,-0.52,17.0,3.0,-0.6277244986922408,0.8235294117647058
2021,8480045,Ukko-Pekka Luukkonen,BUF,9,503.06666666666666,-1.129999999999999,-0.4499999999999993,277.0,23.0,-0.13477338987543058,0.9169675090252708
2021,8480051,Cayden Primeau,MTL,12,519.2166666666667,-14.39,-13.45,302.0,40.0,-1.6628896093474144,0.8675496688741722
2021,8480193,Daniil Tarasov,CBJ,4,174.85,2.1400000000000006,2.619999999999999,111.0,7.0,0.734343723191307,0.9369369369369369
2021,8480280,Jeremy Swayman,BOS,41,2390.233333333333,-0.14000000000000057,4.150000000000006,1111.0,96.0,-0.003514301253713041,0.9135913591359136
2021,8480313,Logan Thompson,VGK,19,1097.7333333333333,-1.4600000000000009,0.6499999999999986,569.0,49.0,-0.0798008016518888,0.9138840070298769
2021,8480373,Josef Korenar,ARI,2,70.3,2.2199999999999998,2.5199999999999996,35.0,3.0,1.8947368421052633,0.9142857142857143
2021,8480382,Alexandar Georgiev,NYR,33,1746.1,-9.950000000000003,-6.840000000000003,833.0,85.0,-0.3419048164480844,0.8979591836734694
2021,8480420,Collin Delia,CHI,8,343.1,-5.609999999999999,-4.870000000000001,218.0,22.0,-0.9810550859807635,0.8990825688073394
2021,8480591,Thomas Hodges,ANA,1,19.266666666666666,-0.6599999999999999,-0.6599999999999999,3.0,1.0,-2.055363321799308,0.6666666666666667
2021,8480843,Lukas Dostal,ANA,4,201.45,-1.5600000000000005,-1.3800000000000008,108.0,10.0,-0.46463142218912895,0.9074074074074074
2021,8480925,Pavel Francouz,COL,21,1200.15,-0.020000000000003126,1.9399999999999977,608.0,51.0,-0.0009998750156232034,0.9161184210526316
2021,8480947,Kevin Lankinen,CHI,32,1815.5833333333333,-31.310000000000002,-28.620000000000005,973.0,106.0,-1.034708771285629,0.8910585817060637
2021,8480981,Joel Hofer,STL,2,117.15,-1.13,-0.9199999999999999,50.0,6.0,-0.5787451984635082,0.88
2021,8481020,Justus Annunen,COL,2,96.76666666666667,-2.63,-2.51,51.0,7.0,-1.630726834309335,0.8627450980392157
2021,8481031,Ivan Prosvetov,ARI,3,185.0,-3.26,-3.01,104.0,13.0,-1.0572972972972972,0.875
2021,8481033,Akira Schmid,NJD,6,235.98333333333332,-9.52,-9.28,114.0,19.0,-2.4205099230171623,0.8333333333333334
2021,8481519,Spencer Knight,FLA,32,1740.2333333333333,-0.06999999999999318,3.989999999999995,876.0,81.0,-0.002413469458118408,0.9075342465753424
2021,8481544,Mads Sogaard,OTT,2,117.3,-0.09999999999999964,0.1299999999999999,54.0,6.0,-0.05115089514066478,0.8888888888888888
2021,8481597,Hugo Alnefelt,TBL,1,20.0,-2.16,-2.16,10.0,3.0,-6.48,0.7
2021,8481611,Pyotr Kochetkov,CAR,3,148.6,-1.1500000000000004,-0.96,61.0,6.0,-0.4643337819650069,0.9016393442622951
2021,8482076,Nico Daws,NJD,25,1271.5333333333333,-9.369999999999997,-7.640000000000001,617.0,66.0,-0.44214334399412775,0.893030794165316
2021,8482821,Arvid Soderblom,CHI,3,155.81666666666666,-5.89,-5.75,95.0,13.0,-2.2680500588298216,0.8631578947368421
2022,8467950,Craig Anderson,BUF,26,1490.0333333333333,-3.469999999999999,0.4300000000000068,823.0,76.0,-0.13972841770877603,0.9076549210206561
2022,8470594,Marc-Andre Fleury,MIN,46,2654.2833333333333,-1.5300000000000011,6.550000000000011,1367.0,126.0,-0.03458560691209808,0.9078273591806876
2022,8470860,Jaroslav Halak,NYR,25,1453.9333333333334,-2.1199999999999974,1.0900000000000034,680.0,66.0,-0.087486817368976,0.9029411764705882
2022,8470880,Brian Elliott,TBL,22,1324.7333333333333,-8.670000000000002,-4.780000000000001,689.0,75.0,-0.3926828040863571,0.8911465892597968
2022,8471306,Thomas Greiss,STL,21,1089.35,-8.240000000000002,-5.43,627.0,66.0,-0.45384862532703,0.8947368421052632
2022,8471418,Anton Khudobin,CHI,1,60.0,-2.73,-2.66,28.0,6.0,-2.73,0.7857142857142857
2022,8471734,Jonathan Quick,VGK,41,2234.75,-22.370000000000005,-17.17,1080.0,127.0,-0.6006040944177202,0.8824074074074074
2022,8471774,Alex Stalock,CHI,27,1475.3333333333333,-4.719999999999999,-2.2099999999999937,804.0,74.0,-0.19195661997288743,0.9079601990049752
2022,8473503,James Reimer,SJS,43,2538.0,-18.379999999999995,-11.310000000000002,1335.0,147.0,-0.4345153664302599,0.8898876404494382
2022,8473575,Semyon Varlamov,NYI,23,1334.7333333333333,1.1499999999999986,3.549999999999997,689.0,60.0,0.05169571949453068,0.9129172714078374
2022,8474593,Jacob Markstrom,CGY,59,3410.8333333333335,-10.610000000000014,-3.0999999999999943,1542.0,166.0,-0.18664060591253384,0.8923476005188067
2022,8474596,Jake Allen,MTL,42,2450.4166666666665,-12.159999999999997,-1.9300000000000068,1335.0,145.0,-0.2977452814147253,0.8913857677902621
2022,8474636,Michael Hutchinson,CBJ,16,755.45,-8.71,-6.799999999999997,433.0,54.0,-0.6917731153617049,0.8752886836027713
2022,8474682,Dustin Tokarski,PIT,4,209.4,0.5899999999999999,1.17,117.0,12.0,0.16905444126074493,0.8974358974358975
2022,8474889,Martin Jones,SEA,48,2625.65,-13.870000000000005,-6.920000000000002,1147.0,131.0,-0.3169500885495021,0.8857890148212729
2022,8475311,Darcy Kuemper,WSH,57,3223.7833333333333,1.6399999999999864,8.759999999999991,1675.0,154.0,0.030523143097912653,0.9080597014925373
2022,8475660,Cam Talbot,OTT,36,1947.0,-4.670000000000002,-0.730000000000004,935.0,95.0,-0.14391371340523887,0.8983957219251337
2022,8475683,Sergei Bobrovsky,FLA,50,2834.366666666667,-3.0500000000000114,6.199999999999989,1466.0,145.0,-0.06456468817254907,0.9010914051841746
2022,8475789,Jack Campbell,EDM,36,2026.3833333333334,-21.980000000000004,-18.28,1027.0,115.0,-0.6508146698140366,0.8880233690360273
2022,8475809,Scott Wedgewood,DAL,21,1126.8666666666666,2.469999999999999,4.539999999999999,603.0,51.0,0.13151511565994195,0.9154228855721394
2022,8475831,Philipp Grubauer,SEA,39,2065.616666666667,-4.549999999999997,-0.6800000000000068,930.0,98.0,-0.1321639219926252,0.8946236559139785
2022,8475852,Petr Mrazek,CHI,39,2165.1666666666665,-12.260000000000005,-6.310000000000002,1248.0,132.0,-0.3397428989300286,0.8942307692307693
2022,8475883,Frederik Andersen,CAR,34,1984.35,-7.090000000000003,-3.450000000000003,849.0,82.0,-0.21437750396855407,0.9034157832744405
2022,8476234,Keith Kinkaid,COL,2,87.85,1.67,2.1900000000000004,40.0,2.0,1.140580535002846,0.95
2022,8476316,Laurent Brossoit,VGK,11,636.0333333333333,4.960000000000001,5.890000000000001,317.0,23.0,0.4679000052408156,0.9274447949526814
2022,8476341,Anton Forsberg,OTT,28,1471.7166666666667,2.319999999999993,8.079999999999998,817.0,80.0,0.0945834229867612,0.9020807833537332
2022,8476412,Jordan Binnington,STL,61,3516.0666666666666,-18.319999999999993,-9.159999999999997,1826.0,194.0,-0.3126220587398797,0.8937568455640745
2022,8476433,Magnus Hellberg,DET,18,936.35,-5.700000000000003,-3.8999999999999986,447.0,50.0,-0.3652480375927807,0.8881431767337807
2022,8476434,John Gibson,ANA,53,3004.9166666666665,-21.569999999999993,-11.530000000000001,1983.0,200.0,-0.43069414015918345,0.8991427130610187
2022,8476883,Andrei Vasilevskiy,TBL,60,3596.4166666666665,16.539999999999992,25.340000000000003,1875.0,159.0,0.2759413304909979,0.9152
2022,8476899,Matt Murray,TOR,26,1473.1666666666667,-2.6299999999999955,0.9500000000000028,761.0,74.0,-0.10711618961420956,0.9027595269382391
2022,8476903,Jon Gillies,CBJ,3,118.15,-2.0599999999999996,-1.6399999999999997,66.0,9.0,-1.046127803639441,0.8636363636363636
2022,8476914,Joonas Korpisalo,LAK,39,2171.95,7.590000000000003,12.739999999999995,1207.0,104.0,0.20967333502152455,0.9138359569179785
2022,8476932,Anthony Stolarz,ANA,19,820.05,-2.270000000000003,0.39000000000000057,495.0,51.0,-0.16608743369306772,0.896969696969697
2022,8476945,Connor Hellebuyck,WPG,64,3778.0,20.650000000000006,30.77000000000001,1964.0,157.0,0.3279512969825305,0.920061099796334
2022,8476999,Linus Ullmark,BOS,49,2882.2,37.16999999999999,42.44999999999999,1457.0,91.0,0.7737839150648808,0.9375428963623884
2022,8477180,Aaron Dell,SJS,4,199.28333333333333,1.3000000000000007,2.0700000000000003,103.0,9.0,0.39140252571715334,0.912621359223301
2022,8477293,Antti Raanta,CAR,27,1561.2166666666667,-0.509999999999998,1.3200000000000003,644.0,58.0,-0.019600098213999686,0.9099378881987578
2022,8477361,Cal Petersen,LAK,10,543.4666666666667,-9.93,-9.29,257.0,34.0,-1.0962953876349362,0.867704280155642
2022,8477424,Juuse Saros,NSH,64,3809.983333333333,36.06999999999999,46.66999999999999,2099.0,171.0,0.5680339809010537,0.918532634587899
2022,8477465,Tristan Jarry,PIT,47,2650.0333333333333,-7.519999999999996,-2.819999999999993,1414.0,128.0,-0.17026200928290203,0.9094766619519095
2022,8477480,Eric Comrie,BUF,19,1111.9833333333333,-9.740000000000002,-6.859999999999999,594.0,68.0,-0.5255474452554746,0.8855218855218855
2022,8477484,Spencer Martin,VAN,29,1610.1833333333334,-26.739999999999995,-23.53,830.0,107.0,-0.9964082764902545,0.8710843373493976
2022,8477831,Pheonix Copley,LAK,37,2089.483333333333,0.06999999999999318,4.700000000000003,947.0,92.0,0.0020100662843284657,0.9028511087645196
2022,8477967,Thatcher Demko,VAN,32,1878.5166666666667,-10.090000000000003,-5.650000000000006,1005.0,99.0,-0.3222755542937248,0.9014925373134328
2022,8477968,Alex Nedeljkovic,DET,15,832.6333333333333,-10.829999999999998,-8.850000000000001,466.0,49.0,-0.7804155490612112,0.8948497854077253
2022,8477970,Vitek Vanecek,NJD,52,2915.5666666666666,0.9300000000000068,5.069999999999993,1333.0,119.0,0.019138646575279958,0.9107276819204801
2022,8477992,Jonas Johansson,COL,3,142.95,2.2800000000000002,3.92,73.0,5.0,0.95697796432319,0.9315068493150684
2022,8478007,Elvis Merzlikins,CBJ,30,1560.2,-29.959999999999994,-25.870000000000005,889.0,110.0,-1.1521599794898087,0.876265466816648
2022,8478009,Ilya Sorokin,NYI,62,3587.0666666666666,28.460000000000008,38.650000000000006,1839.0,140.0,0.4760435639148052,0.9238716693855357
2022,8478024,Ville Husso,DET,56,3220.233333333333,-23.960000000000008,-14.689999999999998,1603.0,167.0,-0.44642727752647343,0.8958203368683718
2022,8478039,Kaapo Kahkonen,SJS,37,2106.25,-29.099999999999994,-24.58,1149.0,135.0,-0.8289614243323441,0.8825065274151436
2022,8478048,Igor Shesterkin,NYR,58,3488.766666666667,18.460000000000008,28.05000000000001,1719.0,144.0,0.31747608992671733,0.9162303664921466
2022,8478406,Mackenzie Blackwood,NJD,22,1125.55,-3.8599999999999994,-0.8599999999999994,563.0,60.0,-0.20576606992137175,0.8934280639431617
2022,8478433,Felix Sandstrom,PHI,20,1112.85,-13.869999999999997,-11.780000000000001,575.0,69.0,-0.7478096778541582,0.88
2022,8478435,Dan Vladar,CGY,27,1483.9166666666667,-10.5,-8.409999999999997,669.0,72.0,-0.42455214241590383,0.8923766816143498
2022,8478470,Sam Montembeault,MTL,40,2333.85,3.530000000000001,11.849999999999994,1345.0,133.0,0.09075133363326696,0.9011152416356878
2022,8478492,Ilya Samsonov,TOR,42,2475.6,12.379999999999995,18.049999999999997,1184.0,96.0,0.3000484730974308,0.9189189189189189
2022,8478499,Adin Hill,VGK,27,1490.9,-1.8400000000000034,0.8699999999999974,722.0,62.0,-0.07404923200751237,0.9141274238227147
2022,8478872,Karel Vejmelka,ARI,50,2940.8333333333335,0.6500000000000057,11.090000000000003,1671.0,168.0,0.013261547180504507,0.8994614003590664
2022,8478902,Erik Kallgren,TOR,10,561.6666666666666,-1.5100000000000016,-0.5700000000000003,246.0,25.0,-0.16130563798219602,0.8983739837398375
2022,8478916,Joey Daccord,SEA,5,248.13333333333333,-1.2400000000000002,-0.5600000000000005,130.0,13.0,-0.2998387963460506,0.9
2022,8478971,Connor Ingram,ARI,27,1586.6666666666667,-1.0900000000000034,3.680000000000007,960.0,89.0,-0.041218487394958106,0.9072916666666666
2022,8479193,Casey DeSmith,PIT,38,2065.95,-1.5699999999999932,2.8799999999999955,1142.0,109.0,-0.04559645683583804,0.9045534150612959
2022,8479292,Charlie Lindgren,WSH,31,1692.0666666666666,-6.799999999999997,-3.9200000000000017,853.0,86.0,-0.24112525117213657,0.8991793669402111
2022,8479312,Alex Lyon,FLA,15,893.1833333333333,4.859999999999999,7.530000000000001,489.0,43.0,0.32647272862980725,0.9120654396728016
2022,8479361,Joseph Woll,TOR,7,416.43333333333334,4.510000000000002,5.670000000000002,219.0,15.0,0.6498038901785003,0.9315068493150684
2022,8479380,Dylan Wells,CHI,1,20.0,0.54,0.5700000000000001,13.0,1.0,1.62,0.9230769230769231
2022,8479394,Carter Hart,PHI,55,3163.766666666667,3.180000000000007,10.280000000000001,1665.0,155.0,0.06030786088312467,0.9069069069069069
2022,8479406,Filip Gustavsson,MIN,39,2310.9333333333334,19.340000000000003,24.159999999999997,1173.0,81.0,0.5021347795984308,0.9309462915601023
2022,8479496,David Rittich,WPG,21,1121.6833333333334,-5.439999999999998,-3.9399999999999977,506.0,50.0,-0.2909912185554448,0.9011857707509882
2022,8479973,Stuart Skinner,EDM,50,2903.0833333333335,2.0,6.75,1537.0,133.0,0.04133536182794156,0.9134677944046845
2022,8479979,Jake Oettinger,DAL,62,3644.883333333333,6.710000000000008,11.819999999999993,1777.0,144.0,0.11045621030394219,0.9189645469893079
2022,8480042,Olle Eriksson Ek,ANA,1,63.983333333333334,-1.83,-1.7400000000000002,39.0,5.0,-1.7160718937223236,0.8717948717948718
2022,8480045,Ukko-Pekka Luukkonen,BUF,33,1910.2166666666667,-10.019999999999996,-5.010000000000005,1055.0,115.0,-0.3147286956976956,0.8909952606635071
2022,8480051,Cayden Primeau,MTL,3,138.58333333333334,-1.29,-1.2199999999999998,54.0,8.0,-0.5585087191822008,0.8518518518518519
2022,8480193,Daniil Tarasov,CBJ,17,874.1333333333333,-9.32,-7.32,528.0,57.0,-0.639719341061623,0.8920454545454546
2022,8480199,Eetu Makiniemi,SJS,2,84.33333333333333,0.33000000000000007,0.43000000000000016,32.0,3.0,0.23478260869565223,0.90625
2022,8480238,Jiri Patera,VGK,2,120.0,1.7000000000000002,2.0,70.0,5.0,0.8500000000000001,0.9285714285714286
2022,8480263,Dylan Ferguson,OTT,2,118.86666666666666,2.7800000000000002,2.9699999999999998,83.0,5.0,1.403252944475603,0.9397590361445783
2022,8480280,Jeremy Swayman,BOS,37,2012.9833333333333,18.069999999999993,24.0,953.0,76.0,0.5386035651893125,0.9202518363064008
2022,8480313,Logan Thompson,VGK,37,2171.366666666667,-3.6200000000000045,0.0799999999999983,1132.0,96.0,-0.10002916749819635,0.9151943462897526
2022,8480382,Alexandar Georgiev,COL,62,3700.3333333333335,12.169999999999987,21.919999999999987,1905.0,156.0,0.19733357355193204,0.9181102362204725
2022,8480420,Collin Delia,VAN,20,1135.6666666666667,-7.450000000000003,-4.270000000000003,526.0,62.0,-0.39360140886410344,0.8821292775665399
2022,8480843,Lukas Dostal,ANA,19,1062.7166666666667,-2.8299999999999983,-0.3199999999999932,679.0,67.0,-0.1597791822843968,0.9013254786450663
2022,8480867,Kevin Mandolese,OTT,3,182.2,2.4399999999999995,3.0199999999999996,119.0,10.0,0.8035126234906695,0.9159663865546218
2022,8480925,Pavel Francouz,COL,16,965.0833333333334,-1.9399999999999977,-0.5700000000000003,493.0,42.0,-0.12061134617045147,0.9148073022312373
2022,8480947,Kevin Lankinen,NSH,19,1069.1666666666667,6.270000000000003,8.57,583.0,49.0,0.3518628215120812,0.9159519725557461
2022,8480981,Joel Hofer,STL,6,317.2,-0.16000000000000014,0.3099999999999987,179.0,17.0,-0.03026481715006308,0.9050279329608939
2022,8481020,Justus Annunen,COL,2,117.33333333333333,-2.55,-2.3,48.0,7.0,-1.3039772727272727,0.8541666666666666
2022,8481031,Ivan Prosvetov,ARI,7,422.03333333333336,-3.4400000000000013,-1.7199999999999989,234.0,28.0,-0.48906089566384975,0.8803418803418803
2022,8481033,Akira Schmid,NJD,18,901.35,6.770000000000003,8.18,408.0,32.0,0.450657347312365,0.9215686274509804
2022,8481035,Samuel Ersson,PHI,12,644.9166666666666,0.20000000000000284,1.6799999999999997,327.0,33.0,0.018607055175087484,0.8990825688073394
2022,8481519,Spencer Knight,FLA,21,1168.75,-7.0,-4.479999999999997,627.0,62.0,-0.3593582887700535,0.9011164274322169
2022,8481544,Mads Sogaard,OTT,19,1047.75,-6.93,-4.829999999999998,524.0,58.0,-0.3968503937007874,0.8893129770992366
2022,8481611,Pyotr Kochetkov,CAR,24,1403.9333333333334,0.10999999999999943,4.920000000000002,627.0,57.0,0.004701077923927987,0.9090909090909091
2022,8481668,Arturs Silovs,VAN,5,305.93333333333334,-1.7200000000000006,-0.7699999999999996,152.0,14.0,-0.3373283939856179,0.9078947368421053
2022,8481692,Dustin Wolf,CGY,1,59.9,1.27,1.38,24.0,1.0,1.2721202003338898,0.9583333333333334
2022,8482137,Yaroslav Askarov,NSH,1,57.833333333333336,-0.3500000000000001,0.019999999999999574,35.0,4.0,-0.36311239193083583,0.8857142857142857
2022,8482221,Devon Levi,BUF,7,429.01666666666665,2.09,3.120000000000001,222.0,21.0,0.2922963365836603,0.9054054054054054
2022,8482447,Leevi Merilainen,OTT,2,85.08333333333333,-1.2599999999999998,-0.6799999999999997,49.0,6.0,-0.8885406464250734,0.8775510204081632
2022,8482821,Arvid Soderblom,CHI,15,835.2333333333333,-5.399999999999999,-3.789999999999999,453.0,48.0,-0.3879155525402082,0.8940397350993378
2022,8482982,Jet Greaves,CBJ,1,58.95,2.6900000000000004,3.0300000000000002,49.0,3.0,2.7379134860050893,0.9387755102040817
2022,8483158,Matthew Berlin,EDM,1,2.433333333333333,0.01,0.01,1.0,0.0,0.24657534246575347,1.0
2022,8483183,Jett Alexander,TOR,1,1.1666666666666667,0.0,0.0,0.0,0.0,0.0,
2022,8483530,Jaxson Stauber,CHI,6,363.5,0.8999999999999986,1.5599999999999987,191.0,17.0,0.14855570839064627,0.9109947643979057
2022,8483575,Matt Murray,DAL,3,177.03333333333333,-2.3,-2.0199999999999996,64.0,10.0,-0.7795142157785727,0.84375
2023,8470594,Marc-Andre Fleury,MIN,40,2232.6666666666665,-14.709999999999994,-11.11,1056.0,111.0,-0.39531203344281857,0.8948863636363636
2023,8471734,Jonathan Quick,NYR,27,1582.7333333333333,6.409999999999997,9.840000000000003,771.0,69.0,0.24299734636283213,0.9105058365758755
2023,8473503,James Reimer,DET,25,1352.6833333333334,-3.8299999999999983,-0.25,727.0,70.0,-0.16988455046142845,0.9037138927097662
2023,8473575,Semyon Varlamov,NYI,28,1594.7333333333333,6.109999999999999,9.14,837.0,69.0,0.22988169390911747,0.9175627240143369
2023,8474593,Jacob Markstrom,CGY,48,2831.116666666667,7.639999999999986,13.699999999999989,1379.0,131.0,0.16191490990009802,0.9050036258158085
2023,8474596,Jake Allen,NJD,34,1986.8833333333334,-8.469999999999999,-1.9200000000000017,1087.0,114.0,-0.25577747393321193,0.8951241950321988
2023,8474636,Michael Hutchinson,DET,1,57.8,-0.1499999999999999,-0.020000000000000018,36.0,3.0,-0.15570934256055355,0.9166666666666666
2023,8474889,Martin Jones,TOR,22,1169.6666666666667,3.039999999999999,6.299999999999997,574.0,56.0,0.15594186377885433,0.9024390243902439
2023,8475311,Darcy Kuemper,WSH,33,1866.5333333333333,-11.129999999999995,-4.790000000000006,940.0,103.0,-0.3577755553968139,0.8904255319148936
2023,8475660,Cam Talbot,LAK,54,3116.116666666667,2.6200000000000045,10.740000000000009,1491.0,130.0,0.050447405157059894,0.9128101945003353
2023,8475683,Sergei Bobrovsky,FLA,58,3414.233333333333,9.830000000000013,15.550000000000011,1584.0,135.0,0.1727474201138374,0.9147727272727273
2023,8475717,Calvin Pickard,EDM,23,1296.35,-1.990000000000002,0.09000000000000341,581.0,53.0,-0.09210475566012276,0.9087779690189328
2023,8475789,Jack Campbell,EDM,5,266.78333333333336,-4.210000000000001,-3.5500000000000007,157.0,20.0,-0.9468357593552822,0.8726114649681529
2023,8475809,Scott Wedgewood,DAL,32,1789.1333333333334,-11.819999999999993,-9.370000000000005,844.0,85.0,-0.3963930394604462,0.8992890995260664
2023,8475831,Philipp Grubauer,SEA,36,1996.6,-10.180000000000007,-5.849999999999994,941.0,95.0,-0.3059200641089855,0.8990435706695006
2023,8475839,Louis Domingue,NYR,1,60.0,1.2200000000000002,1.42,26.0,1.0,1.2200000000000002,0.9615384615384616
2023,8475852,Petr Mrazek,CHI,56,3152.6666666666665,-5.22999999999999,1.5999999999999943,1725.0,160.0,-0.099534785366885,0.9072463768115941
2023,8475883,Frederik Andersen,CAR,16,912.8833333333333,9.79,12.189999999999998,410.0,28.0,0.6434557172329433,0.9317073170731707
2023,8476316,Laurent Brossoit,WPG,23,1351.0333333333333,10.270000000000003,13.07,620.0,45.0,0.4560953344353706,0.9274193548387096
2023,8476341,Anton Forsberg,OTT,30,1569.9,-12.590000000000003,-7.319999999999993,765.0,84.0,-0.4811771450410855,0.8901960784313725
2023,8476412,Jordan Binnington,STL,57,3291.483333333333,8.580000000000013,16.5,1786.0,156.0,0.15640364779810545,0.9126539753639418
2023,8476433,Magnus Hellberg,PIT,3,119.88333333333334,1.62,1.88,64.0,5.0,0.8107882663700821,0.921875
2023,8476434,John Gibson,ANA,46,2561.483333333333,-16.47999999999999,-9.590000000000003,1343.0,151.0,-0.3860263258918984,0.8875651526433358
2023,8476876,Malcolm Subban,CBJ,1,60.0,1.2000000000000002,1.58,35.0,3.0,1.2000000000000002,0.9142857142857143
2023,8476883,Andrei Vasilevskiy,TBL,52,3062.866666666667,-10.77000000000001,-2.5200000000000102,1477.0,148.0,-0.21097882158326642,0.899796885578876
2023,8476904,Chris Driedger,SEA,2,119.58333333333333,0.6799999999999997,0.8499999999999996,60.0,5.0,0.3411846689895469,0.9166666666666666
2023,8476914,Joonas Korpisalo,OTT,55,3080.4666666666667,-24.610000000000014,-16.05000000000001,1522.0,168.0,-0.47934295669487326,0.8896189224704336
2023,8476932,Anthony Stolarz,FLA,27,1506.45,15.61,20.069999999999993,684.0,51.0,0.621726575724385,0.9254385964912281
2023,8476945,Connor Hellebuyck,WPG,60,3567.3333333333335,22.849999999999994,33.120000000000005,1798.0,142.0,0.384320687721921,0.9210233592880979
2023,8476999,Linus Ullmark,BOS,40,2400.133333333333,9.030000000000001,14.75,1208.0,103.0,0.22573745903005393,0.9147350993377483
2023,8477035,Matt Tomkins,TBL,6,360.21666666666664,-1.2399999999999984,0.39000000000000057,185.0,20.0,-0.20654235876555754,0.8918918918918919
2023,8477293,Antti Raanta,CAR,24,1265.1833333333334,-12.060000000000002,-9.259999999999998,493.0,63.0,-0.5719329214474846,0.8722109533468559
2023,8477361,Cal Petersen,PHI,5,276.9166666666667,-6.01,-5.32,132.0,18.0,-1.302196810111345,0.8636363636363636
2023,8477424,Juuse Saros,NSH,64,3624.633333333333,-11.430000000000007,-2.969999999999999,1845.0,173.0,-0.18920534490845065,0.9062330623306233
2023,8477465,Tristan Jarry,PIT,51,2740.633333333333,-3.259999999999991,2.6200000000000045,1369.0,133.0,-0.07137036451428483,0.9028487947406867
2023,8477480,Eric Comrie,BUF,10,519.9,-4.219999999999999,-2.9299999999999997,254.0,32.0,-0.48701673398730516,0.8740157480314961
2023,8477484,Spencer Martin,CAR,19,1072.2166666666667,-5.280000000000001,-2.759999999999998,533.0,59.0,-0.29546267079104044,0.8893058161350844
2023,8477831,Pheonix Copley,LAK,8,436.28333333333336,-3.9899999999999984,-2.66,177.0,23.0,-0.5487259808228595,0.8700564971751412
2023,8477967,Thatcher Demko,VAN,51,3015.883333333333,14.180000000000007,21.99000000000001,1492.0,123.0,0.2821064033201993,0.9175603217158177
2023,8477968,Alex Nedeljkovic,PIT,38,2060.4666666666667,-8.129999999999995,-3.299999999999997,1039.0,102.0,-0.2367424855210792,0.9018286814244466
2023,8477970,Vitek Vanecek,NJD,32,1791.8166666666666,-15.040000000000006,-11.150000000000006,862.0,95.0,-0.5036229524970005,0.8897911832946636
2023,8477992,Jonas Johansson,TBL,26,1477.4833333333333,-12.299999999999997,-8.86,752.0,83.0,-0.49949802028223655,0.8896276595744681
2023,8478007,Elvis Merzlikins,CBJ,41,2258.6666666666665,-12.230000000000004,-6.349999999999994,1266.0,130.0,-0.3248819362455727,0.8973143759873617
2023,8478009,Ilya Sorokin,NYI,56,3325.983333333333,-7.800000000000011,1.4300000000000068,1822.0,167.0,-0.14071026613683194,0.9083424807903403
2023,8478024,Ville Husso,DET,19,1012.9166666666666,-7.630000000000003,-4.939999999999998,556.0,60.0,-0.45196215549156743,0.8920863309352518
2023,8478039,Kaapo Kahkonen,NJD,37,1914.2166666666667,-4.819999999999993,1.3599999999999994,1139.0,116.0,-0.1510800762714076,0.8981562774363476
2023,8478048,Igor Shesterkin,NYR,55,3277.1,3.4399999999999977,12.080000000000013,1607.0,141.0,0.06298251502853128,0.9122588674548848
2023,8478406,Mackenzie Blackwood,SJS,44,2437.133333333333,-5.6299999999999955,2.4499999999999886,1383.0,140.0,-0.1386054654375358,0.8987707881417208
2023,8478433,Felix Sandstrom,PHI,5,263.48333333333335,-6.73,-6.1,96.0,17.0,-1.5325447529888039,0.8229166666666666
2023,8478435,Dan Vladar,CGY,20,1128.5166666666667,-15.909999999999997,-12.520000000000003,574.0,68.0,-0.8458891465197677,0.8815331010452961
2023,8478470,Sam Montembeault,MTL,41,2428.766666666667,-2.8900000000000006,3.3400000000000034,1307.0,127.0,-0.0713942604614139,0.9028309104820199
2023,8478492,Ilya Samsonov,TOR,40,2300.9666666666667,-12.590000000000003,-8.14,1087.0,120.0,-0.3282968027930291,0.889604415823367
2023,8478499,Adin Hill,VGK,35,1968.8166666666666,1.2800000000000011,6.400000000000006,979.0,89.0,0.03900820289683316,0.9090909090909091
2023,8478872,Karel Vejmelka,ARI,38,2040.1333333333334,-14.450000000000003,-6.670000000000002,1091.0,114.0,-0.4249722240376447,0.8955087076076994
2023,8478905,Ivan Fedotov,PHI,3,121.15,-5.44,-5.37,53.0,10.0,-2.6941807676434175,0.8113207547169812
2023,8478916,Joey Daccord,SEA,50,2832.7833333333333,-0.8900000000000006,3.760000000000005,1374.0,116.0,-0.018850718080568592,0.9155749636098981
2023,8478965,Kenneth Appleby,NYI,1,20.0,-1.3,-1.3,8.0,2.0,-3.9000000000000004,0.75
2023,8478971,Connor Ingram,ARI,50,2802.9333333333334,1.2700000000000102,8.310000000000002,1461.0,136.0,0.027185805346779782,0.9069130732375086
2023,8479193,Casey DeSmith,VAN,29,1663.4833333333333,-5.049999999999997,-0.4200000000000017,760.0,80.0,-0.18214790249376298,0.8947368421052632
2023,8479292,Charlie Lindgren,WSH,50,2852.383333333333,4.8700000000000045,10.539999999999992,1431.0,127.0,0.10244064904787234,0.9112508735150244
2023,8479312,Alex Lyon,DET,44,2498.85,-4.599999999999994,2.1100000000000136,1325.0,127.0,-0.11045080737139071,0.9041509433962264
2023,8479361,Joseph Woll,TOR,25,1471.65,2.980000000000004,7.170000000000002,772.0,72.0,0.12149627968606683,0.9067357512953368
2023,8479394,Carter Hart,PHI,26,1455.1833333333334,-4.670000000000002,-0.7000000000000028,727.0,68.0,-0.19255305746125925,0.90646492434663
2023,8479406,Filip Gustavsson,MIN,45,2526.55,-10.260000000000005,-4.840000000000003,1283.0,129.0,-0.24365241139102742,0.8994544037412315
2023,8479496,David Rittich,LAK,24,1364.5166666666667,11.399999999999999,13.82,621.0,49.0,0.5012763982362496,0.9210950080515298
2023,8479973,Stuart Skinner,EDM,59,3361.35,-4.349999999999994,1.9799999999999898,1553.0,147.0,-0.07764737382301744,0.9053444945267225
2023,8479979,Jake Oettinger,DAL,54,3084.5833333333335,-3.8400000000000034,1.9499999999999886,1476.0,140.0,-0.07469404295555862,0.9051490514905149
2023,8480045,Ukko-Pekka Luukkonen,BUF,54,3081.233333333333,3.3400000000000034,9.449999999999989,1470.0,132.0,0.0650388913530297,0.9102040816326531
2023,8480051,Cayden Primeau,MTL,23,1324.8333333333333,0.23000000000000398,3.5799999999999983,731.0,66.0,0.010416404579192531,0.9097127222982216
2023,8480191,Matt Villalta,ARI,2,71.96666666666667,-2.47,-2.46,29.0,5.0,-2.0592867068087077,0.8275862068965517
2023,8480193,Daniil Tarasov,CBJ,24,1376.4666666666667,-4.209999999999994,0.04000000000000625,796.0,73.0,-0.18351334334285824,0.9082914572864321
2023,8480238,Jiri Patera,VGK,6,316.76666666666665,-4.75,-3.969999999999999,196.0,21.0,-0.8997158791960433,0.8928571428571429
2023,8480280,Jeremy Swayman,BOS,44,2565.85,12.439999999999998,18.409999999999997,1287.0,108.0,0.290897753181207,0.916083916083916
2023,8480313,Logan Thompson,VGK,46,2645.4666666666667,-0.9699999999999989,4.560000000000002,1298.0,119.0,-0.021999899198629075,0.9083204930662557
2023,8480382,Alexandar Georgiev,COL,63,3637.95,-7.1299999999999955,4.969999999999999,1771.0,183.0,-0.11759369974848466,0.8966685488424619
2023,8480843,Lukas Dostal,ANA,44,2322.8166666666666,-13.760000000000005,-5.269999999999996,1310.0,129.0,-0.3554305476827703,0.9015267175572519
2023,8480947,Kevin Lankinen,NSH,24,1191.4166666666667,1.4500000000000028,4.079999999999998,610.0,56.0,0.07302231237322529,0.9081967213114754
2023,8480981,Joel Hofer,STL,30,1628.65,6.409999999999997,10.329999999999998,831.0,72.0,0.236146501703865,0.9133574007220217
2023,8480992,Magnus Chrona,SJS,9,471.25,-10.309999999999999,-7.620000000000001,262.0,37.0,-1.312679045092838,0.8587786259541985
2023,8481020,Justus Annunen,COL,14,801.0833333333334,8.939999999999998,11.509999999999998,414.0,30.0,0.6695932591282636,0.927536231884058
2023,8481031,Ivan Prosvetov,COL,11,494.18333333333334,-1.2600000000000016,0.870000000000001,248.0,26.0,-0.15297966341776015,0.8951612903225806
2023,8481033,Akira Schmid,NJD,19,914.15,-5.549999999999997,-3.049999999999997,457.0,48.0,-0.3642728217469779,0.8949671772428884
2023,8481035,Samuel Ersson,PHI,51,2809.4666666666667,-11.840000000000003,-4.760000000000005,1204.0,132.0,-0.25285938019078363,0.8903654485049834
2023,8481544,Mads Sogaard,OTT,6,281.56666666666666,-10.44,-10.29,135.0,19.0,-2.224695158044276,0.8592592592592593
2023,8481611,Pyotr Kochetkov,CAR,42,2371.483333333333,-2.8499999999999943,0.6800000000000068,1031.0,92.0,-0.07210676861879681,0.9107662463627546
2023,8481668,Arturs Silovs,VAN,4,243.21666666666667,-0.8200000000000003,-0.02999999999999936,84.0,10.0,-0.20228876858767908,0.8809523809523809
2023,8481692,Dustin Wolf,CGY,17,950.5,-11.32,-10.07,467.0,50.0,-0.7145712782745923,0.892933618843683
2023,8482076,Nico Daws,NJD,21,1144.05,-4.960000000000001,-2.6000000000000014,568.0,60.0,-0.26012849088763607,0.8943661971830986
2023,8482137,Yaroslav Askarov,NSH,2,81.66666666666667,1.62,1.8599999999999999,35.0,2.0,1.1902040816326531,0.9428571428571428
2023,8482221,Devon Levi,BUF,23,1294.9,5.980000000000004,10.659999999999997,666.0,67.0,0.27708703374777993,0.8993993993993994
2023,8482411,Hunter Shepard,WSH,4,244.83333333333334,-0.47000000000000064,-0.009999999999999787,123.0,13.0,-0.11518039482641268,0.8943089430894309
2023,8482445,Devin Cooley,SJS,6,301.48333333333335,-7.390000000000001,-6.02,192.0,25.0,-1.4707280667809166,0.8697916666666666
2023,8482661,Jesper Wallstedt,MIN,3,179.28333333333333,-2.8899999999999997,-2.67,87.0,9.0,-0.9671841591521798,0.896551724137931
2023,8482821,Arvid Soderblom,CHI,32,1744.3333333333333,-22.950000000000003,-18.230000000000004,943.0,114.0,-0.7894133384291994,0.8791092258748674
2023,8482982,Jet Greaves,CBJ,9,515.8666666666667,0.5599999999999987,3.8599999999999994,327.0,30.0,0.06513310933057623,0.908256880733945
2023,8483575,Matt Murray,DAL,1,60.0,2.0,2.04,23.0,0.0,2.0,1.0
2023,8484293,Yaniv Perets,CAR,1,12.766666666666667,0.08,0.08,1.0,0.0,0.37597911227154046,1.0
2023,8484312,Georgi Romanov,SJS,2,59.25,1.83,1.9900000000000002,30.0,1.0,1.8531645569620254,0.9666666666666667
2024,8470594,Marc-Andre Fleury,MIN,26,1390.2666666666667,-10.57,-8.079999999999998,670.0,68.0,-0.45617147789392926,0.8985074626865672
2024,8471734,Jonathan Quick,NYR,24,1325.6833333333334,-7.520000000000003,-5.3799999999999955,657.0,70.0,-0.3403527740410607,0.893455098934551
2024,8473503,James Reimer,BUF,24,1362.8333333333333,3.6299999999999955,8.010000000000005,664.0,69.0,0.15981411275528903,0.8960843373493976
2024,8473575,Semyon Varlamov,NYI,10,602.4,-1.9400000000000013,-0.6600000000000001,262.0,29.0,-0.19322709163346627,0.8893129770992366
2024,8474593,Jacob Markstrom,NJD,49,2903.016666666667,-3.6700000000000017,3.430000000000007,1214.0,121.0,-0.07585213082942459,0.9003294892915981
2024,8474596,Jake Allen,NJD,31,1738.1666666666667,10.870000000000005,18.42,821.0,77.0,0.37522293604372436,0.9062119366626066
2024,8474682,Dustin Tokarski,CAR,6,358.31666666666666,-1.6300000000000008,-1.25,132.0,13.0,-0.272942927578027,0.9015151515151515
2024,8475311,Darcy Kuemper,LAK,50,2973.65,17.790000000000006,22.510000000000005,1268.0,100.0,0.35895280211188285,0.9211356466876972
2024,8475660,Cam Talbot,DET,47,2642.1666666666665,3.8499999999999943,12.800000000000011,1296.0,129.0,0.08742824701949145,0.900462962962963
2024,8475683,Sergei Bobrovsky,FLA,54,3199.983333333333,0.710000000000008,7.240000000000009,1377.0,130.0,0.013312569336298777,0.90559186637618
2024,8475717,Calvin Pickard,EDM,36,1881.7166666666667,-11.959999999999994,-9.090000000000003,849.0,85.0,-0.3813539055649538,0.8998822143698468
2024,8475809,Scott Wedgewood,COL,24,1373.0833333333333,0.8200000000000003,3.1700000000000017,578.0,53.0,0.035831765491290905,0.9083044982698962
2024,8475831,Philipp Grubauer,SEA,26,1460.4833333333333,-19.060000000000002,-16.299999999999997,681.0,85.0,-0.7830284494859009,0.8751835535976505
2024,8475839,Louis Domingue,NYR,1,60.0,-0.17999999999999994,-0.07000000000000006,27.0,2.0,-0.17999999999999994,0.9259259259259259
2024,8475852,Petr Mrazek,DET,38,2080.116666666667,-18.599999999999994,-13.969999999999999,1066.0,116.0,-0.5365083689216148,0.8911819887429644
2024,8475883,Frederik Andersen,CAR,22,1319.5166666666667,5.0,8.950000000000003,546.0,55.0,0.22735597630445492,0.8992673992673993
2024,8476341,Anton Forsberg,OTT,30,1676.5333333333333,-0.8499999999999943,2.230000000000004,768.0,76.0,-0.030419914108477608,0.9010416666666666
2024,8476412,Jordan Binnington,STL,56,3238.983333333333,-4.460000000000008,5.25,1457.0,145.0,-0.08261851712728803,0.9004804392587509
2024,8476434,John Gibson,ANA,29,1562.15,10.189999999999998,15.340000000000003,812.0,72.0,0.3913836699420669,0.9113300492610837
2024,8476883,Andrei Vasilevskiy,TBL,63,3743.0833333333335,19.879999999999995,29.159999999999997,1717.0,136.0,0.318667764988757,0.9207920792079208
2024,8476899,Matt Murray,TOR,2,118.65,-2.6399999999999997,-2.58,58.0,7.0,-1.3350189633375473,0.8793103448275862
2024,8476914,Joonas Korpisalo,BOS,27,1529.7,-4.6200000000000045,-1.6500000000000057,693.0,74.0,-0.1812120023534028,0.8932178932178932
2024,8476932,Anthony Stolarz,TOR,34,1986.9,18.92,25.78,955.0,71.0,0.5713422920126832,0.9256544502617801
2024,8476945,Connor Hellebuyck,WPG,63,3741.366666666667,31.539999999999992,39.59,1664.0,125.0,0.5058044743008346,0.9248798076923077
2024,8476999,Linus Ullmark,OTT,44,2467.2833333333333,4.859999999999999,13.840000000000003,1230.0,112.0,0.11818666954882899,0.9089430894308943
2024,8477405,Marcus Hogberg,NYI,15,728.2166666666667,-7.729999999999997,-5.770000000000003,335.0,41.0,-0.6368983590048747,0.8776119402985074
2024,8477424,Juuse Saros,NSH,58,3357.8166666666666,-14.789999999999992,-7.4199999999999875,1593.0,167.0,-0.26427887168745545,0.8951663527934715
2024,8477465,Tristan Jarry,PIT,36,2019.9,-9.670000000000002,-4.670000000000002,972.0,105.0,-0.2872419426704293,0.8919753086419753
2024,8477480,Eric Comrie,WPG,20,1179.55,0.8800000000000026,2.469999999999999,547.0,47.0,0.044762833283879574,0.9140767824497258
2024,8477484,Spencer Martin,CAR,9,415.98333333333335,-9.280000000000001,-8.54,175.0,27.0,-1.3385151648703875,0.8457142857142858
2024,8477831,Pheonix Copley,LAK,1,27.483333333333334,-1.06,-0.99,12.0,2.0,-2.314129775621589,0.8333333333333334
2024,8477967,Thatcher Demko,VAN,23,1301.9666666666667,-2.1300000000000026,1.4399999999999977,569.0,63.0,-0.09815919506387784,0.8892794376098418
2024,8477968,Alex Nedeljkovic,PIT,38,2150.85,-7.269999999999996,-0.980000000000004,1054.0,112.0,-0.2028035427854103,0.8937381404174574
2024,8477970,Vitek Vanecek,FLA,25,1393.6333333333334,-12.540000000000006,-8.530000000000001,724.0,84.0,-0.5398837570857952,0.8839779005524862
2024,8477990,Brandon Halverson,TBL,1,57.95,-2.24,-2.07,24.0,5.0,-2.3192407247627265,0.7916666666666666
2024,8477992,Jonas Johansson,TBL,19,1110.25,-4.659999999999997,-1.0499999999999972,554.0,58.0,-0.25183517225850016,0.8953068592057761
2024,8478007,Elvis Merzlikins,CBJ,53,3170.9166666666665,-15.52000000000001,-8.169999999999987,1557.0,168.0,-0.2936690231531368,0.8921001926782274
2024,8478009,Ilya Sorokin,NYI,61,3498.85,7.460000000000008,17.539999999999992,1696.0,158.0,0.12792774768852638,0.9068396226415094
2024,8478024,Ville Husso,ANA,13,639.7666666666667,-6.0,-4.920000000000002,336.0,37.0,-0.5627051529203355,0.8898809523809523
2024,8478039,Kaapo Kahkonen,COL,1,58.266666666666666,-2.21,-2.15,20.0,4.0,-2.275743707093821,0.8
2024,8478048,Igor Shesterkin,NYR,61,3505.133333333333,11.900000000000006,21.560000000000002,1751.0,167.0,0.20370123818399694,0.9046259280411193
2024,8478406,Mackenzie Blackwood,COL,56,3223.633333333333,6.310000000000002,13.319999999999993,1550.0,137.0,0.11744511886173992,0.9116129032258065
2024,8478435,Dan Vladar,CGY,30,1781.0333333333333,-2.8100000000000023,0.9099999999999966,810.0,83.0,-0.09466414628212096,0.8975308641975308
2024,8478470,Sam Montembeault,MTL,62,3533.983333333333,12.310000000000002,24.590000000000003,1679.0,166.0,0.20899928786685473,0.901131625967838
2024,8478492,Ilya Samsonov,VGK,29,1745.3666666666666,-4.019999999999996,0.6099999999999994,752.0,82.0,-0.13819445770707192,0.8909574468085106
2024,8478499,Adin Hill,VGK,50,2940.2166666666667,6.670000000000002,14.530000000000001,1293.0,121.0,0.13611241801908025,0.9064191802010828
2024,8478848,Ales Stezka,SEA,1,58.333333333333336,-0.52,-0.45999999999999996,23.0,3.0,-0.5348571428571429,0.8695652173913043
2024,8478872,Karel Vejmelka,UTA,58,3368.3333333333335,7.710000000000008,14.180000000000007,1509.0,145.0,0.13733795150915404,0.9039098740888005
2024,8478905,Ivan Fedotov,PHI,26,1429.0166666666667,-16.04,-13.64,624.0,75.0,-0.6734701018182666,0.8798076923076923
2024,8478916,Joey Daccord,SEA,57,3295.25,9.099999999999994,19.05000000000001,1600.0,151.0,0.16569304301646298,0.905625
2024,8478971,Connor Ingram,UTA,22,1210.1166666666666,-13.82,-11.64,558.0,66.0,-0.685223187846902,0.8817204301075269
2024,8479193,Casey DeSmith,DAL,27,1504.5,12.75,15.86,761.0,65.0,0.5084745762711864,0.9145860709592641
2024,8479292,Charlie Lindgren,WSH,39,2287.0,-6.5,-0.9699999999999989,987.0,104.0,-0.1705290773939659,0.894630192502533
2024,8479312,Alex Lyon,DET,30,1559.6333333333334,-1.7099999999999937,2.3700000000000045,705.0,73.0,-0.06578469298339329,0.8964539007092198
2024,8479361,Joseph Woll,TOR,42,2442.3333333333335,9.400000000000006,16.849999999999994,1216.0,111.0,0.23092670943087223,0.9087171052631579
2024,8479406,Filip Gustavsson,MIN,58,3423.5833333333335,6.8700000000000045,15.319999999999993,1693.0,146.0,0.1204001655185844,0.9137625516834023
2024,8479496,David Rittich,LAK,34,1860.4666666666667,-14.239999999999995,-11.379999999999995,772.0,88.0,-0.45923961730031876,0.8860103626943006
2024,8479973,Stuart Skinner,EDM,51,2942.45,-7.930000000000007,-1.5200000000000102,1325.0,138.0,-0.16170198304134323,0.8958490566037736
2024,8479979,Jake Oettinger,DAL,58,3410.0666666666666,1.5800000000000125,10.650000000000006,1611.0,147.0,0.02780004300991205,0.9087523277467412
2024,8480045,Ukko-Pekka Luukkonen,BUF,55,3172.2166666666667,-18.110000000000014,-8.580000000000013,1490.0,169.0,-0.34253650181523987,0.8865771812080537
2024,8480051,Cayden Primeau,MTL,11,523.7,-11.02,-9.469999999999999,250.0,41.0,-1.262554897842276,0.836
2024,8480191,Matt Villalta,UTA,1,60.0,0.2400000000000002,0.7200000000000002,31.0,3.0,0.2400000000000002,0.9032258064516129
2024,8480193,Daniil Tarasov,CBJ,20,1100.4166666666667,-7.880000000000003,-4.359999999999999,544.0,65.0,-0.42965543354789865,0.8805147058823529
2024,8480280,Jeremy Swayman,BOS,58,3390.5833333333335,-15.949999999999989,-9.099999999999994,1632.0,176.0,-0.28225231646471827,0.892156862745098
2024,8480313,Logan Thompson,WSH,43,2535.15,17.97,25.960000000000008,1172.0,105.0,0.42530027809005383,0.9104095563139931
2024,8480382,Alexandar Georgiev,SJS,49,2671.8,-27.310000000000002,-17.94999999999999,1317.0,165.0,-0.6132944082640917,0.8747152619589977
2024,8480819,Jakub Skarek,NYI,2,76.15,-2.43,-2.39,39.0,5.0,-1.9146421536441234,0.8717948717948718
2024,8480843,Lukas Dostal,ANA,54,3057.65,5.099999999999994,14.349999999999994,1625.0,158.0,0.10007685640933385,0.9027692307692308
2024,8480885,Olivier Rodrigue,EDM,2,77.41666666666667,-0.7599999999999998,-0.6499999999999999,29.0,4.0,-0.589020452099031,0.8620689655172413
2024,8480947,Kevin Lankinen,VAN,51,3019.7833333333333,-5.719999999999999,0.09000000000000341,1345.0,132.0,-0.1136505378421189,0.9018587360594795
2024,8480981,Joel Hofer,STL,31,1678.8166666666666,-7.180000000000007,-4.340000000000003,767.0,74.0,-0.25660931807126075,0.9035202086049544
2024,8481020,Justus Annunen,NSH,34,1789.8166666666666,-13.5,-9.099999999999994,814.0,95.0,-0.45256031809589436,0.8832923832923834
2024,8481033,Akira Schmid,VGK,5,238.1,2.2199999999999998,2.3600000000000003,90.0,5.0,0.5594288114237715,0.9444444444444444
2024,8481035,Samuel Ersson,PHI,47,2601.7833333333333,-25.159999999999997,-19.879999999999995,1162.0,136.0,-0.5802174149781879,0.882960413080895
2024,8481519,Spencer Knight,CHI,38,2202.85,1.9699999999999989,6.900000000000006,1012.0,100.0,0.05365776153619172,0.9011857707509882
2024,8481529,Trent Miner,COL,2,91.63333333333334,-1.67,-1.65,33.0,4.0,-1.0934885412877409,0.8787878787878788
2024,8481544,Mads Sogaard,OTT,2,91.55,-3.01,-1.79,40.0,8.0,-1.972692517749863,0.8
2024,8481611,Pyotr Kochetkov,CAR,47,2790.7,0.030000000000001137,5.989999999999995,1172.0,121.0,0.0006449994625004724,0.8967576791808873
2024,8481668,Arturs Silovs,VAN,10,542.5166666666667,-11.030000000000001,-10.170000000000002,238.0,33.0,-1.2198703572854905,0.8613445378151261
2024,8481692,Dustin Wolf,CGY,53,3182.366666666667,5.090000000000003,11.930000000000007,1549.0,140.0,0.0959663143781882,0.9096191091026469
2024,8481707,Erik Portillo,LAK,1,58.61666666666667,1.5499999999999998,1.7400000000000002,29.0,1.0,1.586579471140176,0.9655172413793104
2024,8482076,Nico Daws,NJD,6,262.85,4.49,4.949999999999999,114.0,7.0,1.0249191554118318,0.9385964912280702
2024,8482123,Drew Commesso,CHI,2,71.35,-0.4500000000000002,-0.16000000000000014,26.0,4.0,-0.3784162578836722,0.8461538461538461
2024,8482137,Yaroslav Askarov,SJS,13,716.8,-0.07000000000000028,1.6899999999999977,357.0,37.0,-0.005859375000000024,0.896358543417367
2024,8482221,Devon Levi,BUF,9,480.6333333333333,-9.030000000000001,-8.030000000000001,258.0,33.0,-1.127262639572786,0.872093023255814
2024,8482411,Hunter Shepard,WSH,1,60.0,-3.79,-3.77,26.0,7.0,-3.7899999999999996,0.7307692307692308
2024,8482446,Joel Blomqvist,PIT,15,772.45,-6.740000000000002,-4.670000000000002,425.0,49.0,-0.5235290310052432,0.8847058823529412
2024,8482447,Leevi Merilinen,OTT,12,662.9833333333333,4.539999999999999,6.75,295.0,22.0,0.4108700570652856,0.9254237288135593
2024,8482487,Jakub Dobes,MTL,16,874.7833333333333,5.560000000000002,9.030000000000001,440.0,40.0,0.38135157277040044,0.9090909090909091
2024,8482657,Sebastian Cossa,DET,1,45.0,-0.3700000000000001,-0.33000000000000007,14.0,2.0,-0.49333333333333346,0.8571428571428572
2024,8482661,Jesper Wallstedt,MIN,2,117.43333333333334,-2.8899999999999997,-2.7,51.0,8.0,-1.4765824581322735,0.8431372549019608
2024,8482668,Tristan Lennox,NYI,1,4.716666666666667,-0.94,-0.94,2.0,1.0,-11.957597173144876,0.5
2024,8482783,Aleksei Kolosov,PHI,17,901.9166666666666,-10.969999999999999,-8.990000000000002,406.0,54.0,-0.7297791739813361,0.8669950738916257
2024,8482821,Arvid Soderblom,CHI,36,2096.5,-4.890000000000001,0.9599999999999937,1087.0,111.0,-0.1399475316002862,0.8978840846366145
2024,8482982,Jet Greaves,CBJ,11,660.1,12.36,14.46,339.0,21.0,1.1234661414937128,0.9380530973451328
2024,8483530,Jaxson Stauber,UTA,6,313.18333333333334,-0.379999999999999,0.4299999999999997,158.0,17.0,-0.07280080889787645,0.8924050632911392
2024,8483532,Clay Stevenson,WSH,1,60.0,-1.37,-1.23,38.0,5.0,-1.37,0.868421052631579
2024,8483668,Nikke Kokko,SEA,1,29.95,-1.42,-1.42,6.0,2.0,-2.8447412353923207,0.6666666666666667
2024,8483710,Dennis Hildeby,TOR,6,360.81666666666666,-4.970000000000001,-4.35,157.0,20.0,-0.8264584969282647,0.8726114649681529
2024,8484268,Nikita Tolopilo,VAN,2,83.65,-0.98,-0.9700000000000002,24.0,3.0,-0.702928870292887,0.875
2024,8484293,Yaniv Perets,CAR,1,8.2,-0.13,-0.030000000000000027,7.0,1.0,-0.9512195121951219,0.8571428571428572
2024,8484312,Georgi Romanov,SJS,8,416.93333333333334,-6.18,-5.469999999999999,219.0,27.0,-0.8893508154780939,0.8767123287671232
2024,8484910,Victor Ostman,SEA,1,20.0,1.22,1.44,12.0,0.0,3.66,1.0
2025,8471734,Jonathan Quick,NYR,25,1418.0,-9.89,-6.390000000000001,671.0,73.0,-0.41847672778561357,0.8912071535022354
2025,8473503,James Reimer,OTT,14,817.7833333333333,-2.7300000000000004,-0.6799999999999997,289.0,33.0,-0.2002975523264109,0.8858131487889274
2025,8474593,Jacob Markstrom,NJD,44,2544.016666666667,-18.36,-11.930000000000007,1113.0,130.0,-0.4330160310794609,0.8831985624438454
2025,8474596,Jake Allen,NJD,37,2186.5666666666666,1.5699999999999932,6.349999999999994,1032.0,100.0,0.04308123847127136,0.9031007751937985
2025,8475311,Darcy Kuemper,LAK,50,2887.983333333333,-12.540000000000006,-5.77000000000001,1234.0,134.0,-0.2605278192972029,0.8914100486223663
2025,8475660,Cam Talbot,DET,34,1750.1833333333334,-15.989999999999995,-13.11,796.0,93.0,-0.5481711439753929,0.8831658291457286
2025,8475683,Sergei Bobrovsky,FLA,52,3009.65,-20.19999999999999,-12.150000000000006,1250.0,154.0,-0.40270463342913604,0.8768
2025,8475717,Calvin Pickard,EDM,16,864.1333333333333,-7.259999999999998,-3.539999999999999,410.0,53.0,-0.5040888751735841,0.8707317073170732
2025,8475809,Scott Wedgewood,COL,45,2549.0666666666666,18.459999999999994,23.120000000000005,1093.0,86.0,0.43451197824040155,0.9213174748398902
2025,8475831,Philipp Grubauer,SEA,32,1791.1,1.7099999999999937,5.650000000000006,866.0,79.0,0.057283233766958645,0.9087759815242494
2025,8475852,Petr Mrazek,ANA,10,515.8833333333333,-9.629999999999999,-7.969999999999999,247.0,35.0,-1.1200206765095466,0.8582995951417004
2025,8475883,Frederik Andersen,CAR,35,2101.866666666667,-8.780000000000001,-3.3100000000000023,849.0,107.0,-0.2506343567622431,0.8739693757361602
2025,8476316,Laurent Brossoit,SJS,1,59.15,-2.44,-2.35,24.0,6.0,-2.475063398140321,0.75
2025,8476341,Anton Forsberg,LAK,36,2032.1,3.489999999999995,9.409999999999997,954.0,87.0,0.10304610993553452,0.9088050314465409
2025,8476412,Jordan Binnington,STL,41,2307.8,-27.510000000000005,-22.39,1010.0,128.0,-0.7152266227576047,0.8732673267326733
2025,8476434,John Gibson,DET,57,3181.233333333333,5.199999999999989,11.72999999999999,1461.0,144.0,0.09807517000743925,0.9014373716632443
2025,8476883,Andrei Vasilevskiy,TBL,58,3430.75,15.550000000000011,24.74000000000001,1485.0,132.0,0.27195219704146345,0.9111111111111111
2025,8476899,Matt Murray,SEA,5,216.88333333333333,2.4399999999999995,2.7799999999999994,102.0,8.0,0.6750172904019056,0.9215686274509804
2025,8476914,Joonas Korpisalo,BOS,31,1713.0833333333333,-5.1299999999999955,-0.9500000000000028,851.0,90.0,-0.17967602276596767,0.8942420681551116
2025,8476932,Anthony Stolarz,TOR,26,1389.25,-9.120000000000005,-6.689999999999998,708.0,76.0,-0.39388159078639573,0.8926553672316384
2025,8476945,Connor Hellebuyck,WPG,57,3401.45,-5.1299999999999955,5.539999999999992,1547.0,162.0,-0.09049082009143151,0.8952811893988365
2025,8476999,Linus Ullmark,OTT,49,2883.4666666666667,-18.430000000000007,-12.810000000000002,1198.0,131.0,-0.3834967169148249,0.8906510851419032
2025,8477405,Marcus Hogberg,NYI,1,13.483333333333333,-1.63,-1.63,7.0,2.0,-7.253399258343634,0.7142857142857143
2025,8477424,Juuse Saros,NSH,59,3432.55,-17.689999999999998,-9.27000000000001,1700.0,181.0,-0.3092161803906716,0.8935294117647059
2025,8477465,Tristan Jarry,EDM,33,1773.6166666666666,-8.75,-4.1299999999999955,832.0,98.0,-0.29600533749306973,0.8822115384615384
2025,8477480,Eric Comrie,WPG,25,1381.5,-5.269999999999996,-0.6500000000000057,654.0,72.0,-0.22888165038002156,0.8899082568807339
2025,8477484,Spencer Martin,NYR,6,290.65,-5.199999999999999,-4.140000000000001,147.0,20.0,-1.0734560467916738,0.8639455782312925
2025,8477831,Pheonix Copley,LAK,1,58.56666666666667,-0.8500000000000001,-0.7999999999999998,28.0,3.0,-0.8708025042686397,0.8928571428571429
2025,8477967,Thatcher Demko,VAN,20,1115.8666666666666,-0.490000000000002,1.9799999999999969,515.0,54.0,-0.02634723383916847,0.8951456310679612
2025,8477968,Alex Nedeljkovic,SJS,40,2277.9666666666667,-6.650000000000006,-1.1700000000000017,1048.0,109.0,-0.17515620655848066,0.8959923664122137
2025,8477970,Vitek Vanecek,UTA,22,1206.25,-4.850000000000001,-1.9799999999999969,506.0,59.0,-0.24124352331606227,0.883399209486166
2025,8477990,Brandon Halverson,TBL,2,56.88333333333333,-1.7999999999999998,-1.7200000000000002,21.0,4.0,-1.8986229123937883,0.8095238095238095
2025,8477992,Jonas Johansson,TBL,25,1423.5166666666667,-14.549999999999997,-10.430000000000007,670.0,78.0,-0.6132699535188675,0.8835820895522388
2025,8478007,Elvis Merzlikins,CBJ,30,1678.6166666666666,-12.969999999999999,-7.299999999999997,812.0,95.0,-0.46359601656125576,0.8830049261083743
2025,8478009,Ilya Sorokin,NYI,55,3226.1666666666665,14.990000000000009,25.30000000000001,1530.0,144.0,0.2787828692462677,0.9058823529411765
2025,8478024,Ville Husso,ANA,20,1145.6333333333334,-5.990000000000002,-3.1499999999999986,534.0,62.0,-0.31371293898571395,0.8838951310861423
2025,8478048,Igor Shesterkin,NYR,51,3024.2166666666667,11.870000000000005,21.25,1425.0,126.0,0.23549899974097985,0.911578947368421
2025,8478406,Mackenzie Blackwood,COL,38,2155.6666666666665,2.019999999999996,8.299999999999997,933.0,90.0,0.05622390598422751,0.9035369774919614
2025,8478435,Dan Vladar,PHI,52,2995.2166666666667,8.639999999999986,13.759999999999991,1283.0,121.0,0.17307596000289324,0.9056897895557288
2025,8478470,Samuel Montembeault,MTL,25,1418.2,-10.810000000000002,-4.920000000000002,635.0,81.0,-0.4573402905090961,0.8724409448818897
2025,8478499,Adin Hill,VGK,27,1497.8166666666666,-17.67,-14.170000000000002,587.0,76.0,-0.7078302863056227,0.8705281090289608
2025,8478872,Karel Vejmelka,UTA,64,3692.9333333333334,-1.4799999999999898,6.9199999999999875,1627.0,169.0,-0.024045925551503606,0.8961278426551936
2025,8478916,Joey Daccord,SEA,47,2693.2166666666667,-11.310000000000002,-6.159999999999997,1309.0,136.0,-0.25196635992895733,0.8961038961038961
2025,8478971,Connor Ingram,EDM,32,1778.2333333333333,-2.760000000000005,1.6599999999999966,763.0,77.0,-0.09312613642754061,0.8990825688073394
2025,8479193,Casey DeSmith,DAL,30,1755.0,5.3799999999999955,10.519999999999996,760.0,71.0,0.1839316239316238,0.906578947368421
2025,8479292,Charlie Lindgren,WSH,21,1246.0333333333333,-9.240000000000002,-5.290000000000006,602.0,73.0,-0.4449319172841819,0.8787375415282392
2025,8479312,Alex Lyon,BUF,36,1992.0166666666667,6.6299999999999955,12.629999999999995,980.0,92.0,0.19969712435471576,0.9061224489795918
2025,8479361,Joseph Woll,TOR,39,2230.0666666666666,-11.620000000000005,-6.599999999999994,1221.0,124.0,-0.3126363935308363,0.8984438984438985
2025,8479394,Carter Hart,VGK,18,1019.7833333333333,-6.25,-4.200000000000003,422.0,46.0,-0.36772517037932895,0.8909952606635071
2025,8479406,Filip Gustavsson,MIN,50,2967.9166666666665,-5.400000000000006,1.3799999999999955,1378.0,133.0,-0.10916748560999591,0.9034833091436865
2025,8479496,David Rittich,NYI,30,1652.1333333333334,0.010000000000005116,4.230000000000004,720.0,76.0,0.00036316681462370286,0.8944444444444445
2025,8479973,Stuart Skinner,PIT,50,2921.95,0.13999999999998636,8.310000000000002,1267.0,142.0,0.0028747925186944274,0.8879242304656669
2025,8479979,Jake Oettinger,DAL,54,3194.1833333333334,-3.180000000000007,5.719999999999999,1372.0,138.0,-0.059733578222915744,0.8994169096209913
2025,8480022,Michael DiPietro,BOS,1,6.05,0.1,0.1,2.0,0.0,0.9917355371900827,1.0
2025,8480045,Ukko-Pekka Luukkonen,BUF,35,2027.7666666666667,6.480000000000004,10.510000000000005,931.0,85.0,0.19173803692075037,0.9087003222341569
2025,8480051,Cayden Primeau,TOR,3,181.46666666666667,-7.46,-7.39,80.0,13.0,-2.466568699485672,0.8375
2025,8480193,Daniil Tarasov,FLA,33,1905.6666666666667,-7.079999999999998,-1.7600000000000051,924.0,97.0,-0.22291411579499731,0.895021645021645
2025,8480238,Jiri Patera,VAN,1,56.81666666666667,-3.69,-3.62,40.0,7.0,-3.8967439131710178,0.825
2025,8480280,Jeremy Swayman,BOS,55,3235.2833333333333,18.80000000000001,28.78,1572.0,146.0,0.3486557076402378,0.9071246819338422
2025,8480313,Logan Thompson,WSH,58,3445.05,21.830000000000013,29.319999999999993,1587.0,140.0,0.3801976749248924,0.9117832388153749
2025,8480843,Lukas Dostal,ANA,56,3267.9333333333334,-10.740000000000009,-2.9199999999999875,1513.0,169.0,-0.19718884514167992,0.8883013879709187
2025,8480947,Kevin Lankinen,VAN,47,2592.35,-27.0,-19.330000000000013,1285.0,160.0,-0.6249156171041719,0.8754863813229572
2025,8480981,Joel Hofer,STL,46,2624.65,4.900000000000006,11.689999999999998,1251.0,114.0,0.11201493532471009,0.9088729016786571
2025,8481020,Justus Annunen,NSH,28,1500.5333333333333,4.650000000000006,8.310000000000002,712.0,67.0,0.18593389017238338,0.9058988764044944
2025,8481033,Akira Schmid,VGK,34,1965.7833333333333,-4.640000000000001,-1.0,791.0,85.0,-0.14162293233401446,0.8925410872313527
2025,8481035,Samuel Ersson,PHI,33,1866.5833333333333,-20.36,-16.519999999999996,744.0,97.0,-0.6544577882941203,0.8696236559139785
2025,8481519,Spencer Knight,CHI,54,3231.15,3.4399999999999977,10.900000000000006,1551.0,152.0,0.06387818578524669,0.9019987105093488
2025,8481529,Trent Miner,COL,4,236.56666666666666,0.6999999999999993,1.2300000000000004,105.0,8.0,0.17753980555164134,0.9238095238095239
2025,8481544,Mads Sogaard,OTT,2,77.41666666666667,-2.8,-2.61,36.0,6.0,-2.1700753498385357,0.8333333333333334
2025,8481551,Colten Ellis,BUF,16,911.3333333333334,-1.0900000000000034,1.8599999999999994,455.0,44.0,-0.07176298463789342,0.9032967032967033
2025,8481611,Pyotr Kochetkov,CAR,9,490.15,-0.8599999999999994,-0.030000000000001137,189.0,19.0,-0.10527389574620007,0.8994708994708995
2025,8481668,Arturs Silovs,PIT,39,2246.55,-17.620000000000005,-11.879999999999995,1021.0,115.0,-0.47058823529411775,0.8873653281096964
2025,8481692,Dustin Wolf,CGY,57,3149.233333333333,-10.159999999999997,-1.7800000000000011,1560.0,158.0,-0.19357092202334955,0.8987179487179487
2025,8482076,Nico Daws,NJD,3,183.26666666666668,0.019999999999999574,0.4499999999999993,87.0,8.0,0.006547835576573159,0.9080459770114943
2025,8482123,Drew Commesso,CHI,3,181.71666666666667,1.1500000000000004,1.5700000000000003,85.0,7.0,0.37971200586994414,0.9176470588235294
2025,8482137,Yaroslav Askarov,SJS,47,2596.483333333333,-28.400000000000006,-18.909999999999997,1342.0,157.0,-0.6562722656926999,0.88301043219076
2025,8482193,Dylan Garand,NYR,3,185.0,3.51,3.880000000000001,96.0,5.0,1.1383783783783783,0.9479166666666666
2025,8482411,Hunter Shepard,OTT,1,35.78333333333333,-1.26,-1.26,12.0,2.0,-2.1127154168607363,0.8333333333333334
2025,8482445,Devin Cooley,CGY,31,1718.0,11.939999999999998,17.260000000000005,847.0,77.0,0.41699650756693823,0.9090909090909091
2025,8482447,Leevi Merilinen,OTT,20,1094.4833333333333,-19.770000000000003,-17.299999999999997,457.0,64.0,-1.0837990528255343,0.8599562363238512
2025,8482487,Jakub Dobes,MTL,43,2525.5833333333335,9.689999999999998,17.25999999999999,1187.0,117.0,0.23020424324413497,0.9014321819713563
2025,8482515,Artur Akhtyamov,TOR,3,126.0,-1.4399999999999995,-0.5800000000000001,82.0,11.0,-0.6857142857142855,0.8658536585365854
2025,8482661,Jesper Wallstedt,MIN,35,1996.65,1.6500000000000057,6.180000000000007,1021.0,87.0,0.049583051611449346,0.9147894221351616
2025,8482761,Carl Lindbom,VGK,8,480.6666666666667,-4.75,-4.16,189.0,24.0,-0.5929264909847434,0.873015873015873
2025,8482783,Aleksei Kolosov,PHI,4,120.01666666666667,-4.32,-4.029999999999999,47.0,8.0,-2.1597000416608805,0.8297872340425532
2025,8482821,Arvid Soderblom,CHI,26,1468.6166666666666,-9.430000000000007,-4.019999999999996,774.0,93.0,-0.3852605059182681,0.8798449612403101
2025,8482949,Arsenii Sergeev,CGY,1,60.0,2.35,2.62,28.0,1.0,2.35,0.9642857142857143
2025,8482982,Jet Greaves,CBJ,55,3276.1,7.1299999999999955,16.460000000000008,1539.0,142.0,0.1305820945636579,0.907732293697206
2025,8483114,Thomas Milic,WPG,3,138.63333333333333,-2.0700000000000003,-1.83,62.0,8.0,-0.8958884347198848,0.8709677419354839
2025,8483532,Clay Stevenson,WSH,4,239.73333333333332,2.6899999999999995,3.1500000000000004,101.0,8.0,0.6732480533926584,0.9207920792079208
2025,8483548,Brandon Bussi,CAR,39,2360.8166666666666,-1.75,2.780000000000001,912.0,97.0,-0.0444761346709119,0.893640350877193
2025,8483668,Nikke Kokko,SEA,3,177.68333333333334,-1.63,-1.3099999999999996,82.0,9.0,-0.5504174092486633,0.8902439024390244
2025,8483703,Sergei Murashov,PIT,5,281.28333333333336,-3.710000000000001,-3.5199999999999996,116.0,12.0,-0.791372874326006,0.896551724137931
2025,8483710,Dennis Hildeby,TOR,20,1008.7333333333333,6.609999999999999,10.450000000000003,549.0,48.0,0.393166347234155,0.912568306010929
2025,8483746,Vyacheslav Buteyets,ANA,1,20.0,-1.4,-1.39,13.0,3.0,-4.199999999999999,0.7692307692307692
2025,8484170,Jacob Fowler,MTL,17,1010.7,4.759999999999998,7.119999999999997,448.0,41.0,0.28257643217571965,0.9084821428571429
2025,8484268,Nikita Tolopilo,VAN,21,1145.6833333333334,-9.969999999999999,-7.530000000000001,582.0,69.0,-0.5221338066074104,0.8814432989690721
2025,8484910,Victor Ostman,SEA,1,57.166666666666664,0.5800000000000001,0.6400000000000001,35.0,2.0,0.6087463556851312,0.9428571428571428
