draftYear,overall,round,pickInRound,playerId,name,position,team,teamId,country,name_c,position_c,gp,goals,assists,points,is_goalie,franchise,bin,exp_gp,exp_pts,surplus_gp,surplus_pts
2005,1,1,1,8471675,Sidney Crosby,C,PIT,5,CAN,Sidney Crosby,C,1420,654.0,1107.0,1761,False,PIT,,844.7618549404874,563.9056503589592,575.2381450595126,1197.094349641041
2005,2,1,2,8471676,Bobby Ryan,RW,ANA,24,USA,Bobby Ryan,R,866,261.0,308.0,569,False,ANA,"(1, 2]",809.7681901837298,526.6079284397246,56.23180981627024,42.39207156027544
2005,3,1,3,8471677,Jack Johnson,D,CAR,12,USA,Jack Johnson,D,1228,77.0,265.0,342,False,CAR,"(2, 3]",776.3813047565832,491.9790049263708,451.6186952434168,-149.9790049263708
2005,4,1,4,8471678,Benoit Pouliot,LW,MIN,30,CAN,Benoit Pouliot,L,625,130.0,133.0,263,False,MIN,"(3, 4]",744.5274213101472,459.82791681727923,-119.52742131014725,-196.82791681727923
2005,5,1,5,8471679,Carey Price,G,MTL,8,CAN,Carey Price,G,712,0.0,13.0,0,True,MTL,"(4, 5]",714.1361500778175,429.977365263173,-2.136150077817547,
2005,6,1,6,8471680,Gilbert Brule,C,CBJ,29,CAN,Gilbert Brule,C,299,43.0,52.0,95,False,CBJ,"(5, 6]",685.1403333300681,402.26273784338173,-386.1403333300681,-307.26273784338173
2005,7,1,7,8471681,Jack Skille,RW,CHI,16,USA,Jack Skille,R,368,43.0,41.0,84,False,CHI,"(6, 8]",657.4758969712924,376.5312008020775,-289.4758969712924,-292.5312008020775
2005,8,1,8,8471682,Devin Setoguchi,RW,SJS,28,CAN,Devin Setoguchi,R,516,131.0,130.0,261,False,SJS,"(6, 8]",631.0817089507688,352.6408562385712,-115.08170895076876,-91.64085623857119
2005,9,1,9,8471683,Brian Lee,D,OTT,9,USA,Brian Lee,D,209,5.0,31.0,36,False,OTT,"(8, 10]",605.8994441748678,330.45995960395163,-396.89944417486777,-294.45995960395163
2005,10,1,10,8471684,Luc Bourdon,D,VAN,23,CAN,Luc Bourdon,D,36,2.0,0.0,2,False,VAN,"(8, 10]",581.8734556219907,309.8661931889113,-545.8734556219907,-307.8661931889113
2005,11,1,11,8471685,Anze Kopitar,C,LAK,26,SVN,Anze Kopitar,C,1521,452.0,864.0,1316,False,LAK,"(10, 12]",558.9506513754325,290.7459915963702,962.0493486245675,1025.2540084036298
2005,12,1,12,8471686,Marc Staal,D,NYR,3,CAN,Marc Staal,D,1136,53.0,181.0,234,False,NYR,"(10, 12]",537.0803773024388,272.99391547918094,598.9196226975612,-38.99391547918094
2005,13,1,13,8471687,Marek Zagrapan,C,BUF,7,SVK,Marek Zagrapan,C,0,0.0,0.0,0,False,BUF,"(12, 15]",516.2143051202067,256.5120700893594,-516.2143051202067,-256.5120700893594
2005,14,1,14,8471688,Sasha Pokulok,D,WSH,15,CAN,Sasha Pokulok,D,0,0.0,0.0,0,False,WSH,"(12, 15]",496.30632560147916,241.20956543240027,-496.30632560147916,-241.20956543240027
2005,15,1,15,8471689,Ryan O'Marra,C,NYI,2,JPN,Ryan O'Marra,C,33,1.0,6.0,7,False,NYI,"(12, 15]",477.3124466837421,227.00201504967026,-444.3124466837421,-220.00201504967026
2005,16,1,16,8471690,Alex Bourret,RW,ATL,11,CAN,Alex Bourret,R,0,0.0,0.0,0,False,WPG,"(15, 20]",459.19069625687024,213.81107066488858,-459.19069625687024,-213.81107066488858
2005,17,1,17,8471691,Martin Hanzal,C,PHX,27,CZE,Martin Hanzal,C,673,127.0,211.0,338,False,UTA,"(15, 20]",441.90102941440335,201.5639901284781,231.09897058559665,136.4360098715219
2005,18,1,18,8471692,Ryan Parent,D,NSH,18,CAN,Ryan Parent,D,106,1.0,6.0,7,False,NSH,"(15, 20]",425.4052399634998,190.1932362771945,-319.4052399634998,-183.1932362771945
2005,19,1,19,8471693,Jakub Kindl,D,DET,17,CZE,Jakub Kindl,D,331,16.0,58.0,74,False,DET,"(15, 20]",409.6668759980253,179.63610449692322,-78.66687599802532,-105.63610449692322
2005,20,1,20,8471694,Kenndal McArdle,LW,FLA,13,CAN,Kenndal McArdle,L,42,1.0,2.0,3,False,FLA,"(15, 20]",394.651159348212,169.83437693482028,-352.651159348212,-166.83437693482028
2005,21,1,21,8471695,Tuukka Rask,G,TOR,10,FIN,Tuukka Rask,G,564,0.0,17.0,0,True,TOR,"(20, 25]",380.324908728891,160.7340014539319,183.675091271109,
2005,22,1,22,8471696,Matt Lashoff,D,BOS,6,USA,Matt Lashoff,D,74,1.0,15.0,16,False,BOS,"(20, 25]",366.6564664164723,152.28479355987108,-292.6564664164723,-136.28479355987108
2005,23,1,23,8471697,Niclas Bergfors,F,NJD,1,SWE,Niclas Bergfors,R,173,35.0,48.0,83,False,NJD,"(20, 25]",353.6156282926471,144.44015965581036,-180.6156282926471,-61.44015965581036
2005,24,1,24,8471698,T.J. Oshie,C,STL,19,USA,T.J. Oshie,R,1010,302.0,393.0,695,False,STL,"(20, 25]",341.17357710022264,137.15684009966634,668.8264228997773,557.8431599003336
2005,25,1,25,8471699,Andrew Cogliano,C,EDM,22,CAN,Andrew Cogliano,C,1294,190.0,274.0,464,False,EDM,"(20, 25]",329.30281876360266,130.3946706465514,964.6971812363973,333.6053293534486
2005,26,1,26,8471700,Matt Pelech,D,CGY,20,CAN,Matt Pelech,R,13,1.0,3.0,4,False,CGY,"(25, 31]",317.97712163319443,124.11636096095384,-304.97712163319443,-120.11636096095384
2005,27,1,27,8471701,Joe Finley,D,WSH,15,USA,Joe Finley,D,21,0.0,1.0,1,False,WSH,"(25, 31]",307.17145851948806,118.28728897724142,-286.17145851948806,-117.28728897724142
2005,28,1,28,8471702,Matt Niskanen,D,DAL,25,USA,Matt Niskanen,D,949,72.0,284.0,356,False,DAL,"(25, 31]",296.86195138871545,112.87530997447791,652.1380486112846,243.12469002552209
2005,29,1,29,8471703,Steve Downie,RW,PHI,4,CAN,Steve Downie,R,434,76.0,120.0,196,False,PHI,"(25, 31]",287.0258185978798,107.85057931268578,146.97418140212022,88.14942068731422
2005,30,1,30,8471704,Vladimir Mihalik,D,TBL,14,SVK,Vladimir Mihalik,D,15,0.0,3.0,3,False,TBL,"(25, 31]",277.6413245525565,103.18538785302533,-262.6413245525565,-100.18538785302533
2005,31,2,1,8471705,Brendan Mikkelson,D,ANA,24,CAN,Brendan Mikkelson,D,131,1.0,9.0,10,False,ANA,"(25, 31]",268.6877316762219,98.85400915430591,-137.68773167622192,-88.85400915430591
2005,32,2,2,8471706,Tyler Plante,G,FLA,13,USA,Tyler Plante,G,0,0.0,0.0,0,True,FLA,"(31, 40]",260.14525458497144,94.83255760318657,-260.14525458497144,
2005,33,2,3,8471707,James Neal,LW,DAL,25,CAN,James Neal,L,869,296.0,263.0,559,False,DAL,"(31, 40]",251.99501636636575,91.09885669571764,617.0049836336343,467.90114330428236
2005,34,2,4,8471708,Ryan Stoa,C,COL,21,USA,Ryan Stoa,C,40,4.0,3.0,7,False,COL,"(31, 40]",244.21900686578914,87.63231674385521,-204.21900686578914,-80.63231674385521
2005,35,2,5,8471709,Marc-Edouard Vlasic,D,SJS,28,CAN,Marc-Edouard Vlasic,D,1323,84.0,295.0,379,False,SJS,"(31, 40]",236.80004288814456,84.41382133255445,1086.1999571118554,294.58617866744555
2005,36,2,6,8471710,Taylor Chorney,D,EDM,22,CAN,Taylor Chorney,D,166,4.0,18.0,22,False,EDM,"(31, 40]",229.72173022693886,81.42562190130346,-63.72173022693886,-59.42562190130346
2005,37,2,7,8471711,Scott Jackson,D,STL,19,CAN,Scott Jackson,D,1,0.0,0.0,0,False,STL,"(31, 40]",222.96842743685136,78.65123986876237,-221.96842743685136,-78.65123986876237
2005,38,2,8,8471712,Jeff Frazee,G,NJD,1,USA,Jeff Frazee,G,1,0.0,0.0,0,True,NJD,"(31, 40]",216.5252112697325,76.07537576076862,-215.5252112697325,
2005,39,2,9,8471713,Petr Kalus,C,BOS,6,CZE,Petr Kalus,R,11,4.0,1.0,5,False,BOS,"(31, 40]",210.3778436976523,73.68382484059008,-199.3778436976523,-68.68382484059008
2005,40,2,10,8471714,Michael Sauer,D,NYR,3,USA,Michael Sauer,D,98,4.0,14.0,18,False,NYR,"(31, 40]",204.51274045012914,71.46339877616482,-106.51274045012914,-53.46339877616482
2005,41,2,11,8471715,Ondrej Pavelec,G,ATL,11,CZE,Ondrej Pavelec,G,398,0.0,6.0,0,True,WPG,"(40, 50]",198.91694099601142,69.40185291235734,199.08305900398858,
2005,42,2,12,8471716,Justin Abdelkader,LW,DET,17,USA,Justin Abdelkader,L,739,106.0,146.0,252,False,DET,"(40, 50]",193.57807990368076,67.48781874717034,545.4219200963192,184.51218125282966
2005,43,2,13,8471663,Mike Blunden,RW,CHI,16,CAN,Mike Blunden,R,127,7.0,6.0,13,False,CHI,"(40, 50]",188.48435951628767,65.71074123954845,-61.48435951628767,-52.710741239548454
2005,44,2,14,8471669,Paul Stastny,C,COL,21,CAN,Paul Stastny,C,1145,293.0,529.0,822,False,COL,"(40, 50]",183.62452388163973,64.06082060305499,961.3754761183602,757.9391793969451
2005,45,2,15,8471670,Guillaume Latendresse,RW,MTL,8,CAN,Guillaume Latendresse,L,341,87.0,60.0,147,False,MTL,"(40, 50]",178.98783387913235,62.528958264439325,162.01216612086765,84.47104173556068
2005,46,2,16,8471671,Dustin Kohn,D,NYI,2,CAN,Dustin Kohn,D,22,0.0,4.0,4,False,NYI,"(40, 50]",174.56404348875844,61.106706689080966,-152.56404348875844,-57.106706689080966
2005,47,2,17,8471672,Tom Fritsche,LW,COL,21,USA,Tom Fritsche,L,0,0.0,0.0,0,False,COL,"(40, 50]",170.34337714975766,59.786222796620166,-170.34337714975766,-59.786222796620166
2005,48,2,18,8471673,Philip Gogulla,F,BUF,7,DEU,Philip Gogulla,L,0,0.0,0.0,0,False,BUF,"(40, 50]",166.31650815887204,58.560224709882874,-166.31650815887204,-58.560224709882874
2005,49,2,19,8471674,Chad Denny,D,ATL,11,CAN,Chad Denny,D,0,0.0,0.0,0,False,WPG,"(40, 50]",162.474538060474,57.42195159859,-162.474538060474,-57.42195159859
2005,50,2,20,8470812,Dany Roussin,LW,LAK,26,CAN,Dany Roussin,L,0,0.0,0.0,0,False,LAK,"(40, 50]",158.8089769830231,56.365126396406794,-158.8089769830231,-56.365126396406794
2005,51,2,21,8471664,Mason Raymond,LW,VAN,23,CAN,Mason Raymond,L,546,115.0,136.0,251,False,VAN,"(50, 65]",155.3117248783995,55.38392118573376,390.6882751216005,195.61607881426625
2005,52,2,22,8471665,Chris Durand,C,COL,21,CAN,Chris Durand,C,0,0.0,0.0,0,False,COL,"(50, 65]",151.97505362265838,54.472925059351624,-151.97505362265838,-54.472925059351624
2005,53,2,23,8471666,Andrew Kozek,F,ATL,11,CAN,Andrew Kozek,L,0,0.0,0.0,0,False,WPG,"(50, 65]",148.79158993865056,53.627114281691775,-148.79158993865056,-53.627114281691775
2005,54,2,24,8471667,Dan Bertram,RW,CHI,16,CAN,Dan Bertram,R,0,0.0,0.0,0,False,CHI,"(50, 65]",145.7542991027736,52.8418245851849,-145.7542991027736,-52.8418245851849
2005,55,2,25,8471717,Adam McQuaid,D,CBJ,29,CAN,Adam McQuaid,D,512,16.0,57.0,73,False,CBJ,"(50, 65]",142.85646939984818,52.11272544891468,369.14353060015185,20.88727455108532
2005,56,2,26,8471718,Marc-Andre Cliche,RW,NYR,3,CAN,Marc-Andre Cliche,C,151,3.0,11.0,14,False,NYR,"(50, 65]",140.0916972917691,51.43579621773465,10.908302708230906,-37.43579621773465
2005,57,2,27,8471719,Matt Kassian,LW,MIN,30,CAN,Matt Kassian,L,76,4.0,1.0,5,False,MIN,"(50, 65]",137.45387326715675,50.80730393015615,-61.45387326715675,-45.80730393015615
2005,58,2,28,8471720,Nathan Hagemo,D,CAR,12,USA,Nathan Hagemo,D,0,0.0,0.0,0,False,CAR,"(50, 65]",134.93716834074,50.22378273273779,-134.93716834074,-50.22378273273779
2005,59,2,29,8471721,Pier-Olivier Pelletier,G,PHX,27,CAN,Pier-Olivier Pelletier,G,0,0.0,0.0,0,True,UTA,"(50, 65]",132.53602117263767,49.68201476745624,-132.53602117263767,
2005,60,2,30,8471722,T.J. Fast,D,LAK,26,CAN,T.J. Fast,D,0,0.0,0.0,0,False,LAK,"(50, 65]",130.2451257790745,49.179012426660584,-130.2451257790745,-49.179012426660584
2005,61,2,31,8471723,Michael Gergen,F,PIT,5,USA,Michael Gergen,L,0,0.0,0.0,0,False,PIT,"(50, 65]",128.05941980737566,48.71200187775444,-128.05941980737566,-48.71200187775444
2005,62,3,1,8471724,Kris Letang,D,PIT,5,CAN,Kris Letang,D,1235,178.0,628.0,806,False,PIT,"(50, 65]",125.97407334933011,48.278407766751634,1109.0259266506698,757.7215922332483
2005,63,3,2,8471725,Jason Bailey,RW,ANA,24,CAN,Jason Bailey,R,0,0.0,0.0,0,False,ANA,"(50, 65]",123.98447826820251,47.875839016352614,-123.98447826820251,-47.875839016352614
2005,64,3,3,8471726,Joe Barnes,C,CAR,12,CAN,Joe Barnes,C,0,0.0,0.0,0,False,CAR,"(50, 65]",122.08623801580958,47.50207564022413,-122.08623801580958,-47.50207564022413
2005,65,3,4,8471727,Kristofer Westblom,G,MIN,30,CAN,Kristofer Westblom,G,0,0.0,0.0,0,True,MIN,"(50, 65]",120.27515791715824,47.15505650076909,-120.27515791715824,
2005,66,3,5,8471728,Brodie Dupont,C,NYR,3,CAN,Brodie Dupont,L,1,0.0,0.0,0,False,NYR,"(65, 80]",118.54723590117729,46.832867942875936,-117.54723590117729,-46.832867942875936
2005,67,3,6,8471729,Kris Russell,D,CBJ,29,CAN,Kris Russell,D,912,48.0,206.0,254,False,CBJ,"(65, 80]",116.89865365705954,46.53373324096787,795.1013463429405,207.46626675903212
2005,68,3,7,8471730,Evan Brophey,F,CHI,16,CAN,Evan Brophey,C,4,0.0,0.0,0,False,CHI,"(65, 80]",115.32576819667179,46.25600280115723,-111.32576819667179,-46.25600280115723
2005,69,3,8,8471731,Gord Baldwin,D,CGY,20,CAN,Gord Baldwin,D,0,0.0,0.0,0,False,CGY,"(65, 80]",113.82510380438777,45.99814506447404,-113.82510380438777,-45.99814506447404
2005,70,3,9,8471732,Vitaly Anikeyenko,D,OTT,9,RUS,Vitaly Anikeyenko,D,0,0.0,0.0,0,False,OTT,"(65, 80]",112.39334435655485,45.75873806100437,-112.39334435655485,-45.75873806100437
2005,71,3,10,8471733,Rich Clune,LW,DAL,25,CAN,Rich Clune,L,139,7.0,15.0,22,False,DAL,"(65, 80]",111.02732599362243,45.53646156836322,27.972674006377574,-23.536461568363222
2005,72,3,11,8471734,Jonathan Quick,G,LAK,26,USA,Jonathan Quick,G,829,0.0,23.0,0,True,LAK,"(65, 80]",109.72403012873889,45.33008983125943,719.2759698712612,
2005,73,3,12,8471736,Radek Smolenak,LW,TBL,14,CZE,Radek Smolenak,L,7,0.0,1.0,1,False,TBL,"(65, 80]",108.48057677736796,45.13848480200428,-101.48057677736796,-44.13848480200428
2005,74,3,13,8471737,Dan Ryder,C,CGY,20,CAN,Dan Ryder,C,0,0.0,0.0,0,False,CGY,"(65, 80]",107.29421819318438,44.960589864688316,-107.29421819318438,-44.960589864688316
2005,75,3,14,8471738,Perttu Lindgren,C,DAL,25,FIN,Perttu Lindgren,C,1,0.0,0.0,0,False,DAL,"(65, 80]",106.16233279618547,44.795424008417875,-105.16233279618547,-44.795424008417875
2005,76,3,15,8471739,Shea Guthrie,F,NYI,2,CAN,Shea Guthrie,R,0,0.0,0.0,0,False,NYI,"(65, 80]",105.08241937960153,44.64207641747942,-105.08241937960153,-44.64207641747942
2005,77,3,16,8471740,Dalyn Flatt,D,NYR,3,CAN,Dalyn Flatt,D,0,0.0,0.0,0,False,NYR,"(65, 80]",104.05209158280329,44.49970144859892,-104.05209158280329,-44.49970144859892
2005,78,3,17,8471741,Teemu Laakso,D,NSH,18,FIN,Teemu Laakso,D,17,0.0,0.0,0,False,NSH,"(65, 80]",103.06907261799299,44.36751396759794,-86.06907261799299,-44.36751396759794
2005,79,3,18,8471742,Cody Franson,D,NSH,18,CAN,Cody Franson,D,550,43.0,169.0,212,False,NSH,"(65, 80]",102.13119023902618,44.24478501973033,447.8688097609738,167.75521498026967
2005,80,3,19,8471744,Christofer Lofberg,C,DET,17,SWE,Christofer Lofberg,C,0,0.0,0.0,0,False,DET,"(65, 80]",101.23637194124682,44.13083780982339,-101.23637194124682,-44.13083780982339
2005,81,3,20,8470996,Danny Syvret,D,EDM,22,CAN,Danny Syvret,D,59,3.0,4.0,7,False,EDM,"(80, 100]",100.38264038172775,44.02504397005559,-41.382640381727754,-37.02504397005559
2005,82,3,21,8471746,Phil Oreskovic,D,TOR,10,CAN,Phil Oreskovic,D,10,1.0,1.0,2,False,TOR,"(80, 100]",99.56810900979711,43.92682009478953,-89.56810900979711,-41.92682009478953
2005,83,3,22,8471747,Mikko Lehtonen,RW,BOS,6,FIN,Mikko Lehtonen,R,2,0.0,0.0,0,False,BOS,"(80, 100]",98.79097789819461,43.835624523351164,-96.79097789819461,-43.835624523351164
2005,84,3,23,8471748,Mark Fraser,D,NJD,1,CAN,Mark Fraser,D,219,4.0,18.0,22,False,NJD,"(80, 100]",98.0495297656456,43.750954353013846,120.9504702343544,-21.750954353013846
2005,85,3,24,8471750,Ben Bishop,G,STL,19,USA,Ben Bishop,G,413,0.0,12.0,0,True,STL,"(80, 100]",97.34212618206395,43.672342665715014,315.65787381793604,
2005,86,3,25,8471751,Robby Dee,F,EDM,22,USA,Robby Dee,C,0,0.0,0.0,0,False,EDM,"(80, 100]",96.66720394799776,43.59935595321225,-96.66720394799776,-43.59935595321225
2005,87,3,26,8471752,Marc-Andre Gragnani,D,BUF,7,CAN,Marc-Andre Gragnani,D,78,3.0,15.0,18,False,BUF,"(80, 100]",96.02327164031772,43.53159172647953,-18.023271640317716,-25.531591726479533
2005,88,3,27,8471753,T.J. Hensick,C,COL,21,USA,T.J. Hensick,C,112,12.0,26.0,38,False,COL,"(80, 100]",95.40890631651433,43.468676296160474,16.591093683485667,-5.468676296160474
2005,89,3,28,8471754,Chris Lawrence,C,TBL,14,CAN,Chris Lawrence,R,0,0.0,0.0,0,False,TBL,"(80, 100]",94.822750370322,43.410262711838996,-94.822750370322,-43.410262711838996
2005,90,3,29,8471755,Dan Collins,RW,FLA,13,USA,Dan Collins,R,0,0.0,0.0,0,False,FLA,"(80, 100]",94.26350853172075,43.35602884876314,-94.26350853172075,-43.35602884876314
2005,91,3,30,8471756,Oskars Bartulis,D,PHI,4,LVA,Oskars Bartulis,D,66,1.0,8.0,9,False,PHI,"(80, 100]",93.72994500468717,43.30567563147135,-27.729945004687167,-34.30567563147135
2005,92,4,1,8471757,Marek Bartanus,RW,TBL,14,SVK,Marek Bartanus,R,0,0.0,0.0,0,False,TBL,"(80, 100]",93.22088073636887,43.25892538452533,-93.22088073636887,-43.25892538452533
2005,93,4,2,8471758,Olivier Legault,LW,FLA,13,CAN,Olivier Legault,L,0,0.0,0.0,0,False,FLA,"(80, 100]",92.73519081164858,43.21552030125429,-92.73519081164858,-43.21552030125429
2005,94,4,3,8471759,Jakub Vojta,D,CAR,12,CZE,Jakub Vojta,D,0,0.0,0.0,0,False,CAR,"(80, 100]",92.27180196733998,43.17522102206672,-92.27180196733998,-43.17522102206672
2005,95,4,4,8471760,Cody Bass,C,OTT,9,CAN,Cody Bass,C,75,2.0,3.0,5,False,OTT,"(80, 100]",91.8296902205227,43.13780531448942,-16.829690220522707,-38.13780531448942
2005,96,4,5,8471761,Chris Butler,D,BUF,7,USA,Chris Butler,D,407,14.0,72.0,86,False,BUF,"(80, 100]",91.4078786057751,43.10306684765496,315.59212139422493,42.89693315234504
2005,97,4,6,8471762,Chris VandeVelde,C,EDM,22,USA,Chris VandeVelde,C,278,18.0,30.0,48,False,EDM,"(80, 100]",91.00543501630513,43.070814054479364,186.9945649836949,4.929185945520636
2005,98,4,7,8471763,Ilya Zubov,C,OTT,9,RUS,Ilya Zubov,C,11,0.0,2.0,2,False,OTT,"(80, 100]",90.62147014420842,43.040869075255486,-79.62147014420842,-41.040869075255486
2005,99,4,8,8471764,Patrick Davis,LW,NJD,1,USA,Patrick Davis,R,9,1.0,0.0,1,False,NJD,"(80, 100]",90.25513551530203,43.01306677683635,-81.25513551530203,-42.01306677683635
2005,100,4,9,8471765,Jonathan Sigalet,D,BOS,6,CAN,Jonathan Sigalet,D,1,0.0,0.0,0,False,BOS,"(80, 100]",89.90562161419135,42.987253841999824,-88.90562161419135,-42.987253841999824
2005,101,4,10,8471766,Jared Boll,RW,CBJ,29,USA,Jared Boll,R,579,28.0,38.0,66,False,CBJ,"(100, 125]",89.572156095427,42.96328792397285,489.427843904573,23.03671207602715
2005,102,4,11,8471767,Blair Jones,C,TBL,14,CAN,Blair Jones,C,132,7.0,10.0,17,False,TBL,"(100, 125]",89.25400207679884,42.94103686145272,42.74599792320116,-25.941036861452723
2005,103,4,12,8471668,Mattias Ritola,F,DET,17,SWE,Mattias Ritola,C,43,4.0,5.0,9,False,DET,"(100, 125]",88.95045651099544,42.9203779497967,-45.95045651099544,-33.9203779497967
2005,104,4,13,8471749,Matt Duffy,D,FLA,13,USA,Matt Duffy,D,0,0.0,0.0,0,False,FLA,"(100, 125]",88.66084863203102,42.90119726436088,-88.66084863203102,-42.90119726436088
2005,105,4,14,8471735,Keith Yandle,D,PHX,27,USA,Keith Yandle,D,1109,103.0,516.0,619,False,UTA,"(100, 125]",88.38453847300667,42.88338903225681,1020.6154615269934,576.1166109677432
2005,106,4,15,8471743,Vladimir Sobotka,F,BOS,6,CZE,Vladimir Sobotka,C,548,53.0,118.0,171,False,BOS,"(100, 125]",88.12091545193053,42.8668550490614,459.8790845480695,128.1331449509386
2005,107,4,16,8471768,Tom Pyatt,C,NYR,3,CAN,Tom Pyatt,L,445,43.0,58.0,101,False,NYR,"(100, 125]",87.86939702247173,42.85150413726349,357.13060297752827,58.14849586273651
2005,108,4,17,8471769,Niklas Hjalmarsson,D,CHI,16,SWE,Niklas Hjalmarsson,D,821,25.0,147.0,172,False,CHI,"(100, 125]",87.62942738666686,42.83725164346075,733.3705726133331,129.16274835653925
2005,109,4,18,8471771,Andrew Thomas,D,WSH,15,USA,Andrew Thomas,D,0,0.0,0.0,0,False,WSH,"(100, 125]",87.4004762667341,42.82401897153408,-87.4004762667341,-42.82401897153408
2005,110,4,19,8471772,Kyle Bailey,C,MIN,30,CAN,Kyle Bailey,C,0,0.0,0.0,0,False,MIN,"(100, 125]",87.1820377332811,42.8117331492252,-87.1820377332811,-42.8117331492252
2005,111,4,20,8471773,J.D. Watt,RW,CGY,20,CAN,J.D. Watt,R,0,0.0,0.0,0,False,CGY,"(100, 125]",86.97362908731724,42.80032642572733,-86.97362908731724,-42.80032642572733
2005,112,4,21,8471774,Alex Stalock,G,SJS,28,USA,Alex Stalock,G,179,0.0,4.0,0,True,SJS,"(100, 125]",86.7747897935997,42.78973589806988,92.2252102064003,
2005,113,4,22,8471775,Nathan Davis,F,CHI,16,USA,Nathan Davis,C,0,0.0,0.0,0,False,CHI,"(100, 125]",86.58508046295634,42.77990316423669,-86.58508046295634,-42.77990316423669
2005,114,4,23,8471776,Alexandre Vincent,G,VAN,23,CAN,Alexandre Vincent,G,0,0.0,0.0,0,True,VAN,"(100, 125]",86.4040818813366,42.770774001105124,-86.4040818813366,
2005,115,4,24,8471777,Janne Kolehmainen,LW,OTT,9,FIN,Janne Kolehmainen,L,0,0.0,0.0,0,False,OTT,"(100, 125]",86.23139408344461,42.76229806542979,-86.23139408344461,-42.76229806542979
2005,116,4,25,8471778,Jordan Lavallee-Smotherman,LW,ATL,11,USA,Jordan Lavallee-Smotherman,L,4,1.0,1.0,2,False,WPG,"(100, 125]",86.06663546890789,42.754428616222114,-82.06663546890789,-40.754428616222114
2005,117,4,26,8471779,Denis Istomin,RW,CHI,16,RUS,Denis Istomin,R,0,0.0,0.0,0,False,CHI,"(100, 125]",85.90944195902806,42.747122256994736,-85.90944195902806,-42.747122256994736
2005,118,4,27,8471780,Patrick McNeill,D,WSH,15,CAN,Patrick McNeill,D,0,0.0,0.0,0,False,WSH,"(100, 125]",85.75946619225057,42.7403386964493,-85.75946619225057,-42.7403386964493
2005,119,4,28,8471781,Jeremy Duchesne,G,PHI,4,USA,Jeremy Duchesne,G,1,0.0,0.0,0,True,PHI,"(100, 125]",85.61637675657546,42.734040526288005,-84.61637675657546,
2005,120,4,29,8471782,Viacheslav Trukhno,C,EDM,22,RUS,Viacheslav Trukhno,C,0,0.0,0.0,0,False,EDM,"(100, 125]",85.47985745721293,42.72819301492359,-85.47985745721293,-42.72819301492359
2005,121,4,30,8471783,Juraj Mikus,F,MTL,8,SVK,Juraj Mikus,C,0,0.0,0.0,0,False,MTL,"(100, 125]",85.34960661786548,42.72276391595019,-85.34960661786548,-42.72276391595019
2005,122,4,31,8471784,Morten Madsen,F,MIN,30,DNK,Morten Madsen,C,0,0.0,0.0,0,False,MIN,"(100, 125]",85.22533641409257,42.71772329031886,-85.22533641409257,-42.71772329031886
2005,123,4,32,8471785,Ondrej Otcenas,F,CAR,12,SVK,Ondrej Otcenas,C,0,0.0,0.0,0,False,CAR,"(100, 125]",85.10677223728473,42.713043341237125,-85.10677223728473,-42.713043341237125
2005,124,4,33,8471786,Ray Macias,D,COL,21,USA,Ray Macias,D,8,0.0,1.0,1,False,COL,"(100, 125]",84.9936520878416,42.708698260882116,-76.9936520878416,-41.708698260882116
2005,125,4,34,8471787,Tommi Leinonen,D,PIT,5,FIN,Tommi Leinonen,D,0,0.0,0.0,0,False,PIT,"(100, 125]",84.88572599621297,42.70466408808199,-84.88572599621297,-42.70466408808199
2005,126,5,1,8471788,Tim Crowder,RW,PIT,5,CAN,Tim Crowder,R,0,0.0,0.0,0,False,PIT,"(125, 150]",84.78275547052348,42.700918576180825,-84.78275547052348,-42.700918576180825
2005,127,5,2,8471789,Bobby Bolt,LW,ANA,24,CAN,Bobby Bolt,L,0,0.0,0.0,0,False,ANA,"(125, 150]",84.6845129695604,42.697441070358224,-84.6845129695604,-42.697441070358224
2005,128,5,3,8471790,Kevin Lalande,G,CGY,20,CAN,Kevin Lalande,G,0,0.0,0.0,0,True,CGY,"(125, 150]",84.59078139995972,42.69421239372728,-84.59078139995972,
2005,129,5,4,8471791,Anthony Aiello,D,MIN,30,USA,Anthony Aiello,D,0,0.0,0.0,0,False,MIN,"(125, 150]",84.50135363647975,42.69121474158261,-84.50135363647975,-42.69121474158261
2005,130,5,5,8471792,Mathieu Aubin,C,MTL,8,CAN,Mathieu Aubin,C,0,0.0,0.0,0,False,MTL,"(125, 150]",84.41603206430189,42.688431583215404,-84.41603206430189,-42.688431583215404
2005,131,5,6,8471793,Tomas Popperle,G,CBJ,29,CZE,Tomas Popperle,G,2,0.0,0.0,0,True,CBJ,"(125, 150]",84.33462814234724,42.68584757075394,-82.33462814234724,
2005,132,5,7,8471794,Darren Helm,F,DET,17,CAN,Darren Helm,C,823,119.0,147.0,266,False,DET,"(125, 150]",84.25696198664414,42.68344845452697,738.7430380133559,223.31655154547303
2005,133,5,8,8471795,Stanislav Lascek,RW,TBL,14,SVK,Stanislav Lascek,R,0,0.0,0.0,0,False,TBL,"(125, 150]",84.1828619728259,42.68122100448314,-84.1828619728259,-42.68122100448314
2005,134,5,9,8471796,Brennan Turner,D,CHI,16,CAN,Brennan Turner,D,0,0.0,0.0,0,False,CHI,"(125, 150]",84.1121643568804,42.67915293723323,-84.1121643568804,-42.67915293723323
2005,135,5,10,8471797,Tomas Pospisil,RW,ATL,11,CZE,Tomas Pospisil,L,0,0.0,0.0,0,False,WPG,"(125, 150]",84.04471291331333,42.67723284831272,-84.04471291331333,-42.67723284831272
2005,136,5,11,8471798,Tomas Kudelka,D,OTT,9,CZE,Tomas Kudelka,D,0,0.0,0.0,0,False,OTT,"(125, 150]",83.98035858992586,42.67545014929128,-83.98035858992586,-42.67545014929128
2005,137,5,12,8471799,Johan Ryno,F,DET,17,SWE,Johan Ryno,R,0,0.0,0.0,0,False,DET,"(125, 150]",83.91895917844342,42.673795009382346,-83.91895917844342,-42.673795009382346
2005,138,5,13,8471800,Matt Butcher,C,VAN,23,USA,Matt Butcher,C,0,0.0,0.0,0,False,VAN,"(125, 150]",83.86037900026808,42.67225830123072,-83.86037900026808,-42.67225830123072
2005,139,5,14,8471801,Patrik Hersley,D,LAK,26,SWE,Patrik Hersley,D,0,0.0,0.0,0,False,LAK,"(125, 150]",83.80448860666007,42.670831550579294,-83.80448860666007,-42.670831550579294
2005,140,5,15,8471802,Taylor Dakers,G,SJS,28,CAN,Taylor Dakers,G,0,0.0,0.0,0,True,SJS,"(125, 150]",83.75116449268575,42.66950688953732,-83.75116449268575,
2005,141,5,16,8471803,Brian Salcido,D,ANA,24,USA,Brian Salcido,D,2,0.0,1.0,1,False,ANA,"(125, 150]",83.70028882430006,42.66827701319251,-81.70028882430006,-41.66827701319251
2005,142,5,17,8471804,Nathan Gerbe,C,BUF,7,USA,Nathan Gerbe,C,435,63.0,88.0,151,False,BUF,"(125, 150]",83.65174917796037,42.66713513932773,351.34825082203963,108.33286486067226
2005,143,5,18,8471805,Daren Machesney,G,WSH,15,CAN,Daren Machesney,G,0,0.0,0.0,0,True,WSH,"(125, 150]",83.60543829219628,42.666074971020116,-83.60543829219628,
2005,144,5,19,8470659,Masi Marjamaki,RW,NYI,2,FIN,Masi Marjamaki,L,1,0.0,0.0,0,False,NYI,"(125, 150]",83.56125383058635,42.665090661916324,-82.56125383058635,-42.665090661916324
2005,145,5,20,8471806,Timothy Kunes,D,CAR,12,USA,Timothy Kunes,D,0,0.0,0.0,0,False,CAR,"(125, 150]",83.5190981556182,42.66417678399255,-83.5190981556182,-42.66417678399255
2005,146,5,21,8471807,Tom Wandell,F,DAL,25,SWE,Tom Wandell,C,229,20.0,23.0,43,False,DAL,"(125, 150]",83.47887811293191,42.663328297621426,145.5211218870681,0.3366717023785739
2005,147,5,22,8471808,Trevor Koverko,D,NYR,3,CAN,Trevor Koverko,D,0,0.0,0.0,0,False,NYR,"(125, 150]",83.44050482547043,42.66254052378066,-83.44050482547043,-42.66254052378066
2005,148,5,23,8471809,Anton Krysanov,C,PHX,27,RUS,Anton Krysanov,C,0,0.0,0.0,0,False,UTA,"(125, 150]",83.40389349708157,42.66180911825041,-83.40389349708157,-42.66180911825041
2005,149,5,24,8471810,Derek Joslin,D,SJS,28,CAN,Derek Joslin,D,116,4.0,12.0,16,False,SJS,"(125, 150]",83.36896322513803,42.66113004765679,32.63103677486197,-26.66113004765679
2005,150,5,25,8471811,Cal O'Reilly,C,NSH,18,CAN,Cal O'Reilly,C,145,16.0,33.0,49,False,NSH,"(125, 150]",83.33563682176118,42.66049956722966,61.664363178238816,6.339500432770343
2005,151,5,26,8471812,Jeff May,D,DET,17,CAN,Jeff May,D,0,0.0,0.0,0,False,DET,"(150, 180]",83.30384064325355,42.65991420015188,-83.30384064325355,-42.65991420015188
2005,152,5,27,8471813,Josh Beaulieu,C,PHI,4,CAN,Josh Beaulieu,L,0,0.0,0.0,0,False,PHI,"(150, 180]",83.27350442736322,42.65937071838622,-83.27350442736322,-42.65937071838622
2005,153,5,28,8471814,Alex Berry,RW,TOR,10,USA,Alex Berry,R,0,0.0,0.0,0,False,TOR,"(150, 180]",83.2445611380203,42.658866124874194,-83.2445611380203,-42.658866124874194
2005,154,5,29,8471815,Wacey Rabbit,C,BOS,6,CAN,Wacey Rabbit,C,0,0.0,0.0,0,False,BOS,"(150, 180]",83.2169468172027,42.6583976370086,-83.2169468172027,-42.6583976370086
2005,155,5,30,8471816,Mark Fayne,D,NJD,1,USA,Mark Fayne,D,389,17.0,48.0,65,False,NJD,"(150, 180]",83.19060044360353,42.657962671288715,305.80939955639644,22.342037328711285
2005,156,5,31,8471817,Ryan Reaves,RW,STL,19,CAN,Ryan Reaves,R,962,66.0,74.0,140,False,STL,"(150, 180]",83.16546379778804,42.65755882907344,878.834536202212,97.34244117092656
2005,157,5,32,8471818,Fredrik Pettersson,LW,EDM,22,SWE,Fredrik Pettersson,L,0,0.0,0.0,0,False,EDM,"(150, 180]",83.14148133354207,42.657183883353845,-83.14148133354207,-42.657183883353845
2005,158,5,33,8471819,Matt Keetley,G,CGY,20,CAN,Matt Keetley,G,1,0.0,0.0,0,True,CGY,"(150, 180]",83.11860005512764,42.656835766472234,-82.11860005512764,
2005,159,5,34,8471820,Risto Korhonen,D,CAR,12,FIN,Risto Korhonen,D,0,0.0,0.0,0,False,CAR,"(150, 180]",83.09676940017454,42.65651255871995,-83.09676940017454,-42.65651255871995
2005,160,5,35,8471821,Matt Watkins,RW,DAL,25,CAN,Matt Watkins,R,1,0.0,0.0,0,False,DAL,"(150, 180]",83.07594112794911,42.65621247775101,-82.07594112794911,-42.65621247775101
2005,161,5,36,8471822,Brian Foster,G,FLA,13,USA,Brian Foster,G,1,0.0,0.0,0,True,FLA,"(150, 180]",83.05606921275334,42.65593386875329,-82.05606921275334,
2005,162,5,37,8471823,Paul Fenton,F,SJS,28,USA,Paul Fenton,L,0,0.0,0.0,0,False,SJS,"(150, 180]",83.03710974221858,42.65567519532296,-83.03710974221858,-42.65567519532296
2005,163,6,1,8471824,Marek Kvapil,RW,TBL,14,CZE,Marek Kvapil,R,0,0.0,0.0,0,False,TBL,"(150, 180]",83.01902082026932,42.655435030991924,-83.01902082026932,-42.655435030991924
2005,164,6,2,8471825,Roman Derlyuk,D,FLA,13,RUS,Roman Derlyuk,D,0,0.0,0.0,0,False,FLA,"(150, 180]",83.0017624745425,42.65521205136148,-83.0017624745425,-42.65521205136148
2005,165,6,3,8471826,Kevin Beech,G,TBL,14,CAN,Kevin Beech,G,0,0.0,0.0,0,True,TBL,"(150, 180]",82.98529656805775,42.65500502679885,-82.98529656805775,
2005,166,6,4,8471827,Jason Lynch,D,COL,21,CAN,Jason Lynch,D,0,0.0,0.0,0,False,COL,"(150, 180]",82.96958671494343,42.654812815656285,-82.96958671494343,-42.654812815656285
2005,167,6,5,8471828,Joe Fallon,G,CHI,16,USA,Joe Fallon,G,0,0.0,0.0,0,True,CHI,"(150, 180]",82.95459820003221,42.65463435797545,-82.95459820003221,
2005,168,6,6,8471829,Justin Mercier,F,COL,21,USA,Justin Mercier,C,9,1.0,1.0,2,False,COL,"(150, 180]",82.9402979021485,42.65446866964217,-73.9402979021485,-40.65446866964217
2005,169,6,7,8471830,Mike Gauthier,D,STL,19,CAN,Mike Gauthier,D,0,0.0,0.0,0,False,STL,"(150, 180]",82.92665422091831,42.6543148369595,-82.92665422091831,-42.6543148369595
2005,170,6,8,8471831,Sean Zimmerman,D,NJD,1,USA,Sean Zimmerman,D,0,0.0,0.0,0,False,NJD,"(150, 180]",82.91363700693962,42.65417201160911,-82.91363700693962,-42.65417201160911
2005,171,6,9,8471832,Nick Drazenovic,C,STL,19,CAN,Nick Drazenovic,C,12,0.0,0.0,0,False,STL,"(150, 180]",82.9012174951592,42.65403940597316,-70.9012174951592,-42.65403940597316
2005,172,6,10,8471833,Lukas Vantuch,F,BOS,6,CZE,Lukas Vantuch,C,0,0.0,0.0,0,False,BOS,"(150, 180]",82.88936824130836,42.653916288790974,-82.88936824130836,-42.653916288790974
2005,173,6,11,8471834,Johan Dahlberg,F,TOR,10,SWE,Johan Dahlberg,L,0,0.0,0.0,0,False,TOR,"(150, 180]",82.87806306125748,42.653801981126435,-82.87806306125748,-42.653801981126435
2005,174,6,12,8471835,John Flatters,D,PHI,4,CAN,John Flatters,D,0,0.0,0.0,0,False,PHI,"(150, 180]",82.86727697315509,42.65369585262398,-82.86727697315509,-42.65369585262398
2005,175,6,13,8471836,Juho Mielonen,D,DET,17,FIN,Juho Mielonen,D,0,0.0,0.0,0,False,DET,"(150, 180]",82.85698614222369,42.65359731803246,-82.85698614222369,-42.65359731803246
2005,176,6,14,8471837,Ryan Maki,RW,NSH,18,USA,Ryan Maki,R,0,0.0,0.0,0,False,NSH,"(150, 180]",82.8471678280904,42.65350583397773,-82.8471678280904,-42.65350583397773
2005,177,6,15,8471838,Derek Reinhart,D,CBJ,29,CAN,Derek Reinhart,D,0,0.0,0.0,0,False,CBJ,"(150, 180]",82.83780033453596,42.65342089596622,-82.83780033453596,-42.65342089596622
2005,178,6,16,8471839,Greg Beller,F,NYR,3,CAN,Greg Beller,L,0,0.0,0.0,0,False,NYR,"(150, 180]",82.82886296155098,42.653342035602826,-82.82886296155098,-42.653342035602826
2005,179,6,17,8471840,Brett Sutter,F,CGY,20,CAN,Brett Sutter,L,60,2.0,8.0,10,False,CGY,"(150, 180]",82.82033595959383,42.65326881800799,-22.820335959593834,-32.65326881800799
2005,180,6,18,8471841,Tyrell Mason,D,NYI,2,CAN,Tyrell Mason,D,0,0.0,0.0,0,False,NYI,"(150, 180]",82.81220048594854,42.65320083941945,-82.81220048594854,-42.65320083941945
2005,181,6,19,8471842,Tim Kennedy,LW,WSH,15,USA,Tim Kennedy,L,162,15.0,24.0,39,False,WSH,"(180, 211]",82.80443856308683,42.65313772496576,79.19556143691317,-3.6531377249657595
2005,182,6,20,8471843,Adam Dennis,G,BUF,7,CAN,Adam Dennis,G,0,0.0,0.0,0,True,BUF,"(180, 211]",82.79703303894182,42.65307912659897,-82.79703303894182,
2005,183,6,21,8470817,William Colbert,D,SJS,28,CAN,William Colbert,D,0,0.0,0.0,0,False,SJS,"(180, 211]",82.78996754900598,42.653024721175335,-82.78996754900598,-42.653024721175335
2005,184,6,22,8471844,Ryan McGinnis,D,LAK,26,USA,Ryan McGinnis,D,0,0.0,0.0,0,False,LAK,"(180, 211]",82.78322648016925,42.652974208673314,-82.78322648016925,-42.652974208673314
2005,185,6,23,8471846,Kris Fredheim,D,VAN,23,CAN,Kris Fredheim,D,3,0.0,0.0,0,False,VAN,"(180, 211]",82.7767949362177,42.652927310539084,-79.7767949362177,-42.652927310539084
2005,186,6,24,8471847,Dimitri Megalinsky,D,OTT,9,RUS,Dimitri Megalinsky,D,0,0.0,0.0,0,False,OTT,"(180, 211]",82.77065870491634,42.65288376815045,-82.77065870491634,-42.65288376815045
2005,187,6,25,8471848,Andrey Zubarev,D,ATL,11,RUS,Andrey Zubarev,D,4,0.0,1.0,1,False,WPG,"(180, 211]",82.76480422660329,42.652843341390636,-78.76480422660329,-41.652843341390636
2005,188,6,26,8471849,Joe Charlebois,D,CHI,16,USA,Joe Charlebois,D,0,0.0,0.0,0,False,CHI,"(180, 211]",82.75921856422605,42.65280580732417,-82.75921856422605,-42.65280580732417
2005,189,6,27,8471850,Kirill Starkov,C,CBJ,29,RUS,Kirill Starkov,C,0,0.0,0.0,0,False,CBJ,"(180, 211]",82.7538893747536,42.652770958967494,-82.7538893747536,-42.652770958967494
2005,190,6,28,8471851,Matt D'Agostini,RW,MTL,8,CAN,Matt D'Agostini,R,324,52.0,55.0,107,False,MTL,"(180, 211]",82.74880488190117,42.65273860414752,241.25119511809885,64.34726139585248
2005,191,6,29,8471852,Vjateslav Buravchikov,D,BUF,7,RUS,Vjateslav Buravchikov,D,0,0.0,0.0,0,False,BUF,"(180, 211]",82.7439538501073,42.65270856444192,-82.7439538501073,-42.65270856444192
2005,192,6,30,8471853,Nicolas Blanchard,C,CAR,12,CAN,Nicolas Blanchard,L,9,0.0,0.0,0,False,CAR,"(180, 211]",82.73932555970585,42.65268067419517,-73.73932555970585,-42.65268067419517
2005,193,6,31,8471854,Tony Lucia,LW,SJS,28,USA,Tony Lucia,L,0,0.0,0.0,0,False,SJS,"(180, 211]",82.73490978323798,42.652654779605044,-82.73490978323798,-42.652654779605044
2005,194,6,32,8471855,Jean-Philippe Paquet,D,PIT,5,CAN,Jean-Philippe Paquet,D,0,0.0,0.0,0,False,PIT,"(180, 211]",82.73069676285189,42.65263073787449,-82.73069676285189,-42.65263073787449
2005,195,7,1,8471856,Joe Vitale,C,PIT,5,USA,Joe Vitale,C,234,11.0,33.0,44,False,PIT,"(180, 211]",82.72667718874011,42.65260841642412,151.2733228112599,1.3473915835758774
2005,196,7,2,8471857,Nicholas Tuzzolino,D,NYI,2,USA,Nicholas Tuzzolino,D,0,0.0,0.0,0,False,NYI,"(180, 211]",82.72284217856702,42.652587692161156,-82.72284217856702,-42.652587692161156
2005,197,7,3,8471845,Jean-Philippe Levasseur,G,ANA,24,CAN,Jean-Philippe Levasseur,G,0,0.0,0.0,0,True,ANA,"(180, 211]",82.71918325784091,42.652568450800544,-82.71918325784091,
2005,198,7,4,8471770,Kyle Lawson,D,CAR,12,USA,Kyle Lawson,D,0,0.0,0.0,0,False,CAR,"(180, 211]",82.71569234118732,42.65255058623481,-82.71569234118732,-42.65255058623481
2005,199,7,5,8471858,Riley Emmerson,D,MIN,30,CAN,Riley Emmerson,D,0,0.0,0.0,0,False,MIN,"(180, 211]",82.71236171448218,42.65253399994888,-82.71236171448218,-42.65253399994888
2005,200,7,6,8471859,Sergei Kostitsyn,F,MTL,8,BLR,Sergei Kostitsyn,L,353,67.0,109.0,176,False,MTL,"(180, 211]",82.70918401780544,42.65251860047681,270.29081598219454,133.3474813995232
2005,201,7,7,8470872,Trevor Hendrikx,D,CBJ,29,CAN,Trevor Hendrikx,D,0,0.0,0.0,0,False,CBJ,"(180, 211]",82.70615222917723,42.65250430289742,-82.70615222917723,-42.65250430289742
2005,202,7,8,8471860,David Kuchejda,RW,CHI,16,CZE,David Kuchejda,R,0,0.0,0.0,0,False,CHI,"(180, 211]",82.703259649041,42.65249102836595,-82.703259649041,-42.65249102836595
2005,203,7,9,8471861,Adam Hobson,C,CHI,16,SWE,Adam Hobson,C,0,0.0,0.0,0,False,CHI,"(180, 211]",82.70049988545898,42.652478703679314,-82.70049988545898,-42.652478703679314
2005,204,7,10,8471862,Colin Greening,F,OTT,9,CAN,Colin Greening,C,286,45.0,57.0,102,False,OTT,"(180, 211]",82.69786683998748,42.652467260872385,203.30213316001252,59.347532739127615
2005,205,7,11,8471863,Mario Bliznak,C,VAN,23,SVK,Mario Bliznak,C,6,1.0,0.0,1,False,VAN,"(180, 211]",82.69535469420074,42.652456636843205,-76.69535469420074,-41.652456636843205
2005,206,7,12,8471864,Josh Meyers,D,LAK,26,USA,Josh Meyers,D,0,0.0,0.0,0,False,LAK,"(180, 211]",82.69295789683352,42.65244677300502,-82.69295789683352,-42.65244677300502
2005,207,7,13,8471865,Myles Stoesz,D,ATL,11,CAN,Myles Stoesz,L,0,0.0,0.0,0,False,WPG,"(180, 211]",82.69067115151412,42.65243761496317,-82.69067115151412,-42.65243761496317
2005,208,7,14,8471866,Matt Generous,D,BUF,7,USA,Matt Generous,D,0,0.0,0.0,0,False,BUF,"(180, 211]",82.68848940506057,42.65242911221517,-82.68848940506057,-42.65242911221517
2005,209,7,15,8472011,Viktor Dovgan,D,WSH,15,RUS,Viktor Dovgan,D,0,0.0,0.0,0,False,WSH,"(180, 211]",82.68640783631426,42.65242121787215,-82.68640783631426,-42.65242121787215
2005,210,7,16,8471867,Luciano Aquino,F,NYI,2,CAN,Luciano Aquino,C,0,0.0,0.0,0,False,NYI,"(180, 211]",82.68442184548637,42.652413888400375,-82.68442184548637,-42.652413888400375
2005,211,7,17,8471868,Ryan Russell,C,NYR,3,CAN,Ryan Russell,L,41,2.0,0.0,2,False,NYR,"(180, 211]",82.68252704399328,42.65240708338107,-41.682527043993275,-40.65240708338107
2005,212,7,18,8471869,Pat Brosnihan,RW,PHX,27,USA,Pat Brosnihan,R,0,0.0,0.0,0,False,UTA,"(211, 300]",82.68071924475883,42.65240076528761,-82.68071924475883,-42.65240076528761
2005,213,7,19,8471870,Scott Todd,D,NSH,18,CAN,Scott Todd,D,0,0.0,0.0,0,False,NSH,"(211, 300]",82.67899445296194,42.652394899278534,-82.67899445296194,-42.652394899278534
2005,214,7,20,8471871,Bretton Stamler,D,DET,17,CAN,Bretton Stamler,D,0,0.0,0.0,0,False,DET,"(211, 300]",82.67734885720887,42.65238945300543,-82.67734885720887,-42.65238945300543
2005,215,7,21,8471872,Matt Clackson,LW,PHI,4,CAN,Matt Clackson,R,0,0.0,0.0,0,False,PHI,"(211, 300]",82.67577882111092,42.65238439643455,-82.67577882111092,-42.65238439643455
2005,216,7,22,8471873,Anton Stralman,D,TOR,10,SWE,Anton Stralman,D,938,63.0,230.0,293,False,TOR,"(211, 300]",82.67428087524893,42.65237970168116,855.3257191247511,250.34762029831884
2005,217,7,23,8471874,Brock Bradford,C,BOS,6,CAN,Brock Bradford,C,0,0.0,0.0,0,False,BOS,"(211, 300]",82.67285170950656,42.652375342855805,-82.67285170950656,-42.652375342855805
2005,218,7,24,8471875,Alexander Sundstrom,F,NJD,1,CAN,Alexander Sundstrom,C,0,0.0,0.0,0,False,NJD,"(211, 300]",82.67148816575575,42.65237129592152,-82.67148816575575,-42.65237129592152
2005,219,7,25,8471876,Nikolai Lemtyugov,F,STL,19,RUS,Nikolai Lemtyugov,L,0,0.0,0.0,0,False,STL,"(211, 300]",82.67018723087797,42.65236753856126,-82.67018723087797,-42.65236753856126
2005,220,7,26,8471877,Matthew Glasser,LW,EDM,22,CAN,Matthew Glasser,L,0,0.0,0.0,0,False,EDM,"(211, 300]",82.66894603010593,42.65236405005488,-82.66894603010593,-42.65236405005488
2005,221,7,27,8471878,Myles Rumsey,D,CGY,20,CAN,Myles Rumsey,D,0,0.0,0.0,0,False,CGY,"(211, 300]",82.66776182067099,42.65236081116482,-82.66776182067099,-42.65236081116482
2005,222,7,28,8471879,Kyle Cumiskey,D,COL,21,CAN,Kyle Cumiskey,D,139,9.0,26.0,35,False,COL,"(211, 300]",82.66663198574227,42.65235780403006,56.33336801425773,-7.652357804030061
2005,223,7,29,8471880,Pat McGann,G,DAL,25,USA,Pat McGann,G,0,0.0,0.0,0,True,DAL,"(211, 300]",82.66555402864407,42.652355012067595,-82.66555402864407,
2005,224,7,30,8471881,Zach Bearson,RW,FLA,13,USA,Zach Bearson,R,0,0.0,0.0,0,False,FLA,"(211, 300]",82.66452556733876,42.652352419881005,-82.66452556733876,-42.652352419881005
2005,225,7,31,8471882,John Wessbecker,D,TBL,14,USA,John Wessbecker,D,0,0.0,0.0,0,False,TBL,"(211, 300]",82.66354432916307,42.652350013175536,-82.66354432916307,-42.652350013175536
2005,226,7,32,8471883,John Seymour,LW,LAK,26,CAN,John Seymour,L,0,0.0,0.0,0,False,LAK,"(211, 300]",82.662608145806,42.6523477786793,-82.662608145806,-42.6523477786793
2005,227,7,33,8471884,Andrew Orpik,D,BUF,7,USA,Andrew Orpik,D,0,0.0,0.0,0,False,BUF,"(211, 300]",82.66171494851733,42.65234570407003,-82.66171494851733,-42.65234570407003
2005,228,7,34,8471885,Chad Rau,C,TOR,10,USA,Chad Rau,C,9,2.0,0.0,2,False,TOR,"(211, 300]",82.66086276353619,42.6523437779072,-73.66086276353619,-40.6523437779072
2005,229,7,35,8471886,Phillipe Paquet,D,MTL,8,CAN,Phillipe Paquet,D,0,0.0,0.0,0,False,MTL,"(211, 300]",82.66004970772948,42.65234198956888,-82.66004970772948,-42.65234198956888
2005,230,7,36,8471887,Patric Hornqvist,F,NSH,18,SWE,Patric Hornqvist,R,901,264.0,279.0,543,False,NSH,"(211, 300]",82.65927398443064,42.652340329193194,818.3407260155693,500.3476596708068
2006,1,1,1,8473446,Erik Johnson,D,STL,19,USA,Erik Johnson,D,1023,95.0,253.0,348,False,STL,,844.7618549404874,563.9056503589592,178.2381450595126,-215.90565035895918
2006,2,1,2,8473533,Jordan Staal,C,PIT,5,CAN,Jordan Staal,C,1403,318.0,429.0,747,False,PIT,"(1, 2]",809.7681901837298,526.6079284397246,593.2318098162702,220.39207156027544
2006,3,1,3,8473604,Jonathan Toews,F,CHI,16,CAN,Jonathan Toews,C,1149,383.0,529.0,912,False,CHI,"(2, 3]",776.3813047565832,491.9790049263708,372.6186952434168,420.0209950736292
2006,4,1,4,8473563,Nicklas Backstrom,C,WSH,15,SWE,Nicklas Backstrom,C,1105,271.0,762.0,1033,False,WSH,"(3, 4]",744.5274213101472,459.82791681727923,360.47257868985275,573.1720831827208
2006,5,1,5,8473548,Phil Kessel,C,BOS,6,USA,Phil Kessel,R,1286,413.0,579.0,992,False,BOS,"(4, 5]",714.1361500778175,429.977365263173,571.8638499221825,562.0226347368271
2006,6,1,6,8473544,Derick Brassard,C,CBJ,29,CAN,Derick Brassard,C,1013,215.0,330.0,545,False,CBJ,"(5, 6]",685.1403333300681,402.26273784338173,327.8596666699319,142.73726215661827
2006,7,1,7,8473449,Kyle Okposo,RW,NYI,2,USA,Kyle Okposo,R,1051,242.0,372.0,614,False,NYI,"(6, 8]",657.4758969712924,376.5312008020775,393.5241030287076,237.46879919792252
2006,8,1,8,8473526,Peter Mueller,C,PHX,27,USA,Peter Mueller,C,297,63.0,97.0,160,False,UTA,"(6, 8]",631.0817089507688,352.6408562385712,-334.08170895076876,-192.6408562385712
2006,9,1,9,8473536,James Sheppard,C,MIN,30,CAN,James Sheppard,C,394,23.0,68.0,91,False,MIN,"(8, 10]",605.8994441748678,330.45995960395163,-211.89944417486777,-239.45995960395163
2006,10,1,10,8473564,Michael Frolik,F,FLA,13,CZE,Michael Frolik,R,858,159.0,225.0,384,False,FLA,"(8, 10]",581.8734556219907,309.8661931889113,276.12654437800927,74.13380681108868
2006,11,1,11,8473541,Jonathan Bernier,G,LAK,26,CAN,Jonathan Bernier,G,404,0.0,8.0,0,True,LAK,"(10, 12]",558.9506513754325,290.7459915963702,-154.95065137543247,
2006,12,1,12,8473412,Bryan Little,C,ATL,11,CAN,Bryan Little,C,843,217.0,304.0,521,False,WPG,"(10, 12]",537.0803773024388,272.99391547918094,305.9196226975612,248.00608452081906
2006,13,1,13,8473482,Jiri Tlusty,F,TOR,10,CZE,Jiri Tlusty,L,446,89.0,88.0,177,False,TOR,"(12, 15]",516.2143051202067,256.5120700893594,-70.21430512020675,-79.51207008935938
2006,14,1,14,8473546,Michael Grabner,RW,VAN,23,AUT,Michael Grabner,L,640,175.0,101.0,276,False,VAN,"(12, 15]",496.30632560147916,241.20956543240027,143.69367439852084,34.79043456759973
2006,15,1,15,8473474,Riku Helenius,G,TBL,14,FIN,Riku Helenius,G,1,0.0,0.0,0,True,TBL,"(12, 15]",477.3124466837421,227.00201504967026,-476.3124466837421,
2006,16,1,16,8473501,Ty Wishart,D,SJS,28,CAN,Ty Wishart,D,26,1.0,5.0,6,False,SJS,"(15, 20]",459.19069625687024,213.81107066488858,-433.19069625687024,-207.81107066488858
2006,17,1,17,8473453,Trevor Lewis,C,LAK,26,USA,Trevor Lewis,C,1034,104.0,133.0,237,False,LAK,"(15, 20]",441.90102941440335,201.5639901284781,592.0989705855966,35.43600987152189
2006,18,1,18,8473485,Chris Stewart,RW,COL,21,CAN,Chris Stewart,R,668,160.0,162.0,322,False,COL,"(15, 20]",425.4052399634998,190.1932362771945,242.5947600365002,131.8067637228055
2006,19,1,19,8473583,Mark Mitera,D,ANA,24,USA,Mark Mitera,D,0,0.0,0.0,0,False,ANA,"(15, 20]",409.6668759980253,179.63610449692322,-409.6668759980253,-179.63610449692322
2006,20,1,20,8473596,David Fischer,D,MTL,8,USA,David Fischer,D,0,0.0,0.0,0,False,MTL,"(15, 20]",394.651159348212,169.83437693482028,-394.651159348212,-169.83437693482028
2006,21,1,21,8473610,Bobby Sanguinetti,D,NYR,3,USA,Bobby Sanguinetti,D,45,2.0,4.0,6,False,NYR,"(20, 25]",380.324908728891,160.7340014539319,-335.324908728891,-154.7340014539319
2006,22,1,22,8473512,Claude Giroux,RW,PHI,4,CAN,Claude Giroux,R,1345,379.0,786.0,1165,False,PHI,"(20, 25]",366.6564664164723,152.28479355987108,978.3435335835277,1012.7152064401289
2006,23,1,23,8473575,Semyon Varlamov,G,WSH,15,RUS,Semyon Varlamov,G,621,0.0,8.0,0,True,WSH,"(20, 25]",353.6156282926471,144.44015965581036,267.3843717073529,
2006,24,1,24,8473497,Dennis Persson,D,BUF,7,SWE,Dennis Persson,D,0,0.0,0.0,0,False,BUF,"(20, 25]",341.17357710022264,137.15684009966634,-341.17357710022264,-137.15684009966634
2006,25,1,25,8473534,Patrik Berglund,C,STL,19,SWE,Patrik Berglund,C,717,170.0,156.0,326,False,STL,"(20, 25]",329.30281876360266,130.3946706465514,387.69718123639734,195.6053293534486
2006,26,1,26,8473414,Leland Irving,G,CGY,20,CAN,Leland Irving,G,13,0.0,1.0,0,True,CGY,"(25, 31]",317.97712163319443,124.11636096095384,-304.97712163319443,
2006,27,1,27,8473582,Ivan Vishnevskiy,D,DAL,25,RUS,Ivan Vishnevskiy,D,5,0.0,2.0,2,False,DAL,"(25, 31]",307.17145851948806,118.28728897724142,-302.17145851948806,-116.28728897724142
2006,28,1,28,8473422,Nick Foligno,LW,OTT,9,USA,Nick Foligno,L,1287,251.0,361.0,612,False,OTT,"(25, 31]",296.86195138871545,112.87530997447791,990.1380486112846,499.1246900255221
2006,29,1,29,8473589,Chris Summers,D,PHX,27,USA,Chris Summers,D,70,2.0,7.0,9,False,UTA,"(25, 31]",287.0258185978798,107.85057931268578,-217.02581859787978,-98.85057931268578
2006,30,1,30,8473580,Matthew Corrente,D,NJD,1,CAN,Matthew Corrente,D,34,0.0,6.0,6,False,NJD,"(25, 31]",277.6413245525565,103.18538785302533,-243.6413245525565,-97.18538785302533
2006,31,2,1,8473491,Tomas Kana,C,STL,19,CZE,Tomas Kana,C,6,0.0,2.0,2,False,STL,"(25, 31]",268.6877316762219,98.85400915430591,-262.6877316762219,-96.85400915430591
2006,32,2,2,8473539,Carl Sneep,D,PIT,5,USA,Carl Sneep,D,1,0.0,1.0,1,False,PIT,"(31, 40]",260.14525458497144,94.83255760318657,-259.14525458497144,-93.83255760318657
2006,33,2,3,8473464,Igor Makarov,RW,CHI,16,RUS,Igor Makarov,R,0,0.0,0.0,0,False,CHI,"(31, 40]",251.99501636636575,91.09885669571764,-251.99501636636575,-91.09885669571764
2006,34,2,4,8473607,Michal Neuvirth,G,WSH,15,CZE,Michal Neuvirth,G,257,0.0,4.0,0,True,WSH,"(31, 40]",244.21900686578914,87.63231674385521,12.78099313421086,
2006,35,2,5,8473447,Francois Bouchard,RW,WSH,15,CAN,Francois Bouchard,R,0,0.0,0.0,0,False,WSH,"(31, 40]",236.80004288814456,84.41382133255445,-236.80004288814456,-84.41382133255445
2006,36,2,6,8473465,Jamie McGinn,LW,SJS,28,CAN,Jamie McGinn,L,617,117.0,103.0,220,False,SJS,"(31, 40]",229.72173022693886,81.42562190130346,387.27826977306114,138.57437809869654
2006,37,2,7,8473556,Yury Alexandrov,D,BOS,6,RUS,Yury Alexandrov,D,0,0.0,0.0,0,False,BOS,"(31, 40]",222.96842743685136,78.65123986876237,-222.96842743685136,-78.65123986876237
2006,38,2,8,8473425,Bryce Swan,RW,ANA,24,CAN,Bryce Swan,R,0,0.0,0.0,0,False,ANA,"(31, 40]",216.5252112697325,76.07537576076862,-216.5252112697325,-76.07537576076862
2006,39,2,9,8473568,Andreas Nodl,RW,PHI,4,AUT,Andreas Nodl,R,183,15.0,21.0,36,False,PHI,"(31, 40]",210.3778436976523,73.68382484059008,-27.37784369765231,-37.68382484059008
2006,40,2,10,8473522,Ondrej Fiala,C,MIN,30,CZE,Ondrej Fiala,C,0,0.0,0.0,0,False,MIN,"(31, 40]",204.51274045012914,71.46339877616482,-204.51274045012914,-71.46339877616482
2006,41,2,11,8473558,Cory Emmerton,F,DET,17,CAN,Cory Emmerton,C,139,12.0,9.0,21,False,DET,"(40, 50]",198.91694099601142,69.40185291235734,-59.91694099601142,-48.40185291235734
2006,42,2,12,8473450,Michael Ratchuk,D,PHI,4,USA,Michael Ratchuk,D,0,0.0,0.0,0,False,PHI,"(40, 50]",193.57807990368076,67.48781874717034,-193.57807990368076,-67.48781874717034
2006,43,2,13,8473417,Riley Holzapfel,C,ATL,11,CAN,Riley Holzapfel,C,0,0.0,0.0,0,False,WPG,"(40, 50]",188.48435951628767,65.71074123954845,-188.48435951628767,-65.71074123954845
2006,44,2,14,8473579,Nikolay Kulemin,F,TOR,10,RUS,Nikolay Kulemin,L,669,121.0,153.0,274,False,TOR,"(40, 50]",183.62452388163973,64.06082060305499,485.37547611836027,209.939179396945
2006,45,2,15,8473507,Jeff Petry,D,EDM,22,USA,Jeff Petry,D,1048,96.0,298.0,394,False,EDM,"(40, 50]",178.98783387913235,62.528958264439325,869.0121661208676,331.4710417355607
2006,46,2,16,8473523,Jhonas Enroth,G,BUF,7,SWE,Jhonas Enroth,G,153,0.0,0.0,0,True,BUF,"(40, 50]",174.56404348875844,61.106706689080966,-21.564043488758443,
2006,47,2,17,8473574,Shawn Matthias,C,DET,17,CAN,Shawn Matthias,L,551,90.0,84.0,174,False,DET,"(40, 50]",170.34337714975766,59.786222796620166,380.65662285024234,114.21377720337983
2006,48,2,18,8473476,Joe Ryan,D,LAK,26,USA,Joe Ryan,D,0,0.0,0.0,0,False,LAK,"(40, 50]",166.31650815887204,58.560224709882874,-166.31650815887204,-58.560224709882874
2006,49,2,19,8473493,Ben Maxwell,C,MTL,8,CAN,Ben Maxwell,C,47,2.0,6.0,8,False,MTL,"(40, 50]",162.474538060474,57.42195159859,-115.474538060474,-49.42195159859
2006,50,2,20,8473473,Milan Lucic,LW,BOS,6,CAN,Milan Lucic,L,1177,233.0,353.0,586,False,BOS,"(40, 50]",158.8089769830231,56.365126396406794,1018.1910230169769,529.6348736035932
2006,51,2,21,8473586,Nigel Williams,D,COL,21,USA,Nigel Williams,D,0,0.0,0.0,0,False,COL,"(50, 65]",155.3117248783995,55.38392118573376,-155.3117248783995,-55.38392118573376
2006,52,2,22,8473413,Keith Seabrook,D,WSH,15,CAN,Keith Seabrook,D,0,0.0,0.0,0,False,WSH,"(50, 65]",151.97505362265838,54.472925059351624,-151.97505362265838,-54.472925059351624
2006,53,2,23,8473438,Mathieu Carle,D,MTL,8,CAN,Mathieu Carle,D,3,0.0,0.0,0,False,MTL,"(50, 65]",148.79158993865056,53.627114281691775,-145.79158993865056,-53.627114281691775
2006,54,2,24,8473573,Artem Anisimov,C,NYR,3,RUS,Artem Anisimov,C,771,180.0,196.0,376,False,NYR,"(50, 65]",145.7542991027736,52.8418245851849,625.2457008972265,323.1581754148151
2006,55,2,25,8473495,Denis Bodrov,D,PHI,4,RUS,Denis Bodrov,D,0,0.0,0.0,0,False,PHI,"(50, 65]",142.85646939984818,52.11272544891468,-142.85646939984818,-52.11272544891468
2006,56,2,26,8473608,Blake Geoffrion,LW,NSH,18,USA,Blake Geoffrion,C,55,8.0,5.0,13,False,NSH,"(50, 65]",140.0916972917691,51.43579621773465,-85.0916972917691,-38.43579621773465
2006,57,2,27,8473426,Mike Weber,D,BUF,7,USA,Mike Weber,D,351,9.0,44.0,53,False,BUF,"(50, 65]",137.45387326715675,50.80730393015615,213.54612673284325,2.192696069843848
2006,58,2,28,8473605,Alexander Vasyunov,LW,NJD,1,RUS,Alexander Vasyunov,L,18,1.0,4.0,5,False,NJD,"(50, 65]",134.93716834074,50.22378273273779,-116.93716834073999,-45.22378273273779
2006,59,2,29,8473467,Codey Burki,C,COL,21,CAN,Codey Burki,C,0,0.0,0.0,0,False,COL,"(50, 65]",132.53602117263767,49.68201476745624,-132.53602117263767,-49.68201476745624
2006,60,2,30,8473514,Jesse Joensuu,F,NYI,2,FIN,Jesse Joensuu,L,129,13.0,11.0,24,False,NYI,"(50, 65]",130.2451257790745,49.179012426660584,-1.245125779074499,-25.179012426660584
2006,61,2,31,8473602,Simon Danis-Pepin,D,CHI,16,CAN,Simon Danis-Pepin,D,0,0.0,0.0,0,False,CHI,"(50, 65]",128.05941980737566,48.71200187775444,-128.05941980737566,-48.71200187775444
2006,62,2,32,8473478,Dick Axelsson,F,DET,17,SWE,Dick Axelsson,L,0,0.0,0.0,0,False,DET,"(50, 65]",125.97407334933011,48.278407766751634,-125.97407334933011,-48.278407766751634
2006,63,2,33,8473571,Jamie McBain,D,CAR,12,USA,Jamie McBain,D,348,30.0,80.0,110,False,CAR,"(50, 65]",123.98447826820251,47.875839016352614,224.0155217317975,62.124160983647386
2006,64,3,1,8473510,Jonas Junland,D,STL,19,SWE,Jonas Junland,D,4,0.0,2.0,2,False,STL,"(50, 65]",122.08623801580958,47.50207564022413,-118.08623801580958,-45.50207564022413
2006,65,3,2,8473565,Brian Strait,D,PIT,5,USA,Brian Strait,D,187,6.0,23.0,29,False,PIT,"(50, 65]",120.27515791715824,47.15505650076909,66.72484208284176,-18.155056500769092
2006,66,3,3,8473466,Ryan White,C,MTL,8,CAN,Ryan White,C,313,31.0,30.0,61,False,MTL,"(65, 80]",118.54723590117729,46.832867942875936,194.4527640988227,14.167132057124064
2006,67,3,4,8473524,Kirill Tulupov,D,NJD,1,RUS,Kirill Tulupov,D,0,0.0,0.0,0,False,NJD,"(65, 80]",116.89865365705954,46.53373324096787,-116.89865365705954,-46.53373324096787
2006,68,3,5,8473468,Eric Gryba,D,OTT,9,CAN,Eric Gryba,D,289,7.0,36.0,43,False,OTT,"(65, 80]",115.32576819667179,46.25600280115723,173.6742318033282,-3.25600280115723
2006,69,3,6,8473461,Steve Mason,G,CBJ,29,CAN,Steve Mason,G,476,0.0,12.0,0,True,CBJ,"(65, 80]",113.82510380438777,45.99814506447404,362.17489619561223,
2006,70,3,7,8473581,Robin Figren,F,NYI,2,SWE,Robin Figren,L,0,0.0,0.0,0,False,NYI,"(65, 80]",112.39334435655485,45.75873806100437,-112.39334435655485,-45.75873806100437
2006,71,3,8,8473419,Brad Marchand,C,BOS,6,CAN,Brad Marchand,L,1152,451.0,583.0,1034,False,BOS,"(65, 80]",111.02732599362243,45.53646156836322,1040.9726740063775,988.4635384316368
2006,72,3,9,8473504,Cal Clutterbuck,RW,MIN,30,CAN,Cal Clutterbuck,R,1064,143.0,150.0,293,False,MIN,"(65, 80]",109.72403012873889,45.33008983125943,954.2759698712612,247.66991016874056
2006,73,3,10,8473424,Brady Calla,RW,FLA,13,CAN,Brady Calla,R,0,0.0,0.0,0,False,FLA,"(65, 80]",108.48057677736796,45.13848480200428,-108.48057677736796,-45.13848480200428
2006,74,3,11,8473553,Jeff Zatkoff,G,LAK,26,USA,Jeff Zatkoff,G,48,0.0,1.0,0,True,LAK,"(65, 80]",107.29421819318438,44.960589864688316,-59.29421819318438,
2006,75,3,12,8473525,Theo Peckham,D,EDM,22,CAN,Theo Peckham,D,160,4.0,13.0,17,False,EDM,"(65, 80]",106.16233279618547,44.795424008417875,53.83766720381453,-27.795424008417875
2006,76,3,13,8473591,Tony Lagerstrom,C,CHI,16,SWE,Tony Lagerstrom,C,0,0.0,0.0,0,False,CHI,"(65, 80]",105.08241937960153,44.64207641747942,-105.08241937960153,-44.64207641747942
2006,77,3,14,8473592,Vladimir Zharkov,RW,NJD,1,RUS,Vladimir Zharkov,R,82,2.0,12.0,14,False,NJD,"(65, 80]",104.05209158280329,44.49970144859892,-22.052091582803286,-30.49970144859892
2006,78,3,15,8473433,Kevin Quick,D,TBL,14,USA,Kevin Quick,D,6,0.0,1.0,1,False,TBL,"(65, 80]",103.06907261799299,44.36751396759794,-97.06907261799299,-43.36751396759794
2006,79,3,16,8473444,Jon Matsumoto,C,PHI,4,CAN,Jon Matsumoto,C,14,2.0,0.0,2,False,PHI,"(65, 80]",102.13119023902618,44.24478501973033,-88.13119023902618,-42.24478501973033
2006,80,3,17,8473458,Michael Forney,LW,ATL,11,USA,Michael Forney,L,0,0.0,0.0,0,False,WPG,"(65, 80]",101.23637194124682,44.13083780982339,-101.23637194124682,-44.13083780982339
2006,81,3,18,8473443,Mike Carman,C,COL,21,USA,Mike Carman,C,0,0.0,0.0,0,False,COL,"(80, 100]",100.38264038172775,44.02504397005559,-100.38264038172775,-44.02504397005559
2006,82,3,19,8473540,Daniel Rahimi,D,VAN,23,SWE,Daniel Rahimi,D,0,0.0,0.0,0,False,VAN,"(80, 100]",99.56810900979711,43.92682009478953,-99.56810900979711,-43.92682009478953
2006,83,3,20,8473430,John De Gray,D,ANA,24,CAN,John De Gray,D,0,0.0,0.0,0,False,ANA,"(80, 100]",98.79097789819461,43.835624523351164,-98.79097789819461,-43.835624523351164
2006,84,3,21,8473518,Ryan Hillier,LW,NYR,3,CAN,Ryan Hillier,L,0,0.0,0.0,0,False,NYR,"(80, 100]",98.0495297656456,43.750954353013846,-98.0495297656456,-43.750954353013846
2006,85,3,22,8473542,Tom Sestito,LW,CBJ,29,USA,Tom Sestito,L,154,10.0,11.0,21,False,CBJ,"(80, 100]",97.34212618206395,43.672342665715014,56.65787381793605,-22.672342665715014
2006,86,3,23,8473431,Bud Holloway,F,LAK,26,CAN,Bud Holloway,C,1,0.0,0.0,0,False,LAK,"(80, 100]",96.66720394799776,43.59935595321225,-95.66720394799776,-43.59935595321225
2006,87,3,24,8473530,John Armstrong,F,CGY,20,CAN,John Armstrong,C,0,0.0,0.0,0,False,CGY,"(80, 100]",96.02327164031772,43.53159172647953,-96.02327164031772,-43.53159172647953
2006,88,3,25,8473515,Jonas Ahnelov,D,PHX,27,SWE,Jonas Ahnelov,D,0,0.0,0.0,0,False,UTA,"(80, 100]",95.40890631651433,43.468676296160474,-95.40890631651433,-43.468676296160474
2006,89,3,26,8473429,Aaron Marvin,F,CGY,20,USA,Aaron Marvin,C,0,0.0,0.0,0,False,CGY,"(80, 100]",94.822750370322,43.410262711838996,-94.822750370322,-43.410262711838996
2006,90,3,27,8473411,Aaron Snow,LW,DAL,25,CAN,Aaron Snow,L,0,0.0,0.0,0,False,DAL,"(80, 100]",94.26350853172075,43.35602884876314,-94.26350853172075,-43.35602884876314
2006,91,3,28,8473484,Kaspars Daugavins,LW,OTT,9,LVA,Kaspars Daugavins,L,91,6.0,9.0,15,False,OTT,"(80, 100]",93.72994500468717,43.30567563147135,-2.729945004687167,-28.305675631471352
2006,92,3,29,8473471,Daniel Larsson,G,DET,17,SWE,Daniel Larsson,G,0,0.0,0.0,0,True,DET,"(80, 100]",93.22088073636887,43.25892538452533,-93.22088073636887,
2006,93,3,30,8473477,Harrison Reed,RW,CAR,12,CAN,Harrison Reed,R,0,0.0,0.0,0,False,CAR,"(80, 100]",92.73519081164858,43.21552030125429,-92.73519081164858,-43.21552030125429
2006,94,4,1,8473427,Ryan Turek,C,STL,19,USA,Ryan Turek,C,0,0.0,0.0,0,False,STL,"(80, 100]",92.27180196733998,43.17522102206672,-92.27180196733998,-43.17522102206672
2006,95,4,2,8473462,Ben Shutron,D,CHI,16,CAN,Ben Shutron,D,0,0.0,0.0,0,False,CHI,"(80, 100]",91.8296902205227,43.13780531448942,-91.8296902205227,-43.13780531448942
2006,96,4,3,8473435,Joe Palmer,G,CHI,16,USA,Joe Palmer,G,0,0.0,0.0,0,True,CHI,"(80, 100]",91.4078786057751,43.10306684765496,-91.4078786057751,
2006,97,4,4,8473496,Oskar Osala,LW,WSH,15,FIN,Oskar Osala,L,3,0.0,0.0,0,False,WSH,"(80, 100]",91.00543501630513,43.070814054479364,-88.00543501630513,-43.070814054479364
2006,98,4,5,8473508,James Delory,D,SJS,28,CAN,James Delory,D,0,0.0,0.0,0,False,SJS,"(80, 100]",90.62147014420842,43.040869075255486,-90.62147014420842,-43.040869075255486
2006,99,4,6,8473503,James Reimer,G,TOR,10,CAN,James Reimer,G,539,0.0,3.0,0,True,TOR,"(80, 100]",90.25513551530203,43.01306677683635,448.744864484698,
2006,100,4,7,8473456,Rhett Rakhshani,RW,NYI,2,USA,Rhett Rakhshani,R,7,0.0,0.0,0,False,NYI,"(80, 100]",89.90562161419135,42.987253841999824,-82.90562161419135,-42.987253841999824
2006,101,4,8,8473598,Joonas Lehtivuori,D,PHI,4,FIN,Joonas Lehtivuori,D,0,0.0,0.0,0,False,PHI,"(100, 125]",89.572156095427,42.96328792397285,-89.572156095427,-42.96328792397285
2006,102,4,9,8473445,Kyle Medvec,D,MIN,30,USA,Kyle Medvec,D,0,0.0,0.0,0,False,MIN,"(100, 125]",89.25400207679884,42.94103686145272,-89.25400207679884,-42.94103686145272
2006,103,4,10,8473416,Michael Caruso,D,FLA,13,CAN,Michael Caruso,D,2,0.0,0.0,0,False,FLA,"(100, 125]",88.95045651099544,42.9203779497967,-86.95045651099544,-42.9203779497967
2006,104,4,11,8473593,David Kveton,RW,NYR,3,CZE,David Kveton,R,0,0.0,0.0,0,False,NYR,"(100, 125]",88.66084863203102,42.90119726436088,-88.66084863203102,-42.90119726436088
2006,105,4,12,8473555,Niko Snellman,F,NSH,18,FIN,Niko Snellman,L,0,0.0,0.0,0,False,NSH,"(100, 125]",88.38453847300667,42.88338903225681,-88.38453847300667,-42.88338903225681
2006,106,4,13,8473499,Reto Berra,G,STL,19,CHE,Reto Berra,G,76,0.0,1.0,0,True,STL,"(100, 125]",88.12091545193053,42.8668550490614,-12.120915451930529,
2006,107,4,14,8473529,T.J. Miller,D,NJD,1,USA,T.J. Miller,D,0,0.0,0.0,0,False,NJD,"(100, 125]",87.86939702247173,42.85150413726349,-87.86939702247173,-42.85150413726349
2006,108,4,15,8473454,Jase Weslosky,G,NYI,2,CAN,Jase Weslosky,G,0,0.0,0.0,0,True,NYI,"(100, 125]",87.62942738666686,42.83725164346075,-87.62942738666686,
2006,109,4,16,8473601,Jakub Kovar,G,PHI,4,CZE,Jakub Kovar,G,0,0.0,0.0,0,True,PHI,"(100, 125]",87.4004762667341,42.82401897153408,-87.4004762667341,
2006,110,4,17,8473451,Kevin Montgomery,D,COL,21,USA,Kevin Montgomery,D,0,0.0,0.0,0,False,COL,"(100, 125]",87.1820377332811,42.8117331492252,-87.1820377332811,-42.8117331492252
2006,111,4,18,8473560,Korbinian Holzer,D,TOR,10,DEU,Korbinian Holzer,D,206,6.0,21.0,27,False,TOR,"(100, 125]",86.97362908731724,42.80032642572733,119.02637091268276,-15.800326425727327
2006,112,4,19,8473492,Matt Beleskey,LW,ANA,24,CAN,Matt Beleskey,L,477,76.0,82.0,158,False,ANA,"(100, 125]",86.7747897935997,42.78973589806988,390.22521020640033,115.21026410193012
2006,113,4,20,8473472,Ben Wright,D,CBJ,29,CAN,Ben Wright,D,0,0.0,0.0,0,False,CBJ,"(100, 125]",86.58508046295634,42.77990316423669,-86.58508046295634,-42.77990316423669
2006,114,4,21,8473521,Niclas Andersen,D,LAK,26,SWE,Niclas Andersen,D,0,0.0,0.0,0,False,LAK,"(100, 125]",86.4040818813366,42.770774001105124,-86.4040818813366,-42.770774001105124
2006,115,4,22,8473587,Tomas Marcinko,C,NYI,2,SVK,Tomas Marcinko,C,0,0.0,0.0,0,False,NYI,"(100, 125]",86.23139408344461,42.76229806542979,-86.23139408344461,-42.76229806542979
2006,116,4,23,8473620,Derrick Lapoint,D,FLA,13,USA,Derrick Lapoint,D,0,0.0,0.0,0,False,FLA,"(100, 125]",86.06663546890789,42.754428616222114,-86.06663546890789,-42.754428616222114
2006,117,4,24,8473498,Felix Schutz,C,BUF,7,DEU,Felix Schutz,C,0,0.0,0.0,0,False,BUF,"(100, 125]",85.90944195902806,42.747122256994736,-85.90944195902806,-42.747122256994736
2006,118,4,25,8473551,Hugo Carpentier,C,CGY,20,CAN,Hugo Carpentier,C,0,0.0,0.0,0,False,CGY,"(100, 125]",85.75946619225057,42.7403386964493,-85.75946619225057,-42.7403386964493
2006,119,4,26,8473615,Doug Rogers,C,NYI,2,USA,Doug Rogers,C,0,0.0,0.0,0,False,NYI,"(100, 125]",85.61637675657546,42.734040526288005,-85.61637675657546,-42.734040526288005
2006,120,4,27,8473614,Richard Bachman,G,DAL,25,USA,Richard Bachman,G,49,0.0,1.0,0,True,DAL,"(100, 125]",85.47985745721293,42.72819301492359,-36.47985745721293,
2006,121,4,28,8473595,Pierre-Luc Lessard,D,OTT,9,CAN,Pierre-Luc Lessard,D,0,0.0,0.0,0,False,OTT,"(100, 125]",85.34960661786548,42.72276391595019,-85.34960661786548,-42.72276391595019
2006,122,4,29,8473566,Luke Lynes,F,WSH,15,USA,Luke Lynes,C,0,0.0,0.0,0,False,WSH,"(100, 125]",85.22533641409257,42.71772329031886,-85.22533641409257,-42.71772329031886
2006,123,4,30,8473500,Bobby Hughes,C,CAR,12,CAN,Bobby Hughes,C,0,0.0,0.0,0,False,CAR,"(100, 125]",85.10677223728473,42.713043341237125,-85.10677223728473,-42.713043341237125
2006,124,5,1,8473457,Andy Sackrison,F,STL,19,USA,Andy Sackrison,C,0,0.0,0.0,0,False,STL,"(100, 125]",84.9936520878416,42.708698260882116,-84.9936520878416,-42.708698260882116
2006,125,5,2,8473434,Chad Johnson,G,PIT,5,CAN,Chad Johnson,G,192,0.0,3.0,0,True,PIT,"(100, 125]",84.88572599621297,42.70466408808199,107.11427400378703,
2006,126,5,3,8473611,Shane Sims,D,NYI,2,USA,Shane Sims,D,1,0.0,0.0,0,False,NYI,"(125, 150]",84.78275547052348,42.700918576180825,-83.78275547052348,-42.700918576180825
2006,127,5,4,8473520,Maxime Lacroix,LW,WSH,15,CAN,Maxime Lacroix,L,0,0.0,0.0,0,False,WSH,"(125, 150]",84.6845129695604,42.697441070358224,-84.6845129695604,-42.697441070358224
2006,128,5,5,8473550,Andrew Bodnarchuk,D,BOS,6,CAN,Andrew Bodnarchuk,D,42,0.0,4.0,4,False,BOS,"(125, 150]",84.59078139995972,42.69421239372728,-42.590781399959724,-38.69421239372728
2006,129,5,6,8473528,Robert Nyholm,RW,CBJ,29,FIN,Robert Nyholm,R,0,0.0,0.0,0,False,CBJ,"(125, 150]",84.50135363647975,42.69121474158261,-84.50135363647975,-42.69121474158261
2006,130,5,7,8473441,Brett Bennett,G,PHX,27,USA,Brett Bennett,G,0,0.0,0.0,0,True,UTA,"(125, 150]",84.41603206430189,42.688431583215404,-84.41603206430189,
2006,131,5,8,8473506,Martin Latal,RW,PHX,27,CZE,Martin Latal,R,0,0.0,0.0,0,False,UTA,"(125, 150]",84.33462814234724,42.68584757075394,-84.33462814234724,-42.68584757075394
2006,132,5,9,8473480,Niko Hovinen,G,MIN,30,FIN,Niko Hovinen,G,0,0.0,0.0,0,True,MIN,"(125, 150]",84.25696198664414,42.68344845452697,-84.25696198664414,
2006,133,5,10,8473489,Bryan Pitton,G,EDM,22,CAN,Bryan Pitton,G,0,0.0,0.0,0,True,EDM,"(125, 150]",84.1828619728259,42.68122100448314,-84.1828619728259,
2006,134,5,11,8473554,David Meckler,C,LAK,26,USA,David Meckler,L,0,0.0,0.0,0,False,LAK,"(125, 150]",84.1121643568804,42.67915293723323,-84.1121643568804,-42.67915293723323
2006,135,5,12,8473531,Alex Kangas,G,ATL,11,USA,Alex Kangas,G,0,0.0,0.0,0,True,WPG,"(125, 150]",84.04471291331333,42.67723284831272,-84.04471291331333,
2006,136,5,13,8473436,Nick Sucharski,LW,CBJ,29,CAN,Nick Sucharski,L,0,0.0,0.0,0,False,CBJ,"(125, 150]",83.98035858992586,42.67545014929128,-83.98035858992586,-42.67545014929128
2006,137,5,14,8473609,Tomas Zaborsky,F,NYR,3,SVK,Tomas Zaborsky,C,0,0.0,0.0,0,False,NYR,"(125, 150]",83.91895917844342,42.673795009382346,-83.91895917844342,-42.673795009382346
2006,138,5,15,8473511,David McIntyre,C,DAL,25,CAN,David McIntyre,C,7,1.0,1.0,2,False,DAL,"(125, 150]",83.86037900026808,42.67225830123072,-76.86037900026808,-40.67225830123072
2006,139,5,16,8473576,Pavel Valentenko,D,MTL,8,RUS,Pavel Valentenko,D,0,0.0,0.0,0,False,MTL,"(125, 150]",83.80448860666007,42.670831550579294,-83.80448860666007,-42.670831550579294
2006,140,5,17,8473527,Cody Wild,D,EDM,22,USA,Cody Wild,D,0,0.0,0.0,0,False,EDM,"(125, 150]",83.75116449268575,42.66950688953732,-83.75116449268575,-42.66950688953732
2006,141,5,18,8473561,Kim Johansson,F,NYI,2,SWE,Kim Johansson,L,0,0.0,0.0,0,False,NYI,"(125, 150]",83.70028882430006,42.66827701319251,-83.70028882430006,-42.66827701319251
2006,142,5,19,8473603,Maxime Frechette,D,CBJ,29,CAN,Maxime Frechette,D,0,0.0,0.0,0,False,CBJ,"(125, 150]",83.65174917796037,42.66713513932773,-83.65174917796037,-42.66713513932773
2006,143,5,20,8471320,Ashton Rome,RW,SJS,28,CAN,Ashton Rome,R,0,0.0,0.0,0,False,SJS,"(125, 150]",83.60543829219628,42.666074971020116,-83.60543829219628,-42.666074971020116
2006,144,5,21,8473552,Martin Nolet,D,LAK,26,CAN,Martin Nolet,D,0,0.0,0.0,0,False,LAK,"(125, 150]",83.56125383058635,42.665090661916324,-83.56125383058635,-42.665090661916324
2006,145,5,22,8473616,Jonathan Rheault,RW,PHI,4,USA,Jonathan Rheault,R,5,0.0,0.0,0,False,PHI,"(125, 150]",83.5190981556182,42.66417678399255,-78.5190981556182,-42.66417678399255
2006,146,5,23,8473532,Mark Dekanich,G,NSH,18,CAN,Mark Dekanich,G,1,0.0,0.0,0,True,NSH,"(125, 150]",83.47887811293191,42.663328297621426,-82.47887811293191,
2006,147,5,24,8473415,Alex Biega,D,BUF,7,CAN,Alex Biega,D,243,4.0,38.0,42,False,BUF,"(125, 150]",83.44050482547043,42.66254052378066,159.55949517452956,-0.6625405237806632
2006,148,5,25,8471508,Olivier Magnan,D,NJD,1,CAN,Olivier Magnan,D,18,0.0,0.0,0,False,NJD,"(125, 150]",83.40389349708157,42.66180911825041,-65.40389349708157,-42.66180911825041
2006,149,5,26,8473549,Juuso Puustinen,RW,CGY,20,FIN,Juuso Puustinen,R,0,0.0,0.0,0,False,CGY,"(125, 150]",83.36896322513803,42.66113004765679,-83.36896322513803,-42.66113004765679
2006,150,5,27,8473460,Max Warn,LW,DAL,25,FIN,Max Warn,L,0,0.0,0.0,0,False,DAL,"(125, 150]",83.33563682176118,42.66049956722966,-83.33563682176118,-42.66049956722966
2006,151,5,28,8473470,Ryan Daniels,G,OTT,9,CAN,Ryan Daniels,G,0,0.0,0.0,0,True,OTT,"(150, 180]",83.30384064325355,42.65991420015188,-83.30384064325355,
2006,152,5,29,8473421,Jordan Bendfeld,D,PHX,27,CAN,Jordan Bendfeld,D,0,0.0,0.0,0,False,UTA,"(150, 180]",83.27350442736322,42.65937071838622,-83.27350442736322,-42.65937071838622
2006,153,5,30,8473418,Stefan Chaput,C,CAR,12,CAN,Stefan Chaput,C,0,0.0,0.0,0,False,CAR,"(150, 180]",83.2445611380203,42.658866124874194,-83.2445611380203,-42.658866124874194
2006,154,6,1,8473448,Matthew McCollem,LW,STL,19,USA,Matthew McCollem,L,0,0.0,0.0,0,False,STL,"(150, 180]",83.2169468172027,42.6583976370086,-83.2169468172027,-42.6583976370086
2006,155,6,2,8473410,Peter Aston,D,FLA,13,CAN,Peter Aston,D,0,0.0,0.0,0,False,FLA,"(150, 180]",83.19060044360353,42.657962671288715,-83.19060044360353,-42.657962671288715
2006,156,6,3,8473612,Jan-Mikael Juutilainen,C,CHI,16,FIN,Jan-Mikael Juutilainen,C,0,0.0,0.0,0,False,CHI,"(150, 180]",83.16546379778804,42.65755882907344,-83.16546379778804,-42.65755882907344
2006,157,6,4,8473439,Brent Gwidt,C,WSH,15,USA,Brent Gwidt,C,0,0.0,0.0,0,False,WSH,"(150, 180]",83.14148133354207,42.657183883353845,-83.14148133354207,-42.657183883353845
2006,158,6,5,8473481,Levi Nelson,C,BOS,6,CAN,Levi Nelson,C,0,0.0,0.0,0,False,BOS,"(150, 180]",83.11860005512764,42.656835766472234,-83.11860005512764,-42.656835766472234
2006,159,6,6,8473428,Jesse Dudas,D,CBJ,29,CAN,Jesse Dudas,D,0,0.0,0.0,0,False,CBJ,"(150, 180]",83.09676940017454,42.65651255871995,-83.09676940017454,-42.65651255871995
2006,160,6,7,8473584,Andrew MacDonald,D,NYI,2,CAN,Andrew MacDonald,D,586,28.0,133.0,161,False,NYI,"(150, 180]",83.07594112794911,42.65621247775101,502.92405887205086,118.34378752224899
2006,161,6,8,8473537,Viktor Stalberg,LW,TOR,10,SWE,Viktor Stalberg,L,488,82.0,86.0,168,False,TOR,"(150, 180]",83.05606921275334,42.65593386875329,404.94393078724664,125.3440661312467
2006,162,6,9,8473487,Julian Walker,F,MIN,30,CHE,Julian Walker,R,0,0.0,0.0,0,False,MIN,"(150, 180]",83.03710974221858,42.65567519532296,-83.03710974221858,-42.65567519532296
2006,163,6,10,8473488,Sergei Shirokov,F,VAN,23,RUS,Sergei Shirokov,L,8,1.0,0.0,1,False,VAN,"(150, 180]",83.01902082026932,42.655435030991924,-75.01902082026932,-41.655435030991924
2006,164,6,11,8473599,Constantin Braun,LW,LAK,26,DEU,Constantin Braun,L,0,0.0,0.0,0,False,LAK,"(150, 180]",83.0017624745425,42.65521205136148,-83.0017624745425,-42.65521205136148
2006,165,6,12,8473483,Jonas Enlund,C,ATL,11,FIN,Jonas Enlund,C,0,0.0,0.0,0,False,WPG,"(150, 180]",82.98529656805775,42.65500502679885,-82.98529656805775,-42.65500502679885
2006,166,6,13,8473455,Tyler Ruegsegger,F,TOR,10,USA,Tyler Ruegsegger,C,0,0.0,0.0,0,False,TOR,"(150, 180]",82.96958671494343,42.654812815656285,-82.96958671494343,-42.654812815656285
2006,167,6,14,8473479,Juraj Simek,F,VAN,23,SVK,Juraj Simek,L,0,0.0,0.0,0,False,VAN,"(150, 180]",82.95459820003221,42.65463435797545,-82.95459820003221,-42.65463435797545
2006,168,6,15,8473513,Dane Crowley,D,TBL,14,CAN,Dane Crowley,D,0,0.0,0.0,0,False,TBL,"(150, 180]",82.9402979021485,42.65446866964217,-82.9402979021485,-42.65446866964217
2006,169,6,16,8473502,Chris Auger,C,CHI,16,CAN,Chris Auger,C,0,0.0,0.0,0,False,CHI,"(150, 180]",82.92665422091831,42.6543148369595,-82.92665422091831,-42.6543148369595
2006,170,6,17,8473557,Alexander Bumagin,F,EDM,22,RUS,Alexander Bumagin,L,0,0.0,0.0,0,False,EDM,"(150, 180]",82.91363700693962,42.65417201160911,-82.91363700693962,-42.65417201160911
2006,171,6,18,8473452,Brian Day,RW,NYI,2,USA,Brian Day,R,0,0.0,0.0,0,False,NYI,"(150, 180]",82.9012174951592,42.65403940597316,-82.9012174951592,-42.65403940597316
2006,172,6,19,8473494,Petteri Wirtanen,C,ANA,24,FIN,Petteri Wirtanen,C,3,1.0,0.0,1,False,ANA,"(150, 180]",82.88936824130836,42.653916288790974,-79.88936824130836,-41.653916288790974
2006,173,6,20,8473619,Stefan Ridderwall,G,NYI,2,SWE,Stefan Ridderwall,G,0,0.0,0.0,0,True,NYI,"(150, 180]",82.87806306125748,42.653801981126435,-82.87806306125748,
2006,174,6,21,8471441,Eric Hunter,C,NYR,3,CAN,Eric Hunter,C,0,0.0,0.0,0,False,NYR,"(150, 180]",82.86727697315509,42.65369585262398,-82.86727697315509,-42.65369585262398
2006,175,6,22,8473597,Michael Dupont,G,PHI,4,CHE,Michael Dupont,G,0,0.0,0.0,0,True,PHI,"(150, 180]",82.85698614222369,42.65359731803246,-82.85698614222369,
2006,176,6,23,8473547,Ryan Flynn,RW,NSH,18,USA,Ryan Flynn,R,0,0.0,0.0,0,False,NSH,"(150, 180]",82.8471678280904,42.65350583397773,-82.8471678280904,-42.65350583397773
2006,177,6,24,8473618,Mathieu Perreault,C,WSH,15,CAN,Mathieu Perreault,C,708,143.0,209.0,352,False,WSH,"(150, 180]",82.83780033453596,42.65342089596622,625.1621996654641,309.34657910403376
2006,178,6,25,8473538,Tony Romano,C,NJD,1,USA,Tony Romano,C,0,0.0,0.0,0,False,NJD,"(150, 180]",82.82886296155098,42.653342035602826,-82.82886296155098,-42.653342035602826
2006,179,6,26,8473606,Jordan Fulton,C,CGY,20,USA,Jordan Fulton,C,0,0.0,0.0,0,False,CGY,"(150, 180]",82.82033595959383,42.65326881800799,-82.82033595959383,-42.65326881800799
2006,180,6,27,8473463,Leo Komarov,C,TOR,10,EST,Leo Komarov,R,491,63.0,107.0,170,False,TOR,"(150, 180]",82.81220048594854,42.65320083941945,408.18779951405145,127.34679916058056
2006,181,6,28,8473570,Kevin Koopman,D,OTT,9,CAN,Kevin Koopman,D,0,0.0,0.0,0,False,OTT,"(180, 211]",82.80443856308683,42.65313772496576,-82.80443856308683,-42.65313772496576
2006,182,6,29,8473569,Jan Mursak,LW,DET,17,SVN,Jan Mursak,L,46,2.0,2.0,4,False,DET,"(180, 211]",82.79703303894182,42.65307912659897,-36.79703303894182,-38.65307912659897
2006,183,6,30,8473475,Nick Dodge,RW,CAR,12,CAN,Nick Dodge,R,0,0.0,0.0,0,False,CAR,"(180, 211]",82.78996754900598,42.653024721175335,-82.78996754900598,-42.653024721175335
2006,184,7,1,8473590,Alexander Hellstrom,D,STL,19,SWE,Alexander Hellstrom,D,0,0.0,0.0,0,False,STL,"(180, 211]",82.78322648016925,42.652974208673314,-82.78322648016925,-42.652974208673314
2006,185,7,2,8473621,Timo Seppanen,D,PIT,5,FIN,Timo Seppanen,D,0,0.0,0.0,0,False,PIT,"(180, 211]",82.7767949362177,42.652927310539084,-82.7767949362177,-42.652927310539084
2006,186,7,3,8473505,Peter LeBlanc,F,CHI,16,CAN,Peter LeBlanc,C,1,0.0,0.0,0,False,CHI,"(180, 211]",82.77065870491634,42.65288376815045,-81.77065870491634,-42.65288376815045
2006,187,7,4,8473423,Devin Didiomete,LW,CGY,20,CAN,Devin Didiomete,L,0,0.0,0.0,0,False,CGY,"(180, 211]",82.76480422660329,42.652843341390636,-82.76480422660329,-42.652843341390636
2006,188,7,5,8473594,Chris Frank,D,PHX,27,USA,Chris Frank,D,0,0.0,0.0,0,False,UTA,"(180, 211]",82.75921856422605,42.65280580732417,-82.75921856422605,-42.65280580732417
2006,189,7,6,8473432,Derek Dorsett,RW,CBJ,29,CAN,Derek Dorsett,R,515,51.0,76.0,127,False,CBJ,"(180, 211]",82.7538893747536,42.652770958967494,432.2461106252464,84.3472290410325
2006,190,7,7,8473617,Troy Mattila,LW,NYI,2,USA,Troy Mattila,L,0,0.0,0.0,0,False,NYI,"(180, 211]",82.74880488190117,42.65273860414752,-82.74880488190117,-42.65273860414752
2006,191,7,8,8473442,Nick Oslund,RW,DET,17,USA,Nick Oslund,R,0,0.0,0.0,0,False,DET,"(180, 211]",82.7439538501073,42.65270856444192,-82.7439538501073,-42.65270856444192
2006,192,7,9,8473613,Chris Hickey,C,MIN,30,USA,Chris Hickey,C,0,0.0,0.0,0,False,MIN,"(180, 211]",82.73932555970585,42.65268067419517,-82.73932555970585,-42.65268067419517
2006,193,7,10,8473420,Marc Cheverie,G,FLA,13,CAN,Marc Cheverie,G,0,0.0,0.0,0,True,FLA,"(180, 211]",82.73490978323798,42.652654779605044,-82.73490978323798,
2006,194,7,11,8471925,Matt Marquardt,LW,CBJ,29,CAN,Matt Marquardt,L,0,0.0,0.0,0,False,CBJ,"(180, 211]",82.73069676285189,42.65263073787449,-82.73069676285189,-42.65263073787449
2006,195,7,12,8473486,Jesse Martin,C,ATL,11,CAN,Jesse Martin,C,0,0.0,0.0,0,False,WPG,"(180, 211]",82.72667718874011,42.65260841642412,-82.72667718874011,-42.65260841642412
2006,196,7,13,8473600,Benn Ferriero,F,PHX,27,USA,Benn Ferriero,R,98,14.0,9.0,23,False,UTA,"(180, 211]",82.72284217856702,42.652587692161156,15.27715782143298,-19.652587692161156
2006,197,7,14,8473516,Evan Fuller,RW,VAN,23,CAN,Evan Fuller,R,0,0.0,0.0,0,False,VAN,"(180, 211]",82.71918325784091,42.652568450800544,-82.71918325784091,-42.652568450800544
2006,198,7,15,8473469,Denis Kazionov,LW,TBL,14,RUS,Denis Kazionov,L,0,0.0,0.0,0,False,TBL,"(180, 211]",82.71569234118732,42.65255058623481,-82.71569234118732,-42.65255058623481
2006,199,7,16,8473572,Cameron Cepek,D,MTL,8,USA,Cameron Cepek,D,0,0.0,0.0,0,False,MTL,"(180, 211]",82.71236171448218,42.65253399994888,-82.71236171448218,-42.65253399994888
2006,200,7,17,8473459,Arturs Kulda,D,ATL,11,LVA,Arturs Kulda,D,15,0.0,2.0,2,False,WPG,"(180, 211]",82.70918401780544,42.65251860047681,-67.70918401780544,-40.65251860047681
2006,201,7,18,8473585,Billy Sauer,G,COL,21,USA,Billy Sauer,G,0,0.0,0.0,0,True,COL,"(180, 211]",82.70615222917723,42.65250430289742,-82.70615222917723,
2006,202,7,19,8473562,John McCarthy,LW,SJS,28,USA,John McCarthy,C,88,3.0,3.0,6,False,SJS,"(180, 211]",82.703259649041,42.65249102836595,5.2967403509589985,-36.65249102836595
2006,203,7,20,8473437,Jay Barriball,F,SJS,28,USA,Jay Barriball,L,0,0.0,0.0,0,False,SJS,"(180, 211]",82.70049988545898,42.652478703679314,-82.70049988545898,-42.652478703679314
2006,204,7,21,8473578,Lukas Zeliska,C,NYR,3,SVK,Lukas Zeliska,C,0,0.0,0.0,0,False,NYR,"(180, 211]",82.69786683998748,42.652467260872385,-82.69786683998748,-42.652467260872385
2006,205,7,22,8473559,Andrei Popov,RW,PHI,4,RUS,Andrei Popov,R,0,0.0,0.0,0,False,PHI,"(180, 211]",82.69535469420074,42.652456636843205,-82.69535469420074,-42.652456636843205
2006,206,7,23,8473517,Viktor Sjodin,F,NSH,18,SWE,Viktor Sjodin,R,0,0.0,0.0,0,False,NSH,"(180, 211]",82.69295789683352,42.65244677300502,-82.69295789683352,-42.65244677300502
2006,207,7,24,8473567,Benjamin Breault,C,BUF,7,CAN,Benjamin Breault,C,0,0.0,0.0,0,False,BUF,"(180, 211]",82.69067115151412,42.65243761496317,-82.69067115151412,-42.65243761496317
2006,208,7,25,8473509,Kyle Henegan,D,NJD,1,CAN,Kyle Henegan,D,0,0.0,0.0,0,False,NJD,"(180, 211]",82.68848940506057,42.65242911221517,-82.68848940506057,-42.65242911221517
2006,209,7,26,8473545,Per Jonsson,F,CGY,20,SWE,Per Jonsson,L,0,0.0,0.0,0,False,CGY,"(180, 211]",82.68640783631426,42.65242121787215,-82.68640783631426,-42.65242121787215
2006,210,7,27,8473440,Will O'Neill,D,ATL,11,USA,Will O'Neill,D,1,0.0,0.0,0,False,WPG,"(180, 211]",82.68442184548637,42.652413888400375,-81.68442184548637,-42.652413888400375
2006,211,7,28,8473588,Erik Condra,RW,OTT,9,USA,Erik Condra,R,372,40.0,59.0,99,False,OTT,"(180, 211]",82.68252704399328,42.65240708338107,289.3174729560067,56.34759291661893
2006,212,7,29,8473409,Logan Pyett,D,DET,17,CAN,Logan Pyett,D,0,0.0,0.0,0,False,DET,"(211, 300]",82.68071924475883,42.65240076528761,-82.68071924475883,-42.65240076528761
2006,213,7,30,8473535,Justin Krueger,D,CAR,12,DEU,Justin Krueger,D,0,0.0,0.0,0,False,CAR,"(211, 300]",82.67899445296194,42.652394899278534,-82.67899445296194,-42.652394899278534
2007,1,1,1,8474141,Patrick Kane,RW,CHI,16,USA,Patrick Kane,R,1369,508.0,892.0,1400,False,CHI,,844.7618549404874,563.9056503589592,524.2381450595126,836.0943496410408
2007,2,1,2,8474037,James van Riemsdyk,LW,PHI,4,USA,James van Riemsdyk,L,1154,342.0,354.0,696,False,PHI,"(1, 2]",809.7681901837298,526.6079284397246,344.23180981627024,169.39207156027544
2007,3,1,3,8474068,Kyle Turris,C,PHX,27,CAN,Kyle Turris,C,776,168.0,257.0,425,False,UTA,"(2, 3]",776.3813047565832,491.9790049263708,-0.38130475658317664,-66.9790049263708
2007,4,1,4,8474066,Thomas Hickey,D,LAK,26,CAN,Thomas Hickey,D,456,22.0,95.0,117,False,LAK,"(3, 4]",744.5274213101472,459.82791681727923,-288.52742131014725,-342.82791681727923
2007,5,1,5,8473991,Karl Alzner,D,WSH,15,CAN,Karl Alzner,D,686,20.0,110.0,130,False,WSH,"(4, 5]",714.1361500778175,429.977365263173,-28.136150077817547,-299.977365263173
2007,6,1,6,8474040,Sam Gagner,F,EDM,22,CAN,Sam Gagner,C,1043,197.0,332.0,529,False,EDM,"(5, 6]",685.1403333300681,402.26273784338173,357.8596666699319,126.73726215661827
2007,7,1,7,8474161,Jakub Voracek,RW,CBJ,29,CZE,Jakub Voracek,R,1058,223.0,583.0,806,False,CBJ,"(6, 8]",657.4758969712924,376.5312008020775,400.5241030287076,429.4687991979225
2007,8,1,8,8474045,Zach Hamill,C,BOS,6,CAN,Zach Hamill,C,20,0.0,4.0,4,False,BOS,"(6, 8]",631.0817089507688,352.6408562385712,-611.0817089507688,-348.6408562385712
2007,9,1,9,8474053,Logan Couture,C,SJS,28,CAN,Logan Couture,C,933,323.0,378.0,701,False,SJS,"(8, 10]",605.8994441748678,330.45995960395163,327.10055582513223,370.54004039604837
2007,10,1,10,8474184,Keaton Ellerby,D,FLA,13,CAN,Keaton Ellerby,D,212,4.0,23.0,27,False,FLA,"(8, 10]",581.8734556219907,309.8661931889113,-369.87345562199073,-282.8661931889113
2007,11,1,11,8474091,Brandon Sutter,F,CAR,12,USA,Brandon Sutter,C,770,152.0,137.0,289,False,CAR,"(10, 12]",558.9506513754325,290.7459915963702,211.04934862456753,-1.7459915963701746
2007,12,1,12,8474151,Ryan McDonagh,D,MTL,8,USA,Ryan McDonagh,D,1058,86.0,355.0,441,False,MTL,"(10, 12]",537.0803773024388,272.99391547918094,520.9196226975612,168.00608452081906
2007,13,1,13,8474189,Lars Eller,F,STL,19,DNK,Lars Eller,C,1184,193.0,246.0,439,False,STL,"(12, 15]",516.2143051202067,256.5120700893594,667.7856948797933,182.48792991064062
2007,14,1,14,8474031,Kevin Shattenkirk,D,COL,21,USA,Kevin Shattenkirk,D,952,103.0,381.0,484,False,COL,"(12, 15]",496.30632560147916,241.20956543240027,455.69367439852084,242.79043456759973
2007,15,1,15,8474046,Alex Plante,D,EDM,22,CAN,Alex Plante,D,10,0.0,2.0,2,False,EDM,"(12, 15]",477.3124466837421,227.00201504967026,-467.3124466837421,-225.00201504967026
2007,16,1,16,8474121,Colton Gillies,C,MIN,30,CAN,Colton Gillies,C,154,6.0,12.0,18,False,MIN,"(15, 20]",459.19069625687024,213.81107066488858,-305.19069625687024,-195.81107066488858
2007,17,1,17,8474193,Alexei Cherepanov,RW,NYR,3,RUS,Alexei Cherepanov,R,0,0.0,0.0,0,False,NYR,"(15, 20]",441.90102941440335,201.5639901284781,-441.90102941440335,-201.5639901284781
2007,18,1,18,8474013,Ian Cole,D,STL,19,USA,Ian Cole,D,990,38.0,195.0,233,False,STL,"(15, 20]",425.4052399634998,190.1932362771945,564.5947600365002,42.8067637228055
2007,19,1,19,8474122,Logan MacMillan,C,ANA,24,CAN,Logan Macmillan,C,0,0.0,0.0,0,False,ANA,"(15, 20]",409.6668759980253,179.63610449692322,-409.6668759980253,-179.63610449692322
2007,20,1,20,8474185,Angelo Esposito,C,PIT,5,CAN,Angelo Esposito,C,0,0.0,0.0,0,False,PIT,"(15, 20]",394.651159348212,169.83437693482028,-394.651159348212,-169.83437693482028
2007,21,1,21,8474062,Riley Nash,C,EDM,22,CAN,Riley Nash,C,628,63.0,113.0,176,False,EDM,"(20, 25]",380.324908728891,160.7340014539319,247.675091271109,15.26599854606809
2007,22,1,22,8474157,Max Pacioretty,LW,MTL,8,USA,Max Pacioretty,L,939,335.0,346.0,681,False,MTL,"(20, 25]",366.6564664164723,152.28479355987108,572.3435335835277,528.7152064401289
2007,23,1,23,8474164,Jonathon Blum,D,NSH,18,USA,Jonathon Blum,D,110,7.0,17.0,24,False,NSH,"(20, 25]",353.6156282926471,144.44015965581036,-243.6156282926471,-120.44015965581036
2007,24,1,24,8474150,Mikael Backlund,C,CGY,20,SWE,Mikael Backlund,C,1148,232.0,374.0,606,False,CGY,"(20, 25]",341.17357710022264,137.15684009966634,806.8264228997773,468.84315990033366
2007,25,1,25,8474158,Patrick White,C,VAN,23,USA,Patrick White,C,0,0.0,0.0,0,False,VAN,"(20, 25]",329.30281876360266,130.3946706465514,-329.30281876360266,-130.3946706465514
2007,26,1,26,8474102,David Perron,LW,STL,19,CAN,David Perron,L,1239,332.0,480.0,812,False,STL,"(25, 31]",317.97712163319443,124.11636096095384,921.0228783668056,687.8836390390461
2007,27,1,27,8474090,Brendan Smith,D,DET,17,CAN,Brendan Smith,D,741,39.0,107.0,146,False,DET,"(25, 31]",307.17145851948806,118.28728897724142,433.82854148051194,27.712711022758583
2007,28,1,28,8474032,Nick Petrecki,D,SJS,28,USA,Nick Petrecki,D,1,0.0,0.0,0,False,SJS,"(25, 31]",296.86195138871545,112.87530997447791,-295.86195138871545,-112.87530997447791
2007,29,1,29,8474024,Jim O'Brien,C,OTT,9,USA,Jim O'Brien,C,77,8.0,5.0,13,False,OTT,"(25, 31]",287.0258185978798,107.85057931268578,-210.02581859787978,-94.85057931268578
2007,30,1,30,8474041,Nick Ross,D,PHX,27,CAN,Nick Ross,D,0,0.0,0.0,0,False,UTA,"(25, 31]",277.6413245525565,103.18538785302533,-277.6413245525565,-103.18538785302533
2007,31,2,1,8474113,TJ Brennan,D,BUF,7,USA,TJ Brennan,D,53,5.0,8.0,13,False,BUF,"(25, 31]",268.6877316762219,98.85400915430591,-215.68773167622192,-85.85400915430591
2007,32,2,2,8474050,Brett MacLean,LW,PHX,27,CAN,Brett MacLean,L,18,2.0,3.0,5,False,UTA,"(31, 40]",260.14525458497144,94.83255760318657,-242.14525458497144,-89.83255760318657
2007,33,2,3,8474108,Taylor Ellington,D,VAN,23,CAN,Taylor Ellington,D,0,0.0,0.0,0,False,VAN,"(31, 40]",251.99501636636575,91.09885669571764,-251.99501636636575,-91.09885669571764
2007,34,2,4,8473683,Josh Godfrey,D,WSH,15,CAN,Josh Godfrey,D,0,0.0,0.0,0,False,WSH,"(31, 40]",244.21900686578914,87.63231674385521,-244.21900686578914,-87.63231674385521
2007,35,2,5,8474019,Tommy Cross,D,BOS,6,USA,Tommy Cross,D,3,0.0,1.0,1,False,BOS,"(31, 40]",236.80004288814456,84.41382133255445,-233.80004288814456,-83.41382133255445
2007,36,2,6,8474097,Joel Gistedt,G,PHX,27,SWE,Joel Gistedt,G,0,0.0,0.0,0,True,UTA,"(31, 40]",229.72173022693886,81.42562190130346,-229.72173022693886,
2007,37,2,7,8474187,Stefan Legein,RW,CBJ,29,CAN,Stefan Legein,R,0,0.0,0.0,0,False,CBJ,"(31, 40]",222.96842743685136,78.65123986876237,-222.96842743685136,-78.65123986876237
2007,38,2,8,8474035,Bill Sweatt,LW,CHI,16,USA,Bill Sweatt,L,3,0.0,0.0,0,False,CHI,"(31, 40]",216.5252112697325,76.07537576076862,-213.5252112697325,-76.07537576076862
2007,39,2,9,8474173,Simon Hjalmarsson,RW,STL,19,SWE,Simon Hjalmarsson,R,0,0.0,0.0,0,False,STL,"(31, 40]",210.3778436976523,73.68382484059008,-210.3778436976523,-73.68382484059008
2007,40,2,10,8474153,Michal Repik,RW,FLA,13,CZE,Michal Repik,R,72,9.0,11.0,20,False,FLA,"(31, 40]",204.51274045012914,71.46339877616482,-132.51274045012914,-51.46339877616482
2007,41,2,11,8474163,Kevin Marshall,D,PHI,4,CAN,Kevin Marshall,D,10,0.0,0.0,0,False,PHI,"(40, 50]",198.91694099601142,69.40185291235734,-188.91694099601142,-69.40185291235734
2007,42,2,12,8474025,Eric Tangradi,C,ANA,24,USA,Eric Tangradi,L,150,5.0,11.0,16,False,ANA,"(40, 50]",193.57807990368076,67.48781874717034,-43.57807990368076,-51.48781874717034
2007,43,2,13,8474056,P.K. Subban,D,MTL,8,CAN,P.K. Subban,D,834,115.0,352.0,467,False,MTL,"(40, 50]",188.48435951628767,65.71074123954845,645.5156404837123,401.28925876045156
2007,44,2,14,8474030,Aaron Palushaj,RW,STL,19,USA,Aaron Palushaj,R,68,3.0,11.0,14,False,STL,"(40, 50]",183.62452388163973,64.06082060305499,-115.62452388163973,-50.06082060305499
2007,45,2,15,8474002,Colby Cohen,D,COL,21,USA,Colby Cohen,D,3,0.0,0.0,0,False,COL,"(40, 50]",178.98783387913235,62.528958264439325,-175.98783387913235,-62.528958264439325
2007,46,2,16,8474017,Theo Ruth,D,WSH,15,USA,Theo Ruth,D,0,0.0,0.0,0,False,WSH,"(40, 50]",174.56404348875844,61.106706689080966,-174.56404348875844,-61.106706689080966
2007,47,2,17,8474095,Dana Tyrell,F,TBL,14,CAN,Dana Tyrell,C,135,7.0,17.0,24,False,TBL,"(40, 50]",170.34337714975766,59.786222796620166,-35.34337714975766,-35.786222796620166
2007,48,2,18,8474105,Antoine Lafleur,G,NYR,3,CAN,Antoine Lafleur,G,0,0.0,0.0,0,True,NYR,"(40, 50]",166.31650815887204,58.560224709882874,-166.31650815887204,
2007,49,2,19,8474083,Trevor Cann,G,COL,21,CAN,Trevor Cann,G,0,0.0,0.0,0,True,COL,"(40, 50]",162.474538060474,57.42195159859,-162.474538060474,
2007,50,2,20,8474020,Nico Sacchetti,C,DAL,25,USA,Nico Sacchetti,C,0,0.0,0.0,0,False,DAL,"(40, 50]",158.8089769830231,56.365126396406794,-158.8089769830231,-56.365126396406794
2007,51,2,21,8474148,Keven Veilleux,C,PIT,5,CAN,Keven Veilleux,C,0,0.0,0.0,0,False,PIT,"(50, 65]",155.3117248783995,55.38392118573376,-155.3117248783995,-55.38392118573376
2007,52,2,22,8474114,Oscar Moller,C,LAK,26,SWE,Oscar Moller,R,87,12.0,14.0,26,False,LAK,"(50, 65]",151.97505362265838,54.472925059351624,-64.97505362265838,-28.472925059351624
2007,53,2,23,8474175,Will Weber,D,CBJ,29,USA,Will Weber,D,0,0.0,0.0,0,False,CBJ,"(50, 65]",148.79158993865056,53.627114281691775,-148.79158993865056,-53.627114281691775
2007,54,2,24,8474092,Jeremy Smith,G,NSH,18,USA,Jeremy Smith,G,10,0.0,0.0,0,True,NSH,"(50, 65]",145.7542991027736,52.8418245851849,-135.7542991027736,
2007,55,2,25,8474001,TJ Galiardi,F,COL,21,CAN,TJ Galiardi,L,321,44.0,61.0,105,False,COL,"(50, 65]",142.85646939984818,52.11272544891468,178.14353060015182,52.88727455108532
2007,56,2,26,8474049,Akim Aliu,F,CHI,16,NGA,Akim Aliu,R,7,2.0,1.0,3,False,CHI,"(50, 65]",140.0916972917691,51.43579621773465,-133.0916972917691,-48.43579621773465
2007,57,2,27,8474023,Mike Hoeffel,F,NJD,1,USA,Mike Hoeffel,L,0,0.0,0.0,0,False,NJD,"(50, 65]",137.45387326715675,50.80730393015615,-137.45387326715675,-50.80730393015615
2007,58,2,28,8474096,Nick Spaling,C,NSH,18,CAN,Nick Spaling,C,437,52.0,72.0,124,False,NSH,"(50, 65]",134.93716834074,50.22378273273779,302.06283165926004,73.77621726726221
2007,59,2,29,8473996,Drew Schiestel,D,BUF,7,CAN,Drew Schiestel,D,0,0.0,0.0,0,False,BUF,"(50, 65]",132.53602117263767,49.68201476745624,-132.53602117263767,-49.68201476745624
2007,60,2,30,8474101,Ruslan Bashkirov,LW,OTT,9,RUS,Ruslan Bashkirov,L,0,0.0,0.0,0,False,OTT,"(50, 65]",130.2451257790745,49.179012426660584,-130.2451257790745,-49.179012426660584
2007,61,2,31,8474190,Wayne Simmonds,RW,LAK,26,CAN,Wayne Simmonds,R,1037,263.0,263.0,526,False,LAK,"(50, 65]",128.05941980737566,48.71200187775444,908.9405801926243,477.28799812224554
2007,62,3,1,8474063,Mark Katic,D,NYI,2,CAN,Mark Katic,D,11,0.0,1.0,1,False,NYI,"(50, 65]",125.97407334933011,48.278407766751634,-114.97407334933011,-47.278407766751634
2007,63,3,2,8474139,Maxime Macenauer,C,ANA,24,CAN,Maxime Macenauer,C,29,1.0,3.0,4,False,ANA,"(50, 65]",123.98447826820251,47.875839016352614,-94.98447826820251,-43.875839016352614
2007,64,3,3,8474170,Sergei Korostin,RW,DAL,25,RUS,Sergei Korostin,R,0,0.0,0.0,0,False,DAL,"(50, 65]",122.08623801580958,47.50207564022413,-122.08623801580958,-47.50207564022413
2007,65,3,4,8474119,Olivier Fortier,C,MTL,8,CAN,Olivier Fortier,C,0,0.0,0.0,0,False,MTL,"(50, 65]",120.27515791715824,47.15505650076909,-120.27515791715824,-47.15505650076909
2007,66,3,5,8474084,Garrett Klotz,LW,PHI,4,CAN,Garrett Klotz,L,0,0.0,0.0,0,False,PHI,"(65, 80]",118.54723590117729,46.832867942875936,-118.54723590117729,-46.832867942875936
2007,67,3,6,8474146,Spencer Machacek,RW,ATL,11,CAN,Spencer Machacek,R,25,2.0,7.0,9,False,WPG,"(65, 80]",116.89865365705954,46.53373324096787,-91.89865365705954,-37.53373324096787
2007,68,3,7,8474099,Jake Hansen,F,CBJ,29,USA,Jake Hansen,R,0,0.0,0.0,0,False,CBJ,"(65, 80]",115.32576819667179,46.25600280115723,-115.32576819667179,-46.25600280115723
2007,69,3,8,8474109,Maxime Tanguay,C,CHI,16,CAN,Maxime Tanguay,C,0,0.0,0.0,0,False,CHI,"(65, 80]",113.82510380438777,45.99814506447404,-113.82510380438777,-45.99814506447404
2007,70,3,9,8474076,John Negrin,D,CGY,20,CAN,John Negrin,D,3,0.0,1.0,1,False,CGY,"(65, 80]",112.39334435655485,45.75873806100437,-109.39334435655485,-44.75873806100437
2007,71,3,10,8474149,Evgenii Dadonov,RW,FLA,13,RUS,Evgenii Dadonov,L,641,164.0,198.0,362,False,FLA,"(65, 80]",111.02732599362243,45.53646156836322,529.9726740063776,316.4635384316368
2007,72,3,11,8474137,Drayson Bowman,F,CAR,12,USA,Drayson Bowman,L,179,15.0,18.0,33,False,CAR,"(65, 80]",109.72403012873889,45.33008983125943,69.27596987126111,-12.330089831259428
2007,73,3,12,8474134,Yannick Weber,D,MTL,8,CHE,Yannick Weber,D,499,28.0,66.0,94,False,MTL,"(65, 80]",108.48057677736796,45.13848480200428,390.51942322263204,48.86151519799572
2007,74,3,13,8474054,Dale Mitchell,RW,TOR,10,CAN,Dale Mitchell,R,0,0.0,0.0,0,False,TOR,"(65, 80]",107.29421819318438,44.960589864688316,-107.29421819318438,-44.960589864688316
2007,75,3,14,8474156,Luca Cunti,F,TBL,14,CHE,Luca Cunti,C,0,0.0,0.0,0,False,TBL,"(65, 80]",106.16233279618547,44.795424008417875,-106.16233279618547,-44.795424008417875
2007,76,3,15,8474132,Jason Gregoire,LW,NYI,2,CAN,Jason Gregoire,L,0,0.0,0.0,0,False,NYI,"(65, 80]",105.08241937960153,44.64207641747942,-105.08241937960153,-44.64207641747942
2007,77,3,16,8473986,Alex Killorn,C,TBL,14,CAN,Alex Killorn,L,1032,250.0,322.0,572,False,TBL,"(65, 80]",104.05209158280329,44.49970144859892,927.9479084171967,527.5002985514011
2007,78,3,17,8474145,Robert Bortuzzo,D,PIT,5,CAN,Robert Bortuzzo,D,577,20.0,56.0,76,False,PIT,"(65, 80]",103.06907261799299,44.36751396759794,473.930927382007,31.632486032402063
2007,79,3,18,8473999,Nick Palmieri,RW,NJD,1,USA,Nick Palmieri,R,87,13.0,12.0,25,False,NJD,"(65, 80]",102.13119023902618,44.24478501973033,-15.131190239026182,-19.24478501973033
2007,80,3,19,8474015,Casey Pierro-Zabotel,C,PIT,5,CAN,Casey Pierro-Zabotel,C,0,0.0,0.0,0,False,PIT,"(65, 80]",101.23637194124682,44.13083780982339,-101.23637194124682,-44.13083780982339
2007,81,3,20,8474143,Ryan Thang,LW,NSH,18,USA,Ryan Thang,L,1,0.0,0.0,0,False,NSH,"(80, 100]",100.38264038172775,44.02504397005559,-99.38264038172775,-44.02504397005559
2007,82,3,21,8474188,Bryan Cameron,F,LAK,26,CAN,Bryan Cameron,C,0,0.0,0.0,0,False,LAK,"(80, 100]",99.56810900979711,43.92682009478953,-99.56810900979711,-43.92682009478953
2007,83,3,22,8474194,Timo Pielmeier,G,SJS,28,DEU,Timo Pielmeier,G,1,0.0,0.0,0,True,SJS,"(80, 100]",98.79097789819461,43.835624523351164,-97.79097789819461,
2007,84,3,23,8474160,Phil Desimone,C,WSH,15,USA,Phil Desimone,C,0,0.0,0.0,0,False,WSH,"(80, 100]",98.0495297656456,43.750954353013846,-98.0495297656456,-43.750954353013846
2007,85,3,24,8474087,Brett Sonne,F,STL,19,CAN,Brett Sonne,C,0,0.0,0.0,0,False,STL,"(80, 100]",97.34212618206395,43.672342665715014,-97.34212618206395,-43.672342665715014
2007,86,3,25,8474007,Josh Unice,G,CHI,16,USA,Josh Unice,G,0,0.0,0.0,0,True,CHI,"(80, 100]",96.66720394799776,43.59935595321225,-96.66720394799776,
2007,87,3,26,8474196,Corbin McPherson,D,NJD,1,USA,Corbin McPherson,D,0,0.0,0.0,0,False,NJD,"(80, 100]",96.02327164031772,43.53159172647953,-96.02327164031772,-43.53159172647953
2007,88,3,27,8474168,Joakim Andersson,C,DET,17,SWE,Joakim Andersson,C,205,15.0,21.0,36,False,DET,"(80, 100]",95.40890631651433,43.468676296160474,109.59109368348567,-7.468676296160474
2007,89,3,28,8474130,Corey Tropp,RW,BUF,7,USA,Corey Tropp,R,149,6.0,21.0,27,False,BUF,"(80, 100]",94.822750370322,43.410262711838996,54.177249629678,-16.410262711838996
2007,90,3,29,8474129,Louie Caporusso,F,OTT,9,CAN,Louie Caporusso,C,0,0.0,0.0,0,False,OTT,"(80, 100]",94.26350853172075,43.35602884876314,-94.26350853172075,-43.35602884876314
2007,91,3,30,8474003,Tyson Sexsmith,G,SJS,28,CAN,Tyson Sexsmith,G,0,0.0,0.0,0,True,SJS,"(80, 100]",93.72994500468717,43.30567563147135,-93.72994500468717,
2007,92,4,1,8474104,Justin Vaive,LW,ANA,24,USA,Justin Vaive,L,0,0.0,0.0,0,False,ANA,"(80, 100]",93.22088073636887,43.25892538452533,-93.22088073636887,-43.25892538452533
2007,93,4,2,8474000,Steven Kampfer,D,ANA,24,USA,Steven Kampfer,D,231,15.0,24.0,39,False,ANA,"(80, 100]",92.73519081164858,43.21552030125429,138.26480918835142,-4.215520301254287
2007,94,4,3,8474195,Maksim Mayorov,F,CBJ,29,RUS,Maksim Mayorov,L,22,2.0,1.0,3,False,CBJ,"(80, 100]",92.27180196733998,43.17522102206672,-70.27180196733998,-40.17522102206672
2007,95,4,4,8474166,Alec Martinez,D,LAK,26,USA,Alec Martinez,D,862,88.0,201.0,289,False,LAK,"(80, 100]",91.8296902205227,43.13780531448942,770.1703097794773,245.8621946855106
2007,96,4,5,8474029,Cade Fairchild,D,STL,19,USA,Cade Fairchild,D,5,0.0,1.0,1,False,STL,"(80, 100]",91.4078786057751,43.10306684765496,-86.4078786057751,-42.10306684765496
2007,97,4,6,8474059,Linus Omark,F,EDM,22,SWE,Linus Omark,L,79,8.0,24.0,32,False,EDM,"(80, 100]",91.00543501630513,43.070814054479364,-12.005435016305128,-11.070814054479364
2007,98,4,7,8474181,Sebastian Stefaniszin,G,ANA,24,DEU,Sebastian Stefaniszin,G,0,0.0,0.0,0,True,ANA,"(80, 100]",90.62147014420842,43.040869075255486,-90.62147014420842,
2007,99,4,8,8474192,Matt Frattin,RW,TOR,10,CAN,Matt Frattin,R,135,17.0,18.0,35,False,TOR,"(80, 100]",90.25513551530203,43.01306677683635,44.74486448469797,-8.013066776836347
2007,100,4,9,8474110,Travis Erstad,F,STL,19,USA,Travis Erstad,C,0,0.0,0.0,0,False,STL,"(80, 100]",89.90562161419135,42.987253841999824,-89.90562161419135,-42.987253841999824
2007,101,4,10,8474124,Matt Rust,C,FLA,13,USA,Matt Rust,C,0,0.0,0.0,0,False,FLA,"(100, 125]",89.572156095427,42.96328792397285,-89.572156095427,-42.96328792397285
2007,102,4,11,8473993,Justin McCrae,C,CAR,12,CAN,Justin McCrae,C,0,0.0,0.0,0,False,CAR,"(100, 125]",89.25400207679884,42.94103686145272,-89.25400207679884,-42.94103686145272
2007,103,4,12,8474159,Vladimir Ruzicka,C,PHX,27,CZE,Vladimir Ruzicka,C,0,0.0,0.0,0,False,UTA,"(100, 125]",88.95045651099544,42.9203779497967,-88.95045651099544,-42.9203779497967
2007,104,4,13,8474186,Ben Winnett,LW,TOR,10,CAN,Ben Winnett,L,0,0.0,0.0,0,False,TOR,"(100, 125]",88.66084863203102,42.90119726436088,-88.66084863203102,-42.90119726436088
2007,105,4,14,8474089,Brad Malone,F,COL,21,CAN,Brad Malone,C,217,14.0,18.0,32,False,COL,"(100, 125]",88.38453847300667,42.88338903225681,128.61546152699333,-10.883389032256808
2007,106,4,15,8474169,Maxim Gratchev,LW,NYI,2,RUS,Maxim Gratchev,L,0,0.0,0.0,0,False,NYI,"(100, 125]",88.12091545193053,42.8668550490614,-88.12091545193053,-42.8668550490614
2007,107,4,16,8474071,Mitch Fadden,C,TBL,14,CAN,Mitch Fadden,C,0,0.0,0.0,0,False,TBL,"(100, 125]",87.86939702247173,42.85150413726349,-87.86939702247173,-42.85150413726349
2007,108,4,17,8474136,Brett Bruneteau,C,WSH,15,USA,Brett Bruneteau,C,0,0.0,0.0,0,False,WSH,"(100, 125]",87.62942738666686,42.83725164346075,-87.62942738666686,-42.83725164346075
2007,109,4,18,8474100,Dwight King,F,LAK,26,CAN,Dwight King,L,365,53.0,56.0,109,False,LAK,"(100, 125]",87.4004762667341,42.82401897153408,277.59952373326587,66.17598102846591
2007,110,4,19,8473992,Justin Falk,D,MIN,30,CAN,Justin Falk,D,279,3.0,30.0,33,False,MIN,"(100, 125]",87.1820377332811,42.8117331492252,191.8179622667189,-9.811733149225198
2007,111,4,20,8473997,Luca Caputi,LW,PIT,5,CAN,Luca Caputi,L,35,3.0,6.0,9,False,PIT,"(100, 125]",86.97362908731724,42.80032642572733,-51.973629087317235,-33.80032642572733
2007,112,4,21,8474098,Colton Sceviour,F,DAL,25,CAN,Colton Sceviour,C,535,66.0,90.0,156,False,DAL,"(100, 125]",86.7747897935997,42.78973589806988,448.22521020640033,113.21026410193012
2007,113,4,22,8474172,Kent Patterson,G,COL,21,USA,Kent Patterson,G,0,0.0,0.0,0,True,COL,"(100, 125]",86.58508046295634,42.77990316423669,-86.58508046295634,
2007,114,4,23,8474004,Ben Ryan,C,NSH,18,USA,Ben Ryan,C,0,0.0,0.0,0,False,NSH,"(100, 125]",86.4040818813366,42.770774001105124,-86.4040818813366,-42.770774001105124
2007,115,4,24,8474118,Niklas Lucenius,C,ATL,11,FIN,Niklas Lucenius,C,0,0.0,0.0,0,False,WPG,"(100, 125]",86.23139408344461,42.76229806542979,-86.23139408344461,-42.76229806542979
2007,116,4,25,8474048,Keith Aulie,D,CGY,20,CAN,Keith Aulie,D,167,4.0,10.0,14,False,CGY,"(100, 125]",86.06663546890789,42.754428616222114,80.93336453109211,-28.754428616222114
2007,117,4,26,8474094,Matt Halischuk,RW,NJD,1,CAN,Matt Halischuk,R,280,33.0,42.0,75,False,NJD,"(100, 125]",85.90944195902806,42.747122256994736,194.09055804097193,32.252877743005264
2007,118,4,27,8474005,Alex Grant,D,PIT,5,CAN,Alex Grant,D,7,2.0,0.0,2,False,PIT,"(100, 125]",85.75946619225057,42.7403386964493,-78.75946619225057,-40.7403386964493
2007,119,4,28,8474144,Mark Santorelli,C,NSH,18,CAN,Mark Santorelli,R,0,0.0,0.0,0,False,NSH,"(100, 125]",85.61637675657546,42.734040526288005,-85.61637675657546,-42.734040526288005
2007,120,4,29,8474016,Ben Blood,D,OTT,9,USA,Ben Blood,D,0,0.0,0.0,0,False,OTT,"(100, 125]",85.47985745721293,42.72819301492359,-85.47985745721293,-42.72819301492359
2007,121,4,30,8474086,Mattias Modig,G,ANA,24,SWE,Mattias Modig,G,0,0.0,0.0,0,True,ANA,"(100, 125]",85.34960661786548,42.72276391595019,-85.34960661786548,
2007,122,5,1,8474131,Mario Kempe,RW,PHI,4,SWE,Mario Kempe,R,70,6.0,7.0,13,False,PHI,"(100, 125]",85.22533641409257,42.71772329031886,-15.225336414092567,-29.717723290318858
2007,123,5,2,8474107,Maxim Goncharov,D,PHX,27,RUS,Maxim Goncharov,D,0,0.0,0.0,0,False,UTA,"(100, 125]",85.10677223728473,42.713043341237125,-85.10677223728473,-42.713043341237125
2007,124,5,3,8474182,Linden Rowat,G,LAK,26,CAN,Linden Rowat,G,0,0.0,0.0,0,True,LAK,"(100, 125]",84.9936520878416,42.708698260882116,-84.9936520878416,
2007,125,5,4,8474060,Brett Leffler,RW,WSH,15,CAN,Brett Leffler,R,0,0.0,0.0,0,False,WSH,"(100, 125]",84.88572599621297,42.70466408808199,-84.88572599621297,-42.70466408808199
2007,126,5,5,8474103,Joe Lavin,D,CHI,16,USA,Joe Lavin,D,0,0.0,0.0,0,False,CHI,"(125, 150]",84.78275547052348,42.700918576180825,-84.78275547052348,-42.700918576180825
2007,127,5,6,8474128,Milan Kytnar,C,EDM,22,SVK,Milan Kytnar,C,1,0.0,0.0,0,False,EDM,"(125, 150]",84.6845129695604,42.697441070358224,-83.6845129695604,-42.697441070358224
2007,128,5,7,8473987,Austin Smith,RW,DAL,25,USA,Austin Smith,R,0,0.0,0.0,0,False,DAL,"(125, 150]",84.59078139995972,42.69421239372728,-84.59078139995972,-42.69421239372728
2007,129,5,8,8473994,Jamie Benn,LW,DAL,25,CAN,Jamie Benn,L,1252,414.0,578.0,992,False,DAL,"(125, 150]",84.50135363647975,42.69121474158261,1167.4986463635203,949.3087852584174
2007,130,5,9,8474079,Denis Reul,D,BOS,6,DEU,Denis Reul,D,0,0.0,0.0,0,False,BOS,"(125, 150]",84.41603206430189,42.688431583215404,-84.41603206430189,-42.688431583215404
2007,131,5,10,8474043,John Lee,D,FLA,13,USA,John Lee,D,0,0.0,0.0,0,False,FLA,"(125, 150]",84.33462814234724,42.68584757075394,-84.33462814234724,-42.68584757075394
2007,132,5,11,8474052,Chris Terry,LW,CAR,12,CAN,Chris Terry,L,152,22.0,16.0,38,False,CAR,"(125, 150]",84.25696198664414,42.68344845452697,67.74303801335586,-4.6834484545269675
2007,133,5,12,8474036,Joe Stejskal,D,MTL,8,USA,Joe Stejskal,D,0,0.0,0.0,0,False,MTL,"(125, 150]",84.1828619728259,42.68122100448314,-84.1828619728259,-42.68122100448314
2007,134,5,13,8474088,Juraj Mikus,D,TOR,10,SVK,Juraj Mikus,D,0,0.0,0.0,0,False,TOR,"(125, 150]",84.1121643568804,42.67915293723323,-84.1121643568804,-42.67915293723323
2007,135,5,14,8474008,Paul Carey,C,COL,21,USA,Paul Carey,C,100,8.0,8.0,16,False,COL,"(125, 150]",84.04471291331333,42.67723284831272,15.955287086686667,-26.67723284831272
2007,136,5,15,8474111,Ondrej Roman,C,DAL,25,CZE,Ondrej Roman,C,0,0.0,0.0,0,False,DAL,"(125, 150]",83.98035858992586,42.67545014929128,-83.98035858992586,-42.67545014929128
2007,137,5,16,8474026,Joshua Turnbull,C,LAK,26,USA,Joshua Turnbull,C,0,0.0,0.0,0,False,LAK,"(125, 150]",83.91895917844342,42.673795009382346,-83.91895917844342,-42.673795009382346
2007,138,5,17,8474014,Max Campbell,C,NYR,3,CAN,Max Campbell,C,0,0.0,0.0,0,False,NYR,"(125, 150]",83.86037900026808,42.67225830123072,-83.86037900026808,-42.67225830123072
2007,139,5,18,8474115,Bradley Eidsness,G,BUF,7,CAN,Bradley Eidsness,G,0,0.0,0.0,0,True,BUF,"(125, 150]",83.80448860666007,42.670831550579294,-83.80448860666007,
2007,140,5,19,8474042,Cody Almond,C,MIN,30,CAN,Cody Almond,C,25,2.0,0.0,2,False,MIN,"(125, 150]",83.75116449268575,42.66950688953732,-58.751164492685746,-40.66950688953732
2007,141,5,20,8474162,Jake Muzzin,D,PIT,5,CAN,Jake Muzzin,D,683,69.0,225.0,294,False,PIT,"(125, 150]",83.70028882430006,42.66827701319251,599.2997111756999,251.3317229868075
2007,142,5,21,8474147,Andrew Conboy,LW,MTL,8,USA,Andrew Conboy,L,0,0.0,0.0,0,False,MTL,"(125, 150]",83.65174917796037,42.66713513932773,-83.65174917796037,-42.66713513932773
2007,143,5,22,8474078,Mickey Renaud,C,CGY,20,CAN,Mickey Renaud,C,0,0.0,0.0,0,False,CGY,"(125, 150]",83.60543829219628,42.666074971020116,-83.60543829219628,-42.666074971020116
2007,144,5,23,8474154,Andreas Thuresson,F,NSH,18,SWE,Andreas Thuresson,R,25,1.0,2.0,3,False,NSH,"(125, 150]",83.56125383058635,42.665090661916324,-58.56125383058635,-39.665090661916324
2007,145,5,24,8474180,Charles-Antoine Messier,C,VAN,23,CAN,Charles-Antoine Messier,C,0,0.0,0.0,0,False,VAN,"(125, 150]",83.5190981556182,42.66417678399255,-83.5190981556182,-42.66417678399255
2007,146,5,25,8474081,Ilja Kablukov,F,VAN,23,RUS,Ilja Kablukov,L,0,0.0,0.0,0,False,VAN,"(125, 150]",83.47887811293191,42.663328297621426,-83.47887811293191,-42.663328297621426
2007,147,5,26,8474171,Jean-Simon Allard,C,BUF,7,CAN,Jean-Simon Allard,C,0,0.0,0.0,0,False,BUF,"(125, 150]",83.44050482547043,42.66254052378066,-83.44050482547043,-42.66254052378066
2007,148,5,27,8474072,Randy Cameron,C,DET,17,CAN,Randy Cameron,C,0,0.0,0.0,0,False,DET,"(125, 150]",83.40389349708157,42.66180911825041,-83.40389349708157,-42.66180911825041
2007,149,5,28,8474183,Michael Neal,LW,DAL,25,CAN,Michael Neal,L,0,0.0,0.0,0,False,DAL,"(125, 150]",83.36896322513803,42.66113004765679,-83.36896322513803,-42.66113004765679
2007,150,5,29,8474022,Matt Marshall,F,TBL,14,USA,Matt Marshall,C,0,0.0,0.0,0,False,TBL,"(125, 150]",83.33563682176118,42.66049956722966,-83.33563682176118,-42.66049956722966
2007,151,5,30,8473655,Brett Morrison,C,ANA,24,CAN,Brett Morrison,C,0,0.0,0.0,0,False,ANA,"(150, 180]",83.30384064325355,42.65991420015188,-83.30384064325355,-42.65991420015188
2007,152,6,1,8474177,Jon Kalinski,LW,PHI,4,CAN,Jon Kalinski,L,22,1.0,4.0,5,False,PHI,"(150, 180]",83.27350442736322,42.65937071838622,-61.27350442736322,-37.65937071838622
2007,153,6,2,8474152,Scott Darling,G,PHX,27,USA,Scott Darling,G,126,0.0,0.0,0,True,UTA,"(150, 180]",83.2445611380203,42.658866124874194,42.7554388619797,
2007,154,6,3,8474047,Dan Dunn,G,WSH,15,CAN,Dan Dunn,G,0,0.0,0.0,0,True,WSH,"(150, 180]",83.2169468172027,42.6583976370086,-83.2169468172027,
2007,155,6,4,8474155,Jens Hellgren,D,COL,21,SWE,Jens Hellgren,D,0,0.0,0.0,0,False,COL,"(150, 180]",83.19060044360353,42.657962671288715,-83.19060044360353,-42.657962671288715
2007,156,6,5,8474080,Richard Greenop,C,CHI,16,CAN,Richard Greenop,R,0,0.0,0.0,0,False,CHI,"(150, 180]",83.16546379778804,42.65755882907344,-83.16546379778804,-42.65755882907344
2007,157,6,6,8474082,William Quist,F,EDM,22,SWE,William Quist,L,0,0.0,0.0,0,False,EDM,"(150, 180]",83.14148133354207,42.657183883353845,-83.14148133354207,-42.657183883353845
2007,158,6,7,8474057,Allen York,G,CBJ,29,CAN,Allen York,G,11,0.0,0.0,0,True,CBJ,"(150, 180]",83.11860005512764,42.656835766472234,-72.11860005512764,
2007,159,6,8,8474055,Alain Goulet,D,BOS,6,CAN,Alain Goulet,D,0,0.0,0.0,0,False,BOS,"(150, 180]",83.09676940017454,42.65651255871995,-83.09676940017454,-42.65651255871995
2007,160,6,9,8474061,Anthony Peluso,D,STL,19,CAN,Anthony Peluso,R,148,4.0,10.0,14,False,STL,"(150, 180]",83.07594112794911,42.65621247775101,64.92405887205089,-28.656212477751012
2007,161,6,10,8474034,Patrick Maroon,LW,PHI,4,USA,Patrick Maroon,L,848,126.0,197.0,323,False,PHI,"(150, 180]",83.05606921275334,42.65593386875329,764.9439307872467,280.34406613124673
2007,162,6,11,8474135,Brett Bellemore,D,CAR,12,CAN,Brett Bellemore,D,121,4.0,16.0,20,False,CAR,"(150, 180]",83.03710974221858,42.65567519532296,37.962890257781424,-22.655675195322956
2007,163,6,12,8474120,Nichlas Torp,D,MTL,8,SWE,Nichlas Torp,D,0,0.0,0.0,0,False,MTL,"(150, 180]",83.01902082026932,42.655435030991924,-83.01902082026932,-42.655435030991924
2007,164,6,13,8474018,Christopher DiDomenico,C,TOR,10,CAN,Christopher DiDomenico,L,27,6.0,4.0,10,False,TOR,"(150, 180]",83.0017624745425,42.65521205136148,-56.0017624745425,-32.65521205136148
2007,165,6,14,8474133,Patrik Zackrisson,F,SJS,28,SWE,Patrik Zackrisson,L,0,0.0,0.0,0,False,SJS,"(150, 180]",82.98529656805775,42.65500502679885,-82.98529656805775,-42.65500502679885
2007,166,6,15,8474140,Blake Kessel,D,NYI,2,USA,Blake Kessel,D,0,0.0,0.0,0,False,NYI,"(150, 180]",82.96958671494343,42.654812815656285,-82.96958671494343,-42.654812815656285
2007,167,6,16,8474085,Johan Harju,LW,TBL,14,SWE,Johan Harju,L,10,1.0,2.0,3,False,TBL,"(150, 180]",82.95459820003221,42.65463435797545,-72.95459820003221,-39.65463435797545
2007,168,6,17,8474176,Carl Hagelin,LW,NYR,3,SWE,Carl Hagelin,L,713,110.0,186.0,296,False,NYR,"(150, 180]",82.9402979021485,42.65446866964217,630.0597020978515,253.34553133035783
2007,169,6,18,8474191,Radim Ostrcil,D,BOS,6,CZE,Radim Ostrcil,D,0,0.0,0.0,0,False,BOS,"(150, 180]",82.92665422091831,42.6543148369595,-82.92665422091831,-42.6543148369595
2007,170,6,19,8474167,Harri Ilvonen,D,MIN,30,FIN,Harri Ilvonen,D,0,0.0,0.0,0,False,MIN,"(150, 180]",82.91363700693962,42.65417201160911,-82.91363700693962,-42.65417201160911
2007,171,6,20,8474138,Dustin Jeffrey,C,PIT,5,CAN,Dustin Jeffrey,L,131,18.0,15.0,33,False,PIT,"(150, 180]",82.9012174951592,42.65403940597316,48.0987825048408,-9.654039405973158
2007,172,6,21,8473989,Luke Gazdic,LW,DAL,25,CAN,Luke Gazdic,L,147,5.0,3.0,8,False,DAL,"(150, 180]",82.88936824130836,42.653916288790974,64.11063175869164,-34.653916288790974
2007,173,6,22,8474009,Nick Bonino,C,SJS,28,USA,Nick Bonino,C,868,159.0,199.0,358,False,SJS,"(150, 180]",82.87806306125748,42.653801981126435,785.1219369387425,315.34619801887357
2007,174,6,23,8474178,Robert Dietrich,D,NSH,18,DEU,Robert Dietrich,D,0,0.0,0.0,0,False,NSH,"(150, 180]",82.86727697315509,42.65369585262398,-82.86727697315509,-42.65369585262398
2007,175,6,24,8474012,John Albert,C,ATL,11,USA,John Albert,C,9,1.0,0.0,1,False,WPG,"(150, 180]",82.85698614222369,42.65359731803246,-73.85698614222369,-41.65359731803246
2007,176,6,25,8474011,Taylor Matson,C,VAN,23,USA,Taylor Matson,C,0,0.0,0.0,0,False,VAN,"(150, 180]",82.8471678280904,42.65350583397773,-82.8471678280904,-42.65350583397773
2007,177,6,26,8474112,Vili Sopanen,F,NJD,1,FIN,Vili Sopanen,R,0,0.0,0.0,0,False,NJD,"(150, 180]",82.83780033453596,42.65342089596622,-82.83780033453596,-42.65342089596622
2007,178,6,27,8473995,Zack Torquato,C,DET,17,CAN,Zack Torquato,C,0,0.0,0.0,0,False,DET,"(150, 180]",82.82886296155098,42.653342035602826,-82.82886296155098,-42.653342035602826
2007,179,6,28,8474038,Paul Byron,C,BUF,7,CAN,Paul Byron,L,521,98.0,110.0,208,False,BUF,"(150, 180]",82.82033595959383,42.65326881800799,438.1796640404062,165.34673118199203
2007,180,6,29,8474106,Justin Taylor,C,WSH,15,CAN,Justin Taylor,C,0,0.0,0.0,0,False,WSH,"(150, 180]",82.81220048594854,42.65320083941945,-82.81220048594854,-42.65320083941945
2007,181,6,30,8474044,Corey Syvret,D,FLA,13,CAN,Corey Syvret,D,0,0.0,0.0,0,False,FLA,"(180, 211]",82.80443856308683,42.65313772496576,-82.80443856308683,-42.65313772496576
2007,182,7,1,8474033,Brad Phillips,G,PHI,4,USA,Brad Phillips,G,0,0.0,0.0,0,True,PHI,"(180, 211]",82.79703303894182,42.65307912659897,-82.79703303894182,
2007,183,7,2,8474058,Torrie Jung,G,TBL,14,CAN,Torrie Jung,G,0,0.0,0.0,0,True,TBL,"(180, 211]",82.78996754900598,42.653024721175335,-82.78996754900598,
2007,184,7,3,8474039,Josh Kidd,D,LAK,26,CAN,Josh Kidd,D,0,0.0,0.0,0,False,LAK,"(180, 211]",82.78322648016925,42.652974208673314,-82.78322648016925,-42.652974208673314
2007,185,7,4,8474073,Nick Larson,C,WSH,15,USA,Nick Larson,C,0,0.0,0.0,0,False,WSH,"(180, 211]",82.7767949362177,42.652927310539084,-82.7767949362177,-42.652927310539084
2007,186,7,5,8474010,C.J. Severyn,LW,CGY,20,USA,C.J. Severyn,L,0,0.0,0.0,0,False,CGY,"(180, 211]",82.77065870491634,42.65288376815045,-82.77065870491634,-42.65288376815045
2007,187,7,6,8474064,Nick Eno,G,BUF,7,USA,Nick Eno,G,0,0.0,0.0,0,True,BUF,"(180, 211]",82.76480422660329,42.652843341390636,-82.76480422660329,
2007,188,7,7,8474126,Matt Fillier,F,LAK,26,CAN,Matt Fillier,C,0,0.0,0.0,0,False,LAK,"(180, 211]",82.75921856422605,42.65280580732417,-82.75921856422605,-42.65280580732417
2007,189,7,8,8474117,Jordan Knackstedt,RW,BOS,6,CAN,Jordan Knackstedt,R,0,0.0,0.0,0,False,BOS,"(180, 211]",82.7538893747536,42.652770958967494,-82.7538893747536,-42.652770958967494
2007,190,7,9,8473988,Trevor Nill,C,STL,19,USA,Trevor Nill,C,0,0.0,0.0,0,False,STL,"(180, 211]",82.74880488190117,42.65273860414752,-82.74880488190117,-42.65273860414752
2007,191,7,10,8474070,Ryan Watson,LW,FLA,13,CAN,Ryan Watson,L,0,0.0,0.0,0,False,FLA,"(180, 211]",82.7439538501073,42.65270856444192,-82.7439538501073,-42.65270856444192
2007,192,7,11,8474165,Scott Kishel,D,MTL,8,USA,Scott Kishel,D,0,0.0,0.0,0,False,MTL,"(180, 211]",82.73932555970585,42.65268067419517,-82.73932555970585,-42.65268067419517
2007,193,7,12,8474142,David Skokan,C,NYR,3,SVK,David Skokan,C,0,0.0,0.0,0,False,NYR,"(180, 211]",82.73490978323798,42.652654779605044,-82.73490978323798,-42.652654779605044
2007,194,7,13,8474125,Carl Gunnarsson,D,TOR,10,SWE,Carl Gunnarsson,D,629,30.0,108.0,138,False,TOR,"(180, 211]",82.73069676285189,42.65263073787449,546.269303237148,95.34736926212551
2007,195,7,14,8474065,Johan Alcen,F,COL,21,SWE,Johan Alcen,L,0,0.0,0.0,0,False,COL,"(180, 211]",82.72667718874011,42.65260841642412,-82.72667718874011,-42.65260841642412
2007,196,7,15,8474127,Simon Lacroix,D,NYI,2,CAN,Simon Lacroix,D,0,0.0,0.0,0,False,NYI,"(180, 211]",82.72284217856702,42.652587692161156,-82.72284217856702,-42.652587692161156
2007,197,7,16,8474075,Michael Ward,D,TBL,14,CAN,Michael Ward,D,0,0.0,0.0,0,False,TBL,"(180, 211]",82.71918325784091,42.652568450800544,-82.71918325784091,-42.652568450800544
2007,198,7,17,8473998,Danny Hobbs,F,NYR,3,CAN,Danny Hobbs,C,0,0.0,0.0,0,False,NYR,"(180, 211]",82.71569234118732,42.65255058623481,-82.71569234118732,-42.65255058623481
2007,199,7,18,8474116,Andrew Glass,LW,WSH,15,USA,Andrew Glass,L,0,0.0,0.0,0,False,WSH,"(180, 211]",82.71236171448218,42.65253399994888,-82.71236171448218,-42.65253399994888
2007,200,7,19,8474077,Carson McMillan,RW,MIN,30,CAN,Carson McMillan,R,16,2.0,3.0,5,False,MIN,"(180, 211]",82.70918401780544,42.65251860047681,-66.70918401780544,-37.65251860047681
2007,201,7,20,8474027,Justin Braun,D,SJS,28,USA,Justin Braun,D,842,34.0,165.0,199,False,SJS,"(180, 211]",82.70615222917723,42.65250430289742,759.2938477708228,156.34749569710257
2007,202,7,21,8474179,Sergei Gayduchenko,G,FLA,13,RUS,Sergei Gayduchenko,G,0,0.0,0.0,0,True,FLA,"(180, 211]",82.703259649041,42.65249102836595,-82.703259649041,
2007,203,7,22,8473712,Frazer McLaren,LW,SJS,28,CAN,Frazer McLaren,L,102,4.0,7.0,11,False,SJS,"(180, 211]",82.70049988545898,42.652478703679314,19.29950011454102,-31.652478703679314
2007,204,7,23,8474067,Atte Engren,G,NSH,18,FIN,Atte Engren,G,0,0.0,0.0,0,True,NSH,"(180, 211]",82.69786683998748,42.652467260872385,-82.69786683998748,
2007,205,7,24,8474074,Paul Postma,D,ATL,11,CAN,Paul Postma,D,205,10.0,25.0,35,False,WPG,"(180, 211]",82.69535469420074,42.652456636843205,122.30464530579926,-7.652456636843205
2007,206,7,25,8474069,Dan Gendur,RW,VAN,23,CAN,Dan Gendur,R,0,0.0,0.0,0,False,VAN,"(180, 211]",82.69295789683352,42.65244677300502,-82.69295789683352,-42.65244677300502
2007,207,7,26,8474123,Ryan Molle,D,NJD,1,CAN,Ryan Molle,D,0,0.0,0.0,0,False,NJD,"(180, 211]",82.69067115151412,42.65243761496317,-82.69067115151412,-42.65243761496317
2007,208,7,27,8473990,Bryan Rufenach,D,DET,17,CAN,Bryan Rufenach,D,0,0.0,0.0,0,False,DET,"(180, 211]",82.68848940506057,42.65242911221517,-82.68848940506057,-42.65242911221517
2007,209,7,28,8474028,Drew MacKenzie,D,BUF,7,USA,Drew MacKenzie,D,0,0.0,0.0,0,False,BUF,"(180, 211]",82.68640783631426,42.65242121787215,-82.68640783631426,-42.65242121787215
2007,210,7,29,8474006,Justin Courtnall,LW,TBL,14,CAN,Justin Courtnall,L,0,0.0,0.0,0,False,TBL,"(180, 211]",82.68442184548637,42.652413888400375,-82.68442184548637,-42.652413888400375
2007,211,7,30,8474174,Trent Vogelhuber,RW,CBJ,29,USA,Trent Vogelhuber,R,0,0.0,0.0,0,False,CBJ,"(180, 211]",82.68252704399328,42.65240708338107,-82.68252704399328,-42.65240708338107
2008,1,1,1,8474564,Steven Stamkos,C,TBL,14,CAN,Steven Stamkos,C,1246,624.0,632.0,1256,False,TBL,,844.7618549404874,563.9056503589592,401.2381450595126,692.0943496410408
2008,2,1,2,8474563,Drew Doughty,D,LAK,26,CAN,Drew Doughty,D,1279,165.0,544.0,709,False,LAK,"(1, 2]",809.7681901837298,526.6079284397246,469.23180981627024,182.39207156027544
2008,3,1,3,8474567,Zach Bogosian,D,ATL,11,USA,Zach Bogosian,D,970,66.0,183.0,249,False,WPG,"(2, 3]",776.3813047565832,491.9790049263708,193.61869524341682,-242.9790049263708
2008,4,1,4,8474565,Alex Pietrangelo,D,STL,19,CAN,Alex Pietrangelo,D,1087,148.0,489.0,637,False,STL,"(3, 4]",744.5274213101472,459.82791681727923,342.47257868985275,177.17208318272077
2008,5,1,5,8474568,Luke Schenn,D,TOR,10,CAN,Luke Schenn,D,1122,45.0,167.0,212,False,TOR,"(4, 5]",714.1361500778175,429.977365263173,407.86384992218245,-217.977365263173
2008,6,1,6,8474566,Nikita Filatov,LW,CBJ,29,RUS,Nikita Filatov,L,53,6.0,8.0,14,False,CBJ,"(5, 6]",685.1403333300681,402.26273784338173,-632.1403333300681,-388.26273784338173
2008,7,1,7,8474569,Colin Wilson,C,NSH,18,USA,Colin Wilson,C,632,113.0,173.0,286,False,NSH,"(6, 8]",657.4758969712924,376.5312008020775,-25.4758969712924,-90.53120080207748
2008,8,1,8,8474571,Mikkel Boedker,LW,PHX,27,DNK,Mikkel Boedker,L,709,118.0,209.0,327,False,UTA,"(6, 8]",631.0817089507688,352.6408562385712,77.91829104923124,-25.64085623857119
2008,9,1,9,8474573,Josh Bailey,C,NYI,2,CAN,Josh Bailey,R,1057,184.0,396.0,580,False,NYI,"(8, 10]",605.8994441748678,330.45995960395163,451.10055582513223,249.54004039604837
2008,10,1,10,8474570,Cody Hodgson,C,VAN,23,CAN,Cody Hodgson,C,328,64.0,78.0,142,False,VAN,"(8, 10]",581.8734556219907,309.8661931889113,-253.87345562199073,-167.86619318891132
2008,11,1,11,8474572,Kyle Beach,LW,CHI,16,CAN,Kyle Beach,L,0,0.0,0.0,0,False,CHI,"(10, 12]",558.9506513754325,290.7459915963702,-558.9506513754325,-290.7459915963702
2008,12,1,12,8474574,Tyler Myers,D,BUF,7,USA,Tyler Myers,D,1139,100.0,306.0,406,False,BUF,"(10, 12]",537.0803773024388,272.99391547918094,601.9196226975612,133.00608452081906
2008,13,1,13,8474575,Colten Teubert,D,LAK,26,CAN,Colten Teubert,D,24,0.0,1.0,1,False,LAK,"(12, 15]",516.2143051202067,256.5120700893594,-492.21430512020675,-255.51207008935938
2008,14,1,14,8474576,Zach Boychuk,C,CAR,12,CAN,Zach Boychuk,L,127,12.0,18.0,30,False,CAR,"(12, 15]",496.30632560147916,241.20956543240027,-369.30632560147916,-211.20956543240027
2008,15,1,15,8474578,Erik Karlsson,D,OTT,9,SWE,Erik Karlsson,D,1159,215.0,721.0,936,False,OTT,"(12, 15]",477.3124466837421,227.00201504967026,681.6875533162579,708.9979849503297
2008,16,1,16,8474577,Joe Colborne,C,BOS,6,CAN,Joe Colborne,C,295,42.0,72.0,114,False,BOS,"(15, 20]",459.19069625687024,213.81107066488858,-164.19069625687024,-99.81107066488858
2008,17,1,17,8474581,Jake Gardiner,D,ANA,24,USA,Jake Gardiner,D,645,49.0,228.0,277,False,ANA,"(15, 20]",441.90102941440335,201.5639901284781,203.09897058559665,75.43600987152189
2008,18,1,18,8474580,Chet Pickard,G,NSH,18,CAN,Chet Pickard,G,0,0.0,0.0,0,True,NSH,"(15, 20]",425.4052399634998,190.1932362771945,-425.4052399634998,
2008,19,1,19,8474579,Luca Sbisa,D,PHI,4,ITA,Luca Sbisa,D,549,20.0,93.0,113,False,PHI,"(15, 20]",409.6668759980253,179.63610449692322,139.33312400197468,-66.63610449692322
2008,20,1,20,8474584,Michael Del Zotto,D,NYR,3,CAN,Michael Del Zotto,D,736,63.0,199.0,262,False,NYR,"(15, 20]",394.651159348212,169.83437693482028,341.348840651788,92.16562306517972
2008,21,1,21,8474583,Anton Gustafsson,C,WSH,15,SWE,Anton Gustafsson,C,0,0.0,0.0,0,False,WSH,"(20, 25]",380.324908728891,160.7340014539319,-380.324908728891,-160.7340014539319
2008,22,1,22,8474586,Jordan Eberle,C,EDM,22,CAN,Jordan Eberle,R,1140,334.0,449.0,783,False,EDM,"(20, 25]",366.6564664164723,152.28479355987108,773.3435335835277,630.7152064401289
2008,23,1,23,8474585,Tyler Cuma,D,MIN,30,CAN,Tyler Cuma,D,1,0.0,0.0,0,False,MIN,"(20, 25]",353.6156282926471,144.44015965581036,-352.6156282926471,-144.44015965581036
2008,24,1,24,8474582,Mattias Tedenby,LW,NJD,1,SWE,Mattias Tedenby,R,120,10.0,20.0,30,False,NJD,"(20, 25]",341.17357710022264,137.15684009966634,-221.17357710022264,-107.15684009966634
2008,25,1,25,8474587,Greg Nemisz,C,CGY,20,CAN,Greg Nemisz,R,15,0.0,1.0,1,False,CGY,"(20, 25]",329.30281876360266,130.3946706465514,-314.30281876360266,-129.3946706465514
2008,26,1,26,8474589,Tyler Ennis,C,BUF,7,CAN,Tyler Ennis,R,700,144.0,202.0,346,False,BUF,"(25, 31]",317.97712163319443,124.11636096095384,382.02287836680557,221.88363903904616
2008,27,1,27,8474590,John Carlson,D,WSH,15,USA,John Carlson,D,1159,170.0,615.0,785,False,WSH,"(25, 31]",307.17145851948806,118.28728897724142,851.828541480512,666.7127110227586
2008,28,1,28,8474588,Viktor Tikhonov,F,PHX,27,LVA,Viktor Tikhonov,R,111,11.0,11.0,22,False,UTA,"(25, 31]",296.86195138871545,112.87530997447791,-185.86195138871545,-90.87530997447791
2008,29,1,29,8474595,Daultan Leveille,C,ATL,11,CAN,Daultan Leveille,C,0,0.0,0.0,0,False,WPG,"(25, 31]",287.0258185978798,107.85057931268578,-287.0258185978798,-107.85057931268578
2008,30,1,30,8474591,Tom McCollum,G,DET,17,USA,Tom McCollum,G,3,0.0,0.0,0,True,DET,"(25, 31]",277.6413245525565,103.18538785302533,-274.6413245525565,
2008,31,2,1,8474593,Jacob Markstrom,G,FLA,13,SWE,Jacob Markstrom,G,578,0.0,23.0,0,True,FLA,"(25, 31]",268.6877316762219,98.85400915430591,309.3122683237781,
2008,32,2,2,8474594,Slava Voynov,D,LAK,26,RUS,Slava Voynov,D,190,18.0,63.0,81,False,LAK,"(31, 40]",260.14525458497144,94.83255760318657,-70.14525458497144,-13.832557603186572
2008,33,2,3,8474592,Philip McRae,C,STL,19,USA,Philip McRae,C,15,1.0,2.0,3,False,STL,"(31, 40]",251.99501636636575,91.09885669571764,-236.99501636636575,-88.09885669571764
2008,34,2,4,8474596,Jake Allen,G,STL,19,CAN,Jake Allen,G,497,0.0,7.0,0,True,STL,"(31, 40]",244.21900686578914,87.63231674385521,252.78099313421086,
2008,35,2,5,8474598,Nicolas Deschamps,C,ANA,24,CAN,Nicolas Deschamps,C,3,0.0,0.0,0,False,ANA,"(31, 40]",236.80004288814456,84.41382133255445,-233.80004288814456,-84.41382133255445
2008,36,2,6,8474599,Corey Trivino,C,NYI,2,CAN,Corey Trivino,C,0,0.0,0.0,0,False,NYI,"(31, 40]",229.72173022693886,81.42562190130346,-229.72173022693886,-81.42562190130346
2008,37,2,7,8474597,Cody Goloubef,D,CBJ,29,CAN,Cody Goloubef,D,160,3.0,22.0,25,False,CBJ,"(31, 40]",222.96842743685136,78.65123986876237,-62.96842743685136,-53.651239868762374
2008,38,2,8,8474600,Roman Josi,D,NSH,18,CHE,Roman Josi,D,1030,203.0,576.0,779,False,NSH,"(31, 40]",216.5252112697325,76.07537576076862,813.4747887302675,702.9246242392314
2008,39,2,9,8474603,Eric O'Dell,C,ANA,24,CAN,Eric O'Dell,C,41,3.0,5.0,8,False,ANA,"(31, 40]",210.3778436976523,73.68382484059008,-169.3778436976523,-65.68382484059008
2008,40,2,10,8474604,Aaron Ness,D,NYI,2,USA,Aaron Ness,D,72,1.0,6.0,7,False,NYI,"(31, 40]",204.51274045012914,71.46339877616482,-132.51274045012914,-64.46339877616482
2008,41,2,11,8474601,Yann Sauve,D,VAN,23,CAN,Yann Sauve,D,8,0.0,0.0,0,False,VAN,"(40, 50]",198.91694099601142,69.40185291235734,-190.91694099601142,-69.40185291235734
2008,42,2,12,8474605,Patrick Wiercioch,D,OTT,9,CAN,Patrick Wiercioch,D,268,16.0,58.0,74,False,OTT,"(40, 50]",193.57807990368076,67.48781874717034,74.42192009631924,6.512181252829663
2008,43,2,13,8474602,Justin Schultz,D,ANA,24,CAN,Justin Schultz,D,745,71.0,253.0,324,False,ANA,"(40, 50]",188.48435951628767,65.71074123954845,556.5156404837123,258.28925876045156
2008,44,2,14,8474609,Luke Adam,C,BUF,7,CAN,Luke Adam,C,90,15.0,11.0,26,False,BUF,"(40, 50]",183.62452388163973,64.06082060305499,-93.62452388163973,-38.06082060305499
2008,45,2,15,8474610,Zac Dalpe,F,CAR,12,CAN,Zac Dalpe,C,168,16.0,16.0,32,False,CAR,"(40, 50]",178.98783387913235,62.528958264439325,-10.987833879132353,-30.528958264439325
2008,46,2,16,8474606,Colby Robak,D,FLA,13,CAN,Colby Robak,D,47,0.0,4.0,4,False,FLA,"(40, 50]",174.56404348875844,61.106706689080966,-127.56404348875844,-57.106706689080966
2008,47,2,17,8474607,Max Sauve,C,BOS,6,FRA,Max Sauve,C,1,0.0,0.0,0,False,BOS,"(40, 50]",170.34337714975766,59.786222796620166,-169.34337714975766,-59.786222796620166
2008,48,2,18,8474608,Mitch Wahl,C,CGY,20,USA,Mitch Wahl,C,0,0.0,0.0,0,False,CGY,"(40, 50]",166.31650815887204,58.560224709882874,-166.31650815887204,-58.560224709882874
2008,49,2,19,8474615,Jared Staal,RW,PHX,27,CAN,Jared Staal,R,2,0.0,0.0,0,False,UTA,"(40, 50]",162.474538060474,57.42195159859,-160.474538060474,-57.42195159859
2008,50,2,20,8474611,Cameron Gaunce,D,COL,21,CAN,Cameron Gaunce,D,37,3.0,6.0,9,False,COL,"(40, 50]",158.8089769830231,56.365126396406794,-121.80897698302309,-47.365126396406794
2008,51,2,21,8474613,Derek Stepan,C,NYR,3,USA,Derek Stepan,C,890,182.0,333.0,515,False,NYR,"(50, 65]",155.3117248783995,55.38392118573376,734.6882751216006,459.61607881426625
2008,52,2,22,8474614,Brandon Burlon,D,NJD,1,CAN,Brandon Burlon,D,0,0.0,0.0,0,False,NJD,"(50, 65]",151.97505362265838,54.472925059351624,-151.97505362265838,-54.472925059351624
2008,53,2,23,8474612,Travis Hamonic,D,NYI,2,CAN,Travis Hamonic,D,926,53.0,191.0,244,False,NYI,"(50, 65]",148.79158993865056,53.627114281691775,777.2084100613495,190.37288571830823
2008,54,2,24,8474616,Patrice Cormier,C,NJD,1,CAN,Patrice Cormier,C,52,1.0,4.0,5,False,NJD,"(50, 65]",145.7542991027736,52.8418245851849,-93.75429910277359,-47.8418245851849
2008,55,2,25,8474618,Marco Scandella,D,MIN,30,CAN,Marco Scandella,D,784,51.0,119.0,170,False,MIN,"(50, 65]",142.85646939984818,52.11272544891468,641.1435306001518,117.88727455108531
2008,56,2,26,8474620,Danny Kristo,RW,MTL,8,USA,Danny Kristo,R,0,0.0,0.0,0,False,MTL,"(50, 65]",140.0916972917691,51.43579621773465,-140.0916972917691,-51.43579621773465
2008,57,2,27,8474617,Eric Mestery,D,WSH,15,CAN,Eric Mestery,D,0,0.0,0.0,0,False,WSH,"(50, 65]",137.45387326715675,50.80730393015615,-137.45387326715675,-50.80730393015615
2008,58,2,28,8474621,Dmitri Kugryshev,RW,WSH,15,RUS,Dmitri Kugryshev,R,0,0.0,0.0,0,False,WSH,"(50, 65]",134.93716834074,50.22378273273779,-134.93716834074,-50.22378273273779
2008,59,2,29,8474619,Tyler Beskorowany,G,DAL,25,CAN,Tyler Beskorowany,G,0,0.0,0.0,0,True,DAL,"(50, 65]",132.53602117263767,49.68201476745624,-132.53602117263767,
2008,60,2,30,8474625,Jimmy Hayes,RW,TOR,10,USA,Jimmy Hayes,R,334,54.0,55.0,109,False,TOR,"(50, 65]",130.2451257790745,49.179012426660584,203.7548742209255,59.820987573339416
2008,61,2,31,8474622,Peter Delmas,G,COL,21,CAN,Peter Delmas,G,0,0.0,0.0,0,True,COL,"(50, 65]",128.05941980737566,48.71200187775444,-128.05941980737566,
2008,62,3,1,8474623,Justin Daniels,C,SJS,28,USA,Justin Daniels,C,0,0.0,0.0,0,False,SJS,"(50, 65]",125.97407334933011,48.278407766751634,-125.97407334933011,-48.278407766751634
2008,63,3,2,8474626,Robert Czarnik,F,LAK,26,USA,Robert Czarnik,C,0,0.0,0.0,0,False,LAK,"(50, 65]",123.98447826820251,47.875839016352614,-123.98447826820251,-47.875839016352614
2008,64,3,3,8474624,Danick Paquette,RW,ATL,11,CAN,Danick Paquette,R,0,0.0,0.0,0,False,WPG,"(50, 65]",122.08623801580958,47.50207564022413,-122.08623801580958,-47.50207564022413
2008,65,3,4,8474627,Jori Lehtera,C,STL,19,FIN,Jori Lehtera,C,307,34.0,77.0,111,False,STL,"(50, 65]",120.27515791715824,47.15505650076909,186.72484208284175,63.84494349923091
2008,66,3,5,8474632,David Toews,C,NYI,2,CAN,David Toews,C,0,0.0,0.0,0,False,NYI,"(65, 80]",118.54723590117729,46.832867942875936,-118.54723590117729,-46.832867942875936
2008,67,3,6,8474631,Marc-Andre Bourdon,D,PHI,4,CAN,Marc-Andre Bourdon,D,45,4.0,3.0,7,False,PHI,"(65, 80]",116.89865365705954,46.53373324096787,-71.89865365705954,-39.53373324096787
2008,68,3,7,8474629,Shawn Lalonde,D,CHI,16,CAN,Shawn Lalonde,D,1,0.0,0.0,0,False,CHI,"(65, 80]",115.32576819667179,46.25600280115723,-114.32576819667179,-46.25600280115723
2008,69,3,8,8474628,Michael Stone,D,PHX,27,CAN,Michael Stone,D,552,41.0,104.0,145,False,UTA,"(65, 80]",113.82510380438777,45.99814506447404,438.17489619561223,99.00185493552596
2008,70,3,9,8474633,James Livingston,RW,STL,19,CAN,James Livingston,R,0,0.0,0.0,0,False,STL,"(65, 80]",112.39334435655485,45.75873806100437,-112.39334435655485,-45.75873806100437
2008,71,3,10,8474630,Josh Brittain,LW,ANA,24,CAN,Josh Brittain,L,0,0.0,0.0,0,False,ANA,"(65, 80]",111.02732599362243,45.53646156836322,-111.02732599362243,-45.53646156836322
2008,72,3,11,8474635,Jyri Niemi,D,NYI,2,FIN,Jyri Niemi,D,0,0.0,0.0,0,False,NYI,"(65, 80]",109.72403012873889,45.33008983125943,-109.72403012873889,-45.33008983125943
2008,73,3,12,8474639,Kirill Petrov,RW,NYI,2,RUS,Kirill Petrov,R,0,0.0,0.0,0,False,NYI,"(65, 80]",108.48057677736796,45.13848480200428,-108.48057677736796,-45.13848480200428
2008,74,3,13,8474638,Andrew Campbell,D,LAK,26,CAN,Andrew Campbell,D,42,0.0,2.0,2,False,LAK,"(65, 80]",107.29421819318438,44.960589864688316,-65.29421819318438,-42.960589864688316
2008,75,3,14,8474634,Evgeny Grachev,C,NYR,3,RUS,Evgeny Grachev,C,34,1.0,3.0,4,False,NYR,"(65, 80]",106.16233279618547,44.795424008417875,-72.16233279618547,-40.795424008417875
2008,76,3,15,8474637,Mathieu Brodeur,D,PHX,27,CAN,Mathieu Brodeur,D,0,0.0,0.0,0,False,UTA,"(65, 80]",105.08241937960153,44.64207641747942,-105.08241937960153,-44.64207641747942
2008,77,3,16,8474636,Michael Hutchinson,G,BOS,6,CAN,Michael Hutchinson,G,154,0.0,2.0,0,True,BOS,"(65, 80]",104.05209158280329,44.49970144859892,49.947908417196714,
2008,78,3,17,8474642,Lance Bouma,C,CGY,20,CAN,Lance Bouma,L,357,30.0,46.0,76,False,CGY,"(65, 80]",103.06907261799299,44.36751396759794,253.930927382007,31.632486032402063
2008,79,3,18,8474250,Zack Smith,C,OTT,9,CAN,Zack Smith,C,662,98.0,106.0,204,False,OTT,"(65, 80]",102.13119023902618,44.24478501973033,559.8688097609738,159.75521498026967
2008,80,3,19,8474640,Adam Comrie,D,FLA,13,CAN,Adam Comrie,D,0,0.0,0.0,0,False,FLA,"(65, 80]",101.23637194124682,44.13083780982339,-101.23637194124682,-44.13083780982339
2008,81,3,20,8474643,Corey Fienhage,D,BUF,7,USA,Corey Fienhage,D,0,0.0,0.0,0,False,BUF,"(80, 100]",100.38264038172775,44.02504397005559,-100.38264038172775,-44.02504397005559
2008,82,3,21,8474641,Adam Henrique,C,NJD,1,CAN,Adam Henrique,C,1058,278.0,294.0,572,False,NJD,"(80, 100]",99.56810900979711,43.92682009478953,958.4318909902029,528.0731799052105
2008,83,3,22,8474644,Marco Cousineau,G,ANA,24,CAN,Marco Cousineau,G,0,0.0,0.0,0,True,ANA,"(80, 100]",98.79097789819461,43.835624523351164,-98.79097789819461,
2008,84,3,23,8474648,Jacob Deserres,G,PHI,4,CAN,Jacob Deserres,G,0,0.0,0.0,0,True,PHI,"(80, 100]",98.0495297656456,43.750954353013846,-98.0495297656456,
2008,85,3,24,8474646,Brandon McMillan,C,ANA,24,CAN,Brandon McMillan,L,171,14.0,22.0,36,False,ANA,"(80, 100]",97.34212618206395,43.672342665715014,73.65787381793605,-7.672342665715014
2008,86,3,25,8474645,Steve Quailer,RW,MTL,8,USA,Steve Quailer,R,0,0.0,0.0,0,False,MTL,"(80, 100]",96.66720394799776,43.59935595321225,-96.66720394799776,-43.59935595321225
2008,87,3,26,8474647,Ian Schultz,RW,STL,19,CAN,Ian Schultz,R,0,0.0,0.0,0,False,STL,"(80, 100]",96.02327164031772,43.53159172647953,-96.02327164031772,-43.53159172647953
2008,88,3,27,8474653,Geordie Wudrick,LW,LAK,26,CAN,Geordie Wudrick,L,0,0.0,0.0,0,False,LAK,"(80, 100]",95.40890631651433,43.468676296160474,-95.40890631651433,-43.468676296160474
2008,89,3,28,8474654,Scott Winkler,C,DAL,25,NOR,Scott Winkler,C,0,0.0,0.0,0,False,DAL,"(80, 100]",94.822750370322,43.410262711838996,-94.822750370322,-43.410262711838996
2008,90,3,29,8474649,Tomas Kundratek,D,NYR,3,CZE,Tomas Kundratek,D,30,1.0,6.0,7,False,NYR,"(80, 100]",94.26350853172075,43.35602884876314,-64.26350853172075,-36.35602884876314
2008,91,3,30,8474652,Max Nicastro,D,DET,17,USA,Max Nicastro,D,0,0.0,0.0,0,False,DET,"(80, 100]",93.72994500468717,43.30567563147135,-93.72994500468717,-43.30567563147135
2008,92,4,1,8474650,Samuel Groulx,D,SJS,28,CAN,Samuel Groulx,D,0,0.0,0.0,0,False,SJS,"(80, 100]",93.22088073636887,43.25892538452533,-93.22088073636887,-43.25892538452533
2008,93,4,2,8474651,Braden Holtby,G,WSH,15,CAN,Braden Holtby,G,513,0.0,12.0,0,True,WSH,"(80, 100]",92.73519081164858,43.21552030125429,420.2648091883514,
2008,94,4,3,8474655,Vinny Saponari,RW,ATL,11,USA,Vinny Saponari,R,0,0.0,0.0,0,False,WPG,"(80, 100]",92.27180196733998,43.17522102206672,-92.27180196733998,-43.17522102206672
2008,95,4,4,8474660,David Warsofsky,D,STL,19,USA,David Warsofsky,D,55,2.0,9.0,11,False,STL,"(80, 100]",91.8296902205227,43.13780531448942,-36.82969022052271,-32.13780531448942
2008,96,4,5,8474659,Matt Donovan,D,NYI,2,USA,Matt Donovan,D,69,2.0,18.0,20,False,NYI,"(80, 100]",91.4078786057751,43.10306684765496,-22.407878605775096,-23.103066847654958
2008,97,4,6,8474657,Jamie Arniel,C,BOS,6,CAN,Jamie Arniel,C,1,0.0,0.0,0,False,BOS,"(80, 100]",91.00543501630513,43.070814054479364,-90.00543501630513,-43.070814054479364
2008,98,4,7,8474656,Mikhail Stefanovich,C,TOR,10,BLR,Mikhail Stefanovich,R,0,0.0,0.0,0,False,TOR,"(80, 100]",90.62147014420842,43.040869075255486,-90.62147014420842,-43.040869075255486
2008,99,4,8,8474658,Colin Long,C,PHX,27,USA,Colin Long,C,0,0.0,0.0,0,False,UTA,"(80, 100]",90.25513551530203,43.01306677683635,-90.25513551530203,-43.01306677683635
2008,100,4,9,8474665,AJ Jenks,LW,FLA,13,USA,AJ Jenks,L,0,0.0,0.0,0,False,FLA,"(80, 100]",89.90562161419135,42.987253841999824,-89.90562161419135,-42.987253841999824
2008,101,4,10,8474663,Justin Jokinen,RW,BUF,7,USA,Justin Jokinen,R,0,0.0,0.0,0,False,BUF,"(100, 125]",89.572156095427,42.96328792397285,-89.572156095427,-42.96328792397285
2008,102,4,11,8474666,David Ullstrom,F,NYI,2,SWE,David Ullstrom,L,49,6.0,7.0,13,False,NYI,"(100, 125]",89.25400207679884,42.94103686145272,-40.25400207679884,-29.941036861452723
2008,103,4,12,8474662,Johan Motin,D,EDM,22,SWE,Johan Motin,D,1,0.0,0.0,0,False,EDM,"(100, 125]",88.95045651099544,42.9203779497967,-87.95045651099544,-42.9203779497967
2008,104,4,13,8474664,Jordon Southorn,D,BUF,7,CAN,Jordon Southorn,D,0,0.0,0.0,0,False,BUF,"(100, 125]",88.66084863203102,42.90119726436088,-88.66084863203102,-42.90119726436088
2008,105,4,14,8474661,Michal Jordan,D,CAR,12,CZE,Michal Jordan,D,79,3.0,4.0,7,False,CAR,"(100, 125]",88.38453847300667,42.88338903225681,-9.384538473006671,-35.88338903225681
2008,106,4,15,8474667,Harri Sateri,G,SJS,28,FIN,Harri Sateri,G,15,0.0,0.0,0,True,SJS,"(100, 125]",88.12091545193053,42.8668550490614,-73.12091545193053,
2008,107,4,16,8474672,Steven Delisle,D,CBJ,29,CAN,Steven Delisle,D,0,0.0,0.0,0,False,CBJ,"(100, 125]",87.86939702247173,42.85150413726349,-87.86939702247173,-42.85150413726349
2008,108,4,17,8474671,Nicholas Larson,LW,CGY,20,USA,Nicholas Larson,L,0,0.0,0.0,0,False,CGY,"(100, 125]",87.62942738666686,42.83725164346075,-87.62942738666686,-42.83725164346075
2008,109,4,18,8474670,Andre Petersson,F,OTT,9,SWE,Andre Petersson,R,1,0.0,0.0,0,False,OTT,"(100, 125]",87.4004762667341,42.82401897153408,-86.4004762667341,-42.82401897153408
2008,110,4,19,8474669,Kelsey Tessier,C,COL,21,CAN,Kelsey Tessier,C,0,0.0,0.0,0,False,COL,"(100, 125]",87.1820377332811,42.8117331492252,-87.1820377332811,-42.8117331492252
2008,111,4,20,8474668,Dale Weise,RW,NYR,3,CAN,Dale Weise,R,513,55.0,70.0,125,False,NYR,"(100, 125]",86.97362908731724,42.80032642572733,426.02637091268275,82.19967357427268
2008,112,4,21,8474676,Matt Delahey,D,NJD,1,CAN,Matt Delahey,D,0,0.0,0.0,0,False,NJD,"(100, 125]",86.7747897935997,42.78973589806988,-86.7747897935997,-42.78973589806988
2008,113,4,22,8474677,Ryan Hegarty,D,ANA,24,USA,Ryan Hegarty,D,0,0.0,0.0,0,False,ANA,"(100, 125]",86.58508046295634,42.77990316423669,-86.58508046295634,-42.77990316423669
2008,114,4,23,8474673,TJ Brodie,D,CGY,20,CAN,TJ Brodie,D,962,58.0,300.0,358,False,CGY,"(100, 125]",86.4040818813366,42.770774001105124,875.5959181186633,315.2292259988949
2008,115,4,24,8474675,Sean Lorenz,D,MIN,30,USA,Sean Lorenz,D,0,0.0,0.0,0,False,MIN,"(100, 125]",86.23139408344461,42.76229806542979,-86.23139408344461,-42.76229806542979
2008,116,4,25,8474678,Jason Missiaen,G,MTL,8,CAN,Jason Missiaen,G,0,0.0,0.0,0,True,MTL,"(100, 125]",86.06663546890789,42.754428616222114,-86.06663546890789,
2008,117,4,26,8474674,James Wright,C,TBL,14,CAN,James Wright,C,146,4.0,8.0,12,False,TBL,"(100, 125]",85.90944195902806,42.747122256994736,60.09055804097194,-30.747122256994736
2008,118,4,27,8474684,Drew Olson,D,CBJ,29,USA,Drew Olson,D,0,0.0,0.0,0,False,CBJ,"(100, 125]",85.75946619225057,42.7403386964493,-85.75946619225057,-42.7403386964493
2008,119,4,28,8474683,Derek Grant,C,OTT,9,CAN,Derek Grant,C,427,57.0,75.0,132,False,OTT,"(100, 125]",85.61637675657546,42.734040526288005,341.38362324342455,89.265959473712
2008,120,4,29,8474680,Nathan Moon,C,PIT,5,CAN,Nathan Moon,C,0,0.0,0.0,0,False,PIT,"(100, 125]",85.47985745721293,42.72819301492359,-85.47985745721293,-42.72819301492359
2008,121,4,30,8474679,Gustav Nyquist,C,DET,17,SWE,Gustav Nyquist,R,914,210.0,333.0,543,False,DET,"(100, 125]",85.34960661786548,42.72276391595019,828.6503933821346,500.27723608404983
2008,122,5,1,8474682,Dustin Tokarski,G,TBL,14,CAN,Dustin Tokarski,G,86,0.0,3.0,0,True,TBL,"(100, 125]",85.22533641409257,42.71772329031886,0.7746635859074331,
2008,123,5,2,8474681,Andrei Loktionov,C,LAK,26,RUS,Andrei Loktionov,C,155,22.0,26.0,48,False,LAK,"(100, 125]",85.10677223728473,42.713043341237125,69.89322776271527,5.286956658762875
2008,124,5,3,8474689,Nicklas Lasu,LW,ATL,11,SWE,Nicklas Lasu,L,0,0.0,0.0,0,False,WPG,"(100, 125]",84.9936520878416,42.708698260882116,-84.9936520878416,-42.708698260882116
2008,125,5,4,8474686,Kristoffer Berglund,D,STL,19,SWE,Kristoffer Berglund,D,0,0.0,0.0,0,False,STL,"(100, 125]",84.88572599621297,42.70466408808199,-84.88572599621297,-42.70466408808199
2008,126,5,5,8474690,Kevin Poulin,G,NYI,2,CAN,Kevin Poulin,G,50,0.0,1.0,0,True,NYI,"(125, 150]",84.78275547052348,42.700918576180825,-34.78275547052348,
2008,127,5,6,8474685,Matt Calvert,LW,CBJ,29,CAN,Matt Calvert,L,566,95.0,108.0,203,False,CBJ,"(125, 150]",84.6845129695604,42.697441070358224,481.3154870304396,160.30255892964178
2008,128,5,7,8474688,Greg Pateryn,D,TOR,10,USA,Greg Pateryn,D,290,5.0,39.0,44,False,TOR,"(125, 150]",84.59078139995972,42.69421239372728,205.40921860004028,1.3057876062727232
2008,129,5,8,8474687,Joel Champagne,C,TOR,10,CAN,Joel Champagne,C,0,0.0,0.0,0,False,TOR,"(125, 150]",84.50135363647975,42.69121474158261,-84.50135363647975,-42.69121474158261
2008,130,5,9,8474694,Jerome Flaake,LW,TOR,10,DEU,Jerome Flaake,L,0,0.0,0.0,0,False,TOR,"(125, 150]",84.41603206430189,42.688431583215404,-84.41603206430189,-42.688431583215404
2008,131,5,10,8474692,Prab Rai,C,VAN,23,CAN,Prab Rai,C,0,0.0,0.0,0,False,VAN,"(125, 150]",84.33462814234724,42.68584757075394,-84.33462814234724,-42.68584757075394
2008,132,5,11,8474695,Teigan Zahn,D,CHI,16,CAN,Teigan Zahn,D,0,0.0,0.0,0,False,CHI,"(125, 150]",84.25696198664414,42.68344845452697,-84.25696198664414,-42.68344845452697
2008,133,5,12,8474691,Philippe Cornet,LW,EDM,22,CAN,Philippe Cornet,L,2,0.0,1.0,1,False,EDM,"(125, 150]",84.1828619728259,42.68122100448314,-82.1828619728259,-41.68122100448314
2008,134,5,13,8474699,Jacob Lagace,LW,BUF,7,CAN,Jacob Lagace,L,0,0.0,0.0,0,False,BUF,"(125, 150]",84.1121643568804,42.67915293723323,-84.1121643568804,-42.67915293723323
2008,135,5,14,8474693,Tomas Kubalik,RW,CBJ,29,CZE,Tomas Kubalik,R,12,1.0,3.0,4,False,CBJ,"(125, 150]",84.04471291331333,42.67723284831272,-72.04471291331333,-38.67723284831272
2008,136,5,15,8474696,Taylor Stefishen,LW,NSH,18,CAN,Taylor Stefishen,L,0,0.0,0.0,0,False,NSH,"(125, 150]",83.98035858992586,42.67545014929128,-83.98035858992586,-42.67545014929128
2008,137,5,16,8474698,Brent Regner,D,CBJ,29,CAN,Brent Regner,D,7,0.0,0.0,0,False,CBJ,"(125, 150]",83.91895917844342,42.673795009382346,-76.91895917844342,-42.673795009382346
2008,138,5,17,8474700,Maxim Trunev,F,MTL,8,RUS,Maxim Trunev,R,0,0.0,0.0,0,False,MTL,"(125, 150]",83.86037900026808,42.67225830123072,-83.86037900026808,-42.67225830123072
2008,139,5,18,8474697,Mark Borowiecki,D,OTT,9,CAN,Mark Borowiecki,D,458,15.0,41.0,56,False,OTT,"(125, 150]",83.80448860666007,42.670831550579294,374.1955113933399,13.329168449420706
2008,140,5,19,8474705,Mark Olver,C,COL,21,CAN,Mark Olver,C,74,10.0,12.0,22,False,COL,"(125, 150]",83.75116449268575,42.66950688953732,-9.751164492685746,-20.669506889537317
2008,141,5,20,8474706,Chris Doyle,C,NYR,3,CAN,Chris Doyle,C,0,0.0,0.0,0,False,NYR,"(125, 150]",83.70028882430006,42.66827701319251,-83.70028882430006,-42.66827701319251
2008,142,5,21,8474704,Kory Nagy,C,NJD,1,CAN,Kory Nagy,L,0,0.0,0.0,0,False,NJD,"(125, 150]",83.65174917796037,42.66713513932773,-83.65174917796037,-42.66713513932773
2008,143,5,22,8474703,Stefan Warg,D,ANA,24,SWE,Stefan Warg,D,0,0.0,0.0,0,False,ANA,"(125, 150]",83.60543829219628,42.666074971020116,-83.60543829219628,-42.666074971020116
2008,144,5,23,8474701,Joel Broda,C,WSH,15,CAN,Joel Broda,C,0,0.0,0.0,0,False,WSH,"(125, 150]",83.56125383058635,42.665090661916324,-83.56125383058635,-42.665090661916324
2008,145,5,24,8474702,Eero Elo,LW,MIN,30,FIN,Eero Elo,L,0,0.0,0.0,0,False,MIN,"(125, 150]",83.5190981556182,42.66417678399255,-83.5190981556182,-42.66417678399255
2008,146,5,25,8474712,Julien Demers,D,SJS,28,CAN,Julien Demers,D,0,0.0,0.0,0,False,SJS,"(125, 150]",83.47887811293191,42.663328297621426,-83.47887811293191,-42.663328297621426
2008,147,5,26,8474710,Kyle De Coste,RW,TBL,14,CAN,Kyle De Coste,R,0,0.0,0.0,0,False,TBL,"(125, 150]",83.44050482547043,42.66254052378066,-83.44050482547043,-42.66254052378066
2008,148,5,27,8474709,Matt Martin,LW,NYI,2,CAN,Matt Martin,L,987,81.0,97.0,178,False,NYI,"(125, 150]",83.40389349708157,42.66180911825041,903.5961065029185,135.3381908817496
2008,149,5,28,8474707,Philip Larsen,D,DAL,25,DNK,Philip Larsen,D,151,9.0,28.0,37,False,DAL,"(125, 150]",83.36896322513803,42.66113004765679,67.63103677486197,-5.6611300476567905
2008,150,5,29,8474708,Alexander Pechurskiy,G,PIT,5,RUS,Alexander Pechurskiy,G,1,0.0,0.0,0,True,PIT,"(125, 150]",83.33563682176118,42.66049956722966,-82.33563682176118,
2008,151,5,30,8474711,Julien Cayer,C,DET,17,CAN,Julien Cayer,C,0,0.0,0.0,0,False,DET,"(150, 180]",83.30384064325355,42.65991420015188,-83.30384064325355,-42.65991420015188
2008,152,6,1,8474717,Mark Barberio,D,TBL,14,CAN,Mark Barberio,D,272,14.0,42.0,56,False,TBL,"(150, 180]",83.27350442736322,42.65937071838622,188.7264955726368,13.34062928161378
2008,153,6,2,8473664,Justin Azevedo,C,LAK,26,CAN,Justin Azevedo,C,0,0.0,0.0,0,False,LAK,"(150, 180]",83.2445611380203,42.658866124874194,-83.2445611380203,-42.658866124874194
2008,154,6,3,8474714,Christopher Carrozzi,G,ATL,11,CAN,Christopher Carrozzi,G,0,0.0,0.0,0,True,WPG,"(150, 180]",83.2169468172027,42.6583976370086,-83.2169468172027,
2008,155,6,4,8474713,Anthony Nigro,C,STL,19,CAN,Anthony Nigro,C,0,0.0,0.0,0,False,STL,"(150, 180]",83.19060044360353,42.657962671288715,-83.19060044360353,-42.657962671288715
2008,156,6,5,8474716,Jared Spurgeon,D,NYI,2,CAN,Jared Spurgeon,D,1012,123.0,315.0,438,False,NYI,"(150, 180]",83.16546379778804,42.65755882907344,928.834536202212,395.3424411709266
2008,157,6,6,8474715,Cam Atkinson,RW,CBJ,29,USA,Cam Atkinson,R,809,253.0,236.0,489,False,CBJ,"(150, 180]",83.14148133354207,42.657183883353845,725.8585186664579,446.34281611664613
2008,158,6,7,8474718,Grant Rollheiser,G,TOR,10,CAN,Grant Rollheiser,G,0,0.0,0.0,0,True,TOR,"(150, 180]",83.11860005512764,42.656835766472234,-83.11860005512764,
2008,159,6,8,8474720,Brett Hextall,C,PHX,27,USA,Brett Hextall,C,0,0.0,0.0,0,False,UTA,"(150, 180]",83.09676940017454,42.65651255871995,-83.09676940017454,-42.65651255871995
2008,160,6,9,8474722,Luke Witkowski,D,TBL,14,USA,Luke Witkowski,D,132,2.0,11.0,13,False,TBL,"(150, 180]",83.07594112794911,42.65621247775101,48.92405887205089,-29.656212477751012
2008,161,6,10,8474723,Mats Froshaug,C,VAN,23,NOR,Mats Froshaug,C,0,0.0,0.0,0,False,VAN,"(150, 180]",83.05606921275334,42.65593386875329,-83.05606921275334,-42.65593386875329
2008,162,6,11,8474721,Jonathan Carlsson,D,CHI,16,SWE,Jonathan Carlsson,D,0,0.0,0.0,0,False,CHI,"(150, 180]",83.03710974221858,42.65567519532296,-83.03710974221858,-42.65567519532296
2008,163,6,12,8474719,Teemu Hartikainen,C,EDM,22,FIN,Teemu Hartikainen,C,52,6.0,7.0,13,False,EDM,"(150, 180]",83.01902082026932,42.655435030991924,-31.01902082026932,-29.655435030991924
2008,164,6,13,8474724,Nick Crawford,D,BUF,7,CAN,Nick Crawford,D,0,0.0,0.0,0,False,BUF,"(150, 180]",83.0017624745425,42.65521205136148,-83.0017624745425,-42.65521205136148
2008,165,6,14,8474729,Mike Murphy,G,CAR,12,CAN,Mike Murphy,G,2,0.0,0.0,0,True,CAR,"(150, 180]",82.98529656805775,42.65500502679885,-80.98529656805775,
2008,166,6,15,8474725,Jeffrey Foss,D,NSH,18,USA,Jeffrey Foss,D,0,0.0,0.0,0,False,NSH,"(150, 180]",82.96958671494343,42.654812815656285,-82.96958671494343,-42.654812815656285
2008,167,6,16,8474726,Joel Chouinard,D,COL,21,CAN,Joel Chouinard,D,0,0.0,0.0,0,False,COL,"(150, 180]",82.95459820003221,42.65463435797545,-82.95459820003221,-42.65463435797545
2008,168,6,17,8474728,Ryley Grantham,C,CGY,20,CAN,Ryley Grantham,C,0,0.0,0.0,0,False,CGY,"(150, 180]",82.9402979021485,42.65446866964217,-82.9402979021485,-42.65446866964217
2008,169,6,18,8474727,Ben Smith,RW,CHI,16,USA,Ben Smith,R,237,29.0,25.0,54,False,CHI,"(150, 180]",82.92665422091831,42.6543148369595,154.0733457790817,11.3456851630405
2008,170,6,19,8474730,Jonas Holos,D,COL,21,NOR,Jonas Holos,D,39,0.0,6.0,6,False,COL,"(150, 180]",82.91363700693962,42.65417201160911,-43.913637006939624,-36.65417201160911
2008,171,6,20,8474734,Mitch Gaulton,D,NYR,3,CAN,Mitch Gaulton,D,0,0.0,0.0,0,False,NYR,"(150, 180]",82.9012174951592,42.65403940597316,-82.9012174951592,-42.65403940597316
2008,172,6,21,8474733,David Wohlberg,C,NJD,1,USA,David Wohlberg,C,0,0.0,0.0,0,False,NJD,"(150, 180]",82.88936824130836,42.653916288790974,-82.88936824130836,-42.653916288790974
2008,173,6,22,8474735,Nick Tremblay,C,BOS,6,CAN,Nick Tremblay,C,0,0.0,0.0,0,False,BOS,"(150, 180]",82.87806306125748,42.653801981126435,-82.87806306125748,-42.653801981126435
2008,174,6,23,8474732,Greg Burke,LW,WSH,15,USA,Greg Burke,L,0,0.0,0.0,0,False,WSH,"(150, 180]",82.86727697315509,42.65369585262398,-82.86727697315509,-42.65369585262398
2008,175,6,24,8474731,Justin DiBenedetto,C,NYI,2,CAN,Justin DiBenedetto,C,8,0.0,1.0,1,False,NYI,"(150, 180]",82.85698614222369,42.65359731803246,-74.85698614222369,-41.65359731803246
2008,176,6,25,8474738,Matt Tassone,C,DAL,25,CAN,Matt Tassone,C,0,0.0,0.0,0,False,DAL,"(150, 180]",82.8471678280904,42.65350583397773,-82.8471678280904,-42.65350583397773
2008,177,6,26,8474739,Tommy Wingels,C,SJS,28,USA,Tommy Wingels,C,448,62.0,81.0,143,False,SJS,"(150, 180]",82.83780033453596,42.65342089596622,365.1621996654641,100.34657910403378
2008,178,6,27,8474736,Zac Rinaldo,C,PHI,4,CAN,Zac Rinaldo,C,374,18.0,24.0,42,False,PHI,"(150, 180]",82.82886296155098,42.653342035602826,291.17113703844905,-0.6533420356028259
2008,179,6,28,8474741,Braden Birch,D,CHI,16,CAN,Braden Birch,D,0,0.0,0.0,0,False,CHI,"(150, 180]",82.82033595959383,42.65326881800799,-82.82033595959383,-42.65326881800799
2008,180,6,29,8474737,Patrick Killeen,G,PIT,5,CAN,Patrick Killeen,G,0,0.0,0.0,0,True,PIT,"(150, 180]",82.81220048594854,42.65320083941945,-82.81220048594854,
2008,181,6,30,8474740,Stephen Johnston,LW,DET,17,CAN,Stephen Johnston,L,0,0.0,0.0,0,False,DET,"(180, 211]",82.80443856308683,42.65313772496576,-82.80443856308683,-42.65313772496576
2008,182,7,1,8474746,Matias Sointu,RW,TBL,14,FIN,Matias Sointu,R,0,0.0,0.0,0,False,TBL,"(180, 211]",82.79703303894182,42.65307912659897,-82.79703303894182,-42.65307912659897
2008,183,7,2,8474742,Garrett Roe,LW,LAK,26,USA,Garrett Roe,L,0,0.0,0.0,0,False,LAK,"(180, 211]",82.78996754900598,42.653024721175335,-82.78996754900598,-42.653024721175335
2008,184,7,3,8474743,Zach Redmond,D,ATL,11,USA,Zach Redmond,D,133,9.0,29.0,38,False,WPG,"(180, 211]",82.78322648016925,42.652974208673314,50.21677351983075,-4.652974208673314
2008,185,7,4,8474745,Paul Karpowich,G,STL,19,CAN,Paul Karpowich,G,0,0.0,0.0,0,True,STL,"(180, 211]",82.7767949362177,42.652927310539084,-82.7767949362177,
2008,186,7,5,8474218,Jason Demers,D,SJS,28,CAN,Jason Demers,D,700,45.0,169.0,214,False,SJS,"(180, 211]",82.77065870491634,42.65288376815045,617.2293412950837,171.34711623184955
2008,187,7,6,8474744,Sean Collins,C,CBJ,29,CAN,Sean Collins,C,21,0.0,3.0,3,False,CBJ,"(180, 211]",82.76480422660329,42.652843341390636,-61.76480422660329,-39.652843341390636
2008,188,7,7,8474748,Andrew MacWilliam,D,TOR,10,CAN,Andrew MacWilliam,D,12,0.0,2.0,2,False,TOR,"(180, 211]",82.75921856422605,42.65280580732417,-70.75921856422605,-40.65280580732417
2008,189,7,8,8474751,Tim Billingsley,D,PHX,27,CAN,Tim Billingsley,D,0,0.0,0.0,0,False,UTA,"(180, 211]",82.7538893747536,42.652770958967494,-82.7538893747536,-42.652770958967494
2008,190,7,9,8474749,Matt Bartkowski,D,FLA,13,USA,Matt Bartkowski,D,256,8.0,40.0,48,False,FLA,"(180, 211]",82.74880488190117,42.65273860414752,173.25119511809885,5.3472613958524775
2008,191,7,10,8474750,Morgan Clark,G,VAN,23,CAN,Morgan Clark,G,0,0.0,0.0,0,True,VAN,"(180, 211]",82.7439538501073,42.65270856444192,-82.7439538501073,
2008,192,7,11,8474747,Joe Gleason,D,CHI,16,USA,Joe Gleason,D,0,0.0,0.0,0,False,CHI,"(180, 211]",82.73932555970585,42.65268067419517,-82.73932555970585,-42.65268067419517
2008,193,7,12,8473421,Jordan Bendfeld,D,EDM,22,CAN,Jordan Bendfeld,D,0,0.0,0.0,0,False,EDM,"(180, 211]",82.73490978323798,42.652654779605044,-82.73490978323798,-42.652654779605044
2008,194,7,13,8474757,Drew Daniels,RW,SJS,28,USA,Drew Daniels,D,0,0.0,0.0,0,False,SJS,"(180, 211]",82.73069676285189,42.65263073787449,-82.73069676285189,-42.65263073787449
2008,195,7,14,8474753,Samuel Morneau,LW,CAR,12,CAN,Samuel Morneau,L,0,0.0,0.0,0,False,CAR,"(180, 211]",82.72667718874011,42.65260841642412,-82.72667718874011,-42.65260841642412
2008,196,7,15,8474754,Joacim Eriksson,G,PHI,4,SWE,Joacim Eriksson,G,1,0.0,0.0,0,True,PHI,"(180, 211]",82.72284217856702,42.652587692161156,-81.72284217856702,
2008,197,7,16,8474756,Mark Goggin,C,BOS,6,USA,Mark Goggin,C,0,0.0,0.0,0,False,BOS,"(180, 211]",82.71918325784091,42.652568450800544,-82.71918325784091,-42.652568450800544
2008,198,7,17,8474755,Alexander Deilert,D,CGY,20,SWE,Alexander Deilert,D,0,0.0,0.0,0,False,CGY,"(180, 211]",82.71569234118732,42.65255058623481,-82.71569234118732,-42.65255058623481
2008,199,7,18,8474752,Emil Sandin,LW,OTT,9,SWE,Emil Sandin,L,0,0.0,0.0,0,False,OTT,"(180, 211]",82.71236171448218,42.65253399994888,-82.71236171448218,-42.65253399994888
2008,200,7,19,8474758,Nate Condon,C,COL,21,USA,Nate Condon,C,0,0.0,0.0,0,False,COL,"(180, 211]",82.70918401780544,42.65251860047681,-82.70918401780544,-42.65251860047681
2008,201,7,20,8474761,Jani Lajunen,C,NSH,18,FIN,Jani Lajunen,C,0,0.0,0.0,0,False,NSH,"(180, 211]",82.70615222917723,42.65250430289742,-82.70615222917723,-42.65250430289742
2008,202,7,21,8474759,Harry Young,D,NJD,1,CAN,Harry Young,D,0,0.0,0.0,0,False,NJD,"(180, 211]",82.703259649041,42.65249102836595,-82.703259649041,-42.65249102836595
2008,203,7,22,8474760,David Carle,D,TBL,14,USA,David Carle,D,0,0.0,0.0,0,False,TBL,"(180, 211]",82.70049988545898,42.652478703679314,-82.70049988545898,-42.652478703679314
2008,204,7,23,8474762,Stefan Della Rovere,LW,WSH,15,CAN,Stefan Della Rovere,L,7,0.0,0.0,0,False,WSH,"(180, 211]",82.69786683998748,42.652467260872385,-75.69786683998748,-42.652467260872385
2008,205,7,24,8474763,Jean-Sebastien Berube,LW,NJD,1,CAN,Jean-Sebastien Berube,L,0,0.0,0.0,0,False,NJD,"(180, 211]",82.69535469420074,42.652456636843205,-82.69535469420074,-42.652456636843205
2008,206,7,25,8474764,Patrick Johnson,C,MTL,8,USA,Patrick Johnson,C,0,0.0,0.0,0,False,MTL,"(180, 211]",82.69295789683352,42.65244677300502,-82.69295789683352,-42.65244677300502
2008,207,7,26,8474765,Anders Lindback,G,NSH,18,SWE,Anders Lindback,G,130,0.0,4.0,0,True,NSH,"(180, 211]",82.69067115151412,42.65243761496317,47.309328848485876,
2008,208,7,27,8474766,Nick Pryor,D,ANA,24,USA,Nick Pryor,D,0,0.0,0.0,0,False,ANA,"(180, 211]",82.68848940506057,42.65242911221517,-82.68848940506057,-42.65242911221517
2008,209,7,28,8474767,Mike Bergin,D,DAL,25,CAN,Mike Bergin,D,0,0.0,0.0,0,False,DAL,"(180, 211]",82.68640783631426,42.65242121787215,-82.68640783631426,-42.65242121787215
2008,210,7,29,8474768,Nicholas D'Agostino,D,PIT,5,CAN,Nicholas D'Agostino,D,0,0.0,0.0,0,False,PIT,"(180, 211]",82.68442184548637,42.652413888400375,-82.68442184548637,-42.652413888400375
2008,211,7,30,8474769,Jesper Samuelsson,C,DET,17,SWE,Jesper Samuelsson,C,0,0.0,0.0,0,False,DET,"(180, 211]",82.68252704399328,42.65240708338107,-82.68252704399328,-42.65240708338107
2009,1,1,1,8475166,John Tavares,C,NYI,2,CAN,John Tavares,C,1266,525.0,660.0,1185,False,NYI,,844.7618549404874,563.9056503589592,421.2381450595126,621.0943496410408
2009,2,1,2,8475167,Victor Hedman,D,TBL,14,SWE,Victor Hedman,D,1164,172.0,639.0,811,False,TBL,"(1, 2]",809.7681901837298,526.6079284397246,354.23180981627024,284.39207156027544
2009,3,1,3,8475168,Matt Duchene,C,COL,21,CAN,Matt Duchene,C,1195,387.0,549.0,936,False,COL,"(2, 3]",776.3813047565832,491.9790049263708,418.6186952434168,444.0209950736292
2009,4,1,4,8475169,Evander Kane,C,ATL,11,CAN,Evander Kane,L,1001,339.0,309.0,648,False,WPG,"(3, 4]",744.5274213101472,459.82791681727923,256.47257868985275,188.17208318272077
2009,5,1,5,8475170,Brayden Schenn,C,LAK,26,CAN,Brayden Schenn,C,1102,296.0,428.0,724,False,LAK,"(4, 5]",714.1361500778175,429.977365263173,387.86384992218245,294.022634736827
2009,6,1,6,8475171,Oliver Ekman-Larsson,D,PHX,27,SWE,Oliver Ekman-Larsson,D,1137,156.0,383.0,539,False,UTA,"(5, 6]",685.1403333300681,402.26273784338173,451.8596666699319,136.73726215661827
2009,7,1,7,8475172,Nazem Kadri,C,TOR,10,CAN,Nazem Kadri,C,1062,323.0,437.0,760,False,TOR,"(6, 8]",657.4758969712924,376.5312008020775,404.5241030287076,383.4687991979225
2009,8,1,8,8475173,Scott Glennie,RW,DAL,25,CAN,Scott Glennie,R,1,0.0,0.0,0,False,DAL,"(6, 8]",631.0817089507688,352.6408562385712,-630.0817089507688,-352.6408562385712
2009,9,1,9,8475174,Jared Cowen,D,OTT,9,CAN,Jared Cowen,D,249,15.0,31.0,46,False,OTT,"(8, 10]",605.8994441748678,330.45995960395163,-356.89944417486777,-284.45995960395163
2009,10,1,10,8475175,Magnus Paajarvi,LW,EDM,22,SWE,Magnus Paajarvi,L,467,62.0,62.0,124,False,EDM,"(8, 10]",581.8734556219907,309.8661931889113,-114.87345562199073,-185.86619318891132
2009,11,1,11,8475176,Ryan Ellis,D,NSH,18,CAN,Ryan Ellis,D,566,76.0,199.0,275,False,NSH,"(10, 12]",558.9506513754325,290.7459915963702,7.0493486245675285,-15.745991596370175
2009,12,1,12,8475177,Calvin de Haan,D,NYI,2,CAN,Calvin de Haan,D,679,24.0,125.0,149,False,NYI,"(10, 12]",537.0803773024388,272.99391547918094,141.91962269756118,-123.99391547918094
2009,13,1,13,8475178,Zack Kassian,RW,BUF,7,CAN,Zack Kassian,R,661,92.0,111.0,203,False,BUF,"(12, 15]",516.2143051202067,256.5120700893594,144.78569487979325,-53.51207008935938
2009,14,1,14,8475179,Dmitry Kulikov,D,FLA,13,RUS,Dmitry Kulikov,D,1037,50.0,197.0,247,False,FLA,"(12, 15]",496.30632560147916,241.20956543240027,540.6936743985209,5.790434567599732
2009,15,1,15,8475180,Peter Holland,C,ANA,24,CAN,Peter Holland,C,266,36.0,49.0,85,False,ANA,"(12, 15]",477.3124466837421,227.00201504967026,-211.3124466837421,-142.00201504967026
2009,16,1,16,8475181,Nick Leddy,D,MIN,30,USA,Nick Leddy,D,1074,76.0,347.0,423,False,MIN,"(15, 20]",459.19069625687024,213.81107066488858,614.8093037431297,209.18892933511142
2009,17,1,17,8475182,David Rundblad,D,STL,19,SWE,David Rundblad,D,113,4.0,21.0,25,False,STL,"(15, 20]",441.90102941440335,201.5639901284781,-328.90102941440335,-176.5639901284781
2009,18,1,18,8475183,Louis Leblanc,C,MTL,8,CAN,Louis Leblanc,C,50,5.0,5.0,10,False,MTL,"(15, 20]",425.4052399634998,190.1932362771945,-375.4052399634998,-180.1932362771945
2009,19,1,19,8475184,Chris Kreider,C,NYR,3,USA,Chris Kreider,L,958,348.0,284.0,632,False,NYR,"(15, 20]",409.6668759980253,179.63610449692322,548.3331240019747,452.3638955030768
2009,20,1,20,8475185,Jacob Josefson,C,NJD,1,SWE,Jacob Josefson,C,315,20.0,44.0,64,False,NJD,"(15, 20]",394.651159348212,169.83437693482028,-79.65115934821199,-105.83437693482028
2009,21,1,21,8475186,John Moore,D,CBJ,29,USA,John Moore,D,544,38.0,80.0,118,False,CBJ,"(20, 25]",380.324908728891,160.7340014539319,163.675091271109,-42.73400145393191
2009,22,1,22,8475147,Jordan Schroeder,C,VAN,23,USA,Jordan Schroeder,C,165,18.0,24.0,42,False,VAN,"(20, 25]",366.6564664164723,152.28479355987108,-201.6564664164723,-110.28479355987108
2009,23,1,23,8475148,Tim Erixon,D,CGY,20,USA,Tim Erixon,D,93,2.0,12.0,14,False,CGY,"(20, 25]",353.6156282926471,144.44015965581036,-260.6156282926471,-130.44015965581036
2009,24,1,24,8475149,Marcus Johansson,C,WSH,15,SWE,Marcus Johansson,L,1058,200.0,366.0,566,False,WSH,"(20, 25]",341.17357710022264,137.15684009966634,716.8264228997773,428.84315990033366
2009,25,1,25,8475150,Jordan Caron,RW,BOS,6,CAN,Jordan Caron,R,157,12.0,16.0,28,False,BOS,"(20, 25]",329.30281876360266,130.3946706465514,-172.30281876360266,-102.39467064655139
2009,26,1,26,8475151,Kyle Palmieri,F,ANA,24,USA,Kyle Palmieri,C,925,276.0,269.0,545,False,ANA,"(25, 31]",317.97712163319443,124.11636096095384,607.0228783668056,420.88363903904616
2009,27,1,27,8475152,Philippe Paradis,C,CAR,12,CAN,Philippe Paradis,C,0,0.0,0.0,0,False,CAR,"(25, 31]",307.17145851948806,118.28728897724142,-307.17145851948806,-118.28728897724142
2009,28,1,28,8475153,Dylan Olsen,D,CHI,16,USA,Dylan Olsen,D,124,5.0,17.0,22,False,CHI,"(25, 31]",296.86195138871545,112.87530997447791,-172.86195138871545,-90.87530997447791
2009,29,1,29,8475154,Carter Ashton,RW,TBL,14,CAN,Carter Ashton,R,54,0.0,3.0,3,False,TBL,"(25, 31]",287.0258185978798,107.85057931268578,-233.02581859787978,-104.85057931268578
2009,30,1,30,8475155,Simon Despres,D,PIT,5,CAN,Simon Despres,D,193,6.0,37.0,43,False,PIT,"(25, 31]",277.6413245525565,103.18538785302533,-84.64132455255651,-60.18538785302533
2009,31,2,1,8475156,Mikko Koskinen,G,NYI,2,FIN,Mikko Koskinen,G,168,0.0,4.0,0,True,NYI,"(25, 31]",268.6877316762219,98.85400915430591,-100.68773167622192,
2009,32,2,2,8475157,Landon Ferraro,C,DET,17,CAN,Landon Ferraro,C,77,7.0,5.0,12,False,DET,"(31, 40]",260.14525458497144,94.83255760318657,-183.14525458497144,-82.83255760318657
2009,33,2,3,8475158,Ryan O'Reilly,C,COL,21,CAN,Ryan O'Reilly,C,1233,328.0,570.0,898,False,COL,"(31, 40]",251.99501636636575,91.09885669571764,981.0049836336343,806.9011433042824
2009,34,2,4,8475159,Carl Klingberg,LW,ATL,11,SWE,Carl Klingberg,L,12,1.0,0.0,1,False,WPG,"(31, 40]",244.21900686578914,87.63231674385521,-232.21900686578914,-86.63231674385521
2009,35,2,5,8475160,Kyle Clifford,LW,LAK,26,CAN,Kyle Clifford,L,753,66.0,78.0,144,False,LAK,"(31, 40]",236.80004288814456,84.41382133255445,516.1999571118554,59.58617866744555
2009,36,2,6,8475161,Chris Brown,C,PHX,27,USA,Chris Brown,R,23,2.0,1.0,3,False,UTA,"(31, 40]",229.72173022693886,81.42562190130346,-206.72173022693886,-78.42562190130346
2009,37,2,7,8475162,Mat Clark,D,ANA,24,USA,Mat Clark,D,9,0.0,1.0,1,False,ANA,"(31, 40]",222.96842743685136,78.65123986876237,-213.96842743685136,-77.65123986876237
2009,38,2,8,8475163,Alex Chiasson,RW,DAL,25,CAN,Alex Chiasson,R,651,120.0,113.0,233,False,DAL,"(31, 40]",216.5252112697325,76.07537576076862,434.4747887302675,156.92462423923138
2009,39,2,9,8475164,Jakob Silfverberg,F,OTT,9,SWE,Jakob Silfverberg,R,820,168.0,205.0,373,False,OTT,"(31, 40]",210.3778436976523,73.68382484059008,609.6221563023477,299.3161751594099
2009,40,2,10,8475165,Anton Lander,C,EDM,22,SWE,Anton Lander,C,215,10.0,25.0,35,False,EDM,"(31, 40]",204.51274045012914,71.46339877616482,10.487259549870856,-36.46339877616482
2009,41,2,11,8475187,Zach Budish,RW,NSH,18,USA,Zach Budish,R,0,0.0,0.0,0,False,NSH,"(40, 50]",198.91694099601142,69.40185291235734,-198.91694099601142,-69.40185291235734
2009,42,2,12,8475211,Charles-Olivier Roussel,D,NSH,18,CAN,Charles-Olivier Roussel,D,0,0.0,0.0,0,False,NSH,"(40, 50]",193.57807990368076,67.48781874717034,-193.57807990368076,-67.48781874717034
2009,43,2,13,8475212,William Wrenn,D,SJS,28,USA,William Wrenn,D,0,0.0,0.0,0,False,SJS,"(40, 50]",188.48435951628767,65.71074123954845,-188.48435951628767,-65.71074123954845
2009,44,2,14,8475213,Drew Shore,C,FLA,13,USA,Drew Shore,C,98,9.0,17.0,26,False,FLA,"(40, 50]",183.62452388163973,64.06082060305499,-85.62452388163973,-38.06082060305499
2009,45,2,15,8475214,Jeremy Morin,LW,ATL,11,USA,Jeremy Morin,L,82,10.0,12.0,22,False,WPG,"(40, 50]",178.98783387913235,62.528958264439325,-96.98783387913235,-40.528958264439325
2009,46,2,16,8475215,Robin Lehner,G,OTT,9,SWE,Robin Lehner,G,364,0.0,6.0,0,True,OTT,"(40, 50]",174.56404348875844,61.106706689080966,189.43595651124156,
2009,47,2,17,8475216,Ethan Werek,C,NYR,3,CAN,Ethan Werek,C,0,0.0,0.0,0,False,NYR,"(40, 50]",170.34337714975766,59.786222796620166,-170.34337714975766,-59.786222796620166
2009,48,2,18,8475205,Brett Ponich,D,STL,19,CAN,Brett Ponich,D,0,0.0,0.0,0,False,STL,"(40, 50]",166.31650815887204,58.560224709882874,-166.31650815887204,-58.560224709882874
2009,49,2,19,8475206,Stefan Elliott,D,COL,21,CAN,Stefan Elliott,D,87,8.0,17.0,25,False,COL,"(40, 50]",162.474538060474,57.42195159859,-75.474538060474,-32.42195159859
2009,50,2,20,8475207,Kenny Ryan,RW,TOR,10,USA,Kenny Ryan,R,0,0.0,0.0,0,False,TOR,"(40, 50]",158.8089769830231,56.365126396406794,-158.8089769830231,-56.365126396406794
2009,51,2,21,8475208,Brian Dumoulin,D,CAR,12,USA,Brian Dumoulin,D,788,30.0,164.0,194,False,CAR,"(50, 65]",155.3117248783995,55.38392118573376,632.6882751216006,138.61607881426625
2009,52,2,22,8475209,Richard Panik,RW,TBL,14,SVK,Richard Panik,R,521,88.0,107.0,195,False,TBL,"(50, 65]",151.97505362265838,54.472925059351624,369.0249463773416,140.5270749406484
2009,53,2,23,8475210,Anton Rodin,F,VAN,23,SWE,Anton Rodin,R,3,0.0,1.0,1,False,VAN,"(50, 65]",148.79158993865056,53.627114281691775,-145.79158993865056,-52.627114281691775
2009,54,2,24,8475199,Eric Gelinas,D,NJD,1,CAN,Eric Gelinas,D,189,14.0,41.0,55,False,NJD,"(50, 65]",145.7542991027736,52.8418245851849,43.24570089722641,2.158175414815098
2009,55,2,25,8475200,Dmitry Orlov,D,WSH,15,RUS,Dmitry Orlov,D,949,79.0,285.0,364,False,WSH,"(50, 65]",142.85646939984818,52.11272544891468,806.1435306001518,311.88727455108534
2009,56,2,26,8475201,Kevin Lynch,C,CBJ,29,USA,Kevin Lynch,C,0,0.0,0.0,0,False,CBJ,"(50, 65]",140.0916972917691,51.43579621773465,-140.0916972917691,-51.43579621773465
2009,57,2,27,8475202,Taylor Doherty,D,SJS,28,CAN,Taylor Doherty,D,0,0.0,0.0,0,False,SJS,"(50, 65]",137.45387326715675,50.80730393015615,-137.45387326715675,-50.80730393015615
2009,58,2,28,8475203,Jesse Blacker,D,TOR,10,CAN,Jesse Blacker,D,1,0.0,0.0,0,False,TOR,"(50, 65]",134.93716834074,50.22378273273779,-133.93716834074,-50.22378273273779
2009,59,2,29,8475204,Brandon Pirri,C,CHI,16,CAN,Brandon Pirri,C,276,72.0,49.0,121,False,CHI,"(50, 65]",132.53602117263767,49.68201476745624,143.46397882736233,71.31798523254376
2009,60,2,30,8475193,Tomas Tatar,C,DET,17,SVK,Tomas Tatar,L,927,227.0,269.0,496,False,DET,"(50, 65]",130.2451257790745,49.179012426660584,796.7548742209256,446.82098757333944
2009,61,2,31,8475194,Philip Samuelsson,D,PIT,5,SWE,Philip Samuelsson,D,13,0.0,0.0,0,False,PIT,"(50, 65]",128.05941980737566,48.71200187775444,-115.05941980737566,-48.71200187775444
2009,62,3,1,8475195,Anders Nilsson,G,NYI,2,SWE,Anders Nilsson,G,161,0.0,3.0,0,True,NYI,"(50, 65]",125.97407334933011,48.278407766751634,35.02592665066989,
2009,63,3,2,8475196,Ben Hanowski,RW,PIT,5,USA,Ben Hanowski,R,16,1.0,2.0,3,False,PIT,"(50, 65]",123.98447826820251,47.875839016352614,-107.98447826820251,-44.875839016352614
2009,64,3,3,8475197,Tyson Barrie,D,COL,21,CAN,Tyson Barrie,D,822,110.0,398.0,508,False,COL,"(50, 65]",122.08623801580958,47.50207564022413,699.9137619841904,460.4979243597759
2009,65,3,4,8475198,Joonas Nattinen,C,MTL,8,FIN,Joonas Nattinen,C,1,0.0,0.0,0,False,MTL,"(50, 65]",120.27515791715824,47.15505650076909,-119.27515791715824,-47.15505650076909
2009,66,3,5,8475188,Brayden McNabb,D,BUF,7,CAN,Brayden McNabb,D,885,38.0,153.0,191,False,BUF,"(65, 80]",118.54723590117729,46.832867942875936,766.4527640988227,144.16713205712406
2009,67,3,6,8475189,Josh Birkholz,RW,FLA,13,USA,Josh Birkholz,R,0,0.0,0.0,0,False,FLA,"(65, 80]",116.89865365705954,46.53373324096787,-116.89865365705954,-46.53373324096787
2009,68,3,7,8475190,Jamie Devane,LW,TOR,10,CAN,Jamie Devane,L,2,0.0,0.0,0,False,TOR,"(65, 80]",115.32576819667179,46.25600280115723,-113.32576819667179,-46.25600280115723
2009,69,3,8,8475191,Reilly Smith,RW,DAL,25,CAN,Reilly Smith,R,988,242.0,337.0,579,False,DAL,"(65, 80]",113.82510380438777,45.99814506447404,874.1748961956123,533.001854935526
2009,70,3,9,8475192,Taylor Beck,LW,NSH,18,CAN,Taylor Beck,L,92,11.0,12.0,23,False,NSH,"(65, 80]",112.39334435655485,45.75873806100437,-20.39334435655485,-22.758738061004372
2009,71,3,10,8475217,Troy Hesketh,D,EDM,22,USA,Troy Hesketh,D,0,0.0,0.0,0,False,EDM,"(65, 80]",111.02732599362243,45.53646156836322,-111.02732599362243,-45.53646156836322
2009,72,3,11,8475247,Michael Latta,C,NSH,18,CAN,Michael Latta,C,113,4.0,13.0,17,False,NSH,"(65, 80]",109.72403012873889,45.33008983125943,3.275969871261111,-28.33008983125943
2009,73,3,12,8475248,Alexander Urbom,D,NJD,1,SWE,Alexander Urbom,D,34,3.0,1.0,4,False,NJD,"(65, 80]",108.48057677736796,45.13848480200428,-74.48057677736796,-41.13848480200428
2009,74,3,13,8475249,Ryan Howse,LW,CGY,20,CAN,Ryan Howse,L,0,0.0,0.0,0,False,CGY,"(65, 80]",107.29421819318438,44.960589864688316,-107.29421819318438,-44.960589864688316
2009,75,3,14,8475250,Andrej Nestrasil,F,DET,17,CZE,Andrej Nestrasil,C,128,17.0,31.0,48,False,DET,"(65, 80]",106.16233279618547,44.795424008417875,21.837667203814533,3.204575991582125
2009,76,3,15,8475251,Igor Bobkov,G,ANA,24,RUS,Igor Bobkov,G,0,0.0,0.0,0,True,ANA,"(65, 80]",105.08241937960153,44.64207641747942,-105.08241937960153,
2009,77,3,16,8475252,Matt Hackett,G,MIN,30,CAN,Matt Hackett,G,26,0.0,0.0,0,True,MIN,"(65, 80]",104.05209158280329,44.49970144859892,-78.05209158280329,
2009,78,3,17,8475241,Sergey Andronov,RW,STL,19,RUS,Sergey Andronov,R,0,0.0,0.0,0,False,STL,"(65, 80]",103.06907261799299,44.36751396759794,-103.06907261799299,-44.36751396759794
2009,79,3,18,8475242,Mac Bennett,D,MTL,8,USA,Mac Bennett,D,0,0.0,0.0,0,False,MTL,"(65, 80]",102.13119023902618,44.24478501973033,-102.13119023902618,-44.24478501973033
2009,80,3,19,8475243,Ryan Bourque,C,NYR,3,USA,Ryan Bourque,C,1,0.0,0.0,0,False,NYR,"(65, 80]",101.23637194124682,44.13083780982339,-100.23637194124682,-44.13083780982339
2009,81,3,20,8475244,Adam Morrison,G,PHI,4,CAN,Adam Morrison,G,0,0.0,0.0,0,True,PHI,"(80, 100]",100.38264038172775,44.02504397005559,-100.38264038172775,
2009,82,3,21,8475245,Cameron Abney,RW,EDM,22,CAN,Cameron Abney,R,0,0.0,0.0,0,False,EDM,"(80, 100]",99.56810900979711,43.92682009478953,-99.56810900979711,-43.92682009478953
2009,83,3,22,8475246,Kevin Connauton,D,VAN,23,CAN,Kevin Connauton,D,360,28.0,52.0,80,False,VAN,"(80, 100]",98.79097789819461,43.835624523351164,261.2090221018054,36.164375476648836
2009,84,3,23,8475235,Nicolas Deslauriers,D,LAK,26,CAN,Nicolas Deslauriers,L,708,53.0,53.0,106,False,LAK,"(80, 100]",98.0495297656456,43.750954353013846,609.9504702343544,62.249045646986154
2009,85,3,24,8475236,Cody Eakin,C,WSH,15,CAN,Cody Eakin,C,701,110.0,146.0,256,False,WSH,"(80, 100]",97.34212618206395,43.672342665715014,603.6578738179361,212.327657334285
2009,86,3,25,8475237,Ryan Button,D,BOS,6,CAN,Ryan Button,D,0,0.0,0.0,0,False,BOS,"(80, 100]",96.66720394799776,43.59935595321225,-96.66720394799776,-43.59935595321225
2009,87,3,26,8475238,Simon Bertilsson,D,PHI,4,SWE,Simon Bertilsson,D,0,0.0,0.0,0,False,PHI,"(80, 100]",96.02327164031772,43.53159172647953,-96.02327164031772,-43.53159172647953
2009,88,3,27,8475239,Mattias Lindstrom,LW,CAR,12,SWE,Mattias Lindstrom,L,0,0.0,0.0,0,False,CAR,"(80, 100]",95.40890631651433,43.468676296160474,-95.40890631651433,-43.468676296160474
2009,89,3,28,8475240,Dan Delisle,F,CHI,16,USA,Dan Delisle,L,0,0.0,0.0,0,False,CHI,"(80, 100]",94.822750370322,43.410262711838996,-94.822750370322,-43.410262711838996
2009,90,3,29,8475229,Gleason Fournier,D,DET,17,CAN,Gleason Fournier,D,0,0.0,0.0,0,False,DET,"(80, 100]",94.26350853172075,43.35602884876314,-94.26350853172075,-43.35602884876314
2009,91,3,30,8475230,Michael Lee,G,PHX,27,USA,Michael Lee,G,0,0.0,0.0,0,True,UTA,"(80, 100]",93.72994500468717,43.30567563147135,-93.72994500468717,
2009,92,4,1,8475231,Casey Cizikas,C,NYI,2,CAN,Casey Cizikas,C,978,124.0,156.0,280,False,NYI,"(80, 100]",93.22088073636887,43.25892538452533,884.7791192636312,236.74107461547467
2009,93,4,2,8475232,Alex Hutchings,LW,TBL,14,CAN,Alex Hutchings,L,0,0.0,0.0,0,False,TBL,"(80, 100]",92.73519081164858,43.21552030125429,-92.73519081164858,-43.21552030125429
2009,94,4,3,8475233,David Savard,D,CBJ,29,CAN,David Savard,D,870,54.0,188.0,242,False,CBJ,"(80, 100]",92.27180196733998,43.17522102206672,777.72819803266,198.82477897793328
2009,95,4,4,8475234,J-F Berube,G,LAK,26,CAN,J-F Berube,G,40,0.0,1.0,0,True,LAK,"(80, 100]",91.8296902205227,43.13780531448942,-51.82969022052271,
2009,96,4,5,8475223,Linden Vey,RW,LAK,26,CAN,Linden Vey,R,138,14.0,30.0,44,False,LAK,"(80, 100]",91.4078786057751,43.10306684765496,46.592121394224904,0.8969331523450421
2009,97,4,6,8475224,Jordan Szwarz,RW,PHX,27,CAN,Jordan Szwarz,C,50,4.0,3.0,7,False,UTA,"(80, 100]",91.00543501630513,43.070814054479364,-41.00543501630513,-36.070814054479364
2009,98,4,7,8475225,Craig Smith,C,NSH,18,USA,Craig Smith,C,987,220.0,232.0,452,False,NSH,"(80, 100]",90.62147014420842,43.040869075255486,896.3785298557916,408.9591309247445
2009,99,4,8,8475226,Kyle Bigos,D,EDM,22,USA,Kyle Bigos,D,0,0.0,0.0,0,False,EDM,"(80, 100]",90.25513551530203,43.01306677683635,-90.25513551530203,-43.01306677683635
2009,100,4,9,8475227,Chris Wideman,D,OTT,9,USA,Chris Wideman,D,291,20.0,58.0,78,False,OTT,"(80, 100]",89.90562161419135,42.987253841999824,201.09437838580865,35.012746158000176
2009,101,4,10,8475228,Toni Rajala,RW,EDM,22,FIN,Toni Rajala,R,0,0.0,0.0,0,False,EDM,"(100, 125]",89.572156095427,42.96328792397285,-89.572156095427,-42.96328792397285
2009,102,4,11,8475218,Mattias Ekholm,D,NSH,18,SWE,Mattias Ekholm,D,966,92.0,309.0,401,False,NSH,"(100, 125]",89.25400207679884,42.94103686145272,876.7459979232011,358.05896313854726
2009,103,4,12,8475219,Kristopher Foucault,LW,MIN,30,CAN,Kristopher Foucault,L,1,0.0,0.0,0,False,MIN,"(100, 125]",88.95045651099544,42.9203779497967,-87.95045651099544,-42.9203779497967
2009,104,4,13,8475220,Marcus Foligno,LW,BUF,7,USA,Marcus Foligno,L,931,148.0,188.0,336,False,BUF,"(100, 125]",88.66084863203102,42.90119726436088,842.339151367969,293.09880273563914
2009,105,4,14,8475221,Justin Weller,D,PHX,27,CAN,Justin Weller,D,0,0.0,0.0,0,False,UTA,"(100, 125]",88.38453847300667,42.88338903225681,-88.38453847300667,-42.88338903225681
2009,106,4,15,8475222,Sami Vatanen,D,ANA,24,FIN,Sami Vatanen,D,473,47.0,153.0,200,False,ANA,"(100, 125]",88.12091545193053,42.8668550490614,384.8790845480695,157.1331449509386
2009,107,4,16,8475253,Garrett Wilson,LW,FLA,13,CAN,Garrett Wilson,L,87,2.0,6.0,8,False,FLA,"(100, 125]",87.86939702247173,42.85150413726349,-0.8693970224717305,-34.85150413726349
2009,108,4,17,8474810,Tyler Shattock,RW,STL,19,CAN,Tyler Shattock,R,0,0.0,0.0,0,False,STL,"(100, 125]",87.62942738666686,42.83725164346075,-87.62942738666686,-42.83725164346075
2009,109,4,18,8475280,Alexander Avtsin,RW,MTL,8,RUS,Alexander Avtsin,R,0,0.0,0.0,0,False,MTL,"(100, 125]",87.4004762667341,42.82401897153408,-87.4004762667341,-42.82401897153408
2009,110,4,19,8475281,Nick Oliver,F,NSH,18,USA,Nick Oliver,C,0,0.0,0.0,0,False,NSH,"(100, 125]",87.1820377332811,42.8117331492252,-87.1820377332811,-42.8117331492252
2009,111,4,20,8475282,Henrik Bjorklund,RW,CGY,20,SWE,Henrik Bjorklund,R,0,0.0,0.0,0,False,CGY,"(100, 125]",86.97362908731724,42.80032642572733,-86.97362908731724,-42.80032642572733
2009,112,4,21,8475283,Lane MacDermid,LW,BOS,6,USA,Lane MacDermid,L,21,2.0,2.0,4,False,BOS,"(100, 125]",86.7747897935997,42.78973589806988,-65.7747897935997,-38.78973589806988
2009,113,4,22,8475284,Jeremy Price,D,VAN,23,CAN,Jeremy Price,D,0,0.0,0.0,0,False,VAN,"(100, 125]",86.58508046295634,42.77990316423669,-86.58508046295634,-42.77990316423669
2009,114,4,23,8475274,Seth Helgeson,D,NJD,1,USA,Seth Helgeson,D,50,1.0,3.0,4,False,NJD,"(100, 125]",86.4040818813366,42.770774001105124,-36.404081881336595,-38.770774001105124
2009,115,4,24,8475275,Patrick Wey,D,WSH,15,USA,Patrick Wey,D,9,0.0,3.0,3,False,WSH,"(100, 125]",86.23139408344461,42.76229806542979,-77.23139408344461,-39.76229806542979
2009,116,4,25,8475276,Alex Fallstrom,RW,MIN,30,SWE,Alex Fallstrom,R,0,0.0,0.0,0,False,MIN,"(100, 125]",86.06663546890789,42.754428616222114,-86.06663546890789,-42.754428616222114
2009,117,4,26,8475277,Edward Pasquale,G,ATL,11,CAN,Edward Pasquale,G,3,0.0,0.0,0,True,WPG,"(100, 125]",85.90944195902806,42.747122256994736,-82.90944195902806,
2009,118,4,27,,FORFEIT,,TOR,10,,,,0,,,0,False,TOR,"(100, 125]",85.75946619225057,42.7403386964493,-85.75946619225057,-42.7403386964493
2009,119,4,28,8475278,Byron Froese,C,CHI,16,CAN,Byron Froese,C,141,7.0,13.0,20,False,CHI,"(100, 125]",85.61637675657546,42.734040526288005,55.38362324342454,-22.734040526288005
2009,120,4,29,8475279,Ben Chiarot,D,ATL,11,CAN,Ben Chiarot,D,805,50.0,135.0,185,False,WPG,"(100, 125]",85.47985745721293,42.72819301492359,719.5201425427871,142.2718069850764
2009,121,4,30,8475269,Nick Petersen,RW,PIT,5,CAN,Nick Petersen,R,0,0.0,0.0,0,False,PIT,"(100, 125]",85.34960661786548,42.72276391595019,-85.34960661786548,-42.72276391595019
2009,122,5,2,8475270,Anton Klementyev,D,NYI,2,RUS,Anton Klementyev,D,1,0.0,0.0,0,False,NYI,"(100, 125]",85.22533641409257,42.71772329031886,-84.22533641409257,-42.71772329031886
2009,123,5,3,8475271,Alex Velischek,D,PIT,5,CAN,Alex Velischek,D,0,0.0,0.0,0,False,PIT,"(100, 125]",85.10677223728473,42.713043341237125,-85.10677223728473,-42.713043341237125
2009,124,5,4,8475272,Kieran Millan,G,COL,21,CAN,Kieran Millan,G,0,0.0,0.0,0,True,COL,"(100, 125]",84.9936520878416,42.708698260882116,-84.9936520878416,
2009,125,5,5,8475273,Cody Sol,D,ATL,11,CAN,Cody Sol,D,0,0.0,0.0,0,False,WPG,"(100, 125]",84.88572599621297,42.70466408808199,-84.88572599621297,-42.70466408808199
2009,126,5,6,8475099,David Kolomatis,D,LAK,26,USA,David Kolomatis,D,0,0.0,0.0,0,False,LAK,"(125, 150]",84.78275547052348,42.700918576180825,-84.78275547052348,-42.700918576180825
2009,127,5,7,8475264,Roman Horak,C,NYR,3,CZE,Roman Horak,C,84,6.0,13.0,19,False,NYR,"(125, 150]",84.6845129695604,42.697441070358224,-0.6845129695604015,-23.697441070358224
2009,128,5,8,8475265,Eric Knodel,D,TOR,10,USA,Eric Knodel,D,0,0.0,0.0,0,False,TOR,"(125, 150]",84.59078139995972,42.69421239372728,-84.59078139995972,-42.69421239372728
2009,129,5,9,8475266,Tomas Vincour,C,DAL,25,CZE,Tomas Vincour,C,95,7.0,10.0,17,False,DAL,"(125, 150]",84.50135363647975,42.69121474158261,10.498646363520251,-25.691214741582613
2009,130,5,10,8474884,Mike Hoffman,F,OTT,9,CAN,Mike Hoffman,C,745,228.0,259.0,487,False,OTT,"(125, 150]",84.41603206430189,42.688431583215404,660.5839679356981,444.3115684167846
2009,131,5,11,8475089,Matt Kennedy,RW,CAR,12,CAN,Matt Kennedy,R,0,0.0,0.0,0,False,CAR,"(125, 150]",84.33462814234724,42.68584757075394,-84.33462814234724,-42.68584757075394
2009,132,5,12,8475268,Gabriel Bourque,LW,NSH,18,CAN,Gabriel Bourque,L,413,40.0,63.0,103,False,NSH,"(125, 150]",84.25696198664414,42.68344845452697,328.7430380133559,60.31655154547303
2009,133,5,13,8475258,Olivier Roy,G,EDM,22,CAN,Olivier Roy,G,0,0.0,0.0,0,True,EDM,"(125, 150]",84.1828619728259,42.68122100448314,-84.1828619728259,
2009,134,5,14,8475259,Mark Adams,D,BUF,7,USA,Mark Adams,D,0,0.0,0.0,0,False,BUF,"(125, 150]",84.1121643568804,42.67915293723323,-84.1121643568804,-42.67915293723323
2009,135,5,15,8475260,Corban Knight,C,FLA,13,CAN,Corban Knight,C,52,4.0,8.0,12,False,FLA,"(125, 150]",84.04471291331333,42.67723284831272,-32.04471291331333,-30.67723284831272
2009,136,5,16,8475261,Radoslav Illo,C,ANA,24,SVK,Radoslav Illo,C,0,0.0,0.0,0,False,ANA,"(125, 150]",83.98035858992586,42.67545014929128,-83.98035858992586,-42.67545014929128
2009,137,5,17,8475262,Thomas Larkin,D,CBJ,29,GBR,Thomas Larkin,D,0,0.0,0.0,0,False,CBJ,"(125, 150]",83.91895917844342,42.673795009382346,-83.91895917844342,-42.673795009382346
2009,138,5,18,8475263,Wade Megan,C,FLA,13,USA,Wade Megan,C,15,1.0,1.0,2,False,FLA,"(125, 150]",83.86037900026808,42.67225830123072,-68.86037900026808,-40.67225830123072
2009,139,5,19,8475254,Gabriel Dumont,C,MTL,8,CAN,Gabriel Dumont,C,90,4.0,5.0,9,False,MTL,"(125, 150]",83.80448860666007,42.670831550579294,6.1955113933399275,-33.670831550579294
2009,140,5,20,8475255,Scott Stajcer,G,NYR,3,CAN,Scott Stajcer,G,0,0.0,0.0,0,True,NYR,"(125, 150]",83.75116449268575,42.66950688953732,-83.75116449268575,
2009,141,5,21,8475256,Spencer Bennett,LW,CGY,20,CAN,Spencer Bennett,L,0,0.0,0.0,0,False,CGY,"(125, 150]",83.70028882430006,42.66827701319251,-83.70028882430006,-42.66827701319251
2009,142,5,22,8474809,Nicola Riopel,G,PHI,4,CAN,Nicola Riopel,G,0,0.0,0.0,0,True,PHI,"(125, 150]",83.65174917796037,42.66713513932773,-83.65174917796037,
2009,143,5,23,8475257,Peter Andersson,D,VAN,23,SWE,Peter Andersson,D,0,0.0,0.0,0,False,VAN,"(125, 150]",83.60543829219628,42.666074971020116,-83.60543829219628,-42.666074971020116
2009,144,5,24,8475285,Derek Rodwell,LW,NJD,1,CAN,Derek Rodwell,L,0,0.0,0.0,0,False,NJD,"(125, 150]",83.56125383058635,42.665090661916324,-83.56125383058635,-42.665090661916324
2009,145,5,25,8475319,Brett Flemming,D,WSH,15,CAN,Brett Flemming,D,0,0.0,0.0,0,False,WSH,"(125, 150]",83.5190981556182,42.66417678399255,-83.5190981556182,-42.66417678399255
2009,146,5,26,8475320,Jeff Costello,LW,OTT,9,USA,Jeff Costello,L,0,0.0,0.0,0,False,OTT,"(125, 150]",83.47887811293191,42.663328297621426,-83.47887811293191,-42.663328297621426
2009,147,5,27,8475321,Phil Varone,C,SJS,28,CAN,Phil Varone,C,97,8.0,9.0,17,False,SJS,"(125, 150]",83.44050482547043,42.66254052378066,13.559495174529573,-25.662540523780663
2009,148,5,28,8475322,Michael Zador,G,TBL,14,CAN,Michael Zador,G,0,0.0,0.0,0,True,TBL,"(125, 150]",83.40389349708157,42.66180911825041,-83.40389349708157,
2009,149,5,29,8475323,Marcus Kruger,C,CHI,16,SWE,Marcus Kruger,C,520,38.0,85.0,123,False,CHI,"(125, 150]",83.36896322513803,42.66113004765679,436.63103677486197,80.3388699523432
2009,150,5,30,8475324,Nick Jensen,D,DET,17,USA,Nick Jensen,D,694,26.0,146.0,172,False,DET,"(125, 150]",83.33563682176118,42.66049956722966,610.6643631782388,129.33950043277034
2009,151,5,31,8475313,Andy Bathgate,C,PIT,5,CAN,Andy Bathgate,C,0,0.0,0.0,0,False,PIT,"(150, 180]",83.30384064325355,42.65991420015188,-83.30384064325355,-42.65991420015188
2009,152,6,2,8475314,Anders Lee,C,NYI,2,USA,Anders Lee,L,923,308.0,241.0,549,False,NYI,"(150, 180]",83.27350442736322,42.65937071838622,839.7264955726367,506.34062928161376
2009,153,6,3,8475315,Dave Labrecque,C,PHI,4,CAN,Dave Labrecque,C,0,0.0,0.0,0,False,PHI,"(150, 180]",83.2445611380203,42.658866124874194,-83.2445611380203,-42.658866124874194
2009,154,6,4,8475316,Brandon Maxwell,G,COL,21,USA,Brandon Maxwell,G,0,0.0,0.0,0,True,COL,"(150, 180]",83.2169468172027,42.6583976370086,-83.2169468172027,
2009,155,6,5,8475317,Jimmy Bubnick,C,ATL,11,CAN,Jimmy Bubnick,C,0,0.0,0.0,0,False,WPG,"(150, 180]",83.19060044360353,42.657962671288715,-83.19060044360353,-42.657962671288715
2009,156,6,6,8475318,Michael Pelech,F,LAK,26,CAN,Michael Pelech,C,0,0.0,0.0,0,False,LAK,"(150, 180]",83.16546379778804,42.65755882907344,-83.16546379778804,-42.65755882907344
2009,157,6,7,8475308,Evan Bloodoff,LW,PHX,27,CAN,Evan Bloodoff,L,0,0.0,0.0,0,False,UTA,"(150, 180]",83.14148133354207,42.657183883353845,-83.14148133354207,-42.657183883353845
2009,158,6,8,8475309,Jerry D'Amigo,RW,TOR,10,USA,Jerry D'Amigo,R,31,1.0,2.0,3,False,TOR,"(150, 180]",83.11860005512764,42.656835766472234,-52.118600055127644,-39.656835766472234
2009,159,6,9,8475310,Curtis McKenzie,LW,DAL,25,CAN,Curtis McKenzie,L,99,10.0,13.0,23,False,DAL,"(150, 180]",83.09676940017454,42.65651255871995,15.903230599825463,-19.656512558719953
2009,160,6,10,8474864,Corey Cowick,LW,OTT,9,CAN,Corey Cowick,L,0,0.0,0.0,0,False,OTT,"(150, 180]",83.07594112794911,42.65621247775101,-83.07594112794911,-42.65621247775101
2009,161,6,11,8475311,Darcy Kuemper,G,MIN,30,CAN,Darcy Kuemper,G,489,0.0,7.0,0,True,MIN,"(150, 180]",83.05606921275334,42.65593386875329,405.94393078724664,
2009,162,6,12,8475312,Jaroslav Janus,G,TBL,14,SVK,Jaroslav Janus,G,0,0.0,0.0,0,True,TBL,"(150, 180]",83.03710974221858,42.65567519532296,-83.03710974221858,
2009,163,6,13,8475302,Jere Sallinen,F,MIN,30,FIN,Jere Sallinen,R,0,0.0,0.0,0,False,MIN,"(150, 180]",83.01902082026932,42.655435030991924,-83.01902082026932,-42.655435030991924
2009,164,6,14,8475303,Connor Knapp,G,BUF,7,USA,Connor Knapp,G,2,0.0,1.0,0,True,BUF,"(150, 180]",83.0017624745425,42.65521205136148,-81.0017624745425,
2009,165,6,15,8475304,Scott Timmins,C,FLA,13,CAN,Scott Timmins,C,24,1.0,0.0,1,False,FLA,"(150, 180]",82.98529656805775,42.65500502679885,-58.98529656805775,-41.65500502679885
2009,166,6,16,8475305,Scott Valentine,D,ANA,24,CAN,Scott Valentine,D,0,0.0,0.0,0,False,ANA,"(150, 180]",82.96958671494343,42.654812815656285,-82.96958671494343,-42.654812815656285
2009,167,6,17,8475306,Anton Blomqvist,D,CBJ,29,SWE,Anton Blomqvist,D,0,0.0,0.0,0,False,CBJ,"(150, 180]",82.95459820003221,42.65463435797545,-82.95459820003221,-42.65463435797545
2009,168,6,18,8475307,David Shields,D,STL,19,USA,David Shields,D,0,0.0,0.0,0,False,STL,"(150, 180]",82.9402979021485,42.65446866964217,-82.9402979021485,-42.65446866964217
2009,169,6,19,8475297,Dustin Walsh,C,MTL,8,CAN,Dustin Walsh,C,0,0.0,0.0,0,False,MTL,"(150, 180]",82.92665422091831,42.6543148369595,-82.92665422091831,-42.6543148369595
2009,170,6,20,8475298,Dan Maggio,D,NYR,3,CAN,Dan Maggio,D,0,0.0,0.0,0,False,NYR,"(150, 180]",82.91363700693962,42.65417201160911,-82.91363700693962,-42.65417201160911
2009,171,6,21,8475299,Joni Ortio,G,CGY,20,FIN,Joni Ortio,G,37,0.0,2.0,0,True,CGY,"(150, 180]",82.9012174951592,42.65403940597316,-45.9012174951592,
2009,172,6,22,8474892,Eric Wellwood,LW,PHI,4,CAN,Eric Wellwood,L,31,5.0,5.0,10,False,PHI,"(150, 180]",82.88936824130836,42.653916288790974,-51.88936824130836,-32.653916288790974
2009,173,6,23,8475300,Joe Cannata,G,VAN,23,USA,Joe Cannata,G,0,0.0,0.0,0,True,VAN,"(150, 180]",82.87806306125748,42.653801981126435,-82.87806306125748,
2009,174,6,24,8475301,Ashton Bernard,LW,NJD,1,CAN,Ashton Bernard,L,0,0.0,0.0,0,False,NJD,"(150, 180]",82.86727697315509,42.65369585262398,-82.86727697315509,-42.65369585262398
2009,175,6,25,8475291,Garrett Mitchell,RW,WSH,15,CAN,Garrett Mitchell,R,1,0.0,0.0,0,False,WSH,"(150, 180]",82.85698614222369,42.65359731803246,-81.85698614222369,-42.65359731803246
2009,176,6,26,8475292,Tyler Randell,RW,BOS,6,CAN,Tyler Randell,R,27,6.0,0.0,6,False,BOS,"(150, 180]",82.8471678280904,42.65350583397773,-55.847167828090406,-36.65350583397773
2009,177,6,27,8475293,David Pacan,C,CHI,16,CAN,David Pacan,C,0,0.0,0.0,0,False,CHI,"(150, 180]",82.83780033453596,42.65342089596622,-82.83780033453596,-42.65342089596622
2009,178,6,28,8475294,Rasmus Rissanen,D,CAR,12,FIN,Rasmus Rissanen,D,6,0.0,0.0,0,False,CAR,"(150, 180]",82.82886296155098,42.653342035602826,-76.82886296155098,-42.653342035602826
2009,179,6,29,8475295,Brandon Kozun,RW,LAK,26,USA,Brandon Kozun,R,20,2.0,2.0,4,False,LAK,"(150, 180]",82.82033595959383,42.65326881800799,-62.820335959593834,-38.65326881800799
2009,180,6,30,8475296,Mitch Callahan,RW,DET,17,USA,Mitch Callahan,R,5,0.0,0.0,0,False,DET,"(150, 180]",82.81220048594854,42.65320083941945,-77.81220048594854,-42.65320083941945
2009,181,6,31,8475286,Viktor Ekbom,D,PIT,5,SWE,Viktor Ekbom,D,0,0.0,0.0,0,False,PIT,"(180, 211]",82.80443856308683,42.65313772496576,-82.80443856308683,-42.65313772496576
2009,182,7,2,8475287,Erik Haula,LW,MIN,30,FIN,Erik Haula,L,840,167.0,208.0,375,False,MIN,"(180, 211]",82.79703303894182,42.65307912659897,757.2029669610582,332.346920873401
2009,183,7,3,8475288,Kirill Gotovets,D,TBL,14,BLR,Kirill Gotovets,D,0,0.0,0.0,0,False,TBL,"(180, 211]",82.78996754900598,42.653024721175335,-82.78996754900598,-42.653024721175335
2009,184,7,4,8475289,Gus Young,D,COL,21,USA,Gus Young,D,0,0.0,0.0,0,False,COL,"(180, 211]",82.78322648016925,42.652974208673314,-82.78322648016925,-42.652974208673314
2009,185,7,5,8475290,Levko Koper,LW,ATL,11,CAN,Levko Koper,L,0,0.0,0.0,0,False,WPG,"(180, 211]",82.7767949362177,42.652927310539084,-82.7767949362177,-42.652927310539084
2009,186,7,6,8475325,Jordan Nolan,C,LAK,26,CAN,Jordan Nolan,C,375,24.0,28.0,52,False,LAK,"(180, 211]",82.77065870491634,42.65288376815045,292.22934129508366,9.347116231849547
2009,187,7,7,8475344,Steven Anthony,LW,VAN,23,CAN,Steven Anthony,L,0,0.0,0.0,0,False,VAN,"(180, 211]",82.76480422660329,42.652843341390636,-82.76480422660329,-42.652843341390636
2009,188,7,8,8475345,Barron Smith,D,TOR,10,USA,Barron Smith,D,0,0.0,0.0,0,False,TOR,"(180, 211]",82.75921856422605,42.65280580732417,-82.75921856422605,-42.65280580732417
2009,189,7,9,8475346,Marek Viedensky,C,SJS,28,SVK,Marek Viedensky,C,0,0.0,0.0,0,False,SJS,"(180, 211]",82.7538893747536,42.652770958967494,-82.7538893747536,-42.652770958967494
2009,190,7,10,8475347,Brad Peltz,LW,OTT,9,USA,Brad Peltz,L,0,0.0,0.0,0,False,OTT,"(180, 211]",82.74880488190117,42.65273860414752,-82.74880488190117,-42.65273860414752
2009,191,7,11,8475348,Michael Sdao,D,OTT,9,USA,Michael Sdao,D,0,0.0,0.0,0,False,OTT,"(180, 211]",82.7439538501073,42.65270856444192,-82.7439538501073,-42.65270856444192
2009,192,7,12,8475349,Cameron Reid,C,NSH,18,CAN,Cameron Reid,C,0,0.0,0.0,0,False,NSH,"(180, 211]",82.73932555970585,42.65268067419517,-82.73932555970585,-42.65268067419517
2009,193,7,13,8475339,Anthony Hamburg,C,MIN,30,USA,Anthony Hamburg,C,0,0.0,0.0,0,False,MIN,"(180, 211]",82.73490978323798,42.652654779605044,-82.73490978323798,-42.652654779605044
2009,194,7,14,8475340,Maxime Legault,RW,BUF,7,CAN,Maxime Legault,R,0,0.0,0.0,0,False,BUF,"(180, 211]",82.73069676285189,42.65263073787449,-82.73069676285189,-42.65263073787449
2009,195,7,15,8475341,Paul Phillips,D,CHI,16,USA,Paul Phillips,D,0,0.0,0.0,0,False,CHI,"(180, 211]",82.72667718874011,42.65260841642412,-82.72667718874011,-42.65260841642412
2009,196,7,16,8475342,Oliver Lauridsen,D,PHI,4,DNK,Oliver Lauridsen,D,16,2.0,1.0,3,False,PHI,"(180, 211]",82.72284217856702,42.652587692161156,-66.72284217856702,-39.652587692161156
2009,197,7,17,8474807,Kyle Neuber,RW,CBJ,29,CAN,Kyle Neuber,R,0,0.0,0.0,0,False,CBJ,"(180, 211]",82.71918325784091,42.652568450800544,-82.71918325784091,-42.652568450800544
2009,198,7,18,8475343,Nic Dowd,C,LAK,26,USA,Nic Dowd,C,657,89.0,108.0,197,False,LAK,"(180, 211]",82.71569234118732,42.65255058623481,574.2843076588126,154.3474494137652
2009,199,7,19,8475333,Michael Cichy,C,MTL,8,USA,Michael Cichy,C,0,0.0,0.0,0,False,MTL,"(180, 211]",82.71236171448218,42.65253399994888,-82.71236171448218,-42.65253399994888
2009,200,7,20,8475334,Mikhail Pashnin,D,NYR,3,RUS,Mikhail Pashnin,D,0,0.0,0.0,0,False,NYR,"(180, 211]",82.70918401780544,42.65251860047681,-82.70918401780544,-42.65251860047681
2009,201,7,21,8475335,Gaelan Patterson,C,CGY,20,CAN,Gaelan Patterson,C,0,0.0,0.0,0,False,CGY,"(180, 211]",82.70615222917723,42.65250430289742,-82.70615222917723,-42.65250430289742
2009,202,7,22,8475336,Maxwell Tardy,C,STL,19,USA,Maxwell Tardy,C,0,0.0,0.0,0,False,STL,"(180, 211]",82.703259649041,42.65249102836595,-82.703259649041,-42.65249102836595
2009,203,7,23,8475337,Jordan Samuels-Thomas,LW,ATL,11,USA,Jordan Samuels-Thomas,L,0,0.0,0.0,0,False,WPG,"(180, 211]",82.70049988545898,42.652478703679314,-82.70049988545898,-42.652478703679314
2009,204,7,24,8475338,Curtis Gedig,D,NJD,1,CAN,Curtis Gedig,D,0,0.0,0.0,0,False,NJD,"(180, 211]",82.69786683998748,42.652467260872385,-82.69786683998748,-42.652467260872385
2009,205,7,25,8475327,Benjamin Casavant,LW,WSH,15,CAN,Benjamin Casavant,L,0,0.0,0.0,0,False,WSH,"(180, 211]",82.69535469420074,42.652456636843205,-82.69535469420074,-42.652456636843205
2009,206,7,26,8475328,Ben Sexton,C,BOS,6,CAN,Ben Sexton,C,2,0.0,0.0,0,False,BOS,"(180, 211]",82.69295789683352,42.65244677300502,-80.69295789683352,-42.65244677300502
2009,207,7,27,8475329,Dominik Bielke,D,SJS,28,DEU,Dominik Bielke,D,0,0.0,0.0,0,False,SJS,"(180, 211]",82.69067115151412,42.65243761496317,-82.69067115151412,-42.65243761496317
2009,208,7,28,8475330,Tommi Kivisto,D,CAR,12,FIN,Tommi Kivisto,D,0,0.0,0.0,0,False,CAR,"(180, 211]",82.68848940506057,42.65242911221517,-82.68848940506057,-42.65242911221517
2009,209,7,29,8475331,David Gilbert,C,CHI,16,CAN,David Gilbert,C,0,0.0,0.0,0,False,CHI,"(180, 211]",82.68640783631426,42.65242121787215,-82.68640783631426,-42.65242121787215
2009,210,7,30,8475332,Adam Almquist,D,DET,17,SWE,Adam Almquist,D,2,1.0,0.0,1,False,DET,"(180, 211]",82.68442184548637,42.652413888400375,-80.68442184548637,-41.652413888400375
2009,211,7,31,8475326,Petteri Simila,G,MTL,8,FIN,Petteri Simila,G,0,0.0,0.0,0,True,MTL,"(180, 211]",82.68252704399328,42.65240708338107,-82.68252704399328,
2010,1,1,1,8475791,Taylor Hall,LW,EDM,22,CAN,Taylor Hall,L,989,302.0,485.0,787,False,EDM,,844.7618549404874,563.9056503589592,144.2381450595126,223.09434964104082
2010,2,1,2,8475794,Tyler Seguin,C,BOS,6,CAN,Tyler Seguin,C,1016,367.0,459.0,826,False,BOS,"(1, 2]",809.7681901837298,526.6079284397246,206.23180981627024,299.39207156027544
2010,3,1,3,8475790,Erik Gudbranson,D,FLA,13,CAN,Erik Gudbranson,D,842,35.0,105.0,140,False,FLA,"(2, 3]",776.3813047565832,491.9790049263708,65.61869524341682,-351.9790049263708
2010,4,1,4,8475793,Ryan Johansen,C,CBJ,29,CAN,Ryan Johansen,C,905,202.0,376.0,578,False,CBJ,"(3, 4]",744.5274213101472,459.82791681727923,160.47257868985275,118.17208318272077
2010,5,1,5,8475799,Nino Niederreiter,RW,NYI,2,CHE,Nino Niederreiter,R,1030,248.0,251.0,499,False,NYI,"(4, 5]",714.1361500778175,429.977365263173,315.86384992218245,69.022634736827
2010,6,1,6,8475792,Brett Connolly,RW,TBL,14,CAN,Brett Connolly,R,536,101.0,94.0,195,False,TBL,"(5, 6]",685.1403333300681,402.26273784338173,-149.14033333006807,-207.26273784338173
2010,7,1,7,8475784,Jeff Skinner,C,CAR,12,CAN,Jeff Skinner,L,1110,379.0,333.0,712,False,CAR,"(6, 8]",657.4758969712924,376.5312008020775,452.5241030287076,335.4687991979225
2010,8,1,8,8475788,Alexander Burmistrov,C,ATL,11,RUS,Alexander Burmistrov,C,348,37.0,64.0,101,False,WPG,"(6, 8]",631.0817089507688,352.6408562385712,-283.08170895076876,-251.6408562385712
2010,9,1,9,8475798,Mikael Granlund,F,MIN,30,FIN,Mikael Granlund,C,960,198.0,453.0,651,False,MIN,"(8, 10]",605.8994441748678,330.45995960395163,354.10055582513223,320.54004039604837
2010,10,1,10,8475795,Dylan McIlrath,D,NYR,3,CAN,Dylan McIlrath,D,105,3.0,6.0,9,False,NYR,"(8, 10]",581.8734556219907,309.8661931889113,-476.87345562199073,-300.8661931889113
2010,11,1,11,8475789,Jack Campbell,G,DAL,25,USA,Jack Campbell,G,176,0.0,3.0,0,True,DAL,"(10, 12]",558.9506513754325,290.7459915963702,-382.95065137543247,
2010,12,1,12,8475764,Cam Fowler,D,ANA,24,CAN,Cam Fowler,D,1124,109.0,414.0,523,False,ANA,"(10, 12]",537.0803773024388,272.99391547918094,586.9196226975612,250.00608452081906
2010,13,1,13,8475759,Brandon Gormley,D,PHX,27,CAN,Brandon Gormley,D,58,2.0,3.0,5,False,UTA,"(12, 15]",516.2143051202067,256.5120700893594,-458.21430512020675,-251.51207008935938
2010,14,1,14,8475768,Jaden Schwartz,C,STL,19,CAN,Jaden Schwartz,C,861,233.0,320.0,553,False,STL,"(12, 15]",496.30632560147916,241.20956543240027,364.69367439852084,311.79043456759973
2010,15,1,15,8475762,Derek Forbort,D,LAK,26,USA,Derek Forbort,D,552,19.0,87.0,106,False,LAK,"(12, 15]",477.3124466837421,227.00201504967026,74.68755331625789,-121.00201504967026
2010,16,1,16,8475765,Vladimir Tarasenko,RW,STL,19,RUS,Vladimir Tarasenko,R,906,327.0,382.0,709,False,STL,"(15, 20]",459.19069625687024,213.81107066488858,446.80930374312976,495.1889293351114
2010,17,1,17,8475767,Joey Hishon,C,COL,21,CAN,Joey Hishon,C,13,1.0,1.0,2,False,COL,"(15, 20]",441.90102941440335,201.5639901284781,-428.90102941440335,-199.5639901284781
2010,18,1,18,8475766,Austin Watson,LW,NSH,18,USA,Austin Watson,L,528,63.0,58.0,121,False,NSH,"(15, 20]",425.4052399634998,190.1932362771945,102.59476003650019,-69.1932362771945
2010,19,1,19,8475760,Nick Bjugstad,C,FLA,13,USA,Nick Bjugstad,C,821,163.0,176.0,339,False,FLA,"(15, 20]",409.6668759980253,179.63610449692322,411.3331240019747,159.36389550307678
2010,20,1,20,8475761,Beau Bennett,RW,PIT,5,USA,Beau Bennett,R,200,24.0,40.0,64,False,PIT,"(15, 20]",394.651159348212,169.83437693482028,-194.651159348212,-105.83437693482028
2010,21,1,21,8475772,Riley Sheahan,C,DET,17,CAN,Riley Sheahan,C,637,74.0,120.0,194,False,DET,"(20, 25]",380.324908728891,160.7340014539319,256.675091271109,33.26599854606809
2010,22,1,22,8475797,Jarred Tinordi,D,MTL,8,USA,Jarred Tinordi,D,205,4.0,26.0,30,False,MTL,"(20, 25]",366.6564664164723,152.28479355987108,-161.6564664164723,-122.28479355987108
2010,23,1,23,8475796,Mark Pysyk,D,BUF,7,CAN,Mark Pysyk,D,521,28.0,76.0,104,False,BUF,"(20, 25]",353.6156282926471,144.44015965581036,167.3843717073529,-40.44015965581036
2010,24,1,24,8475763,Kevin Hayes,RW,CHI,16,USA,Kevin Hayes,R,805,185.0,261.0,446,False,CHI,"(20, 25]",341.17357710022264,137.15684009966634,463.82642289977736,308.84315990033366
2010,25,1,25,8475769,Quinton Howden,C,FLA,13,CAN,Quinton Howden,C,97,10.0,7.0,17,False,FLA,"(20, 25]",329.30281876360266,130.3946706465514,-232.30281876360266,-113.39467064655139
2010,26,1,26,8475744,Evgeny Kuznetsov,C,WSH,15,RUS,Evgeny Kuznetsov,C,743,173.0,402.0,575,False,WSH,"(25, 31]",317.97712163319443,124.11636096095384,425.02287836680557,450.88363903904616
2010,27,1,27,8475771,Mark Visentin,G,PHX,27,CAN,Mark Visentin,G,1,0.0,0.0,0,True,UTA,"(25, 31]",307.17145851948806,118.28728897724142,-306.17145851948806,
2010,28,1,28,8475745,Charlie Coyle,C/RW,SJS,28,USA,Charlie Coyle,C,1032,209.0,334.0,543,False,SJS,"(25, 31]",296.86195138871545,112.87530997447791,735.1380486112846,430.1246900255221
2010,29,1,29,8475770,Emerson Etem,RW,ANA,24,USA,Emerson Etem,R,173,22.0,24.0,46,False,ANA,"(25, 31]",287.0258185978798,107.85057931268578,-114.02581859787978,-61.85057931268578
2010,30,1,30,8475754,Brock Nelson,C,NYI,2,USA,Brock Nelson,C,1001,334.0,318.0,652,False,NYI,"(25, 31]",277.6413245525565,103.18538785302533,723.3586754474435,548.8146121469747
2010,31,2,1,8475752,Tyler Pitlick,C,EDM,22,USA,Tyler Pitlick,C,452,58.0,53.0,111,False,EDM,"(25, 31]",268.6877316762219,98.85400915430591,183.31226832377808,12.145990845694087
2010,32,2,2,8475743,Jared Knight,C,BOS,6,USA,Jared Knight,C,0,0.0,0.0,0,False,BOS,"(31, 40]",260.14525458497144,94.83255760318657,-260.14525458497144,-94.83255760318657
2010,33,2,3,8475756,John McFarland,LW,FLA,13,CAN,John McFarland,L,3,0.0,0.0,0,False,FLA,"(31, 40]",251.99501636636575,91.09885669571764,-248.99501636636575,-91.09885669571764
2010,34,2,4,8475748,Dalton Smith,LW,CBJ,29,CAN,Dalton Smith,L,1,0.0,0.0,0,False,CBJ,"(31, 40]",244.21900686578914,87.63231674385521,-243.21900686578914,-87.63231674385521
2010,35,2,5,8475751,Ludvig Rensfeldt,LW,CHI,16,SWE,Ludvig Rensfeldt,L,0,0.0,0.0,0,False,CHI,"(31, 40]",236.80004288814456,84.41382133255445,-236.80004288814456,-84.41382133255445
2010,36,2,6,8475755,Alexander Petrovic,D,FLA,13,CAN,Alexander Petrovic,D,323,7.0,53.0,60,False,FLA,"(31, 40]",229.72173022693886,81.42562190130346,93.27826977306114,-21.425621901303458
2010,37,2,7,8475753,Justin Faulk,D,CAR,12,USA,Justin Faulk,D,1058,146.0,352.0,498,False,CAR,"(31, 40]",222.96842743685136,78.65123986876237,835.0315725631486,419.3487601312376
2010,38,2,8,8475750,Jon Merrill,D,NJD,1,USA,Jon Merrill,D,682,24.0,91.0,115,False,NJD,"(31, 40]",216.5252112697325,76.07537576076862,465.4747887302675,38.92462423923138
2010,39,2,9,8475757,Brett Bulmer,RW,MIN,30,CAN,Brett Bulmer,R,17,0.0,3.0,3,False,MIN,"(31, 40]",210.3778436976523,73.68382484059008,-193.3778436976523,-70.68382484059008
2010,40,2,10,8475749,Christian Thomas,RW,NYR,3,CAN,Christian Thomas,L,27,1.0,2.0,3,False,NYR,"(31, 40]",204.51274045012914,71.46339877616482,-177.51274045012914,-68.46339877616482
2010,41,2,11,8475747,Patrik Nemeth,D,DAL,25,SWE,Patrik Nemeth,D,504,10.0,60.0,70,False,DAL,"(40, 50]",198.91694099601142,69.40185291235734,305.0830590039886,0.5981470876426584
2010,42,2,12,8475758,Devante Smith-Pelly,RW,ANA,24,CAN,Devante Smith-Pelly,R,395,44.0,57.0,101,False,ANA,"(40, 50]",193.57807990368076,67.48781874717034,201.42192009631924,33.51218125282966
2010,43,2,13,8475746,Brad Ross,LW,TOR,10,CAN,Brad Ross,L,0,0.0,0.0,0,False,TOR,"(40, 50]",188.48435951628767,65.71074123954845,-188.48435951628767,-65.71074123954845
2010,44,2,14,8475725,Sebastian Wannstrom,RW,STL,19,SWE,Sebastian Wannstrom,R,0,0.0,0.0,0,False,STL,"(40, 50]",183.62452388163973,64.06082060305499,-183.62452388163973,-64.06082060305499
2010,45,2,15,8475727,Ryan Spooner,C,BOS,6,CAN,Ryan Spooner,C,325,48.0,119.0,167,False,BOS,"(40, 50]",178.98783387913235,62.528958264439325,146.01216612086765,104.47104173556068
2010,46,2,16,8475716,Martin Marincin,D,EDM,22,SVK,Martin Marincin,D,227,5.0,29.0,34,False,EDM,"(40, 50]",174.56404348875844,61.106706689080966,52.43595651124156,-27.106706689080966
2010,47,2,17,8475726,Tyler Toffoli,C,LAK,26,CAN,Tyler Toffoli,C,969,309.0,315.0,624,False,LAK,"(40, 50]",170.34337714975766,59.786222796620166,798.6566228502423,564.2137772033798
2010,48,2,18,8475734,Curtis Hamilton,LW,EDM,22,USA,Curtis Hamilton,L,1,0.0,0.0,0,False,EDM,"(40, 50]",166.31650815887204,58.560224709882874,-165.31650815887204,-58.560224709882874
2010,49,2,19,8475717,Calvin Pickard,G,COL,21,CAN,Calvin Pickard,G,191,0.0,4.0,0,True,COL,"(40, 50]",162.474538060474,57.42195159859,28.525461939525997,
2010,50,2,20,8475736,Connor Brickley,C,FLA,13,USA,Connor Brickley,L,81,6.0,15.0,21,False,FLA,"(40, 50]",158.8089769830231,56.365126396406794,-77.80897698302309,-35.365126396406794
2010,51,2,21,8475714,Calle Jarnkrok,C,DET,17,SWE,Calle Jarnkrok,C,774,143.0,173.0,316,False,DET,"(50, 65]",155.3117248783995,55.38392118573376,618.6882751216006,260.61607881426625
2010,52,2,22,8475719,Philip Lane,RW,PHX,27,USA,Philip Lane,R,0,0.0,0.0,0,False,UTA,"(50, 65]",151.97505362265838,54.472925059351624,-151.97505362265838,-54.472925059351624
2010,53,2,23,8475729,Mark Alt,D,CAR,12,USA,Mark Alt,D,20,0.0,0.0,0,False,CAR,"(50, 65]",148.79158993865056,53.627114281691775,-128.79158993865056,-53.627114281691775
2010,54,2,24,8475718,Justin Holl,D,CHI,16,USA,Justin Holl,D,405,14.0,83.0,97,False,CHI,"(50, 65]",145.7542991027736,52.8418245851849,259.2457008972264,44.1581754148151
2010,55,2,25,8475723,Petr Straka,RW,CBJ,29,CZE,Petr Straka,R,3,0.0,2.0,2,False,CBJ,"(50, 65]",142.85646939984818,52.11272544891468,-139.85646939984818,-50.11272544891468
2010,56,2,26,8475728,Johan Larsson,LW,MIN,30,SWE,Johan Larsson,L,488,53.0,79.0,132,False,MIN,"(50, 65]",140.0916972917691,51.43579621773465,347.9083027082309,80.56420378226535
2010,57,2,27,8475715,Oscar Lindberg,C,PHX,27,SWE,Oscar Lindberg,L,252,39.0,40.0,79,False,UTA,"(50, 65]",137.45387326715675,50.80730393015615,114.54612673284325,28.192696069843848
2010,58,2,28,8475720,Kent Simpson,G,CHI,16,CAN,Kent Simpson,G,1,0.0,0.0,0,True,CHI,"(50, 65]",134.93716834074,50.22378273273779,-133.93716834074,
2010,59,2,29,8475722,Jason Zucker,LW,MIN,30,USA,Jason Zucker,L,832,241.0,227.0,468,False,MIN,"(50, 65]",132.53602117263767,49.68201476745624,699.4639788273623,418.3179852325438
2010,60,2,30,8475730,Stephen Johns,D,CHI,16,USA,Stephen Johns,D,167,15.0,18.0,33,False,CHI,"(50, 65]",130.2451257790745,49.179012426660584,36.7548742209255,-16.179012426660584
2010,61,3,1,8475724,Ryan Martindale,C,EDM,22,CAN,Ryan Martindale,C,0,0.0,0.0,0,False,EDM,"(50, 65]",128.05941980737566,48.71200187775444,-128.05941980737566,-48.71200187775444
2010,62,3,2,8475735,Greg McKegg,C,TOR,10,CAN,Greg McKegg,C,233,21.0,18.0,39,False,TOR,"(50, 65]",125.97407334933011,48.278407766751634,107.02592665066989,-9.278407766751634
2010,63,3,3,8475721,Brock Beukeboom,D,TBL,14,USA,Brock Beukeboom,D,0,0.0,0.0,0,False,TBL,"(50, 65]",123.98447826820251,47.875839016352614,-123.98447826820251,-47.875839016352614
2010,64,3,4,8475733,Max Reinhart,C,CGY,20,CAN,Max Reinhart,C,23,1.0,4.0,5,False,CGY,"(50, 65]",122.08623801580958,47.50207564022413,-99.08623801580958,-42.50207564022413
2010,65,3,5,8475737,Kirill Kabanov,LW,NYI,2,RUS,Kirill Kabanov,L,0,0.0,0.0,0,False,NYI,"(50, 65]",120.27515791715824,47.15505650076909,-120.27515791715824,-47.15505650076909
2010,66,3,6,8475462,Radko Gudas,D,TBL,14,CZE,Radko Gudas,D,885,42.0,169.0,211,False,TBL,"(65, 80]",118.54723590117729,46.832867942875936,766.4527640988227,164.16713205712406
2010,67,3,7,8475732,Danny Biega,D,CAR,12,CAN,Danny Biega,D,10,0.0,2.0,2,False,CAR,"(65, 80]",116.89865365705954,46.53373324096787,-106.89865365705954,-44.53373324096787
2010,68,3,8,8475741,Jerome Leduc,D,BUF,7,CAN,Jerome Leduc,D,0,0.0,0.0,0,False,BUF,"(65, 80]",115.32576819667179,46.25600280115723,-115.32576819667179,-46.25600280115723
2010,69,3,9,8475740,Joe Basaraba,RW,FLA,13,CAN,Joe Basaraba,R,0,0.0,0.0,0,False,FLA,"(65, 80]",113.82510380438777,45.99814506447404,-113.82510380438777,-45.99814506447404
2010,70,3,10,8475738,Jordan Weal,C,LAK,26,CAN,Jordan Weal,C,218,32.0,37.0,69,False,LAK,"(65, 80]",112.39334435655485,45.75873806100437,105.60665564344515,23.241261938995628
2010,71,3,11,8475739,Michael Bournival,LW,COL,21,CAN,Michael Bournival,L,113,12.0,10.0,22,False,COL,"(65, 80]",111.02732599362243,45.53646156836322,1.9726740063775736,-23.536461568363222
2010,72,3,12,8475742,Adam Janosik,D,TBL,14,SVK,Adam Janosik,D,0,0.0,0.0,0,False,TBL,"(65, 80]",109.72403012873889,45.33008983125943,-109.72403012873889,-45.33008983125943
2010,73,3,13,8475708,Joey Leach,D,CGY,20,CAN,Joey Leach,D,0,0.0,0.0,0,False,CGY,"(65, 80]",108.48057677736796,45.13848480200428,-108.48057677736796,-45.13848480200428
2010,74,3,14,8475713,Max Gardiner,C,STL,19,USA,Max Gardiner,C,0,0.0,0.0,0,False,STL,"(65, 80]",107.29421819318438,44.960589864688316,-107.29421819318438,-44.960589864688316
2010,75,3,15,8475709,Kevin Sundher,C,BUF,7,CAN,Kevin Sundher,C,0,0.0,0.0,0,False,BUF,"(65, 80]",106.16233279618547,44.795424008417875,-106.16233279618547,-44.795424008417875
2010,76,3,16,8475710,Jakub Culek,LW,OTT,9,CZE,Jakub Culek,L,0,0.0,0.0,0,False,OTT,"(65, 80]",105.08241937960153,44.64207641747942,-105.08241937960153,-44.64207641747942
2010,77,3,17,8475711,Alexander Guptill,LW,DAL,25,CAN,Alexander Guptill,L,0,0.0,0.0,0,False,DAL,"(65, 80]",104.05209158280329,44.49970144859892,-104.05209158280329,-44.49970144859892
2010,78,3,18,8475712,Taylor Aronson,D,NSH,18,USA,Taylor Aronson,D,0,0.0,0.0,0,False,NSH,"(65, 80]",103.06907261799299,44.36751396759794,-103.06907261799299,-44.36751396759794
2010,79,3,19,8475785,Sondre Olden,LW/RW,TOR,10,NOR,Sondre Olden,L,0,0.0,0.0,0,False,TOR,"(65, 80]",102.13119023902618,44.24478501973033,-102.13119023902618,-44.24478501973033
2010,80,3,20,8475810,Bryan Rust,RW,PIT,5,USA,Bryan Rust,R,710,232.0,270.0,502,False,PIT,"(65, 80]",101.23637194124682,44.13083780982339,608.7636280587532,457.8691621901766
2010,81,3,21,8475802,Louis-Marc Aubry,C,DET,17,CAN,Louis-Marc Aubry,C,0,0.0,0.0,0,False,DET,"(80, 100]",100.38264038172775,44.02504397005559,-100.38264038172775,-44.02504397005559
2010,82,3,22,8475803,Jason Clark,C/LW,NYI,2,USA,Jason Clark,C,0,0.0,0.0,0,False,NYI,"(80, 100]",99.56810900979711,43.92682009478953,-99.56810900979711,-43.92682009478953
2010,83,3,23,8475811,Matt MacKenzie,D,BUF,7,CAN,Matt MacKenzie,D,0,0.0,0.0,0,False,BUF,"(80, 100]",98.79097789819461,43.835624523351164,-98.79097789819461,-43.835624523351164
2010,84,3,24,8475809,Scott Wedgewood,G,NJD,1,CAN,Scott Wedgewood,G,199,0.0,1.0,0,True,NJD,"(80, 100]",98.0495297656456,43.750954353013846,100.9504702343544,
2010,85,3,25,8475801,Austin Levi,D,CAR,12,USA,Austin Levi,D,0,0.0,0.0,0,False,CAR,"(80, 100]",97.34212618206395,43.672342665715014,-97.34212618206395,-43.672342665715014
2010,86,3,26,8475816,Stanislav Galiev,RW,WSH,15,RUS,Stanislav Galiev,R,26,1.0,3.0,4,False,WSH,"(80, 100]",96.66720394799776,43.59935595321225,-70.66720394799776,-39.59935595321225
2010,87,3,27,8475815,Julian Melchiori,D,ATL,11,CAN,Julian Melchiori,D,30,0.0,2.0,2,False,WPG,"(80, 100]",96.02327164031772,43.53159172647953,-66.02327164031772,-41.53159172647953
2010,88,3,28,8475806,Max Gaede,RW,SJS,28,USA,Max Gaede,R,0,0.0,0.0,0,False,SJS,"(80, 100]",95.40890631651433,43.468676296160474,-95.40890631651433,-43.468676296160474
2010,89,3,29,8475808,Michael Chaput,C,PHI,4,CAN,Michael Chaput,C,182,6.0,16.0,22,False,PHI,"(80, 100]",94.822750370322,43.410262711838996,87.177249629678,-21.410262711838996
2010,90,3,30,8475807,Joakim Nordstrom,C,CHI,16,SWE,Joakim Nordstrom,C,444,32.0,43.0,75,False,CHI,"(80, 100]",94.26350853172075,43.35602884876314,349.73649146827927,31.64397115123686
2010,91,4,1,8475817,Jeremie Blain,D,EDM,22,CAN,Jeremie Blain,D,0,0.0,0.0,0,False,EDM,"(80, 100]",93.72994500468717,43.30567563147135,-93.72994500468717,-43.30567563147135
2010,92,4,2,8475821,Sam Brittain,G,FLA,13,CAN,Sam Brittain,G,0,0.0,0.0,0,True,FLA,"(80, 100]",93.22088073636887,43.25892538452533,-93.22088073636887,
2010,93,4,3,8475823,Benjamin Gallacher,D,FLA,13,CAN,Benjamin Gallacher,D,0,0.0,0.0,0,False,FLA,"(80, 100]",92.73519081164858,43.21552030125429,-92.73519081164858,-43.21552030125429
2010,94,4,4,8475822,Brandon Archibald,D,CBJ,29,USA,Brandon Archibald,D,0,0.0,0.0,0,False,CBJ,"(80, 100]",92.27180196733998,43.17522102206672,-92.27180196733998,-43.17522102206672
2010,95,4,5,8475812,Stephen Silas,D,COL,21,CAN,Stephen Silas,D,0,0.0,0.0,0,False,COL,"(80, 100]",91.8296902205227,43.13780531448942,-91.8296902205227,-43.13780531448942
2010,96,4,6,8475814,Geoffrey Schemitsch,D,TBL,14,CAN,Geoffrey Schemitsch,D,0,0.0,0.0,0,False,TBL,"(80, 100]",91.4078786057751,43.10306684765496,-91.4078786057751,-43.10306684765496
2010,97,4,7,8475414,Craig Cunningham,LW,BOS,6,CAN,Craig Cunningham,L,63,3.0,5.0,8,False,BOS,"(80, 100]",91.00543501630513,43.070814054479364,-28.005435016305128,-35.070814054479364
2010,98,4,8,8475818,Steven Shipley,C,BUF,7,CAN,Steven Shipley,C,0,0.0,0.0,0,False,BUF,"(80, 100]",90.62147014420842,43.040869075255486,-90.62147014420842,-43.040869075255486
2010,99,4,9,8475820,Joonas Donskoi,RW,FLA,13,FIN,Joonas Donskoi,R,474,80.0,128.0,208,False,FLA,"(80, 100]",90.25513551530203,43.01306677683635,383.744864484698,164.98693322316365
2010,100,4,10,8475827,Andrew Yogan,C/LW,NYR,3,USA,Andrew Yogan,C,0,0.0,0.0,0,False,NYR,"(80, 100]",89.90562161419135,42.987253841999824,-89.90562161419135,-42.987253841999824
2010,101,4,11,8475828,Ivan Telegin,LW,ATL,11,RUS,Ivan Telegin,L,0,0.0,0.0,0,False,WPG,"(100, 125]",89.572156095427,42.96328792397285,-89.572156095427,-42.96328792397285
2010,102,4,12,8475819,Mathieu Corbeil,G,CBJ,29,CAN,Mathieu Corbeil,G,0,0.0,0.0,0,True,CBJ,"(100, 125]",89.25400207679884,42.94103686145272,-89.25400207679884,
2010,103,4,13,8475829,John Ramage,D,CGY,20,CAN,John Ramage,D,2,0.0,0.0,0,False,CGY,"(100, 125]",88.95045651099544,42.9203779497967,-86.95045651099544,-42.9203779497967
2010,104,4,14,8475825,Jani Hakanpää,D,STL,19,FIN,Jani Hakanpää,D,290,15.0,30.0,45,False,STL,"(100, 125]",88.66084863203102,42.90119726436088,201.33915136796898,2.0988027356391186
2010,105,4,15,8475826,Justin Shugg,LW,CAR,12,CAN,Justin Shugg,R,3,0.0,0.0,0,False,CAR,"(100, 125]",88.38453847300667,42.88338903225681,-85.38453847300667,-42.88338903225681
2010,106,4,16,8475834,Marcus Sorensen,RW,OTT,9,SWE,Marcus Sorensen,L,226,31.0,33.0,64,False,OTT,"(100, 125]",88.12091545193053,42.8668550490614,137.87908454806947,21.1331449509386
2010,107,4,17,8475824,Sami Aittokallio,G,COL,21,FIN,Sami Aittokallio,G,2,0.0,0.0,0,True,COL,"(100, 125]",87.86939702247173,42.85150413726349,-85.86939702247173,
2010,108,4,18,8475833,Bill Arnold,C,CGY,20,USA,Bill Arnold,C,1,0.0,0.0,0,False,CGY,"(100, 125]",87.62942738666686,42.83725164346075,-86.62942738666686,-42.83725164346075
2010,109,4,19,8475835,Alex Theriau,D,DAL,25,CAN,Alex Theriau,D,0,0.0,0.0,0,False,DAL,"(100, 125]",87.4004762667341,42.82401897153408,-87.4004762667341,-42.82401897153408
2010,110,4,20,8475832,Tom Kuhnhackl,RW,PIT,5,DEU,Tom Kuhnhackl,R,232,18.0,36.0,54,False,PIT,"(100, 125]",87.1820377332811,42.8117331492252,144.8179622667189,11.188266850774802
2010,111,4,21,8475800,Teemu Pulkkinen,LW,DET,17,FIN,Teemu Pulkkinen,L,83,13.0,9.0,22,False,DET,"(100, 125]",86.97362908731724,42.80032642572733,-3.973629087317235,-20.800326425727327
2010,112,4,22,8475831,Philipp Grubauer,G,WSH,15,DEU,Philipp Grubauer,G,402,0.0,8.0,0,True,WSH,"(100, 125]",86.7747897935997,42.78973589806988,315.22521020640033,
2010,113,4,23,8475777,Mark MacMillan,F,MTL,8,CAN,Mark MacMillan,R,0,0.0,0.0,0,False,MTL,"(100, 125]",86.58508046295634,42.77990316423669,-86.58508046295634,-42.77990316423669
2010,114,4,24,8475830,Joe Faust,D,NJD,1,USA,Joe Faust,D,0,0.0,0.0,0,False,NJD,"(100, 125]",86.4040818813366,42.770774001105124,-86.4040818813366,-42.770774001105124
2010,115,4,25,8475776,Patrick McNally,D,VAN,23,USA,Patrick McNally,D,0,0.0,0.0,0,False,VAN,"(100, 125]",86.23139408344461,42.76229806542979,-86.23139408344461,-42.76229806542979
2010,116,4,26,8475774,Petter Granberg,D,TOR,10,SWE,Petter Granberg,D,45,0.0,2.0,2,False,TOR,"(100, 125]",86.06663546890789,42.754428616222114,-41.06663546890789,-40.754428616222114
2010,117,4,27,8475782,Morgan Ellis,D,MTL,8,CAN,Morgan Ellis,D,3,0.0,0.0,0,False,MTL,"(100, 125]",85.90944195902806,42.747122256994736,-82.90944195902806,-42.747122256994736
2010,118,4,28,8475773,James Mullin,C/RW,TBL,14,USA,James Mullin,C,0,0.0,0.0,0,False,TBL,"(100, 125]",85.75946619225057,42.7403386964493,-85.75946619225057,-42.7403386964493
2010,119,4,29,8475775,Tye McGinn,LW,PHI,4,CAN,Tye McGinn,L,89,9.0,8.0,17,False,PHI,"(100, 125]",85.61637675657546,42.734040526288005,3.3836232434245375,-25.734040526288005
2010,120,4,30,8475783,Rob Flick,C,CHI,16,CAN,Rob Flick,C,0,0.0,0.0,0,False,CHI,"(100, 125]",85.47985745721293,42.72819301492359,-85.47985745721293,-42.72819301492359
2010,121,5,1,8475781,Tyler Bunz,G,EDM,22,CAN,Tyler Bunz,G,1,0.0,0.0,0,True,EDM,"(100, 125]",85.34960661786548,42.72276391595019,-84.34960661786548,
2010,122,5,2,8475780,Chris Wagner,RW,ANA,24,USA,Chris Wagner,R,401,39.0,27.0,66,False,ANA,"(100, 125]",85.22533641409257,42.71772329031886,315.77466358590743,23.282276709681142
2010,123,5,3,8475786,Zach Hyman,C,FLA,13,CAN,Zach Hyman,L,711,261.0,234.0,495,False,FLA,"(100, 125]",85.10677223728473,42.713043341237125,625.8932277627152,452.28695665876285
2010,124,5,4,8475787,Austin Madaisky,D,CBJ,29,CAN,Austin Madaisky,D,0,0.0,0.0,0,False,CBJ,"(100, 125]",84.9936520878416,42.708698260882116,-84.9936520878416,-42.708698260882116
2010,125,5,5,8474846,Tony Dehart,D,NYI,2,USA,Tony Dehart,D,0,0.0,0.0,0,False,NYI,"(100, 125]",84.88572599621297,42.70466408808199,-84.88572599621297,-42.70466408808199
2010,126,5,6,8475779,Patrick Cehlin,RW,NSH,18,SWE,Patrick Cehlin,R,0,0.0,0.0,0,False,NSH,"(125, 150]",84.78275547052348,42.700918576180825,-84.78275547052348,-42.700918576180825
2010,127,5,7,8475873,Cody Ferriero,C,SJS,28,USA,Cody Ferriero,R,0,0.0,0.0,0,False,SJS,"(125, 150]",84.6845129695604,42.697441070358224,-84.6845129695604,-42.697441070358224
2010,128,5,8,8475840,Fredrik Pettersson-Wentzel,G,ATL,11,SWE,Fredrik Pettersson-Wentzel,G,0,0.0,0.0,0,True,WPG,"(125, 150]",84.59078139995972,42.69421239372728,-84.59078139995972,
2010,129,5,9,8475878,Freddie Hamilton,C,SJS,28,CAN,Freddie Hamilton,C,75,4.0,2.0,6,False,SJS,"(125, 150]",84.50135363647975,42.69121474158261,-9.501353636479749,-36.69121474158261
2010,130,5,10,8475449,Jason Wilson,LW,NYR,3,CAN,Jason Wilson,L,0,0.0,0.0,0,False,NYR,"(125, 150]",84.41603206430189,42.688431583215404,-84.41603206430189,-42.688431583215404
2010,131,5,11,8475906,John Klingberg,D,DAL,25,SWE,John Klingberg,D,700,92.0,351.0,443,False,DAL,"(125, 150]",84.33462814234724,42.68584757075394,615.6653718576528,400.31415242924606
2010,132,5,12,8475841,Tim Heed,D,ANA,24,SWE,Tim Heed,D,105,6.0,23.0,29,False,ANA,"(125, 150]",84.25696198664414,42.68344845452697,20.743038013355857,-13.683448454526967
2010,133,5,13,8475907,Micheal Ferland,LW,CGY,20,CAN,Micheal Ferland,L,335,60.0,74.0,134,False,CGY,"(125, 150]",84.1828619728259,42.68122100448314,250.8171380271741,91.31877899551685
2010,134,5,14,8475847,Cody Beach,RW,STL,19,CAN,Cody Beach,R,0,0.0,0.0,0,False,STL,"(125, 150]",84.1121643568804,42.67915293723323,-84.1121643568804,-42.67915293723323
2010,135,5,15,8475845,Justin Florek,LW,BOS,6,USA,Justin Florek,L,4,1.0,1.0,2,False,BOS,"(125, 150]",84.04471291331333,42.67723284831272,-80.04471291331333,-40.67723284831272
2010,136,5,16,8475838,Isaac MacLeod,D,SJS,28,CAN,Isaac MacLeod,D,0,0.0,0.0,0,False,SJS,"(125, 150]",83.98035858992586,42.67545014929128,-83.98035858992586,-42.67545014929128
2010,137,5,17,8475846,Troy Rutkowski,D,COL,21,CAN,Troy Rutkowski,D,0,0.0,0.0,0,False,COL,"(125, 150]",83.91895917844342,42.673795009382346,-83.91895917844342,-42.673795009382346
2010,138,5,18,8475839,Louis Domingue,G,PHX,27,CAN,Louis Domingue,G,144,0.0,2.0,0,True,UTA,"(125, 150]",83.86037900026808,42.67225830123072,60.13962099973192,
2010,139,5,19,8475415,Luke Walker,RW,COL,21,USA,Luke Walker,R,0,0.0,0.0,0,False,COL,"(125, 150]",83.80448860666007,42.670831550579294,-83.80448860666007,-42.670831550579294
2010,140,5,20,8475844,Kenny Agostino,LW,PIT,5,USA,Kenny Agostino,L,86,8.0,22.0,30,False,PIT,"(125, 150]",83.75116449268575,42.66950688953732,2.2488355073142543,-12.669506889537317
2010,141,5,21,8475852,Petr Mrazek,G,DET,17,CZE,Petr Mrazek,G,438,0.0,5.0,0,True,DET,"(125, 150]",83.70028882430006,42.66827701319251,354.29971117569994,
2010,142,5,22,8475843,Caleb Herbert,C,WSH,15,USA,Caleb Herbert,C,0,0.0,0.0,0,False,WSH,"(125, 150]",83.65174917796037,42.66713513932773,-83.65174917796037,-42.66713513932773
2010,143,5,23,8475851,Gregg Sutch,RW,BUF,7,CAN,Gregg Sutch,R,0,0.0,0.0,0,False,BUF,"(125, 150]",83.60543829219628,42.666074971020116,-83.60543829219628,-42.666074971020116
2010,144,5,24,8475842,Sam Carrick,C,TOR,10,CAN,Sam Carrick,C,393,43.0,46.0,89,False,TOR,"(125, 150]",83.56125383058635,42.665090661916324,309.43874616941366,46.334909338083676
2010,145,5,25,8475853,Adam Polasek,D,VAN,23,CZE,Adam Polasek,D,0,0.0,0.0,0,False,VAN,"(125, 150]",83.5190981556182,42.66417678399255,-83.5190981556182,-42.66417678399255
2010,146,5,26,8475850,Daniel Brodin,LW,TOR,10,SWE,Daniel Brodin,L,0,0.0,0.0,0,False,TOR,"(125, 150]",83.47887811293191,42.663328297621426,-83.47887811293191,-42.663328297621426
2010,147,5,27,8475848,Brendan Gallagher,RW,MTL,8,CAN,Brendan Gallagher,R,911,246.0,241.0,487,False,MTL,"(125, 150]",83.44050482547043,42.66254052378066,827.5594951745296,444.33745947621935
2010,148,5,28,8475857,Kevin Gravel,D,LAK,26,USA,Kevin Gravel,D,139,1.0,14.0,15,False,LAK,"(125, 150]",83.40389349708157,42.66180911825041,55.59610650291843,-27.66180911825041
2010,149,5,29,8475849,Michael Parks,RW,PHI,4,USA,Michael Parks,R,0,0.0,0.0,0,False,PHI,"(125, 150]",83.36896322513803,42.66113004765679,-83.36896322513803,-42.66113004765679
2010,150,5,30,8475858,Yasin Cisse,RW,ATL,11,CAN,Yasin Cisse,R,0,0.0,0.0,0,False,WPG,"(125, 150]",83.33563682176118,42.66049956722966,-83.33563682176118,-42.66049956722966
2010,151,6,1,8475859,Mirko Hoefflin,C,CHI,16,DEU,Mirko Hoefflin,C,0,0.0,0.0,0,False,CHI,"(150, 180]",83.30384064325355,42.65991420015188,-83.30384064325355,-42.65991420015188
2010,152,6,2,8475854,Joe Rogalski,D,PIT,5,USA,Joe Rogalski,D,0,0.0,0.0,0,False,PIT,"(150, 180]",83.27350442736322,42.65937071838622,-83.27350442736322,-42.65937071838622
2010,153,6,3,8475864,Corey Durocher,LW,FLA,13,CAN,Corey Durocher,L,0,0.0,0.0,0,False,FLA,"(150, 180]",83.2445611380203,42.658866124874194,-83.2445611380203,-42.658866124874194
2010,154,6,4,8474774,Dalton Prout,D,CBJ,29,CAN,Dalton Prout,D,264,7.0,31.0,38,False,CBJ,"(150, 180]",83.2169468172027,42.6583976370086,180.7830531827973,-4.658397637008598
2010,155,6,5,8475856,Kendall McFaull,D,ATL,11,CAN,Kendall McFaull,D,0,0.0,0.0,0,False,WPG,"(150, 180]",83.19060044360353,42.657962671288715,-83.19060044360353,-42.657962671288715
2010,156,6,6,8475863,Brendan O'Donnell,C,TBL,14,CAN,Brendan O'Donnell,C,0,0.0,0.0,0,False,TBL,"(150, 180]",83.16546379778804,42.65755882907344,-83.16546379778804,-42.65755882907344
2010,157,6,7,8475855,Jesper Fast,RW,NYR,3,SWE,Jesper Fast,R,703,91.0,157.0,248,False,NYR,"(150, 180]",83.14148133354207,42.657183883353845,619.8585186664579,205.34281611664616
2010,158,6,8,8475861,Maxim Kitsyn,LW,LAK,26,RUS,Maxim Kitsyn,L,0,0.0,0.0,0,False,LAK,"(150, 180]",83.11860005512764,42.656835766472234,-83.11860005512764,-42.656835766472234
2010,159,6,9,8475860,Johan Gustafsson,G,MIN,30,SWE,Johan Gustafsson,G,0,0.0,0.0,0,True,MIN,"(150, 180]",83.09676940017454,42.65651255871995,-83.09676940017454,
2010,160,6,10,8475871,Tanner Lane,C,ATL,11,USA,Tanner Lane,C,0,0.0,0.0,0,False,WPG,"(150, 180]",83.07594112794911,42.65621247775101,-83.07594112794911,-42.65621247775101
2010,161,6,11,8475862,Andreas Dahlstrom,F,ANA,24,SWE,Andreas Dahlstrom,C,0,0.0,0.0,0,False,ANA,"(150, 180]",83.05606921275334,42.65593386875329,-83.05606921275334,-42.65593386875329
2010,162,6,12,8475869,Brandon Davidson,D,EDM,22,CAN,Brandon Davidson,D,180,9.0,14.0,23,False,EDM,"(150, 180]",83.03710974221858,42.65567519532296,96.96289025778142,-19.655675195322956
2010,163,6,13,8475870,Konrad Abeltshauser,D,SJS,28,DEU,Konrad Abeltshauser,D,0,0.0,0.0,0,False,SJS,"(150, 180]",83.01902082026932,42.655435030991924,-83.01902082026932,-42.655435030991924
2010,164,6,14,8475875,Stephen MacAulay,LW,STL,19,CAN,Stephen MacAulay,L,0,0.0,0.0,0,False,STL,"(150, 180]",83.0017624745425,42.65521205136148,-83.0017624745425,-42.65521205136148
2010,165,6,15,8475876,Zane McIntyre,G,BOS,6,USA,Zane McIntyre,G,8,0.0,0.0,0,True,BOS,"(150, 180]",82.98529656805775,42.65500502679885,-74.98529656805775,
2010,166,6,16,8475877,Drew Czerwonka,LW,EDM,22,CAN,Drew Czerwonka,L,0,0.0,0.0,0,False,EDM,"(150, 180]",82.96958671494343,42.654812815656285,-82.96958671494343,-42.654812815656285
2010,167,6,17,8475867,Tyler Stahl,D,CAR,12,CAN,Tyler Stahl,D,0,0.0,0.0,0,False,CAR,"(150, 180]",82.95459820003221,42.65463435797545,-82.95459820003221,-42.65463435797545
2010,168,6,18,8475868,Anthony Bitetto,D,NSH,18,USA,Anthony Bitetto,D,197,3.0,28.0,31,False,NSH,"(150, 180]",82.9402979021485,42.65446866964217,114.0597020978515,-11.65446866964217
2010,169,6,19,8475866,Sebastian Owuya,D,ATL,11,SWE,Sebastian Owuya,D,0,0.0,0.0,0,False,WPG,"(150, 180]",82.92665422091831,42.6543148369595,-82.92665422091831,-42.6543148369595
2010,170,6,20,8475872,Reid McNeill,D,PIT,5,CAN,Reid McNeill,D,0,0.0,0.0,0,False,PIT,"(150, 180]",82.91363700693962,42.65417201160911,-82.91363700693962,-42.65417201160911
2010,171,6,21,8475804,Brooks Macek,C,DET,17,CAN,Brooks Macek,C,0,0.0,0.0,0,False,DET,"(150, 180]",82.9012174951592,42.65403940597316,-82.9012174951592,-42.65403940597316
2010,172,6,22,8475836,Alex Friesen,C,VAN,23,CAN,Alex Friesen,C,1,0.0,0.0,0,False,VAN,"(150, 180]",82.88936824130836,42.653916288790974,-81.88936824130836,-42.653916288790974
2010,173,6,23,8475874,Cedrick Henley,LW,BUF,7,CAN,Cedrick Henley,L,0,0.0,0.0,0,False,BUF,"(150, 180]",82.87806306125748,42.653801981126435,-82.87806306125748,-42.653801981126435
2010,174,6,24,8475805,Maxime Clermont,G,NJD,1,CAN,Maxime Clermont,G,0,0.0,0.0,0,True,NJD,"(150, 180]",82.86727697315509,42.65369585262398,-82.86727697315509,
2010,175,6,25,8475909,Jonathan Iilahti,G,VAN,23,FIN,Jonathan Iilahti,G,0,0.0,0.0,0,True,VAN,"(150, 180]",82.85698614222369,42.65359731803246,-82.85698614222369,
2010,176,6,26,8475912,Samuel Carrier,D,WSH,15,CAN,Samuel Carrier,D,0,0.0,0.0,0,False,WSH,"(150, 180]",82.8471678280904,42.65350583397773,-82.8471678280904,-42.65350583397773
2010,177,6,27,8475914,Kevin Lind,D,ANA,24,USA,Kevin Lind,D,0,0.0,0.0,0,False,ANA,"(150, 180]",82.83780033453596,42.65342089596622,-82.83780033453596,-42.65342089596622
2010,178,6,28,8475913,Mark Stone,RW,OTT,9,CAN,Mark Stone,R,766,259.0,448.0,707,False,OTT,"(150, 180]",82.82886296155098,42.653342035602826,683.171137038449,664.3466579643972
2010,179,6,29,8475915,Nick Luukko,D,PHI,4,USA,Nick Luukko,D,0,0.0,0.0,0,False,PHI,"(150, 180]",82.82033595959383,42.65326881800799,-82.82033595959383,-42.65326881800799
2010,180,6,30,8475911,Nick Mattson,D,CHI,16,USA,Nick Mattson,D,0,0.0,0.0,0,False,CHI,"(150, 180]",82.81220048594854,42.65320083941945,-82.81220048594854,-42.65320083941945
2010,181,7,1,8475916,Kristians Pelss,F,EDM,22,LVA,Kristians Pelss,L,0,0.0,0.0,0,False,EDM,"(180, 211]",82.80443856308683,42.65313772496576,-82.80443856308683,-42.65313772496576
2010,182,7,2,8475882,Josh Nicholls,RW,TOR,10,CAN,Josh Nicholls,R,0,0.0,0.0,0,False,TOR,"(180, 211]",82.79703303894182,42.65307912659897,-82.79703303894182,-42.65307912659897
2010,183,7,3,8475881,Ronald Boyd,D,FLA,13,USA,Ronald Boyd,D,0,0.0,0.0,0,False,FLA,"(180, 211]",82.78996754900598,42.653024721175335,-82.78996754900598,-42.653024721175335
2010,184,7,4,8475910,Martin Ouellette,G,CBJ,29,CAN,Martin Ouellette,G,0,0.0,0.0,0,True,CBJ,"(180, 211]",82.78322648016925,42.652974208673314,-82.78322648016925,
2010,185,7,5,8475880,Cody Rosen,G,NYI,2,CAN,Cody Rosen,G,0,0.0,0.0,0,True,NYI,"(180, 211]",82.7767949362177,42.652927310539084,-82.7767949362177,
2010,186,7,6,8474695,Teigan Zahn,D,TBL,14,CAN,Teigan Zahn,D,0,0.0,0.0,0,False,TBL,"(180, 211]",82.77065870491634,42.65288376815045,-82.77065870491634,-42.65288376815045
2010,187,7,7,8475883,Frederik Andersen,G,CAR,12,DNK,Frederik Andersen,G,552,0.0,17.0,0,True,CAR,"(180, 211]",82.76480422660329,42.652843341390636,469.2351957733967,
2010,188,7,8,8475888,Lee Moffie,D,SJS,28,USA,Lee Moffie,D,0,0.0,0.0,0,False,SJS,"(180, 211]",82.75921856422605,42.65280580732417,-82.75921856422605,-42.65280580732417
2010,189,7,9,8475886,Dylen McKinlay,RW,MIN,30,CAN,Dylen McKinlay,R,0,0.0,0.0,0,False,MIN,"(180, 211]",82.7538893747536,42.652770958967494,-82.7538893747536,-42.652770958967494
2010,190,7,10,8475887,Randy McNaught,RW,NYR,3,CAN,Randy McNaught,R,0,0.0,0.0,0,False,NYR,"(180, 211]",82.74880488190117,42.65273860414752,-82.74880488190117,-42.65273860414752
2010,191,7,11,8475879,Mac Carruth,G,CHI,16,USA,Mac Carruth,G,0,0.0,0.0,0,True,CHI,"(180, 211]",82.7439538501073,42.65270856444192,-82.7439538501073,
2010,192,7,12,8475885,Brett Perlini,RW,ANA,24,CAN,Brett Perlini,R,0,0.0,0.0,0,False,ANA,"(180, 211]",82.73932555970585,42.65268067419517,-82.73932555970585,-42.65268067419517
2010,193,7,13,8475889,Patrick Holland,RW,CGY,20,CAN,Patrick Holland,R,5,0.0,0.0,0,False,CGY,"(180, 211]",82.73490978323798,42.652654779605044,-77.73490978323798,-42.652654779605044
2010,194,7,14,8475891,David Elsner,LW/RW,NSH,18,DEU,David Elsner,L,0,0.0,0.0,0,False,NSH,"(180, 211]",82.73069676285189,42.65263073787449,-82.73069676285189,-42.65263073787449
2010,195,7,15,8475892,Maxim Chudinov,D,BOS,6,RUS,Maxim Chudinov,D,0,0.0,0.0,0,False,BOS,"(180, 211]",82.72667718874011,42.65260841642412,-82.72667718874011,-42.65260841642412
2010,196,7,16,8475894,Bryce Aneloski,D,OTT,9,USA,Bryce Aneloski,D,0,0.0,0.0,0,False,OTT,"(180, 211]",82.72284217856702,42.652587692161156,-82.72284217856702,-42.652587692161156
2010,197,7,17,8475884,Luke Moffatt,C,COL,21,USA,Luke Moffatt,C,0,0.0,0.0,0,False,COL,"(180, 211]",82.71918325784091,42.652568450800544,-82.71918325784091,-42.652568450800544
2010,198,7,18,8475893,Joonas Rask,C,NSH,18,FIN,Joonas Rask,C,2,0.0,1.0,1,False,NSH,"(180, 211]",82.71569234118732,42.65255058623481,-80.71569234118732,-41.65255058623481
2010,199,7,19,8475895,Peter Stoykewych,D,ATL,11,CAN,Peter Stoykewych,D,0,0.0,0.0,0,False,WPG,"(180, 211]",82.71236171448218,42.65253399994888,-82.71236171448218,-42.65253399994888
2010,200,7,20,8475890,Christopher Crane,RW,SJS,28,USA,Christopher Crane,R,0,0.0,0.0,0,False,SJS,"(180, 211]",82.70918401780544,42.65251860047681,-82.70918401780544,-42.65251860047681
2010,201,7,21,8475897,Ben Marshall,D,DET,17,USA,Ben Marshall,D,0,0.0,0.0,0,False,DET,"(180, 211]",82.70615222917723,42.65250430289742,-82.70615222917723,-42.65250430289742
2010,202,7,22,8475900,Kellen Jones,F,EDM,22,CAN,Kellen Jones,L,0,0.0,0.0,0,False,EDM,"(180, 211]",82.703259649041,42.65249102836595,-82.703259649041,-42.65249102836595
2010,203,7,23,8475901,Christian Isackson,RW,BUF,7,USA,Christian Isackson,R,0,0.0,0.0,0,False,BUF,"(180, 211]",82.70049988545898,42.652478703679314,-82.70049988545898,-42.652478703679314
2010,204,7,24,8475898,Mauro Jorg,RW,NJD,1,CHE,Mauro Jorg,R,0,0.0,0.0,0,False,NJD,"(180, 211]",82.69786683998748,42.652467260872385,-82.69786683998748,-42.652467260872385
2010,205,7,25,8475899,Sawyer Hannay,D,VAN,23,CAN,Sawyer Hannay,D,0,0.0,0.0,0,False,VAN,"(180, 211]",82.69535469420074,42.652456636843205,-82.69535469420074,-42.652456636843205
2010,206,7,26,8475905,Ricard Blidstrand,D,PHI,4,SWE,Ricard Blidstrand,D,0,0.0,0.0,0,False,PHI,"(180, 211]",82.69295789683352,42.65244677300502,-82.69295789683352,-42.65244677300502
2010,207,7,27,8475903,John Westin,LW,MTL,8,SWE,John Westin,L,0,0.0,0.0,0,False,MTL,"(180, 211]",82.69067115151412,42.65243761496317,-82.69067115151412,-42.65243761496317
2010,208,7,28,8475904,Riley Boychuk,LW,BUF,7,CAN,Riley Boychuk,L,0,0.0,0.0,0,False,BUF,"(180, 211]",82.68848940506057,42.65242911221517,-82.68848940506057,-42.65242911221517
2010,209,7,29,8475896,Brendan Ranford,LW,PHI,4,CAN,Brendan Ranford,L,1,0.0,0.0,0,False,PHI,"(180, 211]",82.68640783631426,42.65242121787215,-81.68640783631426,-42.65242121787215
2010,210,7,30,8475902,Zach Trotman,D,BOS,6,USA,Zach Trotman,D,91,3.0,10.0,13,False,BOS,"(180, 211]",82.68442184548637,42.652413888400375,8.31557815451363,-29.652413888400375
2011,1,1,1,8476454,Ryan Nugent-Hopkins,C,EDM,22,CAN,Ryan Nugent-Hopkins,C,1031,291.0,513.0,804,False,EDM,,844.7618549404874,563.9056503589592,186.2381450595126,240.09434964104082
2011,2,1,2,8476455,Gabriel Landeskog,LW,COL,21,SWE,Gabriel Landeskog,L,798,262.0,344.0,606,False,COL,"(1, 2]",809.7681901837298,526.6079284397246,-11.768190183729757,79.39207156027544
2011,3,1,3,8476456,Jonathan Huberdeau,C,FLA,13,CAN,Jonathan Huberdeau,L,962,263.0,544.0,807,False,FLA,"(2, 3]",776.3813047565832,491.9790049263708,185.61869524341682,315.0209950736292
2011,4,1,4,8476457,Adam Larsson,D,NJD,1,SWE,Adam Larsson,D,1012,59.0,207.0,266,False,NJD,"(3, 4]",744.5274213101472,459.82791681727923,267.47257868985275,-193.82791681727923
2011,5,1,5,8476458,Ryan Strome,C,NYI,2,CAN,Ryan Strome,C,916,174.0,327.0,501,False,NYI,"(4, 5]",714.1361500778175,429.977365263173,201.86384992218245,71.022634736827
2011,6,1,6,8476459,Mika Zibanejad,C,OTT,9,SWE,Mika Zibanejad,C,1011,348.0,470.0,818,False,OTT,"(5, 6]",685.1403333300681,402.26273784338173,325.8596666699319,415.73726215661827
2011,7,1,7,8476460,Mark Scheifele,C,WPG,52,CAN,Mark Scheifele,C,961,372.0,535.0,907,False,WPG,"(6, 8]",657.4758969712924,376.5312008020775,303.5241030287076,530.4687991979225
2011,8,1,8,8476461,Sean Couturier,C,PHI,4,USA,Sean Couturier,C,952,218.0,361.0,579,False,PHI,"(6, 8]",631.0817089507688,352.6408562385712,320.91829104923124,226.3591437614288
2011,9,1,9,8476462,Dougie Hamilton,D,BOS,6,CAN,Dougie Hamilton,D,912,163.0,377.0,540,False,BOS,"(8, 10]",605.8994441748678,330.45995960395163,306.10055582513223,209.54004039604837
2011,10,1,10,8476463,Jonas Brodin,D,MIN,30,SWE,Jonas Brodin,D,915,62.0,216.0,278,False,MIN,"(8, 10]",581.8734556219907,309.8661931889113,333.12654437800927,-31.866193188911325
2011,11,1,11,8476464,Duncan Siemens,D,COL,21,CAN,Duncan Siemens,D,20,1.0,1.0,2,False,COL,"(10, 12]",558.9506513754325,290.7459915963702,-538.9506513754325,-288.7459915963702
2011,12,1,12,8476465,Ryan Murphy,D,CAR,12,CAN,Ryan Murphy,D,175,8.0,35.0,43,False,CAR,"(10, 12]",537.0803773024388,272.99391547918094,-362.0803773024388,-229.99391547918094
2011,13,1,13,8476466,Sven Baertschi,LW,CGY,20,CHE,Sven Baertschi,L,292,66.0,72.0,138,False,CGY,"(12, 15]",516.2143051202067,256.5120700893594,-224.21430512020675,-118.51207008935938
2011,14,1,14,8476467,Jamie Oleksiak,D,DAL,25,CAN,Jamie Oleksiak,D,758,45.0,116.0,161,False,DAL,"(12, 15]",496.30632560147916,241.20956543240027,261.69367439852084,-80.20956543240027
2011,15,1,15,8476468,J.T. Miller,C,NYR,3,USA,J.T. Miller,C,939,277.0,485.0,762,False,NYR,"(12, 15]",477.3124466837421,227.00201504967026,461.6875533162579,534.9979849503297
2011,16,1,16,8476469,Joel Armia,RW,BUF,7,FIN,Joel Armia,R,653,116.0,116.0,232,False,BUF,"(15, 20]",459.19069625687024,213.81107066488858,193.80930374312976,18.188929335111425
2011,17,1,17,8476470,Nathan Beaulieu,D,MTL,8,CAN,Nathan Beaulieu,D,471,12.0,86.0,98,False,MTL,"(15, 20]",441.90102941440335,201.5639901284781,29.098970585596646,-103.56399012847811
2011,18,1,18,8476471,Mark McNeill,C,CHI,16,CAN,Mark McNeill,C,2,0.0,0.0,0,False,CHI,"(15, 20]",425.4052399634998,190.1932362771945,-423.4052399634998,-190.1932362771945
2011,19,1,19,8476472,Oscar Klefbom,D,EDM,22,SWE,Oscar Klefbom,D,378,34.0,122.0,156,False,EDM,"(15, 20]",409.6668759980253,179.63610449692322,-31.66687599802532,-23.636104496923224
2011,20,1,20,8476473,Connor Murphy,D,PHX,27,USA,Connor Murphy,D,825,48.0,129.0,177,False,UTA,"(15, 20]",394.651159348212,169.83437693482028,430.348840651788,7.165623065179716
2011,21,1,21,8476474,Stefan Noesen,RW,OTT,9,USA,Stefan Noesen,R,482,83.0,92.0,175,False,OTT,"(20, 25]",380.324908728891,160.7340014539319,101.67509127110901,14.26599854606809
2011,22,1,22,8476475,Tyler Biggs,RW,TOR,10,USA,Tyler Biggs,R,0,0.0,0.0,0,False,TOR,"(20, 25]",366.6564664164723,152.28479355987108,-366.6564664164723,-152.28479355987108
2011,23,1,23,8476476,Joe Morrow,D,PIT,5,CAN,Joe Morrow,D,162,9.0,23.0,32,False,PIT,"(20, 25]",353.6156282926471,144.44015965581036,-191.6156282926471,-112.44015965581036
2011,24,1,24,8476477,Matt Puempel,LW,OTT,9,CAN,Matt Puempel,L,87,11.0,5.0,16,False,OTT,"(20, 25]",341.17357710022264,137.15684009966634,-254.17357710022264,-121.15684009966634
2011,25,1,25,8476478,Stuart Percy,D,TOR,10,CAN,Stuart Percy,D,12,0.0,3.0,3,False,TOR,"(20, 25]",329.30281876360266,130.3946706465514,-317.30281876360266,-127.39467064655139
2011,26,1,26,8476479,Phillip Danault,LW,CHI,16,CAN,Phillip Danault,C,786,131.0,280.0,411,False,CHI,"(25, 31]",317.97712163319443,124.11636096095384,468.02287836680557,286.88363903904616
2011,27,1,27,8476480,Vladislav Namestnikov,C,TBL,14,RUS,Vladislav Namestnikov,C,846,145.0,205.0,350,False,TBL,"(25, 31]",307.17145851948806,118.28728897724142,538.828541480512,231.71271102275858
2011,28,1,28,8476481,Zack Phillips,C,MIN,30,CAN,Zack Phillips,C,0,0.0,0.0,0,False,MIN,"(25, 31]",296.86195138871545,112.87530997447791,-296.86195138871545,-112.87530997447791
2011,29,1,29,8476482,Nicklas Jensen,LW/RW,VAN,23,DNK,Nicklas Jensen,R,31,3.0,3.0,6,False,VAN,"(25, 31]",287.0258185978798,107.85057931268578,-256.0258185978798,-101.85057931268578
2011,30,1,30,8476483,Rickard Rakell,RW,ANA,24,SWE,Rickard Rakell,R,862,260.0,307.0,567,False,ANA,"(25, 31]",277.6413245525565,103.18538785302533,584.3586754474435,463.8146121469747
2011,31,2,1,8476426,David Musil,D,EDM,22,CAN,David Musil,D,4,0.0,2.0,2,False,EDM,"(25, 31]",268.6877316762219,98.85400915430591,-264.6877316762219,-96.85400915430591
2011,32,2,2,8476427,Ty Rattie,RW,STL,19,CAN,Ty Rattie,R,99,13.0,17.0,30,False,STL,"(31, 40]",260.14525458497144,94.83255760318657,-161.14525458497144,-64.83255760318657
2011,33,2,3,8476428,Rocco Grimaldi,C,FLA,13,USA,Rocco Grimaldi,R,203,30.0,37.0,67,False,FLA,"(31, 40]",251.99501636636575,91.09885669571764,-48.995016366365746,-24.098856695717643
2011,34,2,4,8476429,Scott Mayfield,D,NYI,2,USA,Scott Mayfield,D,615,30.0,110.0,140,False,NYI,"(31, 40]",244.21900686578914,87.63231674385521,370.78099313421086,52.36768325614479
2011,35,2,5,8476430,Tomas Jurco,RW,DET,17,SVK,Tomas Jurco,R,221,22.0,31.0,53,False,DET,"(31, 40]",236.80004288814456,84.41382133255445,-15.80004288814456,-31.41382133255445
2011,36,2,6,8476431,Adam Clendening,D,CHI,16,USA,Adam Clendening,D,90,4.0,20.0,24,False,CHI,"(31, 40]",229.72173022693886,81.42562190130346,-139.72173022693886,-57.42562190130346
2011,37,2,7,8476432,Boone Jenner,C,CBJ,29,CAN,Boone Jenner,C,808,212.0,209.0,421,False,CBJ,"(31, 40]",222.96842743685136,78.65123986876237,585.0315725631486,342.3487601312376
2011,38,2,8,8476433,Magnus Hellberg,G,NSH,18,SWE,Magnus Hellberg,G,26,0.0,0.0,0,True,NSH,"(31, 40]",216.5252112697325,76.07537576076862,-190.5252112697325,
2011,39,2,9,8476434,John Gibson,G,ANA,24,USA,John Gibson,G,563,0.0,8.0,0,True,ANA,"(31, 40]",210.3778436976523,73.68382484059008,352.62215630234766,
2011,40,2,10,8476435,Alex Khokhlachev,C/LW,BOS,6,RUS,Alex Khokhlachev,C,9,0.0,0.0,0,False,BOS,"(31, 40]",204.51274045012914,71.46339877616482,-195.51274045012914,-71.46339877616482
2011,41,2,11,8476436,Dmitrij Jaskin,RW,STL,19,RUS,Dmitrij Jaskin,R,315,27.0,43.0,70,False,STL,"(40, 50]",198.91694099601142,69.40185291235734,116.08305900398858,0.5981470876426584
2011,42,2,12,8476437,Victor Rask,C,CAR,12,SWE,Victor Rask,C,506,89.0,134.0,223,False,CAR,"(40, 50]",193.57807990368076,67.48781874717034,312.42192009631924,155.51218125282966
2011,43,2,13,8476438,Brandon Saad,LW,CHI,16,USA,Brandon Saad,L,984,269.0,269.0,538,False,CHI,"(40, 50]",188.48435951628767,65.71074123954845,795.5156404837123,472.28925876045156
2011,44,2,14,8476439,Brett Ritchie,RW,DAL,25,CAN,Brett Ritchie,R,391,50.0,35.0,85,False,DAL,"(40, 50]",183.62452388163973,64.06082060305499,207.37547611836027,20.939179396945008
2011,45,2,15,8476440,Markus Granlund,C,CGY,20,FIN,Markus Granlund,C,335,58.0,43.0,101,False,CGY,"(40, 50]",178.98783387913235,62.528958264439325,156.01216612086765,38.471041735560675
2011,46,2,16,8476441,Joel Edmundson,D,STL,19,CAN,Joel Edmundson,D,685,37.0,116.0,153,False,STL,"(40, 50]",174.56404348875844,61.106706689080966,510.43595651124156,91.89329331091903
2011,47,2,17,8476442,Matt Nieto,LW,SJS,28,USA,Matt Nieto,L,705,87.0,119.0,206,False,SJS,"(40, 50]",170.34337714975766,59.786222796620166,534.6566228502423,146.21377720337983
2011,48,2,18,8476443,Xavier Ouellet,D,DET,17,FRA,Xavier Ouellet,D,178,5.0,23.0,28,False,DET,"(40, 50]",166.31650815887204,58.560224709882874,11.68349184112796,-30.560224709882874
2011,49,2,19,8476444,Christopher Gibson,G,LAK,26,FIN,Christopher Gibson,G,16,0.0,0.0,0,True,LAK,"(40, 50]",162.474538060474,57.42195159859,-146.474538060474,
2011,50,2,20,8476445,Johan Sundstrom,C,NYI,2,SWE,Johan Sundstrom,C,11,0.0,1.0,1,False,NYI,"(40, 50]",158.8089769830231,56.365126396406794,-147.8089769830231,-55.365126396406794
2011,51,2,21,8476446,Alexander Ruuttu,C,PHX,27,USA,Alexander Ruuttu,C,0,0.0,0.0,0,False,UTA,"(50, 65]",155.3117248783995,55.38392118573376,-155.3117248783995,-55.38392118573376
2011,52,2,22,8476447,Miikka Salomaki,RW,NSH,18,FIN,Miikka Salomaki,R,167,12.0,15.0,27,False,NSH,"(50, 65]",151.97505362265838,54.472925059351624,15.024946377341621,-27.472925059351624
2011,53,2,23,8476448,William Karlsson,C,ANA,24,SWE,William Karlsson,C,752,183.0,270.0,453,False,ANA,"(50, 65]",148.79158993865056,53.627114281691775,603.2084100613495,399.3728857183082
2011,54,2,24,8476449,Scott Harrington,D,PIT,5,CAN,Scott Harrington,D,255,11.0,38.0,49,False,PIT,"(50, 65]",145.7542991027736,52.8418245851849,109.24570089722641,-3.841824585184902
2011,55,2,25,8476450,Ryan Sproul,D,DET,17,CAN,Ryan Sproul,D,44,2.0,10.0,12,False,DET,"(50, 65]",142.85646939984818,52.11272544891468,-98.85646939984818,-40.11272544891468
2011,56,2,26,8476451,Lucas Lessio,LW,PHX,27,CAN,Lucas Lessio,L,41,3.0,4.0,7,False,UTA,"(50, 65]",140.0916972917691,51.43579621773465,-99.0916972917691,-44.43579621773465
2011,57,2,27,8476452,Tyler Wotherspoon,D,CGY,20,CAN,Tyler Wotherspoon,D,30,0.0,5.0,5,False,CGY,"(50, 65]",137.45387326715675,50.80730393015615,-107.45387326715675,-45.80730393015615
2011,58,2,28,8476453,Nikita Kucherov,LW/RW,TBL,14,RUS,Nikita Kucherov,R,879,401.0,723.0,1124,False,TBL,"(50, 65]",134.93716834074,50.22378273273779,744.06283165926,1073.7762172672622
2011,59,2,29,8476420,Rasmus Bengtsson,D,FLA,13,SWE,Rasmus Bengtsson,D,0,0.0,0.0,0,False,FLA,"(50, 65]",132.53602117263767,49.68201476745624,-132.53602117263767,-49.68201476745624
2011,60,2,30,8476385,Mario Lucia,LW,MIN,30,USA,Mario Lucia,L,0,0.0,0.0,0,False,MIN,"(50, 65]",130.2451257790745,49.179012426660584,-130.2451257790745,-49.179012426660584
2011,61,2,31,8476386,Shane Prince,C,OTT,9,USA,Shane Prince,L,128,12.0,26.0,38,False,OTT,"(50, 65]",128.05941980737566,48.71200187775444,-0.05941980737566155,-10.712001877754439
2011,62,3,1,8476387,Samu Perhonen,G,EDM,22,FIN,Samu Perhonen,G,0,0.0,0.0,0,True,EDM,"(50, 65]",125.97407334933011,48.278407766751634,-125.97407334933011,
2011,63,3,2,8476388,Andrey Pedan,D,NYI,2,LTU,Andrey Pedan,D,13,0.0,0.0,0,False,NYI,"(50, 65]",123.98447826820251,47.875839016352614,-110.98447826820251,-47.875839016352614
2011,64,3,3,8476389,Vincent Trocheck,C,FLA,13,USA,Vincent Trocheck,C,868,239.0,392.0,631,False,FLA,"(50, 65]",122.08623801580958,47.50207564022413,745.9137619841904,583.4979243597759
2011,65,3,4,8476390,Joseph Cramarossa,C,ANA,24,CAN,Joseph Cramarossa,C,68,5.0,8.0,13,False,ANA,"(50, 65]",120.27515791715824,47.15505650076909,-52.27515791715824,-34.15505650076909
2011,66,3,5,8476391,T.J. Tynan,C,CBJ,29,USA,T.J. Tynan,C,31,0.0,2.0,2,False,CBJ,"(65, 80]",118.54723590117729,46.832867942875936,-87.54723590117729,-44.832867942875936
2011,67,3,6,8476392,Adam Lowry,LW,WPG,52,USA,Adam Lowry,C,845,126.0,168.0,294,False,WPG,"(65, 80]",116.89865365705954,46.53373324096787,728.1013463429405,247.46626675903212
2011,68,3,7,8476393,Nick Cousins,C,PHI,4,CAN,Nick Cousins,C,723,86.0,132.0,218,False,PHI,"(65, 80]",115.32576819667179,46.25600280115723,607.6742318033282,171.74399719884278
2011,69,3,8,,FORFEIT,,NJD,1,,,,0,,,0,False,NJD,"(65, 80]",113.82510380438777,45.99814506447404,-113.82510380438777,-45.99814506447404
2011,70,3,9,8476394,Michael Paliotta,D,CHI,16,USA,Michael Paliotta,D,2,0.0,1.0,1,False,CHI,"(65, 80]",112.39334435655485,45.75873806100437,-110.39334435655485,-44.75873806100437
2011,71,3,10,8476395,David Honzik,G,VAN,23,CZE,David Honzik,G,0,0.0,0.0,0,True,VAN,"(65, 80]",111.02732599362243,45.53646156836322,-111.02732599362243,
2011,72,3,11,8476396,Steven Fogarty,C,NYR,3,USA,Steven Fogarty,C,31,1.0,2.0,3,False,NYR,"(65, 80]",109.72403012873889,45.33008983125943,-78.72403012873889,-42.33008983125943
2011,73,3,12,8476397,Keegan Lowe,D,CAR,12,USA,Keegan Lowe,D,4,0.0,0.0,0,False,CAR,"(65, 80]",108.48057677736796,45.13848480200428,-104.48057677736796,-45.13848480200428
2011,74,3,13,8476398,Travis Ewanyk,LW,EDM,22,CAN,Travis Ewanyk,C,0,0.0,0.0,0,False,EDM,"(65, 80]",107.29421819318438,44.960589864688316,-107.29421819318438,-44.960589864688316
2011,75,3,14,8476399,Blake Coleman,C,NJD,1,USA,Blake Coleman,L,693,170.0,155.0,325,False,NJD,"(65, 80]",106.16233279618547,44.795424008417875,586.8376672038146,280.20457599158215
2011,76,3,15,8476400,Logan Shaw,RW,FLA,13,CAN,Logan Shaw,R,232,16.0,23.0,39,False,FLA,"(65, 80]",105.08241937960153,44.64207641747942,126.91758062039847,-5.642076417479423
2011,77,3,16,8476401,Daniel Catenacci,C,BUF,7,CAN,Daniel Catenacci,C,12,0.0,0.0,0,False,BUF,"(65, 80]",104.05209158280329,44.49970144859892,-92.05209158280329,-44.49970144859892
2011,78,3,17,8476402,Brennan Serville,D,WPG,52,CAN,Brennan Serville,D,0,0.0,0.0,0,False,WPG,"(65, 80]",103.06907261799299,44.36751396759794,-103.06907261799299,-44.36751396759794
2011,79,3,18,8476403,Klas Dahlbeck,D,CHI,16,SWE,Klas Dahlbeck,D,170,6.0,17.0,23,False,CHI,"(65, 80]",102.13119023902618,44.24478501973033,67.86880976097382,-21.24478501973033
2011,80,3,19,8476404,Andy Andreoff,C,LAK,26,CAN,Andy Andreoff,C,188,14.0,13.0,27,False,LAK,"(65, 80]",101.23637194124682,44.13083780982339,86.76362805875318,-17.13083780982339
2011,81,3,20,8476405,Anthony Camara,LW,BOS,6,CAN,Anthony Camara,L,0,0.0,0.0,0,False,BOS,"(80, 100]",100.38264038172775,44.02504397005559,-100.38264038172775,-44.02504397005559
2011,82,3,21,8476406,Nicholas Shore,C,LAK,26,USA,Nicholas Shore,C,299,18.0,41.0,59,False,LAK,"(80, 100]",99.56810900979711,43.92682009478953,199.43189099020287,15.073179905210473
2011,83,3,22,8476407,Andy Welinski,D,ANA,24,USA,Andy Welinski,D,46,1.0,5.0,6,False,ANA,"(80, 100]",98.79097789819461,43.835624523351164,-52.79097789819461,-37.835624523351164
2011,84,3,23,8476408,Harrison Ruopp,D,PHX,27,CAN,Harrison Ruopp,D,0,0.0,0.0,0,False,UTA,"(80, 100]",98.0495297656456,43.750954353013846,-98.0495297656456,-43.750954353013846
2011,85,3,24,8476409,Alan Quine,C,DET,17,CAN,Alan Quine,C,106,10.0,18.0,28,False,DET,"(80, 100]",97.34212618206395,43.672342665715014,8.65787381793605,-15.672342665715014
2011,86,3,25,8476410,Josh Leivo,LW,TOR,10,CAN,Josh Leivo,L,265,42.0,51.0,93,False,TOR,"(80, 100]",96.66720394799776,43.59935595321225,168.33279605200224,49.40064404678775
2011,87,3,26,8476411,Jonathan Racine,D,FLA,13,CAN,Jonathan Racine,D,1,0.0,0.0,0,False,FLA,"(80, 100]",96.02327164031772,43.53159172647953,-95.02327164031772,-43.53159172647953
2011,88,3,27,8476412,Jordan Binnington,G,STL,19,CAN,Jordan Binnington,G,377,0.0,9.0,0,True,STL,"(80, 100]",95.40890631651433,43.468676296160474,281.59109368348567,
2011,89,3,28,8476413,Justin Sefton,D,SJS,28,CAN,Justin Sefton,D,0,0.0,0.0,0,False,SJS,"(80, 100]",94.822750370322,43.410262711838996,-94.822750370322,-43.410262711838996
2011,90,3,29,8476414,Alexandre Grenier,RW,VAN,23,CAN,Alexandre Grenier,R,9,0.0,0.0,0,False,VAN,"(80, 100]",94.26350853172075,43.35602884876314,-85.26350853172075,-43.35602884876314
2011,91,3,30,8476415,Kyle Rau,C,FLA,13,USA,Kyle Rau,C,61,2.0,5.0,7,False,FLA,"(80, 100]",93.72994500468717,43.30567563147135,-32.72994500468717,-36.30567563147135
2011,92,4,1,8476416,Dillon Simpson,D,EDM,22,CAN,Dillon Simpson,D,3,0.0,0.0,0,False,EDM,"(80, 100]",93.22088073636887,43.25892538452533,-90.22088073636887,-43.25892538452533
2011,93,4,2,8476417,Joachim Nermark,C,COL,21,SWE,Joachim Nermark,C,0,0.0,0.0,0,False,COL,"(80, 100]",92.73519081164858,43.21552030125429,-92.73519081164858,-43.21552030125429
2011,94,4,3,8475956,Josh Shalla,LW,NSH,18,CAN,Josh Shalla,L,0,0.0,0.0,0,False,NSH,"(80, 100]",92.27180196733998,43.17522102206672,-92.27180196733998,-43.17522102206672
2011,95,4,4,8476418,Robbie Russo,D,NYI,2,USA,Robbie Russo,D,19,0.0,0.0,0,False,NYI,"(80, 100]",91.8296902205227,43.13780531448942,-72.8296902205227,-43.13780531448942
2011,96,4,5,8476419,Jean-Gabriel Pageau,C,OTT,9,CAN,Jean-Gabriel Pageau,C,871,176.0,225.0,401,False,OTT,"(80, 100]",91.4078786057751,43.10306684765496,779.5921213942249,357.896933152345
2011,97,4,6,8476421,Josiah Didier,D,MTL,8,USA,Josiah Didier,D,0,0.0,0.0,0,False,MTL,"(80, 100]",91.00543501630513,43.070814054479364,-91.00543501630513,-43.070814054479364
2011,98,4,7,8476422,Mike Reilly,D,CBJ,29,USA,Mike Reilly,D,460,19.0,114.0,133,False,CBJ,"(80, 100]",90.62147014420842,43.040869075255486,369.3785298557916,89.95913092474451
2011,99,4,8,8476423,Reid Boucher,C,NJD,1,USA,Reid Boucher,C,133,20.0,22.0,42,False,NJD,"(80, 100]",90.25513551530203,43.01306677683635,42.74486448469797,-1.0130667768363466
2011,100,4,9,8476424,Tom Nilsson,D,TOR,10,SWE,Tom Nilsson,D,0,0.0,0.0,0,False,TOR,"(80, 100]",89.90562161419135,42.987253841999824,-89.90562161419135,-42.987253841999824
2011,101,4,10,8476425,Joseph LaBate,C,VAN,23,USA,Joseph LaBate,C,20,0.0,1.0,1,False,VAN,"(100, 125]",89.572156095427,42.96328792397285,-69.572156095427,-41.96328792397285
2011,102,4,11,8476380,Yannick Veilleux,LW,STL,19,CAN,Yannick Veilleux,L,0,0.0,0.0,0,False,STL,"(100, 125]",89.25400207679884,42.94103686145272,-89.25400207679884,-42.94103686145272
2011,103,4,12,8476345,Gregory Hofmann,C,CAR,12,CHE,Gregory Hofmann,C,24,2.0,5.0,7,False,CAR,"(100, 125]",88.95045651099544,42.9203779497967,-64.95045651099544,-35.9203779497967
2011,104,4,13,8476346,Johnny Gaudreau,LW,CGY,20,USA,Johnny Gaudreau,L,763,243.0,500.0,743,False,CGY,"(100, 125]",88.66084863203102,42.90119726436088,674.339151367969,700.0988027356391
2011,105,4,14,8476347,Emil Molin,C,DAL,25,SWE,Emil Molin,C,0,0.0,0.0,0,False,DAL,"(100, 125]",88.38453847300667,42.88338903225681,-88.38453847300667,-42.88338903225681
2011,106,4,15,8476348,Michael St. Croix,C,NYR,3,CAN,Michael St. Croix,C,0,0.0,0.0,0,False,NYR,"(100, 125]",88.12091545193053,42.8668550490614,-88.12091545193053,-42.8668550490614
2011,107,4,16,8476349,Colin Jacobs,C,BUF,7,USA,Colin Jacobs,C,0,0.0,0.0,0,False,BUF,"(100, 125]",87.86939702247173,42.85150413726349,-87.86939702247173,-42.85150413726349
2011,108,4,17,8476350,Olivier Archambault,LW,MTL,8,CAN,Olivier Archambault,L,0,0.0,0.0,0,False,MTL,"(100, 125]",87.62942738666686,42.83725164346075,-87.62942738666686,-42.83725164346075
2011,109,4,18,8476351,Maxim Shalunov,RW,CHI,16,RUS,Maxim Shalunov,R,0,0.0,0.0,0,False,CHI,"(100, 125]",87.4004762667341,42.82401897153408,-87.4004762667341,-42.82401897153408
2011,110,4,19,8476352,Michael Mersch,LW,LAK,26,USA,Michael Mersch,L,17,1.0,2.0,3,False,LAK,"(100, 125]",87.1820377332811,42.8117331492252,-70.1820377332811,-39.8117331492252
2011,111,4,20,8476353,Kale Kessy,LW,PHX,27,CAN,Kale Kessy,L,0,0.0,0.0,0,False,UTA,"(100, 125]",86.97362908731724,42.80032642572733,-86.97362908731724,-42.80032642572733
2011,112,4,21,8476354,Garrett Noonan,D,NSH,18,USA,Garrett Noonan,D,0,0.0,0.0,0,False,NSH,"(100, 125]",86.7747897935997,42.78973589806988,-86.7747897935997,-42.78973589806988
2011,113,4,22,8476355,Magnus Nygren,D,MTL,8,SWE,Magnus Nygren,D,0,0.0,0.0,0,False,MTL,"(100, 125]",86.58508046295634,42.77990316423669,-86.58508046295634,-42.77990316423669
2011,114,4,23,8476356,Tobias Rieder,C,EDM,22,DEU,Tobias Rieder,L,478,64.0,81.0,145,False,EDM,"(100, 125]",86.4040818813366,42.770774001105124,391.5959181186634,102.22922599889488
2011,115,4,24,8476357,Marek Tvrdon,RW,DET,17,SVK,Marek Tvrdon,R,0,0.0,0.0,0,False,DET,"(100, 125]",86.23139408344461,42.76229806542979,-86.23139408344461,-42.76229806542979
2011,116,4,25,8476358,Colin Suellentrop,D,PHI,4,USA,Colin Suellentrop,D,0,0.0,0.0,0,False,PHI,"(100, 125]",86.06663546890789,42.754428616222114,-86.06663546890789,-42.754428616222114
2011,117,4,26,8476359,Steffen Soberg,G,WSH,15,NOR,Steffen Soberg,G,0,0.0,0.0,0,True,WSH,"(100, 125]",85.90944195902806,42.747122256994736,-85.90944195902806,
2011,118,4,27,8476360,Marcel Noebels,LW,PHI,4,DEU,Marcel Noebels,L,0,0.0,0.0,0,False,PHI,"(100, 125]",85.75946619225057,42.7403386964493,-85.75946619225057,-42.7403386964493
2011,119,4,28,8476361,Zachary Yuen,D,WPG,52,CAN,Zachary Yuen,D,0,0.0,0.0,0,False,WPG,"(100, 125]",85.61637675657546,42.734040526288005,-85.61637675657546,-42.734040526288005
2011,120,4,29,8476362,Ludwig Blomstrand,LW,VAN,23,SWE,Ludwig Blomstrand,L,0,0.0,0.0,0,False,VAN,"(100, 125]",85.47985745721293,42.72819301492359,-85.47985745721293,-42.72819301492359
2011,121,4,30,8476363,Brian Ferlin,RW,BOS,6,USA,Brian Ferlin,R,7,0.0,1.0,1,False,BOS,"(100, 125]",85.34960661786548,42.72276391595019,-78.34960661786548,-41.72276391595019
2011,122,5,1,8476364,Martin Gernat,D,EDM,22,SVK,Martin Gernat,D,0,0.0,0.0,0,False,EDM,"(100, 125]",85.22533641409257,42.71772329031886,-85.22533641409257,-42.71772329031886
2011,123,5,2,8476365,Garrett Meurs,C,COL,21,CAN,Garrett Meurs,C,0,0.0,0.0,0,False,COL,"(100, 125]",85.10677223728473,42.713043341237125,-85.10677223728473,-42.713043341237125
2011,124,5,3,8476366,Yaroslav Kosov,F,FLA,13,RUS,Yaroslav Kosov,L,0,0.0,0.0,0,False,FLA,"(100, 125]",84.9936520878416,42.708698260882116,-84.9936520878416,-42.708698260882116
2011,125,5,4,8476367,John Persson,LW,NYI,2,SWE,John Persson,L,10,1.0,0.0,1,False,NYI,"(100, 125]",84.88572599621297,42.70466408808199,-74.88572599621297,-41.70466408808199
2011,126,5,5,8476368,Fredrik Claesson,D,OTT,9,SWE,Fredrik Claesson,D,170,7.0,21.0,28,False,OTT,"(125, 150]",84.78275547052348,42.700918576180825,85.21724452947652,-14.700918576180825
2011,127,5,6,8476006,Brenden Kichton,D,NYI,2,CAN,Brenden Kichton,D,0,0.0,0.0,0,False,NYI,"(125, 150]",84.6845129695604,42.697441070358224,-84.6845129695604,-42.697441070358224
2011,128,5,7,8476369,Seth Ambroz,RW,CBJ,29,USA,Seth Ambroz,R,0,0.0,0.0,0,False,CBJ,"(125, 150]",84.59078139995972,42.69421239372728,-84.59078139995972,-42.69421239372728
2011,129,5,8,8476370,Blake Pietila,LW,NJD,1,USA,Blake Pietila,L,38,1.0,3.0,4,False,NJD,"(125, 150]",84.50135363647975,42.69121474158261,-46.50135363647975,-38.69121474158261
2011,130,5,9,8476371,Tony Cameranesi,C,TOR,10,USA,Tony Cameranesi,C,0,0.0,0.0,0,False,TOR,"(125, 150]",84.41603206430189,42.688431583215404,-84.41603206430189,-42.688431583215404
2011,131,5,10,8476372,Nick Seeler,D,MIN,30,USA,Nick Seeler,D,453,15.0,57.0,72,False,MIN,"(125, 150]",84.33462814234724,42.68584757075394,368.66537185765276,29.314152429246057
2011,132,5,11,8476373,Niklas Lundstrom,G,STL,19,SWE,Niklas Lundstrom,G,0,0.0,0.0,0,True,STL,"(125, 150]",84.25696198664414,42.68344845452697,-84.25696198664414,
2011,133,5,12,8476374,Sean Kuraly,C,SJS,28,USA,Sean Kuraly,C,644,70.0,105.0,175,False,SJS,"(125, 150]",84.1828619728259,42.68122100448314,559.8171380271741,132.31877899551685
2011,134,5,13,8476375,Shane McColgan,RW,NYR,3,USA,Shane McColgan,R,0,0.0,0.0,0,False,NYR,"(125, 150]",84.1121643568804,42.67915293723323,-84.1121643568804,-42.67915293723323
2011,135,5,14,8476376,Troy Vance,D,DAL,25,USA,Troy Vance,D,0,0.0,0.0,0,False,DAL,"(125, 150]",84.04471291331333,42.67723284831272,-84.04471291331333,-42.67723284831272
2011,136,5,15,8476377,Samuel Noreau,D,NYR,3,CAN,Samuel Noreau,D,0,0.0,0.0,0,False,NYR,"(125, 150]",83.98035858992586,42.67545014929128,-83.98035858992586,-42.67545014929128
2011,137,5,16,8476378,Alex Lepkowski,D,BUF,7,USA,Alex Lepkowski,D,0,0.0,0.0,0,False,BUF,"(125, 150]",83.91895917844342,42.673795009382346,-83.91895917844342,-42.673795009382346
2011,138,5,17,8476379,Darren Dietz,D,MTL,8,CAN,Darren Dietz,D,13,1.0,4.0,5,False,MTL,"(125, 150]",83.86037900026808,42.67225830123072,-70.86037900026808,-37.67225830123072
2011,139,5,18,8476381,Andrew Shaw,C,CHI,16,CAN,Andrew Shaw,R,544,116.0,131.0,247,False,CHI,"(125, 150]",83.80448860666007,42.670831550579294,460.1955113933399,204.3291684494207
2011,140,5,19,8476382,Joel Lowry,LW,LAK,26,USA,Joel Lowry,L,0,0.0,0.0,0,False,LAK,"(125, 150]",83.75116449268575,42.66950688953732,-83.75116449268575,-42.66950688953732
2011,141,5,20,8476037,Darian Dziurzynski,LW,PHX,27,CAN,Darian Dziurzynski,L,0,0.0,0.0,0,False,UTA,"(125, 150]",83.70028882430006,42.66827701319251,-83.70028882430006,-42.66827701319251
2011,142,5,21,8476383,Simon Karlsson,D,NSH,18,SWE,Simon Karlsson,D,0,0.0,0.0,0,False,NSH,"(125, 150]",83.65174917796037,42.66713513932773,-83.65174917796037,-42.66713513932773
2011,143,5,22,8476384,Max Friberg,LW,ANA,24,SWE,Max Friberg,R,6,0.0,0.0,0,False,ANA,"(125, 150]",83.60543829219628,42.666074971020116,-77.60543829219628,-42.666074971020116
2011,144,5,23,8476339,Dominik Uher,C,PIT,5,CZE,Dominik Uher,C,2,0.0,0.0,0,False,PIT,"(125, 150]",83.56125383058635,42.665090661916324,-81.56125383058635,-42.665090661916324
2011,145,5,24,8476297,Philippe Hudon,C/RW,DET,17,CAN,Philippe Hudon,C,0,0.0,0.0,0,False,DET,"(125, 150]",83.5190981556182,42.66417678399255,-83.5190981556182,-42.66417678399255
2011,146,5,25,8476298,Mattias Backman,D,DET,17,SWE,Mattias Backman,D,0,0.0,0.0,0,False,DET,"(125, 150]",83.47887811293191,42.663328297621426,-83.47887811293191,-42.663328297621426
2011,147,5,26,8476299,Patrick Koudys,D,WSH,15,CAN,Patrick Koudys,D,0,0.0,0.0,0,False,WSH,"(125, 150]",83.44050482547043,42.66254052378066,-83.44050482547043,-42.66254052378066
2011,148,5,27,8476300,Nikita Nesterov,D,TBL,14,RUS,Nikita Nesterov,D,170,9.0,28.0,37,False,TBL,"(125, 150]",83.40389349708157,42.66180911825041,86.59610650291843,-5.66180911825041
2011,149,5,28,8476301,Austen Brassard,RW,WPG,52,CAN,Austen Brassard,R,0,0.0,0.0,0,False,WPG,"(125, 150]",83.36896322513803,42.66113004765679,-83.36896322513803,-42.66113004765679
2011,150,5,29,8476302,Frank Corrado,D,VAN,23,CAN,Frank Corrado,D,76,3.0,5.0,8,False,VAN,"(125, 150]",83.33563682176118,42.66049956722966,-7.3356368217611845,-34.66049956722966
2011,151,5,30,8476303,Rob O'Gara,D,BOS,6,USA,Rob O'Gara,D,33,0.0,3.0,3,False,BOS,"(150, 180]",83.30384064325355,42.65991420015188,-50.30384064325355,-39.65991420015188
2011,152,6,1,8476304,David Broll,LW,TOR,10,CAN,David Broll,L,5,0.0,1.0,1,False,TOR,"(150, 180]",83.27350442736322,42.65937071838622,-78.27350442736322,-41.65937071838622
2011,153,6,2,8476305,Gabriel Beaupre,D,COL,21,CAN,Gabriel Beaupre,D,0,0.0,0.0,0,False,COL,"(150, 180]",83.2445611380203,42.658866124874194,-83.2445611380203,-42.658866124874194
2011,154,6,3,8476306,Edward Wittchow,D,FLA,13,USA,Edward Wittchow,D,0,0.0,0.0,0,False,FLA,"(150, 180]",83.2169468172027,42.6583976370086,-83.2169468172027,-42.6583976370086
2011,155,6,4,8476307,Andrew Fritsch,RW,PHX,27,CAN,Andrew Fritsch,R,0,0.0,0.0,0,False,UTA,"(150, 180]",83.19060044360353,42.657962671288715,-83.19060044360353,-42.657962671288715
2011,156,6,5,8476308,Darren Kramer,C,OTT,9,CAN,Darren Kramer,C,0,0.0,0.0,0,False,OTT,"(150, 180]",83.16546379778804,42.65755882907344,-83.16546379778804,-42.65755882907344
2011,157,6,6,8476309,Jason Kasdorf,G,WPG,52,CAN,Jason Kasdorf,G,1,0.0,0.0,0,True,WPG,"(150, 180]",83.14148133354207,42.657183883353845,-82.14148133354207,
2011,158,6,7,8476310,Lukas Sedlak,C,CBJ,29,CZE,Lukas Sedlak,C,192,18.0,17.0,35,False,CBJ,"(150, 180]",83.11860005512764,42.656835766472234,108.88139994487236,-7.656835766472234
2011,159,6,8,8476311,Reece Scarlett,D,NJD,1,CAN,Reece Scarlett,D,0,0.0,0.0,0,False,NJD,"(150, 180]",83.09676940017454,42.65651255871995,-83.09676940017454,-42.65651255871995
2011,160,6,9,8476312,Josh Manson,D,ANA,24,USA,Josh Manson,D,705,44.0,157.0,201,False,ANA,"(150, 180]",83.07594112794911,42.65621247775101,621.9240588720509,158.343787522249
2011,161,6,10,8476313,Steve Michalek,G,MIN,30,USA,Steve Michalek,G,0,0.0,0.0,0,True,MIN,"(150, 180]",83.05606921275334,42.65593386875329,-83.05606921275334,
2011,162,6,11,8476314,Ryan Tesink,C,STL,19,CAN,Ryan Tesink,C,0,0.0,0.0,0,False,STL,"(150, 180]",83.03710974221858,42.65567519532296,-83.03710974221858,-42.65567519532296
2011,163,6,12,8476315,Matt Mahalak,G,CAR,12,USA,Matt Mahalak,G,0,0.0,0.0,0,True,CAR,"(150, 180]",83.01902082026932,42.655435030991924,-83.01902082026932,
2011,164,6,13,8476316,Laurent Brossoit,G,CGY,20,CAN,Laurent Brossoit,G,141,0.0,1.0,0,True,CGY,"(150, 180]",83.0017624745425,42.65521205136148,57.9982375254575,
2011,165,6,14,8476317,Matej Stransky,RW,DAL,25,CZE,Matej Stransky,R,0,0.0,0.0,0,False,DAL,"(150, 180]",82.98529656805775,42.65500502679885,-82.98529656805775,-42.65500502679885
2011,166,6,15,8476318,Daniil Sobchenko,C,SJS,28,UKR,Daniil Sobchenko,C,0,0.0,0.0,0,False,SJS,"(150, 180]",82.96958671494343,42.654812815656285,-82.96958671494343,-42.654812815656285
2011,167,6,16,8476319,Nathan Lieuwen,G,BUF,7,CAN,Nathan Lieuwen,G,7,0.0,0.0,0,True,BUF,"(150, 180]",82.95459820003221,42.65463435797545,-75.95459820003221,
2011,168,6,17,8476320,Daniel Pribyl,C,MTL,8,CZE,Daniel Pribyl,C,0,0.0,0.0,0,False,MTL,"(150, 180]",82.9402979021485,42.65446866964217,-82.9402979021485,-42.65446866964217
2011,169,6,18,8476321,Sam Jardine,D,CHI,16,CAN,Sam Jardine,D,0,0.0,0.0,0,False,CHI,"(150, 180]",82.92665422091831,42.6543148369595,-82.92665422091831,-42.6543148369595
2011,170,6,19,8476322,Chase Balisy,C,NSH,18,USA,Chase Balisy,C,8,0.0,0.0,0,False,NSH,"(150, 180]",82.91363700693962,42.65417201160911,-74.91363700693962,-42.65417201160911
2011,171,6,20,8476323,Max McCormick,LW,OTT,9,USA,Max McCormick,L,94,8.0,5.0,13,False,OTT,"(150, 180]",82.9012174951592,42.65403940597316,11.098782504840798,-29.65403940597316
2011,172,6,21,8476324,Peter Ceresnak,D,NYR,3,SVK,Peter Ceresnak,D,0,0.0,0.0,0,False,NYR,"(150, 180]",82.88936824130836,42.653916288790974,-82.88936824130836,-42.653916288790974
2011,173,6,22,8476325,Dennis Robertson,D,TOR,10,CAN,Dennis Robertson,D,0,0.0,0.0,0,False,TOR,"(150, 180]",82.87806306125748,42.653801981126435,-82.87806306125748,-42.653801981126435
2011,174,6,23,8476326,Josh Archibald,LW/RW,PIT,5,CAN,Josh Archibald,R,305,45.0,38.0,83,False,PIT,"(150, 180]",82.86727697315509,42.65369585262398,222.13272302684493,40.34630414737602
2011,175,6,24,8476327,Richard Nedomlel,D,DET,17,CZE,Richard Nedomlel,D,0,0.0,0.0,0,False,DET,"(150, 180]",82.85698614222369,42.65359731803246,-82.85698614222369,-42.65359731803246
2011,176,6,25,8476328,Petr Placek,RW,PHI,4,CZE,Petr Placek,R,0,0.0,0.0,0,False,PHI,"(150, 180]",82.8471678280904,42.65350583397773,-82.8471678280904,-42.65350583397773
2011,177,6,26,8476329,Travis Boyd,C,WSH,15,USA,Travis Boyd,C,299,47.0,71.0,118,False,WSH,"(150, 180]",82.83780033453596,42.65342089596622,216.16219966546404,75.34657910403378
2011,178,6,27,8476330,Adam Wilcox,G,TBL,14,USA,Adam Wilcox,G,1,0.0,0.0,0,True,TBL,"(150, 180]",82.82886296155098,42.653342035602826,-81.82886296155098,
2011,179,6,28,8476331,Dylan DeMelo,D,SJS,28,CAN,Dylan DeMelo,D,718,23.0,159.0,182,False,SJS,"(150, 180]",82.82033595959383,42.65326881800799,635.1796640404061,139.34673118199203
2011,180,6,29,8476332,Pathrik Westerholm,RW,VAN,23,SWE,Pathrik Westerholm,R,0,0.0,0.0,0,False,VAN,"(150, 180]",82.81220048594854,42.65320083941945,-82.81220048594854,-42.65320083941945
2011,181,6,30,8476333,Lars Volden,G,BOS,6,NOR,Lars Volden,G,0,0.0,0.0,0,True,BOS,"(180, 211]",82.80443856308683,42.65313772496576,-82.80443856308683,
2011,182,7,1,8476334,Frans Tuohimaa,G,EDM,22,FIN,Frans Tuohimaa,G,0,0.0,0.0,0,True,EDM,"(180, 211]",82.79703303894182,42.65307912659897,-82.79703303894182,
2011,183,7,2,8476335,Dillon Donnelly,D,COL,21,USA,Dillon Donnelly,D,0,0.0,0.0,0,False,COL,"(180, 211]",82.78996754900598,42.653024721175335,-82.78996754900598,-42.653024721175335
2011,184,7,3,8476336,Iiro Pakarinen,RW,FLA,13,FIN,Iiro Pakarinen,R,134,10.0,13.0,23,False,FLA,"(180, 211]",82.78322648016925,42.652974208673314,51.21677351983075,-19.652974208673314
2011,185,7,4,8476337,Mitchell Theoret,C,NYI,2,CAN,Mitchell Theoret,C,0,0.0,0.0,0,False,NYI,"(180, 211]",82.7767949362177,42.652927310539084,-82.7767949362177,-42.652927310539084
2011,186,7,5,8476338,Jordan Fransoo,D,OTT,9,CAN,Jordan Fransoo,D,0,0.0,0.0,0,False,OTT,"(180, 211]",82.77065870491634,42.65288376815045,-82.77065870491634,-42.65288376815045
2011,187,7,6,8476340,Aaron Harstad,D,WPG,52,USA,Aaron Harstad,D,0,0.0,0.0,0,False,WPG,"(180, 211]",82.76480422660329,42.652843341390636,-82.76480422660329,-42.652843341390636
2011,188,7,7,8476341,Anton Forsberg,G,CBJ,29,SWE,Anton Forsberg,G,226,0.0,2.0,0,True,CBJ,"(180, 211]",82.75921856422605,42.65280580732417,143.24078143577395,
2011,189,7,8,8476342,Patrick Daly,D,NJD,1,USA,Patrick Daly,D,0,0.0,0.0,0,False,NJD,"(180, 211]",82.7538893747536,42.652770958967494,-82.7538893747536,-42.652770958967494
2011,190,7,9,8476343,Garret Sparks,G,TOR,10,USA,Garret Sparks,G,40,0.0,0.0,0,True,TOR,"(180, 211]",82.74880488190117,42.65273860414752,-42.748804881901165,
2011,191,7,10,8476344,Tyler Graovac,C,MIN,30,CAN,Tyler Graovac,C,84,12.0,3.0,15,False,MIN,"(180, 211]",82.7439538501073,42.65270856444192,1.256046149892697,-27.652708564441923
2011,192,7,11,8476296,Teemu Eronen,D,STL,19,FIN,Teemu Eronen,D,0,0.0,0.0,0,False,STL,"(180, 211]",82.73932555970585,42.65268067419517,-82.73932555970585,-42.65268067419517
2011,193,7,12,8475980,Brody Sutter,C,CAR,12,CAN,Brody Sutter,C,12,0.0,0.0,0,False,CAR,"(180, 211]",82.73490978323798,42.652654779605044,-70.73490978323798,-42.652654779605044
2011,194,7,13,8476278,Colin Blackwell,C,SJS,28,USA,Colin Blackwell,C,368,45.0,61.0,106,False,SJS,"(180, 211]",82.73069676285189,42.65263073787449,285.2693032371481,63.34736926212551
2011,195,7,14,8476279,Jyrki Jokipakka,D,DAL,25,FIN,Jyrki Jokipakka,D,150,3.0,25.0,28,False,DAL,"(180, 211]",82.72667718874011,42.65260841642412,67.27332281125989,-14.652608416424123
2011,196,7,15,8476280,Zac Larraza,LW,PHX,27,USA,Zac Larraza,L,0,0.0,0.0,0,False,UTA,"(180, 211]",82.72284217856702,42.652587692161156,-82.72284217856702,-42.652587692161156
2011,197,7,16,8476281,Brad Navin,C,BUF,7,USA,Brad Navin,C,0,0.0,0.0,0,False,BUF,"(180, 211]",82.71918325784091,42.652568450800544,-82.71918325784091,-42.652568450800544
2011,198,7,17,8476282,Colin Sullivan,D,MTL,8,USA,Colin Sullivan,D,0,0.0,0.0,0,False,MTL,"(180, 211]",82.71569234118732,42.65255058623481,-82.71569234118732,-42.65255058623481
2011,199,7,18,8476283,Alex Broadhurst,C,CHI,16,USA,Alex Broadhurst,C,2,0.0,0.0,0,False,CHI,"(180, 211]",82.71236171448218,42.65253399994888,-80.71236171448218,-42.65253399994888
2011,200,7,19,8476284,Michael Schumacher,LW,LAK,26,SWE,Michael Schumacher,L,0,0.0,0.0,0,False,LAK,"(180, 211]",82.70918401780544,42.65251860047681,-82.70918401780544,-42.65251860047681
2011,201,7,20,8476285,Matthew Peca,C,TBL,14,CAN,Matthew Peca,C,83,6.0,15.0,21,False,TBL,"(180, 211]",82.70615222917723,42.65250430289742,0.29384777082276514,-21.65250430289742
2011,202,7,21,8476286,Brent Andrews,LW,NSH,18,CAN,Brent Andrews,C,0,0.0,0.0,0,False,NSH,"(180, 211]",82.703259649041,42.65249102836595,-82.703259649041,-42.65249102836595
2011,203,7,22,8476287,Max Everson,D,TOR,10,USA,Max Everson,D,0,0.0,0.0,0,False,TOR,"(180, 211]",82.70049988545898,42.652478703679314,-82.70049988545898,-42.652478703679314
2011,204,7,23,8476288,Ryan Dzingel,C,OTT,9,USA,Ryan Dzingel,C,404,87.0,101.0,188,False,OTT,"(180, 211]",82.69786683998748,42.652467260872385,321.30213316001254,145.34753273912762
2011,205,7,24,8476289,Alexey Marchenko,D,DET,17,RUS,Alexey Marchenko,D,121,4.0,17.0,21,False,DET,"(180, 211]",82.69535469420074,42.652456636843205,38.304645305799255,-21.652456636843205
2011,206,7,25,8476290,Derek Mathers,RW,PHI,4,CAN,Derek Mathers,R,0,0.0,0.0,0,False,PHI,"(180, 211]",82.69295789683352,42.65244677300502,-82.69295789683352,-42.65244677300502
2011,207,7,26,8476291,Garrett Haar,D,WSH,15,USA,Garrett Haar,D,0,0.0,0.0,0,False,WSH,"(180, 211]",82.69067115151412,42.65243761496317,-82.69067115151412,-42.65243761496317
2011,208,7,27,8476292,Ondrej Palat,LW,TBL,14,CZE,Ondrej Palat,L,905,182.0,338.0,520,False,TBL,"(180, 211]",82.68848940506057,42.65242911221517,822.3115105949395,477.34757088778485
2011,209,7,28,8476293,Scott Wilson,C/LW,PIT,5,CAN,Scott Wilson,C,193,20.0,31.0,51,False,PIT,"(180, 211]",82.68640783631426,42.65242121787215,110.31359216368574,8.347578782127847
2011,210,7,29,8476294,Henrik Tommernes,D,VAN,23,SWE,Henrik Tommernes,D,0,0.0,0.0,0,False,VAN,"(180, 211]",82.68442184548637,42.652413888400375,-82.68442184548637,-42.652413888400375
2011,211,7,30,8476295,Johan Mattsson,G,CHI,16,SWE,Johan Mattsson,G,0,0.0,0.0,0,True,CHI,"(180, 211]",82.68252704399328,42.65240708338107,-82.68252704399328,
2012,1,1,1,8476855,Nail Yakupov,RW,EDM,22,RUS,Nail Yakupov,R,350,62.0,74.0,136,False,EDM,,844.7618549404874,563.9056503589592,-494.7618549404874,-427.9056503589592
2012,2,1,2,8476850,Ryan Murray,D,CBJ,29,CAN,Ryan Murray,D,445,15.0,116.0,131,False,CBJ,"(1, 2]",809.7681901837298,526.6079284397246,-364.76819018372976,-395.60792843972456
2012,3,1,3,8476851,Alex Galchenyuk,C,MTL,8,USA,Alex Galchenyuk,C,654,146.0,208.0,354,False,MTL,"(2, 3]",776.3813047565832,491.9790049263708,-122.38130475658318,-137.9790049263708
2012,4,1,4,8476852,Griffin Reinhart,D,NYI,2,CAN,Griffin Reinhart,D,37,0.0,2.0,2,False,NYI,"(3, 4]",744.5274213101472,459.82791681727923,-707.5274213101472,-457.82791681727923
2012,5,1,5,8476853,Morgan Rielly,D,TOR,10,CAN,Morgan Rielly,D,951,98.0,451.0,549,False,TOR,"(4, 5]",714.1361500778175,429.977365263173,236.86384992218245,119.022634736827
2012,6,1,6,8476854,Hampus Lindholm,D,ANA,24,SWE,Hampus Lindholm,D,829,78.0,261.0,339,False,ANA,"(5, 6]",685.1403333300681,402.26273784338173,143.85966666993193,-63.26273784338173
2012,7,1,7,8476856,Mathew Dumba,D,MIN,30,CAN,Mathew Dumba,D,748,85.0,176.0,261,False,MIN,"(6, 8]",657.4758969712924,376.5312008020775,90.5241030287076,-115.53120080207748
2012,8,1,8,8476884,Derrick Pouliot,D,PIT,5,CAN,Derrick Pouliot,D,226,8.0,46.0,54,False,PIT,"(6, 8]",631.0817089507688,352.6408562385712,-405.08170895076876,-298.6408562385712
2012,9,1,9,8476885,Jacob Trouba,D,WPG,52,USA,Jacob Trouba,D,906,84.0,274.0,358,False,WPG,"(8, 10]",605.8994441748678,330.45995960395163,300.10055582513223,27.54004039604837
2012,10,1,10,8476886,Slater Koekkoek,D,TBL,14,CAN,Slater Koekkoek,D,186,8.0,26.0,34,False,TBL,"(8, 10]",581.8734556219907,309.8661931889113,-395.87345562199073,-275.8661931889113
2012,11,1,11,8476887,Filip Forsberg,C,WSH,15,SWE,Filip Forsberg,L,862,358.0,398.0,756,False,WSH,"(10, 12]",558.9506513754325,290.7459915963702,303.04934862456753,465.2540084036298
2012,12,1,12,8476888,Mikhail Grigorenko,C,BUF,7,RUS,Mikhail Grigorenko,C,249,26.0,50.0,76,False,BUF,"(10, 12]",537.0803773024388,272.99391547918094,-288.0803773024388,-196.99391547918094
2012,13,1,13,8476889,Radek Faksa,C,DAL,25,CZE,Radek Faksa,C,766,96.0,136.0,232,False,DAL,"(12, 15]",516.2143051202067,256.5120700893594,249.78569487979325,-24.512070089359383
2012,14,1,14,8476878,Zemgus Girgensons,C,BUF,7,LVA,Zemgus Girgensons,C,844,100.0,114.0,214,False,BUF,"(12, 15]",496.30632560147916,241.20956543240027,347.69367439852084,-27.209565432400268
2012,15,1,15,8476879,Cody Ceci,D,OTT,9,CAN,Cody Ceci,D,953,53.0,191.0,244,False,OTT,"(12, 15]",477.3124466837421,227.00201504967026,475.6875533162579,16.997984950329737
2012,16,1,16,8476880,Tom Wilson,RW,WSH,15,CAN,Tom Wilson,R,907,209.0,248.0,457,False,WSH,"(15, 20]",459.19069625687024,213.81107066488858,447.80930374312976,243.18892933511142
2012,17,1,17,8476881,Tomas Hertl,C,SJS,28,CZE,Tomas Hertl,C,873,276.0,331.0,607,False,SJS,"(15, 20]",441.90102941440335,201.5639901284781,431.09897058559665,405.4360098715219
2012,18,1,18,8476882,Teuvo Teravainen,LW,CHI,16,FIN,Teuvo Teravainen,C,827,184.0,368.0,552,False,CHI,"(15, 20]",425.4052399634998,190.1932362771945,401.5947600365002,361.8067637228055
2012,19,1,19,8476883,Andrei Vasilevskiy,G,TBL,14,RUS,Andrei Vasilevskiy,G,598,0.0,24.0,0,True,TBL,"(15, 20]",409.6668759980253,179.63610449692322,188.33312400197468,
2012,20,1,20,8476872,Scott Laughton,C,PHI,4,CAN,Scott Laughton,C,745,121.0,168.0,289,False,PHI,"(15, 20]",394.651159348212,169.83437693482028,350.348840651788,119.16562306517972
2012,21,1,21,8476873,Mark Jankowski,C,CGY,20,CAN,Mark Jankowski,L,482,79.0,66.0,145,False,CGY,"(20, 25]",380.324908728891,160.7340014539319,101.67509127110901,-15.73400145393191
2012,22,1,22,8476874,Olli Maatta,D,PIT,5,FIN,Olli Maatta,D,804,44.0,166.0,210,False,PIT,"(20, 25]",366.6564664164723,152.28479355987108,437.3435335835277,57.715206440128924
2012,23,1,23,8476875,Mike Matheson,D,FLA,13,CAN,Mike Matheson,D,705,81.0,221.0,302,False,FLA,"(20, 25]",353.6156282926471,144.44015965581036,351.3843717073529,157.55984034418964
2012,24,1,24,8476876,Malcolm Subban,G,BOS,6,CAN,Malcolm Subban,G,87,0.0,0.0,0,True,BOS,"(20, 25]",341.17357710022264,137.15684009966634,-254.17357710022264,
2012,25,1,25,8476877,Jordan Schmaltz,D,STL,19,USA,Jordan Schmaltz,D,42,0.0,5.0,5,False,STL,"(20, 25]",329.30281876360266,130.3946706465514,-287.30281876360266,-125.39467064655139
2012,26,1,26,8476867,Brendan Gaunce,C,VAN,23,CAN,Brendan Gaunce,C,214,15.0,20.0,35,False,VAN,"(25, 31]",317.97712163319443,124.11636096095384,-103.97712163319443,-89.11636096095384
2012,27,1,27,8476868,Henrik Samuelsson,C/RW,PHX,27,USA,Henrik Samuelsson,C,3,0.0,0.0,0,False,UTA,"(25, 31]",307.17145851948806,118.28728897724142,-304.17145851948806,-118.28728897724142
2012,28,1,28,8476869,Brady Skjei,D,NYR,3,USA,Brady Skjei,D,773,81.0,225.0,306,False,NYR,"(25, 31]",296.86195138871545,112.87530997447791,476.13804861128455,193.12469002552209
2012,29,1,29,8476870,Stefan Matteau,C,NJD,1,USA,Stefan Matteau,C,92,6.0,5.0,11,False,NJD,"(25, 31]",287.0258185978798,107.85057931268578,-195.02581859787978,-96.85057931268578
2012,30,1,30,8476871,Tanner Pearson,LW,LAK,26,CAN,Tanner Pearson,L,778,157.0,170.0,327,False,LAK,"(25, 31]",277.6413245525565,103.18538785302533,500.3586754474435,223.81461214697467
2012,31,2,1,8476861,Oscar Dansk,G,CBJ,29,SWE,Oscar Dansk,G,6,0.0,0.0,0,True,CBJ,"(25, 31]",268.6877316762219,98.85400915430591,-262.6877316762219,
2012,32,2,2,8476862,Mitchell Moroz,LW,EDM,22,CAN,Mitchell Moroz,L,0,0.0,0.0,0,False,EDM,"(31, 40]",260.14525458497144,94.83255760318657,-260.14525458497144,-94.83255760318657
2012,33,2,3,8476863,Sebastian Collberg,RW,MTL,8,SWE,Sebastian Collberg,R,0,0.0,0.0,0,False,MTL,"(31, 40]",251.99501636636575,91.09885669571764,-251.99501636636575,-91.09885669571764
2012,34,2,4,8476864,Ville Pokka,D,NYI,2,FIN,Ville Pokka,D,0,0.0,0.0,0,False,NYI,"(31, 40]",244.21900686578914,87.63231674385521,-244.21900686578914,-87.63231674385521
2012,35,2,5,8476865,Matthew Finn,D,TOR,10,CAN,Matthew Finn,D,0,0.0,0.0,0,False,TOR,"(31, 40]",236.80004288814456,84.41382133255445,-236.80004288814456,-84.41382133255445
2012,36,2,6,8476866,Nicolas Kerdiles,LW,ANA,24,USA,Nicolas Kerdiles,L,3,0.0,0.0,0,False,ANA,"(31, 40]",229.72173022693886,81.42562190130346,-226.72173022693886,-81.42562190130346
2012,37,2,7,8476857,Pontus Aberg,LW,NSH,18,SWE,Pontus Aberg,L,132,17.0,27.0,44,False,NSH,"(31, 40]",222.96842743685136,78.65123986876237,-90.96842743685136,-34.651239868762374
2012,38,2,8,8476858,Phillip Di Giuseppe,LW,CAR,12,CAN,Phillip Di Giuseppe,L,302,28.0,53.0,81,False,CAR,"(31, 40]",216.5252112697325,76.07537576076862,85.4747887302675,4.9246242392313775
2012,39,2,9,8476859,Lukas Sutter,C,WPG,52,CAN,Lukas Sutter,C,0,0.0,0.0,0,False,WPG,"(31, 40]",210.3778436976523,73.68382484059008,-210.3778436976523,-73.68382484059008
2012,40,2,10,8476860,Dylan Blujus,D,TBL,14,USA,Dylan Blujus,D,0,0.0,0.0,0,False,TBL,"(31, 40]",204.51274045012914,71.46339877616482,-204.51274045012914,-71.46339877616482
2012,41,2,11,8476575,Mitchell Heard,C,COL,21,CAN,Mitchell Heard,C,0,0.0,0.0,0,False,COL,"(40, 50]",198.91694099601142,69.40185291235734,-198.91694099601142,-69.40185291235734
2012,42,2,12,8476890,Patrick Sieloff,D,CGY,20,USA,Patrick Sieloff,D,2,2.0,0.0,2,False,CGY,"(40, 50]",193.57807990368076,67.48781874717034,-191.57807990368076,-65.48781874717034
2012,43,2,13,8476930,Ludwig Bystrom,D,DAL,25,SWE,Ludwig Bystrom,D,0,0.0,0.0,0,False,DAL,"(40, 50]",188.48435951628767,65.71074123954845,-188.48435951628767,-65.71074123954845
2012,44,2,14,8476931,Jake McCabe,D,BUF,7,USA,Jake McCabe,D,723,40.0,160.0,200,False,BUF,"(40, 50]",183.62452388163973,64.06082060305499,539.3754761183602,135.939179396945
2012,45,2,15,8476932,Anthony Stolarz,G,PHI,4,USA,Anthony Stolarz,G,168,0.0,5.0,0,True,PHI,"(40, 50]",178.98783387913235,62.528958264439325,-10.987833879132353,
2012,46,2,16,8476933,Raphael Bussieres,LW,MIN,30,CAN,Raphael Bussieres,L,0,0.0,0.0,0,False,MIN,"(40, 50]",174.56404348875844,61.106706689080966,-174.56404348875844,-61.106706689080966
2012,47,2,17,8476934,Brock McGinn,LW,CAR,12,CAN,Brock McGinn,L,534,80.0,78.0,158,False,CAR,"(40, 50]",170.34337714975766,59.786222796620166,363.65662285024234,98.21377720337983
2012,48,2,18,8476935,Dillon Fournier,D,CHI,16,CAN,Dillon Fournier,D,0,0.0,0.0,0,False,CHI,"(40, 50]",166.31650815887204,58.560224709882874,-166.31650815887204,-58.560224709882874
2012,49,2,19,8476924,Martin Frk,RW,DET,17,CZE,Martin Frk,R,124,20.0,21.0,41,False,DET,"(40, 50]",162.474538060474,57.42195159859,-38.474538060474,-16.42195159859
2012,50,2,20,8476925,Colton Sissons,C,NSH,18,CAN,Colton Sissons,C,756,101.0,131.0,232,False,NSH,"(40, 50]",158.8089769830231,56.365126396406794,597.1910230169769,175.6348736035932
2012,51,2,21,8476926,Dalton Thrower,D,MTL,8,CAN,Dalton Thrower,D,0,0.0,0.0,0,False,MTL,"(50, 65]",155.3117248783995,55.38392118573376,-155.3117248783995,-55.38392118573376
2012,52,2,22,8476927,Teddy Blueger,C,PIT,5,LVA,Teddy Blueger,C,453,58.0,111.0,169,False,PIT,"(50, 65]",151.97505362265838,54.472925059351624,301.0249463773416,114.52707494064838
2012,53,2,23,8476928,Brian Hart,RW,TBL,14,USA,Brian Hart,R,0,0.0,0.0,0,False,TBL,"(50, 65]",148.79158993865056,53.627114281691775,-148.79158993865056,-53.627114281691775
2012,54,2,24,8476929,Mike Winther,C,DAL,25,CAN,Mike Winther,C,0,0.0,0.0,0,False,DAL,"(50, 65]",145.7542991027736,52.8418245851849,-145.7542991027736,-52.8418245851849
2012,55,2,25,8476919,Chris Tierney,C,SJS,28,CAN,Chris Tierney,C,649,80.0,168.0,248,False,SJS,"(50, 65]",142.85646939984818,52.11272544891468,506.14353060015185,195.8872745510853
2012,56,2,26,8476920,Samuel Kurker,RW,STL,19,USA,Samuel Kurker,R,0,0.0,0.0,0,False,STL,"(50, 65]",140.0916972917691,51.43579621773465,-140.0916972917691,-51.43579621773465
2012,57,2,27,8475978,Alexandre Mallet,LW,VAN,23,CAN,Alexandre Mallet,L,0,0.0,0.0,0,False,VAN,"(50, 65]",137.45387326715675,50.80730393015615,-137.45387326715675,-50.80730393015615
2012,58,2,28,8476921,Jordan Martinook,LW,PHX,27,CAN,Jordan Martinook,L,797,107.0,155.0,262,False,UTA,"(50, 65]",134.93716834074,50.22378273273779,662.06283165926,211.7762172672622
2012,59,2,29,8476922,Boo Nieves,C,NYR,3,USA,Boo Nieves,C,76,5.0,14.0,19,False,NYR,"(50, 65]",132.53602117263767,49.68201476745624,-56.536021172637675,-30.682014767456238
2012,60,2,30,8476923,Damon Severson,D,NJD,1,CAN,Damon Severson,D,855,81.0,267.0,348,False,NJD,"(50, 65]",130.2451257790745,49.179012426660584,724.7548742209256,298.82098757333944
2012,61,2,31,8476913,Devin Shore,C,DAL,25,CAN,Devin Shore,C,498,52.0,92.0,144,False,DAL,"(50, 65]",128.05941980737566,48.71200187775444,369.94058019262434,95.28799812224557
2012,62,3,1,8476914,Joonas Korpisalo,G,CBJ,29,FIN,Joonas Korpisalo,G,334,0.0,3.0,0,True,CBJ,"(50, 65]",125.97407334933011,48.278407766751634,208.02592665066987,
2012,63,3,2,8476915,Jujhar Khaira,LW,EDM,22,CAN,Jujhar Khaira,L,337,33.0,47.0,80,False,EDM,"(50, 65]",123.98447826820251,47.875839016352614,213.0155217317975,32.124160983647386
2012,64,3,3,8476916,Tim Bozon,LW,MTL,8,USA,Tim Bozon,L,0,0.0,0.0,0,False,MTL,"(50, 65]",122.08623801580958,47.50207564022413,-122.08623801580958,-47.50207564022413
2012,65,3,4,8476917,Adam Pelech,D,NYI,2,CAN,Adam Pelech,D,642,30.0,147.0,177,False,NYI,"(50, 65]",120.27515791715824,47.15505650076909,521.7248420828417,129.8449434992309
2012,66,3,5,8476918,Jimmy Vesey,LW,NSH,18,USA,Jimmy Vesey,L,626,101.0,93.0,194,False,NSH,"(65, 80]",118.54723590117729,46.832867942875936,507.45276409882274,147.16713205712406
2012,67,3,6,8476907,Mackenzie MacEachern,LW,STL,19,USA,Mackenzie MacEachern,L,131,12.0,12.0,24,False,STL,"(65, 80]",116.89865365705954,46.53373324096787,14.10134634294046,-22.53373324096787
2012,68,3,7,8476908,John Draeger,D,MIN,30,USA,John Draeger,D,0,0.0,0.0,0,False,MIN,"(65, 80]",115.32576819667179,46.25600280115723,-115.32576819667179,-46.25600280115723
2012,69,3,8,8476909,Daniel Altshuller,G,CAR,12,CAN,Daniel Altshuller,G,0,0.0,0.0,0,True,CAR,"(65, 80]",113.82510380438777,45.99814506447404,-113.82510380438777,
2012,70,3,9,8476910,Scott Kosmachuk,RW,WPG,52,CAN,Scott Kosmachuk,R,8,0.0,3.0,3,False,WPG,"(65, 80]",112.39334435655485,45.75873806100437,-104.39334435655485,-42.75873806100437
2012,71,3,10,8476911,Tanner Richard,C,TBL,14,CAN,Tanner Richard,C,3,0.0,0.0,0,False,TBL,"(65, 80]",111.02732599362243,45.53646156836322,-108.02732599362243,-45.53646156836322
2012,72,3,11,8476912,Troy Bourke,LW,COL,21,CAN,Troy Bourke,L,0,0.0,0.0,0,False,COL,"(65, 80]",109.72403012873889,45.33008983125943,-109.72403012873889,-45.33008983125943
2012,73,3,12,8476901,Justin Kea,C,BUF,7,CAN,Justin Kea,C,0,0.0,0.0,0,False,BUF,"(65, 80]",108.48057677736796,45.13848480200428,-108.48057677736796,-45.13848480200428
2012,74,3,13,8476902,Esa Lindell,D,DAL,25,FIN,Esa Lindell,D,766,60.0,189.0,249,False,DAL,"(65, 80]",107.29421819318438,44.960589864688316,658.7057818068156,204.0394101353117
2012,75,3,14,8476903,Jon Gillies,G,CGY,20,USA,Jon Gillies,G,35,0.0,1.0,0,True,CGY,"(65, 80]",106.16233279618547,44.795424008417875,-71.16233279618547,
2012,76,3,15,8476904,Chris Driedger,G,OTT,9,CAN,Chris Driedger,G,67,0.0,2.0,0,True,OTT,"(65, 80]",105.08241937960153,44.64207641747942,-38.08241937960153,
2012,77,3,16,8476905,Chandler Stephenson,C/LW,WSH,15,CAN,Chandler Stephenson,C,653,118.0,252.0,370,False,WSH,"(65, 80]",104.05209158280329,44.49970144859892,548.9479084171967,325.5002985514011
2012,78,3,17,8476906,Shayne Gostisbehere,D,PHI,4,USA,Shayne Gostisbehere,D,744,117.0,345.0,462,False,PHI,"(65, 80]",103.06907261799299,44.36751396759794,640.930927382007,417.6324860324021
2012,79,3,18,8476895,Chris Calnan,RW,CHI,16,USA,Chris Calnan,R,0,0.0,0.0,0,False,CHI,"(65, 80]",102.13119023902618,44.24478501973033,-102.13119023902618,-44.24478501973033
2012,80,3,19,8476896,Jake Paterson,G,DET,17,CAN,Jake Paterson,G,0,0.0,0.0,0,True,DET,"(65, 80]",101.23637194124682,44.13083780982339,-101.23637194124682,
2012,81,3,20,8476897,Oskar Sundqvist,C,PIT,5,SWE,Oskar Sundqvist,C,545,67.0,114.0,181,False,PIT,"(80, 100]",100.38264038172775,44.02504397005559,444.61735961827225,136.9749560299444
2012,82,3,21,8476898,Jarrod Maidens,C/LW,OTT,9,CAN,Jarrod Maidens,C,0,0.0,0.0,0,False,OTT,"(80, 100]",99.56810900979711,43.92682009478953,-99.56810900979711,-43.92682009478953
2012,83,3,22,8476899,Matt Murray,G,PIT,5,CAN,Matt Murray,G,279,0.0,5.0,0,True,PIT,"(80, 100]",98.79097789819461,43.835624523351164,180.20902210180537,
2012,84,3,23,8476900,Steven Hodges,C,FLA,13,CAN,Steven Hodges,C,0,0.0,0.0,0,False,FLA,"(80, 100]",98.0495297656456,43.750954353013846,-98.0495297656456,-43.750954353013846
2012,85,3,24,8476891,Matt Grzelcyk,D,BOS,6,USA,Matt Grzelcyk,D,596,26.0,161.0,187,False,BOS,"(80, 100]",97.34212618206395,43.672342665715014,498.65787381793604,143.327657334285
2012,86,3,25,8476892,Colton Parayko,D,STL,19,CAN,Colton Parayko,D,800,81.0,232.0,313,False,STL,"(80, 100]",96.66720394799776,43.59935595321225,703.3327960520022,269.40064404678776
2012,87,3,26,8475883,Frederik Andersen,G,ANA,24,DNK,Frederik Andersen,G,552,0.0,17.0,0,True,ANA,"(80, 100]",96.02327164031772,43.53159172647953,455.9767283596823,
2012,88,3,27,8476893,James Melindy,D,PHX,27,CAN,James Melindy,D,0,0.0,0.0,0,False,UTA,"(80, 100]",95.40890631651433,43.468676296160474,-95.40890631651433,-43.468676296160474
2012,89,3,28,8476894,Brendan Leipsic,LW,NSH,18,CAN,Brendan Leipsic,L,187,16.0,43.0,59,False,NSH,"(80, 100]",94.822750370322,43.410262711838996,92.177249629678,15.589737288161004
2012,90,3,29,8476936,Ben Johnson,C/LW,NJD,1,USA,Ben Johnson,C,0,0.0,0.0,0,False,NJD,"(80, 100]",94.26350853172075,43.35602884876314,-94.26350853172075,-43.35602884876314
2012,91,3,30,8476977,Daniil Zharkov,LW,EDM,22,RUS,Daniil Zharkov,L,0,0.0,0.0,0,False,EDM,"(80, 100]",93.72994500468717,43.30567563147135,-93.72994500468717,-43.30567563147135
2012,92,4,1,8476978,Matia Marcantuoni,C/RW,PIT,5,CAN,Matia Marcantuoni,C,0,0.0,0.0,0,False,PIT,"(80, 100]",93.22088073636887,43.25892538452533,-93.22088073636887,-43.25892538452533
2012,93,4,2,8476979,Erik Gustafsson,D,EDM,22,SWE,Erik Gustafsson,D,517,47.0,193.0,240,False,EDM,"(80, 100]",92.73519081164858,43.21552030125429,424.2648091883514,196.7844796987457
2012,94,4,3,8476980,Brady Vail,C,MTL,8,USA,Brady Vail,C,0,0.0,0.0,0,False,MTL,"(80, 100]",92.27180196733998,43.17522102206672,-92.27180196733998,-43.17522102206672
2012,95,4,4,8476981,Josh Anderson,RW,CBJ,29,CAN,Josh Anderson,R,688,160.0,113.0,273,False,CBJ,"(80, 100]",91.8296902205227,43.13780531448942,596.1703097794773,229.8621946855106
2012,96,4,5,8476526,Ben Thomson,LW,NJD,1,CAN,Ben Thomson,L,3,0.0,0.0,0,False,NJD,"(80, 100]",91.4078786057751,43.10306684765496,-88.4078786057751,-43.10306684765496
2012,97,4,6,8476971,Kevin Roy,C,ANA,24,CAN,Kevin Roy,C,28,6.0,1.0,7,False,ANA,"(80, 100]",91.00543501630513,43.070814054479364,-63.00543501630513,-36.070814054479364
2012,98,4,7,8476972,Adam Gilmour,C,MIN,30,USA,Adam Gilmour,C,0,0.0,0.0,0,False,MIN,"(80, 100]",90.62147014420842,43.040869075255486,-90.62147014420842,-43.040869075255486
2012,99,4,8,8476973,Erik Karlsson,C/LW,CAR,12,SWE,Erik Karlsson,L,0,0.0,0.0,0,False,CAR,"(80, 100]",90.25513551530203,43.01306677683635,-90.25513551530203,-43.01306677683635
2012,100,4,9,8476974,Thomas Di Pauli,C,WSH,15,USA,Thomas Di Pauli,C,2,0.0,0.0,0,False,WSH,"(80, 100]",89.90562161419135,42.987253841999824,-87.90562161419135,-42.987253841999824
2012,101,4,10,8476975,Cedric Paquette,C,TBL,14,CAN,Cedric Paquette,C,448,51.0,44.0,95,False,TBL,"(100, 125]",89.572156095427,42.96328792397285,358.427843904573,52.03671207602715
2012,102,4,11,8476976,Rhett Holland,D,PHX,27,CAN,Rhett Holland,D,0,0.0,0.0,0,False,UTA,"(100, 125]",89.25400207679884,42.94103686145272,-89.25400207679884,-42.94103686145272
2012,103,4,12,8476965,Loic Leduc,D,NYI,2,CAN,Loic Leduc,D,0,0.0,0.0,0,False,NYI,"(100, 125]",88.95045651099544,42.9203779497967,-88.95045651099544,-42.9203779497967
2012,104,4,13,8476966,Gemel Smith,C,DAL,25,CAN,Gemel Smith,C,91,12.0,13.0,25,False,DAL,"(100, 125]",88.66084863203102,42.90119726436088,2.339151367968981,-17.90119726436088
2012,105,4,14,8476967,Brett Kulak,D,CGY,20,CAN,Brett Kulak,D,663,29.0,108.0,137,False,CGY,"(100, 125]",88.38453847300667,42.88338903225681,574.6154615269934,94.11661096774318
2012,106,4,15,8476968,Timothy Boyle,D,OTT,9,USA,Timothy Boyle,D,0,0.0,0.0,0,False,OTT,"(100, 125]",88.12091545193053,42.8668550490614,-88.12091545193053,-42.8668550490614
2012,107,4,16,8476969,Austin Wuthrich,RW,WSH,15,USA,Austin Wuthrich,R,0,0.0,0.0,0,False,WSH,"(100, 125]",87.86939702247173,42.85150413726349,-87.86939702247173,-42.85150413726349
2012,108,4,17,8476970,Andrew O'Brien,D,ANA,24,CAN,Andrew O'Brien,D,0,0.0,0.0,0,False,ANA,"(100, 125]",87.62942738666686,42.83725164346075,-87.62942738666686,-42.83725164346075
2012,109,4,18,8476959,Christophe Lalancette,RW,SJS,28,CAN,Christophe Lalancette,C,0,0.0,0.0,0,False,SJS,"(100, 125]",87.4004762667341,42.82401897153408,-87.4004762667341,-42.82401897153408
2012,110,4,19,8476960,Andreas Athanasiou,C/LW,DET,17,CAN,Andreas Athanasiou,C,495,128.0,118.0,246,False,DET,"(100, 125]",87.1820377332811,42.8117331492252,407.8179622667189,203.1882668507748
2012,111,4,20,8476961,Fredrik Larsson,D,PHI,4,SWE,Fredrik Larsson,D,0,0.0,0.0,0,False,PHI,"(100, 125]",86.97362908731724,42.80032642572733,-86.97362908731724,-42.80032642572733
2012,112,4,21,8476962,Zach Stepan,C,NSH,18,USA,Zach Stepan,C,0,0.0,0.0,0,False,NSH,"(100, 125]",86.7747897935997,42.78973589806988,-86.7747897935997,-42.78973589806988
2012,113,4,22,8476963,Sean Maguire,G,PIT,5,CAN,Sean Maguire,G,0,0.0,0.0,0,True,PIT,"(100, 125]",86.58508046295634,42.77990316423669,-86.58508046295634,
2012,114,4,23,8476964,Alexander Delnov,LW,FLA,13,RUS,Alexander Delnov,L,0,0.0,0.0,0,False,FLA,"(100, 125]",86.4040818813366,42.770774001105124,-86.4040818813366,-42.770774001105124
2012,115,4,24,8476953,Trevor Carrick,D,CAR,12,CAN,Trevor Carrick,D,7,0.0,0.0,0,False,CAR,"(100, 125]",86.23139408344461,42.76229806542979,-79.23139408344461,-42.76229806542979
2012,116,4,25,8476954,Nicholas Walters,D,STL,19,CAN,Nicholas Walters,D,0,0.0,0.0,0,False,STL,"(100, 125]",86.06663546890789,42.754428616222114,-86.06663546890789,-42.754428616222114
2012,117,4,26,8476955,Taylor Leier,LW,PHI,4,CAN,Taylor Leier,L,55,2.0,5.0,7,False,PHI,"(100, 125]",85.90944195902806,42.747122256994736,-30.909441959028058,-35.747122256994736
2012,118,4,27,8476956,Mikko Vainonen,D,NSH,18,FIN,Mikko Vainonen,D,0,0.0,0.0,0,False,NSH,"(100, 125]",85.75946619225057,42.7403386964493,-85.75946619225057,-42.7403386964493
2012,119,4,28,8476957,Calle Andersson,D,NYR,3,SWE,Calle Andersson,D,0,0.0,0.0,0,False,NYR,"(100, 125]",85.61637675657546,42.734040526288005,-85.61637675657546,-42.734040526288005
2012,120,4,29,8476958,Jaccob Slavin,D,CAR,12,USA,Jaccob Slavin,D,784,56.0,251.0,307,False,CAR,"(100, 125]",85.47985745721293,42.72819301492359,698.5201425427871,264.2718069850764
2012,121,4,30,8476947,Nikolai Prokhorkin,LW,LAK,26,RUS,Nikolai Prokhorkin,L,43,4.0,10.0,14,False,LAK,"(100, 125]",85.34960661786548,42.72276391595019,-42.349606617865476,-28.72276391595019
2012,122,5,1,8476948,Charles Hudon,LW,MTL,8,CAN,Charles Hudon,L,134,14.0,27.0,41,False,MTL,"(100, 125]",85.22533641409257,42.71772329031886,48.77466358590743,-1.7177232903188582
2012,123,5,2,8476949,Joey Laleggia,D,EDM,22,CAN,Joey Laleggia,D,0,0.0,0.0,0,False,EDM,"(100, 125]",85.10677223728473,42.713043341237125,-85.10677223728473,-42.713043341237125
2012,124,5,3,8476950,Ryan Culkin,D,CGY,20,CAN,Ryan Culkin,D,0,0.0,0.0,0,False,CGY,"(100, 125]",84.9936520878416,42.708698260882116,-84.9936520878416,-42.708698260882116
2012,125,5,4,8476951,Doyle Somerby,D,NYI,2,USA,Doyle Somerby,D,0,0.0,0.0,0,False,NYI,"(100, 125]",84.88572599621297,42.70466408808199,-84.88572599621297,-42.70466408808199
2012,126,5,5,8476952,Dominic Toninato,C,TOR,10,USA,Dominic Toninato,C,197,13.0,23.0,36,False,TOR,"(125, 150]",84.78275547052348,42.700918576180825,112.21724452947652,-6.700918576180825
2012,127,5,6,8476942,Brian Cooper,D,ANA,24,USA,Brian Cooper,D,0,0.0,0.0,0,False,ANA,"(125, 150]",84.6845129695604,42.697441070358224,-84.6845129695604,-42.697441070358224
2012,128,5,7,8476943,Daniel Gunnarsson,D,MIN,30,SWE,Daniel Gunnarsson,D,0,0.0,0.0,0,False,MIN,"(125, 150]",84.59078139995972,42.69421239372728,-84.59078139995972,-42.69421239372728
2012,129,5,8,8476944,Brendan Woods,LW,CAR,12,CAN,Brendan Woods,L,7,0.0,0.0,0,False,CAR,"(125, 150]",84.50135363647975,42.69121474158261,-77.50135363647975,-42.69121474158261
2012,130,5,9,8476945,Connor Hellebuyck,G,WPG,52,USA,Connor Hellebuyck,G,625,0.0,10.0,0,True,WPG,"(125, 150]",84.41603206430189,42.688431583215404,540.5839679356981,
2012,131,5,10,8476495,Seth Griffith,C,BOS,6,CAN,Seth Griffith,C,80,8.0,11.0,19,False,BOS,"(125, 150]",84.33462814234724,42.68584757075394,-4.334628142347242,-23.685847570753943
2012,132,5,11,8476946,Michael Clarke,C,COL,21,CAN,Michael Clarke,C,0,0.0,0.0,0,False,COL,"(125, 150]",84.25696198664414,42.68344845452697,-84.25696198664414,-42.68344845452697
2012,133,5,12,8476937,Logan Nelson,C,BUF,7,USA,Logan Nelson,C,0,0.0,0.0,0,False,BUF,"(125, 150]",84.1828619728259,42.68122100448314,-84.1828619728259,-42.68122100448314
2012,134,5,13,8476938,Branden Troock,RW,DAL,25,CAN,Branden Troock,R,0,0.0,0.0,0,False,DAL,"(125, 150]",84.1121643568804,42.67915293723323,-84.1121643568804,-42.67915293723323
2012,135,5,14,8476939,Graham Black,C,NJD,1,CAN,Graham Black,C,0,0.0,0.0,0,False,NJD,"(125, 150]",84.04471291331333,42.67723284831272,-84.04471291331333,-42.67723284831272
2012,136,5,15,8476940,Robert Baillargeon,C,OTT,9,USA,Robert Baillargeon,C,0,0.0,0.0,0,False,OTT,"(125, 150]",83.98035858992586,42.67545014929128,-83.98035858992586,-42.67545014929128
2012,137,5,16,8476941,Connor Carrick,D,WSH,15,USA,Connor Carrick,D,242,13.0,37.0,50,False,WSH,"(125, 150]",83.91895917844342,42.673795009382346,158.0810408215566,7.326204990617654
2012,138,5,17,8476982,Danny O'Regan,C,SJS,28,DEU,Danny O'Regan,C,30,1.0,5.0,6,False,SJS,"(125, 150]",83.86037900026808,42.67225830123072,-53.86037900026808,-36.67225830123072
2012,139,5,18,8475966,Garret Ross,LW,CHI,16,USA,Garret Ross,L,0,0.0,0.0,0,False,CHI,"(125, 150]",83.80448860666007,42.670831550579294,-83.80448860666007,-42.670831550579294
2012,140,5,19,8477022,Michael McKee,D,DET,17,CAN,Michael McKee,D,0,0.0,0.0,0,False,DET,"(125, 150]",83.75116449268575,42.66950688953732,-83.75116449268575,-42.66950688953732
2012,141,5,20,8477023,Reece Willcox,D,PHI,4,CAN,Reece Willcox,D,0,0.0,0.0,0,False,PHI,"(125, 150]",83.70028882430006,42.66827701319251,-83.70028882430006,-42.66827701319251
2012,142,5,21,8477024,Thomas Spelling,RW,NYR,3,DNK,Thomas Spelling,R,0,0.0,0.0,0,False,NYR,"(125, 150]",83.65174917796037,42.66713513932773,-83.65174917796037,-42.66713513932773
2012,143,5,22,8477025,Clark Seymour,D,PIT,5,CAN,Clark Seymour,D,0,0.0,0.0,0,False,PIT,"(125, 150]",83.60543829219628,42.666074971020116,-83.60543829219628,-42.666074971020116
2012,144,5,23,8477026,Henri Kiviaho,G,DAL,25,FIN,Henri Kiviaho,G,0,0.0,0.0,0,True,DAL,"(125, 150]",83.56125383058635,42.665090661916324,-83.56125383058635,
2012,145,5,24,8477016,Cody Payne,RW,BOS,6,GBR,Cody Payne,R,0,0.0,0.0,0,False,BOS,"(125, 150]",83.5190981556182,42.66417678399255,-83.5190981556182,-42.66417678399255
2012,146,5,25,8477017,Francois Tremblay,G,STL,19,CAN,Francois Tremblay,G,0,0.0,0.0,0,True,STL,"(125, 150]",83.47887811293191,42.663328297621426,-83.47887811293191,
2012,147,5,26,8477018,Ben Hutton,D,VAN,23,CAN,Ben Hutton,D,575,30.0,109.0,139,False,VAN,"(125, 150]",83.44050482547043,42.66254052378066,491.55949517452956,96.33745947621934
2012,148,5,27,8477019,Niklas Tikkinen,D,PHX,27,FIN,Niklas Tikkinen,D,0,0.0,0.0,0,False,UTA,"(125, 150]",83.40389349708157,42.66180911825041,-83.40389349708157,-42.66180911825041
2012,149,5,28,8477020,Travis Brown,D,CHI,16,CAN,Travis Brown,D,0,0.0,0.0,0,False,CHI,"(125, 150]",83.36896322513803,42.66113004765679,-83.36896322513803,-42.66113004765679
2012,150,5,29,8477021,Alex Kerfoot,C,NJD,1,CAN,Alexander Kerfoot,C,639,105.0,200.0,305,False,NJD,"(125, 150]",83.33563682176118,42.66049956722966,555.6643631782388,262.33950043277036
2012,151,5,30,8476525,Colin Miller,D,LAK,26,CAN,Colin Miller,D,590,43.0,140.0,183,False,LAK,"(150, 180]",83.30384064325355,42.65991420015188,506.6961593567464,140.3400857998481
2012,152,6,1,8477011,Daniel Zaar,RW,CBJ,29,SWE,Daniel Zaar,R,0,0.0,0.0,0,False,CBJ,"(150, 180]",83.27350442736322,42.65937071838622,-83.27350442736322,-42.65937071838622
2012,153,6,2,8477012,John McCarron,RW,EDM,22,USA,John McCarron,R,0,0.0,0.0,0,False,EDM,"(150, 180]",83.2445611380203,42.658866124874194,-83.2445611380203,-42.658866124874194
2012,154,6,3,8477013,Erik Nystrom,LW,MTL,8,SWE,Erik Nystrom,L,0,0.0,0.0,0,False,MTL,"(150, 180]",83.2169468172027,42.6583976370086,-83.2169468172027,-42.6583976370086
2012,155,6,4,8477014,Jesse Graham,D,NYI,2,CAN,Jesse Graham,D,0,0.0,0.0,0,False,NYI,"(150, 180]",83.19060044360353,42.657962671288715,-83.19060044360353,-42.657962671288715
2012,156,6,5,8477015,Connor Brown,RW,TOR,10,CAN,Connor Brown,R,676,125.0,176.0,301,False,TOR,"(150, 180]",83.16546379778804,42.65755882907344,592.834536202212,258.3424411709266
2012,157,6,6,8477005,Ryan Rupert,C,TOR,10,CAN,Ryan Rupert,C,0,0.0,0.0,0,False,TOR,"(150, 180]",83.14148133354207,42.657183883353845,-83.14148133354207,-42.657183883353845
2012,158,6,7,8477006,Christoph Bertschy,C,MIN,30,CHE,Christoph Bertschy,C,9,0.0,1.0,1,False,MIN,"(150, 180]",83.11860005512764,42.656835766472234,-74.11860005512764,-41.656835766472234
2012,159,6,8,8477007,Collin Olson,G,CAR,12,USA,Collin Olson,G,0,0.0,0.0,0,True,CAR,"(150, 180]",83.09676940017454,42.65651255871995,-83.09676940017454,
2012,160,6,9,8477008,Ryan Olsen,C,WPG,52,CAN,Ryan Olsen,C,0,0.0,0.0,0,False,WPG,"(150, 180]",83.07594112794911,42.65621247775101,-83.07594112794911,-42.65621247775101
2012,161,6,10,8477009,Jake Dotchin,D,TBL,14,CAN,Jake Dotchin,D,103,3.0,20.0,23,False,TBL,"(150, 180]",83.05606921275334,42.65593386875329,19.943930787246657,-19.655933868753287
2012,162,6,11,8477010,Joseph Blandisi,C/RW,COL,21,CAN,Joseph Blandisi,C,101,10.0,21.0,31,False,COL,"(150, 180]",83.03710974221858,42.65567519532296,17.962890257781424,-11.655675195322956
2012,163,6,12,8476999,Linus Ullmark,G,BUF,7,SWE,Linus Ullmark,G,340,1.0,6.0,0,True,BUF,"(150, 180]",83.01902082026932,42.655435030991924,256.9809791797307,
2012,164,6,13,8477000,Simon Fernholm,D,NSH,18,SWE,Simon Fernholm,D,0,0.0,0.0,0,False,NSH,"(150, 180]",83.0017624745425,42.65521205136148,-83.0017624745425,-42.65521205136148
2012,165,6,14,8477001,Coda Gordon,LW,CGY,20,CAN,Coda Gordon,L,0,0.0,0.0,0,False,CGY,"(150, 180]",82.98529656805775,42.65500502679885,-82.98529656805775,-42.65500502679885
2012,166,6,15,8477002,Francois Brassard,G,OTT,9,CAN,Francois Brassard,G,0,0.0,0.0,0,True,OTT,"(150, 180]",82.96958671494343,42.654812815656285,-82.96958671494343,
2012,167,6,16,8477003,Riley Barber,RW,WSH,15,USA,Riley Barber,R,16,0.0,0.0,0,False,WSH,"(150, 180]",82.95459820003221,42.65463435797545,-66.95459820003221,-42.65463435797545
2012,168,6,17,8477004,Clifford Watson,D,SJS,28,USA,Clifford Watson,D,0,0.0,0.0,0,False,SJS,"(150, 180]",82.9402979021485,42.65446866964217,-82.9402979021485,-42.65446866964217
2012,169,6,18,8476994,Vinnie Hinostroza,C,CHI,16,USA,Vinnie Hinostroza,C,477,65.0,114.0,179,False,CHI,"(150, 180]",82.92665422091831,42.6543148369595,394.0733457790817,136.3456851630405
2012,170,6,19,8476995,James de Haas,D,DET,17,CAN,James de Haas,D,0,0.0,0.0,0,False,DET,"(150, 180]",82.91363700693962,42.65417201160911,-82.91363700693962,-42.65417201160911
2012,171,6,20,8476617,Tomas Hyka,RW,LAK,26,CZE,Tomas Hyka,R,27,2.0,5.0,7,False,LAK,"(150, 180]",82.9012174951592,42.65403940597316,-55.9012174951592,-35.65403940597316
2012,172,6,21,8476996,Max Gortz,RW,NSH,18,SWE,Max Gortz,R,0,0.0,0.0,0,False,NSH,"(150, 180]",82.88936824130836,42.653916288790974,-82.88936824130836,-42.653916288790974
2012,173,6,22,8476997,Anton Zlobin,RW,PIT,5,RUS,Anton Zlobin,R,0,0.0,0.0,0,False,PIT,"(150, 180]",82.87806306125748,42.653801981126435,-82.87806306125748,-42.653801981126435
2012,174,6,23,8476998,Francis Beauvillier,C/LW,FLA,13,CAN,Francis Beauvillier,C,0,0.0,0.0,0,False,FLA,"(150, 180]",82.86727697315509,42.65369585262398,-82.86727697315509,-42.65369585262398
2012,175,6,24,8476988,Matt Benning,D,BOS,6,CAN,Matt Benning,D,465,17.0,85.0,102,False,BOS,"(150, 180]",82.85698614222369,42.65359731803246,382.1430138577763,59.34640268196754
2012,176,6,25,8476989,Petteri Lindbohm,D,STL,19,FIN,Petteri Lindbohm,D,49,2.0,2.0,4,False,STL,"(150, 180]",82.8471678280904,42.65350583397773,-33.847167828090406,-38.65350583397773
2012,177,6,26,8476990,Wesley Myron,LW,VAN,23,CAN,Wesley Myron,L,0,0.0,0.0,0,False,VAN,"(150, 180]",82.83780033453596,42.65342089596622,-82.83780033453596,-42.65342089596622
2012,178,6,27,8476991,Samuel Fejes,LW,PHX,27,USA,Samuel Fejes,L,0,0.0,0.0,0,False,UTA,"(150, 180]",82.82886296155098,42.653342035602826,-82.82886296155098,-42.653342035602826
2012,179,6,28,8476992,Marek Mazanec,G,NSH,18,CZE,Marek Mazanec,G,31,0.0,1.0,0,True,NSH,"(150, 180]",82.82033595959383,42.65326881800799,-51.820335959593834,
2012,180,6,29,8476993,Artur Gavrus,C/LW,NJD,1,BLR,Artur Gavrus,C,0,0.0,0.0,0,False,NJD,"(150, 180]",82.81220048594854,42.65320083941945,-82.81220048594854,-42.65320083941945
2012,181,6,30,8476983,Paul LaDue,D,LAK,26,USA,Paul LaDue,D,70,5.0,13.0,18,False,LAK,"(180, 211]",82.80443856308683,42.65313772496576,-12.804438563086833,-24.65313772496576
2012,182,7,1,8476984,Gianluca Curcuruto,D,CBJ,29,CAN,Gianluca Curcuruto,D,0,0.0,0.0,0,False,CBJ,"(180, 211]",82.79703303894182,42.65307912659897,-82.79703303894182,-42.65307912659897
2012,183,7,2,8476985,Dmitry Sinitsyn,D,DAL,25,RUS,Dmitry Sinitsyn,D,0,0.0,0.0,0,False,DAL,"(180, 211]",82.78996754900598,42.653024721175335,-82.78996754900598,-42.653024721175335
2012,184,7,3,8476986,Marek Langhamer,G,PHX,27,CZE,Marek Langhamer,G,2,0.0,0.0,0,True,UTA,"(180, 211]",82.78322648016925,42.652974208673314,-80.78322648016925,
2012,185,7,4,8476987,Jake Bischoff,D,NYI,2,USA,Jake Bischoff,D,4,0.0,0.0,0,False,NYI,"(180, 211]",82.7767949362177,42.652927310539084,-78.7767949362177,-42.652927310539084
2012,186,7,5,8477027,Matthew Deblouw,C,CGY,20,USA,Matthew Deblouw,C,0,0.0,0.0,0,False,CGY,"(180, 211]",82.77065870491634,42.65288376815045,-82.77065870491634,-42.65288376815045
2012,187,7,6,8477047,Kenton Helgesen,D,ANA,24,CAN,Kenton Helgesen,L,0,0.0,0.0,0,False,ANA,"(180, 211]",82.76480422660329,42.652843341390636,-82.76480422660329,-42.652843341390636
2012,188,7,7,8477048,Louis Nanne,LW,MIN,30,USA,Louis Nanne,L,0,0.0,0.0,0,False,MIN,"(180, 211]",82.75921856422605,42.65280580732417,-82.75921856422605,-42.65280580732417
2012,189,7,8,8477049,Brendan Collier,LW,CAR,12,USA,Brendan Collier,L,0,0.0,0.0,0,False,CAR,"(180, 211]",82.7538893747536,42.652770958967494,-82.7538893747536,-42.652770958967494
2012,190,7,9,8477050,Jamie Phillips,G,WPG,52,CAN,Jamie Phillips,G,0,0.0,0.0,0,True,WPG,"(180, 211]",82.74880488190117,42.65273860414752,-82.74880488190117,
2012,191,7,10,8477051,Brandon Whitney,G,CHI,16,CAN,Brandon Whitney,G,0,0.0,0.0,0,True,CHI,"(180, 211]",82.7439538501073,42.65270856444192,-82.7439538501073,
2012,192,7,11,8476536,Colin Smith,C,COL,21,CAN,Colin Smith,C,1,0.0,0.0,0,False,COL,"(180, 211]",82.73932555970585,42.65268067419517,-81.73932555970585,-42.65268067419517
2012,193,7,12,8477041,Brady Austin,D,BUF,7,CAN,Brady Austin,D,5,0.0,0.0,0,False,BUF,"(180, 211]",82.73490978323798,42.652654779605044,-77.73490978323798,-42.652654779605044
2012,194,7,13,8477042,Jonatan Nielsen,D,FLA,13,SWE,Jonatan Nielsen,D,0,0.0,0.0,0,False,FLA,"(180, 211]",82.73069676285189,42.65263073787449,-82.73069676285189,-42.65263073787449
2012,195,7,14,8477043,Christian Djoos,D,WSH,15,SWE,Christian Djoos,D,155,7.0,31.0,38,False,WSH,"(180, 211]",82.72667718874011,42.65260841642412,72.27332281125989,-4.652608416424123
2012,196,7,15,8477044,Mikael Wikstrand,D,OTT,9,SWE,Mikael Wikstrand,D,0,0.0,0.0,0,False,OTT,"(180, 211]",82.72284217856702,42.652587692161156,-82.72284217856702,-42.652587692161156
2012,197,7,16,8477045,Jaynen Rissling,D,WSH,15,CAN,Jaynen Rissling,D,0,0.0,0.0,0,False,WSH,"(180, 211]",82.71918325784091,42.652568450800544,-82.71918325784091,-42.652568450800544
2012,198,7,17,8477046,Joakim Ryan,D,SJS,28,USA,Joakim Ryan,D,145,4.0,20.0,24,False,SJS,"(180, 211]",82.71569234118732,42.65255058623481,62.28430765881268,-18.65255058623481
2012,199,7,18,8477035,Matt Tomkins,G,CHI,16,CAN,Matt Tomkins,G,6,0.0,0.0,0,True,CHI,"(180, 211]",82.71236171448218,42.65253399994888,-76.71236171448218,
2012,200,7,19,8477036,Rasmus Bodin,LW,DET,17,SWE,Rasmus Bodin,L,0,0.0,0.0,0,False,DET,"(180, 211]",82.70918401780544,42.65251860047681,-82.70918401780544,-42.65251860047681
2012,201,7,20,8477037,Valeri Vasiliev,D,PHI,4,RUS,Valeri Vasiliev,D,0,0.0,0.0,0,False,PHI,"(180, 211]",82.70615222917723,42.65250430289742,-82.70615222917723,-42.65250430289742
2012,202,7,21,8477038,Nikita Gusev,LW,TBL,14,RUS,Nikita Gusev,L,97,17.0,37.0,54,False,TBL,"(180, 211]",82.703259649041,42.65249102836595,14.296740350958999,11.34750897163405
2012,203,7,22,8477039,Sergey Kostenko,G,WSH,15,RUS,Sergey Kostenko,G,0,0.0,0.0,0,True,WSH,"(180, 211]",82.70049988545898,42.652478703679314,-82.70049988545898,
2012,204,7,23,8477040,Judd Peterson,C/RW,BUF,7,USA,Judd Peterson,C,0,0.0,0.0,0,False,BUF,"(180, 211]",82.69786683998748,42.652467260872385,-82.69786683998748,-42.652467260872385
2012,205,7,24,8477029,Colton Hargrove,LW,BOS,6,USA,Colton Hargrove,L,0,0.0,0.0,0,False,BOS,"(180, 211]",82.69535469420074,42.652456636843205,-82.69535469420074,-42.652456636843205
2012,206,7,25,8477030,Tyrel Seaman,C,STL,19,CAN,Tyrel Seaman,C,0,0.0,0.0,0,False,STL,"(180, 211]",82.69295789683352,42.65244677300502,-82.69295789683352,-42.65244677300502
2012,207,7,26,8477031,Matthew Beattie,LW,VAN,23,USA,Matthew Beattie,L,0,0.0,0.0,0,False,VAN,"(180, 211]",82.69067115151412,42.65243761496317,-82.69067115151412,-42.65243761496317
2012,208,7,27,8477032,Justin Hache,D,PHX,27,CAN,Justin Hache,D,0,0.0,0.0,0,False,UTA,"(180, 211]",82.68848940506057,42.65242911221517,-82.68848940506057,-42.65242911221517
2012,209,7,28,8477033,Viktor Loov,D,TOR,10,SWE,Viktor Loov,D,4,0.0,2.0,2,False,TOR,"(180, 211]",82.68640783631426,42.65242121787215,-78.68640783631426,-40.65242121787215
2012,210,7,29,8477034,Jaycob Megna,D,ANA,24,USA,Jaycob Megna,D,197,4.0,23.0,27,False,ANA,"(180, 211]",82.68442184548637,42.652413888400375,114.31557815451363,-15.652413888400375
2012,211,7,30,8477028,Nick Ebert,D,LAK,26,USA,Nick Ebert,D,0,0.0,0.0,0,False,LAK,"(180, 211]",82.68252704399328,42.65240708338107,-82.68252704399328,-42.65240708338107
2013,1,1,1,8477492,Nathan MacKinnon,C,COL,21,CAN,Nathan MacKinnon,C,950,420.0,722.0,1142,False,COL,,844.7618549404874,563.9056503589592,105.23814505951259,578.0943496410408
2013,2,1,2,8477493,Aleksander Barkov,C,FLA,13,FIN,Aleksander Barkov,C,804,286.0,496.0,782,False,FLA,"(1, 2]",809.7681901837298,526.6079284397246,-5.768190183729757,255.39207156027544
2013,3,1,3,8477494,Jonathan Drouin,LW,TBL,14,CAN,Jonathan Drouin,L,671,111.0,287.0,398,False,TBL,"(2, 3]",776.3813047565832,491.9790049263708,-105.38130475658318,-93.9790049263708
2013,4,1,4,8477495,Seth Jones,D,NSH,18,USA,Seth Jones,D,912,106.0,367.0,473,False,NSH,"(3, 4]",744.5274213101472,459.82791681727923,167.47257868985275,13.172083182720769
2013,5,1,5,8477496,Elias Lindholm,C,CAR,12,SWE,Elias Lindholm,C,969,252.0,400.0,652,False,CAR,"(4, 5]",714.1361500778175,429.977365263173,254.86384992218245,222.022634736827
2013,6,1,6,8477497,Sean Monahan,C,CGY,20,CAN,Sean Monahan,C,896,276.0,355.0,631,False,CGY,"(5, 6]",685.1403333300681,402.26273784338173,210.85966666993193,228.73726215661827
2013,7,1,7,8477498,Darnell Nurse,D,EDM,22,CAN,Darnell Nurse,D,798,88.0,236.0,324,False,EDM,"(6, 8]",657.4758969712924,376.5312008020775,140.5241030287076,-52.53120080207748
2013,8,1,8,8477499,Rasmus Ristolainen,D,BUF,7,FIN,Rasmus Ristolainen,D,820,57.0,261.0,318,False,BUF,"(6, 8]",631.0817089507688,352.6408562385712,188.91829104923124,-34.64085623857119
2013,9,1,9,8477500,Bo Horvat,C,VAN,23,CAN,Bo Horvat,C,881,300.0,318.0,618,False,VAN,"(8, 10]",605.8994441748678,330.45995960395163,275.10055582513223,287.54004039604837
2013,10,1,10,8477501,Valeri Nichushkin,RW,DAL,25,RUS,Valeri Nichushkin,R,627,154.0,203.0,357,False,DAL,"(8, 10]",581.8734556219907,309.8661931889113,45.12654437800927,47.133806811088675
2013,11,1,11,8477502,Samuel Morin,D,PHI,4,CAN,Samuel Morin,L,29,1.0,0.0,1,False,PHI,"(10, 12]",558.9506513754325,290.7459915963702,-529.9506513754325,-289.7459915963702
2013,12,1,12,8477503,Max Domi,C/LW,PHX,27,CAN,Max Domi,C,815,150.0,336.0,486,False,UTA,"(10, 12]",537.0803773024388,272.99391547918094,277.9196226975612,213.00608452081906
2013,13,1,13,8477504,Josh Morrissey,D,WPG,52,CAN,Josh Morrissey,D,739,94.0,334.0,428,False,WPG,"(12, 15]",516.2143051202067,256.5120700893594,222.78569487979325,171.48792991064062
2013,14,1,14,8477505,Alexander Wennberg,C,CBJ,29,SWE,Alexander Wennberg,C,869,119.0,306.0,425,False,CBJ,"(12, 15]",496.30632560147916,241.20956543240027,372.69367439852084,183.79043456759973
2013,15,1,15,8477506,Ryan Pulock,D,NYI,2,CAN,Ryan Pulock,D,636,56.0,185.0,241,False,NYI,"(12, 15]",477.3124466837421,227.00201504967026,158.6875533162579,13.997984950329737
2013,16,1,16,8477507,Nikita Zadorov,D,BUF,7,RUS,Nikita Zadorov,D,804,53.0,137.0,190,False,BUF,"(15, 20]",459.19069625687024,213.81107066488858,344.80930374312976,-23.811070664888575
2013,17,1,17,8477508,Curtis Lazar,C/RW,OTT,9,CAN,Curtis Lazar,C,617,51.0,80.0,131,False,OTT,"(15, 20]",441.90102941440335,201.5639901284781,175.09897058559665,-70.56399012847811
2013,18,1,18,8477509,Mirco Mueller,D,SJS,28,CHE,Mirco Mueller,D,185,5.0,23.0,28,False,SJS,"(15, 20]",425.4052399634998,190.1932362771945,-240.4052399634998,-162.1932362771945
2013,19,1,19,8477510,Kerby Rychel,LW,CBJ,29,USA,Kerby Rychel,L,43,3.0,11.0,14,False,CBJ,"(15, 20]",409.6668759980253,179.63610449692322,-366.6668759980253,-165.63610449692322
2013,20,1,20,8477511,Anthony Mantha,RW,DET,17,CAN,Anthony Mantha,R,588,179.0,188.0,367,False,DET,"(15, 20]",394.651159348212,169.83437693482028,193.348840651788,197.16562306517972
2013,21,1,21,8477512,Frederik Gauthier,C,TOR,10,CAN,Frederik Gauthier,C,178,13.0,18.0,31,False,TOR,"(20, 25]",380.324908728891,160.7340014539319,-202.324908728891,-129.7340014539319
2013,22,1,22,8477486,Emile Poirier,LW,CGY,20,CAN,Emile Poirier,L,8,0.0,1.0,1,False,CGY,"(20, 25]",366.6564664164723,152.28479355987108,-358.6564664164723,-151.28479355987108
2013,23,1,23,8477444,Andre Burakovsky,LW,WSH,15,AUT,Andre Burakovsky,L,771,164.0,256.0,420,False,WSH,"(20, 25]",353.6156282926471,144.44015965581036,417.3843717073529,275.55984034418964
2013,24,1,24,8477445,Hunter Shinkaruk,C/LW,VAN,23,CAN,Hunter Shinkaruk,C,15,2.0,2.0,4,False,VAN,"(20, 25]",341.17357710022264,137.15684009966634,-326.17357710022264,-133.15684009966634
2013,25,1,25,8477446,Michael McCarron,RW,MTL,8,USA,Michael McCarron,C,381,36.0,43.0,79,False,MTL,"(20, 25]",329.30281876360266,130.3946706465514,51.69718123639734,-51.39467064655139
2013,26,1,26,8477447,Shea Theodore,D,ANA,24,CAN,Shea Theodore,D,634,88.0,314.0,402,False,ANA,"(25, 31]",317.97712163319443,124.11636096095384,316.02287836680557,277.88363903904616
2013,27,1,27,8477448,Marko Dano,C,CBJ,29,AUT,Marko Dano,C,141,19.0,26.0,45,False,CBJ,"(25, 31]",307.17145851948806,118.28728897724142,-166.17145851948806,-73.28728897724142
2013,28,1,28,8477449,Morgan Klimchuk,LW,CGY,20,CAN,Morgan Klimchuk,L,1,0.0,0.0,0,False,CGY,"(25, 31]",296.86195138871545,112.87530997447791,-295.86195138871545,-112.87530997447791
2013,29,1,29,8477450,Jason Dickinson,C,DAL,25,CAN,Jason Dickinson,C,566,75.0,97.0,172,False,DAL,"(25, 31]",287.0258185978798,107.85057931268578,278.9741814021202,64.14942068731422
2013,30,1,30,8477451,Ryan Hartman,RW,CHI,16,USA,Ryan Hartman,R,725,162.0,185.0,347,False,CHI,"(25, 31]",277.6413245525565,103.18538785302533,447.3586754474435,243.81461214697467
2013,31,2,1,8477452,Ian McCoshen,D,FLA,13,USA,Ian McCoshen,D,60,4.0,3.0,7,False,FLA,"(25, 31]",268.6877316762219,98.85400915430591,-208.68773167622192,-91.85400915430591
2013,32,2,2,8477453,Chris Bigras,D,COL,21,CAN,Chris Bigras,D,46,1.0,3.0,4,False,COL,"(31, 40]",260.14525458497144,94.83255760318657,-214.14525458497144,-90.83255760318657
2013,33,2,3,8477454,Adam Erne,LW,TBL,14,USA,Adam Erne,L,424,47.0,52.0,99,False,TBL,"(31, 40]",251.99501636636575,91.09885669571764,172.00498363363425,7.901143304282357
2013,34,2,4,8477455,Jacob de la Rose,LW,MTL,8,SWE,Jacob de la Rose,L,242,13.0,25.0,38,False,MTL,"(31, 40]",244.21900686578914,87.63231674385521,-2.21900686578914,-49.63231674385521
2013,35,2,5,8477456,J.T. Compher,LW,BUF,7,USA,J.T. Compher,L,658,129.0,173.0,302,False,BUF,"(31, 40]",236.80004288814456,84.41382133255445,421.19995711185544,217.58617866744555
2013,36,2,6,8477457,Zach Fucale,G,MTL,8,CAN,Zach Fucale,G,4,0.0,0.0,0,True,MTL,"(31, 40]",229.72173022693886,81.42562190130346,-225.72173022693886,
2013,37,2,7,8477458,Valentin Zykov,LW,LAK,26,RUS,Valentin Zykov,L,55,7.0,10.0,17,False,LAK,"(31, 40]",222.96842743685136,78.65123986876237,-167.96842743685136,-61.651239868762374
2013,38,2,8,8477459,Connor Hurley,C,BUF,7,USA,Connor Hurley,C,0,0.0,0.0,0,False,BUF,"(31, 40]",216.5252112697325,76.07537576076862,-216.5252112697325,-76.07537576076862
2013,39,2,9,8477460,Laurent Dauphin,C,PHX,27,CAN,Laurent Dauphin,C,94,8.0,9.0,17,False,UTA,"(31, 40]",210.3778436976523,73.68382484059008,-116.37784369765231,-56.68382484059008
2013,40,2,10,8477461,Remi Elie,LW,DAL,25,CAN,Remi Elie,L,107,7.0,15.0,22,False,DAL,"(31, 40]",204.51274045012914,71.46339877616482,-97.51274045012914,-49.46339877616482
2013,41,2,11,8477462,Robert Hagg,D,PHI,4,SWE,Robert Hagg,D,345,16.0,47.0,63,False,PHI,"(40, 50]",198.91694099601142,69.40185291235734,146.08305900398858,-6.4018529123573416
2013,42,2,12,8477463,Steven Santini,D,NJD,1,USA,Steven Santini,D,136,5.0,19.0,24,False,NJD,"(40, 50]",193.57807990368076,67.48781874717034,-57.57807990368076,-43.48781874717034
2013,43,2,13,8477464,Nic Petan,C,WPG,52,CAN,Nic Petan,C,170,7.0,28.0,35,False,WPG,"(40, 50]",188.48435951628767,65.71074123954845,-18.484359516287668,-30.710741239548454
2013,44,2,14,8477465,Tristan Jarry,G,PIT,5,CAN,Tristan Jarry,G,326,1.0,12.0,0,True,PIT,"(40, 50]",183.62452388163973,64.06082060305499,142.37547611836027,
2013,45,2,15,8477466,Nick Sorensen,RW,ANA,24,DNK,Nick Sorensen,R,5,0.0,1.0,1,False,ANA,"(40, 50]",178.98783387913235,62.528958264439325,-173.98783387913235,-61.528958264439325
2013,46,2,16,8477467,Gustav Olofsson,D,MIN,30,SWE,Gustav Olofsson,D,63,0.0,11.0,11,False,MIN,"(40, 50]",174.56404348875844,61.106706689080966,-111.56404348875844,-50.106706689080966
2013,47,2,17,8477468,Thomas Vannelli,D,STL,19,USA,Thomas Vannelli,D,0,0.0,0.0,0,False,STL,"(40, 50]",170.34337714975766,59.786222796620166,-170.34337714975766,-59.786222796620166
2013,48,2,18,8477469,Zach Nastasiuk,RW,DET,17,CAN,Zach Nastasiuk,R,0,0.0,0.0,0,False,DET,"(40, 50]",166.31650815887204,58.560224709882874,-166.31650815887204,-58.560224709882874
2013,49,2,19,8477470,Gabryel Boudreau,LW,SJS,28,CAN,Gabryel Boudreau,L,0,0.0,0.0,0,False,SJS,"(40, 50]",162.474538060474,57.42195159859,-162.474538060474,-57.42195159859
2013,50,2,20,8477471,Dillon Heatherington,D,CBJ,29,CAN,Dillon Heatherington,D,23,0.0,2.0,2,False,CBJ,"(40, 50]",158.8089769830231,56.365126396406794,-135.8089769830231,-54.365126396406794
2013,51,2,21,8477472,Carl Dahlstrom,D,CHI,16,SWE,Carl Dahlstrom,D,67,0.0,12.0,12,False,CHI,"(50, 65]",155.3117248783995,55.38392118573376,-88.3117248783995,-43.38392118573376
2013,52,2,22,8477473,Justin Bailey,RW,BUF,7,USA,Justin Bailey,R,141,10.0,13.0,23,False,BUF,"(50, 65]",151.97505362265838,54.472925059351624,-10.975053622658379,-31.472925059351624
2013,53,2,23,8477474,Madison Bowey,D,WSH,15,CAN,Madison Bowey,D,158,5.0,35.0,40,False,WSH,"(50, 65]",148.79158993865056,53.627114281691775,9.20841006134944,-13.627114281691775
2013,54,2,24,8477475,Philippe Desrosiers,G,DAL,25,CAN,Philippe Desrosiers,G,0,0.0,0.0,0,True,DAL,"(50, 65]",145.7542991027736,52.8418245851849,-145.7542991027736,
2013,55,2,25,8477476,Artturi Lehkonen,LW,MTL,8,FIN,Artturi Lehkonen,L,660,165.0,171.0,336,False,MTL,"(50, 65]",142.85646939984818,52.11272544891468,517.1435306001518,283.88727455108534
2013,56,2,26,8477477,Marco Roy,C,EDM,22,CAN,Marco Roy,C,0,0.0,0.0,0,False,EDM,"(50, 65]",140.0916972917691,51.43579621773465,-140.0916972917691,-51.43579621773465
2013,57,2,27,8477478,William Carrier,LW,STL,19,CAN,William Carrier,L,526,69.0,67.0,136,False,STL,"(50, 65]",137.45387326715675,50.80730393015615,388.5461267328433,85.19269606984385
2013,58,2,28,8477479,Tyler Bertuzzi,LW,DET,17,CAN,Tyler Bertuzzi,L,567,168.0,197.0,365,False,DET,"(50, 65]",134.93716834074,50.22378273273779,432.06283165926004,314.7762172672622
2013,59,2,29,8477480,Eric Comrie,G,WPG,52,CAN,Eric Comrie,G,102,0.0,2.0,0,True,WPG,"(50, 65]",132.53602117263767,49.68201476745624,-30.536021172637675,
2013,60,2,30,8477481,Linus Arnesson,D,BOS,6,SWE,Linus Arnesson,D,0,0.0,0.0,0,False,BOS,"(50, 65]",130.2451257790745,49.179012426660584,-130.2451257790745,-49.179012426660584
2013,61,2,31,8477482,Zachary Sanford,LW,WSH,15,USA,Zachary Sanford,L,334,49.0,55.0,104,False,WSH,"(50, 65]",128.05941980737566,48.71200187775444,205.94058019262434,55.28799812224556
2013,62,3,1,8477483,Yan Pavel Laplante,C,PHX,27,CAN,Yan Pavel Laplante,C,0,0.0,0.0,0,False,UTA,"(50, 65]",125.97407334933011,48.278407766751634,-125.97407334933011,-48.278407766751634
2013,63,3,2,8477484,Spencer Martin,G,COL,21,CAN,Spencer Martin,G,72,0.0,0.0,0,True,COL,"(50, 65]",123.98447826820251,47.875839016352614,-51.98447826820251,
2013,64,3,3,8477485,Jonathan-Ismael Diaby,D,NSH,18,CAN,Jonathan-Ismael Diaby,D,0,0.0,0.0,0,False,NSH,"(50, 65]",122.08623801580958,47.50207564022413,-122.08623801580958,-47.50207564022413
2013,65,3,4,8477487,Adam Tambellini,C,NYR,3,CAN,Adam Tambellini,L,0,0.0,0.0,0,False,NYR,"(50, 65]",120.27515791715824,47.15505650076909,-120.27515791715824,-47.15505650076909
2013,66,3,5,8477488,Brett Pesce,D,CAR,12,USA,Brett Pesce,D,736,43.0,179.0,222,False,CAR,"(65, 80]",118.54723590117729,46.832867942875936,617.4527640988227,175.16713205712406
2013,67,3,6,8477489,Keegan Kanzig,D,CGY,20,CAN,Keegan Kanzig,D,0,0.0,0.0,0,False,CGY,"(65, 80]",116.89865365705954,46.53373324096787,-116.89865365705954,-46.53373324096787
2013,68,3,7,8477490,Niklas Hansson,D,DAL,25,SWE,Niklas Hansson,D,0,0.0,0.0,0,False,DAL,"(65, 80]",115.32576819667179,46.25600280115723,-115.32576819667179,-46.25600280115723
2013,69,3,8,8477491,Nick Baptiste,RW,BUF,7,CAN,Nick Baptiste,R,47,7.0,3.0,10,False,BUF,"(65, 80]",113.82510380438777,45.99814506447404,-66.82510380438777,-35.99814506447404
2013,70,3,9,8477438,Eamon McAdam,G,NYI,2,USA,Eamon McAdam,G,0,0.0,0.0,0,True,NYI,"(65, 80]",112.39334435655485,45.75873806100437,-112.39334435655485,
2013,71,3,10,8477398,Connor Crisp,LW,MTL,8,CAN,Connor Crisp,L,0,0.0,0.0,0,False,MTL,"(65, 80]",111.02732599362243,45.53646156836322,-111.02732599362243,-45.53646156836322
2013,72,3,11,8477399,Tyrell Goulbourne,LW,PHI,4,CAN,Tyrell Goulbourne,L,11,0.0,0.0,0,False,PHI,"(65, 80]",109.72403012873889,45.33008983125943,-98.72403012873889,-45.33008983125943
2013,73,3,12,8477400,Ryan Kujawinski,C,NJD,1,CAN,Ryan Kujawinski,C,0,0.0,0.0,0,False,NJD,"(65, 80]",108.48057677736796,45.13848480200428,-108.48057677736796,-45.13848480200428
2013,74,3,13,8477401,John Hayden,C,CHI,16,USA,John Hayden,C,272,18.0,21.0,39,False,CHI,"(65, 80]",107.29421819318438,44.960589864688316,164.70578180681562,-5.960589864688316
2013,75,3,14,8477402,Pavel Buchnevich,LW,NYR,3,RUS,Pavel Buchnevich,L,674,202.0,304.0,506,False,NYR,"(65, 80]",106.16233279618547,44.795424008417875,567.8376672038146,461.20457599158215
2013,76,3,15,8477403,Taylor Cammarata,C/LW,NYI,2,USA,Taylor Cammarata,C,0,0.0,0.0,0,False,NYI,"(65, 80]",105.08241937960153,44.64207641747942,-105.08241937960153,-44.64207641747942
2013,77,3,16,8477404,Jake Guentzel,C,PIT,5,USA,Jake Guentzel,C,681,306.0,353.0,659,False,PIT,"(65, 80]",104.05209158280329,44.49970144859892,576.9479084171967,614.5002985514011
2013,78,3,17,8477405,Marcus Hogberg,G,OTT,9,SWE,Marcus Hogberg,G,58,0.0,0.0,0,True,OTT,"(65, 80]",103.06907261799299,44.36751396759794,-45.06907261799299,
2013,79,3,18,8477406,Mattias Janmark,C,DET,17,SWE,Mattias Janmark,C,680,83.0,138.0,221,False,DET,"(65, 80]",102.13119023902618,44.24478501973033,577.8688097609738,176.75521498026967
2013,80,3,19,8477407,Anthony Duclair,LW,NYR,3,CAN,Anthony Duclair,L,669,165.0,176.0,341,False,NYR,"(65, 80]",101.23637194124682,44.13083780982339,567.7636280587532,296.8691621901766
2013,81,3,20,8476545,Kurtis Gabriel,RW,MIN,30,CAN,Kurtis Gabriel,R,51,2.0,3.0,5,False,MIN,"(80, 100]",100.38264038172775,44.02504397005559,-49.382640381727754,-39.02504397005559
2013,82,3,21,8477409,Carter Verhaeghe,C,TOR,10,CAN,Carter Verhaeghe,C,488,172.0,185.0,357,False,TOR,"(80, 100]",99.56810900979711,43.92682009478953,388.4318909902029,313.07317990521045
2013,83,3,22,8477410,Bogdan Yakimov,C,EDM,22,RUS,Bogdan Yakimov,C,1,0.0,0.0,0,False,EDM,"(80, 100]",98.79097789819461,43.835624523351164,-97.79097789819461,-43.835624523351164
2013,84,3,23,8477411,Jimmy Lodge,C,WPG,52,USA,Jimmy Lodge,C,0,0.0,0.0,0,False,WPG,"(80, 100]",98.0495297656456,43.750954353013846,-98.0495297656456,-43.750954353013846
2013,85,3,24,8477412,Cole Cassels,C,VAN,23,USA,Cole Cassels,C,0,0.0,0.0,0,False,VAN,"(80, 100]",97.34212618206395,43.672342665715014,-97.34212618206395,-43.672342665715014
2013,86,3,25,8477413,Sven Andrighetto,RW,MTL,8,CHE,Sven Andrighetto,R,216,31.0,52.0,83,False,MTL,"(80, 100]",96.66720394799776,43.59935595321225,119.33279605200224,39.40064404678775
2013,87,3,26,8477414,Keaton Thompson,D,ANA,24,USA,Keaton Thompson,D,0,0.0,0.0,0,False,ANA,"(80, 100]",96.02327164031772,43.53159172647953,-96.02327164031772,-43.53159172647953
2013,88,3,27,8477415,Anton Slepyshev,LW,EDM,22,RUS,Anton Slepyshev,L,102,10.0,13.0,23,False,EDM,"(80, 100]",95.40890631651433,43.468676296160474,6.591093683485667,-20.468676296160474
2013,89,3,28,8477416,Oliver Bjorkstrand,RW,CBJ,29,DNK,Oliver Bjorkstrand,R,704,184.0,232.0,416,False,CBJ,"(80, 100]",94.822750370322,43.410262711838996,609.177249629678,372.589737288161
2013,90,3,29,8477417,Peter Cehlarik,LW,BOS,6,SVK,Peter Cehlarik,L,40,5.0,6.0,11,False,BOS,"(80, 100]",94.26350853172075,43.35602884876314,-54.263508531720746,-32.35602884876314
2013,91,3,30,8477076,JC Lipon,RW,WPG,52,CAN,JC Lipon,R,9,0.0,1.0,1,False,WPG,"(80, 100]",93.72994500468717,43.30567563147135,-84.72994500468717,-42.30567563147135
2013,92,4,1,8477418,Evan Cowley,G,FLA,13,CAN,Evan Cowley,G,0,0.0,0.0,0,True,FLA,"(80, 100]",93.22088073636887,43.25892538452533,-93.22088073636887,
2013,93,4,2,8477419,Mason Geertsen,D,COL,21,CAN,Mason Geertsen,L,30,0.0,0.0,0,False,COL,"(80, 100]",92.73519081164858,43.21552030125429,-62.73519081164858,-43.21552030125429
2013,94,4,3,8477420,Jackson Houck,RW,EDM,22,CAN,Jackson Houck,R,0,0.0,0.0,0,False,EDM,"(80, 100]",92.27180196733998,43.17522102206672,-92.27180196733998,-43.17522102206672
2013,95,4,4,8477058,Felix Girard,C,NSH,18,CAN,Felix Girard,C,0,0.0,0.0,0,False,NSH,"(80, 100]",91.8296902205227,43.13780531448942,-91.8296902205227,-43.13780531448942
2013,96,4,5,8477421,Kyle Platzer,C,EDM,22,CAN,Kyle Platzer,R,0,0.0,0.0,0,False,EDM,"(80, 100]",91.4078786057751,43.10306684765496,-91.4078786057751,-43.10306684765496
2013,97,4,6,8477422,Michael Downing,D,FLA,13,USA,Michael Downing,D,0,0.0,0.0,0,False,FLA,"(80, 100]",91.00543501630513,43.070814054479364,-91.00543501630513,-43.070814054479364
2013,98,4,7,8477423,Matt Buckles,C,FLA,13,CAN,Matt Buckles,C,0,0.0,0.0,0,False,FLA,"(80, 100]",90.62147014420842,43.040869075255486,-90.62147014420842,-43.040869075255486
2013,99,4,8,8477424,Juuse Saros,G,NSH,18,FIN,Juuse Saros,G,467,0.0,8.0,0,True,NSH,"(80, 100]",90.25513551530203,43.01306677683635,376.744864484698,
2013,100,4,9,8477425,Miles Wood,LW,NJD,1,USA,Miles Wood,L,567,99.0,97.0,196,False,NJD,"(80, 100]",89.90562161419135,42.987253841999824,477.0943783858087,153.01274615800017
2013,101,4,10,8477426,Nick Paul,LW,DAL,25,CAN,Nick Paul,L,537,104.0,110.0,214,False,DAL,"(100, 125]",89.572156095427,42.96328792397285,447.427843904573,171.03671207602716
2013,102,4,11,8477427,Tobias Lindberg,RW,OTT,9,SWE,Tobias Lindberg,R,6,0.0,2.0,2,False,OTT,"(100, 125]",89.25400207679884,42.94103686145272,-83.25400207679884,-40.94103686145272
2013,103,4,12,8477428,Justin Auger,RW,LAK,26,CAN,Justin Auger,R,2,0.0,0.0,0,False,LAK,"(100, 125]",88.95045651099544,42.9203779497967,-86.95045651099544,-42.9203779497967
2013,104,4,13,8477429,Andrew Copp,C,WPG,52,USA,Andrew Copp,C,779,123.0,220.0,343,False,WPG,"(100, 125]",88.66084863203102,42.90119726436088,690.339151367969,300.09880273563914
2013,105,4,14,8477430,Nick Moutrey,C/LW,CBJ,29,CAN,Nick Moutrey,C,0,0.0,0.0,0,False,CBJ,"(100, 125]",88.38453847300667,42.88338903225681,-88.38453847300667,-42.88338903225681
2013,106,4,15,8477431,Stephon Williams,G,NYI,2,USA,Stephon Williams,G,0,0.0,0.0,0,True,NYI,"(100, 125]",88.12091545193053,42.8668550490614,-88.12091545193053,
2013,107,4,16,8477432,Dylan Labbe,D,MIN,30,CAN,Dylan Labbe,D,0,0.0,0.0,0,False,MIN,"(100, 125]",87.86939702247173,42.85150413726349,-87.86939702247173,-42.85150413726349
2013,108,4,17,8477433,Ben Harpur,D,OTT,9,CAN,Ben Harpur,D,198,2.0,19.0,21,False,OTT,"(100, 125]",87.62942738666686,42.83725164346075,110.37057261333314,-21.837251643460753
2013,109,4,18,8477434,David Pope,LW,DET,17,CAN,David Pope,L,0,0.0,0.0,0,False,DET,"(100, 125]",87.4004762667341,42.82401897153408,-87.4004762667341,-42.82401897153408
2013,110,4,19,8477435,Ryan Graves,D,NYR,3,CAN,Ryan Graves,D,455,33.0,86.0,119,False,NYR,"(100, 125]",87.1820377332811,42.8117331492252,367.8179622667189,76.1882668507748
2013,111,4,20,8477436,Robin Norell,D,CHI,16,SWE,Robin Norell,D,0,0.0,0.0,0,False,CHI,"(100, 125]",86.97362908731724,42.80032642572733,-86.97362908731724,-42.80032642572733
2013,112,4,21,8477437,Zach Pochiro,LW,STL,19,USA,Zach Pochiro,L,0,0.0,0.0,0,False,STL,"(100, 125]",86.7747897935997,42.78973589806988,-86.7747897935997,-42.78973589806988
2013,113,4,22,8477439,Aidan Muir,LW/RW,EDM,22,CAN,Aidan Muir,L,0,0.0,0.0,0,False,EDM,"(100, 125]",86.58508046295634,42.77990316423669,-86.58508046295634,-42.77990316423669
2013,114,4,23,8477440,Jan Kostalek,D,WPG,52,CZE,Jan Kostalek,D,0,0.0,0.0,0,False,WPG,"(100, 125]",86.4040818813366,42.770774001105124,-86.4040818813366,-42.770774001105124
2013,115,4,24,8477441,Jordan Subban,D,VAN,23,CAN,Jordan Subban,D,0,0.0,0.0,0,False,VAN,"(100, 125]",86.23139408344461,42.76229806542979,-86.23139408344461,-42.76229806542979
2013,116,4,25,8477442,Martin Reway,LW,MTL,8,CZE,Martin Reway,L,0,0.0,0.0,0,False,MTL,"(100, 125]",86.06663546890789,42.754428616222114,-86.06663546890789,-42.754428616222114
2013,117,4,26,8477443,Fredrik Bergvik,G,SJS,28,SWE,Fredrik Bergvik,G,0,0.0,0.0,0,True,SJS,"(100, 125]",85.90944195902806,42.747122256994736,-85.90944195902806,
2013,118,4,27,8477392,Hudson Fasching,RW,LAK,26,USA,Hudson Fasching,R,175,17.0,23.0,40,False,LAK,"(100, 125]",85.75946619225057,42.7403386964493,89.24053380774943,-2.7403386964492995
2013,119,4,28,8477351,Ryan Segalla,D,PIT,5,USA,Ryan Segalla,D,0,0.0,0.0,0,False,PIT,"(100, 125]",85.61637675657546,42.734040526288005,-85.61637675657546,-42.734040526288005
2013,120,4,29,8477352,Ryan Fitzgerald,C,BOS,6,USA,Ryan Fitzgerald,C,0,0.0,0.0,0,False,BOS,"(100, 125]",85.47985745721293,42.72819301492359,-85.47985745721293,-42.72819301492359
2013,121,4,30,8477353,Tyler Motte,C,CHI,16,USA,Tyler Motte,C,455,53.0,46.0,99,False,CHI,"(100, 125]",85.34960661786548,42.72276391595019,369.65039338213455,56.27723608404981
2013,122,5,1,8477354,Christopher Clapperton,LW,FLA,13,CAN,Christopher Clapperton,L,0,0.0,0.0,0,False,FLA,"(100, 125]",85.22533641409257,42.71772329031886,-85.22533641409257,-42.71772329031886
2013,123,5,2,8477355,Will Butcher,D,COL,21,USA,Will Butcher,D,275,16.0,98.0,114,False,COL,"(100, 125]",85.10677223728473,42.713043341237125,189.89322776271527,71.28695665876288
2013,124,5,3,8477356,Kristers Gudlevskis,G,TBL,14,LVA,Kristers Gudlevskis,G,3,0.0,0.0,0,True,TBL,"(100, 125]",84.9936520878416,42.708698260882116,-81.9936520878416,
2013,125,5,4,8477357,Saku Maenalanen,RW,NSH,18,FIN,Saku Maenalanen,R,98,8.0,10.0,18,False,NSH,"(100, 125]",84.88572599621297,42.70466408808199,13.114274003787031,-24.70466408808199
2013,126,5,5,8477358,Brent Pedersen,LW,CAR,12,CAN,Brent Pedersen,L,0,0.0,0.0,0,False,CAR,"(125, 150]",84.78275547052348,42.700918576180825,-84.78275547052348,-42.700918576180825
2013,127,5,6,8477359,Tucker Poolman,D,WPG,52,USA,Tucker Poolman,D,163,6.0,17.0,23,False,WPG,"(125, 150]",84.6845129695604,42.697441070358224,78.3154870304396,-19.697441070358224
2013,128,5,7,8477360,Evan Campbell,LW,EDM,22,CAN,Evan Campbell,L,0,0.0,0.0,0,False,EDM,"(125, 150]",84.59078139995972,42.69421239372728,-84.59078139995972,-42.69421239372728
2013,129,5,8,8477361,Cal Petersen,G,BUF,7,USA,Cal Petersen,G,106,0.0,1.0,0,True,BUF,"(125, 150]",84.50135363647975,42.69121474158261,21.49864636352025,
2013,130,5,9,8477362,Gustav Possler,RW,BUF,7,SWE,Gustav Possler,R,0,0.0,0.0,0,False,BUF,"(125, 150]",84.41603206430189,42.688431583215404,-84.41603206430189,-42.688431583215404
2013,131,5,10,8477363,Cole Ully,LW,DAL,25,CAN,Cole Ully,L,0,0.0,0.0,0,False,DAL,"(125, 150]",84.33462814234724,42.68584757075394,-84.33462814234724,-42.68584757075394
2013,132,5,11,8477364,Terrance Amorosa,D,PHI,4,CAN,Terrance Amorosa,D,0,0.0,0.0,0,False,PHI,"(125, 150]",84.25696198664414,42.68344845452697,-84.25696198664414,-42.68344845452697
2013,133,5,12,8477365,Connor Clifton,D,PHX,27,USA,Connor Clifton,D,434,17.0,66.0,83,False,UTA,"(125, 150]",84.1828619728259,42.68122100448314,349.8171380271741,40.31877899551686
2013,134,5,13,8477366,Luke Johnson,C,CHI,16,USA,Luke Johnson,C,32,1.0,1.0,2,False,CHI,"(125, 150]",84.1121643568804,42.67915293723323,-52.1121643568804,-40.67915293723323
2013,135,5,14,8477367,Eric Roy,D,CGY,20,CAN,Eric Roy,D,0,0.0,0.0,0,False,CGY,"(125, 150]",84.04471291331333,42.67723284831272,-84.04471291331333,-42.67723284831272
2013,136,5,15,8477368,Viktor Crus Rydberg,C,NYI,2,SWE,Viktor Crus Rydberg,C,0,0.0,0.0,0,False,NYI,"(125, 150]",83.98035858992586,42.67545014929128,-83.98035858992586,-42.67545014929128
2013,137,5,16,8477369,Carson Soucy,D,MIN,30,CAN,Carson Soucy,D,441,32.0,67.0,99,False,MIN,"(125, 150]",83.91895917844342,42.673795009382346,357.0810408215566,56.326204990617654
2013,138,5,17,8477370,Vincent Dunn,C,OTT,9,CAN,Vincent Dunn,C,0,0.0,0.0,0,False,OTT,"(125, 150]",83.86037900026808,42.67225830123072,-83.86037900026808,-42.67225830123072
2013,139,5,18,8477371,Mitch Wheaton,D,DET,17,CAN,Mitch Wheaton,D,0,0.0,0.0,0,False,DET,"(125, 150]",83.80448860666007,42.670831550579294,-83.80448860666007,-42.670831550579294
2013,140,5,19,8477372,Teemu Kivihalme,D,NSH,18,USA,Teemu Kivihalme,D,0,0.0,0.0,0,False,NSH,"(125, 150]",83.75116449268575,42.66950688953732,-83.75116449268575,-42.66950688953732
2013,141,5,20,8477373,Michael Brodzinski,D,SJS,28,USA,Michael Brodzinski,D,0,0.0,0.0,0,False,SJS,"(125, 150]",83.70028882430006,42.66827701319251,-83.70028882430006,-42.66827701319251
2013,142,5,21,8477374,Fabrice Herzog,RW,TOR,10,CHE,Fabrice Herzog,R,0,0.0,0.0,0,False,TOR,"(125, 150]",83.65174917796037,42.66713513932773,-83.65174917796037,-42.66713513932773
2013,143,5,22,8477375,Anthony Florentino,D,BUF,7,USA,Anthony Florentino,D,0,0.0,0.0,0,False,BUF,"(125, 150]",83.60543829219628,42.666074971020116,-83.60543829219628,-42.666074971020116
2013,144,5,23,8477376,Blake Heinrich,D,WSH,15,USA,Blake Heinrich,D,0,0.0,0.0,0,False,WSH,"(125, 150]",83.56125383058635,42.665090661916324,-83.56125383058635,-42.665090661916324
2013,145,5,24,8477377,Anton Cederholm,D,VAN,23,SWE,Anton Cederholm,D,0,0.0,0.0,0,False,VAN,"(125, 150]",83.5190981556182,42.66417678399255,-83.5190981556182,-42.66417678399255
2013,146,5,25,8477378,Patrik Bartosak,G,LAK,26,CZE,Patrik Bartosak,G,0,0.0,0.0,0,True,LAK,"(125, 150]",83.47887811293191,42.663328297621426,-83.47887811293191,
2013,147,5,26,8477379,Grant Besse,RW,ANA,24,USA,Grant Besse,L,0,0.0,0.0,0,False,ANA,"(125, 150]",83.44050482547043,42.66254052378066,-83.44050482547043,-42.66254052378066
2013,148,5,27,8477380,Jonny Brodzinski,C,LAK,26,USA,Jonny Brodzinski,C,264,33.0,38.0,71,False,LAK,"(125, 150]",83.40389349708157,42.66180911825041,180.59610650291842,28.33819088174959
2013,149,5,28,8477381,Matej Paulovic,LW,DAL,25,SVK,Matej Paulovic,L,0,0.0,0.0,0,False,DAL,"(125, 150]",83.36896322513803,42.66113004765679,-83.36896322513803,-42.66113004765679
2013,150,5,29,8477382,Wiley Sherman,D,BOS,6,USA,Wiley Sherman,D,0,0.0,0.0,0,False,BOS,"(125, 150]",83.33563682176118,42.66049956722966,-83.33563682176118,-42.66049956722966
2013,151,5,30,8477383,Gage Ausmus,D,SJS,28,USA,Gage Ausmus,D,0,0.0,0.0,0,False,SJS,"(150, 180]",83.30384064325355,42.65991420015188,-83.30384064325355,-42.65991420015188
2013,152,6,1,8477384,Joshua Brown,D,FLA,13,CAN,Joshua Brown,D,300,11.0,24.0,35,False,FLA,"(150, 180]",83.27350442736322,42.65937071838622,216.7264955726368,-7.659370718386221
2013,153,6,2,8477385,Ben Storm,D,COL,21,USA,Ben Storm,L,0,0.0,0.0,0,False,COL,"(150, 180]",83.2445611380203,42.658866124874194,-83.2445611380203,-42.658866124874194
2013,154,6,3,8477386,Henri Ikonen,LW,TBL,14,FIN,Henri Ikonen,L,0,0.0,0.0,0,False,TBL,"(150, 180]",83.2169468172027,42.6583976370086,-83.2169468172027,-42.6583976370086
2013,155,6,4,8477387,Emil Pettersson,C,NSH,18,SWE,Emil Pettersson,C,0,0.0,0.0,0,False,NSH,"(150, 180]",83.19060044360353,42.657962671288715,-83.19060044360353,-42.657962671288715
2013,156,6,5,8477388,Tyler Ganly,D,CAR,12,CAN,Tyler Ganly,D,0,0.0,0.0,0,False,CAR,"(150, 180]",83.16546379778804,42.65755882907344,-83.16546379778804,-42.65755882907344
2013,157,6,6,8477389,Tim Harrison,RW,CGY,20,USA,Tim Harrison,R,0,0.0,0.0,0,False,CGY,"(150, 180]",83.14148133354207,42.657183883353845,-83.14148133354207,-42.657183883353845
2013,158,6,7,8477390,Ben Betker,D,EDM,22,CAN,Ben Betker,D,0,0.0,0.0,0,False,EDM,"(150, 180]",83.11860005512764,42.656835766472234,-83.11860005512764,-42.656835766472234
2013,159,6,8,8477391,Sean Malone,C,BUF,7,USA,Sean Malone,C,2,0.0,1.0,1,False,BUF,"(150, 180]",83.09676940017454,42.65651255871995,-81.09676940017454,-41.65651255871995
2013,160,6,9,8477393,Myles Bell,LW,NJD,1,CAN,Myles Bell,L,0,0.0,0.0,0,False,NJD,"(150, 180]",83.07594112794911,42.65621247775101,-83.07594112794911,-42.65621247775101
2013,161,6,10,8477394,Chris Leblanc,RW,OTT,9,USA,Chris Leblanc,R,0,0.0,0.0,0,False,OTT,"(150, 180]",83.05606921275334,42.65593386875329,-83.05606921275334,-42.65593386875329
2013,162,6,11,8477395,Merrick Madsen,G,PHI,4,USA,Merrick Madsen,G,0,0.0,0.0,0,True,PHI,"(150, 180]",83.03710974221858,42.65567519532296,-83.03710974221858,
2013,163,6,12,8477396,Brendan Burke,G,PHX,27,USA,Brendan Burke,G,0,0.0,0.0,0,True,UTA,"(150, 180]",83.01902082026932,42.655435030991924,-83.01902082026932,
2013,164,6,13,8477397,Dane Birks,D,PIT,5,CAN,Dane Birks,D,0,0.0,0.0,0,False,PIT,"(150, 180]",83.0017624745425,42.65521205136148,-83.0017624745425,-42.65521205136148
2013,165,6,14,8477345,Markus Soberg,RW,CBJ,29,NOR,Markus Soberg,R,0,0.0,0.0,0,False,CBJ,"(150, 180]",82.98529656805775,42.65500502679885,-82.98529656805775,-42.65500502679885
2013,166,6,15,8476409,Alan Quine,C,NYI,2,CAN,Alan Quine,C,106,10.0,18.0,28,False,NYI,"(150, 180]",82.96958671494343,42.654812815656285,23.030413285056568,-14.654812815656285
2013,167,6,16,8477308,Avery Peterson,C,MIN,30,USA,Avery Peterson,C,0,0.0,0.0,0,False,MIN,"(150, 180]",82.95459820003221,42.65463435797545,-82.95459820003221,-42.65463435797545
2013,168,6,17,8477309,Quentin Shore,C,OTT,9,USA,Quentin Shore,C,0,0.0,0.0,0,False,OTT,"(150, 180]",82.9402979021485,42.65446866964217,-82.9402979021485,-42.65446866964217
2013,169,6,18,8477310,Marc McNulty,D,DET,17,CAN,Marc McNulty,D,0,0.0,0.0,0,False,DET,"(150, 180]",82.92665422091831,42.6543148369595,-82.92665422091831,-42.6543148369595
2013,170,6,19,8477084,Mackenzie Skapski,G,NYR,3,CAN,Mackenzie Skapski,G,2,0.0,0.0,0,True,NYR,"(150, 180]",82.91363700693962,42.65417201160911,-80.91363700693962,
2013,171,6,20,8477311,Tommy Veilleux,LW,NSH,18,CAN,Tommy Veilleux,L,0,0.0,0.0,0,False,NSH,"(150, 180]",82.9012174951592,42.65403940597316,-82.9012174951592,-42.65403940597316
2013,172,6,21,8477312,Antoine Bibeau,G,TOR,10,CAN,Antoine Bibeau,G,4,0.0,0.0,0,True,TOR,"(150, 180]",82.88936824130836,42.653916288790974,-78.88936824130836,
2013,173,6,22,8477313,Santeri Saari,D,STL,19,FIN,Santeri Saari,D,0,0.0,0.0,0,False,STL,"(150, 180]",82.87806306125748,42.653801981126435,-82.87806306125748,-42.653801981126435
2013,174,6,23,8477314,Brian Pinho,C,WSH,15,USA,Brian Pinho,C,2,0.0,0.0,0,False,WSH,"(150, 180]",82.86727697315509,42.65369585262398,-80.86727697315509,-42.65369585262398
2013,175,6,24,8477315,Mike Williamson,D,VAN,23,CAN,Mike Williamson,D,0,0.0,0.0,0,False,VAN,"(150, 180]",82.85698614222369,42.65359731803246,-82.85698614222369,-42.65359731803246
2013,176,6,25,8477316,Jeremy Grégoire,C,MTL,8,CAN,Jeremy Grégoire,C,0,0.0,0.0,0,False,MTL,"(150, 180]",82.8471678280904,42.65350583397773,-82.8471678280904,-42.65350583397773
2013,177,6,26,8477317,Miro Aaltonen,C,ANA,24,FIN,Miro Aaltonen,C,0,0.0,0.0,0,False,ANA,"(150, 180]",82.83780033453596,42.65342089596622,-82.83780033453596,-42.65342089596622
2013,178,6,27,8477318,Zachary Leslie,D,LAK,26,CAN,Zachary Leslie,D,0,0.0,0.0,0,False,LAK,"(150, 180]",82.82886296155098,42.653342035602826,-82.82886296155098,-42.653342035602826
2013,179,6,28,8477319,Blaine Byron,C,PIT,5,CAN,Blaine Byron,C,0,0.0,0.0,0,False,PIT,"(150, 180]",82.82033595959383,42.65326881800799,-82.82033595959383,-42.65326881800799
2013,180,6,29,8477320,Anton Blidh,LW,BOS,6,SWE,Anton Blidh,L,89,4.0,9.0,13,False,BOS,"(150, 180]",82.81220048594854,42.65320083941945,6.187799514051463,-29.653200839419448
2013,181,6,30,8477321,Anthony Louis,C,CHI,16,USA,Anthony Louis,C,0,0.0,0.0,0,False,CHI,"(180, 211]",82.80443856308683,42.65313772496576,-82.80443856308683,-42.65313772496576
2013,182,7,1,8477322,Aleksi Makela,D,DAL,25,FIN,Aleksi Makela,D,0,0.0,0.0,0,False,DAL,"(180, 211]",82.79703303894182,42.65307912659897,-82.79703303894182,-42.65307912659897
2013,183,7,2,8477323,Wilhelm Westlund,D,COL,21,SWE,Wilhelm Westlund,D,0,0.0,0.0,0,False,COL,"(180, 211]",82.78996754900598,42.653024721175335,-82.78996754900598,-42.653024721175335
2013,184,7,3,8477324,Saku Salminen,C,TBL,14,FIN,Saku Salminen,C,0,0.0,0.0,0,False,TBL,"(180, 211]",82.78322648016925,42.652974208673314,-82.78322648016925,-42.652974208673314
2013,185,7,4,8477325,Wade Murphy,RW,NSH,18,CAN,Wade Murphy,R,0,0.0,0.0,0,False,NSH,"(180, 211]",82.7767949362177,42.652927310539084,-82.7767949362177,-42.652927310539084
2013,186,7,5,8477326,Joel Vermin,RW,TBL,14,CHE,Joel Vermin,R,24,0.0,4.0,4,False,TBL,"(180, 211]",82.77065870491634,42.65288376815045,-58.77065870491634,-38.65288376815045
2013,187,7,6,8477327,Rushan Rafikov,D,CGY,20,RUS,Rushan Rafikov,D,0,0.0,0.0,0,False,CGY,"(180, 211]",82.76480422660329,42.652843341390636,-82.76480422660329,-42.652843341390636
2013,188,7,7,8477328,Gregory Chase,C/RW,EDM,22,CAN,Gregory Chase,C,0,0.0,0.0,0,False,EDM,"(180, 211]",82.75921856422605,42.65280580732417,-82.75921856422605,-42.65280580732417
2013,189,7,8,8477329,Eric Locke,C,BUF,7,USA,Eric Locke,C,0,0.0,0.0,0,False,BUF,"(180, 211]",82.7538893747536,42.652770958967494,-82.7538893747536,-42.652770958967494
2013,190,7,9,8476006,Brenden Kichton,D,WPG,52,CAN,Brenden Kichton,D,0,0.0,0.0,0,False,WPG,"(180, 211]",82.74880488190117,42.65273860414752,-82.74880488190117,-42.65273860414752
2013,191,7,10,8477330,Dominik Kubalik,LW,LAK,26,CZE,Dominik Kubalik,L,357,93.0,83.0,176,False,LAK,"(180, 211]",82.7439538501073,42.65270856444192,274.2560461498927,133.34729143555808
2013,192,7,11,8477331,David Drake,D,PHI,4,USA,David Drake,D,0,0.0,0.0,0,False,PHI,"(180, 211]",82.73932555970585,42.65268067419517,-82.73932555970585,-42.65268067419517
2013,193,7,12,8477332,Jedd Soleway,C,PHX,27,CAN,Jedd Soleway,C,0,0.0,0.0,0,False,UTA,"(180, 211]",82.73490978323798,42.652654779605044,-82.73490978323798,-42.652654779605044
2013,194,7,13,8477333,Marcus Karlstrom,D,WPG,52,SWE,Marcus Karlstrom,D,0,0.0,0.0,0,False,WPG,"(180, 211]",82.73069676285189,42.65263073787449,-82.73069676285189,-42.65263073787449
2013,195,7,14,8477334,Peter Quenneville,C/RW,CBJ,29,CAN,Peter Quenneville,C,0,0.0,0.0,0,False,CBJ,"(180, 211]",82.72667718874011,42.65260841642412,-82.72667718874011,-42.65260841642412
2013,196,7,15,8477335,Kyle Burroughs,D,NYI,2,CAN,Kyle Burroughs,D,201,5.0,17.0,22,False,NYI,"(180, 211]",82.72284217856702,42.652587692161156,118.27715782143298,-20.652587692161156
2013,197,7,16,8477336,Nolan De Jong,D,MIN,30,CAN,Nolan De Jong,D,0,0.0,0.0,0,False,MIN,"(180, 211]",82.71918325784091,42.652568450800544,-82.71918325784091,-42.652568450800544
2013,198,7,17,8477337,John Gilmour,D,CGY,20,CAN,John Gilmour,D,37,2.0,3.0,5,False,CGY,"(180, 211]",82.71569234118732,42.65255058623481,-45.71569234118732,-37.65255058623481
2013,199,7,18,8477338,Hampus Melen,RW,DET,17,SWE,Hampus Melen,R,0,0.0,0.0,0,False,DET,"(180, 211]",82.71236171448218,42.65253399994888,-82.71236171448218,-42.65253399994888
2013,200,7,19,8477339,Alexandre Belanger,G,MIN,30,CAN,Alexandre Belanger,G,0,0.0,0.0,0,True,MIN,"(180, 211]",82.70918401780544,42.65251860047681,-82.70918401780544,
2013,201,7,20,8477340,Jacob Jackson,C,SJS,28,USA,Jacob Jackson,L,0,0.0,0.0,0,False,SJS,"(180, 211]",82.70615222917723,42.65250430289742,-82.70615222917723,-42.65250430289742
2013,202,7,21,8477341,Andreas Johnsson,LW,TOR,10,SWE,Andreas Johnsson,L,259,48.0,68.0,116,False,TOR,"(180, 211]",82.703259649041,42.65249102836595,176.296740350959,73.34750897163406
2013,203,7,22,8477342,Janne Juvonen,G,NSH,18,FIN,Janne Juvonen,G,0,0.0,0.0,0,True,NSH,"(180, 211]",82.70049988545898,42.652478703679314,-82.70049988545898,
2013,204,7,23,8477343,Tyler Lewington,D,WSH,15,CAN,Tyler Lewington,D,12,1.0,2.0,3,False,WSH,"(180, 211]",82.69786683998748,42.652467260872385,-70.69786683998748,-39.652467260872385
2013,205,7,24,8477344,Miles Liberati,D,VAN,23,USA,Miles Liberati,D,0,0.0,0.0,0,False,VAN,"(180, 211]",82.69535469420074,42.652456636843205,-82.69535469420074,-42.652456636843205
2013,206,7,25,8477346,MacKenzie Weegar,D,FLA,13,CAN,MacKenzie Weegar,D,629,63.0,216.0,279,False,FLA,"(180, 211]",82.69295789683352,42.65244677300502,546.3070421031665,236.347553226995
2013,207,7,26,8477347,Emil Galimov,LW,SJS,28,RUS,Emil Galimov,L,0,0.0,0.0,0,False,SJS,"(180, 211]",82.69067115151412,42.65243761496317,-82.69067115151412,-42.65243761496317
2013,208,7,27,8477348,Anthony Brodeur,G,NJD,1,USA,Anthony Brodeur,G,0,0.0,0.0,0,True,NJD,"(180, 211]",82.68848940506057,42.65242911221517,-82.68848940506057,
2013,209,7,28,8477349,Troy Josephs,C,PIT,5,CAN,Troy Josephs,C,0,0.0,0.0,0,False,PIT,"(180, 211]",82.68640783631426,42.65242121787215,-82.68640783631426,-42.65242121787215
2013,210,7,29,8477350,Mitchell Dempsey,LW,BOS,6,CAN,Mitchell Dempsey,L,0,0.0,0.0,0,False,BOS,"(180, 211]",82.68442184548637,42.652413888400375,-82.68442184548637,-42.652413888400375
2013,211,7,30,8477307,Robin Press,D,CHI,16,SWE,Robin Press,D,0,0.0,0.0,0,False,CHI,"(180, 211]",82.68252704399328,42.65240708338107,-82.68252704399328,-42.65240708338107
2014,1,1,1,8477932,Aaron Ekblad,D,FLA,13,CAN,Aaron Ekblad,D,804,122.0,284.0,406,False,FLA,,844.7618549404874,563.9056503589592,-40.76185494048741,-157.90565035895918
2014,2,1,2,8477933,Sam Reinhart,C,BUF,7,CAN,Sam Reinhart,C,839,323.0,357.0,680,False,BUF,"(1, 2]",809.7681901837298,526.6079284397246,29.231809816270243,153.39207156027544
2014,3,1,3,8477934,Leon Draisaitl,C,EDM,22,DEU,Leon Draisaitl,C,855,434.0,619.0,1053,False,EDM,"(2, 3]",776.3813047565832,491.9790049263708,78.61869524341682,561.0209950736291
2014,4,1,4,8477935,Sam Bennett,C,CGY,20,CAN,Sam Bennett,C,767,188.0,206.0,394,False,CGY,"(3, 4]",744.5274213101472,459.82791681727923,22.472578689852753,-65.82791681727923
2014,5,1,5,8477936,Michael Dal Colle,LW,NYI,2,CAN,Michael Dal Colle,L,112,8.0,13.0,21,False,NYI,"(4, 5]",714.1361500778175,429.977365263173,-602.1361500778175,-408.977365263173
2014,6,1,6,8477937,Jake Virtanen,RW,VAN,23,CAN,Jake Virtanen,R,317,55.0,45.0,100,False,VAN,"(5, 6]",685.1403333300681,402.26273784338173,-368.1403333300681,-302.26273784338173
2014,7,1,7,8477938,Haydn Fleury,D,CAR,12,CAN,Haydn Fleury,D,345,12.0,36.0,48,False,CAR,"(6, 8]",657.4758969712924,376.5312008020775,-312.4758969712924,-328.5312008020775
2014,8,1,8,8477939,William Nylander,C/RW,TOR,10,CAN,William Nylander,R,750,292.0,399.0,691,False,TOR,"(6, 8]",631.0817089507688,352.6408562385712,118.91829104923124,338.3591437614288
2014,9,1,9,8477940,Nikolaj Ehlers,LW,WPG,52,DNK,Nikolaj Ehlers,L,756,251.0,340.0,591,False,WPG,"(8, 10]",605.8994441748678,330.45995960395163,150.10055582513223,260.54004039604837
2014,10,1,10,8477941,Nick Ritchie,LW,ANA,24,CAN,Nick Ritchie,L,481,84.0,102.0,186,False,ANA,"(8, 10]",581.8734556219907,309.8661931889113,-100.87345562199073,-123.86619318891132
2014,11,1,11,8477942,Kevin Fiala,LW,NSH,18,CHE,Kevin Fiala,L,707,229.0,299.0,528,False,NSH,"(10, 12]",558.9506513754325,290.7459915963702,148.04934862456753,237.25400840362983
2014,12,1,12,8477943,Brendan Perlini,LW,ARI,53,GBR,Brendan Perlini,L,262,50.0,31.0,81,False,UTA,"(10, 12]",537.0803773024388,272.99391547918094,-275.0803773024388,-191.99391547918094
2014,13,1,13,8477944,Jakub Vrana,LW/RW,WSH,15,CZE,Jakub Vrana,L,406,119.0,104.0,223,False,WSH,"(12, 15]",516.2143051202067,256.5120700893594,-110.21430512020675,-33.51207008935938
2014,14,1,14,8477945,Julius Honka,D,DAL,25,FIN,Julius Honka,D,87,2.0,11.0,13,False,DAL,"(12, 15]",496.30632560147916,241.20956543240027,-409.30632560147916,-228.20956543240027
2014,15,1,15,8477946,Dylan Larkin,C,DET,17,USA,Dylan Larkin,C,808,276.0,367.0,643,False,DET,"(12, 15]",477.3124466837421,227.00201504967026,330.6875533162579,415.99798495032974
2014,16,1,16,8477947,Sonny Milano,LW,CBJ,29,USA,Sonny Milano,L,344,66.0,79.0,145,False,CBJ,"(15, 20]",459.19069625687024,213.81107066488858,-115.19069625687024,-68.81107066488858
2014,17,1,17,8477948,Travis Sanheim,D,PHI,4,CAN,Travis Sanheim,D,660,65.0,185.0,250,False,PHI,"(15, 20]",441.90102941440335,201.5639901284781,218.09897058559665,48.43600987152189
2014,18,1,18,8477949,Alex Tuch,RW,MIN,30,USA,Alex Tuch,R,615,200.0,248.0,448,False,MIN,"(15, 20]",425.4052399634998,190.1932362771945,189.5947600365002,257.8067637228055
2014,19,1,19,8477950,Tony DeAngelo,D,TBL,14,USA,Tony DeAngelo,D,482,57.0,207.0,264,False,TBL,"(15, 20]",409.6668759980253,179.63610449692322,72.33312400197468,84.36389550307678
2014,20,1,20,8477951,Nick Schmaltz,C,CHI,16,USA,Nick Schmaltz,C,670,175.0,322.0,497,False,CHI,"(15, 20]",394.651159348212,169.83437693482028,275.348840651788,327.1656230651797
2014,21,1,21,8477952,Robby Fabbri,C,STL,19,CAN,Robby Fabbri,C,463,108.0,113.0,221,False,STL,"(20, 25]",380.324908728891,160.7340014539319,82.67509127110901,60.26599854606809
2014,22,1,22,8477953,Kasperi Kapanen,RW,PIT,5,FIN,Kasperi Kapanen,R,568,98.0,141.0,239,False,PIT,"(20, 25]",366.6564664164723,152.28479355987108,201.3435335835277,86.71520644012892
2014,23,1,23,8477954,Conner Bleackley,C,COL,21,CAN,Conner Bleackley,C,0,0.0,0.0,0,False,COL,"(20, 25]",353.6156282926471,144.44015965581036,-353.6156282926471,-144.44015965581036
2014,24,1,24,8477955,Jared McCann,C,VAN,23,CAN,Jared McCann,L,720,204.0,234.0,438,False,VAN,"(20, 25]",341.17357710022264,137.15684009966634,378.82642289977736,300.84315990033366
2014,25,1,25,8477956,David Pastrnak,RW,BOS,6,CZE,David Pastrnak,R,833,420.0,513.0,933,False,BOS,"(20, 25]",329.30281876360266,130.3946706465514,503.69718123639734,802.6053293534486
2014,26,1,26,8477957,Nikita Scherbak,RW,MTL,8,RUS,Nikita Scherbak,R,37,6.0,2.0,8,False,MTL,"(25, 31]",317.97712163319443,124.11636096095384,-280.97712163319443,-116.11636096095384
2014,27,1,27,8477958,Nikolay Goldobin,RW,SJS,28,RUS,Nikolay Goldobin,R,125,19.0,27.0,46,False,SJS,"(25, 31]",307.17145851948806,118.28728897724142,-182.17145851948806,-72.28728897724142
2014,28,1,28,8477959,Joshua Ho-Sang,C/RW,NYI,2,CAN,Joshua Ho-Sang,R,53,7.0,17.0,24,False,NYI,"(25, 31]",296.86195138871545,112.87530997447791,-243.86195138871545,-88.87530997447791
2014,29,1,29,8477960,Adrian Kempe,LW,LAK,26,SWE,Adrian Kempe,R,711,230.0,244.0,474,False,LAK,"(25, 31]",287.0258185978798,107.85057931268578,423.9741814021202,366.1494206873142
2014,30,1,30,8477961,John Quenneville,C,NJD,1,CAN,John Quenneville,C,42,2.0,3.0,5,False,NJD,"(25, 31]",277.6413245525565,103.18538785302533,-235.6413245525565,-98.18538785302533
2014,31,2,1,8477962,Brendan Lemieux,LW,BUF,7,USA,Brendan Lemieux,L,307,36.0,38.0,74,False,BUF,"(25, 31]",268.6877316762219,98.85400915430591,38.312268323778085,-24.854009154305913
2014,32,2,2,8477963,Jayce Hawryluk,C,FLA,13,CAN,Jayce Hawryluk,R,98,12.0,15.0,27,False,FLA,"(31, 40]",260.14525458497144,94.83255760318657,-162.14525458497144,-67.83255760318657
2014,33,2,3,8477964,Ivan Barbashev,C/LW,STL,19,RUS,Ivan Barbashev,L,667,149.0,202.0,351,False,STL,"(31, 40]",251.99501636636575,91.09885669571764,415.00498363363425,259.90114330428236
2014,34,2,4,8477965,Mason McDonald,G,CGY,20,CAN,Mason McDonald,G,0,0.0,0.0,0,True,CGY,"(31, 40]",244.21900686578914,87.63231674385521,-244.21900686578914,
2014,35,2,5,8477966,Dominik Masin,D,TBL,14,CZE,Dominik Masin,D,0,0.0,0.0,0,False,TBL,"(31, 40]",236.80004288814456,84.41382133255445,-236.80004288814456,-84.41382133255445
2014,36,2,6,8477967,Thatcher Demko,G,VAN,23,USA,Thatcher Demko,G,262,0.0,6.0,0,True,VAN,"(31, 40]",229.72173022693886,81.42562190130346,32.27826977306114,
2014,37,2,7,8477968,Alex Nedeljkovic,G,CAR,12,USA,Alex Nedeljkovic,G,219,1.0,6.0,0,True,CAR,"(31, 40]",222.96842743685136,78.65123986876237,-3.968427436851357,
2014,38,2,8,8477969,Marcus Pettersson,D,ANA,24,SWE,Marcus Pettersson,D,604,21.0,159.0,180,False,ANA,"(31, 40]",216.5252112697325,76.07537576076862,387.4747887302675,103.92462423923138
2014,39,2,9,8477970,Vitek Vanecek,G,WSH,15,CZE,Vitek Vanecek,G,210,0.0,6.0,0,True,WSH,"(31, 40]",210.3778436976523,73.68382484059008,-0.37784369765230963,
2014,40,2,10,8477971,Andreas Englund,D,OTT,9,SWE,Andreas Englund,D,200,2.0,18.0,20,False,OTT,"(31, 40]",204.51274045012914,71.46339877616482,-4.512740450129144,-51.46339877616482
2014,41,2,11,8477972,Josh Jacobs,D,NJD,1,USA,Josh Jacobs,D,3,0.0,0.0,0,False,NJD,"(40, 50]",198.91694099601142,69.40185291235734,-195.91694099601142,-69.40185291235734
2014,42,2,12,8477973,Vladislav Kamenev,LW,NSH,18,RUS,Vladislav Kamenev,C,66,3.0,10.0,13,False,NSH,"(40, 50]",193.57807990368076,67.48781874717034,-127.57807990368076,-54.48781874717034
2014,43,2,13,8477974,Ryan MacInnis,C,ARI,53,USA,Ryan MacInnis,C,27,0.0,1.0,1,False,UTA,"(40, 50]",188.48435951628767,65.71074123954845,-161.48435951628767,-64.71074123954845
2014,44,2,14,8477975,Eric Cornel,C,BUF,7,CAN,Eric Cornel,C,0,0.0,0.0,0,False,BUF,"(40, 50]",183.62452388163973,64.06082060305499,-183.62452388163973,-64.06082060305499
2014,45,2,15,8477976,Brett Pollock,LW,DAL,25,CAN,Brett Pollock,L,0,0.0,0.0,0,False,DAL,"(40, 50]",178.98783387913235,62.528958264439325,-178.98783387913235,-62.528958264439325
2014,46,2,16,8477977,Julius Bergman,D,SJS,28,SWE,Julius Bergman,D,0,0.0,0.0,0,False,SJS,"(40, 50]",174.56404348875844,61.106706689080966,-174.56404348875844,-61.106706689080966
2014,47,2,17,8477978,Ryan Collins,D,CBJ,29,USA,Ryan Collins,D,0,0.0,0.0,0,False,CBJ,"(40, 50]",170.34337714975766,59.786222796620166,-170.34337714975766,-59.786222796620166
2014,48,2,18,8477979,Nicolas Aube-Kubel,RW,PHI,4,CAN,Nicolas Aube-Kubel,R,310,32.0,50.0,82,False,PHI,"(40, 50]",166.31650815887204,58.560224709882874,143.68349184112796,23.439775290117126
2014,49,2,19,8477980,Vaclav Karabacek,RW,BUF,7,CZE,Vaclav Karabacek,R,0,0.0,0.0,0,False,BUF,"(40, 50]",162.474538060474,57.42195159859,-162.474538060474,-57.42195159859
2014,50,2,20,8477981,Roland McKeown,D,LAK,26,CAN,Roland McKeown,D,16,0.0,3.0,3,False,LAK,"(40, 50]",158.8089769830231,56.365126396406794,-142.8089769830231,-53.365126396406794
2014,51,2,21,8477982,Jack Dougherty,D,NSH,18,USA,Jack Dougherty,D,0,0.0,0.0,0,False,NSH,"(50, 65]",155.3117248783995,55.38392118573376,-155.3117248783995,-55.38392118573376
2014,52,2,22,8477983,Maxim Letunov,C,STL,19,RUS,Maxim Letunov,C,3,1.0,0.0,1,False,STL,"(50, 65]",151.97505362265838,54.472925059351624,-148.97505362265838,-53.472925059351624
2014,53,2,23,8477984,Noah Rod,RW,SJS,28,CHE,Noah Rod,L,0,0.0,0.0,0,False,SJS,"(50, 65]",148.79158993865056,53.627114281691775,-148.79158993865056,-53.627114281691775
2014,54,2,24,8477985,Hunter Smith,RW,CGY,20,CAN,Hunter Smith,R,0,0.0,0.0,0,False,CGY,"(50, 65]",145.7542991027736,52.8418245851849,-145.7542991027736,-52.8418245851849
2014,55,2,25,8477986,Brandon Montour,D,ANA,24,CAN,Brandon Montour,D,665,95.0,230.0,325,False,ANA,"(50, 65]",142.85646939984818,52.11272544891468,522.1435306001518,272.88727455108534
2014,56,2,26,8477987,Ryan Donato,C,BOS,6,USA,Ryan Donato,C,565,123.0,134.0,257,False,BOS,"(50, 65]",140.0916972917691,51.43579621773465,424.9083027082309,205.56420378226534
2014,57,2,27,8477988,Johnathan MacLeod,D,TBL,14,USA,Johnathan MacLeod,D,0,0.0,0.0,0,False,TBL,"(50, 65]",137.45387326715675,50.80730393015615,-137.45387326715675,-50.80730393015615
2014,58,2,28,8477989,Christian Dvorak,LW,ARI,53,USA,Christian Dvorak,C,614,123.0,177.0,300,False,UTA,"(50, 65]",134.93716834074,50.22378273273779,479.06283165926004,249.7762172672622
2014,59,2,29,8477990,Brandon Halverson,G,NYR,3,USA,Brandon Halverson,G,4,0.0,0.0,0,True,NYR,"(50, 65]",132.53602117263767,49.68201476745624,-128.53602117263767,
2014,60,2,30,8477991,Alex Lintuniemi,D,LAK,26,FIN,Alex Lintuniemi,D,0,0.0,0.0,0,False,LAK,"(50, 65]",130.2451257790745,49.179012426660584,-130.2451257790745,-49.179012426660584
2014,61,3,1,8477992,Jonas Johansson,G,BUF,7,SWE,Jonas Johansson,G,105,0.0,0.0,0,True,BUF,"(50, 65]",128.05941980737566,48.71200187775444,-23.05941980737566,
2014,62,3,2,8477993,Justin Kirkland,LW,NSH,18,CAN,Justin Kirkland,C,50,3.0,7.0,10,False,NSH,"(50, 65]",125.97407334933011,48.278407766751634,-75.97407334933011,-38.278407766751634
2014,63,3,3,8477994,Dominic Turgeon,C,DET,17,CAN,Dominic Turgeon,C,9,0.0,0.0,0,False,DET,"(50, 65]",123.98447826820251,47.875839016352614,-114.98447826820251,-47.875839016352614
2014,64,3,4,8477995,Brandon Hickey,D,CGY,20,CAN,Brandon Hickey,D,0,0.0,0.0,0,False,CGY,"(50, 65]",122.08623801580958,47.50207564022413,-122.08623801580958,-47.50207564022413
2014,65,3,5,8477996,Juho Lammikko,RW,FLA,13,FIN,Juho Lammikko,C,183,11.0,17.0,28,False,FLA,"(50, 65]",120.27515791715824,47.15505650076909,62.72484208284176,-19.155056500769092
2014,66,3,6,8477997,Nikita Tryamkin,D,VAN,23,RUS,Nikita Tryamkin,D,79,3.0,8.0,11,False,VAN,"(65, 80]",118.54723590117729,46.832867942875936,-39.54723590117729,-35.832867942875936
2014,67,3,7,8477998,Warren Foegele,LW,CAR,12,CAN,Warren Foegele,L,581,117.0,109.0,226,False,CAR,"(65, 80]",116.89865365705954,46.53373324096787,464.1013463429405,179.46626675903212
2014,68,3,8,8477642,Rinat Valiev,D,TOR,10,RUS,Rinat Valiev,D,12,0.0,0.0,0,False,TOR,"(65, 80]",115.32576819667179,46.25600280115723,-103.32576819667179,-46.25600280115723
2014,69,3,9,8478000,Jack Glover,D,WPG,52,USA,Jack Glover,D,0,0.0,0.0,0,False,WPG,"(65, 80]",113.82510380438777,45.99814506447404,-113.82510380438777,-45.99814506447404
2014,70,3,10,8478001,Miles Gendron,D,OTT,9,USA,Miles Gendron,D,0,0.0,0.0,0,False,OTT,"(65, 80]",112.39334435655485,45.75873806100437,-112.39334435655485,-45.75873806100437
2014,71,3,11,8478002,Connor Chatham,RW,NJD,1,USA,Connor Chatham,R,0,0.0,0.0,0,False,NJD,"(65, 80]",111.02732599362243,45.53646156836322,-111.02732599362243,-45.53646156836322
2014,72,3,12,8478003,Alex Schoenborn,RW,SJS,28,USA,Alex Schoenborn,R,0,0.0,0.0,0,False,SJS,"(65, 80]",109.72403012873889,45.33008983125943,-109.72403012873889,-45.33008983125943
2014,73,3,13,8478004,Brett Lernout,D,MTL,8,CAN,Brett Lernout,D,21,0.0,1.0,1,False,MTL,"(65, 80]",108.48057677736796,45.13848480200428,-87.48057677736796,-44.13848480200428
2014,74,3,14,8478005,Brycen Martin,D,BUF,7,CAN,Brycen Martin,D,0,0.0,0.0,0,False,BUF,"(65, 80]",107.29421819318438,44.960589864688316,-107.29421819318438,-44.960589864688316
2014,75,3,15,8478006,Alexander Peters,D,DAL,25,CAN,Alexander Peters,D,0,0.0,0.0,0,False,DAL,"(65, 80]",106.16233279618547,44.795424008417875,-106.16233279618547,-44.795424008417875
2014,76,3,16,8478007,Elvis Merzlikins,G,CBJ,29,LVA,Elvis Merzlikins,G,274,0.0,7.0,0,True,CBJ,"(65, 80]",105.08241937960153,44.64207641747942,168.91758062039847,
2014,77,3,17,8478008,Blake Siebenaler,D,CBJ,29,USA,Blake Siebenaler,D,0,0.0,0.0,0,False,CBJ,"(65, 80]",104.05209158280329,44.49970144859892,-104.05209158280329,-44.49970144859892
2014,78,3,18,8478009,Ilya Sorokin,G,NYI,2,RUS,Ilya Sorokin,G,308,1.0,6.0,0,True,NYI,"(65, 80]",103.06907261799299,44.36751396759794,204.930927382007,
2014,79,3,19,8478010,Brayden Point,C,TBL,14,CAN,Brayden Point,C,720,324.0,361.0,685,False,TBL,"(65, 80]",102.13119023902618,44.24478501973033,617.8688097609738,640.7552149802697
2014,80,3,20,8478011,Louie Belpedio,D,MIN,30,USA,Louie Belpedio,D,16,2.0,4.0,6,False,MIN,"(65, 80]",101.23637194124682,44.13083780982339,-85.23637194124682,-38.13083780982339
2014,81,3,21,8478012,Dylan Sadowy,LW,SJS,28,CAN,Dylan Sadowy,L,0,0.0,0.0,0,False,SJS,"(80, 100]",100.38264038172775,44.02504397005559,-100.38264038172775,-44.02504397005559
2014,82,3,22,8478013,Jake Walman,D,STL,19,CAN,Jake Walman,D,320,40.0,71.0,111,False,STL,"(80, 100]",99.56810900979711,43.92682009478953,220.43189099020287,67.07317990521048
2014,83,3,23,8478014,Matheson Iacopelli,RW,CHI,16,USA,Matheson Iacopelli,R,0,0.0,0.0,0,False,CHI,"(80, 100]",98.79097789819461,43.835624523351164,-98.79097789819461,-43.835624523351164
2014,84,3,24,8478015,Kyle Wood,D,COL,21,CAN,Kyle Wood,D,0,0.0,0.0,0,False,COL,"(80, 100]",98.0495297656456,43.750954353013846,-98.0495297656456,-43.750954353013846
2014,85,3,25,8478016,Keegan Iverson,C/RW,NYR,3,USA,Keegan Iverson,R,0,0.0,0.0,0,False,NYR,"(80, 100]",97.34212618206395,43.672342665715014,-97.34212618206395,-43.672342665715014
2014,86,3,26,8478017,Mark Friedman,D,PHI,4,CAN,Mark Friedman,D,93,4.0,9.0,13,False,PHI,"(80, 100]",96.66720394799776,43.59935595321225,-3.6672039479977627,-30.599355953212253
2014,87,3,27,8478018,Anton Karlsson,RW,ARI,53,SWE,Anton Karlsson,R,0,0.0,0.0,0,False,UTA,"(80, 100]",96.02327164031772,43.53159172647953,-96.02327164031772,-43.53159172647953
2014,88,3,28,8478019,Beau Starrett,C/LW,CHI,16,USA,Beau Starrett,C,0,0.0,0.0,0,False,CHI,"(80, 100]",95.40890631651433,43.468676296160474,-95.40890631651433,-43.468676296160474
2014,89,3,29,8477573,Nathan Walker,LW,WSH,15,GBR,Nathan Walker,L,275,32.0,35.0,67,False,WSH,"(80, 100]",94.822750370322,43.410262711838996,180.177249629678,23.589737288161004
2014,90,3,30,8478020,Michael Amadio,C,LAK,26,CAN,Michael Amadio,R,522,83.0,91.0,174,False,LAK,"(80, 100]",94.26350853172075,43.35602884876314,427.73649146827927,130.64397115123685
2014,91,4,1,8478021,William Lagesson,D,EDM,22,SWE,William Lagesson,D,107,0.0,12.0,12,False,EDM,"(80, 100]",93.72994500468717,43.30567563147135,13.270054995312833,-31.305675631471352
2014,92,4,2,8478022,Joe Wegwerth,RW,FLA,13,USA,Joe Wegwerth,R,0,0.0,0.0,0,False,FLA,"(80, 100]",93.22088073636887,43.25892538452533,-93.22088073636887,-43.25892538452533
2014,93,4,3,8478023,Nick Magyar,RW,COL,21,USA,Nick Magyar,R,0,0.0,0.0,0,False,COL,"(80, 100]",92.73519081164858,43.21552030125429,-92.73519081164858,-43.21552030125429
2014,94,4,4,8478024,Ville Husso,G,STL,19,FIN,Ville Husso,G,165,0.0,1.0,0,True,STL,"(80, 100]",92.27180196733998,43.17522102206672,72.72819803266002,
2014,95,4,5,8478025,Linus Soderstrom,G,NYI,2,SWE,Linus Soderstrom,G,0,0.0,0.0,0,True,NYI,"(80, 100]",91.8296902205227,43.13780531448942,-91.8296902205227,
2014,96,4,6,8478026,Josh Wesley,D,CAR,12,USA,Josh Wesley,D,0,0.0,0.0,0,False,CAR,"(80, 100]",91.4078786057751,43.10306684765496,-91.4078786057751,-43.10306684765496
2014,97,4,7,8478027,Lucas Wallmark,C,CAR,12,SWE,Lucas Wallmark,C,187,23.0,36.0,59,False,CAR,"(80, 100]",91.00543501630513,43.070814054479364,95.99456498369487,15.929185945520636
2014,98,4,8,8478028,Fredrik Olofsson,LW,CHI,16,SWE,Fredrik Olofsson,L,85,4.0,9.0,13,False,CHI,"(80, 100]",90.62147014420842,43.040869075255486,-5.621470144208416,-30.040869075255486
2014,99,4,9,8478029,Chase De Leo,C,WPG,52,USA,Chase De Leo,L,7,0.0,0.0,0,False,WPG,"(80, 100]",90.25513551530203,43.01306677683635,-83.25513551530203,-43.01306677683635
2014,100,4,10,8478030,Shane Eiserman,C/LW,OTT,9,USA,Shane Eiserman,C,0,0.0,0.0,0,False,OTT,"(80, 100]",89.90562161419135,42.987253841999824,-89.90562161419135,-42.987253841999824
2014,101,4,11,8478031,Nelson Nogier,D,WPG,52,CAN,Nelson Nogier,D,11,0.0,0.0,0,False,WPG,"(100, 125]",89.572156095427,42.96328792397285,-78.572156095427,-42.96328792397285
2014,102,4,12,8478032,Alexis Vanier,D,SJS,28,CAN,Alexis Vanier,D,0,0.0,0.0,0,False,SJS,"(100, 125]",89.25400207679884,42.94103686145272,-89.25400207679884,-42.94103686145272
2014,103,4,13,8478033,John Piccinich,RW,TOR,10,USA,John Piccinich,R,0,0.0,0.0,0,False,TOR,"(100, 125]",88.95045651099544,42.9203779497967,-88.95045651099544,-42.9203779497967
2014,104,4,14,8478034,Ryan Mantha,RW,NYR,3,USA,Ryan Mantha,D,0,0.0,0.0,0,False,NYR,"(100, 125]",88.66084863203102,42.90119726436088,-88.66084863203102,-42.90119726436088
2014,105,4,15,8478035,Michael Prapavessis,D,DAL,25,CAN,Michael Prapavessis,D,0,0.0,0.0,0,False,DAL,"(100, 125]",88.38453847300667,42.88338903225681,-88.38453847300667,-42.88338903225681
2014,106,4,16,8478036,Christoffer Ehn,C,DET,17,SWE,Christoffer Ehn,C,114,5.0,8.0,13,False,DET,"(100, 125]",88.12091545193053,42.8668550490614,25.87908454806947,-29.8668550490614
2014,107,4,17,8478037,Julien Pelletier,LW,CBJ,29,CAN,Julien Pelletier,L,0,0.0,0.0,0,False,CBJ,"(100, 125]",87.86939702247173,42.85150413726349,-87.86939702247173,-42.85150413726349
2014,108,4,18,8478038,Devon Toews,D,NYI,2,CAN,Devon Toews,D,541,65.0,237.0,302,False,NYI,"(100, 125]",87.62942738666686,42.83725164346075,453.37057261333314,259.1627483565392
2014,109,4,19,8478039,Kaapo Kahkonen,G,MIN,30,FIN,Kaapo Kahkonen,G,140,0.0,2.0,0,True,MIN,"(100, 125]",87.4004762667341,42.82401897153408,52.5995237332659,
2014,110,4,20,8478040,Austin Poganski,RW,STL,19,USA,Austin Poganski,R,22,0.0,0.0,0,False,STL,"(100, 125]",87.1820377332811,42.8117331492252,-65.1820377332811,-42.8117331492252
2014,111,4,21,8478041,Zachary Nagelvoort,G,EDM,22,USA,Zachary Nagelvoort,G,0,0.0,0.0,0,True,EDM,"(100, 125]",86.97362908731724,42.80032642572733,-86.97362908731724,
2014,112,4,22,8478042,Viktor Arvidsson,LW,NSH,18,SWE,Viktor Arvidsson,L,682,219.0,224.0,443,False,NSH,"(100, 125]",86.7747897935997,42.78973589806988,595.2252102064003,400.21026410193014
2014,113,4,23,8478043,Sam Lafferty,C/LW,PIT,5,USA,Sam Lafferty,C,378,41.0,51.0,92,False,PIT,"(100, 125]",86.58508046295634,42.77990316423669,291.41491953704366,49.22009683576331
2014,114,4,24,8478044,Alexis Pepin,LW,COL,21,CAN,Alexis Pepin,L,0,0.0,0.0,0,False,COL,"(100, 125]",86.4040818813366,42.770774001105124,-86.4040818813366,-42.770774001105124
2014,115,4,25,8478045,Brent Moran,G,DAL,25,CAN,Brent Moran,G,0,0.0,0.0,0,True,DAL,"(100, 125]",86.23139408344461,42.76229806542979,-86.23139408344461,
2014,116,4,26,8478046,Danton Heinen,C/LW,BOS,6,CAN,Danton Heinen,L,612,102.0,151.0,253,False,BOS,"(100, 125]",86.06663546890789,42.754428616222114,525.9333645310921,210.24557138377787
2014,117,4,27,8478047,Michael Bunting,LW,ARI,53,CAN,Michael Bunting,L,418,109.0,143.0,252,False,UTA,"(100, 125]",85.90944195902806,42.747122256994736,332.0905580409719,209.25287774300526
2014,118,4,28,8478048,Igor Shesterkin,G,NYR,3,RUS,Igor Shesterkin,G,325,0.0,3.0,0,True,NYR,"(100, 125]",85.75946619225057,42.7403386964493,239.24053380774944,
2014,119,4,29,8478049,Ben Thomas,D,TBL,14,CAN,Ben Thomas,D,5,0.0,0.0,0,False,TBL,"(100, 125]",85.61637675657546,42.734040526288005,-80.61637675657546,-42.734040526288005
2014,120,4,30,8478050,Steven Johnson,D,LAK,26,USA,Steven Johnson,D,0,0.0,0.0,0,False,LAK,"(100, 125]",85.47985745721293,42.72819301492359,-85.47985745721293,-42.72819301492359
2014,121,5,1,8478051,Max Willman,C,BUF,7,USA,Max Willman,C,68,7.0,3.0,10,False,BUF,"(100, 125]",85.34960661786548,42.72276391595019,-17.349606617865476,-32.72276391595019
2014,122,5,2,8477561,Richard Nejezchleb,LW,NYR,3,CZE,Richard Nejezchleb,L,0,0.0,0.0,0,False,NYR,"(100, 125]",85.22533641409257,42.71772329031886,-85.22533641409257,-42.71772329031886
2014,123,5,3,8478052,Matthew Berkovitz,D,ANA,24,USA,Matthew Berkovitz,D,0,0.0,0.0,0,False,ANA,"(100, 125]",85.10677223728473,42.713043341237125,-85.10677223728473,-42.713043341237125
2014,124,5,4,8478053,Jaedon Descheneau,RW,STL,19,CAN,Jaedon Descheneau,R,0,0.0,0.0,0,False,STL,"(100, 125]",84.9936520878416,42.708698260882116,-84.9936520878416,-42.708698260882116
2014,125,5,5,8478054,Nikolas Koberstein,D,MTL,8,CAN,Nikolas Koberstein,D,0,0.0,0.0,0,False,MTL,"(100, 125]",84.88572599621297,42.70466408808199,-84.88572599621297,-42.70466408808199
2014,126,5,6,8478055,Gustav Forsling,D,VAN,23,SWE,Gustav Forsling,D,557,59.0,161.0,220,False,VAN,"(125, 150]",84.78275547052348,42.700918576180825,472.2172445294765,177.2990814238192
2014,127,5,7,8478056,Clark Bishop,C,CAR,12,CAN,Clark Bishop,C,53,2.0,7.0,9,False,CAR,"(125, 150]",84.6845129695604,42.697441070358224,-31.6845129695604,-33.697441070358224
2014,128,5,8,8478057,Dakota Joshua,C,TOR,10,USA,Dakota Joshua,C,296,50.0,46.0,96,False,TOR,"(125, 150]",84.59078139995972,42.69421239372728,211.40921860004028,53.30578760627272
2014,129,5,9,8478058,CJ Suess,LW,WPG,52,USA,CJ Suess,L,5,0.0,0.0,0,False,WPG,"(125, 150]",84.50135363647975,42.69121474158261,-79.50135363647975,-42.69121474158261
2014,130,5,10,8478059,Liam Coughlin,C/LW,EDM,22,USA,Liam Coughlin,C,0,0.0,0.0,0,False,EDM,"(125, 150]",84.41603206430189,42.688431583215404,-84.41603206430189,-42.688431583215404
2014,131,5,11,8478060,Ryan Rehill,D,NJD,1,CAN,Ryan Rehill,D,0,0.0,0.0,0,False,NJD,"(125, 150]",84.33462814234724,42.68584757075394,-84.33462814234724,-42.68584757075394
2014,132,5,12,8478061,Joonas Lyytinen,D,NSH,18,FIN,Joonas Lyytinen,D,0,0.0,0.0,0,False,NSH,"(125, 150]",84.25696198664414,42.68344845452697,-84.25696198664414,-42.68344845452697
2014,133,5,13,8478062,Dysin Mayo,D,ARI,53,CAN,Dysin Mayo,D,85,4.0,9.0,13,False,UTA,"(125, 150]",84.1828619728259,42.68122100448314,0.8171380271740958,-29.68122100448314
2014,134,5,14,8478063,Shane Gersich,C/LW,WSH,15,USA,Shane Gersich,L,3,0.0,1.0,1,False,WSH,"(125, 150]",84.1121643568804,42.67915293723323,-81.1121643568804,-41.67915293723323
2014,135,5,15,8478064,Miro Karjalainen,D,DAL,25,FIN,Miro Karjalainen,D,0,0.0,0.0,0,False,DAL,"(125, 150]",84.04471291331333,42.67723284831272,-84.04471291331333,-42.67723284831272
2014,136,5,16,8478065,Chase Perry,G,DET,17,USA,Chase Perry,G,0,0.0,0.0,0,True,DET,"(125, 150]",83.98035858992586,42.67545014929128,-83.98035858992586,
2014,137,5,17,8478066,Tyler Bird,RW,CBJ,29,USA,Tyler Bird,R,0,0.0,0.0,0,False,CBJ,"(125, 150]",83.91895917844342,42.673795009382346,-83.91895917844342,-42.673795009382346
2014,138,5,18,8478067,Oskar Lindblom,LW,PHI,4,SWE,Oskar Lindblom,L,337,56.0,56.0,112,False,PHI,"(125, 150]",83.86037900026808,42.67225830123072,253.1396209997319,69.32774169876927
2014,139,5,19,8478068,Tanner Faith,D,MIN,30,CAN,Tanner Faith,D,0,0.0,0.0,0,False,MIN,"(125, 150]",83.80448860666007,42.670831550579294,-83.80448860666007,-42.670831550579294
2014,140,5,20,8478069,Daniel Walcott,D,NYR,3,CAN,Daniel Walcott,L,1,0.0,0.0,0,False,NYR,"(125, 150]",83.75116449268575,42.66950688953732,-82.75116449268575,-42.66950688953732
2014,141,5,21,8478070,Luc Snuggerud,D,CHI,16,USA,Luc Snuggerud,D,0,0.0,0.0,0,False,CHI,"(125, 150]",83.70028882430006,42.66827701319251,-83.70028882430006,-42.66827701319251
2014,142,5,22,8478071,Tyler Nanne,D,NYR,3,USA,Tyler Nanne,D,0,0.0,0.0,0,False,NYR,"(125, 150]",83.65174917796037,42.66713513932773,-83.65174917796037,-42.66713513932773
2014,143,5,23,8478072,Miguel Fidler,LW,FLA,13,USA,Miguel Fidler,L,0,0.0,0.0,0,False,FLA,"(125, 150]",83.60543829219628,42.666074971020116,-83.60543829219628,-42.666074971020116
2014,144,5,24,8478073,Anton Lindholm,D,COL,21,SWE,Anton Lindholm,D,66,0.0,5.0,5,False,COL,"(125, 150]",83.56125383058635,42.665090661916324,-17.561253830586352,-37.665090661916324
2014,145,5,25,8478074,Anthony Angello,C,PIT,5,USA,Anthony Angello,C,31,3.0,2.0,5,False,PIT,"(125, 150]",83.5190981556182,42.66417678399255,-52.519098155618195,-37.66417678399255
2014,146,5,26,8478075,Anders Bjork,LW,BOS,6,USA,Anders Bjork,L,225,26.0,35.0,61,False,BOS,"(125, 150]",83.47887811293191,42.663328297621426,141.5211218870681,18.336671702378574
2014,147,5,27,8478076,Daniel Audette,C,MTL,8,CAN,Daniel Audette,C,0,0.0,0.0,0,False,MTL,"(125, 150]",83.44050482547043,42.66254052378066,-83.44050482547043,-42.66254052378066
2014,148,5,28,8478077,Andreas Soderberg,D,CHI,16,SWE,Andreas Soderberg,D,0,0.0,0.0,0,False,CHI,"(125, 150]",83.40389349708157,42.66180911825041,-83.40389349708157,-42.66180911825041
2014,149,5,29,8478078,Rourke Chartier,C,SJS,28,CAN,Rourke Chartier,C,56,3.0,1.0,4,False,SJS,"(125, 150]",83.36896322513803,42.66113004765679,-27.36896322513803,-38.66113004765679
2014,150,5,30,8478079,Alec Dillon,G,LAK,26,CAN,Alec Dillon,G,0,0.0,0.0,0,True,LAK,"(125, 150]",83.33563682176118,42.66049956722966,-83.33563682176118,
2014,151,6,1,8478080,Christopher Brown,C,BUF,7,USA,Christopher Brown,C,0,0.0,0.0,0,False,BUF,"(150, 180]",83.30384064325355,42.65991420015188,-83.30384064325355,-42.65991420015188
2014,152,6,2,8478081,Joey Dudek,C,NJD,1,USA,Joey Dudek,C,0,0.0,0.0,0,False,NJD,"(150, 180]",83.27350442736322,42.65937071838622,-83.27350442736322,-42.65937071838622
2014,153,6,3,8478082,Tyler Vesel,C,EDM,22,USA,Tyler Vesel,C,0,0.0,0.0,0,False,EDM,"(150, 180]",83.2445611380203,42.658866124874194,-83.2445611380203,-42.658866124874194
2014,154,6,4,8478083,Aaron Haydon,D,DAL,25,USA,Aaron Haydon,D,0,0.0,0.0,0,False,DAL,"(150, 180]",83.2169468172027,42.6583976370086,-83.2169468172027,-42.6583976370086
2014,155,6,5,8478084,Kyle Schempp,C,NYI,2,USA,Kyle Schempp,C,0,0.0,0.0,0,False,NYI,"(150, 180]",83.19060044360353,42.657962671288715,-83.19060044360353,-42.657962671288715
2014,156,6,6,8478085,Kyle Pettit,C,VAN,23,CAN,Kyle Pettit,C,0,0.0,0.0,0,False,VAN,"(150, 180]",83.16546379778804,42.65755882907344,-83.16546379778804,-42.65755882907344
2014,157,6,7,8478086,Jake Marchment,C,LAK,26,CAN,Jake Marchment,C,0,0.0,0.0,0,False,LAK,"(150, 180]",83.14148133354207,42.657183883353845,-83.14148133354207,-42.657183883353845
2014,158,6,8,8478087,Nolan Vesey,LW,TOR,10,USA,Nolan Vesey,L,0,0.0,0.0,0,False,TOR,"(150, 180]",83.11860005512764,42.656835766472234,-83.11860005512764,-42.656835766472234
2014,159,6,9,8478088,Steven Spinner,RW,WSH,15,USA,Steven Spinner,R,0,0.0,0.0,0,False,WSH,"(150, 180]",83.09676940017454,42.65651255871995,-83.09676940017454,-42.65651255871995
2014,160,6,10,8478089,Pontus Sjalin,D,MIN,30,SWE,Pontus Sjalin,D,0,0.0,0.0,0,False,MIN,"(150, 180]",83.07594112794911,42.65621247775101,-83.07594112794911,-42.65621247775101
2014,161,6,11,8477631,Brandon Baddock,LW,NJD,1,CAN,Brandon Baddock,L,1,0.0,0.0,0,False,NJD,"(150, 180]",83.05606921275334,42.65593386875329,-82.05606921275334,-42.65593386875329
2014,162,6,12,8478090,Aaron Irving,D,NSH,18,CAN,Aaron Irving,D,0,0.0,0.0,0,False,NSH,"(150, 180]",83.03710974221858,42.65567519532296,-83.03710974221858,-42.65567519532296
2014,163,6,13,8478091,David Westlund,D,ARI,53,SWE,David Westlund,D,0,0.0,0.0,0,False,UTA,"(150, 180]",83.01902082026932,42.655435030991924,-83.01902082026932,-42.655435030991924
2014,164,6,14,8478092,Pavel Kraskovsky,C,WPG,52,RUS,Pavel Kraskovsky,C,0,0.0,0.0,0,False,WPG,"(150, 180]",83.0017624745425,42.65521205136148,-83.0017624745425,-42.65521205136148
2014,165,6,15,8478093,John Nyberg,LW,DAL,25,SWE,John Nyberg,D,0,0.0,0.0,0,False,DAL,"(150, 180]",82.98529656805775,42.65500502679885,-82.98529656805775,-42.65500502679885
2014,166,6,16,8478094,Julius Vahatalo,LW,DET,17,FIN,Julius Vahatalo,L,0,0.0,0.0,0,False,DET,"(150, 180]",82.96958671494343,42.654812815656285,-82.96958671494343,-42.654812815656285
2014,167,6,17,8478095,Chase Lang,C,MIN,30,CAN,Chase Lang,C,0,0.0,0.0,0,False,MIN,"(150, 180]",82.95459820003221,42.65463435797545,-82.95459820003221,-42.65463435797545
2014,168,6,18,8478096,Radel Fazleev,C,PHI,4,RUS,Radel Fazleev,C,0,0.0,0.0,0,False,PHI,"(150, 180]",82.9402979021485,42.65446866964217,-82.9402979021485,-42.65446866964217
2014,169,6,19,8478097,Reid Duke,C,MIN,30,CAN,Reid Duke,C,0,0.0,0.0,0,False,MIN,"(150, 180]",82.92665422091831,42.6543148369595,-82.92665422091831,-42.6543148369595
2014,170,6,20,8478098,Cristiano Digiacinto,LW,TBL,14,CAN,Cristiano Digiacinto,L,0,0.0,0.0,0,False,TBL,"(150, 180]",82.91363700693962,42.65417201160911,-82.91363700693962,-42.65417201160911
2014,171,6,21,8478099,Kevin Labanc,RW,SJS,28,USA,Kevin Labanc,R,512,84.0,153.0,237,False,SJS,"(150, 180]",82.9012174951592,42.65403940597316,429.0987825048408,194.34596059402685
2014,172,6,22,8478100,C.J. Yakimowicz,RW,STL,19,USA,C.J. Yakimowicz,R,0,0.0,0.0,0,False,STL,"(150, 180]",82.88936824130836,42.653916288790974,-82.88936824130836,-42.653916288790974
2014,173,6,23,8478101,Jaden Lindo,RW,PIT,5,CAN,Jaden Lindo,R,0,0.0,0.0,0,False,PIT,"(150, 180]",82.87806306125748,42.653801981126435,-82.87806306125748,-42.653801981126435
2014,174,6,24,8478102,Maximilian Pajpach,G,COL,21,SVK,Maximilian Pajpach,G,0,0.0,0.0,0,True,COL,"(150, 180]",82.86727697315509,42.65369585262398,-82.86727697315509,
2014,175,6,25,8478103,Adam Ollas Mattsson,D,CGY,20,SWE,Adam Ollas Mattsson,D,0,0.0,0.0,0,False,CGY,"(150, 180]",82.85698614222369,42.65359731803246,-82.85698614222369,-42.65359731803246
2014,176,6,26,8478104,Sammy Blais,LW,STL,19,CAN,Sammy Blais,L,278,30.0,49.0,79,False,STL,"(150, 180]",82.8471678280904,42.65350583397773,195.1528321719096,36.34649416602227
2014,177,6,27,8478105,Hayden Hawkey,G,MTL,8,USA,Hayden Hawkey,G,0,0.0,0.0,0,True,MTL,"(150, 180]",82.83780033453596,42.65342089596622,-82.83780033453596,
2014,178,6,28,8478106,Dylan Sikura,C,CHI,16,CAN,Dylan Sikura,R,58,3.0,14.0,17,False,CHI,"(150, 180]",82.82886296155098,42.653342035602826,-24.828862961550982,-25.653342035602826
2014,179,6,29,8478107,Ivan Nalimov,G,CHI,16,RUS,Ivan Nalimov,G,0,0.0,0.0,0,True,CHI,"(150, 180]",82.82033595959383,42.65326881800799,-82.82033595959383,
2014,180,6,30,8478108,Matthew Mistele,LW,LAK,26,CAN,Matthew Mistele,L,0,0.0,0.0,0,False,LAK,"(150, 180]",82.81220048594854,42.65320083941945,-82.81220048594854,-42.65320083941945
2014,181,7,1,8478109,Victor Olofsson,RW,BUF,7,SWE,Victor Olofsson,R,448,118.0,124.0,242,False,BUF,"(180, 211]",82.80443856308683,42.65313772496576,365.1955614369132,199.34686227503425
2014,182,7,2,8478110,Hugo Fagerblom,G,FLA,13,SWE,Hugo Fagerblom,G,0,0.0,0.0,0,True,FLA,"(180, 211]",82.79703303894182,42.65307912659897,-82.79703303894182,
2014,183,7,3,8478111,Keven Bouchard,G,EDM,22,CAN,Keven Bouchard,G,0,0.0,0.0,0,True,EDM,"(180, 211]",82.78996754900598,42.653024721175335,-82.78996754900598,
2014,184,7,4,8477610,Austin Carroll,RW,CGY,20,USA,Austin Carroll,R,0,0.0,0.0,0,False,CGY,"(180, 211]",82.78322648016925,42.652974208673314,-82.78322648016925,-42.652974208673314
2014,185,7,5,8478112,Cameron Darcy,C,TBL,14,USA,Cameron Darcy,C,0,0.0,0.0,0,False,TBL,"(180, 211]",82.7767949362177,42.652927310539084,-82.7767949362177,-42.652927310539084
2014,186,7,6,8478113,MacKenze Stewart,D,VAN,23,CAN,MacKenze Stewart,D,0,0.0,0.0,0,False,VAN,"(180, 211]",82.77065870491634,42.65288376815045,-82.77065870491634,-42.65288376815045
2014,187,7,7,8478114,Kyle Jenkins,D,CAR,12,CAN,Kyle Jenkins,D,0,0.0,0.0,0,False,CAR,"(180, 211]",82.76480422660329,42.652843341390636,-82.76480422660329,-42.652843341390636
2014,188,7,8,8478115,Pierre Engvall,LW,TOR,10,SWE,Pierre Engvall,L,380,65.0,70.0,135,False,TOR,"(180, 211]",82.75921856422605,42.65280580732417,297.24078143577395,92.34719419267583
2014,189,7,9,8478116,Kelly Summers,D,OTT,9,CAN,Kelly Summers,D,0,0.0,0.0,0,False,OTT,"(180, 211]",82.7538893747536,42.652770958967494,-82.7538893747536,-42.652770958967494
2014,190,7,10,8478117,Francis Perron,LW,OTT,9,CAN,Francis Perron,L,0,0.0,0.0,0,False,OTT,"(180, 211]",82.74880488190117,42.65273860414752,-82.74880488190117,-42.65273860414752
2014,191,7,11,8478118,Jared Fiegl,LW,ARI,53,USA,Jared Fiegl,L,0,0.0,0.0,0,False,UTA,"(180, 211]",82.7439538501073,42.65270856444192,-82.7439538501073,-42.65270856444192
2014,192,7,12,8478119,Matt Ustaski,C/LW,WPG,52,USA,Matt Ustaski,C,0,0.0,0.0,0,False,WPG,"(180, 211]",82.73932555970585,42.65268067419517,-82.73932555970585,-42.65268067419517
2014,193,7,13,8478120,Edgars Kulda,LW,ARI,53,LVA,Edgars Kulda,L,0,0.0,0.0,0,False,UTA,"(180, 211]",82.73490978323798,42.652654779605044,-82.73490978323798,-42.652654779605044
2014,194,7,14,8478121,Kevin Elgestal,RW,WSH,15,SWE,Kevin Elgestal,R,0,0.0,0.0,0,False,WSH,"(180, 211]",82.73069676285189,42.65263073787449,-82.73069676285189,-42.65263073787449
2014,195,7,15,8478122,Patrick Sanvido,D,DAL,25,CAN,Patrick Sanvido,D,0,0.0,0.0,0,False,DAL,"(180, 211]",82.72667718874011,42.65260841642412,-82.72667718874011,-42.65260841642412
2014,196,7,16,8478123,Axel Holmstrom,C,DET,17,SWE,Axel Holmstrom,C,0,0.0,0.0,0,False,DET,"(180, 211]",82.72284217856702,42.652587692161156,-82.72284217856702,-42.652587692161156
2014,197,7,17,8478124,Olivier Leblanc,D,CBJ,29,CAN,Olivier Leblanc,D,0,0.0,0.0,0,False,CBJ,"(180, 211]",82.71918325784091,42.652568450800544,-82.71918325784091,-42.652568450800544
2014,198,7,18,8478125,Jesper Pettersson,D,PHI,4,SWE,Jesper Pettersson,D,0,0.0,0.0,0,False,PHI,"(180, 211]",82.71569234118732,42.65255058623481,-82.71569234118732,-42.65255058623481
2014,199,7,19,8478126,Pavel Jenys,C,MIN,30,CZE,Pavel Jenys,C,0,0.0,0.0,0,False,MIN,"(180, 211]",82.71236171448218,42.65253399994888,-82.71236171448218,-42.65253399994888
2014,200,7,20,8476859,Lukas Sutter,C,NYI,2,CAN,Lukas Sutter,C,0,0.0,0.0,0,False,NYI,"(180, 211]",82.70918401780544,42.65251860047681,-82.70918401780544,-42.65251860047681
2014,201,7,21,8478127,Alexander Kadeykin,C,DET,17,RUS,Alexander Kadeykin,C,0,0.0,0.0,0,False,DET,"(180, 211]",82.70615222917723,42.65250430289742,-82.70615222917723,-42.65250430289742
2014,202,7,22,8478128,Dwyer Tschantz,RW,STL,19,USA,Dwyer Tschantz,R,0,0.0,0.0,0,False,STL,"(180, 211]",82.703259649041,42.65249102836595,-82.703259649041,-42.65249102836595
2014,203,7,23,8478129,Jeff Taylor,D,PIT,5,USA,Jeff Taylor,D,0,0.0,0.0,0,False,PIT,"(180, 211]",82.70049988545898,42.652478703679314,-82.70049988545898,-42.652478703679314
2014,204,7,24,8478130,Julien Nantel,C/LW,COL,21,CAN,Julien Nantel,C,0,0.0,0.0,0,False,COL,"(180, 211]",82.69786683998748,42.652467260872385,-82.69786683998748,-42.652467260872385
2014,205,7,25,8478131,Ondrej Kase,RW,ANA,24,CZE,Ondrej Kase,R,258,57.0,67.0,124,False,ANA,"(180, 211]",82.69535469420074,42.652456636843205,175.30464530579926,81.3475433631568
2014,206,7,26,8478132,Emil Johansson,D,BOS,6,SWE,Emil Johansson,D,0,0.0,0.0,0,False,BOS,"(180, 211]",82.69295789683352,42.65244677300502,-82.69295789683352,-42.65244677300502
2014,207,7,27,8478133,Jake Evans,C/RW,MTL,8,CAN,Jake Evans,C,418,52.0,100.0,152,False,MTL,"(180, 211]",82.69067115151412,42.65243761496317,335.30932884848585,109.34756238503684
2014,208,7,28,8478134,Jack Ramsey,RW,CHI,16,USA,Jack Ramsey,R,0,0.0,0.0,0,False,CHI,"(180, 211]",82.68848940506057,42.65242911221517,-82.68848940506057,-42.65242911221517
2014,209,7,29,8478135,Spencer Watson,RW,LAK,26,CAN,Spencer Watson,R,0,0.0,0.0,0,False,LAK,"(180, 211]",82.68640783631426,42.65242121787215,-82.68640783631426,-42.65242121787215
2014,210,7,30,8478136,Jake Middleton,D,LAK,26,CAN,Jake Middleton,D,381,24.0,70.0,94,False,LAK,"(180, 211]",82.68442184548637,42.652413888400375,298.3155781545136,51.347586111599625
2015,1,1,1,8478402,Connor McDavid,C,EDM,22,CAN,Connor McDavid,C,794,409.0,811.0,1220,False,EDM,,844.7618549404874,563.9056503589592,-50.76185494048741,656.0943496410408
2015,2,1,2,8478403,Jack Eichel,C,BUF,7,USA,Jack Eichel,C,690,266.0,432.0,698,False,BUF,"(1, 2]",809.7681901837298,526.6079284397246,-119.76819018372976,171.39207156027544
2015,3,1,3,8478440,Dylan Strome,C,ARI,53,CAN,Dylan Strome,C,598,165.0,277.0,442,False,UTA,"(2, 3]",776.3813047565832,491.9790049263708,-178.38130475658318,-49.979004926370806
2015,4,1,4,8478483,Mitch Marner,C,TOR,10,CAN,Mitch Marner,R,738,245.0,576.0,821,False,TOR,"(3, 4]",744.5274213101472,459.82791681727923,-6.527421310147247,361.17208318272077
2015,5,1,5,8478396,Noah Hanifin,D,CAR,12,USA,Noah Hanifin,D,829,75.0,278.0,353,False,CAR,"(4, 5]",714.1361500778175,429.977365263173,114.86384992218245,-76.977365263173
2015,6,1,6,8478401,Pavel Zacha,C,NJD,1,CZE,Pavel Zacha,C,706,155.0,252.0,407,False,NJD,"(5, 6]",685.1403333300681,402.26273784338173,20.859666669931926,4.7372621566182715
2015,7,1,7,8478500,Ivan Provorov,D,PHI,4,RUS,Ivan Provorov,D,778,86.0,227.0,313,False,PHI,"(6, 8]",657.4758969712924,376.5312008020775,120.5241030287076,-63.53120080207748
2015,8,1,8,8478460,Zach Werenski,D,CBJ,29,USA,Zach Werenski,D,642,135.0,330.0,465,False,CBJ,"(6, 8]",631.0817089507688,352.6408562385712,10.918291049231243,112.35914376142881
2015,9,1,9,8478414,Timo Meier,RW,SJS,28,CHE,Timo Meier,R,698,241.0,238.0,479,False,SJS,"(8, 10]",605.8994441748678,330.45995960395163,92.10055582513223,148.54004039604837
2015,10,1,10,8478420,Mikko Rantanen,RW,COL,21,FIN,Mikko Rantanen,R,716,316.0,466.0,782,False,COL,"(8, 10]",581.8734556219907,309.8661931889113,134.12654437800927,472.1338068110887
2015,11,1,11,8478474,Lawson Crouse,LW,FLA,13,CAN,Lawson Crouse,L,666,139.0,120.0,259,False,FLA,"(10, 12]",558.9506513754325,290.7459915963702,107.04934862456753,-31.745991596370175
2015,12,1,12,8478495,Denis Gurianov,RW,DAL,25,RUS,Denis Gurianov,R,298,52.0,61.0,113,False,DAL,"(10, 12]",537.0803773024388,272.99391547918094,-239.08037730243882,-159.99391547918094
2015,13,1,13,8478415,Jakub Zboril,D,BOS,6,CZE,Jakub Zboril,D,76,1.0,15.0,16,False,BOS,"(12, 15]",516.2143051202067,256.5120700893594,-440.21430512020675,-240.51207008935938
2015,14,1,14,8478498,Jake DeBrusk,LW,BOS,6,CAN,Jake DeBrusk,L,628,189.0,167.0,356,False,BOS,"(12, 15]",496.30632560147916,241.20956543240027,131.69367439852084,114.79043456759973
2015,15,1,15,8478485,Zach Senyshyn,RW,BOS,6,CAN,Zach Senyshyn,R,16,1.0,2.0,3,False,BOS,"(12, 15]",477.3124466837421,227.00201504967026,-461.3124466837421,-224.00201504967026
2015,16,1,16,8478445,Mathew Barzal,C,NYI,2,CAN,Mathew Barzal,C,611,153.0,381.0,534,False,NYI,"(15, 20]",459.19069625687024,213.81107066488858,151.80930374312976,320.1889293351114
2015,17,1,17,8478398,Kyle Connor,LW,WPG,52,USA,Kyle Connor,L,695,323.0,351.0,674,False,WPG,"(15, 20]",441.90102941440335,201.5639901284781,253.09897058559665,472.4360098715219
2015,18,1,18,8478469,Thomas Chabot,D,OTT,9,CAN,Thomas Chabot,D,569,78.0,257.0,335,False,OTT,"(15, 20]",425.4052399634998,190.1932362771945,143.5947600365002,144.8067637228055
2015,19,1,19,8478431,Evgeny Svechnikov,LW,DET,17,RUS,Evgeny Svechnikov,L,172,20.0,25.0,45,False,DET,"(15, 20]",409.6668759980253,179.63610449692322,-237.66687599802532,-134.63610449692322
2015,20,1,20,8478493,Joel Eriksson Ek,C,MIN,30,SWE,Joel Eriksson Ek,C,614,155.0,195.0,350,False,MIN,"(15, 20]",394.651159348212,169.83437693482028,219.348840651788,180.16562306517972
2015,21,1,21,8478400,Colin White,C,OTT,9,USA,Colin White,C,323,44.0,69.0,113,False,OTT,"(20, 25]",380.324908728891,160.7340014539319,-57.32490872889099,-47.73400145393191
2015,22,1,22,8478492,Ilya Samsonov,G,WSH,15,RUS,Ilya Samsonov,G,200,0.0,5.0,0,True,WSH,"(20, 25]",366.6564664164723,152.28479355987108,-166.6564664164723,
2015,23,1,23,8478444,Brock Boeser,RW,VAN,23,USA,Brock Boeser,R,629,226.0,256.0,482,False,VAN,"(20, 25]",353.6156282926471,144.44015965581036,275.3843717073529,337.55984034418964
2015,24,1,24,8478439,Travis Konecny,C,PHI,4,CAN,Travis Konecny,R,723,225.0,319.0,544,False,PHI,"(20, 25]",341.17357710022264,137.15684009966634,381.82642289977736,406.84315990033366
2015,25,1,25,8478458,Jack Roslovic,C,WPG,52,USA,Jack Roslovic,C,595,123.0,173.0,296,False,WPG,"(20, 25]",329.30281876360266,130.3946706465514,265.69718123639734,165.6053293534486
2015,26,1,26,8478454,Noah Juulsen,D,MTL,8,CAN,Noah Juulsen,D,209,4.0,23.0,27,False,MTL,"(25, 31]",317.97712163319443,124.11636096095384,-108.97712163319443,-97.11636096095384
2015,27,1,27,8478491,Jacob Larsson,D,ANA,24,SWE,Jacob Larsson,D,172,3.0,21.0,24,False,ANA,"(25, 31]",307.17145851948806,118.28728897724142,-135.17145851948806,-94.28728897724142
2015,28,1,28,8478463,Anthony Beauvillier,LW,NYI,2,CAN,Anthony Beauvillier,R,713,146.0,153.0,299,False,NYI,"(25, 31]",296.86195138871545,112.87530997447791,416.13804861128455,186.12469002552209
2015,29,1,29,8478506,Gabriel Carlsson,D,CBJ,29,SWE,Gabriel Carlsson,D,81,3.0,15.0,18,False,CBJ,"(25, 31]",287.0258185978798,107.85057931268578,-206.02581859787978,-89.85057931268578
2015,30,1,30,8478447,Nick Merkley,RW,ARI,53,CAN,Nick Merkley,R,41,4.0,11.0,15,False,UTA,"(25, 31]",277.6413245525565,103.18538785302533,-236.6413245525565,-88.18538785302533
2015,31,2,1,8478464,Jeremy Roy,D,SJS,28,CAN,Jeremy Roy,D,0,0.0,0.0,0,False,SJS,"(25, 31]",268.6877316762219,98.85400915430591,-268.6877316762219,-98.85400915430591
2015,32,2,2,8478432,Christian Fischer,RW,ARI,53,USA,Christian Fischer,R,523,62.0,75.0,137,False,UTA,"(31, 40]",260.14525458497144,94.83255760318657,262.85474541502856,42.16744239681343
2015,33,2,3,8478477,Mitchell Stephens,C,TBL,14,CAN,Mitchell Stephens,C,123,6.0,13.0,19,False,TBL,"(31, 40]",251.99501636636575,91.09885669571764,-128.99501636636575,-72.09885669571764
2015,34,2,4,8478408,Travis Dermott,D,TOR,10,CAN,Travis Dermott,D,348,16.0,46.0,62,False,TOR,"(31, 40]",244.21900686578914,87.63231674385521,103.78099313421086,-25.632316743855213
2015,35,2,5,8478427,Sebastian Aho,RW,CAR,12,FIN,Sebastian Aho,C,756,310.0,401.0,711,False,CAR,"(31, 40]",236.80004288814456,84.41382133255445,519.1999571118554,626.5861786674456
2015,36,2,6,8478410,Gabriel Gagne,RW,OTT,9,CAN,Gabriel Gagne,R,0,0.0,0.0,0,False,OTT,"(31, 40]",229.72173022693886,81.42562190130346,-229.72173022693886,-81.42562190130346
2015,37,2,7,8478443,Brandon Carlo,D,BOS,6,USA,Brandon Carlo,D,692,29.0,90.0,119,False,BOS,"(31, 40]",222.96842743685136,78.65123986876237,469.03157256314864,40.348760131237626
2015,38,2,8,8478426,Paul Bittner,LW,CBJ,29,USA,Paul Bittner,L,0,0.0,0.0,0,False,CBJ,"(31, 40]",216.5252112697325,76.07537576076862,-216.5252112697325,-76.07537576076862
2015,39,2,9,8478421,A.J. Greer,LW,COL,21,CAN,A.J. Greer,L,326,36.0,45.0,81,False,COL,"(31, 40]",210.3778436976523,73.68382484059008,115.62215630234769,7.316175159409923
2015,40,2,10,8478467,Nicolas Meloche,D,COL,21,CAN,Nicolas Meloche,D,57,2.0,6.0,8,False,COL,"(31, 40]",204.51274045012914,71.46339877616482,-147.51274045012914,-63.46339877616482
2015,41,2,11,8478394,Ryan Gropp,LW,NYR,3,CAN,Ryan Gropp,L,0,0.0,0.0,0,False,NYR,"(40, 50]",198.91694099601142,69.40185291235734,-198.91694099601142,-69.40185291235734
2015,42,2,12,8478406,Mackenzie Blackwood,G,NJD,1,CAN,Mackenzie Blackwood,G,291,0.0,2.0,0,True,NJD,"(40, 50]",193.57807990368076,67.48781874717034,97.42192009631924,
2015,43,2,13,8478416,Erik Cernak,D,LAK,26,SVK,Erik Cernak,D,502,26.0,94.0,120,False,LAK,"(40, 50]",188.48435951628767,65.71074123954845,313.51564048371233,54.289258760451546
2015,44,2,14,8478441,Matthew Spencer,D,TBL,14,CAN,Matthew Spencer,D,0,0.0,0.0,0,False,TBL,"(40, 50]",183.62452388163973,64.06082060305499,-183.62452388163973,-64.06082060305499
2015,45,2,15,8478417,Jakob Forsbacka Karlsson,C,BOS,6,SWE,Jakob Forsbacka Karlsson,C,29,3.0,6.0,9,False,BOS,"(40, 50]",178.98783387913235,62.528958264439325,-149.98783387913235,-53.528958264439325
2015,46,2,16,8478466,Daniel Sprong,RW,PIT,5,NLD,Daniel Sprong,R,374,87.0,79.0,166,False,PIT,"(40, 50]",174.56404348875844,61.106706689080966,199.43595651124156,104.89329331091903
2015,47,2,17,8478424,Jansen Harkins,C,WPG,52,USA,Jansen Harkins,C,305,18.0,27.0,45,False,WPG,"(40, 50]",170.34337714975766,59.786222796620166,134.65662285024234,-14.786222796620166
2015,48,2,18,8478488,Filip Chlapik,C,OTT,9,CZE,Filip Chlapik,C,57,5.0,6.0,11,False,OTT,"(40, 50]",166.31650815887204,58.560224709882874,-109.31650815887204,-47.560224709882874
2015,49,2,19,8478449,Roope Hintz,LW,DAL,25,FIN,Roope Hintz,C,521,190.0,231.0,421,False,DAL,"(40, 50]",162.474538060474,57.42195159859,358.525461939526,363.57804840141
2015,50,2,20,8478413,Jordan Greenway,LW,MIN,30,USA,Jordan Greenway,L,475,56.0,109.0,165,False,MIN,"(40, 50]",158.8089769830231,56.365126396406794,316.19102301697694,108.6348736035932
2015,51,2,21,8478425,Brendan Guhle,D,BUF,7,CAN,Brendan Guhle,D,65,4.0,10.0,14,False,BUF,"(50, 65]",155.3117248783995,55.38392118573376,-90.3117248783995,-41.38392118573376
2015,52,2,22,8478468,Jeremy Lauzon,D,BOS,6,CAN,Jeremy Lauzon,D,384,15.0,43.0,58,False,BOS,"(50, 65]",151.97505362265838,54.472925059351624,232.02494637734162,3.527074940648376
2015,53,2,23,8478397,Rasmus Andersson,D,CGY,20,SWE,Rasmus Andersson,D,617,64.0,214.0,278,False,CGY,"(50, 65]",148.79158993865056,53.627114281691775,468.20841006134947,224.37288571830823
2015,54,2,24,8478484,Graham Knott,LW,CHI,16,CAN,Graham Knott,L,0,0.0,0.0,0,False,CHI,"(50, 65]",145.7542991027736,52.8418245851849,-145.7542991027736,-52.8418245851849
2015,55,2,25,8478508,Yakov Trenin,C,NSH,18,RUS,Yakov Trenin,C,457,61.0,59.0,120,False,NSH,"(50, 65]",142.85646939984818,52.11272544891468,314.14353060015185,67.88727455108531
2015,56,2,26,8478407,Vince Dunn,D,STL,19,CAN,Vince Dunn,D,623,86.0,244.0,330,False,STL,"(50, 65]",140.0916972917691,51.43579621773465,482.9083027082309,278.56420378226534
2015,57,2,27,8478399,Jonas Siegenthaler,D,WSH,15,CHE,Jonas Siegenthaler,D,449,10.0,72.0,82,False,WSH,"(50, 65]",137.45387326715675,50.80730393015615,311.5461267328433,31.192696069843848
2015,58,2,28,8478831,Kevin Stenlund,C,CBJ,29,SWE,Kevin Stenlund,C,368,46.0,44.0,90,False,CBJ,"(50, 65]",134.93716834074,50.22378273273779,233.06283165926,39.77621726726221
2015,59,2,29,8478419,Julius Nattinen,C,ANA,24,FIN,Julius Nattinen,C,0,0.0,0.0,0,False,ANA,"(50, 65]",132.53602117263767,49.68201476745624,-132.53602117263767,-49.68201476745624
2015,60,2,30,8478430,Oliver Kylington,D,CGY,20,SWE,Oliver Kylington,D,220,18.0,42.0,60,False,CGY,"(50, 65]",130.2451257790745,49.179012426660584,89.7548742209255,10.820987573339416
2015,61,2,31,8478404,Jeremy Bracco,RW,TOR,10,USA,Jeremy Bracco,R,0,0.0,0.0,0,False,TOR,"(50, 65]",128.05941980737566,48.71200187775444,-128.05941980737566,-48.71200187775444
2015,62,3,1,8478418,Robin Kovacs,RW,NYR,3,SWE,Robin Kovacs,R,0,0.0,0.0,0,False,NYR,"(50, 65]",125.97407334933011,48.278407766751634,-125.97407334933011,-48.278407766751634
2015,63,3,2,8478476,Kyle Capobianco,D,ARI,53,CAN,Kyle Capobianco,D,107,7.0,10.0,17,False,UTA,"(50, 65]",123.98447826820251,47.875839016352614,-16.98447826820251,-30.875839016352614
2015,64,3,3,8478459,Dennis Yan,LW,TBL,14,USA,Dennis Yan,L,0,0.0,0.0,0,False,TBL,"(50, 65]",122.08623801580958,47.50207564022413,-122.08623801580958,-47.50207564022413
2015,65,3,4,8478518,Andrew Nielsen,D,TOR,10,CAN,Andrew Nielsen,D,0,0.0,0.0,0,False,TOR,"(50, 65]",120.27515791715824,47.15505650076909,-120.27515791715824,-47.15505650076909
2015,66,3,5,8478465,Guillaume Brisebois,D,VAN,23,CAN,Guillaume Brisebois,D,30,1.0,2.0,3,False,VAN,"(65, 80]",118.54723590117729,46.832867942875936,-88.54723590117729,-43.832867942875936
2015,67,3,6,8478480,Blake Speers,C,NJD,1,CAN,Blake Speers,C,5,0.0,0.0,0,False,NJD,"(65, 80]",116.89865365705954,46.53373324096787,-111.89865365705954,-46.53373324096787
2015,68,3,7,8478832,Martins Dzierkals,LW,TOR,10,LVA,Martins Dzierkals,L,0,0.0,0.0,0,False,TOR,"(65, 80]",115.32576819667179,46.25600280115723,-115.32576819667179,-46.25600280115723
2015,69,3,8,8478434,Keegan Kolesar,RW,CBJ,29,CAN,Keegan Kolesar,R,439,44.0,76.0,120,False,CBJ,"(65, 80]",113.82510380438777,45.99814506447404,325.17489619561223,74.00185493552596
2015,70,3,9,8478433,Felix Sandstrom,G,PHI,4,SWE,Felix Sandstrom,G,30,0.0,0.0,0,True,PHI,"(65, 80]",112.39334435655485,45.75873806100437,-82.39334435655485,
2015,71,3,10,8478833,J.C. Beaudin,C,COL,21,CAN,J.C. Beaudin,C,22,0.0,1.0,1,False,COL,"(65, 80]",111.02732599362243,45.53646156836322,-89.02732599362243,-44.53646156836322
2015,72,3,11,8478519,Anthony Cirelli,C,TBL,14,CAN,Anthony Cirelli,C,582,147.0,197.0,344,False,TBL,"(65, 80]",109.72403012873889,45.33008983125943,472.2759698712611,298.66991016874056
2015,73,3,12,8478834,Vili Saarijarvi,D,DET,17,FIN,Vili Saarijarvi,D,0,0.0,0.0,0,False,DET,"(65, 80]",108.48057677736796,45.13848480200428,-108.48057677736796,-45.13848480200428
2015,74,3,13,8478494,Alexander Dergachyov,C,LAK,26,RUS,Alexander Dergachyov,C,0,0.0,0.0,0,False,LAK,"(65, 80]",107.29421819318438,44.960589864688316,-107.29421819318438,-44.960589864688316
2015,75,3,14,8478435,Dan Vladar,G,BOS,6,CZE,Dan Vladar,G,157,0.0,2.0,0,True,BOS,"(65, 80]",106.16233279618547,44.795424008417875,50.83766720381453,
2015,76,3,15,8478499,Adin Hill,G,ARI,53,CAN,Adin Hill,G,213,0.0,5.0,0,True,UTA,"(65, 80]",105.08241937960153,44.64207641747942,107.91758062039847,
2015,77,3,16,8478470,Sam Montembeault,G,FLA,13,CAN,Samuel Montembeault,G,231,0.0,4.0,0,True,FLA,"(65, 80]",104.05209158280329,44.49970144859892,126.94790841719671,
2015,78,3,17,8478497,Erik Foley,LW,WPG,52,USA,Erik Foley,L,0,0.0,0.0,0,False,WPG,"(65, 80]",103.06907261799299,44.36751396759794,-103.06907261799299,-44.36751396759794
2015,79,3,18,8478835,Sergey Zborovskiy,D,NYR,3,RUS,Sergey Zborovskiy,D,0,0.0,0.0,0,False,NYR,"(65, 80]",102.13119023902618,44.24478501973033,-102.13119023902618,-44.24478501973033
2015,80,3,19,8478836,Brent Gates Jr.,C,ANA,24,USA,Brent Gates Jr.,C,0,0.0,0.0,0,False,ANA,"(65, 80]",101.23637194124682,44.13083780982339,-101.23637194124682,-44.13083780982339
2015,81,3,20,8478429,Brendan Warren,LW,ARI,53,USA,Brendan Warren,L,0,0.0,0.0,0,False,UTA,"(80, 100]",100.38264038172775,44.02504397005559,-100.38264038172775,-44.02504397005559
2015,82,3,21,8478481,Mitchell Vande Sompel,D,NYI,2,CAN,Mitchell Vande Sompel,D,0,0.0,0.0,0,False,NYI,"(80, 100]",99.56810900979711,43.92682009478953,-99.56810900979711,-43.92682009478953
2015,83,3,22,8478490,Jens Looke,RW,ARI,53,SWE,Jens Looke,R,0,0.0,0.0,0,False,UTA,"(80, 100]",98.79097789819461,43.835624523351164,-98.79097789819461,-43.835624523351164
2015,84,3,23,8478496,Deven Sideroff,RW,ANA,24,CAN,Deven Sideroff,R,0,0.0,0.0,0,False,ANA,"(80, 100]",98.0495297656456,43.750954353013846,-98.0495297656456,-43.750954353013846
2015,85,3,24,8478438,Tommy Novak,C,NSH,18,USA,Tommy Novak,C,285,65.0,94.0,159,False,NSH,"(80, 100]",97.34212618206395,43.672342665715014,187.65787381793604,115.32765733428499
2015,86,3,25,8478837,Mike Robinson,G,SJS,28,USA,Mike Robinson,G,0,0.0,0.0,0,True,SJS,"(80, 100]",96.66720394799776,43.59935595321225,-96.66720394799776,
2015,87,3,26,8478838,Lukas Vejdemo,C,MTL,8,SWE,Lukas Vejdemo,C,13,2.0,0.0,2,False,MTL,"(80, 100]",96.02327164031772,43.53159172647953,-83.02327164031772,-41.53159172647953
2015,88,3,27,8478405,Thomas Schemitsch,D,FLA,13,CAN,Thomas Schemitsch,D,0,0.0,0.0,0,False,FLA,"(80, 100]",95.40890631651433,43.468676296160474,-95.40890631651433,-43.468676296160474
2015,89,3,28,8478839,Aleksi Saarela,C,NYR,3,FIN,Aleksi Saarela,C,9,2.0,2.0,4,False,NYR,"(80, 100]",94.822750370322,43.410262711838996,-85.822750370322,-39.410262711838996
2015,90,3,29,8478489,Matej Tomek,G,PHI,4,SVK,Matej Tomek,G,0,0.0,0.0,0,True,PHI,"(80, 100]",94.26350853172075,43.35602884876314,-94.26350853172075,
2015,91,3,30,8478502,Dennis Gilbert,D,CHI,16,USA,Dennis Gilbert,D,119,3.0,18.0,21,False,CHI,"(80, 100]",93.72994500468717,43.30567563147135,25.270054995312833,-22.305675631471352
2015,92,4,1,8478840,Will Borgen,D,BUF,7,USA,Will Borgen,D,373,18.0,65.0,83,False,BUF,"(80, 100]",93.22088073636887,43.25892538452533,279.7791192636311,39.74107461547467
2015,93,4,2,8478473,Callum Booth,G,CAR,12,CAN,Callum Booth,G,0,0.0,0.0,0,True,CAR,"(80, 100]",92.73519081164858,43.21552030125429,-92.73519081164858,
2015,94,4,3,8478423,Adam Musil,C,STL,19,CAN,Adam Musil,C,0,0.0,0.0,0,False,STL,"(80, 100]",92.27180196733998,43.17522102206672,-92.27180196733998,-43.17522102206672
2015,95,4,4,8478505,Jesper Lindgren,D,TOR,10,SWE,Jesper Lindgren,D,0,0.0,0.0,0,False,TOR,"(80, 100]",91.8296902205227,43.13780531448942,-91.8296902205227,-43.13780531448942
2015,96,4,5,8478462,Nicolas Roy,C,CAR,12,CAN,Nicolas Roy,C,443,76.0,115.0,191,False,CAR,"(80, 100]",91.4078786057751,43.10306684765496,351.59212139422493,147.89693315234504
2015,97,4,6,8478841,Colton White,D,NJD,1,CAN,Colton White,D,107,0.0,14.0,14,False,NJD,"(80, 100]",91.00543501630513,43.070814054479364,15.994564983694872,-29.070814054479364
2015,98,4,7,8478471,Samuel Dove-McFalls,LW,PHI,4,CAN,Samuel Dove-McFalls,L,0,0.0,0.0,0,False,PHI,"(80, 100]",90.62147014420842,43.040869075255486,-90.62147014420842,-43.040869075255486
2015,99,4,8,8478455,Austin Wagner,LW,LAK,26,CAN,Austin Wagner,L,178,23.0,19.0,42,False,LAK,"(80, 100]",90.25513551530203,43.01306677683635,87.74486448469797,-1.0130667768363466
2015,100,4,9,8478409,Anthony Richard,C,NSH,18,CAN,Anthony Richard,C,40,6.0,8.0,14,False,NSH,"(80, 100]",89.90562161419135,42.987253841999824,-49.90562161419135,-28.987253841999824
2015,101,4,10,8478842,Andrei Mironov,D,COL,21,RUS,Andrei Mironov,D,10,1.0,2.0,3,False,COL,"(100, 125]",89.572156095427,42.96328792397285,-79.572156095427,-39.96328792397285
2015,102,4,11,8478843,Denis Malgin,C,FLA,13,CHE,Denis Malgin,C,257,41.0,40.0,81,False,FLA,"(100, 125]",89.25400207679884,42.94103686145272,167.74599792320117,38.05896313854728
2015,103,4,12,8478411,Chris Martenet,D,DAL,25,USA,Chris Martenet,D,0,0.0,0.0,0,False,DAL,"(100, 125]",88.95045651099544,42.9203779497967,-88.95045651099544,-42.9203779497967
2015,104,4,13,8478844,Mikhail Vorobyev,C,PHI,4,RUS,Mikhail Vorobyev,C,35,2.0,3.0,5,False,PHI,"(100, 125]",88.66084863203102,42.90119726436088,-53.66084863203102,-37.90119726436088
2015,105,4,14,8478456,Jesse Gabrielle,LW,BOS,6,CAN,Jesse Gabrielle,L,0,0.0,0.0,0,False,BOS,"(100, 125]",88.38453847300667,42.88338903225681,-88.38453847300667,-42.88338903225681
2015,106,4,15,8478194,Adam Helewka,LW,SJS,28,CAN,Adam Helewka,L,0,0.0,0.0,0,False,SJS,"(100, 125]",88.12091545193053,42.8668550490614,-88.12091545193053,-42.8668550490614
2015,107,4,16,8478846,Christian Wolanin,D,OTT,9,CAN,Christian Wolanin,D,86,6.0,17.0,23,False,OTT,"(100, 125]",87.86939702247173,42.85150413726349,-1.8693970224717305,-19.85150413726349
2015,108,4,17,8478487,Michael Spacek,RW,WPG,52,CZE,Michael Spacek,R,0,0.0,0.0,0,False,WPG,"(100, 125]",87.62942738666686,42.83725164346075,-87.62942738666686,-42.83725164346075
2015,109,4,18,8478437,Filip Ahl,LW,OTT,9,SWE,Filip Ahl,L,0,0.0,0.0,0,False,OTT,"(100, 125]",87.4004762667341,42.82401897153408,-87.4004762667341,-42.82401897153408
2015,110,4,19,8478847,Joren Van Pottelberghe,G,DET,17,CHE,Joren Van Pottelberghe,G,0,0.0,0.0,0,True,DET,"(100, 125]",87.1820377332811,42.8117331492252,-87.1820377332811,
2015,111,4,20,8478848,Ales Stezka,G,MIN,30,CZE,Ales Stezka,G,1,0.0,0.0,0,True,MIN,"(100, 125]",86.97362908731724,42.80032642572733,-85.97362908731724,
2015,112,4,21,8478450,Parker Wotherspoon,D,NYI,2,CAN,Parker Wotherspoon,D,188,4.0,42.0,46,False,NYI,"(100, 125]",86.7747897935997,42.78973589806988,101.2252102064003,3.2102641019301217
2015,113,4,22,8478849,Brad Morrison,C,NYR,3,CAN,Brad Morrison,C,0,0.0,0.0,0,False,NYR,"(100, 125]",86.58508046295634,42.77990316423669,-86.58508046295634,-42.77990316423669
2015,114,4,23,8478850,Dmitry Zhukenov,C,VAN,23,RUS,Dmitry Zhukenov,C,0,0.0,0.0,0,False,VAN,"(100, 125]",86.4040818813366,42.770774001105124,-86.4040818813366,-42.770774001105124
2015,115,4,24,8478851,Alexandre Carrier,D,NSH,18,CAN,Alexandre Carrier,D,369,20.0,89.0,109,False,NSH,"(100, 125]",86.23139408344461,42.76229806542979,282.7686059165554,66.23770193457021
2015,116,4,25,8478446,Glenn Gawdin,C,STL,19,CAN,Glenn Gawdin,C,13,0.0,1.0,1,False,STL,"(100, 125]",86.06663546890789,42.754428616222114,-73.06663546890789,-41.754428616222114
2015,117,4,26,8478452,Caleb Jones,D,EDM,22,USA,Caleb Jones,D,255,14.0,42.0,56,False,EDM,"(100, 125]",85.90944195902806,42.747122256994736,169.09055804097193,13.252877743005264
2015,118,4,27,8478852,Jonne Tammela,RW,TBL,14,FIN,Jonne Tammela,R,0,0.0,0.0,0,False,TBL,"(100, 125]",85.75946619225057,42.7403386964493,-85.75946619225057,-42.7403386964493
2015,119,4,28,8478853,Daniel Bernhardt,RW,NYR,3,SWE,Daniel Bernhardt,R,0,0.0,0.0,0,False,NYR,"(100, 125]",85.61637675657546,42.734040526288005,-85.61637675657546,-42.734040526288005
2015,120,4,29,8478472,Mathieu Joseph,RW,TBL,14,CAN,Mathieu Joseph,R,471,61.0,99.0,160,False,TBL,"(100, 125]",85.47985745721293,42.72819301492359,385.5201425427871,117.27180698507641
2015,121,4,30,8478854,Ryan Shea,D,CHI,16,USA,Ryan Shea,D,150,9.0,32.0,41,False,CHI,"(100, 125]",85.34960661786548,42.72276391595019,64.65039338213452,-1.722763915950189
2015,122,5,1,8478855,Devante Stephens,D,BUF,7,CAN,Devante Stephens,D,0,0.0,0.0,0,False,BUF,"(100, 125]",85.22533641409257,42.71772329031886,-85.22533641409257,-42.71772329031886
2015,123,5,2,8478856,Conor Garland,RW,ARI,53,USA,Conor Garland,R,556,134.0,190.0,324,False,UTA,"(100, 125]",85.10677223728473,42.713043341237125,470.89322776271524,281.28695665876285
2015,124,5,3,8478451,Ethan Bear,D,EDM,22,CAN,Ethan Bear,D,275,17.0,50.0,67,False,EDM,"(100, 125]",84.9936520878416,42.708698260882116,190.0063479121584,24.291301739117884
2015,125,5,4,8478857,Dmytro Timashov,LW,TOR,10,UKR,Dmytro Timashov,L,45,4.0,5.0,9,False,TOR,"(100, 125]",84.88572599621297,42.70466408808199,-39.88572599621297,-33.70466408808199
2015,126,5,5,8478858,Luke Stevens,LW,CAR,12,USA,Luke Stevens,L,0,0.0,0.0,0,False,CAR,"(125, 150]",84.78275547052348,42.700918576180825,-84.78275547052348,-42.700918576180825
2015,127,5,6,8478859,Niko Mikkola,D,STL,19,FIN,Niko Mikkola,D,396,17.0,56.0,73,False,STL,"(125, 150]",84.6845129695604,42.697441070358224,311.3154870304396,30.302558929641776
2015,128,5,7,8478436,David Kase,RW,PHI,4,CZE,David Kase,R,7,1.0,0.0,1,False,PHI,"(125, 150]",84.59078139995972,42.69421239372728,-77.59078139995972,-41.69421239372728
2015,129,5,8,8478860,Sam Ruopp,D,CBJ,29,CAN,Sam Ruopp,D,0,0.0,0.0,0,False,CBJ,"(125, 150]",84.50135363647975,42.69121474158261,-84.50135363647975,-42.69121474158261
2015,130,5,9,8478861,Karlis Cukste,D,SJS,28,LVA,Karlis Cukste,D,0,0.0,0.0,0,False,SJS,"(125, 150]",84.41603206430189,42.688431583215404,-84.41603206430189,-42.688431583215404
2015,131,5,10,8478862,Matthew Bradley,C,MTL,8,CAN,Matthew Bradley,C,0,0.0,0.0,0,False,MTL,"(125, 150]",84.33462814234724,42.68584757075394,-84.33462814234724,-42.68584757075394
2015,132,5,11,8478457,Karch Bachman,LW,FLA,13,USA,Karch Bachman,L,0,0.0,0.0,0,False,FLA,"(125, 150]",84.25696198664414,42.68344845452697,-84.25696198664414,-42.68344845452697
2015,133,5,12,8478863,Joseph Cecconi,D,DAL,25,USA,Joseph Cecconi,D,0,0.0,0.0,0,False,DAL,"(125, 150]",84.1828619728259,42.68122100448314,-84.1828619728259,-42.68122100448314
2015,134,5,13,8478150,Matt Schmalz,RW,LAK,26,CAN,Matt Schmalz,R,0,0.0,0.0,0,False,LAK,"(125, 150]",84.1121643568804,42.67915293723323,-84.1121643568804,-42.67915293723323
2015,135,5,14,8478864,Kirill Kaprizov,LW,MIN,30,RUS,Kirill Kaprizov,L,397,230.0,245.0,475,False,MIN,"(125, 150]",84.04471291331333,42.67723284831272,312.95528708668667,432.3227671516873
2015,136,5,15,8478865,Pavel Karnaukhov,LW,CGY,20,BLR,Pavel Karnaukhov,L,0,0.0,0.0,0,False,CGY,"(125, 150]",83.98035858992586,42.67545014929128,-83.98035858992586,-42.67545014929128
2015,137,5,16,8478866,Dominik Simon,C,PIT,5,CZE,Dominik Simon,C,256,22.0,55.0,77,False,PIT,"(125, 150]",83.91895917844342,42.673795009382346,172.0810408215566,34.326204990617654
2015,138,5,17,8478867,Spencer Smallman,RW,CAR,12,CAN,Spencer Smallman,R,0,0.0,0.0,0,False,CAR,"(125, 150]",83.86037900026808,42.67225830123072,-83.86037900026808,-42.67225830123072
2015,139,5,18,8478868,Christian Jaros,D,OTT,9,SVK,Christian Jaros,D,94,1.0,13.0,14,False,OTT,"(125, 150]",83.80448860666007,42.670831550579294,10.195511393339928,-28.670831550579294
2015,140,5,19,8478486,Chase Pearson,C,DET,17,CAN,Chase Pearson,C,3,0.0,0.0,0,False,DET,"(125, 150]",83.75116449268575,42.66950688953732,-80.75116449268575,-42.66950688953732
2015,141,5,20,8478869,Veeti Vainio,D,CBJ,29,FIN,Veeti Vainio,D,0,0.0,0.0,0,False,CBJ,"(125, 150]",83.70028882430006,42.66827701319251,-83.70028882430006,-42.66827701319251
2015,142,5,21,8478870,Rudolfs Balcers,LW,SJS,28,LVA,Rudolfs Balcers,L,170,28.0,34.0,62,False,SJS,"(125, 150]",83.65174917796037,42.66713513932773,86.34825082203963,19.332864860672267
2015,143,5,22,8478453,Connor Hobbs,D,WSH,15,CAN,Connor Hobbs,D,0,0.0,0.0,0,False,WSH,"(125, 150]",83.60543829219628,42.666074971020116,-83.60543829219628,-42.666074971020116
2015,144,5,23,8478253,Carl Neill,D,VAN,23,CAN,Carl Neill,D,0,0.0,0.0,0,False,VAN,"(125, 150]",83.56125383058635,42.665090661916324,-83.56125383058635,-42.665090661916324
2015,145,5,24,8478872,Karel Vejmelka,G,NSH,18,CZE,Karel Vejmelka,G,262,0.0,5.0,0,True,NSH,"(125, 150]",83.5190981556182,42.66417678399255,178.4809018443818,
2015,146,5,25,8478461,Luke Opilka,G,STL,19,USA,Luke Opilka,G,0,0.0,0.0,0,True,STL,"(125, 150]",83.47887811293191,42.663328297621426,-83.47887811293191,
2015,147,5,26,8478395,Ryan Pilon,D,NYI,2,CAN,Ryan Pilon,D,0,0.0,0.0,0,False,NYI,"(125, 150]",83.44050482547043,42.66254052378066,-83.44050482547043,-42.66254052378066
2015,148,5,27,8478873,Troy Terry,C/RW,ANA,24,USA,Troy Terry,R,488,135.0,207.0,342,False,ANA,"(125, 150]",83.40389349708157,42.66180911825041,404.5961065029184,299.3381908817496
2015,149,5,28,8478874,Adam Gaudette,C,VAN,23,USA,Adam Gaudette,R,367,63.0,58.0,121,False,VAN,"(125, 150]",83.36896322513803,42.66113004765679,283.63103677486197,78.3388699523432
2015,150,5,29,8478875,Ryan Zuhlsdorf,D,TBL,14,USA,Ryan Zuhlsdorf,D,0,0.0,0.0,0,False,TBL,"(125, 150]",83.33563682176118,42.66049956722966,-83.33563682176118,-42.66049956722966
2015,151,5,30,8478876,Radovan Bondra,RW,CHI,16,SVK,Radovan Bondra,R,0,0.0,0.0,0,False,CHI,"(150, 180]",83.30384064325355,42.65991420015188,-83.30384064325355,-42.65991420015188
2015,152,6,1,8478877,Giorgio Estephan,C,BUF,7,CAN,Giorgio Estephan,C,0,0.0,0.0,0,False,BUF,"(150, 180]",83.27350442736322,42.65937071838622,-83.27350442736322,-42.65937071838622
2015,153,6,2,8478878,Kristian Oldham,G,TBL,14,USA,Kristian Oldham,G,0,0.0,0.0,0,True,TBL,"(150, 180]",83.2445611380203,42.658866124874194,-83.2445611380203,
2015,154,6,3,8478507,John Marino,D,EDM,22,USA,John Marino,D,443,23.0,134.0,157,False,EDM,"(150, 180]",83.2169468172027,42.6583976370086,359.7830531827973,114.34160236299141
2015,155,6,4,8478879,Stephen Desrocher,D,TOR,10,CAN,Stephen Desrocher,D,0,0.0,0.0,0,False,TOR,"(150, 180]",83.19060044360353,42.657962671288715,-83.19060044360353,-42.657962671288715
2015,156,6,5,8478880,Jake Massie,D,CAR,12,CAN,Jake Massie,D,0,0.0,0.0,0,False,CAR,"(150, 180]",83.16546379778804,42.65755882907344,-83.16546379778804,-42.65755882907344
2015,157,6,6,8478881,Brett Seney,LW,NJD,1,CAN,Brett Seney,L,66,6.0,8.0,14,False,NJD,"(150, 180]",83.14148133354207,42.657183883353845,-17.141481333542075,-28.657183883353845
2015,158,6,7,8478442,Cooper Marody,C,PHI,4,USA,Cooper Marody,C,7,0.0,1.0,1,False,PHI,"(150, 180]",83.11860005512764,42.656835766472234,-76.11860005512764,-41.656835766472234
2015,159,6,8,8478882,Vladislav Gavrikov,D,CBJ,29,RUS,Vladislav Gavrikov,D,517,43.0,127.0,170,False,CBJ,"(150, 180]",83.09676940017454,42.65651255871995,433.90323059982546,127.34348744128005
2015,160,6,9,8478883,Adam Parsells,D,SJS,28,USA,Adam Parsells,D,0,0.0,0.0,0,False,SJS,"(150, 180]",83.07594112794911,42.65621247775101,-83.07594112794911,-42.65621247775101
2015,161,6,10,8478884,Sergei Boikov,D,COL,21,RUS,Sergei Boikov,D,0,0.0,0.0,0,False,COL,"(150, 180]",83.05606921275334,42.65593386875329,-83.05606921275334,-42.65593386875329
2015,162,6,11,8478885,Christopher Wilkie,RW,FLA,13,USA,Christopher Wilkie,R,0,0.0,0.0,0,False,FLA,"(150, 180]",83.03710974221858,42.65567519532296,-83.03710974221858,-42.65567519532296
2015,163,6,12,8478886,Markus Ruusu,G,DAL,25,FIN,Markus Ruusu,G,0,0.0,0.0,0,True,DAL,"(150, 180]",83.01902082026932,42.655435030991924,-83.01902082026932,
2015,164,6,13,8478887,Roy Radke,RW,CHI,16,USA,Roy Radke,R,0,0.0,0.0,0,False,CHI,"(150, 180]",83.0017624745425,42.65521205136148,-83.0017624745425,-42.65521205136148
2015,165,6,14,8478888,Cameron Hughes,C,BOS,6,CAN,Cameron Hughes,C,5,1.0,0.0,1,False,BOS,"(150, 180]",82.98529656805775,42.65500502679885,-77.98529656805775,-41.65500502679885
2015,166,6,15,8478233,Andrew Mangiapane,LW,CGY,20,CAN,Andrew Mangiapane,L,560,131.0,128.0,259,False,CGY,"(150, 180]",82.96958671494343,42.654812815656285,477.03041328505657,216.34518718434373
2015,167,6,16,8478890,Frederik Tiffels,LW,PIT,5,DEU,Frederik Tiffels,L,0,0.0,0.0,0,False,PIT,"(150, 180]",82.95459820003221,42.65463435797545,-82.95459820003221,-42.65463435797545
2015,168,6,17,8478891,Mason Appleton,C,WPG,52,USA,Mason Appleton,C,465,63.0,89.0,152,False,WPG,"(150, 180]",82.9402979021485,42.65446866964217,382.0597020978515,109.34553133035783
2015,169,6,18,8478504,David Cotton,C,CAR,12,USA,David Cotton,C,0,0.0,0.0,0,False,CAR,"(150, 180]",82.92665422091831,42.6543148369595,-82.92665422091831,-42.6543148369595
2015,170,6,19,8478892,Patrick Holway,D,DET,17,USA,Patrick Holway,D,0,0.0,0.0,0,False,DET,"(150, 180]",82.91363700693962,42.65417201160911,-82.91363700693962,-42.65417201160911
2015,171,6,20,8478428,Nicholas Boka,D,MIN,30,USA,Nicholas Boka,D,0,0.0,0.0,0,False,MIN,"(150, 180]",82.9012174951592,42.65403940597316,-82.9012174951592,-42.65403940597316
2015,172,6,21,8478893,Andong Song,D,NYI,2,CHN,Andong Song,D,0,0.0,0.0,0,False,NYI,"(150, 180]",82.88936824130836,42.653916288790974,-82.88936824130836,-42.653916288790974
2015,173,6,22,8478894,Colby Williams,D,WSH,15,CAN,Colby Williams,D,0,0.0,0.0,0,False,WSH,"(150, 180]",82.87806306125748,42.653801981126435,-82.87806306125748,-42.653801981126435
2015,174,6,23,8478895,Lukas Jasek,RW,VAN,23,CZE,Lukas Jasek,R,0,0.0,0.0,0,False,VAN,"(150, 180]",82.86727697315509,42.65369585262398,-82.86727697315509,-42.65369585262398
2015,175,6,24,8478896,Tyler Moy,C,NSH,18,USA,Tyler Moy,C,0,0.0,0.0,0,False,NSH,"(150, 180]",82.85698614222369,42.65359731803246,-82.85698614222369,-42.65359731803246
2015,176,6,25,8478897,Liam Dunda,LW,STL,19,USA,Liam Dunda,L,0,0.0,0.0,0,False,STL,"(150, 180]",82.8471678280904,42.65350583397773,-82.8471678280904,-42.65350583397773
2015,177,6,26,8478517,Simon Bourque,D,MTL,8,CAN,Simon Bourque,D,0,0.0,0.0,0,False,MTL,"(150, 180]",82.83780033453596,42.65342089596622,-82.83780033453596,-42.65342089596622
2015,178,6,27,8478898,Steven Ruggiero,D,ANA,24,USA,Steven Ruggiero,D,0,0.0,0.0,0,False,ANA,"(150, 180]",82.82886296155098,42.653342035602826,-82.82886296155098,-42.653342035602826
2015,179,6,28,8478899,Garrett Metcalf,G,ANA,24,USA,Garrett Metcalf,G,0,0.0,0.0,0,True,ANA,"(150, 180]",82.82033595959383,42.65326881800799,-82.82033595959383,
2015,180,6,29,8478147,Bokondji Imama,LW,TBL,14,CAN,Bokondji Imama,L,33,2.0,0.0,2,False,TBL,"(150, 180]",82.81220048594854,42.65320083941945,-49.81220048594854,-40.65320083941945
2015,181,6,30,8478900,Joni Tuulola,D,CHI,16,FIN,Joni Tuulola,D,0,0.0,0.0,0,False,CHI,"(180, 211]",82.80443856308683,42.65313772496576,-82.80443856308683,-42.65313772496576
2015,182,7,1,8478901,Ivan Chukarov,D,BUF,7,USA,Ivan Chukarov,D,0,0.0,0.0,0,False,BUF,"(180, 211]",82.79703303894182,42.65307912659897,-82.79703303894182,-42.65307912659897
2015,183,7,2,8478902,Erik Kallgren,G,ARI,53,SWE,Erik Kallgren,G,24,0.0,0.0,0,True,UTA,"(180, 211]",82.78996754900598,42.653024721175335,-58.78996754900598,
2015,184,7,3,8478903,Adam Huska,G,NYR,3,SVK,Adam Huska,G,1,0.0,0.0,0,True,NYR,"(180, 211]",82.78322648016925,42.652974208673314,-81.78322648016925,
2015,185,7,4,8478478,Nikita Korostelev,RW,TOR,10,RUS,Nikita Korostelev,R,0,0.0,0.0,0,False,TOR,"(180, 211]",82.7767949362177,42.652927310539084,-82.7767949362177,-42.652927310539084
2015,186,7,5,8478904,Steven Lorentz,C/LW,CAR,12,CAN,Steven Lorentz,C,381,36.0,44.0,80,False,CAR,"(180, 211]",82.77065870491634,42.65288376815045,298.22934129508366,37.34711623184955
2015,187,7,6,8478448,Chaz Reddekopp,D,LAK,26,CAN,Chaz Reddekopp,D,0,0.0,0.0,0,False,LAK,"(180, 211]",82.76480422660329,42.652843341390636,-82.76480422660329,-42.652843341390636
2015,188,7,7,8478905,Ivan Fedotov,G,PHI,4,RUS,Ivan Fedotov,G,29,0.0,0.0,0,True,PHI,"(180, 211]",82.75921856422605,42.65280580732417,-53.759218564226046,
2015,189,7,8,8478906,Markus Nutivaara,D,CBJ,29,FIN,Markus Nutivaara,D,275,17.0,54.0,71,False,CBJ,"(180, 211]",82.7538893747536,42.652770958967494,192.2461106252464,28.347229041032506
2015,190,7,9,8478907,Marcus Vela,C,SJS,28,CAN,Marcus Vela,C,0,0.0,0.0,0,False,SJS,"(180, 211]",82.74880488190117,42.65273860414752,-82.74880488190117,-42.65273860414752
2015,191,7,10,8478908,Gustav Olhaver,C,COL,21,SWE,Gustav Olhaver,C,0,0.0,0.0,0,False,COL,"(180, 211]",82.7439538501073,42.65270856444192,-82.7439538501073,-42.65270856444192
2015,192,7,11,8478909,Patrick Shea,C,FLA,13,USA,Patrick Shea,C,0,0.0,0.0,0,False,FLA,"(180, 211]",82.73932555970585,42.65268067419517,-82.73932555970585,-42.65268067419517
2015,193,7,12,8478910,Jake Kupsky,G,SJS,28,USA,Jake Kupsky,G,0,0.0,0.0,0,True,SJS,"(180, 211]",82.73490978323798,42.652654779605044,-82.73490978323798,
2015,194,7,13,8478911,Matt Roy,LW,LAK,26,USA,Matt Roy,D,517,29.0,120.0,149,False,LAK,"(180, 211]",82.73069676285189,42.65263073787449,434.2693032371481,106.34736926212551
2015,195,7,14,8478912,Jack Becker,C,BOS,6,USA,Jack Becker,C,0,0.0,0.0,0,False,BOS,"(180, 211]",82.72667718874011,42.65260841642412,-82.72667718874011,-42.65260841642412
2015,196,7,15,8478913,Riley Bruce,D,CGY,20,CAN,Riley Bruce,D,0,0.0,0.0,0,False,CGY,"(180, 211]",82.72284217856702,42.652587692161156,-82.72284217856702,-42.652587692161156
2015,197,7,16,8478914,Nikita Pavlychev,C,PIT,5,RUS,Nikita Pavlychev,C,0,0.0,0.0,0,False,PIT,"(180, 211]",82.71918325784091,42.652568450800544,-82.71918325784091,-42.652568450800544
2015,198,7,17,8478915,Sami Niku,D,WPG,52,FIN,Sami Niku,D,67,2.0,14.0,16,False,WPG,"(180, 211]",82.71569234118732,42.65255058623481,-15.71569234118732,-26.65255058623481
2015,199,7,18,8478916,Joey Daccord,G,OTT,9,USA,Joey Daccord,G,173,0.0,5.0,0,True,OTT,"(180, 211]",82.71236171448218,42.65253399994888,90.28763828551782,
2015,200,7,19,8478509,Adam Marsh,LW,DET,17,USA,Adam Marsh,L,0,0.0,0.0,0,False,DET,"(180, 211]",82.70918401780544,42.65251860047681,-82.70918401780544,-42.65251860047681
2015,201,7,20,8478501,Gustav Bouramman,D,MIN,30,SWE,Gustav Bouramman,D,0,0.0,0.0,0,False,MIN,"(180, 211]",82.70615222917723,42.65250430289742,-82.70615222917723,-42.65250430289742
2015,202,7,21,8478917,Petter Hansson,D,NYI,2,SWE,Petter Hansson,D,0,0.0,0.0,0,False,NYI,"(180, 211]",82.703259649041,42.65249102836595,-82.703259649041,-42.65249102836595
2015,203,7,22,8478918,Matteo Gennaro,C,WPG,52,CAN,Matteo Gennaro,C,0,0.0,0.0,0,False,WPG,"(180, 211]",82.70049988545898,42.652478703679314,-82.70049988545898,-42.652478703679314
2015,204,7,23,8478503,Jack Sadek,D,MIN,30,USA,Jack Sadek,D,0,0.0,0.0,0,False,MIN,"(180, 211]",82.69786683998748,42.652467260872385,-82.69786683998748,-42.652467260872385
2015,205,7,24,8478919,Evan Smith,G,NSH,18,USA,Evan Smith,G,0,0.0,0.0,0,True,NSH,"(180, 211]",82.69535469420074,42.652456636843205,-82.69535469420074,
2015,206,7,25,8478920,Ryan Bednard,G,FLA,13,USA,Ryan Bednard,G,0,0.0,0.0,0,True,FLA,"(180, 211]",82.69295789683352,42.65244677300502,-82.69295789683352,
2015,207,7,26,8478921,Jeremiah Addison,LW,MTL,8,CAN,Jeremiah Addison,L,0,0.0,0.0,0,False,MTL,"(180, 211]",82.69067115151412,42.65243761496317,-82.69067115151412,-42.65243761496317
2015,208,7,27,8478922,Miroslav Svoboda,G,EDM,22,CZE,Miroslav Svoboda,G,0,0.0,0.0,0,True,EDM,"(180, 211]",82.68848940506057,42.65242911221517,-82.68848940506057,
2015,209,7,28,8478923,Ziyat Paigin,D,EDM,22,RUS,Ziyat Paigin,D,0,0.0,0.0,0,False,EDM,"(180, 211]",82.68640783631426,42.65242121787215,-82.68640783631426,-42.65242121787215
2015,210,7,29,8478924,Tate Olson,D,VAN,23,CAN,Tate Olson,D,0,0.0,0.0,0,False,VAN,"(180, 211]",82.68442184548637,42.652413888400375,-82.68442184548637,-42.652413888400375
2015,211,7,30,8478925,John Dahlstrom,RW,CHI,16,SWE,John Dahlstrom,R,0,0.0,0.0,0,False,CHI,"(180, 211]",82.68252704399328,42.65240708338107,-82.68252704399328,-42.65240708338107
2016,1,1,1,8479318,Auston Matthews,C,TOR,10,USA,Auston Matthews,C,689,428.0,352.0,780,False,TOR,,844.7618549404874,563.9056503589592,-155.7618549404874,216.09434964104082
2016,2,1,2,8479339,Patrik Laine,RW,WPG,52,FIN,Patrik Laine,L,537,224.0,198.0,422,False,WPG,"(1, 2]",809.7681901837298,526.6079284397246,-272.76819018372976,-104.60792843972456
2016,3,1,3,8479400,Pierre-Luc Dubois,LW,CBJ,29,CAN,Pierre-Luc Dubois,C,627,170.0,257.0,427,False,CBJ,"(2, 3]",776.3813047565832,491.9790049263708,-149.38130475658318,-64.9790049263708
2016,4,1,4,8479344,Jesse Puljujarvi,RW,EDM,22,SWE,Jesse Puljujarvi,R,387,58.0,70.0,128,False,EDM,"(3, 4]",744.5274213101472,459.82791681727923,-357.52742131014725,-331.82791681727923
2016,5,1,5,8479355,Olli Juolevi,D,VAN,23,FIN,Olli Juolevi,D,41,2.0,1.0,3,False,VAN,"(4, 5]",714.1361500778175,429.977365263173,-673.1361500778175,-426.977365263173
2016,6,1,6,8479314,Matthew Tkachuk,LW,CGY,20,USA,Matthew Tkachuk,L,673,253.0,417.0,670,False,CGY,"(5, 6]",685.1403333300681,402.26273784338173,-12.140333330068074,267.73726215661827
2016,7,1,7,8479343,Clayton Keller,C,ARI,53,USA,Clayton Keller,R,683,222.0,374.0,596,False,UTA,"(6, 8]",657.4758969712924,376.5312008020775,25.5241030287076,219.46879919792252
2016,8,1,8,8479423,Alex Nylander,LW,BUF,7,CAN,Alex Nylander,L,126,25.0,24.0,49,False,BUF,"(6, 8]",631.0817089507688,352.6408562385712,-505.08170895076876,-303.6408562385712
2016,9,1,9,8479410,Mikhail Sergachev,D,MTL,8,RUS,Mikhail Sergachev,D,630,73.0,296.0,369,False,MTL,"(8, 10]",605.8994441748678,330.45995960395163,24.100555825132233,38.54004039604837
2016,10,1,10,8479370,Tyson Jost,C,COL,21,CAN,Tyson Jost,C,564,69.0,96.0,165,False,COL,"(8, 10]",581.8734556219907,309.8661931889113,-17.87345562199073,-144.86619318891132
2016,11,1,11,8479366,Logan Brown,C,OTT,9,USA,Logan Brown,C,99,7.0,19.0,26,False,OTT,"(10, 12]",558.9506513754325,290.7459915963702,-459.95065137543247,-264.7459915963702
2016,12,1,12,8479415,Michael McLeod,C,NJD,1,CAN,Michael McLeod,C,287,29.0,56.0,85,False,NJD,"(10, 12]",537.0803773024388,272.99391547918094,-250.08037730243882,-187.99391547918094
2016,13,1,13,8479402,Jake Bean,D,CAR,12,CAN,Jake Bean,D,277,16.0,49.0,65,False,CAR,"(12, 15]",516.2143051202067,256.5120700893594,-239.21430512020675,-191.51207008935938
2016,14,1,14,8479325,Charlie McAvoy,D,BOS,6,USA,Charlie McAvoy,D,573,71.0,290.0,361,False,BOS,"(12, 15]",496.30632560147916,241.20956543240027,76.69367439852084,119.79043456759973
2016,15,1,15,8479316,Luke Kunin,C,MIN,30,USA,Luke Kunin,C,496,77.0,75.0,152,False,MIN,"(12, 15]",477.3124466837421,227.00201504967026,18.68755331625789,-75.00201504967026
2016,16,1,16,8479345,Jakob Chychrun,D,ARI,53,USA,Jakob Chychrun,D,621,122.0,201.0,323,False,UTA,"(15, 20]",459.19069625687024,213.81107066488858,161.80930374312976,109.18892933511142
2016,17,1,17,8479371,Dante Fabbro,D,NSH,18,CAN,Dante Fabbro,D,451,30.0,79.0,109,False,NSH,"(15, 20]",441.90102941440335,201.5639901284781,9.098970585596646,-92.56399012847811
2016,18,1,18,8479378,Logan Stanley,D,WPG,52,CAN,Logan Stanley,D,278,14.0,48.0,62,False,WPG,"(15, 20]",425.4052399634998,190.1932362771945,-147.4052399634998,-128.1932362771945
2016,19,1,19,8479356,Kieffer Bellows,LW,NYI,2,USA,Kieffer Bellows,L,114,16.0,16.0,32,False,NYI,"(15, 20]",409.6668759980253,179.63610449692322,-295.6668759980253,-147.63610449692322
2016,20,1,20,8479395,Dennis Cholowski,D,DET,17,CAN,Dennis Cholowski,D,173,13.0,29.0,42,False,DET,"(15, 20]",394.651159348212,169.83437693482028,-221.651159348212,-127.83437693482028
2016,21,1,21,8479328,Julien Gauthier,RW,CAR,12,CAN,Julien Gauthier,R,181,19.0,22.0,41,False,CAR,"(20, 25]",380.324908728891,160.7340014539319,-199.324908728891,-119.73400145393191
2016,22,1,22,8479424,German Rubtsov,C,PHI,4,RUS,German Rubtsov,C,4,0.0,0.0,0,False,PHI,"(20, 25]",366.6564664164723,152.28479355987108,-362.6564664164723,-152.28479355987108
2016,23,1,23,8479404,Henrik Borgstrom,C,FLA,13,FIN,Henrik Borgstrom,C,111,13.0,13.0,26,False,FLA,"(20, 25]",353.6156282926471,144.44015965581036,-242.6156282926471,-118.44015965581036
2016,24,1,24,8479368,Max Jones,LW,ANA,24,USA,Max Jones,L,305,35.0,34.0,69,False,ANA,"(20, 25]",341.17357710022264,137.15684009966634,-36.173577100222644,-68.15684009966634
2016,25,1,25,8479362,Riley Tufte,LW,DAL,25,USA,Riley Tufte,L,28,3.0,1.0,4,False,DAL,"(20, 25]",329.30281876360266,130.3946706465514,-301.30281876360266,-126.39467064655139
2016,26,1,26,8479420,Tage Thompson,C,STL,19,USA,Tage Thompson,C,529,216.0,190.0,406,False,STL,"(25, 31]",317.97712163319443,124.11636096095384,211.02287836680557,281.88363903904616
2016,27,1,27,8479353,Brett Howden,C,TBL,14,CAN,Brett Howden,C,489,74.0,89.0,163,False,TBL,"(25, 31]",307.17145851948806,118.28728897724142,181.82854148051194,44.71271102275858
2016,28,1,28,8479321,Lucas Johansen,D,WSH,15,CAN,Lucas Johansen,D,9,0.0,2.0,2,False,WSH,"(25, 31]",296.86195138871545,112.87530997447791,-287.86195138871545,-110.87530997447791
2016,29,1,29,8479365,Trent Frederic,C,BOS,6,USA,Trent Frederic,C,412,59.0,57.0,116,False,BOS,"(25, 31]",287.0258185978798,107.85057931268578,124.97418140212022,8.149420687314219
2016,30,1,30,8479351,Sam Steel,C,ANA,24,CAN,Sam Steel,C,491,61.0,114.0,175,False,ANA,"(25, 31]",277.6413245525565,103.18538785302533,213.3586754474435,71.81461214697467
2016,31,2,1,8479510,Egor Korshkov,RW,TOR,10,RUS,Egor Korshkov,R,1,1.0,0.0,1,False,TOR,"(25, 31]",268.6877316762219,98.85400915430591,-267.6877316762219,-97.85400915430591
2016,32,2,2,8479347,Tyler Benson,LW,EDM,22,CAN,Tyler Benson,L,38,1.0,2.0,3,False,EDM,"(31, 40]",260.14525458497144,94.83255760318657,-222.14525458497144,-91.83255760318657
2016,33,2,3,8479335,Rasmus Asplund,C,BUF,7,SWE,Rasmus Asplund,C,189,18.0,31.0,49,False,BUF,"(31, 40]",251.99501636636575,91.09885669571764,-62.995016366365746,-42.09885669571764
2016,34,2,4,8479369,Andrew Peeke,D,CBJ,29,USA,Andrew Peeke,D,386,16.0,59.0,75,False,CBJ,"(31, 40]",244.21900686578914,87.63231674385521,141.78099313421086,-12.632316743855213
2016,35,2,5,8479385,Jordan Kyrou,C,STL,19,CAN,Jordan Kyrou,R,488,168.0,210.0,378,False,STL,"(31, 40]",236.80004288814456,84.41382133255445,251.19995711185544,293.58617866744555
2016,36,2,6,8479397,Pascal Laberge,C,PHI,4,CAN,Pascal Laberge,C,0,0.0,0.0,0,False,PHI,"(31, 40]",229.72173022693886,81.42562190130346,-229.72173022693886,-81.42562190130346
2016,37,2,7,8479333,Libor Hajek,D,TBL,14,CZE,Libor Hajek,D,110,4.0,8.0,12,False,TBL,"(31, 40]",222.96842743685136,78.65123986876237,-112.96842743685136,-66.65123986876237
2016,38,2,8,8479374,Adam Mascherin,LW,FLA,13,CAN,Adam Mascherin,L,0,0.0,0.0,0,False,FLA,"(31, 40]",216.5252112697325,76.07537576076862,-216.5252112697325,-76.07537576076862
2016,39,2,9,8479337,Alex DeBrincat,RW,CHI,16,USA,Alex DeBrincat,R,696,294.0,301.0,595,False,CHI,"(31, 40]",210.3778436976523,73.68382484059008,485.62215630234766,521.3161751594099
2016,40,2,10,8479386,Cam Morrison,LW,COL,21,CAN,Cam Morrison,L,0,0.0,0.0,0,False,COL,"(31, 40]",204.51274045012914,71.46339877616482,-204.51274045012914,-71.46339877616482
2016,41,2,11,8479414,Nathan Bastian,RW,NJD,1,CAN,Nathan Bastian,R,312,39.0,36.0,75,False,NJD,"(40, 50]",198.91694099601142,69.40185291235734,113.08305900398858,5.5981470876426584
2016,42,2,12,8479373,Jonathan Dahlen,C,OTT,9,SWE,Jonathan Dahlen,C,61,12.0,10.0,22,False,OTT,"(40, 50]",193.57807990368076,67.48781874717034,-132.57807990368076,-45.48781874717034
2016,43,2,13,8479511,Janne Kuokkanen,C/LW,CAR,12,FIN,Janne Kuokkanen,C,119,14.0,28.0,42,False,CAR,"(40, 50]",188.48435951628767,65.71074123954845,-69.48435951628767,-23.710741239548454
2016,44,2,14,8479383,Boris Katchouk,LW,TBL,14,CAN,Boris Katchouk,L,179,15.0,21.0,36,False,TBL,"(40, 50]",183.62452388163973,64.06082060305499,-4.624523881639732,-28.060820603054992
2016,45,2,15,8479342,Chad Krys,D,CHI,16,USA,Chad Krys,D,0,0.0,0.0,0,False,CHI,"(40, 50]",178.98783387913235,62.528958264439325,-178.98783387913235,-62.528958264439325
2016,46,2,16,8479379,Givani Smith,RW,DET,17,CAN,Givani Smith,R,168,9.0,13.0,22,False,DET,"(40, 50]",174.56404348875844,61.106706689080966,-6.564043488758443,-39.106706689080966
2016,47,2,17,8479398,Samuel Girard,D,NSH,18,CAN,Samuel Girard,D,608,37.0,205.0,242,False,NSH,"(40, 50]",170.34337714975766,59.786222796620166,437.65662285024234,182.21377720337983
2016,48,2,18,8479394,Carter Hart,G,PHI,4,CAN,Carter Hart,G,245,0.0,2.0,0,True,PHI,"(40, 50]",166.31650815887204,58.560224709882874,78.68349184112796,
2016,49,2,19,8479324,Ryan Lindgren,D,BOS,6,USA,Ryan Lindgren,D,481,16.0,95.0,111,False,BOS,"(40, 50]",162.474538060474,57.42195159859,318.525461939526,53.57804840141
2016,50,2,20,8479426,Artur Kayumov,LW/RW,CHI,16,RUS,Artur Kayumov,L,0,0.0,0.0,0,False,CHI,"(40, 50]",158.8089769830231,56.365126396406794,-158.8089769830231,-56.365126396406794
2016,51,2,21,8479348,Kale Clague,D,LAK,26,CAN,Kale Clague,D,94,2.0,19.0,21,False,LAK,"(50, 65]",155.3117248783995,55.38392118573376,-61.3117248783995,-34.38392118573376
2016,52,2,22,8479322,Wade Allison,RW,PHI,4,CAN,Wade Allison,R,75,13.0,9.0,22,False,PHI,"(50, 65]",151.97505362265838,54.472925059351624,-76.97505362265838,-32.472925059351624
2016,53,2,23,8479425,Filip Hronek,D,DET,17,CZE,Filip Hronek,D,533,48.0,239.0,287,False,DET,"(50, 65]",148.79158993865056,53.627114281691775,384.20841006134947,233.37288571830823
2016,54,2,24,8479403,Tyler Parsons,G,CGY,20,USA,Tyler Parsons,G,0,0.0,0.0,0,True,CGY,"(50, 65]",145.7542991027736,52.8418245851849,-145.7542991027736,
2016,55,2,25,8479406,Filip Gustavsson,G,PIT,5,SWE,Filip Gustavsson,G,219,1.0,5.0,0,True,PIT,"(50, 65]",142.85646939984818,52.11272544891468,76.14353060015182,
2016,56,2,26,8479346,Dillon Dube,C,CGY,20,CAN,Dillon Dube,C,325,57.0,70.0,127,False,CGY,"(50, 65]",140.0916972917691,51.43579621773465,184.9083027082309,75.56420378226535
2016,57,2,27,8479336,Carl Grundstrom,RW,TOR,10,SWE,Carl Grundstrom,R,339,52.0,37.0,89,False,TOR,"(50, 65]",137.45387326715675,50.80730393015615,201.54612673284325,38.19269606984385
2016,58,2,28,8479390,Taylor Raddysh,RW,TBL,14,CAN,Taylor Raddysh,R,373,52.0,67.0,119,False,TBL,"(50, 65]",134.93716834074,50.22378273273779,238.06283165926,68.77621726726221
2016,59,2,29,8479399,Evan Fitzpatrick,G,STL,19,CAN,Evan Fitzpatrick,G,0,0.0,0.0,0,True,STL,"(50, 65]",132.53602117263767,49.68201476745624,-132.53602117263767,
2016,60,2,30,8479580,Dylan Gambrell,C,SJS,28,USA,Dylan Gambrell,C,233,17.0,23.0,40,False,SJS,"(50, 65]",130.2451257790745,49.179012426660584,102.7548742209255,-9.179012426660584
2016,61,2,31,8479512,Kasper Bjorkqvist,RW,PIT,5,FIN,Kasper Bjorkqvist,R,6,1.0,0.0,1,False,PIT,"(50, 65]",128.05941980737566,48.71200187775444,-122.05941980737566,-47.71200187775444
2016,62,3,1,8479361,Joseph Woll,G,TOR,10,USA,Joseph Woll,G,117,0.0,1.0,0,True,TOR,"(50, 65]",125.97407334933011,48.278407766751634,-8.974073349330112,
2016,63,3,2,8479338,Markus Niemelainen,D,EDM,22,FIN,Markus Niemelainen,D,43,0.0,1.0,1,False,EDM,"(50, 65]",123.98447826820251,47.875839016352614,-80.98447826820251,-46.875839016352614
2016,64,3,3,8479367,William Lockwood,RW,VAN,23,USA,William Lockwood,R,54,0.0,2.0,2,False,VAN,"(50, 65]",122.08623801580958,47.50207564022413,-68.08623801580958,-45.50207564022413
2016,65,3,4,8479411,Vitaly Abramov,RW,CBJ,29,RUS,Vitaly Abramov,L,5,1.0,0.0,1,False,CBJ,"(50, 65]",120.27515791715824,47.15505650076909,-115.27515791715824,-46.15505650076909
2016,66,3,5,8479323,Adam Fox,D,CGY,20,USA,Adam Fox,D,486,72.0,350.0,422,False,CGY,"(65, 80]",118.54723590117729,46.832867942875936,367.45276409882274,375.16713205712404
2016,67,3,6,8479350,Matt Filipe,LW,CAR,12,USA,Matt Filipe,L,0,0.0,0.0,0,False,CAR,"(65, 80]",116.89865365705954,46.53373324096787,-116.89865365705954,-46.53373324096787
2016,68,3,7,8479341,Cam Dineen,D,ARI,53,USA,Cam Dineen,D,38,0.0,7.0,7,False,UTA,"(65, 80]",115.32576819667179,46.25600280115723,-77.32576819667179,-39.25600280115723
2016,69,3,8,8479389,Cliff Pu,RW,BUF,7,CAN,Cliff Pu,R,0,0.0,0.0,0,False,BUF,"(65, 80]",113.82510380438777,45.99814506447404,-113.82510380438777,-45.99814506447404
2016,70,3,9,8479375,William Bitten,C,MTL,8,CAN,William Bitten,C,4,0.0,1.0,1,False,MTL,"(65, 80]",112.39334435655485,45.75873806100437,-108.39334435655485,-44.75873806100437
2016,71,3,10,8479340,Josh Anderson,D,COL,21,CAN,Josh Anderson,D,0,0.0,0.0,0,False,COL,"(65, 80]",111.02732599362243,45.53646156836322,-111.02732599362243,-45.53646156836322
2016,72,3,11,8479363,James Greenway,D,TOR,10,USA,James Greenway,D,0,0.0,0.0,0,False,TOR,"(65, 80]",109.72403012873889,45.33008983125943,-109.72403012873889,-45.33008983125943
2016,73,3,12,8479315,Joey Anderson,RW,NJD,1,USA,Joey Anderson,R,169,19.0,21.0,40,False,NJD,"(65, 80]",108.48057677736796,45.13848480200428,60.51942322263204,-5.138484802004278
2016,74,3,13,8479513,Hudson Elynuik,C,CAR,12,CAN,Hudson Elynuik,C,0,0.0,0.0,0,False,CAR,"(65, 80]",107.29421819318438,44.960589864688316,-107.29421819318438,-44.960589864688316
2016,75,3,14,8479581,Jack LaFontaine,G,CAR,12,CAN,Jack LaFontaine,G,2,0.0,0.0,0,True,CAR,"(65, 80]",106.16233279618547,44.795424008417875,-104.16233279618547,
2016,76,3,15,8479514,Rem Pitlick,C,NSH,18,CAN,Rem Pitlick,C,132,21.0,33.0,54,False,NSH,"(65, 80]",105.08241937960153,44.64207641747942,26.917580620398468,9.357923582520577
2016,77,3,16,8479515,Connor Hall,D,PIT,5,CAN,Connor Hall,D,0,0.0,0.0,0,False,PIT,"(65, 80]",104.05209158280329,44.49970144859892,-104.05209158280329,-44.49970144859892
2016,78,3,17,8479329,Frederic Allard,D,NSH,18,CAN,Frederic Allard,D,4,0.0,0.0,0,False,NSH,"(65, 80]",103.06907261799299,44.36751396759794,-99.06907261799299,-44.36751396759794
2016,79,3,18,8479396,Luke Green,D,WPG,52,CAN,Luke Green,D,0,0.0,0.0,0,False,WPG,"(65, 80]",102.13119023902618,44.24478501973033,-102.13119023902618,-44.24478501973033
2016,80,3,19,8479330,Brandon Gignac,C,NJD,1,CAN,Brandon Gignac,C,8,1.0,0.0,1,False,NJD,"(65, 80]",101.23637194124682,44.13083780982339,-93.23637194124682,-43.13083780982339
2016,81,3,20,8479413,Sean Day,D,NYR,3,BEL,Sean Day,D,2,0.0,0.0,0,False,NYR,"(80, 100]",100.38264038172775,44.02504397005559,-98.38264038172775,-44.02504397005559
2016,82,3,21,8479358,Carsen Twarynski,LW,PHI,4,CAN,Carsen Twarynski,L,22,1.0,0.0,1,False,PHI,"(80, 100]",99.56810900979711,43.92682009478953,-77.56810900979711,-42.92682009478953
2016,83,3,22,8479582,Wouter Peeters,G,CHI,16,BEL,Wouter Peeters,G,0,0.0,0.0,0,True,CHI,"(80, 100]",98.79097789819461,43.835624523351164,-98.79097789819461,
2016,84,3,23,8479417,Matthew Cairns,D,EDM,22,CAN,Matthew Cairns,D,0,0.0,0.0,0,False,EDM,"(80, 100]",98.0495297656456,43.750954353013846,-98.0495297656456,-43.750954353013846
2016,85,3,24,8479372,Joshua Mahura,D,ANA,24,CAN,Joshua Mahura,D,278,11.0,46.0,57,False,ANA,"(80, 100]",97.34212618206395,43.672342665715014,180.65787381793604,13.327657334284986
2016,86,3,25,8479578,Casey Fitzgerald,D,BUF,7,USA,Casey Fitzgerald,D,63,0.0,9.0,9,False,BUF,"(80, 100]",96.66720394799776,43.59935595321225,-33.66720394799776,-34.59935595321225
2016,87,3,26,8479516,Garrett Pilon,C,WSH,15,CAN,Garrett Pilon,C,3,1.0,0.0,1,False,WSH,"(80, 100]",96.02327164031772,43.53159172647953,-93.02327164031772,-42.53159172647953
2016,88,3,27,8478971,Connor Ingram,G,TBL,14,CAN,Connor Ingram,G,134,0.0,7.0,0,True,TBL,"(80, 100]",95.40890631651433,43.468676296160474,38.59109368348567,
2016,89,3,28,8479517,Linus Nassen,D,FLA,13,SWE,Linus Nassen,D,0,0.0,0.0,0,False,FLA,"(80, 100]",94.822750370322,43.410262711838996,-94.822750370322,-43.410262711838996
2016,90,3,29,8479518,Fredrik Karlstrom,C,DAL,25,SWE,Fredrik Karlstrom,C,8,0.0,1.0,1,False,DAL,"(80, 100]",94.26350853172075,43.35602884876314,-86.26350853172075,-42.35602884876314
2016,91,3,30,8479519,Filip Berglund,D,EDM,22,SWE,Filip Berglund,D,0,0.0,0.0,0,False,EDM,"(80, 100]",93.72994500468717,43.30567563147135,-93.72994500468717,-43.30567563147135
2016,92,4,1,8478996,Adam Brooks,C,TOR,10,CAN,Adam Brooks,C,43,6.0,5.0,11,False,TOR,"(80, 100]",93.22088073636887,43.25892538452533,-50.22088073636887,-32.25892538452533
2016,93,4,2,8479391,Jack Kopacka,LW,ANA,24,USA,Jack Kopacka,L,0,0.0,0.0,0,False,ANA,"(80, 100]",92.73519081164858,43.21552030125429,-92.73519081164858,-43.21552030125429
2016,94,4,3,8479377,Jonathan Ang,C,FLA,13,CAN,Jonathan Ang,C,0,0.0,0.0,0,False,FLA,"(80, 100]",92.27180196733998,43.17522102206672,-92.27180196733998,-43.17522102206672
2016,95,4,4,8479583,Anatolii Golyshev,LW,NYI,2,RUS,Anatolii Golyshev,L,0,0.0,0.0,0,False,NYI,"(80, 100]",91.8296902205227,43.13780531448942,-91.8296902205227,-43.13780531448942
2016,96,4,5,8479412,Linus Lindstrom,C,CGY,20,SWE,Linus Lindstrom,C,0,0.0,0.0,0,False,CGY,"(80, 100]",91.4078786057751,43.10306684765496,-91.4078786057751,-43.10306684765496
2016,97,4,6,8479422,Jacob Cederholm,D,WPG,52,SWE,Jacob Cederholm,D,0,0.0,0.0,0,False,WPG,"(80, 100]",91.00543501630513,43.070814054479364,-91.00543501630513,-43.070814054479364
2016,98,4,7,8479462,Tarmo Reunanen,D,NYR,3,FIN,Tarmo Reunanen,D,4,0.0,1.0,1,False,NYR,"(80, 100]",90.62147014420842,43.040869075255486,-86.62147014420842,-42.040869075255486
2016,99,4,8,8479419,Brett Murray,LW,BUF,7,CAN,Brett Murray,L,26,2.0,4.0,6,False,BUF,"(80, 100]",90.25513551530203,43.01306677683635,-64.25513551530203,-37.01306677683635
2016,100,4,9,8479376,Victor Mete,D,MTL,8,CAN,Victor Mete,D,248,5.0,40.0,45,False,MTL,"(80, 100]",89.90562161419135,42.987253841999824,158.09437838580865,2.0127461580001764
2016,101,4,10,8479387,Keaton Middleton,D,TOR,10,CAN,Keaton Middleton,D,47,0.0,3.0,3,False,TOR,"(100, 125]",89.572156095427,42.96328792397285,-42.572156095427005,-39.96328792397285
2016,102,4,11,8479573,Mikhail Maltsev,LW,NJD,1,RUS,Mikhail Maltsev,L,56,6.0,3.0,9,False,NJD,"(100, 125]",89.25400207679884,42.94103686145272,-33.25400207679884,-33.94103686145272
2016,103,4,12,8479586,Todd Burgess,RW,OTT,9,USA,Todd Burgess,C,0,0.0,0.0,0,False,OTT,"(100, 125]",88.95045651099544,42.9203779497967,-88.95045651099544,-42.9203779497967
2016,104,4,13,8479326,Max Zimmer,LW,CAR,12,USA,Max Zimmer,L,0,0.0,0.0,0,False,CAR,"(100, 125]",88.66084863203102,42.90119726436088,-88.66084863203102,-42.90119726436088
2016,105,4,14,8479331,Evan Cormier,G,NJD,1,CAN,Evan Cormier,G,0,0.0,0.0,0,True,NJD,"(100, 125]",88.38453847300667,42.88338903225681,-88.38453847300667,
2016,106,4,15,8479520,Brandon Duhaime,RW,MIN,30,USA,Brandon Duhaime,R,375,33.0,37.0,70,False,MIN,"(100, 125]",88.12091545193053,42.8668550490614,286.8790845480695,27.1331449509386
2016,107,4,16,8479521,Alfons Malmstrom,D,DET,17,SWE,Alfons Malmstrom,D,0,0.0,0.0,0,False,DET,"(100, 125]",87.86939702247173,42.85150413726349,-87.86939702247173,-42.85150413726349
2016,108,4,17,8479522,Hardy Haman Aktell,D,NSH,18,SWE,Hardy Haman Aktell,D,6,0.0,1.0,1,False,NSH,"(100, 125]",87.62942738666686,42.83725164346075,-81.62942738666686,-41.83725164346075
2016,109,4,18,8479382,Connor Bunnaman,C,PHI,4,CAN,Connor Bunnaman,C,54,1.0,2.0,3,False,PHI,"(100, 125]",87.4004762667341,42.82401897153408,-33.4004762667341,-39.82401897153408
2016,110,4,19,8479523,Lucas Carlsson,D,CHI,16,SWE,Lucas Carlsson,D,73,4.0,11.0,15,False,CHI,"(100, 125]",87.1820377332811,42.8117331492252,-14.182037733281106,-27.811733149225198
2016,111,4,20,8479393,Noah Gregor,C,SJS,28,CAN,Noah Gregor,L,330,40.0,39.0,79,False,SJS,"(100, 125]",86.97362908731724,42.80032642572733,243.02637091268275,36.19967357427267
2016,112,4,21,8479421,Jacob Moverare,D,LAK,26,SWE,Jacob Moverare,D,109,2.0,9.0,11,False,LAK,"(100, 125]",86.7747897935997,42.78973589806988,22.225210206400305,-31.78973589806988
2016,113,4,22,8478412,Nathan Noel,C,CHI,16,CAN,Nathan Noel,C,0,0.0,0.0,0,False,CHI,"(100, 125]",86.58508046295634,42.77990316423669,-86.58508046295634,-42.77990316423669
2016,114,4,23,8479388,Riley Stillman,D,FLA,13,CAN,Riley Stillman,D,167,4.0,22.0,26,False,FLA,"(100, 125]",86.4040818813366,42.770774001105124,80.5959181186634,-16.770774001105124
2016,115,4,24,8479524,Alex Dostie,C,ANA,24,CAN,Alex Dostie,C,0,0.0,0.0,0,False,ANA,"(100, 125]",86.23139408344461,42.76229806542979,-86.23139408344461,-42.76229806542979
2016,116,4,25,8479587,Rhett Gardner,C/LW,DAL,25,CAN,Rhett Gardner,C,41,1.0,1.0,2,False,DAL,"(100, 125]",86.06663546890789,42.754428616222114,-45.06663546890789,-40.754428616222114
2016,117,4,26,8479584,Damien Riat,LW,WSH,15,CHE,Damien Riat,L,0,0.0,0.0,0,False,WSH,"(100, 125]",85.90944195902806,42.747122256994736,-85.90944195902806,-42.747122256994736
2016,118,4,27,8479525,Ross Colton,C,TBL,14,USA,Ross Colton,C,404,89.0,87.0,176,False,TBL,"(100, 125]",85.75946619225057,42.7403386964493,318.24053380774944,133.2596613035507
2016,119,4,28,8479349,Tanner Kaspick,C,STL,19,CAN,Tanner Kaspick,C,0,0.0,0.0,0,False,STL,"(100, 125]",85.61637675657546,42.734040526288005,-85.61637675657546,-42.734040526288005
2016,120,4,29,8479526,Otto Koivula,LW,NYI,2,FIN,Otto Koivula,L,28,0.0,4.0,4,False,NYI,"(100, 125]",85.47985745721293,42.72819301492359,-57.47985745721293,-38.72819301492359
2016,121,4,30,8479527,Ryan Jones,D,PIT,5,USA,Ryan Jones,D,0,0.0,0.0,0,False,PIT,"(100, 125]",85.34960661786548,42.72276391595019,-85.34960661786548,-42.72276391595019
2016,122,5,1,8479528,Vladimir Bobylev,RW,TOR,10,RUS,Vladimir Bobylev,L,0,0.0,0.0,0,False,TOR,"(100, 125]",85.22533641409257,42.71772329031886,-85.22533641409257,-42.71772329031886
2016,123,5,2,8479380,Dylan Wells,G,EDM,22,CAN,Dylan Wells,G,1,0.0,0.0,0,True,EDM,"(100, 125]",85.10677223728473,42.713043341237125,-84.10677223728473,
2016,124,5,3,8479585,Casey Staum,D,MTL,8,USA,Casey Staum,D,0,0.0,0.0,0,False,MTL,"(100, 125]",84.9936520878416,42.708698260882116,-84.9936520878416,-42.708698260882116
2016,125,5,4,8479588,Nolan Stevens,C,STL,19,CAN,Nolan Stevens,C,0,0.0,0.0,0,False,STL,"(100, 125]",84.88572599621297,42.70466408808199,-84.88572599621297,-42.70466408808199
2016,126,5,5,8479360,Mitchell Mattson,C,CGY,20,USA,Mitchell Mattson,C,0,0.0,0.0,0,False,CGY,"(125, 150]",84.78275547052348,42.700918576180825,-84.78275547052348,-42.700918576180825
2016,127,5,6,8479319,Jordy Stallard,C,WPG,52,CAN,Jordy Stallard,C,0,0.0,0.0,0,False,WPG,"(125, 150]",84.6845129695604,42.697441070358224,-84.6845129695604,-42.697441070358224
2016,128,5,7,8479589,Colton Point,G,DAL,25,CAN,Colton Point,G,0,0.0,0.0,0,True,DAL,"(125, 150]",84.59078139995972,42.69421239372728,-84.59078139995972,
2016,129,5,8,8479529,Philip Nyberg,D,BUF,7,SWE,Philip Nyberg,D,0,0.0,0.0,0,False,BUF,"(125, 150]",84.50135363647975,42.69121474158261,-84.50135363647975,-42.69121474158261
2016,130,5,9,8479332,Vojtech Budik,D,BUF,7,CZE,Vojtech Budik,D,0,0.0,0.0,0,False,BUF,"(125, 150]",84.41603206430189,42.688431583215404,-84.41603206430189,-42.688431583215404
2016,131,5,10,8479530,Adam Werner,G,COL,21,SWE,Adam Werner,G,2,0.0,0.0,0,True,COL,"(125, 150]",84.33462814234724,42.68584757075394,-82.33462814234724,
2016,132,5,11,8479531,Yegor Rykov,D,NJD,1,RUS,Yegor Rykov,D,0,0.0,0.0,0,False,NJD,"(125, 150]",84.25696198664414,42.68344845452697,-84.25696198664414,-42.68344845452697
2016,133,5,12,8479320,Maxime Lajoie,D,OTT,9,CAN,Maxime Lajoie,D,77,7.0,9.0,16,False,OTT,"(125, 150]",84.1828619728259,42.68122100448314,-7.182861972825904,-26.68122100448314
2016,134,5,13,8479532,Jeremy Helvig,G,CAR,12,CAN,Jeremy Helvig,G,0,0.0,0.0,0,True,CAR,"(125, 150]",84.1121643568804,42.67915293723323,-84.1121643568804,
2016,135,5,14,8479533,Joona Koppanen,LW,BOS,6,FIN,Joona Koppanen,L,33,1.0,2.0,3,False,BOS,"(125, 150]",84.04471291331333,42.67723284831272,-51.04471291331333,-39.67723284831272
2016,136,5,15,8479590,Cam Clarke,D,BOS,6,USA,Cam Clarke,D,0,0.0,0.0,0,False,BOS,"(125, 150]",83.98035858992586,42.67545014929128,-83.98035858992586,-42.67545014929128
2016,137,5,16,8479392,Jordan Sambrook,D,DET,17,CAN,Jordan Sambrook,D,0,0.0,0.0,0,False,DET,"(125, 150]",83.91895917844342,42.673795009382346,-83.91895917844342,-42.673795009382346
2016,138,5,17,8479575,Patrick Harper,C,NSH,18,USA,Patrick Harper,C,0,0.0,0.0,0,False,NSH,"(125, 150]",83.86037900026808,42.67225830123072,-83.86037900026808,-42.67225830123072
2016,139,5,18,8479534,Linus Hogberg,D,PHI,4,SWE,Linus Hogberg,D,5,0.0,2.0,2,False,PHI,"(125, 150]",83.80448860666007,42.670831550579294,-78.80448860666007,-40.670831550579294
2016,140,5,19,8479461,Cole Candella,D,VAN,23,CAN,Cole Candella,D,0,0.0,0.0,0,False,VAN,"(125, 150]",83.75116449268575,42.66950688953732,-83.75116449268575,-42.66950688953732
2016,141,5,20,8479364,Tim Gettinger,LW,NYR,3,USA,Tim Gettinger,L,16,0.0,1.0,1,False,NYR,"(125, 150]",83.70028882430006,42.66827701319251,-67.70028882430006,-41.66827701319251
2016,142,5,21,8479591,Michael Eyssimont,C,LAK,26,USA,Michael Eyssimont,C,269,33.0,41.0,74,False,LAK,"(125, 150]",83.65174917796037,42.66713513932773,185.34825082203963,31.332864860672267
2016,143,5,22,8479535,Mathias From,LW/RW,CHI,16,DNK,Mathias From,L,0,0.0,0.0,0,False,CHI,"(125, 150]",83.60543829219628,42.666074971020116,-83.60543829219628,-42.666074971020116
2016,144,5,23,8477954,Conner Bleackley,C,STL,19,CAN,Conner Bleackley,C,0,0.0,0.0,0,False,STL,"(125, 150]",83.56125383058635,42.665090661916324,-83.56125383058635,-42.665090661916324
2016,145,5,24,8479359,Beck Malenstyn,LW,WSH,15,CAN,Beck Malenstyn,L,262,19.0,29.0,48,False,WSH,"(125, 150]",83.5190981556182,42.66417678399255,178.4809018443818,5.335823216007448
2016,146,5,25,8479381,Nick Caamano,RW,DAL,25,CAN,Nick Caamano,R,36,1.0,2.0,3,False,DAL,"(125, 150]",83.47887811293191,42.663328297621426,-47.47887811293191,-39.663328297621426
2016,147,5,26,8479536,Axel Jonsson-Fjallby,LW,WSH,15,SWE,Axel Jonsson-Fjallby,L,99,10.0,13.0,23,False,WSH,"(125, 150]",83.44050482547043,42.66254052378066,15.559495174529573,-19.662540523780663
2016,148,5,27,8479537,Christopher Paquette,C,TBL,14,CAN,Christopher Paquette,C,0,0.0,0.0,0,False,TBL,"(125, 150]",83.40389349708157,42.66180911825041,-83.40389349708157,-42.66180911825041
2016,149,5,28,8479352,Graham McPhee,LW,EDM,22,USA,Graham McPhee,L,0,0.0,0.0,0,False,EDM,"(125, 150]",83.36896322513803,42.66113004765679,-83.36896322513803,-42.66113004765679
2016,150,5,29,8479538,Manuel Wiederer,C,SJS,28,DEU,Manuel Wiederer,R,0,0.0,0.0,0,False,SJS,"(125, 150]",83.33563682176118,42.66049956722966,-83.33563682176118,-42.66049956722966
2016,151,5,30,8479539,Niclas Almari,D,PIT,5,FIN,Niclas Almari,D,0,0.0,0.0,0,False,PIT,"(150, 180]",83.30384064325355,42.65991420015188,-83.30384064325355,-42.65991420015188
2016,152,6,1,8478978,Jonathan Walker,D,TOR,10,USA,Jonathan Walker,L,0,0.0,0.0,0,False,TOR,"(150, 180]",83.27350442736322,42.65937071838622,-83.27350442736322,-42.65937071838622
2016,153,6,2,8479540,Aapeli Rasanen,C,EDM,22,FIN,Aapeli Rasanen,C,0,0.0,0.0,0,False,EDM,"(150, 180]",83.2445611380203,42.658866124874194,-83.2445611380203,-42.658866124874194
2016,154,6,3,8479541,Jakob Stukel,LW,VAN,23,CAN,Jakob Stukel,L,0,0.0,0.0,0,False,VAN,"(150, 180]",83.2169468172027,42.6583976370086,-83.2169468172027,-42.6583976370086
2016,155,6,4,8479592,Peter Thome,G,CBJ,29,USA,Peter Thome,G,0,0.0,0.0,0,True,CBJ,"(150, 180]",83.19060044360353,42.657962671288715,-83.19060044360353,
2016,156,6,5,8479408,Eetu Tuulola,RW,CGY,20,FIN,Eetu Tuulola,R,0,0.0,0.0,0,False,CGY,"(150, 180]",83.16546379778804,42.65755882907344,-83.16546379778804,-42.65755882907344
2016,157,6,6,8479574,Mikhail Berdin,G,WPG,52,RUS,Mikhail Berdin,G,0,0.0,0.0,0,True,WPG,"(150, 180]",83.14148133354207,42.657183883353845,-83.14148133354207,
2016,158,6,7,8479593,Patrick Kudla,D,ARI,53,CAN,Patrick Kudla,D,0,0.0,0.0,0,False,UTA,"(150, 180]",83.11860005512764,42.656835766472234,-83.11860005512764,-42.656835766472234
2016,159,6,8,8479542,Brandon Hagel,LW,BUF,7,CAN,Brandon Hagel,L,446,161.0,210.0,371,False,BUF,"(150, 180]",83.09676940017454,42.65651255871995,362.90323059982546,328.34348744128005
2016,160,6,9,8479543,Michael Pezzetta,C,MTL,8,CAN,Michael Pezzetta,L,209,15.0,23.0,38,False,MTL,"(150, 180]",83.07594112794911,42.65621247775101,125.92405887205089,-4.656212477751012
2016,161,6,10,8479594,Nathan Clurman,D,COL,21,USA,Nathan Clurman,D,1,0.0,0.0,0,False,COL,"(150, 180]",83.05606921275334,42.65593386875329,-82.05606921275334,-42.65593386875329
2016,162,6,11,8479407,Jesper Bratt,LW/RW,NJD,1,SWE,Jesper Bratt,L,634,172.0,346.0,518,False,NJD,"(150, 180]",83.03710974221858,42.65567519532296,550.9628902577814,475.34432480467706
2016,163,6,12,8479544,Markus Nurmi,RW,OTT,9,FIN,Markus Nurmi,R,0,0.0,0.0,0,False,OTT,"(150, 180]",83.01902082026932,42.655435030991924,-83.01902082026932,-42.655435030991924
2016,164,6,13,8479545,Noah Carroll,D,CAR,12,CAN,Noah Carroll,D,0,0.0,0.0,0,False,CAR,"(150, 180]",83.0017624745425,42.65521205136148,-83.0017624745425,-42.65521205136148
2016,165,6,14,8479546,Oskar Steen,C,BOS,6,SWE,Oskar Steen,C,60,4.0,4.0,8,False,BOS,"(150, 180]",82.98529656805775,42.65500502679885,-22.98529656805775,-34.65500502679885
2016,166,6,15,8479547,Matthew Phillips,C,CGY,20,CAN,Matthew Phillips,R,34,1.0,4.0,5,False,CGY,"(150, 180]",82.96958671494343,42.654812815656285,-48.96958671494343,-37.654812815656285
2016,167,6,16,8479548,Filip Larsson,G,DET,17,SWE,Filip Larsson,G,0,0.0,0.0,0,True,DET,"(150, 180]",82.95459820003221,42.65463435797545,-82.95459820003221,
2016,168,6,17,8479549,Konstantin Volkov,G,NSH,18,RUS,Konstantin Volkov,G,0,0.0,0.0,0,True,NSH,"(150, 180]",82.9402979021485,42.65446866964217,-82.9402979021485,
2016,169,6,18,8479550,Tanner Laczynski,C,PHI,4,USA,Tanner Laczynski,C,56,3.0,7.0,10,False,PHI,"(150, 180]",82.92665422091831,42.6543148369595,-26.92665422091831,-32.6543148369595
2016,170,6,19,8479551,Collin Adams,LW,NYI,2,USA,Collin Adams,L,0,0.0,0.0,0,False,NYI,"(150, 180]",82.91363700693962,42.65417201160911,-82.91363700693962,-42.65417201160911
2016,171,6,20,8479002,Gabriel Fontaine,C,NYR,3,CAN,Gabriel Fontaine,C,0,0.0,0.0,0,False,NYR,"(150, 180]",82.9012174951592,42.65403940597316,-82.9012174951592,-42.65403940597316
2016,172,6,21,8479552,Anthony Salinitri,C,PHI,4,CAN,Anthony Salinitri,C,0,0.0,0.0,0,False,PHI,"(150, 180]",82.88936824130836,42.653916288790974,-82.88936824130836,-42.653916288790974
2016,173,6,22,8479595,Blake Hillman,D,CHI,16,USA,Blake Hillman,D,4,1.0,0.0,1,False,CHI,"(150, 180]",82.87806306125748,42.653801981126435,-78.87806306125748,-41.653801981126435
2016,174,6,23,8479596,Tyler Wall,G,NYR,3,CAN,Tyler Wall,G,0,0.0,0.0,0,True,NYR,"(150, 180]",82.86727697315509,42.65369585262398,-82.86727697315509,
2016,175,6,24,8479553,Maxim Mamin,C/RW,FLA,13,RUS,Maxim Mamin,C,73,10.0,8.0,18,False,FLA,"(150, 180]",82.85698614222369,42.65359731803246,-9.85698614222369,-24.65359731803246
2016,176,6,25,8479554,Jakob Stenqvist,D,DAL,25,SWE,Jakob Stenqvist,D,0,0.0,0.0,0,False,DAL,"(150, 180]",82.8471678280904,42.65350583397773,-82.8471678280904,-42.65350583397773
2016,177,6,26,8479597,Chase Priskie,D,WSH,15,USA,Chase Priskie,D,4,0.0,0.0,0,False,WSH,"(150, 180]",82.83780033453596,42.65342089596622,-78.83780033453596,-42.65342089596622
2016,178,6,27,8479598,Oleg Sosunov,D,TBL,14,RUS,Oleg Sosunov,D,0,0.0,0.0,0,False,TBL,"(150, 180]",82.82886296155098,42.653342035602826,-82.82886296155098,-42.653342035602826
2016,179,6,28,8479555,Nicolas Mattinen,D,TOR,10,CAN,Nicolas Mattinen,D,0,0.0,0.0,0,False,TOR,"(150, 180]",82.82033595959383,42.65326881800799,-82.82033595959383,-42.65326881800799
2016,180,6,29,8479556,Mark Shoemaker,D,SJS,28,CAN,Mark Shoemaker,D,0,0.0,0.0,0,False,SJS,"(150, 180]",82.81220048594854,42.65320083941945,-82.81220048594854,-42.65320083941945
2016,181,6,30,8479579,Joseph Masonius,D,PIT,5,USA,Joseph Masonius,D,0,0.0,0.0,0,False,PIT,"(180, 211]",82.80443856308683,42.65313772496576,-82.80443856308683,-42.65313772496576
2016,182,7,1,8479599,Nikolai Chebykin,LW,TOR,10,RUS,Nikolai Chebykin,L,0,0.0,0.0,0,False,TOR,"(180, 211]",82.79703303894182,42.65307912659897,-82.79703303894182,-42.65307912659897
2016,183,7,2,8479576,Vincent Desharnais,D,EDM,22,CAN,Vincent Desharnais,D,218,2.0,24.0,26,False,EDM,"(180, 211]",82.78996754900598,42.653024721175335,135.21003245099402,-16.653024721175335
2016,184,7,3,8479022,Rodrigo Abols,C,VAN,23,LVA,Rodrigo Abols,C,64,5.0,10.0,15,False,VAN,"(180, 211]",82.78322648016925,42.652974208673314,-18.783226480169247,-27.652974208673314
2016,185,7,4,8479557,Calvin Thurkauf,C,CBJ,29,CHE,Calvin Thurkauf,C,3,0.0,0.0,0,False,CBJ,"(180, 211]",82.7767949362177,42.652927310539084,-79.7767949362177,-42.652927310539084
2016,186,7,5,8479558,Stepan Falkovsky,D,CGY,20,BLR,Stepan Falkovsky,D,0,0.0,0.0,0,False,CGY,"(180, 211]",82.77065870491634,42.65288376815045,-82.77065870491634,-42.65288376815045
2016,187,7,6,8479559,Arvid Henrikson,D,MTL,8,SWE,Arvid Henrikson,D,0,0.0,0.0,0,False,MTL,"(180, 211]",82.76480422660329,42.652843341390636,-82.76480422660329,-42.652843341390636
2016,188,7,7,8479600,Dean Stewart,D,ARI,53,CAN,Dean Stewart,D,0,0.0,0.0,0,False,UTA,"(180, 211]",82.75921856422605,42.65280580732417,-82.75921856422605,-42.65280580732417
2016,189,7,8,8479560,Austin Osmanski,D,BUF,7,USA,Austin Osmanski,D,0,0.0,0.0,0,False,BUF,"(180, 211]",82.7538893747536,42.652770958967494,-82.7538893747536,-42.652770958967494
2016,190,7,9,8479601,Vasily Glotov,C,BUF,7,RUS,Vasily Glotov,C,0,0.0,0.0,0,False,BUF,"(180, 211]",82.74880488190117,42.65273860414752,-82.74880488190117,-42.65273860414752
2016,191,7,10,8479561,Travis Barron,LW,COL,21,CAN,Travis Barron,L,0,0.0,0.0,0,False,COL,"(180, 211]",82.7439538501073,42.65270856444192,-82.7439538501073,-42.65270856444192
2016,192,7,11,8479602,Jeremy Davies,D,NJD,1,CAN,Jeremy Davies,D,23,0.0,3.0,3,False,NJD,"(180, 211]",82.73932555970585,42.65268067419517,-59.73932555970585,-39.65268067419517
2016,193,7,12,8479562,Nick Pastujov,LW,NYI,2,USA,Nick Pastujov,L,0,0.0,0.0,0,False,NYI,"(180, 211]",82.73490978323798,42.652654779605044,-82.73490978323798,-42.652654779605044
2016,194,7,13,8478479,Brett McKenzie,C,VAN,23,CAN,Brett McKenzie,C,0,0.0,0.0,0,False,VAN,"(180, 211]",82.73069676285189,42.65263073787449,-82.73069676285189,-42.65263073787449
2016,195,7,14,8479577,Ben Finkelstein,D,FLA,13,USA,Ben Finkelstein,D,0,0.0,0.0,0,False,FLA,"(180, 211]",82.72667718874011,42.65260841642412,-82.72667718874011,-42.65260841642412
2016,196,7,15,8479563,Dmitry Sokolov,RW,MIN,30,RUS,Dmitry Sokolov,R,0,0.0,0.0,0,False,MIN,"(180, 211]",82.72284217856702,42.652587692161156,-82.72284217856702,-42.652587692161156
2016,197,7,16,8479564,Mattias Elfstrom,LW,DET,17,SWE,Mattias Elfstrom,L,0,0.0,0.0,0,False,DET,"(180, 211]",82.71918325784091,42.652568450800544,-82.71918325784091,-42.652568450800544
2016,198,7,17,8479603,Adam Smith,D,NSH,18,CAN,Adam Smith,D,0,0.0,0.0,0,False,NSH,"(180, 211]",82.71569234118732,42.65255058623481,-82.71569234118732,-42.65255058623481
2016,199,7,18,8479565,David Bernhardt,D,PHI,4,SWE,David Bernhardt,D,0,0.0,0.0,0,False,PHI,"(180, 211]",82.71236171448218,42.65253399994888,-82.71236171448218,-42.65253399994888
2016,200,7,19,8479566,David Quenneville,D,NYI,2,CAN,David Quenneville,D,0,0.0,0.0,0,False,NYI,"(180, 211]",82.70918401780544,42.65251860047681,-82.70918401780544,-42.65251860047681
2016,201,7,20,8479317,Ty Ronning,RW,NYR,3,CAN,Ty Ronning,R,0,0.0,0.0,0,False,NYR,"(180, 211]",82.70615222917723,42.65250430289742,-82.70615222917723,-42.65250430289742
2016,202,7,21,8479567,Jacob Friend,D,LAK,26,CAN,Jacob Friend,D,0,0.0,0.0,0,False,LAK,"(180, 211]",82.703259649041,42.65249102836595,-82.703259649041,-42.65249102836595
2016,203,7,22,8479568,Jake Ryczek,D,CHI,16,USA,Jake Ryczek,D,0,0.0,0.0,0,False,CHI,"(180, 211]",82.70049988545898,42.652478703679314,-82.70049988545898,-42.652478703679314
2016,204,7,23,8479569,Braydyn Chizen,D,MIN,30,CAN,Braydyn Chizen,D,0,0.0,0.0,0,False,MIN,"(180, 211]",82.69786683998748,42.652467260872385,-82.69786683998748,-42.652467260872385
2016,205,7,24,8478516,Tyler Soy,C,ANA,24,CAN,Tyler Soy,C,0,0.0,0.0,0,False,ANA,"(180, 211]",82.69535469420074,42.652456636843205,-82.69535469420074,-42.652456636843205
2016,206,7,25,8479405,Otto Somppi,C,TBL,14,FIN,Otto Somppi,C,0,0.0,0.0,0,False,TBL,"(180, 211]",82.69295789683352,42.65244677300502,-82.69295789683352,-42.65244677300502
2016,207,7,26,8479604,Dmitriy Zaitsev,D,WSH,15,RUS,Dmitriy Zaitsev,D,0,0.0,0.0,0,False,WSH,"(180, 211]",82.69067115151412,42.65243761496317,-82.69067115151412,-42.65243761496317
2016,208,7,27,8479570,Ryan Lohin,C,TBL,14,USA,Ryan Lohin,C,0,0.0,0.0,0,False,TBL,"(180, 211]",82.68848940506057,42.65242911221517,-82.68848940506057,-42.65242911221517
2016,209,7,28,8479605,Nikolaj Krag Christensen,C/LW,STL,19,DNK,Nikolaj Krag Christensen,C,0,0.0,0.0,0,False,STL,"(180, 211]",82.68640783631426,42.65242121787215,-82.68640783631426,-42.65242121787215
2016,210,7,29,8479571,Joachim Blichfeld,LW/RW,SJS,28,DNK,Joachim Blichfeld,R,8,1.0,0.0,1,False,SJS,"(180, 211]",82.68442184548637,42.652413888400375,-74.68442184548637,-41.652413888400375
2016,211,7,30,8479572,Filip Helt,LW,STL,19,CZE,Filip Helt,L,0,0.0,0.0,0,False,STL,"(180, 211]",82.68252704399328,42.65240708338107,-82.68252704399328,-42.65240708338107
2017,1,1,1,8480002,Nico Hischier,C,NJD,1,CHE,Nico Hischier,C,609,199.0,289.0,488,False,NJD,,844.7618549404874,563.9056503589592,-235.7618549404874,-75.90565035895918
2017,2,1,2,8479974,Nolan Patrick,C,PHI,4,CAN,Nolan Patrick,C,222,32.0,45.0,77,False,PHI,"(1, 2]",809.7681901837298,526.6079284397246,-587.7681901837298,-449.60792843972456
2017,3,1,3,8480036,Miro Heiskanen,D,DAL,25,FIN,Miro Heiskanen,D,552,67.0,279.0,346,False,DAL,"(2, 3]",776.3813047565832,491.9790049263708,-224.38130475658318,-145.9790049263708
2017,4,1,4,8480069,Cale Makar,D,COL,21,CAN,Cale Makar,D,470,136.0,371.0,507,False,COL,"(3, 4]",744.5274213101472,459.82791681727923,-274.52742131014725,47.17208318272077
2017,5,1,5,8480012,Elias Pettersson,C,VAN,23,SWE,Elias Pettersson,C,545,200.0,308.0,508,False,VAN,"(4, 5]",714.1361500778175,429.977365263173,-169.13615007781755,78.022634736827
2017,6,1,6,8479996,Cody Glass,C,VGK,54,CAN,Cody Glass,C,322,54.0,65.0,119,False,VGK,"(5, 6]",685.1403333300681,402.26273784338173,-363.1403333300681,-283.26273784338173
2017,7,1,7,8480072,Lias Andersson,C,NYR,3,SWE,Lias Andersson,C,110,7.0,10.0,17,False,NYR,"(6, 8]",657.4758969712924,376.5312008020775,-547.4758969712924,-359.5312008020775
2017,8,1,8,8479999,Casey Mittelstadt,C,BUF,7,USA,Casey Mittelstadt,C,509,96.0,182.0,278,False,BUF,"(6, 8]",631.0817089507688,352.6408562385712,-122.08170895076876,-74.64085623857119
2017,9,1,9,8479992,Michael Rasmussen,C,DET,17,CAN,Michael Rasmussen,C,454,66.0,88.0,154,False,DET,"(8, 10]",605.8994441748678,330.45995960395163,-151.89944417486777,-176.45995960395163
2017,10,1,10,8480015,Owen Tippett,RW,FLA,13,CAN,Owen Tippett,R,428,121.0,115.0,236,False,FLA,"(8, 10]",581.8734556219907,309.8661931889113,-153.87345562199073,-73.86619318891132
2017,11,1,11,8480014,Gabriel Vilardi,C,LAK,26,CAN,Gabriel Vilardi,C,352,120.0,124.0,244,False,LAK,"(10, 12]",558.9506513754325,290.7459915963702,-206.95065137543247,-46.745991596370175
2017,12,1,12,8480039,Martin Necas,C,CAR,12,CZE,Martin Necas,C,519,162.0,264.0,426,False,CAR,"(10, 12]",537.0803773024388,272.99391547918094,-18.08037730243882,153.00608452081906
2017,13,1,13,8480018,Nick Suzuki,C,VGK,54,CAN,Nick Suzuki,C,537,167.0,309.0,476,False,VGK,"(12, 15]",516.2143051202067,256.5120700893594,20.785694879793255,219.48792991064062
2017,14,1,14,8479984,Cal Foote,D,TBL,14,USA,Cal Foote,D,145,5.0,15.0,20,False,TBL,"(12, 15]",496.30632560147916,241.20956543240027,-351.30632560147916,-221.20956543240027
2017,15,1,15,8480073,Erik Brannstrom,D,VGK,54,SWE,Erik Brannstrom,D,294,10.0,67.0,77,False,VGK,"(12, 15]",477.3124466837421,227.00201504967026,-183.3124466837421,-150.00201504967026
2017,16,1,16,8479976,Juuso Valimaki,D,CGY,20,FIN,Juuso Välimäki,D,271,11.0,61.0,72,False,CGY,"(15, 20]",459.19069625687024,213.81107066488858,-188.19069625687024,-141.81107066488858
2017,17,1,17,8480043,Timothy Liljegren,D,TOR,10,SWE,Timothy Liljegren,D,311,21.0,72.0,93,False,TOR,"(15, 20]",441.90102941440335,201.5639901284781,-130.90102941440335,-108.56399012847811
2017,18,1,18,8480001,Urho Vaakanainen,D,BOS,6,FIN,Urho Vaakanainen,D,221,3.0,43.0,46,False,BOS,"(15, 20]",425.4052399634998,190.1932362771945,-204.4052399634998,-144.1932362771945
2017,19,1,19,8480064,Josh Norris,C,SJS,28,USA,Josh Norris,C,283,104.0,88.0,192,False,SJS,"(15, 20]",409.6668759980253,179.63610449692322,-126.66687599802532,12.363895503076776
2017,20,1,20,8480023,Robert Thomas,C,STL,19,CAN,Robert Thomas,C,530,132.0,328.0,460,False,STL,"(15, 20]",394.651159348212,169.83437693482028,135.348840651788,290.1656230651797
2017,21,1,21,8480078,Filip Chytil,C,NYR,3,CZE,Filip Chytil,C,405,80.0,93.0,173,False,NYR,"(20, 25]",380.324908728891,160.7340014539319,24.67509127110901,12.26599854606809
2017,22,1,22,8479977,Kailer Yamamoto,RW,EDM,22,USA,Kailer Yamamoto,R,374,73.0,87.0,160,False,EDM,"(20, 25]",366.6564664164723,152.28479355987108,7.343533583527687,7.715206440128924
2017,23,1,23,8480058,P.O Joseph,D,ARI,53,CAN,Pierre-Olivier Joseph,D,225,9.0,37.0,46,False,UTA,"(20, 25]",353.6156282926471,144.44015965581036,-128.6156282926471,-98.44015965581036
2017,24,1,24,8480005,Kristian Vesalainen,LW/RW,WPG,52,FIN,Kristian Vesalainen,L,70,2.0,3.0,5,False,WPG,"(20, 25]",341.17357710022264,137.15684009966634,-271.17357710022264,-132.15684009966634
2017,25,1,25,8480068,Ryan Poehling,C,MTL,8,USA,Ryan Poehling,C,358,54.0,77.0,131,False,MTL,"(20, 25]",329.30281876360266,130.3946706465514,28.69718123639734,0.6053293534486102
2017,26,1,26,8479979,Jake Oettinger,G,DAL,25,USA,Jake Oettinger,G,305,0.0,6.0,0,True,DAL,"(25, 31]",317.97712163319443,124.11636096095384,-12.977121633194429,
2017,27,1,27,8480028,Morgan Frost,C,PHI,4,CAN,Morgan Frost,C,392,75.0,115.0,190,False,PHI,"(25, 31]",307.17145851948806,118.28728897724142,84.82854148051194,71.71271102275858
2017,28,1,28,8480032,Shane Bowers,C,OTT,9,CAN,Shane Bowers,C,13,0.0,0.0,0,False,OTT,"(25, 31]",296.86195138871545,112.87530997447791,-283.86195138871545,-112.87530997447791
2017,29,1,29,8480035,Henri Jokiharju,D,CHI,16,FIN,Henri Jokiharju,D,448,21.0,91.0,112,False,CHI,"(25, 31]",287.0258185978798,107.85057931268578,160.97418140212022,4.149420687314219
2017,30,1,30,8480009,Eeli Tolvanen,RW,NSH,18,FIN,Eeli Tolvanen,R,423,92.0,98.0,190,False,NSH,"(25, 31]",277.6413245525565,103.18538785302533,145.3586754474435,86.81461214697467
2017,31,1,31,8480011,Klim Kostin,C/LW,STL,19,RUS,Klim Kostin,C,190,25.0,28.0,53,False,STL,"(25, 31]",268.6877316762219,98.85400915430591,-78.68773167622192,-45.85400915430591
2017,32,2,1,8479982,Conor Timmins,D,COL,21,CAN,Conor Timmins,D,198,6.0,48.0,54,False,COL,"(31, 40]",260.14525458497144,94.83255760318657,-62.14525458497144,-40.83255760318657
2017,33,2,2,8479986,Kole Lind,RW,VAN,23,CAN,Kole Lind,R,31,2.0,6.0,8,False,VAN,"(31, 40]",251.99501636636575,91.09885669571764,-220.99501636636575,-83.09885669571764
2017,34,2,3,8479980,Nicolas Hague,D,VGK,54,CAN,Nicolas Hague,D,426,23.0,75.0,98,False,VGK,"(31, 40]",244.21900686578914,87.63231674385521,181.78099313421086,10.367683256144787
2017,35,2,4,8480019,Isaac Ratcliffe,LW,PHI,4,CAN,Isaac Ratcliffe,L,10,1.0,3.0,4,False,PHI,"(31, 40]",236.80004288814456,84.41382133255445,-226.80004288814456,-80.41382133255445
2017,36,2,5,8480003,Jesper Boqvist,C,NJD,1,SWE,Jesper Boqvist,C,387,50.0,55.0,105,False,NJD,"(31, 40]",229.72173022693886,81.42562190130346,157.27826977306114,23.574378098696542
2017,37,2,6,8480004,Marcus Davidsson,C,BUF,7,SWE,Marcus Davidsson,C,0,0.0,0.0,0,False,BUF,"(31, 40]",222.96842743685136,78.65123986876237,-222.96842743685136,-78.65123986876237
2017,38,2,7,8480184,Gustav Lindstrom,D,DET,17,SWE,Gustav Lindstrom,D,174,5.0,30.0,35,False,DET,"(31, 40]",216.5252112697325,76.07537576076862,-42.525211269732495,-41.07537576076862
2017,39,2,8,8480027,Jason Robertson,LW,DAL,25,USA,Jason Robertson,L,456,213.0,277.0,490,False,DAL,"(31, 40]",210.3778436976523,73.68382484059008,245.6221563023477,416.3161751594099
2017,40,2,9,8480037,Aleksi Heponiemi,C,FLA,13,FIN,Aleksi Heponiemi,C,25,2.0,4.0,6,False,FLA,"(31, 40]",204.51274045012914,71.46339877616482,-179.51274045012914,-65.46339877616482
2017,41,2,10,8479994,Jaret Anderson-Dolan,C,LAK,26,CAN,Jaret Anderson-Dolan,C,134,15.0,14.0,29,False,LAK,"(40, 50]",198.91694099601142,69.40185291235734,-64.91694099601142,-40.40185291235734
2017,42,2,11,8480185,Eetu Luostarinen,C,CAR,12,FIN,Eetu Luostarinen,C,447,61.0,101.0,162,False,CAR,"(40, 50]",193.57807990368076,67.48781874717034,253.42192009631924,94.51218125282966
2017,43,2,12,8480049,Dylan Samberg,D,WPG,52,USA,Dylan Samberg,D,282,10.0,55.0,65,False,WPG,"(40, 50]",188.48435951628767,65.71074123954845,93.51564048371233,-0.7107412395484545
2017,44,2,13,8480048,Filip Westerlund,D,ARI,53,SWE,Filip Westerlund,D,0,0.0,0.0,0,False,UTA,"(40, 50]",183.62452388163973,64.06082060305499,-183.62452388163973,-64.06082060305499
2017,45,2,14,8480074,Alexandre Texier,C,CBJ,29,FRA,Alexandre Texier,L,283,48.0,63.0,111,False,CBJ,"(40, 50]",178.98783387913235,62.528958264439325,104.01216612086765,48.471041735560675
2017,46,2,15,8480071,Robin Salo,D,NYI,2,FIN,Robin Salo,D,32,3.0,6.0,9,False,NYI,"(40, 50]",174.56404348875844,61.106706689080966,-142.56404348875844,-52.106706689080966
2017,47,2,16,8480029,Alex Formenton,LW,OTT,9,CAN,Alex Formenton,L,109,23.0,16.0,39,False,OTT,"(40, 50]",170.34337714975766,59.786222796620166,-61.34337714975766,-20.786222796620166
2017,48,2,17,8480186,Alexander Volkov,RW,TBL,14,RUS,Alexander Volkov,R,46,7.0,7.0,14,False,TBL,"(40, 50]",166.31650815887204,58.560224709882874,-120.31650815887204,-44.560224709882874
2017,49,2,18,8479983,Mario Ferraro,D,SJS,28,CAN,Mario Ferraro,D,490,24.0,90.0,114,False,SJS,"(40, 50]",162.474538060474,57.42195159859,327.525461939526,56.57804840141
2017,50,2,19,8480031,Maxime Comtois,LW,ANA,24,CAN,Maxime Comtois,L,211,38.0,49.0,87,False,ANA,"(40, 50]",158.8089769830231,56.365126396406794,52.191023016976914,30.634873603593206
2017,51,2,20,8480187,Zachary Lauzon,D,PIT,5,CAN,Zachary Lauzon,D,0,0.0,0.0,0,False,PIT,"(50, 65]",155.3117248783995,55.38392118573376,-155.3117248783995,-55.38392118573376
2017,52,2,21,8480050,Luke Martin,D,CAR,12,USA,Luke Martin,D,0,0.0,0.0,0,False,CAR,"(50, 65]",151.97505362265838,54.472925059351624,-151.97505362265838,-54.472925059351624
2017,53,2,22,8480021,Jack Studnicka,C,BOS,6,CAN,Jack Studnicka,C,126,6.0,10.0,16,False,BOS,"(50, 65]",148.79158993865056,53.627114281691775,-22.79158993865056,-37.627114281691775
2017,54,2,23,8480045,Ukko-Pekka Luukkonen,G,BUF,7,FIN,Ukko-Pekka Luukkonen,G,190,0.0,4.0,0,True,BUF,"(50, 65]",145.7542991027736,52.8418245851849,44.24570089722641,
2017,55,2,24,8479981,Jonah Gadjovich,LW,VAN,23,CAN,Jonah Gadjovich,L,170,10.0,11.0,21,False,VAN,"(50, 65]",142.85646939984818,52.11272544891468,27.14353060015182,-31.11272544891468
2017,56,2,25,8479990,Josh Brook,D,MTL,8,CAN,Josh Brook,D,0,0.0,0.0,0,False,MTL,"(50, 65]",140.0916972917691,51.43579621773465,-140.0916972917691,-51.43579621773465
2017,57,2,26,8480070,Ian Mitchell,D,CHI,16,CAN,Ian Mitchell,D,110,4.0,15.0,19,False,CHI,"(50, 65]",137.45387326715675,50.80730393015615,-27.45387326715675,-31.807303930156152
2017,58,2,27,8480038,Joni Ikonen,C,MTL,8,FIN,Joni Ikonen,C,0,0.0,0.0,0,False,MTL,"(50, 65]",134.93716834074,50.22378273273779,-134.93716834074,-50.22378273273779
2017,59,2,28,8480010,Eemeli Rasanen,D,TOR,10,FIN,Eemeli Rasanen,D,0,0.0,0.0,0,False,TOR,"(50, 65]",132.53602117263767,49.68201476745624,-132.53602117263767,-49.68201476745624
2017,60,2,29,8480030,Antoine Morand,C,ANA,24,CAN,Antoine Morand,C,0,0.0,0.0,0,False,ANA,"(50, 65]",130.2451257790745,49.179012426660584,-130.2451257790745,-49.179012426660584
2017,61,2,30,8480061,Grant Mismash,LW,NSH,18,USA,Grant Mismash,L,0,0.0,0.0,0,False,NSH,"(50, 65]",128.05941980737566,48.71200187775444,-128.05941980737566,-48.71200187775444
2017,62,2,31,8479991,Jake Leschyshyn,C,VGK,54,USA,Jake Leschyshyn,C,77,2.0,4.0,6,False,VGK,"(50, 65]",125.97407334933011,48.278407766751634,-48.97407334933011,-42.278407766751634
2017,63,3,1,8480188,Fabian Zetterlund,LW/RW,NJD,1,SWE,Fabian Zetterlund,L,329,69.0,80.0,149,False,NJD,"(50, 65]",123.98447826820251,47.875839016352614,205.0155217317975,101.12416098364739
2017,64,3,2,8480022,Michael DiPietro,G,VAN,23,CAN,Michael DiPietro,G,4,0.0,0.0,0,True,VAN,"(50, 65]",122.08623801580958,47.50207564022413,-118.08623801580958,
2017,65,3,3,8480007,Jonas Rondbjerg,RW,VGK,54,DNK,Jonas Rondbjerg,R,80,3.0,8.0,11,False,VGK,"(50, 65]",120.27515791715824,47.15505650076909,-40.27515791715824,-36.15505650076909
2017,66,3,4,8480059,Max Gildon,D,FLA,13,USA,Max Gildon,D,0,0.0,0.0,0,False,FLA,"(65, 80]",118.54723590117729,46.832867942875936,-118.54723590117729,-46.832867942875936
2017,67,3,5,8479987,Morgan Geekie,C,CAR,12,CAN,Morgan Geekie,C,414,111.0,116.0,227,False,CAR,"(65, 80]",116.89865365705954,46.53373324096787,297.1013463429405,180.46626675903212
2017,68,3,6,8480189,Scott Walford,D,MTL,8,CAN,Scott Walford,D,0,0.0,0.0,0,False,MTL,"(65, 80]",115.32576819667179,46.25600280115723,-115.32576819667179,-46.25600280115723
2017,69,3,7,8480025,MacKenzie Entwistle,RW,ARI,53,CAN,MacKenzie Entwistle,R,193,15.0,20.0,35,False,UTA,"(65, 80]",113.82510380438777,45.99814506447404,79.17489619561223,-10.998145064474038
2017,70,3,8,8480190,Andrei Altybarmakian,RW,CHI,16,RUS,Andrei Altybarmakian,R,0,0.0,0.0,0,False,CHI,"(65, 80]",112.39334435655485,45.75873806100437,-112.39334435655485,-45.75873806100437
2017,71,3,9,8480000,Kasper Kotkansalo,D,DET,17,FIN,Kasper Kotkansalo,D,0,0.0,0.0,0,False,DET,"(65, 80]",111.02732599362243,45.53646156836322,-111.02732599362243,-45.53646156836322
2017,72,3,10,8480191,Matt Villalta,G,LAK,26,CAN,Matt Villalta,G,3,0.0,0.0,0,True,LAK,"(65, 80]",109.72403012873889,45.33008983125943,-106.72403012873889,
2017,73,3,11,8479989,Stelio Mattheos,RW,CAR,12,CAN,Stelio Mattheos,R,0,0.0,0.0,0,False,CAR,"(65, 80]",108.48057677736796,45.13848480200428,-108.48057677736796,-45.13848480200428
2017,74,3,12,8480192,Johnathan Kovacevic,D,WPG,52,CAN,Johnathan Kovacevic,D,258,10.0,43.0,53,False,WPG,"(65, 80]",107.29421819318438,44.960589864688316,150.70578180681562,8.039410135311684
2017,75,3,13,8480026,Nate Schnarr,C,ARI,53,CAN,Nate Schnarr,C,0,0.0,0.0,0,False,UTA,"(65, 80]",106.16233279618547,44.795424008417875,-106.16233279618547,-44.795424008417875
2017,76,3,14,8480047,Alexey Lipanov,C,TBL,14,RUS,Alexey Lipanov,C,0,0.0,0.0,0,False,TBL,"(65, 80]",105.08241937960153,44.64207641747942,-105.08241937960153,-44.64207641747942
2017,77,3,15,8480055,Benjamin Mirageas,D,NYI,2,USA,Benjamin Mirageas,D,0,0.0,0.0,0,False,NYI,"(65, 80]",104.05209158280329,44.49970144859892,-104.05209158280329,-44.49970144859892
2017,78,3,16,8479973,Stuart Skinner,G,EDM,22,CAN,Stuart Skinner,G,224,0.0,3.0,0,True,EDM,"(65, 80]",103.06907261799299,44.36751396759794,120.93092738200701,
2017,79,3,17,8479988,Lane Zablocki,RW,DET,17,CAN,Lane Zablocki,R,0,0.0,0.0,0,False,DET,"(65, 80]",102.13119023902618,44.24478501973033,-102.13119023902618,-44.24478501973033
2017,80,3,18,8480279,Kirill Ustimenko,G,PHI,4,BLR,Kirill Ustimenko,G,0,0.0,0.0,0,True,PHI,"(65, 80]",101.23637194124682,44.13083780982339,-101.23637194124682,
2017,81,3,19,8480054,Reilly Walsh,D,NJD,1,USA,Reilly Walsh,D,1,0.0,1.0,1,False,NJD,"(80, 100]",100.38264038172775,44.02504397005559,-99.38264038172775,-43.02504397005559
2017,82,3,20,8480075,Cameron Crotty,D,ARI,53,CAN,Cameron Crotty,D,8,0.0,1.0,1,False,UTA,"(80, 100]",99.56810900979711,43.92682009478953,-91.56810900979711,-42.92682009478953
2017,83,3,21,8480016,Zach Gallant,C,DET,17,CAN,Zach Gallant,C,0,0.0,0.0,0,False,DET,"(80, 100]",98.79097789819461,43.835624523351164,-98.79097789819461,-43.835624523351164
2017,84,3,22,8480041,Dmitri Samorukov,D,EDM,22,RUS,Dmitri Samorukov,D,3,0.0,0.0,0,False,EDM,"(80, 100]",98.0495297656456,43.750954353013846,-95.0495297656456,-43.750954353013846
2017,85,3,23,8480020,Ivan Lodnia,RW,MIN,30,USA,Ivan Lodnia,R,0,0.0,0.0,0,False,MIN,"(80, 100]",97.34212618206395,43.672342665715014,-97.34212618206395,-43.672342665715014
2017,86,3,24,8480193,Daniil Tarasov,G,CBJ,29,RUS,Daniil Tarasov,G,98,0.0,2.0,0,True,CBJ,"(80, 100]",96.66720394799776,43.59935595321225,1.3327960520022373,
2017,87,3,25,8479985,Cale Fleury,D,MTL,8,CAN,Cale Fleury,D,100,2.0,4.0,6,False,MTL,"(80, 100]",96.02327164031772,43.53159172647953,3.9767283596822836,-37.53159172647953
2017,88,3,26,8479975,Keith Petruzzelli,G,DET,17,USA,Keith Petruzzelli,G,0,0.0,0.0,0,True,DET,"(80, 100]",95.40890631651433,43.468676296160474,-95.40890631651433,
2017,89,3,27,8480194,Oskari Laaksonen,D,BUF,7,FIN,Oskari Laaksonen,D,0,0.0,0.0,0,False,BUF,"(80, 100]",94.822750370322,43.410262711838996,-94.822750370322,-43.410262711838996
2017,90,3,28,8480066,Evan Barratt,C,CHI,16,USA,Evan Barratt,C,0,0.0,0.0,0,False,CHI,"(80, 100]",94.26350853172075,43.35602884876314,-94.26350853172075,-43.35602884876314
2017,91,3,29,8480195,Jack Badini,C,ANA,24,USA,Jack Badini,C,0,0.0,0.0,0,False,ANA,"(80, 100]",93.72994500468717,43.30567563147135,-93.72994500468717,-43.30567563147135
2017,92,3,30,8480063,David Farrance,D,NSH,18,USA,David Farrance,D,2,0.0,0.0,0,False,NSH,"(80, 100]",93.22088073636887,43.25892538452533,-91.22088073636887,-43.25892538452533
2017,93,3,31,8480052,Clayton Phillips,D,PIT,5,USA,Clayton Phillips,D,0,0.0,0.0,0,False,PIT,"(80, 100]",92.73519081164858,43.21552030125429,-92.73519081164858,-43.21552030125429
2017,94,4,1,8479997,Nick Henry,RW,COL,21,CAN,Nick Henry,R,0,0.0,0.0,0,False,COL,"(80, 100]",92.27180196733998,43.17522102206672,-92.27180196733998,-43.17522102206672
2017,95,4,2,8480056,Jack Rathbone,D,VAN,23,USA,Jack Rathbone,D,28,2.0,3.0,5,False,VAN,"(80, 100]",91.8296902205227,43.13780531448942,-63.82969022052271,-38.13780531448942
2017,96,4,3,8480040,Maksim Zhukov,G,VGK,54,RUS,Maksim Zhukov,G,0,0.0,0.0,0,True,VGK,"(80, 100]",91.4078786057751,43.10306684765496,-91.4078786057751,
2017,97,4,4,8479972,Mason Shaw,C,MIN,30,CAN,Mason Shaw,C,82,8.0,12.0,20,False,MIN,"(80, 100]",91.00543501630513,43.070814054479364,-9.005435016305128,-23.070814054479364
2017,98,4,5,8480006,Nikita Popugaev,LW,NJD,1,RUS,Nikita Popugaev,L,0,0.0,0.0,0,False,NJD,"(80, 100]",90.62147014420842,43.040869075255486,-90.62147014420842,-43.040869075255486
2017,99,4,6,8480196,Jacob Bryson,D,BUF,7,CAN,Jacob Bryson,D,304,6.0,45.0,51,False,BUF,"(80, 100]",90.25513551530203,43.01306677683635,213.74486448469798,7.986933223163653
2017,100,4,7,8480197,Malte Setkov,D,DET,17,DNK,Malte Setkov,D,0,0.0,0.0,0,False,DET,"(80, 100]",89.90562161419135,42.987253841999824,-89.90562161419135,-42.987253841999824
2017,101,4,8,8480198,Liam Hawel,C,DAL,25,CAN,Liam Hawel,C,0,0.0,0.0,0,False,DAL,"(100, 125]",89.572156095427,42.96328792397285,-89.572156095427,-42.96328792397285
2017,102,4,9,8480060,Scott Reedy,C,SJS,28,USA,Scott Reedy,C,35,7.0,2.0,9,False,SJS,"(100, 125]",89.25400207679884,42.94103686145272,-54.25400207679884,-33.94103686145272
2017,103,4,10,8479998,Mikey Anderson,D,LAK,26,USA,Mikey Anderson,D,425,21.0,81.0,102,False,LAK,"(100, 125]",88.95045651099544,42.9203779497967,336.0495434890046,59.0796220502033
2017,104,4,11,8480199,Eetu Makiniemi,G,CAR,12,FIN,Eetu Makiniemi,G,2,0.0,0.0,0,True,CAR,"(100, 125]",88.66084863203102,42.90119726436088,-86.66084863203102,
2017,105,4,12,8480200,Santeri Virtanen,C,WPG,52,FIN,Santeri Virtanen,C,0,0.0,0.0,0,False,WPG,"(100, 125]",88.38453847300667,42.88338903225681,-88.38453847300667,-42.88338903225681
2017,106,4,13,8480017,Matthew Strome,LW,PHI,4,CAN,Matthew Strome,L,0,0.0,0.0,0,False,PHI,"(100, 125]",88.12091545193053,42.8668550490614,-88.12091545193053,-42.8668550490614
2017,107,4,14,8480201,Maksim Sushko,RW,PHI,4,BLR,Maksim Sushko,R,2,0.0,0.0,0,False,PHI,"(100, 125]",87.86939702247173,42.85150413726349,-85.86939702247173,-42.85150413726349
2017,108,4,15,8480202,Noel Hoefenmayer,D,ARI,53,CAN,Noel Hoefenmayer,D,0,0.0,0.0,0,False,UTA,"(100, 125]",87.62942738666686,42.83725164346075,-87.62942738666686,-42.83725164346075
2017,109,4,16,8480008,Adam Ruzicka,C,CGY,20,SVK,Adam Ruzicka,C,117,14.0,26.0,40,False,CGY,"(100, 125]",87.4004762667341,42.82401897153408,29.599523733265897,-2.8240189715340804
2017,110,4,17,8479993,Ian Scott,G,TOR,10,CAN,Ian Scott,G,0,0.0,0.0,0,True,TOR,"(100, 125]",87.1820377332811,42.8117331492252,-87.1820377332811,
2017,111,4,18,8480280,Jeremy Swayman,G,BOS,6,USA,Jeremy Swayman,G,245,0.0,1.0,0,True,BOS,"(100, 125]",86.97362908731724,42.80032642572733,158.02637091268275,
2017,112,4,19,8480203,Tim Soderlund,C/LW,CHI,16,SWE,Tim Soderlund,C,0,0.0,0.0,0,False,CHI,"(100, 125]",86.7747897935997,42.78973589806988,-86.7747897935997,-42.78973589806988
2017,113,4,20,8480281,Alexey Toropchenko,RW,STL,19,RUS,Alexey Toropchenko,R,324,34.0,37.0,71,False,STL,"(100, 125]",86.58508046295634,42.77990316423669,237.41491953704366,28.220096835763307
2017,114,4,21,8480282,Petr Kvaca,G,COL,21,CZE,Petr Kvaca,G,0,0.0,0.0,0,True,COL,"(100, 125]",86.4040818813366,42.770774001105124,-86.4040818813366,
2017,115,4,22,8480076,Ostap Safin,RW,EDM,22,CZE,Ostap Safin,R,0,0.0,0.0,0,False,EDM,"(100, 125]",86.23139408344461,42.76229806542979,-86.23139408344461,-42.76229806542979
2017,116,4,23,8480204,Bryce Misley,C,MIN,30,CAN,Bryce Misley,C,0,0.0,0.0,0,False,MIN,"(100, 125]",86.06663546890789,42.754428616222114,-86.06663546890789,-42.754428616222114
2017,117,4,24,8480205,Emil Bemstrom,C,CBJ,29,SWE,Emil Bemstrom,C,242,34.0,41.0,75,False,CBJ,"(100, 125]",85.90944195902806,42.747122256994736,156.09055804097193,32.252877743005264
2017,118,4,25,8480206,Markus Phillips,D,LAK,26,CAN,Markus Phillips,D,0,0.0,0.0,0,False,LAK,"(100, 125]",85.75946619225057,42.7403386964493,-85.75946619225057,-42.7403386964493
2017,119,4,26,8480207,Roope Laavainen,D,CHI,16,FIN,Roope Laavainen,D,0,0.0,0.0,0,False,CHI,"(100, 125]",85.61637675657546,42.734040526288005,-85.61637675657546,-42.734040526288005
2017,120,4,27,8480283,Tobias Geisser,D,WSH,15,CHE,Tobias Geisser,D,0,0.0,0.0,0,False,WSH,"(100, 125]",85.47985745721293,42.72819301492359,-85.47985745721293,-42.72819301492359
2017,121,4,28,8480208,Drake Batherson,C,OTT,9,USA,Drake Batherson,R,470,149.0,215.0,364,False,OTT,"(100, 125]",85.34960661786548,42.72276391595019,384.65039338213455,321.27723608404983
2017,122,4,29,8480209,Kyle Olson,RW,ANA,24,CAN,Kyle Olson,R,0,0.0,0.0,0,False,ANA,"(100, 125]",85.22533641409257,42.71772329031886,-85.22533641409257,-42.71772329031886
2017,123,4,30,8479027,Brandon Crawley,D,NYR,3,USA,Brandon Crawley,D,0,0.0,0.0,0,False,NYR,"(100, 125]",85.10677223728473,42.713043341237125,-85.10677223728473,-42.713043341237125
2017,124,4,31,8480284,Vladislav Kara,LW,TOR,10,RUS,Vladislav Kara,L,0,0.0,0.0,0,False,TOR,"(100, 125]",84.9936520878416,42.708698260882116,-84.9936520878416,-42.708698260882116
2017,125,5,1,8480210,Igor Shvyrev,C,COL,21,RUS,Igor Shvyrev,C,0,0.0,0.0,0,False,COL,"(100, 125]",84.88572599621297,42.70466408808199,-84.88572599621297,-42.70466408808199
2017,126,5,2,8480211,Michael Karow,D,ARI,53,USA,Michael Karow,D,0,0.0,0.0,0,False,UTA,"(125, 150]",84.78275547052348,42.700918576180825,-84.78275547052348,-42.700918576180825
2017,127,5,3,8480044,Lucas Elvenes,C/RW,VGK,54,SWE,Lucas Elvenes,C,0,0.0,0.0,0,False,VGK,"(125, 150]",84.6845129695604,42.697441070358224,-84.6845129695604,-42.697441070358224
2017,128,5,4,8480212,Tyler Steenbergen,C,ARI,53,CAN,Tyler Steenbergen,C,0,0.0,0.0,0,False,UTA,"(125, 150]",84.59078139995972,42.69421239372728,-84.59078139995972,-42.69421239372728
2017,129,5,5,8480213,Gilles Senn,G,NJD,1,CHE,Gilles Senn,G,2,0.0,0.0,0,True,NJD,"(125, 150]",84.50135363647975,42.69121474158261,-82.50135363647975,
2017,130,5,6,8480214,David Noel,D,STL,19,CAN,David Noel,D,0,0.0,0.0,0,False,STL,"(125, 150]",84.41603206430189,42.688431583215404,-84.41603206430189,-42.688431583215404
2017,131,5,7,8480215,Cole Fraser,D,DET,17,CAN,Cole Fraser,D,0,0.0,0.0,0,False,DET,"(125, 150]",84.33462814234724,42.68584757075394,-84.33462814234724,-42.68584757075394
2017,132,5,8,8480216,Jacob Peterson,C,DAL,25,SWE,Jacob Peterson,C,83,14.0,11.0,25,False,DAL,"(125, 150]",84.25696198664414,42.68344845452697,-1.2569619866441428,-17.683448454526967
2017,133,5,9,8480065,Tyler Inamoto,D,FLA,13,USA,Tyler Inamoto,D,0,0.0,0.0,0,False,FLA,"(125, 150]",84.1828619728259,42.68122100448314,-84.1828619728259,-42.68122100448314
2017,134,5,10,8480217,Cole Hults,D,LAK,26,USA,Cole Hults,D,0,0.0,0.0,0,False,LAK,"(125, 150]",84.1121643568804,42.67915293723323,-84.1121643568804,-42.67915293723323
2017,135,5,11,8480218,Kristoffer Gunnarsson,D,VAN,23,SWE,Kristoffer Gunnarsson,D,0,0.0,0.0,0,False,VAN,"(125, 150]",84.04471291331333,42.67723284831272,-84.04471291331333,-42.67723284831272
2017,136,5,12,8480219,Leon Gawanke,D,WPG,52,DEU,Leon Gawanke,D,0,0.0,0.0,0,False,WPG,"(125, 150]",83.98035858992586,42.67545014929128,-83.98035858992586,-42.67545014929128
2017,137,5,13,8480220,Noah Cates,LW,PHI,4,USA,Noah Cates,L,317,58.0,91.0,149,False,PHI,"(125, 150]",83.91895917844342,42.673795009382346,233.0810408215566,106.32620499061765
2017,138,5,14,8480221,Drake Rymsha,C,LAK,26,USA,Drake Rymsha,C,1,0.0,0.0,0,False,LAK,"(125, 150]",83.86037900026808,42.67225830123072,-82.86037900026808,-42.67225830123072
2017,139,5,15,8480222,Sebastian Aho,D,NYI,2,SWE,Sebastian Aho,D,190,11.0,39.0,50,False,NYI,"(125, 150]",83.80448860666007,42.670831550579294,106.19551139333993,7.329168449420706
2017,140,5,16,8480223,Zach Fischer,RW,CGY,20,CAN,Zach Fischer,R,0,0.0,0.0,0,False,CGY,"(125, 150]",83.75116449268575,42.66950688953732,-83.75116449268575,-42.66950688953732
2017,141,5,17,8480224,Fedor Gordeev,D,TOR,10,CAN,Fedor Gordeev,D,0,0.0,0.0,0,False,TOR,"(125, 150]",83.70028882430006,42.66827701319251,-83.70028882430006,-42.66827701319251
2017,142,5,18,8480225,Jack Dugan,LW,VGK,54,USA,Jack Dugan,L,0,0.0,0.0,0,False,VGK,"(125, 150]",83.65174917796037,42.66713513932773,-83.65174917796037,-42.66713513932773
2017,143,5,19,8480226,Marián Studenic,RW,NJD,1,SVK,Marián Studenic,R,46,3.0,3.0,6,False,NJD,"(125, 150]",83.60543829219628,42.666074971020116,-37.60543829219628,-36.666074971020116
2017,144,5,20,8480227,Parker Foo,LW,CHI,16,CAN,Parker Foo,L,0,0.0,0.0,0,False,CHI,"(125, 150]",83.56125383058635,42.665090661916324,-83.56125383058635,-42.665090661916324
2017,145,5,21,8480228,Calle Sjalin,D,NYR,3,SWE,Calle Sjalin,D,0,0.0,0.0,0,False,NYR,"(125, 150]",83.5190981556182,42.66417678399255,-83.5190981556182,-42.66417678399255
2017,146,5,22,8480229,Kirill Maksimov,RW,EDM,22,RUS,Kirill Maksimov,R,0,0.0,0.0,0,False,EDM,"(125, 150]",83.47887811293191,42.663328297621426,-83.47887811293191,-42.663328297621426
2017,147,5,23,8480230,Jacob Golden,D,MIN,30,CAN,Jacob Golden,D,0,0.0,0.0,0,False,MIN,"(125, 150]",83.44050482547043,42.66254052378066,-83.44050482547043,-42.66254052378066
2017,148,5,24,8480046,Kale Howarth,LW,CBJ,29,CAN,Kale Howarth,L,0,0.0,0.0,0,False,CBJ,"(125, 150]",83.40389349708157,42.66180911825041,-83.40389349708157,-42.66180911825041
2017,149,5,25,8479995,Jarret Tyszka,D,MTL,8,CAN,Jarret Tyszka,D,0,0.0,0.0,0,False,MTL,"(125, 150]",83.36896322513803,42.66113004765679,-83.36896322513803,-42.66113004765679
2017,150,5,26,8480231,Jakub Galvas,D,CHI,16,CZE,Jakub Galvas,D,6,0.0,0.0,0,False,CHI,"(125, 150]",83.33563682176118,42.66049956722966,-77.33563682176118,-42.66049956722966
2017,151,5,27,8480232,Sebastian Walfridsson,D,WSH,15,SWE,Sebastian Walfridsson,D,0,0.0,0.0,0,False,WSH,"(150, 180]",83.30384064325355,42.65991420015188,-83.30384064325355,-42.65991420015188
2017,152,5,28,8480285,Jan Drozg,LW,PIT,5,SVN,Jan Drozg,L,0,0.0,0.0,0,False,PIT,"(150, 180]",83.27350442736322,42.65937071838622,-83.27350442736322,-42.65937071838622
2017,153,5,29,8480042,Olle Eriksson Ek,G,ANA,24,SWE,Olle Eriksson Ek,G,1,0.0,0.0,0,True,ANA,"(150, 180]",83.2445611380203,42.658866124874194,-82.2445611380203,
2017,154,5,30,8480233,Tomas Vomacka,G,NSH,18,CZE,Tomas Vomacka,G,0,0.0,0.0,0,True,NSH,"(150, 180]",83.2169468172027,42.6583976370086,-83.2169468172027,
2017,155,5,31,8480234,Linus Olund,C,PIT,5,SWE,Linus Olund,C,0,0.0,0.0,0,False,PIT,"(150, 180]",83.19060044360353,42.657962671288715,-83.19060044360353,-42.657962671288715
2017,156,6,1,8480287,Denis Smirnov,RW,COL,21,RUS,Denis Smirnov,R,0,0.0,0.0,0,False,COL,"(150, 180]",83.16546379778804,42.65755882907344,-83.16546379778804,-42.65755882907344
2017,157,6,2,8480235,Dominik Lakatos,C,NYR,3,CZE,Dominik Lakatos,C,0,0.0,0.0,0,False,NYR,"(150, 180]",83.14148133354207,42.657183883353845,-83.14148133354207,-42.657183883353845
2017,158,6,3,8480288,Nick Campoli,C,VGK,54,CAN,Nick Campoli,C,0,0.0,0.0,0,False,VGK,"(150, 180]",83.11860005512764,42.656835766472234,-83.11860005512764,-42.656835766472234
2017,159,6,4,8480236,Jacob McGrew,RW,SJS,28,USA,Jacob McGrew,R,0,0.0,0.0,0,False,SJS,"(150, 180]",83.09676940017454,42.65651255871995,-83.09676940017454,-42.65651255871995
2017,160,6,5,8480237,Aarne Talvitie,C,NJD,1,FIN,Aarne Talvitie,C,0,0.0,0.0,0,False,NJD,"(150, 180]",83.07594112794911,42.65621247775101,-83.07594112794911,-42.65621247775101
2017,161,6,6,8480238,Jiri Patera,G,VGK,54,CZE,Jiri Patera,G,9,0.0,0.0,0,True,VGK,"(150, 180]",83.05606921275334,42.65593386875329,-74.05606921275334,
2017,162,6,7,8480239,John Adams,RW,DET,17,USA,John Adams,R,0,0.0,0.0,0,False,DET,"(150, 180]",83.03710974221858,42.65567519532296,-83.03710974221858,-42.65567519532296
2017,163,6,8,8480240,Brett Davis,RW,DAL,25,CAN,Brett Davis,R,0,0.0,0.0,0,False,DAL,"(150, 180]",83.01902082026932,42.655435030991924,-83.01902082026932,-42.655435030991924
2017,164,6,9,8480241,Reilly Webb,D,DET,17,CAN,Reilly Webb,D,0,0.0,0.0,0,False,DET,"(150, 180]",83.0017624745425,42.65521205136148,-83.0017624745425,-42.65521205136148
2017,165,6,10,8480242,Arnaud Durandeau,LW,NYI,2,CAN,Arnaud Durandeau,L,4,0.0,0.0,0,False,NYI,"(150, 180]",82.98529656805775,42.65500502679885,-78.98529656805775,-42.65500502679885
2017,166,6,11,8480243,Brendan De Jong,D,CAR,12,CAN,Brendan De Jong,D,0,0.0,0.0,0,False,CAR,"(150, 180]",82.96958671494343,42.654812815656285,-82.96958671494343,-42.654812815656285
2017,167,6,12,8480244,Arvid Holm,G,WPG,52,SWE,Arvid Holm,G,0,0.0,0.0,0,True,WPG,"(150, 180]",82.95459820003221,42.65463435797545,-82.95459820003221,
2017,168,6,13,8480245,Olle Lycksell,RW,PHI,4,SWE,Olle Lycksell,R,52,2.0,11.0,13,False,PHI,"(150, 180]",82.9402979021485,42.65446866964217,-30.9402979021485,-29.65446866964217
2017,169,6,14,8480246,Nick Perbix,D,TBL,14,USA,Nick Perbix,D,299,16.0,60.0,76,False,TBL,"(150, 180]",82.92665422091831,42.6543148369595,216.0733457790817,33.3456851630405
2017,170,6,15,8480247,Jonathan Davidsson,RW,CBJ,29,SWE,Jonathan Davidsson,R,6,0.0,1.0,1,False,CBJ,"(150, 180]",82.91363700693962,42.65417201160911,-76.91363700693962,-41.65417201160911
2017,171,6,16,8480057,D'Artagnan Joly,RW,CGY,20,CAN,D'Artagnan Joly,R,0,0.0,0.0,0,False,CGY,"(150, 180]",82.9012174951592,42.65403940597316,-82.9012174951592,-42.65403940597316
2017,172,6,17,8480248,Ryan McGregor,C,TOR,10,CAN,Ryan McGregor,C,0,0.0,0.0,0,False,TOR,"(150, 180]",82.88936824130836,42.653916288790974,-82.88936824130836,-42.653916288790974
2017,173,6,18,8480249,Cedric Pare,C,BOS,6,CAN,Cedric Pare,C,0,0.0,0.0,0,False,BOS,"(150, 180]",82.87806306125748,42.653801981126435,-82.87806306125748,-42.653801981126435
2017,174,6,19,8480289,Morgan Barron,C,NYR,3,CAN,Morgan Barron,C,321,41.0,42.0,83,False,NYR,"(150, 180]",82.86727697315509,42.65369585262398,238.13272302684493,40.34630414737602
2017,175,6,20,8480250,Trenton Bourque,D,STL,19,CAN,Trenton Bourque,D,0,0.0,0.0,0,False,STL,"(150, 180]",82.85698614222369,42.65359731803246,-82.85698614222369,-42.65359731803246
2017,176,6,21,8480013,Pavel Koltygin,C,NSH,18,RUS,Pavel Koltygin,C,0,0.0,0.0,0,False,NSH,"(150, 180]",82.8471678280904,42.65350583397773,-82.8471678280904,-42.65350583397773
2017,177,6,22,8480291,Skyler Brind'Amour,C,EDM,22,USA,Skyler Brind'Amour,C,6,1.0,0.0,1,False,EDM,"(150, 180]",82.83780033453596,42.65342089596622,-76.83780033453596,-41.65342089596622
2017,178,6,23,8480251,Andrei Svetlakov,C,MIN,30,RUS,Andrei Svetlakov,C,0,0.0,0.0,0,False,MIN,"(150, 180]",82.82886296155098,42.653342035602826,-82.82886296155098,-42.653342035602826
2017,179,6,24,8480292,Carson Meyer,RW,CBJ,29,USA,Carson Meyer,R,41,2.0,4.0,6,False,CBJ,"(150, 180]",82.82033595959383,42.65326881800799,-41.820335959593834,-36.65326881800799
2017,180,6,25,8480252,Cole Guttman,C,TBL,14,USA,Cole Guttman,C,41,8.0,6.0,14,False,TBL,"(150, 180]",82.81220048594854,42.65320083941945,-41.81220048594854,-28.653200839419448
2017,181,6,26,8479610,Petrus Palmu,RW,VAN,23,FIN,Petrus Palmu,R,0,0.0,0.0,0,False,VAN,"(180, 211]",82.80443856308683,42.65313772496576,-82.80443856308683,-42.65313772496576
2017,182,6,27,8480253,Benton Maass,D,WSH,15,USA,Benton Maass,D,0,0.0,0.0,0,False,WSH,"(180, 211]",82.79703303894182,42.65307912659897,-82.79703303894182,-42.65307912659897
2017,183,6,28,8480254,Jordan Hollett,G,OTT,9,CAN,Jordan Hollett,G,0,0.0,0.0,0,True,OTT,"(180, 211]",82.78996754900598,42.653024721175335,-82.78996754900598,
2017,184,6,29,8480255,Sebastian Repo,RW,FLA,13,FIN,Sebastian Repo,R,0,0.0,0.0,0,False,FLA,"(180, 211]",82.78322648016925,42.652974208673314,-82.78322648016925,-42.652974208673314
2017,185,6,30,8480053,Sasha Chmelevski,C,SJS,28,USA,Sasha Chmelevski,C,24,0.0,10.0,10,False,SJS,"(180, 211]",82.7767949362177,42.652927310539084,-58.7767949362177,-32.652927310539084
2017,186,6,31,8480256,Antti Palojarvi,D,PIT,5,FIN,Antti Palojarvi,D,0,0.0,0.0,0,False,PIT,"(180, 211]",82.77065870491634,42.65288376815045,-82.77065870491634,-42.65288376815045
2017,187,7,1,8480257,Nick Leivermann,D,COL,21,USA,Nick Leivermann,D,0,0.0,0.0,0,False,COL,"(180, 211]",82.76480422660329,42.652843341390636,-82.76480422660329,-42.652843341390636
2017,188,7,2,8480258,Matt Brassard,D,VAN,23,CAN,Matt Brassard,D,0,0.0,0.0,0,False,VAN,"(180, 211]",82.75921856422605,42.65280580732417,-82.75921856422605,-42.65280580732417
2017,189,7,3,8480259,Ben Jones,C,VGK,54,CAN,Ben Jones,C,56,1.0,2.0,3,False,VGK,"(180, 211]",82.7538893747536,42.652770958967494,-26.753889374753598,-39.652770958967494
2017,190,7,4,8480286,Erik Walli Walterholm,RW,ARI,53,SWE,Erik Walli Walterholm,R,0,0.0,0.0,0,False,UTA,"(180, 211]",82.74880488190117,42.65273860414752,-82.74880488190117,-42.65273860414752
2017,191,7,5,8480260,Jocktan Chainey,D,NJD,1,CAN,Jocktan Chainey,D,0,0.0,0.0,0,False,NJD,"(180, 211]",82.7439538501073,42.65270856444192,-82.7439538501073,-42.65270856444192
2017,192,7,6,8480261,Linus Weissbach,LW,BUF,7,SWE,Linus Weissbach,L,0,0.0,0.0,0,False,BUF,"(180, 211]",82.73932555970585,42.65268067419517,-82.73932555970585,-42.65268067419517
2017,193,7,7,8480262,Brady Gilmour,C,DET,17,CAN,Brady Gilmour,C,0,0.0,0.0,0,False,DET,"(180, 211]",82.73490978323798,42.652654779605044,-82.73490978323798,-42.652654779605044
2017,194,7,8,8480263,Dylan Ferguson,G,DAL,25,CAN,Dylan Ferguson,G,3,0.0,0.0,0,True,DAL,"(180, 211]",82.73069676285189,42.65263073787449,-79.73069676285189,
2017,195,7,9,8480264,Victor Berglund,D,BOS,6,SWE,Victor Berglund,D,0,0.0,0.0,0,False,BOS,"(180, 211]",82.72667718874011,42.65260841642412,-82.72667718874011,-42.65260841642412
2017,196,7,10,8480293,Wyatt Kalynuk,D,PHI,4,CAN,Wyatt Kalynuk,D,26,4.0,5.0,9,False,PHI,"(180, 211]",82.72284217856702,42.652587692161156,-56.72284217856702,-33.652587692161156
2017,197,7,11,8480265,Ville Rasanen,D,CAR,12,FIN,Ville Rasanen,D,0,0.0,0.0,0,False,CAR,"(180, 211]",82.71918325784091,42.652568450800544,-82.71918325784091,-42.652568450800544
2017,198,7,12,8480266,Skyler McKenzie,LW,WPG,52,CAN,Skyler McKenzie,L,0,0.0,0.0,0,False,WPG,"(180, 211]",82.71569234118732,42.65255058623481,-82.71569234118732,-42.65255058623481
2017,199,7,13,8480051,Cayden Primeau,G,MTL,8,USA,Cayden Primeau,G,58,0.0,2.0,0,True,MTL,"(180, 211]",82.71236171448218,42.65253399994888,-24.712361714482185,
2017,200,7,14,8480267,Sammy Walker,C,TBL,14,USA,Sammy Walker,C,13,1.0,1.0,2,False,TBL,"(180, 211]",82.70918401780544,42.65251860047681,-69.70918401780544,-40.65251860047681
2017,201,7,15,8480268,Logan Cockerill,LW,NYI,2,USA,Logan Cockerill,L,0,0.0,0.0,0,False,NYI,"(180, 211]",82.70615222917723,42.65250430289742,-82.70615222917723,-42.65250430289742
2017,202,7,16,8480269,Filip Sveningsson,LW,CGY,20,SWE,Filip Sveningsson,L,0,0.0,0.0,0,False,CGY,"(180, 211]",82.703259649041,42.65249102836595,-82.703259649041,-42.65249102836595
2017,203,7,17,8480290,Ryan O'Connell,D,TOR,10,CAN,Ryan O'Connell,D,0,0.0,0.0,0,False,TOR,"(180, 211]",82.70049988545898,42.652478703679314,-82.70049988545898,-42.652478703679314
2017,204,7,18,8480270,Daniel Bukac,D,BOS,6,CZE,Daniel Bukac,D,0,0.0,0.0,0,False,BOS,"(180, 211]",82.69786683998748,42.652467260872385,-82.69786683998748,-42.652467260872385
2017,205,7,19,8480271,Yegor Zaitsev,D,NJD,1,RUS,Yegor Zaitsev,D,0,0.0,0.0,0,False,NJD,"(180, 211]",82.69535469420074,42.652456636843205,-82.69535469420074,-42.652456636843205
2017,206,7,20,8480272,Anton Andersson,D,STL,19,SWE,Anton Andersson,D,0,0.0,0.0,0,False,STL,"(180, 211]",82.69295789683352,42.65244677300502,-82.69295789683352,-42.65244677300502
2017,207,7,21,8480273,Patrik Virta,C,NYR,3,FIN,Patrik Virta,C,0,0.0,0.0,0,False,NYR,"(180, 211]",82.69067115151412,42.65243761496317,-82.69067115151412,-42.65243761496317
2017,208,7,22,8480274,Philip Kemp,D,EDM,22,USA,Philip Kemp,D,1,0.0,0.0,0,False,EDM,"(180, 211]",82.68848940506057,42.65242911221517,-81.68848940506057,-42.65242911221517
2017,209,7,23,8480275,Nick Swaney,RW,MIN,30,USA,Nick Swaney,R,1,0.0,0.0,0,False,MIN,"(180, 211]",82.68640783631426,42.65242121787215,-81.68640783631426,-42.65242121787215
2017,210,7,24,8480294,Robbie Stucker,D,CBJ,29,USA,Robbie Stucker,D,0,0.0,0.0,0,False,CBJ,"(180, 211]",82.68442184548637,42.652413888400375,-82.68442184548637,-42.652413888400375
2017,211,7,25,8480295,Croix Evingson,D,WPG,52,USA,Croix Evingson,D,0,0.0,0.0,0,False,WPG,"(180, 211]",82.68252704399328,42.65240708338107,-82.68252704399328,-42.65240708338107
2017,212,7,26,8480276,Ivan Chekhovich,LW,SJS,28,RUS,Ivan Chekhovich,L,4,0.0,1.0,1,False,SJS,"(211, 300]",82.68071924475883,42.65240076528761,-78.68071924475883,-41.65240076528761
2017,213,7,27,8480296,Kristian Roykas Marthinsen,LW,WSH,15,NOR,Kristian Roykas Marthinsen,L,0,0.0,0.0,0,False,WSH,"(211, 300]",82.67899445296194,42.652394899278534,-82.67899445296194,-42.652394899278534
2017,214,7,28,8480277,Matthew Hellickson,D,NJD,1,USA,Matthew Hellickson,D,0,0.0,0.0,0,False,NJD,"(211, 300]",82.67734885720887,42.65238945300543,-82.67734885720887,-42.65238945300543
2017,215,7,29,8480297,Joshua Ess,D,CHI,16,USA,Joshua Ess,D,0,0.0,0.0,0,False,CHI,"(211, 300]",82.67577882111092,42.65238439643455,-82.67577882111092,-42.65238439643455
2017,216,7,30,8480024,Jacob Paquette,D,NSH,18,CAN,Jacob Paquette,D,0,0.0,0.0,0,False,NSH,"(211, 300]",82.67428087524893,42.65237970168116,-82.67428087524893,-42.65237970168116
2017,217,7,31,8480278,William Reilly,D,PIT,5,CAN,William Reilly,D,0,0.0,0.0,0,False,PIT,"(211, 300]",82.67285170950656,42.652375342855805,-82.67285170950656,-42.652375342855805
2018,1,1,1,8480839,Rasmus Dahlin,D,BUF,7,SWE,Rasmus Dahlin,D,586,102.0,332.0,434,False,BUF,,844.7618549404874,563.9056503589592,-258.7618549404874,-129.90565035895918
2018,2,1,2,8480830,Andrei Svechnikov,RW,CAR,12,RUS,Andrei Svechnikov,R,557,182.0,252.0,434,False,CAR,"(1, 2]",809.7681901837298,526.6079284397246,-252.76819018372976,-92.60792843972456
2018,3,1,3,8480829,Jesperi Kotkaniemi,C,MTL,8,FIN,Jesperi Kotkaniemi,C,518,78.0,125.0,203,False,MTL,"(2, 3]",776.3813047565832,491.9790049263708,-258.3813047565832,-288.9790049263708
2018,4,1,4,8480801,Brady Tkachuk,LW,OTT,9,USA,Brady Tkachuk,L,572,213.0,250.0,463,False,OTT,"(3, 4]",744.5274213101472,459.82791681727923,-172.52742131014725,3.172083182720769
2018,5,1,5,8480849,Barrett Hayton,C,ARI,53,CAN,Barrett Hayton,C,358,65.0,90.0,155,False,UTA,"(4, 5]",714.1361500778175,429.977365263173,-356.13615007781755,-274.977365263173
2018,6,1,6,8480821,Filip Zadina,RW,DET,17,CZE,Filip Zadina,R,262,41.0,50.0,91,False,DET,"(5, 6]",685.1403333300681,402.26273784338173,-423.1403333300681,-311.26273784338173
2018,7,1,7,8480800,Quinn Hughes,D,VAN,23,USA,Quinn Hughes,D,507,66.0,419.0,485,False,VAN,"(6, 8]",657.4758969712924,376.5312008020775,-150.4758969712924,108.46879919792252
2018,8,1,8,8480871,Adam Boqvist,D,CHI,16,SWE,Adam Boqvist,D,272,27.0,76.0,103,False,CHI,"(6, 8]",631.0817089507688,352.6408562385712,-359.08170895076876,-249.6408562385712
2018,9,1,9,8480833,Vitali Kravtsov,RW,NYR,3,RUS,Vitali Kravtsov,R,64,6.0,6.0,12,False,NYR,"(8, 10]",605.8994441748678,330.45995960395163,-541.8994441748678,-318.45995960395163
2018,10,1,10,8480803,Evan Bouchard,D,EDM,22,CAN,Evan Bouchard,D,429,76.0,257.0,333,False,EDM,"(8, 10]",581.8734556219907,309.8661931889113,-152.87345562199073,23.133806811088675
2018,11,1,11,8480789,Oliver Wahlstrom,RW,NYI,2,USA,Oliver Wahlstrom,R,236,37.0,36.0,73,False,NYI,"(10, 12]",558.9506513754325,290.7459915963702,-322.95065137543247,-217.74599159637017
2018,12,1,12,8480865,Noah Dobson,D,NYI,2,CAN,Noah Dobson,D,468,62.0,215.0,277,False,NYI,"(10, 12]",537.0803773024388,272.99391547918094,-69.08037730243882,4.0060845208190585
2018,13,1,13,8480848,Ty Dellandrea,C,DAL,25,CAN,Ty Dellandrea,C,265,17.0,44.0,61,False,DAL,"(12, 15]",516.2143051202067,256.5120700893594,-251.21430512020675,-195.51207008935938
2018,14,1,14,8480797,Joel Farabee,LW,PHI,4,USA,Joel Farabee,L,497,113.0,132.0,245,False,PHI,"(12, 15]",496.30632560147916,241.20956543240027,0.6936743985208409,3.790434567599732
2018,15,1,15,8480844,Grigori Denisenko,LW,FLA,13,RUS,Grigori Denisenko,L,33,0.0,7.0,7,False,FLA,"(12, 15]",477.3124466837421,227.00201504967026,-444.3124466837421,-220.00201504967026
2018,16,1,16,8480822,Martin Kaut,RW,COL,21,CZE,Martin Kaut,R,56,6.0,5.0,11,False,COL,"(15, 20]",459.19069625687024,213.81107066488858,-403.19069625687024,-202.81107066488858
2018,17,1,17,8480883,Ty Smith,D,NJD,1,CAN,Ty Smith,D,131,9.0,40.0,49,False,NJD,"(15, 20]",441.90102941440335,201.5639901284781,-310.90102941440335,-152.5639901284781
2018,18,1,18,8480853,Liam Foudy,C,CBJ,29,CAN,Liam Foudy,C,105,7.0,15.0,22,False,CBJ,"(15, 20]",425.4052399634998,190.1932362771945,-320.4052399634998,-168.1932362771945
2018,19,1,19,8480877,Jay O'Brien,C,PHI,4,USA,Jay O'Brien,C,0,0.0,0.0,0,False,PHI,"(15, 20]",409.6668759980253,179.63610449692322,-409.6668759980253,-179.63610449692322
2018,20,1,20,8480845,Rasmus Kupari,C,LAK,26,FIN,Rasmus Kupari,C,217,14.0,24.0,38,False,LAK,"(15, 20]",394.651159348212,169.83437693482028,-177.651159348212,-131.83437693482028
2018,21,1,21,8480847,Ryan Merkley,D,SJS,28,CAN,Ryan Merkley,D,39,1.0,5.0,6,False,SJS,"(20, 25]",380.324908728891,160.7340014539319,-341.324908728891,-154.7340014539319
2018,22,1,22,8480817,K'Andre Miller,D,NYR,3,USA,K'Andre Miller,D,440,44.0,125.0,169,False,NYR,"(20, 25]",366.6564664164723,152.28479355987108,73.34353358352769,16.715206440128924
2018,23,1,23,8480806,Isac Lundestrom,C,ANA,24,SWE,Isac Lundeström,C,405,39.0,57.0,96,False,ANA,"(20, 25]",353.6156282926471,144.44015965581036,51.3843717073529,-48.44015965581036
2018,24,1,24,8480872,Filip Johansson,D,MIN,30,SWE,Filip Johansson,D,0,0.0,0.0,0,False,MIN,"(20, 25]",341.17357710022264,137.15684009966634,-341.17357710022264,-137.15684009966634
2018,25,1,25,8480827,Dominik Bokk,RW,STL,19,DEU,Dominik Bokk,R,0,0.0,0.0,0,False,STL,"(20, 25]",329.30281876360266,130.3946706465514,-329.30281876360266,-130.3946706465514
2018,26,1,26,8480879,Jacob Bernard-Docker,D,OTT,9,CAN,Jacob Bernard-Docker,D,207,7.0,22.0,29,False,OTT,"(25, 31]",317.97712163319443,124.11636096095384,-110.97712163319443,-95.11636096095384
2018,27,1,27,8480814,Nicolas Beaudin,D,CHI,16,CAN,Nicolas Beaudin,D,22,2.0,4.0,6,False,CHI,"(25, 31]",307.17145851948806,118.28728897724142,-285.17145851948806,-112.28728897724142
2018,28,1,28,8480878,Nils Lundkvist,D,NYR,3,SWE,Nils Lundkvist,D,235,12.0,43.0,55,False,NYR,"(25, 31]",296.86195138871545,112.87530997447791,-61.861951388715454,-57.875309974477915
2018,29,1,29,8480873,Rasmus Sandin,D,TOR,10,SWE,Rasmus Sandin,D,382,25.0,120.0,145,False,TOR,"(25, 31]",287.0258185978798,107.85057931268578,94.97418140212022,37.14942068731422
2018,30,1,30,8480813,Joe Veleno,C,DET,17,CAN,Joe Veleno,C,367,40.0,46.0,86,False,DET,"(25, 31]",277.6413245525565,103.18538785302533,89.35867544744349,-17.185387853025333
2018,31,1,31,8480823,Alexander Alexeyev,D,WSH,15,RUS,Alexander Alexeyev,D,80,1.0,7.0,8,False,WSH,"(25, 31]",268.6877316762219,98.85400915430591,-188.68773167622192,-90.85400915430591
2018,32,2,1,8480807,Mattias Samuelsson,D,BUF,7,USA,Mattias Samuelsson,D,290,20.0,64.0,84,False,BUF,"(31, 40]",260.14525458497144,94.83255760318657,29.85474541502856,-10.832557603186572
2018,33,2,2,8481013,Jonatan Berggren,RW,DET,17,SWE,Jonatan Berggren,R,205,37.0,43.0,80,False,DET,"(31, 40]",251.99501636636575,91.09885669571764,-46.995016366365746,-11.098856695717643
2018,34,2,3,8480856,Serron Noel,RW,FLA,13,CAN,Serron Noel,R,0,0.0,0.0,0,False,FLA,"(31, 40]",244.21900686578914,87.63231674385521,-244.21900686578914,-87.63231674385521
2018,35,2,4,8481058,Jesse Ylonen,RW,MTL,8,USA,Jesse Ylonen,R,111,12.0,17.0,29,False,MTL,"(31, 40]",236.80004288814456,84.41382133255445,-125.80004288814456,-55.41382133255445
2018,36,2,5,8480862,Jared McIsaac,D,DET,17,CAN,Jared McIsaac,D,0,0.0,0.0,0,False,DET,"(31, 40]",229.72173022693886,81.42562190130346,-229.72173022693886,-81.42562190130346
2018,37,2,6,8480808,Jett Woo,D,VAN,23,CAN,Jett Woo,D,0,0.0,0.0,0,False,VAN,"(31, 40]",222.96842743685136,78.65123986876237,-222.96842743685136,-78.65123986876237
2018,38,2,7,8481014,Alexander Romanov,D,MTL,8,RUS,Alexander Romanov,D,369,17.0,67.0,84,False,MTL,"(31, 40]",216.5252112697325,76.07537576076862,152.4747887302675,7.9246242392313775
2018,39,2,8,8481015,Olof Lindbom,G,NYR,3,SWE,Olof Lindbom,G,0,0.0,0.0,0,True,NYR,"(31, 40]",210.3778436976523,73.68382484059008,-210.3778436976523,
2018,40,2,9,8480802,Ryan McLeod,C,EDM,22,CAN,Ryan McLeod,C,379,66.0,116.0,182,False,EDM,"(31, 40]",204.51274045012914,71.46339877616482,174.48725954987086,110.53660122383518
2018,41,2,10,8480826,Bode Wilde,D,NYI,2,CAN,Bode Wilde,D,0,0.0,0.0,0,False,NYI,"(40, 50]",198.91694099601142,69.40185291235734,-198.91694099601142,-69.40185291235734
2018,42,2,11,8480835,Jack Drury,C,CAR,12,USA,Jack Drury,C,268,30.0,52.0,82,False,CAR,"(40, 50]",193.57807990368076,67.48781874717034,74.42192009631924,14.512181252829663
2018,43,2,12,8481016,Ruslan Iskhakov,C,NYI,2,RUS,Ruslan Iskhakov,C,1,0.0,1.0,1,False,NYI,"(40, 50]",188.48435951628767,65.71074123954845,-187.48435951628767,-64.71074123954845
2018,44,2,13,8481017,Albin Eriksson,RW,DAL,25,SWE,Albin Eriksson,R,0,0.0,0.0,0,False,DAL,"(40, 50]",183.62452388163973,64.06082060305499,-183.62452388163973,-64.06082060305499
2018,45,2,14,8481059,Scott Perunovich,D,STL,19,USA,Scott Perunovich,D,108,2.0,30.0,32,False,STL,"(40, 50]",178.98783387913235,62.528958264439325,-70.98783387913235,-30.528958264439325
2018,46,2,15,8480796,Martin Fehervary,D,WSH,15,SVK,Martin Fehérváry,D,380,27.0,75.0,102,False,WSH,"(40, 50]",174.56404348875844,61.106706689080966,205.43595651124156,40.893293310919034
2018,47,2,16,8480804,Kody Clark,RW,WSH,15,USA,Kody Clark,R,0,0.0,0.0,0,False,WSH,"(40, 50]",170.34337714975766,59.786222796620166,-170.34337714975766,-59.786222796620166
2018,48,2,17,8480811,Jonathan Tychonick,D,OTT,9,CAN,Jonny Tychonick,D,0,0.0,0.0,0,False,OTT,"(40, 50]",166.31650815887204,58.560224709882874,-166.31650815887204,-58.560224709882874
2018,49,2,18,8480893,Kirill Marchenko,RW,CBJ,29,RUS,Kirill Marchenko,R,292,102.0,106.0,208,False,CBJ,"(40, 50]",162.474538060474,57.42195159859,129.525461939526,150.57804840141
2018,50,2,19,8480874,Adam Ginning,D,PHI,4,SWE,Adam Ginning,D,16,1.0,0.0,1,False,PHI,"(40, 50]",158.8089769830231,56.365126396406794,-142.8089769830231,-55.365126396406794
2018,51,2,20,8480851,Akil Thomas,C,LAK,26,CAN,Akil Thomas,C,32,4.0,3.0,7,False,LAK,"(50, 65]",155.3117248783995,55.38392118573376,-123.3117248783995,-48.38392118573376
2018,52,2,21,8480434,Sean Durzi,D,TOR,10,CAN,Sean Durzi,D,302,30.0,114.0,144,False,TOR,"(50, 65]",151.97505362265838,54.472925059351624,150.02494637734162,89.52707494064838
2018,53,2,22,8480884,Calen Addison,D,PIT,5,CAN,Calen Addison,D,152,6.0,44.0,50,False,PIT,"(50, 65]",148.79158993865056,53.627114281691775,3.20841006134944,-3.6271142816917745
2018,54,2,23,8480870,Bo Groulx,C,ANA,24,CAN,Bo Groulx,C,78,4.0,6.0,10,False,ANA,"(50, 65]",145.7542991027736,52.8418245851849,-67.75429910277359,-42.8418245851849
2018,55,2,24,8480860,Kevin Bahl,D,ARI,53,CAN,Kevin Bahl,D,297,11.0,52.0,63,False,UTA,"(50, 65]",142.85646939984818,52.11272544891468,154.14353060015182,10.88727455108532
2018,56,2,25,8480841,Jacob Olofsson,C,MTL,8,SWE,Jacob Olofsson,C,0,0.0,0.0,0,False,MTL,"(50, 65]",140.0916972917691,51.43579621773465,-140.0916972917691,-51.43579621773465
2018,57,2,26,8481018,Axel Andersson,D,BOS,6,SWE,Axel Andersson,D,0,0.0,0.0,0,False,BOS,"(50, 65]",137.45387326715675,50.80730393015615,-137.45387326715675,-50.80730393015615
2018,58,2,27,8480842,Filip Hallander,C,PIT,5,SWE,Filip Hallander,C,16,1.0,3.0,4,False,PIT,"(50, 65]",134.93716834074,50.22378273273779,-118.93716834073999,-46.22378273273779
2018,59,2,28,8480863,Gabriel Fortier,LW,TBL,14,CAN,Gabriel Fortier,L,11,1.0,0.0,1,False,TBL,"(50, 65]",132.53602117263767,49.68201476745624,-121.53602117263767,-48.68201476745624
2018,60,2,29,8481019,David Gustafsson,C,WPG,52,SWE,David Gustafsson,C,149,6.0,14.0,20,False,WPG,"(50, 65]",130.2451257790745,49.179012426660584,18.7548742209255,-29.179012426660584
2018,61,2,30,8480894,Ivan Morozov,C,VGK,54,RUS,Ivan Morozov,C,0,0.0,0.0,0,False,VGK,"(50, 65]",128.05941980737566,48.71200187775444,-128.05941980737566,-48.71200187775444
2018,62,2,31,8480885,Olivier Rodrigue,G,EDM,22,CAN,Olivier Rodrigue,G,2,0.0,0.0,0,True,EDM,"(50, 65]",125.97407334933011,48.278407766751634,-123.97407334933011,
2018,63,3,1,8480855,Jack McBain,C,MIN,30,CAN,Jack McBain,C,316,44.0,63.0,107,False,MIN,"(50, 65]",123.98447826820251,47.875839016352614,192.0155217317975,59.124160983647386
2018,64,3,2,8481020,Justus Annunen,G,COL,21,FIN,Justus Annunen,G,80,0.0,1.0,0,True,COL,"(50, 65]",122.08623801580958,47.50207564022413,-42.086238015809585,
2018,65,3,3,8480890,Jan Jenik,RW,ARI,53,CZE,Jan Jenik,C,24,4.0,2.0,6,False,UTA,"(50, 65]",120.27515791715824,47.15505650076909,-96.27515791715824,-41.15505650076909
2018,66,3,4,8480858,Cam Hillis,C,MTL,8,CAN,Cam Hillis,C,1,0.0,0.0,0,False,MTL,"(65, 80]",118.54723590117729,46.832867942875936,-117.54723590117729,-46.832867942875936
2018,67,3,5,8480831,Alec Regula,D,DET,17,USA,Alec Regula,D,51,1.0,3.0,4,False,DET,"(65, 80]",116.89865365705954,46.53373324096787,-65.89865365705954,-42.53373324096787
2018,68,3,6,8480805,Tyler Madden,C,VAN,23,USA,Tyler Madden,C,0,0.0,0.0,0,False,VAN,"(65, 80]",115.32576819667179,46.25600280115723,-115.32576819667179,-46.25600280115723
2018,69,3,7,8480793,Jake Wise,C,CHI,16,USA,Jake Wise,C,0,0.0,0.0,0,False,CHI,"(65, 80]",113.82510380438777,45.99814506447404,-113.82510380438777,-45.99814506447404
2018,70,3,8,8481021,Jacob Ragnarsson,D,NYR,3,USA,Jacob Ragnarsson,D,0,0.0,0.0,0,False,NYR,"(65, 80]",112.39334435655485,45.75873806100437,-112.39334435655485,-45.75873806100437
2018,71,3,9,8480887,Jordan Harris,D,MTL,8,USA,Jordan Harris,D,172,10.0,30.0,40,False,MTL,"(65, 80]",111.02732599362243,45.53646156836322,60.972674006377574,-5.536461568363222
2018,72,3,10,8480819,Jakub Skarek,G,NYI,2,CZE,Jakub Skarek,G,2,0.0,0.0,0,True,NYI,"(65, 80]",109.72403012873889,45.33008983125943,-107.72403012873889,
2018,73,3,11,8480834,Ty Emberson,D,ARI,53,USA,Ty Emberson,D,178,5.0,30.0,35,False,UTA,"(65, 80]",108.48057677736796,45.13848480200428,69.51942322263204,-10.138484802004278
2018,74,3,12,8480875,Niklas Nordgren,RW,CHI,16,FIN,Niklas Nordgren,R,0,0.0,0.0,0,False,CHI,"(65, 80]",107.29421819318438,44.960589864688316,-107.29421819318438,-44.960589864688316
2018,75,3,13,8480840,Oskar Back,C,DAL,25,SWE,Oskar Bäck,C,145,9.0,19.0,28,False,DAL,"(65, 80]",106.16233279618547,44.795424008417875,38.83766720381453,-16.795424008417875
2018,76,3,14,8480977,Semyon Der-Arguchintsev,C,TOR,10,RUS,Semyon Der-Arguchintsev,C,1,0.0,0.0,0,False,TOR,"(65, 80]",105.08241937960153,44.64207641747942,-104.08241937960153,-44.64207641747942
2018,77,3,15,8480880,Jakub Lauko,C,BOS,6,CZE,Jakub Lauko,C,139,11.0,17.0,28,False,BOS,"(65, 80]",104.05209158280329,44.49970144859892,34.947908417196714,-16.49970144859892
2018,78,3,16,8480846,Sampo Ranta,LW,COL,21,FIN,Sampo Ranta,L,16,0.0,0.0,0,False,COL,"(65, 80]",103.06907261799299,44.36751396759794,-87.06907261799299,-44.36751396759794
2018,79,3,17,8480816,Blake McLaughlin,LW,ANA,24,USA,Blake McLaughlin,L,0,0.0,0.0,0,False,ANA,"(65, 80]",102.13119023902618,44.24478501973033,-102.13119023902618,-44.24478501973033
2018,80,3,18,8481022,Marcus Karlberg,LW,CBJ,29,SWE,Marcus Karlberg,L,0,0.0,0.0,0,False,CBJ,"(65, 80]",101.23637194124682,44.13083780982339,-101.23637194124682,-44.13083780982339
2018,81,3,19,8480882,Seth Barton,D,DET,17,CAN,Seth Barton,D,0,0.0,0.0,0,False,DET,"(80, 100]",100.38264038172775,44.02504397005559,-100.38264038172775,-44.02504397005559
2018,82,3,20,8480978,Bulat Shafigullin,LW,LAK,26,RUS,Bulat Shafigullin,L,0,0.0,0.0,0,False,LAK,"(80, 100]",99.56810900979711,43.92682009478953,-99.56810900979711,-43.92682009478953
2018,83,3,21,8480810,Riley Stotts,C,TOR,10,CAN,Riley Stotts,C,0,0.0,0.0,0,False,TOR,"(80, 100]",98.79097789819461,43.835624523351164,-98.79097789819461,-43.835624523351164
2018,84,3,22,8481023,Jesper Eliasson,G,DET,17,SWE,Jesper Eliasson,G,0,0.0,0.0,0,True,DET,"(80, 100]",98.0495297656456,43.750954353013846,-98.0495297656456,
2018,85,3,23,8480843,Lukas Dostal,G,ANA,24,CZE,Lukas Dostal,G,177,0.0,1.0,0,True,ANA,"(80, 100]",97.34212618206395,43.672342665715014,79.65787381793605,
2018,86,3,24,8480824,Alexander Khovanov,C,MIN,30,RUS,Alexander Khovanov,C,0,0.0,0.0,0,False,MIN,"(80, 100]",96.66720394799776,43.59935595321225,-96.66720394799776,-43.59935595321225
2018,87,3,25,8481024,Linus Karlsson,C,SJS,28,SWE,Linus Karlsson,C,106,18.0,23.0,41,False,SJS,"(80, 100]",96.02327164031772,43.53159172647953,9.976728359682284,-2.531591726479533
2018,88,3,26,8480466,Joey Keane,D,NYR,3,USA,Joey Keane,D,2,0.0,0.0,0,False,NYR,"(80, 100]",95.40890631651433,43.468676296160474,-93.40890631651433,-43.468676296160474
2018,89,3,27,8481025,Logan Hutsko,RW,FLA,13,USA,Logan Hutsko,R,0,0.0,0.0,0,False,FLA,"(80, 100]",94.822750370322,43.410262711838996,-94.822750370322,-43.410262711838996
2018,90,3,28,8481060,Dmitry Semykin,D,TBL,14,RUS,Dmitry Semykin,D,0,0.0,0.0,0,False,TBL,"(80, 100]",94.26350853172075,43.35602884876314,-94.26350853172075,-43.35602884876314
2018,91,3,29,8480979,Nate Smith,C,WPG,52,USA,Nate Smith,C,14,2.0,2.0,4,False,WPG,"(80, 100]",93.72994500468717,43.30567563147135,-79.72994500468717,-39.30567563147135
2018,92,3,30,8480980,Connor Dewar,C,MIN,30,CAN,Connor Dewar,C,316,37.0,46.0,83,False,MIN,"(80, 100]",93.22088073636887,43.25892538452533,222.77911926363112,39.74107461547467
2018,93,3,31,8480791,Riley Sutter,RW,WSH,15,CAN,Riley Sutter,R,0,0.0,0.0,0,False,WSH,"(80, 100]",92.73519081164858,43.21552030125429,-92.73519081164858,-43.21552030125429
2018,94,4,1,8480881,Matej Pekar,C,BUF,7,CZE,Matej Pekar,C,0,0.0,0.0,0,False,BUF,"(80, 100]",92.27180196733998,43.17522102206672,-92.27180196733998,-43.17522102206672
2018,95,4,2,8480836,Jonathan Gruden,C,OTT,9,USA,Jonathan Gruden,L,16,1.0,0.0,1,False,OTT,"(80, 100]",91.8296902205227,43.13780531448942,-75.8296902205227,-42.13780531448942
2018,96,4,3,8480869,Luke Henman,C,CAR,12,CAN,Luke Henman,C,0,0.0,0.0,0,False,CAR,"(80, 100]",91.4078786057751,43.10306684765496,-91.4078786057751,-43.10306684765496
2018,97,4,4,8480854,Allan McShane,C,MTL,8,CAN,Allan McShane,C,0,0.0,0.0,0,False,MTL,"(80, 100]",91.00543501630513,43.070814054479364,-91.00543501630513,-43.070814054479364
2018,98,4,5,8481026,Ryan O'Reilly,RW,DET,17,USA,Ryan O'Reilly,R,0,0.0,0.0,0,False,DET,"(80, 100]",90.62147014420842,43.040869075255486,-90.62147014420842,-43.040869075255486
2018,99,4,6,8480888,Stanislav Demin,D,VGK,54,USA,Stanislav Demin,D,0,0.0,0.0,0,False,VGK,"(80, 100]",90.25513551530203,43.01306677683635,-90.25513551530203,-43.01306677683635
2018,100,4,7,8479374,Adam Mascherin,LW,DAL,25,CAN,Adam Mascherin,L,0,0.0,0.0,0,False,DAL,"(80, 100]",89.90562161419135,42.987253841999824,-89.90562161419135,-42.987253841999824
2018,101,4,8,8480832,Nico Gross,D,NYR,3,CHE,Nico Gross,D,0,0.0,0.0,0,False,NYR,"(100, 125]",89.572156095427,42.96328792397285,-89.572156095427,-42.96328792397285
2018,102,4,9,8481061,Jasper Weatherby,C,SJS,28,USA,Jasper Weatherby,C,50,5.0,6.0,11,False,SJS,"(100, 125]",89.25400207679884,42.94103686145272,-39.25400207679884,-31.941036861452723
2018,103,4,10,8480795,Jacob Pivonka,C,NYI,2,USA,Jacob Pivonka,C,0,0.0,0.0,0,False,NYI,"(100, 125]",88.95045651099544,42.9203779497967,-88.95045651099544,-42.9203779497967
2018,104,4,11,8481027,Lenni Killinen,RW,CAR,12,FIN,Lenni Killinen,R,0,0.0,0.0,0,False,CAR,"(100, 125]",88.66084863203102,42.90119726436088,-88.66084863203102,-42.90119726436088
2018,105,4,12,8481028,Martin Pospisil,C,CGY,20,SVK,Martin Pospisil,C,166,13.0,39.0,52,False,CGY,"(100, 125]",88.38453847300667,42.88338903225681,77.61546152699333,9.116610967743192
2018,106,4,13,8480876,Curtis Douglas,C,DAL,25,CAN,Curtis Douglas,C,43,1.0,3.0,4,False,DAL,"(100, 125]",88.12091545193053,42.8668550490614,-45.12091545193053,-38.8668550490614
2018,107,4,14,8480981,Joel Hofer,G,STL,19,CAN,Joel Hofer,G,115,0.0,3.0,0,True,STL,"(100, 125]",87.86939702247173,42.85150413726349,27.13060297752827,
2018,108,4,15,8481062,Demetrios Koumontzis,LW,CGY,20,USA,Demetrios Koumontzis,L,0,0.0,0.0,0,False,CGY,"(100, 125]",87.62942738666686,42.83725164346075,-87.62942738666686,-42.83725164346075
2018,109,4,16,8480837,Tyler Weiss,LW,COL,21,USA,Tyler Weiss,L,0,0.0,0.0,0,False,COL,"(100, 125]",87.4004762667341,42.82401897153408,-87.4004762667341,-42.82401897153408
2018,110,4,17,8480886,Xavier Bernard,D,NJD,1,CAN,Xavier Bernard,D,0,0.0,0.0,0,False,NJD,"(100, 125]",87.1820377332811,42.8117331492252,-87.1820377332811,-42.8117331492252
2018,111,4,18,8481029,Jachym Kondelik,C,NSH,18,DEU,Jachym Kondelik,C,0,0.0,0.0,0,False,NSH,"(100, 125]",86.97362908731724,42.80032642572733,-86.97362908731724,-42.80032642572733
2018,112,4,19,8481030,Jack St. Ivany,D,PHI,4,USA,Jack St. Ivany,D,53,0.0,9.0,9,False,PHI,"(100, 125]",86.7747897935997,42.78973589806988,-33.774789793599695,-33.78973589806988
2018,113,4,20,8480850,Aidan Dudas,C,LAK,26,CAN,Aidan Dudas,C,0,0.0,0.0,0,False,LAK,"(100, 125]",86.58508046295634,42.77990316423669,-86.58508046295634,-42.77990316423669
2018,114,4,21,8481031,Ivan Prosvetov,G,ARI,53,RUS,Ivan Prosvetov,G,24,0.0,0.0,0,True,UTA,"(100, 125]",86.4040818813366,42.770774001105124,-62.404081881336595,
2018,115,4,22,8481032,Paul Cotter,C,VGK,54,USA,Paul Cotter,L,296,47.0,35.0,82,False,VGK,"(100, 125]",86.23139408344461,42.76229806542979,209.76860591655537,39.23770193457021
2018,116,4,23,8480815,Jack Perbix,RW,ANA,24,USA,Jack Perbix,R,0,0.0,0.0,0,False,ANA,"(100, 125]",86.06663546890789,42.754428616222114,-86.06663546890789,-42.754428616222114
2018,117,4,24,8480982,Linus Lindstrand Cronholm,D,BUF,7,SWE,Linus Lindstrand Cronholm,D,0,0.0,0.0,0,False,BUF,"(100, 125]",85.90944195902806,42.747122256994736,-85.90944195902806,-42.747122256994736
2018,118,4,25,8480439,Mac Hollowell,D,TOR,10,CAN,Mac Hollowell,D,6,0.0,2.0,2,False,TOR,"(100, 125]",85.75946619225057,42.7403386964493,-79.75946619225057,-40.7403386964493
2018,119,4,26,8480838,Curtis Hall,C,BOS,6,USA,Curtis Hall,C,0,0.0,0.0,0,False,BOS,"(100, 125]",85.61637675657546,42.734040526288005,-85.61637675657546,-42.734040526288005
2018,120,4,27,8480798,Philipp Kurashev,C,CHI,16,CHE,Philipp Kurashev,C,360,55.0,95.0,150,False,CHI,"(100, 125]",85.47985745721293,42.72819301492359,274.5201425427871,107.27180698507641
2018,121,4,28,8481063,Alexander Green,D,TBL,14,USA,Alexander Green,D,0,0.0,0.0,0,False,TBL,"(100, 125]",85.34960661786548,42.72276391595019,-85.34960661786548,-42.72276391595019
2018,122,4,29,8480792,Milos Roman,C,CGY,20,SVK,Milos Roman,C,0,0.0,0.0,0,False,CGY,"(100, 125]",85.22533641409257,42.71772329031886,-85.22533641409257,-42.71772329031886
2018,123,4,30,8480889,Jack Gorniak,LW,MTL,8,USA,Jack Gorniak,L,0,0.0,0.0,0,False,MTL,"(100, 125]",85.10677223728473,42.713043341237125,-85.10677223728473,-42.713043341237125
2018,124,4,31,8481064,Mitchell Gibson,G,WSH,15,USA,Mitchell Gibson,G,0,0.0,0.0,0,True,WSH,"(100, 125]",84.9936520878416,42.708698260882116,-84.9936520878416,
2018,125,5,1,8480983,Miska Kukkonen,D,BUF,7,FIN,Miska Kukkonen,D,0,0.0,0.0,0,False,BUF,"(100, 125]",84.88572599621297,42.70466408808199,-84.88572599621297,-42.70466408808199
2018,126,5,2,8481065,Angus Crookshank,LW,OTT,9,CAN,Angus Crookshank,C,29,3.0,2.0,5,False,OTT,"(125, 150]",84.78275547052348,42.700918576180825,-55.78275547052348,-37.700918576180825
2018,127,5,3,8480984,Wyatte Wylie,D,PHI,4,USA,Wyatte Wylie,D,0,0.0,0.0,0,False,PHI,"(125, 150]",84.6845129695604,42.697441070358224,-84.6845129695604,-42.697441070358224
2018,128,5,4,8480809,Cole Fonstad,C,MTL,8,CAN,Cole Fonstad,C,0,0.0,0.0,0,False,MTL,"(125, 150]",84.59078139995972,42.69421239372728,-84.59078139995972,-42.69421239372728
2018,129,5,5,8480985,Justin Almeida,C,PIT,5,CAN,Justin Almeida,C,0,0.0,0.0,0,False,PIT,"(125, 150]",84.50135363647975,42.69121474158261,-84.50135363647975,-42.69121474158261
2018,130,5,6,8481066,Toni Utunen,D,VAN,23,FIN,Toni Utunen,D,0,0.0,0.0,0,False,VAN,"(125, 150]",84.41603206430189,42.688431583215404,-84.41603206430189,-42.688431583215404
2018,131,5,7,8481056,Spencer Stastney,D,NSH,18,USA,Spencer Stastney,D,117,4.0,15.0,19,False,NSH,"(125, 150]",84.33462814234724,42.68584757075394,32.66537185765276,-23.685847570753943
2018,132,5,8,8480986,Lauri Pajuniemi,RW,NYR,3,FIN,Lauri Pajuniemi,R,0,0.0,0.0,0,False,NYR,"(125, 150]",84.25696198664414,42.68344845452697,-84.25696198664414,-42.68344845452697
2018,133,5,9,8480987,Samuel Houde,C,MTL,8,CAN,Samuel Houde,C,0,0.0,0.0,0,False,MTL,"(125, 150]",84.1828619728259,42.68122100448314,-84.1828619728259,-42.68122100448314
2018,134,5,10,8480799,Blade Jenkins,LW,NYI,2,USA,Blade Jenkins,L,0,0.0,0.0,0,False,NYI,"(125, 150]",84.1121643568804,42.67915293723323,-84.1121643568804,-42.67915293723323
2018,135,5,11,8481067,Brandon Kruse,LW,VGK,54,USA,Brandon Kruse,L,0,0.0,0.0,0,False,VGK,"(125, 150]",84.04471291331333,42.67723284831272,-84.04471291331333,-42.67723284831272
2018,136,5,12,8481033,Akira Schmid,G,NJD,1,CHE,Akira Schmid,G,82,0.0,3.0,0,True,NJD,"(125, 150]",83.98035858992586,42.67545014929128,-1.9803585899258564,
2018,137,5,13,8480988,Riley Damiani,C,DAL,25,CAN,Riley Damiani,C,7,1.0,1.0,2,False,DAL,"(125, 150]",83.91895917844342,42.673795009382346,-76.91895917844342,-40.673795009382346
2018,138,5,14,8481070,Hugh McGing,LW,STL,19,USA,Hugh McGing,L,9,1.0,1.0,2,False,STL,"(125, 150]",83.86037900026808,42.67225830123072,-74.86037900026808,-40.67225830123072
2018,139,5,15,8481034,Mikael Hakkarainen,C,CHI,16,FIN,Mikael Hakkarainen,C,0,0.0,0.0,0,False,CHI,"(125, 150]",83.80448860666007,42.670831550579294,-83.80448860666007,-42.670831550579294
2018,140,5,16,8479460,Brandon Saigeon,C,COL,21,CAN,Brandon Saigeon,C,0,0.0,0.0,0,False,COL,"(125, 150]",83.75116449268575,42.66950688953732,-83.75116449268575,-42.66950688953732
2018,141,5,17,8481068,Yegor Sharangovich,C,NJD,1,BLR,Yegor Sharangovich,C,438,116.0,110.0,226,False,NJD,"(125, 150]",83.70028882430006,42.66827701319251,354.29971117569994,183.3317229868075
2018,142,5,18,8480828,Michael Callahan,D,ARI,53,USA,Michael Callahan,D,22,1.0,0.0,1,False,UTA,"(125, 150]",83.65174917796037,42.66713513932773,-61.65174917796037,-41.66713513932773
2018,143,5,19,8481035,Samuel Ersson,G,PHI,4,SWE,Samuel Ersson,G,143,0.0,1.0,0,True,PHI,"(125, 150]",83.60543829219628,42.666074971020116,59.39456170780372,
2018,144,5,20,8481069,David Hrenak,G,LAK,26,SVK,David Hrenak,G,0,0.0,0.0,0,True,LAK,"(125, 150]",83.56125383058635,42.665090661916324,-83.56125383058635,
2018,145,5,21,8480989,Dennis Busby,D,ARI,53,CAN,Dennis Busby,D,0,0.0,0.0,0,False,UTA,"(125, 150]",83.5190981556182,42.66417678399255,-83.5190981556182,-42.66417678399255
2018,146,5,22,8481071,Danila Zhuravlyov,D,COL,21,RUS,Danila Zhuravlyov,D,0,0.0,0.0,0,False,COL,"(125, 150]",83.47887811293191,42.663328297621426,-83.47887811293191,-42.663328297621426
2018,147,5,23,8481036,Roman Durny,G,ANA,24,SVK,Roman Durny,G,0,0.0,0.0,0,True,ANA,"(125, 150]",83.44050482547043,42.66254052378066,-83.44050482547043,
2018,148,5,24,8481037,Simon Johansson,D,MIN,30,SWE,Simon Johansson,D,0,0.0,0.0,0,False,MIN,"(125, 150]",83.40389349708157,42.66180911825041,-83.40389349708157,-42.66180911825041
2018,149,5,25,8480820,Filip Kral,D,TOR,10,CZE,Filip Kral,D,2,0.0,0.0,0,False,TOR,"(125, 150]",83.36896322513803,42.66113004765679,-81.36896322513803,-42.66113004765679
2018,150,5,26,8480990,Declan Chisholm,D,WPG,52,CAN,Declan Chisholm,D,125,6.0,22.0,28,False,WPG,"(125, 150]",83.33563682176118,42.66049956722966,41.664363178238816,-14.660499567229657
2018,151,5,27,8480991,Vladislav Yeryomenko,D,NSH,18,BLR,Vladislav Yeryomenko,D,0,0.0,0.0,0,False,NSH,"(150, 180]",83.30384064325355,42.65991420015188,-83.30384064325355,-42.65991420015188
2018,152,5,28,8480992,Magnus Chrona,G,TBL,14,SWE,Magnus Chrona,G,9,0.0,0.0,0,True,TBL,"(150, 180]",83.27350442736322,42.65937071838622,-74.27350442736322,
2018,153,5,29,8480852,Giovanni Vallati,D,WPG,52,CAN,Giovanni Vallati,D,0,0.0,0.0,0,False,WPG,"(150, 180]",83.2445611380203,42.658866124874194,-83.2445611380203,-42.658866124874194
2018,154,5,30,8480993,Connor Corcoran,D,VGK,54,CAN,Connor Corcoran,D,0,0.0,0.0,0,False,VGK,"(150, 180]",83.2169468172027,42.6583976370086,-83.2169468172027,-42.6583976370086
2018,155,5,31,8480994,Damien Giroux,C,MIN,30,CAN,Damien Giroux,C,1,0.0,1.0,1,False,MIN,"(150, 180]",83.19060044360353,42.657962671288715,-82.19060044360353,-41.657962671288715
2018,156,6,1,8480995,Pontus Holmberg,RW,TOR,10,SWE,Pontus Holmberg,R,229,30.0,41.0,71,False,TOR,"(150, 180]",83.16546379778804,42.65755882907344,145.83453620221195,28.342441170926563
2018,157,6,2,8480867,Kevin Mandolese,G,OTT,9,CAN,Kevin Mandolese,G,3,0.0,0.0,0,True,OTT,"(150, 180]",83.14148133354207,42.657183883353845,-80.14148133354207,
2018,158,6,3,8480996,David Tendeck,G,ARI,53,CAN,David Tendeck,G,0,0.0,0.0,0,True,UTA,"(150, 180]",83.11860005512764,42.656835766472234,-83.11860005512764,
2018,159,6,4,8481072,Tim Berni,D,CBJ,29,CHE,Tim Berni,D,59,1.0,2.0,3,False,CBJ,"(150, 180]",83.09676940017454,42.65651255871995,-24.096769400174537,-39.65651255871995
2018,160,6,5,8480997,Victor Brattstrom,G,DET,17,SWE,Victor Brattstrom,G,0,0.0,0.0,0,True,DET,"(150, 180]",83.07594112794911,42.65621247775101,-83.07594112794911,
2018,161,6,6,8480998,Alex Kannok-Leipert,D,WSH,15,THA,Alex Kannok-Leipert,D,0,0.0,0.0,0,False,WSH,"(150, 180]",83.05606921275334,42.65593386875329,-83.05606921275334,-42.65593386875329
2018,162,6,7,8480868,Alexis Gravel,G,CHI,16,DEU,Alexis Gravel,G,0,0.0,0.0,0,True,CHI,"(150, 180]",83.03710974221858,42.65567519532296,-83.03710974221858,
2018,163,6,8,8481038,Simon Kjellberg,D,NYR,3,USA,Simon Kjellberg,D,0,0.0,0.0,0,False,NYR,"(150, 180]",83.01902082026932,42.655435030991924,-83.01902082026932,-42.655435030991924
2018,164,6,9,8480891,Michael Kesselring,D,EDM,22,USA,Michael Kesselring,D,190,12.0,43.0,55,False,EDM,"(150, 180]",83.0017624745425,42.65521205136148,106.9982375254575,12.344787948638519
2018,165,6,10,8481039,Johan Sodergran,RW,LAK,26,SWE,Johan Sodergran,R,0,0.0,0.0,0,False,LAK,"(150, 180]",82.98529656805775,42.65500502679885,-82.98529656805775,-42.65500502679885
2018,166,6,11,8481040,Jesper Sellgren,D,CAR,12,SWE,Jesper Sellgren,D,0,0.0,0.0,0,False,CAR,"(150, 180]",82.96958671494343,42.654812815656285,-82.96958671494343,-42.654812815656285
2018,167,6,12,8481041,Mathias Emilio Pettersen,C,CGY,20,NOR,Mathias Emilio Pettersen,C,0,0.0,0.0,0,False,CGY,"(150, 180]",82.95459820003221,42.65463435797545,-82.95459820003221,-42.65463435797545
2018,168,6,13,8480999,Dawson Barteaux,D,DAL,25,CAN,Dawson Barteaux,D,0,0.0,0.0,0,False,DAL,"(150, 180]",82.9402979021485,42.65446866964217,-82.9402979021485,-42.65446866964217
2018,169,6,14,8481000,Mathias Laferriere,RW,STL,19,CAN,Mathias Laferriere,R,0,0.0,0.0,0,False,STL,"(150, 180]",82.92665422091831,42.6543148369595,-82.92665422091831,-42.6543148369595
2018,170,6,15,8481073,Justin Schutz,LW,FLA,13,DEU,Justin Schutz,L,0,0.0,0.0,0,False,FLA,"(150, 180]",82.91363700693962,42.65417201160911,-82.91363700693962,-42.65417201160911
2018,171,6,16,8481042,Nikolai Kovalenko,RW,COL,21,USA,Nikolai Kovalenko,R,57,7.0,13.0,20,False,COL,"(150, 180]",82.9012174951592,42.65403940597316,-25.9012174951592,-22.65403940597316
2018,172,6,17,8480861,Mitchell Hoelscher,C,NJD,1,CAN,Mitchell Hoelscher,C,0,0.0,0.0,0,False,NJD,"(150, 180]",82.88936824130836,42.653916288790974,-82.88936824130836,-42.653916288790974
2018,173,6,18,8481001,Veini Vehvilainen,G,CBJ,29,FIN,Veini Vehvilainen,G,1,0.0,0.0,0,True,CBJ,"(150, 180]",82.87806306125748,42.653801981126435,-81.87806306125748,
2018,174,6,19,8481057,Gavin Hain,C,PHI,4,USA,Gavin Hain,C,0,0.0,0.0,0,False,PHI,"(150, 180]",82.86727697315509,42.65369585262398,-82.86727697315509,-42.65369585262398
2018,175,6,20,8480857,Jacob Ingham,G,LAK,26,CAN,Jacob Ingham,G,0,0.0,0.0,0,True,LAK,"(150, 180]",82.85698614222369,42.65359731803246,-82.85698614222369,
2018,176,6,21,8481002,Zachary Emond,G,SJS,28,CAN,Zachary Emond,G,0,0.0,0.0,0,True,SJS,"(150, 180]",82.8471678280904,42.65350583397773,-82.8471678280904,
2018,177,6,22,8481074,Liam Gorman,C,PIT,5,USA,Liam Gorman,C,0,0.0,0.0,0,False,PIT,"(150, 180]",82.83780033453596,42.65342089596622,-82.83780033453596,-42.65342089596622
2018,178,6,23,8481003,Hunter Drew,D,ANA,24,CAN,Hunter Drew,D,2,0.0,0.0,0,False,ANA,"(150, 180]",82.82886296155098,42.653342035602826,-80.82886296155098,-42.653342035602826
2018,179,6,24,8480409,Shawn Boudrias,RW,MIN,30,CAN,Shawn Boudrias,R,0,0.0,0.0,0,False,MIN,"(150, 180]",82.82033595959383,42.65326881800799,-82.82033595959383,-42.65326881800799
2018,180,6,25,8481075,Peter Diliberatore,D,VGK,54,CAN,Peter Diliberatore,D,0,0.0,0.0,0,False,VGK,"(150, 180]",82.81220048594854,42.65320083941945,-82.81220048594854,-42.65320083941945
2018,181,6,26,8481076,Dustyn McFaul,D,BOS,6,CAN,Dustyn McFaul,D,0,0.0,0.0,0,False,BOS,"(180, 211]",82.80443856308683,42.65313772496576,-82.80443856308683,-42.65313772496576
2018,182,6,27,8481077,John Leonard,LW,SJS,28,USA,John Leonard,L,81,8.0,13.0,21,False,SJS,"(180, 211]",82.79703303894182,42.65307912659897,-1.7970330389418194,-21.653079126598968
2018,183,6,28,8481043,Cole Koepke,LW,TBL,14,USA,Cole Koepke,L,165,19.0,18.0,37,False,TBL,"(180, 211]",82.78996754900598,42.653024721175335,82.21003245099402,-5.653024721175335
2018,184,6,29,8481044,Jared Moe,G,WPG,52,USA,Jared Moe,G,0,0.0,0.0,0,True,WPG,"(180, 211]",82.78322648016925,42.652974208673314,-82.78322648016925,
2018,185,6,30,8480864,Xavier Bouchard,D,VGK,54,CAN,Xavier Bouchard,D,0,0.0,0.0,0,False,VGK,"(180, 211]",82.7767949362177,42.652927310539084,-82.7767949362177,-42.652927310539084
2018,186,6,31,8481045,Artyom Manukyan,RW,VAN,23,RUS,Artyom Manukyan,R,0,0.0,0.0,0,False,VAN,"(180, 211]",82.77065870491634,42.65288376815045,-82.77065870491634,-42.65288376815045
2018,187,7,1,8481046,William Worge Kreu,D,BUF,7,SWE,William Worge Kreu,D,0,0.0,0.0,0,False,BUF,"(180, 211]",82.76480422660329,42.652843341390636,-82.76480422660329,-42.652843341390636
2018,188,7,2,8481078,Jakov Novak,LW,OTT,9,CAN,Jakov Novak,L,0,0.0,0.0,0,False,OTT,"(180, 211]",82.75921856422605,42.65280580732417,-82.75921856422605,-42.65280580732417
2018,189,7,3,8480892,Liam Kirk,LW,ARI,53,GBR,Liam Kirk,L,0,0.0,0.0,0,False,UTA,"(180, 211]",82.7538893747536,42.652770958967494,-82.7538893747536,-42.652770958967494
2018,190,7,4,8481079,Brett Stapley,C,MTL,8,CAN,Brett Stapley,C,0,0.0,0.0,0,False,MTL,"(180, 211]",82.74880488190117,42.65273860414752,-82.74880488190117,-42.65273860414752
2018,191,7,5,8481047,Otto Kivenmaki,C,DET,17,FIN,Otto Kivenmaki,R,0,0.0,0.0,0,False,DET,"(180, 211]",82.7439538501073,42.65270856444192,-82.7439538501073,-42.65270856444192
2018,192,7,6,8481080,Matthew Thiessen,G,VAN,23,CAN,Matthew Thiessen,G,0,0.0,0.0,0,True,VAN,"(180, 211]",82.73932555970585,42.65268067419517,-82.73932555970585,
2018,193,7,7,8481004,Josiah Slavin,LW,CHI,16,USA,Josiah Slavin,L,17,0.0,1.0,1,False,CHI,"(180, 211]",82.73490978323798,42.652654779605044,-65.73490978323798,-41.652654779605044
2018,194,7,8,8481081,Luke Loheit,RW,OTT,9,USA,Luke Loheit,R,0,0.0,0.0,0,False,OTT,"(180, 211]",82.73069676285189,42.65263073787449,-82.73069676285189,-42.65263073787449
2018,195,7,9,8481048,Patrik Siikanen,C,EDM,22,FIN,Patrik Siikanen,L,0,0.0,0.0,0,False,EDM,"(180, 211]",82.72667718874011,42.65260841642412,-82.72667718874011,-42.65260841642412
2018,196,7,10,8481049,Christian Krygier,D,NYI,2,USA,Christian Krygier,D,0,0.0,0.0,0,False,NYI,"(180, 211]",82.72284217856702,42.652587692161156,-82.72284217856702,-42.652587692161156
2018,197,7,11,8481050,Jacob Kucharski,G,CAR,12,USA,Jacob Kucharski,G,0,0.0,0.0,0,True,CAR,"(180, 211]",82.71918325784091,42.652568450800544,-82.71918325784091,
2018,198,7,12,8481005,Dmitry Zavgorodniy,LW,CGY,20,RUS,Dmitry Zavgorodniy,L,0,0.0,0.0,0,False,CGY,"(180, 211]",82.71569234118732,42.65255058623481,-82.71569234118732,-42.65255058623481
2018,199,7,13,8479646,Jermaine Loewen,LW,DAL,25,JAM,Jermaine Loewen,L,0,0.0,0.0,0,False,DAL,"(180, 211]",82.71236171448218,42.65253399994888,-82.71236171448218,-42.65253399994888
2018,200,7,14,8481006,Tyler Tucker,D,STL,19,CAN,Tyler Tucker,D,159,8.0,22.0,30,False,STL,"(180, 211]",82.70918401780544,42.65251860047681,76.29081598219456,-12.65251860047681
2018,201,7,15,8481051,Cole Krygier,D,FLA,13,USA,Cole Krygier,D,0,0.0,0.0,0,False,FLA,"(180, 211]",82.70615222917723,42.65250430289742,-82.70615222917723,-42.65250430289742
2018,202,7,16,8481007,Shamil Shmakov,G,COL,21,RUS,Shamil Shmakov,G,0,0.0,0.0,0,True,COL,"(180, 211]",82.703259649041,42.65249102836595,-82.703259649041,
2018,203,7,17,8481052,Eetu Pakkila,LW,NJD,1,FIN,Eetu Pakkila,L,0,0.0,0.0,0,False,NJD,"(180, 211]",82.70049988545898,42.652478703679314,-82.70049988545898,-42.652478703679314
2018,204,7,18,8480441,Trey Fix-Wolansky,RW,CBJ,29,CAN,Trey Fix-Wolansky,R,26,4.0,2.0,6,False,CBJ,"(180, 211]",82.69786683998748,42.652467260872385,-56.69786683998748,-36.652467260872385
2018,205,7,19,8481053,Marcus Westfalt,C,PHI,4,SWE,Marcus Westfalt,C,0,0.0,0.0,0,False,PHI,"(180, 211]",82.69535469420074,42.652456636843205,-82.69535469420074,-42.652456636843205
2018,206,7,20,8481008,Radim Salda,D,TBL,14,CZE,Radim Salda,D,0,0.0,0.0,0,False,TBL,"(180, 211]",82.69295789683352,42.65244677300502,-82.69295789683352,-42.65244677300502
2018,207,7,21,8481009,Santtu Kinnunen,D,FLA,13,FIN,Santtu Kinnunen,D,0,0.0,0.0,0,False,FLA,"(180, 211]",82.69067115151412,42.65243761496317,-82.69067115151412,-42.65243761496317
2018,208,7,22,8481010,Jordan Kooy,G,VGK,54,CAN,Jordan Kooy,G,0,0.0,0.0,0,True,VGK,"(180, 211]",82.68848940506057,42.65242911221517,-82.68848940506057,
2018,209,7,23,8481011,Zachary Bouthillier,G,TOR,10,CAN,Zachary Bouthillier,G,0,0.0,0.0,0,True,TOR,"(180, 211]",82.68640783631426,42.65242121787215,-82.68640783631426,
2018,210,7,24,8481012,Sam Hentges,C,MIN,30,USA,Sam Hentges,C,0,0.0,0.0,0,False,MIN,"(180, 211]",82.68442184548637,42.652413888400375,-82.68442184548637,-42.652413888400375
2018,211,7,25,8481054,Semyon Kizimov,RW,TOR,10,RUS,Semyon Kizimov,R,0,0.0,0.0,0,False,TOR,"(180, 211]",82.68252704399328,42.65240708338107,-82.68252704399328,-42.65240708338107
2018,212,7,26,8481082,Pavel Shen,C,BOS,6,RUS,Pavel Shen,C,0,0.0,0.0,0,False,BOS,"(211, 300]",82.68071924475883,42.65240076528761,-82.68071924475883,-42.65240076528761
2018,213,7,27,8481055,Milan Kloucek,G,NSH,18,CZE,Milan Kloucek,G,0,0.0,0.0,0,True,NSH,"(211, 300]",82.67899445296194,42.652394899278534,-82.67899445296194,
2018,214,7,28,8481083,Ty Taylor,G,TBL,14,CAN,Ty Taylor,G,0,0.0,0.0,0,True,TBL,"(211, 300]",82.67734885720887,42.65238945300543,-82.67734885720887,
2018,215,7,29,8481084,Austin Wong,C,WPG,52,CAN,Austin Wong,C,0,0.0,0.0,0,False,WPG,"(211, 300]",82.67577882111092,42.65238439643455,-82.67577882111092,-42.65238439643455
2018,216,7,30,8481085,Riley Hughes,RW,NYR,3,USA,Riley Hughes,R,0,0.0,0.0,0,False,NYR,"(211, 300]",82.67428087524893,42.65237970168116,-82.67428087524893,-42.65237970168116
2018,217,7,31,8480812,Eric Florchuk,C,WSH,15,CAN,Eric Florchuk,C,0,0.0,0.0,0,False,WSH,"(211, 300]",82.67285170950656,42.652375342855805,-82.67285170950656,-42.652375342855805
