article,tradition,kind,month,views,date
Stoicism,stoicism,concept,201601,96929,2016-01-01
Stoicism,stoicism,concept,201602,97356,2016-02-01
Stoicism,stoicism,concept,201603,96208,2016-03-01
Stoicism,stoicism,concept,201604,90107,2016-04-01
Stoicism,stoicism,concept,201605,88422,2016-05-01
Stoicism,stoicism,concept,201606,79374,2016-06-01
Stoicism,stoicism,concept,201607,79357,2016-07-01
Stoicism,stoicism,concept,201608,87437,2016-08-01
Stoicism,stoicism,concept,201609,97717,2016-09-01
Stoicism,stoicism,concept,201610,102038,2016-10-01
Stoicism,stoicism,concept,201611,115977,2016-11-01
Stoicism,stoicism,concept,201612,124819,2016-12-01
Stoicism,stoicism,concept,201701,117219,2017-01-01
Stoicism,stoicism,concept,201702,107539,2017-02-01
Stoicism,stoicism,concept,201703,108166,2017-03-01
Stoicism,stoicism,concept,201704,97869,2017-04-01
Stoicism,stoicism,concept,201705,97114,2017-05-01
Stoicism,stoicism,concept,201706,129121,2017-06-01
Stoicism,stoicism,concept,201707,143506,2017-07-01
Stoicism,stoicism,concept,201708,140969,2017-08-01
Stoicism,stoicism,concept,201709,122419,2017-09-01
Stoicism,stoicism,concept,201710,123049,2017-10-01
Stoicism,stoicism,concept,201711,130621,2017-11-01
Stoicism,stoicism,concept,201712,131086,2017-12-01
Stoicism,stoicism,concept,201801,142817,2018-01-01
Stoicism,stoicism,concept,201802,118618,2018-02-01
Stoicism,stoicism,concept,201803,126157,2018-03-01
Stoicism,stoicism,concept,201804,119884,2018-04-01
Stoicism,stoicism,concept,201805,112161,2018-05-01
Stoicism,stoicism,concept,201806,102782,2018-06-01
Stoicism,stoicism,concept,201807,105896,2018-07-01
Stoicism,stoicism,concept,201808,111540,2018-08-01
Stoicism,stoicism,concept,201809,102077,2018-09-01
Stoicism,stoicism,concept,201810,115431,2018-10-01
Stoicism,stoicism,concept,201811,114926,2018-11-01
Stoicism,stoicism,concept,201812,106081,2018-12-01
Stoicism,stoicism,concept,201901,121684,2019-01-01
Stoicism,stoicism,concept,201902,109651,2019-02-01
Stoicism,stoicism,concept,201903,110670,2019-03-01
Stoicism,stoicism,concept,201904,111524,2019-04-01
Stoicism,stoicism,concept,201905,117890,2019-05-01
Stoicism,stoicism,concept,201906,114303,2019-06-01
Stoicism,stoicism,concept,201907,102880,2019-07-01
Stoicism,stoicism,concept,201908,106096,2019-08-01
Stoicism,stoicism,concept,201909,109636,2019-09-01
Stoicism,stoicism,concept,201910,120474,2019-10-01
Stoicism,stoicism,concept,201911,118252,2019-11-01
Stoicism,stoicism,concept,201912,114194,2019-12-01
Stoicism,stoicism,concept,202001,125235,2020-01-01
Stoicism,stoicism,concept,202002,112451,2020-02-01
Stoicism,stoicism,concept,202003,117782,2020-03-01
Stoicism,stoicism,concept,202004,147460,2020-04-01
Stoicism,stoicism,concept,202005,151641,2020-05-01
Stoicism,stoicism,concept,202006,137166,2020-06-01
Stoicism,stoicism,concept,202007,139234,2020-07-01
Stoicism,stoicism,concept,202008,141563,2020-08-01
Stoicism,stoicism,concept,202009,148951,2020-09-01
Stoicism,stoicism,concept,202010,161176,2020-10-01
Stoicism,stoicism,concept,202011,160976,2020-11-01
Stoicism,stoicism,concept,202012,156314,2020-12-01
Stoicism,stoicism,concept,202101,162631,2021-01-01
Stoicism,stoicism,concept,202102,149447,2021-02-01
Stoicism,stoicism,concept,202103,160612,2021-03-01
Stoicism,stoicism,concept,202104,150465,2021-04-01
Stoicism,stoicism,concept,202105,158982,2021-05-01
Stoicism,stoicism,concept,202106,143483,2021-06-01
Stoicism,stoicism,concept,202107,159620,2021-07-01
Stoicism,stoicism,concept,202108,157204,2021-08-01
Stoicism,stoicism,concept,202109,161235,2021-09-01
Stoicism,stoicism,concept,202110,156160,2021-10-01
Stoicism,stoicism,concept,202111,148596,2021-11-01
Stoicism,stoicism,concept,202112,146897,2021-12-01
Stoicism,stoicism,concept,202201,152068,2022-01-01
Stoicism,stoicism,concept,202202,135592,2022-02-01
Stoicism,stoicism,concept,202203,143335,2022-03-01
Stoicism,stoicism,concept,202204,287781,2022-04-01
Stoicism,stoicism,concept,202205,151570,2022-05-01
Stoicism,stoicism,concept,202206,135309,2022-06-01
Stoicism,stoicism,concept,202207,141947,2022-07-01
Stoicism,stoicism,concept,202208,146447,2022-08-01
Stoicism,stoicism,concept,202209,169135,2022-09-01
Stoicism,stoicism,concept,202210,184294,2022-10-01
Stoicism,stoicism,concept,202211,202900,2022-11-01
Stoicism,stoicism,concept,202212,196599,2022-12-01
Stoicism,stoicism,concept,202301,223480,2023-01-01
Stoicism,stoicism,concept,202302,188654,2023-02-01
Stoicism,stoicism,concept,202303,220603,2023-03-01
Stoicism,stoicism,concept,202304,181355,2023-04-01
Stoicism,stoicism,concept,202305,216417,2023-05-01
Stoicism,stoicism,concept,202306,198897,2023-06-01
Stoicism,stoicism,concept,202307,204110,2023-07-01
Stoicism,stoicism,concept,202308,220791,2023-08-01
Stoicism,stoicism,concept,202309,206687,2023-09-01
Stoicism,stoicism,concept,202310,203227,2023-10-01
Stoicism,stoicism,concept,202311,191672,2023-11-01
Stoicism,stoicism,concept,202312,223976,2023-12-01
Stoicism,stoicism,concept,202401,250699,2024-01-01
Stoicism,stoicism,concept,202402,205249,2024-02-01
Stoicism,stoicism,concept,202403,212879,2024-03-01
Stoicism,stoicism,concept,202404,226708,2024-04-01
Stoicism,stoicism,concept,202405,199946,2024-05-01
Stoicism,stoicism,concept,202406,153335,2024-06-01
Stoicism,stoicism,concept,202407,153829,2024-07-01
Stoicism,stoicism,concept,202408,166214,2024-08-01
Stoicism,stoicism,concept,202409,158156,2024-09-01
Stoicism,stoicism,concept,202410,181599,2024-10-01
Stoicism,stoicism,concept,202411,186175,2024-11-01
Stoicism,stoicism,concept,202412,159965,2024-12-01
Stoicism,stoicism,concept,202501,165323,2025-01-01
Stoicism,stoicism,concept,202502,132866,2025-02-01
Stoicism,stoicism,concept,202503,132365,2025-03-01
Stoicism,stoicism,concept,202504,139913,2025-04-01
Stoicism,stoicism,concept,202505,123088,2025-05-01
Stoicism,stoicism,concept,202506,109832,2025-06-01
Stoicism,stoicism,concept,202507,110309,2025-07-01
Stoicism,stoicism,concept,202508,114170,2025-08-01
Stoicism,stoicism,concept,202509,105691,2025-09-01
Stoicism,stoicism,concept,202510,100711,2025-10-01
Stoicism,stoicism,concept,202511,93805,2025-11-01
Stoicism,stoicism,concept,202512,96885,2025-12-01
Stoicism,stoicism,concept,202601,111152,2026-01-01
Stoicism,stoicism,concept,202602,93742,2026-02-01
Stoicism,stoicism,concept,202603,111899,2026-03-01
Stoicism,stoicism,concept,202604,95696,2026-04-01
Stoicism,stoicism,concept,202605,93482,2026-05-01
Stoicism,stoicism,concept,202606,82396,2026-06-01
Stoicism,stoicism,concept,202607,84827,2026-07-01
Stoicism,stoicism,concept,202608,104818,2026-08-01
Stoicism,stoicism,concept,202609,92922,2026-09-01
Marcus_Aurelius,stoicism,person,201601,107680,2016-01-01
Marcus_Aurelius,stoicism,person,201602,96213,2016-02-01
Marcus_Aurelius,stoicism,person,201603,106939,2016-03-01
Marcus_Aurelius,stoicism,person,201604,94983,2016-04-01
Marcus_Aurelius,stoicism,person,201605,94215,2016-05-01
Marcus_Aurelius,stoicism,person,201606,91902,2016-06-01
Marcus_Aurelius,stoicism,person,201607,104606,2016-07-01
Marcus_Aurelius,stoicism,person,201608,107246,2016-08-01
Marcus_Aurelius,stoicism,person,201609,95276,2016-09-01
Marcus_Aurelius,stoicism,person,201610,100425,2016-10-01
Marcus_Aurelius,stoicism,person,201611,250092,2016-11-01
Marcus_Aurelius,stoicism,person,201612,183705,2016-12-01
Marcus_Aurelius,stoicism,person,201701,164792,2017-01-01
Marcus_Aurelius,stoicism,person,201702,125149,2017-02-01
Marcus_Aurelius,stoicism,person,201703,129983,2017-03-01
Marcus_Aurelius,stoicism,person,201704,131980,2017-04-01
Marcus_Aurelius,stoicism,person,201705,122885,2017-05-01
Marcus_Aurelius,stoicism,person,201706,111918,2017-06-01
Marcus_Aurelius,stoicism,person,201707,112962,2017-07-01
Marcus_Aurelius,stoicism,person,201708,109374,2017-08-01
Marcus_Aurelius,stoicism,person,201709,110197,2017-09-01
Marcus_Aurelius,stoicism,person,201710,115710,2017-10-01
Marcus_Aurelius,stoicism,person,201711,121165,2017-11-01
Marcus_Aurelius,stoicism,person,201712,135906,2017-12-01
Marcus_Aurelius,stoicism,person,201801,150033,2018-01-01
Marcus_Aurelius,stoicism,person,201802,136678,2018-02-01
Marcus_Aurelius,stoicism,person,201803,143145,2018-03-01
Marcus_Aurelius,stoicism,person,201804,136803,2018-04-01
Marcus_Aurelius,stoicism,person,201805,120914,2018-05-01
Marcus_Aurelius,stoicism,person,201806,114241,2018-06-01
Marcus_Aurelius,stoicism,person,201807,127126,2018-07-01
Marcus_Aurelius,stoicism,person,201808,178224,2018-08-01
Marcus_Aurelius,stoicism,person,201809,124681,2018-09-01
Marcus_Aurelius,stoicism,person,201810,123903,2018-10-01
Marcus_Aurelius,stoicism,person,201811,123203,2018-11-01
Marcus_Aurelius,stoicism,person,201812,126212,2018-12-01
Marcus_Aurelius,stoicism,person,201901,136990,2019-01-01
Marcus_Aurelius,stoicism,person,201902,127137,2019-02-01
Marcus_Aurelius,stoicism,person,201903,129616,2019-03-01
Marcus_Aurelius,stoicism,person,201904,191467,2019-04-01
Marcus_Aurelius,stoicism,person,201905,142979,2019-05-01
Marcus_Aurelius,stoicism,person,201906,119158,2019-06-01
Marcus_Aurelius,stoicism,person,201907,120670,2019-07-01
Marcus_Aurelius,stoicism,person,201908,128257,2019-08-01
Marcus_Aurelius,stoicism,person,201909,133466,2019-09-01
Marcus_Aurelius,stoicism,person,201910,135416,2019-10-01
Marcus_Aurelius,stoicism,person,201911,124687,2019-11-01
Marcus_Aurelius,stoicism,person,201912,119706,2019-12-01
Marcus_Aurelius,stoicism,person,202001,149133,2020-01-01
Marcus_Aurelius,stoicism,person,202002,142273,2020-02-01
Marcus_Aurelius,stoicism,person,202003,153736,2020-03-01
Marcus_Aurelius,stoicism,person,202004,198427,2020-04-01
Marcus_Aurelius,stoicism,person,202005,191365,2020-05-01
Marcus_Aurelius,stoicism,person,202006,162278,2020-06-01
Marcus_Aurelius,stoicism,person,202007,167904,2020-07-01
Marcus_Aurelius,stoicism,person,202008,160005,2020-08-01
Marcus_Aurelius,stoicism,person,202009,143719,2020-09-01
Marcus_Aurelius,stoicism,person,202010,151311,2020-10-01
Marcus_Aurelius,stoicism,person,202011,157314,2020-11-01
Marcus_Aurelius,stoicism,person,202012,168184,2020-12-01
Marcus_Aurelius,stoicism,person,202101,162609,2021-01-01
Marcus_Aurelius,stoicism,person,202102,157165,2021-02-01
Marcus_Aurelius,stoicism,person,202103,179626,2021-03-01
Marcus_Aurelius,stoicism,person,202104,187846,2021-04-01
Marcus_Aurelius,stoicism,person,202105,180686,2021-05-01
Marcus_Aurelius,stoicism,person,202106,150027,2021-06-01
Marcus_Aurelius,stoicism,person,202107,149292,2021-07-01
Marcus_Aurelius,stoicism,person,202108,153701,2021-08-01
Marcus_Aurelius,stoicism,person,202109,151206,2021-09-01
Marcus_Aurelius,stoicism,person,202110,198093,2021-10-01
Marcus_Aurelius,stoicism,person,202111,161316,2021-11-01
Marcus_Aurelius,stoicism,person,202112,159139,2021-12-01
Marcus_Aurelius,stoicism,person,202201,167068,2022-01-01
Marcus_Aurelius,stoicism,person,202202,139677,2022-02-01
Marcus_Aurelius,stoicism,person,202203,138579,2022-03-01
Marcus_Aurelius,stoicism,person,202204,153957,2022-04-01
Marcus_Aurelius,stoicism,person,202205,161961,2022-05-01
Marcus_Aurelius,stoicism,person,202206,167842,2022-06-01
Marcus_Aurelius,stoicism,person,202207,193031,2022-07-01
Marcus_Aurelius,stoicism,person,202208,192645,2022-08-01
Marcus_Aurelius,stoicism,person,202209,171320,2022-09-01
Marcus_Aurelius,stoicism,person,202210,175106,2022-10-01
Marcus_Aurelius,stoicism,person,202211,178918,2022-11-01
Marcus_Aurelius,stoicism,person,202212,188223,2022-12-01
Marcus_Aurelius,stoicism,person,202301,222630,2023-01-01
Marcus_Aurelius,stoicism,person,202302,178116,2023-02-01
Marcus_Aurelius,stoicism,person,202303,207195,2023-03-01
Marcus_Aurelius,stoicism,person,202304,208924,2023-04-01
Marcus_Aurelius,stoicism,person,202305,211213,2023-05-01
Marcus_Aurelius,stoicism,person,202306,197716,2023-06-01
Marcus_Aurelius,stoicism,person,202307,218049,2023-07-01
Marcus_Aurelius,stoicism,person,202308,275961,2023-08-01
Marcus_Aurelius,stoicism,person,202309,294158,2023-09-01
Marcus_Aurelius,stoicism,person,202310,253665,2023-10-01
Marcus_Aurelius,stoicism,person,202311,250803,2023-11-01
Marcus_Aurelius,stoicism,person,202312,253188,2023-12-01
Marcus_Aurelius,stoicism,person,202401,274060,2024-01-01
Marcus_Aurelius,stoicism,person,202402,235806,2024-02-01
Marcus_Aurelius,stoicism,person,202403,227922,2024-03-01
Marcus_Aurelius,stoicism,person,202404,230033,2024-04-01
Marcus_Aurelius,stoicism,person,202405,230989,2024-05-01
Marcus_Aurelius,stoicism,person,202406,190759,2024-06-01
Marcus_Aurelius,stoicism,person,202407,327091,2024-07-01
Marcus_Aurelius,stoicism,person,202408,222227,2024-08-01
Marcus_Aurelius,stoicism,person,202409,195164,2024-09-01
Marcus_Aurelius,stoicism,person,202410,191724,2024-10-01
Marcus_Aurelius,stoicism,person,202411,525956,2024-11-01
Marcus_Aurelius,stoicism,person,202412,492970,2024-12-01
Marcus_Aurelius,stoicism,person,202501,424724,2025-01-01
Marcus_Aurelius,stoicism,person,202502,290737,2025-02-01
Marcus_Aurelius,stoicism,person,202503,245234,2025-03-01
Marcus_Aurelius,stoicism,person,202504,228215,2025-04-01
Marcus_Aurelius,stoicism,person,202505,224607,2025-05-01
Marcus_Aurelius,stoicism,person,202506,191835,2025-06-01
Marcus_Aurelius,stoicism,person,202507,199277,2025-07-01
Marcus_Aurelius,stoicism,person,202508,204013,2025-08-01
Marcus_Aurelius,stoicism,person,202509,179297,2025-09-01
Marcus_Aurelius,stoicism,person,202510,169654,2025-10-01
Marcus_Aurelius,stoicism,person,202511,175921,2025-11-01
Marcus_Aurelius,stoicism,person,202512,187428,2025-12-01
Marcus_Aurelius,stoicism,person,202601,184328,2026-01-01
Marcus_Aurelius,stoicism,person,202602,152528,2026-02-01
Marcus_Aurelius,stoicism,person,202603,207577,2026-03-01
Marcus_Aurelius,stoicism,person,202604,209177,2026-04-01
Marcus_Aurelius,stoicism,person,202605,214338,2026-05-01
Marcus_Aurelius,stoicism,person,202606,175250,2026-06-01
Marcus_Aurelius,stoicism,person,202607,176657,2026-07-01
Marcus_Aurelius,stoicism,person,202608,205813,2026-08-01
Marcus_Aurelius,stoicism,person,202609,185863,2026-09-01
Seneca_the_Younger,stoicism,person,201601,40208,2016-01-01
Seneca_the_Younger,stoicism,person,201602,41520,2016-02-01
Seneca_the_Younger,stoicism,person,201603,41026,2016-03-01
Seneca_the_Younger,stoicism,person,201604,40122,2016-04-01
Seneca_the_Younger,stoicism,person,201605,35935,2016-05-01
Seneca_the_Younger,stoicism,person,201606,31612,2016-06-01
Seneca_the_Younger,stoicism,person,201607,28916,2016-07-01
Seneca_the_Younger,stoicism,person,201608,31845,2016-08-01
Seneca_the_Younger,stoicism,person,201609,35565,2016-09-01
Seneca_the_Younger,stoicism,person,201610,37604,2016-10-01
Seneca_the_Younger,stoicism,person,201611,37991,2016-11-01
Seneca_the_Younger,stoicism,person,201612,37033,2016-12-01
Seneca_the_Younger,stoicism,person,201701,38682,2017-01-01
Seneca_the_Younger,stoicism,person,201702,41734,2017-02-01
Seneca_the_Younger,stoicism,person,201703,40412,2017-03-01
Seneca_the_Younger,stoicism,person,201704,39054,2017-04-01
Seneca_the_Younger,stoicism,person,201705,37428,2017-05-01
Seneca_the_Younger,stoicism,person,201706,36415,2017-06-01
Seneca_the_Younger,stoicism,person,201707,38575,2017-07-01
Seneca_the_Younger,stoicism,person,201708,39119,2017-08-01
Seneca_the_Younger,stoicism,person,201709,39637,2017-09-01
Seneca_the_Younger,stoicism,person,201710,40640,2017-10-01
Seneca_the_Younger,stoicism,person,201711,39480,2017-11-01
Seneca_the_Younger,stoicism,person,201712,41106,2017-12-01
Seneca_the_Younger,stoicism,person,201801,42520,2018-01-01
Seneca_the_Younger,stoicism,person,201802,39768,2018-02-01
Seneca_the_Younger,stoicism,person,201803,43545,2018-03-01
Seneca_the_Younger,stoicism,person,201804,46712,2018-04-01
Seneca_the_Younger,stoicism,person,201805,42743,2018-05-01
Seneca_the_Younger,stoicism,person,201806,37395,2018-06-01
Seneca_the_Younger,stoicism,person,201807,38830,2018-07-01
Seneca_the_Younger,stoicism,person,201808,38753,2018-08-01
Seneca_the_Younger,stoicism,person,201809,39644,2018-09-01
Seneca_the_Younger,stoicism,person,201810,42394,2018-10-01
Seneca_the_Younger,stoicism,person,201811,38736,2018-11-01
Seneca_the_Younger,stoicism,person,201812,39200,2018-12-01
Seneca_the_Younger,stoicism,person,201901,48316,2019-01-01
Seneca_the_Younger,stoicism,person,201902,44748,2019-02-01
Seneca_the_Younger,stoicism,person,201903,47768,2019-03-01
Seneca_the_Younger,stoicism,person,201904,44739,2019-04-01
Seneca_the_Younger,stoicism,person,201905,47159,2019-05-01
Seneca_the_Younger,stoicism,person,201906,40845,2019-06-01
Seneca_the_Younger,stoicism,person,201907,44199,2019-07-01
Seneca_the_Younger,stoicism,person,201908,42184,2019-08-01
Seneca_the_Younger,stoicism,person,201909,46307,2019-09-01
Seneca_the_Younger,stoicism,person,201910,46504,2019-10-01
Seneca_the_Younger,stoicism,person,201911,43982,2019-11-01
Seneca_the_Younger,stoicism,person,201912,43625,2019-12-01
Seneca_the_Younger,stoicism,person,202001,51713,2020-01-01
Seneca_the_Younger,stoicism,person,202002,45191,2020-02-01
Seneca_the_Younger,stoicism,person,202003,52885,2020-03-01
Seneca_the_Younger,stoicism,person,202004,60918,2020-04-01
Seneca_the_Younger,stoicism,person,202005,56897,2020-05-01
Seneca_the_Younger,stoicism,person,202006,48408,2020-06-01
Seneca_the_Younger,stoicism,person,202007,47911,2020-07-01
Seneca_the_Younger,stoicism,person,202008,51522,2020-08-01
Seneca_the_Younger,stoicism,person,202009,52416,2020-09-01
Seneca_the_Younger,stoicism,person,202010,55731,2020-10-01
Seneca_the_Younger,stoicism,person,202011,54013,2020-11-01
Seneca_the_Younger,stoicism,person,202012,50292,2020-12-01
Seneca_the_Younger,stoicism,person,202101,54050,2021-01-01
Seneca_the_Younger,stoicism,person,202102,49831,2021-02-01
Seneca_the_Younger,stoicism,person,202103,57394,2021-03-01
Seneca_the_Younger,stoicism,person,202104,53848,2021-04-01
Seneca_the_Younger,stoicism,person,202105,51806,2021-05-01
Seneca_the_Younger,stoicism,person,202106,45830,2021-06-01
Seneca_the_Younger,stoicism,person,202107,47133,2021-07-01
Seneca_the_Younger,stoicism,person,202108,49418,2021-08-01
Seneca_the_Younger,stoicism,person,202109,51435,2021-09-01
Seneca_the_Younger,stoicism,person,202110,53142,2021-10-01
Seneca_the_Younger,stoicism,person,202111,54613,2021-11-01
Seneca_the_Younger,stoicism,person,202112,49781,2021-12-01
Seneca_the_Younger,stoicism,person,202201,53982,2022-01-01
Seneca_the_Younger,stoicism,person,202202,49480,2022-02-01
Seneca_the_Younger,stoicism,person,202203,52781,2022-03-01
Seneca_the_Younger,stoicism,person,202204,48826,2022-04-01
Seneca_the_Younger,stoicism,person,202205,51701,2022-05-01
Seneca_the_Younger,stoicism,person,202206,46408,2022-06-01
Seneca_the_Younger,stoicism,person,202207,47641,2022-07-01
Seneca_the_Younger,stoicism,person,202208,49539,2022-08-01
Seneca_the_Younger,stoicism,person,202209,57939,2022-09-01
Seneca_the_Younger,stoicism,person,202210,65381,2022-10-01
Seneca_the_Younger,stoicism,person,202211,63026,2022-11-01
Seneca_the_Younger,stoicism,person,202212,54112,2022-12-01
Seneca_the_Younger,stoicism,person,202301,70184,2023-01-01
Seneca_the_Younger,stoicism,person,202302,65227,2023-02-01
Seneca_the_Younger,stoicism,person,202303,76055,2023-03-01
Seneca_the_Younger,stoicism,person,202304,66086,2023-04-01
Seneca_the_Younger,stoicism,person,202305,75208,2023-05-01
Seneca_the_Younger,stoicism,person,202306,67689,2023-06-01
Seneca_the_Younger,stoicism,person,202307,63262,2023-07-01
Seneca_the_Younger,stoicism,person,202308,67780,2023-08-01
Seneca_the_Younger,stoicism,person,202309,77756,2023-09-01
Seneca_the_Younger,stoicism,person,202310,82012,2023-10-01
Seneca_the_Younger,stoicism,person,202311,76759,2023-11-01
Seneca_the_Younger,stoicism,person,202312,84730,2023-12-01
Seneca_the_Younger,stoicism,person,202401,282446,2024-01-01
Seneca_the_Younger,stoicism,person,202402,96121,2024-02-01
Seneca_the_Younger,stoicism,person,202403,95361,2024-03-01
Seneca_the_Younger,stoicism,person,202404,86230,2024-04-01
Seneca_the_Younger,stoicism,person,202405,68850,2024-05-01
Seneca_the_Younger,stoicism,person,202406,52632,2024-06-01
Seneca_the_Younger,stoicism,person,202407,60489,2024-07-01
Seneca_the_Younger,stoicism,person,202408,53307,2024-08-01
Seneca_the_Younger,stoicism,person,202409,54621,2024-09-01
Seneca_the_Younger,stoicism,person,202410,54976,2024-10-01
Seneca_the_Younger,stoicism,person,202411,52208,2024-11-01
Seneca_the_Younger,stoicism,person,202412,54543,2024-12-01
Seneca_the_Younger,stoicism,person,202501,55265,2025-01-01
Seneca_the_Younger,stoicism,person,202502,48002,2025-02-01
Seneca_the_Younger,stoicism,person,202503,54606,2025-03-01
Seneca_the_Younger,stoicism,person,202504,51980,2025-04-01
Seneca_the_Younger,stoicism,person,202505,49089,2025-05-01
Seneca_the_Younger,stoicism,person,202506,47577,2025-06-01
Seneca_the_Younger,stoicism,person,202507,90125,2025-07-01
Seneca_the_Younger,stoicism,person,202508,46366,2025-08-01
Seneca_the_Younger,stoicism,person,202509,48725,2025-09-01
Seneca_the_Younger,stoicism,person,202510,50532,2025-10-01
Seneca_the_Younger,stoicism,person,202511,44954,2025-11-01
Seneca_the_Younger,stoicism,person,202512,44586,2025-12-01
Seneca_the_Younger,stoicism,person,202601,47703,2026-01-01
Seneca_the_Younger,stoicism,person,202602,42566,2026-02-01
Seneca_the_Younger,stoicism,person,202603,45884,2026-03-01
Seneca_the_Younger,stoicism,person,202604,46274,2026-04-01
Seneca_the_Younger,stoicism,person,202605,46905,2026-05-01
Seneca_the_Younger,stoicism,person,202606,42806,2026-06-01
Seneca_the_Younger,stoicism,person,202607,50316,2026-07-01
Seneca_the_Younger,stoicism,person,202608,69777,2026-08-01
Seneca_the_Younger,stoicism,person,202609,182178,2026-09-01
Epictetus,stoicism,person,201601,20388,2016-01-01
Epictetus,stoicism,person,201602,20405,2016-02-01
Epictetus,stoicism,person,201603,19329,2016-03-01
Epictetus,stoicism,person,201604,20896,2016-04-01
Epictetus,stoicism,person,201605,20471,2016-05-01
Epictetus,stoicism,person,201606,16212,2016-06-01
Epictetus,stoicism,person,201607,16632,2016-07-01
Epictetus,stoicism,person,201608,18658,2016-08-01
Epictetus,stoicism,person,201609,18882,2016-09-01
Epictetus,stoicism,person,201610,21859,2016-10-01
Epictetus,stoicism,person,201611,22079,2016-11-01
Epictetus,stoicism,person,201612,28090,2016-12-01
Epictetus,stoicism,person,201701,24358,2017-01-01
Epictetus,stoicism,person,201702,21589,2017-02-01
Epictetus,stoicism,person,201703,22339,2017-03-01
Epictetus,stoicism,person,201704,20910,2017-04-01
Epictetus,stoicism,person,201705,19416,2017-05-01
Epictetus,stoicism,person,201706,19020,2017-06-01
Epictetus,stoicism,person,201707,21677,2017-07-01
Epictetus,stoicism,person,201708,21065,2017-08-01
Epictetus,stoicism,person,201709,20195,2017-09-01
Epictetus,stoicism,person,201710,21778,2017-10-01
Epictetus,stoicism,person,201711,21640,2017-11-01
Epictetus,stoicism,person,201712,22778,2017-12-01
Epictetus,stoicism,person,201801,26753,2018-01-01
Epictetus,stoicism,person,201802,21569,2018-02-01
Epictetus,stoicism,person,201803,22916,2018-03-01
Epictetus,stoicism,person,201804,21668,2018-04-01
Epictetus,stoicism,person,201805,22701,2018-05-01
Epictetus,stoicism,person,201806,21954,2018-06-01
Epictetus,stoicism,person,201807,23415,2018-07-01
Epictetus,stoicism,person,201808,23035,2018-08-01
Epictetus,stoicism,person,201809,21075,2018-09-01
Epictetus,stoicism,person,201810,23053,2018-10-01
Epictetus,stoicism,person,201811,22357,2018-11-01
Epictetus,stoicism,person,201812,21109,2018-12-01
Epictetus,stoicism,person,201901,25596,2019-01-01
Epictetus,stoicism,person,201902,22579,2019-02-01
Epictetus,stoicism,person,201903,23056,2019-03-01
Epictetus,stoicism,person,201904,21615,2019-04-01
Epictetus,stoicism,person,201905,21658,2019-05-01
Epictetus,stoicism,person,201906,20130,2019-06-01
Epictetus,stoicism,person,201907,20853,2019-07-01
Epictetus,stoicism,person,201908,27149,2019-08-01
Epictetus,stoicism,person,201909,22115,2019-09-01
Epictetus,stoicism,person,201910,23177,2019-10-01
Epictetus,stoicism,person,201911,23017,2019-11-01
Epictetus,stoicism,person,201912,22688,2019-12-01
Epictetus,stoicism,person,202001,28121,2020-01-01
Epictetus,stoicism,person,202002,27195,2020-02-01
Epictetus,stoicism,person,202003,47313,2020-03-01
Epictetus,stoicism,person,202004,35019,2020-04-01
Epictetus,stoicism,person,202005,33286,2020-05-01
Epictetus,stoicism,person,202006,28076,2020-06-01
Epictetus,stoicism,person,202007,28078,2020-07-01
Epictetus,stoicism,person,202008,26621,2020-08-01
Epictetus,stoicism,person,202009,27282,2020-09-01
Epictetus,stoicism,person,202010,29492,2020-10-01
Epictetus,stoicism,person,202011,29906,2020-11-01
Epictetus,stoicism,person,202012,28983,2020-12-01
Epictetus,stoicism,person,202101,33303,2021-01-01
Epictetus,stoicism,person,202102,30348,2021-02-01
Epictetus,stoicism,person,202103,34932,2021-03-01
Epictetus,stoicism,person,202104,31405,2021-04-01
Epictetus,stoicism,person,202105,32615,2021-05-01
Epictetus,stoicism,person,202106,27787,2021-06-01
Epictetus,stoicism,person,202107,29982,2021-07-01
Epictetus,stoicism,person,202108,30403,2021-08-01
Epictetus,stoicism,person,202109,30134,2021-09-01
Epictetus,stoicism,person,202110,28581,2021-10-01
Epictetus,stoicism,person,202111,28813,2021-11-01
Epictetus,stoicism,person,202112,32917,2021-12-01
Epictetus,stoicism,person,202201,37230,2022-01-01
Epictetus,stoicism,person,202202,30191,2022-02-01
Epictetus,stoicism,person,202203,30022,2022-03-01
Epictetus,stoicism,person,202204,29555,2022-04-01
Epictetus,stoicism,person,202205,31213,2022-05-01
Epictetus,stoicism,person,202206,30407,2022-06-01
Epictetus,stoicism,person,202207,32146,2022-07-01
Epictetus,stoicism,person,202208,33230,2022-08-01
Epictetus,stoicism,person,202209,33509,2022-09-01
Epictetus,stoicism,person,202210,33985,2022-10-01
Epictetus,stoicism,person,202211,35020,2022-11-01
Epictetus,stoicism,person,202212,34689,2022-12-01
Epictetus,stoicism,person,202301,39513,2023-01-01
Epictetus,stoicism,person,202302,34470,2023-02-01
Epictetus,stoicism,person,202303,37450,2023-03-01
Epictetus,stoicism,person,202304,35038,2023-04-01
Epictetus,stoicism,person,202305,37212,2023-05-01
Epictetus,stoicism,person,202306,38071,2023-06-01
Epictetus,stoicism,person,202307,38516,2023-07-01
Epictetus,stoicism,person,202308,39896,2023-08-01
Epictetus,stoicism,person,202309,39970,2023-09-01
Epictetus,stoicism,person,202310,39191,2023-10-01
Epictetus,stoicism,person,202311,39644,2023-11-01
Epictetus,stoicism,person,202312,39564,2023-12-01
Epictetus,stoicism,person,202401,45397,2024-01-01
Epictetus,stoicism,person,202402,36685,2024-02-01
Epictetus,stoicism,person,202403,36493,2024-03-01
Epictetus,stoicism,person,202404,33751,2024-04-01
Epictetus,stoicism,person,202405,32992,2024-05-01
Epictetus,stoicism,person,202406,28419,2024-06-01
Epictetus,stoicism,person,202407,28460,2024-07-01
Epictetus,stoicism,person,202408,32076,2024-08-01
Epictetus,stoicism,person,202409,29734,2024-09-01
Epictetus,stoicism,person,202410,30950,2024-10-01
Epictetus,stoicism,person,202411,28949,2024-11-01
Epictetus,stoicism,person,202412,29162,2024-12-01
Epictetus,stoicism,person,202501,33744,2025-01-01
Epictetus,stoicism,person,202502,28069,2025-02-01
Epictetus,stoicism,person,202503,35330,2025-03-01
Epictetus,stoicism,person,202504,30368,2025-04-01
Epictetus,stoicism,person,202505,29978,2025-05-01
Epictetus,stoicism,person,202506,31017,2025-06-01
Epictetus,stoicism,person,202507,30979,2025-07-01
Epictetus,stoicism,person,202508,28401,2025-08-01
Epictetus,stoicism,person,202509,28223,2025-09-01
Epictetus,stoicism,person,202510,26997,2025-10-01
Epictetus,stoicism,person,202511,26034,2025-11-01
Epictetus,stoicism,person,202512,31198,2025-12-01
Epictetus,stoicism,person,202601,34975,2026-01-01
Epictetus,stoicism,person,202602,27164,2026-02-01
Epictetus,stoicism,person,202603,26671,2026-03-01
Epictetus,stoicism,person,202604,25517,2026-04-01
Epictetus,stoicism,person,202605,29940,2026-05-01
Epictetus,stoicism,person,202606,27267,2026-06-01
Epictetus,stoicism,person,202607,28388,2026-07-01
Epictetus,stoicism,person,202608,37917,2026-08-01
Epictetus,stoicism,person,202609,40521,2026-09-01
Meditations,stoicism,work,201601,20704,2016-01-01
Meditations,stoicism,work,201602,20425,2016-02-01
Meditations,stoicism,work,201603,20262,2016-03-01
Meditations,stoicism,work,201604,23228,2016-04-01
Meditations,stoicism,work,201605,19797,2016-05-01
Meditations,stoicism,work,201606,18046,2016-06-01
Meditations,stoicism,work,201607,18362,2016-07-01
Meditations,stoicism,work,201608,20967,2016-08-01
Meditations,stoicism,work,201609,18938,2016-09-01
Meditations,stoicism,work,201610,20328,2016-10-01
Meditations,stoicism,work,201611,48132,2016-11-01
Meditations,stoicism,work,201612,70470,2016-12-01
Meditations,stoicism,work,201701,40667,2017-01-01
Meditations,stoicism,work,201702,27915,2017-02-01
Meditations,stoicism,work,201703,25743,2017-03-01
Meditations,stoicism,work,201704,26137,2017-04-01
Meditations,stoicism,work,201705,25317,2017-05-01
Meditations,stoicism,work,201706,26875,2017-06-01
Meditations,stoicism,work,201707,26092,2017-07-01
Meditations,stoicism,work,201708,29634,2017-08-01
Meditations,stoicism,work,201709,23781,2017-09-01
Meditations,stoicism,work,201710,26900,2017-10-01
Meditations,stoicism,work,201711,29922,2017-11-01
Meditations,stoicism,work,201712,34136,2017-12-01
Meditations,stoicism,work,201801,39915,2018-01-01
Meditations,stoicism,work,201802,40022,2018-02-01
Meditations,stoicism,work,201803,32104,2018-03-01
Meditations,stoicism,work,201804,31847,2018-04-01
Meditations,stoicism,work,201805,28191,2018-05-01
Meditations,stoicism,work,201806,26426,2018-06-01
Meditations,stoicism,work,201807,26140,2018-07-01
Meditations,stoicism,work,201808,29788,2018-08-01
Meditations,stoicism,work,201809,28933,2018-09-01
Meditations,stoicism,work,201810,29875,2018-10-01
Meditations,stoicism,work,201811,27111,2018-11-01
Meditations,stoicism,work,201812,32984,2018-12-01
Meditations,stoicism,work,201901,28441,2019-01-01
Meditations,stoicism,work,201902,27072,2019-02-01
Meditations,stoicism,work,201903,29093,2019-03-01
Meditations,stoicism,work,201904,27173,2019-04-01
Meditations,stoicism,work,201905,28691,2019-05-01
Meditations,stoicism,work,201906,24509,2019-06-01
Meditations,stoicism,work,201907,25447,2019-07-01
Meditations,stoicism,work,201908,26256,2019-08-01
Meditations,stoicism,work,201909,30345,2019-09-01
Meditations,stoicism,work,201910,28475,2019-10-01
Meditations,stoicism,work,201911,30867,2019-11-01
Meditations,stoicism,work,201912,26813,2019-12-01
Meditations,stoicism,work,202001,30754,2020-01-01
Meditations,stoicism,work,202002,25468,2020-02-01
Meditations,stoicism,work,202003,33257,2020-03-01
Meditations,stoicism,work,202004,40895,2020-04-01
Meditations,stoicism,work,202005,40322,2020-05-01
Meditations,stoicism,work,202006,61119,2020-06-01
Meditations,stoicism,work,202007,57321,2020-07-01
Meditations,stoicism,work,202008,55716,2020-08-01
Meditations,stoicism,work,202009,44193,2020-09-01
Meditations,stoicism,work,202010,33914,2020-10-01
Meditations,stoicism,work,202011,35238,2020-11-01
Meditations,stoicism,work,202012,35872,2020-12-01
Meditations,stoicism,work,202101,36328,2021-01-01
Meditations,stoicism,work,202102,31086,2021-02-01
Meditations,stoicism,work,202103,33767,2021-03-01
Meditations,stoicism,work,202104,30975,2021-04-01
Meditations,stoicism,work,202105,29287,2021-05-01
Meditations,stoicism,work,202106,27909,2021-06-01
Meditations,stoicism,work,202107,33063,2021-07-01
Meditations,stoicism,work,202108,34045,2021-08-01
Meditations,stoicism,work,202109,32933,2021-09-01
Meditations,stoicism,work,202110,31167,2021-10-01
Meditations,stoicism,work,202111,30809,2021-11-01
Meditations,stoicism,work,202112,32923,2021-12-01
Meditations,stoicism,work,202201,34607,2022-01-01
Meditations,stoicism,work,202202,29924,2022-02-01
Meditations,stoicism,work,202203,27832,2022-03-01
Meditations,stoicism,work,202204,30475,2022-04-01
Meditations,stoicism,work,202205,30772,2022-05-01
Meditations,stoicism,work,202206,39037,2022-06-01
Meditations,stoicism,work,202207,42694,2022-07-01
Meditations,stoicism,work,202208,37808,2022-08-01
Meditations,stoicism,work,202209,37868,2022-09-01
Meditations,stoicism,work,202210,35905,2022-10-01
Meditations,stoicism,work,202211,37262,2022-11-01
Meditations,stoicism,work,202212,40192,2022-12-01
Meditations,stoicism,work,202301,48269,2023-01-01
Meditations,stoicism,work,202302,37885,2023-02-01
Meditations,stoicism,work,202303,42509,2023-03-01
Meditations,stoicism,work,202304,37791,2023-04-01
Meditations,stoicism,work,202305,39174,2023-05-01
Meditations,stoicism,work,202306,38135,2023-06-01
Meditations,stoicism,work,202307,40507,2023-07-01
Meditations,stoicism,work,202308,66802,2023-08-01
Meditations,stoicism,work,202309,49445,2023-09-01
Meditations,stoicism,work,202310,46003,2023-10-01
Meditations,stoicism,work,202311,46380,2023-11-01
Meditations,stoicism,work,202312,56177,2023-12-01
Meditations,stoicism,work,202401,72035,2024-01-01
Meditations,stoicism,work,202402,55706,2024-02-01
Meditations,stoicism,work,202403,50497,2024-03-01
Meditations,stoicism,work,202404,43447,2024-04-01
Meditations,stoicism,work,202405,54452,2024-05-01
Meditations,stoicism,work,202406,39186,2024-06-01
Meditations,stoicism,work,202407,40123,2024-07-01
Meditations,stoicism,work,202408,38625,2024-08-01
Meditations,stoicism,work,202409,35271,2024-09-01
Meditations,stoicism,work,202410,35526,2024-10-01
Meditations,stoicism,work,202411,46330,2024-11-01
Meditations,stoicism,work,202412,56908,2024-12-01
Meditations,stoicism,work,202501,52705,2025-01-01
Meditations,stoicism,work,202502,42779,2025-02-01
Meditations,stoicism,work,202503,42942,2025-03-01
Meditations,stoicism,work,202504,43606,2025-04-01
Meditations,stoicism,work,202505,39167,2025-05-01
Meditations,stoicism,work,202506,36649,2025-06-01
Meditations,stoicism,work,202507,39923,2025-07-01
Meditations,stoicism,work,202508,37380,2025-08-01
Meditations,stoicism,work,202509,33302,2025-09-01
Meditations,stoicism,work,202510,32923,2025-10-01
Meditations,stoicism,work,202511,34157,2025-11-01
Meditations,stoicism,work,202512,40925,2025-12-01
Meditations,stoicism,work,202601,41322,2026-01-01
Meditations,stoicism,work,202602,30801,2026-02-01
Meditations,stoicism,work,202603,34775,2026-03-01
Meditations,stoicism,work,202604,32284,2026-04-01
Meditations,stoicism,work,202605,33169,2026-05-01
Meditations,stoicism,work,202606,31662,2026-06-01
Meditations,stoicism,work,202607,35046,2026-07-01
Meditations,stoicism,work,202608,40415,2026-08-01
Meditations,stoicism,work,202609,39166,2026-09-01
Zeno_of_Citium,stoicism,person,201601,9011,2016-01-01
Zeno_of_Citium,stoicism,person,201602,9444,2016-02-01
Zeno_of_Citium,stoicism,person,201603,9282,2016-03-01
Zeno_of_Citium,stoicism,person,201604,9199,2016-04-01
Zeno_of_Citium,stoicism,person,201605,8783,2016-05-01
Zeno_of_Citium,stoicism,person,201606,8076,2016-06-01
Zeno_of_Citium,stoicism,person,201607,8206,2016-07-01
Zeno_of_Citium,stoicism,person,201608,9341,2016-08-01
Zeno_of_Citium,stoicism,person,201609,10475,2016-09-01
Zeno_of_Citium,stoicism,person,201610,10496,2016-10-01
Zeno_of_Citium,stoicism,person,201611,10164,2016-11-01
Zeno_of_Citium,stoicism,person,201612,10665,2016-12-01
Zeno_of_Citium,stoicism,person,201701,10099,2017-01-01
Zeno_of_Citium,stoicism,person,201702,11360,2017-02-01
Zeno_of_Citium,stoicism,person,201703,11090,2017-03-01
Zeno_of_Citium,stoicism,person,201704,9937,2017-04-01
Zeno_of_Citium,stoicism,person,201705,9787,2017-05-01
Zeno_of_Citium,stoicism,person,201706,11766,2017-06-01
Zeno_of_Citium,stoicism,person,201707,12257,2017-07-01
Zeno_of_Citium,stoicism,person,201708,11583,2017-08-01
Zeno_of_Citium,stoicism,person,201709,12207,2017-09-01
Zeno_of_Citium,stoicism,person,201710,12665,2017-10-01
Zeno_of_Citium,stoicism,person,201711,12014,2017-11-01
Zeno_of_Citium,stoicism,person,201712,11423,2017-12-01
Zeno_of_Citium,stoicism,person,201801,14501,2018-01-01
Zeno_of_Citium,stoicism,person,201802,11587,2018-02-01
Zeno_of_Citium,stoicism,person,201803,12199,2018-03-01
Zeno_of_Citium,stoicism,person,201804,11414,2018-04-01
Zeno_of_Citium,stoicism,person,201805,10981,2018-05-01
Zeno_of_Citium,stoicism,person,201806,10455,2018-06-01
Zeno_of_Citium,stoicism,person,201807,10138,2018-07-01
Zeno_of_Citium,stoicism,person,201808,13279,2018-08-01
Zeno_of_Citium,stoicism,person,201809,11397,2018-09-01
Zeno_of_Citium,stoicism,person,201810,12107,2018-10-01
Zeno_of_Citium,stoicism,person,201811,12063,2018-11-01
Zeno_of_Citium,stoicism,person,201812,11233,2018-12-01
Zeno_of_Citium,stoicism,person,201901,12587,2019-01-01
Zeno_of_Citium,stoicism,person,201902,11663,2019-02-01
Zeno_of_Citium,stoicism,person,201903,12588,2019-03-01
Zeno_of_Citium,stoicism,person,201904,11994,2019-04-01
Zeno_of_Citium,stoicism,person,201905,12213,2019-05-01
Zeno_of_Citium,stoicism,person,201906,12206,2019-06-01
Zeno_of_Citium,stoicism,person,201907,12675,2019-07-01
Zeno_of_Citium,stoicism,person,201908,12983,2019-08-01
Zeno_of_Citium,stoicism,person,201909,13383,2019-09-01
Zeno_of_Citium,stoicism,person,201910,13272,2019-10-01
Zeno_of_Citium,stoicism,person,201911,12758,2019-11-01
Zeno_of_Citium,stoicism,person,201912,12476,2019-12-01
Zeno_of_Citium,stoicism,person,202001,13051,2020-01-01
Zeno_of_Citium,stoicism,person,202002,12677,2020-02-01
Zeno_of_Citium,stoicism,person,202003,13636,2020-03-01
Zeno_of_Citium,stoicism,person,202004,16661,2020-04-01
Zeno_of_Citium,stoicism,person,202005,17113,2020-05-01
Zeno_of_Citium,stoicism,person,202006,14445,2020-06-01
Zeno_of_Citium,stoicism,person,202007,14071,2020-07-01
Zeno_of_Citium,stoicism,person,202008,14648,2020-08-01
Zeno_of_Citium,stoicism,person,202009,14350,2020-09-01
Zeno_of_Citium,stoicism,person,202010,17936,2020-10-01
Zeno_of_Citium,stoicism,person,202011,17127,2020-11-01
Zeno_of_Citium,stoicism,person,202012,16719,2020-12-01
Zeno_of_Citium,stoicism,person,202101,17144,2021-01-01
Zeno_of_Citium,stoicism,person,202102,15021,2021-02-01
Zeno_of_Citium,stoicism,person,202103,18232,2021-03-01
Zeno_of_Citium,stoicism,person,202104,16895,2021-04-01
Zeno_of_Citium,stoicism,person,202105,18177,2021-05-01
Zeno_of_Citium,stoicism,person,202106,15583,2021-06-01
Zeno_of_Citium,stoicism,person,202107,17306,2021-07-01
Zeno_of_Citium,stoicism,person,202108,17407,2021-08-01
Zeno_of_Citium,stoicism,person,202109,18930,2021-09-01
Zeno_of_Citium,stoicism,person,202110,18303,2021-10-01
Zeno_of_Citium,stoicism,person,202111,17401,2021-11-01
Zeno_of_Citium,stoicism,person,202112,17303,2021-12-01
Zeno_of_Citium,stoicism,person,202201,17386,2022-01-01
Zeno_of_Citium,stoicism,person,202202,25479,2022-02-01
Zeno_of_Citium,stoicism,person,202203,18419,2022-03-01
Zeno_of_Citium,stoicism,person,202204,17847,2022-04-01
Zeno_of_Citium,stoicism,person,202205,20342,2022-05-01
Zeno_of_Citium,stoicism,person,202206,18282,2022-06-01
Zeno_of_Citium,stoicism,person,202207,19729,2022-07-01
Zeno_of_Citium,stoicism,person,202208,22387,2022-08-01
Zeno_of_Citium,stoicism,person,202209,24603,2022-09-01
Zeno_of_Citium,stoicism,person,202210,23885,2022-10-01
Zeno_of_Citium,stoicism,person,202211,23805,2022-11-01
Zeno_of_Citium,stoicism,person,202212,22855,2022-12-01
Zeno_of_Citium,stoicism,person,202301,26858,2023-01-01
Zeno_of_Citium,stoicism,person,202302,23677,2023-02-01
Zeno_of_Citium,stoicism,person,202303,27929,2023-03-01
Zeno_of_Citium,stoicism,person,202304,24330,2023-04-01
Zeno_of_Citium,stoicism,person,202305,26517,2023-05-01
Zeno_of_Citium,stoicism,person,202306,23956,2023-06-01
Zeno_of_Citium,stoicism,person,202307,23264,2023-07-01
Zeno_of_Citium,stoicism,person,202308,23472,2023-08-01
Zeno_of_Citium,stoicism,person,202309,25227,2023-09-01
Zeno_of_Citium,stoicism,person,202310,25108,2023-10-01
Zeno_of_Citium,stoicism,person,202311,22863,2023-11-01
Zeno_of_Citium,stoicism,person,202312,21723,2023-12-01
Zeno_of_Citium,stoicism,person,202401,24969,2024-01-01
Zeno_of_Citium,stoicism,person,202402,20905,2024-02-01
Zeno_of_Citium,stoicism,person,202403,20586,2024-03-01
Zeno_of_Citium,stoicism,person,202404,18871,2024-04-01
Zeno_of_Citium,stoicism,person,202405,19384,2024-05-01
Zeno_of_Citium,stoicism,person,202406,17287,2024-06-01
Zeno_of_Citium,stoicism,person,202407,16401,2024-07-01
Zeno_of_Citium,stoicism,person,202408,21712,2024-08-01
Zeno_of_Citium,stoicism,person,202409,19685,2024-09-01
Zeno_of_Citium,stoicism,person,202410,19929,2024-10-01
Zeno_of_Citium,stoicism,person,202411,19181,2024-11-01
Zeno_of_Citium,stoicism,person,202412,16631,2024-12-01
Zeno_of_Citium,stoicism,person,202501,18328,2025-01-01
Zeno_of_Citium,stoicism,person,202502,15260,2025-02-01
Zeno_of_Citium,stoicism,person,202503,15634,2025-03-01
Zeno_of_Citium,stoicism,person,202504,15736,2025-04-01
Zeno_of_Citium,stoicism,person,202505,15602,2025-05-01
Zeno_of_Citium,stoicism,person,202506,17702,2025-06-01
Zeno_of_Citium,stoicism,person,202507,15167,2025-07-01
Zeno_of_Citium,stoicism,person,202508,13484,2025-08-01
Zeno_of_Citium,stoicism,person,202509,13880,2025-09-01
Zeno_of_Citium,stoicism,person,202510,15633,2025-10-01
Zeno_of_Citium,stoicism,person,202511,13972,2025-11-01
Zeno_of_Citium,stoicism,person,202512,13269,2025-12-01
Zeno_of_Citium,stoicism,person,202601,14786,2026-01-01
Zeno_of_Citium,stoicism,person,202602,12914,2026-02-01
Zeno_of_Citium,stoicism,person,202603,13531,2026-03-01
Zeno_of_Citium,stoicism,person,202604,13349,2026-04-01
Zeno_of_Citium,stoicism,person,202605,14043,2026-05-01
Zeno_of_Citium,stoicism,person,202606,14053,2026-06-01
Zeno_of_Citium,stoicism,person,202607,12511,2026-07-01
Zeno_of_Citium,stoicism,person,202608,15920,2026-08-01
Zeno_of_Citium,stoicism,person,202609,15975,2026-09-01
Taoism,eastern,concept,201601,116369,2016-01-01
Taoism,eastern,concept,201602,117737,2016-02-01
Taoism,eastern,concept,201603,116041,2016-03-01
Taoism,eastern,concept,201604,109425,2016-04-01
Taoism,eastern,concept,201605,109230,2016-05-01
Taoism,eastern,concept,201606,93741,2016-06-01
Taoism,eastern,concept,201607,95765,2016-07-01
Taoism,eastern,concept,201608,98230,2016-08-01
Taoism,eastern,concept,201609,121435,2016-09-01
Taoism,eastern,concept,201610,129587,2016-10-01
Taoism,eastern,concept,201611,118637,2016-11-01
Taoism,eastern,concept,201612,115329,2016-12-01
Taoism,eastern,concept,201701,122400,2017-01-01
Taoism,eastern,concept,201702,117207,2017-02-01
Taoism,eastern,concept,201703,128117,2017-03-01
Taoism,eastern,concept,201704,123128,2017-04-01
Taoism,eastern,concept,201705,115892,2017-05-01
Taoism,eastern,concept,201706,99306,2017-06-01
Taoism,eastern,concept,201707,98099,2017-07-01
Taoism,eastern,concept,201708,97043,2017-08-01
Taoism,eastern,concept,201709,110669,2017-09-01
Taoism,eastern,concept,201710,120874,2017-10-01
Taoism,eastern,concept,201711,113746,2017-11-01
Taoism,eastern,concept,201712,112005,2017-12-01
Taoism,eastern,concept,201801,127044,2018-01-01
Taoism,eastern,concept,201802,116039,2018-02-01
Taoism,eastern,concept,201803,124429,2018-03-01
Taoism,eastern,concept,201804,113739,2018-04-01
Taoism,eastern,concept,201805,112426,2018-05-01
Taoism,eastern,concept,201806,97357,2018-06-01
Taoism,eastern,concept,201807,104123,2018-07-01
Taoism,eastern,concept,201808,105959,2018-08-01
Taoism,eastern,concept,201809,107342,2018-09-01
Taoism,eastern,concept,201810,112968,2018-10-01
Taoism,eastern,concept,201811,102567,2018-11-01
Taoism,eastern,concept,201812,99903,2018-12-01
Taoism,eastern,concept,201901,108126,2019-01-01
Taoism,eastern,concept,201902,98535,2019-02-01
Taoism,eastern,concept,201903,104861,2019-03-01
Taoism,eastern,concept,201904,101761,2019-04-01
Taoism,eastern,concept,201905,97227,2019-05-01
Taoism,eastern,concept,201906,81179,2019-06-01
Taoism,eastern,concept,201907,88433,2019-07-01
Taoism,eastern,concept,201908,98510,2019-08-01
Taoism,eastern,concept,201909,99646,2019-09-01
Taoism,eastern,concept,201910,112488,2019-10-01
Taoism,eastern,concept,201911,96938,2019-11-01
Taoism,eastern,concept,201912,96510,2019-12-01
Taoism,eastern,concept,202001,101225,2020-01-01
Taoism,eastern,concept,202002,95372,2020-02-01
Taoism,eastern,concept,202003,97886,2020-03-01
Taoism,eastern,concept,202004,113016,2020-04-01
Taoism,eastern,concept,202005,116308,2020-05-01
Taoism,eastern,concept,202006,96954,2020-06-01
Taoism,eastern,concept,202007,100583,2020-07-01
Taoism,eastern,concept,202008,95239,2020-08-01
Taoism,eastern,concept,202009,102106,2020-09-01
Taoism,eastern,concept,202010,104183,2020-10-01
Taoism,eastern,concept,202011,97207,2020-11-01
Taoism,eastern,concept,202012,97454,2020-12-01
Taoism,eastern,concept,202101,103813,2021-01-01
Taoism,eastern,concept,202102,108356,2021-02-01
Taoism,eastern,concept,202103,106889,2021-03-01
Taoism,eastern,concept,202104,102392,2021-04-01
Taoism,eastern,concept,202105,104096,2021-05-01
Taoism,eastern,concept,202106,85882,2021-06-01
Taoism,eastern,concept,202107,84038,2021-07-01
Taoism,eastern,concept,202108,88128,2021-08-01
Taoism,eastern,concept,202109,93932,2021-09-01
Taoism,eastern,concept,202110,100242,2021-10-01
Taoism,eastern,concept,202111,89186,2021-11-01
Taoism,eastern,concept,202112,86494,2021-12-01
Taoism,eastern,concept,202201,95555,2022-01-01
Taoism,eastern,concept,202202,83847,2022-02-01
Taoism,eastern,concept,202203,85771,2022-03-01
Taoism,eastern,concept,202204,85113,2022-04-01
Taoism,eastern,concept,202205,90776,2022-05-01
Taoism,eastern,concept,202206,79279,2022-06-01
Taoism,eastern,concept,202207,83404,2022-07-01
Taoism,eastern,concept,202208,98339,2022-08-01
Taoism,eastern,concept,202209,107901,2022-09-01
Taoism,eastern,concept,202210,107269,2022-10-01
Taoism,eastern,concept,202211,105187,2022-11-01
Taoism,eastern,concept,202212,99682,2022-12-01
Taoism,eastern,concept,202301,115754,2023-01-01
Taoism,eastern,concept,202302,100222,2023-02-01
Taoism,eastern,concept,202303,122916,2023-03-01
Taoism,eastern,concept,202304,121088,2023-04-01
Taoism,eastern,concept,202305,111331,2023-05-01
Taoism,eastern,concept,202306,109190,2023-06-01
Taoism,eastern,concept,202307,106175,2023-07-01
Taoism,eastern,concept,202308,112671,2023-08-01
Taoism,eastern,concept,202309,117222,2023-09-01
Taoism,eastern,concept,202310,129242,2023-10-01
Taoism,eastern,concept,202311,125189,2023-11-01
Taoism,eastern,concept,202312,117658,2023-12-01
Taoism,eastern,concept,202401,143834,2024-01-01
Taoism,eastern,concept,202402,125063,2024-02-01
Taoism,eastern,concept,202403,141718,2024-03-01
Taoism,eastern,concept,202404,131684,2024-04-01
Taoism,eastern,concept,202405,116528,2024-05-01
Taoism,eastern,concept,202406,99302,2024-06-01
Taoism,eastern,concept,202407,93763,2024-07-01
Taoism,eastern,concept,202408,127278,2024-08-01
Taoism,eastern,concept,202409,119469,2024-09-01
Taoism,eastern,concept,202410,116449,2024-10-01
Taoism,eastern,concept,202411,102211,2024-11-01
Taoism,eastern,concept,202412,111077,2024-12-01
Taoism,eastern,concept,202501,115830,2025-01-01
Taoism,eastern,concept,202502,104623,2025-02-01
Taoism,eastern,concept,202503,132590,2025-03-01
Taoism,eastern,concept,202504,109751,2025-04-01
Taoism,eastern,concept,202505,105307,2025-05-01
Taoism,eastern,concept,202506,93365,2025-06-01
Taoism,eastern,concept,202507,84240,2025-07-01
Taoism,eastern,concept,202508,96489,2025-08-01
Taoism,eastern,concept,202509,101515,2025-09-01
Taoism,eastern,concept,202510,91375,2025-10-01
Taoism,eastern,concept,202511,95426,2025-11-01
Taoism,eastern,concept,202512,93462,2025-12-01
Taoism,eastern,concept,202601,97621,2026-01-01
Taoism,eastern,concept,202602,91907,2026-02-01
Taoism,eastern,concept,202603,91579,2026-03-01
Taoism,eastern,concept,202604,86826,2026-04-01
Taoism,eastern,concept,202605,86517,2026-05-01
Taoism,eastern,concept,202606,76200,2026-06-01
Taoism,eastern,concept,202607,76589,2026-07-01
Taoism,eastern,concept,202608,85974,2026-08-01
Taoism,eastern,concept,202609,87210,2026-09-01
Tao_Te_Ching,eastern,work,201601,37337,2016-01-01
Tao_Te_Ching,eastern,work,201602,35744,2016-02-01
Tao_Te_Ching,eastern,work,201603,36147,2016-03-01
Tao_Te_Ching,eastern,work,201604,35696,2016-04-01
Tao_Te_Ching,eastern,work,201605,32956,2016-05-01
Tao_Te_Ching,eastern,work,201606,29576,2016-06-01
Tao_Te_Ching,eastern,work,201607,28763,2016-07-01
Tao_Te_Ching,eastern,work,201608,35814,2016-08-01
Tao_Te_Ching,eastern,work,201609,40205,2016-09-01
Tao_Te_Ching,eastern,work,201610,40287,2016-10-01
Tao_Te_Ching,eastern,work,201611,36539,2016-11-01
Tao_Te_Ching,eastern,work,201612,38217,2016-12-01
Tao_Te_Ching,eastern,work,201701,45205,2017-01-01
Tao_Te_Ching,eastern,work,201702,42706,2017-02-01
Tao_Te_Ching,eastern,work,201703,42897,2017-03-01
Tao_Te_Ching,eastern,work,201704,36572,2017-04-01
Tao_Te_Ching,eastern,work,201705,35473,2017-05-01
Tao_Te_Ching,eastern,work,201706,30943,2017-06-01
Tao_Te_Ching,eastern,work,201707,35377,2017-07-01
Tao_Te_Ching,eastern,work,201708,32840,2017-08-01
Tao_Te_Ching,eastern,work,201709,39486,2017-09-01
Tao_Te_Ching,eastern,work,201710,40368,2017-10-01
Tao_Te_Ching,eastern,work,201711,36035,2017-11-01
Tao_Te_Ching,eastern,work,201712,36593,2017-12-01
Tao_Te_Ching,eastern,work,201801,38027,2018-01-01
Tao_Te_Ching,eastern,work,201802,33952,2018-02-01
Tao_Te_Ching,eastern,work,201803,38361,2018-03-01
Tao_Te_Ching,eastern,work,201804,36144,2018-04-01
Tao_Te_Ching,eastern,work,201805,35432,2018-05-01
Tao_Te_Ching,eastern,work,201806,32349,2018-06-01
Tao_Te_Ching,eastern,work,201807,34794,2018-07-01
Tao_Te_Ching,eastern,work,201808,34904,2018-08-01
Tao_Te_Ching,eastern,work,201809,35832,2018-09-01
Tao_Te_Ching,eastern,work,201810,38306,2018-10-01
Tao_Te_Ching,eastern,work,201811,34018,2018-11-01
Tao_Te_Ching,eastern,work,201812,35395,2018-12-01
Tao_Te_Ching,eastern,work,201901,37833,2019-01-01
Tao_Te_Ching,eastern,work,201902,33543,2019-02-01
Tao_Te_Ching,eastern,work,201903,36045,2019-03-01
Tao_Te_Ching,eastern,work,201904,32488,2019-04-01
Tao_Te_Ching,eastern,work,201905,30628,2019-05-01
Tao_Te_Ching,eastern,work,201906,27064,2019-06-01
Tao_Te_Ching,eastern,work,201907,28718,2019-07-01
Tao_Te_Ching,eastern,work,201908,34838,2019-08-01
Tao_Te_Ching,eastern,work,201909,32942,2019-09-01
Tao_Te_Ching,eastern,work,201910,36021,2019-10-01
Tao_Te_Ching,eastern,work,201911,32964,2019-11-01
Tao_Te_Ching,eastern,work,201912,33354,2019-12-01
Tao_Te_Ching,eastern,work,202001,34230,2020-01-01
Tao_Te_Ching,eastern,work,202002,32851,2020-02-01
Tao_Te_Ching,eastern,work,202003,33997,2020-03-01
Tao_Te_Ching,eastern,work,202004,42057,2020-04-01
Tao_Te_Ching,eastern,work,202005,39576,2020-05-01
Tao_Te_Ching,eastern,work,202006,34040,2020-06-01
Tao_Te_Ching,eastern,work,202007,35277,2020-07-01
Tao_Te_Ching,eastern,work,202008,34609,2020-08-01
Tao_Te_Ching,eastern,work,202009,36408,2020-09-01
Tao_Te_Ching,eastern,work,202010,39320,2020-10-01
Tao_Te_Ching,eastern,work,202011,47725,2020-11-01
Tao_Te_Ching,eastern,work,202012,40096,2020-12-01
Tao_Te_Ching,eastern,work,202101,41297,2021-01-01
Tao_Te_Ching,eastern,work,202102,38155,2021-02-01
Tao_Te_Ching,eastern,work,202103,41584,2021-03-01
Tao_Te_Ching,eastern,work,202104,43082,2021-04-01
Tao_Te_Ching,eastern,work,202105,36227,2021-05-01
Tao_Te_Ching,eastern,work,202106,33045,2021-06-01
Tao_Te_Ching,eastern,work,202107,35038,2021-07-01
Tao_Te_Ching,eastern,work,202108,33272,2021-08-01
Tao_Te_Ching,eastern,work,202109,35164,2021-09-01
Tao_Te_Ching,eastern,work,202110,45327,2021-10-01
Tao_Te_Ching,eastern,work,202111,34586,2021-11-01
Tao_Te_Ching,eastern,work,202112,34159,2021-12-01
Tao_Te_Ching,eastern,work,202201,35711,2022-01-01
Tao_Te_Ching,eastern,work,202202,33216,2022-02-01
Tao_Te_Ching,eastern,work,202203,33855,2022-03-01
Tao_Te_Ching,eastern,work,202204,31790,2022-04-01
Tao_Te_Ching,eastern,work,202205,33850,2022-05-01
Tao_Te_Ching,eastern,work,202206,31113,2022-06-01
Tao_Te_Ching,eastern,work,202207,34888,2022-07-01
Tao_Te_Ching,eastern,work,202208,34500,2022-08-01
Tao_Te_Ching,eastern,work,202209,35726,2022-09-01
Tao_Te_Ching,eastern,work,202210,35922,2022-10-01
Tao_Te_Ching,eastern,work,202211,35399,2022-11-01
Tao_Te_Ching,eastern,work,202212,32075,2022-12-01
Tao_Te_Ching,eastern,work,202301,38744,2023-01-01
Tao_Te_Ching,eastern,work,202302,34030,2023-02-01
Tao_Te_Ching,eastern,work,202303,39152,2023-03-01
Tao_Te_Ching,eastern,work,202304,34580,2023-04-01
Tao_Te_Ching,eastern,work,202305,37323,2023-05-01
Tao_Te_Ching,eastern,work,202306,35614,2023-06-01
Tao_Te_Ching,eastern,work,202307,35553,2023-07-01
Tao_Te_Ching,eastern,work,202308,39293,2023-08-01
Tao_Te_Ching,eastern,work,202309,36992,2023-09-01
Tao_Te_Ching,eastern,work,202310,36335,2023-10-01
Tao_Te_Ching,eastern,work,202311,37233,2023-11-01
Tao_Te_Ching,eastern,work,202312,38593,2023-12-01
Tao_Te_Ching,eastern,work,202401,49919,2024-01-01
Tao_Te_Ching,eastern,work,202402,39860,2024-02-01
Tao_Te_Ching,eastern,work,202403,42034,2024-03-01
Tao_Te_Ching,eastern,work,202404,40712,2024-04-01
Tao_Te_Ching,eastern,work,202405,38173,2024-05-01
Tao_Te_Ching,eastern,work,202406,33231,2024-06-01
Tao_Te_Ching,eastern,work,202407,33819,2024-07-01
Tao_Te_Ching,eastern,work,202408,42185,2024-08-01
Tao_Te_Ching,eastern,work,202409,37255,2024-09-01
Tao_Te_Ching,eastern,work,202410,37205,2024-10-01
Tao_Te_Ching,eastern,work,202411,35543,2024-11-01
Tao_Te_Ching,eastern,work,202412,42907,2024-12-01
Tao_Te_Ching,eastern,work,202501,49834,2025-01-01
Tao_Te_Ching,eastern,work,202502,39767,2025-02-01
Tao_Te_Ching,eastern,work,202503,47324,2025-03-01
Tao_Te_Ching,eastern,work,202504,40380,2025-04-01
Tao_Te_Ching,eastern,work,202505,38893,2025-05-01
Tao_Te_Ching,eastern,work,202506,35960,2025-06-01
Tao_Te_Ching,eastern,work,202507,34904,2025-07-01
Tao_Te_Ching,eastern,work,202508,42804,2025-08-01
Tao_Te_Ching,eastern,work,202509,38735,2025-09-01
Tao_Te_Ching,eastern,work,202510,40263,2025-10-01
Tao_Te_Ching,eastern,work,202511,57811,2025-11-01
Tao_Te_Ching,eastern,work,202512,40005,2025-12-01
Tao_Te_Ching,eastern,work,202601,40233,2026-01-01
Tao_Te_Ching,eastern,work,202602,35653,2026-02-01
Tao_Te_Ching,eastern,work,202603,36862,2026-03-01
Tao_Te_Ching,eastern,work,202604,34909,2026-04-01
Tao_Te_Ching,eastern,work,202605,36068,2026-05-01
Tao_Te_Ching,eastern,work,202606,32731,2026-06-01
Tao_Te_Ching,eastern,work,202607,32900,2026-07-01
Tao_Te_Ching,eastern,work,202608,38770,2026-08-01
Tao_Te_Ching,eastern,work,202609,40939,2026-09-01
Laozi,eastern,person,201601,51240,2016-01-01
Laozi,eastern,person,201602,52386,2016-02-01
Laozi,eastern,person,201603,47439,2016-03-01
Laozi,eastern,person,201604,45314,2016-04-01
Laozi,eastern,person,201605,44727,2016-05-01
Laozi,eastern,person,201606,40207,2016-06-01
Laozi,eastern,person,201607,37418,2016-07-01
Laozi,eastern,person,201608,43013,2016-08-01
Laozi,eastern,person,201609,48928,2016-09-01
Laozi,eastern,person,201610,48648,2016-10-01
Laozi,eastern,person,201611,45540,2016-11-01
Laozi,eastern,person,201612,44178,2016-12-01
Laozi,eastern,person,201701,46774,2017-01-01
Laozi,eastern,person,201702,44478,2017-02-01
Laozi,eastern,person,201703,48956,2017-03-01
Laozi,eastern,person,201704,44413,2017-04-01
Laozi,eastern,person,201705,43818,2017-05-01
Laozi,eastern,person,201706,37991,2017-06-01
Laozi,eastern,person,201707,39939,2017-07-01
Laozi,eastern,person,201708,39905,2017-08-01
Laozi,eastern,person,201709,46907,2017-09-01
Laozi,eastern,person,201710,52263,2017-10-01
Laozi,eastern,person,201711,44384,2017-11-01
Laozi,eastern,person,201712,41824,2017-12-01
Laozi,eastern,person,201801,46562,2018-01-01
Laozi,eastern,person,201802,45172,2018-02-01
Laozi,eastern,person,201803,49451,2018-03-01
Laozi,eastern,person,201804,42908,2018-04-01
Laozi,eastern,person,201805,43225,2018-05-01
Laozi,eastern,person,201806,37991,2018-06-01
Laozi,eastern,person,201807,37680,2018-07-01
Laozi,eastern,person,201808,39300,2018-08-01
Laozi,eastern,person,201809,42670,2018-09-01
Laozi,eastern,person,201810,45104,2018-10-01
Laozi,eastern,person,201811,40423,2018-11-01
Laozi,eastern,person,201812,39676,2018-12-01
Laozi,eastern,person,201901,43664,2019-01-01
Laozi,eastern,person,201902,39852,2019-02-01
Laozi,eastern,person,201903,43300,2019-03-01
Laozi,eastern,person,201904,41498,2019-04-01
Laozi,eastern,person,201905,40073,2019-05-01
Laozi,eastern,person,201906,34854,2019-06-01
Laozi,eastern,person,201907,38544,2019-07-01
Laozi,eastern,person,201908,43088,2019-08-01
Laozi,eastern,person,201909,41504,2019-09-01
Laozi,eastern,person,201910,43035,2019-10-01
Laozi,eastern,person,201911,37909,2019-11-01
Laozi,eastern,person,201912,37630,2019-12-01
Laozi,eastern,person,202001,42869,2020-01-01
Laozi,eastern,person,202002,44954,2020-02-01
Laozi,eastern,person,202003,49407,2020-03-01
Laozi,eastern,person,202004,54046,2020-04-01
Laozi,eastern,person,202005,54636,2020-05-01
Laozi,eastern,person,202006,60425,2020-06-01
Laozi,eastern,person,202007,46790,2020-07-01
Laozi,eastern,person,202008,44363,2020-08-01
Laozi,eastern,person,202009,68824,2020-09-01
Laozi,eastern,person,202010,65948,2020-10-01
Laozi,eastern,person,202011,57319,2020-11-01
Laozi,eastern,person,202012,58187,2020-12-01
Laozi,eastern,person,202101,59377,2021-01-01
Laozi,eastern,person,202102,56457,2021-02-01
Laozi,eastern,person,202103,61040,2021-03-01
Laozi,eastern,person,202104,59536,2021-04-01
Laozi,eastern,person,202105,57796,2021-05-01
Laozi,eastern,person,202106,56122,2021-06-01
Laozi,eastern,person,202107,51768,2021-07-01
Laozi,eastern,person,202108,51445,2021-08-01
Laozi,eastern,person,202109,55967,2021-09-01
Laozi,eastern,person,202110,62981,2021-10-01
Laozi,eastern,person,202111,52275,2021-11-01
Laozi,eastern,person,202112,49448,2021-12-01
Laozi,eastern,person,202201,54863,2022-01-01
Laozi,eastern,person,202202,49048,2022-02-01
Laozi,eastern,person,202203,48978,2022-03-01
Laozi,eastern,person,202204,46489,2022-04-01
Laozi,eastern,person,202205,51468,2022-05-01
Laozi,eastern,person,202206,45658,2022-06-01
Laozi,eastern,person,202207,45953,2022-07-01
Laozi,eastern,person,202208,50567,2022-08-01
Laozi,eastern,person,202209,52907,2022-09-01
Laozi,eastern,person,202210,54878,2022-10-01
Laozi,eastern,person,202211,54390,2022-11-01
Laozi,eastern,person,202212,49097,2022-12-01
Laozi,eastern,person,202301,65716,2023-01-01
Laozi,eastern,person,202302,57699,2023-02-01
Laozi,eastern,person,202303,361015,2023-03-01
Laozi,eastern,person,202304,361686,2023-04-01
Laozi,eastern,person,202305,427988,2023-05-01
Laozi,eastern,person,202306,315193,2023-06-01
Laozi,eastern,person,202307,357296,2023-07-01
Laozi,eastern,person,202308,336898,2023-08-01
Laozi,eastern,person,202309,341363,2023-09-01
Laozi,eastern,person,202310,366324,2023-10-01
Laozi,eastern,person,202311,318089,2023-11-01
Laozi,eastern,person,202312,416743,2023-12-01
Laozi,eastern,person,202401,361462,2024-01-01
Laozi,eastern,person,202402,372591,2024-02-01
Laozi,eastern,person,202403,404569,2024-03-01
Laozi,eastern,person,202404,394530,2024-04-01
Laozi,eastern,person,202405,415664,2024-05-01
Laozi,eastern,person,202406,357736,2024-06-01
Laozi,eastern,person,202407,408600,2024-07-01
Laozi,eastern,person,202408,427948,2024-08-01
Laozi,eastern,person,202409,355126,2024-09-01
Laozi,eastern,person,202410,405715,2024-10-01
Laozi,eastern,person,202411,335356,2024-11-01
Laozi,eastern,person,202412,368605,2024-12-01
Laozi,eastern,person,202501,371567,2025-01-01
Laozi,eastern,person,202502,326272,2025-02-01
Laozi,eastern,person,202503,367963,2025-03-01
Laozi,eastern,person,202504,324786,2025-04-01
Laozi,eastern,person,202505,350405,2025-05-01
Laozi,eastern,person,202506,307944,2025-06-01
Laozi,eastern,person,202507,268172,2025-07-01
Laozi,eastern,person,202508,292629,2025-08-01
Laozi,eastern,person,202509,278699,2025-09-01
Laozi,eastern,person,202510,286567,2025-10-01
Laozi,eastern,person,202511,281211,2025-11-01
Laozi,eastern,person,202512,254811,2025-12-01
Laozi,eastern,person,202601,59459,2026-01-01
Laozi,eastern,person,202602,115073,2026-02-01
Laozi,eastern,person,202603,163101,2026-03-01
Laozi,eastern,person,202604,210382,2026-04-01
Laozi,eastern,person,202605,179288,2026-05-01
Laozi,eastern,person,202606,183608,2026-06-01
Laozi,eastern,person,202607,171591,2026-07-01
Laozi,eastern,person,202608,164345,2026-08-01
Laozi,eastern,person,202609,163607,2026-09-01
Zen,eastern,concept,201601,83072,2016-01-01
Zen,eastern,concept,201602,76785,2016-02-01
Zen,eastern,concept,201603,77205,2016-03-01
Zen,eastern,concept,201604,79378,2016-04-01
Zen,eastern,concept,201605,79142,2016-05-01
Zen,eastern,concept,201606,65185,2016-06-01
Zen,eastern,concept,201607,64176,2016-07-01
Zen,eastern,concept,201608,74752,2016-08-01
Zen,eastern,concept,201609,70563,2016-09-01
Zen,eastern,concept,201610,66569,2016-10-01
Zen,eastern,concept,201611,69735,2016-11-01
Zen,eastern,concept,201612,72101,2016-12-01
Zen,eastern,concept,201701,81288,2017-01-01
Zen,eastern,concept,201702,72066,2017-02-01
Zen,eastern,concept,201703,79504,2017-03-01
Zen,eastern,concept,201704,71640,2017-04-01
Zen,eastern,concept,201705,68843,2017-05-01
Zen,eastern,concept,201706,63077,2017-06-01
Zen,eastern,concept,201707,61791,2017-07-01
Zen,eastern,concept,201708,59392,2017-08-01
Zen,eastern,concept,201709,58076,2017-09-01
Zen,eastern,concept,201710,64394,2017-10-01
Zen,eastern,concept,201711,62635,2017-11-01
Zen,eastern,concept,201712,61495,2017-12-01
Zen,eastern,concept,201801,64463,2018-01-01
Zen,eastern,concept,201802,55691,2018-02-01
Zen,eastern,concept,201803,65074,2018-03-01
Zen,eastern,concept,201804,63450,2018-04-01
Zen,eastern,concept,201805,62945,2018-05-01
Zen,eastern,concept,201806,55655,2018-06-01
Zen,eastern,concept,201807,56916,2018-07-01
Zen,eastern,concept,201808,57488,2018-08-01
Zen,eastern,concept,201809,53965,2018-09-01
Zen,eastern,concept,201810,58189,2018-10-01
Zen,eastern,concept,201811,57416,2018-11-01
Zen,eastern,concept,201812,55656,2018-12-01
Zen,eastern,concept,201901,59957,2019-01-01
Zen,eastern,concept,201902,52816,2019-02-01
Zen,eastern,concept,201903,65433,2019-03-01
Zen,eastern,concept,201904,57018,2019-04-01
Zen,eastern,concept,201905,55922,2019-05-01
Zen,eastern,concept,201906,52191,2019-06-01
Zen,eastern,concept,201907,54883,2019-07-01
Zen,eastern,concept,201908,55204,2019-08-01
Zen,eastern,concept,201909,55431,2019-09-01
Zen,eastern,concept,201910,75867,2019-10-01
Zen,eastern,concept,201911,53647,2019-11-01
Zen,eastern,concept,201912,54740,2019-12-01
Zen,eastern,concept,202001,54695,2020-01-01
Zen,eastern,concept,202002,49149,2020-02-01
Zen,eastern,concept,202003,50792,2020-03-01
Zen,eastern,concept,202004,66020,2020-04-01
Zen,eastern,concept,202005,68065,2020-05-01
Zen,eastern,concept,202006,60049,2020-06-01
Zen,eastern,concept,202007,69964,2020-07-01
Zen,eastern,concept,202008,58047,2020-08-01
Zen,eastern,concept,202009,53311,2020-09-01
Zen,eastern,concept,202010,54826,2020-10-01
Zen,eastern,concept,202011,50904,2020-11-01
Zen,eastern,concept,202012,53197,2020-12-01
Zen,eastern,concept,202101,55793,2021-01-01
Zen,eastern,concept,202102,50867,2021-02-01
Zen,eastern,concept,202103,56767,2021-03-01
Zen,eastern,concept,202104,54457,2021-04-01
Zen,eastern,concept,202105,54044,2021-05-01
Zen,eastern,concept,202106,48782,2021-06-01
Zen,eastern,concept,202107,52912,2021-07-01
Zen,eastern,concept,202108,54709,2021-08-01
Zen,eastern,concept,202109,52550,2021-09-01
Zen,eastern,concept,202110,53254,2021-10-01
Zen,eastern,concept,202111,51313,2021-11-01
Zen,eastern,concept,202112,54303,2021-12-01
Zen,eastern,concept,202201,56595,2022-01-01
Zen,eastern,concept,202202,51587,2022-02-01
Zen,eastern,concept,202203,50173,2022-03-01
Zen,eastern,concept,202204,50235,2022-04-01
Zen,eastern,concept,202205,53090,2022-05-01
Zen,eastern,concept,202206,47841,2022-06-01
Zen,eastern,concept,202207,51746,2022-07-01
Zen,eastern,concept,202208,60152,2022-08-01
Zen,eastern,concept,202209,56569,2022-09-01
Zen,eastern,concept,202210,55687,2022-10-01
Zen,eastern,concept,202211,60624,2022-11-01
Zen,eastern,concept,202212,49991,2022-12-01
Zen,eastern,concept,202301,56067,2023-01-01
Zen,eastern,concept,202302,50073,2023-02-01
Zen,eastern,concept,202303,62583,2023-03-01
Zen,eastern,concept,202304,53071,2023-04-01
Zen,eastern,concept,202305,55845,2023-05-01
Zen,eastern,concept,202306,53613,2023-06-01
Zen,eastern,concept,202307,58457,2023-07-01
Zen,eastern,concept,202308,57339,2023-08-01
Zen,eastern,concept,202309,55840,2023-09-01
Zen,eastern,concept,202310,56671,2023-10-01
Zen,eastern,concept,202311,56510,2023-11-01
Zen,eastern,concept,202312,59142,2023-12-01
Zen,eastern,concept,202401,74004,2024-01-01
Zen,eastern,concept,202402,64372,2024-02-01
Zen,eastern,concept,202403,74598,2024-03-01
Zen,eastern,concept,202404,67145,2024-04-01
Zen,eastern,concept,202405,61877,2024-05-01
Zen,eastern,concept,202406,47738,2024-06-01
Zen,eastern,concept,202407,51148,2024-07-01
Zen,eastern,concept,202408,49136,2024-08-01
Zen,eastern,concept,202409,48592,2024-09-01
Zen,eastern,concept,202410,49328,2024-10-01
Zen,eastern,concept,202411,46734,2024-11-01
Zen,eastern,concept,202412,43177,2024-12-01
Zen,eastern,concept,202501,50256,2025-01-01
Zen,eastern,concept,202502,43949,2025-02-01
Zen,eastern,concept,202503,51757,2025-03-01
Zen,eastern,concept,202504,51342,2025-04-01
Zen,eastern,concept,202505,52209,2025-05-01
Zen,eastern,concept,202506,45996,2025-06-01
Zen,eastern,concept,202507,43727,2025-07-01
Zen,eastern,concept,202508,43695,2025-08-01
Zen,eastern,concept,202509,46512,2025-09-01
Zen,eastern,concept,202510,40768,2025-10-01
Zen,eastern,concept,202511,51363,2025-11-01
Zen,eastern,concept,202512,52908,2025-12-01
Zen,eastern,concept,202601,53871,2026-01-01
Zen,eastern,concept,202602,34934,2026-02-01
Zen,eastern,concept,202603,49214,2026-03-01
Zen,eastern,concept,202604,37886,2026-04-01
Zen,eastern,concept,202605,41776,2026-05-01
Zen,eastern,concept,202606,35074,2026-06-01
Zen,eastern,concept,202607,37075,2026-07-01
Zen,eastern,concept,202608,38606,2026-08-01
Zen,eastern,concept,202609,35587,2026-09-01
Mindfulness,eastern,concept,201601,66649,2016-01-01
Mindfulness,eastern,concept,201602,77083,2016-02-01
Mindfulness,eastern,concept,201603,68841,2016-03-01
Mindfulness,eastern,concept,201604,67403,2016-04-01
Mindfulness,eastern,concept,201605,67972,2016-05-01
Mindfulness,eastern,concept,201606,58789,2016-06-01
Mindfulness,eastern,concept,201607,48778,2016-07-01
Mindfulness,eastern,concept,201608,59520,2016-08-01
Mindfulness,eastern,concept,201609,61749,2016-09-01
Mindfulness,eastern,concept,201610,64375,2016-10-01
Mindfulness,eastern,concept,201611,60091,2016-11-01
Mindfulness,eastern,concept,201612,57777,2016-12-01
Mindfulness,eastern,concept,201701,63193,2017-01-01
Mindfulness,eastern,concept,201702,55972,2017-02-01
Mindfulness,eastern,concept,201703,67311,2017-03-01
Mindfulness,eastern,concept,201704,59768,2017-04-01
Mindfulness,eastern,concept,201705,65242,2017-05-01
Mindfulness,eastern,concept,201706,57332,2017-06-01
Mindfulness,eastern,concept,201707,58973,2017-07-01
Mindfulness,eastern,concept,201708,61556,2017-08-01
Mindfulness,eastern,concept,201709,83322,2017-09-01
Mindfulness,eastern,concept,201710,99625,2017-10-01
Mindfulness,eastern,concept,201711,77772,2017-11-01
Mindfulness,eastern,concept,201712,63207,2017-12-01
Mindfulness,eastern,concept,201801,71385,2018-01-01
Mindfulness,eastern,concept,201802,59618,2018-02-01
Mindfulness,eastern,concept,201803,87331,2018-03-01
Mindfulness,eastern,concept,201804,78026,2018-04-01
Mindfulness,eastern,concept,201805,62975,2018-05-01
Mindfulness,eastern,concept,201806,63776,2018-06-01
Mindfulness,eastern,concept,201807,61918,2018-07-01
Mindfulness,eastern,concept,201808,72279,2018-08-01
Mindfulness,eastern,concept,201809,79128,2018-09-01
Mindfulness,eastern,concept,201810,83305,2018-10-01
Mindfulness,eastern,concept,201811,67199,2018-11-01
Mindfulness,eastern,concept,201812,61357,2018-12-01
Mindfulness,eastern,concept,201901,70058,2019-01-01
Mindfulness,eastern,concept,201902,65534,2019-02-01
Mindfulness,eastern,concept,201903,60653,2019-03-01
Mindfulness,eastern,concept,201904,54019,2019-04-01
Mindfulness,eastern,concept,201905,51721,2019-05-01
Mindfulness,eastern,concept,201906,52565,2019-06-01
Mindfulness,eastern,concept,201907,50672,2019-07-01
Mindfulness,eastern,concept,201908,53600,2019-08-01
Mindfulness,eastern,concept,201909,56376,2019-09-01
Mindfulness,eastern,concept,201910,59208,2019-10-01
Mindfulness,eastern,concept,201911,52843,2019-11-01
Mindfulness,eastern,concept,201912,50743,2019-12-01
Mindfulness,eastern,concept,202001,54119,2020-01-01
Mindfulness,eastern,concept,202002,48803,2020-02-01
Mindfulness,eastern,concept,202003,46268,2020-03-01
Mindfulness,eastern,concept,202004,55365,2020-04-01
Mindfulness,eastern,concept,202005,50642,2020-05-01
Mindfulness,eastern,concept,202006,43328,2020-06-01
Mindfulness,eastern,concept,202007,44560,2020-07-01
Mindfulness,eastern,concept,202008,44677,2020-08-01
Mindfulness,eastern,concept,202009,43804,2020-09-01
Mindfulness,eastern,concept,202010,45252,2020-10-01
Mindfulness,eastern,concept,202011,44385,2020-11-01
Mindfulness,eastern,concept,202012,42816,2020-12-01
Mindfulness,eastern,concept,202101,46015,2021-01-01
Mindfulness,eastern,concept,202102,40624,2021-02-01
Mindfulness,eastern,concept,202103,46364,2021-03-01
Mindfulness,eastern,concept,202104,43295,2021-04-01
Mindfulness,eastern,concept,202105,43508,2021-05-01
Mindfulness,eastern,concept,202106,40589,2021-06-01
Mindfulness,eastern,concept,202107,40351,2021-07-01
Mindfulness,eastern,concept,202108,37548,2021-08-01
Mindfulness,eastern,concept,202109,36794,2021-09-01
Mindfulness,eastern,concept,202110,40044,2021-10-01
Mindfulness,eastern,concept,202111,37619,2021-11-01
Mindfulness,eastern,concept,202112,32466,2021-12-01
Mindfulness,eastern,concept,202201,44495,2022-01-01
Mindfulness,eastern,concept,202202,38104,2022-02-01
Mindfulness,eastern,concept,202203,38171,2022-03-01
Mindfulness,eastern,concept,202204,36412,2022-04-01
Mindfulness,eastern,concept,202205,37975,2022-05-01
Mindfulness,eastern,concept,202206,31373,2022-06-01
Mindfulness,eastern,concept,202207,33287,2022-07-01
Mindfulness,eastern,concept,202208,34689,2022-08-01
Mindfulness,eastern,concept,202209,32513,2022-09-01
Mindfulness,eastern,concept,202210,34243,2022-10-01
Mindfulness,eastern,concept,202211,36525,2022-11-01
Mindfulness,eastern,concept,202212,34891,2022-12-01
Mindfulness,eastern,concept,202301,38791,2023-01-01
Mindfulness,eastern,concept,202302,28444,2023-02-01
Mindfulness,eastern,concept,202303,34260,2023-03-01
Mindfulness,eastern,concept,202304,29459,2023-04-01
Mindfulness,eastern,concept,202305,28277,2023-05-01
Mindfulness,eastern,concept,202306,29648,2023-06-01
Mindfulness,eastern,concept,202307,31925,2023-07-01
Mindfulness,eastern,concept,202308,30914,2023-08-01
Mindfulness,eastern,concept,202309,32974,2023-09-01
Mindfulness,eastern,concept,202310,35030,2023-10-01
Mindfulness,eastern,concept,202311,32306,2023-11-01
Mindfulness,eastern,concept,202312,30441,2023-12-01
Mindfulness,eastern,concept,202401,37923,2024-01-01
Mindfulness,eastern,concept,202402,33156,2024-02-01
Mindfulness,eastern,concept,202403,37268,2024-03-01
Mindfulness,eastern,concept,202404,34427,2024-04-01
Mindfulness,eastern,concept,202405,36617,2024-05-01
Mindfulness,eastern,concept,202406,32224,2024-06-01
Mindfulness,eastern,concept,202407,36759,2024-07-01
Mindfulness,eastern,concept,202408,33333,2024-08-01
Mindfulness,eastern,concept,202409,34466,2024-09-01
Mindfulness,eastern,concept,202410,33772,2024-10-01
Mindfulness,eastern,concept,202411,32526,2024-11-01
Mindfulness,eastern,concept,202412,28246,2024-12-01
Mindfulness,eastern,concept,202501,38524,2025-01-01
Mindfulness,eastern,concept,202502,29771,2025-02-01
Mindfulness,eastern,concept,202503,40467,2025-03-01
Mindfulness,eastern,concept,202504,37245,2025-04-01
Mindfulness,eastern,concept,202505,36623,2025-05-01
Mindfulness,eastern,concept,202506,37827,2025-06-01
Mindfulness,eastern,concept,202507,110360,2025-07-01
Mindfulness,eastern,concept,202508,68822,2025-08-01
Mindfulness,eastern,concept,202509,37587,2025-09-01
Mindfulness,eastern,concept,202510,41887,2025-10-01
Mindfulness,eastern,concept,202511,45047,2025-11-01
Mindfulness,eastern,concept,202512,46629,2025-12-01
Mindfulness,eastern,concept,202601,43973,2026-01-01
Mindfulness,eastern,concept,202602,28188,2026-02-01
Mindfulness,eastern,concept,202603,30478,2026-03-01
Mindfulness,eastern,concept,202604,25020,2026-04-01
Mindfulness,eastern,concept,202605,34286,2026-05-01
Mindfulness,eastern,concept,202606,34006,2026-06-01
Mindfulness,eastern,concept,202607,29448,2026-07-01
Mindfulness,eastern,concept,202608,23560,2026-08-01
Mindfulness,eastern,concept,202609,23292,2026-09-01
Karma,eastern,concept,201601,84745,2016-01-01
Karma,eastern,concept,201602,82489,2016-02-01
Karma,eastern,concept,201603,87289,2016-03-01
Karma,eastern,concept,201604,84611,2016-04-01
Karma,eastern,concept,201605,88962,2016-05-01
Karma,eastern,concept,201606,83587,2016-06-01
Karma,eastern,concept,201607,80105,2016-07-01
Karma,eastern,concept,201608,84498,2016-08-01
Karma,eastern,concept,201609,97389,2016-09-01
Karma,eastern,concept,201610,90429,2016-10-01
Karma,eastern,concept,201611,79656,2016-11-01
Karma,eastern,concept,201612,81012,2016-12-01
Karma,eastern,concept,201701,89356,2017-01-01
Karma,eastern,concept,201702,82911,2017-02-01
Karma,eastern,concept,201703,89603,2017-03-01
Karma,eastern,concept,201704,79165,2017-04-01
Karma,eastern,concept,201705,87283,2017-05-01
Karma,eastern,concept,201706,77197,2017-06-01
Karma,eastern,concept,201707,75279,2017-07-01
Karma,eastern,concept,201708,78339,2017-08-01
Karma,eastern,concept,201709,79432,2017-09-01
Karma,eastern,concept,201710,79916,2017-10-01
Karma,eastern,concept,201711,81269,2017-11-01
Karma,eastern,concept,201712,76540,2017-12-01
Karma,eastern,concept,201801,78612,2018-01-01
Karma,eastern,concept,201802,73537,2018-02-01
Karma,eastern,concept,201803,81623,2018-03-01
Karma,eastern,concept,201804,77377,2018-04-01
Karma,eastern,concept,201805,75646,2018-05-01
Karma,eastern,concept,201806,69301,2018-06-01
Karma,eastern,concept,201807,69911,2018-07-01
Karma,eastern,concept,201808,71550,2018-08-01
Karma,eastern,concept,201809,67538,2018-09-01
Karma,eastern,concept,201810,73571,2018-10-01
Karma,eastern,concept,201811,85270,2018-11-01
Karma,eastern,concept,201812,64947,2018-12-01
Karma,eastern,concept,201901,85408,2019-01-01
Karma,eastern,concept,201902,87588,2019-02-01
Karma,eastern,concept,201903,273630,2019-03-01
Karma,eastern,concept,201904,155851,2019-04-01
Karma,eastern,concept,201905,94120,2019-05-01
Karma,eastern,concept,201906,86859,2019-06-01
Karma,eastern,concept,201907,90769,2019-07-01
Karma,eastern,concept,201908,88222,2019-08-01
Karma,eastern,concept,201909,90933,2019-09-01
Karma,eastern,concept,201910,90598,2019-10-01
Karma,eastern,concept,201911,85745,2019-11-01
Karma,eastern,concept,201912,79569,2019-12-01
Karma,eastern,concept,202001,87286,2020-01-01
Karma,eastern,concept,202002,80870,2020-02-01
Karma,eastern,concept,202003,84250,2020-03-01
Karma,eastern,concept,202004,89496,2020-04-01
Karma,eastern,concept,202005,93103,2020-05-01
Karma,eastern,concept,202006,65956,2020-06-01
Karma,eastern,concept,202007,57325,2020-07-01
Karma,eastern,concept,202008,59503,2020-08-01
Karma,eastern,concept,202009,62398,2020-09-01
Karma,eastern,concept,202010,84680,2020-10-01
Karma,eastern,concept,202011,63453,2020-11-01
Karma,eastern,concept,202012,61584,2020-12-01
Karma,eastern,concept,202101,68218,2021-01-01
Karma,eastern,concept,202102,66984,2021-02-01
Karma,eastern,concept,202103,71053,2021-03-01
Karma,eastern,concept,202104,72055,2021-04-01
Karma,eastern,concept,202105,79350,2021-05-01
Karma,eastern,concept,202106,73225,2021-06-01
Karma,eastern,concept,202107,68998,2021-07-01
Karma,eastern,concept,202108,70810,2021-08-01
Karma,eastern,concept,202109,61075,2021-09-01
Karma,eastern,concept,202110,74063,2021-10-01
Karma,eastern,concept,202111,71674,2021-11-01
Karma,eastern,concept,202112,72430,2021-12-01
Karma,eastern,concept,202201,76516,2022-01-01
Karma,eastern,concept,202202,69010,2022-02-01
Karma,eastern,concept,202203,72061,2022-03-01
Karma,eastern,concept,202204,66196,2022-04-01
Karma,eastern,concept,202205,70525,2022-05-01
Karma,eastern,concept,202206,59544,2022-06-01
Karma,eastern,concept,202207,55901,2022-07-01
Karma,eastern,concept,202208,64546,2022-08-01
Karma,eastern,concept,202209,66447,2022-09-01
Karma,eastern,concept,202210,74283,2022-10-01
Karma,eastern,concept,202211,82412,2022-11-01
Karma,eastern,concept,202212,65538,2022-12-01
Karma,eastern,concept,202301,74391,2023-01-01
Karma,eastern,concept,202302,69213,2023-02-01
Karma,eastern,concept,202303,75165,2023-03-01
Karma,eastern,concept,202304,60800,2023-04-01
Karma,eastern,concept,202305,86970,2023-05-01
Karma,eastern,concept,202306,89649,2023-06-01
Karma,eastern,concept,202307,95109,2023-07-01
Karma,eastern,concept,202308,96908,2023-08-01
Karma,eastern,concept,202309,92047,2023-09-01
Karma,eastern,concept,202310,87598,2023-10-01
Karma,eastern,concept,202311,81235,2023-11-01
Karma,eastern,concept,202312,88773,2023-12-01
Karma,eastern,concept,202401,109422,2024-01-01
Karma,eastern,concept,202402,89657,2024-02-01
Karma,eastern,concept,202403,97187,2024-03-01
Karma,eastern,concept,202404,101027,2024-04-01
Karma,eastern,concept,202405,67329,2024-05-01
Karma,eastern,concept,202406,48520,2024-06-01
Karma,eastern,concept,202407,58380,2024-07-01
Karma,eastern,concept,202408,50382,2024-08-01
Karma,eastern,concept,202409,50483,2024-09-01
Karma,eastern,concept,202410,53019,2024-10-01
Karma,eastern,concept,202411,49398,2024-11-01
Karma,eastern,concept,202412,43183,2024-12-01
Karma,eastern,concept,202501,47201,2025-01-01
Karma,eastern,concept,202502,42152,2025-02-01
Karma,eastern,concept,202503,53213,2025-03-01
Karma,eastern,concept,202504,52167,2025-04-01
Karma,eastern,concept,202505,58472,2025-05-01
Karma,eastern,concept,202506,82957,2025-06-01
Karma,eastern,concept,202507,36855,2025-07-01
Karma,eastern,concept,202508,48969,2025-08-01
Karma,eastern,concept,202509,54836,2025-09-01
Karma,eastern,concept,202510,43657,2025-10-01
Karma,eastern,concept,202511,42456,2025-11-01
Karma,eastern,concept,202512,43211,2025-12-01
Karma,eastern,concept,202601,47863,2026-01-01
Karma,eastern,concept,202602,39950,2026-02-01
Karma,eastern,concept,202603,41115,2026-03-01
Karma,eastern,concept,202604,38701,2026-04-01
Karma,eastern,concept,202605,44388,2026-05-01
Karma,eastern,concept,202606,33460,2026-06-01
Karma,eastern,concept,202607,32339,2026-07-01
Karma,eastern,concept,202608,34096,2026-08-01
Karma,eastern,concept,202609,31916,2026-09-01
Buddhism,eastern,concept,201601,314271,2016-01-01
Buddhism,eastern,concept,201602,291151,2016-02-01
Buddhism,eastern,concept,201603,294008,2016-03-01
Buddhism,eastern,concept,201604,289175,2016-04-01
Buddhism,eastern,concept,201605,335687,2016-05-01
Buddhism,eastern,concept,201606,250438,2016-06-01
Buddhism,eastern,concept,201607,232406,2016-07-01
Buddhism,eastern,concept,201608,243075,2016-08-01
Buddhism,eastern,concept,201609,282313,2016-09-01
Buddhism,eastern,concept,201610,304815,2016-10-01
Buddhism,eastern,concept,201611,282564,2016-11-01
Buddhism,eastern,concept,201612,292347,2016-12-01
Buddhism,eastern,concept,201701,312998,2017-01-01
Buddhism,eastern,concept,201702,301047,2017-02-01
Buddhism,eastern,concept,201703,327814,2017-03-01
Buddhism,eastern,concept,201704,310204,2017-04-01
Buddhism,eastern,concept,201705,320965,2017-05-01
Buddhism,eastern,concept,201706,263583,2017-06-01
Buddhism,eastern,concept,201707,256552,2017-07-01
Buddhism,eastern,concept,201708,255073,2017-08-01
Buddhism,eastern,concept,201709,317695,2017-09-01
Buddhism,eastern,concept,201710,314035,2017-10-01
Buddhism,eastern,concept,201711,287226,2017-11-01
Buddhism,eastern,concept,201712,266035,2017-12-01
Buddhism,eastern,concept,201801,293433,2018-01-01
Buddhism,eastern,concept,201802,257290,2018-02-01
Buddhism,eastern,concept,201803,292887,2018-03-01
Buddhism,eastern,concept,201804,280602,2018-04-01
Buddhism,eastern,concept,201805,280520,2018-05-01
Buddhism,eastern,concept,201806,242185,2018-06-01
Buddhism,eastern,concept,201807,247653,2018-07-01
Buddhism,eastern,concept,201808,255058,2018-08-01
Buddhism,eastern,concept,201809,283135,2018-09-01
Buddhism,eastern,concept,201810,284785,2018-10-01
Buddhism,eastern,concept,201811,273571,2018-11-01
Buddhism,eastern,concept,201812,260670,2018-12-01
Buddhism,eastern,concept,201901,287640,2019-01-01
Buddhism,eastern,concept,201902,245586,2019-02-01
Buddhism,eastern,concept,201903,253634,2019-03-01
Buddhism,eastern,concept,201904,262079,2019-04-01
Buddhism,eastern,concept,201905,251382,2019-05-01
Buddhism,eastern,concept,201906,217647,2019-06-01
Buddhism,eastern,concept,201907,236183,2019-07-01
Buddhism,eastern,concept,201908,245912,2019-08-01
Buddhism,eastern,concept,201909,241740,2019-09-01
Buddhism,eastern,concept,201910,254323,2019-10-01
Buddhism,eastern,concept,201911,248972,2019-11-01
Buddhism,eastern,concept,201912,239984,2019-12-01
Buddhism,eastern,concept,202001,245021,2020-01-01
Buddhism,eastern,concept,202002,222400,2020-02-01
Buddhism,eastern,concept,202003,209942,2020-03-01
Buddhism,eastern,concept,202004,266546,2020-04-01
Buddhism,eastern,concept,202005,266977,2020-05-01
Buddhism,eastern,concept,202006,209130,2020-06-01
Buddhism,eastern,concept,202007,227018,2020-07-01
Buddhism,eastern,concept,202008,231392,2020-08-01
Buddhism,eastern,concept,202009,223917,2020-09-01
Buddhism,eastern,concept,202010,237661,2020-10-01
Buddhism,eastern,concept,202011,219994,2020-11-01
Buddhism,eastern,concept,202012,217373,2020-12-01
Buddhism,eastern,concept,202101,225500,2021-01-01
Buddhism,eastern,concept,202102,212965,2021-02-01
Buddhism,eastern,concept,202103,229110,2021-03-01
Buddhism,eastern,concept,202104,217324,2021-04-01
Buddhism,eastern,concept,202105,231134,2021-05-01
Buddhism,eastern,concept,202106,187417,2021-06-01
Buddhism,eastern,concept,202107,179737,2021-07-01
Buddhism,eastern,concept,202108,186738,2021-08-01
Buddhism,eastern,concept,202109,210334,2021-09-01
Buddhism,eastern,concept,202110,202198,2021-10-01
Buddhism,eastern,concept,202111,188082,2021-11-01
Buddhism,eastern,concept,202112,184170,2021-12-01
Buddhism,eastern,concept,202201,199241,2022-01-01
Buddhism,eastern,concept,202202,184608,2022-02-01
Buddhism,eastern,concept,202203,185450,2022-03-01
Buddhism,eastern,concept,202204,191187,2022-04-01
Buddhism,eastern,concept,202205,198240,2022-05-01
Buddhism,eastern,concept,202206,170124,2022-06-01
Buddhism,eastern,concept,202207,199026,2022-07-01
Buddhism,eastern,concept,202208,197935,2022-08-01
Buddhism,eastern,concept,202209,225593,2022-09-01
Buddhism,eastern,concept,202210,250246,2022-10-01
Buddhism,eastern,concept,202211,242422,2022-11-01
Buddhism,eastern,concept,202212,207360,2022-12-01
Buddhism,eastern,concept,202301,241138,2023-01-01
Buddhism,eastern,concept,202302,205540,2023-02-01
Buddhism,eastern,concept,202303,247843,2023-03-01
Buddhism,eastern,concept,202304,225047,2023-04-01
Buddhism,eastern,concept,202305,222052,2023-05-01
Buddhism,eastern,concept,202306,198902,2023-06-01
Buddhism,eastern,concept,202307,212350,2023-07-01
Buddhism,eastern,concept,202308,221293,2023-08-01
Buddhism,eastern,concept,202309,219272,2023-09-01
Buddhism,eastern,concept,202310,243139,2023-10-01
Buddhism,eastern,concept,202311,230542,2023-11-01
Buddhism,eastern,concept,202312,225791,2023-12-01
Buddhism,eastern,concept,202401,281279,2024-01-01
Buddhism,eastern,concept,202402,236255,2024-02-01
Buddhism,eastern,concept,202403,266151,2024-03-01
Buddhism,eastern,concept,202404,246316,2024-04-01
Buddhism,eastern,concept,202405,220488,2024-05-01
Buddhism,eastern,concept,202406,183802,2024-06-01
Buddhism,eastern,concept,202407,185496,2024-07-01
Buddhism,eastern,concept,202408,202704,2024-08-01
Buddhism,eastern,concept,202409,197773,2024-09-01
Buddhism,eastern,concept,202410,198964,2024-10-01
Buddhism,eastern,concept,202411,187123,2024-11-01
Buddhism,eastern,concept,202412,195519,2024-12-01
Buddhism,eastern,concept,202501,202312,2025-01-01
Buddhism,eastern,concept,202502,167842,2025-02-01
Buddhism,eastern,concept,202503,201803,2025-03-01
Buddhism,eastern,concept,202504,205580,2025-04-01
Buddhism,eastern,concept,202505,217782,2025-05-01
Buddhism,eastern,concept,202506,214875,2025-06-01
Buddhism,eastern,concept,202507,169306,2025-07-01
Buddhism,eastern,concept,202508,162045,2025-08-01
Buddhism,eastern,concept,202509,193676,2025-09-01
Buddhism,eastern,concept,202510,164407,2025-10-01
Buddhism,eastern,concept,202511,159238,2025-11-01
Buddhism,eastern,concept,202512,166313,2025-12-01
Buddhism,eastern,concept,202601,172560,2026-01-01
Buddhism,eastern,concept,202602,146829,2026-02-01
Buddhism,eastern,concept,202603,155744,2026-03-01
Buddhism,eastern,concept,202604,143860,2026-04-01
Buddhism,eastern,concept,202605,143315,2026-05-01
Buddhism,eastern,concept,202606,125276,2026-06-01
Buddhism,eastern,concept,202607,119462,2026-07-01
Buddhism,eastern,concept,202608,131131,2026-08-01
Buddhism,eastern,concept,202609,135949,2026-09-01
Bhagavad_Gita,eastern,work,201601,114366,2016-01-01
Bhagavad_Gita,eastern,work,201602,111281,2016-02-01
Bhagavad_Gita,eastern,work,201603,114019,2016-03-01
Bhagavad_Gita,eastern,work,201604,141075,2016-04-01
Bhagavad_Gita,eastern,work,201605,105782,2016-05-01
Bhagavad_Gita,eastern,work,201606,102828,2016-06-01
Bhagavad_Gita,eastern,work,201607,104743,2016-07-01
Bhagavad_Gita,eastern,work,201608,102586,2016-08-01
Bhagavad_Gita,eastern,work,201609,110877,2016-09-01
Bhagavad_Gita,eastern,work,201610,108366,2016-10-01
Bhagavad_Gita,eastern,work,201611,106957,2016-11-01
Bhagavad_Gita,eastern,work,201612,122211,2016-12-01
Bhagavad_Gita,eastern,work,201701,117599,2017-01-01
Bhagavad_Gita,eastern,work,201702,110055,2017-02-01
Bhagavad_Gita,eastern,work,201703,118680,2017-03-01
Bhagavad_Gita,eastern,work,201704,114243,2017-04-01
Bhagavad_Gita,eastern,work,201705,109728,2017-05-01
Bhagavad_Gita,eastern,work,201706,108718,2017-06-01
Bhagavad_Gita,eastern,work,201707,107546,2017-07-01
Bhagavad_Gita,eastern,work,201708,111884,2017-08-01
Bhagavad_Gita,eastern,work,201709,113651,2017-09-01
Bhagavad_Gita,eastern,work,201710,124337,2017-10-01
Bhagavad_Gita,eastern,work,201711,112867,2017-11-01
Bhagavad_Gita,eastern,work,201712,102308,2017-12-01
Bhagavad_Gita,eastern,work,201801,110473,2018-01-01
Bhagavad_Gita,eastern,work,201802,99329,2018-02-01
Bhagavad_Gita,eastern,work,201803,111841,2018-03-01
Bhagavad_Gita,eastern,work,201804,100846,2018-04-01
Bhagavad_Gita,eastern,work,201805,103474,2018-05-01
Bhagavad_Gita,eastern,work,201806,102428,2018-06-01
Bhagavad_Gita,eastern,work,201807,107917,2018-07-01
Bhagavad_Gita,eastern,work,201808,118298,2018-08-01
Bhagavad_Gita,eastern,work,201809,117192,2018-09-01
Bhagavad_Gita,eastern,work,201810,110328,2018-10-01
Bhagavad_Gita,eastern,work,201811,129203,2018-11-01
Bhagavad_Gita,eastern,work,201812,119075,2018-12-01
Bhagavad_Gita,eastern,work,201901,118106,2019-01-01
Bhagavad_Gita,eastern,work,201902,100648,2019-02-01
Bhagavad_Gita,eastern,work,201903,103462,2019-03-01
Bhagavad_Gita,eastern,work,201904,100155,2019-04-01
Bhagavad_Gita,eastern,work,201905,94755,2019-05-01
Bhagavad_Gita,eastern,work,201906,95935,2019-06-01
Bhagavad_Gita,eastern,work,201907,103359,2019-07-01
Bhagavad_Gita,eastern,work,201908,119669,2019-08-01
Bhagavad_Gita,eastern,work,201909,114334,2019-09-01
Bhagavad_Gita,eastern,work,201910,115234,2019-10-01
Bhagavad_Gita,eastern,work,201911,122238,2019-11-01
Bhagavad_Gita,eastern,work,201912,130272,2019-12-01
Bhagavad_Gita,eastern,work,202001,114875,2020-01-01
Bhagavad_Gita,eastern,work,202002,129811,2020-02-01
Bhagavad_Gita,eastern,work,202003,151051,2020-03-01
Bhagavad_Gita,eastern,work,202004,211484,2020-04-01
Bhagavad_Gita,eastern,work,202005,189983,2020-05-01
Bhagavad_Gita,eastern,work,202006,154354,2020-06-01
Bhagavad_Gita,eastern,work,202007,158971,2020-07-01
Bhagavad_Gita,eastern,work,202008,154376,2020-08-01
Bhagavad_Gita,eastern,work,202009,137311,2020-09-01
Bhagavad_Gita,eastern,work,202010,140705,2020-10-01
Bhagavad_Gita,eastern,work,202011,128222,2020-11-01
Bhagavad_Gita,eastern,work,202012,156426,2020-12-01
Bhagavad_Gita,eastern,work,202101,141827,2021-01-01
Bhagavad_Gita,eastern,work,202102,123409,2021-02-01
Bhagavad_Gita,eastern,work,202103,133476,2021-03-01
Bhagavad_Gita,eastern,work,202104,123541,2021-04-01
Bhagavad_Gita,eastern,work,202105,145254,2021-05-01
Bhagavad_Gita,eastern,work,202106,134140,2021-06-01
Bhagavad_Gita,eastern,work,202107,119246,2021-07-01
Bhagavad_Gita,eastern,work,202108,123795,2021-08-01
Bhagavad_Gita,eastern,work,202109,122944,2021-09-01
Bhagavad_Gita,eastern,work,202110,117337,2021-10-01
Bhagavad_Gita,eastern,work,202111,115666,2021-11-01
Bhagavad_Gita,eastern,work,202112,142416,2021-12-01
Bhagavad_Gita,eastern,work,202201,129194,2022-01-01
Bhagavad_Gita,eastern,work,202202,114787,2022-02-01
Bhagavad_Gita,eastern,work,202203,128466,2022-03-01
Bhagavad_Gita,eastern,work,202204,115892,2022-04-01
Bhagavad_Gita,eastern,work,202205,106031,2022-05-01
Bhagavad_Gita,eastern,work,202206,103376,2022-06-01
Bhagavad_Gita,eastern,work,202207,141418,2022-07-01
Bhagavad_Gita,eastern,work,202208,150973,2022-08-01
Bhagavad_Gita,eastern,work,202209,147243,2022-09-01
Bhagavad_Gita,eastern,work,202210,195703,2022-10-01
Bhagavad_Gita,eastern,work,202211,178699,2022-11-01
Bhagavad_Gita,eastern,work,202212,186273,2022-12-01
Bhagavad_Gita,eastern,work,202301,162515,2023-01-01
Bhagavad_Gita,eastern,work,202302,155081,2023-02-01
Bhagavad_Gita,eastern,work,202303,189280,2023-03-01
Bhagavad_Gita,eastern,work,202304,158738,2023-04-01
Bhagavad_Gita,eastern,work,202305,172952,2023-05-01
Bhagavad_Gita,eastern,work,202306,182775,2023-06-01
Bhagavad_Gita,eastern,work,202307,372549,2023-07-01
Bhagavad_Gita,eastern,work,202308,270946,2023-08-01
Bhagavad_Gita,eastern,work,202309,228060,2023-09-01
Bhagavad_Gita,eastern,work,202310,201235,2023-10-01
Bhagavad_Gita,eastern,work,202311,185416,2023-11-01
Bhagavad_Gita,eastern,work,202312,213879,2023-12-01
Bhagavad_Gita,eastern,work,202401,234920,2024-01-01
Bhagavad_Gita,eastern,work,202402,187926,2024-02-01
Bhagavad_Gita,eastern,work,202403,205603,2024-03-01
Bhagavad_Gita,eastern,work,202404,174876,2024-04-01
Bhagavad_Gita,eastern,work,202405,140916,2024-05-01
Bhagavad_Gita,eastern,work,202406,129047,2024-06-01
Bhagavad_Gita,eastern,work,202407,139534,2024-07-01
Bhagavad_Gita,eastern,work,202408,143337,2024-08-01
Bhagavad_Gita,eastern,work,202409,136025,2024-09-01
Bhagavad_Gita,eastern,work,202410,128589,2024-10-01
Bhagavad_Gita,eastern,work,202411,122566,2024-11-01
Bhagavad_Gita,eastern,work,202412,129049,2024-12-01
Bhagavad_Gita,eastern,work,202501,131156,2025-01-01
Bhagavad_Gita,eastern,work,202502,133773,2025-02-01
Bhagavad_Gita,eastern,work,202503,133413,2025-03-01
Bhagavad_Gita,eastern,work,202504,130622,2025-04-01
Bhagavad_Gita,eastern,work,202505,143236,2025-05-01
Bhagavad_Gita,eastern,work,202506,167094,2025-06-01
Bhagavad_Gita,eastern,work,202507,123973,2025-07-01
Bhagavad_Gita,eastern,work,202508,132043,2025-08-01
Bhagavad_Gita,eastern,work,202509,121814,2025-09-01
Bhagavad_Gita,eastern,work,202510,118087,2025-10-01
Bhagavad_Gita,eastern,work,202511,114322,2025-11-01
Bhagavad_Gita,eastern,work,202512,117622,2025-12-01
Bhagavad_Gita,eastern,work,202601,112059,2026-01-01
Bhagavad_Gita,eastern,work,202602,96312,2026-02-01
Bhagavad_Gita,eastern,work,202603,98160,2026-03-01
Bhagavad_Gita,eastern,work,202604,87822,2026-04-01
Bhagavad_Gita,eastern,work,202605,89156,2026-05-01
Bhagavad_Gita,eastern,work,202606,75056,2026-06-01
Bhagavad_Gita,eastern,work,202607,73966,2026-07-01
Bhagavad_Gita,eastern,work,202608,71544,2026-08-01
Bhagavad_Gita,eastern,work,202609,74823,2026-09-01
Confucius,eastern,person,201601,103525,2016-01-01
Confucius,eastern,person,201602,105177,2016-02-01
Confucius,eastern,person,201603,99248,2016-03-01
Confucius,eastern,person,201604,99800,2016-04-01
Confucius,eastern,person,201605,97850,2016-05-01
Confucius,eastern,person,201606,89627,2016-06-01
Confucius,eastern,person,201607,82106,2016-07-01
Confucius,eastern,person,201608,86495,2016-08-01
Confucius,eastern,person,201609,117898,2016-09-01
Confucius,eastern,person,201610,112721,2016-10-01
Confucius,eastern,person,201611,103168,2016-11-01
Confucius,eastern,person,201612,89218,2016-12-01
Confucius,eastern,person,201701,100596,2017-01-01
Confucius,eastern,person,201702,106360,2017-02-01
Confucius,eastern,person,201703,106609,2017-03-01
Confucius,eastern,person,201704,93340,2017-04-01
Confucius,eastern,person,201705,98250,2017-05-01
Confucius,eastern,person,201706,86641,2017-06-01
Confucius,eastern,person,201707,84260,2017-07-01
Confucius,eastern,person,201708,84038,2017-08-01
Confucius,eastern,person,201709,103909,2017-09-01
Confucius,eastern,person,201710,110938,2017-10-01
Confucius,eastern,person,201711,99719,2017-11-01
Confucius,eastern,person,201712,89618,2017-12-01
Confucius,eastern,person,201801,112762,2018-01-01
Confucius,eastern,person,201802,92297,2018-02-01
Confucius,eastern,person,201803,102069,2018-03-01
Confucius,eastern,person,201804,93360,2018-04-01
Confucius,eastern,person,201805,92211,2018-05-01
Confucius,eastern,person,201806,84277,2018-06-01
Confucius,eastern,person,201807,82456,2018-07-01
Confucius,eastern,person,201808,89947,2018-08-01
Confucius,eastern,person,201809,541846,2018-09-01
Confucius,eastern,person,201810,107204,2018-10-01
Confucius,eastern,person,201811,99766,2018-11-01
Confucius,eastern,person,201812,89380,2018-12-01
Confucius,eastern,person,201901,93055,2019-01-01
Confucius,eastern,person,201902,85827,2019-02-01
Confucius,eastern,person,201903,113386,2019-03-01
Confucius,eastern,person,201904,83323,2019-04-01
Confucius,eastern,person,201905,86439,2019-05-01
Confucius,eastern,person,201906,77887,2019-06-01
Confucius,eastern,person,201907,72369,2019-07-01
Confucius,eastern,person,201908,82134,2019-08-01
Confucius,eastern,person,201909,93700,2019-09-01
Confucius,eastern,person,201910,105859,2019-10-01
Confucius,eastern,person,201911,85869,2019-11-01
Confucius,eastern,person,201912,78661,2019-12-01
Confucius,eastern,person,202001,85856,2020-01-01
Confucius,eastern,person,202002,85466,2020-02-01
Confucius,eastern,person,202003,97770,2020-03-01
Confucius,eastern,person,202004,122145,2020-04-01
Confucius,eastern,person,202005,131892,2020-05-01
Confucius,eastern,person,202006,127955,2020-06-01
Confucius,eastern,person,202007,143418,2020-07-01
Confucius,eastern,person,202008,150567,2020-08-01
Confucius,eastern,person,202009,137266,2020-09-01
Confucius,eastern,person,202010,128536,2020-10-01
Confucius,eastern,person,202011,106384,2020-11-01
Confucius,eastern,person,202012,102696,2020-12-01
Confucius,eastern,person,202101,109758,2021-01-01
Confucius,eastern,person,202102,108617,2021-02-01
Confucius,eastern,person,202103,111788,2021-03-01
Confucius,eastern,person,202104,108966,2021-04-01
Confucius,eastern,person,202105,125156,2021-05-01
Confucius,eastern,person,202106,103276,2021-06-01
Confucius,eastern,person,202107,95981,2021-07-01
Confucius,eastern,person,202108,113755,2021-08-01
Confucius,eastern,person,202109,120222,2021-09-01
Confucius,eastern,person,202110,127500,2021-10-01
Confucius,eastern,person,202111,102662,2021-11-01
Confucius,eastern,person,202112,92568,2021-12-01
Confucius,eastern,person,202201,99519,2022-01-01
Confucius,eastern,person,202202,93219,2022-02-01
Confucius,eastern,person,202203,88995,2022-03-01
Confucius,eastern,person,202204,85812,2022-04-01
Confucius,eastern,person,202205,88760,2022-05-01
Confucius,eastern,person,202206,78049,2022-06-01
Confucius,eastern,person,202207,96417,2022-07-01
Confucius,eastern,person,202208,92414,2022-08-01
Confucius,eastern,person,202209,107346,2022-09-01
Confucius,eastern,person,202210,111724,2022-10-01
Confucius,eastern,person,202211,112716,2022-11-01
Confucius,eastern,person,202212,132140,2022-12-01
Confucius,eastern,person,202301,172593,2023-01-01
Confucius,eastern,person,202302,135300,2023-02-01
Confucius,eastern,person,202303,141683,2023-03-01
Confucius,eastern,person,202304,128043,2023-04-01
Confucius,eastern,person,202305,153933,2023-05-01
Confucius,eastern,person,202306,147884,2023-06-01
Confucius,eastern,person,202307,136106,2023-07-01
Confucius,eastern,person,202308,151040,2023-08-01
Confucius,eastern,person,202309,161219,2023-09-01
Confucius,eastern,person,202310,170419,2023-10-01
Confucius,eastern,person,202311,151200,2023-11-01
Confucius,eastern,person,202312,136157,2023-12-01
Confucius,eastern,person,202401,163615,2024-01-01
Confucius,eastern,person,202402,144531,2024-02-01
Confucius,eastern,person,202403,141698,2024-03-01
Confucius,eastern,person,202404,140858,2024-04-01
Confucius,eastern,person,202405,132676,2024-05-01
Confucius,eastern,person,202406,116709,2024-06-01
Confucius,eastern,person,202407,136965,2024-07-01
Confucius,eastern,person,202408,145837,2024-08-01
Confucius,eastern,person,202409,141371,2024-09-01
Confucius,eastern,person,202410,135645,2024-10-01
Confucius,eastern,person,202411,117158,2024-11-01
Confucius,eastern,person,202412,117851,2024-12-01
Confucius,eastern,person,202501,219709,2025-01-01
Confucius,eastern,person,202502,131019,2025-02-01
Confucius,eastern,person,202503,115890,2025-03-01
Confucius,eastern,person,202504,108171,2025-04-01
Confucius,eastern,person,202505,94452,2025-05-01
Confucius,eastern,person,202506,78224,2025-06-01
Confucius,eastern,person,202507,72509,2025-07-01
Confucius,eastern,person,202508,83913,2025-08-01
Confucius,eastern,person,202509,90541,2025-09-01
Confucius,eastern,person,202510,85714,2025-10-01
Confucius,eastern,person,202511,87087,2025-11-01
Confucius,eastern,person,202512,86980,2025-12-01
Confucius,eastern,person,202601,90864,2026-01-01
Confucius,eastern,person,202602,74644,2026-02-01
Confucius,eastern,person,202603,85380,2026-03-01
Confucius,eastern,person,202604,82606,2026-04-01
Confucius,eastern,person,202605,86515,2026-05-01
Confucius,eastern,person,202606,67579,2026-06-01
Confucius,eastern,person,202607,66526,2026-07-01
Confucius,eastern,person,202608,77033,2026-08-01
Confucius,eastern,person,202609,90943,2026-09-01
Alan_Watts,eastern,person,201601,72548,2016-01-01
Alan_Watts,eastern,person,201602,65193,2016-02-01
Alan_Watts,eastern,person,201603,70639,2016-03-01
Alan_Watts,eastern,person,201604,72831,2016-04-01
Alan_Watts,eastern,person,201605,70497,2016-05-01
Alan_Watts,eastern,person,201606,64279,2016-06-01
Alan_Watts,eastern,person,201607,65723,2016-07-01
Alan_Watts,eastern,person,201608,82928,2016-08-01
Alan_Watts,eastern,person,201609,78683,2016-09-01
Alan_Watts,eastern,person,201610,77879,2016-10-01
Alan_Watts,eastern,person,201611,78807,2016-11-01
Alan_Watts,eastern,person,201612,78682,2016-12-01
Alan_Watts,eastern,person,201701,94960,2017-01-01
Alan_Watts,eastern,person,201702,90229,2017-02-01
Alan_Watts,eastern,person,201703,100334,2017-03-01
Alan_Watts,eastern,person,201704,100875,2017-04-01
Alan_Watts,eastern,person,201705,89133,2017-05-01
Alan_Watts,eastern,person,201706,84998,2017-06-01
Alan_Watts,eastern,person,201707,85574,2017-07-01
Alan_Watts,eastern,person,201708,81241,2017-08-01
Alan_Watts,eastern,person,201709,94958,2017-09-01
Alan_Watts,eastern,person,201710,93138,2017-10-01
Alan_Watts,eastern,person,201711,95651,2017-11-01
Alan_Watts,eastern,person,201712,84914,2017-12-01
Alan_Watts,eastern,person,201801,95076,2018-01-01
Alan_Watts,eastern,person,201802,86738,2018-02-01
Alan_Watts,eastern,person,201803,89164,2018-03-01
Alan_Watts,eastern,person,201804,89953,2018-04-01
Alan_Watts,eastern,person,201805,92258,2018-05-01
Alan_Watts,eastern,person,201806,75926,2018-06-01
Alan_Watts,eastern,person,201807,76789,2018-07-01
Alan_Watts,eastern,person,201808,81354,2018-08-01
Alan_Watts,eastern,person,201809,77994,2018-09-01
Alan_Watts,eastern,person,201810,80080,2018-10-01
Alan_Watts,eastern,person,201811,83490,2018-11-01
Alan_Watts,eastern,person,201812,85858,2018-12-01
Alan_Watts,eastern,person,201901,96377,2019-01-01
Alan_Watts,eastern,person,201902,85322,2019-02-01
Alan_Watts,eastern,person,201903,83769,2019-03-01
Alan_Watts,eastern,person,201904,104224,2019-04-01
Alan_Watts,eastern,person,201905,89663,2019-05-01
Alan_Watts,eastern,person,201906,79242,2019-06-01
Alan_Watts,eastern,person,201907,82688,2019-07-01
Alan_Watts,eastern,person,201908,89802,2019-08-01
Alan_Watts,eastern,person,201909,88127,2019-09-01
Alan_Watts,eastern,person,201910,92331,2019-10-01
Alan_Watts,eastern,person,201911,98930,2019-11-01
Alan_Watts,eastern,person,201912,101773,2019-12-01
Alan_Watts,eastern,person,202001,100160,2020-01-01
Alan_Watts,eastern,person,202002,83764,2020-02-01
Alan_Watts,eastern,person,202003,78964,2020-03-01
Alan_Watts,eastern,person,202004,97207,2020-04-01
Alan_Watts,eastern,person,202005,101860,2020-05-01
Alan_Watts,eastern,person,202006,94661,2020-06-01
Alan_Watts,eastern,person,202007,90279,2020-07-01
Alan_Watts,eastern,person,202008,87680,2020-08-01
Alan_Watts,eastern,person,202009,99662,2020-09-01
Alan_Watts,eastern,person,202010,90482,2020-10-01
Alan_Watts,eastern,person,202011,97215,2020-11-01
Alan_Watts,eastern,person,202012,95529,2020-12-01
Alan_Watts,eastern,person,202101,97750,2021-01-01
Alan_Watts,eastern,person,202102,83822,2021-02-01
Alan_Watts,eastern,person,202103,94059,2021-03-01
Alan_Watts,eastern,person,202104,102943,2021-04-01
Alan_Watts,eastern,person,202105,88142,2021-05-01
Alan_Watts,eastern,person,202106,81714,2021-06-01
Alan_Watts,eastern,person,202107,89663,2021-07-01
Alan_Watts,eastern,person,202108,89530,2021-08-01
Alan_Watts,eastern,person,202109,130074,2021-09-01
Alan_Watts,eastern,person,202110,79994,2021-10-01
Alan_Watts,eastern,person,202111,77508,2021-11-01
Alan_Watts,eastern,person,202112,72947,2021-12-01
Alan_Watts,eastern,person,202201,89245,2022-01-01
Alan_Watts,eastern,person,202202,71781,2022-02-01
Alan_Watts,eastern,person,202203,80186,2022-03-01
Alan_Watts,eastern,person,202204,85081,2022-04-01
Alan_Watts,eastern,person,202205,104476,2022-05-01
Alan_Watts,eastern,person,202206,105690,2022-06-01
Alan_Watts,eastern,person,202207,99203,2022-07-01
Alan_Watts,eastern,person,202208,103190,2022-08-01
Alan_Watts,eastern,person,202209,98248,2022-09-01
Alan_Watts,eastern,person,202210,84407,2022-10-01
Alan_Watts,eastern,person,202211,92289,2022-11-01
Alan_Watts,eastern,person,202212,80233,2022-12-01
Alan_Watts,eastern,person,202301,93727,2023-01-01
Alan_Watts,eastern,person,202302,77155,2023-02-01
Alan_Watts,eastern,person,202303,87714,2023-03-01
Alan_Watts,eastern,person,202304,85562,2023-04-01
Alan_Watts,eastern,person,202305,94187,2023-05-01
Alan_Watts,eastern,person,202306,87514,2023-06-01
Alan_Watts,eastern,person,202307,94635,2023-07-01
Alan_Watts,eastern,person,202308,92588,2023-08-01
Alan_Watts,eastern,person,202309,90074,2023-09-01
Alan_Watts,eastern,person,202310,81418,2023-10-01
Alan_Watts,eastern,person,202311,81544,2023-11-01
Alan_Watts,eastern,person,202312,79714,2023-12-01
Alan_Watts,eastern,person,202401,101845,2024-01-01
Alan_Watts,eastern,person,202402,81326,2024-02-01
Alan_Watts,eastern,person,202403,80115,2024-03-01
Alan_Watts,eastern,person,202404,83128,2024-04-01
Alan_Watts,eastern,person,202405,89366,2024-05-01
Alan_Watts,eastern,person,202406,75506,2024-06-01
Alan_Watts,eastern,person,202407,81809,2024-07-01
Alan_Watts,eastern,person,202408,76620,2024-08-01
Alan_Watts,eastern,person,202409,67538,2024-09-01
Alan_Watts,eastern,person,202410,66711,2024-10-01
Alan_Watts,eastern,person,202411,67404,2024-11-01
Alan_Watts,eastern,person,202412,72945,2024-12-01
Alan_Watts,eastern,person,202501,80854,2025-01-01
Alan_Watts,eastern,person,202502,57840,2025-02-01
Alan_Watts,eastern,person,202503,59960,2025-03-01
Alan_Watts,eastern,person,202504,60601,2025-04-01
Alan_Watts,eastern,person,202505,60575,2025-05-01
Alan_Watts,eastern,person,202506,57738,2025-06-01
Alan_Watts,eastern,person,202507,69075,2025-07-01
Alan_Watts,eastern,person,202508,84367,2025-08-01
Alan_Watts,eastern,person,202509,98895,2025-09-01
Alan_Watts,eastern,person,202510,104547,2025-10-01
Alan_Watts,eastern,person,202511,115428,2025-11-01
Alan_Watts,eastern,person,202512,85083,2025-12-01
Alan_Watts,eastern,person,202601,76195,2026-01-01
Alan_Watts,eastern,person,202602,70004,2026-02-01
Alan_Watts,eastern,person,202603,63325,2026-03-01
Alan_Watts,eastern,person,202604,62009,2026-04-01
Alan_Watts,eastern,person,202605,56609,2026-05-01
Alan_Watts,eastern,person,202606,49047,2026-06-01
Alan_Watts,eastern,person,202607,66522,2026-07-01
Alan_Watts,eastern,person,202608,59656,2026-08-01
Alan_Watts,eastern,person,202609,54339,2026-09-01
Dhammapada,eastern,work,201601,9188,2016-01-01
Dhammapada,eastern,work,201602,8606,2016-02-01
Dhammapada,eastern,work,201603,8933,2016-03-01
Dhammapada,eastern,work,201604,8755,2016-04-01
Dhammapada,eastern,work,201605,8479,2016-05-01
Dhammapada,eastern,work,201606,8310,2016-06-01
Dhammapada,eastern,work,201607,7619,2016-07-01
Dhammapada,eastern,work,201608,7566,2016-08-01
Dhammapada,eastern,work,201609,7677,2016-09-01
Dhammapada,eastern,work,201610,8693,2016-10-01
Dhammapada,eastern,work,201611,9511,2016-11-01
Dhammapada,eastern,work,201612,8805,2016-12-01
Dhammapada,eastern,work,201701,8298,2017-01-01
Dhammapada,eastern,work,201702,8461,2017-02-01
Dhammapada,eastern,work,201703,9541,2017-03-01
Dhammapada,eastern,work,201704,8484,2017-04-01
Dhammapada,eastern,work,201705,8807,2017-05-01
Dhammapada,eastern,work,201706,7135,2017-06-01
Dhammapada,eastern,work,201707,7544,2017-07-01
Dhammapada,eastern,work,201708,7780,2017-08-01
Dhammapada,eastern,work,201709,8491,2017-09-01
Dhammapada,eastern,work,201710,9444,2017-10-01
Dhammapada,eastern,work,201711,8583,2017-11-01
Dhammapada,eastern,work,201712,7844,2017-12-01
Dhammapada,eastern,work,201801,8150,2018-01-01
Dhammapada,eastern,work,201802,8939,2018-02-01
Dhammapada,eastern,work,201803,9873,2018-03-01
Dhammapada,eastern,work,201804,8948,2018-04-01
Dhammapada,eastern,work,201805,10612,2018-05-01
Dhammapada,eastern,work,201806,8467,2018-06-01
Dhammapada,eastern,work,201807,8364,2018-07-01
Dhammapada,eastern,work,201808,8545,2018-08-01
Dhammapada,eastern,work,201809,8802,2018-09-01
Dhammapada,eastern,work,201810,8946,2018-10-01
Dhammapada,eastern,work,201811,7866,2018-11-01
Dhammapada,eastern,work,201812,7327,2018-12-01
Dhammapada,eastern,work,201901,8384,2019-01-01
Dhammapada,eastern,work,201902,7766,2019-02-01
Dhammapada,eastern,work,201903,8167,2019-03-01
Dhammapada,eastern,work,201904,7251,2019-04-01
Dhammapada,eastern,work,201905,8028,2019-05-01
Dhammapada,eastern,work,201906,6944,2019-06-01
Dhammapada,eastern,work,201907,7692,2019-07-01
Dhammapada,eastern,work,201908,7528,2019-08-01
Dhammapada,eastern,work,201909,7969,2019-09-01
Dhammapada,eastern,work,201910,8684,2019-10-01
Dhammapada,eastern,work,201911,9070,2019-11-01
Dhammapada,eastern,work,201912,8845,2019-12-01
Dhammapada,eastern,work,202001,9180,2020-01-01
Dhammapada,eastern,work,202002,8260,2020-02-01
Dhammapada,eastern,work,202003,8923,2020-03-01
Dhammapada,eastern,work,202004,11010,2020-04-01
Dhammapada,eastern,work,202005,10967,2020-05-01
Dhammapada,eastern,work,202006,9474,2020-06-01
Dhammapada,eastern,work,202007,9999,2020-07-01
Dhammapada,eastern,work,202008,9838,2020-08-01
Dhammapada,eastern,work,202009,9645,2020-09-01
Dhammapada,eastern,work,202010,9744,2020-10-01
Dhammapada,eastern,work,202011,8762,2020-11-01
Dhammapada,eastern,work,202012,9697,2020-12-01
Dhammapada,eastern,work,202101,10802,2021-01-01
Dhammapada,eastern,work,202102,9817,2021-02-01
Dhammapada,eastern,work,202103,10944,2021-03-01
Dhammapada,eastern,work,202104,10036,2021-04-01
Dhammapada,eastern,work,202105,11088,2021-05-01
Dhammapada,eastern,work,202106,9426,2021-06-01
Dhammapada,eastern,work,202107,10281,2021-07-01
Dhammapada,eastern,work,202108,9489,2021-08-01
Dhammapada,eastern,work,202109,9864,2021-09-01
Dhammapada,eastern,work,202110,10001,2021-10-01
Dhammapada,eastern,work,202111,8949,2021-11-01
Dhammapada,eastern,work,202112,8983,2021-12-01
Dhammapada,eastern,work,202201,9483,2022-01-01
Dhammapada,eastern,work,202202,9200,2022-02-01
Dhammapada,eastern,work,202203,9228,2022-03-01
Dhammapada,eastern,work,202204,9869,2022-04-01
Dhammapada,eastern,work,202205,9833,2022-05-01
Dhammapada,eastern,work,202206,8533,2022-06-01
Dhammapada,eastern,work,202207,17457,2022-07-01
Dhammapada,eastern,work,202208,9098,2022-08-01
Dhammapada,eastern,work,202209,14897,2022-09-01
Dhammapada,eastern,work,202210,42875,2022-10-01
Dhammapada,eastern,work,202211,14571,2022-11-01
Dhammapada,eastern,work,202212,8867,2022-12-01
Dhammapada,eastern,work,202301,10329,2023-01-01
Dhammapada,eastern,work,202302,9134,2023-02-01
Dhammapada,eastern,work,202303,16557,2023-03-01
Dhammapada,eastern,work,202304,14767,2023-04-01
Dhammapada,eastern,work,202305,13200,2023-05-01
Dhammapada,eastern,work,202306,9072,2023-06-01
Dhammapada,eastern,work,202307,9543,2023-07-01
Dhammapada,eastern,work,202308,9515,2023-08-01
Dhammapada,eastern,work,202309,10998,2023-09-01
Dhammapada,eastern,work,202310,12585,2023-10-01
Dhammapada,eastern,work,202311,23738,2023-11-01
Dhammapada,eastern,work,202312,9602,2023-12-01
Dhammapada,eastern,work,202401,11537,2024-01-01
Dhammapada,eastern,work,202402,11043,2024-02-01
Dhammapada,eastern,work,202403,10333,2024-03-01
Dhammapada,eastern,work,202404,10311,2024-04-01
Dhammapada,eastern,work,202405,10401,2024-05-01
Dhammapada,eastern,work,202406,8187,2024-06-01
Dhammapada,eastern,work,202407,10253,2024-07-01
Dhammapada,eastern,work,202408,8298,2024-08-01
Dhammapada,eastern,work,202409,9235,2024-09-01
Dhammapada,eastern,work,202410,8122,2024-10-01
Dhammapada,eastern,work,202411,7986,2024-11-01
Dhammapada,eastern,work,202412,8449,2024-12-01
Dhammapada,eastern,work,202501,10411,2025-01-01
Dhammapada,eastern,work,202502,9289,2025-02-01
Dhammapada,eastern,work,202503,9666,2025-03-01
Dhammapada,eastern,work,202504,10102,2025-04-01
Dhammapada,eastern,work,202505,9944,2025-05-01
Dhammapada,eastern,work,202506,8397,2025-06-01
Dhammapada,eastern,work,202507,8448,2025-07-01
Dhammapada,eastern,work,202508,9342,2025-08-01
Dhammapada,eastern,work,202509,9928,2025-09-01
Dhammapada,eastern,work,202510,8985,2025-10-01
Dhammapada,eastern,work,202511,8526,2025-11-01
Dhammapada,eastern,work,202512,10017,2025-12-01
Dhammapada,eastern,work,202601,13284,2026-01-01
Dhammapada,eastern,work,202602,8399,2026-02-01
Dhammapada,eastern,work,202603,8784,2026-03-01
Dhammapada,eastern,work,202604,8632,2026-04-01
Dhammapada,eastern,work,202605,8416,2026-05-01
Dhammapada,eastern,work,202606,7691,2026-06-01
Dhammapada,eastern,work,202607,8239,2026-07-01
Dhammapada,eastern,work,202608,7589,2026-08-01
Dhammapada,eastern,work,202609,7872,2026-09-01
Yin_and_yang,eastern,concept,201601,184785,2016-01-01
Yin_and_yang,eastern,concept,201602,187274,2016-02-01
Yin_and_yang,eastern,concept,201603,188183,2016-03-01
Yin_and_yang,eastern,concept,201604,179982,2016-04-01
Yin_and_yang,eastern,concept,201605,172371,2016-05-01
Yin_and_yang,eastern,concept,201606,146559,2016-06-01
Yin_and_yang,eastern,concept,201607,144061,2016-07-01
Yin_and_yang,eastern,concept,201608,149375,2016-08-01
Yin_and_yang,eastern,concept,201609,149293,2016-09-01
Yin_and_yang,eastern,concept,201610,154548,2016-10-01
Yin_and_yang,eastern,concept,201611,152889,2016-11-01
Yin_and_yang,eastern,concept,201612,125410,2016-12-01
Yin_and_yang,eastern,concept,201701,129188,2017-01-01
Yin_and_yang,eastern,concept,201702,112826,2017-02-01
Yin_and_yang,eastern,concept,201703,132347,2017-03-01
Yin_and_yang,eastern,concept,201704,118975,2017-04-01
Yin_and_yang,eastern,concept,201705,120612,2017-05-01
Yin_and_yang,eastern,concept,201706,111216,2017-06-01
Yin_and_yang,eastern,concept,201707,113798,2017-07-01
Yin_and_yang,eastern,concept,201708,115623,2017-08-01
Yin_and_yang,eastern,concept,201709,120451,2017-09-01
Yin_and_yang,eastern,concept,201710,131122,2017-10-01
Yin_and_yang,eastern,concept,201711,149027,2017-11-01
Yin_and_yang,eastern,concept,201712,161425,2017-12-01
Yin_and_yang,eastern,concept,201801,157974,2018-01-01
Yin_and_yang,eastern,concept,201802,145286,2018-02-01
Yin_and_yang,eastern,concept,201803,142062,2018-03-01
Yin_and_yang,eastern,concept,201804,137908,2018-04-01
Yin_and_yang,eastern,concept,201805,161983,2018-05-01
Yin_and_yang,eastern,concept,201806,162735,2018-06-01
Yin_and_yang,eastern,concept,201807,169036,2018-07-01
Yin_and_yang,eastern,concept,201808,180505,2018-08-01
Yin_and_yang,eastern,concept,201809,150175,2018-09-01
Yin_and_yang,eastern,concept,201810,142749,2018-10-01
Yin_and_yang,eastern,concept,201811,134609,2018-11-01
Yin_and_yang,eastern,concept,201812,131892,2018-12-01
Yin_and_yang,eastern,concept,201901,149934,2019-01-01
Yin_and_yang,eastern,concept,201902,142570,2019-02-01
Yin_and_yang,eastern,concept,201903,137154,2019-03-01
Yin_and_yang,eastern,concept,201904,129306,2019-04-01
Yin_and_yang,eastern,concept,201905,131125,2019-05-01
Yin_and_yang,eastern,concept,201906,122645,2019-06-01
Yin_and_yang,eastern,concept,201907,127402,2019-07-01
Yin_and_yang,eastern,concept,201908,132621,2019-08-01
Yin_and_yang,eastern,concept,201909,130759,2019-09-01
Yin_and_yang,eastern,concept,201910,132348,2019-10-01
Yin_and_yang,eastern,concept,201911,119916,2019-11-01
Yin_and_yang,eastern,concept,201912,116334,2019-12-01
Yin_and_yang,eastern,concept,202001,134789,2020-01-01
Yin_and_yang,eastern,concept,202002,118487,2020-02-01
Yin_and_yang,eastern,concept,202003,116269,2020-03-01
Yin_and_yang,eastern,concept,202004,125846,2020-04-01
Yin_and_yang,eastern,concept,202005,135134,2020-05-01
Yin_and_yang,eastern,concept,202006,133424,2020-06-01
Yin_and_yang,eastern,concept,202007,137026,2020-07-01
Yin_and_yang,eastern,concept,202008,128592,2020-08-01
Yin_and_yang,eastern,concept,202009,133488,2020-09-01
Yin_and_yang,eastern,concept,202010,140334,2020-10-01
Yin_and_yang,eastern,concept,202011,144781,2020-11-01
Yin_and_yang,eastern,concept,202012,147439,2020-12-01
Yin_and_yang,eastern,concept,202101,157082,2021-01-01
Yin_and_yang,eastern,concept,202102,159105,2021-02-01
Yin_and_yang,eastern,concept,202103,150377,2021-03-01
Yin_and_yang,eastern,concept,202104,139876,2021-04-01
Yin_and_yang,eastern,concept,202105,148044,2021-05-01
Yin_and_yang,eastern,concept,202106,129914,2021-06-01
Yin_and_yang,eastern,concept,202107,123717,2021-07-01
Yin_and_yang,eastern,concept,202108,127469,2021-08-01
Yin_and_yang,eastern,concept,202109,131019,2021-09-01
Yin_and_yang,eastern,concept,202110,126772,2021-10-01
Yin_and_yang,eastern,concept,202111,117017,2021-11-01
Yin_and_yang,eastern,concept,202112,121675,2021-12-01
Yin_and_yang,eastern,concept,202201,127945,2022-01-01
Yin_and_yang,eastern,concept,202202,128553,2022-02-01
Yin_and_yang,eastern,concept,202203,129740,2022-03-01
Yin_and_yang,eastern,concept,202204,123872,2022-04-01
Yin_and_yang,eastern,concept,202205,128184,2022-05-01
Yin_and_yang,eastern,concept,202206,112910,2022-06-01
Yin_and_yang,eastern,concept,202207,125353,2022-07-01
Yin_and_yang,eastern,concept,202208,141890,2022-08-01
Yin_and_yang,eastern,concept,202209,159898,2022-09-01
Yin_and_yang,eastern,concept,202210,174733,2022-10-01
Yin_and_yang,eastern,concept,202211,194176,2022-11-01
Yin_and_yang,eastern,concept,202212,157784,2022-12-01
Yin_and_yang,eastern,concept,202301,200600,2023-01-01
Yin_and_yang,eastern,concept,202302,179113,2023-02-01
Yin_and_yang,eastern,concept,202303,200409,2023-03-01
Yin_and_yang,eastern,concept,202304,158803,2023-04-01
Yin_and_yang,eastern,concept,202305,186126,2023-05-01
Yin_and_yang,eastern,concept,202306,173141,2023-06-01
Yin_and_yang,eastern,concept,202307,168390,2023-07-01
Yin_and_yang,eastern,concept,202308,180975,2023-08-01
Yin_and_yang,eastern,concept,202309,177066,2023-09-01
Yin_and_yang,eastern,concept,202310,168077,2023-10-01
Yin_and_yang,eastern,concept,202311,158879,2023-11-01
Yin_and_yang,eastern,concept,202312,165094,2023-12-01
Yin_and_yang,eastern,concept,202401,217994,2024-01-01
Yin_and_yang,eastern,concept,202402,184902,2024-02-01
Yin_and_yang,eastern,concept,202403,198120,2024-03-01
Yin_and_yang,eastern,concept,202404,185308,2024-04-01
Yin_and_yang,eastern,concept,202405,144667,2024-05-01
Yin_and_yang,eastern,concept,202406,124720,2024-06-01
Yin_and_yang,eastern,concept,202407,109974,2024-07-01
Yin_and_yang,eastern,concept,202408,111973,2024-08-01
Yin_and_yang,eastern,concept,202409,116815,2024-09-01
Yin_and_yang,eastern,concept,202410,128673,2024-10-01
Yin_and_yang,eastern,concept,202411,136311,2024-11-01
Yin_and_yang,eastern,concept,202412,100427,2024-12-01
Yin_and_yang,eastern,concept,202501,117751,2025-01-01
Yin_and_yang,eastern,concept,202502,94376,2025-02-01
Yin_and_yang,eastern,concept,202503,102654,2025-03-01
Yin_and_yang,eastern,concept,202504,93425,2025-04-01
Yin_and_yang,eastern,concept,202505,96652,2025-05-01
Yin_and_yang,eastern,concept,202506,93127,2025-06-01
Yin_and_yang,eastern,concept,202507,84519,2025-07-01
Yin_and_yang,eastern,concept,202508,89531,2025-08-01
Yin_and_yang,eastern,concept,202509,86778,2025-09-01
Yin_and_yang,eastern,concept,202510,93868,2025-10-01
Yin_and_yang,eastern,concept,202511,87530,2025-11-01
Yin_and_yang,eastern,concept,202512,85428,2025-12-01
Yin_and_yang,eastern,concept,202601,95510,2026-01-01
Yin_and_yang,eastern,concept,202602,98553,2026-02-01
Yin_and_yang,eastern,concept,202603,95630,2026-03-01
Yin_and_yang,eastern,concept,202604,88162,2026-04-01
Yin_and_yang,eastern,concept,202605,89831,2026-05-01
Yin_and_yang,eastern,concept,202606,76392,2026-06-01
Yin_and_yang,eastern,concept,202607,78268,2026-07-01
Yin_and_yang,eastern,concept,202608,78064,2026-08-01
Yin_and_yang,eastern,concept,202609,81767,2026-09-01
Transcendentalism,transcendentalism,concept,201601,79119,2016-01-01
Transcendentalism,transcendentalism,concept,201602,73281,2016-02-01
Transcendentalism,transcendentalism,concept,201603,77023,2016-03-01
Transcendentalism,transcendentalism,concept,201604,73279,2016-04-01
Transcendentalism,transcendentalism,concept,201605,70219,2016-05-01
Transcendentalism,transcendentalism,concept,201606,48702,2016-06-01
Transcendentalism,transcendentalism,concept,201607,40851,2016-07-01
Transcendentalism,transcendentalism,concept,201608,43049,2016-08-01
Transcendentalism,transcendentalism,concept,201609,53439,2016-09-01
Transcendentalism,transcendentalism,concept,201610,71405,2016-10-01
Transcendentalism,transcendentalism,concept,201611,94261,2016-11-01
Transcendentalism,transcendentalism,concept,201612,73475,2016-12-01
Transcendentalism,transcendentalism,concept,201701,70963,2017-01-01
Transcendentalism,transcendentalism,concept,201702,64865,2017-02-01
Transcendentalism,transcendentalism,concept,201703,72436,2017-03-01
Transcendentalism,transcendentalism,concept,201704,65811,2017-04-01
Transcendentalism,transcendentalism,concept,201705,64579,2017-05-01
Transcendentalism,transcendentalism,concept,201706,53753,2017-06-01
Transcendentalism,transcendentalism,concept,201707,46117,2017-07-01
Transcendentalism,transcendentalism,concept,201708,48090,2017-08-01
Transcendentalism,transcendentalism,concept,201709,64145,2017-09-01
Transcendentalism,transcendentalism,concept,201710,85989,2017-10-01
Transcendentalism,transcendentalism,concept,201711,96012,2017-11-01
Transcendentalism,transcendentalism,concept,201712,83541,2017-12-01
Transcendentalism,transcendentalism,concept,201801,74957,2018-01-01
Transcendentalism,transcendentalism,concept,201802,60228,2018-02-01
Transcendentalism,transcendentalism,concept,201803,66474,2018-03-01
Transcendentalism,transcendentalism,concept,201804,64889,2018-04-01
Transcendentalism,transcendentalism,concept,201805,62215,2018-05-01
Transcendentalism,transcendentalism,concept,201806,45236,2018-06-01
Transcendentalism,transcendentalism,concept,201807,41562,2018-07-01
Transcendentalism,transcendentalism,concept,201808,43526,2018-08-01
Transcendentalism,transcendentalism,concept,201809,48559,2018-09-01
Transcendentalism,transcendentalism,concept,201810,60887,2018-10-01
Transcendentalism,transcendentalism,concept,201811,64855,2018-11-01
Transcendentalism,transcendentalism,concept,201812,60336,2018-12-01
Transcendentalism,transcendentalism,concept,201901,61507,2019-01-01
Transcendentalism,transcendentalism,concept,201902,54684,2019-02-01
Transcendentalism,transcendentalism,concept,201903,59003,2019-03-01
Transcendentalism,transcendentalism,concept,201904,55814,2019-04-01
Transcendentalism,transcendentalism,concept,201905,52059,2019-05-01
Transcendentalism,transcendentalism,concept,201906,40898,2019-06-01
Transcendentalism,transcendentalism,concept,201907,41120,2019-07-01
Transcendentalism,transcendentalism,concept,201908,41994,2019-08-01
Transcendentalism,transcendentalism,concept,201909,48697,2019-09-01
Transcendentalism,transcendentalism,concept,201910,58757,2019-10-01
Transcendentalism,transcendentalism,concept,201911,62381,2019-11-01
Transcendentalism,transcendentalism,concept,201912,64575,2019-12-01
Transcendentalism,transcendentalism,concept,202001,70351,2020-01-01
Transcendentalism,transcendentalism,concept,202002,53582,2020-02-01
Transcendentalism,transcendentalism,concept,202003,50460,2020-03-01
Transcendentalism,transcendentalism,concept,202004,59278,2020-04-01
Transcendentalism,transcendentalism,concept,202005,52755,2020-05-01
Transcendentalism,transcendentalism,concept,202006,46083,2020-06-01
Transcendentalism,transcendentalism,concept,202007,41403,2020-07-01
Transcendentalism,transcendentalism,concept,202008,39526,2020-08-01
Transcendentalism,transcendentalism,concept,202009,46922,2020-09-01
Transcendentalism,transcendentalism,concept,202010,50970,2020-10-01
Transcendentalism,transcendentalism,concept,202011,52794,2020-11-01
Transcendentalism,transcendentalism,concept,202012,56978,2020-12-01
Transcendentalism,transcendentalism,concept,202101,55156,2021-01-01
Transcendentalism,transcendentalism,concept,202102,49019,2021-02-01
Transcendentalism,transcendentalism,concept,202103,54753,2021-03-01
Transcendentalism,transcendentalism,concept,202104,47280,2021-04-01
Transcendentalism,transcendentalism,concept,202105,44725,2021-05-01
Transcendentalism,transcendentalism,concept,202106,37235,2021-06-01
Transcendentalism,transcendentalism,concept,202107,36975,2021-07-01
Transcendentalism,transcendentalism,concept,202108,38953,2021-08-01
Transcendentalism,transcendentalism,concept,202109,40641,2021-09-01
Transcendentalism,transcendentalism,concept,202110,44137,2021-10-01
Transcendentalism,transcendentalism,concept,202111,49428,2021-11-01
Transcendentalism,transcendentalism,concept,202112,45896,2021-12-01
Transcendentalism,transcendentalism,concept,202201,46607,2022-01-01
Transcendentalism,transcendentalism,concept,202202,39962,2022-02-01
Transcendentalism,transcendentalism,concept,202203,41589,2022-03-01
Transcendentalism,transcendentalism,concept,202204,43488,2022-04-01
Transcendentalism,transcendentalism,concept,202205,41319,2022-05-01
Transcendentalism,transcendentalism,concept,202206,38459,2022-06-01
Transcendentalism,transcendentalism,concept,202207,38552,2022-07-01
Transcendentalism,transcendentalism,concept,202208,35470,2022-08-01
Transcendentalism,transcendentalism,concept,202209,37705,2022-09-01
Transcendentalism,transcendentalism,concept,202210,44261,2022-10-01
Transcendentalism,transcendentalism,concept,202211,54191,2022-11-01
Transcendentalism,transcendentalism,concept,202212,47232,2022-12-01
Transcendentalism,transcendentalism,concept,202301,50725,2023-01-01
Transcendentalism,transcendentalism,concept,202302,42365,2023-02-01
Transcendentalism,transcendentalism,concept,202303,50714,2023-03-01
Transcendentalism,transcendentalism,concept,202304,41382,2023-04-01
Transcendentalism,transcendentalism,concept,202305,42955,2023-05-01
Transcendentalism,transcendentalism,concept,202306,44514,2023-06-01
Transcendentalism,transcendentalism,concept,202307,43534,2023-07-01
Transcendentalism,transcendentalism,concept,202308,44721,2023-08-01
Transcendentalism,transcendentalism,concept,202309,47824,2023-09-01
Transcendentalism,transcendentalism,concept,202310,55087,2023-10-01
Transcendentalism,transcendentalism,concept,202311,54562,2023-11-01
Transcendentalism,transcendentalism,concept,202312,55827,2023-12-01
Transcendentalism,transcendentalism,concept,202401,67495,2024-01-01
Transcendentalism,transcendentalism,concept,202402,53823,2024-02-01
Transcendentalism,transcendentalism,concept,202403,59986,2024-03-01
Transcendentalism,transcendentalism,concept,202404,49670,2024-04-01
Transcendentalism,transcendentalism,concept,202405,45901,2024-05-01
Transcendentalism,transcendentalism,concept,202406,37134,2024-06-01
Transcendentalism,transcendentalism,concept,202407,37010,2024-07-01
Transcendentalism,transcendentalism,concept,202408,36910,2024-08-01
Transcendentalism,transcendentalism,concept,202409,38928,2024-09-01
Transcendentalism,transcendentalism,concept,202410,44229,2024-10-01
Transcendentalism,transcendentalism,concept,202411,44358,2024-11-01
Transcendentalism,transcendentalism,concept,202412,40893,2024-12-01
Transcendentalism,transcendentalism,concept,202501,42825,2025-01-01
Transcendentalism,transcendentalism,concept,202502,36423,2025-02-01
Transcendentalism,transcendentalism,concept,202503,39434,2025-03-01
Transcendentalism,transcendentalism,concept,202504,35632,2025-04-01
Transcendentalism,transcendentalism,concept,202505,37716,2025-05-01
Transcendentalism,transcendentalism,concept,202506,32352,2025-06-01
Transcendentalism,transcendentalism,concept,202507,42495,2025-07-01
Transcendentalism,transcendentalism,concept,202508,35242,2025-08-01
Transcendentalism,transcendentalism,concept,202509,41521,2025-09-01
Transcendentalism,transcendentalism,concept,202510,36280,2025-10-01
Transcendentalism,transcendentalism,concept,202511,38712,2025-11-01
Transcendentalism,transcendentalism,concept,202512,36903,2025-12-01
Transcendentalism,transcendentalism,concept,202601,40460,2026-01-01
Transcendentalism,transcendentalism,concept,202602,32297,2026-02-01
Transcendentalism,transcendentalism,concept,202603,36146,2026-03-01
Transcendentalism,transcendentalism,concept,202604,40418,2026-04-01
Transcendentalism,transcendentalism,concept,202605,32336,2026-05-01
Transcendentalism,transcendentalism,concept,202606,29234,2026-06-01
Transcendentalism,transcendentalism,concept,202607,29607,2026-07-01
Transcendentalism,transcendentalism,concept,202608,33029,2026-08-01
Transcendentalism,transcendentalism,concept,202609,34106,2026-09-01
Ralph_Waldo_Emerson,transcendentalism,person,201601,97779,2016-01-01
Ralph_Waldo_Emerson,transcendentalism,person,201602,80237,2016-02-01
Ralph_Waldo_Emerson,transcendentalism,person,201603,82979,2016-03-01
Ralph_Waldo_Emerson,transcendentalism,person,201604,84890,2016-04-01
Ralph_Waldo_Emerson,transcendentalism,person,201605,83164,2016-05-01
Ralph_Waldo_Emerson,transcendentalism,person,201606,67093,2016-06-01
Ralph_Waldo_Emerson,transcendentalism,person,201607,59390,2016-07-01
Ralph_Waldo_Emerson,transcendentalism,person,201608,62037,2016-08-01
Ralph_Waldo_Emerson,transcendentalism,person,201609,74134,2016-09-01
Ralph_Waldo_Emerson,transcendentalism,person,201610,93590,2016-10-01
Ralph_Waldo_Emerson,transcendentalism,person,201611,106986,2016-11-01
Ralph_Waldo_Emerson,transcendentalism,person,201612,84451,2016-12-01
Ralph_Waldo_Emerson,transcendentalism,person,201701,89343,2017-01-01
Ralph_Waldo_Emerson,transcendentalism,person,201702,80559,2017-02-01
Ralph_Waldo_Emerson,transcendentalism,person,201703,89267,2017-03-01
Ralph_Waldo_Emerson,transcendentalism,person,201704,77935,2017-04-01
Ralph_Waldo_Emerson,transcendentalism,person,201705,79446,2017-05-01
Ralph_Waldo_Emerson,transcendentalism,person,201706,61410,2017-06-01
Ralph_Waldo_Emerson,transcendentalism,person,201707,65465,2017-07-01
Ralph_Waldo_Emerson,transcendentalism,person,201708,64823,2017-08-01
Ralph_Waldo_Emerson,transcendentalism,person,201709,69738,2017-09-01
Ralph_Waldo_Emerson,transcendentalism,person,201710,93343,2017-10-01
Ralph_Waldo_Emerson,transcendentalism,person,201711,90014,2017-11-01
Ralph_Waldo_Emerson,transcendentalism,person,201712,78559,2017-12-01
Ralph_Waldo_Emerson,transcendentalism,person,201801,80657,2018-01-01
Ralph_Waldo_Emerson,transcendentalism,person,201802,70125,2018-02-01
Ralph_Waldo_Emerson,transcendentalism,person,201803,80835,2018-03-01
Ralph_Waldo_Emerson,transcendentalism,person,201804,78878,2018-04-01
Ralph_Waldo_Emerson,transcendentalism,person,201805,75297,2018-05-01
Ralph_Waldo_Emerson,transcendentalism,person,201806,60723,2018-06-01
Ralph_Waldo_Emerson,transcendentalism,person,201807,61498,2018-07-01
Ralph_Waldo_Emerson,transcendentalism,person,201808,58640,2018-08-01
Ralph_Waldo_Emerson,transcendentalism,person,201809,66121,2018-09-01
Ralph_Waldo_Emerson,transcendentalism,person,201810,75582,2018-10-01
Ralph_Waldo_Emerson,transcendentalism,person,201811,79897,2018-11-01
Ralph_Waldo_Emerson,transcendentalism,person,201812,73362,2018-12-01
Ralph_Waldo_Emerson,transcendentalism,person,201901,77190,2019-01-01
Ralph_Waldo_Emerson,transcendentalism,person,201902,65078,2019-02-01
Ralph_Waldo_Emerson,transcendentalism,person,201903,73077,2019-03-01
Ralph_Waldo_Emerson,transcendentalism,person,201904,69483,2019-04-01
Ralph_Waldo_Emerson,transcendentalism,person,201905,67304,2019-05-01
Ralph_Waldo_Emerson,transcendentalism,person,201906,56472,2019-06-01
Ralph_Waldo_Emerson,transcendentalism,person,201907,58581,2019-07-01
Ralph_Waldo_Emerson,transcendentalism,person,201908,64855,2019-08-01
Ralph_Waldo_Emerson,transcendentalism,person,201909,67711,2019-09-01
Ralph_Waldo_Emerson,transcendentalism,person,201910,76348,2019-10-01
Ralph_Waldo_Emerson,transcendentalism,person,201911,78615,2019-11-01
Ralph_Waldo_Emerson,transcendentalism,person,201912,75512,2019-12-01
Ralph_Waldo_Emerson,transcendentalism,person,202001,81815,2020-01-01
Ralph_Waldo_Emerson,transcendentalism,person,202002,82545,2020-02-01
Ralph_Waldo_Emerson,transcendentalism,person,202003,81783,2020-03-01
Ralph_Waldo_Emerson,transcendentalism,person,202004,99984,2020-04-01
Ralph_Waldo_Emerson,transcendentalism,person,202005,109518,2020-05-01
Ralph_Waldo_Emerson,transcendentalism,person,202006,110113,2020-06-01
Ralph_Waldo_Emerson,transcendentalism,person,202007,119643,2020-07-01
Ralph_Waldo_Emerson,transcendentalism,person,202008,121960,2020-08-01
Ralph_Waldo_Emerson,transcendentalism,person,202009,108843,2020-09-01
Ralph_Waldo_Emerson,transcendentalism,person,202010,99499,2020-10-01
Ralph_Waldo_Emerson,transcendentalism,person,202011,92597,2020-11-01
Ralph_Waldo_Emerson,transcendentalism,person,202012,89925,2020-12-01
Ralph_Waldo_Emerson,transcendentalism,person,202101,94296,2021-01-01
Ralph_Waldo_Emerson,transcendentalism,person,202102,84359,2021-02-01
Ralph_Waldo_Emerson,transcendentalism,person,202103,93578,2021-03-01
Ralph_Waldo_Emerson,transcendentalism,person,202104,92779,2021-04-01
Ralph_Waldo_Emerson,transcendentalism,person,202105,89447,2021-05-01
Ralph_Waldo_Emerson,transcendentalism,person,202106,81550,2021-06-01
Ralph_Waldo_Emerson,transcendentalism,person,202107,75993,2021-07-01
Ralph_Waldo_Emerson,transcendentalism,person,202108,76021,2021-08-01
Ralph_Waldo_Emerson,transcendentalism,person,202109,77299,2021-09-01
Ralph_Waldo_Emerson,transcendentalism,person,202110,82550,2021-10-01
Ralph_Waldo_Emerson,transcendentalism,person,202111,82249,2021-11-01
Ralph_Waldo_Emerson,transcendentalism,person,202112,77780,2021-12-01
Ralph_Waldo_Emerson,transcendentalism,person,202201,83322,2022-01-01
Ralph_Waldo_Emerson,transcendentalism,person,202202,71288,2022-02-01
Ralph_Waldo_Emerson,transcendentalism,person,202203,73599,2022-03-01
Ralph_Waldo_Emerson,transcendentalism,person,202204,72784,2022-04-01
Ralph_Waldo_Emerson,transcendentalism,person,202205,72491,2022-05-01
Ralph_Waldo_Emerson,transcendentalism,person,202206,61864,2022-06-01
Ralph_Waldo_Emerson,transcendentalism,person,202207,65774,2022-07-01
Ralph_Waldo_Emerson,transcendentalism,person,202208,66068,2022-08-01
Ralph_Waldo_Emerson,transcendentalism,person,202209,67526,2022-09-01
Ralph_Waldo_Emerson,transcendentalism,person,202210,77925,2022-10-01
Ralph_Waldo_Emerson,transcendentalism,person,202211,78405,2022-11-01
Ralph_Waldo_Emerson,transcendentalism,person,202212,72691,2022-12-01
Ralph_Waldo_Emerson,transcendentalism,person,202301,78092,2023-01-01
Ralph_Waldo_Emerson,transcendentalism,person,202302,70191,2023-02-01
Ralph_Waldo_Emerson,transcendentalism,person,202303,89097,2023-03-01
Ralph_Waldo_Emerson,transcendentalism,person,202304,75907,2023-04-01
Ralph_Waldo_Emerson,transcendentalism,person,202305,84246,2023-05-01
Ralph_Waldo_Emerson,transcendentalism,person,202306,84778,2023-06-01
Ralph_Waldo_Emerson,transcendentalism,person,202307,90026,2023-07-01
Ralph_Waldo_Emerson,transcendentalism,person,202308,89343,2023-08-01
Ralph_Waldo_Emerson,transcendentalism,person,202309,88888,2023-09-01
Ralph_Waldo_Emerson,transcendentalism,person,202310,94098,2023-10-01
Ralph_Waldo_Emerson,transcendentalism,person,202311,87376,2023-11-01
Ralph_Waldo_Emerson,transcendentalism,person,202312,86761,2023-12-01
Ralph_Waldo_Emerson,transcendentalism,person,202401,106917,2024-01-01
Ralph_Waldo_Emerson,transcendentalism,person,202402,91424,2024-02-01
Ralph_Waldo_Emerson,transcendentalism,person,202403,95626,2024-03-01
Ralph_Waldo_Emerson,transcendentalism,person,202404,89506,2024-04-01
Ralph_Waldo_Emerson,transcendentalism,person,202405,87115,2024-05-01
Ralph_Waldo_Emerson,transcendentalism,person,202406,73301,2024-06-01
Ralph_Waldo_Emerson,transcendentalism,person,202407,78320,2024-07-01
Ralph_Waldo_Emerson,transcendentalism,person,202408,74607,2024-08-01
Ralph_Waldo_Emerson,transcendentalism,person,202409,78573,2024-09-01
Ralph_Waldo_Emerson,transcendentalism,person,202410,91993,2024-10-01
Ralph_Waldo_Emerson,transcendentalism,person,202411,80762,2024-11-01
Ralph_Waldo_Emerson,transcendentalism,person,202412,71779,2024-12-01
Ralph_Waldo_Emerson,transcendentalism,person,202501,77309,2025-01-01
Ralph_Waldo_Emerson,transcendentalism,person,202502,68802,2025-02-01
Ralph_Waldo_Emerson,transcendentalism,person,202503,68651,2025-03-01
Ralph_Waldo_Emerson,transcendentalism,person,202504,61959,2025-04-01
Ralph_Waldo_Emerson,transcendentalism,person,202505,63410,2025-05-01
Ralph_Waldo_Emerson,transcendentalism,person,202506,55319,2025-06-01
Ralph_Waldo_Emerson,transcendentalism,person,202507,58246,2025-07-01
Ralph_Waldo_Emerson,transcendentalism,person,202508,55466,2025-08-01
Ralph_Waldo_Emerson,transcendentalism,person,202509,63623,2025-09-01
Ralph_Waldo_Emerson,transcendentalism,person,202510,56881,2025-10-01
Ralph_Waldo_Emerson,transcendentalism,person,202511,54275,2025-11-01
Ralph_Waldo_Emerson,transcendentalism,person,202512,57884,2025-12-01
Ralph_Waldo_Emerson,transcendentalism,person,202601,59507,2026-01-01
Ralph_Waldo_Emerson,transcendentalism,person,202602,50723,2026-02-01
Ralph_Waldo_Emerson,transcendentalism,person,202603,55599,2026-03-01
Ralph_Waldo_Emerson,transcendentalism,person,202604,65370,2026-04-01
Ralph_Waldo_Emerson,transcendentalism,person,202605,62525,2026-05-01
Ralph_Waldo_Emerson,transcendentalism,person,202606,48268,2026-06-01
Ralph_Waldo_Emerson,transcendentalism,person,202607,46977,2026-07-01
Ralph_Waldo_Emerson,transcendentalism,person,202608,50009,2026-08-01
Ralph_Waldo_Emerson,transcendentalism,person,202609,56560,2026-09-01
Henry_David_Thoreau,transcendentalism,person,201601,97025,2016-01-01
Henry_David_Thoreau,transcendentalism,person,201602,89809,2016-02-01
Henry_David_Thoreau,transcendentalism,person,201603,93946,2016-03-01
Henry_David_Thoreau,transcendentalism,person,201604,91750,2016-04-01
Henry_David_Thoreau,transcendentalism,person,201605,85462,2016-05-01
Henry_David_Thoreau,transcendentalism,person,201606,74702,2016-06-01
Henry_David_Thoreau,transcendentalism,person,201607,65114,2016-07-01
Henry_David_Thoreau,transcendentalism,person,201608,64935,2016-08-01
Henry_David_Thoreau,transcendentalism,person,201609,78442,2016-09-01
Henry_David_Thoreau,transcendentalism,person,201610,89314,2016-10-01
Henry_David_Thoreau,transcendentalism,person,201611,105241,2016-11-01
Henry_David_Thoreau,transcendentalism,person,201612,83233,2016-12-01
Henry_David_Thoreau,transcendentalism,person,201701,90141,2017-01-01
Henry_David_Thoreau,transcendentalism,person,201702,85411,2017-02-01
Henry_David_Thoreau,transcendentalism,person,201703,97223,2017-03-01
Henry_David_Thoreau,transcendentalism,person,201704,85734,2017-04-01
Henry_David_Thoreau,transcendentalism,person,201705,90629,2017-05-01
Henry_David_Thoreau,transcendentalism,person,201706,65163,2017-06-01
Henry_David_Thoreau,transcendentalism,person,201707,98876,2017-07-01
Henry_David_Thoreau,transcendentalism,person,201708,68162,2017-08-01
Henry_David_Thoreau,transcendentalism,person,201709,74904,2017-09-01
Henry_David_Thoreau,transcendentalism,person,201710,88304,2017-10-01
Henry_David_Thoreau,transcendentalism,person,201711,96841,2017-11-01
Henry_David_Thoreau,transcendentalism,person,201712,77937,2017-12-01
Henry_David_Thoreau,transcendentalism,person,201801,80040,2018-01-01
Henry_David_Thoreau,transcendentalism,person,201802,73840,2018-02-01
Henry_David_Thoreau,transcendentalism,person,201803,83360,2018-03-01
Henry_David_Thoreau,transcendentalism,person,201804,204515,2018-04-01
Henry_David_Thoreau,transcendentalism,person,201805,78379,2018-05-01
Henry_David_Thoreau,transcendentalism,person,201806,61650,2018-06-01
Henry_David_Thoreau,transcendentalism,person,201807,66219,2018-07-01
Henry_David_Thoreau,transcendentalism,person,201808,68407,2018-08-01
Henry_David_Thoreau,transcendentalism,person,201809,71021,2018-09-01
Henry_David_Thoreau,transcendentalism,person,201810,80851,2018-10-01
Henry_David_Thoreau,transcendentalism,person,201811,85706,2018-11-01
Henry_David_Thoreau,transcendentalism,person,201812,74727,2018-12-01
Henry_David_Thoreau,transcendentalism,person,201901,76732,2019-01-01
Henry_David_Thoreau,transcendentalism,person,201902,74971,2019-02-01
Henry_David_Thoreau,transcendentalism,person,201903,82766,2019-03-01
Henry_David_Thoreau,transcendentalism,person,201904,71916,2019-04-01
Henry_David_Thoreau,transcendentalism,person,201905,71760,2019-05-01
Henry_David_Thoreau,transcendentalism,person,201906,59515,2019-06-01
Henry_David_Thoreau,transcendentalism,person,201907,65027,2019-07-01
Henry_David_Thoreau,transcendentalism,person,201908,67178,2019-08-01
Henry_David_Thoreau,transcendentalism,person,201909,72029,2019-09-01
Henry_David_Thoreau,transcendentalism,person,201910,77829,2019-10-01
Henry_David_Thoreau,transcendentalism,person,201911,85338,2019-11-01
Henry_David_Thoreau,transcendentalism,person,201912,74903,2019-12-01
Henry_David_Thoreau,transcendentalism,person,202001,82751,2020-01-01
Henry_David_Thoreau,transcendentalism,person,202002,74420,2020-02-01
Henry_David_Thoreau,transcendentalism,person,202003,84703,2020-03-01
Henry_David_Thoreau,transcendentalism,person,202004,113994,2020-04-01
Henry_David_Thoreau,transcendentalism,person,202005,123725,2020-05-01
Henry_David_Thoreau,transcendentalism,person,202006,122793,2020-06-01
Henry_David_Thoreau,transcendentalism,person,202007,138989,2020-07-01
Henry_David_Thoreau,transcendentalism,person,202008,135701,2020-08-01
Henry_David_Thoreau,transcendentalism,person,202009,116494,2020-09-01
Henry_David_Thoreau,transcendentalism,person,202010,108795,2020-10-01
Henry_David_Thoreau,transcendentalism,person,202011,98752,2020-11-01
Henry_David_Thoreau,transcendentalism,person,202012,93773,2020-12-01
Henry_David_Thoreau,transcendentalism,person,202101,100320,2021-01-01
Henry_David_Thoreau,transcendentalism,person,202102,89036,2021-02-01
Henry_David_Thoreau,transcendentalism,person,202103,102756,2021-03-01
Henry_David_Thoreau,transcendentalism,person,202104,95010,2021-04-01
Henry_David_Thoreau,transcendentalism,person,202105,95631,2021-05-01
Henry_David_Thoreau,transcendentalism,person,202106,80881,2021-06-01
Henry_David_Thoreau,transcendentalism,person,202107,87821,2021-07-01
Henry_David_Thoreau,transcendentalism,person,202108,94254,2021-08-01
Henry_David_Thoreau,transcendentalism,person,202109,86500,2021-09-01
Henry_David_Thoreau,transcendentalism,person,202110,88508,2021-10-01
Henry_David_Thoreau,transcendentalism,person,202111,100253,2021-11-01
Henry_David_Thoreau,transcendentalism,person,202112,85426,2021-12-01
Henry_David_Thoreau,transcendentalism,person,202201,85150,2022-01-01
Henry_David_Thoreau,transcendentalism,person,202202,74972,2022-02-01
Henry_David_Thoreau,transcendentalism,person,202203,74875,2022-03-01
Henry_David_Thoreau,transcendentalism,person,202204,70701,2022-04-01
Henry_David_Thoreau,transcendentalism,person,202205,77908,2022-05-01
Henry_David_Thoreau,transcendentalism,person,202206,73787,2022-06-01
Henry_David_Thoreau,transcendentalism,person,202207,88418,2022-07-01
Henry_David_Thoreau,transcendentalism,person,202208,72232,2022-08-01
Henry_David_Thoreau,transcendentalism,person,202209,73976,2022-09-01
Henry_David_Thoreau,transcendentalism,person,202210,86258,2022-10-01
Henry_David_Thoreau,transcendentalism,person,202211,80753,2022-11-01
Henry_David_Thoreau,transcendentalism,person,202212,68832,2022-12-01
Henry_David_Thoreau,transcendentalism,person,202301,75201,2023-01-01
Henry_David_Thoreau,transcendentalism,person,202302,72283,2023-02-01
Henry_David_Thoreau,transcendentalism,person,202303,89690,2023-03-01
Henry_David_Thoreau,transcendentalism,person,202304,74414,2023-04-01
Henry_David_Thoreau,transcendentalism,person,202305,85190,2023-05-01
Henry_David_Thoreau,transcendentalism,person,202306,85407,2023-06-01
Henry_David_Thoreau,transcendentalism,person,202307,93080,2023-07-01
Henry_David_Thoreau,transcendentalism,person,202308,93247,2023-08-01
Henry_David_Thoreau,transcendentalism,person,202309,90383,2023-09-01
Henry_David_Thoreau,transcendentalism,person,202310,94896,2023-10-01
Henry_David_Thoreau,transcendentalism,person,202311,91336,2023-11-01
Henry_David_Thoreau,transcendentalism,person,202312,85826,2023-12-01
Henry_David_Thoreau,transcendentalism,person,202401,103549,2024-01-01
Henry_David_Thoreau,transcendentalism,person,202402,93449,2024-02-01
Henry_David_Thoreau,transcendentalism,person,202403,95870,2024-03-01
Henry_David_Thoreau,transcendentalism,person,202404,86272,2024-04-01
Henry_David_Thoreau,transcendentalism,person,202405,88356,2024-05-01
Henry_David_Thoreau,transcendentalism,person,202406,72305,2024-06-01
Henry_David_Thoreau,transcendentalism,person,202407,75949,2024-07-01
Henry_David_Thoreau,transcendentalism,person,202408,74670,2024-08-01
Henry_David_Thoreau,transcendentalism,person,202409,84292,2024-09-01
Henry_David_Thoreau,transcendentalism,person,202410,90012,2024-10-01
Henry_David_Thoreau,transcendentalism,person,202411,81620,2024-11-01
Henry_David_Thoreau,transcendentalism,person,202412,78164,2024-12-01
Henry_David_Thoreau,transcendentalism,person,202501,96480,2025-01-01
Henry_David_Thoreau,transcendentalism,person,202502,72188,2025-02-01
Henry_David_Thoreau,transcendentalism,person,202503,89437,2025-03-01
Henry_David_Thoreau,transcendentalism,person,202504,65039,2025-04-01
Henry_David_Thoreau,transcendentalism,person,202505,69719,2025-05-01
Henry_David_Thoreau,transcendentalism,person,202506,56103,2025-06-01
Henry_David_Thoreau,transcendentalism,person,202507,71105,2025-07-01
Henry_David_Thoreau,transcendentalism,person,202508,65540,2025-08-01
Henry_David_Thoreau,transcendentalism,person,202509,69013,2025-09-01
Henry_David_Thoreau,transcendentalism,person,202510,60201,2025-10-01
Henry_David_Thoreau,transcendentalism,person,202511,59676,2025-11-01
Henry_David_Thoreau,transcendentalism,person,202512,56947,2025-12-01
Henry_David_Thoreau,transcendentalism,person,202601,61829,2026-01-01
Henry_David_Thoreau,transcendentalism,person,202602,62305,2026-02-01
Henry_David_Thoreau,transcendentalism,person,202603,89067,2026-03-01
Henry_David_Thoreau,transcendentalism,person,202604,122332,2026-04-01
Henry_David_Thoreau,transcendentalism,person,202605,70347,2026-05-01
Henry_David_Thoreau,transcendentalism,person,202606,53150,2026-06-01
Henry_David_Thoreau,transcendentalism,person,202607,52972,2026-07-01
Henry_David_Thoreau,transcendentalism,person,202608,59107,2026-08-01
Henry_David_Thoreau,transcendentalism,person,202609,67468,2026-09-01
Walden,transcendentalism,work,201601,46619,2016-01-01
Walden,transcendentalism,work,201602,43279,2016-02-01
Walden,transcendentalism,work,201603,43846,2016-03-01
Walden,transcendentalism,work,201604,42875,2016-04-01
Walden,transcendentalism,work,201605,41939,2016-05-01
Walden,transcendentalism,work,201606,35536,2016-06-01
Walden,transcendentalism,work,201607,33388,2016-07-01
Walden,transcendentalism,work,201608,38463,2016-08-01
Walden,transcendentalism,work,201609,40834,2016-09-01
Walden,transcendentalism,work,201610,43792,2016-10-01
Walden,transcendentalism,work,201611,44677,2016-11-01
Walden,transcendentalism,work,201612,40671,2016-12-01
Walden,transcendentalism,work,201701,44758,2017-01-01
Walden,transcendentalism,work,201702,38638,2017-02-01
Walden,transcendentalism,work,201703,44991,2017-03-01
Walden,transcendentalism,work,201704,41097,2017-04-01
Walden,transcendentalism,work,201705,46714,2017-05-01
Walden,transcendentalism,work,201706,34686,2017-06-01
Walden,transcendentalism,work,201707,43810,2017-07-01
Walden,transcendentalism,work,201708,36258,2017-08-01
Walden,transcendentalism,work,201709,36166,2017-09-01
Walden,transcendentalism,work,201710,42519,2017-10-01
Walden,transcendentalism,work,201711,43361,2017-11-01
Walden,transcendentalism,work,201712,38510,2017-12-01
Walden,transcendentalism,work,201801,39934,2018-01-01
Walden,transcendentalism,work,201802,35429,2018-02-01
Walden,transcendentalism,work,201803,39460,2018-03-01
Walden,transcendentalism,work,201804,39540,2018-04-01
Walden,transcendentalism,work,201805,42975,2018-05-01
Walden,transcendentalism,work,201806,35068,2018-06-01
Walden,transcendentalism,work,201807,36876,2018-07-01
Walden,transcendentalism,work,201808,37050,2018-08-01
Walden,transcendentalism,work,201809,36359,2018-09-01
Walden,transcendentalism,work,201810,39346,2018-10-01
Walden,transcendentalism,work,201811,43414,2018-11-01
Walden,transcendentalism,work,201812,35210,2018-12-01
Walden,transcendentalism,work,201901,38416,2019-01-01
Walden,transcendentalism,work,201902,32535,2019-02-01
Walden,transcendentalism,work,201903,37113,2019-03-01
Walden,transcendentalism,work,201904,34002,2019-04-01
Walden,transcendentalism,work,201905,35555,2019-05-01
Walden,transcendentalism,work,201906,31803,2019-06-01
Walden,transcendentalism,work,201907,32348,2019-07-01
Walden,transcendentalism,work,201908,35026,2019-08-01
Walden,transcendentalism,work,201909,34424,2019-09-01
Walden,transcendentalism,work,201910,35424,2019-10-01
Walden,transcendentalism,work,201911,33272,2019-11-01
Walden,transcendentalism,work,201912,31687,2019-12-01
Walden,transcendentalism,work,202001,34239,2020-01-01
Walden,transcendentalism,work,202002,30749,2020-02-01
Walden,transcendentalism,work,202003,34202,2020-03-01
Walden,transcendentalism,work,202004,44997,2020-04-01
Walden,transcendentalism,work,202005,41608,2020-05-01
Walden,transcendentalism,work,202006,35458,2020-06-01
Walden,transcendentalism,work,202007,34501,2020-07-01
Walden,transcendentalism,work,202008,32292,2020-08-01
Walden,transcendentalism,work,202009,33370,2020-09-01
Walden,transcendentalism,work,202010,36495,2020-10-01
Walden,transcendentalism,work,202011,33676,2020-11-01
Walden,transcendentalism,work,202012,32890,2020-12-01
Walden,transcendentalism,work,202101,34261,2021-01-01
Walden,transcendentalism,work,202102,31037,2021-02-01
Walden,transcendentalism,work,202103,39996,2021-03-01
Walden,transcendentalism,work,202104,31253,2021-04-01
Walden,transcendentalism,work,202105,31440,2021-05-01
Walden,transcendentalism,work,202106,27682,2021-06-01
Walden,transcendentalism,work,202107,29874,2021-07-01
Walden,transcendentalism,work,202108,31931,2021-08-01
Walden,transcendentalism,work,202109,31903,2021-09-01
Walden,transcendentalism,work,202110,30994,2021-10-01
Walden,transcendentalism,work,202111,51007,2021-11-01
Walden,transcendentalism,work,202112,34266,2021-12-01
Walden,transcendentalism,work,202201,30050,2022-01-01
Walden,transcendentalism,work,202202,30774,2022-02-01
Walden,transcendentalism,work,202203,25554,2022-03-01
Walden,transcendentalism,work,202204,24839,2022-04-01
Walden,transcendentalism,work,202205,25728,2022-05-01
Walden,transcendentalism,work,202206,25300,2022-06-01
Walden,transcendentalism,work,202207,28459,2022-07-01
Walden,transcendentalism,work,202208,28041,2022-08-01
Walden,transcendentalism,work,202209,27717,2022-09-01
Walden,transcendentalism,work,202210,29323,2022-10-01
Walden,transcendentalism,work,202211,29233,2022-11-01
Walden,transcendentalism,work,202212,27146,2022-12-01
Walden,transcendentalism,work,202301,28276,2023-01-01
Walden,transcendentalism,work,202302,25452,2023-02-01
Walden,transcendentalism,work,202303,30367,2023-03-01
Walden,transcendentalism,work,202304,26397,2023-04-01
Walden,transcendentalism,work,202305,27995,2023-05-01
Walden,transcendentalism,work,202306,28520,2023-06-01
Walden,transcendentalism,work,202307,30181,2023-07-01
Walden,transcendentalism,work,202308,31738,2023-08-01
Walden,transcendentalism,work,202309,30549,2023-09-01
Walden,transcendentalism,work,202310,31634,2023-10-01
Walden,transcendentalism,work,202311,31683,2023-11-01
Walden,transcendentalism,work,202312,37008,2023-12-01
Walden,transcendentalism,work,202401,41886,2024-01-01
Walden,transcendentalism,work,202402,34077,2024-02-01
Walden,transcendentalism,work,202403,32240,2024-03-01
Walden,transcendentalism,work,202404,31967,2024-04-01
Walden,transcendentalism,work,202405,30579,2024-05-01
Walden,transcendentalism,work,202406,28313,2024-06-01
Walden,transcendentalism,work,202407,29182,2024-07-01
Walden,transcendentalism,work,202408,32651,2024-08-01
Walden,transcendentalism,work,202409,39208,2024-09-01
Walden,transcendentalism,work,202410,36063,2024-10-01
Walden,transcendentalism,work,202411,31561,2024-11-01
Walden,transcendentalism,work,202412,34135,2024-12-01
Walden,transcendentalism,work,202501,32506,2025-01-01
Walden,transcendentalism,work,202502,29462,2025-02-01
Walden,transcendentalism,work,202503,30855,2025-03-01
Walden,transcendentalism,work,202504,29278,2025-04-01
Walden,transcendentalism,work,202505,30179,2025-05-01
Walden,transcendentalism,work,202506,31897,2025-06-01
Walden,transcendentalism,work,202507,29130,2025-07-01
Walden,transcendentalism,work,202508,38177,2025-08-01
Walden,transcendentalism,work,202509,32571,2025-09-01
Walden,transcendentalism,work,202510,27899,2025-10-01
Walden,transcendentalism,work,202511,31006,2025-11-01
Walden,transcendentalism,work,202512,30789,2025-12-01
Walden,transcendentalism,work,202601,27697,2026-01-01
Walden,transcendentalism,work,202602,25401,2026-02-01
Walden,transcendentalism,work,202603,25650,2026-03-01
Walden,transcendentalism,work,202604,28878,2026-04-01
Walden,transcendentalism,work,202605,24596,2026-05-01
Walden,transcendentalism,work,202606,22424,2026-06-01
Walden,transcendentalism,work,202607,23698,2026-07-01
Walden,transcendentalism,work,202608,30658,2026-08-01
Walden,transcendentalism,work,202609,26444,2026-09-01
Existentialism,existential,concept,201601,165021,2016-01-01
Existentialism,existential,concept,201602,153020,2016-02-01
Existentialism,existential,concept,201603,167587,2016-03-01
Existentialism,existential,concept,201604,161575,2016-04-01
Existentialism,existential,concept,201605,156018,2016-05-01
Existentialism,existential,concept,201606,146201,2016-06-01
Existentialism,existential,concept,201607,137354,2016-07-01
Existentialism,existential,concept,201608,148192,2016-08-01
Existentialism,existential,concept,201609,151211,2016-09-01
Existentialism,existential,concept,201610,169151,2016-10-01
Existentialism,existential,concept,201611,164162,2016-11-01
Existentialism,existential,concept,201612,165189,2016-12-01
Existentialism,existential,concept,201701,166100,2017-01-01
Existentialism,existential,concept,201702,156059,2017-02-01
Existentialism,existential,concept,201703,167851,2017-03-01
Existentialism,existential,concept,201704,161925,2017-04-01
Existentialism,existential,concept,201705,178447,2017-05-01
Existentialism,existential,concept,201706,134378,2017-06-01
Existentialism,existential,concept,201707,140060,2017-07-01
Existentialism,existential,concept,201708,135173,2017-08-01
Existentialism,existential,concept,201709,144059,2017-09-01
Existentialism,existential,concept,201710,156865,2017-10-01
Existentialism,existential,concept,201711,177715,2017-11-01
Existentialism,existential,concept,201712,160899,2017-12-01
Existentialism,existential,concept,201801,170932,2018-01-01
Existentialism,existential,concept,201802,147949,2018-02-01
Existentialism,existential,concept,201803,160454,2018-03-01
Existentialism,existential,concept,201804,156734,2018-04-01
Existentialism,existential,concept,201805,164810,2018-05-01
Existentialism,existential,concept,201806,150125,2018-06-01
Existentialism,existential,concept,201807,137309,2018-07-01
Existentialism,existential,concept,201808,138105,2018-08-01
Existentialism,existential,concept,201809,143816,2018-09-01
Existentialism,existential,concept,201810,141225,2018-10-01
Existentialism,existential,concept,201811,143149,2018-11-01
Existentialism,existential,concept,201812,137222,2018-12-01
Existentialism,existential,concept,201901,145757,2019-01-01
Existentialism,existential,concept,201902,136453,2019-02-01
Existentialism,existential,concept,201903,135763,2019-03-01
Existentialism,existential,concept,201904,122054,2019-04-01
Existentialism,existential,concept,201905,123921,2019-05-01
Existentialism,existential,concept,201906,106550,2019-06-01
Existentialism,existential,concept,201907,101499,2019-07-01
Existentialism,existential,concept,201908,98294,2019-08-01
Existentialism,existential,concept,201909,105726,2019-09-01
Existentialism,existential,concept,201910,110039,2019-10-01
Existentialism,existential,concept,201911,109951,2019-11-01
Existentialism,existential,concept,201912,109999,2019-12-01
Existentialism,existential,concept,202001,111204,2020-01-01
Existentialism,existential,concept,202002,105805,2020-02-01
Existentialism,existential,concept,202003,111143,2020-03-01
Existentialism,existential,concept,202004,125546,2020-04-01
Existentialism,existential,concept,202005,121000,2020-05-01
Existentialism,existential,concept,202006,108824,2020-06-01
Existentialism,existential,concept,202007,106557,2020-07-01
Existentialism,existential,concept,202008,101690,2020-08-01
Existentialism,existential,concept,202009,104830,2020-09-01
Existentialism,existential,concept,202010,129883,2020-10-01
Existentialism,existential,concept,202011,116926,2020-11-01
Existentialism,existential,concept,202012,115147,2020-12-01
Existentialism,existential,concept,202101,114765,2021-01-01
Existentialism,existential,concept,202102,108050,2021-02-01
Existentialism,existential,concept,202103,115147,2021-03-01
Existentialism,existential,concept,202104,105528,2021-04-01
Existentialism,existential,concept,202105,104172,2021-05-01
Existentialism,existential,concept,202106,91498,2021-06-01
Existentialism,existential,concept,202107,87938,2021-07-01
Existentialism,existential,concept,202108,90380,2021-08-01
Existentialism,existential,concept,202109,96007,2021-09-01
Existentialism,existential,concept,202110,103500,2021-10-01
Existentialism,existential,concept,202111,97384,2021-11-01
Existentialism,existential,concept,202112,91256,2021-12-01
Existentialism,existential,concept,202201,99455,2022-01-01
Existentialism,existential,concept,202202,91319,2022-02-01
Existentialism,existential,concept,202203,98746,2022-03-01
Existentialism,existential,concept,202204,93879,2022-04-01
Existentialism,existential,concept,202205,101058,2022-05-01
Existentialism,existential,concept,202206,91720,2022-06-01
Existentialism,existential,concept,202207,88137,2022-07-01
Existentialism,existential,concept,202208,91639,2022-08-01
Existentialism,existential,concept,202209,97196,2022-09-01
Existentialism,existential,concept,202210,105717,2022-10-01
Existentialism,existential,concept,202211,110077,2022-11-01
Existentialism,existential,concept,202212,92336,2022-12-01
Existentialism,existential,concept,202301,105079,2023-01-01
Existentialism,existential,concept,202302,99200,2023-02-01
Existentialism,existential,concept,202303,150219,2023-03-01
Existentialism,existential,concept,202304,96560,2023-04-01
Existentialism,existential,concept,202305,96345,2023-05-01
Existentialism,existential,concept,202306,88009,2023-06-01
Existentialism,existential,concept,202307,105107,2023-07-01
Existentialism,existential,concept,202308,104837,2023-08-01
Existentialism,existential,concept,202309,116447,2023-09-01
Existentialism,existential,concept,202310,111852,2023-10-01
Existentialism,existential,concept,202311,100949,2023-11-01
Existentialism,existential,concept,202312,95641,2023-12-01
Existentialism,existential,concept,202401,122309,2024-01-01
Existentialism,existential,concept,202402,102255,2024-02-01
Existentialism,existential,concept,202403,108766,2024-03-01
Existentialism,existential,concept,202404,114147,2024-04-01
Existentialism,existential,concept,202405,97423,2024-05-01
Existentialism,existential,concept,202406,83109,2024-06-01
Existentialism,existential,concept,202407,88458,2024-07-01
Existentialism,existential,concept,202408,87859,2024-08-01
Existentialism,existential,concept,202409,92283,2024-09-01
Existentialism,existential,concept,202410,105826,2024-10-01
Existentialism,existential,concept,202411,98271,2024-11-01
Existentialism,existential,concept,202412,86521,2024-12-01
Existentialism,existential,concept,202501,102064,2025-01-01
Existentialism,existential,concept,202502,87062,2025-02-01
Existentialism,existential,concept,202503,95894,2025-03-01
Existentialism,existential,concept,202504,94671,2025-04-01
Existentialism,existential,concept,202505,85670,2025-05-01
Existentialism,existential,concept,202506,82268,2025-06-01
Existentialism,existential,concept,202507,72554,2025-07-01
Existentialism,existential,concept,202508,74508,2025-08-01
Existentialism,existential,concept,202509,73896,2025-09-01
Existentialism,existential,concept,202510,72311,2025-10-01
Existentialism,existential,concept,202511,65425,2025-11-01
Existentialism,existential,concept,202512,71805,2025-12-01
Existentialism,existential,concept,202601,72704,2026-01-01
Existentialism,existential,concept,202602,66661,2026-02-01
Existentialism,existential,concept,202603,90584,2026-03-01
Existentialism,existential,concept,202604,69663,2026-04-01
Existentialism,existential,concept,202605,67312,2026-05-01
Existentialism,existential,concept,202606,60225,2026-06-01
Existentialism,existential,concept,202607,62709,2026-07-01
Existentialism,existential,concept,202608,65863,2026-08-01
Existentialism,existential,concept,202609,87824,2026-09-01
Friedrich_Nietzsche,existential,person,201601,187427,2016-01-01
Friedrich_Nietzsche,existential,person,201602,191751,2016-02-01
Friedrich_Nietzsche,existential,person,201603,191631,2016-03-01
Friedrich_Nietzsche,existential,person,201604,191653,2016-04-01
Friedrich_Nietzsche,existential,person,201605,187270,2016-05-01
Friedrich_Nietzsche,existential,person,201606,179545,2016-06-01
Friedrich_Nietzsche,existential,person,201607,164551,2016-07-01
Friedrich_Nietzsche,existential,person,201608,166608,2016-08-01
Friedrich_Nietzsche,existential,person,201609,172904,2016-09-01
Friedrich_Nietzsche,existential,person,201610,188824,2016-10-01
Friedrich_Nietzsche,existential,person,201611,205943,2016-11-01
Friedrich_Nietzsche,existential,person,201612,198363,2016-12-01
Friedrich_Nietzsche,existential,person,201701,204536,2017-01-01
Friedrich_Nietzsche,existential,person,201702,188553,2017-02-01
Friedrich_Nietzsche,existential,person,201703,207921,2017-03-01
Friedrich_Nietzsche,existential,person,201704,188124,2017-04-01
Friedrich_Nietzsche,existential,person,201705,207151,2017-05-01
Friedrich_Nietzsche,existential,person,201706,164891,2017-06-01
Friedrich_Nietzsche,existential,person,201707,166997,2017-07-01
Friedrich_Nietzsche,existential,person,201708,221772,2017-08-01
Friedrich_Nietzsche,existential,person,201709,196318,2017-09-01
Friedrich_Nietzsche,existential,person,201710,206366,2017-10-01
Friedrich_Nietzsche,existential,person,201711,506903,2017-11-01
Friedrich_Nietzsche,existential,person,201712,187262,2017-12-01
Friedrich_Nietzsche,existential,person,201801,194853,2018-01-01
Friedrich_Nietzsche,existential,person,201802,192803,2018-02-01
Friedrich_Nietzsche,existential,person,201803,205270,2018-03-01
Friedrich_Nietzsche,existential,person,201804,200971,2018-04-01
Friedrich_Nietzsche,existential,person,201805,195993,2018-05-01
Friedrich_Nietzsche,existential,person,201806,168282,2018-06-01
Friedrich_Nietzsche,existential,person,201807,174757,2018-07-01
Friedrich_Nietzsche,existential,person,201808,174093,2018-08-01
Friedrich_Nietzsche,existential,person,201809,172449,2018-09-01
Friedrich_Nietzsche,existential,person,201810,192178,2018-10-01
Friedrich_Nietzsche,existential,person,201811,188575,2018-11-01
Friedrich_Nietzsche,existential,person,201812,183975,2018-12-01
Friedrich_Nietzsche,existential,person,201901,189991,2019-01-01
Friedrich_Nietzsche,existential,person,201902,176169,2019-02-01
Friedrich_Nietzsche,existential,person,201903,188555,2019-03-01
Friedrich_Nietzsche,existential,person,201904,176629,2019-04-01
Friedrich_Nietzsche,existential,person,201905,176533,2019-05-01
Friedrich_Nietzsche,existential,person,201906,165507,2019-06-01
Friedrich_Nietzsche,existential,person,201907,162592,2019-07-01
Friedrich_Nietzsche,existential,person,201908,169630,2019-08-01
Friedrich_Nietzsche,existential,person,201909,168888,2019-09-01
Friedrich_Nietzsche,existential,person,201910,195336,2019-10-01
Friedrich_Nietzsche,existential,person,201911,180190,2019-11-01
Friedrich_Nietzsche,existential,person,201912,164557,2019-12-01
Friedrich_Nietzsche,existential,person,202001,168663,2020-01-01
Friedrich_Nietzsche,existential,person,202002,168587,2020-02-01
Friedrich_Nietzsche,existential,person,202003,178274,2020-03-01
Friedrich_Nietzsche,existential,person,202004,212984,2020-04-01
Friedrich_Nietzsche,existential,person,202005,203219,2020-05-01
Friedrich_Nietzsche,existential,person,202006,192745,2020-06-01
Friedrich_Nietzsche,existential,person,202007,187575,2020-07-01
Friedrich_Nietzsche,existential,person,202008,192870,2020-08-01
Friedrich_Nietzsche,existential,person,202009,175352,2020-09-01
Friedrich_Nietzsche,existential,person,202010,195605,2020-10-01
Friedrich_Nietzsche,existential,person,202011,188563,2020-11-01
Friedrich_Nietzsche,existential,person,202012,200572,2020-12-01
Friedrich_Nietzsche,existential,person,202101,202728,2021-01-01
Friedrich_Nietzsche,existential,person,202102,203469,2021-02-01
Friedrich_Nietzsche,existential,person,202103,217864,2021-03-01
Friedrich_Nietzsche,existential,person,202104,201883,2021-04-01
Friedrich_Nietzsche,existential,person,202105,209639,2021-05-01
Friedrich_Nietzsche,existential,person,202106,187322,2021-06-01
Friedrich_Nietzsche,existential,person,202107,187661,2021-07-01
Friedrich_Nietzsche,existential,person,202108,203768,2021-08-01
Friedrich_Nietzsche,existential,person,202109,200086,2021-09-01
Friedrich_Nietzsche,existential,person,202110,212927,2021-10-01
Friedrich_Nietzsche,existential,person,202111,203819,2021-11-01
Friedrich_Nietzsche,existential,person,202112,195339,2021-12-01
Friedrich_Nietzsche,existential,person,202201,197239,2022-01-01
Friedrich_Nietzsche,existential,person,202202,253480,2022-02-01
Friedrich_Nietzsche,existential,person,202203,193033,2022-03-01
Friedrich_Nietzsche,existential,person,202204,188322,2022-04-01
Friedrich_Nietzsche,existential,person,202205,184409,2022-05-01
Friedrich_Nietzsche,existential,person,202206,166714,2022-06-01
Friedrich_Nietzsche,existential,person,202207,184472,2022-07-01
Friedrich_Nietzsche,existential,person,202208,204626,2022-08-01
Friedrich_Nietzsche,existential,person,202209,200805,2022-09-01
Friedrich_Nietzsche,existential,person,202210,212686,2022-10-01
Friedrich_Nietzsche,existential,person,202211,209758,2022-11-01
Friedrich_Nietzsche,existential,person,202212,205672,2022-12-01
Friedrich_Nietzsche,existential,person,202301,222929,2023-01-01
Friedrich_Nietzsche,existential,person,202302,204673,2023-02-01
Friedrich_Nietzsche,existential,person,202303,217543,2023-03-01
Friedrich_Nietzsche,existential,person,202304,196644,2023-04-01
Friedrich_Nietzsche,existential,person,202305,210008,2023-05-01
Friedrich_Nietzsche,existential,person,202306,194870,2023-06-01
Friedrich_Nietzsche,existential,person,202307,197733,2023-07-01
Friedrich_Nietzsche,existential,person,202308,222586,2023-08-01
Friedrich_Nietzsche,existential,person,202309,218062,2023-09-01
Friedrich_Nietzsche,existential,person,202310,231207,2023-10-01
Friedrich_Nietzsche,existential,person,202311,211944,2023-11-01
Friedrich_Nietzsche,existential,person,202312,194222,2023-12-01
Friedrich_Nietzsche,existential,person,202401,238447,2024-01-01
Friedrich_Nietzsche,existential,person,202402,195514,2024-02-01
Friedrich_Nietzsche,existential,person,202403,203473,2024-03-01
Friedrich_Nietzsche,existential,person,202404,199289,2024-04-01
Friedrich_Nietzsche,existential,person,202405,183039,2024-05-01
Friedrich_Nietzsche,existential,person,202406,160125,2024-06-01
Friedrich_Nietzsche,existential,person,202407,160110,2024-07-01
Friedrich_Nietzsche,existential,person,202408,170284,2024-08-01
Friedrich_Nietzsche,existential,person,202409,172012,2024-09-01
Friedrich_Nietzsche,existential,person,202410,195831,2024-10-01
Friedrich_Nietzsche,existential,person,202411,176310,2024-11-01
Friedrich_Nietzsche,existential,person,202412,171565,2024-12-01
Friedrich_Nietzsche,existential,person,202501,187271,2025-01-01
Friedrich_Nietzsche,existential,person,202502,187166,2025-02-01
Friedrich_Nietzsche,existential,person,202503,185955,2025-03-01
Friedrich_Nietzsche,existential,person,202504,179390,2025-04-01
Friedrich_Nietzsche,existential,person,202505,176556,2025-05-01
Friedrich_Nietzsche,existential,person,202506,161533,2025-06-01
Friedrich_Nietzsche,existential,person,202507,155886,2025-07-01
Friedrich_Nietzsche,existential,person,202508,176242,2025-08-01
Friedrich_Nietzsche,existential,person,202509,196903,2025-09-01
Friedrich_Nietzsche,existential,person,202510,190608,2025-10-01
Friedrich_Nietzsche,existential,person,202511,176960,2025-11-01
Friedrich_Nietzsche,existential,person,202512,169957,2025-12-01
Friedrich_Nietzsche,existential,person,202601,182131,2026-01-01
Friedrich_Nietzsche,existential,person,202602,159403,2026-02-01
Friedrich_Nietzsche,existential,person,202603,165150,2026-03-01
Friedrich_Nietzsche,existential,person,202604,170520,2026-04-01
Friedrich_Nietzsche,existential,person,202605,164722,2026-05-01
Friedrich_Nietzsche,existential,person,202606,156686,2026-06-01
Friedrich_Nietzsche,existential,person,202607,150615,2026-07-01
Friedrich_Nietzsche,existential,person,202608,173273,2026-08-01
Friedrich_Nietzsche,existential,person,202609,188729,2026-09-01
Søren_Kierkegaard,existential,person,201601,61994,2016-01-01
Søren_Kierkegaard,existential,person,201602,62806,2016-02-01
Søren_Kierkegaard,existential,person,201603,66053,2016-03-01
Søren_Kierkegaard,existential,person,201604,63904,2016-04-01
Søren_Kierkegaard,existential,person,201605,63468,2016-05-01
Søren_Kierkegaard,existential,person,201606,49154,2016-06-01
Søren_Kierkegaard,existential,person,201607,48268,2016-07-01
Søren_Kierkegaard,existential,person,201608,52154,2016-08-01
Søren_Kierkegaard,existential,person,201609,56694,2016-09-01
Søren_Kierkegaard,existential,person,201610,58180,2016-10-01
Søren_Kierkegaard,existential,person,201611,60448,2016-11-01
Søren_Kierkegaard,existential,person,201612,60250,2016-12-01
Søren_Kierkegaard,existential,person,201701,59400,2017-01-01
Søren_Kierkegaard,existential,person,201702,61253,2017-02-01
Søren_Kierkegaard,existential,person,201703,66946,2017-03-01
Søren_Kierkegaard,existential,person,201704,59704,2017-04-01
Søren_Kierkegaard,existential,person,201705,67979,2017-05-01
Søren_Kierkegaard,existential,person,201706,50962,2017-06-01
Søren_Kierkegaard,existential,person,201707,54051,2017-07-01
Søren_Kierkegaard,existential,person,201708,52650,2017-08-01
Søren_Kierkegaard,existential,person,201709,55468,2017-09-01
Søren_Kierkegaard,existential,person,201710,67031,2017-10-01
Søren_Kierkegaard,existential,person,201711,64769,2017-11-01
Søren_Kierkegaard,existential,person,201712,57468,2017-12-01
Søren_Kierkegaard,existential,person,201801,64911,2018-01-01
Søren_Kierkegaard,existential,person,201802,59986,2018-02-01
Søren_Kierkegaard,existential,person,201803,68255,2018-03-01
Søren_Kierkegaard,existential,person,201804,62954,2018-04-01
Søren_Kierkegaard,existential,person,201805,68720,2018-05-01
Søren_Kierkegaard,existential,person,201806,56036,2018-06-01
Søren_Kierkegaard,existential,person,201807,56617,2018-07-01
Søren_Kierkegaard,existential,person,201808,56411,2018-08-01
Søren_Kierkegaard,existential,person,201809,60352,2018-09-01
Søren_Kierkegaard,existential,person,201810,64878,2018-10-01
Søren_Kierkegaard,existential,person,201811,66098,2018-11-01
Søren_Kierkegaard,existential,person,201812,62731,2018-12-01
Søren_Kierkegaard,existential,person,201901,63683,2019-01-01
Søren_Kierkegaard,existential,person,201902,62101,2019-02-01
Søren_Kierkegaard,existential,person,201903,63186,2019-03-01
Søren_Kierkegaard,existential,person,201904,62774,2019-04-01
Søren_Kierkegaard,existential,person,201905,64988,2019-05-01
Søren_Kierkegaard,existential,person,201906,51612,2019-06-01
Søren_Kierkegaard,existential,person,201907,61196,2019-07-01
Søren_Kierkegaard,existential,person,201908,57274,2019-08-01
Søren_Kierkegaard,existential,person,201909,65105,2019-09-01
Søren_Kierkegaard,existential,person,201910,68677,2019-10-01
Søren_Kierkegaard,existential,person,201911,63937,2019-11-01
Søren_Kierkegaard,existential,person,201912,61874,2019-12-01
Søren_Kierkegaard,existential,person,202001,64997,2020-01-01
Søren_Kierkegaard,existential,person,202002,60237,2020-02-01
Søren_Kierkegaard,existential,person,202003,61056,2020-03-01
Søren_Kierkegaard,existential,person,202004,70513,2020-04-01
Søren_Kierkegaard,existential,person,202005,77186,2020-05-01
Søren_Kierkegaard,existential,person,202006,60241,2020-06-01
Søren_Kierkegaard,existential,person,202007,61635,2020-07-01
Søren_Kierkegaard,existential,person,202008,67505,2020-08-01
Søren_Kierkegaard,existential,person,202009,59313,2020-09-01
Søren_Kierkegaard,existential,person,202010,63347,2020-10-01
Søren_Kierkegaard,existential,person,202011,76340,2020-11-01
Søren_Kierkegaard,existential,person,202012,65914,2020-12-01
Søren_Kierkegaard,existential,person,202101,66883,2021-01-01
Søren_Kierkegaard,existential,person,202102,66595,2021-02-01
Søren_Kierkegaard,existential,person,202103,70395,2021-03-01
Søren_Kierkegaard,existential,person,202104,69618,2021-04-01
Søren_Kierkegaard,existential,person,202105,72362,2021-05-01
Søren_Kierkegaard,existential,person,202106,63347,2021-06-01
Søren_Kierkegaard,existential,person,202107,65128,2021-07-01
Søren_Kierkegaard,existential,person,202108,63339,2021-08-01
Søren_Kierkegaard,existential,person,202109,64954,2021-09-01
Søren_Kierkegaard,existential,person,202110,66254,2021-10-01
Søren_Kierkegaard,existential,person,202111,65663,2021-11-01
Søren_Kierkegaard,existential,person,202112,64035,2021-12-01
Søren_Kierkegaard,existential,person,202201,72893,2022-01-01
Søren_Kierkegaard,existential,person,202202,70130,2022-02-01
Søren_Kierkegaard,existential,person,202203,76178,2022-03-01
Søren_Kierkegaard,existential,person,202204,70887,2022-04-01
Søren_Kierkegaard,existential,person,202205,71311,2022-05-01
Søren_Kierkegaard,existential,person,202206,57105,2022-06-01
Søren_Kierkegaard,existential,person,202207,61776,2022-07-01
Søren_Kierkegaard,existential,person,202208,70756,2022-08-01
Søren_Kierkegaard,existential,person,202209,64506,2022-09-01
Søren_Kierkegaard,existential,person,202210,63627,2022-10-01
Søren_Kierkegaard,existential,person,202211,67113,2022-11-01
Søren_Kierkegaard,existential,person,202212,64498,2022-12-01
Søren_Kierkegaard,existential,person,202301,71321,2023-01-01
Søren_Kierkegaard,existential,person,202302,62859,2023-02-01
Søren_Kierkegaard,existential,person,202303,76452,2023-03-01
Søren_Kierkegaard,existential,person,202304,79513,2023-04-01
Søren_Kierkegaard,existential,person,202305,68775,2023-05-01
Søren_Kierkegaard,existential,person,202306,64734,2023-06-01
Søren_Kierkegaard,existential,person,202307,62278,2023-07-01
Søren_Kierkegaard,existential,person,202308,71955,2023-08-01
Søren_Kierkegaard,existential,person,202309,73958,2023-09-01
Søren_Kierkegaard,existential,person,202310,70244,2023-10-01
Søren_Kierkegaard,existential,person,202311,64947,2023-11-01
Søren_Kierkegaard,existential,person,202312,66834,2023-12-01
Søren_Kierkegaard,existential,person,202401,75368,2024-01-01
Søren_Kierkegaard,existential,person,202402,67145,2024-02-01
Søren_Kierkegaard,existential,person,202403,74870,2024-03-01
Søren_Kierkegaard,existential,person,202404,67667,2024-04-01
Søren_Kierkegaard,existential,person,202405,65741,2024-05-01
Søren_Kierkegaard,existential,person,202406,56240,2024-06-01
Søren_Kierkegaard,existential,person,202407,56737,2024-07-01
Søren_Kierkegaard,existential,person,202408,57503,2024-08-01
Søren_Kierkegaard,existential,person,202409,58947,2024-09-01
Søren_Kierkegaard,existential,person,202410,61057,2024-10-01
Søren_Kierkegaard,existential,person,202411,59497,2024-11-01
Søren_Kierkegaard,existential,person,202412,54018,2024-12-01
Søren_Kierkegaard,existential,person,202501,57438,2025-01-01
Søren_Kierkegaard,existential,person,202502,56458,2025-02-01
Søren_Kierkegaard,existential,person,202503,60189,2025-03-01
Søren_Kierkegaard,existential,person,202504,60811,2025-04-01
Søren_Kierkegaard,existential,person,202505,71806,2025-05-01
Søren_Kierkegaard,existential,person,202506,62370,2025-06-01
Søren_Kierkegaard,existential,person,202507,60059,2025-07-01
Søren_Kierkegaard,existential,person,202508,62806,2025-08-01
Søren_Kierkegaard,existential,person,202509,71617,2025-09-01
Søren_Kierkegaard,existential,person,202510,59080,2025-10-01
Søren_Kierkegaard,existential,person,202511,61529,2025-11-01
Søren_Kierkegaard,existential,person,202512,57175,2025-12-01
Søren_Kierkegaard,existential,person,202601,58785,2026-01-01
Søren_Kierkegaard,existential,person,202602,55462,2026-02-01
Søren_Kierkegaard,existential,person,202603,62847,2026-03-01
Søren_Kierkegaard,existential,person,202604,57819,2026-04-01
Søren_Kierkegaard,existential,person,202605,70061,2026-05-01
Søren_Kierkegaard,existential,person,202606,64035,2026-06-01
Søren_Kierkegaard,existential,person,202607,59092,2026-07-01
Søren_Kierkegaard,existential,person,202608,66325,2026-08-01
Søren_Kierkegaard,existential,person,202609,71554,2026-09-01
Albert_Camus,existential,person,201601,93550,2016-01-01
Albert_Camus,existential,person,201602,82603,2016-02-01
Albert_Camus,existential,person,201603,85283,2016-03-01
Albert_Camus,existential,person,201604,88239,2016-04-01
Albert_Camus,existential,person,201605,78837,2016-05-01
Albert_Camus,existential,person,201606,68850,2016-06-01
Albert_Camus,existential,person,201607,68288,2016-07-01
Albert_Camus,existential,person,201608,70866,2016-08-01
Albert_Camus,existential,person,201609,78108,2016-09-01
Albert_Camus,existential,person,201610,89984,2016-10-01
Albert_Camus,existential,person,201611,99890,2016-11-01
Albert_Camus,existential,person,201612,85322,2016-12-01
Albert_Camus,existential,person,201701,95655,2017-01-01
Albert_Camus,existential,person,201702,83166,2017-02-01
Albert_Camus,existential,person,201703,88588,2017-03-01
Albert_Camus,existential,person,201704,93957,2017-04-01
Albert_Camus,existential,person,201705,87739,2017-05-01
Albert_Camus,existential,person,201706,72697,2017-06-01
Albert_Camus,existential,person,201707,75298,2017-07-01
Albert_Camus,existential,person,201708,79165,2017-08-01
Albert_Camus,existential,person,201709,95397,2017-09-01
Albert_Camus,existential,person,201710,88710,2017-10-01
Albert_Camus,existential,person,201711,95777,2017-11-01
Albert_Camus,existential,person,201712,80582,2017-12-01
Albert_Camus,existential,person,201801,95963,2018-01-01
Albert_Camus,existential,person,201802,80078,2018-02-01
Albert_Camus,existential,person,201803,92731,2018-03-01
Albert_Camus,existential,person,201804,91383,2018-04-01
Albert_Camus,existential,person,201805,87566,2018-05-01
Albert_Camus,existential,person,201806,77137,2018-06-01
Albert_Camus,existential,person,201807,76848,2018-07-01
Albert_Camus,existential,person,201808,77386,2018-08-01
Albert_Camus,existential,person,201809,77205,2018-09-01
Albert_Camus,existential,person,201810,85362,2018-10-01
Albert_Camus,existential,person,201811,90625,2018-11-01
Albert_Camus,existential,person,201812,78111,2018-12-01
Albert_Camus,existential,person,201901,83544,2019-01-01
Albert_Camus,existential,person,201902,73689,2019-02-01
Albert_Camus,existential,person,201903,85091,2019-03-01
Albert_Camus,existential,person,201904,77987,2019-04-01
Albert_Camus,existential,person,201905,80714,2019-05-01
Albert_Camus,existential,person,201906,67966,2019-06-01
Albert_Camus,existential,person,201907,68713,2019-07-01
Albert_Camus,existential,person,201908,73179,2019-08-01
Albert_Camus,existential,person,201909,75044,2019-09-01
Albert_Camus,existential,person,201910,83571,2019-10-01
Albert_Camus,existential,person,201911,89472,2019-11-01
Albert_Camus,existential,person,201912,94398,2019-12-01
Albert_Camus,existential,person,202001,101747,2020-01-01
Albert_Camus,existential,person,202002,84100,2020-02-01
Albert_Camus,existential,person,202003,139427,2020-03-01
Albert_Camus,existential,person,202004,162066,2020-04-01
Albert_Camus,existential,person,202005,133932,2020-05-01
Albert_Camus,existential,person,202006,102600,2020-06-01
Albert_Camus,existential,person,202007,98943,2020-07-01
Albert_Camus,existential,person,202008,104159,2020-08-01
Albert_Camus,existential,person,202009,105583,2020-09-01
Albert_Camus,existential,person,202010,108427,2020-10-01
Albert_Camus,existential,person,202011,107488,2020-11-01
Albert_Camus,existential,person,202012,96359,2020-12-01
Albert_Camus,existential,person,202101,107383,2021-01-01
Albert_Camus,existential,person,202102,95354,2021-02-01
Albert_Camus,existential,person,202103,108419,2021-03-01
Albert_Camus,existential,person,202104,96955,2021-04-01
Albert_Camus,existential,person,202105,96230,2021-05-01
Albert_Camus,existential,person,202106,88712,2021-06-01
Albert_Camus,existential,person,202107,95149,2021-07-01
Albert_Camus,existential,person,202108,94549,2021-08-01
Albert_Camus,existential,person,202109,92939,2021-09-01
Albert_Camus,existential,person,202110,94222,2021-10-01
Albert_Camus,existential,person,202111,92279,2021-11-01
Albert_Camus,existential,person,202112,87572,2021-12-01
Albert_Camus,existential,person,202201,99188,2022-01-01
Albert_Camus,existential,person,202202,84739,2022-02-01
Albert_Camus,existential,person,202203,89157,2022-03-01
Albert_Camus,existential,person,202204,85651,2022-04-01
Albert_Camus,existential,person,202205,91231,2022-05-01
Albert_Camus,existential,person,202206,77868,2022-06-01
Albert_Camus,existential,person,202207,80366,2022-07-01
Albert_Camus,existential,person,202208,89554,2022-08-01
Albert_Camus,existential,person,202209,88733,2022-09-01
Albert_Camus,existential,person,202210,100639,2022-10-01
Albert_Camus,existential,person,202211,107227,2022-11-01
Albert_Camus,existential,person,202212,100843,2022-12-01
Albert_Camus,existential,person,202301,112875,2023-01-01
Albert_Camus,existential,person,202302,98994,2023-02-01
Albert_Camus,existential,person,202303,152037,2023-03-01
Albert_Camus,existential,person,202304,105443,2023-04-01
Albert_Camus,existential,person,202305,115551,2023-05-01
Albert_Camus,existential,person,202306,106215,2023-06-01
Albert_Camus,existential,person,202307,105766,2023-07-01
Albert_Camus,existential,person,202308,107823,2023-08-01
Albert_Camus,existential,person,202309,106148,2023-09-01
Albert_Camus,existential,person,202310,113714,2023-10-01
Albert_Camus,existential,person,202311,121232,2023-11-01
Albert_Camus,existential,person,202312,111325,2023-12-01
Albert_Camus,existential,person,202401,129904,2024-01-01
Albert_Camus,existential,person,202402,106515,2024-02-01
Albert_Camus,existential,person,202403,111002,2024-03-01
Albert_Camus,existential,person,202404,102321,2024-04-01
Albert_Camus,existential,person,202405,100768,2024-05-01
Albert_Camus,existential,person,202406,87602,2024-06-01
Albert_Camus,existential,person,202407,87731,2024-07-01
Albert_Camus,existential,person,202408,85916,2024-08-01
Albert_Camus,existential,person,202409,84757,2024-09-01
Albert_Camus,existential,person,202410,92794,2024-10-01
Albert_Camus,existential,person,202411,100796,2024-11-01
Albert_Camus,existential,person,202412,101271,2024-12-01
Albert_Camus,existential,person,202501,115470,2025-01-01
Albert_Camus,existential,person,202502,100101,2025-02-01
Albert_Camus,existential,person,202503,110753,2025-03-01
Albert_Camus,existential,person,202504,109242,2025-04-01
Albert_Camus,existential,person,202505,99232,2025-05-01
Albert_Camus,existential,person,202506,100145,2025-06-01
Albert_Camus,existential,person,202507,100498,2025-07-01
Albert_Camus,existential,person,202508,92982,2025-08-01
Albert_Camus,existential,person,202509,102948,2025-09-01
Albert_Camus,existential,person,202510,112557,2025-10-01
Albert_Camus,existential,person,202511,115860,2025-11-01
Albert_Camus,existential,person,202512,121754,2025-12-01
Albert_Camus,existential,person,202601,105326,2026-01-01
Albert_Camus,existential,person,202602,95587,2026-02-01
Albert_Camus,existential,person,202603,100809,2026-03-01
Albert_Camus,existential,person,202604,107168,2026-04-01
Albert_Camus,existential,person,202605,102653,2026-05-01
Albert_Camus,existential,person,202606,99604,2026-06-01
Albert_Camus,existential,person,202607,94042,2026-07-01
Albert_Camus,existential,person,202608,104110,2026-08-01
Albert_Camus,existential,person,202609,113976,2026-09-01
Viktor_Frankl,existential,person,201601,32966,2016-01-01
Viktor_Frankl,existential,person,201602,32340,2016-02-01
Viktor_Frankl,existential,person,201603,32879,2016-03-01
Viktor_Frankl,existential,person,201604,38384,2016-04-01
Viktor_Frankl,existential,person,201605,34407,2016-05-01
Viktor_Frankl,existential,person,201606,28066,2016-06-01
Viktor_Frankl,existential,person,201607,29895,2016-07-01
Viktor_Frankl,existential,person,201608,28617,2016-08-01
Viktor_Frankl,existential,person,201609,31784,2016-09-01
Viktor_Frankl,existential,person,201610,36524,2016-10-01
Viktor_Frankl,existential,person,201611,34104,2016-11-01
Viktor_Frankl,existential,person,201612,35483,2016-12-01
Viktor_Frankl,existential,person,201701,36538,2017-01-01
Viktor_Frankl,existential,person,201702,32522,2017-02-01
Viktor_Frankl,existential,person,201703,36450,2017-03-01
Viktor_Frankl,existential,person,201704,34829,2017-04-01
Viktor_Frankl,existential,person,201705,32721,2017-05-01
Viktor_Frankl,existential,person,201706,30022,2017-06-01
Viktor_Frankl,existential,person,201707,31034,2017-07-01
Viktor_Frankl,existential,person,201708,32645,2017-08-01
Viktor_Frankl,existential,person,201709,35980,2017-09-01
Viktor_Frankl,existential,person,201710,36611,2017-10-01
Viktor_Frankl,existential,person,201711,36254,2017-11-01
Viktor_Frankl,existential,person,201712,34163,2017-12-01
Viktor_Frankl,existential,person,201801,41209,2018-01-01
Viktor_Frankl,existential,person,201802,38231,2018-02-01
Viktor_Frankl,existential,person,201803,41681,2018-03-01
Viktor_Frankl,existential,person,201804,40235,2018-04-01
Viktor_Frankl,existential,person,201805,52151,2018-05-01
Viktor_Frankl,existential,person,201806,36797,2018-06-01
Viktor_Frankl,existential,person,201807,39506,2018-07-01
Viktor_Frankl,existential,person,201808,44727,2018-08-01
Viktor_Frankl,existential,person,201809,40273,2018-09-01
Viktor_Frankl,existential,person,201810,42993,2018-10-01
Viktor_Frankl,existential,person,201811,41688,2018-11-01
Viktor_Frankl,existential,person,201812,40594,2018-12-01
Viktor_Frankl,existential,person,201901,45824,2019-01-01
Viktor_Frankl,existential,person,201902,41931,2019-02-01
Viktor_Frankl,existential,person,201903,44350,2019-03-01
Viktor_Frankl,existential,person,201904,41315,2019-04-01
Viktor_Frankl,existential,person,201905,40304,2019-05-01
Viktor_Frankl,existential,person,201906,40239,2019-06-01
Viktor_Frankl,existential,person,201907,39235,2019-07-01
Viktor_Frankl,existential,person,201908,39370,2019-08-01
Viktor_Frankl,existential,person,201909,39914,2019-09-01
Viktor_Frankl,existential,person,201910,44749,2019-10-01
Viktor_Frankl,existential,person,201911,43111,2019-11-01
Viktor_Frankl,existential,person,201912,43882,2019-12-01
Viktor_Frankl,existential,person,202001,52757,2020-01-01
Viktor_Frankl,existential,person,202002,42164,2020-02-01
Viktor_Frankl,existential,person,202003,51372,2020-03-01
Viktor_Frankl,existential,person,202004,90891,2020-04-01
Viktor_Frankl,existential,person,202005,62375,2020-05-01
Viktor_Frankl,existential,person,202006,56660,2020-06-01
Viktor_Frankl,existential,person,202007,52637,2020-07-01
Viktor_Frankl,existential,person,202008,49108,2020-08-01
Viktor_Frankl,existential,person,202009,48535,2020-09-01
Viktor_Frankl,existential,person,202010,50684,2020-10-01
Viktor_Frankl,existential,person,202011,48911,2020-11-01
Viktor_Frankl,existential,person,202012,49595,2020-12-01
Viktor_Frankl,existential,person,202101,56409,2021-01-01
Viktor_Frankl,existential,person,202102,45783,2021-02-01
Viktor_Frankl,existential,person,202103,52052,2021-03-01
Viktor_Frankl,existential,person,202104,49938,2021-04-01
Viktor_Frankl,existential,person,202105,51275,2021-05-01
Viktor_Frankl,existential,person,202106,45608,2021-06-01
Viktor_Frankl,existential,person,202107,43876,2021-07-01
Viktor_Frankl,existential,person,202108,44216,2021-08-01
Viktor_Frankl,existential,person,202109,43940,2021-09-01
Viktor_Frankl,existential,person,202110,45762,2021-10-01
Viktor_Frankl,existential,person,202111,42478,2021-11-01
Viktor_Frankl,existential,person,202112,43416,2021-12-01
Viktor_Frankl,existential,person,202201,51588,2022-01-01
Viktor_Frankl,existential,person,202202,46130,2022-02-01
Viktor_Frankl,existential,person,202203,48853,2022-03-01
Viktor_Frankl,existential,person,202204,43584,2022-04-01
Viktor_Frankl,existential,person,202205,44614,2022-05-01
Viktor_Frankl,existential,person,202206,41447,2022-06-01
Viktor_Frankl,existential,person,202207,42605,2022-07-01
Viktor_Frankl,existential,person,202208,47263,2022-08-01
Viktor_Frankl,existential,person,202209,50726,2022-09-01
Viktor_Frankl,existential,person,202210,60790,2022-10-01
Viktor_Frankl,existential,person,202211,54859,2022-11-01
Viktor_Frankl,existential,person,202212,47940,2022-12-01
Viktor_Frankl,existential,person,202301,56560,2023-01-01
Viktor_Frankl,existential,person,202302,47361,2023-02-01
Viktor_Frankl,existential,person,202303,55960,2023-03-01
Viktor_Frankl,existential,person,202304,45428,2023-04-01
Viktor_Frankl,existential,person,202305,50711,2023-05-01
Viktor_Frankl,existential,person,202306,52173,2023-06-01
Viktor_Frankl,existential,person,202307,72415,2023-07-01
Viktor_Frankl,existential,person,202308,59098,2023-08-01
Viktor_Frankl,existential,person,202309,55457,2023-09-01
Viktor_Frankl,existential,person,202310,59038,2023-10-01
Viktor_Frankl,existential,person,202311,53091,2023-11-01
Viktor_Frankl,existential,person,202312,57530,2023-12-01
Viktor_Frankl,existential,person,202401,66813,2024-01-01
Viktor_Frankl,existential,person,202402,54727,2024-02-01
Viktor_Frankl,existential,person,202403,57002,2024-03-01
Viktor_Frankl,existential,person,202404,51376,2024-04-01
Viktor_Frankl,existential,person,202405,53384,2024-05-01
Viktor_Frankl,existential,person,202406,43045,2024-06-01
Viktor_Frankl,existential,person,202407,43087,2024-07-01
Viktor_Frankl,existential,person,202408,44839,2024-08-01
Viktor_Frankl,existential,person,202409,48088,2024-09-01
Viktor_Frankl,existential,person,202410,47911,2024-10-01
Viktor_Frankl,existential,person,202411,52624,2024-11-01
Viktor_Frankl,existential,person,202412,47070,2024-12-01
Viktor_Frankl,existential,person,202501,60085,2025-01-01
Viktor_Frankl,existential,person,202502,50326,2025-02-01
Viktor_Frankl,existential,person,202503,50303,2025-03-01
Viktor_Frankl,existential,person,202504,54389,2025-04-01
Viktor_Frankl,existential,person,202505,50797,2025-05-01
Viktor_Frankl,existential,person,202506,47016,2025-06-01
Viktor_Frankl,existential,person,202507,53390,2025-07-01
Viktor_Frankl,existential,person,202508,53157,2025-08-01
Viktor_Frankl,existential,person,202509,49966,2025-09-01
Viktor_Frankl,existential,person,202510,60910,2025-10-01
Viktor_Frankl,existential,person,202511,63428,2025-11-01
Viktor_Frankl,existential,person,202512,49208,2025-12-01
Viktor_Frankl,existential,person,202601,66697,2026-01-01
Viktor_Frankl,existential,person,202602,56763,2026-02-01
Viktor_Frankl,existential,person,202603,52887,2026-03-01
Viktor_Frankl,existential,person,202604,52600,2026-04-01
Viktor_Frankl,existential,person,202605,53715,2026-05-01
Viktor_Frankl,existential,person,202606,47584,2026-06-01
Viktor_Frankl,existential,person,202607,45788,2026-07-01
Viktor_Frankl,existential,person,202608,51572,2026-08-01
Viktor_Frankl,existential,person,202609,56396,2026-09-01
Nihilism,existential,concept,201601,145921,2016-01-01
Nihilism,existential,concept,201602,137503,2016-02-01
Nihilism,existential,concept,201603,144102,2016-03-01
Nihilism,existential,concept,201604,140291,2016-04-01
Nihilism,existential,concept,201605,141283,2016-05-01
Nihilism,existential,concept,201606,127035,2016-06-01
Nihilism,existential,concept,201607,131208,2016-07-01
Nihilism,existential,concept,201608,142444,2016-08-01
Nihilism,existential,concept,201609,146582,2016-09-01
Nihilism,existential,concept,201610,150031,2016-10-01
Nihilism,existential,concept,201611,158653,2016-11-01
Nihilism,existential,concept,201612,149248,2016-12-01
Nihilism,existential,concept,201701,153760,2017-01-01
Nihilism,existential,concept,201702,145879,2017-02-01
Nihilism,existential,concept,201703,143332,2017-03-01
Nihilism,existential,concept,201704,139600,2017-04-01
Nihilism,existential,concept,201705,145558,2017-05-01
Nihilism,existential,concept,201706,128370,2017-06-01
Nihilism,existential,concept,201707,139811,2017-07-01
Nihilism,existential,concept,201708,150891,2017-08-01
Nihilism,existential,concept,201709,160143,2017-09-01
Nihilism,existential,concept,201710,170946,2017-10-01
Nihilism,existential,concept,201711,190312,2017-11-01
Nihilism,existential,concept,201712,186366,2017-12-01
Nihilism,existential,concept,201801,176427,2018-01-01
Nihilism,existential,concept,201802,136796,2018-02-01
Nihilism,existential,concept,201803,145437,2018-03-01
Nihilism,existential,concept,201804,146107,2018-04-01
Nihilism,existential,concept,201805,147826,2018-05-01
Nihilism,existential,concept,201806,112959,2018-06-01
Nihilism,existential,concept,201807,115995,2018-07-01
Nihilism,existential,concept,201808,116571,2018-08-01
Nihilism,existential,concept,201809,103483,2018-09-01
Nihilism,existential,concept,201810,121339,2018-10-01
Nihilism,existential,concept,201811,117294,2018-11-01
Nihilism,existential,concept,201812,132110,2018-12-01
Nihilism,existential,concept,201901,127637,2019-01-01
Nihilism,existential,concept,201902,107492,2019-02-01
Nihilism,existential,concept,201903,133344,2019-03-01
Nihilism,existential,concept,201904,124854,2019-04-01
Nihilism,existential,concept,201905,122391,2019-05-01
Nihilism,existential,concept,201906,99830,2019-06-01
Nihilism,existential,concept,201907,97233,2019-07-01
Nihilism,existential,concept,201908,96408,2019-08-01
Nihilism,existential,concept,201909,93254,2019-09-01
Nihilism,existential,concept,201910,108402,2019-10-01
Nihilism,existential,concept,201911,114790,2019-11-01
Nihilism,existential,concept,201912,102241,2019-12-01
Nihilism,existential,concept,202001,119272,2020-01-01
Nihilism,existential,concept,202002,105277,2020-02-01
Nihilism,existential,concept,202003,105075,2020-03-01
Nihilism,existential,concept,202004,118126,2020-04-01
Nihilism,existential,concept,202005,115533,2020-05-01
Nihilism,existential,concept,202006,116550,2020-06-01
Nihilism,existential,concept,202007,136695,2020-07-01
Nihilism,existential,concept,202008,130678,2020-08-01
Nihilism,existential,concept,202009,122571,2020-09-01
Nihilism,existential,concept,202010,134003,2020-10-01
Nihilism,existential,concept,202011,135523,2020-11-01
Nihilism,existential,concept,202012,135656,2020-12-01
Nihilism,existential,concept,202101,148579,2021-01-01
Nihilism,existential,concept,202102,139096,2021-02-01
Nihilism,existential,concept,202103,143157,2021-03-01
Nihilism,existential,concept,202104,138746,2021-04-01
Nihilism,existential,concept,202105,128671,2021-05-01
Nihilism,existential,concept,202106,132179,2021-06-01
Nihilism,existential,concept,202107,134105,2021-07-01
Nihilism,existential,concept,202108,137054,2021-08-01
Nihilism,existential,concept,202109,138612,2021-09-01
Nihilism,existential,concept,202110,145961,2021-10-01
Nihilism,existential,concept,202111,119823,2021-11-01
Nihilism,existential,concept,202112,118523,2021-12-01
Nihilism,existential,concept,202201,132492,2022-01-01
Nihilism,existential,concept,202202,126247,2022-02-01
Nihilism,existential,concept,202203,123905,2022-03-01
Nihilism,existential,concept,202204,156206,2022-04-01
Nihilism,existential,concept,202205,162394,2022-05-01
Nihilism,existential,concept,202206,126766,2022-06-01
Nihilism,existential,concept,202207,138876,2022-07-01
Nihilism,existential,concept,202208,141187,2022-08-01
Nihilism,existential,concept,202209,136609,2022-09-01
Nihilism,existential,concept,202210,157689,2022-10-01
Nihilism,existential,concept,202211,160575,2022-11-01
Nihilism,existential,concept,202212,134814,2022-12-01
Nihilism,existential,concept,202301,176291,2023-01-01
Nihilism,existential,concept,202302,148783,2023-02-01
Nihilism,existential,concept,202303,226697,2023-03-01
Nihilism,existential,concept,202304,140421,2023-04-01
Nihilism,existential,concept,202305,147424,2023-05-01
Nihilism,existential,concept,202306,134440,2023-06-01
Nihilism,existential,concept,202307,129850,2023-07-01
Nihilism,existential,concept,202308,130663,2023-08-01
Nihilism,existential,concept,202309,149240,2023-09-01
Nihilism,existential,concept,202310,159099,2023-10-01
Nihilism,existential,concept,202311,143479,2023-11-01
Nihilism,existential,concept,202312,139751,2023-12-01
Nihilism,existential,concept,202401,171608,2024-01-01
Nihilism,existential,concept,202402,132605,2024-02-01
Nihilism,existential,concept,202403,144716,2024-03-01
Nihilism,existential,concept,202404,148800,2024-04-01
Nihilism,existential,concept,202405,119046,2024-05-01
Nihilism,existential,concept,202406,96783,2024-06-01
Nihilism,existential,concept,202407,108401,2024-07-01
Nihilism,existential,concept,202408,114708,2024-08-01
Nihilism,existential,concept,202409,115328,2024-09-01
Nihilism,existential,concept,202410,119855,2024-10-01
Nihilism,existential,concept,202411,105307,2024-11-01
Nihilism,existential,concept,202412,99662,2024-12-01
Nihilism,existential,concept,202501,115603,2025-01-01
Nihilism,existential,concept,202502,94522,2025-02-01
Nihilism,existential,concept,202503,104851,2025-03-01
Nihilism,existential,concept,202504,98476,2025-04-01
Nihilism,existential,concept,202505,128443,2025-05-01
Nihilism,existential,concept,202506,106507,2025-06-01
Nihilism,existential,concept,202507,95889,2025-07-01
Nihilism,existential,concept,202508,102741,2025-08-01
Nihilism,existential,concept,202509,139211,2025-09-01
Nihilism,existential,concept,202510,103457,2025-10-01
Nihilism,existential,concept,202511,113645,2025-11-01
Nihilism,existential,concept,202512,100126,2025-12-01
Nihilism,existential,concept,202601,125151,2026-01-01
Nihilism,existential,concept,202602,83180,2026-02-01
Nihilism,existential,concept,202603,92779,2026-03-01
Nihilism,existential,concept,202604,165314,2026-04-01
Nihilism,existential,concept,202605,82175,2026-05-01
Nihilism,existential,concept,202606,73266,2026-06-01
Nihilism,existential,concept,202607,70154,2026-07-01
Nihilism,existential,concept,202608,74258,2026-08-01
Nihilism,existential,concept,202609,75566,2026-09-01
Absurdism,existential,concept,201601,44466,2016-01-01
Absurdism,existential,concept,201602,43535,2016-02-01
Absurdism,existential,concept,201603,45065,2016-03-01
Absurdism,existential,concept,201604,46503,2016-04-01
Absurdism,existential,concept,201605,44670,2016-05-01
Absurdism,existential,concept,201606,40933,2016-06-01
Absurdism,existential,concept,201607,36371,2016-07-01
Absurdism,existential,concept,201608,40570,2016-08-01
Absurdism,existential,concept,201609,43047,2016-09-01
Absurdism,existential,concept,201610,48943,2016-10-01
Absurdism,existential,concept,201611,54476,2016-11-01
Absurdism,existential,concept,201612,50042,2016-12-01
Absurdism,existential,concept,201701,50484,2017-01-01
Absurdism,existential,concept,201702,47686,2017-02-01
Absurdism,existential,concept,201703,52734,2017-03-01
Absurdism,existential,concept,201704,59833,2017-04-01
Absurdism,existential,concept,201705,58868,2017-05-01
Absurdism,existential,concept,201706,44473,2017-06-01
Absurdism,existential,concept,201707,44298,2017-07-01
Absurdism,existential,concept,201708,48401,2017-08-01
Absurdism,existential,concept,201709,52141,2017-09-01
Absurdism,existential,concept,201710,70255,2017-10-01
Absurdism,existential,concept,201711,59033,2017-11-01
Absurdism,existential,concept,201712,46651,2017-12-01
Absurdism,existential,concept,201801,50296,2018-01-01
Absurdism,existential,concept,201802,44655,2018-02-01
Absurdism,existential,concept,201803,50593,2018-03-01
Absurdism,existential,concept,201804,50871,2018-04-01
Absurdism,existential,concept,201805,48368,2018-05-01
Absurdism,existential,concept,201806,39999,2018-06-01
Absurdism,existential,concept,201807,38434,2018-07-01
Absurdism,existential,concept,201808,41725,2018-08-01
Absurdism,existential,concept,201809,42433,2018-09-01
Absurdism,existential,concept,201810,45667,2018-10-01
Absurdism,existential,concept,201811,47304,2018-11-01
Absurdism,existential,concept,201812,44598,2018-12-01
Absurdism,existential,concept,201901,44738,2019-01-01
Absurdism,existential,concept,201902,43397,2019-02-01
Absurdism,existential,concept,201903,47664,2019-03-01
Absurdism,existential,concept,201904,53904,2019-04-01
Absurdism,existential,concept,201905,45558,2019-05-01
Absurdism,existential,concept,201906,41776,2019-06-01
Absurdism,existential,concept,201907,40352,2019-07-01
Absurdism,existential,concept,201908,40780,2019-08-01
Absurdism,existential,concept,201909,45570,2019-09-01
Absurdism,existential,concept,201910,47267,2019-10-01
Absurdism,existential,concept,201911,48603,2019-11-01
Absurdism,existential,concept,201912,44292,2019-12-01
Absurdism,existential,concept,202001,46626,2020-01-01
Absurdism,existential,concept,202002,44019,2020-02-01
Absurdism,existential,concept,202003,53379,2020-03-01
Absurdism,existential,concept,202004,60718,2020-04-01
Absurdism,existential,concept,202005,59498,2020-05-01
Absurdism,existential,concept,202006,53332,2020-06-01
Absurdism,existential,concept,202007,49651,2020-07-01
Absurdism,existential,concept,202008,48727,2020-08-01
Absurdism,existential,concept,202009,49807,2020-09-01
Absurdism,existential,concept,202010,61257,2020-10-01
Absurdism,existential,concept,202011,55714,2020-11-01
Absurdism,existential,concept,202012,52981,2020-12-01
Absurdism,existential,concept,202101,54144,2021-01-01
Absurdism,existential,concept,202102,56427,2021-02-01
Absurdism,existential,concept,202103,62335,2021-03-01
Absurdism,existential,concept,202104,55096,2021-04-01
Absurdism,existential,concept,202105,55074,2021-05-01
Absurdism,existential,concept,202106,49974,2021-06-01
Absurdism,existential,concept,202107,50330,2021-07-01
Absurdism,existential,concept,202108,53448,2021-08-01
Absurdism,existential,concept,202109,53213,2021-09-01
Absurdism,existential,concept,202110,54384,2021-10-01
Absurdism,existential,concept,202111,48753,2021-11-01
Absurdism,existential,concept,202112,47365,2021-12-01
Absurdism,existential,concept,202201,51594,2022-01-01
Absurdism,existential,concept,202202,46904,2022-02-01
Absurdism,existential,concept,202203,50027,2022-03-01
Absurdism,existential,concept,202204,49974,2022-04-01
Absurdism,existential,concept,202205,62551,2022-05-01
Absurdism,existential,concept,202206,41943,2022-06-01
Absurdism,existential,concept,202207,45883,2022-07-01
Absurdism,existential,concept,202208,44048,2022-08-01
Absurdism,existential,concept,202209,46277,2022-09-01
Absurdism,existential,concept,202210,52144,2022-10-01
Absurdism,existential,concept,202211,62088,2022-11-01
Absurdism,existential,concept,202212,70133,2022-12-01
Absurdism,existential,concept,202301,73669,2023-01-01
Absurdism,existential,concept,202302,65997,2023-02-01
Absurdism,existential,concept,202303,94020,2023-03-01
Absurdism,existential,concept,202304,66437,2023-04-01
Absurdism,existential,concept,202305,70329,2023-05-01
Absurdism,existential,concept,202306,55806,2023-06-01
Absurdism,existential,concept,202307,58315,2023-07-01
Absurdism,existential,concept,202308,64216,2023-08-01
Absurdism,existential,concept,202309,63918,2023-09-01
Absurdism,existential,concept,202310,62853,2023-10-01
Absurdism,existential,concept,202311,60916,2023-11-01
Absurdism,existential,concept,202312,58031,2023-12-01
Absurdism,existential,concept,202401,66277,2024-01-01
Absurdism,existential,concept,202402,58866,2024-02-01
Absurdism,existential,concept,202403,59845,2024-03-01
Absurdism,existential,concept,202404,66743,2024-04-01
Absurdism,existential,concept,202405,61282,2024-05-01
Absurdism,existential,concept,202406,51892,2024-06-01
Absurdism,existential,concept,202407,58983,2024-07-01
Absurdism,existential,concept,202408,56785,2024-08-01
Absurdism,existential,concept,202409,51974,2024-09-01
Absurdism,existential,concept,202410,53505,2024-10-01
Absurdism,existential,concept,202411,66571,2024-11-01
Absurdism,existential,concept,202412,65256,2024-12-01
Absurdism,existential,concept,202501,68129,2025-01-01
Absurdism,existential,concept,202502,57737,2025-02-01
Absurdism,existential,concept,202503,74028,2025-03-01
Absurdism,existential,concept,202504,62265,2025-04-01
Absurdism,existential,concept,202505,57254,2025-05-01
Absurdism,existential,concept,202506,49547,2025-06-01
Absurdism,existential,concept,202507,37363,2025-07-01
Absurdism,existential,concept,202508,40697,2025-08-01
Absurdism,existential,concept,202509,49975,2025-09-01
Absurdism,existential,concept,202510,57096,2025-10-01
Absurdism,existential,concept,202511,57731,2025-11-01
Absurdism,existential,concept,202512,50612,2025-12-01
Absurdism,existential,concept,202601,65289,2026-01-01
Absurdism,existential,concept,202602,69100,2026-02-01
Absurdism,existential,concept,202603,60365,2026-03-01
Absurdism,existential,concept,202604,50228,2026-04-01
Absurdism,existential,concept,202605,45106,2026-05-01
Absurdism,existential,concept,202606,40277,2026-06-01
Absurdism,existential,concept,202607,38923,2026-07-01
Absurdism,existential,concept,202608,40594,2026-08-01
Absurdism,existential,concept,202609,45827,2026-09-01
Man's_Search_for_Meaning,existential,work,201601,23880,2016-01-01
Man's_Search_for_Meaning,existential,work,201602,22793,2016-02-01
Man's_Search_for_Meaning,existential,work,201603,24187,2016-03-01
Man's_Search_for_Meaning,existential,work,201604,30495,2016-04-01
Man's_Search_for_Meaning,existential,work,201605,26428,2016-05-01
Man's_Search_for_Meaning,existential,work,201606,23423,2016-06-01
Man's_Search_for_Meaning,existential,work,201607,23768,2016-07-01
Man's_Search_for_Meaning,existential,work,201608,25427,2016-08-01
Man's_Search_for_Meaning,existential,work,201609,25883,2016-09-01
Man's_Search_for_Meaning,existential,work,201610,27889,2016-10-01
Man's_Search_for_Meaning,existential,work,201611,28479,2016-11-01
Man's_Search_for_Meaning,existential,work,201612,31465,2016-12-01
Man's_Search_for_Meaning,existential,work,201701,32342,2017-01-01
Man's_Search_for_Meaning,existential,work,201702,27218,2017-02-01
Man's_Search_for_Meaning,existential,work,201703,29412,2017-03-01
Man's_Search_for_Meaning,existential,work,201704,28243,2017-04-01
Man's_Search_for_Meaning,existential,work,201705,27787,2017-05-01
Man's_Search_for_Meaning,existential,work,201706,25747,2017-06-01
Man's_Search_for_Meaning,existential,work,201707,27468,2017-07-01
Man's_Search_for_Meaning,existential,work,201708,27957,2017-08-01
Man's_Search_for_Meaning,existential,work,201709,32423,2017-09-01
Man's_Search_for_Meaning,existential,work,201710,32568,2017-10-01
Man's_Search_for_Meaning,existential,work,201711,31824,2017-11-01
Man's_Search_for_Meaning,existential,work,201712,30572,2017-12-01
Man's_Search_for_Meaning,existential,work,201801,38017,2018-01-01
Man's_Search_for_Meaning,existential,work,201802,30732,2018-02-01
Man's_Search_for_Meaning,existential,work,201803,35018,2018-03-01
Man's_Search_for_Meaning,existential,work,201804,36281,2018-04-01
Man's_Search_for_Meaning,existential,work,201805,36708,2018-05-01
Man's_Search_for_Meaning,existential,work,201806,32576,2018-06-01
Man's_Search_for_Meaning,existential,work,201807,37216,2018-07-01
Man's_Search_for_Meaning,existential,work,201808,37389,2018-08-01
Man's_Search_for_Meaning,existential,work,201809,33223,2018-09-01
Man's_Search_for_Meaning,existential,work,201810,33105,2018-10-01
Man's_Search_for_Meaning,existential,work,201811,34302,2018-11-01
Man's_Search_for_Meaning,existential,work,201812,34027,2018-12-01
Man's_Search_for_Meaning,existential,work,201901,34369,2019-01-01
Man's_Search_for_Meaning,existential,work,201902,32414,2019-02-01
Man's_Search_for_Meaning,existential,work,201903,33022,2019-03-01
Man's_Search_for_Meaning,existential,work,201904,31089,2019-04-01
Man's_Search_for_Meaning,existential,work,201905,30781,2019-05-01
Man's_Search_for_Meaning,existential,work,201906,27990,2019-06-01
Man's_Search_for_Meaning,existential,work,201907,27989,2019-07-01
Man's_Search_for_Meaning,existential,work,201908,29530,2019-08-01
Man's_Search_for_Meaning,existential,work,201909,29355,2019-09-01
Man's_Search_for_Meaning,existential,work,201910,34404,2019-10-01
Man's_Search_for_Meaning,existential,work,201911,35512,2019-11-01
Man's_Search_for_Meaning,existential,work,201912,33452,2019-12-01
Man's_Search_for_Meaning,existential,work,202001,43103,2020-01-01
Man's_Search_for_Meaning,existential,work,202002,34483,2020-02-01
Man's_Search_for_Meaning,existential,work,202003,39723,2020-03-01
Man's_Search_for_Meaning,existential,work,202004,68757,2020-04-01
Man's_Search_for_Meaning,existential,work,202005,50704,2020-05-01
Man's_Search_for_Meaning,existential,work,202006,45568,2020-06-01
Man's_Search_for_Meaning,existential,work,202007,50992,2020-07-01
Man's_Search_for_Meaning,existential,work,202008,40773,2020-08-01
Man's_Search_for_Meaning,existential,work,202009,39189,2020-09-01
Man's_Search_for_Meaning,existential,work,202010,45892,2020-10-01
Man's_Search_for_Meaning,existential,work,202011,42318,2020-11-01
Man's_Search_for_Meaning,existential,work,202012,44744,2020-12-01
Man's_Search_for_Meaning,existential,work,202101,46136,2021-01-01
Man's_Search_for_Meaning,existential,work,202102,37372,2021-02-01
Man's_Search_for_Meaning,existential,work,202103,41475,2021-03-01
Man's_Search_for_Meaning,existential,work,202104,40535,2021-04-01
Man's_Search_for_Meaning,existential,work,202105,41353,2021-05-01
Man's_Search_for_Meaning,existential,work,202106,45551,2021-06-01
Man's_Search_for_Meaning,existential,work,202107,37824,2021-07-01
Man's_Search_for_Meaning,existential,work,202108,41423,2021-08-01
Man's_Search_for_Meaning,existential,work,202109,39936,2021-09-01
Man's_Search_for_Meaning,existential,work,202110,37610,2021-10-01
Man's_Search_for_Meaning,existential,work,202111,39224,2021-11-01
Man's_Search_for_Meaning,existential,work,202112,39343,2021-12-01
Man's_Search_for_Meaning,existential,work,202201,46628,2022-01-01
Man's_Search_for_Meaning,existential,work,202202,38027,2022-02-01
Man's_Search_for_Meaning,existential,work,202203,41770,2022-03-01
Man's_Search_for_Meaning,existential,work,202204,40121,2022-04-01
Man's_Search_for_Meaning,existential,work,202205,38758,2022-05-01
Man's_Search_for_Meaning,existential,work,202206,35924,2022-06-01
Man's_Search_for_Meaning,existential,work,202207,36826,2022-07-01
Man's_Search_for_Meaning,existential,work,202208,38744,2022-08-01
Man's_Search_for_Meaning,existential,work,202209,41906,2022-09-01
Man's_Search_for_Meaning,existential,work,202210,45662,2022-10-01
Man's_Search_for_Meaning,existential,work,202211,44792,2022-11-01
Man's_Search_for_Meaning,existential,work,202212,41135,2022-12-01
Man's_Search_for_Meaning,existential,work,202301,49493,2023-01-01
Man's_Search_for_Meaning,existential,work,202302,39065,2023-02-01
Man's_Search_for_Meaning,existential,work,202303,45527,2023-03-01
Man's_Search_for_Meaning,existential,work,202304,36250,2023-04-01
Man's_Search_for_Meaning,existential,work,202305,46431,2023-05-01
Man's_Search_for_Meaning,existential,work,202306,40066,2023-06-01
Man's_Search_for_Meaning,existential,work,202307,44267,2023-07-01
Man's_Search_for_Meaning,existential,work,202308,44920,2023-08-01
Man's_Search_for_Meaning,existential,work,202309,50733,2023-09-01
Man's_Search_for_Meaning,existential,work,202310,53896,2023-10-01
Man's_Search_for_Meaning,existential,work,202311,49357,2023-11-01
Man's_Search_for_Meaning,existential,work,202312,60514,2023-12-01
Man's_Search_for_Meaning,existential,work,202401,70872,2024-01-01
Man's_Search_for_Meaning,existential,work,202402,54900,2024-02-01
Man's_Search_for_Meaning,existential,work,202403,51750,2024-03-01
Man's_Search_for_Meaning,existential,work,202404,49798,2024-04-01
Man's_Search_for_Meaning,existential,work,202405,49132,2024-05-01
Man's_Search_for_Meaning,existential,work,202406,42372,2024-06-01
Man's_Search_for_Meaning,existential,work,202407,43020,2024-07-01
Man's_Search_for_Meaning,existential,work,202408,47037,2024-08-01
Man's_Search_for_Meaning,existential,work,202409,51008,2024-09-01
Man's_Search_for_Meaning,existential,work,202410,47600,2024-10-01
Man's_Search_for_Meaning,existential,work,202411,49755,2024-11-01
Man's_Search_for_Meaning,existential,work,202412,48488,2024-12-01
Man's_Search_for_Meaning,existential,work,202501,56359,2025-01-01
Man's_Search_for_Meaning,existential,work,202502,48406,2025-02-01
Man's_Search_for_Meaning,existential,work,202503,48397,2025-03-01
Man's_Search_for_Meaning,existential,work,202504,52511,2025-04-01
Man's_Search_for_Meaning,existential,work,202505,52744,2025-05-01
Man's_Search_for_Meaning,existential,work,202506,48082,2025-06-01
Man's_Search_for_Meaning,existential,work,202507,52444,2025-07-01
Man's_Search_for_Meaning,existential,work,202508,54869,2025-08-01
Man's_Search_for_Meaning,existential,work,202509,56962,2025-09-01
Man's_Search_for_Meaning,existential,work,202510,59317,2025-10-01
Man's_Search_for_Meaning,existential,work,202511,54323,2025-11-01
Man's_Search_for_Meaning,existential,work,202512,59466,2025-12-01
Man's_Search_for_Meaning,existential,work,202601,68217,2026-01-01
Man's_Search_for_Meaning,existential,work,202602,51804,2026-02-01
Man's_Search_for_Meaning,existential,work,202603,49096,2026-03-01
Man's_Search_for_Meaning,existential,work,202604,45685,2026-04-01
Man's_Search_for_Meaning,existential,work,202605,53897,2026-05-01
Man's_Search_for_Meaning,existential,work,202606,42955,2026-06-01
Man's_Search_for_Meaning,existential,work,202607,39613,2026-07-01
Man's_Search_for_Meaning,existential,work,202608,41931,2026-08-01
Man's_Search_for_Meaning,existential,work,202609,41619,2026-09-01
Plato,classical,person,201601,193053,2016-01-01
Plato,classical,person,201602,205296,2016-02-01
Plato,classical,person,201603,195367,2016-03-01
Plato,classical,person,201604,184842,2016-04-01
Plato,classical,person,201605,173016,2016-05-01
Plato,classical,person,201606,160243,2016-06-01
Plato,classical,person,201607,141513,2016-07-01
Plato,classical,person,201608,155148,2016-08-01
Plato,classical,person,201609,214003,2016-09-01
Plato,classical,person,201610,197196,2016-10-01
Plato,classical,person,201611,180856,2016-11-01
Plato,classical,person,201612,163083,2016-12-01
Plato,classical,person,201701,191640,2017-01-01
Plato,classical,person,201702,176716,2017-02-01
Plato,classical,person,201703,177759,2017-03-01
Plato,classical,person,201704,159608,2017-04-01
Plato,classical,person,201705,159406,2017-05-01
Plato,classical,person,201706,158832,2017-06-01
Plato,classical,person,201707,163250,2017-07-01
Plato,classical,person,201708,157698,2017-08-01
Plato,classical,person,201709,181741,2017-09-01
Plato,classical,person,201710,203233,2017-10-01
Plato,classical,person,201711,172393,2017-11-01
Plato,classical,person,201712,154861,2017-12-01
Plato,classical,person,201801,174877,2018-01-01
Plato,classical,person,201802,175972,2018-02-01
Plato,classical,person,201803,180828,2018-03-01
Plato,classical,person,201804,162283,2018-04-01
Plato,classical,person,201805,158737,2018-05-01
Plato,classical,person,201806,177032,2018-06-01
Plato,classical,person,201807,166587,2018-07-01
Plato,classical,person,201808,179206,2018-08-01
Plato,classical,person,201809,201096,2018-09-01
Plato,classical,person,201810,196660,2018-10-01
Plato,classical,person,201811,174739,2018-11-01
Plato,classical,person,201812,156686,2018-12-01
Plato,classical,person,201901,177023,2019-01-01
Plato,classical,person,201902,161144,2019-02-01
Plato,classical,person,201903,166687,2019-03-01
Plato,classical,person,201904,162320,2019-04-01
Plato,classical,person,201905,149374,2019-05-01
Plato,classical,person,201906,145727,2019-06-01
Plato,classical,person,201907,142354,2019-07-01
Plato,classical,person,201908,148937,2019-08-01
Plato,classical,person,201909,188071,2019-09-01
Plato,classical,person,201910,171957,2019-10-01
Plato,classical,person,201911,152241,2019-11-01
Plato,classical,person,201912,140257,2019-12-01
Plato,classical,person,202001,148765,2020-01-01
Plato,classical,person,202002,158045,2020-02-01
Plato,classical,person,202003,164373,2020-03-01
Plato,classical,person,202004,196678,2020-04-01
Plato,classical,person,202005,182572,2020-05-01
Plato,classical,person,202006,155208,2020-06-01
Plato,classical,person,202007,149443,2020-07-01
Plato,classical,person,202008,157779,2020-08-01
Plato,classical,person,202009,190282,2020-09-01
Plato,classical,person,202010,198210,2020-10-01
Plato,classical,person,202011,168721,2020-11-01
Plato,classical,person,202012,167654,2020-12-01
Plato,classical,person,202101,175620,2021-01-01
Plato,classical,person,202102,181253,2021-02-01
Plato,classical,person,202103,201396,2021-03-01
Plato,classical,person,202104,182094,2021-04-01
Plato,classical,person,202105,178082,2021-05-01
Plato,classical,person,202106,154841,2021-06-01
Plato,classical,person,202107,159548,2021-07-01
Plato,classical,person,202108,169384,2021-08-01
Plato,classical,person,202109,193236,2021-09-01
Plato,classical,person,202110,185896,2021-10-01
Plato,classical,person,202111,169111,2021-11-01
Plato,classical,person,202112,158881,2021-12-01
Plato,classical,person,202201,170647,2022-01-01
Plato,classical,person,202202,166641,2022-02-01
Plato,classical,person,202203,168125,2022-03-01
Plato,classical,person,202204,151753,2022-04-01
Plato,classical,person,202205,154379,2022-05-01
Plato,classical,person,202206,139174,2022-06-01
Plato,classical,person,202207,147636,2022-07-01
Plato,classical,person,202208,180544,2022-08-01
Plato,classical,person,202209,207977,2022-09-01
Plato,classical,person,202210,186213,2022-10-01
Plato,classical,person,202211,193950,2022-11-01
Plato,classical,person,202212,163788,2022-12-01
Plato,classical,person,202301,187270,2023-01-01
Plato,classical,person,202302,166745,2023-02-01
Plato,classical,person,202303,193432,2023-03-01
Plato,classical,person,202304,159512,2023-04-01
Plato,classical,person,202305,171268,2023-05-01
Plato,classical,person,202306,159281,2023-06-01
Plato,classical,person,202307,162303,2023-07-01
Plato,classical,person,202308,181615,2023-08-01
Plato,classical,person,202309,221029,2023-09-01
Plato,classical,person,202310,201595,2023-10-01
Plato,classical,person,202311,177466,2023-11-01
Plato,classical,person,202312,159073,2023-12-01
Plato,classical,person,202401,207152,2024-01-01
Plato,classical,person,202402,189096,2024-02-01
Plato,classical,person,202403,177544,2024-03-01
Plato,classical,person,202404,191395,2024-04-01
Plato,classical,person,202405,166719,2024-05-01
Plato,classical,person,202406,124477,2024-06-01
Plato,classical,person,202407,125824,2024-07-01
Plato,classical,person,202408,147669,2024-08-01
Plato,classical,person,202409,155619,2024-09-01
Plato,classical,person,202410,146271,2024-10-01
Plato,classical,person,202411,142912,2024-11-01
Plato,classical,person,202412,135090,2024-12-01
Plato,classical,person,202501,140100,2025-01-01
Plato,classical,person,202502,133536,2025-02-01
Plato,classical,person,202503,138449,2025-03-01
Plato,classical,person,202504,132436,2025-04-01
Plato,classical,person,202505,133301,2025-05-01
Plato,classical,person,202506,117065,2025-06-01
Plato,classical,person,202507,110613,2025-07-01
Plato,classical,person,202508,128815,2025-08-01
Plato,classical,person,202509,153764,2025-09-01
Plato,classical,person,202510,128354,2025-10-01
Plato,classical,person,202511,122483,2025-11-01
Plato,classical,person,202512,118919,2025-12-01
Plato,classical,person,202601,145297,2026-01-01
Plato,classical,person,202602,117074,2026-02-01
Plato,classical,person,202603,119405,2026-03-01
Plato,classical,person,202604,109402,2026-04-01
Plato,classical,person,202605,114532,2026-05-01
Plato,classical,person,202606,102556,2026-06-01
Plato,classical,person,202607,123143,2026-07-01
Plato,classical,person,202608,140550,2026-08-01
Plato,classical,person,202609,194824,2026-09-01
Aristotle,classical,person,201601,209359,2016-01-01
Aristotle,classical,person,201602,218384,2016-02-01
Aristotle,classical,person,201603,203655,2016-03-01
Aristotle,classical,person,201604,198949,2016-04-01
Aristotle,classical,person,201605,233403,2016-05-01
Aristotle,classical,person,201606,197339,2016-06-01
Aristotle,classical,person,201607,166289,2016-07-01
Aristotle,classical,person,201608,186542,2016-08-01
Aristotle,classical,person,201609,254417,2016-09-01
Aristotle,classical,person,201610,237470,2016-10-01
Aristotle,classical,person,201611,222329,2016-11-01
Aristotle,classical,person,201612,187108,2016-12-01
Aristotle,classical,person,201701,216021,2017-01-01
Aristotle,classical,person,201702,219968,2017-02-01
Aristotle,classical,person,201703,209594,2017-03-01
Aristotle,classical,person,201704,172491,2017-04-01
Aristotle,classical,person,201705,174439,2017-05-01
Aristotle,classical,person,201706,186507,2017-06-01
Aristotle,classical,person,201707,172586,2017-07-01
Aristotle,classical,person,201708,186730,2017-08-01
Aristotle,classical,person,201709,216739,2017-09-01
Aristotle,classical,person,201710,228174,2017-10-01
Aristotle,classical,person,201711,209963,2017-11-01
Aristotle,classical,person,201712,183761,2017-12-01
Aristotle,classical,person,201801,201536,2018-01-01
Aristotle,classical,person,201802,192509,2018-02-01
Aristotle,classical,person,201803,208643,2018-03-01
Aristotle,classical,person,201804,181388,2018-04-01
Aristotle,classical,person,201805,180906,2018-05-01
Aristotle,classical,person,201806,194823,2018-06-01
Aristotle,classical,person,201807,200025,2018-07-01
Aristotle,classical,person,201808,225113,2018-08-01
Aristotle,classical,person,201809,273848,2018-09-01
Aristotle,classical,person,201810,285412,2018-10-01
Aristotle,classical,person,201811,291233,2018-11-01
Aristotle,classical,person,201812,230678,2018-12-01
Aristotle,classical,person,201901,233823,2019-01-01
Aristotle,classical,person,201902,201733,2019-02-01
Aristotle,classical,person,201903,213501,2019-03-01
Aristotle,classical,person,201904,176804,2019-04-01
Aristotle,classical,person,201905,171808,2019-05-01
Aristotle,classical,person,201906,171058,2019-06-01
Aristotle,classical,person,201907,175131,2019-07-01
Aristotle,classical,person,201908,180164,2019-08-01
Aristotle,classical,person,201909,213065,2019-09-01
Aristotle,classical,person,201910,217548,2019-10-01
Aristotle,classical,person,201911,182245,2019-11-01
Aristotle,classical,person,201912,144917,2019-12-01
Aristotle,classical,person,202001,153378,2020-01-01
Aristotle,classical,person,202002,153561,2020-02-01
Aristotle,classical,person,202003,157994,2020-03-01
Aristotle,classical,person,202004,179679,2020-04-01
Aristotle,classical,person,202005,178575,2020-05-01
Aristotle,classical,person,202006,149504,2020-06-01
Aristotle,classical,person,202007,147952,2020-07-01
Aristotle,classical,person,202008,159033,2020-08-01
Aristotle,classical,person,202009,204330,2020-09-01
Aristotle,classical,person,202010,209276,2020-10-01
Aristotle,classical,person,202011,178382,2020-11-01
Aristotle,classical,person,202012,170934,2020-12-01
Aristotle,classical,person,202101,182595,2021-01-01
Aristotle,classical,person,202102,186835,2021-02-01
Aristotle,classical,person,202103,204199,2021-03-01
Aristotle,classical,person,202104,179079,2021-04-01
Aristotle,classical,person,202105,181306,2021-05-01
Aristotle,classical,person,202106,157025,2021-06-01
Aristotle,classical,person,202107,151465,2021-07-01
Aristotle,classical,person,202108,172214,2021-08-01
Aristotle,classical,person,202109,202502,2021-09-01
Aristotle,classical,person,202110,196854,2021-10-01
Aristotle,classical,person,202111,176218,2021-11-01
Aristotle,classical,person,202112,158657,2021-12-01
Aristotle,classical,person,202201,174831,2022-01-01
Aristotle,classical,person,202202,173281,2022-02-01
Aristotle,classical,person,202203,179497,2022-03-01
Aristotle,classical,person,202204,165301,2022-04-01
Aristotle,classical,person,202205,169174,2022-05-01
Aristotle,classical,person,202206,148129,2022-06-01
Aristotle,classical,person,202207,152925,2022-07-01
Aristotle,classical,person,202208,183356,2022-08-01
Aristotle,classical,person,202209,228957,2022-09-01
Aristotle,classical,person,202210,200342,2022-10-01
Aristotle,classical,person,202211,204747,2022-11-01
Aristotle,classical,person,202212,171095,2022-12-01
Aristotle,classical,person,202301,201293,2023-01-01
Aristotle,classical,person,202302,192945,2023-02-01
Aristotle,classical,person,202303,223464,2023-03-01
Aristotle,classical,person,202304,176159,2023-04-01
Aristotle,classical,person,202305,198480,2023-05-01
Aristotle,classical,person,202306,178761,2023-06-01
Aristotle,classical,person,202307,178241,2023-07-01
Aristotle,classical,person,202308,229584,2023-08-01
Aristotle,classical,person,202309,261915,2023-09-01
Aristotle,classical,person,202310,233331,2023-10-01
Aristotle,classical,person,202311,200307,2023-11-01
Aristotle,classical,person,202312,187632,2023-12-01
Aristotle,classical,person,202401,233900,2024-01-01
Aristotle,classical,person,202402,240093,2024-02-01
Aristotle,classical,person,202403,204483,2024-03-01
Aristotle,classical,person,202404,223752,2024-04-01
Aristotle,classical,person,202405,205696,2024-05-01
Aristotle,classical,person,202406,147211,2024-06-01
Aristotle,classical,person,202407,141231,2024-07-01
Aristotle,classical,person,202408,167201,2024-08-01
Aristotle,classical,person,202409,195993,2024-09-01
Aristotle,classical,person,202410,176951,2024-10-01
Aristotle,classical,person,202411,166989,2024-11-01
Aristotle,classical,person,202412,142848,2024-12-01
Aristotle,classical,person,202501,160221,2025-01-01
Aristotle,classical,person,202502,160926,2025-02-01
Aristotle,classical,person,202503,183190,2025-03-01
Aristotle,classical,person,202504,236664,2025-04-01
Aristotle,classical,person,202505,182199,2025-05-01
Aristotle,classical,person,202506,144985,2025-06-01
Aristotle,classical,person,202507,136405,2025-07-01
Aristotle,classical,person,202508,157659,2025-08-01
Aristotle,classical,person,202509,188845,2025-09-01
Aristotle,classical,person,202510,154492,2025-10-01
Aristotle,classical,person,202511,143715,2025-11-01
Aristotle,classical,person,202512,145062,2025-12-01
Aristotle,classical,person,202601,155164,2026-01-01
Aristotle,classical,person,202602,139446,2026-02-01
Aristotle,classical,person,202603,140414,2026-03-01
Aristotle,classical,person,202604,132377,2026-04-01
Aristotle,classical,person,202605,128087,2026-05-01
Aristotle,classical,person,202606,120050,2026-06-01
Aristotle,classical,person,202607,142782,2026-07-01
Aristotle,classical,person,202608,187369,2026-08-01
Aristotle,classical,person,202609,293857,2026-09-01
Socrates,classical,person,201601,161992,2016-01-01
Socrates,classical,person,201602,179666,2016-02-01
Socrates,classical,person,201603,163082,2016-03-01
Socrates,classical,person,201604,149495,2016-04-01
Socrates,classical,person,201605,146636,2016-05-01
Socrates,classical,person,201606,145690,2016-06-01
Socrates,classical,person,201607,141771,2016-07-01
Socrates,classical,person,201608,140418,2016-08-01
Socrates,classical,person,201609,212399,2016-09-01
Socrates,classical,person,201610,180496,2016-10-01
Socrates,classical,person,201611,168492,2016-11-01
Socrates,classical,person,201612,199229,2016-12-01
Socrates,classical,person,201701,172953,2017-01-01
Socrates,classical,person,201702,174683,2017-02-01
Socrates,classical,person,201703,166197,2017-03-01
Socrates,classical,person,201704,143871,2017-04-01
Socrates,classical,person,201705,144794,2017-05-01
Socrates,classical,person,201706,150890,2017-06-01
Socrates,classical,person,201707,144534,2017-07-01
Socrates,classical,person,201708,155616,2017-08-01
Socrates,classical,person,201709,184902,2017-09-01
Socrates,classical,person,201710,196815,2017-10-01
Socrates,classical,person,201711,167950,2017-11-01
Socrates,classical,person,201712,143833,2017-12-01
Socrates,classical,person,201801,166927,2018-01-01
Socrates,classical,person,201802,160956,2018-02-01
Socrates,classical,person,201803,166714,2018-03-01
Socrates,classical,person,201804,144045,2018-04-01
Socrates,classical,person,201805,146341,2018-05-01
Socrates,classical,person,201806,174872,2018-06-01
Socrates,classical,person,201807,172541,2018-07-01
Socrates,classical,person,201808,190709,2018-08-01
Socrates,classical,person,201809,239405,2018-09-01
Socrates,classical,person,201810,251409,2018-10-01
Socrates,classical,person,201811,251308,2018-11-01
Socrates,classical,person,201812,203527,2018-12-01
Socrates,classical,person,201901,203557,2019-01-01
Socrates,classical,person,201902,171909,2019-02-01
Socrates,classical,person,201903,189597,2019-03-01
Socrates,classical,person,201904,162488,2019-04-01
Socrates,classical,person,201905,167717,2019-05-01
Socrates,classical,person,201906,149555,2019-06-01
Socrates,classical,person,201907,158550,2019-07-01
Socrates,classical,person,201908,170374,2019-08-01
Socrates,classical,person,201909,187328,2019-09-01
Socrates,classical,person,201910,169399,2019-10-01
Socrates,classical,person,201911,146797,2019-11-01
Socrates,classical,person,201912,134276,2019-12-01
Socrates,classical,person,202001,148806,2020-01-01
Socrates,classical,person,202002,146038,2020-02-01
Socrates,classical,person,202003,145140,2020-03-01
Socrates,classical,person,202004,163001,2020-04-01
Socrates,classical,person,202005,162467,2020-05-01
Socrates,classical,person,202006,141236,2020-06-01
Socrates,classical,person,202007,144066,2020-07-01
Socrates,classical,person,202008,146486,2020-08-01
Socrates,classical,person,202009,178609,2020-09-01
Socrates,classical,person,202010,177582,2020-10-01
Socrates,classical,person,202011,155231,2020-11-01
Socrates,classical,person,202012,159715,2020-12-01
Socrates,classical,person,202101,160151,2021-01-01
Socrates,classical,person,202102,164332,2021-02-01
Socrates,classical,person,202103,169207,2021-03-01
Socrates,classical,person,202104,154893,2021-04-01
Socrates,classical,person,202105,211151,2021-05-01
Socrates,classical,person,202106,144895,2021-06-01
Socrates,classical,person,202107,145741,2021-07-01
Socrates,classical,person,202108,144981,2021-08-01
Socrates,classical,person,202109,182354,2021-09-01
Socrates,classical,person,202110,168433,2021-10-01
Socrates,classical,person,202111,152089,2021-11-01
Socrates,classical,person,202112,137941,2021-12-01
Socrates,classical,person,202201,156845,2022-01-01
Socrates,classical,person,202202,140555,2022-02-01
Socrates,classical,person,202203,145374,2022-03-01
Socrates,classical,person,202204,132976,2022-04-01
Socrates,classical,person,202205,136208,2022-05-01
Socrates,classical,person,202206,127554,2022-06-01
Socrates,classical,person,202207,135626,2022-07-01
Socrates,classical,person,202208,198279,2022-08-01
Socrates,classical,person,202209,199474,2022-09-01
Socrates,classical,person,202210,186282,2022-10-01
Socrates,classical,person,202211,182098,2022-11-01
Socrates,classical,person,202212,167189,2022-12-01
Socrates,classical,person,202301,203243,2023-01-01
Socrates,classical,person,202302,172680,2023-02-01
Socrates,classical,person,202303,194174,2023-03-01
Socrates,classical,person,202304,162101,2023-04-01
Socrates,classical,person,202305,172291,2023-05-01
Socrates,classical,person,202306,153189,2023-06-01
Socrates,classical,person,202307,157552,2023-07-01
Socrates,classical,person,202308,205953,2023-08-01
Socrates,classical,person,202309,249740,2023-09-01
Socrates,classical,person,202310,211710,2023-10-01
Socrates,classical,person,202311,175351,2023-11-01
Socrates,classical,person,202312,163859,2023-12-01
Socrates,classical,person,202401,205430,2024-01-01
Socrates,classical,person,202402,177807,2024-02-01
Socrates,classical,person,202403,165574,2024-03-01
Socrates,classical,person,202404,158072,2024-04-01
Socrates,classical,person,202405,150545,2024-05-01
Socrates,classical,person,202406,130682,2024-06-01
Socrates,classical,person,202407,132104,2024-07-01
Socrates,classical,person,202408,154672,2024-08-01
Socrates,classical,person,202409,155264,2024-09-01
Socrates,classical,person,202410,144818,2024-10-01
Socrates,classical,person,202411,150877,2024-11-01
Socrates,classical,person,202412,131010,2024-12-01
Socrates,classical,person,202501,152569,2025-01-01
Socrates,classical,person,202502,136676,2025-02-01
Socrates,classical,person,202503,141799,2025-03-01
Socrates,classical,person,202504,139269,2025-04-01
Socrates,classical,person,202505,141106,2025-05-01
Socrates,classical,person,202506,137480,2025-06-01
Socrates,classical,person,202507,121460,2025-07-01
Socrates,classical,person,202508,133802,2025-08-01
Socrates,classical,person,202509,162648,2025-09-01
Socrates,classical,person,202510,150280,2025-10-01
Socrates,classical,person,202511,139914,2025-11-01
Socrates,classical,person,202512,130702,2025-12-01
Socrates,classical,person,202601,142708,2026-01-01
Socrates,classical,person,202602,142809,2026-02-01
Socrates,classical,person,202603,199175,2026-03-01
Socrates,classical,person,202604,158607,2026-04-01
Socrates,classical,person,202605,140846,2026-05-01
Socrates,classical,person,202606,116551,2026-06-01
Socrates,classical,person,202607,120269,2026-07-01
Socrates,classical,person,202608,123249,2026-08-01
Socrates,classical,person,202609,129265,2026-09-01
Immanuel_Kant,classical,person,201601,116384,2016-01-01
Immanuel_Kant,classical,person,201602,136968,2016-02-01
Immanuel_Kant,classical,person,201603,135293,2016-03-01
Immanuel_Kant,classical,person,201604,153503,2016-04-01
Immanuel_Kant,classical,person,201605,125489,2016-05-01
Immanuel_Kant,classical,person,201606,102640,2016-06-01
Immanuel_Kant,classical,person,201607,96460,2016-07-01
Immanuel_Kant,classical,person,201608,103928,2016-08-01
Immanuel_Kant,classical,person,201609,136947,2016-09-01
Immanuel_Kant,classical,person,201610,151944,2016-10-01
Immanuel_Kant,classical,person,201611,149600,2016-11-01
Immanuel_Kant,classical,person,201612,126341,2016-12-01
Immanuel_Kant,classical,person,201701,125306,2017-01-01
Immanuel_Kant,classical,person,201702,126565,2017-02-01
Immanuel_Kant,classical,person,201703,136297,2017-03-01
Immanuel_Kant,classical,person,201704,121413,2017-04-01
Immanuel_Kant,classical,person,201705,115573,2017-05-01
Immanuel_Kant,classical,person,201706,97725,2017-06-01
Immanuel_Kant,classical,person,201707,90800,2017-07-01
Immanuel_Kant,classical,person,201708,94099,2017-08-01
Immanuel_Kant,classical,person,201709,119990,2017-09-01
Immanuel_Kant,classical,person,201710,194416,2017-10-01
Immanuel_Kant,classical,person,201711,129187,2017-11-01
Immanuel_Kant,classical,person,201712,108689,2017-12-01
Immanuel_Kant,classical,person,201801,114710,2018-01-01
Immanuel_Kant,classical,person,201802,117461,2018-02-01
Immanuel_Kant,classical,person,201803,126038,2018-03-01
Immanuel_Kant,classical,person,201804,118932,2018-04-01
Immanuel_Kant,classical,person,201805,116135,2018-05-01
Immanuel_Kant,classical,person,201806,116133,2018-06-01
Immanuel_Kant,classical,person,201807,108819,2018-07-01
Immanuel_Kant,classical,person,201808,123063,2018-08-01
Immanuel_Kant,classical,person,201809,128192,2018-09-01
Immanuel_Kant,classical,person,201810,132155,2018-10-01
Immanuel_Kant,classical,person,201811,127003,2018-11-01
Immanuel_Kant,classical,person,201812,117373,2018-12-01
Immanuel_Kant,classical,person,201901,116257,2019-01-01
Immanuel_Kant,classical,person,201902,111617,2019-02-01
Immanuel_Kant,classical,person,201903,114889,2019-03-01
Immanuel_Kant,classical,person,201904,113053,2019-04-01
Immanuel_Kant,classical,person,201905,102275,2019-05-01
Immanuel_Kant,classical,person,201906,93774,2019-06-01
Immanuel_Kant,classical,person,201907,97511,2019-07-01
Immanuel_Kant,classical,person,201908,101910,2019-08-01
Immanuel_Kant,classical,person,201909,111355,2019-09-01
Immanuel_Kant,classical,person,201910,121909,2019-10-01
Immanuel_Kant,classical,person,201911,114948,2019-11-01
Immanuel_Kant,classical,person,201912,94911,2019-12-01
Immanuel_Kant,classical,person,202001,100240,2020-01-01
Immanuel_Kant,classical,person,202002,102697,2020-02-01
Immanuel_Kant,classical,person,202003,98054,2020-03-01
Immanuel_Kant,classical,person,202004,113323,2020-04-01
Immanuel_Kant,classical,person,202005,123878,2020-05-01
Immanuel_Kant,classical,person,202006,95644,2020-06-01
Immanuel_Kant,classical,person,202007,93959,2020-07-01
Immanuel_Kant,classical,person,202008,91297,2020-08-01
Immanuel_Kant,classical,person,202009,108023,2020-09-01
Immanuel_Kant,classical,person,202010,120313,2020-10-01
Immanuel_Kant,classical,person,202011,119497,2020-11-01
Immanuel_Kant,classical,person,202012,115134,2020-12-01
Immanuel_Kant,classical,person,202101,107018,2021-01-01
Immanuel_Kant,classical,person,202102,107964,2021-02-01
Immanuel_Kant,classical,person,202103,119955,2021-03-01
Immanuel_Kant,classical,person,202104,119091,2021-04-01
Immanuel_Kant,classical,person,202105,116404,2021-05-01
Immanuel_Kant,classical,person,202106,98548,2021-06-01
Immanuel_Kant,classical,person,202107,90018,2021-07-01
Immanuel_Kant,classical,person,202108,90541,2021-08-01
Immanuel_Kant,classical,person,202109,105918,2021-09-01
Immanuel_Kant,classical,person,202110,111897,2021-10-01
Immanuel_Kant,classical,person,202111,109515,2021-11-01
Immanuel_Kant,classical,person,202112,95486,2021-12-01
Immanuel_Kant,classical,person,202201,104126,2022-01-01
Immanuel_Kant,classical,person,202202,104402,2022-02-01
Immanuel_Kant,classical,person,202203,104287,2022-03-01
Immanuel_Kant,classical,person,202204,98083,2022-04-01
Immanuel_Kant,classical,person,202205,205640,2022-05-01
Immanuel_Kant,classical,person,202206,87550,2022-06-01
Immanuel_Kant,classical,person,202207,81241,2022-07-01
Immanuel_Kant,classical,person,202208,88793,2022-08-01
Immanuel_Kant,classical,person,202209,147352,2022-09-01
Immanuel_Kant,classical,person,202210,104228,2022-10-01
Immanuel_Kant,classical,person,202211,103910,2022-11-01
Immanuel_Kant,classical,person,202212,98997,2022-12-01
Immanuel_Kant,classical,person,202301,108416,2023-01-01
Immanuel_Kant,classical,person,202302,105144,2023-02-01
Immanuel_Kant,classical,person,202303,124814,2023-03-01
Immanuel_Kant,classical,person,202304,103013,2023-04-01
Immanuel_Kant,classical,person,202305,110528,2023-05-01
Immanuel_Kant,classical,person,202306,102040,2023-06-01
Immanuel_Kant,classical,person,202307,99084,2023-07-01
Immanuel_Kant,classical,person,202308,111753,2023-08-01
Immanuel_Kant,classical,person,202309,134774,2023-09-01
Immanuel_Kant,classical,person,202310,124527,2023-10-01
Immanuel_Kant,classical,person,202311,112123,2023-11-01
Immanuel_Kant,classical,person,202312,102846,2023-12-01
Immanuel_Kant,classical,person,202401,127075,2024-01-01
Immanuel_Kant,classical,person,202402,112746,2024-02-01
Immanuel_Kant,classical,person,202403,120364,2024-03-01
Immanuel_Kant,classical,person,202404,138083,2024-04-01
Immanuel_Kant,classical,person,202405,108344,2024-05-01
Immanuel_Kant,classical,person,202406,83411,2024-06-01
Immanuel_Kant,classical,person,202407,79554,2024-07-01
Immanuel_Kant,classical,person,202408,92029,2024-08-01
Immanuel_Kant,classical,person,202409,99537,2024-09-01
Immanuel_Kant,classical,person,202410,100091,2024-10-01
Immanuel_Kant,classical,person,202411,96778,2024-11-01
Immanuel_Kant,classical,person,202412,83770,2024-12-01
Immanuel_Kant,classical,person,202501,94396,2025-01-01
Immanuel_Kant,classical,person,202502,94919,2025-02-01
Immanuel_Kant,classical,person,202503,103140,2025-03-01
Immanuel_Kant,classical,person,202504,102220,2025-04-01
Immanuel_Kant,classical,person,202505,95841,2025-05-01
Immanuel_Kant,classical,person,202506,91803,2025-06-01
Immanuel_Kant,classical,person,202507,120265,2025-07-01
Immanuel_Kant,classical,person,202508,104477,2025-08-01
Immanuel_Kant,classical,person,202509,116422,2025-09-01
Immanuel_Kant,classical,person,202510,106717,2025-10-01
Immanuel_Kant,classical,person,202511,127918,2025-11-01
Immanuel_Kant,classical,person,202512,96671,2025-12-01
Immanuel_Kant,classical,person,202601,104362,2026-01-01
Immanuel_Kant,classical,person,202602,104384,2026-02-01
Immanuel_Kant,classical,person,202603,123894,2026-03-01
Immanuel_Kant,classical,person,202604,122917,2026-04-01
Immanuel_Kant,classical,person,202605,90244,2026-05-01
Immanuel_Kant,classical,person,202606,76290,2026-06-01
Immanuel_Kant,classical,person,202607,90332,2026-07-01
Immanuel_Kant,classical,person,202608,108735,2026-08-01
Immanuel_Kant,classical,person,202609,135122,2026-09-01
Philosophy,classical,concept,201601,228165,2016-01-01
Philosophy,classical,concept,201602,210415,2016-02-01
Philosophy,classical,concept,201603,220781,2016-03-01
Philosophy,classical,concept,201604,193909,2016-04-01
Philosophy,classical,concept,201605,196728,2016-05-01
Philosophy,classical,concept,201606,285733,2016-06-01
Philosophy,classical,concept,201607,217917,2016-07-01
Philosophy,classical,concept,201608,211944,2016-08-01
Philosophy,classical,concept,201609,220164,2016-09-01
Philosophy,classical,concept,201610,291619,2016-10-01
Philosophy,classical,concept,201611,264612,2016-11-01
Philosophy,classical,concept,201612,198442,2016-12-01
Philosophy,classical,concept,201701,242312,2017-01-01
Philosophy,classical,concept,201702,257114,2017-02-01
Philosophy,classical,concept,201703,296577,2017-03-01
Philosophy,classical,concept,201704,268173,2017-04-01
Philosophy,classical,concept,201705,200364,2017-05-01
Philosophy,classical,concept,201706,274218,2017-06-01
Philosophy,classical,concept,201707,347556,2017-07-01
Philosophy,classical,concept,201708,183451,2017-08-01
Philosophy,classical,concept,201709,190328,2017-09-01
Philosophy,classical,concept,201710,206377,2017-10-01
Philosophy,classical,concept,201711,305781,2017-11-01
Philosophy,classical,concept,201712,151205,2017-12-01
Philosophy,classical,concept,201801,235954,2018-01-01
Philosophy,classical,concept,201802,148329,2018-02-01
Philosophy,classical,concept,201803,159678,2018-03-01
Philosophy,classical,concept,201804,136128,2018-04-01
Philosophy,classical,concept,201805,130736,2018-05-01
Philosophy,classical,concept,201806,191468,2018-06-01
Philosophy,classical,concept,201807,151381,2018-07-01
Philosophy,classical,concept,201808,163902,2018-08-01
Philosophy,classical,concept,201809,156387,2018-09-01
Philosophy,classical,concept,201810,149159,2018-10-01
Philosophy,classical,concept,201811,173661,2018-11-01
Philosophy,classical,concept,201812,144753,2018-12-01
Philosophy,classical,concept,201901,159263,2019-01-01
Philosophy,classical,concept,201902,145592,2019-02-01
Philosophy,classical,concept,201903,171216,2019-03-01
Philosophy,classical,concept,201904,186691,2019-04-01
Philosophy,classical,concept,201905,170720,2019-05-01
Philosophy,classical,concept,201906,200453,2019-06-01
Philosophy,classical,concept,201907,203776,2019-07-01
Philosophy,classical,concept,201908,165704,2019-08-01
Philosophy,classical,concept,201909,164126,2019-09-01
Philosophy,classical,concept,201910,181281,2019-10-01
Philosophy,classical,concept,201911,168655,2019-11-01
Philosophy,classical,concept,201912,150944,2019-12-01
Philosophy,classical,concept,202001,436472,2020-01-01
Philosophy,classical,concept,202002,137650,2020-02-01
Philosophy,classical,concept,202003,133236,2020-03-01
Philosophy,classical,concept,202004,149141,2020-04-01
Philosophy,classical,concept,202005,145387,2020-05-01
Philosophy,classical,concept,202006,121350,2020-06-01
Philosophy,classical,concept,202007,113731,2020-07-01
Philosophy,classical,concept,202008,130277,2020-08-01
Philosophy,classical,concept,202009,174778,2020-09-01
Philosophy,classical,concept,202010,196286,2020-10-01
Philosophy,classical,concept,202011,186573,2020-11-01
Philosophy,classical,concept,202012,161205,2020-12-01
Philosophy,classical,concept,202101,165437,2021-01-01
Philosophy,classical,concept,202102,176381,2021-02-01
Philosophy,classical,concept,202103,225908,2021-03-01
Philosophy,classical,concept,202104,217784,2021-04-01
Philosophy,classical,concept,202105,180718,2021-05-01
Philosophy,classical,concept,202106,146905,2021-06-01
Philosophy,classical,concept,202107,154998,2021-07-01
Philosophy,classical,concept,202108,195900,2021-08-01
Philosophy,classical,concept,202109,293892,2021-09-01
Philosophy,classical,concept,202110,198584,2021-10-01
Philosophy,classical,concept,202111,179134,2021-11-01
Philosophy,classical,concept,202112,150105,2021-12-01
Philosophy,classical,concept,202201,145344,2022-01-01
Philosophy,classical,concept,202202,158050,2022-02-01
Philosophy,classical,concept,202203,162667,2022-03-01
Philosophy,classical,concept,202204,150246,2022-04-01
Philosophy,classical,concept,202205,432711,2022-05-01
Philosophy,classical,concept,202206,127664,2022-06-01
Philosophy,classical,concept,202207,131865,2022-07-01
Philosophy,classical,concept,202208,226987,2022-08-01
Philosophy,classical,concept,202209,242995,2022-09-01
Philosophy,classical,concept,202210,247973,2022-10-01
Philosophy,classical,concept,202211,258886,2022-11-01
Philosophy,classical,concept,202212,173028,2022-12-01
Philosophy,classical,concept,202301,214980,2023-01-01
Philosophy,classical,concept,202302,240531,2023-02-01
Philosophy,classical,concept,202303,226582,2023-03-01
Philosophy,classical,concept,202304,162438,2023-04-01
Philosophy,classical,concept,202305,181881,2023-05-01
Philosophy,classical,concept,202306,165100,2023-06-01
Philosophy,classical,concept,202307,178807,2023-07-01
Philosophy,classical,concept,202308,235254,2023-08-01
Philosophy,classical,concept,202309,279868,2023-09-01
Philosophy,classical,concept,202310,238023,2023-10-01
Philosophy,classical,concept,202311,217783,2023-11-01
Philosophy,classical,concept,202312,200105,2023-12-01
Philosophy,classical,concept,202401,281703,2024-01-01
Philosophy,classical,concept,202402,261551,2024-02-01
Philosophy,classical,concept,202403,212986,2024-03-01
Philosophy,classical,concept,202404,211999,2024-04-01
Philosophy,classical,concept,202405,167834,2024-05-01
Philosophy,classical,concept,202406,191960,2024-06-01
Philosophy,classical,concept,202407,193738,2024-07-01
Philosophy,classical,concept,202408,193633,2024-08-01
Philosophy,classical,concept,202409,171533,2024-09-01
Philosophy,classical,concept,202410,270327,2024-10-01
Philosophy,classical,concept,202411,168497,2024-11-01
Philosophy,classical,concept,202412,151092,2024-12-01
Philosophy,classical,concept,202501,156447,2025-01-01
Philosophy,classical,concept,202502,182259,2025-02-01
Philosophy,classical,concept,202503,167345,2025-03-01
Philosophy,classical,concept,202504,161999,2025-04-01
Philosophy,classical,concept,202505,374091,2025-05-01
Philosophy,classical,concept,202506,190257,2025-06-01
Philosophy,classical,concept,202507,142681,2025-07-01
Philosophy,classical,concept,202508,157097,2025-08-01
Philosophy,classical,concept,202509,151024,2025-09-01
Philosophy,classical,concept,202510,180188,2025-10-01
Philosophy,classical,concept,202511,217397,2025-11-01
Philosophy,classical,concept,202512,187426,2025-12-01
Philosophy,classical,concept,202601,179461,2026-01-01
Philosophy,classical,concept,202602,198855,2026-02-01
Philosophy,classical,concept,202603,173957,2026-03-01
Philosophy,classical,concept,202604,236089,2026-04-01
Philosophy,classical,concept,202605,296254,2026-05-01
Philosophy,classical,concept,202606,469962,2026-06-01
Philosophy,classical,concept,202607,289556,2026-07-01
Philosophy,classical,concept,202608,143702,2026-08-01
Philosophy,classical,concept,202609,174554,2026-09-01
Ethics,classical,concept,201601,111786,2016-01-01
Ethics,classical,concept,201602,135893,2016-02-01
Ethics,classical,concept,201603,131389,2016-03-01
Ethics,classical,concept,201604,97180,2016-04-01
Ethics,classical,concept,201605,88404,2016-05-01
Ethics,classical,concept,201606,88397,2016-06-01
Ethics,classical,concept,201607,79766,2016-07-01
Ethics,classical,concept,201608,100979,2016-08-01
Ethics,classical,concept,201609,110862,2016-09-01
Ethics,classical,concept,201610,116666,2016-10-01
Ethics,classical,concept,201611,122262,2016-11-01
Ethics,classical,concept,201612,95186,2016-12-01
Ethics,classical,concept,201701,113267,2017-01-01
Ethics,classical,concept,201702,98735,2017-02-01
Ethics,classical,concept,201703,108238,2017-03-01
Ethics,classical,concept,201704,94663,2017-04-01
Ethics,classical,concept,201705,96942,2017-05-01
Ethics,classical,concept,201706,96547,2017-06-01
Ethics,classical,concept,201707,80568,2017-07-01
Ethics,classical,concept,201708,80950,2017-08-01
Ethics,classical,concept,201709,95137,2017-09-01
Ethics,classical,concept,201710,100225,2017-10-01
Ethics,classical,concept,201711,111041,2017-11-01
Ethics,classical,concept,201712,80699,2017-12-01
Ethics,classical,concept,201801,96174,2018-01-01
Ethics,classical,concept,201802,87254,2018-02-01
Ethics,classical,concept,201803,90618,2018-03-01
Ethics,classical,concept,201804,85409,2018-04-01
Ethics,classical,concept,201805,82748,2018-05-01
Ethics,classical,concept,201806,85514,2018-06-01
Ethics,classical,concept,201807,82381,2018-07-01
Ethics,classical,concept,201808,89174,2018-08-01
Ethics,classical,concept,201809,92158,2018-09-01
Ethics,classical,concept,201810,96509,2018-10-01
Ethics,classical,concept,201811,113004,2018-11-01
Ethics,classical,concept,201812,85800,2018-12-01
Ethics,classical,concept,201901,100742,2019-01-01
Ethics,classical,concept,201902,88848,2019-02-01
Ethics,classical,concept,201903,88609,2019-03-01
Ethics,classical,concept,201904,81408,2019-04-01
Ethics,classical,concept,201905,77581,2019-05-01
Ethics,classical,concept,201906,81553,2019-06-01
Ethics,classical,concept,201907,76512,2019-07-01
Ethics,classical,concept,201908,86568,2019-08-01
Ethics,classical,concept,201909,90276,2019-09-01
Ethics,classical,concept,201910,87136,2019-10-01
Ethics,classical,concept,201911,98254,2019-11-01
Ethics,classical,concept,201912,78340,2019-12-01
Ethics,classical,concept,202001,90614,2020-01-01
Ethics,classical,concept,202002,74406,2020-02-01
Ethics,classical,concept,202003,67759,2020-03-01
Ethics,classical,concept,202004,69015,2020-04-01
Ethics,classical,concept,202005,65838,2020-05-01
Ethics,classical,concept,202006,58509,2020-06-01
Ethics,classical,concept,202007,54404,2020-07-01
Ethics,classical,concept,202008,63523,2020-08-01
Ethics,classical,concept,202009,88967,2020-09-01
Ethics,classical,concept,202010,95764,2020-10-01
Ethics,classical,concept,202011,89204,2020-11-01
Ethics,classical,concept,202012,84264,2020-12-01
Ethics,classical,concept,202101,84973,2021-01-01
Ethics,classical,concept,202102,83623,2021-02-01
Ethics,classical,concept,202103,92798,2021-03-01
Ethics,classical,concept,202104,81302,2021-04-01
Ethics,classical,concept,202105,77828,2021-05-01
Ethics,classical,concept,202106,71347,2021-06-01
Ethics,classical,concept,202107,76356,2021-07-01
Ethics,classical,concept,202108,93824,2021-08-01
Ethics,classical,concept,202109,103583,2021-09-01
Ethics,classical,concept,202110,100381,2021-10-01
Ethics,classical,concept,202111,103706,2021-11-01
Ethics,classical,concept,202112,83182,2021-12-01
Ethics,classical,concept,202201,90122,2022-01-01
Ethics,classical,concept,202202,90950,2022-02-01
Ethics,classical,concept,202203,104190,2022-03-01
Ethics,classical,concept,202204,88714,2022-04-01
Ethics,classical,concept,202205,90160,2022-05-01
Ethics,classical,concept,202206,75127,2022-06-01
Ethics,classical,concept,202207,72336,2022-07-01
Ethics,classical,concept,202208,91574,2022-08-01
Ethics,classical,concept,202209,107500,2022-09-01
Ethics,classical,concept,202210,95009,2022-10-01
Ethics,classical,concept,202211,104920,2022-11-01
Ethics,classical,concept,202212,73824,2022-12-01
Ethics,classical,concept,202301,89572,2023-01-01
Ethics,classical,concept,202302,91124,2023-02-01
Ethics,classical,concept,202303,106620,2023-03-01
Ethics,classical,concept,202304,75533,2023-04-01
Ethics,classical,concept,202305,82677,2023-05-01
Ethics,classical,concept,202306,76224,2023-06-01
Ethics,classical,concept,202307,94891,2023-07-01
Ethics,classical,concept,202308,101434,2023-08-01
Ethics,classical,concept,202309,109849,2023-09-01
Ethics,classical,concept,202310,110603,2023-10-01
Ethics,classical,concept,202311,178213,2023-11-01
Ethics,classical,concept,202312,91006,2023-12-01
Ethics,classical,concept,202401,146797,2024-01-01
Ethics,classical,concept,202402,117366,2024-02-01
Ethics,classical,concept,202403,107055,2024-03-01
Ethics,classical,concept,202404,111413,2024-04-01
Ethics,classical,concept,202405,79880,2024-05-01
Ethics,classical,concept,202406,68116,2024-06-01
Ethics,classical,concept,202407,67399,2024-07-01
Ethics,classical,concept,202408,87893,2024-08-01
Ethics,classical,concept,202409,141336,2024-09-01
Ethics,classical,concept,202410,113109,2024-10-01
Ethics,classical,concept,202411,124541,2024-11-01
Ethics,classical,concept,202412,101873,2024-12-01
Ethics,classical,concept,202501,98078,2025-01-01
Ethics,classical,concept,202502,96632,2025-02-01
Ethics,classical,concept,202503,130205,2025-03-01
Ethics,classical,concept,202504,212419,2025-04-01
Ethics,classical,concept,202505,227251,2025-05-01
Ethics,classical,concept,202506,151583,2025-06-01
Ethics,classical,concept,202507,162004,2025-07-01
Ethics,classical,concept,202508,141559,2025-08-01
Ethics,classical,concept,202509,81941,2025-09-01
Ethics,classical,concept,202510,66685,2025-10-01
Ethics,classical,concept,202511,67966,2025-11-01
Ethics,classical,concept,202512,123804,2025-12-01
Ethics,classical,concept,202601,91437,2026-01-01
Ethics,classical,concept,202602,62094,2026-02-01
Ethics,classical,concept,202603,65763,2026-03-01
Ethics,classical,concept,202604,143094,2026-04-01
Ethics,classical,concept,202605,70422,2026-05-01
Ethics,classical,concept,202606,64886,2026-06-01
Ethics,classical,concept,202607,59182,2026-07-01
Ethics,classical,concept,202608,68092,2026-08-01
Ethics,classical,concept,202609,79102,2026-09-01
