EN_YEAR	FR_YEAR	EN_PROVINCE_TERRITORY	FR_PROVINCE_TERRITOIRE	EN_INVITATION_CATEGORY	FR_CATEGORIE_D'INVITATION	EN_CENSUS_METROPOLITAN_AREA	FR_RÉGION_MÉTROPOLITAINE_DE_RECENSEMENT	TOTAL
2015	2015	Alberta	Alberta	Canadian Experience Class	Catégorie de l'expérience canadienne	Brooks	Brooks	20
2015	2015	Alberta	Alberta	Canadian Experience Class	Catégorie de l'expérience canadienne	Calgary	Calgary	1435
2015	2015	Alberta	Alberta	Canadian Experience Class	Catégorie de l'expérience canadienne	Camrose	Camrose	20
2015	2015	Alberta	Alberta	Canadian Experience Class	Catégorie de l'expérience canadienne	Canmore	Canmore	30
2015	2015	Alberta	Alberta	Canadian Experience Class	Catégorie de l'expérience canadienne	Edmonton	Edmonton	1845
2015	2015	Alberta	Alberta	Canadian Experience Class	Catégorie de l'expérience canadienne	Grande Prairie	Grande Prairie	125
2015	2015	Alberta	Alberta	Canadian Experience Class	Catégorie de l'expérience canadienne	High River	High River	15
2015	2015	Alberta	Alberta	Canadian Experience Class	Catégorie de l'expérience canadienne	Lacombe	Lacombe	5
2015	2015	Alberta	Alberta	Canadian Experience Class	Catégorie de l'expérience canadienne	Lethbridge	Lethbridge	80
2015	2015	Alberta	Alberta	Canadian Experience Class	Catégorie de l'expérience canadienne	Lloydminster (Alberta part)	Lloydminster (partie de l'Alberta)	50
2015	2015	Alberta	Alberta	Canadian Experience Class	Catégorie de l'expérience canadienne	Medicine Hat	Medicine Hat	45
2015	2015	Alberta	Alberta	Canadian Experience Class	Catégorie de l'expérience canadienne	Okotoks	Okotoks	40
2015	2015	Alberta	Alberta	Canadian Experience Class	Catégorie de l'expérience canadienne	Other - Alberta	Autres - Alberta	640
2015	2015	Alberta	Alberta	Canadian Experience Class	Catégorie de l'expérience canadienne	Red Deer	Red Deer	110
2015	2015	Alberta	Alberta	Canadian Experience Class	Catégorie de l'expérience canadienne	Strathmore	Strathmore	15
2015	2015	Alberta	Alberta	Canadian Experience Class	Catégorie de l'expérience canadienne	Sylvan Lake	Sylvan Lake	10
2015	2015	Alberta	Alberta	Canadian Experience Class	Catégorie de l'expérience canadienne	Wetaskiwin	Wetaskiwin	20
2015	2015	Alberta	Alberta	Canadian Experience Class	Catégorie de l'expérience canadienne	Wood Buffalo	Wood Buffalo	125
2015	2015	Alberta	Alberta	Federal Skilled Trades	Métiers spécialisés	Brooks	Brooks	--
2015	2015	Alberta	Alberta	Federal Skilled Trades	Métiers spécialisés	Calgary	Calgary	435
2015	2015	Alberta	Alberta	Federal Skilled Trades	Métiers spécialisés	Camrose	Camrose	5
2015	2015	Alberta	Alberta	Federal Skilled Trades	Métiers spécialisés	Canmore	Canmore	--
2015	2015	Alberta	Alberta	Federal Skilled Trades	Métiers spécialisés	Edmonton	Edmonton	585
2015	2015	Alberta	Alberta	Federal Skilled Trades	Métiers spécialisés	Grande Prairie	Grande Prairie	40
2015	2015	Alberta	Alberta	Federal Skilled Trades	Métiers spécialisés	Lacombe	Lacombe	--
2015	2015	Alberta	Alberta	Federal Skilled Trades	Métiers spécialisés	Lethbridge	Lethbridge	25
2015	2015	Alberta	Alberta	Federal Skilled Trades	Métiers spécialisés	Lloydminster (Alberta part)	Lloydminster (partie de l'Alberta)	15
2015	2015	Alberta	Alberta	Federal Skilled Trades	Métiers spécialisés	Medicine Hat	Medicine Hat	15
2015	2015	Alberta	Alberta	Federal Skilled Trades	Métiers spécialisés	Okotoks	Okotoks	10
2015	2015	Alberta	Alberta	Federal Skilled Trades	Métiers spécialisés	Other - Alberta	Autres - Alberta	185
2015	2015	Alberta	Alberta	Federal Skilled Trades	Métiers spécialisés	Red Deer	Red Deer	25
2015	2015	Alberta	Alberta	Federal Skilled Trades	Métiers spécialisés	Strathmore	Strathmore	--
2015	2015	Alberta	Alberta	Federal Skilled Trades	Métiers spécialisés	Sylvan Lake	Sylvan Lake	5
2015	2015	Alberta	Alberta	Federal Skilled Trades	Métiers spécialisés	Wetaskiwin	Wetaskiwin	5
2015	2015	Alberta	Alberta	Federal Skilled Trades	Métiers spécialisés	Wood Buffalo	Wood Buffalo	35
2015	2015	Alberta	Alberta	Federal Skilled Worker	Travailleurs qualifiés	Brooks	Brooks	5
2015	2015	Alberta	Alberta	Federal Skilled Worker	Travailleurs qualifiés	Calgary	Calgary	1005
2015	2015	Alberta	Alberta	Federal Skilled Worker	Travailleurs qualifiés	Camrose	Camrose	5
2015	2015	Alberta	Alberta	Federal Skilled Worker	Travailleurs qualifiés	Canmore	Canmore	10
2015	2015	Alberta	Alberta	Federal Skilled Worker	Travailleurs qualifiés	Edmonton	Edmonton	685
2015	2015	Alberta	Alberta	Federal Skilled Worker	Travailleurs qualifiés	Grande Prairie	Grande Prairie	15
2015	2015	Alberta	Alberta	Federal Skilled Worker	Travailleurs qualifiés	High River	High River	--
2015	2015	Alberta	Alberta	Federal Skilled Worker	Travailleurs qualifiés	Lethbridge	Lethbridge	20
2015	2015	Alberta	Alberta	Federal Skilled Worker	Travailleurs qualifiés	Lloydminster (Alberta part)	Lloydminster (partie de l'Alberta)	10
2015	2015	Alberta	Alberta	Federal Skilled Worker	Travailleurs qualifiés	Medicine Hat	Medicine Hat	10
2015	2015	Alberta	Alberta	Federal Skilled Worker	Travailleurs qualifiés	Okotoks	Okotoks	--
2015	2015	Alberta	Alberta	Federal Skilled Worker	Travailleurs qualifiés	Other - Alberta	Autres - Alberta	135
2015	2015	Alberta	Alberta	Federal Skilled Worker	Travailleurs qualifiés	Red Deer	Red Deer	25
2015	2015	Alberta	Alberta	Federal Skilled Worker	Travailleurs qualifiés	Strathmore	Strathmore	--
2015	2015	Alberta	Alberta	Federal Skilled Worker	Travailleurs qualifiés	Sylvan Lake	Sylvan Lake	--
2015	2015	Alberta	Alberta	Federal Skilled Worker	Travailleurs qualifiés	Wetaskiwin	Wetaskiwin	--
2015	2015	Alberta	Alberta	Federal Skilled Worker	Travailleurs qualifiés	Wood Buffalo	Wood Buffalo	25
2015	2015	British Columbia	Colombie-Britannique	Canadian Experience Class	Catégorie de l'expérience canadienne	Abbotsford - Mission	Abbotsford - Mission	15
2015	2015	British Columbia	Colombie-Britannique	Canadian Experience Class	Catégorie de l'expérience canadienne	Campbell River	Campbell River	--
2015	2015	British Columbia	Colombie-Britannique	Canadian Experience Class	Catégorie de l'expérience canadienne	Chilliwack	Chilliwack	5
2015	2015	British Columbia	Colombie-Britannique	Canadian Experience Class	Catégorie de l'expérience canadienne	Courtenay	Courtenay	--
2015	2015	British Columbia	Colombie-Britannique	Canadian Experience Class	Catégorie de l'expérience canadienne	Cranbrook	Cranbrook	--
2015	2015	British Columbia	Colombie-Britannique	Canadian Experience Class	Catégorie de l'expérience canadienne	Dawson Creek	Dawson Creek	15
2015	2015	British Columbia	Colombie-Britannique	Canadian Experience Class	Catégorie de l'expérience canadienne	Duncan	Duncan	5
2015	2015	British Columbia	Colombie-Britannique	Canadian Experience Class	Catégorie de l'expérience canadienne	Fort St. John	Fort St. John	15
2015	2015	British Columbia	Colombie-Britannique	Canadian Experience Class	Catégorie de l'expérience canadienne	Kamloops	Kamloops	10
2015	2015	British Columbia	Colombie-Britannique	Canadian Experience Class	Catégorie de l'expérience canadienne	Kelowna	Kelowna	20
2015	2015	British Columbia	Colombie-Britannique	Canadian Experience Class	Catégorie de l'expérience canadienne	Ladysmith	Ladysmith	--
2015	2015	British Columbia	Colombie-Britannique	Canadian Experience Class	Catégorie de l'expérience canadienne	Nanaimo	Nanaimo	15
2015	2015	British Columbia	Colombie-Britannique	Canadian Experience Class	Catégorie de l'expérience canadienne	Nelson	Nelson	--
2015	2015	British Columbia	Colombie-Britannique	Canadian Experience Class	Catégorie de l'expérience canadienne	Other - British Columbia	Autres - Colombie-Britannique	115
2015	2015	British Columbia	Colombie-Britannique	Canadian Experience Class	Catégorie de l'expérience canadienne	Parksville	Parksville	--
2015	2015	British Columbia	Colombie-Britannique	Canadian Experience Class	Catégorie de l'expérience canadienne	Penticton	Penticton	--
2015	2015	British Columbia	Colombie-Britannique	Canadian Experience Class	Catégorie de l'expérience canadienne	Port Alberni	Port Alberni	--
2015	2015	British Columbia	Colombie-Britannique	Canadian Experience Class	Catégorie de l'expérience canadienne	Powell River	Powell River	--
2015	2015	British Columbia	Colombie-Britannique	Canadian Experience Class	Catégorie de l'expérience canadienne	Prince George	Prince George	5
2015	2015	British Columbia	Colombie-Britannique	Canadian Experience Class	Catégorie de l'expérience canadienne	Quesnel	Quesnel	--
2015	2015	British Columbia	Colombie-Britannique	Canadian Experience Class	Catégorie de l'expérience canadienne	Salmon Arm	Salmon Arm	--
2015	2015	British Columbia	Colombie-Britannique	Canadian Experience Class	Catégorie de l'expérience canadienne	Squamish	Squamish	--
2015	2015	British Columbia	Colombie-Britannique	Canadian Experience Class	Catégorie de l'expérience canadienne	Terrace	Terrace	10
2015	2015	British Columbia	Colombie-Britannique	Canadian Experience Class	Catégorie de l'expérience canadienne	Trail	Trail	--
2015	2015	British Columbia	Colombie-Britannique	Canadian Experience Class	Catégorie de l'expérience canadienne	Vancouver	Vancouver	970
2015	2015	British Columbia	Colombie-Britannique	Canadian Experience Class	Catégorie de l'expérience canadienne	Vernon	Vernon	10
2015	2015	British Columbia	Colombie-Britannique	Canadian Experience Class	Catégorie de l'expérience canadienne	Victoria	Victoria	50
2015	2015	British Columbia	Colombie-Britannique	Canadian Experience Class	Catégorie de l'expérience canadienne	Williams Lake	Williams Lake	10
2015	2015	British Columbia	Colombie-Britannique	Federal Skilled Trades	Métiers spécialisés	Abbotsford - Mission	Abbotsford - Mission	10
2015	2015	British Columbia	Colombie-Britannique	Federal Skilled Trades	Métiers spécialisés	Campbell River	Campbell River	--
2015	2015	British Columbia	Colombie-Britannique	Federal Skilled Trades	Métiers spécialisés	Chilliwack	Chilliwack	5
2015	2015	British Columbia	Colombie-Britannique	Federal Skilled Trades	Métiers spécialisés	Dawson Creek	Dawson Creek	5
2015	2015	British Columbia	Colombie-Britannique	Federal Skilled Trades	Métiers spécialisés	Duncan	Duncan	--
2015	2015	British Columbia	Colombie-Britannique	Federal Skilled Trades	Métiers spécialisés	Fort St. John	Fort St. John	5
2015	2015	British Columbia	Colombie-Britannique	Federal Skilled Trades	Métiers spécialisés	Kamloops	Kamloops	--
2015	2015	British Columbia	Colombie-Britannique	Federal Skilled Trades	Métiers spécialisés	Kelowna	Kelowna	10
2015	2015	British Columbia	Colombie-Britannique	Federal Skilled Trades	Métiers spécialisés	Ladysmith	Ladysmith	--
2015	2015	British Columbia	Colombie-Britannique	Federal Skilled Trades	Métiers spécialisés	Nanaimo	Nanaimo	--
2015	2015	British Columbia	Colombie-Britannique	Federal Skilled Trades	Métiers spécialisés	Other - British Columbia	Autres - Colombie-Britannique	10
2015	2015	British Columbia	Colombie-Britannique	Federal Skilled Trades	Métiers spécialisés	Penticton	Penticton	--
2015	2015	British Columbia	Colombie-Britannique	Federal Skilled Trades	Métiers spécialisés	Prince George	Prince George	5
2015	2015	British Columbia	Colombie-Britannique	Federal Skilled Trades	Métiers spécialisés	Terrace	Terrace	5
2015	2015	British Columbia	Colombie-Britannique	Federal Skilled Trades	Métiers spécialisés	Vancouver	Vancouver	125
2015	2015	British Columbia	Colombie-Britannique	Federal Skilled Trades	Métiers spécialisés	Victoria	Victoria	--
2015	2015	British Columbia	Colombie-Britannique	Federal Skilled Trades	Métiers spécialisés	Williams Lake	Williams Lake	--
2015	2015	British Columbia	Colombie-Britannique	Federal Skilled Worker	Travailleurs qualifiés	Abbotsford - Mission	Abbotsford - Mission	10
2015	2015	British Columbia	Colombie-Britannique	Federal Skilled Worker	Travailleurs qualifiés	Chilliwack	Chilliwack	--
2015	2015	British Columbia	Colombie-Britannique	Federal Skilled Worker	Travailleurs qualifiés	Courtenay	Courtenay	--
2015	2015	British Columbia	Colombie-Britannique	Federal Skilled Worker	Travailleurs qualifiés	Dawson Creek	Dawson Creek	5
2015	2015	British Columbia	Colombie-Britannique	Federal Skilled Worker	Travailleurs qualifiés	Duncan	Duncan	--
2015	2015	British Columbia	Colombie-Britannique	Federal Skilled Worker	Travailleurs qualifiés	Fort St. John	Fort St. John	10
2015	2015	British Columbia	Colombie-Britannique	Federal Skilled Worker	Travailleurs qualifiés	Kamloops	Kamloops	5
2015	2015	British Columbia	Colombie-Britannique	Federal Skilled Worker	Travailleurs qualifiés	Kelowna	Kelowna	15
2015	2015	British Columbia	Colombie-Britannique	Federal Skilled Worker	Travailleurs qualifiés	Nanaimo	Nanaimo	20
2015	2015	British Columbia	Colombie-Britannique	Federal Skilled Worker	Travailleurs qualifiés	Other - British Columbia	Autres - Colombie-Britannique	65
2015	2015	British Columbia	Colombie-Britannique	Federal Skilled Worker	Travailleurs qualifiés	Parksville	Parksville	--
2015	2015	British Columbia	Colombie-Britannique	Federal Skilled Worker	Travailleurs qualifiés	Penticton	Penticton	5
2015	2015	British Columbia	Colombie-Britannique	Federal Skilled Worker	Travailleurs qualifiés	Powell River	Powell River	--
2015	2015	British Columbia	Colombie-Britannique	Federal Skilled Worker	Travailleurs qualifiés	Prince George	Prince George	10
2015	2015	British Columbia	Colombie-Britannique	Federal Skilled Worker	Travailleurs qualifiés	Prince Rupert	Prince Rupert	--
2015	2015	British Columbia	Colombie-Britannique	Federal Skilled Worker	Travailleurs qualifiés	Quesnel	Quesnel	--
2015	2015	British Columbia	Colombie-Britannique	Federal Skilled Worker	Travailleurs qualifiés	Salmon Arm	Salmon Arm	--
2015	2015	British Columbia	Colombie-Britannique	Federal Skilled Worker	Travailleurs qualifiés	Squamish	Squamish	5
2015	2015	British Columbia	Colombie-Britannique	Federal Skilled Worker	Travailleurs qualifiés	Terrace	Terrace	--
2015	2015	British Columbia	Colombie-Britannique	Federal Skilled Worker	Travailleurs qualifiés	Vancouver	Vancouver	1420
2015	2015	British Columbia	Colombie-Britannique	Federal Skilled Worker	Travailleurs qualifiés	Vernon	Vernon	5
2015	2015	British Columbia	Colombie-Britannique	Federal Skilled Worker	Travailleurs qualifiés	Victoria	Victoria	70
2015	2015	British Columbia	Colombie-Britannique	Federal Skilled Worker	Travailleurs qualifiés	Williams Lake	Williams Lake	--
2015	2015	British Columbia	Colombie-Britannique	Provincial Nominee Program	Candidats des provinces ou des territoires	Abbotsford - Mission	Abbotsford - Mission	15
2015	2015	British Columbia	Colombie-Britannique	Provincial Nominee Program	Candidats des provinces ou des territoires	Campbell River	Campbell River	5
2015	2015	British Columbia	Colombie-Britannique	Provincial Nominee Program	Candidats des provinces ou des territoires	Chilliwack	Chilliwack	5
2015	2015	British Columbia	Colombie-Britannique	Provincial Nominee Program	Candidats des provinces ou des territoires	Courtenay	Courtenay	--
2015	2015	British Columbia	Colombie-Britannique	Provincial Nominee Program	Candidats des provinces ou des territoires	Cranbrook	Cranbrook	--
2015	2015	British Columbia	Colombie-Britannique	Provincial Nominee Program	Candidats des provinces ou des territoires	Dawson Creek	Dawson Creek	--
2015	2015	British Columbia	Colombie-Britannique	Provincial Nominee Program	Candidats des provinces ou des territoires	Duncan	Duncan	--
2015	2015	British Columbia	Colombie-Britannique	Provincial Nominee Program	Candidats des provinces ou des territoires	Fort St. John	Fort St. John	15
2015	2015	British Columbia	Colombie-Britannique	Provincial Nominee Program	Candidats des provinces ou des territoires	Kamloops	Kamloops	20
2015	2015	British Columbia	Colombie-Britannique	Provincial Nominee Program	Candidats des provinces ou des territoires	Kelowna	Kelowna	15
2015	2015	British Columbia	Colombie-Britannique	Provincial Nominee Program	Candidats des provinces ou des territoires	Ladysmith	Ladysmith	--
2015	2015	British Columbia	Colombie-Britannique	Provincial Nominee Program	Candidats des provinces ou des territoires	Nanaimo	Nanaimo	5
2015	2015	British Columbia	Colombie-Britannique	Provincial Nominee Program	Candidats des provinces ou des territoires	Nelson	Nelson	--
2015	2015	British Columbia	Colombie-Britannique	Provincial Nominee Program	Candidats des provinces ou des territoires	Other - British Columbia	Autres - Colombie-Britannique	70
2015	2015	British Columbia	Colombie-Britannique	Provincial Nominee Program	Candidats des provinces ou des territoires	Parksville	Parksville	--
2015	2015	British Columbia	Colombie-Britannique	Provincial Nominee Program	Candidats des provinces ou des territoires	Port Alberni	Port Alberni	--
2015	2015	British Columbia	Colombie-Britannique	Provincial Nominee Program	Candidats des provinces ou des territoires	Powell River	Powell River	--
2015	2015	British Columbia	Colombie-Britannique	Provincial Nominee Program	Candidats des provinces ou des territoires	Prince George	Prince George	10
2015	2015	British Columbia	Colombie-Britannique	Provincial Nominee Program	Candidats des provinces ou des territoires	Quesnel	Quesnel	--
2015	2015	British Columbia	Colombie-Britannique	Provincial Nominee Program	Candidats des provinces ou des territoires	Squamish	Squamish	--
2015	2015	British Columbia	Colombie-Britannique	Provincial Nominee Program	Candidats des provinces ou des territoires	Terrace	Terrace	10
2015	2015	British Columbia	Colombie-Britannique	Provincial Nominee Program	Candidats des provinces ou des territoires	Trail	Trail	--
2015	2015	British Columbia	Colombie-Britannique	Provincial Nominee Program	Candidats des provinces ou des territoires	Vancouver	Vancouver	990
2015	2015	British Columbia	Colombie-Britannique	Provincial Nominee Program	Candidats des provinces ou des territoires	Vernon	Vernon	--
2015	2015	British Columbia	Colombie-Britannique	Provincial Nominee Program	Candidats des provinces ou des territoires	Victoria	Victoria	30
2015	2015	Manitoba	Manitoba	Canadian Experience Class	Catégorie de l'expérience canadienne	Brandon	Brandon	--
2015	2015	Manitoba	Manitoba	Canadian Experience Class	Catégorie de l'expérience canadienne	Other - Manitoba	Autres - Manitoba	10
2015	2015	Manitoba	Manitoba	Canadian Experience Class	Catégorie de l'expérience canadienne	Thompson	Thompson	--
2015	2015	Manitoba	Manitoba	Canadian Experience Class	Catégorie de l'expérience canadienne	Winkler	Winkler	--
2015	2015	Manitoba	Manitoba	Canadian Experience Class	Catégorie de l'expérience canadienne	Winnipeg	Winnipeg	30
2015	2015	Manitoba	Manitoba	Federal Skilled Trades	Métiers spécialisés	Other - Manitoba	Autres - Manitoba	--
2015	2015	Manitoba	Manitoba	Federal Skilled Trades	Métiers spécialisés	Portage la Prairie	Portage la Prairie	--
2015	2015	Manitoba	Manitoba	Federal Skilled Trades	Métiers spécialisés	Thompson	Thompson	--
2015	2015	Manitoba	Manitoba	Federal Skilled Trades	Métiers spécialisés	Winkler	Winkler	--
2015	2015	Manitoba	Manitoba	Federal Skilled Trades	Métiers spécialisés	Winnipeg	Winnipeg	--
2015	2015	Manitoba	Manitoba	Federal Skilled Worker	Travailleurs qualifiés	Brandon	Brandon	--
2015	2015	Manitoba	Manitoba	Federal Skilled Worker	Travailleurs qualifiés	Other - Manitoba	Autres - Manitoba	5
2015	2015	Manitoba	Manitoba	Federal Skilled Worker	Travailleurs qualifiés	Winnipeg	Winnipeg	70
2015	2015	Manitoba	Manitoba	Provincial Nominee Program	Candidats des provinces ou des territoires	Other - Manitoba	Autres - Manitoba	--
2015	2015	Manitoba	Manitoba	Provincial Nominee Program	Candidats des provinces ou des territoires	Portage la Prairie	Portage la Prairie	--
2015	2015	Manitoba	Manitoba	Provincial Nominee Program	Candidats des provinces ou des territoires	Steinbach	Steinbach	--
2015	2015	Manitoba	Manitoba	Provincial Nominee Program	Candidats des provinces ou des territoires	Thompson	Thompson	--
2015	2015	Manitoba	Manitoba	Provincial Nominee Program	Candidats des provinces ou des territoires	Winnipeg	Winnipeg	100
2015	2015	New Brunswick	Nouveau-Brunswick	Canadian Experience Class	Catégorie de l'expérience canadienne	Fredericton	Fredericton	--
2015	2015	New Brunswick	Nouveau-Brunswick	Canadian Experience Class	Catégorie de l'expérience canadienne	Miramichi	Miramichi	--
2015	2015	New Brunswick	Nouveau-Brunswick	Canadian Experience Class	Catégorie de l'expérience canadienne	Moncton	Moncton	--
2015	2015	New Brunswick	Nouveau-Brunswick	Canadian Experience Class	Catégorie de l'expérience canadienne	Other - New Brunswick	Autres - Nouveau-Brunswick	--
2015	2015	New Brunswick	Nouveau-Brunswick	Canadian Experience Class	Catégorie de l'expérience canadienne	Saint John	Saint John	5
2015	2015	New Brunswick	Nouveau-Brunswick	Federal Skilled Trades	Métiers spécialisés	Moncton	Moncton	--
2015	2015	New Brunswick	Nouveau-Brunswick	Federal Skilled Trades	Métiers spécialisés	Other - New Brunswick	Autres - Nouveau-Brunswick	--
2015	2015	New Brunswick	Nouveau-Brunswick	Federal Skilled Worker	Travailleurs qualifiés	Bathurst	Bathurst	--
2015	2015	New Brunswick	Nouveau-Brunswick	Federal Skilled Worker	Travailleurs qualifiés	Fredericton	Fredericton	10
2015	2015	New Brunswick	Nouveau-Brunswick	Federal Skilled Worker	Travailleurs qualifiés	Moncton	Moncton	10
2015	2015	New Brunswick	Nouveau-Brunswick	Federal Skilled Worker	Travailleurs qualifiés	Saint John	Saint John	5
2015	2015	New Brunswick	Nouveau-Brunswick	Provincial Nominee Program	Candidats des provinces ou des territoires	Bathurst	Bathurst	--
2015	2015	New Brunswick	Nouveau-Brunswick	Provincial Nominee Program	Candidats des provinces ou des territoires	Fredericton	Fredericton	40
2015	2015	New Brunswick	Nouveau-Brunswick	Provincial Nominee Program	Candidats des provinces ou des territoires	Moncton	Moncton	15
2015	2015	New Brunswick	Nouveau-Brunswick	Provincial Nominee Program	Candidats des provinces ou des territoires	Other - New Brunswick	Autres - Nouveau-Brunswick	--
2015	2015	New Brunswick	Nouveau-Brunswick	Provincial Nominee Program	Candidats des provinces ou des territoires	Saint John	Saint John	25
2015	2015	Newfoundland and Labrador	Terre-Neuve-et-Labrador	Canadian Experience Class	Catégorie de l'expérience canadienne	Corner Brook	Corner Brook	--
2015	2015	Newfoundland and Labrador	Terre-Neuve-et-Labrador	Canadian Experience Class	Catégorie de l'expérience canadienne	Other - Newfoundland and Labrador	Autres - Terre-Neuve-et-Labrador	--
2015	2015	Newfoundland and Labrador	Terre-Neuve-et-Labrador	Canadian Experience Class	Catégorie de l'expérience canadienne	St. John's	St. John's	10
2015	2015	Newfoundland and Labrador	Terre-Neuve-et-Labrador	Federal Skilled Trades	Métiers spécialisés	Other - Newfoundland and Labrador	Autres - Terre-Neuve-et-Labrador	--
2015	2015	Newfoundland and Labrador	Terre-Neuve-et-Labrador	Federal Skilled Trades	Métiers spécialisés	St. John's	St. John's	10
2015	2015	Newfoundland and Labrador	Terre-Neuve-et-Labrador	Federal Skilled Worker	Travailleurs qualifiés	Gander	Gander	--
2015	2015	Newfoundland and Labrador	Terre-Neuve-et-Labrador	Federal Skilled Worker	Travailleurs qualifiés	Grand Falls-Windsor	Grand Falls-Windsor	--
2015	2015	Newfoundland and Labrador	Terre-Neuve-et-Labrador	Federal Skilled Worker	Travailleurs qualifiés	Other - Newfoundland and Labrador	Autres - Terre-Neuve-et-Labrador	--
2015	2015	Newfoundland and Labrador	Terre-Neuve-et-Labrador	Federal Skilled Worker	Travailleurs qualifiés	St. John's	St. John's	25
2015	2015	Northwest Territories	Territoires du Nord-Ouest	Canadian Experience Class	Catégorie de l'expérience canadienne	Territories (outside Census agglomeration, Northwest Territories)	Territoires (à l'extérieur des agglomérations de recensement, Territoires du Nord-Ouest)	--
2015	2015	Northwest Territories	Territoires du Nord-Ouest	Canadian Experience Class	Catégorie de l'expérience canadienne	Yellowknife	Yellowknife	10
2015	2015	Northwest Territories	Territoires du Nord-Ouest	Federal Skilled Trades	Métiers spécialisés	Yellowknife	Yellowknife	--
2015	2015	Northwest Territories	Territoires du Nord-Ouest	Federal Skilled Worker	Travailleurs qualifiés	Territories (outside Census agglomeration, Northwest Territories)	Territoires (à l'extérieur des agglomérations de recensement, Territoires du Nord-Ouest)	--
2015	2015	Northwest Territories	Territoires du Nord-Ouest	Federal Skilled Worker	Travailleurs qualifiés	Yellowknife	Yellowknife	10
2015	2015	Northwest Territories	Territoires du Nord-Ouest	Provincial Nominee Program	Candidats des provinces ou des territoires	Yellowknife	Yellowknife	5
2015	2015	Province/Territory not stated	Province / territoire non déclaré(e)	Federal Skilled Worker	Travailleurs qualifiés	Census metropolitan area not stated	Région métropolitaine de recensement non déclarée	--
2015	2015	Province/Territory not stated	Province / territoire non déclaré(e)	Provincial Nominee Program	Candidats des provinces ou des territoires	Census metropolitan area not stated	Région métropolitaine de recensement non déclarée	--
2015	2015	Nova Scotia	Nouvelle-Écosse	Canadian Experience Class	Catégorie de l'expérience canadienne	Cape Breton	Cape Breton	--
2015	2015	Nova Scotia	Nouvelle-Écosse	Canadian Experience Class	Catégorie de l'expérience canadienne	Halifax	Halifax	35
2015	2015	Nova Scotia	Nouvelle-Écosse	Canadian Experience Class	Catégorie de l'expérience canadienne	Kentville	Kentville	--
2015	2015	Nova Scotia	Nouvelle-Écosse	Canadian Experience Class	Catégorie de l'expérience canadienne	Other - Nova Scotia	Autres - Nouvelle-Écosse	10
2015	2015	Nova Scotia	Nouvelle-Écosse	Canadian Experience Class	Catégorie de l'expérience canadienne	Truro	Truro	--
2015	2015	Nova Scotia	Nouvelle-Écosse	Federal Skilled Trades	Métiers spécialisés	Halifax	Halifax	--
2015	2015	Nova Scotia	Nouvelle-Écosse	Federal Skilled Trades	Métiers spécialisés	Other - Nova Scotia	Autres - Nouvelle-Écosse	--
2015	2015	Nova Scotia	Nouvelle-Écosse	Federal Skilled Trades	Métiers spécialisés	Truro	Truro	--
2015	2015	Nova Scotia	Nouvelle-Écosse	Federal Skilled Worker	Travailleurs qualifiés	Cape Breton	Cape Breton	--
2015	2015	Nova Scotia	Nouvelle-Écosse	Federal Skilled Worker	Travailleurs qualifiés	Halifax	Halifax	85
2015	2015	Nova Scotia	Nouvelle-Écosse	Federal Skilled Worker	Travailleurs qualifiés	Kentville	Kentville	--
2015	2015	Nova Scotia	Nouvelle-Écosse	Federal Skilled Worker	Travailleurs qualifiés	New Glasgow	New Glasgow	--
2015	2015	Nova Scotia	Nouvelle-Écosse	Federal Skilled Worker	Travailleurs qualifiés	Other - Nova Scotia	Autres - Nouvelle-Écosse	15
2015	2015	Nova Scotia	Nouvelle-Écosse	Federal Skilled Worker	Travailleurs qualifiés	Truro	Truro	--
2015	2015	Nova Scotia	Nouvelle-Écosse	Provincial Nominee Program	Candidats des provinces ou des territoires	Cape Breton	Cape Breton	5
2015	2015	Nova Scotia	Nouvelle-Écosse	Provincial Nominee Program	Candidats des provinces ou des territoires	Halifax	Halifax	470
2015	2015	Nova Scotia	Nouvelle-Écosse	Provincial Nominee Program	Candidats des provinces ou des territoires	New Glasgow	New Glasgow	--
2015	2015	Nova Scotia	Nouvelle-Écosse	Provincial Nominee Program	Candidats des provinces ou des territoires	Other - Nova Scotia	Autres - Nouvelle-Écosse	--
2015	2015	Nova Scotia	Nouvelle-Écosse	Provincial Nominee Program	Candidats des provinces ou des territoires	Truro	Truro	15
2015	2015	Nunavut	Nunavut	Canadian Experience Class	Catégorie de l'expérience canadienne	Territories (outside Census agglomeration, Nunavut)	Territoires (à l'extérieur des agglomérations de recensement, Nunavut)	5
2015	2015	Nunavut	Nunavut	Federal Skilled Worker	Travailleurs qualifiés	Territories (outside Census agglomeration, Nunavut)	Territoires (à l'extérieur des agglomérations de recensement, Nunavut)	--
2015	2015	Ontario	Ontario	Canadian Experience Class	Catégorie de l'expérience canadienne	Barrie	Barrie	10
2015	2015	Ontario	Ontario	Canadian Experience Class	Catégorie de l'expérience canadienne	Belleville - Quinte West	Belleville - Quinte West	--
2015	2015	Ontario	Ontario	Canadian Experience Class	Catégorie de l'expérience canadienne	Brantford	Brantford	--
2015	2015	Ontario	Ontario	Canadian Experience Class	Catégorie de l'expérience canadienne	Brockville	Brockville	--
2015	2015	Ontario	Ontario	Canadian Experience Class	Catégorie de l'expérience canadienne	Chatham-Kent	Chatham-Kent	--
2015	2015	Ontario	Ontario	Canadian Experience Class	Catégorie de l'expérience canadienne	Cobourg	Cobourg	--
2015	2015	Ontario	Ontario	Canadian Experience Class	Catégorie de l'expérience canadienne	Collingwood	Collingwood	--
2015	2015	Ontario	Ontario	Canadian Experience Class	Catégorie de l'expérience canadienne	Greater Sudbury	Grand Sudbury	5
2015	2015	Ontario	Ontario	Canadian Experience Class	Catégorie de l'expérience canadienne	Guelph	Guelph	20
2015	2015	Ontario	Ontario	Canadian Experience Class	Catégorie de l'expérience canadienne	Hamilton	Hamilton	40
2015	2015	Ontario	Ontario	Canadian Experience Class	Catégorie de l'expérience canadienne	Hawkesbury (Ontario part)	Hawkesbury (partie de l'Ontario)	--
2015	2015	Ontario	Ontario	Canadian Experience Class	Catégorie de l'expérience canadienne	Kawartha Lakes	Kawartha Lakes	--
2015	2015	Ontario	Ontario	Canadian Experience Class	Catégorie de l'expérience canadienne	Kingston	Kingston	15
2015	2015	Ontario	Ontario	Canadian Experience Class	Catégorie de l'expérience canadienne	Kitchener - Cambridge - Waterloo	Kitchener - Cambridge - Waterloo	75
2015	2015	Ontario	Ontario	Canadian Experience Class	Catégorie de l'expérience canadienne	London	Londres	45
2015	2015	Ontario	Ontario	Canadian Experience Class	Catégorie de l'expérience canadienne	Norfolk	Norfolk	--
2015	2015	Ontario	Ontario	Canadian Experience Class	Catégorie de l'expérience canadienne	North Bay	North Bay	--
2015	2015	Ontario	Ontario	Canadian Experience Class	Catégorie de l'expérience canadienne	Orillia	Orillia	--
2015	2015	Ontario	Ontario	Canadian Experience Class	Catégorie de l'expérience canadienne	Oshawa	Oshawa	10
2015	2015	Ontario	Ontario	Canadian Experience Class	Catégorie de l'expérience canadienne	Other - Ontario	Autres - Ontario	50
2015	2015	Ontario	Ontario	Canadian Experience Class	Catégorie de l'expérience canadienne	Ottawa - Gatineau (Ontario part)	Ottawa - Gatineau (partie de l'Ontario)	105
2015	2015	Ontario	Ontario	Canadian Experience Class	Catégorie de l'expérience canadienne	Owen Sound	Owen Sound	--
2015	2015	Ontario	Ontario	Canadian Experience Class	Catégorie de l'expérience canadienne	Peterborough	Peterborough	10
2015	2015	Ontario	Ontario	Canadian Experience Class	Catégorie de l'expérience canadienne	Sarnia	Sarnia	5
2015	2015	Ontario	Ontario	Canadian Experience Class	Catégorie de l'expérience canadienne	Sault Ste. Marie	Sault Ste. Marie	--
2015	2015	Ontario	Ontario	Canadian Experience Class	Catégorie de l'expérience canadienne	St. Catharines - Niagara	St. Catharines - Niagara	15
2015	2015	Ontario	Ontario	Canadian Experience Class	Catégorie de l'expérience canadienne	Stratford	Stratford	--
2015	2015	Ontario	Ontario	Canadian Experience Class	Catégorie de l'expérience canadienne	Thunder Bay	Thunder Bay	--
2015	2015	Ontario	Ontario	Canadian Experience Class	Catégorie de l'expérience canadienne	Tillsonburg	Tillsonburg	--
2015	2015	Ontario	Ontario	Canadian Experience Class	Catégorie de l'expérience canadienne	Timmins	Timmins	--
2015	2015	Ontario	Ontario	Canadian Experience Class	Catégorie de l'expérience canadienne	Toronto	Toronto	1385
2015	2015	Ontario	Ontario	Canadian Experience Class	Catégorie de l'expérience canadienne	Wasaga Beach	Wasaga Beach	--
2015	2015	Ontario	Ontario	Canadian Experience Class	Catégorie de l'expérience canadienne	Windsor	Windsor	10
2015	2015	Ontario	Ontario	Canadian Experience Class	Catégorie de l'expérience canadienne	Woodstock	Woodstock	--
2015	2015	Ontario	Ontario	Federal Skilled Trades	Métiers spécialisés	Barrie	Barrie	--
2015	2015	Ontario	Ontario	Federal Skilled Trades	Métiers spécialisés	Brockville	Brockville	--
2015	2015	Ontario	Ontario	Federal Skilled Trades	Métiers spécialisés	Centre Wellington	Centre Wellington	--
2015	2015	Ontario	Ontario	Federal Skilled Trades	Métiers spécialisés	Chatham-Kent	Chatham-Kent	--
2015	2015	Ontario	Ontario	Federal Skilled Trades	Métiers spécialisés	Cobourg	Cobourg	--
2015	2015	Ontario	Ontario	Federal Skilled Trades	Métiers spécialisés	Greater Sudbury	Grand Sudbury	5
2015	2015	Ontario	Ontario	Federal Skilled Trades	Métiers spécialisés	Guelph	Guelph	--
2015	2015	Ontario	Ontario	Federal Skilled Trades	Métiers spécialisés	Hamilton	Hamilton	5
2015	2015	Ontario	Ontario	Federal Skilled Trades	Métiers spécialisés	Kingston	Kingston	--
2015	2015	Ontario	Ontario	Federal Skilled Trades	Métiers spécialisés	Kitchener - Cambridge - Waterloo	Kitchener - Cambridge - Waterloo	5
2015	2015	Ontario	Ontario	Federal Skilled Trades	Métiers spécialisés	London	Londres	--
2015	2015	Ontario	Ontario	Federal Skilled Trades	Métiers spécialisés	Norfolk	Norfolk	--
2015	2015	Ontario	Ontario	Federal Skilled Trades	Métiers spécialisés	Other - Ontario	Autres - Ontario	10
2015	2015	Ontario	Ontario	Federal Skilled Trades	Métiers spécialisés	Ottawa - Gatineau (Ontario part)	Ottawa - Gatineau (partie de l'Ontario)	10
2015	2015	Ontario	Ontario	Federal Skilled Trades	Métiers spécialisés	Peterborough	Peterborough	--
2015	2015	Ontario	Ontario	Federal Skilled Trades	Métiers spécialisés	Sarnia	Sarnia	--
2015	2015	Ontario	Ontario	Federal Skilled Trades	Métiers spécialisés	St. Catharines - Niagara	St. Catharines - Niagara	--
2015	2015	Ontario	Ontario	Federal Skilled Trades	Métiers spécialisés	Stratford	Stratford	--
2015	2015	Ontario	Ontario	Federal Skilled Trades	Métiers spécialisés	Tillsonburg	Tillsonburg	--
2015	2015	Ontario	Ontario	Federal Skilled Trades	Métiers spécialisés	Toronto	Toronto	135
2015	2015	Ontario	Ontario	Federal Skilled Trades	Métiers spécialisés	Windsor	Windsor	5
2015	2015	Ontario	Ontario	Federal Skilled Worker	Travailleurs qualifiés	Barrie	Barrie	10
2015	2015	Ontario	Ontario	Federal Skilled Worker	Travailleurs qualifiés	Belleville - Quinte West	Belleville - Quinte West	--
2015	2015	Ontario	Ontario	Federal Skilled Worker	Travailleurs qualifiés	Brantford	Brantford	5
2015	2015	Ontario	Ontario	Federal Skilled Worker	Travailleurs qualifiés	Brockville	Brockville	--
2015	2015	Ontario	Ontario	Federal Skilled Worker	Travailleurs qualifiés	Chatham-Kent	Chatham-Kent	--
2015	2015	Ontario	Ontario	Federal Skilled Worker	Travailleurs qualifiés	Cobourg	Cobourg	--
2015	2015	Ontario	Ontario	Federal Skilled Worker	Travailleurs qualifiés	Collingwood	Collingwood	--
2015	2015	Ontario	Ontario	Federal Skilled Worker	Travailleurs qualifiés	Cornwall	Cornwall	--
2015	2015	Ontario	Ontario	Federal Skilled Worker	Travailleurs qualifiés	Greater Sudbury	Grand Sudbury	5
2015	2015	Ontario	Ontario	Federal Skilled Worker	Travailleurs qualifiés	Guelph	Guelph	30
2015	2015	Ontario	Ontario	Federal Skilled Worker	Travailleurs qualifiés	Hamilton	Hamilton	95
2015	2015	Ontario	Ontario	Federal Skilled Worker	Travailleurs qualifiés	Kawartha Lakes	Kawartha Lakes	--
2015	2015	Ontario	Ontario	Federal Skilled Worker	Travailleurs qualifiés	Kenora	Kenora	--
2015	2015	Ontario	Ontario	Federal Skilled Worker	Travailleurs qualifiés	Kingston	Kingston	25
2015	2015	Ontario	Ontario	Federal Skilled Worker	Travailleurs qualifiés	Kitchener - Cambridge - Waterloo	Kitchener - Cambridge - Waterloo	120
2015	2015	Ontario	Ontario	Federal Skilled Worker	Travailleurs qualifiés	London	Londres	75
2015	2015	Ontario	Ontario	Federal Skilled Worker	Travailleurs qualifiés	North Bay	North Bay	--
2015	2015	Ontario	Ontario	Federal Skilled Worker	Travailleurs qualifiés	Orillia	Orillia	--
2015	2015	Ontario	Ontario	Federal Skilled Worker	Travailleurs qualifiés	Oshawa	Oshawa	10
2015	2015	Ontario	Ontario	Federal Skilled Worker	Travailleurs qualifiés	Other - Ontario	Autres - Ontario	25
2015	2015	Ontario	Ontario	Federal Skilled Worker	Travailleurs qualifiés	Ottawa - Gatineau (Ontario part)	Ottawa - Gatineau (partie de l'Ontario)	315
2015	2015	Ontario	Ontario	Federal Skilled Worker	Travailleurs qualifiés	Peterborough	Peterborough	5
2015	2015	Ontario	Ontario	Federal Skilled Worker	Travailleurs qualifiés	Sarnia	Sarnia	5
2015	2015	Ontario	Ontario	Federal Skilled Worker	Travailleurs qualifiés	Sault Ste. Marie	Sault Ste. Marie	--
2015	2015	Ontario	Ontario	Federal Skilled Worker	Travailleurs qualifiés	St. Catharines - Niagara	St. Catharines - Niagara	20
2015	2015	Ontario	Ontario	Federal Skilled Worker	Travailleurs qualifiés	Thunder Bay	Thunder Bay	5
2015	2015	Ontario	Ontario	Federal Skilled Worker	Travailleurs qualifiés	Timmins	Timmins	--
2015	2015	Ontario	Ontario	Federal Skilled Worker	Travailleurs qualifiés	Toronto	Toronto	3855
2015	2015	Ontario	Ontario	Federal Skilled Worker	Travailleurs qualifiés	Windsor	Windsor	35
2015	2015	Ontario	Ontario	Federal Skilled Worker	Travailleurs qualifiés	Woodstock	Woodstock	--
2015	2015	Ontario	Ontario	Provincial Nominee Program	Candidats des provinces ou des territoires	Belleville - Quinte West	Belleville - Quinte West	--
2015	2015	Ontario	Ontario	Provincial Nominee Program	Candidats des provinces ou des territoires	Chatham-Kent	Chatham-Kent	--
2015	2015	Ontario	Ontario	Provincial Nominee Program	Candidats des provinces ou des territoires	Greater Sudbury	Grand Sudbury	--
2015	2015	Ontario	Ontario	Provincial Nominee Program	Candidats des provinces ou des territoires	Guelph	Guelph	--
2015	2015	Ontario	Ontario	Provincial Nominee Program	Candidats des provinces ou des territoires	Hamilton	Hamilton	15
2015	2015	Ontario	Ontario	Provincial Nominee Program	Candidats des provinces ou des territoires	Kingston	Kingston	--
2015	2015	Ontario	Ontario	Provincial Nominee Program	Candidats des provinces ou des territoires	Kitchener - Cambridge - Waterloo	Kitchener - Cambridge - Waterloo	20
2015	2015	Ontario	Ontario	Provincial Nominee Program	Candidats des provinces ou des territoires	London	Londres	10
2015	2015	Ontario	Ontario	Provincial Nominee Program	Candidats des provinces ou des territoires	North Bay	North Bay	--
2015	2015	Ontario	Ontario	Provincial Nominee Program	Candidats des provinces ou des territoires	Oshawa	Oshawa	--
2015	2015	Ontario	Ontario	Provincial Nominee Program	Candidats des provinces ou des territoires	Other - Ontario	Autres - Ontario	--
2015	2015	Ontario	Ontario	Provincial Nominee Program	Candidats des provinces ou des territoires	Ottawa - Gatineau (Ontario part)	Ottawa - Gatineau (partie de l'Ontario)	45
2015	2015	Ontario	Ontario	Provincial Nominee Program	Candidats des provinces ou des territoires	Peterborough	Peterborough	--
2015	2015	Ontario	Ontario	Provincial Nominee Program	Candidats des provinces ou des territoires	Sarnia	Sarnia	--
2015	2015	Ontario	Ontario	Provincial Nominee Program	Candidats des provinces ou des territoires	Sault Ste. Marie	Sault Ste. Marie	--
2015	2015	Ontario	Ontario	Provincial Nominee Program	Candidats des provinces ou des territoires	St. Catharines - Niagara	St. Catharines - Niagara	--
2015	2015	Ontario	Ontario	Provincial Nominee Program	Candidats des provinces ou des territoires	Thunder Bay	Thunder Bay	--
2015	2015	Ontario	Ontario	Provincial Nominee Program	Candidats des provinces ou des territoires	Toronto	Toronto	535
2015	2015	Ontario	Ontario	Provincial Nominee Program	Candidats des provinces ou des territoires	Windsor	Windsor	--
2015	2015	Prince Edward Island	Île-du-Prince-Édouard	Canadian Experience Class	Catégorie de l'expérience canadienne	Charlottetown	Charlottetown	--
2015	2015	Prince Edward Island	Île-du-Prince-Édouard	Canadian Experience Class	Catégorie de l'expérience canadienne	Other - Prince Edward Island	Autres - Île-du-Prince-Édouard	--
2015	2015	Prince Edward Island	Île-du-Prince-Édouard	Federal Skilled Worker	Travailleurs qualifiés	Charlottetown	Charlottetown	5
2015	2015	Prince Edward Island	Île-du-Prince-Édouard	Provincial Nominee Program	Candidats des provinces ou des territoires	Charlottetown	Charlottetown	115
2015	2015	Prince Edward Island	Île-du-Prince-Édouard	Provincial Nominee Program	Candidats des provinces ou des territoires	Other - Prince Edward Island	Autres - Île-du-Prince-Édouard	--
2015	2015	Prince Edward Island	Île-du-Prince-Édouard	Provincial Nominee Program	Candidats des provinces ou des territoires	Summerside	Summerside	--
2015	2015	Saskatchewan	Saskatchewan	Canadian Experience Class	Catégorie de l'expérience canadienne	Estevan	Estevan	5
2015	2015	Saskatchewan	Saskatchewan	Canadian Experience Class	Catégorie de l'expérience canadienne	Lloydminster (Saskatchewan part)	Lloydminster (partie de la Saskatchewan)	10
2015	2015	Saskatchewan	Saskatchewan	Canadian Experience Class	Catégorie de l'expérience canadienne	Moose Jaw	Moose Jaw	--
2015	2015	Saskatchewan	Saskatchewan	Canadian Experience Class	Catégorie de l'expérience canadienne	Other - Saskatchewan	Autres - Saskatchewan	20
2015	2015	Saskatchewan	Saskatchewan	Canadian Experience Class	Catégorie de l'expérience canadienne	Prince Albert	Prince Albert	--
2015	2015	Saskatchewan	Saskatchewan	Canadian Experience Class	Catégorie de l'expérience canadienne	Regina	Regina	35
2015	2015	Saskatchewan	Saskatchewan	Canadian Experience Class	Catégorie de l'expérience canadienne	Saskatoon	Saskatoon	35
2015	2015	Saskatchewan	Saskatchewan	Canadian Experience Class	Catégorie de l'expérience canadienne	Swift Current	Swift Current	--
2015	2015	Saskatchewan	Saskatchewan	Canadian Experience Class	Catégorie de l'expérience canadienne	Weyburn	Weyburn	--
2015	2015	Saskatchewan	Saskatchewan	Canadian Experience Class	Catégorie de l'expérience canadienne	Yorkton	Yorkton	--
2015	2015	Saskatchewan	Saskatchewan	Federal Skilled Trades	Métiers spécialisés	Lloydminster (Saskatchewan part)	Lloydminster (partie de la Saskatchewan)	--
2015	2015	Saskatchewan	Saskatchewan	Federal Skilled Trades	Métiers spécialisés	Moose Jaw	Moose Jaw	--
2015	2015	Saskatchewan	Saskatchewan	Federal Skilled Trades	Métiers spécialisés	Other - Saskatchewan	Autres - Saskatchewan	5
2015	2015	Saskatchewan	Saskatchewan	Federal Skilled Trades	Métiers spécialisés	Regina	Regina	10
2015	2015	Saskatchewan	Saskatchewan	Federal Skilled Trades	Métiers spécialisés	Saskatoon	Saskatoon	10
2015	2015	Saskatchewan	Saskatchewan	Federal Skilled Trades	Métiers spécialisés	Swift Current	Swift Current	--
2015	2015	Saskatchewan	Saskatchewan	Federal Skilled Trades	Métiers spécialisés	Yorkton	Yorkton	--
2015	2015	Saskatchewan	Saskatchewan	Federal Skilled Worker	Travailleurs qualifiés	Lloydminster (Saskatchewan part)	Lloydminster (partie de la Saskatchewan)	--
2015	2015	Saskatchewan	Saskatchewan	Federal Skilled Worker	Travailleurs qualifiés	Moose Jaw	Moose Jaw	--
2015	2015	Saskatchewan	Saskatchewan	Federal Skilled Worker	Travailleurs qualifiés	North Battleford	North Battleford	--
2015	2015	Saskatchewan	Saskatchewan	Federal Skilled Worker	Travailleurs qualifiés	Other - Saskatchewan	Autres - Saskatchewan	15
2015	2015	Saskatchewan	Saskatchewan	Federal Skilled Worker	Travailleurs qualifiés	Prince Albert	Prince Albert	5
2015	2015	Saskatchewan	Saskatchewan	Federal Skilled Worker	Travailleurs qualifiés	Regina	Regina	30
2015	2015	Saskatchewan	Saskatchewan	Federal Skilled Worker	Travailleurs qualifiés	Saskatoon	Saskatoon	50
2015	2015	Saskatchewan	Saskatchewan	Federal Skilled Worker	Travailleurs qualifiés	Weyburn	Weyburn	--
2015	2015	Saskatchewan	Saskatchewan	Provincial Nominee Program	Candidats des provinces ou des territoires	Other - Saskatchewan	Autres - Saskatchewan	--
2015	2015	Saskatchewan	Saskatchewan	Provincial Nominee Program	Candidats des provinces ou des territoires	Prince Albert	Prince Albert	--
2015	2015	Saskatchewan	Saskatchewan	Provincial Nominee Program	Candidats des provinces ou des territoires	Regina	Regina	140
2015	2015	Saskatchewan	Saskatchewan	Provincial Nominee Program	Candidats des provinces ou des territoires	Saskatoon	Saskatoon	155
2015	2015	Yukon	Yukon	Canadian Experience Class	Catégorie de l'expérience canadienne	Whitehorse	Whitehorse	--
2015	2015	Yukon	Yukon	Federal Skilled Worker	Travailleurs qualifiés	Whitehorse	Whitehorse	5
2016	2016	Alberta	Alberta	Canadian Experience Class	Catégorie de l'expérience canadienne	Brooks	Brooks	5
2016	2016	Alberta	Alberta	Canadian Experience Class	Catégorie de l'expérience canadienne	Calgary	Calgary	1160
2016	2016	Alberta	Alberta	Canadian Experience Class	Catégorie de l'expérience canadienne	Camrose	Camrose	10
2016	2016	Alberta	Alberta	Canadian Experience Class	Catégorie de l'expérience canadienne	Canmore	Canmore	30
2016	2016	Alberta	Alberta	Canadian Experience Class	Catégorie de l'expérience canadienne	Edmonton	Edmonton	1265
2016	2016	Alberta	Alberta	Canadian Experience Class	Catégorie de l'expérience canadienne	Grande Prairie	Grande Prairie	50
2016	2016	Alberta	Alberta	Canadian Experience Class	Catégorie de l'expérience canadienne	High River	High River	10
2016	2016	Alberta	Alberta	Canadian Experience Class	Catégorie de l'expérience canadienne	Lacombe	Lacombe	5
2016	2016	Alberta	Alberta	Canadian Experience Class	Catégorie de l'expérience canadienne	Lethbridge	Lethbridge	65
2016	2016	Alberta	Alberta	Canadian Experience Class	Catégorie de l'expérience canadienne	Lloydminster (Alberta part)	Lloydminster (partie de l'Alberta)	20
2016	2016	Alberta	Alberta	Canadian Experience Class	Catégorie de l'expérience canadienne	Medicine Hat	Medicine Hat	25
2016	2016	Alberta	Alberta	Canadian Experience Class	Catégorie de l'expérience canadienne	Okotoks	Okotoks	30
2016	2016	Alberta	Alberta	Canadian Experience Class	Catégorie de l'expérience canadienne	Other - Alberta	Autres - Alberta	410
2016	2016	Alberta	Alberta	Canadian Experience Class	Catégorie de l'expérience canadienne	Red Deer	Red Deer	60
2016	2016	Alberta	Alberta	Canadian Experience Class	Catégorie de l'expérience canadienne	Strathmore	Strathmore	20
2016	2016	Alberta	Alberta	Canadian Experience Class	Catégorie de l'expérience canadienne	Sylvan Lake	Sylvan Lake	--
2016	2016	Alberta	Alberta	Canadian Experience Class	Catégorie de l'expérience canadienne	Wetaskiwin	Wetaskiwin	15
2016	2016	Alberta	Alberta	Canadian Experience Class	Catégorie de l'expérience canadienne	Wood Buffalo	Wood Buffalo	100
2016	2016	Alberta	Alberta	Federal Skilled Trades	Métiers spécialisés	Calgary	Calgary	160
2016	2016	Alberta	Alberta	Federal Skilled Trades	Métiers spécialisés	Camrose	Camrose	--
2016	2016	Alberta	Alberta	Federal Skilled Trades	Métiers spécialisés	Edmonton	Edmonton	240
2016	2016	Alberta	Alberta	Federal Skilled Trades	Métiers spécialisés	Grande Prairie	Grande Prairie	15
2016	2016	Alberta	Alberta	Federal Skilled Trades	Métiers spécialisés	High River	High River	10
2016	2016	Alberta	Alberta	Federal Skilled Trades	Métiers spécialisés	Lacombe	Lacombe	--
2016	2016	Alberta	Alberta	Federal Skilled Trades	Métiers spécialisés	Lethbridge	Lethbridge	10
2016	2016	Alberta	Alberta	Federal Skilled Trades	Métiers spécialisés	Lloydminster (Alberta part)	Lloydminster (partie de l'Alberta)	--
2016	2016	Alberta	Alberta	Federal Skilled Trades	Métiers spécialisés	Medicine Hat	Medicine Hat	--
2016	2016	Alberta	Alberta	Federal Skilled Trades	Métiers spécialisés	Okotoks	Okotoks	--
2016	2016	Alberta	Alberta	Federal Skilled Trades	Métiers spécialisés	Other - Alberta	Autres - Alberta	65
2016	2016	Alberta	Alberta	Federal Skilled Trades	Métiers spécialisés	Red Deer	Red Deer	10
2016	2016	Alberta	Alberta	Federal Skilled Trades	Métiers spécialisés	Strathmore	Strathmore	--
2016	2016	Alberta	Alberta	Federal Skilled Trades	Métiers spécialisés	Wetaskiwin	Wetaskiwin	--
2016	2016	Alberta	Alberta	Federal Skilled Trades	Métiers spécialisés	Wood Buffalo	Wood Buffalo	10
2016	2016	Alberta	Alberta	Federal Skilled Worker	Travailleurs qualifiés	Brooks	Brooks	--
2016	2016	Alberta	Alberta	Federal Skilled Worker	Travailleurs qualifiés	Calgary	Calgary	605
2016	2016	Alberta	Alberta	Federal Skilled Worker	Travailleurs qualifiés	Camrose	Camrose	5
2016	2016	Alberta	Alberta	Federal Skilled Worker	Travailleurs qualifiés	Canmore	Canmore	5
2016	2016	Alberta	Alberta	Federal Skilled Worker	Travailleurs qualifiés	Edmonton	Edmonton	425
2016	2016	Alberta	Alberta	Federal Skilled Worker	Travailleurs qualifiés	Grande Prairie	Grande Prairie	15
2016	2016	Alberta	Alberta	Federal Skilled Worker	Travailleurs qualifiés	Lacombe	Lacombe	--
2016	2016	Alberta	Alberta	Federal Skilled Worker	Travailleurs qualifiés	Lethbridge	Lethbridge	20
2016	2016	Alberta	Alberta	Federal Skilled Worker	Travailleurs qualifiés	Lloydminster (Alberta part)	Lloydminster (partie de l'Alberta)	--
2016	2016	Alberta	Alberta	Federal Skilled Worker	Travailleurs qualifiés	Medicine Hat	Medicine Hat	5
2016	2016	Alberta	Alberta	Federal Skilled Worker	Travailleurs qualifiés	Okotoks	Okotoks	--
2016	2016	Alberta	Alberta	Federal Skilled Worker	Travailleurs qualifiés	Other - Alberta	Autres - Alberta	110
2016	2016	Alberta	Alberta	Federal Skilled Worker	Travailleurs qualifiés	Red Deer	Red Deer	15
2016	2016	Alberta	Alberta	Federal Skilled Worker	Travailleurs qualifiés	Strathmore	Strathmore	--
2016	2016	Alberta	Alberta	Federal Skilled Worker	Travailleurs qualifiés	Sylvan Lake	Sylvan Lake	--
2016	2016	Alberta	Alberta	Federal Skilled Worker	Travailleurs qualifiés	Wetaskiwin	Wetaskiwin	--
2016	2016	Alberta	Alberta	Federal Skilled Worker	Travailleurs qualifiés	Wood Buffalo	Wood Buffalo	25
2016	2016	Alberta	Alberta	Provincial Nominee Program	Candidats des provinces ou des territoires	Calgary	Calgary	--
2016	2016	British Columbia	Colombie-Britannique	Canadian Experience Class	Catégorie de l'expérience canadienne	Abbotsford - Mission	Abbotsford - Mission	30
2016	2016	British Columbia	Colombie-Britannique	Canadian Experience Class	Catégorie de l'expérience canadienne	Campbell River	Campbell River	--
2016	2016	British Columbia	Colombie-Britannique	Canadian Experience Class	Catégorie de l'expérience canadienne	Chilliwack	Chilliwack	15
2016	2016	British Columbia	Colombie-Britannique	Canadian Experience Class	Catégorie de l'expérience canadienne	Courtenay	Courtenay	--
2016	2016	British Columbia	Colombie-Britannique	Canadian Experience Class	Catégorie de l'expérience canadienne	Cranbrook	Cranbrook	--
2016	2016	British Columbia	Colombie-Britannique	Canadian Experience Class	Catégorie de l'expérience canadienne	Dawson Creek	Dawson Creek	5
2016	2016	British Columbia	Colombie-Britannique	Canadian Experience Class	Catégorie de l'expérience canadienne	Duncan	Duncan	--
2016	2016	British Columbia	Colombie-Britannique	Canadian Experience Class	Catégorie de l'expérience canadienne	Fort St. John	Fort St. John	10
2016	2016	British Columbia	Colombie-Britannique	Canadian Experience Class	Catégorie de l'expérience canadienne	Kamloops	Kamloops	20
2016	2016	British Columbia	Colombie-Britannique	Canadian Experience Class	Catégorie de l'expérience canadienne	Kelowna	Kelowna	45
2016	2016	British Columbia	Colombie-Britannique	Canadian Experience Class	Catégorie de l'expérience canadienne	Ladysmith	Ladysmith	--
2016	2016	British Columbia	Colombie-Britannique	Canadian Experience Class	Catégorie de l'expérience canadienne	Nanaimo	Nanaimo	20
2016	2016	British Columbia	Colombie-Britannique	Canadian Experience Class	Catégorie de l'expérience canadienne	Nelson	Nelson	5
2016	2016	British Columbia	Colombie-Britannique	Canadian Experience Class	Catégorie de l'expérience canadienne	Other - British Columbia	Autres - Colombie-Britannique	160
2016	2016	British Columbia	Colombie-Britannique	Canadian Experience Class	Catégorie de l'expérience canadienne	Parksville	Parksville	--
2016	2016	British Columbia	Colombie-Britannique	Canadian Experience Class	Catégorie de l'expérience canadienne	Penticton	Penticton	--
2016	2016	British Columbia	Colombie-Britannique	Canadian Experience Class	Catégorie de l'expérience canadienne	Port Alberni	Port Alberni	5
2016	2016	British Columbia	Colombie-Britannique	Canadian Experience Class	Catégorie de l'expérience canadienne	Powell River	Powell River	--
2016	2016	British Columbia	Colombie-Britannique	Canadian Experience Class	Catégorie de l'expérience canadienne	Prince George	Prince George	20
2016	2016	British Columbia	Colombie-Britannique	Canadian Experience Class	Catégorie de l'expérience canadienne	Prince Rupert	Prince Rupert	--
2016	2016	British Columbia	Colombie-Britannique	Canadian Experience Class	Catégorie de l'expérience canadienne	Quesnel	Quesnel	--
2016	2016	British Columbia	Colombie-Britannique	Canadian Experience Class	Catégorie de l'expérience canadienne	Salmon Arm	Salmon Arm	--
2016	2016	British Columbia	Colombie-Britannique	Canadian Experience Class	Catégorie de l'expérience canadienne	Squamish	Squamish	10
2016	2016	British Columbia	Colombie-Britannique	Canadian Experience Class	Catégorie de l'expérience canadienne	Terrace	Terrace	10
2016	2016	British Columbia	Colombie-Britannique	Canadian Experience Class	Catégorie de l'expérience canadienne	Trail	Trail	--
2016	2016	British Columbia	Colombie-Britannique	Canadian Experience Class	Catégorie de l'expérience canadienne	Vancouver	Vancouver	2045
2016	2016	British Columbia	Colombie-Britannique	Canadian Experience Class	Catégorie de l'expérience canadienne	Vernon	Vernon	5
2016	2016	British Columbia	Colombie-Britannique	Canadian Experience Class	Catégorie de l'expérience canadienne	Victoria	Victoria	85
2016	2016	British Columbia	Colombie-Britannique	Canadian Experience Class	Catégorie de l'expérience canadienne	Williams Lake	Williams Lake	--
2016	2016	British Columbia	Colombie-Britannique	Federal Skilled Trades	Métiers spécialisés	Abbotsford - Mission	Abbotsford - Mission	55
2016	2016	British Columbia	Colombie-Britannique	Federal Skilled Trades	Métiers spécialisés	Chilliwack	Chilliwack	5
2016	2016	British Columbia	Colombie-Britannique	Federal Skilled Trades	Métiers spécialisés	Dawson Creek	Dawson Creek	--
2016	2016	British Columbia	Colombie-Britannique	Federal Skilled Trades	Métiers spécialisés	Duncan	Duncan	--
2016	2016	British Columbia	Colombie-Britannique	Federal Skilled Trades	Métiers spécialisés	Fort St. John	Fort St. John	5
2016	2016	British Columbia	Colombie-Britannique	Federal Skilled Trades	Métiers spécialisés	Kamloops	Kamloops	10
2016	2016	British Columbia	Colombie-Britannique	Federal Skilled Trades	Métiers spécialisés	Kelowna	Kelowna	5
2016	2016	British Columbia	Colombie-Britannique	Federal Skilled Trades	Métiers spécialisés	Ladysmith	Ladysmith	--
2016	2016	British Columbia	Colombie-Britannique	Federal Skilled Trades	Métiers spécialisés	Other - British Columbia	Autres - Colombie-Britannique	25
2016	2016	British Columbia	Colombie-Britannique	Federal Skilled Trades	Métiers spécialisés	Penticton	Penticton	5
2016	2016	British Columbia	Colombie-Britannique	Federal Skilled Trades	Métiers spécialisés	Powell River	Powell River	--
2016	2016	British Columbia	Colombie-Britannique	Federal Skilled Trades	Métiers spécialisés	Prince George	Prince George	5
2016	2016	British Columbia	Colombie-Britannique	Federal Skilled Trades	Métiers spécialisés	Squamish	Squamish	--
2016	2016	British Columbia	Colombie-Britannique	Federal Skilled Trades	Métiers spécialisés	Terrace	Terrace	--
2016	2016	British Columbia	Colombie-Britannique	Federal Skilled Trades	Métiers spécialisés	Vancouver	Vancouver	405
2016	2016	British Columbia	Colombie-Britannique	Federal Skilled Trades	Métiers spécialisés	Vernon	Vernon	5
2016	2016	British Columbia	Colombie-Britannique	Federal Skilled Trades	Métiers spécialisés	Victoria	Victoria	5
2016	2016	British Columbia	Colombie-Britannique	Federal Skilled Worker	Travailleurs qualifiés	Abbotsford - Mission	Abbotsford - Mission	15
2016	2016	British Columbia	Colombie-Britannique	Federal Skilled Worker	Travailleurs qualifiés	Campbell River	Campbell River	--
2016	2016	British Columbia	Colombie-Britannique	Federal Skilled Worker	Travailleurs qualifiés	Chilliwack	Chilliwack	--
2016	2016	British Columbia	Colombie-Britannique	Federal Skilled Worker	Travailleurs qualifiés	Cranbrook	Cranbrook	--
2016	2016	British Columbia	Colombie-Britannique	Federal Skilled Worker	Travailleurs qualifiés	Duncan	Duncan	--
2016	2016	British Columbia	Colombie-Britannique	Federal Skilled Worker	Travailleurs qualifiés	Fort St. John	Fort St. John	5
2016	2016	British Columbia	Colombie-Britannique	Federal Skilled Worker	Travailleurs qualifiés	Kamloops	Kamloops	5
2016	2016	British Columbia	Colombie-Britannique	Federal Skilled Worker	Travailleurs qualifiés	Kelowna	Kelowna	15
2016	2016	British Columbia	Colombie-Britannique	Federal Skilled Worker	Travailleurs qualifiés	Nanaimo	Nanaimo	5
2016	2016	British Columbia	Colombie-Britannique	Federal Skilled Worker	Travailleurs qualifiés	Other - British Columbia	Autres - Colombie-Britannique	65
2016	2016	British Columbia	Colombie-Britannique	Federal Skilled Worker	Travailleurs qualifiés	Penticton	Penticton	--
2016	2016	British Columbia	Colombie-Britannique	Federal Skilled Worker	Travailleurs qualifiés	Port Alberni	Port Alberni	--
2016	2016	British Columbia	Colombie-Britannique	Federal Skilled Worker	Travailleurs qualifiés	Prince George	Prince George	5
2016	2016	British Columbia	Colombie-Britannique	Federal Skilled Worker	Travailleurs qualifiés	Prince Rupert	Prince Rupert	--
2016	2016	British Columbia	Colombie-Britannique	Federal Skilled Worker	Travailleurs qualifiés	Quesnel	Quesnel	--
2016	2016	British Columbia	Colombie-Britannique	Federal Skilled Worker	Travailleurs qualifiés	Salmon Arm	Salmon Arm	--
2016	2016	British Columbia	Colombie-Britannique	Federal Skilled Worker	Travailleurs qualifiés	Squamish	Squamish	5
2016	2016	British Columbia	Colombie-Britannique	Federal Skilled Worker	Travailleurs qualifiés	Terrace	Terrace	--
2016	2016	British Columbia	Colombie-Britannique	Federal Skilled Worker	Travailleurs qualifiés	Vancouver	Vancouver	1280
2016	2016	British Columbia	Colombie-Britannique	Federal Skilled Worker	Travailleurs qualifiés	Vernon	Vernon	--
2016	2016	British Columbia	Colombie-Britannique	Federal Skilled Worker	Travailleurs qualifiés	Victoria	Victoria	60
2016	2016	British Columbia	Colombie-Britannique	Provincial Nominee Program	Candidats des provinces ou des territoires	Abbotsford - Mission	Abbotsford - Mission	35
2016	2016	British Columbia	Colombie-Britannique	Provincial Nominee Program	Candidats des provinces ou des territoires	Campbell River	Campbell River	5
2016	2016	British Columbia	Colombie-Britannique	Provincial Nominee Program	Candidats des provinces ou des territoires	Chilliwack	Chilliwack	5
2016	2016	British Columbia	Colombie-Britannique	Provincial Nominee Program	Candidats des provinces ou des territoires	Courtenay	Courtenay	--
2016	2016	British Columbia	Colombie-Britannique	Provincial Nominee Program	Candidats des provinces ou des territoires	Cranbrook	Cranbrook	5
2016	2016	British Columbia	Colombie-Britannique	Provincial Nominee Program	Candidats des provinces ou des territoires	Dawson Creek	Dawson Creek	--
2016	2016	British Columbia	Colombie-Britannique	Provincial Nominee Program	Candidats des provinces ou des territoires	Duncan	Duncan	--
2016	2016	British Columbia	Colombie-Britannique	Provincial Nominee Program	Candidats des provinces ou des territoires	Fort St. John	Fort St. John	15
2016	2016	British Columbia	Colombie-Britannique	Provincial Nominee Program	Candidats des provinces ou des territoires	Kamloops	Kamloops	30
2016	2016	British Columbia	Colombie-Britannique	Provincial Nominee Program	Candidats des provinces ou des territoires	Kelowna	Kelowna	30
2016	2016	British Columbia	Colombie-Britannique	Provincial Nominee Program	Candidats des provinces ou des territoires	Ladysmith	Ladysmith	--
2016	2016	British Columbia	Colombie-Britannique	Provincial Nominee Program	Candidats des provinces ou des territoires	Nanaimo	Nanaimo	15
2016	2016	British Columbia	Colombie-Britannique	Provincial Nominee Program	Candidats des provinces ou des territoires	Nelson	Nelson	--
2016	2016	British Columbia	Colombie-Britannique	Provincial Nominee Program	Candidats des provinces ou des territoires	Other - British Columbia	Autres - Colombie-Britannique	115
2016	2016	British Columbia	Colombie-Britannique	Provincial Nominee Program	Candidats des provinces ou des territoires	Parksville	Parksville	--
2016	2016	British Columbia	Colombie-Britannique	Provincial Nominee Program	Candidats des provinces ou des territoires	Penticton	Penticton	--
2016	2016	British Columbia	Colombie-Britannique	Provincial Nominee Program	Candidats des provinces ou des territoires	Port Alberni	Port Alberni	--
2016	2016	British Columbia	Colombie-Britannique	Provincial Nominee Program	Candidats des provinces ou des territoires	Powell River	Powell River	--
2016	2016	British Columbia	Colombie-Britannique	Provincial Nominee Program	Candidats des provinces ou des territoires	Prince George	Prince George	30
2016	2016	British Columbia	Colombie-Britannique	Provincial Nominee Program	Candidats des provinces ou des territoires	Prince Rupert	Prince Rupert	--
2016	2016	British Columbia	Colombie-Britannique	Provincial Nominee Program	Candidats des provinces ou des territoires	Quesnel	Quesnel	--
2016	2016	British Columbia	Colombie-Britannique	Provincial Nominee Program	Candidats des provinces ou des territoires	Salmon Arm	Salmon Arm	5
2016	2016	British Columbia	Colombie-Britannique	Provincial Nominee Program	Candidats des provinces ou des territoires	Squamish	Squamish	5
2016	2016	British Columbia	Colombie-Britannique	Provincial Nominee Program	Candidats des provinces ou des territoires	Terrace	Terrace	5
2016	2016	British Columbia	Colombie-Britannique	Provincial Nominee Program	Candidats des provinces ou des territoires	Trail	Trail	--
2016	2016	British Columbia	Colombie-Britannique	Provincial Nominee Program	Candidats des provinces ou des territoires	Vancouver	Vancouver	1545
2016	2016	British Columbia	Colombie-Britannique	Provincial Nominee Program	Candidats des provinces ou des territoires	Vernon	Vernon	--
2016	2016	British Columbia	Colombie-Britannique	Provincial Nominee Program	Candidats des provinces ou des territoires	Victoria	Victoria	80
2016	2016	British Columbia	Colombie-Britannique	Provincial Nominee Program	Candidats des provinces ou des territoires	Williams Lake	Williams Lake	--
2016	2016	Manitoba	Manitoba	Canadian Experience Class	Catégorie de l'expérience canadienne	Brandon	Brandon	5
2016	2016	Manitoba	Manitoba	Canadian Experience Class	Catégorie de l'expérience canadienne	Other - Manitoba	Autres - Manitoba	15
2016	2016	Manitoba	Manitoba	Canadian Experience Class	Catégorie de l'expérience canadienne	Portage la Prairie	Portage la Prairie	--
2016	2016	Manitoba	Manitoba	Canadian Experience Class	Catégorie de l'expérience canadienne	Thompson	Thompson	--
2016	2016	Manitoba	Manitoba	Canadian Experience Class	Catégorie de l'expérience canadienne	Winnipeg	Winnipeg	35
2016	2016	Manitoba	Manitoba	Federal Skilled Trades	Métiers spécialisés	Other - Manitoba	Autres - Manitoba	--
2016	2016	Manitoba	Manitoba	Federal Skilled Trades	Métiers spécialisés	Steinbach	Steinbach	--
2016	2016	Manitoba	Manitoba	Federal Skilled Trades	Métiers spécialisés	Thompson	Thompson	--
2016	2016	Manitoba	Manitoba	Federal Skilled Trades	Métiers spécialisés	Winkler	Winkler	--
2016	2016	Manitoba	Manitoba	Federal Skilled Trades	Métiers spécialisés	Winnipeg	Winnipeg	5
2016	2016	Manitoba	Manitoba	Federal Skilled Worker	Travailleurs qualifiés	Brandon	Brandon	--
2016	2016	Manitoba	Manitoba	Federal Skilled Worker	Travailleurs qualifiés	Other - Manitoba	Autres - Manitoba	10
2016	2016	Manitoba	Manitoba	Federal Skilled Worker	Travailleurs qualifiés	Steinbach	Steinbach	--
2016	2016	Manitoba	Manitoba	Federal Skilled Worker	Travailleurs qualifiés	Thompson	Thompson	--
2016	2016	Manitoba	Manitoba	Federal Skilled Worker	Travailleurs qualifiés	Winnipeg	Winnipeg	70
2016	2016	Manitoba	Manitoba	Provincial Nominee Program	Candidats des provinces ou des territoires	Brandon	Brandon	--
2016	2016	Manitoba	Manitoba	Provincial Nominee Program	Candidats des provinces ou des territoires	Other - Manitoba	Autres - Manitoba	--
2016	2016	Manitoba	Manitoba	Provincial Nominee Program	Candidats des provinces ou des territoires	Thompson	Thompson	--
2016	2016	Manitoba	Manitoba	Provincial Nominee Program	Candidats des provinces ou des territoires	Winnipeg	Winnipeg	20
2016	2016	New Brunswick	Nouveau-Brunswick	Canadian Experience Class	Catégorie de l'expérience canadienne	Fredericton	Fredericton	10
2016	2016	New Brunswick	Nouveau-Brunswick	Canadian Experience Class	Catégorie de l'expérience canadienne	Miramichi	Miramichi	--
2016	2016	New Brunswick	Nouveau-Brunswick	Canadian Experience Class	Catégorie de l'expérience canadienne	Moncton	Moncton	15
2016	2016	New Brunswick	Nouveau-Brunswick	Canadian Experience Class	Catégorie de l'expérience canadienne	Other - New Brunswick	Autres - Nouveau-Brunswick	5
2016	2016	New Brunswick	Nouveau-Brunswick	Canadian Experience Class	Catégorie de l'expérience canadienne	Saint John	Saint John	10
2016	2016	New Brunswick	Nouveau-Brunswick	Federal Skilled Trades	Métiers spécialisés	Fredericton	Fredericton	--
2016	2016	New Brunswick	Nouveau-Brunswick	Federal Skilled Trades	Métiers spécialisés	Other - New Brunswick	Autres - Nouveau-Brunswick	--
2016	2016	New Brunswick	Nouveau-Brunswick	Federal Skilled Trades	Métiers spécialisés	Saint John	Saint John	--
2016	2016	New Brunswick	Nouveau-Brunswick	Federal Skilled Worker	Travailleurs qualifiés	Edmundston	Edmundston	--
2016	2016	New Brunswick	Nouveau-Brunswick	Federal Skilled Worker	Travailleurs qualifiés	Fredericton	Fredericton	5
2016	2016	New Brunswick	Nouveau-Brunswick	Federal Skilled Worker	Travailleurs qualifiés	Miramichi	Miramichi	--
2016	2016	New Brunswick	Nouveau-Brunswick	Federal Skilled Worker	Travailleurs qualifiés	Moncton	Moncton	--
2016	2016	New Brunswick	Nouveau-Brunswick	Federal Skilled Worker	Travailleurs qualifiés	Other - New Brunswick	Autres - Nouveau-Brunswick	5
2016	2016	New Brunswick	Nouveau-Brunswick	Federal Skilled Worker	Travailleurs qualifiés	Saint John	Saint John	--
2016	2016	New Brunswick	Nouveau-Brunswick	Provincial Nominee Program	Candidats des provinces ou des territoires	Bathurst	Bathurst	--
2016	2016	New Brunswick	Nouveau-Brunswick	Provincial Nominee Program	Candidats des provinces ou des territoires	Fredericton	Fredericton	230
2016	2016	New Brunswick	Nouveau-Brunswick	Provincial Nominee Program	Candidats des provinces ou des territoires	Moncton	Moncton	130
2016	2016	New Brunswick	Nouveau-Brunswick	Provincial Nominee Program	Candidats des provinces ou des territoires	Other - New Brunswick	Autres - Nouveau-Brunswick	20
2016	2016	New Brunswick	Nouveau-Brunswick	Provincial Nominee Program	Candidats des provinces ou des territoires	Saint John	Saint John	100
2016	2016	Newfoundland and Labrador	Terre-Neuve-et-Labrador	Canadian Experience Class	Catégorie de l'expérience canadienne	Corner Brook	Corner Brook	--
2016	2016	Newfoundland and Labrador	Terre-Neuve-et-Labrador	Canadian Experience Class	Catégorie de l'expérience canadienne	Other - Newfoundland and Labrador	Autres - Terre-Neuve-et-Labrador	--
2016	2016	Newfoundland and Labrador	Terre-Neuve-et-Labrador	Canadian Experience Class	Catégorie de l'expérience canadienne	St. John's	St. John's	35
2016	2016	Newfoundland and Labrador	Terre-Neuve-et-Labrador	Federal Skilled Trades	Métiers spécialisés	Other - Newfoundland and Labrador	Autres - Terre-Neuve-et-Labrador	--
2016	2016	Newfoundland and Labrador	Terre-Neuve-et-Labrador	Federal Skilled Trades	Métiers spécialisés	St. John's	St. John's	10
2016	2016	Newfoundland and Labrador	Terre-Neuve-et-Labrador	Federal Skilled Worker	Travailleurs qualifiés	Corner Brook	Corner Brook	--
2016	2016	Newfoundland and Labrador	Terre-Neuve-et-Labrador	Federal Skilled Worker	Travailleurs qualifiés	Other - Newfoundland and Labrador	Autres - Terre-Neuve-et-Labrador	--
2016	2016	Newfoundland and Labrador	Terre-Neuve-et-Labrador	Federal Skilled Worker	Travailleurs qualifiés	St. John's	St. John's	25
2016	2016	Newfoundland and Labrador	Terre-Neuve-et-Labrador	Provincial Nominee Program	Candidats des provinces ou des territoires	Gander	Gander	--
2016	2016	Newfoundland and Labrador	Terre-Neuve-et-Labrador	Provincial Nominee Program	Candidats des provinces ou des territoires	St. John's	St. John's	--
2016	2016	Northwest Territories	Territoires du Nord-Ouest	Canadian Experience Class	Catégorie de l'expérience canadienne	Territories (outside Census agglomeration, Northwest Territories)	Territoires (à l'extérieur des agglomérations de recensement, Territoires du Nord-Ouest)	--
2016	2016	Northwest Territories	Territoires du Nord-Ouest	Canadian Experience Class	Catégorie de l'expérience canadienne	Yellowknife	Yellowknife	5
2016	2016	Northwest Territories	Territoires du Nord-Ouest	Federal Skilled Trades	Métiers spécialisés	Territories (outside Census agglomeration, Northwest Territories)	Territoires (à l'extérieur des agglomérations de recensement, Territoires du Nord-Ouest)	--
2016	2016	Northwest Territories	Territoires du Nord-Ouest	Federal Skilled Worker	Travailleurs qualifiés	Territories (outside Census agglomeration, Northwest Territories)	Territoires (à l'extérieur des agglomérations de recensement, Territoires du Nord-Ouest)	--
2016	2016	Northwest Territories	Territoires du Nord-Ouest	Federal Skilled Worker	Travailleurs qualifiés	Yellowknife	Yellowknife	--
2016	2016	Northwest Territories	Territoires du Nord-Ouest	Provincial Nominee Program	Candidats des provinces ou des territoires	Territories (outside Census agglomeration, Northwest Territories)	Territoires (à l'extérieur des agglomérations de recensement, Territoires du Nord-Ouest)	--
2016	2016	Northwest Territories	Territoires du Nord-Ouest	Provincial Nominee Program	Candidats des provinces ou des territoires	Yellowknife	Yellowknife	15
2016	2016	Province/Territory not stated	Province / territoire non déclaré(e)	Federal Skilled Trades	Métiers spécialisés	Census metropolitan area not stated	Région métropolitaine de recensement non déclarée	--
2016	2016	Nova Scotia	Nouvelle-Écosse	Canadian Experience Class	Catégorie de l'expérience canadienne	Cape Breton	Cape Breton	--
2016	2016	Nova Scotia	Nouvelle-Écosse	Canadian Experience Class	Catégorie de l'expérience canadienne	Halifax	Halifax	65
2016	2016	Nova Scotia	Nouvelle-Écosse	Canadian Experience Class	Catégorie de l'expérience canadienne	Kentville	Kentville	--
2016	2016	Nova Scotia	Nouvelle-Écosse	Canadian Experience Class	Catégorie de l'expérience canadienne	New Glasgow	New Glasgow	--
2016	2016	Nova Scotia	Nouvelle-Écosse	Canadian Experience Class	Catégorie de l'expérience canadienne	Other - Nova Scotia	Autres - Nouvelle-Écosse	10
2016	2016	Nova Scotia	Nouvelle-Écosse	Canadian Experience Class	Catégorie de l'expérience canadienne	Truro	Truro	--
2016	2016	Nova Scotia	Nouvelle-Écosse	Federal Skilled Trades	Métiers spécialisés	Halifax	Halifax	--
2016	2016	Nova Scotia	Nouvelle-Écosse	Federal Skilled Trades	Métiers spécialisés	Other - Nova Scotia	Autres - Nouvelle-Écosse	--
2016	2016	Nova Scotia	Nouvelle-Écosse	Federal Skilled Worker	Travailleurs qualifiés	Cape Breton	Cape Breton	--
2016	2016	Nova Scotia	Nouvelle-Écosse	Federal Skilled Worker	Travailleurs qualifiés	Halifax	Halifax	35
2016	2016	Nova Scotia	Nouvelle-Écosse	Federal Skilled Worker	Travailleurs qualifiés	New Glasgow	New Glasgow	--
2016	2016	Nova Scotia	Nouvelle-Écosse	Federal Skilled Worker	Travailleurs qualifiés	Other - Nova Scotia	Autres - Nouvelle-Écosse	10
2016	2016	Nova Scotia	Nouvelle-Écosse	Federal Skilled Worker	Travailleurs qualifiés	Truro	Truro	--
2016	2016	Nova Scotia	Nouvelle-Écosse	Provincial Nominee Program	Candidats des provinces ou des territoires	Cape Breton	Cape Breton	30
2016	2016	Nova Scotia	Nouvelle-Écosse	Provincial Nominee Program	Candidats des provinces ou des territoires	Halifax	Halifax	975
2016	2016	Nova Scotia	Nouvelle-Écosse	Provincial Nominee Program	Candidats des provinces ou des territoires	Kentville	Kentville	--
2016	2016	Nova Scotia	Nouvelle-Écosse	Provincial Nominee Program	Candidats des provinces ou des territoires	New Glasgow	New Glasgow	--
2016	2016	Nova Scotia	Nouvelle-Écosse	Provincial Nominee Program	Candidats des provinces ou des territoires	Other - Nova Scotia	Autres - Nouvelle-Écosse	35
2016	2016	Nova Scotia	Nouvelle-Écosse	Provincial Nominee Program	Candidats des provinces ou des territoires	Truro	Truro	5
2016	2016	Nunavut	Nunavut	Canadian Experience Class	Catégorie de l'expérience canadienne	Territories (outside Census agglomeration, Nunavut)	Territoires (à l'extérieur des agglomérations de recensement, Nunavut)	--
2016	2016	Ontario	Ontario	Canadian Experience Class	Catégorie de l'expérience canadienne	Barrie	Barrie	15
2016	2016	Ontario	Ontario	Canadian Experience Class	Catégorie de l'expérience canadienne	Belleville - Quinte West	Belleville - Quinte West	--
2016	2016	Ontario	Ontario	Canadian Experience Class	Catégorie de l'expérience canadienne	Brantford	Brantford	--
2016	2016	Ontario	Ontario	Canadian Experience Class	Catégorie de l'expérience canadienne	Centre Wellington	Centre Wellington	--
2016	2016	Ontario	Ontario	Canadian Experience Class	Catégorie de l'expérience canadienne	Chatham-Kent	Chatham-Kent	--
2016	2016	Ontario	Ontario	Canadian Experience Class	Catégorie de l'expérience canadienne	Cobourg	Cobourg	--
2016	2016	Ontario	Ontario	Canadian Experience Class	Catégorie de l'expérience canadienne	Collingwood	Collingwood	--
2016	2016	Ontario	Ontario	Canadian Experience Class	Catégorie de l'expérience canadienne	Cornwall	Cornwall	--
2016	2016	Ontario	Ontario	Canadian Experience Class	Catégorie de l'expérience canadienne	Greater Sudbury	Grand Sudbury	10
2016	2016	Ontario	Ontario	Canadian Experience Class	Catégorie de l'expérience canadienne	Guelph	Guelph	35
2016	2016	Ontario	Ontario	Canadian Experience Class	Catégorie de l'expérience canadienne	Hamilton	Hamilton	95
2016	2016	Ontario	Ontario	Canadian Experience Class	Catégorie de l'expérience canadienne	Hawkesbury (Ontario part)	Hawkesbury (partie de l'Ontario)	--
2016	2016	Ontario	Ontario	Canadian Experience Class	Catégorie de l'expérience canadienne	Ingersoll	Ingersoll	--
2016	2016	Ontario	Ontario	Canadian Experience Class	Catégorie de l'expérience canadienne	Kawartha Lakes	Kawartha Lakes	5
2016	2016	Ontario	Ontario	Canadian Experience Class	Catégorie de l'expérience canadienne	Kenora	Kenora	--
2016	2016	Ontario	Ontario	Canadian Experience Class	Catégorie de l'expérience canadienne	Kingston	Kingston	30
2016	2016	Ontario	Ontario	Canadian Experience Class	Catégorie de l'expérience canadienne	Kitchener - Cambridge - Waterloo	Kitchener - Cambridge - Waterloo	140
2016	2016	Ontario	Ontario	Canadian Experience Class	Catégorie de l'expérience canadienne	London	Londres	80
2016	2016	Ontario	Ontario	Canadian Experience Class	Catégorie de l'expérience canadienne	Midland	Midland	--
2016	2016	Ontario	Ontario	Canadian Experience Class	Catégorie de l'expérience canadienne	Norfolk	Norfolk	--
2016	2016	Ontario	Ontario	Canadian Experience Class	Catégorie de l'expérience canadienne	North Bay	North Bay	--
2016	2016	Ontario	Ontario	Canadian Experience Class	Catégorie de l'expérience canadienne	Orillia	Orillia	--
2016	2016	Ontario	Ontario	Canadian Experience Class	Catégorie de l'expérience canadienne	Oshawa	Oshawa	20
2016	2016	Ontario	Ontario	Canadian Experience Class	Catégorie de l'expérience canadienne	Other - Ontario	Autres - Ontario	80
2016	2016	Ontario	Ontario	Canadian Experience Class	Catégorie de l'expérience canadienne	Ottawa - Gatineau (Ontario part)	Ottawa - Gatineau (partie de l'Ontario)	265
2016	2016	Ontario	Ontario	Canadian Experience Class	Catégorie de l'expérience canadienne	Owen Sound	Owen Sound	--
2016	2016	Ontario	Ontario	Canadian Experience Class	Catégorie de l'expérience canadienne	Pembroke	Pembroke	--
2016	2016	Ontario	Ontario	Canadian Experience Class	Catégorie de l'expérience canadienne	Peterborough	Peterborough	15
2016	2016	Ontario	Ontario	Canadian Experience Class	Catégorie de l'expérience canadienne	Sarnia	Sarnia	5
2016	2016	Ontario	Ontario	Canadian Experience Class	Catégorie de l'expérience canadienne	Sault Ste. Marie	Sault Ste. Marie	--
2016	2016	Ontario	Ontario	Canadian Experience Class	Catégorie de l'expérience canadienne	St. Catharines - Niagara	St. Catharines - Niagara	35
2016	2016	Ontario	Ontario	Canadian Experience Class	Catégorie de l'expérience canadienne	Stratford	Stratford	--
2016	2016	Ontario	Ontario	Canadian Experience Class	Catégorie de l'expérience canadienne	Thunder Bay	Thunder Bay	5
2016	2016	Ontario	Ontario	Canadian Experience Class	Catégorie de l'expérience canadienne	Timmins	Timmins	5
2016	2016	Ontario	Ontario	Canadian Experience Class	Catégorie de l'expérience canadienne	Toronto	Toronto	3215
2016	2016	Ontario	Ontario	Canadian Experience Class	Catégorie de l'expérience canadienne	Wasaga Beach	Wasaga Beach	--
2016	2016	Ontario	Ontario	Canadian Experience Class	Catégorie de l'expérience canadienne	Windsor	Windsor	35
2016	2016	Ontario	Ontario	Canadian Experience Class	Catégorie de l'expérience canadienne	Woodstock	Woodstock	5
2016	2016	Ontario	Ontario	Federal Skilled Trades	Métiers spécialisés	Barrie	Barrie	--
2016	2016	Ontario	Ontario	Federal Skilled Trades	Métiers spécialisés	Chatham-Kent	Chatham-Kent	--
2016	2016	Ontario	Ontario	Federal Skilled Trades	Métiers spécialisés	Greater Sudbury	Grand Sudbury	--
2016	2016	Ontario	Ontario	Federal Skilled Trades	Métiers spécialisés	Guelph	Guelph	--
2016	2016	Ontario	Ontario	Federal Skilled Trades	Métiers spécialisés	Kingston	Kingston	--
2016	2016	Ontario	Ontario	Federal Skilled Trades	Métiers spécialisés	Kitchener - Cambridge - Waterloo	Kitchener - Cambridge - Waterloo	10
2016	2016	Ontario	Ontario	Federal Skilled Trades	Métiers spécialisés	London	Londres	--
2016	2016	Ontario	Ontario	Federal Skilled Trades	Métiers spécialisés	Norfolk	Norfolk	--
2016	2016	Ontario	Ontario	Federal Skilled Trades	Métiers spécialisés	Other - Ontario	Autres - Ontario	5
2016	2016	Ontario	Ontario	Federal Skilled Trades	Métiers spécialisés	Ottawa - Gatineau (Ontario part)	Ottawa - Gatineau (partie de l'Ontario)	--
2016	2016	Ontario	Ontario	Federal Skilled Trades	Métiers spécialisés	Peterborough	Peterborough	5
2016	2016	Ontario	Ontario	Federal Skilled Trades	Métiers spécialisés	Sarnia	Sarnia	--
2016	2016	Ontario	Ontario	Federal Skilled Trades	Métiers spécialisés	St. Catharines - Niagara	St. Catharines - Niagara	--
2016	2016	Ontario	Ontario	Federal Skilled Trades	Métiers spécialisés	Thunder Bay	Thunder Bay	--
2016	2016	Ontario	Ontario	Federal Skilled Trades	Métiers spécialisés	Tillsonburg	Tillsonburg	--
2016	2016	Ontario	Ontario	Federal Skilled Trades	Métiers spécialisés	Toronto	Toronto	135
2016	2016	Ontario	Ontario	Federal Skilled Worker	Travailleurs qualifiés	Barrie	Barrie	10
2016	2016	Ontario	Ontario	Federal Skilled Worker	Travailleurs qualifiés	Belleville - Quinte West	Belleville - Quinte West	5
2016	2016	Ontario	Ontario	Federal Skilled Worker	Travailleurs qualifiés	Brantford	Brantford	--
2016	2016	Ontario	Ontario	Federal Skilled Worker	Travailleurs qualifiés	Cornwall	Cornwall	--
2016	2016	Ontario	Ontario	Federal Skilled Worker	Travailleurs qualifiés	Greater Sudbury	Grand Sudbury	--
2016	2016	Ontario	Ontario	Federal Skilled Worker	Travailleurs qualifiés	Guelph	Guelph	20
2016	2016	Ontario	Ontario	Federal Skilled Worker	Travailleurs qualifiés	Hamilton	Hamilton	55
2016	2016	Ontario	Ontario	Federal Skilled Worker	Travailleurs qualifiés	Hawkesbury (Ontario part)	Hawkesbury (partie de l'Ontario)	--
2016	2016	Ontario	Ontario	Federal Skilled Worker	Travailleurs qualifiés	Kawartha Lakes	Kawartha Lakes	--
2016	2016	Ontario	Ontario	Federal Skilled Worker	Travailleurs qualifiés	Kingston	Kingston	10
2016	2016	Ontario	Ontario	Federal Skilled Worker	Travailleurs qualifiés	Kitchener - Cambridge - Waterloo	Kitchener - Cambridge - Waterloo	80
2016	2016	Ontario	Ontario	Federal Skilled Worker	Travailleurs qualifiés	London	Londres	60
2016	2016	Ontario	Ontario	Federal Skilled Worker	Travailleurs qualifiés	Midland	Midland	--
2016	2016	Ontario	Ontario	Federal Skilled Worker	Travailleurs qualifiés	North Bay	North Bay	--
2016	2016	Ontario	Ontario	Federal Skilled Worker	Travailleurs qualifiés	Orillia	Orillia	--
2016	2016	Ontario	Ontario	Federal Skilled Worker	Travailleurs qualifiés	Oshawa	Oshawa	10
2016	2016	Ontario	Ontario	Federal Skilled Worker	Travailleurs qualifiés	Other - Ontario	Autres - Ontario	45
2016	2016	Ontario	Ontario	Federal Skilled Worker	Travailleurs qualifiés	Ottawa - Gatineau (Ontario part)	Ottawa - Gatineau (partie de l'Ontario)	260
2016	2016	Ontario	Ontario	Federal Skilled Worker	Travailleurs qualifiés	Owen Sound	Owen Sound	--
2016	2016	Ontario	Ontario	Federal Skilled Worker	Travailleurs qualifiés	Petawawa	Petawawa	--
2016	2016	Ontario	Ontario	Federal Skilled Worker	Travailleurs qualifiés	Peterborough	Peterborough	10
2016	2016	Ontario	Ontario	Federal Skilled Worker	Travailleurs qualifiés	Sarnia	Sarnia	--
2016	2016	Ontario	Ontario	Federal Skilled Worker	Travailleurs qualifiés	Sault Ste. Marie	Sault Ste. Marie	--
2016	2016	Ontario	Ontario	Federal Skilled Worker	Travailleurs qualifiés	St. Catharines - Niagara	St. Catharines - Niagara	15
2016	2016	Ontario	Ontario	Federal Skilled Worker	Travailleurs qualifiés	Thunder Bay	Thunder Bay	5
2016	2016	Ontario	Ontario	Federal Skilled Worker	Travailleurs qualifiés	Tillsonburg	Tillsonburg	--
2016	2016	Ontario	Ontario	Federal Skilled Worker	Travailleurs qualifiés	Timmins	Timmins	--
2016	2016	Ontario	Ontario	Federal Skilled Worker	Travailleurs qualifiés	Toronto	Toronto	3330
2016	2016	Ontario	Ontario	Federal Skilled Worker	Travailleurs qualifiés	Windsor	Windsor	25
2016	2016	Ontario	Ontario	Provincial Nominee Program	Candidats des provinces ou des territoires	Barrie	Barrie	--
2016	2016	Ontario	Ontario	Provincial Nominee Program	Candidats des provinces ou des territoires	Belleville - Quinte West	Belleville - Quinte West	--
2016	2016	Ontario	Ontario	Provincial Nominee Program	Candidats des provinces ou des territoires	Brockville	Brockville	--
2016	2016	Ontario	Ontario	Provincial Nominee Program	Candidats des provinces ou des territoires	Chatham-Kent	Chatham-Kent	--
2016	2016	Ontario	Ontario	Provincial Nominee Program	Candidats des provinces ou des territoires	Greater Sudbury	Grand Sudbury	5
2016	2016	Ontario	Ontario	Provincial Nominee Program	Candidats des provinces ou des territoires	Guelph	Guelph	10
2016	2016	Ontario	Ontario	Provincial Nominee Program	Candidats des provinces ou des territoires	Hamilton	Hamilton	30
2016	2016	Ontario	Ontario	Provincial Nominee Program	Candidats des provinces ou des territoires	Kawartha Lakes	Kawartha Lakes	--
2016	2016	Ontario	Ontario	Provincial Nominee Program	Candidats des provinces ou des territoires	Kingston	Kingston	--
2016	2016	Ontario	Ontario	Provincial Nominee Program	Candidats des provinces ou des territoires	Kitchener - Cambridge - Waterloo	Kitchener - Cambridge - Waterloo	45
2016	2016	Ontario	Ontario	Provincial Nominee Program	Candidats des provinces ou des territoires	London	Londres	15
2016	2016	Ontario	Ontario	Provincial Nominee Program	Candidats des provinces ou des territoires	North Bay	North Bay	--
2016	2016	Ontario	Ontario	Provincial Nominee Program	Candidats des provinces ou des territoires	Oshawa	Oshawa	--
2016	2016	Ontario	Ontario	Provincial Nominee Program	Candidats des provinces ou des territoires	Other - Ontario	Autres - Ontario	10
2016	2016	Ontario	Ontario	Provincial Nominee Program	Candidats des provinces ou des territoires	Ottawa - Gatineau (Ontario part)	Ottawa - Gatineau (partie de l'Ontario)	115
2016	2016	Ontario	Ontario	Provincial Nominee Program	Candidats des provinces ou des territoires	Peterborough	Peterborough	5
2016	2016	Ontario	Ontario	Provincial Nominee Program	Candidats des provinces ou des territoires	Sarnia	Sarnia	--
2016	2016	Ontario	Ontario	Provincial Nominee Program	Candidats des provinces ou des territoires	Sault Ste. Marie	Sault Ste. Marie	--
2016	2016	Ontario	Ontario	Provincial Nominee Program	Candidats des provinces ou des territoires	St. Catharines - Niagara	St. Catharines - Niagara	10
2016	2016	Ontario	Ontario	Provincial Nominee Program	Candidats des provinces ou des territoires	Thunder Bay	Thunder Bay	--
2016	2016	Ontario	Ontario	Provincial Nominee Program	Candidats des provinces ou des territoires	Toronto	Toronto	1615
2016	2016	Ontario	Ontario	Provincial Nominee Program	Candidats des provinces ou des territoires	Windsor	Windsor	10
2016	2016	Ontario	Ontario	Provincial Nominee Program	Candidats des provinces ou des territoires	Woodstock	Woodstock	--
2016	2016	Prince Edward Island	Île-du-Prince-Édouard	Canadian Experience Class	Catégorie de l'expérience canadienne	Charlottetown	Charlottetown	10
2016	2016	Prince Edward Island	Île-du-Prince-Édouard	Canadian Experience Class	Catégorie de l'expérience canadienne	Other - Prince Edward Island	Autres - Île-du-Prince-Édouard	5
2016	2016	Prince Edward Island	Île-du-Prince-Édouard	Federal Skilled Trades	Métiers spécialisés	Charlottetown	Charlottetown	--
2016	2016	Prince Edward Island	Île-du-Prince-Édouard	Federal Skilled Worker	Travailleurs qualifiés	Charlottetown	Charlottetown	--
2016	2016	Prince Edward Island	Île-du-Prince-Édouard	Federal Skilled Worker	Travailleurs qualifiés	Other - Prince Edward Island	Autres - Île-du-Prince-Édouard	--
2016	2016	Prince Edward Island	Île-du-Prince-Édouard	Provincial Nominee Program	Candidats des provinces ou des territoires	Charlottetown	Charlottetown	400
2016	2016	Prince Edward Island	Île-du-Prince-Édouard	Provincial Nominee Program	Candidats des provinces ou des territoires	Other - Prince Edward Island	Autres - Île-du-Prince-Édouard	15
2016	2016	Prince Edward Island	Île-du-Prince-Édouard	Provincial Nominee Program	Candidats des provinces ou des territoires	Summerside	Summerside	30
2016	2016	Saskatchewan	Saskatchewan	Canadian Experience Class	Catégorie de l'expérience canadienne	Estevan	Estevan	--
2016	2016	Saskatchewan	Saskatchewan	Canadian Experience Class	Catégorie de l'expérience canadienne	Lloydminster (Saskatchewan part)	Lloydminster (partie de la Saskatchewan)	--
2016	2016	Saskatchewan	Saskatchewan	Canadian Experience Class	Catégorie de l'expérience canadienne	Moose Jaw	Moose Jaw	--
2016	2016	Saskatchewan	Saskatchewan	Canadian Experience Class	Catégorie de l'expérience canadienne	North Battleford	North Battleford	--
2016	2016	Saskatchewan	Saskatchewan	Canadian Experience Class	Catégorie de l'expérience canadienne	Other - Saskatchewan	Autres - Saskatchewan	25
2016	2016	Saskatchewan	Saskatchewan	Canadian Experience Class	Catégorie de l'expérience canadienne	Prince Albert	Prince Albert	--
2016	2016	Saskatchewan	Saskatchewan	Canadian Experience Class	Catégorie de l'expérience canadienne	Regina	Regina	30
2016	2016	Saskatchewan	Saskatchewan	Canadian Experience Class	Catégorie de l'expérience canadienne	Saskatoon	Saskatoon	30
2016	2016	Saskatchewan	Saskatchewan	Canadian Experience Class	Catégorie de l'expérience canadienne	Swift Current	Swift Current	--
2016	2016	Saskatchewan	Saskatchewan	Canadian Experience Class	Catégorie de l'expérience canadienne	Weyburn	Weyburn	--
2016	2016	Saskatchewan	Saskatchewan	Canadian Experience Class	Catégorie de l'expérience canadienne	Yorkton	Yorkton	5
2016	2016	Saskatchewan	Saskatchewan	Federal Skilled Trades	Métiers spécialisés	Lloydminster (Saskatchewan part)	Lloydminster (partie de la Saskatchewan)	--
2016	2016	Saskatchewan	Saskatchewan	Federal Skilled Trades	Métiers spécialisés	Moose Jaw	Moose Jaw	--
2016	2016	Saskatchewan	Saskatchewan	Federal Skilled Trades	Métiers spécialisés	Other - Saskatchewan	Autres - Saskatchewan	5
2016	2016	Saskatchewan	Saskatchewan	Federal Skilled Trades	Métiers spécialisés	Prince Albert	Prince Albert	--
2016	2016	Saskatchewan	Saskatchewan	Federal Skilled Trades	Métiers spécialisés	Regina	Regina	5
2016	2016	Saskatchewan	Saskatchewan	Federal Skilled Trades	Métiers spécialisés	Saskatoon	Saskatoon	10
2016	2016	Saskatchewan	Saskatchewan	Federal Skilled Trades	Métiers spécialisés	Yorkton	Yorkton	--
2016	2016	Saskatchewan	Saskatchewan	Federal Skilled Worker	Travailleurs qualifiés	Moose Jaw	Moose Jaw	--
2016	2016	Saskatchewan	Saskatchewan	Federal Skilled Worker	Travailleurs qualifiés	North Battleford	North Battleford	--
2016	2016	Saskatchewan	Saskatchewan	Federal Skilled Worker	Travailleurs qualifiés	Other - Saskatchewan	Autres - Saskatchewan	10
2016	2016	Saskatchewan	Saskatchewan	Federal Skilled Worker	Travailleurs qualifiés	Prince Albert	Prince Albert	--
2016	2016	Saskatchewan	Saskatchewan	Federal Skilled Worker	Travailleurs qualifiés	Regina	Regina	25
2016	2016	Saskatchewan	Saskatchewan	Federal Skilled Worker	Travailleurs qualifiés	Saskatoon	Saskatoon	25
2016	2016	Saskatchewan	Saskatchewan	Federal Skilled Worker	Travailleurs qualifiés	Yorkton	Yorkton	--
2016	2016	Saskatchewan	Saskatchewan	Provincial Nominee Program	Candidats des provinces ou des territoires	Estevan	Estevan	5
2016	2016	Saskatchewan	Saskatchewan	Provincial Nominee Program	Candidats des provinces ou des territoires	Lloydminster (Saskatchewan part)	Lloydminster (partie de la Saskatchewan)	--
2016	2016	Saskatchewan	Saskatchewan	Provincial Nominee Program	Candidats des provinces ou des territoires	Moose Jaw	Moose Jaw	--
2016	2016	Saskatchewan	Saskatchewan	Provincial Nominee Program	Candidats des provinces ou des territoires	North Battleford	North Battleford	--
2016	2016	Saskatchewan	Saskatchewan	Provincial Nominee Program	Candidats des provinces ou des territoires	Other - Saskatchewan	Autres - Saskatchewan	15
2016	2016	Saskatchewan	Saskatchewan	Provincial Nominee Program	Candidats des provinces ou des territoires	Prince Albert	Prince Albert	15
2016	2016	Saskatchewan	Saskatchewan	Provincial Nominee Program	Candidats des provinces ou des territoires	Regina	Regina	690
2016	2016	Saskatchewan	Saskatchewan	Provincial Nominee Program	Candidats des provinces ou des territoires	Saskatoon	Saskatoon	515
2016	2016	Saskatchewan	Saskatchewan	Provincial Nominee Program	Candidats des provinces ou des territoires	Swift Current	Swift Current	--
2016	2016	Saskatchewan	Saskatchewan	Provincial Nominee Program	Candidats des provinces ou des territoires	Yorkton	Yorkton	--
2016	2016	Yukon	Yukon	Canadian Experience Class	Catégorie de l'expérience canadienne	Territories (outside Census agglomeration, Yukon)	Territoires (à l'extérieur des agglomérations de recensement, Yukon)	--
2016	2016	Yukon	Yukon	Canadian Experience Class	Catégorie de l'expérience canadienne	Whitehorse	Whitehorse	--
2016	2016	Yukon	Yukon	Federal Skilled Worker	Travailleurs qualifiés	Territories (outside Census agglomeration, Yukon)	Territoires (à l'extérieur des agglomérations de recensement, Yukon)	--
2016	2016	Yukon	Yukon	Federal Skilled Worker	Travailleurs qualifiés	Whitehorse	Whitehorse	--
2016	2016	Yukon	Yukon	Provincial Nominee Program	Candidats des provinces ou des territoires	Whitehorse	Whitehorse	5
2017	2017	Alberta	Alberta	Canadian Experience Class	Catégorie de l'expérience canadienne	Brooks	Brooks	15
2017	2017	Alberta	Alberta	Canadian Experience Class	Catégorie de l'expérience canadienne	Calgary	Calgary	1455
2017	2017	Alberta	Alberta	Canadian Experience Class	Catégorie de l'expérience canadienne	Camrose	Camrose	5
2017	2017	Alberta	Alberta	Canadian Experience Class	Catégorie de l'expérience canadienne	Canmore	Canmore	45
2017	2017	Alberta	Alberta	Canadian Experience Class	Catégorie de l'expérience canadienne	Edmonton	Edmonton	1100
2017	2017	Alberta	Alberta	Canadian Experience Class	Catégorie de l'expérience canadienne	Grande Prairie	Grande Prairie	25
2017	2017	Alberta	Alberta	Canadian Experience Class	Catégorie de l'expérience canadienne	High River	High River	--
2017	2017	Alberta	Alberta	Canadian Experience Class	Catégorie de l'expérience canadienne	Lacombe	Lacombe	5
2017	2017	Alberta	Alberta	Canadian Experience Class	Catégorie de l'expérience canadienne	Lethbridge	Lethbridge	45
2017	2017	Alberta	Alberta	Canadian Experience Class	Catégorie de l'expérience canadienne	Lloydminster (Alberta part)	Lloydminster (partie de l'Alberta)	--
2017	2017	Alberta	Alberta	Canadian Experience Class	Catégorie de l'expérience canadienne	Medicine Hat	Medicine Hat	15
2017	2017	Alberta	Alberta	Canadian Experience Class	Catégorie de l'expérience canadienne	Okotoks	Okotoks	10
2017	2017	Alberta	Alberta	Canadian Experience Class	Catégorie de l'expérience canadienne	Other - Alberta	Autres - Alberta	215
2017	2017	Alberta	Alberta	Canadian Experience Class	Catégorie de l'expérience canadienne	Red Deer	Red Deer	35
2017	2017	Alberta	Alberta	Canadian Experience Class	Catégorie de l'expérience canadienne	Strathmore	Strathmore	10
2017	2017	Alberta	Alberta	Canadian Experience Class	Catégorie de l'expérience canadienne	Sylvan Lake	Sylvan Lake	--
2017	2017	Alberta	Alberta	Canadian Experience Class	Catégorie de l'expérience canadienne	Wetaskiwin	Wetaskiwin	--
2017	2017	Alberta	Alberta	Canadian Experience Class	Catégorie de l'expérience canadienne	Wood Buffalo	Wood Buffalo	45
2017	2017	Alberta	Alberta	Federal Skilled Trades	Métiers spécialisés	Calgary	Calgary	20
2017	2017	Alberta	Alberta	Federal Skilled Trades	Métiers spécialisés	Canmore	Canmore	--
2017	2017	Alberta	Alberta	Federal Skilled Trades	Métiers spécialisés	Edmonton	Edmonton	30
2017	2017	Alberta	Alberta	Federal Skilled Trades	Métiers spécialisés	Grande Prairie	Grande Prairie	--
2017	2017	Alberta	Alberta	Federal Skilled Trades	Métiers spécialisés	Lethbridge	Lethbridge	--
2017	2017	Alberta	Alberta	Federal Skilled Trades	Métiers spécialisés	Other - Alberta	Autres - Alberta	10
2017	2017	Alberta	Alberta	Federal Skilled Trades	Métiers spécialisés	Red Deer	Red Deer	--
2017	2017	Alberta	Alberta	Federal Skilled Trades	Métiers spécialisés	Wood Buffalo	Wood Buffalo	--
2017	2017	Alberta	Alberta	Federal Skilled Worker	Travailleurs qualifiés	Brooks	Brooks	--
2017	2017	Alberta	Alberta	Federal Skilled Worker	Travailleurs qualifiés	Calgary	Calgary	1485
2017	2017	Alberta	Alberta	Federal Skilled Worker	Travailleurs qualifiés	Camrose	Camrose	--
2017	2017	Alberta	Alberta	Federal Skilled Worker	Travailleurs qualifiés	Canmore	Canmore	20
2017	2017	Alberta	Alberta	Federal Skilled Worker	Travailleurs qualifiés	Edmonton	Edmonton	760
2017	2017	Alberta	Alberta	Federal Skilled Worker	Travailleurs qualifiés	Grande Prairie	Grande Prairie	20
2017	2017	Alberta	Alberta	Federal Skilled Worker	Travailleurs qualifiés	High River	High River	--
2017	2017	Alberta	Alberta	Federal Skilled Worker	Travailleurs qualifiés	Lacombe	Lacombe	--
2017	2017	Alberta	Alberta	Federal Skilled Worker	Travailleurs qualifiés	Lethbridge	Lethbridge	20
2017	2017	Alberta	Alberta	Federal Skilled Worker	Travailleurs qualifiés	Lloydminster (Alberta part)	Lloydminster (partie de l'Alberta)	--
2017	2017	Alberta	Alberta	Federal Skilled Worker	Travailleurs qualifiés	Medicine Hat	Medicine Hat	10
2017	2017	Alberta	Alberta	Federal Skilled Worker	Travailleurs qualifiés	Okotoks	Okotoks	--
2017	2017	Alberta	Alberta	Federal Skilled Worker	Travailleurs qualifiés	Other - Alberta	Autres - Alberta	65
2017	2017	Alberta	Alberta	Federal Skilled Worker	Travailleurs qualifiés	Red Deer	Red Deer	20
2017	2017	Alberta	Alberta	Federal Skilled Worker	Travailleurs qualifiés	Strathmore	Strathmore	--
2017	2017	Alberta	Alberta	Federal Skilled Worker	Travailleurs qualifiés	Wetaskiwin	Wetaskiwin	--
2017	2017	Alberta	Alberta	Federal Skilled Worker	Travailleurs qualifiés	Wood Buffalo	Wood Buffalo	20
2017	2017	Alberta	Alberta	Provincial Nominee Program	Candidats des provinces ou des territoires	Calgary	Calgary	15
2017	2017	Alberta	Alberta	Provincial Nominee Program	Candidats des provinces ou des territoires	Edmonton	Edmonton	10
2017	2017	British Columbia	Colombie-Britannique	Canadian Experience Class	Catégorie de l'expérience canadienne	Abbotsford - Mission	Abbotsford - Mission	70
2017	2017	British Columbia	Colombie-Britannique	Canadian Experience Class	Catégorie de l'expérience canadienne	Campbell River	Campbell River	5
2017	2017	British Columbia	Colombie-Britannique	Canadian Experience Class	Catégorie de l'expérience canadienne	Chilliwack	Chilliwack	25
2017	2017	British Columbia	Colombie-Britannique	Canadian Experience Class	Catégorie de l'expérience canadienne	Courtenay	Courtenay	20
2017	2017	British Columbia	Colombie-Britannique	Canadian Experience Class	Catégorie de l'expérience canadienne	Cranbrook	Cranbrook	--
2017	2017	British Columbia	Colombie-Britannique	Canadian Experience Class	Catégorie de l'expérience canadienne	Dawson Creek	Dawson Creek	10
2017	2017	British Columbia	Colombie-Britannique	Canadian Experience Class	Catégorie de l'expérience canadienne	Duncan	Duncan	5
2017	2017	British Columbia	Colombie-Britannique	Canadian Experience Class	Catégorie de l'expérience canadienne	Fort St. John	Fort St. John	20
2017	2017	British Columbia	Colombie-Britannique	Canadian Experience Class	Catégorie de l'expérience canadienne	Kamloops	Kamloops	55
2017	2017	British Columbia	Colombie-Britannique	Canadian Experience Class	Catégorie de l'expérience canadienne	Kelowna	Kelowna	65
2017	2017	British Columbia	Colombie-Britannique	Canadian Experience Class	Catégorie de l'expérience canadienne	Nanaimo	Nanaimo	40
2017	2017	British Columbia	Colombie-Britannique	Canadian Experience Class	Catégorie de l'expérience canadienne	Nelson	Nelson	10
2017	2017	British Columbia	Colombie-Britannique	Canadian Experience Class	Catégorie de l'expérience canadienne	Other - British Columbia	Autres - Colombie-Britannique	250
2017	2017	British Columbia	Colombie-Britannique	Canadian Experience Class	Catégorie de l'expérience canadienne	Parksville	Parksville	--
2017	2017	British Columbia	Colombie-Britannique	Canadian Experience Class	Catégorie de l'expérience canadienne	Penticton	Penticton	10
2017	2017	British Columbia	Colombie-Britannique	Canadian Experience Class	Catégorie de l'expérience canadienne	Port Alberni	Port Alberni	--
2017	2017	British Columbia	Colombie-Britannique	Canadian Experience Class	Catégorie de l'expérience canadienne	Powell River	Powell River	--
2017	2017	British Columbia	Colombie-Britannique	Canadian Experience Class	Catégorie de l'expérience canadienne	Prince George	Prince George	40
2017	2017	British Columbia	Colombie-Britannique	Canadian Experience Class	Catégorie de l'expérience canadienne	Prince Rupert	Prince Rupert	5
2017	2017	British Columbia	Colombie-Britannique	Canadian Experience Class	Catégorie de l'expérience canadienne	Quesnel	Quesnel	5
2017	2017	British Columbia	Colombie-Britannique	Canadian Experience Class	Catégorie de l'expérience canadienne	Salmon Arm	Salmon Arm	--
2017	2017	British Columbia	Colombie-Britannique	Canadian Experience Class	Catégorie de l'expérience canadienne	Squamish	Squamish	30
2017	2017	British Columbia	Colombie-Britannique	Canadian Experience Class	Catégorie de l'expérience canadienne	Terrace	Terrace	10
2017	2017	British Columbia	Colombie-Britannique	Canadian Experience Class	Catégorie de l'expérience canadienne	Vancouver	Vancouver	4590
2017	2017	British Columbia	Colombie-Britannique	Canadian Experience Class	Catégorie de l'expérience canadienne	Vernon	Vernon	15
2017	2017	British Columbia	Colombie-Britannique	Canadian Experience Class	Catégorie de l'expérience canadienne	Victoria	Victoria	240
2017	2017	British Columbia	Colombie-Britannique	Canadian Experience Class	Catégorie de l'expérience canadienne	Williams Lake	Williams Lake	5
2017	2017	British Columbia	Colombie-Britannique	Federal Skilled Trades	Métiers spécialisés	Abbotsford - Mission	Abbotsford - Mission	15
2017	2017	British Columbia	Colombie-Britannique	Federal Skilled Trades	Métiers spécialisés	Chilliwack	Chilliwack	--
2017	2017	British Columbia	Colombie-Britannique	Federal Skilled Trades	Métiers spécialisés	Cranbrook	Cranbrook	--
2017	2017	British Columbia	Colombie-Britannique	Federal Skilled Trades	Métiers spécialisés	Kamloops	Kamloops	5
2017	2017	British Columbia	Colombie-Britannique	Federal Skilled Trades	Métiers spécialisés	Kelowna	Kelowna	--
2017	2017	British Columbia	Colombie-Britannique	Federal Skilled Trades	Métiers spécialisés	Nanaimo	Nanaimo	--
2017	2017	British Columbia	Colombie-Britannique	Federal Skilled Trades	Métiers spécialisés	Other - British Columbia	Autres - Colombie-Britannique	15
2017	2017	British Columbia	Colombie-Britannique	Federal Skilled Trades	Métiers spécialisés	Penticton	Penticton	--
2017	2017	British Columbia	Colombie-Britannique	Federal Skilled Trades	Métiers spécialisés	Vancouver	Vancouver	135
2017	2017	British Columbia	Colombie-Britannique	Federal Skilled Trades	Métiers spécialisés	Vernon	Vernon	--
2017	2017	British Columbia	Colombie-Britannique	Federal Skilled Trades	Métiers spécialisés	Victoria	Victoria	--
2017	2017	British Columbia	Colombie-Britannique	Federal Skilled Trades	Métiers spécialisés	Williams Lake	Williams Lake	--
2017	2017	British Columbia	Colombie-Britannique	Federal Skilled Worker	Travailleurs qualifiés	Abbotsford - Mission	Abbotsford - Mission	45
2017	2017	British Columbia	Colombie-Britannique	Federal Skilled Worker	Travailleurs qualifiés	Campbell River	Campbell River	--
2017	2017	British Columbia	Colombie-Britannique	Federal Skilled Worker	Travailleurs qualifiés	Chilliwack	Chilliwack	10
2017	2017	British Columbia	Colombie-Britannique	Federal Skilled Worker	Travailleurs qualifiés	Courtenay	Courtenay	--
2017	2017	British Columbia	Colombie-Britannique	Federal Skilled Worker	Travailleurs qualifiés	Cranbrook	Cranbrook	--
2017	2017	British Columbia	Colombie-Britannique	Federal Skilled Worker	Travailleurs qualifiés	Dawson Creek	Dawson Creek	5
2017	2017	British Columbia	Colombie-Britannique	Federal Skilled Worker	Travailleurs qualifiés	Duncan	Duncan	--
2017	2017	British Columbia	Colombie-Britannique	Federal Skilled Worker	Travailleurs qualifiés	Fort St. John	Fort St. John	--
2017	2017	British Columbia	Colombie-Britannique	Federal Skilled Worker	Travailleurs qualifiés	Kamloops	Kamloops	15
2017	2017	British Columbia	Colombie-Britannique	Federal Skilled Worker	Travailleurs qualifiés	Kelowna	Kelowna	45
2017	2017	British Columbia	Colombie-Britannique	Federal Skilled Worker	Travailleurs qualifiés	Nanaimo	Nanaimo	20
2017	2017	British Columbia	Colombie-Britannique	Federal Skilled Worker	Travailleurs qualifiés	Nelson	Nelson	5
2017	2017	British Columbia	Colombie-Britannique	Federal Skilled Worker	Travailleurs qualifiés	Other - British Columbia	Autres - Colombie-Britannique	115
2017	2017	British Columbia	Colombie-Britannique	Federal Skilled Worker	Travailleurs qualifiés	Penticton	Penticton	5
2017	2017	British Columbia	Colombie-Britannique	Federal Skilled Worker	Travailleurs qualifiés	Port Alberni	Port Alberni	--
2017	2017	British Columbia	Colombie-Britannique	Federal Skilled Worker	Travailleurs qualifiés	Powell River	Powell River	--
2017	2017	British Columbia	Colombie-Britannique	Federal Skilled Worker	Travailleurs qualifiés	Prince George	Prince George	10
2017	2017	British Columbia	Colombie-Britannique	Federal Skilled Worker	Travailleurs qualifiés	Prince Rupert	Prince Rupert	--
2017	2017	British Columbia	Colombie-Britannique	Federal Skilled Worker	Travailleurs qualifiés	Quesnel	Quesnel	--
2017	2017	British Columbia	Colombie-Britannique	Federal Skilled Worker	Travailleurs qualifiés	Squamish	Squamish	20
2017	2017	British Columbia	Colombie-Britannique	Federal Skilled Worker	Travailleurs qualifiés	Terrace	Terrace	--
2017	2017	British Columbia	Colombie-Britannique	Federal Skilled Worker	Travailleurs qualifiés	Vancouver	Vancouver	3680
2017	2017	British Columbia	Colombie-Britannique	Federal Skilled Worker	Travailleurs qualifiés	Vernon	Vernon	--
2017	2017	British Columbia	Colombie-Britannique	Federal Skilled Worker	Travailleurs qualifiés	Victoria	Victoria	155
2017	2017	British Columbia	Colombie-Britannique	Federal Skilled Worker	Travailleurs qualifiés	Williams Lake	Williams Lake	--
2017	2017	British Columbia	Colombie-Britannique	Provincial Nominee Program	Candidats des provinces ou des territoires	Abbotsford - Mission	Abbotsford - Mission	45
2017	2017	British Columbia	Colombie-Britannique	Provincial Nominee Program	Candidats des provinces ou des territoires	Campbell River	Campbell River	--
2017	2017	British Columbia	Colombie-Britannique	Provincial Nominee Program	Candidats des provinces ou des territoires	Chilliwack	Chilliwack	10
2017	2017	British Columbia	Colombie-Britannique	Provincial Nominee Program	Candidats des provinces ou des territoires	Courtenay	Courtenay	5
2017	2017	British Columbia	Colombie-Britannique	Provincial Nominee Program	Candidats des provinces ou des territoires	Cranbrook	Cranbrook	5
2017	2017	British Columbia	Colombie-Britannique	Provincial Nominee Program	Candidats des provinces ou des territoires	Dawson Creek	Dawson Creek	5
2017	2017	British Columbia	Colombie-Britannique	Provincial Nominee Program	Candidats des provinces ou des territoires	Duncan	Duncan	10
2017	2017	British Columbia	Colombie-Britannique	Provincial Nominee Program	Candidats des provinces ou des territoires	Fort St. John	Fort St. John	15
2017	2017	British Columbia	Colombie-Britannique	Provincial Nominee Program	Candidats des provinces ou des territoires	Kamloops	Kamloops	35
2017	2017	British Columbia	Colombie-Britannique	Provincial Nominee Program	Candidats des provinces ou des territoires	Kelowna	Kelowna	45
2017	2017	British Columbia	Colombie-Britannique	Provincial Nominee Program	Candidats des provinces ou des territoires	Nanaimo	Nanaimo	25
2017	2017	British Columbia	Colombie-Britannique	Provincial Nominee Program	Candidats des provinces ou des territoires	Nelson	Nelson	--
2017	2017	British Columbia	Colombie-Britannique	Provincial Nominee Program	Candidats des provinces ou des territoires	Other - British Columbia	Autres - Colombie-Britannique	155
2017	2017	British Columbia	Colombie-Britannique	Provincial Nominee Program	Candidats des provinces ou des territoires	Penticton	Penticton	5
2017	2017	British Columbia	Colombie-Britannique	Provincial Nominee Program	Candidats des provinces ou des territoires	Port Alberni	Port Alberni	--
2017	2017	British Columbia	Colombie-Britannique	Provincial Nominee Program	Candidats des provinces ou des territoires	Powell River	Powell River	--
2017	2017	British Columbia	Colombie-Britannique	Provincial Nominee Program	Candidats des provinces ou des territoires	Prince George	Prince George	25
2017	2017	British Columbia	Colombie-Britannique	Provincial Nominee Program	Candidats des provinces ou des territoires	Prince Rupert	Prince Rupert	--
2017	2017	British Columbia	Colombie-Britannique	Provincial Nominee Program	Candidats des provinces ou des territoires	Quesnel	Quesnel	--
2017	2017	British Columbia	Colombie-Britannique	Provincial Nominee Program	Candidats des provinces ou des territoires	Salmon Arm	Salmon Arm	--
2017	2017	British Columbia	Colombie-Britannique	Provincial Nominee Program	Candidats des provinces ou des territoires	Squamish	Squamish	15
2017	2017	British Columbia	Colombie-Britannique	Provincial Nominee Program	Candidats des provinces ou des territoires	Terrace	Terrace	5
2017	2017	British Columbia	Colombie-Britannique	Provincial Nominee Program	Candidats des provinces ou des territoires	Trail	Trail	--
2017	2017	British Columbia	Colombie-Britannique	Provincial Nominee Program	Candidats des provinces ou des territoires	Vancouver	Vancouver	1805
2017	2017	British Columbia	Colombie-Britannique	Provincial Nominee Program	Candidats des provinces ou des territoires	Vernon	Vernon	5
2017	2017	British Columbia	Colombie-Britannique	Provincial Nominee Program	Candidats des provinces ou des territoires	Victoria	Victoria	80
2017	2017	British Columbia	Colombie-Britannique	Provincial Nominee Program	Candidats des provinces ou des territoires	Williams Lake	Williams Lake	--
2017	2017	Manitoba	Manitoba	Canadian Experience Class	Catégorie de l'expérience canadienne	Brandon	Brandon	25
2017	2017	Manitoba	Manitoba	Canadian Experience Class	Catégorie de l'expérience canadienne	Other - Manitoba	Autres - Manitoba	25
2017	2017	Manitoba	Manitoba	Canadian Experience Class	Catégorie de l'expérience canadienne	Portage la Prairie	Portage la Prairie	--
2017	2017	Manitoba	Manitoba	Canadian Experience Class	Catégorie de l'expérience canadienne	Steinbach	Steinbach	--
2017	2017	Manitoba	Manitoba	Canadian Experience Class	Catégorie de l'expérience canadienne	Thompson	Thompson	--
2017	2017	Manitoba	Manitoba	Canadian Experience Class	Catégorie de l'expérience canadienne	Winnipeg	Winnipeg	255
2017	2017	Manitoba	Manitoba	Federal Skilled Trades	Métiers spécialisés	Other - Manitoba	Autres - Manitoba	--
2017	2017	Manitoba	Manitoba	Federal Skilled Worker	Travailleurs qualifiés	Brandon	Brandon	10
2017	2017	Manitoba	Manitoba	Federal Skilled Worker	Travailleurs qualifiés	Other - Manitoba	Autres - Manitoba	20
2017	2017	Manitoba	Manitoba	Federal Skilled Worker	Travailleurs qualifiés	Portage la Prairie	Portage la Prairie	--
2017	2017	Manitoba	Manitoba	Federal Skilled Worker	Travailleurs qualifiés	Steinbach	Steinbach	--
2017	2017	Manitoba	Manitoba	Federal Skilled Worker	Travailleurs qualifiés	Thompson	Thompson	--
2017	2017	Manitoba	Manitoba	Federal Skilled Worker	Travailleurs qualifiés	Winkler	Winkler	--
2017	2017	Manitoba	Manitoba	Federal Skilled Worker	Travailleurs qualifiés	Winnipeg	Winnipeg	275
2017	2017	Manitoba	Manitoba	Provincial Nominee Program	Candidats des provinces ou des territoires	Brandon	Brandon	--
2017	2017	Manitoba	Manitoba	Provincial Nominee Program	Candidats des provinces ou des territoires	Winnipeg	Winnipeg	10
2017	2017	New Brunswick	Nouveau-Brunswick	Canadian Experience Class	Catégorie de l'expérience canadienne	Bathurst	Bathurst	--
2017	2017	New Brunswick	Nouveau-Brunswick	Canadian Experience Class	Catégorie de l'expérience canadienne	Fredericton	Fredericton	85
2017	2017	New Brunswick	Nouveau-Brunswick	Canadian Experience Class	Catégorie de l'expérience canadienne	Miramichi	Miramichi	--
2017	2017	New Brunswick	Nouveau-Brunswick	Canadian Experience Class	Catégorie de l'expérience canadienne	Moncton	Moncton	45
2017	2017	New Brunswick	Nouveau-Brunswick	Canadian Experience Class	Catégorie de l'expérience canadienne	Other - New Brunswick	Autres - Nouveau-Brunswick	15
2017	2017	New Brunswick	Nouveau-Brunswick	Canadian Experience Class	Catégorie de l'expérience canadienne	Saint John	Saint John	35
2017	2017	New Brunswick	Nouveau-Brunswick	Federal Skilled Trades	Métiers spécialisés	Moncton	Moncton	--
2017	2017	New Brunswick	Nouveau-Brunswick	Federal Skilled Worker	Travailleurs qualifiés	Bathurst	Bathurst	--
2017	2017	New Brunswick	Nouveau-Brunswick	Federal Skilled Worker	Travailleurs qualifiés	Edmundston	Edmundston	5
2017	2017	New Brunswick	Nouveau-Brunswick	Federal Skilled Worker	Travailleurs qualifiés	Fredericton	Fredericton	30
2017	2017	New Brunswick	Nouveau-Brunswick	Federal Skilled Worker	Travailleurs qualifiés	Miramichi	Miramichi	--
2017	2017	New Brunswick	Nouveau-Brunswick	Federal Skilled Worker	Travailleurs qualifiés	Moncton	Moncton	45
2017	2017	New Brunswick	Nouveau-Brunswick	Federal Skilled Worker	Travailleurs qualifiés	Other - New Brunswick	Autres - Nouveau-Brunswick	10
2017	2017	New Brunswick	Nouveau-Brunswick	Federal Skilled Worker	Travailleurs qualifiés	Saint John	Saint John	15
2017	2017	New Brunswick	Nouveau-Brunswick	Provincial Nominee Program	Candidats des provinces ou des territoires	Bathurst	Bathurst	5
2017	2017	New Brunswick	Nouveau-Brunswick	Provincial Nominee Program	Candidats des provinces ou des territoires	Fredericton	Fredericton	300
2017	2017	New Brunswick	Nouveau-Brunswick	Provincial Nominee Program	Candidats des provinces ou des territoires	Miramichi	Miramichi	--
2017	2017	New Brunswick	Nouveau-Brunswick	Provincial Nominee Program	Candidats des provinces ou des territoires	Moncton	Moncton	170
2017	2017	New Brunswick	Nouveau-Brunswick	Provincial Nominee Program	Candidats des provinces ou des territoires	Other - New Brunswick	Autres - Nouveau-Brunswick	10
2017	2017	New Brunswick	Nouveau-Brunswick	Provincial Nominee Program	Candidats des provinces ou des territoires	Saint John	Saint John	105
2017	2017	Newfoundland and Labrador	Terre-Neuve-et-Labrador	Canadian Experience Class	Catégorie de l'expérience canadienne	Corner Brook	Corner Brook	--
2017	2017	Newfoundland and Labrador	Terre-Neuve-et-Labrador	Canadian Experience Class	Catégorie de l'expérience canadienne	Gander	Gander	--
2017	2017	Newfoundland and Labrador	Terre-Neuve-et-Labrador	Canadian Experience Class	Catégorie de l'expérience canadienne	Grand Falls-Windsor	Grand Falls-Windsor	--
2017	2017	Newfoundland and Labrador	Terre-Neuve-et-Labrador	Canadian Experience Class	Catégorie de l'expérience canadienne	Other - Newfoundland and Labrador	Autres - Terre-Neuve-et-Labrador	10
2017	2017	Newfoundland and Labrador	Terre-Neuve-et-Labrador	Canadian Experience Class	Catégorie de l'expérience canadienne	St. John's	St. John's	125
2017	2017	Newfoundland and Labrador	Terre-Neuve-et-Labrador	Federal Skilled Worker	Travailleurs qualifiés	Corner Brook	Corner Brook	--
2017	2017	Newfoundland and Labrador	Terre-Neuve-et-Labrador	Federal Skilled Worker	Travailleurs qualifiés	Other - Newfoundland and Labrador	Autres - Terre-Neuve-et-Labrador	5
2017	2017	Newfoundland and Labrador	Terre-Neuve-et-Labrador	Federal Skilled Worker	Travailleurs qualifiés	St. John's	St. John's	55
2017	2017	Newfoundland and Labrador	Terre-Neuve-et-Labrador	Provincial Nominee Program	Candidats des provinces ou des territoires	Gander	Gander	--
2017	2017	Newfoundland and Labrador	Terre-Neuve-et-Labrador	Provincial Nominee Program	Candidats des provinces ou des territoires	Other - Newfoundland and Labrador	Autres - Terre-Neuve-et-Labrador	--
2017	2017	Newfoundland and Labrador	Terre-Neuve-et-Labrador	Provincial Nominee Program	Candidats des provinces ou des territoires	St. John's	St. John's	10
2017	2017	Northwest Territories	Territoires du Nord-Ouest	Canadian Experience Class	Catégorie de l'expérience canadienne	Territories (outside Census agglomeration, Northwest Territories)	Territoires (à l'extérieur des agglomérations de recensement, Territoires du Nord-Ouest)	--
2017	2017	Northwest Territories	Territoires du Nord-Ouest	Canadian Experience Class	Catégorie de l'expérience canadienne	Yellowknife	Yellowknife	15
2017	2017	Northwest Territories	Territoires du Nord-Ouest	Federal Skilled Trades	Métiers spécialisés	Territories (outside Census agglomeration, Northwest Territories)	Territoires (à l'extérieur des agglomérations de recensement, Territoires du Nord-Ouest)	--
2017	2017	Northwest Territories	Territoires du Nord-Ouest	Federal Skilled Worker	Travailleurs qualifiés	Territories (outside Census agglomeration, Northwest Territories)	Territoires (à l'extérieur des agglomérations de recensement, Territoires du Nord-Ouest)	--
2017	2017	Northwest Territories	Territoires du Nord-Ouest	Federal Skilled Worker	Travailleurs qualifiés	Yellowknife	Yellowknife	5
2017	2017	Northwest Territories	Territoires du Nord-Ouest	Provincial Nominee Program	Candidats des provinces ou des territoires	Territories (outside Census agglomeration, Northwest Territories)	Territoires (à l'extérieur des agglomérations de recensement, Territoires du Nord-Ouest)	--
2017	2017	Northwest Territories	Territoires du Nord-Ouest	Provincial Nominee Program	Candidats des provinces ou des territoires	Yellowknife	Yellowknife	5
2017	2017	Province/Territory not stated	Province / territoire non déclaré(e)	Federal Skilled Worker	Travailleurs qualifiés	Census metropolitan area not stated	Région métropolitaine de recensement non déclarée	--
2017	2017	Nova Scotia	Nouvelle-Écosse	Canadian Experience Class	Catégorie de l'expérience canadienne	Cape Breton	Cape Breton	5
2017	2017	Nova Scotia	Nouvelle-Écosse	Canadian Experience Class	Catégorie de l'expérience canadienne	Halifax	Halifax	300
2017	2017	Nova Scotia	Nouvelle-Écosse	Canadian Experience Class	Catégorie de l'expérience canadienne	Kentville	Kentville	--
2017	2017	Nova Scotia	Nouvelle-Écosse	Canadian Experience Class	Catégorie de l'expérience canadienne	New Glasgow	New Glasgow	--
2017	2017	Nova Scotia	Nouvelle-Écosse	Canadian Experience Class	Catégorie de l'expérience canadienne	Other - Nova Scotia	Autres - Nouvelle-Écosse	20
2017	2017	Nova Scotia	Nouvelle-Écosse	Canadian Experience Class	Catégorie de l'expérience canadienne	Truro	Truro	--
2017	2017	Nova Scotia	Nouvelle-Écosse	Federal Skilled Trades	Métiers spécialisés	Other - Nova Scotia	Autres - Nouvelle-Écosse	--
2017	2017	Nova Scotia	Nouvelle-Écosse	Federal Skilled Worker	Travailleurs qualifiés	Cape Breton	Cape Breton	10
2017	2017	Nova Scotia	Nouvelle-Écosse	Federal Skilled Worker	Travailleurs qualifiés	Halifax	Halifax	205
2017	2017	Nova Scotia	Nouvelle-Écosse	Federal Skilled Worker	Travailleurs qualifiés	Other - Nova Scotia	Autres - Nouvelle-Écosse	15
2017	2017	Nova Scotia	Nouvelle-Écosse	Federal Skilled Worker	Travailleurs qualifiés	Truro	Truro	--
2017	2017	Nova Scotia	Nouvelle-Écosse	Provincial Nominee Program	Candidats des provinces ou des territoires	Cape Breton	Cape Breton	30
2017	2017	Nova Scotia	Nouvelle-Écosse	Provincial Nominee Program	Candidats des provinces ou des territoires	Halifax	Halifax	910
2017	2017	Nova Scotia	Nouvelle-Écosse	Provincial Nominee Program	Candidats des provinces ou des territoires	Kentville	Kentville	--
2017	2017	Nova Scotia	Nouvelle-Écosse	Provincial Nominee Program	Candidats des provinces ou des territoires	New Glasgow	New Glasgow	--
2017	2017	Nova Scotia	Nouvelle-Écosse	Provincial Nominee Program	Candidats des provinces ou des territoires	Other - Nova Scotia	Autres - Nouvelle-Écosse	20
2017	2017	Nova Scotia	Nouvelle-Écosse	Provincial Nominee Program	Candidats des provinces ou des territoires	Truro	Truro	10
2017	2017	Nunavut	Nunavut	Canadian Experience Class	Catégorie de l'expérience canadienne	Territories (outside Census agglomeration, Nunavut)	Territoires (à l'extérieur des agglomérations de recensement, Nunavut)	--
2017	2017	Nunavut	Nunavut	Federal Skilled Worker	Travailleurs qualifiés	Territories (outside Census agglomeration, Nunavut)	Territoires (à l'extérieur des agglomérations de recensement, Nunavut)	--
2017	2017	Ontario	Ontario	Canadian Experience Class	Catégorie de l'expérience canadienne	Barrie	Barrie	105
2017	2017	Ontario	Ontario	Canadian Experience Class	Catégorie de l'expérience canadienne	Belleville - Quinte West	Belleville - Quinte West	20
2017	2017	Ontario	Ontario	Canadian Experience Class	Catégorie de l'expérience canadienne	Brantford	Brantford	35
2017	2017	Ontario	Ontario	Canadian Experience Class	Catégorie de l'expérience canadienne	Brockville	Brockville	5
2017	2017	Ontario	Ontario	Canadian Experience Class	Catégorie de l'expérience canadienne	Centre Wellington	Centre Wellington	5
2017	2017	Ontario	Ontario	Canadian Experience Class	Catégorie de l'expérience canadienne	Chatham-Kent	Chatham-Kent	15
2017	2017	Ontario	Ontario	Canadian Experience Class	Catégorie de l'expérience canadienne	Cobourg	Cobourg	--
2017	2017	Ontario	Ontario	Canadian Experience Class	Catégorie de l'expérience canadienne	Collingwood	Collingwood	15
2017	2017	Ontario	Ontario	Canadian Experience Class	Catégorie de l'expérience canadienne	Cornwall	Cornwall	10
2017	2017	Ontario	Ontario	Canadian Experience Class	Catégorie de l'expérience canadienne	Elliot Lake	Elliot Lake	--
2017	2017	Ontario	Ontario	Canadian Experience Class	Catégorie de l'expérience canadienne	Essa	Essa	--
2017	2017	Ontario	Ontario	Canadian Experience Class	Catégorie de l'expérience canadienne	Greater Sudbury	Grand Sudbury	40
2017	2017	Ontario	Ontario	Canadian Experience Class	Catégorie de l'expérience canadienne	Guelph	Guelph	120
2017	2017	Ontario	Ontario	Canadian Experience Class	Catégorie de l'expérience canadienne	Hamilton	Hamilton	460
2017	2017	Ontario	Ontario	Canadian Experience Class	Catégorie de l'expérience canadienne	Hawkesbury (Ontario part)	Hawkesbury (partie de l'Ontario)	--
2017	2017	Ontario	Ontario	Canadian Experience Class	Catégorie de l'expérience canadienne	Ingersoll	Ingersoll	--
2017	2017	Ontario	Ontario	Canadian Experience Class	Catégorie de l'expérience canadienne	Kawartha Lakes	Kawartha Lakes	5
2017	2017	Ontario	Ontario	Canadian Experience Class	Catégorie de l'expérience canadienne	Kenora	Kenora	5
2017	2017	Ontario	Ontario	Canadian Experience Class	Catégorie de l'expérience canadienne	Kingston	Kingston	75
2017	2017	Ontario	Ontario	Canadian Experience Class	Catégorie de l'expérience canadienne	Kitchener - Cambridge - Waterloo	Kitchener - Cambridge - Waterloo	675
2017	2017	Ontario	Ontario	Canadian Experience Class	Catégorie de l'expérience canadienne	London	Londres	360
2017	2017	Ontario	Ontario	Canadian Experience Class	Catégorie de l'expérience canadienne	Midland	Midland	--
2017	2017	Ontario	Ontario	Canadian Experience Class	Catégorie de l'expérience canadienne	Norfolk	Norfolk	10
2017	2017	Ontario	Ontario	Canadian Experience Class	Catégorie de l'expérience canadienne	North Bay	North Bay	5
2017	2017	Ontario	Ontario	Canadian Experience Class	Catégorie de l'expérience canadienne	Orillia	Orillia	--
2017	2017	Ontario	Ontario	Canadian Experience Class	Catégorie de l'expérience canadienne	Oshawa	Oshawa	90
2017	2017	Ontario	Ontario	Canadian Experience Class	Catégorie de l'expérience canadienne	Other - Ontario	Autres - Ontario	130
2017	2017	Ontario	Ontario	Canadian Experience Class	Catégorie de l'expérience canadienne	Ottawa - Gatineau (Ontario part)	Ottawa - Gatineau (partie de l'Ontario)	1070
2017	2017	Ontario	Ontario	Canadian Experience Class	Catégorie de l'expérience canadienne	Owen Sound	Owen Sound	--
2017	2017	Ontario	Ontario	Canadian Experience Class	Catégorie de l'expérience canadienne	Pembroke	Pembroke	--
2017	2017	Ontario	Ontario	Canadian Experience Class	Catégorie de l'expérience canadienne	Petawawa	Petawawa	--
2017	2017	Ontario	Ontario	Canadian Experience Class	Catégorie de l'expérience canadienne	Peterborough	Peterborough	55
2017	2017	Ontario	Ontario	Canadian Experience Class	Catégorie de l'expérience canadienne	Port Hope	Port Hope	--
2017	2017	Ontario	Ontario	Canadian Experience Class	Catégorie de l'expérience canadienne	Sarnia	Sarnia	35
2017	2017	Ontario	Ontario	Canadian Experience Class	Catégorie de l'expérience canadienne	Sault Ste. Marie	Sault Ste. Marie	20
2017	2017	Ontario	Ontario	Canadian Experience Class	Catégorie de l'expérience canadienne	St. Catharines - Niagara	St. Catharines - Niagara	170
2017	2017	Ontario	Ontario	Canadian Experience Class	Catégorie de l'expérience canadienne	Stratford	Stratford	15
2017	2017	Ontario	Ontario	Canadian Experience Class	Catégorie de l'expérience canadienne	Thunder Bay	Thunder Bay	40
2017	2017	Ontario	Ontario	Canadian Experience Class	Catégorie de l'expérience canadienne	Tillsonburg	Tillsonburg	--
2017	2017	Ontario	Ontario	Canadian Experience Class	Catégorie de l'expérience canadienne	Timmins	Timmins	15
2017	2017	Ontario	Ontario	Canadian Experience Class	Catégorie de l'expérience canadienne	Toronto	Toronto	15225
2017	2017	Ontario	Ontario	Canadian Experience Class	Catégorie de l'expérience canadienne	Windsor	Windsor	215
2017	2017	Ontario	Ontario	Canadian Experience Class	Catégorie de l'expérience canadienne	Woodstock	Woodstock	10
2017	2017	Ontario	Ontario	Federal Skilled Trades	Métiers spécialisés	Guelph	Guelph	--
2017	2017	Ontario	Ontario	Federal Skilled Trades	Métiers spécialisés	Hamilton	Hamilton	5
2017	2017	Ontario	Ontario	Federal Skilled Trades	Métiers spécialisés	Kitchener - Cambridge - Waterloo	Kitchener - Cambridge - Waterloo	--
2017	2017	Ontario	Ontario	Federal Skilled Trades	Métiers spécialisés	London	Londres	--
2017	2017	Ontario	Ontario	Federal Skilled Trades	Métiers spécialisés	Oshawa	Oshawa	--
2017	2017	Ontario	Ontario	Federal Skilled Trades	Métiers spécialisés	Other - Ontario	Autres - Ontario	5
2017	2017	Ontario	Ontario	Federal Skilled Trades	Métiers spécialisés	Ottawa - Gatineau (Ontario part)	Ottawa - Gatineau (partie de l'Ontario)	--
2017	2017	Ontario	Ontario	Federal Skilled Trades	Métiers spécialisés	Sarnia	Sarnia	--
2017	2017	Ontario	Ontario	Federal Skilled Trades	Métiers spécialisés	Toronto	Toronto	50
2017	2017	Ontario	Ontario	Federal Skilled Trades	Métiers spécialisés	Windsor	Windsor	--
2017	2017	Ontario	Ontario	Federal Skilled Trades	Métiers spécialisés	Woodstock	Woodstock	--
2017	2017	Ontario	Ontario	Federal Skilled Worker	Travailleurs qualifiés	Barrie	Barrie	25
2017	2017	Ontario	Ontario	Federal Skilled Worker	Travailleurs qualifiés	Belleville - Quinte West	Belleville - Quinte West	15
2017	2017	Ontario	Ontario	Federal Skilled Worker	Travailleurs qualifiés	Brantford	Brantford	10
2017	2017	Ontario	Ontario	Federal Skilled Worker	Travailleurs qualifiés	Brockville	Brockville	5
2017	2017	Ontario	Ontario	Federal Skilled Worker	Travailleurs qualifiés	Chatham-Kent	Chatham-Kent	--
2017	2017	Ontario	Ontario	Federal Skilled Worker	Travailleurs qualifiés	Cobourg	Cobourg	--
2017	2017	Ontario	Ontario	Federal Skilled Worker	Travailleurs qualifiés	Collingwood	Collingwood	--
2017	2017	Ontario	Ontario	Federal Skilled Worker	Travailleurs qualifiés	Cornwall	Cornwall	--
2017	2017	Ontario	Ontario	Federal Skilled Worker	Travailleurs qualifiés	Essa	Essa	5
2017	2017	Ontario	Ontario	Federal Skilled Worker	Travailleurs qualifiés	Greater Sudbury	Grand Sudbury	15
2017	2017	Ontario	Ontario	Federal Skilled Worker	Travailleurs qualifiés	Guelph	Guelph	65
2017	2017	Ontario	Ontario	Federal Skilled Worker	Travailleurs qualifiés	Hamilton	Hamilton	255
2017	2017	Ontario	Ontario	Federal Skilled Worker	Travailleurs qualifiés	Hawkesbury (Ontario part)	Hawkesbury (partie de l'Ontario)	--
2017	2017	Ontario	Ontario	Federal Skilled Worker	Travailleurs qualifiés	Kawartha Lakes	Kawartha Lakes	5
2017	2017	Ontario	Ontario	Federal Skilled Worker	Travailleurs qualifiés	Kenora	Kenora	--
2017	2017	Ontario	Ontario	Federal Skilled Worker	Travailleurs qualifiés	Kingston	Kingston	55
2017	2017	Ontario	Ontario	Federal Skilled Worker	Travailleurs qualifiés	Kitchener - Cambridge - Waterloo	Kitchener - Cambridge - Waterloo	305
2017	2017	Ontario	Ontario	Federal Skilled Worker	Travailleurs qualifiés	London	Londres	210
2017	2017	Ontario	Ontario	Federal Skilled Worker	Travailleurs qualifiés	Norfolk	Norfolk	--
2017	2017	Ontario	Ontario	Federal Skilled Worker	Travailleurs qualifiés	North Bay	North Bay	--
2017	2017	Ontario	Ontario	Federal Skilled Worker	Travailleurs qualifiés	Orillia	Orillia	--
2017	2017	Ontario	Ontario	Federal Skilled Worker	Travailleurs qualifiés	Oshawa	Oshawa	55
2017	2017	Ontario	Ontario	Federal Skilled Worker	Travailleurs qualifiés	Other - Ontario	Autres - Ontario	125
2017	2017	Ontario	Ontario	Federal Skilled Worker	Travailleurs qualifiés	Ottawa - Gatineau (Ontario part)	Ottawa - Gatineau (partie de l'Ontario)	1285
2017	2017	Ontario	Ontario	Federal Skilled Worker	Travailleurs qualifiés	Owen Sound	Owen Sound	--
2017	2017	Ontario	Ontario	Federal Skilled Worker	Travailleurs qualifiés	Peterborough	Peterborough	15
2017	2017	Ontario	Ontario	Federal Skilled Worker	Travailleurs qualifiés	Sarnia	Sarnia	20
2017	2017	Ontario	Ontario	Federal Skilled Worker	Travailleurs qualifiés	Sault Ste. Marie	Sault Ste. Marie	--
2017	2017	Ontario	Ontario	Federal Skilled Worker	Travailleurs qualifiés	St. Catharines - Niagara	St. Catharines - Niagara	60
2017	2017	Ontario	Ontario	Federal Skilled Worker	Travailleurs qualifiés	Stratford	Stratford	--
2017	2017	Ontario	Ontario	Federal Skilled Worker	Travailleurs qualifiés	Thunder Bay	Thunder Bay	20
2017	2017	Ontario	Ontario	Federal Skilled Worker	Travailleurs qualifiés	Tillsonburg	Tillsonburg	--
2017	2017	Ontario	Ontario	Federal Skilled Worker	Travailleurs qualifiés	Timmins	Timmins	--
2017	2017	Ontario	Ontario	Federal Skilled Worker	Travailleurs qualifiés	Toronto	Toronto	18680
2017	2017	Ontario	Ontario	Federal Skilled Worker	Travailleurs qualifiés	Windsor	Windsor	135
2017	2017	Ontario	Ontario	Federal Skilled Worker	Travailleurs qualifiés	Woodstock	Woodstock	--
2017	2017	Ontario	Ontario	Provincial Nominee Program	Candidats des provinces ou des territoires	Barrie	Barrie	15
2017	2017	Ontario	Ontario	Provincial Nominee Program	Candidats des provinces ou des territoires	Belleville - Quinte West	Belleville - Quinte West	--
2017	2017	Ontario	Ontario	Provincial Nominee Program	Candidats des provinces ou des territoires	Brantford	Brantford	--
2017	2017	Ontario	Ontario	Provincial Nominee Program	Candidats des provinces ou des territoires	Chatham-Kent	Chatham-Kent	--
2017	2017	Ontario	Ontario	Provincial Nominee Program	Candidats des provinces ou des territoires	Cornwall	Cornwall	--
2017	2017	Ontario	Ontario	Provincial Nominee Program	Candidats des provinces ou des territoires	Essa	Essa	--
2017	2017	Ontario	Ontario	Provincial Nominee Program	Candidats des provinces ou des territoires	Greater Sudbury	Grand Sudbury	5
2017	2017	Ontario	Ontario	Provincial Nominee Program	Candidats des provinces ou des territoires	Guelph	Guelph	20
2017	2017	Ontario	Ontario	Provincial Nominee Program	Candidats des provinces ou des territoires	Hamilton	Hamilton	70
2017	2017	Ontario	Ontario	Provincial Nominee Program	Candidats des provinces ou des territoires	Kawartha Lakes	Kawartha Lakes	--
2017	2017	Ontario	Ontario	Provincial Nominee Program	Candidats des provinces ou des territoires	Kingston	Kingston	5
2017	2017	Ontario	Ontario	Provincial Nominee Program	Candidats des provinces ou des territoires	Kitchener - Cambridge - Waterloo	Kitchener - Cambridge - Waterloo	65
2017	2017	Ontario	Ontario	Provincial Nominee Program	Candidats des provinces ou des territoires	London	Londres	55
2017	2017	Ontario	Ontario	Provincial Nominee Program	Candidats des provinces ou des territoires	Norfolk	Norfolk	--
2017	2017	Ontario	Ontario	Provincial Nominee Program	Candidats des provinces ou des territoires	Orillia	Orillia	--
2017	2017	Ontario	Ontario	Provincial Nominee Program	Candidats des provinces ou des territoires	Oshawa	Oshawa	15
2017	2017	Ontario	Ontario	Provincial Nominee Program	Candidats des provinces ou des territoires	Other - Ontario	Autres - Ontario	15
2017	2017	Ontario	Ontario	Provincial Nominee Program	Candidats des provinces ou des territoires	Ottawa - Gatineau (Ontario part)	Ottawa - Gatineau (partie de l'Ontario)	305
2017	2017	Ontario	Ontario	Provincial Nominee Program	Candidats des provinces ou des territoires	Owen Sound	Owen Sound	--
2017	2017	Ontario	Ontario	Provincial Nominee Program	Candidats des provinces ou des territoires	Pembroke	Pembroke	--
2017	2017	Ontario	Ontario	Provincial Nominee Program	Candidats des provinces ou des territoires	Peterborough	Peterborough	--
2017	2017	Ontario	Ontario	Provincial Nominee Program	Candidats des provinces ou des territoires	Sarnia	Sarnia	--
2017	2017	Ontario	Ontario	Provincial Nominee Program	Candidats des provinces ou des territoires	Sault Ste. Marie	Sault Ste. Marie	--
2017	2017	Ontario	Ontario	Provincial Nominee Program	Candidats des provinces ou des territoires	St. Catharines - Niagara	St. Catharines - Niagara	15
2017	2017	Ontario	Ontario	Provincial Nominee Program	Candidats des provinces ou des territoires	Stratford	Stratford	--
2017	2017	Ontario	Ontario	Provincial Nominee Program	Candidats des provinces ou des territoires	Thunder Bay	Thunder Bay	--
2017	2017	Ontario	Ontario	Provincial Nominee Program	Candidats des provinces ou des territoires	Tillsonburg	Tillsonburg	--
2017	2017	Ontario	Ontario	Provincial Nominee Program	Candidats des provinces ou des territoires	Timmins	Timmins	--
2017	2017	Ontario	Ontario	Provincial Nominee Program	Candidats des provinces ou des territoires	Toronto	Toronto	3715
2017	2017	Ontario	Ontario	Provincial Nominee Program	Candidats des provinces ou des territoires	Windsor	Windsor	35
2017	2017	Prince Edward Island	Île-du-Prince-Édouard	Canadian Experience Class	Catégorie de l'expérience canadienne	Charlottetown	Charlottetown	65
2017	2017	Prince Edward Island	Île-du-Prince-Édouard	Canadian Experience Class	Catégorie de l'expérience canadienne	Other - Prince Edward Island	Autres - Île-du-Prince-Édouard	20
2017	2017	Prince Edward Island	Île-du-Prince-Édouard	Canadian Experience Class	Catégorie de l'expérience canadienne	Summerside	Summerside	10
2017	2017	Prince Edward Island	Île-du-Prince-Édouard	Federal Skilled Trades	Métiers spécialisés	Charlottetown	Charlottetown	--
2017	2017	Prince Edward Island	Île-du-Prince-Édouard	Federal Skilled Worker	Travailleurs qualifiés	Charlottetown	Charlottetown	30
2017	2017	Prince Edward Island	Île-du-Prince-Édouard	Federal Skilled Worker	Travailleurs qualifiés	Other - Prince Edward Island	Autres - Île-du-Prince-Édouard	--
2017	2017	Prince Edward Island	Île-du-Prince-Édouard	Federal Skilled Worker	Travailleurs qualifiés	Summerside	Summerside	--
2017	2017	Prince Edward Island	Île-du-Prince-Édouard	Provincial Nominee Program	Candidats des provinces ou des territoires	Charlottetown	Charlottetown	210
2017	2017	Prince Edward Island	Île-du-Prince-Édouard	Provincial Nominee Program	Candidats des provinces ou des territoires	Other - Prince Edward Island	Autres - Île-du-Prince-Édouard	20
2017	2017	Prince Edward Island	Île-du-Prince-Édouard	Provincial Nominee Program	Candidats des provinces ou des territoires	Summerside	Summerside	50
2017	2017	Saskatchewan	Saskatchewan	Canadian Experience Class	Catégorie de l'expérience canadienne	Estevan	Estevan	--
2017	2017	Saskatchewan	Saskatchewan	Canadian Experience Class	Catégorie de l'expérience canadienne	Lloydminster (Saskatchewan part)	Lloydminster (partie de la Saskatchewan)	--
2017	2017	Saskatchewan	Saskatchewan	Canadian Experience Class	Catégorie de l'expérience canadienne	Moose Jaw	Moose Jaw	--
2017	2017	Saskatchewan	Saskatchewan	Canadian Experience Class	Catégorie de l'expérience canadienne	North Battleford	North Battleford	5
2017	2017	Saskatchewan	Saskatchewan	Canadian Experience Class	Catégorie de l'expérience canadienne	Other - Saskatchewan	Autres - Saskatchewan	40
2017	2017	Saskatchewan	Saskatchewan	Canadian Experience Class	Catégorie de l'expérience canadienne	Prince Albert	Prince Albert	15
2017	2017	Saskatchewan	Saskatchewan	Canadian Experience Class	Catégorie de l'expérience canadienne	Regina	Regina	165
2017	2017	Saskatchewan	Saskatchewan	Canadian Experience Class	Catégorie de l'expérience canadienne	Saskatoon	Saskatoon	180
2017	2017	Saskatchewan	Saskatchewan	Canadian Experience Class	Catégorie de l'expérience canadienne	Swift Current	Swift Current	--
2017	2017	Saskatchewan	Saskatchewan	Canadian Experience Class	Catégorie de l'expérience canadienne	Weyburn	Weyburn	--
2017	2017	Saskatchewan	Saskatchewan	Canadian Experience Class	Catégorie de l'expérience canadienne	Yorkton	Yorkton	10
2017	2017	Saskatchewan	Saskatchewan	Federal Skilled Trades	Métiers spécialisés	Other - Saskatchewan	Autres - Saskatchewan	--
2017	2017	Saskatchewan	Saskatchewan	Federal Skilled Trades	Métiers spécialisés	Regina	Regina	--
2017	2017	Saskatchewan	Saskatchewan	Federal Skilled Trades	Métiers spécialisés	Saskatoon	Saskatoon	--
2017	2017	Saskatchewan	Saskatchewan	Federal Skilled Worker	Travailleurs qualifiés	Estevan	Estevan	--
2017	2017	Saskatchewan	Saskatchewan	Federal Skilled Worker	Travailleurs qualifiés	Moose Jaw	Moose Jaw	--
2017	2017	Saskatchewan	Saskatchewan	Federal Skilled Worker	Travailleurs qualifiés	Other - Saskatchewan	Autres - Saskatchewan	20
2017	2017	Saskatchewan	Saskatchewan	Federal Skilled Worker	Travailleurs qualifiés	Prince Albert	Prince Albert	10
2017	2017	Saskatchewan	Saskatchewan	Federal Skilled Worker	Travailleurs qualifiés	Regina	Regina	150
2017	2017	Saskatchewan	Saskatchewan	Federal Skilled Worker	Travailleurs qualifiés	Saskatoon	Saskatoon	160
2017	2017	Saskatchewan	Saskatchewan	Federal Skilled Worker	Travailleurs qualifiés	Swift Current	Swift Current	--
2017	2017	Saskatchewan	Saskatchewan	Provincial Nominee Program	Candidats des provinces ou des territoires	Moose Jaw	Moose Jaw	--
2017	2017	Saskatchewan	Saskatchewan	Provincial Nominee Program	Candidats des provinces ou des territoires	Other - Saskatchewan	Autres - Saskatchewan	--
2017	2017	Saskatchewan	Saskatchewan	Provincial Nominee Program	Candidats des provinces ou des territoires	Prince Albert	Prince Albert	--
2017	2017	Saskatchewan	Saskatchewan	Provincial Nominee Program	Candidats des provinces ou des territoires	Regina	Regina	260
2017	2017	Saskatchewan	Saskatchewan	Provincial Nominee Program	Candidats des provinces ou des territoires	Saskatoon	Saskatoon	205
2017	2017	Yukon	Yukon	Canadian Experience Class	Catégorie de l'expérience canadienne	Territories (outside Census agglomeration, Yukon)	Territoires (à l'extérieur des agglomérations de recensement, Yukon)	--
2017	2017	Yukon	Yukon	Canadian Experience Class	Catégorie de l'expérience canadienne	Whitehorse	Whitehorse	20
2017	2017	Yukon	Yukon	Federal Skilled Worker	Travailleurs qualifiés	Other - Yukon	Autres - Yukon	--
2017	2017	Yukon	Yukon	Federal Skilled Worker	Travailleurs qualifiés	Whitehorse	Whitehorse	10
2017	2017	Yukon	Yukon	Provincial Nominee Program	Candidats des provinces ou des territoires	Territories (outside Census agglomeration, Yukon)	Territoires (à l'extérieur des agglomérations de recensement, Yukon)	--
2017	2017	Yukon	Yukon	Provincial Nominee Program	Candidats des provinces ou des territoires	Whitehorse	Whitehorse	5
2018	2018	Alberta	Alberta	Canadian Experience Class	Catégorie de l'expérience canadienne	Brooks	Brooks	--
2018	2018	Alberta	Alberta	Canadian Experience Class	Catégorie de l'expérience canadienne	Calgary	Calgary	825
2018	2018	Alberta	Alberta	Canadian Experience Class	Catégorie de l'expérience canadienne	Camrose	Camrose	--
2018	2018	Alberta	Alberta	Canadian Experience Class	Catégorie de l'expérience canadienne	Canmore	Canmore	45
2018	2018	Alberta	Alberta	Canadian Experience Class	Catégorie de l'expérience canadienne	Edmonton	Edmonton	675
2018	2018	Alberta	Alberta	Canadian Experience Class	Catégorie de l'expérience canadienne	Grande Prairie	Grande Prairie	20
2018	2018	Alberta	Alberta	Canadian Experience Class	Catégorie de l'expérience canadienne	Lacombe	Lacombe	5
2018	2018	Alberta	Alberta	Canadian Experience Class	Catégorie de l'expérience canadienne	Lethbridge	Lethbridge	50
2018	2018	Alberta	Alberta	Canadian Experience Class	Catégorie de l'expérience canadienne	Lloydminster (Alberta part)	Lloydminster (partie de l'Alberta)	--
2018	2018	Alberta	Alberta	Canadian Experience Class	Catégorie de l'expérience canadienne	Medicine Hat	Medicine Hat	--
2018	2018	Alberta	Alberta	Canadian Experience Class	Catégorie de l'expérience canadienne	Okotoks	Okotoks	5
2018	2018	Alberta	Alberta	Canadian Experience Class	Catégorie de l'expérience canadienne	Other - Alberta	Autres - Alberta	155
2018	2018	Alberta	Alberta	Canadian Experience Class	Catégorie de l'expérience canadienne	Red Deer	Red Deer	20
2018	2018	Alberta	Alberta	Canadian Experience Class	Catégorie de l'expérience canadienne	Strathmore	Strathmore	--
2018	2018	Alberta	Alberta	Canadian Experience Class	Catégorie de l'expérience canadienne	Sylvan Lake	Sylvan Lake	--
2018	2018	Alberta	Alberta	Canadian Experience Class	Catégorie de l'expérience canadienne	Wetaskiwin	Wetaskiwin	--
2018	2018	Alberta	Alberta	Canadian Experience Class	Catégorie de l'expérience canadienne	Wood Buffalo	Wood Buffalo	30
2018	2018	Alberta	Alberta	Federal Skilled Trades	Métiers spécialisés	Calgary	Calgary	25
2018	2018	Alberta	Alberta	Federal Skilled Trades	Métiers spécialisés	Camrose	Camrose	--
2018	2018	Alberta	Alberta	Federal Skilled Trades	Métiers spécialisés	Edmonton	Edmonton	20
2018	2018	Alberta	Alberta	Federal Skilled Trades	Métiers spécialisés	Lethbridge	Lethbridge	--
2018	2018	Alberta	Alberta	Federal Skilled Trades	Métiers spécialisés	Lloydminster (Alberta part)	Lloydminster (partie de l'Alberta)	--
2018	2018	Alberta	Alberta	Federal Skilled Trades	Métiers spécialisés	Medicine Hat	Medicine Hat	--
2018	2018	Alberta	Alberta	Federal Skilled Trades	Métiers spécialisés	Okotoks	Okotoks	--
2018	2018	Alberta	Alberta	Federal Skilled Trades	Métiers spécialisés	Other - Alberta	Autres - Alberta	5
2018	2018	Alberta	Alberta	Federal Skilled Trades	Métiers spécialisés	Red Deer	Red Deer	--
2018	2018	Alberta	Alberta	Federal Skilled Worker	Travailleurs qualifiés	Brooks	Brooks	--
2018	2018	Alberta	Alberta	Federal Skilled Worker	Travailleurs qualifiés	Calgary	Calgary	1770
2018	2018	Alberta	Alberta	Federal Skilled Worker	Travailleurs qualifiés	Camrose	Camrose	--
2018	2018	Alberta	Alberta	Federal Skilled Worker	Travailleurs qualifiés	Canmore	Canmore	5
2018	2018	Alberta	Alberta	Federal Skilled Worker	Travailleurs qualifiés	Edmonton	Edmonton	855
2018	2018	Alberta	Alberta	Federal Skilled Worker	Travailleurs qualifiés	Grande Prairie	Grande Prairie	10
2018	2018	Alberta	Alberta	Federal Skilled Worker	Travailleurs qualifiés	High River	High River	--
2018	2018	Alberta	Alberta	Federal Skilled Worker	Travailleurs qualifiés	Lacombe	Lacombe	--
2018	2018	Alberta	Alberta	Federal Skilled Worker	Travailleurs qualifiés	Lethbridge	Lethbridge	20
2018	2018	Alberta	Alberta	Federal Skilled Worker	Travailleurs qualifiés	Lloydminster (Alberta part)	Lloydminster (partie de l'Alberta)	5
2018	2018	Alberta	Alberta	Federal Skilled Worker	Travailleurs qualifiés	Medicine Hat	Medicine Hat	10
2018	2018	Alberta	Alberta	Federal Skilled Worker	Travailleurs qualifiés	Okotoks	Okotoks	--
2018	2018	Alberta	Alberta	Federal Skilled Worker	Travailleurs qualifiés	Other - Alberta	Autres - Alberta	55
2018	2018	Alberta	Alberta	Federal Skilled Worker	Travailleurs qualifiés	Red Deer	Red Deer	15
2018	2018	Alberta	Alberta	Federal Skilled Worker	Travailleurs qualifiés	Strathmore	Strathmore	--
2018	2018	Alberta	Alberta	Federal Skilled Worker	Travailleurs qualifiés	Sylvan Lake	Sylvan Lake	--
2018	2018	Alberta	Alberta	Federal Skilled Worker	Travailleurs qualifiés	Wood Buffalo	Wood Buffalo	20
2018	2018	Alberta	Alberta	Provincial Nominee Program	Candidats des provinces ou des territoires	Calgary	Calgary	40
2018	2018	Alberta	Alberta	Provincial Nominee Program	Candidats des provinces ou des territoires	Camrose	Camrose	--
2018	2018	Alberta	Alberta	Provincial Nominee Program	Candidats des provinces ou des territoires	Canmore	Canmore	--
2018	2018	Alberta	Alberta	Provincial Nominee Program	Candidats des provinces ou des territoires	Edmonton	Edmonton	35
2018	2018	Alberta	Alberta	Provincial Nominee Program	Candidats des provinces ou des territoires	Grande Prairie	Grande Prairie	5
2018	2018	Alberta	Alberta	Provincial Nominee Program	Candidats des provinces ou des territoires	High River	High River	--
2018	2018	Alberta	Alberta	Provincial Nominee Program	Candidats des provinces ou des territoires	Lacombe	Lacombe	--
2018	2018	Alberta	Alberta	Provincial Nominee Program	Candidats des provinces ou des territoires	Lethbridge	Lethbridge	--
2018	2018	Alberta	Alberta	Provincial Nominee Program	Candidats des provinces ou des territoires	Other - Alberta	Autres - Alberta	15
2018	2018	Alberta	Alberta	Provincial Nominee Program	Candidats des provinces ou des territoires	Red Deer	Red Deer	--
2018	2018	Alberta	Alberta	Provincial Nominee Program	Candidats des provinces ou des territoires	Wood Buffalo	Wood Buffalo	--
2018	2018	British Columbia	Colombie-Britannique	Canadian Experience Class	Catégorie de l'expérience canadienne	Abbotsford - Mission	Abbotsford - Mission	80
2018	2018	British Columbia	Colombie-Britannique	Canadian Experience Class	Catégorie de l'expérience canadienne	Campbell River	Campbell River	5
2018	2018	British Columbia	Colombie-Britannique	Canadian Experience Class	Catégorie de l'expérience canadienne	Chilliwack	Chilliwack	20
2018	2018	British Columbia	Colombie-Britannique	Canadian Experience Class	Catégorie de l'expérience canadienne	Courtenay	Courtenay	15
2018	2018	British Columbia	Colombie-Britannique	Canadian Experience Class	Catégorie de l'expérience canadienne	Cranbrook	Cranbrook	5
2018	2018	British Columbia	Colombie-Britannique	Canadian Experience Class	Catégorie de l'expérience canadienne	Dawson Creek	Dawson Creek	10
2018	2018	British Columbia	Colombie-Britannique	Canadian Experience Class	Catégorie de l'expérience canadienne	Duncan	Duncan	--
2018	2018	British Columbia	Colombie-Britannique	Canadian Experience Class	Catégorie de l'expérience canadienne	Fort St. John	Fort St. John	10
2018	2018	British Columbia	Colombie-Britannique	Canadian Experience Class	Catégorie de l'expérience canadienne	Kamloops	Kamloops	65
2018	2018	British Columbia	Colombie-Britannique	Canadian Experience Class	Catégorie de l'expérience canadienne	Kelowna	Kelowna	80
2018	2018	British Columbia	Colombie-Britannique	Canadian Experience Class	Catégorie de l'expérience canadienne	Ladysmith	Ladysmith	--
2018	2018	British Columbia	Colombie-Britannique	Canadian Experience Class	Catégorie de l'expérience canadienne	Nanaimo	Nanaimo	50
2018	2018	British Columbia	Colombie-Britannique	Canadian Experience Class	Catégorie de l'expérience canadienne	Nelson	Nelson	10
2018	2018	British Columbia	Colombie-Britannique	Canadian Experience Class	Catégorie de l'expérience canadienne	Other - British Columbia	Autres - Colombie-Britannique	255
2018	2018	British Columbia	Colombie-Britannique	Canadian Experience Class	Catégorie de l'expérience canadienne	Penticton	Penticton	10
2018	2018	British Columbia	Colombie-Britannique	Canadian Experience Class	Catégorie de l'expérience canadienne	Powell River	Powell River	--
2018	2018	British Columbia	Colombie-Britannique	Canadian Experience Class	Catégorie de l'expérience canadienne	Prince George	Prince George	35
2018	2018	British Columbia	Colombie-Britannique	Canadian Experience Class	Catégorie de l'expérience canadienne	Prince Rupert	Prince Rupert	5
2018	2018	British Columbia	Colombie-Britannique	Canadian Experience Class	Catégorie de l'expérience canadienne	Quesnel	Quesnel	--
2018	2018	British Columbia	Colombie-Britannique	Canadian Experience Class	Catégorie de l'expérience canadienne	Salmon Arm	Salmon Arm	5
2018	2018	British Columbia	Colombie-Britannique	Canadian Experience Class	Catégorie de l'expérience canadienne	Squamish	Squamish	30
2018	2018	British Columbia	Colombie-Britannique	Canadian Experience Class	Catégorie de l'expérience canadienne	Terrace	Terrace	5
2018	2018	British Columbia	Colombie-Britannique	Canadian Experience Class	Catégorie de l'expérience canadienne	Trail	Trail	--
2018	2018	British Columbia	Colombie-Britannique	Canadian Experience Class	Catégorie de l'expérience canadienne	Vancouver	Vancouver	4850
2018	2018	British Columbia	Colombie-Britannique	Canadian Experience Class	Catégorie de l'expérience canadienne	Vernon	Vernon	15
2018	2018	British Columbia	Colombie-Britannique	Canadian Experience Class	Catégorie de l'expérience canadienne	Victoria	Victoria	205
2018	2018	British Columbia	Colombie-Britannique	Canadian Experience Class	Catégorie de l'expérience canadienne	Williams Lake	Williams Lake	--
2018	2018	British Columbia	Colombie-Britannique	Federal Skilled Trades	Métiers spécialisés	Abbotsford - Mission	Abbotsford - Mission	10
2018	2018	British Columbia	Colombie-Britannique	Federal Skilled Trades	Métiers spécialisés	Chilliwack	Chilliwack	--
2018	2018	British Columbia	Colombie-Britannique	Federal Skilled Trades	Métiers spécialisés	Courtenay	Courtenay	--
2018	2018	British Columbia	Colombie-Britannique	Federal Skilled Trades	Métiers spécialisés	Duncan	Duncan	--
2018	2018	British Columbia	Colombie-Britannique	Federal Skilled Trades	Métiers spécialisés	Fort St. John	Fort St. John	--
2018	2018	British Columbia	Colombie-Britannique	Federal Skilled Trades	Métiers spécialisés	Kelowna	Kelowna	--
2018	2018	British Columbia	Colombie-Britannique	Federal Skilled Trades	Métiers spécialisés	Nanaimo	Nanaimo	--
2018	2018	British Columbia	Colombie-Britannique	Federal Skilled Trades	Métiers spécialisés	Other - British Columbia	Autres - Colombie-Britannique	10
2018	2018	British Columbia	Colombie-Britannique	Federal Skilled Trades	Métiers spécialisés	Parksville	Parksville	--
2018	2018	British Columbia	Colombie-Britannique	Federal Skilled Trades	Métiers spécialisés	Penticton	Penticton	--
2018	2018	British Columbia	Colombie-Britannique	Federal Skilled Trades	Métiers spécialisés	Terrace	Terrace	--
2018	2018	British Columbia	Colombie-Britannique	Federal Skilled Trades	Métiers spécialisés	Vancouver	Vancouver	120
2018	2018	British Columbia	Colombie-Britannique	Federal Skilled Trades	Métiers spécialisés	Vernon	Vernon	--
2018	2018	British Columbia	Colombie-Britannique	Federal Skilled Trades	Métiers spécialisés	Victoria	Victoria	5
2018	2018	British Columbia	Colombie-Britannique	Federal Skilled Worker	Travailleurs qualifiés	Abbotsford - Mission	Abbotsford - Mission	50
2018	2018	British Columbia	Colombie-Britannique	Federal Skilled Worker	Travailleurs qualifiés	Campbell River	Campbell River	--
2018	2018	British Columbia	Colombie-Britannique	Federal Skilled Worker	Travailleurs qualifiés	Chilliwack	Chilliwack	5
2018	2018	British Columbia	Colombie-Britannique	Federal Skilled Worker	Travailleurs qualifiés	Courtenay	Courtenay	--
2018	2018	British Columbia	Colombie-Britannique	Federal Skilled Worker	Travailleurs qualifiés	Cranbrook	Cranbrook	--
2018	2018	British Columbia	Colombie-Britannique	Federal Skilled Worker	Travailleurs qualifiés	Dawson Creek	Dawson Creek	--
2018	2018	British Columbia	Colombie-Britannique	Federal Skilled Worker	Travailleurs qualifiés	Duncan	Duncan	--
2018	2018	British Columbia	Colombie-Britannique	Federal Skilled Worker	Travailleurs qualifiés	Fort St. John	Fort St. John	--
2018	2018	British Columbia	Colombie-Britannique	Federal Skilled Worker	Travailleurs qualifiés	Kamloops	Kamloops	25
2018	2018	British Columbia	Colombie-Britannique	Federal Skilled Worker	Travailleurs qualifiés	Kelowna	Kelowna	30
2018	2018	British Columbia	Colombie-Britannique	Federal Skilled Worker	Travailleurs qualifiés	Nanaimo	Nanaimo	25
2018	2018	British Columbia	Colombie-Britannique	Federal Skilled Worker	Travailleurs qualifiés	Nelson	Nelson	5
2018	2018	British Columbia	Colombie-Britannique	Federal Skilled Worker	Travailleurs qualifiés	Other - British Columbia	Autres - Colombie-Britannique	105
2018	2018	British Columbia	Colombie-Britannique	Federal Skilled Worker	Travailleurs qualifiés	Penticton	Penticton	--
2018	2018	British Columbia	Colombie-Britannique	Federal Skilled Worker	Travailleurs qualifiés	Port Alberni	Port Alberni	--
2018	2018	British Columbia	Colombie-Britannique	Federal Skilled Worker	Travailleurs qualifiés	Powell River	Powell River	--
2018	2018	British Columbia	Colombie-Britannique	Federal Skilled Worker	Travailleurs qualifiés	Prince George	Prince George	15
2018	2018	British Columbia	Colombie-Britannique	Federal Skilled Worker	Travailleurs qualifiés	Quesnel	Quesnel	--
2018	2018	British Columbia	Colombie-Britannique	Federal Skilled Worker	Travailleurs qualifiés	Salmon Arm	Salmon Arm	--
2018	2018	British Columbia	Colombie-Britannique	Federal Skilled Worker	Travailleurs qualifiés	Squamish	Squamish	10
2018	2018	British Columbia	Colombie-Britannique	Federal Skilled Worker	Travailleurs qualifiés	Trail	Trail	--
2018	2018	British Columbia	Colombie-Britannique	Federal Skilled Worker	Travailleurs qualifiés	Vancouver	Vancouver	4820
2018	2018	British Columbia	Colombie-Britannique	Federal Skilled Worker	Travailleurs qualifiés	Vernon	Vernon	--
2018	2018	British Columbia	Colombie-Britannique	Federal Skilled Worker	Travailleurs qualifiés	Victoria	Victoria	210
2018	2018	British Columbia	Colombie-Britannique	Federal Skilled Worker	Travailleurs qualifiés	Williams Lake	Williams Lake	--
2018	2018	British Columbia	Colombie-Britannique	Provincial Nominee Program	Candidats des provinces ou des territoires	Abbotsford - Mission	Abbotsford - Mission	75
2018	2018	British Columbia	Colombie-Britannique	Provincial Nominee Program	Candidats des provinces ou des territoires	Campbell River	Campbell River	5
2018	2018	British Columbia	Colombie-Britannique	Provincial Nominee Program	Candidats des provinces ou des territoires	Chilliwack	Chilliwack	15
2018	2018	British Columbia	Colombie-Britannique	Provincial Nominee Program	Candidats des provinces ou des territoires	Courtenay	Courtenay	5
2018	2018	British Columbia	Colombie-Britannique	Provincial Nominee Program	Candidats des provinces ou des territoires	Cranbrook	Cranbrook	5
2018	2018	British Columbia	Colombie-Britannique	Provincial Nominee Program	Candidats des provinces ou des territoires	Dawson Creek	Dawson Creek	5
2018	2018	British Columbia	Colombie-Britannique	Provincial Nominee Program	Candidats des provinces ou des territoires	Duncan	Duncan	--
2018	2018	British Columbia	Colombie-Britannique	Provincial Nominee Program	Candidats des provinces ou des territoires	Fort St. John	Fort St. John	20
2018	2018	British Columbia	Colombie-Britannique	Provincial Nominee Program	Candidats des provinces ou des territoires	Kamloops	Kamloops	35
2018	2018	British Columbia	Colombie-Britannique	Provincial Nominee Program	Candidats des provinces ou des territoires	Kelowna	Kelowna	55
2018	2018	British Columbia	Colombie-Britannique	Provincial Nominee Program	Candidats des provinces ou des territoires	Nanaimo	Nanaimo	25
2018	2018	British Columbia	Colombie-Britannique	Provincial Nominee Program	Candidats des provinces ou des territoires	Nelson	Nelson	20
2018	2018	British Columbia	Colombie-Britannique	Provincial Nominee Program	Candidats des provinces ou des territoires	Other - British Columbia	Autres - Colombie-Britannique	235
2018	2018	British Columbia	Colombie-Britannique	Provincial Nominee Program	Candidats des provinces ou des territoires	Parksville	Parksville	5
2018	2018	British Columbia	Colombie-Britannique	Provincial Nominee Program	Candidats des provinces ou des territoires	Penticton	Penticton	10
2018	2018	British Columbia	Colombie-Britannique	Provincial Nominee Program	Candidats des provinces ou des territoires	Port Alberni	Port Alberni	--
2018	2018	British Columbia	Colombie-Britannique	Provincial Nominee Program	Candidats des provinces ou des territoires	Powell River	Powell River	--
2018	2018	British Columbia	Colombie-Britannique	Provincial Nominee Program	Candidats des provinces ou des territoires	Prince George	Prince George	25
2018	2018	British Columbia	Colombie-Britannique	Provincial Nominee Program	Candidats des provinces ou des territoires	Prince Rupert	Prince Rupert	--
2018	2018	British Columbia	Colombie-Britannique	Provincial Nominee Program	Candidats des provinces ou des territoires	Quesnel	Quesnel	--
2018	2018	British Columbia	Colombie-Britannique	Provincial Nominee Program	Candidats des provinces ou des territoires	Salmon Arm	Salmon Arm	5
2018	2018	British Columbia	Colombie-Britannique	Provincial Nominee Program	Candidats des provinces ou des territoires	Squamish	Squamish	25
2018	2018	British Columbia	Colombie-Britannique	Provincial Nominee Program	Candidats des provinces ou des territoires	Terrace	Terrace	10
2018	2018	British Columbia	Colombie-Britannique	Provincial Nominee Program	Candidats des provinces ou des territoires	Trail	Trail	--
2018	2018	British Columbia	Colombie-Britannique	Provincial Nominee Program	Candidats des provinces ou des territoires	Vancouver	Vancouver	2430
2018	2018	British Columbia	Colombie-Britannique	Provincial Nominee Program	Candidats des provinces ou des territoires	Vernon	Vernon	5
2018	2018	British Columbia	Colombie-Britannique	Provincial Nominee Program	Candidats des provinces ou des territoires	Victoria	Victoria	120
2018	2018	British Columbia	Colombie-Britannique	Provincial Nominee Program	Candidats des provinces ou des territoires	Williams Lake	Williams Lake	5
2018	2018	Manitoba	Manitoba	Canadian Experience Class	Catégorie de l'expérience canadienne	Brandon	Brandon	15
2018	2018	Manitoba	Manitoba	Canadian Experience Class	Catégorie de l'expérience canadienne	Other - Manitoba	Autres - Manitoba	30
2018	2018	Manitoba	Manitoba	Canadian Experience Class	Catégorie de l'expérience canadienne	Portage la Prairie	Portage la Prairie	--
2018	2018	Manitoba	Manitoba	Canadian Experience Class	Catégorie de l'expérience canadienne	Steinbach	Steinbach	--
2018	2018	Manitoba	Manitoba	Canadian Experience Class	Catégorie de l'expérience canadienne	Thompson	Thompson	--
2018	2018	Manitoba	Manitoba	Canadian Experience Class	Catégorie de l'expérience canadienne	Winkler	Winkler	--
2018	2018	Manitoba	Manitoba	Canadian Experience Class	Catégorie de l'expérience canadienne	Winnipeg	Winnipeg	320
2018	2018	Manitoba	Manitoba	Federal Skilled Trades	Métiers spécialisés	Portage la Prairie	Portage la Prairie	--
2018	2018	Manitoba	Manitoba	Federal Skilled Worker	Travailleurs qualifiés	Brandon	Brandon	15
2018	2018	Manitoba	Manitoba	Federal Skilled Worker	Travailleurs qualifiés	Other - Manitoba	Autres - Manitoba	10
2018	2018	Manitoba	Manitoba	Federal Skilled Worker	Travailleurs qualifiés	Steinbach	Steinbach	--
2018	2018	Manitoba	Manitoba	Federal Skilled Worker	Travailleurs qualifiés	Thompson	Thompson	--
2018	2018	Manitoba	Manitoba	Federal Skilled Worker	Travailleurs qualifiés	Winkler	Winkler	--
2018	2018	Manitoba	Manitoba	Federal Skilled Worker	Travailleurs qualifiés	Winnipeg	Winnipeg	305
2018	2018	Manitoba	Manitoba	Provincial Nominee Program	Candidats des provinces ou des territoires	Brandon	Brandon	20
2018	2018	Manitoba	Manitoba	Provincial Nominee Program	Candidats des provinces ou des territoires	Other - Manitoba	Autres - Manitoba	15
2018	2018	Manitoba	Manitoba	Provincial Nominee Program	Candidats des provinces ou des territoires	Portage la Prairie	Portage la Prairie	--
2018	2018	Manitoba	Manitoba	Provincial Nominee Program	Candidats des provinces ou des territoires	Steinbach	Steinbach	5
2018	2018	Manitoba	Manitoba	Provincial Nominee Program	Candidats des provinces ou des territoires	Thompson	Thompson	10
2018	2018	Manitoba	Manitoba	Provincial Nominee Program	Candidats des provinces ou des territoires	Winkler	Winkler	25
2018	2018	Manitoba	Manitoba	Provincial Nominee Program	Candidats des provinces ou des territoires	Winnipeg	Winnipeg	280
2018	2018	New Brunswick	Nouveau-Brunswick	Canadian Experience Class	Catégorie de l'expérience canadienne	Bathurst	Bathurst	--
2018	2018	New Brunswick	Nouveau-Brunswick	Canadian Experience Class	Catégorie de l'expérience canadienne	Campbellton (New Brunswick part)	Campbellton (partie du Nouveau-Brunswick)	--
2018	2018	New Brunswick	Nouveau-Brunswick	Canadian Experience Class	Catégorie de l'expérience canadienne	Fredericton	Fredericton	50
2018	2018	New Brunswick	Nouveau-Brunswick	Canadian Experience Class	Catégorie de l'expérience canadienne	Moncton	Moncton	35
2018	2018	New Brunswick	Nouveau-Brunswick	Canadian Experience Class	Catégorie de l'expérience canadienne	Other - New Brunswick	Autres - Nouveau-Brunswick	15
2018	2018	New Brunswick	Nouveau-Brunswick	Canadian Experience Class	Catégorie de l'expérience canadienne	Saint John	Saint John	50
2018	2018	New Brunswick	Nouveau-Brunswick	Federal Skilled Worker	Travailleurs qualifiés	Bathurst	Bathurst	--
2018	2018	New Brunswick	Nouveau-Brunswick	Federal Skilled Worker	Travailleurs qualifiés	Edmundston	Edmundston	5
2018	2018	New Brunswick	Nouveau-Brunswick	Federal Skilled Worker	Travailleurs qualifiés	Fredericton	Fredericton	30
2018	2018	New Brunswick	Nouveau-Brunswick	Federal Skilled Worker	Travailleurs qualifiés	Moncton	Moncton	60
2018	2018	New Brunswick	Nouveau-Brunswick	Federal Skilled Worker	Travailleurs qualifiés	Other - New Brunswick	Autres - Nouveau-Brunswick	5
2018	2018	New Brunswick	Nouveau-Brunswick	Federal Skilled Worker	Travailleurs qualifiés	Saint John	Saint John	25
2018	2018	New Brunswick	Nouveau-Brunswick	Provincial Nominee Program	Candidats des provinces ou des territoires	Bathurst	Bathurst	--
2018	2018	New Brunswick	Nouveau-Brunswick	Provincial Nominee Program	Candidats des provinces ou des territoires	Campbellton (New Brunswick part)	Campbellton (partie du Nouveau-Brunswick)	--
2018	2018	New Brunswick	Nouveau-Brunswick	Provincial Nominee Program	Candidats des provinces ou des territoires	Edmundston	Edmundston	5
2018	2018	New Brunswick	Nouveau-Brunswick	Provincial Nominee Program	Candidats des provinces ou des territoires	Fredericton	Fredericton	240
2018	2018	New Brunswick	Nouveau-Brunswick	Provincial Nominee Program	Candidats des provinces ou des territoires	Moncton	Moncton	210
2018	2018	New Brunswick	Nouveau-Brunswick	Provincial Nominee Program	Candidats des provinces ou des territoires	Other - New Brunswick	Autres - Nouveau-Brunswick	15
2018	2018	New Brunswick	Nouveau-Brunswick	Provincial Nominee Program	Candidats des provinces ou des territoires	Saint John	Saint John	65
2018	2018	Newfoundland and Labrador	Terre-Neuve-et-Labrador	Canadian Experience Class	Catégorie de l'expérience canadienne	Corner Brook	Corner Brook	--
2018	2018	Newfoundland and Labrador	Terre-Neuve-et-Labrador	Canadian Experience Class	Catégorie de l'expérience canadienne	Other - Newfoundland and Labrador	Autres - Terre-Neuve-et-Labrador	10
2018	2018	Newfoundland and Labrador	Terre-Neuve-et-Labrador	Canadian Experience Class	Catégorie de l'expérience canadienne	St. John's	St. John's	85
2018	2018	Newfoundland and Labrador	Terre-Neuve-et-Labrador	Federal Skilled Worker	Travailleurs qualifiés	Corner Brook	Corner Brook	--
2018	2018	Newfoundland and Labrador	Terre-Neuve-et-Labrador	Federal Skilled Worker	Travailleurs qualifiés	Gander	Gander	--
2018	2018	Newfoundland and Labrador	Terre-Neuve-et-Labrador	Federal Skilled Worker	Travailleurs qualifiés	Other - Newfoundland and Labrador	Autres - Terre-Neuve-et-Labrador	--
2018	2018	Newfoundland and Labrador	Terre-Neuve-et-Labrador	Federal Skilled Worker	Travailleurs qualifiés	St. John's	St. John's	50
2018	2018	Newfoundland and Labrador	Terre-Neuve-et-Labrador	Provincial Nominee Program	Candidats des provinces ou des territoires	Corner Brook	Corner Brook	--
2018	2018	Newfoundland and Labrador	Terre-Neuve-et-Labrador	Provincial Nominee Program	Candidats des provinces ou des territoires	Other - Newfoundland and Labrador	Autres - Terre-Neuve-et-Labrador	--
2018	2018	Newfoundland and Labrador	Terre-Neuve-et-Labrador	Provincial Nominee Program	Candidats des provinces ou des territoires	St. John's	St. John's	30
2018	2018	Northwest Territories	Territoires du Nord-Ouest	Canadian Experience Class	Catégorie de l'expérience canadienne	Territories (outside Census agglomeration, Northwest Territories)	Territoires (à l'extérieur des agglomérations de recensement, Territoires du Nord-Ouest)	--
2018	2018	Northwest Territories	Territoires du Nord-Ouest	Canadian Experience Class	Catégorie de l'expérience canadienne	Yellowknife	Yellowknife	15
2018	2018	Northwest Territories	Territoires du Nord-Ouest	Federal Skilled Worker	Travailleurs qualifiés	Yellowknife	Yellowknife	5
2018	2018	Northwest Territories	Territoires du Nord-Ouest	Provincial Nominee Program	Candidats des provinces ou des territoires	Territories (outside Census agglomeration, Northwest Territories)	Territoires (à l'extérieur des agglomérations de recensement, Territoires du Nord-Ouest)	--
2018	2018	Northwest Territories	Territoires du Nord-Ouest	Provincial Nominee Program	Candidats des provinces ou des territoires	Yellowknife	Yellowknife	10
2018	2018	Nova Scotia	Nouvelle-Écosse	Canadian Experience Class	Catégorie de l'expérience canadienne	Cape Breton	Cape Breton	10
2018	2018	Nova Scotia	Nouvelle-Écosse	Canadian Experience Class	Catégorie de l'expérience canadienne	Halifax	Halifax	295
2018	2018	Nova Scotia	Nouvelle-Écosse	Canadian Experience Class	Catégorie de l'expérience canadienne	Kentville	Kentville	--
2018	2018	Nova Scotia	Nouvelle-Écosse	Canadian Experience Class	Catégorie de l'expérience canadienne	New Glasgow	New Glasgow	--
2018	2018	Nova Scotia	Nouvelle-Écosse	Canadian Experience Class	Catégorie de l'expérience canadienne	Other - Nova Scotia	Autres - Nouvelle-Écosse	10
2018	2018	Nova Scotia	Nouvelle-Écosse	Canadian Experience Class	Catégorie de l'expérience canadienne	Truro	Truro	5
2018	2018	Nova Scotia	Nouvelle-Écosse	Federal Skilled Trades	Métiers spécialisés	Other - Nova Scotia	Autres - Nouvelle-Écosse	--
2018	2018	Nova Scotia	Nouvelle-Écosse	Federal Skilled Worker	Travailleurs qualifiés	Cape Breton	Cape Breton	--
2018	2018	Nova Scotia	Nouvelle-Écosse	Federal Skilled Worker	Travailleurs qualifiés	Halifax	Halifax	185
2018	2018	Nova Scotia	Nouvelle-Écosse	Federal Skilled Worker	Travailleurs qualifiés	Kentville	Kentville	--
2018	2018	Nova Scotia	Nouvelle-Écosse	Federal Skilled Worker	Travailleurs qualifiés	New Glasgow	New Glasgow	--
2018	2018	Nova Scotia	Nouvelle-Écosse	Federal Skilled Worker	Travailleurs qualifiés	Other - Nova Scotia	Autres - Nouvelle-Écosse	5
2018	2018	Nova Scotia	Nouvelle-Écosse	Federal Skilled Worker	Travailleurs qualifiés	Truro	Truro	--
2018	2018	Nova Scotia	Nouvelle-Écosse	Provincial Nominee Program	Candidats des provinces ou des territoires	Cape Breton	Cape Breton	45
2018	2018	Nova Scotia	Nouvelle-Écosse	Provincial Nominee Program	Candidats des provinces ou des territoires	Halifax	Halifax	1110
2018	2018	Nova Scotia	Nouvelle-Écosse	Provincial Nominee Program	Candidats des provinces ou des territoires	Kentville	Kentville	--
2018	2018	Nova Scotia	Nouvelle-Écosse	Provincial Nominee Program	Candidats des provinces ou des territoires	New Glasgow	New Glasgow	--
2018	2018	Nova Scotia	Nouvelle-Écosse	Provincial Nominee Program	Candidats des provinces ou des territoires	Other - Nova Scotia	Autres - Nouvelle-Écosse	15
2018	2018	Nova Scotia	Nouvelle-Écosse	Provincial Nominee Program	Candidats des provinces ou des territoires	Truro	Truro	10
2018	2018	Nunavut	Nunavut	Canadian Experience Class	Catégorie de l'expérience canadienne	Territories (outside Census agglomeration, Nunavut)	Territoires (à l'extérieur des agglomérations de recensement, Nunavut)	--
2018	2018	Nunavut	Nunavut	Federal Skilled Worker	Travailleurs qualifiés	Other - Nunavut	Autres - Nunavut	--
2018	2018	Ontario	Ontario	Canadian Experience Class	Catégorie de l'expérience canadienne	Barrie	Barrie	95
2018	2018	Ontario	Ontario	Canadian Experience Class	Catégorie de l'expérience canadienne	Belleville - Quinte West	Belleville - Quinte West	20
2018	2018	Ontario	Ontario	Canadian Experience Class	Catégorie de l'expérience canadienne	Brantford	Brantford	30
2018	2018	Ontario	Ontario	Canadian Experience Class	Catégorie de l'expérience canadienne	Brockville	Brockville	--
2018	2018	Ontario	Ontario	Canadian Experience Class	Catégorie de l'expérience canadienne	Centre Wellington	Centre Wellington	10
2018	2018	Ontario	Ontario	Canadian Experience Class	Catégorie de l'expérience canadienne	Chatham-Kent	Chatham-Kent	20
2018	2018	Ontario	Ontario	Canadian Experience Class	Catégorie de l'expérience canadienne	Cobourg	Cobourg	5
2018	2018	Ontario	Ontario	Canadian Experience Class	Catégorie de l'expérience canadienne	Collingwood	Collingwood	--
2018	2018	Ontario	Ontario	Canadian Experience Class	Catégorie de l'expérience canadienne	Cornwall	Cornwall	5
2018	2018	Ontario	Ontario	Canadian Experience Class	Catégorie de l'expérience canadienne	Essa	Essa	--
2018	2018	Ontario	Ontario	Canadian Experience Class	Catégorie de l'expérience canadienne	Greater Sudbury	Grand Sudbury	50
2018	2018	Ontario	Ontario	Canadian Experience Class	Catégorie de l'expérience canadienne	Guelph	Guelph	95
2018	2018	Ontario	Ontario	Canadian Experience Class	Catégorie de l'expérience canadienne	Hamilton	Hamilton	375
2018	2018	Ontario	Ontario	Canadian Experience Class	Catégorie de l'expérience canadienne	Hawkesbury (Ontario part)	Hawkesbury (partie de l'Ontario)	--
2018	2018	Ontario	Ontario	Canadian Experience Class	Catégorie de l'expérience canadienne	Ingersoll	Ingersoll	--
2018	2018	Ontario	Ontario	Canadian Experience Class	Catégorie de l'expérience canadienne	Kawartha Lakes	Kawartha Lakes	--
2018	2018	Ontario	Ontario	Canadian Experience Class	Catégorie de l'expérience canadienne	Kenora	Kenora	--
2018	2018	Ontario	Ontario	Canadian Experience Class	Catégorie de l'expérience canadienne	Kingston	Kingston	65
2018	2018	Ontario	Ontario	Canadian Experience Class	Catégorie de l'expérience canadienne	Kitchener - Cambridge - Waterloo	Kitchener - Cambridge - Waterloo	650
2018	2018	Ontario	Ontario	Canadian Experience Class	Catégorie de l'expérience canadienne	London	Londres	315
2018	2018	Ontario	Ontario	Canadian Experience Class	Catégorie de l'expérience canadienne	Midland	Midland	--
2018	2018	Ontario	Ontario	Canadian Experience Class	Catégorie de l'expérience canadienne	Norfolk	Norfolk	10
2018	2018	Ontario	Ontario	Canadian Experience Class	Catégorie de l'expérience canadienne	North Bay	North Bay	10
2018	2018	Ontario	Ontario	Canadian Experience Class	Catégorie de l'expérience canadienne	Orillia	Orillia	10
2018	2018	Ontario	Ontario	Canadian Experience Class	Catégorie de l'expérience canadienne	Oshawa	Oshawa	75
2018	2018	Ontario	Ontario	Canadian Experience Class	Catégorie de l'expérience canadienne	Other - Ontario	Autres - Ontario	110
2018	2018	Ontario	Ontario	Canadian Experience Class	Catégorie de l'expérience canadienne	Ottawa - Gatineau (Ontario part)	Ottawa - Gatineau (partie de l'Ontario)	910
2018	2018	Ontario	Ontario	Canadian Experience Class	Catégorie de l'expérience canadienne	Owen Sound	Owen Sound	10
2018	2018	Ontario	Ontario	Canadian Experience Class	Catégorie de l'expérience canadienne	Pembroke	Pembroke	--
2018	2018	Ontario	Ontario	Canadian Experience Class	Catégorie de l'expérience canadienne	Petawawa	Petawawa	--
2018	2018	Ontario	Ontario	Canadian Experience Class	Catégorie de l'expérience canadienne	Peterborough	Peterborough	25
2018	2018	Ontario	Ontario	Canadian Experience Class	Catégorie de l'expérience canadienne	Port Hope	Port Hope	--
2018	2018	Ontario	Ontario	Canadian Experience Class	Catégorie de l'expérience canadienne	Sarnia	Sarnia	25
2018	2018	Ontario	Ontario	Canadian Experience Class	Catégorie de l'expérience canadienne	Sault Ste. Marie	Sault Ste. Marie	15
2018	2018	Ontario	Ontario	Canadian Experience Class	Catégorie de l'expérience canadienne	St. Catharines - Niagara	St. Catharines - Niagara	175
2018	2018	Ontario	Ontario	Canadian Experience Class	Catégorie de l'expérience canadienne	Stratford	Stratford	10
2018	2018	Ontario	Ontario	Canadian Experience Class	Catégorie de l'expérience canadienne	Thunder Bay	Thunder Bay	40
2018	2018	Ontario	Ontario	Canadian Experience Class	Catégorie de l'expérience canadienne	Tillsonburg	Tillsonburg	--
2018	2018	Ontario	Ontario	Canadian Experience Class	Catégorie de l'expérience canadienne	Timmins	Timmins	10
2018	2018	Ontario	Ontario	Canadian Experience Class	Catégorie de l'expérience canadienne	Toronto	Toronto	12485
2018	2018	Ontario	Ontario	Canadian Experience Class	Catégorie de l'expérience canadienne	Wasaga Beach	Wasaga Beach	--
2018	2018	Ontario	Ontario	Canadian Experience Class	Catégorie de l'expérience canadienne	Windsor	Windsor	245
2018	2018	Ontario	Ontario	Canadian Experience Class	Catégorie de l'expérience canadienne	Woodstock	Woodstock	10
2018	2018	Ontario	Ontario	Federal Skilled Trades	Métiers spécialisés	Barrie	Barrie	--
2018	2018	Ontario	Ontario	Federal Skilled Trades	Métiers spécialisés	Hamilton	Hamilton	5
2018	2018	Ontario	Ontario	Federal Skilled Trades	Métiers spécialisés	Kitchener - Cambridge - Waterloo	Kitchener - Cambridge - Waterloo	5
2018	2018	Ontario	Ontario	Federal Skilled Trades	Métiers spécialisés	London	Londres	--
2018	2018	Ontario	Ontario	Federal Skilled Trades	Métiers spécialisés	Other - Ontario	Autres - Ontario	--
2018	2018	Ontario	Ontario	Federal Skilled Trades	Métiers spécialisés	Port Hope	Port Hope	--
2018	2018	Ontario	Ontario	Federal Skilled Trades	Métiers spécialisés	Sarnia	Sarnia	--
2018	2018	Ontario	Ontario	Federal Skilled Trades	Métiers spécialisés	St. Catharines - Niagara	St. Catharines - Niagara	--
2018	2018	Ontario	Ontario	Federal Skilled Trades	Métiers spécialisés	Stratford	Stratford	--
2018	2018	Ontario	Ontario	Federal Skilled Trades	Métiers spécialisés	Thunder Bay	Thunder Bay	--
2018	2018	Ontario	Ontario	Federal Skilled Trades	Métiers spécialisés	Toronto	Toronto	60
2018	2018	Ontario	Ontario	Federal Skilled Trades	Métiers spécialisés	Windsor	Windsor	--
2018	2018	Ontario	Ontario	Federal Skilled Worker	Travailleurs qualifiés	Barrie	Barrie	30
2018	2018	Ontario	Ontario	Federal Skilled Worker	Travailleurs qualifiés	Belleville - Quinte West	Belleville - Quinte West	15
2018	2018	Ontario	Ontario	Federal Skilled Worker	Travailleurs qualifiés	Brantford	Brantford	15
2018	2018	Ontario	Ontario	Federal Skilled Worker	Travailleurs qualifiés	Chatham-Kent	Chatham-Kent	--
2018	2018	Ontario	Ontario	Federal Skilled Worker	Travailleurs qualifiés	Cobourg	Cobourg	--
2018	2018	Ontario	Ontario	Federal Skilled Worker	Travailleurs qualifiés	Cornwall	Cornwall	10
2018	2018	Ontario	Ontario	Federal Skilled Worker	Travailleurs qualifiés	Essa	Essa	10
2018	2018	Ontario	Ontario	Federal Skilled Worker	Travailleurs qualifiés	Greater Sudbury	Grand Sudbury	25
2018	2018	Ontario	Ontario	Federal Skilled Worker	Travailleurs qualifiés	Guelph	Guelph	60
2018	2018	Ontario	Ontario	Federal Skilled Worker	Travailleurs qualifiés	Hamilton	Hamilton	295
2018	2018	Ontario	Ontario	Federal Skilled Worker	Travailleurs qualifiés	Hawkesbury (Ontario part)	Hawkesbury (partie de l'Ontario)	--
2018	2018	Ontario	Ontario	Federal Skilled Worker	Travailleurs qualifiés	Ingersoll	Ingersoll	--
2018	2018	Ontario	Ontario	Federal Skilled Worker	Travailleurs qualifiés	Kawartha Lakes	Kawartha Lakes	--
2018	2018	Ontario	Ontario	Federal Skilled Worker	Travailleurs qualifiés	Kingston	Kingston	55
2018	2018	Ontario	Ontario	Federal Skilled Worker	Travailleurs qualifiés	Kitchener - Cambridge - Waterloo	Kitchener - Cambridge - Waterloo	380
2018	2018	Ontario	Ontario	Federal Skilled Worker	Travailleurs qualifiés	London	Londres	215
2018	2018	Ontario	Ontario	Federal Skilled Worker	Travailleurs qualifiés	Midland	Midland	--
2018	2018	Ontario	Ontario	Federal Skilled Worker	Travailleurs qualifiés	Norfolk	Norfolk	--
2018	2018	Ontario	Ontario	Federal Skilled Worker	Travailleurs qualifiés	North Bay	North Bay	--
2018	2018	Ontario	Ontario	Federal Skilled Worker	Travailleurs qualifiés	Orillia	Orillia	--
2018	2018	Ontario	Ontario	Federal Skilled Worker	Travailleurs qualifiés	Oshawa	Oshawa	80
2018	2018	Ontario	Ontario	Federal Skilled Worker	Travailleurs qualifiés	Other - Ontario	Autres - Ontario	165
2018	2018	Ontario	Ontario	Federal Skilled Worker	Travailleurs qualifiés	Ottawa - Gatineau (Ontario part)	Ottawa - Gatineau (partie de l'Ontario)	1615
2018	2018	Ontario	Ontario	Federal Skilled Worker	Travailleurs qualifiés	Owen Sound	Owen Sound	--
2018	2018	Ontario	Ontario	Federal Skilled Worker	Travailleurs qualifiés	Petawawa	Petawawa	--
2018	2018	Ontario	Ontario	Federal Skilled Worker	Travailleurs qualifiés	Peterborough	Peterborough	10
2018	2018	Ontario	Ontario	Federal Skilled Worker	Travailleurs qualifiés	Sarnia	Sarnia	10
2018	2018	Ontario	Ontario	Federal Skilled Worker	Travailleurs qualifiés	Sault Ste. Marie	Sault Ste. Marie	5
2018	2018	Ontario	Ontario	Federal Skilled Worker	Travailleurs qualifiés	St. Catharines - Niagara	St. Catharines - Niagara	60
2018	2018	Ontario	Ontario	Federal Skilled Worker	Travailleurs qualifiés	Stratford	Stratford	5
2018	2018	Ontario	Ontario	Federal Skilled Worker	Travailleurs qualifiés	Thunder Bay	Thunder Bay	20
2018	2018	Ontario	Ontario	Federal Skilled Worker	Travailleurs qualifiés	Toronto	Toronto	23680
2018	2018	Ontario	Ontario	Federal Skilled Worker	Travailleurs qualifiés	Windsor	Windsor	220
2018	2018	Ontario	Ontario	Federal Skilled Worker	Travailleurs qualifiés	Woodstock	Woodstock	--
2018	2018	Ontario	Ontario	Provincial Nominee Program	Candidats des provinces ou des territoires	Barrie	Barrie	15
2018	2018	Ontario	Ontario	Provincial Nominee Program	Candidats des provinces ou des territoires	Belleville - Quinte West	Belleville - Quinte West	--
2018	2018	Ontario	Ontario	Provincial Nominee Program	Candidats des provinces ou des territoires	Brantford	Brantford	5
2018	2018	Ontario	Ontario	Provincial Nominee Program	Candidats des provinces ou des territoires	Chatham-Kent	Chatham-Kent	--
2018	2018	Ontario	Ontario	Provincial Nominee Program	Candidats des provinces ou des territoires	Essa	Essa	--
2018	2018	Ontario	Ontario	Provincial Nominee Program	Candidats des provinces ou des territoires	Greater Sudbury	Grand Sudbury	--
2018	2018	Ontario	Ontario	Provincial Nominee Program	Candidats des provinces ou des territoires	Guelph	Guelph	40
2018	2018	Ontario	Ontario	Provincial Nominee Program	Candidats des provinces ou des territoires	Hamilton	Hamilton	50
2018	2018	Ontario	Ontario	Provincial Nominee Program	Candidats des provinces ou des territoires	Kingston	Kingston	10
2018	2018	Ontario	Ontario	Provincial Nominee Program	Candidats des provinces ou des territoires	Kitchener - Cambridge - Waterloo	Kitchener - Cambridge - Waterloo	70
2018	2018	Ontario	Ontario	Provincial Nominee Program	Candidats des provinces ou des territoires	London	Londres	40
2018	2018	Ontario	Ontario	Provincial Nominee Program	Candidats des provinces ou des territoires	Norfolk	Norfolk	--
2018	2018	Ontario	Ontario	Provincial Nominee Program	Candidats des provinces ou des territoires	Oshawa	Oshawa	15
2018	2018	Ontario	Ontario	Provincial Nominee Program	Candidats des provinces ou des territoires	Other - Ontario	Autres - Ontario	25
2018	2018	Ontario	Ontario	Provincial Nominee Program	Candidats des provinces ou des territoires	Ottawa - Gatineau (Ontario part)	Ottawa - Gatineau (partie de l'Ontario)	320
2018	2018	Ontario	Ontario	Provincial Nominee Program	Candidats des provinces ou des territoires	Peterborough	Peterborough	5
2018	2018	Ontario	Ontario	Provincial Nominee Program	Candidats des provinces ou des territoires	Sarnia	Sarnia	5
2018	2018	Ontario	Ontario	Provincial Nominee Program	Candidats des provinces ou des territoires	Sault Ste. Marie	Sault Ste. Marie	--
2018	2018	Ontario	Ontario	Provincial Nominee Program	Candidats des provinces ou des territoires	St. Catharines - Niagara	St. Catharines - Niagara	20
2018	2018	Ontario	Ontario	Provincial Nominee Program	Candidats des provinces ou des territoires	Stratford	Stratford	--
2018	2018	Ontario	Ontario	Provincial Nominee Program	Candidats des provinces ou des territoires	Thunder Bay	Thunder Bay	5
2018	2018	Ontario	Ontario	Provincial Nominee Program	Candidats des provinces ou des territoires	Timmins	Timmins	--
2018	2018	Ontario	Ontario	Provincial Nominee Program	Candidats des provinces ou des territoires	Toronto	Toronto	2860
2018	2018	Ontario	Ontario	Provincial Nominee Program	Candidats des provinces ou des territoires	Windsor	Windsor	35
2018	2018	Ontario	Ontario	Provincial Nominee Program	Candidats des provinces ou des territoires	Woodstock	Woodstock	--
2018	2018	Prince Edward Island	Île-du-Prince-Édouard	Canadian Experience Class	Catégorie de l'expérience canadienne	Charlottetown	Charlottetown	55
2018	2018	Prince Edward Island	Île-du-Prince-Édouard	Canadian Experience Class	Catégorie de l'expérience canadienne	Other - Prince Edward Island	Autres - Île-du-Prince-Édouard	10
2018	2018	Prince Edward Island	Île-du-Prince-Édouard	Canadian Experience Class	Catégorie de l'expérience canadienne	Summerside	Summerside	10
2018	2018	Prince Edward Island	Île-du-Prince-Édouard	Federal Skilled Trades	Métiers spécialisés	Charlottetown	Charlottetown	--
2018	2018	Prince Edward Island	Île-du-Prince-Édouard	Federal Skilled Worker	Travailleurs qualifiés	Charlottetown	Charlottetown	15
2018	2018	Prince Edward Island	Île-du-Prince-Édouard	Federal Skilled Worker	Travailleurs qualifiés	Other - Prince Edward Island	Autres - Île-du-Prince-Édouard	--
2018	2018	Prince Edward Island	Île-du-Prince-Édouard	Provincial Nominee Program	Candidats des provinces ou des territoires	Charlottetown	Charlottetown	235
2018	2018	Prince Edward Island	Île-du-Prince-Édouard	Provincial Nominee Program	Candidats des provinces ou des territoires	Other - Prince Edward Island	Autres - Île-du-Prince-Édouard	35
2018	2018	Prince Edward Island	Île-du-Prince-Édouard	Provincial Nominee Program	Candidats des provinces ou des territoires	Summerside	Summerside	40
2018	2018	Saskatchewan	Saskatchewan	Canadian Experience Class	Catégorie de l'expérience canadienne	Estevan	Estevan	5
2018	2018	Saskatchewan	Saskatchewan	Canadian Experience Class	Catégorie de l'expérience canadienne	Lloydminster (Saskatchewan part)	Lloydminster (partie de la Saskatchewan)	--
2018	2018	Saskatchewan	Saskatchewan	Canadian Experience Class	Catégorie de l'expérience canadienne	Moose Jaw	Moose Jaw	10
2018	2018	Saskatchewan	Saskatchewan	Canadian Experience Class	Catégorie de l'expérience canadienne	North Battleford	North Battleford	--
2018	2018	Saskatchewan	Saskatchewan	Canadian Experience Class	Catégorie de l'expérience canadienne	Other - Saskatchewan	Autres - Saskatchewan	25
2018	2018	Saskatchewan	Saskatchewan	Canadian Experience Class	Catégorie de l'expérience canadienne	Prince Albert	Prince Albert	15
2018	2018	Saskatchewan	Saskatchewan	Canadian Experience Class	Catégorie de l'expérience canadienne	Regina	Regina	175
2018	2018	Saskatchewan	Saskatchewan	Canadian Experience Class	Catégorie de l'expérience canadienne	Saskatoon	Saskatoon	180
2018	2018	Saskatchewan	Saskatchewan	Canadian Experience Class	Catégorie de l'expérience canadienne	Swift Current	Swift Current	5
2018	2018	Saskatchewan	Saskatchewan	Canadian Experience Class	Catégorie de l'expérience canadienne	Yorkton	Yorkton	10
2018	2018	Saskatchewan	Saskatchewan	Federal Skilled Trades	Métiers spécialisés	Regina	Regina	--
2018	2018	Saskatchewan	Saskatchewan	Federal Skilled Trades	Métiers spécialisés	Saskatoon	Saskatoon	--
2018	2018	Saskatchewan	Saskatchewan	Federal Skilled Worker	Travailleurs qualifiés	Estevan	Estevan	--
2018	2018	Saskatchewan	Saskatchewan	Federal Skilled Worker	Travailleurs qualifiés	Moose Jaw	Moose Jaw	--
2018	2018	Saskatchewan	Saskatchewan	Federal Skilled Worker	Travailleurs qualifiés	North Battleford	North Battleford	--
2018	2018	Saskatchewan	Saskatchewan	Federal Skilled Worker	Travailleurs qualifiés	Other - Saskatchewan	Autres - Saskatchewan	20
2018	2018	Saskatchewan	Saskatchewan	Federal Skilled Worker	Travailleurs qualifiés	Prince Albert	Prince Albert	5
2018	2018	Saskatchewan	Saskatchewan	Federal Skilled Worker	Travailleurs qualifiés	Regina	Regina	150
2018	2018	Saskatchewan	Saskatchewan	Federal Skilled Worker	Travailleurs qualifiés	Saskatoon	Saskatoon	155
2018	2018	Saskatchewan	Saskatchewan	Federal Skilled Worker	Travailleurs qualifiés	Weyburn	Weyburn	--
2018	2018	Saskatchewan	Saskatchewan	Federal Skilled Worker	Travailleurs qualifiés	Yorkton	Yorkton	--
2018	2018	Saskatchewan	Saskatchewan	Provincial Nominee Program	Candidats des provinces ou des territoires	Estevan	Estevan	--
2018	2018	Saskatchewan	Saskatchewan	Provincial Nominee Program	Candidats des provinces ou des territoires	Moose Jaw	Moose Jaw	5
2018	2018	Saskatchewan	Saskatchewan	Provincial Nominee Program	Candidats des provinces ou des territoires	Other - Saskatchewan	Autres - Saskatchewan	10
2018	2018	Saskatchewan	Saskatchewan	Provincial Nominee Program	Candidats des provinces ou des territoires	Prince Albert	Prince Albert	--
2018	2018	Saskatchewan	Saskatchewan	Provincial Nominee Program	Candidats des provinces ou des territoires	Regina	Regina	455
2018	2018	Saskatchewan	Saskatchewan	Provincial Nominee Program	Candidats des provinces ou des territoires	Saskatoon	Saskatoon	375
2018	2018	Saskatchewan	Saskatchewan	Provincial Nominee Program	Candidats des provinces ou des territoires	Weyburn	Weyburn	--
2018	2018	Saskatchewan	Saskatchewan	Provincial Nominee Program	Candidats des provinces ou des territoires	Yorkton	Yorkton	--
2018	2018	Yukon	Yukon	Canadian Experience Class	Catégorie de l'expérience canadienne	Territories (outside Census agglomeration, Yukon)	Territoires (à l'extérieur des agglomérations de recensement, Yukon)	--
2018	2018	Yukon	Yukon	Canadian Experience Class	Catégorie de l'expérience canadienne	Whitehorse	Whitehorse	15
2018	2018	Yukon	Yukon	Federal Skilled Trades	Métiers spécialisés	Whitehorse	Whitehorse	--
2018	2018	Yukon	Yukon	Federal Skilled Worker	Travailleurs qualifiés	Territories (outside Census agglomeration, Yukon)	Territoires (à l'extérieur des agglomérations de recensement, Yukon)	--
2018	2018	Yukon	Yukon	Federal Skilled Worker	Travailleurs qualifiés	Whitehorse	Whitehorse	10
2018	2018	Yukon	Yukon	Provincial Nominee Program	Candidats des provinces ou des territoires	Territories (outside Census agglomeration, Yukon)	Territoires (à l'extérieur des agglomérations de recensement, Yukon)	--
2018	2018	Yukon	Yukon	Provincial Nominee Program	Candidats des provinces ou des territoires	Whitehorse	Whitehorse	20
2019	2019	Alberta	Alberta	Canadian Experience Class	Catégorie de l'expérience canadienne	Brooks	Brooks	5
2019	2019	Alberta	Alberta	Canadian Experience Class	Catégorie de l'expérience canadienne	Calgary	Calgary	775
2019	2019	Alberta	Alberta	Canadian Experience Class	Catégorie de l'expérience canadienne	Camrose	Camrose	--
2019	2019	Alberta	Alberta	Canadian Experience Class	Catégorie de l'expérience canadienne	Canmore	Canmore	35
2019	2019	Alberta	Alberta	Canadian Experience Class	Catégorie de l'expérience canadienne	Edmonton	Edmonton	615
2019	2019	Alberta	Alberta	Canadian Experience Class	Catégorie de l'expérience canadienne	Grande Prairie	Grande Prairie	40
2019	2019	Alberta	Alberta	Canadian Experience Class	Catégorie de l'expérience canadienne	Lacombe	Lacombe	--
2019	2019	Alberta	Alberta	Canadian Experience Class	Catégorie de l'expérience canadienne	Lethbridge	Lethbridge	30
2019	2019	Alberta	Alberta	Canadian Experience Class	Catégorie de l'expérience canadienne	Lloydminster (Alberta part)	Lloydminster (partie de l'Alberta)	--
2019	2019	Alberta	Alberta	Canadian Experience Class	Catégorie de l'expérience canadienne	Medicine Hat	Medicine Hat	5
2019	2019	Alberta	Alberta	Canadian Experience Class	Catégorie de l'expérience canadienne	Okotoks	Okotoks	--
2019	2019	Alberta	Alberta	Canadian Experience Class	Catégorie de l'expérience canadienne	Other - Alberta	Autres - Alberta	110
2019	2019	Alberta	Alberta	Canadian Experience Class	Catégorie de l'expérience canadienne	Red Deer	Red Deer	15
2019	2019	Alberta	Alberta	Canadian Experience Class	Catégorie de l'expérience canadienne	Strathmore	Strathmore	--
2019	2019	Alberta	Alberta	Canadian Experience Class	Catégorie de l'expérience canadienne	Sylvan Lake	Sylvan Lake	--
2019	2019	Alberta	Alberta	Canadian Experience Class	Catégorie de l'expérience canadienne	Wood Buffalo	Wood Buffalo	25
2019	2019	Alberta	Alberta	Federal Skilled Trades	Métiers spécialisés	Calgary	Calgary	5
2019	2019	Alberta	Alberta	Federal Skilled Trades	Métiers spécialisés	Camrose	Camrose	--
2019	2019	Alberta	Alberta	Federal Skilled Trades	Métiers spécialisés	Edmonton	Edmonton	5
2019	2019	Alberta	Alberta	Federal Skilled Worker	Travailleurs qualifiés	Brooks	Brooks	--
2019	2019	Alberta	Alberta	Federal Skilled Worker	Travailleurs qualifiés	Calgary	Calgary	1670
2019	2019	Alberta	Alberta	Federal Skilled Worker	Travailleurs qualifiés	Camrose	Camrose	--
2019	2019	Alberta	Alberta	Federal Skilled Worker	Travailleurs qualifiés	Canmore	Canmore	5
2019	2019	Alberta	Alberta	Federal Skilled Worker	Travailleurs qualifiés	Edmonton	Edmonton	730
2019	2019	Alberta	Alberta	Federal Skilled Worker	Travailleurs qualifiés	Grande Prairie	Grande Prairie	15
2019	2019	Alberta	Alberta	Federal Skilled Worker	Travailleurs qualifiés	Lacombe	Lacombe	--
2019	2019	Alberta	Alberta	Federal Skilled Worker	Travailleurs qualifiés	Lethbridge	Lethbridge	20
2019	2019	Alberta	Alberta	Federal Skilled Worker	Travailleurs qualifiés	Lloydminster (Alberta part)	Lloydminster (partie de l'Alberta)	--
2019	2019	Alberta	Alberta	Federal Skilled Worker	Travailleurs qualifiés	Medicine Hat	Medicine Hat	--
2019	2019	Alberta	Alberta	Federal Skilled Worker	Travailleurs qualifiés	Okotoks	Okotoks	--
2019	2019	Alberta	Alberta	Federal Skilled Worker	Travailleurs qualifiés	Other - Alberta	Autres - Alberta	60
2019	2019	Alberta	Alberta	Federal Skilled Worker	Travailleurs qualifiés	Red Deer	Red Deer	--
2019	2019	Alberta	Alberta	Federal Skilled Worker	Travailleurs qualifiés	Wood Buffalo	Wood Buffalo	15
2019	2019	Alberta	Alberta	Provincial Nominee Program	Candidats des provinces ou des territoires	Brooks	Brooks	--
2019	2019	Alberta	Alberta	Provincial Nominee Program	Candidats des provinces ou des territoires	Calgary	Calgary	1540
2019	2019	Alberta	Alberta	Provincial Nominee Program	Candidats des provinces ou des territoires	Camrose	Camrose	5
2019	2019	Alberta	Alberta	Provincial Nominee Program	Candidats des provinces ou des territoires	Canmore	Canmore	25
2019	2019	Alberta	Alberta	Provincial Nominee Program	Candidats des provinces ou des territoires	Edmonton	Edmonton	885
2019	2019	Alberta	Alberta	Provincial Nominee Program	Candidats des provinces ou des territoires	Grande Prairie	Grande Prairie	45
2019	2019	Alberta	Alberta	Provincial Nominee Program	Candidats des provinces ou des territoires	Lacombe	Lacombe	--
2019	2019	Alberta	Alberta	Provincial Nominee Program	Candidats des provinces ou des territoires	Lethbridge	Lethbridge	25
2019	2019	Alberta	Alberta	Provincial Nominee Program	Candidats des provinces ou des territoires	Medicine Hat	Medicine Hat	10
2019	2019	Alberta	Alberta	Provincial Nominee Program	Candidats des provinces ou des territoires	Okotoks	Okotoks	--
2019	2019	Alberta	Alberta	Provincial Nominee Program	Candidats des provinces ou des territoires	Other - Alberta	Autres - Alberta	135
2019	2019	Alberta	Alberta	Provincial Nominee Program	Candidats des provinces ou des territoires	Red Deer	Red Deer	35
2019	2019	Alberta	Alberta	Provincial Nominee Program	Candidats des provinces ou des territoires	Strathmore	Strathmore	--
2019	2019	Alberta	Alberta	Provincial Nominee Program	Candidats des provinces ou des territoires	Sylvan Lake	Sylvan Lake	--
2019	2019	Alberta	Alberta	Provincial Nominee Program	Candidats des provinces ou des territoires	Wetaskiwin	Wetaskiwin	--
2019	2019	Alberta	Alberta	Provincial Nominee Program	Candidats des provinces ou des territoires	Wood Buffalo	Wood Buffalo	25
2019	2019	British Columbia	Colombie-Britannique	Canadian Experience Class	Catégorie de l'expérience canadienne	Abbotsford - Mission	Abbotsford - Mission	70
2019	2019	British Columbia	Colombie-Britannique	Canadian Experience Class	Catégorie de l'expérience canadienne	Campbell River	Campbell River	10
2019	2019	British Columbia	Colombie-Britannique	Canadian Experience Class	Catégorie de l'expérience canadienne	Chilliwack	Chilliwack	15
2019	2019	British Columbia	Colombie-Britannique	Canadian Experience Class	Catégorie de l'expérience canadienne	Courtenay	Courtenay	25
2019	2019	British Columbia	Colombie-Britannique	Canadian Experience Class	Catégorie de l'expérience canadienne	Cranbrook	Cranbrook	10
2019	2019	British Columbia	Colombie-Britannique	Canadian Experience Class	Catégorie de l'expérience canadienne	Dawson Creek	Dawson Creek	10
2019	2019	British Columbia	Colombie-Britannique	Canadian Experience Class	Catégorie de l'expérience canadienne	Duncan	Duncan	5
2019	2019	British Columbia	Colombie-Britannique	Canadian Experience Class	Catégorie de l'expérience canadienne	Fort St. John	Fort St. John	10
2019	2019	British Columbia	Colombie-Britannique	Canadian Experience Class	Catégorie de l'expérience canadienne	Kamloops	Kamloops	55
2019	2019	British Columbia	Colombie-Britannique	Canadian Experience Class	Catégorie de l'expérience canadienne	Kelowna	Kelowna	90
2019	2019	British Columbia	Colombie-Britannique	Canadian Experience Class	Catégorie de l'expérience canadienne	Ladysmith	Ladysmith	--
2019	2019	British Columbia	Colombie-Britannique	Canadian Experience Class	Catégorie de l'expérience canadienne	Nanaimo	Nanaimo	65
2019	2019	British Columbia	Colombie-Britannique	Canadian Experience Class	Catégorie de l'expérience canadienne	Nelson	Nelson	15
2019	2019	British Columbia	Colombie-Britannique	Canadian Experience Class	Catégorie de l'expérience canadienne	Other - British Columbia	Autres - Colombie-Britannique	270
2019	2019	British Columbia	Colombie-Britannique	Canadian Experience Class	Catégorie de l'expérience canadienne	Parksville	Parksville	--
2019	2019	British Columbia	Colombie-Britannique	Canadian Experience Class	Catégorie de l'expérience canadienne	Penticton	Penticton	10
2019	2019	British Columbia	Colombie-Britannique	Canadian Experience Class	Catégorie de l'expérience canadienne	Port Alberni	Port Alberni	--
2019	2019	British Columbia	Colombie-Britannique	Canadian Experience Class	Catégorie de l'expérience canadienne	Powell River	Powell River	--
2019	2019	British Columbia	Colombie-Britannique	Canadian Experience Class	Catégorie de l'expérience canadienne	Prince George	Prince George	25
2019	2019	British Columbia	Colombie-Britannique	Canadian Experience Class	Catégorie de l'expérience canadienne	Prince Rupert	Prince Rupert	--
2019	2019	British Columbia	Colombie-Britannique	Canadian Experience Class	Catégorie de l'expérience canadienne	Quesnel	Quesnel	--
2019	2019	British Columbia	Colombie-Britannique	Canadian Experience Class	Catégorie de l'expérience canadienne	Salmon Arm	Salmon Arm	--
2019	2019	British Columbia	Colombie-Britannique	Canadian Experience Class	Catégorie de l'expérience canadienne	Squamish	Squamish	40
2019	2019	British Columbia	Colombie-Britannique	Canadian Experience Class	Catégorie de l'expérience canadienne	Terrace	Terrace	5
2019	2019	British Columbia	Colombie-Britannique	Canadian Experience Class	Catégorie de l'expérience canadienne	Trail	Trail	--
2019	2019	British Columbia	Colombie-Britannique	Canadian Experience Class	Catégorie de l'expérience canadienne	Vancouver	Vancouver	4900
2019	2019	British Columbia	Colombie-Britannique	Canadian Experience Class	Catégorie de l'expérience canadienne	Vernon	Vernon	15
2019	2019	British Columbia	Colombie-Britannique	Canadian Experience Class	Catégorie de l'expérience canadienne	Victoria	Victoria	255
2019	2019	British Columbia	Colombie-Britannique	Canadian Experience Class	Catégorie de l'expérience canadienne	Williams Lake	Williams Lake	5
2019	2019	British Columbia	Colombie-Britannique	Federal Skilled Trades	Métiers spécialisés	Abbotsford - Mission	Abbotsford - Mission	--
2019	2019	British Columbia	Colombie-Britannique	Federal Skilled Trades	Métiers spécialisés	Campbell River	Campbell River	--
2019	2019	British Columbia	Colombie-Britannique	Federal Skilled Trades	Métiers spécialisés	Chilliwack	Chilliwack	--
2019	2019	British Columbia	Colombie-Britannique	Federal Skilled Trades	Métiers spécialisés	Cranbrook	Cranbrook	--
2019	2019	British Columbia	Colombie-Britannique	Federal Skilled Trades	Métiers spécialisés	Kamloops	Kamloops	--
2019	2019	British Columbia	Colombie-Britannique	Federal Skilled Trades	Métiers spécialisés	Kelowna	Kelowna	--
2019	2019	British Columbia	Colombie-Britannique	Federal Skilled Trades	Métiers spécialisés	Other - British Columbia	Autres - Colombie-Britannique	5
2019	2019	British Columbia	Colombie-Britannique	Federal Skilled Trades	Métiers spécialisés	Squamish	Squamish	--
2019	2019	British Columbia	Colombie-Britannique	Federal Skilled Trades	Métiers spécialisés	Terrace	Terrace	--
2019	2019	British Columbia	Colombie-Britannique	Federal Skilled Trades	Métiers spécialisés	Vancouver	Vancouver	55
2019	2019	British Columbia	Colombie-Britannique	Federal Skilled Trades	Métiers spécialisés	Victoria	Victoria	--
2019	2019	British Columbia	Colombie-Britannique	Federal Skilled Worker	Travailleurs qualifiés	Abbotsford - Mission	Abbotsford - Mission	55
2019	2019	British Columbia	Colombie-Britannique	Federal Skilled Worker	Travailleurs qualifiés	Campbell River	Campbell River	--
2019	2019	British Columbia	Colombie-Britannique	Federal Skilled Worker	Travailleurs qualifiés	Chilliwack	Chilliwack	10
2019	2019	British Columbia	Colombie-Britannique	Federal Skilled Worker	Travailleurs qualifiés	Courtenay	Courtenay	5
2019	2019	British Columbia	Colombie-Britannique	Federal Skilled Worker	Travailleurs qualifiés	Dawson Creek	Dawson Creek	--
2019	2019	British Columbia	Colombie-Britannique	Federal Skilled Worker	Travailleurs qualifiés	Fort St. John	Fort St. John	10
2019	2019	British Columbia	Colombie-Britannique	Federal Skilled Worker	Travailleurs qualifiés	Kamloops	Kamloops	15
2019	2019	British Columbia	Colombie-Britannique	Federal Skilled Worker	Travailleurs qualifiés	Kelowna	Kelowna	40
2019	2019	British Columbia	Colombie-Britannique	Federal Skilled Worker	Travailleurs qualifiés	Nanaimo	Nanaimo	20
2019	2019	British Columbia	Colombie-Britannique	Federal Skilled Worker	Travailleurs qualifiés	Nelson	Nelson	--
2019	2019	British Columbia	Colombie-Britannique	Federal Skilled Worker	Travailleurs qualifiés	Other - British Columbia	Autres - Colombie-Britannique	80
2019	2019	British Columbia	Colombie-Britannique	Federal Skilled Worker	Travailleurs qualifiés	Parksville	Parksville	--
2019	2019	British Columbia	Colombie-Britannique	Federal Skilled Worker	Travailleurs qualifiés	Penticton	Penticton	--
2019	2019	British Columbia	Colombie-Britannique	Federal Skilled Worker	Travailleurs qualifiés	Prince George	Prince George	10
2019	2019	British Columbia	Colombie-Britannique	Federal Skilled Worker	Travailleurs qualifiés	Prince Rupert	Prince Rupert	5
2019	2019	British Columbia	Colombie-Britannique	Federal Skilled Worker	Travailleurs qualifiés	Quesnel	Quesnel	--
2019	2019	British Columbia	Colombie-Britannique	Federal Skilled Worker	Travailleurs qualifiés	Salmon Arm	Salmon Arm	--
2019	2019	British Columbia	Colombie-Britannique	Federal Skilled Worker	Travailleurs qualifiés	Squamish	Squamish	10
2019	2019	British Columbia	Colombie-Britannique	Federal Skilled Worker	Travailleurs qualifiés	Terrace	Terrace	--
2019	2019	British Columbia	Colombie-Britannique	Federal Skilled Worker	Travailleurs qualifiés	Trail	Trail	--
2019	2019	British Columbia	Colombie-Britannique	Federal Skilled Worker	Travailleurs qualifiés	Vancouver	Vancouver	4575
2019	2019	British Columbia	Colombie-Britannique	Federal Skilled Worker	Travailleurs qualifiés	Vernon	Vernon	--
2019	2019	British Columbia	Colombie-Britannique	Federal Skilled Worker	Travailleurs qualifiés	Victoria	Victoria	185
2019	2019	British Columbia	Colombie-Britannique	Federal Skilled Worker	Travailleurs qualifiés	Williams Lake	Williams Lake	--
2019	2019	British Columbia	Colombie-Britannique	Provincial Nominee Program	Candidats des provinces ou des territoires	Abbotsford - Mission	Abbotsford - Mission	95
2019	2019	British Columbia	Colombie-Britannique	Provincial Nominee Program	Candidats des provinces ou des territoires	Campbell River	Campbell River	5
2019	2019	British Columbia	Colombie-Britannique	Provincial Nominee Program	Candidats des provinces ou des territoires	Chilliwack	Chilliwack	25
2019	2019	British Columbia	Colombie-Britannique	Provincial Nominee Program	Candidats des provinces ou des territoires	Courtenay	Courtenay	5
2019	2019	British Columbia	Colombie-Britannique	Provincial Nominee Program	Candidats des provinces ou des territoires	Cranbrook	Cranbrook	5
2019	2019	British Columbia	Colombie-Britannique	Provincial Nominee Program	Candidats des provinces ou des territoires	Dawson Creek	Dawson Creek	5
2019	2019	British Columbia	Colombie-Britannique	Provincial Nominee Program	Candidats des provinces ou des territoires	Duncan	Duncan	10
2019	2019	British Columbia	Colombie-Britannique	Provincial Nominee Program	Candidats des provinces ou des territoires	Fort St. John	Fort St. John	10
2019	2019	British Columbia	Colombie-Britannique	Provincial Nominee Program	Candidats des provinces ou des territoires	Kamloops	Kamloops	25
2019	2019	British Columbia	Colombie-Britannique	Provincial Nominee Program	Candidats des provinces ou des territoires	Kelowna	Kelowna	85
2019	2019	British Columbia	Colombie-Britannique	Provincial Nominee Program	Candidats des provinces ou des territoires	Ladysmith	Ladysmith	--
2019	2019	British Columbia	Colombie-Britannique	Provincial Nominee Program	Candidats des provinces ou des territoires	Nanaimo	Nanaimo	20
2019	2019	British Columbia	Colombie-Britannique	Provincial Nominee Program	Candidats des provinces ou des territoires	Nelson	Nelson	5
2019	2019	British Columbia	Colombie-Britannique	Provincial Nominee Program	Candidats des provinces ou des territoires	Other - British Columbia	Autres - Colombie-Britannique	220
2019	2019	British Columbia	Colombie-Britannique	Provincial Nominee Program	Candidats des provinces ou des territoires	Parksville	Parksville	5
2019	2019	British Columbia	Colombie-Britannique	Provincial Nominee Program	Candidats des provinces ou des territoires	Penticton	Penticton	5
2019	2019	British Columbia	Colombie-Britannique	Provincial Nominee Program	Candidats des provinces ou des territoires	Port Alberni	Port Alberni	5
2019	2019	British Columbia	Colombie-Britannique	Provincial Nominee Program	Candidats des provinces ou des territoires	Powell River	Powell River	--
2019	2019	British Columbia	Colombie-Britannique	Provincial Nominee Program	Candidats des provinces ou des territoires	Prince George	Prince George	50
2019	2019	British Columbia	Colombie-Britannique	Provincial Nominee Program	Candidats des provinces ou des territoires	Prince Rupert	Prince Rupert	5
2019	2019	British Columbia	Colombie-Britannique	Provincial Nominee Program	Candidats des provinces ou des territoires	Quesnel	Quesnel	5
2019	2019	British Columbia	Colombie-Britannique	Provincial Nominee Program	Candidats des provinces ou des territoires	Salmon Arm	Salmon Arm	10
2019	2019	British Columbia	Colombie-Britannique	Provincial Nominee Program	Candidats des provinces ou des territoires	Squamish	Squamish	25
2019	2019	British Columbia	Colombie-Britannique	Provincial Nominee Program	Candidats des provinces ou des territoires	Terrace	Terrace	10
2019	2019	British Columbia	Colombie-Britannique	Provincial Nominee Program	Candidats des provinces ou des territoires	Trail	Trail	--
2019	2019	British Columbia	Colombie-Britannique	Provincial Nominee Program	Candidats des provinces ou des territoires	Vancouver	Vancouver	2695
2019	2019	British Columbia	Colombie-Britannique	Provincial Nominee Program	Candidats des provinces ou des territoires	Vernon	Vernon	5
2019	2019	British Columbia	Colombie-Britannique	Provincial Nominee Program	Candidats des provinces ou des territoires	Victoria	Victoria	150
2019	2019	British Columbia	Colombie-Britannique	Provincial Nominee Program	Candidats des provinces ou des territoires	Williams Lake	Williams Lake	10
2019	2019	Manitoba	Manitoba	Canadian Experience Class	Catégorie de l'expérience canadienne	Brandon	Brandon	15
2019	2019	Manitoba	Manitoba	Canadian Experience Class	Catégorie de l'expérience canadienne	Other - Manitoba	Autres - Manitoba	15
2019	2019	Manitoba	Manitoba	Canadian Experience Class	Catégorie de l'expérience canadienne	Portage la Prairie	Portage la Prairie	--
2019	2019	Manitoba	Manitoba	Canadian Experience Class	Catégorie de l'expérience canadienne	Steinbach	Steinbach	--
2019	2019	Manitoba	Manitoba	Canadian Experience Class	Catégorie de l'expérience canadienne	Thompson	Thompson	10
2019	2019	Manitoba	Manitoba	Canadian Experience Class	Catégorie de l'expérience canadienne	Winkler	Winkler	--
2019	2019	Manitoba	Manitoba	Canadian Experience Class	Catégorie de l'expérience canadienne	Winnipeg	Winnipeg	315
2019	2019	Manitoba	Manitoba	Federal Skilled Trades	Métiers spécialisés	Other - Manitoba	Autres - Manitoba	--
2019	2019	Manitoba	Manitoba	Federal Skilled Trades	Métiers spécialisés	Winnipeg	Winnipeg	--
2019	2019	Manitoba	Manitoba	Federal Skilled Worker	Travailleurs qualifiés	Brandon	Brandon	50
2019	2019	Manitoba	Manitoba	Federal Skilled Worker	Travailleurs qualifiés	Other - Manitoba	Autres - Manitoba	15
2019	2019	Manitoba	Manitoba	Federal Skilled Worker	Travailleurs qualifiés	Steinbach	Steinbach	--
2019	2019	Manitoba	Manitoba	Federal Skilled Worker	Travailleurs qualifiés	Thompson	Thompson	--
2019	2019	Manitoba	Manitoba	Federal Skilled Worker	Travailleurs qualifiés	Winnipeg	Winnipeg	330
2019	2019	Manitoba	Manitoba	Provincial Nominee Program	Candidats des provinces ou des territoires	Brandon	Brandon	45
2019	2019	Manitoba	Manitoba	Provincial Nominee Program	Candidats des provinces ou des territoires	Other - Manitoba	Autres - Manitoba	30
2019	2019	Manitoba	Manitoba	Provincial Nominee Program	Candidats des provinces ou des territoires	Portage la Prairie	Portage la Prairie	10
2019	2019	Manitoba	Manitoba	Provincial Nominee Program	Candidats des provinces ou des territoires	Steinbach	Steinbach	10
2019	2019	Manitoba	Manitoba	Provincial Nominee Program	Candidats des provinces ou des territoires	Thompson	Thompson	15
2019	2019	Manitoba	Manitoba	Provincial Nominee Program	Candidats des provinces ou des territoires	Winkler	Winkler	45
2019	2019	Manitoba	Manitoba	Provincial Nominee Program	Candidats des provinces ou des territoires	Winnipeg	Winnipeg	700
2019	2019	New Brunswick	Nouveau-Brunswick	Canadian Experience Class	Catégorie de l'expérience canadienne	Bathurst	Bathurst	--
2019	2019	New Brunswick	Nouveau-Brunswick	Canadian Experience Class	Catégorie de l'expérience canadienne	Campbellton (New Brunswick part)	Campbellton (partie du Nouveau-Brunswick)	--
2019	2019	New Brunswick	Nouveau-Brunswick	Canadian Experience Class	Catégorie de l'expérience canadienne	Edmundston	Edmundston	--
2019	2019	New Brunswick	Nouveau-Brunswick	Canadian Experience Class	Catégorie de l'expérience canadienne	Fredericton	Fredericton	40
2019	2019	New Brunswick	Nouveau-Brunswick	Canadian Experience Class	Catégorie de l'expérience canadienne	Miramichi	Miramichi	--
2019	2019	New Brunswick	Nouveau-Brunswick	Canadian Experience Class	Catégorie de l'expérience canadienne	Moncton	Moncton	50
2019	2019	New Brunswick	Nouveau-Brunswick	Canadian Experience Class	Catégorie de l'expérience canadienne	Other - New Brunswick	Autres - Nouveau-Brunswick	5
2019	2019	New Brunswick	Nouveau-Brunswick	Canadian Experience Class	Catégorie de l'expérience canadienne	Saint John	Saint John	30
2019	2019	New Brunswick	Nouveau-Brunswick	Federal Skilled Worker	Travailleurs qualifiés	Bathurst	Bathurst	--
2019	2019	New Brunswick	Nouveau-Brunswick	Federal Skilled Worker	Travailleurs qualifiés	Edmundston	Edmundston	5
2019	2019	New Brunswick	Nouveau-Brunswick	Federal Skilled Worker	Travailleurs qualifiés	Fredericton	Fredericton	20
2019	2019	New Brunswick	Nouveau-Brunswick	Federal Skilled Worker	Travailleurs qualifiés	Miramichi	Miramichi	--
2019	2019	New Brunswick	Nouveau-Brunswick	Federal Skilled Worker	Travailleurs qualifiés	Moncton	Moncton	65
2019	2019	New Brunswick	Nouveau-Brunswick	Federal Skilled Worker	Travailleurs qualifiés	Other - New Brunswick	Autres - Nouveau-Brunswick	10
2019	2019	New Brunswick	Nouveau-Brunswick	Federal Skilled Worker	Travailleurs qualifiés	Saint John	Saint John	10
2019	2019	New Brunswick	Nouveau-Brunswick	Provincial Nominee Program	Candidats des provinces ou des territoires	Bathurst	Bathurst	--
2019	2019	New Brunswick	Nouveau-Brunswick	Provincial Nominee Program	Candidats des provinces ou des territoires	Campbellton (New Brunswick part)	Campbellton (partie du Nouveau-Brunswick)	--
2019	2019	New Brunswick	Nouveau-Brunswick	Provincial Nominee Program	Candidats des provinces ou des territoires	Edmundston	Edmundston	10
2019	2019	New Brunswick	Nouveau-Brunswick	Provincial Nominee Program	Candidats des provinces ou des territoires	Fredericton	Fredericton	140
2019	2019	New Brunswick	Nouveau-Brunswick	Provincial Nominee Program	Candidats des provinces ou des territoires	Moncton	Moncton	265
2019	2019	New Brunswick	Nouveau-Brunswick	Provincial Nominee Program	Candidats des provinces ou des territoires	Other - New Brunswick	Autres - Nouveau-Brunswick	10
2019	2019	New Brunswick	Nouveau-Brunswick	Provincial Nominee Program	Candidats des provinces ou des territoires	Saint John	Saint John	45
2019	2019	Newfoundland and Labrador	Terre-Neuve-et-Labrador	Canadian Experience Class	Catégorie de l'expérience canadienne	Corner Brook	Corner Brook	--
2019	2019	Newfoundland and Labrador	Terre-Neuve-et-Labrador	Canadian Experience Class	Catégorie de l'expérience canadienne	Other - Newfoundland and Labrador	Autres - Terre-Neuve-et-Labrador	10
2019	2019	Newfoundland and Labrador	Terre-Neuve-et-Labrador	Canadian Experience Class	Catégorie de l'expérience canadienne	St. John's	St. John's	55
2019	2019	Newfoundland and Labrador	Terre-Neuve-et-Labrador	Federal Skilled Worker	Travailleurs qualifiés	Corner Brook	Corner Brook	--
2019	2019	Newfoundland and Labrador	Terre-Neuve-et-Labrador	Federal Skilled Worker	Travailleurs qualifiés	Gander	Gander	--
2019	2019	Newfoundland and Labrador	Terre-Neuve-et-Labrador	Federal Skilled Worker	Travailleurs qualifiés	Other - Newfoundland and Labrador	Autres - Terre-Neuve-et-Labrador	--
2019	2019	Newfoundland and Labrador	Terre-Neuve-et-Labrador	Federal Skilled Worker	Travailleurs qualifiés	St. John's	St. John's	35
2019	2019	Newfoundland and Labrador	Terre-Neuve-et-Labrador	Provincial Nominee Program	Candidats des provinces ou des territoires	Other - Newfoundland and Labrador	Autres - Terre-Neuve-et-Labrador	--
2019	2019	Newfoundland and Labrador	Terre-Neuve-et-Labrador	Provincial Nominee Program	Candidats des provinces ou des territoires	St. John's	St. John's	35
2019	2019	Northwest Territories	Territoires du Nord-Ouest	Canadian Experience Class	Catégorie de l'expérience canadienne	Territories (outside Census agglomeration, Northwest Territories)	Territoires (à l'extérieur des agglomérations de recensement, Territoires du Nord-Ouest)	--
2019	2019	Northwest Territories	Territoires du Nord-Ouest	Canadian Experience Class	Catégorie de l'expérience canadienne	Yellowknife	Yellowknife	25
2019	2019	Northwest Territories	Territoires du Nord-Ouest	Federal Skilled Worker	Travailleurs qualifiés	Territories (outside Census agglomeration, Northwest Territories)	Territoires (à l'extérieur des agglomérations de recensement, Territoires du Nord-Ouest)	--
2019	2019	Northwest Territories	Territoires du Nord-Ouest	Federal Skilled Worker	Travailleurs qualifiés	Yellowknife	Yellowknife	--
2019	2019	Northwest Territories	Territoires du Nord-Ouest	Provincial Nominee Program	Candidats des provinces ou des territoires	Territories (outside Census agglomeration, Northwest Territories)	Territoires (à l'extérieur des agglomérations de recensement, Territoires du Nord-Ouest)	5
2019	2019	Northwest Territories	Territoires du Nord-Ouest	Provincial Nominee Program	Candidats des provinces ou des territoires	Yellowknife	Yellowknife	10
2019	2019	Province/Territory not stated	Province / territoire non déclaré(e)	Federal Skilled Worker	Travailleurs qualifiés	Census metropolitan area not stated	Région métropolitaine de recensement non déclarée	--
2019	2019	Nova Scotia	Nouvelle-Écosse	Canadian Experience Class	Catégorie de l'expérience canadienne	Cape Breton	Cape Breton	10
2019	2019	Nova Scotia	Nouvelle-Écosse	Canadian Experience Class	Catégorie de l'expérience canadienne	Halifax	Halifax	250
2019	2019	Nova Scotia	Nouvelle-Écosse	Canadian Experience Class	Catégorie de l'expérience canadienne	Kentville	Kentville	--
2019	2019	Nova Scotia	Nouvelle-Écosse	Canadian Experience Class	Catégorie de l'expérience canadienne	Other - Nova Scotia	Autres - Nouvelle-Écosse	15
2019	2019	Nova Scotia	Nouvelle-Écosse	Canadian Experience Class	Catégorie de l'expérience canadienne	Truro	Truro	--
2019	2019	Nova Scotia	Nouvelle-Écosse	Federal Skilled Worker	Travailleurs qualifiés	Cape Breton	Cape Breton	5
2019	2019	Nova Scotia	Nouvelle-Écosse	Federal Skilled Worker	Travailleurs qualifiés	Halifax	Halifax	140
2019	2019	Nova Scotia	Nouvelle-Écosse	Federal Skilled Worker	Travailleurs qualifiés	Kentville	Kentville	--
2019	2019	Nova Scotia	Nouvelle-Écosse	Federal Skilled Worker	Travailleurs qualifiés	New Glasgow	New Glasgow	--
2019	2019	Nova Scotia	Nouvelle-Écosse	Federal Skilled Worker	Travailleurs qualifiés	Other - Nova Scotia	Autres - Nouvelle-Écosse	10
2019	2019	Nova Scotia	Nouvelle-Écosse	Federal Skilled Worker	Travailleurs qualifiés	Truro	Truro	--
2019	2019	Nova Scotia	Nouvelle-Écosse	Provincial Nominee Program	Candidats des provinces ou des territoires	Cape Breton	Cape Breton	30
2019	2019	Nova Scotia	Nouvelle-Écosse	Provincial Nominee Program	Candidats des provinces ou des territoires	Halifax	Halifax	1095
2019	2019	Nova Scotia	Nouvelle-Écosse	Provincial Nominee Program	Candidats des provinces ou des territoires	Kentville	Kentville	15
2019	2019	Nova Scotia	Nouvelle-Écosse	Provincial Nominee Program	Candidats des provinces ou des territoires	New Glasgow	New Glasgow	--
2019	2019	Nova Scotia	Nouvelle-Écosse	Provincial Nominee Program	Candidats des provinces ou des territoires	Other - Nova Scotia	Autres - Nouvelle-Écosse	35
2019	2019	Nova Scotia	Nouvelle-Écosse	Provincial Nominee Program	Candidats des provinces ou des territoires	Truro	Truro	10
2019	2019	Nunavut	Nunavut	Canadian Experience Class	Catégorie de l'expérience canadienne	Territories (outside Census agglomeration, Nunavut)	Territoires (à l'extérieur des agglomérations de recensement, Nunavut)	5
2019	2019	Nunavut	Nunavut	Federal Skilled Worker	Travailleurs qualifiés	Territories (outside Census agglomeration, Nunavut)	Territoires (à l'extérieur des agglomérations de recensement, Nunavut)	5
2019	2019	Ontario	Ontario	Canadian Experience Class	Catégorie de l'expérience canadienne	Barrie	Barrie	80
2019	2019	Ontario	Ontario	Canadian Experience Class	Catégorie de l'expérience canadienne	Belleville - Quinte West	Belleville - Quinte West	10
2019	2019	Ontario	Ontario	Canadian Experience Class	Catégorie de l'expérience canadienne	Brantford	Brantford	25
2019	2019	Ontario	Ontario	Canadian Experience Class	Catégorie de l'expérience canadienne	Brockville	Brockville	5
2019	2019	Ontario	Ontario	Canadian Experience Class	Catégorie de l'expérience canadienne	Centre Wellington	Centre Wellington	10
2019	2019	Ontario	Ontario	Canadian Experience Class	Catégorie de l'expérience canadienne	Chatham-Kent	Chatham-Kent	20
2019	2019	Ontario	Ontario	Canadian Experience Class	Catégorie de l'expérience canadienne	Cobourg	Cobourg	5
2019	2019	Ontario	Ontario	Canadian Experience Class	Catégorie de l'expérience canadienne	Collingwood	Collingwood	20
2019	2019	Ontario	Ontario	Canadian Experience Class	Catégorie de l'expérience canadienne	Cornwall	Cornwall	15
2019	2019	Ontario	Ontario	Canadian Experience Class	Catégorie de l'expérience canadienne	Essa	Essa	--
2019	2019	Ontario	Ontario	Canadian Experience Class	Catégorie de l'expérience canadienne	Greater Sudbury	Grand Sudbury	55
2019	2019	Ontario	Ontario	Canadian Experience Class	Catégorie de l'expérience canadienne	Guelph	Guelph	130
2019	2019	Ontario	Ontario	Canadian Experience Class	Catégorie de l'expérience canadienne	Hamilton	Hamilton	390
2019	2019	Ontario	Ontario	Canadian Experience Class	Catégorie de l'expérience canadienne	Hawkesbury (Ontario part)	Hawkesbury (partie de l'Ontario)	--
2019	2019	Ontario	Ontario	Canadian Experience Class	Catégorie de l'expérience canadienne	Kawartha Lakes	Kawartha Lakes	5
2019	2019	Ontario	Ontario	Canadian Experience Class	Catégorie de l'expérience canadienne	Kenora	Kenora	--
2019	2019	Ontario	Ontario	Canadian Experience Class	Catégorie de l'expérience canadienne	Kingston	Kingston	70
2019	2019	Ontario	Ontario	Canadian Experience Class	Catégorie de l'expérience canadienne	Kitchener - Cambridge - Waterloo	Kitchener - Cambridge - Waterloo	690
2019	2019	Ontario	Ontario	Canadian Experience Class	Catégorie de l'expérience canadienne	London	Londres	395
2019	2019	Ontario	Ontario	Canadian Experience Class	Catégorie de l'expérience canadienne	Midland	Midland	5
2019	2019	Ontario	Ontario	Canadian Experience Class	Catégorie de l'expérience canadienne	Norfolk	Norfolk	5
2019	2019	Ontario	Ontario	Canadian Experience Class	Catégorie de l'expérience canadienne	North Bay	North Bay	5
2019	2019	Ontario	Ontario	Canadian Experience Class	Catégorie de l'expérience canadienne	Orillia	Orillia	15
2019	2019	Ontario	Ontario	Canadian Experience Class	Catégorie de l'expérience canadienne	Oshawa	Oshawa	105
2019	2019	Ontario	Ontario	Canadian Experience Class	Catégorie de l'expérience canadienne	Other - Ontario	Autres - Ontario	120
2019	2019	Ontario	Ontario	Canadian Experience Class	Catégorie de l'expérience canadienne	Ottawa - Gatineau (Ontario part)	Ottawa - Gatineau (partie de l'Ontario)	1045
2019	2019	Ontario	Ontario	Canadian Experience Class	Catégorie de l'expérience canadienne	Owen Sound	Owen Sound	5
2019	2019	Ontario	Ontario	Canadian Experience Class	Catégorie de l'expérience canadienne	Pembroke	Pembroke	--
2019	2019	Ontario	Ontario	Canadian Experience Class	Catégorie de l'expérience canadienne	Petawawa	Petawawa	--
2019	2019	Ontario	Ontario	Canadian Experience Class	Catégorie de l'expérience canadienne	Peterborough	Peterborough	40
2019	2019	Ontario	Ontario	Canadian Experience Class	Catégorie de l'expérience canadienne	Port Hope	Port Hope	--
2019	2019	Ontario	Ontario	Canadian Experience Class	Catégorie de l'expérience canadienne	Sarnia	Sarnia	25
2019	2019	Ontario	Ontario	Canadian Experience Class	Catégorie de l'expérience canadienne	Sault Ste. Marie	Sault Ste. Marie	10
2019	2019	Ontario	Ontario	Canadian Experience Class	Catégorie de l'expérience canadienne	St. Catharines - Niagara	St. Catharines - Niagara	190
2019	2019	Ontario	Ontario	Canadian Experience Class	Catégorie de l'expérience canadienne	Stratford	Stratford	10
2019	2019	Ontario	Ontario	Canadian Experience Class	Catégorie de l'expérience canadienne	Thunder Bay	Thunder Bay	40
2019	2019	Ontario	Ontario	Canadian Experience Class	Catégorie de l'expérience canadienne	Tillsonburg	Tillsonburg	--
2019	2019	Ontario	Ontario	Canadian Experience Class	Catégorie de l'expérience canadienne	Timmins	Timmins	15
2019	2019	Ontario	Ontario	Canadian Experience Class	Catégorie de l'expérience canadienne	Toronto	Toronto	12995
2019	2019	Ontario	Ontario	Canadian Experience Class	Catégorie de l'expérience canadienne	Windsor	Windsor	220
2019	2019	Ontario	Ontario	Canadian Experience Class	Catégorie de l'expérience canadienne	Woodstock	Woodstock	15
2019	2019	Ontario	Ontario	Federal Skilled Trades	Métiers spécialisés	Hamilton	Hamilton	--
2019	2019	Ontario	Ontario	Federal Skilled Trades	Métiers spécialisés	Other - Ontario	Autres - Ontario	--
2019	2019	Ontario	Ontario	Federal Skilled Trades	Métiers spécialisés	Toronto	Toronto	30
2019	2019	Ontario	Ontario	Federal Skilled Worker	Travailleurs qualifiés	Barrie	Barrie	30
2019	2019	Ontario	Ontario	Federal Skilled Worker	Travailleurs qualifiés	Belleville - Quinte West	Belleville - Quinte West	10
2019	2019	Ontario	Ontario	Federal Skilled Worker	Travailleurs qualifiés	Brantford	Brantford	5
2019	2019	Ontario	Ontario	Federal Skilled Worker	Travailleurs qualifiés	Brockville	Brockville	--
2019	2019	Ontario	Ontario	Federal Skilled Worker	Travailleurs qualifiés	Centre Wellington	Centre Wellington	--
2019	2019	Ontario	Ontario	Federal Skilled Worker	Travailleurs qualifiés	Chatham-Kent	Chatham-Kent	5
2019	2019	Ontario	Ontario	Federal Skilled Worker	Travailleurs qualifiés	Cobourg	Cobourg	--
2019	2019	Ontario	Ontario	Federal Skilled Worker	Travailleurs qualifiés	Cornwall	Cornwall	15
2019	2019	Ontario	Ontario	Federal Skilled Worker	Travailleurs qualifiés	Essa	Essa	10
2019	2019	Ontario	Ontario	Federal Skilled Worker	Travailleurs qualifiés	Greater Sudbury	Grand Sudbury	25
2019	2019	Ontario	Ontario	Federal Skilled Worker	Travailleurs qualifiés	Guelph	Guelph	60
2019	2019	Ontario	Ontario	Federal Skilled Worker	Travailleurs qualifiés	Hamilton	Hamilton	265
2019	2019	Ontario	Ontario	Federal Skilled Worker	Travailleurs qualifiés	Hawkesbury (Ontario part)	Hawkesbury (partie de l'Ontario)	--
2019	2019	Ontario	Ontario	Federal Skilled Worker	Travailleurs qualifiés	Kingston	Kingston	65
2019	2019	Ontario	Ontario	Federal Skilled Worker	Travailleurs qualifiés	Kitchener - Cambridge - Waterloo	Kitchener - Cambridge - Waterloo	330
2019	2019	Ontario	Ontario	Federal Skilled Worker	Travailleurs qualifiés	London	Londres	210
2019	2019	Ontario	Ontario	Federal Skilled Worker	Travailleurs qualifiés	Midland	Midland	--
2019	2019	Ontario	Ontario	Federal Skilled Worker	Travailleurs qualifiés	Norfolk	Norfolk	--
2019	2019	Ontario	Ontario	Federal Skilled Worker	Travailleurs qualifiés	North Bay	North Bay	5
2019	2019	Ontario	Ontario	Federal Skilled Worker	Travailleurs qualifiés	Orillia	Orillia	--
2019	2019	Ontario	Ontario	Federal Skilled Worker	Travailleurs qualifiés	Oshawa	Oshawa	70
2019	2019	Ontario	Ontario	Federal Skilled Worker	Travailleurs qualifiés	Other - Ontario	Autres - Ontario	125
2019	2019	Ontario	Ontario	Federal Skilled Worker	Travailleurs qualifiés	Ottawa - Gatineau (Ontario part)	Ottawa - Gatineau (partie de l'Ontario)	1620
2019	2019	Ontario	Ontario	Federal Skilled Worker	Travailleurs qualifiés	Owen Sound	Owen Sound	--
2019	2019	Ontario	Ontario	Federal Skilled Worker	Travailleurs qualifiés	Peterborough	Peterborough	10
2019	2019	Ontario	Ontario	Federal Skilled Worker	Travailleurs qualifiés	Port Hope	Port Hope	--
2019	2019	Ontario	Ontario	Federal Skilled Worker	Travailleurs qualifiés	Sarnia	Sarnia	10
2019	2019	Ontario	Ontario	Federal Skilled Worker	Travailleurs qualifiés	Sault Ste. Marie	Sault Ste. Marie	--
2019	2019	Ontario	Ontario	Federal Skilled Worker	Travailleurs qualifiés	St. Catharines - Niagara	St. Catharines - Niagara	55
2019	2019	Ontario	Ontario	Federal Skilled Worker	Travailleurs qualifiés	Stratford	Stratford	5
2019	2019	Ontario	Ontario	Federal Skilled Worker	Travailleurs qualifiés	Thunder Bay	Thunder Bay	10
2019	2019	Ontario	Ontario	Federal Skilled Worker	Travailleurs qualifiés	Toronto	Toronto	20880
2019	2019	Ontario	Ontario	Federal Skilled Worker	Travailleurs qualifiés	Windsor	Windsor	245
2019	2019	Ontario	Ontario	Federal Skilled Worker	Travailleurs qualifiés	Woodstock	Woodstock	5
2019	2019	Ontario	Ontario	Provincial Nominee Program	Candidats des provinces ou des territoires	Barrie	Barrie	10
2019	2019	Ontario	Ontario	Provincial Nominee Program	Candidats des provinces ou des territoires	Belleville - Quinte West	Belleville - Quinte West	--
2019	2019	Ontario	Ontario	Provincial Nominee Program	Candidats des provinces ou des territoires	Brantford	Brantford	--
2019	2019	Ontario	Ontario	Provincial Nominee Program	Candidats des provinces ou des territoires	Brockville	Brockville	--
2019	2019	Ontario	Ontario	Provincial Nominee Program	Candidats des provinces ou des territoires	Chatham-Kent	Chatham-Kent	--
2019	2019	Ontario	Ontario	Provincial Nominee Program	Candidats des provinces ou des territoires	Cornwall	Cornwall	--
2019	2019	Ontario	Ontario	Provincial Nominee Program	Candidats des provinces ou des territoires	Essa	Essa	--
2019	2019	Ontario	Ontario	Provincial Nominee Program	Candidats des provinces ou des territoires	Greater Sudbury	Grand Sudbury	5
2019	2019	Ontario	Ontario	Provincial Nominee Program	Candidats des provinces ou des territoires	Guelph	Guelph	35
2019	2019	Ontario	Ontario	Provincial Nominee Program	Candidats des provinces ou des territoires	Hamilton	Hamilton	55
2019	2019	Ontario	Ontario	Provincial Nominee Program	Candidats des provinces ou des territoires	Hawkesbury (Ontario part)	Hawkesbury (partie de l'Ontario)	--
2019	2019	Ontario	Ontario	Provincial Nominee Program	Candidats des provinces ou des territoires	Kingston	Kingston	5
2019	2019	Ontario	Ontario	Provincial Nominee Program	Candidats des provinces ou des territoires	Kitchener - Cambridge - Waterloo	Kitchener - Cambridge - Waterloo	80
2019	2019	Ontario	Ontario	Provincial Nominee Program	Candidats des provinces ou des territoires	London	Londres	35
2019	2019	Ontario	Ontario	Provincial Nominee Program	Candidats des provinces ou des territoires	Norfolk	Norfolk	--
2019	2019	Ontario	Ontario	Provincial Nominee Program	Candidats des provinces ou des territoires	Oshawa	Oshawa	10
2019	2019	Ontario	Ontario	Provincial Nominee Program	Candidats des provinces ou des territoires	Other - Ontario	Autres - Ontario	15
2019	2019	Ontario	Ontario	Provincial Nominee Program	Candidats des provinces ou des territoires	Ottawa - Gatineau (Ontario part)	Ottawa - Gatineau (partie de l'Ontario)	285
2019	2019	Ontario	Ontario	Provincial Nominee Program	Candidats des provinces ou des territoires	Pembroke	Pembroke	--
2019	2019	Ontario	Ontario	Provincial Nominee Program	Candidats des provinces ou des territoires	Peterborough	Peterborough	5
2019	2019	Ontario	Ontario	Provincial Nominee Program	Candidats des provinces ou des territoires	St. Catharines - Niagara	St. Catharines - Niagara	15
2019	2019	Ontario	Ontario	Provincial Nominee Program	Candidats des provinces ou des territoires	Stratford	Stratford	--
2019	2019	Ontario	Ontario	Provincial Nominee Program	Candidats des provinces ou des territoires	Thunder Bay	Thunder Bay	5
2019	2019	Ontario	Ontario	Provincial Nominee Program	Candidats des provinces ou des territoires	Timmins	Timmins	--
2019	2019	Ontario	Ontario	Provincial Nominee Program	Candidats des provinces ou des territoires	Toronto	Toronto	2530
2019	2019	Ontario	Ontario	Provincial Nominee Program	Candidats des provinces ou des territoires	Windsor	Windsor	30
2019	2019	Ontario	Ontario	Provincial Nominee Program	Candidats des provinces ou des territoires	Woodstock	Woodstock	--
2019	2019	Prince Edward Island	Île-du-Prince-Édouard	Canadian Experience Class	Catégorie de l'expérience canadienne	Charlottetown	Charlottetown	25
2019	2019	Prince Edward Island	Île-du-Prince-Édouard	Canadian Experience Class	Catégorie de l'expérience canadienne	Other - Prince Edward Island	Autres - Île-du-Prince-Édouard	15
2019	2019	Prince Edward Island	Île-du-Prince-Édouard	Canadian Experience Class	Catégorie de l'expérience canadienne	Summerside	Summerside	5
2019	2019	Prince Edward Island	Île-du-Prince-Édouard	Federal Skilled Worker	Travailleurs qualifiés	Charlottetown	Charlottetown	15
2019	2019	Prince Edward Island	Île-du-Prince-Édouard	Federal Skilled Worker	Travailleurs qualifiés	Other - Prince Edward Island	Autres - Île-du-Prince-Édouard	--
2019	2019	Prince Edward Island	Île-du-Prince-Édouard	Federal Skilled Worker	Travailleurs qualifiés	Summerside	Summerside	--
2019	2019	Prince Edward Island	Île-du-Prince-Édouard	Provincial Nominee Program	Candidats des provinces ou des territoires	Charlottetown	Charlottetown	255
2019	2019	Prince Edward Island	Île-du-Prince-Édouard	Provincial Nominee Program	Candidats des provinces ou des territoires	Other - Prince Edward Island	Autres - Île-du-Prince-Édouard	80
2019	2019	Prince Edward Island	Île-du-Prince-Édouard	Provincial Nominee Program	Candidats des provinces ou des territoires	Summerside	Summerside	100
2019	2019	Saskatchewan	Saskatchewan	Canadian Experience Class	Catégorie de l'expérience canadienne	Estevan	Estevan	--
2019	2019	Saskatchewan	Saskatchewan	Canadian Experience Class	Catégorie de l'expérience canadienne	Lloydminster (Saskatchewan part)	Lloydminster (partie de la Saskatchewan)	--
2019	2019	Saskatchewan	Saskatchewan	Canadian Experience Class	Catégorie de l'expérience canadienne	Moose Jaw	Moose Jaw	10
2019	2019	Saskatchewan	Saskatchewan	Canadian Experience Class	Catégorie de l'expérience canadienne	North Battleford	North Battleford	--
2019	2019	Saskatchewan	Saskatchewan	Canadian Experience Class	Catégorie de l'expérience canadienne	Other - Saskatchewan	Autres - Saskatchewan	20
2019	2019	Saskatchewan	Saskatchewan	Canadian Experience Class	Catégorie de l'expérience canadienne	Prince Albert	Prince Albert	--
2019	2019	Saskatchewan	Saskatchewan	Canadian Experience Class	Catégorie de l'expérience canadienne	Regina	Regina	125
2019	2019	Saskatchewan	Saskatchewan	Canadian Experience Class	Catégorie de l'expérience canadienne	Saskatoon	Saskatoon	135
2019	2019	Saskatchewan	Saskatchewan	Canadian Experience Class	Catégorie de l'expérience canadienne	Swift Current	Swift Current	--
2019	2019	Saskatchewan	Saskatchewan	Canadian Experience Class	Catégorie de l'expérience canadienne	Weyburn	Weyburn	--
2019	2019	Saskatchewan	Saskatchewan	Canadian Experience Class	Catégorie de l'expérience canadienne	Yorkton	Yorkton	5
2019	2019	Saskatchewan	Saskatchewan	Federal Skilled Trades	Métiers spécialisés	Regina	Regina	--
2019	2019	Saskatchewan	Saskatchewan	Federal Skilled Worker	Travailleurs qualifiés	Estevan	Estevan	--
2019	2019	Saskatchewan	Saskatchewan	Federal Skilled Worker	Travailleurs qualifiés	Lloydminster (Saskatchewan part)	Lloydminster (partie de la Saskatchewan)	--
2019	2019	Saskatchewan	Saskatchewan	Federal Skilled Worker	Travailleurs qualifiés	Moose Jaw	Moose Jaw	--
2019	2019	Saskatchewan	Saskatchewan	Federal Skilled Worker	Travailleurs qualifiés	North Battleford	North Battleford	--
2019	2019	Saskatchewan	Saskatchewan	Federal Skilled Worker	Travailleurs qualifiés	Other - Saskatchewan	Autres - Saskatchewan	15
2019	2019	Saskatchewan	Saskatchewan	Federal Skilled Worker	Travailleurs qualifiés	Prince Albert	Prince Albert	5
2019	2019	Saskatchewan	Saskatchewan	Federal Skilled Worker	Travailleurs qualifiés	Regina	Regina	95
2019	2019	Saskatchewan	Saskatchewan	Federal Skilled Worker	Travailleurs qualifiés	Saskatoon	Saskatoon	120
2019	2019	Saskatchewan	Saskatchewan	Federal Skilled Worker	Travailleurs qualifiés	Weyburn	Weyburn	--
2019	2019	Saskatchewan	Saskatchewan	Provincial Nominee Program	Candidats des provinces ou des territoires	Estevan	Estevan	--
2019	2019	Saskatchewan	Saskatchewan	Provincial Nominee Program	Candidats des provinces ou des territoires	Lloydminster (Saskatchewan part)	Lloydminster (partie de la Saskatchewan)	--
2019	2019	Saskatchewan	Saskatchewan	Provincial Nominee Program	Candidats des provinces ou des territoires	Moose Jaw	Moose Jaw	--
2019	2019	Saskatchewan	Saskatchewan	Provincial Nominee Program	Candidats des provinces ou des territoires	Other - Saskatchewan	Autres - Saskatchewan	15
2019	2019	Saskatchewan	Saskatchewan	Provincial Nominee Program	Candidats des provinces ou des territoires	Prince Albert	Prince Albert	--
2019	2019	Saskatchewan	Saskatchewan	Provincial Nominee Program	Candidats des provinces ou des territoires	Regina	Regina	425
2019	2019	Saskatchewan	Saskatchewan	Provincial Nominee Program	Candidats des provinces ou des territoires	Saskatoon	Saskatoon	365
2019	2019	Saskatchewan	Saskatchewan	Provincial Nominee Program	Candidats des provinces ou des territoires	Swift Current	Swift Current	--
2019	2019	Saskatchewan	Saskatchewan	Provincial Nominee Program	Candidats des provinces ou des territoires	Weyburn	Weyburn	5
2019	2019	Saskatchewan	Saskatchewan	Provincial Nominee Program	Candidats des provinces ou des territoires	Yorkton	Yorkton	--
2019	2019	Yukon	Yukon	Canadian Experience Class	Catégorie de l'expérience canadienne	Territories (outside Census agglomeration, Yukon)	Territoires (à l'extérieur des agglomérations de recensement, Yukon)	5
2019	2019	Yukon	Yukon	Canadian Experience Class	Catégorie de l'expérience canadienne	Whitehorse	Whitehorse	15
2019	2019	Yukon	Yukon	Federal Skilled Worker	Travailleurs qualifiés	Whitehorse	Whitehorse	10
2019	2019	Yukon	Yukon	Provincial Nominee Program	Candidats des provinces ou des territoires	Territories (outside Census agglomeration, Yukon)	Territoires (à l'extérieur des agglomérations de recensement, Yukon)	--
2019	2019	Yukon	Yukon	Provincial Nominee Program	Candidats des provinces ou des territoires	Whitehorse	Whitehorse	10
2020	2020	Alberta	Alberta	Canadian Experience Class	Catégorie de l'expérience canadienne	Brooks	Brooks	5
2020	2020	Alberta	Alberta	Canadian Experience Class	Catégorie de l'expérience canadienne	Calgary	Calgary	1145
2020	2020	Alberta	Alberta	Canadian Experience Class	Catégorie de l'expérience canadienne	Camrose	Camrose	--
2020	2020	Alberta	Alberta	Canadian Experience Class	Catégorie de l'expérience canadienne	Canmore	Canmore	55
2020	2020	Alberta	Alberta	Canadian Experience Class	Catégorie de l'expérience canadienne	Edmonton	Edmonton	965
2020	2020	Alberta	Alberta	Canadian Experience Class	Catégorie de l'expérience canadienne	Grande Prairie	Grande Prairie	25
2020	2020	Alberta	Alberta	Canadian Experience Class	Catégorie de l'expérience canadienne	High River	High River	--
2020	2020	Alberta	Alberta	Canadian Experience Class	Catégorie de l'expérience canadienne	Lethbridge	Lethbridge	40
2020	2020	Alberta	Alberta	Canadian Experience Class	Catégorie de l'expérience canadienne	Lloydminster (Alberta part)	Lloydminster (partie de l'Alberta)	--
2020	2020	Alberta	Alberta	Canadian Experience Class	Catégorie de l'expérience canadienne	Medicine Hat	Medicine Hat	15
2020	2020	Alberta	Alberta	Canadian Experience Class	Catégorie de l'expérience canadienne	Okotoks	Okotoks	--
2020	2020	Alberta	Alberta	Canadian Experience Class	Catégorie de l'expérience canadienne	Other - Alberta	Autres - Alberta	145
2020	2020	Alberta	Alberta	Canadian Experience Class	Catégorie de l'expérience canadienne	Red Deer	Red Deer	20
2020	2020	Alberta	Alberta	Canadian Experience Class	Catégorie de l'expérience canadienne	Strathmore	Strathmore	--
2020	2020	Alberta	Alberta	Canadian Experience Class	Catégorie de l'expérience canadienne	Sylvan Lake	Sylvan Lake	--
2020	2020	Alberta	Alberta	Canadian Experience Class	Catégorie de l'expérience canadienne	Wetaskiwin	Wetaskiwin	--
2020	2020	Alberta	Alberta	Canadian Experience Class	Catégorie de l'expérience canadienne	Wood Buffalo	Wood Buffalo	25
2020	2020	Alberta	Alberta	Federal Skilled Trades	Métiers spécialisés	Calgary	Calgary	--
2020	2020	Alberta	Alberta	Federal Skilled Trades	Métiers spécialisés	Canmore	Canmore	--
2020	2020	Alberta	Alberta	Federal Skilled Trades	Métiers spécialisés	Edmonton	Edmonton	--
2020	2020	Alberta	Alberta	Federal Skilled Trades	Métiers spécialisés	Other - Alberta	Autres - Alberta	--
2020	2020	Alberta	Alberta	Federal Skilled Worker	Travailleurs qualifiés	Brooks	Brooks	--
2020	2020	Alberta	Alberta	Federal Skilled Worker	Travailleurs qualifiés	Calgary	Calgary	1195
2020	2020	Alberta	Alberta	Federal Skilled Worker	Travailleurs qualifiés	Camrose	Camrose	--
2020	2020	Alberta	Alberta	Federal Skilled Worker	Travailleurs qualifiés	Canmore	Canmore	5
2020	2020	Alberta	Alberta	Federal Skilled Worker	Travailleurs qualifiés	Edmonton	Edmonton	620
2020	2020	Alberta	Alberta	Federal Skilled Worker	Travailleurs qualifiés	Grande Prairie	Grande Prairie	15
2020	2020	Alberta	Alberta	Federal Skilled Worker	Travailleurs qualifiés	Lethbridge	Lethbridge	15
2020	2020	Alberta	Alberta	Federal Skilled Worker	Travailleurs qualifiés	Lloydminster (Alberta part)	Lloydminster (partie de l'Alberta)	--
2020	2020	Alberta	Alberta	Federal Skilled Worker	Travailleurs qualifiés	Medicine Hat	Medicine Hat	--
2020	2020	Alberta	Alberta	Federal Skilled Worker	Travailleurs qualifiés	Okotoks	Okotoks	--
2020	2020	Alberta	Alberta	Federal Skilled Worker	Travailleurs qualifiés	Other - Alberta	Autres - Alberta	25
2020	2020	Alberta	Alberta	Federal Skilled Worker	Travailleurs qualifiés	Red Deer	Red Deer	5
2020	2020	Alberta	Alberta	Federal Skilled Worker	Travailleurs qualifiés	Wetaskiwin	Wetaskiwin	--
2020	2020	Alberta	Alberta	Federal Skilled Worker	Travailleurs qualifiés	Wood Buffalo	Wood Buffalo	10
2020	2020	Alberta	Alberta	Provincial Nominee Program	Candidats des provinces ou des territoires	Brooks	Brooks	--
2020	2020	Alberta	Alberta	Provincial Nominee Program	Candidats des provinces ou des territoires	Calgary	Calgary	875
2020	2020	Alberta	Alberta	Provincial Nominee Program	Candidats des provinces ou des territoires	Camrose	Camrose	--
2020	2020	Alberta	Alberta	Provincial Nominee Program	Candidats des provinces ou des territoires	Canmore	Canmore	25
2020	2020	Alberta	Alberta	Provincial Nominee Program	Candidats des provinces ou des territoires	Edmonton	Edmonton	630
2020	2020	Alberta	Alberta	Provincial Nominee Program	Candidats des provinces ou des territoires	Grande Prairie	Grande Prairie	50
2020	2020	Alberta	Alberta	Provincial Nominee Program	Candidats des provinces ou des territoires	Lacombe	Lacombe	5
2020	2020	Alberta	Alberta	Provincial Nominee Program	Candidats des provinces ou des territoires	Lethbridge	Lethbridge	25
2020	2020	Alberta	Alberta	Provincial Nominee Program	Candidats des provinces ou des territoires	Lloydminster (Alberta part)	Lloydminster (partie de l'Alberta)	5
2020	2020	Alberta	Alberta	Provincial Nominee Program	Candidats des provinces ou des territoires	Medicine Hat	Medicine Hat	10
2020	2020	Alberta	Alberta	Provincial Nominee Program	Candidats des provinces ou des territoires	Okotoks	Okotoks	5
2020	2020	Alberta	Alberta	Provincial Nominee Program	Candidats des provinces ou des territoires	Other - Alberta	Autres - Alberta	175
2020	2020	Alberta	Alberta	Provincial Nominee Program	Candidats des provinces ou des territoires	Red Deer	Red Deer	30
2020	2020	Alberta	Alberta	Provincial Nominee Program	Candidats des provinces ou des territoires	Strathmore	Strathmore	--
2020	2020	Alberta	Alberta	Provincial Nominee Program	Candidats des provinces ou des territoires	Sylvan Lake	Sylvan Lake	--
2020	2020	Alberta	Alberta	Provincial Nominee Program	Candidats des provinces ou des territoires	Wetaskiwin	Wetaskiwin	5
2020	2020	Alberta	Alberta	Provincial Nominee Program	Candidats des provinces ou des territoires	Wood Buffalo	Wood Buffalo	20
2020	2020	British Columbia	Colombie-Britannique	Canadian Experience Class	Catégorie de l'expérience canadienne	Abbotsford - Mission	Abbotsford - Mission	180
2020	2020	British Columbia	Colombie-Britannique	Canadian Experience Class	Catégorie de l'expérience canadienne	Campbell River	Campbell River	20
2020	2020	British Columbia	Colombie-Britannique	Canadian Experience Class	Catégorie de l'expérience canadienne	Chilliwack	Chilliwack	25
2020	2020	British Columbia	Colombie-Britannique	Canadian Experience Class	Catégorie de l'expérience canadienne	Courtenay	Courtenay	35
2020	2020	British Columbia	Colombie-Britannique	Canadian Experience Class	Catégorie de l'expérience canadienne	Cranbrook	Cranbrook	10
2020	2020	British Columbia	Colombie-Britannique	Canadian Experience Class	Catégorie de l'expérience canadienne	Dawson Creek	Dawson Creek	10
2020	2020	British Columbia	Colombie-Britannique	Canadian Experience Class	Catégorie de l'expérience canadienne	Duncan	Duncan	10
2020	2020	British Columbia	Colombie-Britannique	Canadian Experience Class	Catégorie de l'expérience canadienne	Fort St. John	Fort St. John	30
2020	2020	British Columbia	Colombie-Britannique	Canadian Experience Class	Catégorie de l'expérience canadienne	Kamloops	Kamloops	125
2020	2020	British Columbia	Colombie-Britannique	Canadian Experience Class	Catégorie de l'expérience canadienne	Kelowna	Kelowna	170
2020	2020	British Columbia	Colombie-Britannique	Canadian Experience Class	Catégorie de l'expérience canadienne	Ladysmith	Ladysmith	--
2020	2020	British Columbia	Colombie-Britannique	Canadian Experience Class	Catégorie de l'expérience canadienne	Nanaimo	Nanaimo	105
2020	2020	British Columbia	Colombie-Britannique	Canadian Experience Class	Catégorie de l'expérience canadienne	Nelson	Nelson	20
2020	2020	British Columbia	Colombie-Britannique	Canadian Experience Class	Catégorie de l'expérience canadienne	Other - British Columbia	Autres - Colombie-Britannique	395
2020	2020	British Columbia	Colombie-Britannique	Canadian Experience Class	Catégorie de l'expérience canadienne	Parksville	Parksville	--
2020	2020	British Columbia	Colombie-Britannique	Canadian Experience Class	Catégorie de l'expérience canadienne	Penticton	Penticton	20
2020	2020	British Columbia	Colombie-Britannique	Canadian Experience Class	Catégorie de l'expérience canadienne	Port Alberni	Port Alberni	--
2020	2020	British Columbia	Colombie-Britannique	Canadian Experience Class	Catégorie de l'expérience canadienne	Powell River	Powell River	5
2020	2020	British Columbia	Colombie-Britannique	Canadian Experience Class	Catégorie de l'expérience canadienne	Prince George	Prince George	60
2020	2020	British Columbia	Colombie-Britannique	Canadian Experience Class	Catégorie de l'expérience canadienne	Prince Rupert	Prince Rupert	5
2020	2020	British Columbia	Colombie-Britannique	Canadian Experience Class	Catégorie de l'expérience canadienne	Quesnel	Quesnel	--
2020	2020	British Columbia	Colombie-Britannique	Canadian Experience Class	Catégorie de l'expérience canadienne	Salmon Arm	Salmon Arm	10
2020	2020	British Columbia	Colombie-Britannique	Canadian Experience Class	Catégorie de l'expérience canadienne	Squamish	Squamish	60
2020	2020	British Columbia	Colombie-Britannique	Canadian Experience Class	Catégorie de l'expérience canadienne	Terrace	Terrace	5
2020	2020	British Columbia	Colombie-Britannique	Canadian Experience Class	Catégorie de l'expérience canadienne	Trail	Trail	5
2020	2020	British Columbia	Colombie-Britannique	Canadian Experience Class	Catégorie de l'expérience canadienne	Vancouver	Vancouver	8380
2020	2020	British Columbia	Colombie-Britannique	Canadian Experience Class	Catégorie de l'expérience canadienne	Vernon	Vernon	35
2020	2020	British Columbia	Colombie-Britannique	Canadian Experience Class	Catégorie de l'expérience canadienne	Victoria	Victoria	450
2020	2020	British Columbia	Colombie-Britannique	Canadian Experience Class	Catégorie de l'expérience canadienne	Williams Lake	Williams Lake	10
2020	2020	British Columbia	Colombie-Britannique	Federal Skilled Trades	Métiers spécialisés	Abbotsford - Mission	Abbotsford - Mission	5
2020	2020	British Columbia	Colombie-Britannique	Federal Skilled Trades	Métiers spécialisés	Dawson Creek	Dawson Creek	--
2020	2020	British Columbia	Colombie-Britannique	Federal Skilled Trades	Métiers spécialisés	Kamloops	Kamloops	--
2020	2020	British Columbia	Colombie-Britannique	Federal Skilled Trades	Métiers spécialisés	Kelowna	Kelowna	--
2020	2020	British Columbia	Colombie-Britannique	Federal Skilled Trades	Métiers spécialisés	Nanaimo	Nanaimo	--
2020	2020	British Columbia	Colombie-Britannique	Federal Skilled Trades	Métiers spécialisés	Nelson	Nelson	--
2020	2020	British Columbia	Colombie-Britannique	Federal Skilled Trades	Métiers spécialisés	Other - British Columbia	Autres - Colombie-Britannique	--
2020	2020	British Columbia	Colombie-Britannique	Federal Skilled Trades	Métiers spécialisés	Prince Rupert	Prince Rupert	--
2020	2020	British Columbia	Colombie-Britannique	Federal Skilled Trades	Métiers spécialisés	Squamish	Squamish	--
2020	2020	British Columbia	Colombie-Britannique	Federal Skilled Trades	Métiers spécialisés	Terrace	Terrace	--
2020	2020	British Columbia	Colombie-Britannique	Federal Skilled Trades	Métiers spécialisés	Vancouver	Vancouver	95
2020	2020	British Columbia	Colombie-Britannique	Federal Skilled Trades	Métiers spécialisés	Vernon	Vernon	--
2020	2020	British Columbia	Colombie-Britannique	Federal Skilled Trades	Métiers spécialisés	Victoria	Victoria	--
2020	2020	British Columbia	Colombie-Britannique	Federal Skilled Worker	Travailleurs qualifiés	Abbotsford - Mission	Abbotsford - Mission	45
2020	2020	British Columbia	Colombie-Britannique	Federal Skilled Worker	Travailleurs qualifiés	Campbell River	Campbell River	5
2020	2020	British Columbia	Colombie-Britannique	Federal Skilled Worker	Travailleurs qualifiés	Chilliwack	Chilliwack	--
2020	2020	British Columbia	Colombie-Britannique	Federal Skilled Worker	Travailleurs qualifiés	Courtenay	Courtenay	--
2020	2020	British Columbia	Colombie-Britannique	Federal Skilled Worker	Travailleurs qualifiés	Cranbrook	Cranbrook	--
2020	2020	British Columbia	Colombie-Britannique	Federal Skilled Worker	Travailleurs qualifiés	Dawson Creek	Dawson Creek	--
2020	2020	British Columbia	Colombie-Britannique	Federal Skilled Worker	Travailleurs qualifiés	Duncan	Duncan	--
2020	2020	British Columbia	Colombie-Britannique	Federal Skilled Worker	Travailleurs qualifiés	Fort St. John	Fort St. John	--
2020	2020	British Columbia	Colombie-Britannique	Federal Skilled Worker	Travailleurs qualifiés	Kamloops	Kamloops	15
2020	2020	British Columbia	Colombie-Britannique	Federal Skilled Worker	Travailleurs qualifiés	Kelowna	Kelowna	30
2020	2020	British Columbia	Colombie-Britannique	Federal Skilled Worker	Travailleurs qualifiés	Nanaimo	Nanaimo	10
2020	2020	British Columbia	Colombie-Britannique	Federal Skilled Worker	Travailleurs qualifiés	Nelson	Nelson	--
2020	2020	British Columbia	Colombie-Britannique	Federal Skilled Worker	Travailleurs qualifiés	Other - British Columbia	Autres - Colombie-Britannique	50
2020	2020	British Columbia	Colombie-Britannique	Federal Skilled Worker	Travailleurs qualifiés	Parksville	Parksville	--
2020	2020	British Columbia	Colombie-Britannique	Federal Skilled Worker	Travailleurs qualifiés	Penticton	Penticton	--
2020	2020	British Columbia	Colombie-Britannique	Federal Skilled Worker	Travailleurs qualifiés	Port Alberni	Port Alberni	--
2020	2020	British Columbia	Colombie-Britannique	Federal Skilled Worker	Travailleurs qualifiés	Powell River	Powell River	--
2020	2020	British Columbia	Colombie-Britannique	Federal Skilled Worker	Travailleurs qualifiés	Prince George	Prince George	10
2020	2020	British Columbia	Colombie-Britannique	Federal Skilled Worker	Travailleurs qualifiés	Prince Rupert	Prince Rupert	--
2020	2020	British Columbia	Colombie-Britannique	Federal Skilled Worker	Travailleurs qualifiés	Quesnel	Quesnel	--
2020	2020	British Columbia	Colombie-Britannique	Federal Skilled Worker	Travailleurs qualifiés	Squamish	Squamish	10
2020	2020	British Columbia	Colombie-Britannique	Federal Skilled Worker	Travailleurs qualifiés	Terrace	Terrace	--
2020	2020	British Columbia	Colombie-Britannique	Federal Skilled Worker	Travailleurs qualifiés	Trail	Trail	--
2020	2020	British Columbia	Colombie-Britannique	Federal Skilled Worker	Travailleurs qualifiés	Vancouver	Vancouver	3245
2020	2020	British Columbia	Colombie-Britannique	Federal Skilled Worker	Travailleurs qualifiés	Vernon	Vernon	5
2020	2020	British Columbia	Colombie-Britannique	Federal Skilled Worker	Travailleurs qualifiés	Victoria	Victoria	100
2020	2020	British Columbia	Colombie-Britannique	Provincial Nominee Program	Candidats des provinces ou des territoires	Abbotsford - Mission	Abbotsford - Mission	100
2020	2020	British Columbia	Colombie-Britannique	Provincial Nominee Program	Candidats des provinces ou des territoires	Campbell River	Campbell River	10
2020	2020	British Columbia	Colombie-Britannique	Provincial Nominee Program	Candidats des provinces ou des territoires	Chilliwack	Chilliwack	15
2020	2020	British Columbia	Colombie-Britannique	Provincial Nominee Program	Candidats des provinces ou des territoires	Courtenay	Courtenay	10
2020	2020	British Columbia	Colombie-Britannique	Provincial Nominee Program	Candidats des provinces ou des territoires	Cranbrook	Cranbrook	5
2020	2020	British Columbia	Colombie-Britannique	Provincial Nominee Program	Candidats des provinces ou des territoires	Dawson Creek	Dawson Creek	5
2020	2020	British Columbia	Colombie-Britannique	Provincial Nominee Program	Candidats des provinces ou des territoires	Duncan	Duncan	10
2020	2020	British Columbia	Colombie-Britannique	Provincial Nominee Program	Candidats des provinces ou des territoires	Fort St. John	Fort St. John	15
2020	2020	British Columbia	Colombie-Britannique	Provincial Nominee Program	Candidats des provinces ou des territoires	Kamloops	Kamloops	20
2020	2020	British Columbia	Colombie-Britannique	Provincial Nominee Program	Candidats des provinces ou des territoires	Kelowna	Kelowna	75
2020	2020	British Columbia	Colombie-Britannique	Provincial Nominee Program	Candidats des provinces ou des territoires	Nanaimo	Nanaimo	30
2020	2020	British Columbia	Colombie-Britannique	Provincial Nominee Program	Candidats des provinces ou des territoires	Nelson	Nelson	15
2020	2020	British Columbia	Colombie-Britannique	Provincial Nominee Program	Candidats des provinces ou des territoires	Other - British Columbia	Autres - Colombie-Britannique	135
2020	2020	British Columbia	Colombie-Britannique	Provincial Nominee Program	Candidats des provinces ou des territoires	Parksville	Parksville	--
2020	2020	British Columbia	Colombie-Britannique	Provincial Nominee Program	Candidats des provinces ou des territoires	Penticton	Penticton	15
2020	2020	British Columbia	Colombie-Britannique	Provincial Nominee Program	Candidats des provinces ou des territoires	Port Alberni	Port Alberni	10
2020	2020	British Columbia	Colombie-Britannique	Provincial Nominee Program	Candidats des provinces ou des territoires	Powell River	Powell River	5
2020	2020	British Columbia	Colombie-Britannique	Provincial Nominee Program	Candidats des provinces ou des territoires	Prince George	Prince George	45
2020	2020	British Columbia	Colombie-Britannique	Provincial Nominee Program	Candidats des provinces ou des territoires	Prince Rupert	Prince Rupert	5
2020	2020	British Columbia	Colombie-Britannique	Provincial Nominee Program	Candidats des provinces ou des territoires	Quesnel	Quesnel	--
2020	2020	British Columbia	Colombie-Britannique	Provincial Nominee Program	Candidats des provinces ou des territoires	Salmon Arm	Salmon Arm	10
2020	2020	British Columbia	Colombie-Britannique	Provincial Nominee Program	Candidats des provinces ou des territoires	Squamish	Squamish	15
2020	2020	British Columbia	Colombie-Britannique	Provincial Nominee Program	Candidats des provinces ou des territoires	Terrace	Terrace	15
2020	2020	British Columbia	Colombie-Britannique	Provincial Nominee Program	Candidats des provinces ou des territoires	Trail	Trail	5
2020	2020	British Columbia	Colombie-Britannique	Provincial Nominee Program	Candidats des provinces ou des territoires	Vancouver	Vancouver	2735
2020	2020	British Columbia	Colombie-Britannique	Provincial Nominee Program	Candidats des provinces ou des territoires	Vernon	Vernon	10
2020	2020	British Columbia	Colombie-Britannique	Provincial Nominee Program	Candidats des provinces ou des territoires	Victoria	Victoria	165
2020	2020	British Columbia	Colombie-Britannique	Provincial Nominee Program	Candidats des provinces ou des territoires	Williams Lake	Williams Lake	10
2020	2020	Manitoba	Manitoba	Canadian Experience Class	Catégorie de l'expérience canadienne	Brandon	Brandon	10
2020	2020	Manitoba	Manitoba	Canadian Experience Class	Catégorie de l'expérience canadienne	Other - Manitoba	Autres - Manitoba	15
2020	2020	Manitoba	Manitoba	Canadian Experience Class	Catégorie de l'expérience canadienne	Portage la Prairie	Portage la Prairie	--
2020	2020	Manitoba	Manitoba	Canadian Experience Class	Catégorie de l'expérience canadienne	Thompson	Thompson	--
2020	2020	Manitoba	Manitoba	Canadian Experience Class	Catégorie de l'expérience canadienne	Winnipeg	Winnipeg	375
2020	2020	Manitoba	Manitoba	Federal Skilled Worker	Travailleurs qualifiés	Brandon	Brandon	30
2020	2020	Manitoba	Manitoba	Federal Skilled Worker	Travailleurs qualifiés	Other - Manitoba	Autres - Manitoba	10
2020	2020	Manitoba	Manitoba	Federal Skilled Worker	Travailleurs qualifiés	Steinbach	Steinbach	--
2020	2020	Manitoba	Manitoba	Federal Skilled Worker	Travailleurs qualifiés	Thompson	Thompson	--
2020	2020	Manitoba	Manitoba	Federal Skilled Worker	Travailleurs qualifiés	Winkler	Winkler	--
2020	2020	Manitoba	Manitoba	Federal Skilled Worker	Travailleurs qualifiés	Winnipeg	Winnipeg	265
2020	2020	Manitoba	Manitoba	Provincial Nominee Program	Candidats des provinces ou des territoires	Brandon	Brandon	70
2020	2020	Manitoba	Manitoba	Provincial Nominee Program	Candidats des provinces ou des territoires	Other - Manitoba	Autres - Manitoba	25
2020	2020	Manitoba	Manitoba	Provincial Nominee Program	Candidats des provinces ou des territoires	Portage la Prairie	Portage la Prairie	10
2020	2020	Manitoba	Manitoba	Provincial Nominee Program	Candidats des provinces ou des territoires	Steinbach	Steinbach	5
2020	2020	Manitoba	Manitoba	Provincial Nominee Program	Candidats des provinces ou des territoires	Thompson	Thompson	10
2020	2020	Manitoba	Manitoba	Provincial Nominee Program	Candidats des provinces ou des territoires	Winkler	Winkler	55
2020	2020	Manitoba	Manitoba	Provincial Nominee Program	Candidats des provinces ou des territoires	Winnipeg	Winnipeg	600
2020	2020	New Brunswick	Nouveau-Brunswick	Canadian Experience Class	Catégorie de l'expérience canadienne	Bathurst	Bathurst	--
2020	2020	New Brunswick	Nouveau-Brunswick	Canadian Experience Class	Catégorie de l'expérience canadienne	Campbellton (New Brunswick part)	Campbellton (partie du Nouveau-Brunswick)	--
2020	2020	New Brunswick	Nouveau-Brunswick	Canadian Experience Class	Catégorie de l'expérience canadienne	Edmundston	Edmundston	--
2020	2020	New Brunswick	Nouveau-Brunswick	Canadian Experience Class	Catégorie de l'expérience canadienne	Fredericton	Fredericton	60
2020	2020	New Brunswick	Nouveau-Brunswick	Canadian Experience Class	Catégorie de l'expérience canadienne	Moncton	Moncton	75
2020	2020	New Brunswick	Nouveau-Brunswick	Canadian Experience Class	Catégorie de l'expérience canadienne	Other - New Brunswick	Autres - Nouveau-Brunswick	20
2020	2020	New Brunswick	Nouveau-Brunswick	Canadian Experience Class	Catégorie de l'expérience canadienne	Saint John	Saint John	25
2020	2020	New Brunswick	Nouveau-Brunswick	Federal Skilled Worker	Travailleurs qualifiés	Campbellton (New Brunswick part)	Campbellton (partie du Nouveau-Brunswick)	--
2020	2020	New Brunswick	Nouveau-Brunswick	Federal Skilled Worker	Travailleurs qualifiés	Edmundston	Edmundston	5
2020	2020	New Brunswick	Nouveau-Brunswick	Federal Skilled Worker	Travailleurs qualifiés	Fredericton	Fredericton	20
2020	2020	New Brunswick	Nouveau-Brunswick	Federal Skilled Worker	Travailleurs qualifiés	Miramichi	Miramichi	--
2020	2020	New Brunswick	Nouveau-Brunswick	Federal Skilled Worker	Travailleurs qualifiés	Moncton	Moncton	75
2020	2020	New Brunswick	Nouveau-Brunswick	Federal Skilled Worker	Travailleurs qualifiés	Other - New Brunswick	Autres - Nouveau-Brunswick	5
2020	2020	New Brunswick	Nouveau-Brunswick	Federal Skilled Worker	Travailleurs qualifiés	Saint John	Saint John	15
2020	2020	New Brunswick	Nouveau-Brunswick	Provincial Nominee Program	Candidats des provinces ou des territoires	Bathurst	Bathurst	--
2020	2020	New Brunswick	Nouveau-Brunswick	Provincial Nominee Program	Candidats des provinces ou des territoires	Campbellton (New Brunswick part)	Campbellton (partie du Nouveau-Brunswick)	--
2020	2020	New Brunswick	Nouveau-Brunswick	Provincial Nominee Program	Candidats des provinces ou des territoires	Edmundston	Edmundston	15
2020	2020	New Brunswick	Nouveau-Brunswick	Provincial Nominee Program	Candidats des provinces ou des territoires	Fredericton	Fredericton	125
2020	2020	New Brunswick	Nouveau-Brunswick	Provincial Nominee Program	Candidats des provinces ou des territoires	Miramichi	Miramichi	--
2020	2020	New Brunswick	Nouveau-Brunswick	Provincial Nominee Program	Candidats des provinces ou des territoires	Moncton	Moncton	300
2020	2020	New Brunswick	Nouveau-Brunswick	Provincial Nominee Program	Candidats des provinces ou des territoires	Other - New Brunswick	Autres - Nouveau-Brunswick	20
2020	2020	New Brunswick	Nouveau-Brunswick	Provincial Nominee Program	Candidats des provinces ou des territoires	Saint John	Saint John	70
2020	2020	Newfoundland and Labrador	Terre-Neuve-et-Labrador	Canadian Experience Class	Catégorie de l'expérience canadienne	Corner Brook	Corner Brook	--
2020	2020	Newfoundland and Labrador	Terre-Neuve-et-Labrador	Canadian Experience Class	Catégorie de l'expérience canadienne	Grand Falls-Windsor	Grand Falls-Windsor	--
2020	2020	Newfoundland and Labrador	Terre-Neuve-et-Labrador	Canadian Experience Class	Catégorie de l'expérience canadienne	Other - Newfoundland and Labrador	Autres - Terre-Neuve-et-Labrador	5
2020	2020	Newfoundland and Labrador	Terre-Neuve-et-Labrador	Canadian Experience Class	Catégorie de l'expérience canadienne	St. John's	St. John's	75
2020	2020	Newfoundland and Labrador	Terre-Neuve-et-Labrador	Federal Skilled Worker	Travailleurs qualifiés	Corner Brook	Corner Brook	--
2020	2020	Newfoundland and Labrador	Terre-Neuve-et-Labrador	Federal Skilled Worker	Travailleurs qualifiés	Other - Newfoundland and Labrador	Autres - Terre-Neuve-et-Labrador	--
2020	2020	Newfoundland and Labrador	Terre-Neuve-et-Labrador	Federal Skilled Worker	Travailleurs qualifiés	St. John's	St. John's	35
2020	2020	Newfoundland and Labrador	Terre-Neuve-et-Labrador	Provincial Nominee Program	Candidats des provinces ou des territoires	Corner Brook	Corner Brook	--
2020	2020	Newfoundland and Labrador	Terre-Neuve-et-Labrador	Provincial Nominee Program	Candidats des provinces ou des territoires	Other - Newfoundland and Labrador	Autres - Terre-Neuve-et-Labrador	--
2020	2020	Newfoundland and Labrador	Terre-Neuve-et-Labrador	Provincial Nominee Program	Candidats des provinces ou des territoires	St. John's	St. John's	40
2020	2020	Northwest Territories	Territoires du Nord-Ouest	Canadian Experience Class	Catégorie de l'expérience canadienne	Territories (outside Census agglomeration, Northwest Territories)	Territoires (à l'extérieur des agglomérations de recensement, Territoires du Nord-Ouest)	--
2020	2020	Northwest Territories	Territoires du Nord-Ouest	Canadian Experience Class	Catégorie de l'expérience canadienne	Yellowknife	Yellowknife	10
2020	2020	Northwest Territories	Territoires du Nord-Ouest	Federal Skilled Worker	Travailleurs qualifiés	Yellowknife	Yellowknife	--
2020	2020	Northwest Territories	Territoires du Nord-Ouest	Provincial Nominee Program	Candidats des provinces ou des territoires	Territories (outside Census agglomeration, Northwest Territories)	Territoires (à l'extérieur des agglomérations de recensement, Territoires du Nord-Ouest)	--
2020	2020	Northwest Territories	Territoires du Nord-Ouest	Provincial Nominee Program	Candidats des provinces ou des territoires	Yellowknife	Yellowknife	10
2020	2020	Nova Scotia	Nouvelle-Écosse	Canadian Experience Class	Catégorie de l'expérience canadienne	Cape Breton	Cape Breton	10
2020	2020	Nova Scotia	Nouvelle-Écosse	Canadian Experience Class	Catégorie de l'expérience canadienne	Halifax	Halifax	285
2020	2020	Nova Scotia	Nouvelle-Écosse	Canadian Experience Class	Catégorie de l'expérience canadienne	Kentville	Kentville	--
2020	2020	Nova Scotia	Nouvelle-Écosse	Canadian Experience Class	Catégorie de l'expérience canadienne	New Glasgow	New Glasgow	--
2020	2020	Nova Scotia	Nouvelle-Écosse	Canadian Experience Class	Catégorie de l'expérience canadienne	Other - Nova Scotia	Autres - Nouvelle-Écosse	20
2020	2020	Nova Scotia	Nouvelle-Écosse	Canadian Experience Class	Catégorie de l'expérience canadienne	Truro	Truro	10
2020	2020	Nova Scotia	Nouvelle-Écosse	Federal Skilled Worker	Travailleurs qualifiés	Cape Breton	Cape Breton	--
2020	2020	Nova Scotia	Nouvelle-Écosse	Federal Skilled Worker	Travailleurs qualifiés	Halifax	Halifax	115
2020	2020	Nova Scotia	Nouvelle-Écosse	Federal Skilled Worker	Travailleurs qualifiés	Kentville	Kentville	--
2020	2020	Nova Scotia	Nouvelle-Écosse	Federal Skilled Worker	Travailleurs qualifiés	New Glasgow	New Glasgow	--
2020	2020	Nova Scotia	Nouvelle-Écosse	Federal Skilled Worker	Travailleurs qualifiés	Other - Nova Scotia	Autres - Nouvelle-Écosse	5
2020	2020	Nova Scotia	Nouvelle-Écosse	Provincial Nominee Program	Candidats des provinces ou des territoires	Cape Breton	Cape Breton	50
2020	2020	Nova Scotia	Nouvelle-Écosse	Provincial Nominee Program	Candidats des provinces ou des territoires	Halifax	Halifax	1100
2020	2020	Nova Scotia	Nouvelle-Écosse	Provincial Nominee Program	Candidats des provinces ou des territoires	Kentville	Kentville	20
2020	2020	Nova Scotia	Nouvelle-Écosse	Provincial Nominee Program	Candidats des provinces ou des territoires	New Glasgow	New Glasgow	5
2020	2020	Nova Scotia	Nouvelle-Écosse	Provincial Nominee Program	Candidats des provinces ou des territoires	Other - Nova Scotia	Autres - Nouvelle-Écosse	40
2020	2020	Nova Scotia	Nouvelle-Écosse	Provincial Nominee Program	Candidats des provinces ou des territoires	Truro	Truro	25
2020	2020	Nunavut	Nunavut	Canadian Experience Class	Catégorie de l'expérience canadienne	Territories (outside Census agglomeration, Nunavut)	Territoires (à l'extérieur des agglomérations de recensement, Nunavut)	10
2020	2020	Nunavut	Nunavut	Federal Skilled Trades	Métiers spécialisés	Territories (outside Census agglomeration, Nunavut)	Territoires (à l'extérieur des agglomérations de recensement, Nunavut)	--
2020	2020	Nunavut	Nunavut	Federal Skilled Worker	Travailleurs qualifiés	Territories (outside Census agglomeration, Nunavut)	Territoires (à l'extérieur des agglomérations de recensement, Nunavut)	--
2020	2020	Ontario	Ontario	Canadian Experience Class	Catégorie de l'expérience canadienne	Barrie	Barrie	215
2020	2020	Ontario	Ontario	Canadian Experience Class	Catégorie de l'expérience canadienne	Belleville - Quinte West	Belleville - Quinte West	35
2020	2020	Ontario	Ontario	Canadian Experience Class	Catégorie de l'expérience canadienne	Brantford	Brantford	105
2020	2020	Ontario	Ontario	Canadian Experience Class	Catégorie de l'expérience canadienne	Brockville	Brockville	10
2020	2020	Ontario	Ontario	Canadian Experience Class	Catégorie de l'expérience canadienne	Centre Wellington	Centre Wellington	10
2020	2020	Ontario	Ontario	Canadian Experience Class	Catégorie de l'expérience canadienne	Chatham-Kent	Chatham-Kent	35
2020	2020	Ontario	Ontario	Canadian Experience Class	Catégorie de l'expérience canadienne	Cobourg	Cobourg	5
2020	2020	Ontario	Ontario	Canadian Experience Class	Catégorie de l'expérience canadienne	Collingwood	Collingwood	30
2020	2020	Ontario	Ontario	Canadian Experience Class	Catégorie de l'expérience canadienne	Cornwall	Cornwall	40
2020	2020	Ontario	Ontario	Canadian Experience Class	Catégorie de l'expérience canadienne	Essa	Essa	--
2020	2020	Ontario	Ontario	Canadian Experience Class	Catégorie de l'expérience canadienne	Greater Sudbury	Grand Sudbury	115
2020	2020	Ontario	Ontario	Canadian Experience Class	Catégorie de l'expérience canadienne	Guelph	Guelph	210
2020	2020	Ontario	Ontario	Canadian Experience Class	Catégorie de l'expérience canadienne	Hamilton	Hamilton	870
2020	2020	Ontario	Ontario	Canadian Experience Class	Catégorie de l'expérience canadienne	Hawkesbury (Ontario part)	Hawkesbury (partie de l'Ontario)	15
2020	2020	Ontario	Ontario	Canadian Experience Class	Catégorie de l'expérience canadienne	Ingersoll	Ingersoll	--
2020	2020	Ontario	Ontario	Canadian Experience Class	Catégorie de l'expérience canadienne	Kawartha Lakes	Kawartha Lakes	10
2020	2020	Ontario	Ontario	Canadian Experience Class	Catégorie de l'expérience canadienne	Kenora	Kenora	15
2020	2020	Ontario	Ontario	Canadian Experience Class	Catégorie de l'expérience canadienne	Kingston	Kingston	160
2020	2020	Ontario	Ontario	Canadian Experience Class	Catégorie de l'expérience canadienne	Kitchener - Cambridge - Waterloo	Kitchener - Cambridge - Waterloo	1465
2020	2020	Ontario	Ontario	Canadian Experience Class	Catégorie de l'expérience canadienne	London	Londres	765
2020	2020	Ontario	Ontario	Canadian Experience Class	Catégorie de l'expérience canadienne	Midland	Midland	10
2020	2020	Ontario	Ontario	Canadian Experience Class	Catégorie de l'expérience canadienne	Norfolk	Norfolk	--
2020	2020	Ontario	Ontario	Canadian Experience Class	Catégorie de l'expérience canadienne	North Bay	North Bay	10
2020	2020	Ontario	Ontario	Canadian Experience Class	Catégorie de l'expérience canadienne	Orillia	Orillia	25
2020	2020	Ontario	Ontario	Canadian Experience Class	Catégorie de l'expérience canadienne	Oshawa	Oshawa	200
2020	2020	Ontario	Ontario	Canadian Experience Class	Catégorie de l'expérience canadienne	Other - Ontario	Autres - Ontario	245
2020	2020	Ontario	Ontario	Canadian Experience Class	Catégorie de l'expérience canadienne	Ottawa - Gatineau (Ontario part)	Ottawa - Gatineau (partie de l'Ontario)	1815
2020	2020	Ontario	Ontario	Canadian Experience Class	Catégorie de l'expérience canadienne	Owen Sound	Owen Sound	5
2020	2020	Ontario	Ontario	Canadian Experience Class	Catégorie de l'expérience canadienne	Pembroke	Pembroke	--
2020	2020	Ontario	Ontario	Canadian Experience Class	Catégorie de l'expérience canadienne	Petawawa	Petawawa	10
2020	2020	Ontario	Ontario	Canadian Experience Class	Catégorie de l'expérience canadienne	Peterborough	Peterborough	85
2020	2020	Ontario	Ontario	Canadian Experience Class	Catégorie de l'expérience canadienne	Port Hope	Port Hope	5
2020	2020	Ontario	Ontario	Canadian Experience Class	Catégorie de l'expérience canadienne	Sarnia	Sarnia	70
2020	2020	Ontario	Ontario	Canadian Experience Class	Catégorie de l'expérience canadienne	Sault Ste. Marie	Sault Ste. Marie	20
2020	2020	Ontario	Ontario	Canadian Experience Class	Catégorie de l'expérience canadienne	St. Catharines - Niagara	St. Catharines - Niagara	390
2020	2020	Ontario	Ontario	Canadian Experience Class	Catégorie de l'expérience canadienne	Stratford	Stratford	30
2020	2020	Ontario	Ontario	Canadian Experience Class	Catégorie de l'expérience canadienne	Thunder Bay	Thunder Bay	145
2020	2020	Ontario	Ontario	Canadian Experience Class	Catégorie de l'expérience canadienne	Tillsonburg	Tillsonburg	5
2020	2020	Ontario	Ontario	Canadian Experience Class	Catégorie de l'expérience canadienne	Timmins	Timmins	20
2020	2020	Ontario	Ontario	Canadian Experience Class	Catégorie de l'expérience canadienne	Toronto	Toronto	22850
2020	2020	Ontario	Ontario	Canadian Experience Class	Catégorie de l'expérience canadienne	Wasaga Beach	Wasaga Beach	5
2020	2020	Ontario	Ontario	Canadian Experience Class	Catégorie de l'expérience canadienne	Windsor	Windsor	420
2020	2020	Ontario	Ontario	Canadian Experience Class	Catégorie de l'expérience canadienne	Woodstock	Woodstock	20
2020	2020	Ontario	Ontario	Federal Skilled Trades	Métiers spécialisés	Hamilton	Hamilton	--
2020	2020	Ontario	Ontario	Federal Skilled Trades	Métiers spécialisés	London	Londres	--
2020	2020	Ontario	Ontario	Federal Skilled Trades	Métiers spécialisés	Midland	Midland	--
2020	2020	Ontario	Ontario	Federal Skilled Trades	Métiers spécialisés	Other - Ontario	Autres - Ontario	--
2020	2020	Ontario	Ontario	Federal Skilled Trades	Métiers spécialisés	Ottawa - Gatineau (Ontario part)	Ottawa - Gatineau (partie de l'Ontario)	--
2020	2020	Ontario	Ontario	Federal Skilled Trades	Métiers spécialisés	St. Catharines - Niagara	St. Catharines - Niagara	--
2020	2020	Ontario	Ontario	Federal Skilled Trades	Métiers spécialisés	Toronto	Toronto	50
2020	2020	Ontario	Ontario	Federal Skilled Trades	Métiers spécialisés	Windsor	Windsor	--
2020	2020	Ontario	Ontario	Federal Skilled Trades	Métiers spécialisés	Woodstock	Woodstock	--
2020	2020	Ontario	Ontario	Federal Skilled Worker	Travailleurs qualifiés	Barrie	Barrie	25
2020	2020	Ontario	Ontario	Federal Skilled Worker	Travailleurs qualifiés	Belleville - Quinte West	Belleville - Quinte West	10
2020	2020	Ontario	Ontario	Federal Skilled Worker	Travailleurs qualifiés	Brantford	Brantford	10
2020	2020	Ontario	Ontario	Federal Skilled Worker	Travailleurs qualifiés	Brockville	Brockville	5
2020	2020	Ontario	Ontario	Federal Skilled Worker	Travailleurs qualifiés	Chatham-Kent	Chatham-Kent	--
2020	2020	Ontario	Ontario	Federal Skilled Worker	Travailleurs qualifiés	Collingwood	Collingwood	--
2020	2020	Ontario	Ontario	Federal Skilled Worker	Travailleurs qualifiés	Cornwall	Cornwall	15
2020	2020	Ontario	Ontario	Federal Skilled Worker	Travailleurs qualifiés	Greater Sudbury	Grand Sudbury	35
2020	2020	Ontario	Ontario	Federal Skilled Worker	Travailleurs qualifiés	Guelph	Guelph	50
2020	2020	Ontario	Ontario	Federal Skilled Worker	Travailleurs qualifiés	Hamilton	Hamilton	195
2020	2020	Ontario	Ontario	Federal Skilled Worker	Travailleurs qualifiés	Hawkesbury (Ontario part)	Hawkesbury (partie de l'Ontario)	--
2020	2020	Ontario	Ontario	Federal Skilled Worker	Travailleurs qualifiés	Kawartha Lakes	Kawartha Lakes	--
2020	2020	Ontario	Ontario	Federal Skilled Worker	Travailleurs qualifiés	Kingston	Kingston	55
2020	2020	Ontario	Ontario	Federal Skilled Worker	Travailleurs qualifiés	Kitchener - Cambridge - Waterloo	Kitchener - Cambridge - Waterloo	290
2020	2020	Ontario	Ontario	Federal Skilled Worker	Travailleurs qualifiés	London	Londres	230
2020	2020	Ontario	Ontario	Federal Skilled Worker	Travailleurs qualifiés	Norfolk	Norfolk	--
2020	2020	Ontario	Ontario	Federal Skilled Worker	Travailleurs qualifiés	North Bay	North Bay	--
2020	2020	Ontario	Ontario	Federal Skilled Worker	Travailleurs qualifiés	Orillia	Orillia	--
2020	2020	Ontario	Ontario	Federal Skilled Worker	Travailleurs qualifiés	Oshawa	Oshawa	55
2020	2020	Ontario	Ontario	Federal Skilled Worker	Travailleurs qualifiés	Other - Ontario	Autres - Ontario	70
2020	2020	Ontario	Ontario	Federal Skilled Worker	Travailleurs qualifiés	Ottawa - Gatineau (Ontario part)	Ottawa - Gatineau (partie de l'Ontario)	1630
2020	2020	Ontario	Ontario	Federal Skilled Worker	Travailleurs qualifiés	Owen Sound	Owen Sound	--
2020	2020	Ontario	Ontario	Federal Skilled Worker	Travailleurs qualifiés	Pembroke	Pembroke	--
2020	2020	Ontario	Ontario	Federal Skilled Worker	Travailleurs qualifiés	Petawawa	Petawawa	--
2020	2020	Ontario	Ontario	Federal Skilled Worker	Travailleurs qualifiés	Peterborough	Peterborough	10
2020	2020	Ontario	Ontario	Federal Skilled Worker	Travailleurs qualifiés	Sarnia	Sarnia	10
2020	2020	Ontario	Ontario	Federal Skilled Worker	Travailleurs qualifiés	Sault Ste. Marie	Sault Ste. Marie	5
2020	2020	Ontario	Ontario	Federal Skilled Worker	Travailleurs qualifiés	St. Catharines - Niagara	St. Catharines - Niagara	40
2020	2020	Ontario	Ontario	Federal Skilled Worker	Travailleurs qualifiés	Stratford	Stratford	--
2020	2020	Ontario	Ontario	Federal Skilled Worker	Travailleurs qualifiés	Thunder Bay	Thunder Bay	15
2020	2020	Ontario	Ontario	Federal Skilled Worker	Travailleurs qualifiés	Timmins	Timmins	--
2020	2020	Ontario	Ontario	Federal Skilled Worker	Travailleurs qualifiés	Toronto	Toronto	12975
2020	2020	Ontario	Ontario	Federal Skilled Worker	Travailleurs qualifiés	Wasaga Beach	Wasaga Beach	--
2020	2020	Ontario	Ontario	Federal Skilled Worker	Travailleurs qualifiés	Windsor	Windsor	185
2020	2020	Ontario	Ontario	Federal Skilled Worker	Travailleurs qualifiés	Woodstock	Woodstock	--
2020	2020	Ontario	Ontario	Provincial Nominee Program	Candidats des provinces ou des territoires	Barrie	Barrie	15
2020	2020	Ontario	Ontario	Provincial Nominee Program	Candidats des provinces ou des territoires	Belleville - Quinte West	Belleville - Quinte West	--
2020	2020	Ontario	Ontario	Provincial Nominee Program	Candidats des provinces ou des territoires	Brantford	Brantford	5
2020	2020	Ontario	Ontario	Provincial Nominee Program	Candidats des provinces ou des territoires	Brockville	Brockville	--
2020	2020	Ontario	Ontario	Provincial Nominee Program	Candidats des provinces ou des territoires	Centre Wellington	Centre Wellington	--
2020	2020	Ontario	Ontario	Provincial Nominee Program	Candidats des provinces ou des territoires	Cobourg	Cobourg	--
2020	2020	Ontario	Ontario	Provincial Nominee Program	Candidats des provinces ou des territoires	Collingwood	Collingwood	--
2020	2020	Ontario	Ontario	Provincial Nominee Program	Candidats des provinces ou des territoires	Cornwall	Cornwall	--
2020	2020	Ontario	Ontario	Provincial Nominee Program	Candidats des provinces ou des territoires	Essa	Essa	--
2020	2020	Ontario	Ontario	Provincial Nominee Program	Candidats des provinces ou des territoires	Greater Sudbury	Grand Sudbury	--
2020	2020	Ontario	Ontario	Provincial Nominee Program	Candidats des provinces ou des territoires	Guelph	Guelph	20
2020	2020	Ontario	Ontario	Provincial Nominee Program	Candidats des provinces ou des territoires	Hamilton	Hamilton	65
2020	2020	Ontario	Ontario	Provincial Nominee Program	Candidats des provinces ou des territoires	Hawkesbury (Ontario part)	Hawkesbury (partie de l'Ontario)	--
2020	2020	Ontario	Ontario	Provincial Nominee Program	Candidats des provinces ou des territoires	Ingersoll	Ingersoll	--
2020	2020	Ontario	Ontario	Provincial Nominee Program	Candidats des provinces ou des territoires	Kenora	Kenora	--
2020	2020	Ontario	Ontario	Provincial Nominee Program	Candidats des provinces ou des territoires	Kingston	Kingston	--
2020	2020	Ontario	Ontario	Provincial Nominee Program	Candidats des provinces ou des territoires	Kitchener - Cambridge - Waterloo	Kitchener - Cambridge - Waterloo	145
2020	2020	Ontario	Ontario	Provincial Nominee Program	Candidats des provinces ou des territoires	London	Londres	55
2020	2020	Ontario	Ontario	Provincial Nominee Program	Candidats des provinces ou des territoires	Midland	Midland	--
2020	2020	Ontario	Ontario	Provincial Nominee Program	Candidats des provinces ou des territoires	Norfolk	Norfolk	--
2020	2020	Ontario	Ontario	Provincial Nominee Program	Candidats des provinces ou des territoires	Oshawa	Oshawa	15
2020	2020	Ontario	Ontario	Provincial Nominee Program	Candidats des provinces ou des territoires	Other - Ontario	Autres - Ontario	10
2020	2020	Ontario	Ontario	Provincial Nominee Program	Candidats des provinces ou des territoires	Ottawa - Gatineau (Ontario part)	Ottawa - Gatineau (partie de l'Ontario)	325
2020	2020	Ontario	Ontario	Provincial Nominee Program	Candidats des provinces ou des territoires	Peterborough	Peterborough	--
2020	2020	Ontario	Ontario	Provincial Nominee Program	Candidats des provinces ou des territoires	Sarnia	Sarnia	--
2020	2020	Ontario	Ontario	Provincial Nominee Program	Candidats des provinces ou des territoires	St. Catharines - Niagara	St. Catharines - Niagara	15
2020	2020	Ontario	Ontario	Provincial Nominee Program	Candidats des provinces ou des territoires	Stratford	Stratford	--
2020	2020	Ontario	Ontario	Provincial Nominee Program	Candidats des provinces ou des territoires	Thunder Bay	Thunder Bay	10
2020	2020	Ontario	Ontario	Provincial Nominee Program	Candidats des provinces ou des territoires	Tillsonburg	Tillsonburg	--
2020	2020	Ontario	Ontario	Provincial Nominee Program	Candidats des provinces ou des territoires	Toronto	Toronto	3475
2020	2020	Ontario	Ontario	Provincial Nominee Program	Candidats des provinces ou des territoires	Windsor	Windsor	30
2020	2020	Ontario	Ontario	Provincial Nominee Program	Candidats des provinces ou des territoires	Woodstock	Woodstock	--
2020	2020	Prince Edward Island	Île-du-Prince-Édouard	Canadian Experience Class	Catégorie de l'expérience canadienne	Charlottetown	Charlottetown	35
2020	2020	Prince Edward Island	Île-du-Prince-Édouard	Canadian Experience Class	Catégorie de l'expérience canadienne	Other - Prince Edward Island	Autres - Île-du-Prince-Édouard	25
2020	2020	Prince Edward Island	Île-du-Prince-Édouard	Canadian Experience Class	Catégorie de l'expérience canadienne	Summerside	Summerside	10
2020	2020	Prince Edward Island	Île-du-Prince-Édouard	Federal Skilled Worker	Travailleurs qualifiés	Charlottetown	Charlottetown	--
2020	2020	Prince Edward Island	Île-du-Prince-Édouard	Federal Skilled Worker	Travailleurs qualifiés	Other - Prince Edward Island	Autres - Île-du-Prince-Édouard	--
2020	2020	Prince Edward Island	Île-du-Prince-Édouard	Federal Skilled Worker	Travailleurs qualifiés	Summerside	Summerside	--
2020	2020	Prince Edward Island	Île-du-Prince-Édouard	Provincial Nominee Program	Candidats des provinces ou des territoires	Charlottetown	Charlottetown	270
2020	2020	Prince Edward Island	Île-du-Prince-Édouard	Provincial Nominee Program	Candidats des provinces ou des territoires	Other - Prince Edward Island	Autres - Île-du-Prince-Édouard	20
2020	2020	Prince Edward Island	Île-du-Prince-Édouard	Provincial Nominee Program	Candidats des provinces ou des territoires	Summerside	Summerside	90
2020	2020	Saskatchewan	Saskatchewan	Canadian Experience Class	Catégorie de l'expérience canadienne	Estevan	Estevan	--
2020	2020	Saskatchewan	Saskatchewan	Canadian Experience Class	Catégorie de l'expérience canadienne	Lloydminster (Saskatchewan part)	Lloydminster (partie de la Saskatchewan)	5
2020	2020	Saskatchewan	Saskatchewan	Canadian Experience Class	Catégorie de l'expérience canadienne	Moose Jaw	Moose Jaw	10
2020	2020	Saskatchewan	Saskatchewan	Canadian Experience Class	Catégorie de l'expérience canadienne	North Battleford	North Battleford	--
2020	2020	Saskatchewan	Saskatchewan	Canadian Experience Class	Catégorie de l'expérience canadienne	Other - Saskatchewan	Autres - Saskatchewan	10
2020	2020	Saskatchewan	Saskatchewan	Canadian Experience Class	Catégorie de l'expérience canadienne	Prince Albert	Prince Albert	10
2020	2020	Saskatchewan	Saskatchewan	Canadian Experience Class	Catégorie de l'expérience canadienne	Regina	Regina	140
2020	2020	Saskatchewan	Saskatchewan	Canadian Experience Class	Catégorie de l'expérience canadienne	Saskatoon	Saskatoon	180
2020	2020	Saskatchewan	Saskatchewan	Canadian Experience Class	Catégorie de l'expérience canadienne	Swift Current	Swift Current	--
2020	2020	Saskatchewan	Saskatchewan	Canadian Experience Class	Catégorie de l'expérience canadienne	Yorkton	Yorkton	5
2020	2020	Saskatchewan	Saskatchewan	Federal Skilled Worker	Travailleurs qualifiés	Moose Jaw	Moose Jaw	--
2020	2020	Saskatchewan	Saskatchewan	Federal Skilled Worker	Travailleurs qualifiés	Other - Saskatchewan	Autres - Saskatchewan	--
2020	2020	Saskatchewan	Saskatchewan	Federal Skilled Worker	Travailleurs qualifiés	Prince Albert	Prince Albert	--
2020	2020	Saskatchewan	Saskatchewan	Federal Skilled Worker	Travailleurs qualifiés	Regina	Regina	65
2020	2020	Saskatchewan	Saskatchewan	Federal Skilled Worker	Travailleurs qualifiés	Saskatoon	Saskatoon	75
2020	2020	Saskatchewan	Saskatchewan	Federal Skilled Worker	Travailleurs qualifiés	Weyburn	Weyburn	--
2020	2020	Saskatchewan	Saskatchewan	Federal Skilled Worker	Travailleurs qualifiés	Yorkton	Yorkton	--
2020	2020	Saskatchewan	Saskatchewan	Provincial Nominee Program	Candidats des provinces ou des territoires	Estevan	Estevan	--
2020	2020	Saskatchewan	Saskatchewan	Provincial Nominee Program	Candidats des provinces ou des territoires	Lloydminster (Saskatchewan part)	Lloydminster (partie de la Saskatchewan)	--
2020	2020	Saskatchewan	Saskatchewan	Provincial Nominee Program	Candidats des provinces ou des territoires	Moose Jaw	Moose Jaw	10
2020	2020	Saskatchewan	Saskatchewan	Provincial Nominee Program	Candidats des provinces ou des territoires	North Battleford	North Battleford	--
2020	2020	Saskatchewan	Saskatchewan	Provincial Nominee Program	Candidats des provinces ou des territoires	Other - Saskatchewan	Autres - Saskatchewan	15
2020	2020	Saskatchewan	Saskatchewan	Provincial Nominee Program	Candidats des provinces ou des territoires	Prince Albert	Prince Albert	--
2020	2020	Saskatchewan	Saskatchewan	Provincial Nominee Program	Candidats des provinces ou des territoires	Regina	Regina	690
2020	2020	Saskatchewan	Saskatchewan	Provincial Nominee Program	Candidats des provinces ou des territoires	Saskatoon	Saskatoon	785
2020	2020	Saskatchewan	Saskatchewan	Provincial Nominee Program	Candidats des provinces ou des territoires	Swift Current	Swift Current	10
2020	2020	Saskatchewan	Saskatchewan	Provincial Nominee Program	Candidats des provinces ou des territoires	Weyburn	Weyburn	10
2020	2020	Saskatchewan	Saskatchewan	Provincial Nominee Program	Candidats des provinces ou des territoires	Yorkton	Yorkton	--
2020	2020	Yukon	Yukon	Canadian Experience Class	Catégorie de l'expérience canadienne	Whitehorse	Whitehorse	25
2020	2020	Yukon	Yukon	Federal Skilled Worker	Travailleurs qualifiés	Other - Yukon	Autres - Yukon	--
2020	2020	Yukon	Yukon	Federal Skilled Worker	Travailleurs qualifiés	Territories (outside Census agglomeration, Yukon)	Territoires (à l'extérieur des agglomérations de recensement, Yukon)	--
2020	2020	Yukon	Yukon	Federal Skilled Worker	Travailleurs qualifiés	Whitehorse	Whitehorse	10
2020	2020	Yukon	Yukon	Provincial Nominee Program	Candidats des provinces ou des territoires	Whitehorse	Whitehorse	10
2021	2021	Alberta	Alberta	Canadian Experience Class	Catégorie de l'expérience canadienne	Brooks	Brooks	5
2021	2021	Alberta	Alberta	Canadian Experience Class	Catégorie de l'expérience canadienne	Calgary	Calgary	2560
2021	2021	Alberta	Alberta	Canadian Experience Class	Catégorie de l'expérience canadienne	Camrose	Camrose	15
2021	2021	Alberta	Alberta	Canadian Experience Class	Catégorie de l'expérience canadienne	Canmore	Canmore	100
2021	2021	Alberta	Alberta	Canadian Experience Class	Catégorie de l'expérience canadienne	Edmonton	Edmonton	2165
2021	2021	Alberta	Alberta	Canadian Experience Class	Catégorie de l'expérience canadienne	Grande Prairie	Grande Prairie	85
2021	2021	Alberta	Alberta	Canadian Experience Class	Catégorie de l'expérience canadienne	High River	High River	--
2021	2021	Alberta	Alberta	Canadian Experience Class	Catégorie de l'expérience canadienne	Lacombe	Lacombe	10
2021	2021	Alberta	Alberta	Canadian Experience Class	Catégorie de l'expérience canadienne	Lethbridge	Lethbridge	115
2021	2021	Alberta	Alberta	Canadian Experience Class	Catégorie de l'expérience canadienne	Lloydminster (Alberta part)	Lloydminster (partie de l'Alberta)	25
2021	2021	Alberta	Alberta	Canadian Experience Class	Catégorie de l'expérience canadienne	Medicine Hat	Medicine Hat	40
2021	2021	Alberta	Alberta	Canadian Experience Class	Catégorie de l'expérience canadienne	Okotoks	Okotoks	20
2021	2021	Alberta	Alberta	Canadian Experience Class	Catégorie de l'expérience canadienne	Other - Alberta	Autres - Alberta	510
2021	2021	Alberta	Alberta	Canadian Experience Class	Catégorie de l'expérience canadienne	Red Deer	Red Deer	80
2021	2021	Alberta	Alberta	Canadian Experience Class	Catégorie de l'expérience canadienne	Strathmore	Strathmore	15
2021	2021	Alberta	Alberta	Canadian Experience Class	Catégorie de l'expérience canadienne	Sylvan Lake	Sylvan Lake	--
2021	2021	Alberta	Alberta	Canadian Experience Class	Catégorie de l'expérience canadienne	Wetaskiwin	Wetaskiwin	10
2021	2021	Alberta	Alberta	Canadian Experience Class	Catégorie de l'expérience canadienne	Wood Buffalo	Wood Buffalo	60
2021	2021	Alberta	Alberta	Federal Skilled Worker	Travailleurs qualifiés	Calgary	Calgary	415
2021	2021	Alberta	Alberta	Federal Skilled Worker	Travailleurs qualifiés	Canmore	Canmore	10
2021	2021	Alberta	Alberta	Federal Skilled Worker	Travailleurs qualifiés	Edmonton	Edmonton	210
2021	2021	Alberta	Alberta	Federal Skilled Worker	Travailleurs qualifiés	Grande Prairie	Grande Prairie	--
2021	2021	Alberta	Alberta	Federal Skilled Worker	Travailleurs qualifiés	Lethbridge	Lethbridge	10
2021	2021	Alberta	Alberta	Federal Skilled Worker	Travailleurs qualifiés	Other - Alberta	Autres - Alberta	15
2021	2021	Alberta	Alberta	Federal Skilled Worker	Travailleurs qualifiés	Red Deer	Red Deer	--
2021	2021	Alberta	Alberta	Federal Skilled Worker	Travailleurs qualifiés	Wood Buffalo	Wood Buffalo	5
2021	2021	Alberta	Alberta	Provincial Nominee Program	Candidats des provinces ou des territoires	Brooks	Brooks	5
2021	2021	Alberta	Alberta	Provincial Nominee Program	Candidats des provinces ou des territoires	Calgary	Calgary	855
2021	2021	Alberta	Alberta	Provincial Nominee Program	Candidats des provinces ou des territoires	Camrose	Camrose	5
2021	2021	Alberta	Alberta	Provincial Nominee Program	Candidats des provinces ou des territoires	Canmore	Canmore	15
2021	2021	Alberta	Alberta	Provincial Nominee Program	Candidats des provinces ou des territoires	Edmonton	Edmonton	585
2021	2021	Alberta	Alberta	Provincial Nominee Program	Candidats des provinces ou des territoires	Grande Prairie	Grande Prairie	20
2021	2021	Alberta	Alberta	Provincial Nominee Program	Candidats des provinces ou des territoires	High River	High River	--
2021	2021	Alberta	Alberta	Provincial Nominee Program	Candidats des provinces ou des territoires	Lacombe	Lacombe	--
2021	2021	Alberta	Alberta	Provincial Nominee Program	Candidats des provinces ou des territoires	Lethbridge	Lethbridge	25
2021	2021	Alberta	Alberta	Provincial Nominee Program	Candidats des provinces ou des territoires	Lloydminster (Alberta part)	Lloydminster (partie de l'Alberta)	10
2021	2021	Alberta	Alberta	Provincial Nominee Program	Candidats des provinces ou des territoires	Medicine Hat	Medicine Hat	5
2021	2021	Alberta	Alberta	Provincial Nominee Program	Candidats des provinces ou des territoires	Okotoks	Okotoks	5
2021	2021	Alberta	Alberta	Provincial Nominee Program	Candidats des provinces ou des territoires	Other - Alberta	Autres - Alberta	160
2021	2021	Alberta	Alberta	Provincial Nominee Program	Candidats des provinces ou des territoires	Red Deer	Red Deer	20
2021	2021	Alberta	Alberta	Provincial Nominee Program	Candidats des provinces ou des territoires	Strathmore	Strathmore	--
2021	2021	Alberta	Alberta	Provincial Nominee Program	Candidats des provinces ou des territoires	Sylvan Lake	Sylvan Lake	5
2021	2021	Alberta	Alberta	Provincial Nominee Program	Candidats des provinces ou des territoires	Wetaskiwin	Wetaskiwin	--
2021	2021	Alberta	Alberta	Provincial Nominee Program	Candidats des provinces ou des territoires	Wood Buffalo	Wood Buffalo	20
2021	2021	British Columbia	Colombie-Britannique	Canadian Experience Class	Catégorie de l'expérience canadienne	Abbotsford - Mission	Abbotsford - Mission	640
2021	2021	British Columbia	Colombie-Britannique	Canadian Experience Class	Catégorie de l'expérience canadienne	Campbell River	Campbell River	55
2021	2021	British Columbia	Colombie-Britannique	Canadian Experience Class	Catégorie de l'expérience canadienne	Chilliwack	Chilliwack	120
2021	2021	British Columbia	Colombie-Britannique	Canadian Experience Class	Catégorie de l'expérience canadienne	Courtenay	Courtenay	115
2021	2021	British Columbia	Colombie-Britannique	Canadian Experience Class	Catégorie de l'expérience canadienne	Cranbrook	Cranbrook	65
2021	2021	British Columbia	Colombie-Britannique	Canadian Experience Class	Catégorie de l'expérience canadienne	Dawson Creek	Dawson Creek	55
2021	2021	British Columbia	Colombie-Britannique	Canadian Experience Class	Catégorie de l'expérience canadienne	Duncan	Duncan	55
2021	2021	British Columbia	Colombie-Britannique	Canadian Experience Class	Catégorie de l'expérience canadienne	Fort St. John	Fort St. John	80
2021	2021	British Columbia	Colombie-Britannique	Canadian Experience Class	Catégorie de l'expérience canadienne	Kamloops	Kamloops	295
2021	2021	British Columbia	Colombie-Britannique	Canadian Experience Class	Catégorie de l'expérience canadienne	Kelowna	Kelowna	525
2021	2021	British Columbia	Colombie-Britannique	Canadian Experience Class	Catégorie de l'expérience canadienne	Ladysmith	Ladysmith	5
2021	2021	British Columbia	Colombie-Britannique	Canadian Experience Class	Catégorie de l'expérience canadienne	Nanaimo	Nanaimo	255
2021	2021	British Columbia	Colombie-Britannique	Canadian Experience Class	Catégorie de l'expérience canadienne	Nelson	Nelson	50
2021	2021	British Columbia	Colombie-Britannique	Canadian Experience Class	Catégorie de l'expérience canadienne	Other - British Columbia	Autres - Colombie-Britannique	1005
2021	2021	British Columbia	Colombie-Britannique	Canadian Experience Class	Catégorie de l'expérience canadienne	Parksville	Parksville	25
2021	2021	British Columbia	Colombie-Britannique	Canadian Experience Class	Catégorie de l'expérience canadienne	Penticton	Penticton	70
2021	2021	British Columbia	Colombie-Britannique	Canadian Experience Class	Catégorie de l'expérience canadienne	Port Alberni	Port Alberni	30
2021	2021	British Columbia	Colombie-Britannique	Canadian Experience Class	Catégorie de l'expérience canadienne	Powell River	Powell River	20
2021	2021	British Columbia	Colombie-Britannique	Canadian Experience Class	Catégorie de l'expérience canadienne	Prince George	Prince George	220
2021	2021	British Columbia	Colombie-Britannique	Canadian Experience Class	Catégorie de l'expérience canadienne	Prince Rupert	Prince Rupert	45
2021	2021	British Columbia	Colombie-Britannique	Canadian Experience Class	Catégorie de l'expérience canadienne	Quesnel	Quesnel	30
2021	2021	British Columbia	Colombie-Britannique	Canadian Experience Class	Catégorie de l'expérience canadienne	Salmon Arm	Salmon Arm	35
2021	2021	British Columbia	Colombie-Britannique	Canadian Experience Class	Catégorie de l'expérience canadienne	Squamish	Squamish	155
2021	2021	British Columbia	Colombie-Britannique	Canadian Experience Class	Catégorie de l'expérience canadienne	Terrace	Terrace	75
2021	2021	British Columbia	Colombie-Britannique	Canadian Experience Class	Catégorie de l'expérience canadienne	Trail	Trail	10
2021	2021	British Columbia	Colombie-Britannique	Canadian Experience Class	Catégorie de l'expérience canadienne	Vancouver	Vancouver	15355
2021	2021	British Columbia	Colombie-Britannique	Canadian Experience Class	Catégorie de l'expérience canadienne	Vernon	Vernon	145
2021	2021	British Columbia	Colombie-Britannique	Canadian Experience Class	Catégorie de l'expérience canadienne	Victoria	Victoria	905
2021	2021	British Columbia	Colombie-Britannique	Canadian Experience Class	Catégorie de l'expérience canadienne	Williams Lake	Williams Lake	50
2021	2021	British Columbia	Colombie-Britannique	Federal Skilled Worker	Travailleurs qualifiés	Abbotsford - Mission	Abbotsford - Mission	15
2021	2021	British Columbia	Colombie-Britannique	Federal Skilled Worker	Travailleurs qualifiés	Campbell River	Campbell River	--
2021	2021	British Columbia	Colombie-Britannique	Federal Skilled Worker	Travailleurs qualifiés	Dawson Creek	Dawson Creek	--
2021	2021	British Columbia	Colombie-Britannique	Federal Skilled Worker	Travailleurs qualifiés	Kamloops	Kamloops	5
2021	2021	British Columbia	Colombie-Britannique	Federal Skilled Worker	Travailleurs qualifiés	Kelowna	Kelowna	5
2021	2021	British Columbia	Colombie-Britannique	Federal Skilled Worker	Travailleurs qualifiés	Nanaimo	Nanaimo	--
2021	2021	British Columbia	Colombie-Britannique	Federal Skilled Worker	Travailleurs qualifiés	Nelson	Nelson	--
2021	2021	British Columbia	Colombie-Britannique	Federal Skilled Worker	Travailleurs qualifiés	Other - British Columbia	Autres - Colombie-Britannique	20
2021	2021	British Columbia	Colombie-Britannique	Federal Skilled Worker	Travailleurs qualifiés	Port Alberni	Port Alberni	--
2021	2021	British Columbia	Colombie-Britannique	Federal Skilled Worker	Travailleurs qualifiés	Prince George	Prince George	--
2021	2021	British Columbia	Colombie-Britannique	Federal Skilled Worker	Travailleurs qualifiés	Prince Rupert	Prince Rupert	--
2021	2021	British Columbia	Colombie-Britannique	Federal Skilled Worker	Travailleurs qualifiés	Squamish	Squamish	--
2021	2021	British Columbia	Colombie-Britannique	Federal Skilled Worker	Travailleurs qualifiés	Vancouver	Vancouver	1165
2021	2021	British Columbia	Colombie-Britannique	Federal Skilled Worker	Travailleurs qualifiés	Vernon	Vernon	--
2021	2021	British Columbia	Colombie-Britannique	Federal Skilled Worker	Travailleurs qualifiés	Victoria	Victoria	40
2021	2021	British Columbia	Colombie-Britannique	Provincial Nominee Program	Candidats des provinces ou des territoires	Abbotsford - Mission	Abbotsford - Mission	90
2021	2021	British Columbia	Colombie-Britannique	Provincial Nominee Program	Candidats des provinces ou des territoires	Campbell River	Campbell River	5
2021	2021	British Columbia	Colombie-Britannique	Provincial Nominee Program	Candidats des provinces ou des territoires	Chilliwack	Chilliwack	15
2021	2021	British Columbia	Colombie-Britannique	Provincial Nominee Program	Candidats des provinces ou des territoires	Courtenay	Courtenay	5
2021	2021	British Columbia	Colombie-Britannique	Provincial Nominee Program	Candidats des provinces ou des territoires	Cranbrook	Cranbrook	--
2021	2021	British Columbia	Colombie-Britannique	Provincial Nominee Program	Candidats des provinces ou des territoires	Dawson Creek	Dawson Creek	5
2021	2021	British Columbia	Colombie-Britannique	Provincial Nominee Program	Candidats des provinces ou des territoires	Duncan	Duncan	5
2021	2021	British Columbia	Colombie-Britannique	Provincial Nominee Program	Candidats des provinces ou des territoires	Fort St. John	Fort St. John	10
2021	2021	British Columbia	Colombie-Britannique	Provincial Nominee Program	Candidats des provinces ou des territoires	Kamloops	Kamloops	20
2021	2021	British Columbia	Colombie-Britannique	Provincial Nominee Program	Candidats des provinces ou des territoires	Kelowna	Kelowna	65
2021	2021	British Columbia	Colombie-Britannique	Provincial Nominee Program	Candidats des provinces ou des territoires	Ladysmith	Ladysmith	--
2021	2021	British Columbia	Colombie-Britannique	Provincial Nominee Program	Candidats des provinces ou des territoires	Nanaimo	Nanaimo	20
2021	2021	British Columbia	Colombie-Britannique	Provincial Nominee Program	Candidats des provinces ou des territoires	Nelson	Nelson	5
2021	2021	British Columbia	Colombie-Britannique	Provincial Nominee Program	Candidats des provinces ou des territoires	Other - British Columbia	Autres - Colombie-Britannique	120
2021	2021	British Columbia	Colombie-Britannique	Provincial Nominee Program	Candidats des provinces ou des territoires	Parksville	Parksville	--
2021	2021	British Columbia	Colombie-Britannique	Provincial Nominee Program	Candidats des provinces ou des territoires	Penticton	Penticton	5
2021	2021	British Columbia	Colombie-Britannique	Provincial Nominee Program	Candidats des provinces ou des territoires	Port Alberni	Port Alberni	5
2021	2021	British Columbia	Colombie-Britannique	Provincial Nominee Program	Candidats des provinces ou des territoires	Powell River	Powell River	--
2021	2021	British Columbia	Colombie-Britannique	Provincial Nominee Program	Candidats des provinces ou des territoires	Prince George	Prince George	40
2021	2021	British Columbia	Colombie-Britannique	Provincial Nominee Program	Candidats des provinces ou des territoires	Prince Rupert	Prince Rupert	--
2021	2021	British Columbia	Colombie-Britannique	Provincial Nominee Program	Candidats des provinces ou des territoires	Quesnel	Quesnel	--
2021	2021	British Columbia	Colombie-Britannique	Provincial Nominee Program	Candidats des provinces ou des territoires	Salmon Arm	Salmon Arm	--
2021	2021	British Columbia	Colombie-Britannique	Provincial Nominee Program	Candidats des provinces ou des territoires	Squamish	Squamish	25
2021	2021	British Columbia	Colombie-Britannique	Provincial Nominee Program	Candidats des provinces ou des territoires	Terrace	Terrace	10
2021	2021	British Columbia	Colombie-Britannique	Provincial Nominee Program	Candidats des provinces ou des territoires	Trail	Trail	--
2021	2021	British Columbia	Colombie-Britannique	Provincial Nominee Program	Candidats des provinces ou des territoires	Vancouver	Vancouver	2510
2021	2021	British Columbia	Colombie-Britannique	Provincial Nominee Program	Candidats des provinces ou des territoires	Vernon	Vernon	--
2021	2021	British Columbia	Colombie-Britannique	Provincial Nominee Program	Candidats des provinces ou des territoires	Victoria	Victoria	105
2021	2021	British Columbia	Colombie-Britannique	Provincial Nominee Program	Candidats des provinces ou des territoires	Williams Lake	Williams Lake	--
2021	2021	Manitoba	Manitoba	Canadian Experience Class	Catégorie de l'expérience canadienne	Brandon	Brandon	25
2021	2021	Manitoba	Manitoba	Canadian Experience Class	Catégorie de l'expérience canadienne	Other - Manitoba	Autres - Manitoba	50
2021	2021	Manitoba	Manitoba	Canadian Experience Class	Catégorie de l'expérience canadienne	Portage la Prairie	Portage la Prairie	15
2021	2021	Manitoba	Manitoba	Canadian Experience Class	Catégorie de l'expérience canadienne	Steinbach	Steinbach	--
2021	2021	Manitoba	Manitoba	Canadian Experience Class	Catégorie de l'expérience canadienne	Thompson	Thompson	20
2021	2021	Manitoba	Manitoba	Canadian Experience Class	Catégorie de l'expérience canadienne	Winkler	Winkler	--
2021	2021	Manitoba	Manitoba	Canadian Experience Class	Catégorie de l'expérience canadienne	Winnipeg	Winnipeg	810
2021	2021	Manitoba	Manitoba	Federal Skilled Worker	Travailleurs qualifiés	Brandon	Brandon	5
2021	2021	Manitoba	Manitoba	Federal Skilled Worker	Travailleurs qualifiés	Other - Manitoba	Autres - Manitoba	--
2021	2021	Manitoba	Manitoba	Federal Skilled Worker	Travailleurs qualifiés	Winnipeg	Winnipeg	80
2021	2021	Manitoba	Manitoba	Provincial Nominee Program	Candidats des provinces ou des territoires	Brandon	Brandon	105
2021	2021	Manitoba	Manitoba	Provincial Nominee Program	Candidats des provinces ou des territoires	Other - Manitoba	Autres - Manitoba	70
2021	2021	Manitoba	Manitoba	Provincial Nominee Program	Candidats des provinces ou des territoires	Portage la Prairie	Portage la Prairie	25
2021	2021	Manitoba	Manitoba	Provincial Nominee Program	Candidats des provinces ou des territoires	Steinbach	Steinbach	15
2021	2021	Manitoba	Manitoba	Provincial Nominee Program	Candidats des provinces ou des territoires	Thompson	Thompson	40
2021	2021	Manitoba	Manitoba	Provincial Nominee Program	Candidats des provinces ou des territoires	Winkler	Winkler	50
2021	2021	Manitoba	Manitoba	Provincial Nominee Program	Candidats des provinces ou des territoires	Winnipeg	Winnipeg	610
2021	2021	New Brunswick	Nouveau-Brunswick	Canadian Experience Class	Catégorie de l'expérience canadienne	Bathurst	Bathurst	5
2021	2021	New Brunswick	Nouveau-Brunswick	Canadian Experience Class	Catégorie de l'expérience canadienne	Campbellton (New Brunswick part)	Campbellton (partie du Nouveau-Brunswick)	15
2021	2021	New Brunswick	Nouveau-Brunswick	Canadian Experience Class	Catégorie de l'expérience canadienne	Edmundston	Edmundston	5
2021	2021	New Brunswick	Nouveau-Brunswick	Canadian Experience Class	Catégorie de l'expérience canadienne	Fredericton	Fredericton	125
2021	2021	New Brunswick	Nouveau-Brunswick	Canadian Experience Class	Catégorie de l'expérience canadienne	Miramichi	Miramichi	15
2021	2021	New Brunswick	Nouveau-Brunswick	Canadian Experience Class	Catégorie de l'expérience canadienne	Moncton	Moncton	255
2021	2021	New Brunswick	Nouveau-Brunswick	Canadian Experience Class	Catégorie de l'expérience canadienne	Other - New Brunswick	Autres - Nouveau-Brunswick	60
2021	2021	New Brunswick	Nouveau-Brunswick	Canadian Experience Class	Catégorie de l'expérience canadienne	Saint John	Saint John	105
2021	2021	New Brunswick	Nouveau-Brunswick	Federal Skilled Worker	Travailleurs qualifiés	Edmundston	Edmundston	--
2021	2021	New Brunswick	Nouveau-Brunswick	Federal Skilled Worker	Travailleurs qualifiés	Fredericton	Fredericton	5
2021	2021	New Brunswick	Nouveau-Brunswick	Federal Skilled Worker	Travailleurs qualifiés	Moncton	Moncton	60
2021	2021	New Brunswick	Nouveau-Brunswick	Federal Skilled Worker	Travailleurs qualifiés	Other - New Brunswick	Autres - Nouveau-Brunswick	5
2021	2021	New Brunswick	Nouveau-Brunswick	Federal Skilled Worker	Travailleurs qualifiés	Saint John	Saint John	10
2021	2021	New Brunswick	Nouveau-Brunswick	Provincial Nominee Program	Candidats des provinces ou des territoires	Bathurst	Bathurst	10
2021	2021	New Brunswick	Nouveau-Brunswick	Provincial Nominee Program	Candidats des provinces ou des territoires	Campbellton (New Brunswick part)	Campbellton (partie du Nouveau-Brunswick)	--
2021	2021	New Brunswick	Nouveau-Brunswick	Provincial Nominee Program	Candidats des provinces ou des territoires	Edmundston	Edmundston	10
2021	2021	New Brunswick	Nouveau-Brunswick	Provincial Nominee Program	Candidats des provinces ou des territoires	Fredericton	Fredericton	200
2021	2021	New Brunswick	Nouveau-Brunswick	Provincial Nominee Program	Candidats des provinces ou des territoires	Miramichi	Miramichi	5
2021	2021	New Brunswick	Nouveau-Brunswick	Provincial Nominee Program	Candidats des provinces ou des territoires	Moncton	Moncton	430
2021	2021	New Brunswick	Nouveau-Brunswick	Provincial Nominee Program	Candidats des provinces ou des territoires	Other - New Brunswick	Autres - Nouveau-Brunswick	30
2021	2021	New Brunswick	Nouveau-Brunswick	Provincial Nominee Program	Candidats des provinces ou des territoires	Saint John	Saint John	110
2021	2021	Newfoundland and Labrador	Terre-Neuve-et-Labrador	Canadian Experience Class	Catégorie de l'expérience canadienne	Corner Brook	Corner Brook	10
2021	2021	Newfoundland and Labrador	Terre-Neuve-et-Labrador	Canadian Experience Class	Catégorie de l'expérience canadienne	Gander	Gander	5
2021	2021	Newfoundland and Labrador	Terre-Neuve-et-Labrador	Canadian Experience Class	Catégorie de l'expérience canadienne	Other - Newfoundland and Labrador	Autres - Terre-Neuve-et-Labrador	40
2021	2021	Newfoundland and Labrador	Terre-Neuve-et-Labrador	Canadian Experience Class	Catégorie de l'expérience canadienne	St. John's	St. John's	170
2021	2021	Newfoundland and Labrador	Terre-Neuve-et-Labrador	Federal Skilled Worker	Travailleurs qualifiés	Corner Brook	Corner Brook	--
2021	2021	Newfoundland and Labrador	Terre-Neuve-et-Labrador	Federal Skilled Worker	Travailleurs qualifiés	Gander	Gander	--
2021	2021	Newfoundland and Labrador	Terre-Neuve-et-Labrador	Federal Skilled Worker	Travailleurs qualifiés	Other - Newfoundland and Labrador	Autres - Terre-Neuve-et-Labrador	--
2021	2021	Newfoundland and Labrador	Terre-Neuve-et-Labrador	Federal Skilled Worker	Travailleurs qualifiés	St. John's	St. John's	5
2021	2021	Newfoundland and Labrador	Terre-Neuve-et-Labrador	Provincial Nominee Program	Candidats des provinces ou des territoires	Other - Newfoundland and Labrador	Autres - Terre-Neuve-et-Labrador	--
2021	2021	Newfoundland and Labrador	Terre-Neuve-et-Labrador	Provincial Nominee Program	Candidats des provinces ou des territoires	St. John's	St. John's	40
2021	2021	Northwest Territories	Territoires du Nord-Ouest	Canadian Experience Class	Catégorie de l'expérience canadienne	Territories (outside Census agglomeration, Northwest Territories)	Territoires (à l'extérieur des agglomérations de recensement, Territoires du Nord-Ouest)	5
2021	2021	Northwest Territories	Territoires du Nord-Ouest	Canadian Experience Class	Catégorie de l'expérience canadienne	Yellowknife	Yellowknife	45
2021	2021	Northwest Territories	Territoires du Nord-Ouest	Federal Skilled Worker	Travailleurs qualifiés	Territories (outside Census agglomeration, Northwest Territories)	Territoires (à l'extérieur des agglomérations de recensement, Territoires du Nord-Ouest)	--
2021	2021	Northwest Territories	Territoires du Nord-Ouest	Federal Skilled Worker	Travailleurs qualifiés	Yellowknife	Yellowknife	--
2021	2021	Northwest Territories	Territoires du Nord-Ouest	Provincial Nominee Program	Candidats des provinces ou des territoires	Territories (outside Census agglomeration, Northwest Territories)	Territoires (à l'extérieur des agglomérations de recensement, Territoires du Nord-Ouest)	--
2021	2021	Northwest Territories	Territoires du Nord-Ouest	Provincial Nominee Program	Candidats des provinces ou des territoires	Yellowknife	Yellowknife	5
2021	2021	Province/Territory not stated	Province / territoire non déclaré(e)	Canadian Experience Class	Catégorie de l'expérience canadienne	Census metropolitan area not stated	Région métropolitaine de recensement non déclarée	--
2021	2021	Nova Scotia	Nouvelle-Écosse	Canadian Experience Class	Catégorie de l'expérience canadienne	Cape Breton	Cape Breton	80
2021	2021	Nova Scotia	Nouvelle-Écosse	Canadian Experience Class	Catégorie de l'expérience canadienne	Halifax	Halifax	1260
2021	2021	Nova Scotia	Nouvelle-Écosse	Canadian Experience Class	Catégorie de l'expérience canadienne	Kentville	Kentville	20
2021	2021	Nova Scotia	Nouvelle-Écosse	Canadian Experience Class	Catégorie de l'expérience canadienne	New Glasgow	New Glasgow	10
2021	2021	Nova Scotia	Nouvelle-Écosse	Canadian Experience Class	Catégorie de l'expérience canadienne	Other - Nova Scotia	Autres - Nouvelle-Écosse	125
2021	2021	Nova Scotia	Nouvelle-Écosse	Canadian Experience Class	Catégorie de l'expérience canadienne	Truro	Truro	30
2021	2021	Nova Scotia	Nouvelle-Écosse	Federal Skilled Worker	Travailleurs qualifiés	Cape Breton	Cape Breton	--
2021	2021	Nova Scotia	Nouvelle-Écosse	Federal Skilled Worker	Travailleurs qualifiés	Halifax	Halifax	45
2021	2021	Nova Scotia	Nouvelle-Écosse	Federal Skilled Worker	Travailleurs qualifiés	Kentville	Kentville	--
2021	2021	Nova Scotia	Nouvelle-Écosse	Federal Skilled Worker	Travailleurs qualifiés	Other - Nova Scotia	Autres - Nouvelle-Écosse	--
2021	2021	Nova Scotia	Nouvelle-Écosse	Federal Skilled Worker	Travailleurs qualifiés	Truro	Truro	--
2021	2021	Nova Scotia	Nouvelle-Écosse	Provincial Nominee Program	Candidats des provinces ou des territoires	Cape Breton	Cape Breton	60
2021	2021	Nova Scotia	Nouvelle-Écosse	Provincial Nominee Program	Candidats des provinces ou des territoires	Halifax	Halifax	1310
2021	2021	Nova Scotia	Nouvelle-Écosse	Provincial Nominee Program	Candidats des provinces ou des territoires	Kentville	Kentville	25
2021	2021	Nova Scotia	Nouvelle-Écosse	Provincial Nominee Program	Candidats des provinces ou des territoires	New Glasgow	New Glasgow	15
2021	2021	Nova Scotia	Nouvelle-Écosse	Provincial Nominee Program	Candidats des provinces ou des territoires	Other - Nova Scotia	Autres - Nouvelle-Écosse	100
2021	2021	Nova Scotia	Nouvelle-Écosse	Provincial Nominee Program	Candidats des provinces ou des territoires	Truro	Truro	35
2021	2021	Nunavut	Nunavut	Canadian Experience Class	Catégorie de l'expérience canadienne	Territories (outside Census agglomeration, Nunavut)	Territoires (à l'extérieur des agglomérations de recensement, Nunavut)	15
2021	2021	Ontario	Ontario	Canadian Experience Class	Catégorie de l'expérience canadienne	Barrie	Barrie	540
2021	2021	Ontario	Ontario	Canadian Experience Class	Catégorie de l'expérience canadienne	Belleville - Quinte West	Belleville - Quinte West	135
2021	2021	Ontario	Ontario	Canadian Experience Class	Catégorie de l'expérience canadienne	Brantford	Brantford	285
2021	2021	Ontario	Ontario	Canadian Experience Class	Catégorie de l'expérience canadienne	Brockville	Brockville	30
2021	2021	Ontario	Ontario	Canadian Experience Class	Catégorie de l'expérience canadienne	Centre Wellington	Centre Wellington	15
2021	2021	Ontario	Ontario	Canadian Experience Class	Catégorie de l'expérience canadienne	Chatham-Kent	Chatham-Kent	75
2021	2021	Ontario	Ontario	Canadian Experience Class	Catégorie de l'expérience canadienne	Cobourg	Cobourg	10
2021	2021	Ontario	Ontario	Canadian Experience Class	Catégorie de l'expérience canadienne	Collingwood	Collingwood	55
2021	2021	Ontario	Ontario	Canadian Experience Class	Catégorie de l'expérience canadienne	Cornwall	Cornwall	95
2021	2021	Ontario	Ontario	Canadian Experience Class	Catégorie de l'expérience canadienne	Elliot Lake	Elliot Lake	--
2021	2021	Ontario	Ontario	Canadian Experience Class	Catégorie de l'expérience canadienne	Essa	Essa	--
2021	2021	Ontario	Ontario	Canadian Experience Class	Catégorie de l'expérience canadienne	Greater Sudbury	Grand Sudbury	345
2021	2021	Ontario	Ontario	Canadian Experience Class	Catégorie de l'expérience canadienne	Guelph	Guelph	415
2021	2021	Ontario	Ontario	Canadian Experience Class	Catégorie de l'expérience canadienne	Hamilton	Hamilton	1720
2021	2021	Ontario	Ontario	Canadian Experience Class	Catégorie de l'expérience canadienne	Hawkesbury (Ontario part)	Hawkesbury (partie de l'Ontario)	20
2021	2021	Ontario	Ontario	Canadian Experience Class	Catégorie de l'expérience canadienne	Ingersoll	Ingersoll	10
2021	2021	Ontario	Ontario	Canadian Experience Class	Catégorie de l'expérience canadienne	Kawartha Lakes	Kawartha Lakes	40
2021	2021	Ontario	Ontario	Canadian Experience Class	Catégorie de l'expérience canadienne	Kenora	Kenora	35
2021	2021	Ontario	Ontario	Canadian Experience Class	Catégorie de l'expérience canadienne	Kingston	Kingston	310
2021	2021	Ontario	Ontario	Canadian Experience Class	Catégorie de l'expérience canadienne	Kitchener - Cambridge - Waterloo	Kitchener - Cambridge - Waterloo	3155
2021	2021	Ontario	Ontario	Canadian Experience Class	Catégorie de l'expérience canadienne	London	Londres	1605
2021	2021	Ontario	Ontario	Canadian Experience Class	Catégorie de l'expérience canadienne	Midland	Midland	35
2021	2021	Ontario	Ontario	Canadian Experience Class	Catégorie de l'expérience canadienne	Norfolk	Norfolk	20
2021	2021	Ontario	Ontario	Canadian Experience Class	Catégorie de l'expérience canadienne	North Bay	North Bay	50
2021	2021	Ontario	Ontario	Canadian Experience Class	Catégorie de l'expérience canadienne	Orillia	Orillia	50
2021	2021	Ontario	Ontario	Canadian Experience Class	Catégorie de l'expérience canadienne	Oshawa	Oshawa	495
2021	2021	Ontario	Ontario	Canadian Experience Class	Catégorie de l'expérience canadienne	Other - Ontario	Autres - Ontario	680
2021	2021	Ontario	Ontario	Canadian Experience Class	Catégorie de l'expérience canadienne	Ottawa - Gatineau (Ontario part)	Ottawa - Gatineau (partie de l'Ontario)	3160
2021	2021	Ontario	Ontario	Canadian Experience Class	Catégorie de l'expérience canadienne	Owen Sound	Owen Sound	40
2021	2021	Ontario	Ontario	Canadian Experience Class	Catégorie de l'expérience canadienne	Pembroke	Pembroke	20
2021	2021	Ontario	Ontario	Canadian Experience Class	Catégorie de l'expérience canadienne	Petawawa	Petawawa	20
2021	2021	Ontario	Ontario	Canadian Experience Class	Catégorie de l'expérience canadienne	Peterborough	Peterborough	275
2021	2021	Ontario	Ontario	Canadian Experience Class	Catégorie de l'expérience canadienne	Port Hope	Port Hope	5
2021	2021	Ontario	Ontario	Canadian Experience Class	Catégorie de l'expérience canadienne	Sarnia	Sarnia	185
2021	2021	Ontario	Ontario	Canadian Experience Class	Catégorie de l'expérience canadienne	Sault Ste. Marie	Sault Ste. Marie	65
2021	2021	Ontario	Ontario	Canadian Experience Class	Catégorie de l'expérience canadienne	St. Catharines - Niagara	St. Catharines - Niagara	915
2021	2021	Ontario	Ontario	Canadian Experience Class	Catégorie de l'expérience canadienne	Stratford	Stratford	85
2021	2021	Ontario	Ontario	Canadian Experience Class	Catégorie de l'expérience canadienne	Thunder Bay	Thunder Bay	200
2021	2021	Ontario	Ontario	Canadian Experience Class	Catégorie de l'expérience canadienne	Tillsonburg	Tillsonburg	10
2021	2021	Ontario	Ontario	Canadian Experience Class	Catégorie de l'expérience canadienne	Timmins	Timmins	35
2021	2021	Ontario	Ontario	Canadian Experience Class	Catégorie de l'expérience canadienne	Toronto	Toronto	38535
2021	2021	Ontario	Ontario	Canadian Experience Class	Catégorie de l'expérience canadienne	Wasaga Beach	Wasaga Beach	10
2021	2021	Ontario	Ontario	Canadian Experience Class	Catégorie de l'expérience canadienne	Windsor	Windsor	810
2021	2021	Ontario	Ontario	Canadian Experience Class	Catégorie de l'expérience canadienne	Woodstock	Woodstock	80
2021	2021	Ontario	Ontario	Federal Skilled Worker	Travailleurs qualifiés	Barrie	Barrie	10
2021	2021	Ontario	Ontario	Federal Skilled Worker	Travailleurs qualifiés	Belleville - Quinte West	Belleville - Quinte West	--
2021	2021	Ontario	Ontario	Federal Skilled Worker	Travailleurs qualifiés	Brantford	Brantford	5
2021	2021	Ontario	Ontario	Federal Skilled Worker	Travailleurs qualifiés	Chatham-Kent	Chatham-Kent	--
2021	2021	Ontario	Ontario	Federal Skilled Worker	Travailleurs qualifiés	Cobourg	Cobourg	--
2021	2021	Ontario	Ontario	Federal Skilled Worker	Travailleurs qualifiés	Cornwall	Cornwall	--
2021	2021	Ontario	Ontario	Federal Skilled Worker	Travailleurs qualifiés	Greater Sudbury	Grand Sudbury	10
2021	2021	Ontario	Ontario	Federal Skilled Worker	Travailleurs qualifiés	Guelph	Guelph	15
2021	2021	Ontario	Ontario	Federal Skilled Worker	Travailleurs qualifiés	Hamilton	Hamilton	90
2021	2021	Ontario	Ontario	Federal Skilled Worker	Travailleurs qualifiés	Hawkesbury (Ontario part)	Hawkesbury (partie de l'Ontario)	--
2021	2021	Ontario	Ontario	Federal Skilled Worker	Travailleurs qualifiés	Ingersoll	Ingersoll	--
2021	2021	Ontario	Ontario	Federal Skilled Worker	Travailleurs qualifiés	Kawartha Lakes	Kawartha Lakes	--
2021	2021	Ontario	Ontario	Federal Skilled Worker	Travailleurs qualifiés	Kingston	Kingston	20
2021	2021	Ontario	Ontario	Federal Skilled Worker	Travailleurs qualifiés	Kitchener - Cambridge - Waterloo	Kitchener - Cambridge - Waterloo	105
2021	2021	Ontario	Ontario	Federal Skilled Worker	Travailleurs qualifiés	London	Londres	85
2021	2021	Ontario	Ontario	Federal Skilled Worker	Travailleurs qualifiés	North Bay	North Bay	--
2021	2021	Ontario	Ontario	Federal Skilled Worker	Travailleurs qualifiés	Orillia	Orillia	--
2021	2021	Ontario	Ontario	Federal Skilled Worker	Travailleurs qualifiés	Oshawa	Oshawa	25
2021	2021	Ontario	Ontario	Federal Skilled Worker	Travailleurs qualifiés	Other - Ontario	Autres - Ontario	25
2021	2021	Ontario	Ontario	Federal Skilled Worker	Travailleurs qualifiés	Ottawa - Gatineau (Ontario part)	Ottawa - Gatineau (partie de l'Ontario)	730
2021	2021	Ontario	Ontario	Federal Skilled Worker	Travailleurs qualifiés	Owen Sound	Owen Sound	--
2021	2021	Ontario	Ontario	Federal Skilled Worker	Travailleurs qualifiés	Peterborough	Peterborough	--
2021	2021	Ontario	Ontario	Federal Skilled Worker	Travailleurs qualifiés	Sarnia	Sarnia	--
2021	2021	Ontario	Ontario	Federal Skilled Worker	Travailleurs qualifiés	St. Catharines - Niagara	St. Catharines - Niagara	20
2021	2021	Ontario	Ontario	Federal Skilled Worker	Travailleurs qualifiés	Stratford	Stratford	--
2021	2021	Ontario	Ontario	Federal Skilled Worker	Travailleurs qualifiés	Thunder Bay	Thunder Bay	5
2021	2021	Ontario	Ontario	Federal Skilled Worker	Travailleurs qualifiés	Toronto	Toronto	5150
2021	2021	Ontario	Ontario	Federal Skilled Worker	Travailleurs qualifiés	Windsor	Windsor	65
2021	2021	Ontario	Ontario	Federal Skilled Worker	Travailleurs qualifiés	Woodstock	Woodstock	--
2021	2021	Ontario	Ontario	Not Stated	Non Déclaré	Ottawa - Gatineau (Ontario part)	Ottawa - Gatineau (partie de l'Ontario)	--
2021	2021	Ontario	Ontario	Not Stated	Non Déclaré	Toronto	Toronto	--
2021	2021	Ontario	Ontario	Provincial Nominee Program	Candidats des provinces ou des territoires	Barrie	Barrie	--
2021	2021	Ontario	Ontario	Provincial Nominee Program	Candidats des provinces ou des territoires	Brantford	Brantford	--
2021	2021	Ontario	Ontario	Provincial Nominee Program	Candidats des provinces ou des territoires	Brockville	Brockville	--
2021	2021	Ontario	Ontario	Provincial Nominee Program	Candidats des provinces ou des territoires	Cornwall	Cornwall	--
2021	2021	Ontario	Ontario	Provincial Nominee Program	Candidats des provinces ou des territoires	Greater Sudbury	Grand Sudbury	--
2021	2021	Ontario	Ontario	Provincial Nominee Program	Candidats des provinces ou des territoires	Guelph	Guelph	10
2021	2021	Ontario	Ontario	Provincial Nominee Program	Candidats des provinces ou des territoires	Hamilton	Hamilton	45
2021	2021	Ontario	Ontario	Provincial Nominee Program	Candidats des provinces ou des territoires	Hawkesbury (Ontario part)	Hawkesbury (partie de l'Ontario)	--
2021	2021	Ontario	Ontario	Provincial Nominee Program	Candidats des provinces ou des territoires	Ingersoll	Ingersoll	--
2021	2021	Ontario	Ontario	Provincial Nominee Program	Candidats des provinces ou des territoires	Kingston	Kingston	5
2021	2021	Ontario	Ontario	Provincial Nominee Program	Candidats des provinces ou des territoires	Kitchener - Cambridge - Waterloo	Kitchener - Cambridge - Waterloo	115
2021	2021	Ontario	Ontario	Provincial Nominee Program	Candidats des provinces ou des territoires	London	Londres	45
2021	2021	Ontario	Ontario	Provincial Nominee Program	Candidats des provinces ou des territoires	Oshawa	Oshawa	15
2021	2021	Ontario	Ontario	Provincial Nominee Program	Candidats des provinces ou des territoires	Other - Ontario	Autres - Ontario	20
2021	2021	Ontario	Ontario	Provincial Nominee Program	Candidats des provinces ou des territoires	Ottawa - Gatineau (Ontario part)	Ottawa - Gatineau (partie de l'Ontario)	375
2021	2021	Ontario	Ontario	Provincial Nominee Program	Candidats des provinces ou des territoires	Peterborough	Peterborough	--
2021	2021	Ontario	Ontario	Provincial Nominee Program	Candidats des provinces ou des territoires	Sault Ste. Marie	Sault Ste. Marie	--
2021	2021	Ontario	Ontario	Provincial Nominee Program	Candidats des provinces ou des territoires	St. Catharines - Niagara	St. Catharines - Niagara	15
2021	2021	Ontario	Ontario	Provincial Nominee Program	Candidats des provinces ou des territoires	Stratford	Stratford	--
2021	2021	Ontario	Ontario	Provincial Nominee Program	Candidats des provinces ou des territoires	Thunder Bay	Thunder Bay	--
2021	2021	Ontario	Ontario	Provincial Nominee Program	Candidats des provinces ou des territoires	Tillsonburg	Tillsonburg	--
2021	2021	Ontario	Ontario	Provincial Nominee Program	Candidats des provinces ou des territoires	Toronto	Toronto	3550
2021	2021	Ontario	Ontario	Provincial Nominee Program	Candidats des provinces ou des territoires	Windsor	Windsor	25
2021	2021	Ontario	Ontario	Provincial Nominee Program	Candidats des provinces ou des territoires	Woodstock	Woodstock	--
2021	2021	Prince Edward Island	Île-du-Prince-Édouard	Canadian Experience Class	Catégorie de l'expérience canadienne	Charlottetown	Charlottetown	315
2021	2021	Prince Edward Island	Île-du-Prince-Édouard	Canadian Experience Class	Catégorie de l'expérience canadienne	Other - Prince Edward Island	Autres - Île-du-Prince-Édouard	90
2021	2021	Prince Edward Island	Île-du-Prince-Édouard	Canadian Experience Class	Catégorie de l'expérience canadienne	Summerside	Summerside	75
2021	2021	Prince Edward Island	Île-du-Prince-Édouard	Federal Skilled Worker	Travailleurs qualifiés	Charlottetown	Charlottetown	--
2021	2021	Prince Edward Island	Île-du-Prince-Édouard	Federal Skilled Worker	Travailleurs qualifiés	Other - Prince Edward Island	Autres - Île-du-Prince-Édouard	--
2021	2021	Prince Edward Island	Île-du-Prince-Édouard	Provincial Nominee Program	Candidats des provinces ou des territoires	Charlottetown	Charlottetown	185
2021	2021	Prince Edward Island	Île-du-Prince-Édouard	Provincial Nominee Program	Candidats des provinces ou des territoires	Other - Prince Edward Island	Autres - Île-du-Prince-Édouard	15
2021	2021	Prince Edward Island	Île-du-Prince-Édouard	Provincial Nominee Program	Candidats des provinces ou des territoires	Summerside	Summerside	55
2021	2021	Saskatchewan	Saskatchewan	Canadian Experience Class	Catégorie de l'expérience canadienne	Estevan	Estevan	--
2021	2021	Saskatchewan	Saskatchewan	Canadian Experience Class	Catégorie de l'expérience canadienne	Lloydminster (Saskatchewan part)	Lloydminster (partie de la Saskatchewan)	10
2021	2021	Saskatchewan	Saskatchewan	Canadian Experience Class	Catégorie de l'expérience canadienne	Moose Jaw	Moose Jaw	15
2021	2021	Saskatchewan	Saskatchewan	Canadian Experience Class	Catégorie de l'expérience canadienne	North Battleford	North Battleford	10
2021	2021	Saskatchewan	Saskatchewan	Canadian Experience Class	Catégorie de l'expérience canadienne	Other - Saskatchewan	Autres - Saskatchewan	75
2021	2021	Saskatchewan	Saskatchewan	Canadian Experience Class	Catégorie de l'expérience canadienne	Prince Albert	Prince Albert	30
2021	2021	Saskatchewan	Saskatchewan	Canadian Experience Class	Catégorie de l'expérience canadienne	Regina	Regina	280
2021	2021	Saskatchewan	Saskatchewan	Canadian Experience Class	Catégorie de l'expérience canadienne	Saskatoon	Saskatoon	390
2021	2021	Saskatchewan	Saskatchewan	Canadian Experience Class	Catégorie de l'expérience canadienne	Swift Current	Swift Current	5
2021	2021	Saskatchewan	Saskatchewan	Canadian Experience Class	Catégorie de l'expérience canadienne	Weyburn	Weyburn	5
2021	2021	Saskatchewan	Saskatchewan	Canadian Experience Class	Catégorie de l'expérience canadienne	Yorkton	Yorkton	25
2021	2021	Saskatchewan	Saskatchewan	Federal Skilled Worker	Travailleurs qualifiés	Lloydminster (Saskatchewan part)	Lloydminster (partie de la Saskatchewan)	--
2021	2021	Saskatchewan	Saskatchewan	Federal Skilled Worker	Travailleurs qualifiés	Other - Saskatchewan	Autres - Saskatchewan	--
2021	2021	Saskatchewan	Saskatchewan	Federal Skilled Worker	Travailleurs qualifiés	Regina	Regina	35
2021	2021	Saskatchewan	Saskatchewan	Federal Skilled Worker	Travailleurs qualifiés	Saskatoon	Saskatoon	45
2021	2021	Saskatchewan	Saskatchewan	Federal Skilled Worker	Travailleurs qualifiés	Weyburn	Weyburn	--
2021	2021	Saskatchewan	Saskatchewan	Provincial Nominee Program	Candidats des provinces ou des territoires	Lloydminster (Saskatchewan part)	Lloydminster (partie de la Saskatchewan)	--
2021	2021	Saskatchewan	Saskatchewan	Provincial Nominee Program	Candidats des provinces ou des territoires	Moose Jaw	Moose Jaw	5
2021	2021	Saskatchewan	Saskatchewan	Provincial Nominee Program	Candidats des provinces ou des territoires	North Battleford	North Battleford	--
2021	2021	Saskatchewan	Saskatchewan	Provincial Nominee Program	Candidats des provinces ou des territoires	Other - Saskatchewan	Autres - Saskatchewan	15
2021	2021	Saskatchewan	Saskatchewan	Provincial Nominee Program	Candidats des provinces ou des territoires	Prince Albert	Prince Albert	5
2021	2021	Saskatchewan	Saskatchewan	Provincial Nominee Program	Candidats des provinces ou des territoires	Regina	Regina	430
2021	2021	Saskatchewan	Saskatchewan	Provincial Nominee Program	Candidats des provinces ou des territoires	Saskatoon	Saskatoon	555
2021	2021	Saskatchewan	Saskatchewan	Provincial Nominee Program	Candidats des provinces ou des territoires	Swift Current	Swift Current	--
2021	2021	Saskatchewan	Saskatchewan	Provincial Nominee Program	Candidats des provinces ou des territoires	Weyburn	Weyburn	--
2021	2021	Saskatchewan	Saskatchewan	Provincial Nominee Program	Candidats des provinces ou des territoires	Yorkton	Yorkton	--
2021	2021	Yukon	Yukon	Canadian Experience Class	Catégorie de l'expérience canadienne	Territories (outside Census agglomeration, Yukon)	Territoires (à l'extérieur des agglomérations de recensement, Yukon)	--
2021	2021	Yukon	Yukon	Canadian Experience Class	Catégorie de l'expérience canadienne	Whitehorse	Whitehorse	80
2021	2021	Yukon	Yukon	Federal Skilled Worker	Travailleurs qualifiés	Other - Yukon	Autres - Yukon	--
2021	2021	Yukon	Yukon	Federal Skilled Worker	Travailleurs qualifiés	Territories (outside Census agglomeration, Yukon)	Territoires (à l'extérieur des agglomérations de recensement, Yukon)	--
2021	2021	Yukon	Yukon	Federal Skilled Worker	Travailleurs qualifiés	Whitehorse	Whitehorse	--
2021	2021	Yukon	Yukon	Provincial Nominee Program	Candidats des provinces ou des territoires	Whitehorse	Whitehorse	10
2022	2022	Alberta	Alberta	Canadian Experience Class	Catégorie de l'expérience canadienne	Calgary	Calgary	370
2022	2022	Alberta	Alberta	Canadian Experience Class	Catégorie de l'expérience canadienne	Camrose	Camrose	--
2022	2022	Alberta	Alberta	Canadian Experience Class	Catégorie de l'expérience canadienne	Canmore	Canmore	20
2022	2022	Alberta	Alberta	Canadian Experience Class	Catégorie de l'expérience canadienne	Edmonton	Edmonton	245
2022	2022	Alberta	Alberta	Canadian Experience Class	Catégorie de l'expérience canadienne	Grande Prairie	Grande Prairie	5
2022	2022	Alberta	Alberta	Canadian Experience Class	Catégorie de l'expérience canadienne	Lethbridge	Lethbridge	10
2022	2022	Alberta	Alberta	Canadian Experience Class	Catégorie de l'expérience canadienne	Lloydminster (Alberta part)	Lloydminster (partie de l'Alberta)	--
2022	2022	Alberta	Alberta	Canadian Experience Class	Catégorie de l'expérience canadienne	Okotoks	Okotoks	--
2022	2022	Alberta	Alberta	Canadian Experience Class	Catégorie de l'expérience canadienne	Other - Alberta	Autres - Alberta	35
2022	2022	Alberta	Alberta	Canadian Experience Class	Catégorie de l'expérience canadienne	Red Deer	Red Deer	5
2022	2022	Alberta	Alberta	Canadian Experience Class	Catégorie de l'expérience canadienne	Sylvan Lake	Sylvan Lake	--
2022	2022	Alberta	Alberta	Canadian Experience Class	Catégorie de l'expérience canadienne	Wetaskiwin	Wetaskiwin	--
2022	2022	Alberta	Alberta	Canadian Experience Class	Catégorie de l'expérience canadienne	Wood Buffalo	Wood Buffalo	10
2022	2022	Alberta	Alberta	Federal Skilled Worker	Travailleurs qualifiés	Brooks	Brooks	--
2022	2022	Alberta	Alberta	Federal Skilled Worker	Travailleurs qualifiés	Calgary	Calgary	380
2022	2022	Alberta	Alberta	Federal Skilled Worker	Travailleurs qualifiés	Edmonton	Edmonton	160
2022	2022	Alberta	Alberta	Federal Skilled Worker	Travailleurs qualifiés	Grande Prairie	Grande Prairie	--
2022	2022	Alberta	Alberta	Federal Skilled Worker	Travailleurs qualifiés	Lacombe	Lacombe	--
2022	2022	Alberta	Alberta	Federal Skilled Worker	Travailleurs qualifiés	Lethbridge	Lethbridge	--
2022	2022	Alberta	Alberta	Federal Skilled Worker	Travailleurs qualifiés	Medicine Hat	Medicine Hat	--
2022	2022	Alberta	Alberta	Federal Skilled Worker	Travailleurs qualifiés	Other - Alberta	Autres - Alberta	10
2022	2022	Alberta	Alberta	Federal Skilled Worker	Travailleurs qualifiés	Sylvan Lake	Sylvan Lake	--
2022	2022	Alberta	Alberta	Federal Skilled Worker	Travailleurs qualifiés	Wetaskiwin	Wetaskiwin	--
2022	2022	Alberta	Alberta	Federal Skilled Worker	Travailleurs qualifiés	Wood Buffalo	Wood Buffalo	--
2022	2022	Alberta	Alberta	Provincial Nominee Program	Candidats des provinces ou des territoires	Brooks	Brooks	5
2022	2022	Alberta	Alberta	Provincial Nominee Program	Candidats des provinces ou des territoires	Calgary	Calgary	1625
2022	2022	Alberta	Alberta	Provincial Nominee Program	Candidats des provinces ou des territoires	Camrose	Camrose	10
2022	2022	Alberta	Alberta	Provincial Nominee Program	Candidats des provinces ou des territoires	Canmore	Canmore	30
2022	2022	Alberta	Alberta	Provincial Nominee Program	Candidats des provinces ou des territoires	Edmonton	Edmonton	1330
2022	2022	Alberta	Alberta	Provincial Nominee Program	Candidats des provinces ou des territoires	Grande Prairie	Grande Prairie	40
2022	2022	Alberta	Alberta	Provincial Nominee Program	Candidats des provinces ou des territoires	High River	High River	--
2022	2022	Alberta	Alberta	Provincial Nominee Program	Candidats des provinces ou des territoires	Lacombe	Lacombe	5
2022	2022	Alberta	Alberta	Provincial Nominee Program	Candidats des provinces ou des territoires	Lethbridge	Lethbridge	20
2022	2022	Alberta	Alberta	Provincial Nominee Program	Candidats des provinces ou des territoires	Lloydminster (Alberta part)	Lloydminster (partie de l'Alberta)	5
2022	2022	Alberta	Alberta	Provincial Nominee Program	Candidats des provinces ou des territoires	Medicine Hat	Medicine Hat	15
2022	2022	Alberta	Alberta	Provincial Nominee Program	Candidats des provinces ou des territoires	Okotoks	Okotoks	5
2022	2022	Alberta	Alberta	Provincial Nominee Program	Candidats des provinces ou des territoires	Other - Alberta	Autres - Alberta	210
2022	2022	Alberta	Alberta	Provincial Nominee Program	Candidats des provinces ou des territoires	Red Deer	Red Deer	35
2022	2022	Alberta	Alberta	Provincial Nominee Program	Candidats des provinces ou des territoires	Strathmore	Strathmore	5
2022	2022	Alberta	Alberta	Provincial Nominee Program	Candidats des provinces ou des territoires	Wetaskiwin	Wetaskiwin	--
2022	2022	Alberta	Alberta	Provincial Nominee Program	Candidats des provinces ou des territoires	Wood Buffalo	Wood Buffalo	30
2022	2022	British Columbia	Colombie-Britannique	Canadian Experience Class	Catégorie de l'expérience canadienne	Abbotsford - Mission	Abbotsford - Mission	20
2022	2022	British Columbia	Colombie-Britannique	Canadian Experience Class	Catégorie de l'expérience canadienne	Campbell River	Campbell River	5
2022	2022	British Columbia	Colombie-Britannique	Canadian Experience Class	Catégorie de l'expérience canadienne	Chilliwack	Chilliwack	5
2022	2022	British Columbia	Colombie-Britannique	Canadian Experience Class	Catégorie de l'expérience canadienne	Courtenay	Courtenay	5
2022	2022	British Columbia	Colombie-Britannique	Canadian Experience Class	Catégorie de l'expérience canadienne	Cranbrook	Cranbrook	--
2022	2022	British Columbia	Colombie-Britannique	Canadian Experience Class	Catégorie de l'expérience canadienne	Dawson Creek	Dawson Creek	--
2022	2022	British Columbia	Colombie-Britannique	Canadian Experience Class	Catégorie de l'expérience canadienne	Duncan	Duncan	--
2022	2022	British Columbia	Colombie-Britannique	Canadian Experience Class	Catégorie de l'expérience canadienne	Fort St. John	Fort St. John	5
2022	2022	British Columbia	Colombie-Britannique	Canadian Experience Class	Catégorie de l'expérience canadienne	Kamloops	Kamloops	25
2022	2022	British Columbia	Colombie-Britannique	Canadian Experience Class	Catégorie de l'expérience canadienne	Kelowna	Kelowna	35
2022	2022	British Columbia	Colombie-Britannique	Canadian Experience Class	Catégorie de l'expérience canadienne	Ladysmith	Ladysmith	--
2022	2022	British Columbia	Colombie-Britannique	Canadian Experience Class	Catégorie de l'expérience canadienne	Nanaimo	Nanaimo	25
2022	2022	British Columbia	Colombie-Britannique	Canadian Experience Class	Catégorie de l'expérience canadienne	Nelson	Nelson	--
2022	2022	British Columbia	Colombie-Britannique	Canadian Experience Class	Catégorie de l'expérience canadienne	Other - British Columbia	Autres - Colombie-Britannique	100
2022	2022	British Columbia	Colombie-Britannique	Canadian Experience Class	Catégorie de l'expérience canadienne	Parksville	Parksville	--
2022	2022	British Columbia	Colombie-Britannique	Canadian Experience Class	Catégorie de l'expérience canadienne	Penticton	Penticton	5
2022	2022	British Columbia	Colombie-Britannique	Canadian Experience Class	Catégorie de l'expérience canadienne	Port Alberni	Port Alberni	--
2022	2022	British Columbia	Colombie-Britannique	Canadian Experience Class	Catégorie de l'expérience canadienne	Prince George	Prince George	10
2022	2022	British Columbia	Colombie-Britannique	Canadian Experience Class	Catégorie de l'expérience canadienne	Prince Rupert	Prince Rupert	5
2022	2022	British Columbia	Colombie-Britannique	Canadian Experience Class	Catégorie de l'expérience canadienne	Salmon Arm	Salmon Arm	--
2022	2022	British Columbia	Colombie-Britannique	Canadian Experience Class	Catégorie de l'expérience canadienne	Squamish	Squamish	20
2022	2022	British Columbia	Colombie-Britannique	Canadian Experience Class	Catégorie de l'expérience canadienne	Terrace	Terrace	5
2022	2022	British Columbia	Colombie-Britannique	Canadian Experience Class	Catégorie de l'expérience canadienne	Trail	Trail	--
2022	2022	British Columbia	Colombie-Britannique	Canadian Experience Class	Catégorie de l'expérience canadienne	Vancouver	Vancouver	2230
2022	2022	British Columbia	Colombie-Britannique	Canadian Experience Class	Catégorie de l'expérience canadienne	Vernon	Vernon	--
2022	2022	British Columbia	Colombie-Britannique	Canadian Experience Class	Catégorie de l'expérience canadienne	Victoria	Victoria	125
2022	2022	British Columbia	Colombie-Britannique	Canadian Experience Class	Catégorie de l'expérience canadienne	Williams Lake	Williams Lake	--
2022	2022	British Columbia	Colombie-Britannique	Federal Skilled Worker	Travailleurs qualifiés	Abbotsford - Mission	Abbotsford - Mission	10
2022	2022	British Columbia	Colombie-Britannique	Federal Skilled Worker	Travailleurs qualifiés	Chilliwack	Chilliwack	--
2022	2022	British Columbia	Colombie-Britannique	Federal Skilled Worker	Travailleurs qualifiés	Courtenay	Courtenay	--
2022	2022	British Columbia	Colombie-Britannique	Federal Skilled Worker	Travailleurs qualifiés	Cranbrook	Cranbrook	--
2022	2022	British Columbia	Colombie-Britannique	Federal Skilled Worker	Travailleurs qualifiés	Kamloops	Kamloops	--
2022	2022	British Columbia	Colombie-Britannique	Federal Skilled Worker	Travailleurs qualifiés	Kelowna	Kelowna	--
2022	2022	British Columbia	Colombie-Britannique	Federal Skilled Worker	Travailleurs qualifiés	Nanaimo	Nanaimo	--
2022	2022	British Columbia	Colombie-Britannique	Federal Skilled Worker	Travailleurs qualifiés	Nelson	Nelson	--
2022	2022	British Columbia	Colombie-Britannique	Federal Skilled Worker	Travailleurs qualifiés	Other - British Columbia	Autres - Colombie-Britannique	15
2022	2022	British Columbia	Colombie-Britannique	Federal Skilled Worker	Travailleurs qualifiés	Parksville	Parksville	--
2022	2022	British Columbia	Colombie-Britannique	Federal Skilled Worker	Travailleurs qualifiés	Penticton	Penticton	--
2022	2022	British Columbia	Colombie-Britannique	Federal Skilled Worker	Travailleurs qualifiés	Port Alberni	Port Alberni	--
2022	2022	British Columbia	Colombie-Britannique	Federal Skilled Worker	Travailleurs qualifiés	Prince George	Prince George	--
2022	2022	British Columbia	Colombie-Britannique	Federal Skilled Worker	Travailleurs qualifiés	Squamish	Squamish	5
2022	2022	British Columbia	Colombie-Britannique	Federal Skilled Worker	Travailleurs qualifiés	Vancouver	Vancouver	525
2022	2022	British Columbia	Colombie-Britannique	Federal Skilled Worker	Travailleurs qualifiés	Victoria	Victoria	25
2022	2022	British Columbia	Colombie-Britannique	Provincial Nominee Program	Candidats des provinces ou des territoires	Abbotsford - Mission	Abbotsford - Mission	85
2022	2022	British Columbia	Colombie-Britannique	Provincial Nominee Program	Candidats des provinces ou des territoires	Campbell River	Campbell River	5
2022	2022	British Columbia	Colombie-Britannique	Provincial Nominee Program	Candidats des provinces ou des territoires	Chilliwack	Chilliwack	20
2022	2022	British Columbia	Colombie-Britannique	Provincial Nominee Program	Candidats des provinces ou des territoires	Courtenay	Courtenay	15
2022	2022	British Columbia	Colombie-Britannique	Provincial Nominee Program	Candidats des provinces ou des territoires	Cranbrook	Cranbrook	10
2022	2022	British Columbia	Colombie-Britannique	Provincial Nominee Program	Candidats des provinces ou des territoires	Dawson Creek	Dawson Creek	5
2022	2022	British Columbia	Colombie-Britannique	Provincial Nominee Program	Candidats des provinces ou des territoires	Duncan	Duncan	--
2022	2022	British Columbia	Colombie-Britannique	Provincial Nominee Program	Candidats des provinces ou des territoires	Fort St. John	Fort St. John	15
2022	2022	British Columbia	Colombie-Britannique	Provincial Nominee Program	Candidats des provinces ou des territoires	Kamloops	Kamloops	55
2022	2022	British Columbia	Colombie-Britannique	Provincial Nominee Program	Candidats des provinces ou des territoires	Kelowna	Kelowna	70
2022	2022	British Columbia	Colombie-Britannique	Provincial Nominee Program	Candidats des provinces ou des territoires	Nanaimo	Nanaimo	25
2022	2022	British Columbia	Colombie-Britannique	Provincial Nominee Program	Candidats des provinces ou des territoires	Nelson	Nelson	--
2022	2022	British Columbia	Colombie-Britannique	Provincial Nominee Program	Candidats des provinces ou des territoires	Other - British Columbia	Autres - Colombie-Britannique	160
2022	2022	British Columbia	Colombie-Britannique	Provincial Nominee Program	Candidats des provinces ou des territoires	Parksville	Parksville	--
2022	2022	British Columbia	Colombie-Britannique	Provincial Nominee Program	Candidats des provinces ou des territoires	Penticton	Penticton	10
2022	2022	British Columbia	Colombie-Britannique	Provincial Nominee Program	Candidats des provinces ou des territoires	Port Alberni	Port Alberni	5
2022	2022	British Columbia	Colombie-Britannique	Provincial Nominee Program	Candidats des provinces ou des territoires	Powell River	Powell River	--
2022	2022	British Columbia	Colombie-Britannique	Provincial Nominee Program	Candidats des provinces ou des territoires	Prince George	Prince George	35
2022	2022	British Columbia	Colombie-Britannique	Provincial Nominee Program	Candidats des provinces ou des territoires	Prince Rupert	Prince Rupert	--
2022	2022	British Columbia	Colombie-Britannique	Provincial Nominee Program	Candidats des provinces ou des territoires	Quesnel	Quesnel	--
2022	2022	British Columbia	Colombie-Britannique	Provincial Nominee Program	Candidats des provinces ou des territoires	Salmon Arm	Salmon Arm	5
2022	2022	British Columbia	Colombie-Britannique	Provincial Nominee Program	Candidats des provinces ou des territoires	Squamish	Squamish	35
2022	2022	British Columbia	Colombie-Britannique	Provincial Nominee Program	Candidats des provinces ou des territoires	Terrace	Terrace	25
2022	2022	British Columbia	Colombie-Britannique	Provincial Nominee Program	Candidats des provinces ou des territoires	Trail	Trail	--
2022	2022	British Columbia	Colombie-Britannique	Provincial Nominee Program	Candidats des provinces ou des territoires	Vancouver	Vancouver	3405
2022	2022	British Columbia	Colombie-Britannique	Provincial Nominee Program	Candidats des provinces ou des territoires	Vernon	Vernon	10
2022	2022	British Columbia	Colombie-Britannique	Provincial Nominee Program	Candidats des provinces ou des territoires	Victoria	Victoria	225
2022	2022	British Columbia	Colombie-Britannique	Provincial Nominee Program	Candidats des provinces ou des territoires	Williams Lake	Williams Lake	--
2022	2022	Manitoba	Manitoba	Canadian Experience Class	Catégorie de l'expérience canadienne	Brandon	Brandon	--
2022	2022	Manitoba	Manitoba	Canadian Experience Class	Catégorie de l'expérience canadienne	Other - Manitoba	Autres - Manitoba	5
2022	2022	Manitoba	Manitoba	Canadian Experience Class	Catégorie de l'expérience canadienne	Portage la Prairie	Portage la Prairie	--
2022	2022	Manitoba	Manitoba	Canadian Experience Class	Catégorie de l'expérience canadienne	Winnipeg	Winnipeg	115
2022	2022	Manitoba	Manitoba	Federal Skilled Worker	Travailleurs qualifiés	Brandon	Brandon	5
2022	2022	Manitoba	Manitoba	Federal Skilled Worker	Travailleurs qualifiés	Other - Manitoba	Autres - Manitoba	--
2022	2022	Manitoba	Manitoba	Federal Skilled Worker	Travailleurs qualifiés	Portage la Prairie	Portage la Prairie	--
2022	2022	Manitoba	Manitoba	Federal Skilled Worker	Travailleurs qualifiés	Thompson	Thompson	--
2022	2022	Manitoba	Manitoba	Federal Skilled Worker	Travailleurs qualifiés	Winnipeg	Winnipeg	65
2022	2022	Manitoba	Manitoba	Provincial Nominee Program	Candidats des provinces ou des territoires	Brandon	Brandon	95
2022	2022	Manitoba	Manitoba	Provincial Nominee Program	Candidats des provinces ou des territoires	Other - Manitoba	Autres - Manitoba	110
2022	2022	Manitoba	Manitoba	Provincial Nominee Program	Candidats des provinces ou des territoires	Portage la Prairie	Portage la Prairie	20
2022	2022	Manitoba	Manitoba	Provincial Nominee Program	Candidats des provinces ou des territoires	Steinbach	Steinbach	15
2022	2022	Manitoba	Manitoba	Provincial Nominee Program	Candidats des provinces ou des territoires	Thompson	Thompson	40
2022	2022	Manitoba	Manitoba	Provincial Nominee Program	Candidats des provinces ou des territoires	Winkler	Winkler	50
2022	2022	Manitoba	Manitoba	Provincial Nominee Program	Candidats des provinces ou des territoires	Winnipeg	Winnipeg	1670
2022	2022	New Brunswick	Nouveau-Brunswick	Canadian Experience Class	Catégorie de l'expérience canadienne	Bathurst	Bathurst	--
2022	2022	New Brunswick	Nouveau-Brunswick	Canadian Experience Class	Catégorie de l'expérience canadienne	Campbellton (New Brunswick part)	Campbellton (partie du Nouveau-Brunswick)	--
2022	2022	New Brunswick	Nouveau-Brunswick	Canadian Experience Class	Catégorie de l'expérience canadienne	Edmundston	Edmundston	--
2022	2022	New Brunswick	Nouveau-Brunswick	Canadian Experience Class	Catégorie de l'expérience canadienne	Fredericton	Fredericton	30
2022	2022	New Brunswick	Nouveau-Brunswick	Canadian Experience Class	Catégorie de l'expérience canadienne	Miramichi	Miramichi	--
2022	2022	New Brunswick	Nouveau-Brunswick	Canadian Experience Class	Catégorie de l'expérience canadienne	Moncton	Moncton	30
2022	2022	New Brunswick	Nouveau-Brunswick	Canadian Experience Class	Catégorie de l'expérience canadienne	Other - New Brunswick	Autres - Nouveau-Brunswick	5
2022	2022	New Brunswick	Nouveau-Brunswick	Canadian Experience Class	Catégorie de l'expérience canadienne	Saint John	Saint John	10
2022	2022	New Brunswick	Nouveau-Brunswick	Federal Skilled Worker	Travailleurs qualifiés	Bathurst	Bathurst	--
2022	2022	New Brunswick	Nouveau-Brunswick	Federal Skilled Worker	Travailleurs qualifiés	Edmundston	Edmundston	10
2022	2022	New Brunswick	Nouveau-Brunswick	Federal Skilled Worker	Travailleurs qualifiés	Fredericton	Fredericton	15
2022	2022	New Brunswick	Nouveau-Brunswick	Federal Skilled Worker	Travailleurs qualifiés	Moncton	Moncton	45
2022	2022	New Brunswick	Nouveau-Brunswick	Federal Skilled Worker	Travailleurs qualifiés	Other - New Brunswick	Autres - Nouveau-Brunswick	5
2022	2022	New Brunswick	Nouveau-Brunswick	Federal Skilled Worker	Travailleurs qualifiés	Saint John	Saint John	10
2022	2022	New Brunswick	Nouveau-Brunswick	Provincial Nominee Program	Candidats des provinces ou des territoires	Bathurst	Bathurst	5
2022	2022	New Brunswick	Nouveau-Brunswick	Provincial Nominee Program	Candidats des provinces ou des territoires	Campbellton (New Brunswick part)	Campbellton (partie du Nouveau-Brunswick)	5
2022	2022	New Brunswick	Nouveau-Brunswick	Provincial Nominee Program	Candidats des provinces ou des territoires	Edmundston	Edmundston	10
2022	2022	New Brunswick	Nouveau-Brunswick	Provincial Nominee Program	Candidats des provinces ou des territoires	Fredericton	Fredericton	135
2022	2022	New Brunswick	Nouveau-Brunswick	Provincial Nominee Program	Candidats des provinces ou des territoires	Miramichi	Miramichi	10
2022	2022	New Brunswick	Nouveau-Brunswick	Provincial Nominee Program	Candidats des provinces ou des territoires	Moncton	Moncton	405
2022	2022	New Brunswick	Nouveau-Brunswick	Provincial Nominee Program	Candidats des provinces ou des territoires	Other - New Brunswick	Autres - Nouveau-Brunswick	65
2022	2022	New Brunswick	Nouveau-Brunswick	Provincial Nominee Program	Candidats des provinces ou des territoires	Saint John	Saint John	150
2022	2022	Newfoundland and Labrador	Terre-Neuve-et-Labrador	Canadian Experience Class	Catégorie de l'expérience canadienne	Corner Brook	Corner Brook	--
2022	2022	Newfoundland and Labrador	Terre-Neuve-et-Labrador	Canadian Experience Class	Catégorie de l'expérience canadienne	Other - Newfoundland and Labrador	Autres - Terre-Neuve-et-Labrador	--
2022	2022	Newfoundland and Labrador	Terre-Neuve-et-Labrador	Canadian Experience Class	Catégorie de l'expérience canadienne	St. John's	St. John's	30
2022	2022	Newfoundland and Labrador	Terre-Neuve-et-Labrador	Federal Skilled Worker	Travailleurs qualifiés	St. John's	St. John's	5
2022	2022	Newfoundland and Labrador	Terre-Neuve-et-Labrador	Provincial Nominee Program	Candidats des provinces ou des territoires	Corner Brook	Corner Brook	10
2022	2022	Newfoundland and Labrador	Terre-Neuve-et-Labrador	Provincial Nominee Program	Candidats des provinces ou des territoires	Gander	Gander	--
2022	2022	Newfoundland and Labrador	Terre-Neuve-et-Labrador	Provincial Nominee Program	Candidats des provinces ou des territoires	Other - Newfoundland and Labrador	Autres - Terre-Neuve-et-Labrador	10
2022	2022	Newfoundland and Labrador	Terre-Neuve-et-Labrador	Provincial Nominee Program	Candidats des provinces ou des territoires	St. John's	St. John's	285
2022	2022	Northwest Territories	Territoires du Nord-Ouest	Canadian Experience Class	Catégorie de l'expérience canadienne	Territories (outside Census agglomeration, Northwest Territories)	Territoires (à l'extérieur des agglomérations de recensement, Territoires du Nord-Ouest)	--
2022	2022	Northwest Territories	Territoires du Nord-Ouest	Canadian Experience Class	Catégorie de l'expérience canadienne	Yellowknife	Yellowknife	10
2022	2022	Northwest Territories	Territoires du Nord-Ouest	Federal Skilled Worker	Travailleurs qualifiés	Territories (outside Census agglomeration, Northwest Territories)	Territoires (à l'extérieur des agglomérations de recensement, Territoires du Nord-Ouest)	--
2022	2022	Northwest Territories	Territoires du Nord-Ouest	Federal Skilled Worker	Travailleurs qualifiés	Yellowknife	Yellowknife	5
2022	2022	Northwest Territories	Territoires du Nord-Ouest	Provincial Nominee Program	Candidats des provinces ou des territoires	Territories (outside Census agglomeration, Northwest Territories)	Territoires (à l'extérieur des agglomérations de recensement, Territoires du Nord-Ouest)	--
2022	2022	Northwest Territories	Territoires du Nord-Ouest	Provincial Nominee Program	Candidats des provinces ou des territoires	Yellowknife	Yellowknife	15
2022	2022	Province/Territory not stated	Province / territoire non déclaré(e)	Canadian Experience Class	Catégorie de l'expérience canadienne	Census metropolitan area not stated	Région métropolitaine de recensement non déclarée	--
2022	2022	Nova Scotia	Nouvelle-Écosse	Canadian Experience Class	Catégorie de l'expérience canadienne	Cape Breton	Cape Breton	5
2022	2022	Nova Scotia	Nouvelle-Écosse	Canadian Experience Class	Catégorie de l'expérience canadienne	Halifax	Halifax	200
2022	2022	Nova Scotia	Nouvelle-Écosse	Canadian Experience Class	Catégorie de l'expérience canadienne	Kentville	Kentville	--
2022	2022	Nova Scotia	Nouvelle-Écosse	Canadian Experience Class	Catégorie de l'expérience canadienne	New Glasgow	New Glasgow	--
2022	2022	Nova Scotia	Nouvelle-Écosse	Canadian Experience Class	Catégorie de l'expérience canadienne	Other - Nova Scotia	Autres - Nouvelle-Écosse	5
2022	2022	Nova Scotia	Nouvelle-Écosse	Canadian Experience Class	Catégorie de l'expérience canadienne	Truro	Truro	--
2022	2022	Nova Scotia	Nouvelle-Écosse	Federal Skilled Worker	Travailleurs qualifiés	Cape Breton	Cape Breton	--
2022	2022	Nova Scotia	Nouvelle-Écosse	Federal Skilled Worker	Travailleurs qualifiés	Halifax	Halifax	35
2022	2022	Nova Scotia	Nouvelle-Écosse	Federal Skilled Worker	Travailleurs qualifiés	Other - Nova Scotia	Autres - Nouvelle-Écosse	--
2022	2022	Nova Scotia	Nouvelle-Écosse	Provincial Nominee Program	Candidats des provinces ou des territoires	Cape Breton	Cape Breton	95
2022	2022	Nova Scotia	Nouvelle-Écosse	Provincial Nominee Program	Candidats des provinces ou des territoires	Halifax	Halifax	1330
2022	2022	Nova Scotia	Nouvelle-Écosse	Provincial Nominee Program	Candidats des provinces ou des territoires	Kentville	Kentville	30
2022	2022	Nova Scotia	Nouvelle-Écosse	Provincial Nominee Program	Candidats des provinces ou des territoires	New Glasgow	New Glasgow	15
2022	2022	Nova Scotia	Nouvelle-Écosse	Provincial Nominee Program	Candidats des provinces ou des territoires	Other - Nova Scotia	Autres - Nouvelle-Écosse	115
2022	2022	Nova Scotia	Nouvelle-Écosse	Provincial Nominee Program	Candidats des provinces ou des territoires	Truro	Truro	40
2022	2022	Nunavut	Nunavut	Canadian Experience Class	Catégorie de l'expérience canadienne	Territories (outside Census agglomeration, Nunavut)	Territoires (à l'extérieur des agglomérations de recensement, Nunavut)	5
2022	2022	Nunavut	Nunavut	Federal Skilled Worker	Travailleurs qualifiés	Territories (outside Census agglomeration, Nunavut)	Territoires (à l'extérieur des agglomérations de recensement, Nunavut)	--
2022	2022	Ontario	Ontario	Canadian Experience Class	Catégorie de l'expérience canadienne	Barrie	Barrie	55
2022	2022	Ontario	Ontario	Canadian Experience Class	Catégorie de l'expérience canadienne	Belleville - Quinte West	Belleville - Quinte West	20
2022	2022	Ontario	Ontario	Canadian Experience Class	Catégorie de l'expérience canadienne	Brantford	Brantford	15
2022	2022	Ontario	Ontario	Canadian Experience Class	Catégorie de l'expérience canadienne	Brockville	Brockville	10
2022	2022	Ontario	Ontario	Canadian Experience Class	Catégorie de l'expérience canadienne	Centre Wellington	Centre Wellington	--
2022	2022	Ontario	Ontario	Canadian Experience Class	Catégorie de l'expérience canadienne	Chatham-Kent	Chatham-Kent	--
2022	2022	Ontario	Ontario	Canadian Experience Class	Catégorie de l'expérience canadienne	Cobourg	Cobourg	--
2022	2022	Ontario	Ontario	Canadian Experience Class	Catégorie de l'expérience canadienne	Collingwood	Collingwood	10
2022	2022	Ontario	Ontario	Canadian Experience Class	Catégorie de l'expérience canadienne	Cornwall	Cornwall	25
2022	2022	Ontario	Ontario	Canadian Experience Class	Catégorie de l'expérience canadienne	Essa	Essa	--
2022	2022	Ontario	Ontario	Canadian Experience Class	Catégorie de l'expérience canadienne	Greater Sudbury	Grand Sudbury	30
2022	2022	Ontario	Ontario	Canadian Experience Class	Catégorie de l'expérience canadienne	Guelph	Guelph	50
2022	2022	Ontario	Ontario	Canadian Experience Class	Catégorie de l'expérience canadienne	Hamilton	Hamilton	225
2022	2022	Ontario	Ontario	Canadian Experience Class	Catégorie de l'expérience canadienne	Hawkesbury (Ontario part)	Hawkesbury (partie de l'Ontario)	5
2022	2022	Ontario	Ontario	Canadian Experience Class	Catégorie de l'expérience canadienne	Kawartha Lakes	Kawartha Lakes	--
2022	2022	Ontario	Ontario	Canadian Experience Class	Catégorie de l'expérience canadienne	Kenora	Kenora	--
2022	2022	Ontario	Ontario	Canadian Experience Class	Catégorie de l'expérience canadienne	Kingston	Kingston	60
2022	2022	Ontario	Ontario	Canadian Experience Class	Catégorie de l'expérience canadienne	Kitchener - Cambridge - Waterloo	Kitchener - Cambridge - Waterloo	505
2022	2022	Ontario	Ontario	Canadian Experience Class	Catégorie de l'expérience canadienne	London	Londres	215
2022	2022	Ontario	Ontario	Canadian Experience Class	Catégorie de l'expérience canadienne	Midland	Midland	--
2022	2022	Ontario	Ontario	Canadian Experience Class	Catégorie de l'expérience canadienne	Norfolk	Norfolk	--
2022	2022	Ontario	Ontario	Canadian Experience Class	Catégorie de l'expérience canadienne	North Bay	North Bay	10
2022	2022	Ontario	Ontario	Canadian Experience Class	Catégorie de l'expérience canadienne	Orillia	Orillia	--
2022	2022	Ontario	Ontario	Canadian Experience Class	Catégorie de l'expérience canadienne	Oshawa	Oshawa	75
2022	2022	Ontario	Ontario	Canadian Experience Class	Catégorie de l'expérience canadienne	Other - Ontario	Autres - Ontario	70
2022	2022	Ontario	Ontario	Canadian Experience Class	Catégorie de l'expérience canadienne	Ottawa - Gatineau (Ontario part)	Ottawa - Gatineau (partie de l'Ontario)	930
2022	2022	Ontario	Ontario	Canadian Experience Class	Catégorie de l'expérience canadienne	Owen Sound	Owen Sound	5
2022	2022	Ontario	Ontario	Canadian Experience Class	Catégorie de l'expérience canadienne	Pembroke	Pembroke	--
2022	2022	Ontario	Ontario	Canadian Experience Class	Catégorie de l'expérience canadienne	Petawawa	Petawawa	--
2022	2022	Ontario	Ontario	Canadian Experience Class	Catégorie de l'expérience canadienne	Peterborough	Peterborough	20
2022	2022	Ontario	Ontario	Canadian Experience Class	Catégorie de l'expérience canadienne	Port Hope	Port Hope	--
2022	2022	Ontario	Ontario	Canadian Experience Class	Catégorie de l'expérience canadienne	Sarnia	Sarnia	20
2022	2022	Ontario	Ontario	Canadian Experience Class	Catégorie de l'expérience canadienne	Sault Ste. Marie	Sault Ste. Marie	10
2022	2022	Ontario	Ontario	Canadian Experience Class	Catégorie de l'expérience canadienne	St. Catharines - Niagara	St. Catharines - Niagara	60
2022	2022	Ontario	Ontario	Canadian Experience Class	Catégorie de l'expérience canadienne	Stratford	Stratford	5
2022	2022	Ontario	Ontario	Canadian Experience Class	Catégorie de l'expérience canadienne	Thunder Bay	Thunder Bay	30
2022	2022	Ontario	Ontario	Canadian Experience Class	Catégorie de l'expérience canadienne	Tillsonburg	Tillsonburg	--
2022	2022	Ontario	Ontario	Canadian Experience Class	Catégorie de l'expérience canadienne	Timmins	Timmins	--
2022	2022	Ontario	Ontario	Canadian Experience Class	Catégorie de l'expérience canadienne	Toronto	Toronto	6355
2022	2022	Ontario	Ontario	Canadian Experience Class	Catégorie de l'expérience canadienne	Windsor	Windsor	150
2022	2022	Ontario	Ontario	Canadian Experience Class	Catégorie de l'expérience canadienne	Woodstock	Woodstock	5
2022	2022	Ontario	Ontario	Federal Skilled Worker	Travailleurs qualifiés	Barrie	Barrie	5
2022	2022	Ontario	Ontario	Federal Skilled Worker	Travailleurs qualifiés	Belleville - Quinte West	Belleville - Quinte West	--
2022	2022	Ontario	Ontario	Federal Skilled Worker	Travailleurs qualifiés	Brantford	Brantford	10
2022	2022	Ontario	Ontario	Federal Skilled Worker	Travailleurs qualifiés	Cornwall	Cornwall	10
2022	2022	Ontario	Ontario	Federal Skilled Worker	Travailleurs qualifiés	Greater Sudbury	Grand Sudbury	10
2022	2022	Ontario	Ontario	Federal Skilled Worker	Travailleurs qualifiés	Guelph	Guelph	10
2022	2022	Ontario	Ontario	Federal Skilled Worker	Travailleurs qualifiés	Hamilton	Hamilton	105
2022	2022	Ontario	Ontario	Federal Skilled Worker	Travailleurs qualifiés	Hawkesbury (Ontario part)	Hawkesbury (partie de l'Ontario)	5
2022	2022	Ontario	Ontario	Federal Skilled Worker	Travailleurs qualifiés	Kenora	Kenora	--
2022	2022	Ontario	Ontario	Federal Skilled Worker	Travailleurs qualifiés	Kingston	Kingston	15
2022	2022	Ontario	Ontario	Federal Skilled Worker	Travailleurs qualifiés	Kitchener - Cambridge - Waterloo	Kitchener - Cambridge - Waterloo	70
2022	2022	Ontario	Ontario	Federal Skilled Worker	Travailleurs qualifiés	London	Londres	45
2022	2022	Ontario	Ontario	Federal Skilled Worker	Travailleurs qualifiés	North Bay	North Bay	--
2022	2022	Ontario	Ontario	Federal Skilled Worker	Travailleurs qualifiés	Oshawa	Oshawa	15
2022	2022	Ontario	Ontario	Federal Skilled Worker	Travailleurs qualifiés	Other - Ontario	Autres - Ontario	15
2022	2022	Ontario	Ontario	Federal Skilled Worker	Travailleurs qualifiés	Ottawa - Gatineau (Ontario part)	Ottawa - Gatineau (partie de l'Ontario)	1140
2022	2022	Ontario	Ontario	Federal Skilled Worker	Travailleurs qualifiés	Owen Sound	Owen Sound	--
2022	2022	Ontario	Ontario	Federal Skilled Worker	Travailleurs qualifiés	Peterborough	Peterborough	--
2022	2022	Ontario	Ontario	Federal Skilled Worker	Travailleurs qualifiés	Sarnia	Sarnia	--
2022	2022	Ontario	Ontario	Federal Skilled Worker	Travailleurs qualifiés	Sault Ste. Marie	Sault Ste. Marie	--
2022	2022	Ontario	Ontario	Federal Skilled Worker	Travailleurs qualifiés	St. Catharines - Niagara	St. Catharines - Niagara	15
2022	2022	Ontario	Ontario	Federal Skilled Worker	Travailleurs qualifiés	Stratford	Stratford	--
2022	2022	Ontario	Ontario	Federal Skilled Worker	Travailleurs qualifiés	Thunder Bay	Thunder Bay	--
2022	2022	Ontario	Ontario	Federal Skilled Worker	Travailleurs qualifiés	Timmins	Timmins	--
2022	2022	Ontario	Ontario	Federal Skilled Worker	Travailleurs qualifiés	Toronto	Toronto	2250
2022	2022	Ontario	Ontario	Federal Skilled Worker	Travailleurs qualifiés	Wasaga Beach	Wasaga Beach	--
2022	2022	Ontario	Ontario	Federal Skilled Worker	Travailleurs qualifiés	Windsor	Windsor	25
2022	2022	Ontario	Ontario	Federal Skilled Worker	Travailleurs qualifiés	Woodstock	Woodstock	--
2022	2022	Ontario	Ontario	Provincial Nominee Program	Candidats des provinces ou des territoires	Barrie	Barrie	35
2022	2022	Ontario	Ontario	Provincial Nominee Program	Candidats des provinces ou des territoires	Belleville - Quinte West	Belleville - Quinte West	15
2022	2022	Ontario	Ontario	Provincial Nominee Program	Candidats des provinces ou des territoires	Brantford	Brantford	20
2022	2022	Ontario	Ontario	Provincial Nominee Program	Candidats des provinces ou des territoires	Chatham-Kent	Chatham-Kent	--
2022	2022	Ontario	Ontario	Provincial Nominee Program	Candidats des provinces ou des territoires	Cornwall	Cornwall	--
2022	2022	Ontario	Ontario	Provincial Nominee Program	Candidats des provinces ou des territoires	Greater Sudbury	Grand Sudbury	10
2022	2022	Ontario	Ontario	Provincial Nominee Program	Candidats des provinces ou des territoires	Guelph	Guelph	35
2022	2022	Ontario	Ontario	Provincial Nominee Program	Candidats des provinces ou des territoires	Hamilton	Hamilton	125
2022	2022	Ontario	Ontario	Provincial Nominee Program	Candidats des provinces ou des territoires	Hawkesbury (Ontario part)	Hawkesbury (partie de l'Ontario)	--
2022	2022	Ontario	Ontario	Provincial Nominee Program	Candidats des provinces ou des territoires	Kawartha Lakes	Kawartha Lakes	--
2022	2022	Ontario	Ontario	Provincial Nominee Program	Candidats des provinces ou des territoires	Kingston	Kingston	10
2022	2022	Ontario	Ontario	Provincial Nominee Program	Candidats des provinces ou des territoires	Kitchener - Cambridge - Waterloo	Kitchener - Cambridge - Waterloo	295
2022	2022	Ontario	Ontario	Provincial Nominee Program	Candidats des provinces ou des territoires	London	Londres	150
2022	2022	Ontario	Ontario	Provincial Nominee Program	Candidats des provinces ou des territoires	Norfolk	Norfolk	--
2022	2022	Ontario	Ontario	Provincial Nominee Program	Candidats des provinces ou des territoires	Orillia	Orillia	--
2022	2022	Ontario	Ontario	Provincial Nominee Program	Candidats des provinces ou des territoires	Oshawa	Oshawa	30
2022	2022	Ontario	Ontario	Provincial Nominee Program	Candidats des provinces ou des territoires	Other - Ontario	Autres - Ontario	30
2022	2022	Ontario	Ontario	Provincial Nominee Program	Candidats des provinces ou des territoires	Ottawa - Gatineau (Ontario part)	Ottawa - Gatineau (partie de l'Ontario)	445
2022	2022	Ontario	Ontario	Provincial Nominee Program	Candidats des provinces ou des territoires	Owen Sound	Owen Sound	--
2022	2022	Ontario	Ontario	Provincial Nominee Program	Candidats des provinces ou des territoires	Peterborough	Peterborough	15
2022	2022	Ontario	Ontario	Provincial Nominee Program	Candidats des provinces ou des territoires	Sarnia	Sarnia	--
2022	2022	Ontario	Ontario	Provincial Nominee Program	Candidats des provinces ou des territoires	Sault Ste. Marie	Sault Ste. Marie	--
2022	2022	Ontario	Ontario	Provincial Nominee Program	Candidats des provinces ou des territoires	St. Catharines - Niagara	St. Catharines - Niagara	35
2022	2022	Ontario	Ontario	Provincial Nominee Program	Candidats des provinces ou des territoires	Stratford	Stratford	10
2022	2022	Ontario	Ontario	Provincial Nominee Program	Candidats des provinces ou des territoires	Thunder Bay	Thunder Bay	--
2022	2022	Ontario	Ontario	Provincial Nominee Program	Candidats des provinces ou des territoires	Tillsonburg	Tillsonburg	--
2022	2022	Ontario	Ontario	Provincial Nominee Program	Candidats des provinces ou des territoires	Toronto	Toronto	3830
2022	2022	Ontario	Ontario	Provincial Nominee Program	Candidats des provinces ou des territoires	Windsor	Windsor	55
2022	2022	Ontario	Ontario	Provincial Nominee Program	Candidats des provinces ou des territoires	Woodstock	Woodstock	10
2022	2022	Prince Edward Island	Île-du-Prince-Édouard	Canadian Experience Class	Catégorie de l'expérience canadienne	Charlottetown	Charlottetown	15
2022	2022	Prince Edward Island	Île-du-Prince-Édouard	Canadian Experience Class	Catégorie de l'expérience canadienne	Other - Prince Edward Island	Autres - Île-du-Prince-Édouard	10
2022	2022	Prince Edward Island	Île-du-Prince-Édouard	Canadian Experience Class	Catégorie de l'expérience canadienne	Summerside	Summerside	--
2022	2022	Prince Edward Island	Île-du-Prince-Édouard	Federal Skilled Worker	Travailleurs qualifiés	Charlottetown	Charlottetown	--
2022	2022	Prince Edward Island	Île-du-Prince-Édouard	Federal Skilled Worker	Travailleurs qualifiés	Other - Prince Edward Island	Autres - Île-du-Prince-Édouard	--
2022	2022	Prince Edward Island	Île-du-Prince-Édouard	Federal Skilled Worker	Travailleurs qualifiés	Summerside	Summerside	--
2022	2022	Prince Edward Island	Île-du-Prince-Édouard	Provincial Nominee Program	Candidats des provinces ou des territoires	Charlottetown	Charlottetown	250
2022	2022	Prince Edward Island	Île-du-Prince-Édouard	Provincial Nominee Program	Candidats des provinces ou des territoires	Other - Prince Edward Island	Autres - Île-du-Prince-Édouard	35
2022	2022	Prince Edward Island	Île-du-Prince-Édouard	Provincial Nominee Program	Candidats des provinces ou des territoires	Summerside	Summerside	100
2022	2022	Saskatchewan	Saskatchewan	Canadian Experience Class	Catégorie de l'expérience canadienne	North Battleford	North Battleford	--
2022	2022	Saskatchewan	Saskatchewan	Canadian Experience Class	Catégorie de l'expérience canadienne	Prince Albert	Prince Albert	--
2022	2022	Saskatchewan	Saskatchewan	Canadian Experience Class	Catégorie de l'expérience canadienne	Regina	Regina	45
2022	2022	Saskatchewan	Saskatchewan	Canadian Experience Class	Catégorie de l'expérience canadienne	Saskatoon	Saskatoon	55
2022	2022	Saskatchewan	Saskatchewan	Federal Skilled Worker	Travailleurs qualifiés	Other - Saskatchewan	Autres - Saskatchewan	--
2022	2022	Saskatchewan	Saskatchewan	Federal Skilled Worker	Travailleurs qualifiés	Regina	Regina	20
2022	2022	Saskatchewan	Saskatchewan	Federal Skilled Worker	Travailleurs qualifiés	Saskatoon	Saskatoon	20
2022	2022	Saskatchewan	Saskatchewan	Provincial Nominee Program	Candidats des provinces ou des territoires	Estevan	Estevan	--
2022	2022	Saskatchewan	Saskatchewan	Provincial Nominee Program	Candidats des provinces ou des territoires	Lloydminster (Saskatchewan part)	Lloydminster (partie de la Saskatchewan)	--
2022	2022	Saskatchewan	Saskatchewan	Provincial Nominee Program	Candidats des provinces ou des territoires	Moose Jaw	Moose Jaw	5
2022	2022	Saskatchewan	Saskatchewan	Provincial Nominee Program	Candidats des provinces ou des territoires	North Battleford	North Battleford	--
2022	2022	Saskatchewan	Saskatchewan	Provincial Nominee Program	Candidats des provinces ou des territoires	Other - Saskatchewan	Autres - Saskatchewan	10
2022	2022	Saskatchewan	Saskatchewan	Provincial Nominee Program	Candidats des provinces ou des territoires	Prince Albert	Prince Albert	10
2022	2022	Saskatchewan	Saskatchewan	Provincial Nominee Program	Candidats des provinces ou des territoires	Regina	Regina	500
2022	2022	Saskatchewan	Saskatchewan	Provincial Nominee Program	Candidats des provinces ou des territoires	Saskatoon	Saskatoon	695
2022	2022	Saskatchewan	Saskatchewan	Provincial Nominee Program	Candidats des provinces ou des territoires	Swift Current	Swift Current	--
2022	2022	Saskatchewan	Saskatchewan	Provincial Nominee Program	Candidats des provinces ou des territoires	Weyburn	Weyburn	--
2022	2022	Saskatchewan	Saskatchewan	Provincial Nominee Program	Candidats des provinces ou des territoires	Yorkton	Yorkton	--
2022	2022	Yukon	Yukon	Canadian Experience Class	Catégorie de l'expérience canadienne	Territories (outside Census agglomeration, Yukon)	Territoires (à l'extérieur des agglomérations de recensement, Yukon)	--
2022	2022	Yukon	Yukon	Canadian Experience Class	Catégorie de l'expérience canadienne	Whitehorse	Whitehorse	10
2022	2022	Yukon	Yukon	Federal Skilled Worker	Travailleurs qualifiés	Territories (outside Census agglomeration, Yukon)	Territoires (à l'extérieur des agglomérations de recensement, Yukon)	--
2022	2022	Yukon	Yukon	Federal Skilled Worker	Travailleurs qualifiés	Whitehorse	Whitehorse	--
2022	2022	Yukon	Yukon	Provincial Nominee Program	Candidats des provinces ou des territoires	Territories (outside Census agglomeration, Yukon)	Territoires (à l'extérieur des agglomérations de recensement, Yukon)	--
2022	2022	Yukon	Yukon	Provincial Nominee Program	Candidats des provinces ou des territoires	Whitehorse	Whitehorse	25
2023	2023	Alberta	Alberta	Canadian Experience Class	Catégorie de l'expérience canadienne	Brooks	Brooks	5
2023	2023	Alberta	Alberta	Canadian Experience Class	Catégorie de l'expérience canadienne	Calgary	Calgary	1255
2023	2023	Alberta	Alberta	Canadian Experience Class	Catégorie de l'expérience canadienne	Camrose	Camrose	--
2023	2023	Alberta	Alberta	Canadian Experience Class	Catégorie de l'expérience canadienne	Canmore	Canmore	35
2023	2023	Alberta	Alberta	Canadian Experience Class	Catégorie de l'expérience canadienne	Edmonton	Edmonton	820
2023	2023	Alberta	Alberta	Canadian Experience Class	Catégorie de l'expérience canadienne	Grande Prairie	Grande Prairie	20
2023	2023	Alberta	Alberta	Canadian Experience Class	Catégorie de l'expérience canadienne	High River	High River	--
2023	2023	Alberta	Alberta	Canadian Experience Class	Catégorie de l'expérience canadienne	Lacombe	Lacombe	--
2023	2023	Alberta	Alberta	Canadian Experience Class	Catégorie de l'expérience canadienne	Lethbridge	Lethbridge	50
2023	2023	Alberta	Alberta	Canadian Experience Class	Catégorie de l'expérience canadienne	Lloydminster (Alberta part)	Lloydminster (partie de l'Alberta)	5
2023	2023	Alberta	Alberta	Canadian Experience Class	Catégorie de l'expérience canadienne	Medicine Hat	Medicine Hat	10
2023	2023	Alberta	Alberta	Canadian Experience Class	Catégorie de l'expérience canadienne	Okotoks	Okotoks	5
2023	2023	Alberta	Alberta	Canadian Experience Class	Catégorie de l'expérience canadienne	Other - Alberta	Autres - Alberta	90
2023	2023	Alberta	Alberta	Canadian Experience Class	Catégorie de l'expérience canadienne	Red Deer	Red Deer	30
2023	2023	Alberta	Alberta	Canadian Experience Class	Catégorie de l'expérience canadienne	Sylvan Lake	Sylvan Lake	--
2023	2023	Alberta	Alberta	Canadian Experience Class	Catégorie de l'expérience canadienne	Wetaskiwin	Wetaskiwin	--
2023	2023	Alberta	Alberta	Canadian Experience Class	Catégorie de l'expérience canadienne	Wood Buffalo	Wood Buffalo	25
2023	2023	Alberta	Alberta	Federal Skilled Worker	Travailleurs qualifiés	Brooks	Brooks	--
2023	2023	Alberta	Alberta	Federal Skilled Worker	Travailleurs qualifiés	Calgary	Calgary	1760
2023	2023	Alberta	Alberta	Federal Skilled Worker	Travailleurs qualifiés	Camrose	Camrose	--
2023	2023	Alberta	Alberta	Federal Skilled Worker	Travailleurs qualifiés	Canmore	Canmore	5
2023	2023	Alberta	Alberta	Federal Skilled Worker	Travailleurs qualifiés	Edmonton	Edmonton	875
2023	2023	Alberta	Alberta	Federal Skilled Worker	Travailleurs qualifiés	Grande Prairie	Grande Prairie	10
2023	2023	Alberta	Alberta	Federal Skilled Worker	Travailleurs qualifiés	Lacombe	Lacombe	--
2023	2023	Alberta	Alberta	Federal Skilled Worker	Travailleurs qualifiés	Lethbridge	Lethbridge	20
2023	2023	Alberta	Alberta	Federal Skilled Worker	Travailleurs qualifiés	Lloydminster (Alberta part)	Lloydminster (partie de l'Alberta)	5
2023	2023	Alberta	Alberta	Federal Skilled Worker	Travailleurs qualifiés	Medicine Hat	Medicine Hat	10
2023	2023	Alberta	Alberta	Federal Skilled Worker	Travailleurs qualifiés	Okotoks	Okotoks	--
2023	2023	Alberta	Alberta	Federal Skilled Worker	Travailleurs qualifiés	Other - Alberta	Autres - Alberta	85
2023	2023	Alberta	Alberta	Federal Skilled Worker	Travailleurs qualifiés	Red Deer	Red Deer	15
2023	2023	Alberta	Alberta	Federal Skilled Worker	Travailleurs qualifiés	Strathmore	Strathmore	--
2023	2023	Alberta	Alberta	Federal Skilled Worker	Travailleurs qualifiés	Sylvan Lake	Sylvan Lake	--
2023	2023	Alberta	Alberta	Federal Skilled Worker	Travailleurs qualifiés	Wetaskiwin	Wetaskiwin	--
2023	2023	Alberta	Alberta	Federal Skilled Worker	Travailleurs qualifiés	Wood Buffalo	Wood Buffalo	15
2023	2023	Alberta	Alberta	Provincial Nominee Program	Candidats des provinces ou des territoires	Brooks	Brooks	15
2023	2023	Alberta	Alberta	Provincial Nominee Program	Candidats des provinces ou des territoires	Calgary	Calgary	2235
2023	2023	Alberta	Alberta	Provincial Nominee Program	Candidats des provinces ou des territoires	Camrose	Camrose	--
2023	2023	Alberta	Alberta	Provincial Nominee Program	Candidats des provinces ou des territoires	Canmore	Canmore	15
2023	2023	Alberta	Alberta	Provincial Nominee Program	Candidats des provinces ou des territoires	Edmonton	Edmonton	1235
2023	2023	Alberta	Alberta	Provincial Nominee Program	Candidats des provinces ou des territoires	Grande Prairie	Grande Prairie	25
2023	2023	Alberta	Alberta	Provincial Nominee Program	Candidats des provinces ou des territoires	High River	High River	--
2023	2023	Alberta	Alberta	Provincial Nominee Program	Candidats des provinces ou des territoires	Lacombe	Lacombe	5
2023	2023	Alberta	Alberta	Provincial Nominee Program	Candidats des provinces ou des territoires	Lethbridge	Lethbridge	30
2023	2023	Alberta	Alberta	Provincial Nominee Program	Candidats des provinces ou des territoires	Lloydminster (Alberta part)	Lloydminster (partie de l'Alberta)	--
2023	2023	Alberta	Alberta	Provincial Nominee Program	Candidats des provinces ou des territoires	Medicine Hat	Medicine Hat	10
2023	2023	Alberta	Alberta	Provincial Nominee Program	Candidats des provinces ou des territoires	Okotoks	Okotoks	5
2023	2023	Alberta	Alberta	Provincial Nominee Program	Candidats des provinces ou des territoires	Other - Alberta	Autres - Alberta	125
2023	2023	Alberta	Alberta	Provincial Nominee Program	Candidats des provinces ou des territoires	Red Deer	Red Deer	40
2023	2023	Alberta	Alberta	Provincial Nominee Program	Candidats des provinces ou des territoires	Sylvan Lake	Sylvan Lake	15
2023	2023	Alberta	Alberta	Provincial Nominee Program	Candidats des provinces ou des territoires	Wetaskiwin	Wetaskiwin	--
2023	2023	Alberta	Alberta	Provincial Nominee Program	Candidats des provinces ou des territoires	Wood Buffalo	Wood Buffalo	45
2023	2023	British Columbia	Colombie-Britannique	Canadian Experience Class	Catégorie de l'expérience canadienne	Abbotsford - Mission	Abbotsford - Mission	185
2023	2023	British Columbia	Colombie-Britannique	Canadian Experience Class	Catégorie de l'expérience canadienne	Campbell River	Campbell River	20
2023	2023	British Columbia	Colombie-Britannique	Canadian Experience Class	Catégorie de l'expérience canadienne	Chilliwack	Chilliwack	40
2023	2023	British Columbia	Colombie-Britannique	Canadian Experience Class	Catégorie de l'expérience canadienne	Courtenay	Courtenay	20
2023	2023	British Columbia	Colombie-Britannique	Canadian Experience Class	Catégorie de l'expérience canadienne	Cranbrook	Cranbrook	5
2023	2023	British Columbia	Colombie-Britannique	Canadian Experience Class	Catégorie de l'expérience canadienne	Dawson Creek	Dawson Creek	15
2023	2023	British Columbia	Colombie-Britannique	Canadian Experience Class	Catégorie de l'expérience canadienne	Duncan	Duncan	10
2023	2023	British Columbia	Colombie-Britannique	Canadian Experience Class	Catégorie de l'expérience canadienne	Fort St. John	Fort St. John	10
2023	2023	British Columbia	Colombie-Britannique	Canadian Experience Class	Catégorie de l'expérience canadienne	Kamloops	Kamloops	100
2023	2023	British Columbia	Colombie-Britannique	Canadian Experience Class	Catégorie de l'expérience canadienne	Kelowna	Kelowna	160
2023	2023	British Columbia	Colombie-Britannique	Canadian Experience Class	Catégorie de l'expérience canadienne	Ladysmith	Ladysmith	--
2023	2023	British Columbia	Colombie-Britannique	Canadian Experience Class	Catégorie de l'expérience canadienne	Nanaimo	Nanaimo	85
2023	2023	British Columbia	Colombie-Britannique	Canadian Experience Class	Catégorie de l'expérience canadienne	Nelson	Nelson	10
2023	2023	British Columbia	Colombie-Britannique	Canadian Experience Class	Catégorie de l'expérience canadienne	Other - British Columbia	Autres - Colombie-Britannique	270
2023	2023	British Columbia	Colombie-Britannique	Canadian Experience Class	Catégorie de l'expérience canadienne	Parksville	Parksville	10
2023	2023	British Columbia	Colombie-Britannique	Canadian Experience Class	Catégorie de l'expérience canadienne	Penticton	Penticton	15
2023	2023	British Columbia	Colombie-Britannique	Canadian Experience Class	Catégorie de l'expérience canadienne	Port Alberni	Port Alberni	--
2023	2023	British Columbia	Colombie-Britannique	Canadian Experience Class	Catégorie de l'expérience canadienne	Powell River	Powell River	--
2023	2023	British Columbia	Colombie-Britannique	Canadian Experience Class	Catégorie de l'expérience canadienne	Prince George	Prince George	45
2023	2023	British Columbia	Colombie-Britannique	Canadian Experience Class	Catégorie de l'expérience canadienne	Prince Rupert	Prince Rupert	5
2023	2023	British Columbia	Colombie-Britannique	Canadian Experience Class	Catégorie de l'expérience canadienne	Quesnel	Quesnel	--
2023	2023	British Columbia	Colombie-Britannique	Canadian Experience Class	Catégorie de l'expérience canadienne	Salmon Arm	Salmon Arm	5
2023	2023	British Columbia	Colombie-Britannique	Canadian Experience Class	Catégorie de l'expérience canadienne	Squamish	Squamish	55
2023	2023	British Columbia	Colombie-Britannique	Canadian Experience Class	Catégorie de l'expérience canadienne	Terrace	Terrace	10
2023	2023	British Columbia	Colombie-Britannique	Canadian Experience Class	Catégorie de l'expérience canadienne	Trail	Trail	--
2023	2023	British Columbia	Colombie-Britannique	Canadian Experience Class	Catégorie de l'expérience canadienne	Vancouver	Vancouver	7085
2023	2023	British Columbia	Colombie-Britannique	Canadian Experience Class	Catégorie de l'expérience canadienne	Vernon	Vernon	10
2023	2023	British Columbia	Colombie-Britannique	Canadian Experience Class	Catégorie de l'expérience canadienne	Victoria	Victoria	330
2023	2023	British Columbia	Colombie-Britannique	Canadian Experience Class	Catégorie de l'expérience canadienne	Williams Lake	Williams Lake	10
2023	2023	British Columbia	Colombie-Britannique	Federal Skilled Trades	Métiers spécialisés	Vancouver	Vancouver	--
2023	2023	British Columbia	Colombie-Britannique	Federal Skilled Worker	Travailleurs qualifiés	Abbotsford - Mission	Abbotsford - Mission	45
2023	2023	British Columbia	Colombie-Britannique	Federal Skilled Worker	Travailleurs qualifiés	Campbell River	Campbell River	5
2023	2023	British Columbia	Colombie-Britannique	Federal Skilled Worker	Travailleurs qualifiés	Chilliwack	Chilliwack	10
2023	2023	British Columbia	Colombie-Britannique	Federal Skilled Worker	Travailleurs qualifiés	Courtenay	Courtenay	5
2023	2023	British Columbia	Colombie-Britannique	Federal Skilled Worker	Travailleurs qualifiés	Cranbrook	Cranbrook	--
2023	2023	British Columbia	Colombie-Britannique	Federal Skilled Worker	Travailleurs qualifiés	Dawson Creek	Dawson Creek	--
2023	2023	British Columbia	Colombie-Britannique	Federal Skilled Worker	Travailleurs qualifiés	Fort St. John	Fort St. John	--
2023	2023	British Columbia	Colombie-Britannique	Federal Skilled Worker	Travailleurs qualifiés	Kamloops	Kamloops	20
2023	2023	British Columbia	Colombie-Britannique	Federal Skilled Worker	Travailleurs qualifiés	Kelowna	Kelowna	25
2023	2023	British Columbia	Colombie-Britannique	Federal Skilled Worker	Travailleurs qualifiés	Nanaimo	Nanaimo	15
2023	2023	British Columbia	Colombie-Britannique	Federal Skilled Worker	Travailleurs qualifiés	Nelson	Nelson	5
2023	2023	British Columbia	Colombie-Britannique	Federal Skilled Worker	Travailleurs qualifiés	Other - British Columbia	Autres - Colombie-Britannique	45
2023	2023	British Columbia	Colombie-Britannique	Federal Skilled Worker	Travailleurs qualifiés	Penticton	Penticton	--
2023	2023	British Columbia	Colombie-Britannique	Federal Skilled Worker	Travailleurs qualifiés	Port Alberni	Port Alberni	--
2023	2023	British Columbia	Colombie-Britannique	Federal Skilled Worker	Travailleurs qualifiés	Powell River	Powell River	--
2023	2023	British Columbia	Colombie-Britannique	Federal Skilled Worker	Travailleurs qualifiés	Prince George	Prince George	10
2023	2023	British Columbia	Colombie-Britannique	Federal Skilled Worker	Travailleurs qualifiés	Quesnel	Quesnel	--
2023	2023	British Columbia	Colombie-Britannique	Federal Skilled Worker	Travailleurs qualifiés	Salmon Arm	Salmon Arm	--
2023	2023	British Columbia	Colombie-Britannique	Federal Skilled Worker	Travailleurs qualifiés	Squamish	Squamish	10
2023	2023	British Columbia	Colombie-Britannique	Federal Skilled Worker	Travailleurs qualifiés	Terrace	Terrace	--
2023	2023	British Columbia	Colombie-Britannique	Federal Skilled Worker	Travailleurs qualifiés	Vancouver	Vancouver	2100
2023	2023	British Columbia	Colombie-Britannique	Federal Skilled Worker	Travailleurs qualifiés	Vernon	Vernon	--
2023	2023	British Columbia	Colombie-Britannique	Federal Skilled Worker	Travailleurs qualifiés	Victoria	Victoria	110
2023	2023	British Columbia	Colombie-Britannique	Provincial Nominee Program	Candidats des provinces ou des territoires	Abbotsford - Mission	Abbotsford - Mission	150
2023	2023	British Columbia	Colombie-Britannique	Provincial Nominee Program	Candidats des provinces ou des territoires	Campbell River	Campbell River	35
2023	2023	British Columbia	Colombie-Britannique	Provincial Nominee Program	Candidats des provinces ou des territoires	Chilliwack	Chilliwack	35
2023	2023	British Columbia	Colombie-Britannique	Provincial Nominee Program	Candidats des provinces ou des territoires	Courtenay	Courtenay	30
2023	2023	British Columbia	Colombie-Britannique	Provincial Nominee Program	Candidats des provinces ou des territoires	Cranbrook	Cranbrook	10
2023	2023	British Columbia	Colombie-Britannique	Provincial Nominee Program	Candidats des provinces ou des territoires	Dawson Creek	Dawson Creek	25
2023	2023	British Columbia	Colombie-Britannique	Provincial Nominee Program	Candidats des provinces ou des territoires	Duncan	Duncan	20
2023	2023	British Columbia	Colombie-Britannique	Provincial Nominee Program	Candidats des provinces ou des territoires	Fort St. John	Fort St. John	30
2023	2023	British Columbia	Colombie-Britannique	Provincial Nominee Program	Candidats des provinces ou des territoires	Kamloops	Kamloops	145
2023	2023	British Columbia	Colombie-Britannique	Provincial Nominee Program	Candidats des provinces ou des territoires	Kelowna	Kelowna	235
2023	2023	British Columbia	Colombie-Britannique	Provincial Nominee Program	Candidats des provinces ou des territoires	Ladysmith	Ladysmith	--
2023	2023	British Columbia	Colombie-Britannique	Provincial Nominee Program	Candidats des provinces ou des territoires	Nanaimo	Nanaimo	55
2023	2023	British Columbia	Colombie-Britannique	Provincial Nominee Program	Candidats des provinces ou des territoires	Nelson	Nelson	--
2023	2023	British Columbia	Colombie-Britannique	Provincial Nominee Program	Candidats des provinces ou des territoires	Other - British Columbia	Autres - Colombie-Britannique	260
2023	2023	British Columbia	Colombie-Britannique	Provincial Nominee Program	Candidats des provinces ou des territoires	Parksville	Parksville	--
2023	2023	British Columbia	Colombie-Britannique	Provincial Nominee Program	Candidats des provinces ou des territoires	Penticton	Penticton	20
2023	2023	British Columbia	Colombie-Britannique	Provincial Nominee Program	Candidats des provinces ou des territoires	Port Alberni	Port Alberni	15
2023	2023	British Columbia	Colombie-Britannique	Provincial Nominee Program	Candidats des provinces ou des territoires	Powell River	Powell River	--
2023	2023	British Columbia	Colombie-Britannique	Provincial Nominee Program	Candidats des provinces ou des territoires	Prince George	Prince George	80
2023	2023	British Columbia	Colombie-Britannique	Provincial Nominee Program	Candidats des provinces ou des territoires	Prince Rupert	Prince Rupert	10
2023	2023	British Columbia	Colombie-Britannique	Provincial Nominee Program	Candidats des provinces ou des territoires	Quesnel	Quesnel	--
2023	2023	British Columbia	Colombie-Britannique	Provincial Nominee Program	Candidats des provinces ou des territoires	Salmon Arm	Salmon Arm	10
2023	2023	British Columbia	Colombie-Britannique	Provincial Nominee Program	Candidats des provinces ou des territoires	Squamish	Squamish	25
2023	2023	British Columbia	Colombie-Britannique	Provincial Nominee Program	Candidats des provinces ou des territoires	Terrace	Terrace	40
2023	2023	British Columbia	Colombie-Britannique	Provincial Nominee Program	Candidats des provinces ou des territoires	Trail	Trail	--
2023	2023	British Columbia	Colombie-Britannique	Provincial Nominee Program	Candidats des provinces ou des territoires	Vancouver	Vancouver	3550
2023	2023	British Columbia	Colombie-Britannique	Provincial Nominee Program	Candidats des provinces ou des territoires	Vernon	Vernon	20
2023	2023	British Columbia	Colombie-Britannique	Provincial Nominee Program	Candidats des provinces ou des territoires	Victoria	Victoria	495
2023	2023	British Columbia	Colombie-Britannique	Provincial Nominee Program	Candidats des provinces ou des territoires	Williams Lake	Williams Lake	10
2023	2023	Manitoba	Manitoba	Canadian Experience Class	Catégorie de l'expérience canadienne	Brandon	Brandon	10
2023	2023	Manitoba	Manitoba	Canadian Experience Class	Catégorie de l'expérience canadienne	Other - Manitoba	Autres - Manitoba	15
2023	2023	Manitoba	Manitoba	Canadian Experience Class	Catégorie de l'expérience canadienne	Portage la Prairie	Portage la Prairie	5
2023	2023	Manitoba	Manitoba	Canadian Experience Class	Catégorie de l'expérience canadienne	Steinbach	Steinbach	--
2023	2023	Manitoba	Manitoba	Canadian Experience Class	Catégorie de l'expérience canadienne	Thompson	Thompson	--
2023	2023	Manitoba	Manitoba	Canadian Experience Class	Catégorie de l'expérience canadienne	Winkler	Winkler	--
2023	2023	Manitoba	Manitoba	Canadian Experience Class	Catégorie de l'expérience canadienne	Winnipeg	Winnipeg	305
2023	2023	Manitoba	Manitoba	Federal Skilled Worker	Travailleurs qualifiés	Brandon	Brandon	30
2023	2023	Manitoba	Manitoba	Federal Skilled Worker	Travailleurs qualifiés	Other - Manitoba	Autres - Manitoba	20
2023	2023	Manitoba	Manitoba	Federal Skilled Worker	Travailleurs qualifiés	Portage la Prairie	Portage la Prairie	--
2023	2023	Manitoba	Manitoba	Federal Skilled Worker	Travailleurs qualifiés	Steinbach	Steinbach	--
2023	2023	Manitoba	Manitoba	Federal Skilled Worker	Travailleurs qualifiés	Thompson	Thompson	--
2023	2023	Manitoba	Manitoba	Federal Skilled Worker	Travailleurs qualifiés	Winkler	Winkler	--
2023	2023	Manitoba	Manitoba	Federal Skilled Worker	Travailleurs qualifiés	Winnipeg	Winnipeg	325
2023	2023	Manitoba	Manitoba	Provincial Nominee Program	Candidats des provinces ou des territoires	Brandon	Brandon	240
2023	2023	Manitoba	Manitoba	Provincial Nominee Program	Candidats des provinces ou des territoires	Other - Manitoba	Autres - Manitoba	80
2023	2023	Manitoba	Manitoba	Provincial Nominee Program	Candidats des provinces ou des territoires	Portage la Prairie	Portage la Prairie	40
2023	2023	Manitoba	Manitoba	Provincial Nominee Program	Candidats des provinces ou des territoires	Steinbach	Steinbach	20
2023	2023	Manitoba	Manitoba	Provincial Nominee Program	Candidats des provinces ou des territoires	Thompson	Thompson	35
2023	2023	Manitoba	Manitoba	Provincial Nominee Program	Candidats des provinces ou des territoires	Winkler	Winkler	75
2023	2023	Manitoba	Manitoba	Provincial Nominee Program	Candidats des provinces ou des territoires	Winnipeg	Winnipeg	1250
2023	2023	New Brunswick	Nouveau-Brunswick	Canadian Experience Class	Catégorie de l'expérience canadienne	Bathurst	Bathurst	--
2023	2023	New Brunswick	Nouveau-Brunswick	Canadian Experience Class	Catégorie de l'expérience canadienne	Campbellton (New Brunswick part)	Campbellton (partie du Nouveau-Brunswick)	--
2023	2023	New Brunswick	Nouveau-Brunswick	Canadian Experience Class	Catégorie de l'expérience canadienne	Edmundston	Edmundston	10
2023	2023	New Brunswick	Nouveau-Brunswick	Canadian Experience Class	Catégorie de l'expérience canadienne	Fredericton	Fredericton	80
2023	2023	New Brunswick	Nouveau-Brunswick	Canadian Experience Class	Catégorie de l'expérience canadienne	Moncton	Moncton	115
2023	2023	New Brunswick	Nouveau-Brunswick	Canadian Experience Class	Catégorie de l'expérience canadienne	Other - New Brunswick	Autres - Nouveau-Brunswick	25
2023	2023	New Brunswick	Nouveau-Brunswick	Canadian Experience Class	Catégorie de l'expérience canadienne	Saint John	Saint John	40
2023	2023	New Brunswick	Nouveau-Brunswick	Federal Skilled Worker	Travailleurs qualifiés	Bathurst	Bathurst	25
2023	2023	New Brunswick	Nouveau-Brunswick	Federal Skilled Worker	Travailleurs qualifiés	Campbellton (New Brunswick part)	Campbellton (partie du Nouveau-Brunswick)	5
2023	2023	New Brunswick	Nouveau-Brunswick	Federal Skilled Worker	Travailleurs qualifiés	Edmundston	Edmundston	95
2023	2023	New Brunswick	Nouveau-Brunswick	Federal Skilled Worker	Travailleurs qualifiés	Fredericton	Fredericton	80
2023	2023	New Brunswick	Nouveau-Brunswick	Federal Skilled Worker	Travailleurs qualifiés	Miramichi	Miramichi	--
2023	2023	New Brunswick	Nouveau-Brunswick	Federal Skilled Worker	Travailleurs qualifiés	Moncton	Moncton	410
2023	2023	New Brunswick	Nouveau-Brunswick	Federal Skilled Worker	Travailleurs qualifiés	Other - New Brunswick	Autres - Nouveau-Brunswick	40
2023	2023	New Brunswick	Nouveau-Brunswick	Federal Skilled Worker	Travailleurs qualifiés	Saint John	Saint John	50
2023	2023	New Brunswick	Nouveau-Brunswick	Provincial Nominee Program	Candidats des provinces ou des territoires	Bathurst	Bathurst	5
2023	2023	New Brunswick	Nouveau-Brunswick	Provincial Nominee Program	Candidats des provinces ou des territoires	Campbellton (New Brunswick part)	Campbellton (partie du Nouveau-Brunswick)	--
2023	2023	New Brunswick	Nouveau-Brunswick	Provincial Nominee Program	Candidats des provinces ou des territoires	Edmundston	Edmundston	25
2023	2023	New Brunswick	Nouveau-Brunswick	Provincial Nominee Program	Candidats des provinces ou des territoires	Fredericton	Fredericton	225
2023	2023	New Brunswick	Nouveau-Brunswick	Provincial Nominee Program	Candidats des provinces ou des territoires	Miramichi	Miramichi	5
2023	2023	New Brunswick	Nouveau-Brunswick	Provincial Nominee Program	Candidats des provinces ou des territoires	Moncton	Moncton	615
2023	2023	New Brunswick	Nouveau-Brunswick	Provincial Nominee Program	Candidats des provinces ou des territoires	Other - New Brunswick	Autres - Nouveau-Brunswick	25
2023	2023	New Brunswick	Nouveau-Brunswick	Provincial Nominee Program	Candidats des provinces ou des territoires	Saint John	Saint John	270
2023	2023	Newfoundland and Labrador	Terre-Neuve-et-Labrador	Canadian Experience Class	Catégorie de l'expérience canadienne	Corner Brook	Corner Brook	--
2023	2023	Newfoundland and Labrador	Terre-Neuve-et-Labrador	Canadian Experience Class	Catégorie de l'expérience canadienne	Gander	Gander	--
2023	2023	Newfoundland and Labrador	Terre-Neuve-et-Labrador	Canadian Experience Class	Catégorie de l'expérience canadienne	Other - Newfoundland and Labrador	Autres - Terre-Neuve-et-Labrador	10
2023	2023	Newfoundland and Labrador	Terre-Neuve-et-Labrador	Canadian Experience Class	Catégorie de l'expérience canadienne	St. John's	St. John's	75
2023	2023	Newfoundland and Labrador	Terre-Neuve-et-Labrador	Federal Skilled Worker	Travailleurs qualifiés	Gander	Gander	--
2023	2023	Newfoundland and Labrador	Terre-Neuve-et-Labrador	Federal Skilled Worker	Travailleurs qualifiés	Other - Newfoundland and Labrador	Autres - Terre-Neuve-et-Labrador	5
2023	2023	Newfoundland and Labrador	Terre-Neuve-et-Labrador	Federal Skilled Worker	Travailleurs qualifiés	St. John's	St. John's	30
2023	2023	Newfoundland and Labrador	Terre-Neuve-et-Labrador	Provincial Nominee Program	Candidats des provinces ou des territoires	Corner Brook	Corner Brook	--
2023	2023	Newfoundland and Labrador	Terre-Neuve-et-Labrador	Provincial Nominee Program	Candidats des provinces ou des territoires	Gander	Gander	--
2023	2023	Newfoundland and Labrador	Terre-Neuve-et-Labrador	Provincial Nominee Program	Candidats des provinces ou des territoires	Grand Falls-Windsor	Grand Falls-Windsor	--
2023	2023	Newfoundland and Labrador	Terre-Neuve-et-Labrador	Provincial Nominee Program	Candidats des provinces ou des territoires	Other - Newfoundland and Labrador	Autres - Terre-Neuve-et-Labrador	20
2023	2023	Newfoundland and Labrador	Terre-Neuve-et-Labrador	Provincial Nominee Program	Candidats des provinces ou des territoires	St. John's	St. John's	110
2023	2023	Northwest Territories	Territoires du Nord-Ouest	Canadian Experience Class	Catégorie de l'expérience canadienne	Territories (outside Census agglomeration, Northwest Territories)	Territoires (à l'extérieur des agglomérations de recensement, Territoires du Nord-Ouest)	--
2023	2023	Northwest Territories	Territoires du Nord-Ouest	Canadian Experience Class	Catégorie de l'expérience canadienne	Yellowknife	Yellowknife	10
2023	2023	Northwest Territories	Territoires du Nord-Ouest	Federal Skilled Worker	Travailleurs qualifiés	Yellowknife	Yellowknife	--
2023	2023	Northwest Territories	Territoires du Nord-Ouest	Provincial Nominee Program	Candidats des provinces ou des territoires	Territories (outside Census agglomeration, Northwest Territories)	Territoires (à l'extérieur des agglomérations de recensement, Territoires du Nord-Ouest)	--
2023	2023	Northwest Territories	Territoires du Nord-Ouest	Provincial Nominee Program	Candidats des provinces ou des territoires	Yellowknife	Yellowknife	25
2023	2023	Nova Scotia	Nouvelle-Écosse	Canadian Experience Class	Catégorie de l'expérience canadienne	Cape Breton	Cape Breton	15
2023	2023	Nova Scotia	Nouvelle-Écosse	Canadian Experience Class	Catégorie de l'expérience canadienne	Halifax	Halifax	525
2023	2023	Nova Scotia	Nouvelle-Écosse	Canadian Experience Class	Catégorie de l'expérience canadienne	Kentville	Kentville	--
2023	2023	Nova Scotia	Nouvelle-Écosse	Canadian Experience Class	Catégorie de l'expérience canadienne	New Glasgow	New Glasgow	--
2023	2023	Nova Scotia	Nouvelle-Écosse	Canadian Experience Class	Catégorie de l'expérience canadienne	Other - Nova Scotia	Autres - Nouvelle-Écosse	15
2023	2023	Nova Scotia	Nouvelle-Écosse	Canadian Experience Class	Catégorie de l'expérience canadienne	Truro	Truro	15
2023	2023	Nova Scotia	Nouvelle-Écosse	Federal Skilled Worker	Travailleurs qualifiés	Cape Breton	Cape Breton	5
2023	2023	Nova Scotia	Nouvelle-Écosse	Federal Skilled Worker	Travailleurs qualifiés	Halifax	Halifax	170
2023	2023	Nova Scotia	Nouvelle-Écosse	Federal Skilled Worker	Travailleurs qualifiés	Kentville	Kentville	--
2023	2023	Nova Scotia	Nouvelle-Écosse	Federal Skilled Worker	Travailleurs qualifiés	New Glasgow	New Glasgow	--
2023	2023	Nova Scotia	Nouvelle-Écosse	Federal Skilled Worker	Travailleurs qualifiés	Other - Nova Scotia	Autres - Nouvelle-Écosse	5
2023	2023	Nova Scotia	Nouvelle-Écosse	Federal Skilled Worker	Travailleurs qualifiés	Truro	Truro	--
2023	2023	Nova Scotia	Nouvelle-Écosse	Provincial Nominee Program	Candidats des provinces ou des territoires	Cape Breton	Cape Breton	165
2023	2023	Nova Scotia	Nouvelle-Écosse	Provincial Nominee Program	Candidats des provinces ou des territoires	Halifax	Halifax	1150
2023	2023	Nova Scotia	Nouvelle-Écosse	Provincial Nominee Program	Candidats des provinces ou des territoires	Kentville	Kentville	10
2023	2023	Nova Scotia	Nouvelle-Écosse	Provincial Nominee Program	Candidats des provinces ou des territoires	New Glasgow	New Glasgow	5
2023	2023	Nova Scotia	Nouvelle-Écosse	Provincial Nominee Program	Candidats des provinces ou des territoires	Other - Nova Scotia	Autres - Nouvelle-Écosse	70
2023	2023	Nova Scotia	Nouvelle-Écosse	Provincial Nominee Program	Candidats des provinces ou des territoires	Truro	Truro	15
2023	2023	Nunavut	Nunavut	Canadian Experience Class	Catégorie de l'expérience canadienne	Territories (outside Census agglomeration, Nunavut)	Territoires (à l'extérieur des agglomérations de recensement, Nunavut)	5
2023	2023	Nunavut	Nunavut	Federal Skilled Worker	Travailleurs qualifiés	Territories (outside Census agglomeration, Nunavut)	Territoires (à l'extérieur des agglomérations de recensement, Nunavut)	--
2023	2023	Ontario	Ontario	Canadian Experience Class	Catégorie de l'expérience canadienne	Barrie	Barrie	205
2023	2023	Ontario	Ontario	Canadian Experience Class	Catégorie de l'expérience canadienne	Belleville - Quinte West	Belleville - Quinte West	90
2023	2023	Ontario	Ontario	Canadian Experience Class	Catégorie de l'expérience canadienne	Brantford	Brantford	130
2023	2023	Ontario	Ontario	Canadian Experience Class	Catégorie de l'expérience canadienne	Brockville	Brockville	10
2023	2023	Ontario	Ontario	Canadian Experience Class	Catégorie de l'expérience canadienne	Centre Wellington	Centre Wellington	5
2023	2023	Ontario	Ontario	Canadian Experience Class	Catégorie de l'expérience canadienne	Chatham-Kent	Chatham-Kent	25
2023	2023	Ontario	Ontario	Canadian Experience Class	Catégorie de l'expérience canadienne	Cobourg	Cobourg	5
2023	2023	Ontario	Ontario	Canadian Experience Class	Catégorie de l'expérience canadienne	Collingwood	Collingwood	35
2023	2023	Ontario	Ontario	Canadian Experience Class	Catégorie de l'expérience canadienne	Cornwall	Cornwall	55
2023	2023	Ontario	Ontario	Canadian Experience Class	Catégorie de l'expérience canadienne	Essa	Essa	5
2023	2023	Ontario	Ontario	Canadian Experience Class	Catégorie de l'expérience canadienne	Greater Sudbury	Grand Sudbury	80
2023	2023	Ontario	Ontario	Canadian Experience Class	Catégorie de l'expérience canadienne	Guelph	Guelph	235
2023	2023	Ontario	Ontario	Canadian Experience Class	Catégorie de l'expérience canadienne	Hamilton	Hamilton	820
2023	2023	Ontario	Ontario	Canadian Experience Class	Catégorie de l'expérience canadienne	Hawkesbury (Ontario part)	Hawkesbury (partie de l'Ontario)	25
2023	2023	Ontario	Ontario	Canadian Experience Class	Catégorie de l'expérience canadienne	Ingersoll	Ingersoll	--
2023	2023	Ontario	Ontario	Canadian Experience Class	Catégorie de l'expérience canadienne	Kawartha Lakes	Kawartha Lakes	10
2023	2023	Ontario	Ontario	Canadian Experience Class	Catégorie de l'expérience canadienne	Kenora	Kenora	10
2023	2023	Ontario	Ontario	Canadian Experience Class	Catégorie de l'expérience canadienne	Kingston	Kingston	190
2023	2023	Ontario	Ontario	Canadian Experience Class	Catégorie de l'expérience canadienne	Kitchener - Cambridge - Waterloo	Kitchener - Cambridge - Waterloo	1875
2023	2023	Ontario	Ontario	Canadian Experience Class	Catégorie de l'expérience canadienne	London	Londres	985
2023	2023	Ontario	Ontario	Canadian Experience Class	Catégorie de l'expérience canadienne	Midland	Midland	20
2023	2023	Ontario	Ontario	Canadian Experience Class	Catégorie de l'expérience canadienne	Norfolk	Norfolk	5
2023	2023	Ontario	Ontario	Canadian Experience Class	Catégorie de l'expérience canadienne	North Bay	North Bay	15
2023	2023	Ontario	Ontario	Canadian Experience Class	Catégorie de l'expérience canadienne	Orillia	Orillia	15
2023	2023	Ontario	Ontario	Canadian Experience Class	Catégorie de l'expérience canadienne	Oshawa	Oshawa	305
2023	2023	Ontario	Ontario	Canadian Experience Class	Catégorie de l'expérience canadienne	Other - Ontario	Autres - Ontario	250
2023	2023	Ontario	Ontario	Canadian Experience Class	Catégorie de l'expérience canadienne	Ottawa - Gatineau (Ontario part)	Ottawa - Gatineau (partie de l'Ontario)	2385
2023	2023	Ontario	Ontario	Canadian Experience Class	Catégorie de l'expérience canadienne	Owen Sound	Owen Sound	20
2023	2023	Ontario	Ontario	Canadian Experience Class	Catégorie de l'expérience canadienne	Pembroke	Pembroke	5
2023	2023	Ontario	Ontario	Canadian Experience Class	Catégorie de l'expérience canadienne	Petawawa	Petawawa	--
2023	2023	Ontario	Ontario	Canadian Experience Class	Catégorie de l'expérience canadienne	Peterborough	Peterborough	90
2023	2023	Ontario	Ontario	Canadian Experience Class	Catégorie de l'expérience canadienne	Port Hope	Port Hope	--
2023	2023	Ontario	Ontario	Canadian Experience Class	Catégorie de l'expérience canadienne	Sarnia	Sarnia	100
2023	2023	Ontario	Ontario	Canadian Experience Class	Catégorie de l'expérience canadienne	Sault Ste. Marie	Sault Ste. Marie	25
2023	2023	Ontario	Ontario	Canadian Experience Class	Catégorie de l'expérience canadienne	St. Catharines - Niagara	St. Catharines - Niagara	370
2023	2023	Ontario	Ontario	Canadian Experience Class	Catégorie de l'expérience canadienne	Stratford	Stratford	40
2023	2023	Ontario	Ontario	Canadian Experience Class	Catégorie de l'expérience canadienne	Thunder Bay	Thunder Bay	85
2023	2023	Ontario	Ontario	Canadian Experience Class	Catégorie de l'expérience canadienne	Tillsonburg	Tillsonburg	5
2023	2023	Ontario	Ontario	Canadian Experience Class	Catégorie de l'expérience canadienne	Timmins	Timmins	10
2023	2023	Ontario	Ontario	Canadian Experience Class	Catégorie de l'expérience canadienne	Toronto	Toronto	19840
2023	2023	Ontario	Ontario	Canadian Experience Class	Catégorie de l'expérience canadienne	Wasaga Beach	Wasaga Beach	--
2023	2023	Ontario	Ontario	Canadian Experience Class	Catégorie de l'expérience canadienne	Windsor	Windsor	450
2023	2023	Ontario	Ontario	Canadian Experience Class	Catégorie de l'expérience canadienne	Woodstock	Woodstock	45
2023	2023	Ontario	Ontario	Federal Skilled Worker	Travailleurs qualifiés	Barrie	Barrie	55
2023	2023	Ontario	Ontario	Federal Skilled Worker	Travailleurs qualifiés	Belleville - Quinte West	Belleville - Quinte West	15
2023	2023	Ontario	Ontario	Federal Skilled Worker	Travailleurs qualifiés	Brantford	Brantford	40
2023	2023	Ontario	Ontario	Federal Skilled Worker	Travailleurs qualifiés	Brockville	Brockville	--
2023	2023	Ontario	Ontario	Federal Skilled Worker	Travailleurs qualifiés	Centre Wellington	Centre Wellington	--
2023	2023	Ontario	Ontario	Federal Skilled Worker	Travailleurs qualifiés	Chatham-Kent	Chatham-Kent	10
2023	2023	Ontario	Ontario	Federal Skilled Worker	Travailleurs qualifiés	Cornwall	Cornwall	80
2023	2023	Ontario	Ontario	Federal Skilled Worker	Travailleurs qualifiés	Essa	Essa	10
2023	2023	Ontario	Ontario	Federal Skilled Worker	Travailleurs qualifiés	Greater Sudbury	Grand Sudbury	60
2023	2023	Ontario	Ontario	Federal Skilled Worker	Travailleurs qualifiés	Guelph	Guelph	50
2023	2023	Ontario	Ontario	Federal Skilled Worker	Travailleurs qualifiés	Hamilton	Hamilton	355
2023	2023	Ontario	Ontario	Federal Skilled Worker	Travailleurs qualifiés	Hawkesbury (Ontario part)	Hawkesbury (partie de l'Ontario)	25
2023	2023	Ontario	Ontario	Federal Skilled Worker	Travailleurs qualifiés	Kawartha Lakes	Kawartha Lakes	--
2023	2023	Ontario	Ontario	Federal Skilled Worker	Travailleurs qualifiés	Kenora	Kenora	--
2023	2023	Ontario	Ontario	Federal Skilled Worker	Travailleurs qualifiés	Kingston	Kingston	75
2023	2023	Ontario	Ontario	Federal Skilled Worker	Travailleurs qualifiés	Kitchener - Cambridge - Waterloo	Kitchener - Cambridge - Waterloo	355
2023	2023	Ontario	Ontario	Federal Skilled Worker	Travailleurs qualifiés	London	Londres	280
2023	2023	Ontario	Ontario	Federal Skilled Worker	Travailleurs qualifiés	Norfolk	Norfolk	--
2023	2023	Ontario	Ontario	Federal Skilled Worker	Travailleurs qualifiés	North Bay	North Bay	10
2023	2023	Ontario	Ontario	Federal Skilled Worker	Travailleurs qualifiés	Orillia	Orillia	--
2023	2023	Ontario	Ontario	Federal Skilled Worker	Travailleurs qualifiés	Oshawa	Oshawa	145
2023	2023	Ontario	Ontario	Federal Skilled Worker	Travailleurs qualifiés	Other - Ontario	Autres - Ontario	135
2023	2023	Ontario	Ontario	Federal Skilled Worker	Travailleurs qualifiés	Ottawa - Gatineau (Ontario part)	Ottawa - Gatineau (partie de l'Ontario)	4100
2023	2023	Ontario	Ontario	Federal Skilled Worker	Travailleurs qualifiés	Owen Sound	Owen Sound	5
2023	2023	Ontario	Ontario	Federal Skilled Worker	Travailleurs qualifiés	Pembroke	Pembroke	--
2023	2023	Ontario	Ontario	Federal Skilled Worker	Travailleurs qualifiés	Petawawa	Petawawa	--
2023	2023	Ontario	Ontario	Federal Skilled Worker	Travailleurs qualifiés	Peterborough	Peterborough	10
2023	2023	Ontario	Ontario	Federal Skilled Worker	Travailleurs qualifiés	Port Hope	Port Hope	--
2023	2023	Ontario	Ontario	Federal Skilled Worker	Travailleurs qualifiés	Sarnia	Sarnia	10
2023	2023	Ontario	Ontario	Federal Skilled Worker	Travailleurs qualifiés	Sault Ste. Marie	Sault Ste. Marie	5
2023	2023	Ontario	Ontario	Federal Skilled Worker	Travailleurs qualifiés	St. Catharines - Niagara	St. Catharines - Niagara	75
2023	2023	Ontario	Ontario	Federal Skilled Worker	Travailleurs qualifiés	Stratford	Stratford	--
2023	2023	Ontario	Ontario	Federal Skilled Worker	Travailleurs qualifiés	Thunder Bay	Thunder Bay	25
2023	2023	Ontario	Ontario	Federal Skilled Worker	Travailleurs qualifiés	Tillsonburg	Tillsonburg	--
2023	2023	Ontario	Ontario	Federal Skilled Worker	Travailleurs qualifiés	Timmins	Timmins	5
2023	2023	Ontario	Ontario	Federal Skilled Worker	Travailleurs qualifiés	Toronto	Toronto	8810
2023	2023	Ontario	Ontario	Federal Skilled Worker	Travailleurs qualifiés	Wasaga Beach	Wasaga Beach	--
2023	2023	Ontario	Ontario	Federal Skilled Worker	Travailleurs qualifiés	Windsor	Windsor	140
2023	2023	Ontario	Ontario	Federal Skilled Worker	Travailleurs qualifiés	Woodstock	Woodstock	10
2023	2023	Ontario	Ontario	Provincial Nominee Program	Candidats des provinces ou des territoires	Barrie	Barrie	85
2023	2023	Ontario	Ontario	Provincial Nominee Program	Candidats des provinces ou des territoires	Belleville - Quinte West	Belleville - Quinte West	35
2023	2023	Ontario	Ontario	Provincial Nominee Program	Candidats des provinces ou des territoires	Brantford	Brantford	35
2023	2023	Ontario	Ontario	Provincial Nominee Program	Candidats des provinces ou des territoires	Brockville	Brockville	--
2023	2023	Ontario	Ontario	Provincial Nominee Program	Candidats des provinces ou des territoires	Chatham-Kent	Chatham-Kent	--
2023	2023	Ontario	Ontario	Provincial Nominee Program	Candidats des provinces ou des territoires	Cobourg	Cobourg	--
2023	2023	Ontario	Ontario	Provincial Nominee Program	Candidats des provinces ou des territoires	Collingwood	Collingwood	--
2023	2023	Ontario	Ontario	Provincial Nominee Program	Candidats des provinces ou des territoires	Cornwall	Cornwall	10
2023	2023	Ontario	Ontario	Provincial Nominee Program	Candidats des provinces ou des territoires	Greater Sudbury	Grand Sudbury	15
2023	2023	Ontario	Ontario	Provincial Nominee Program	Candidats des provinces ou des territoires	Guelph	Guelph	65
2023	2023	Ontario	Ontario	Provincial Nominee Program	Candidats des provinces ou des territoires	Hamilton	Hamilton	205
2023	2023	Ontario	Ontario	Provincial Nominee Program	Candidats des provinces ou des territoires	Hawkesbury (Ontario part)	Hawkesbury (partie de l'Ontario)	--
2023	2023	Ontario	Ontario	Provincial Nominee Program	Candidats des provinces ou des territoires	Ingersoll	Ingersoll	--
2023	2023	Ontario	Ontario	Provincial Nominee Program	Candidats des provinces ou des territoires	Kawartha Lakes	Kawartha Lakes	--
2023	2023	Ontario	Ontario	Provincial Nominee Program	Candidats des provinces ou des territoires	Kingston	Kingston	15
2023	2023	Ontario	Ontario	Provincial Nominee Program	Candidats des provinces ou des territoires	Kitchener - Cambridge - Waterloo	Kitchener - Cambridge - Waterloo	525
2023	2023	Ontario	Ontario	Provincial Nominee Program	Candidats des provinces ou des territoires	London	Londres	320
2023	2023	Ontario	Ontario	Provincial Nominee Program	Candidats des provinces ou des territoires	Midland	Midland	--
2023	2023	Ontario	Ontario	Provincial Nominee Program	Candidats des provinces ou des territoires	Norfolk	Norfolk	5
2023	2023	Ontario	Ontario	Provincial Nominee Program	Candidats des provinces ou des territoires	Orillia	Orillia	--
2023	2023	Ontario	Ontario	Provincial Nominee Program	Candidats des provinces ou des territoires	Oshawa	Oshawa	55
2023	2023	Ontario	Ontario	Provincial Nominee Program	Candidats des provinces ou des territoires	Other - Ontario	Autres - Ontario	45
2023	2023	Ontario	Ontario	Provincial Nominee Program	Candidats des provinces ou des territoires	Ottawa - Gatineau (Ontario part)	Ottawa - Gatineau (partie de l'Ontario)	475
2023	2023	Ontario	Ontario	Provincial Nominee Program	Candidats des provinces ou des territoires	Pembroke	Pembroke	--
2023	2023	Ontario	Ontario	Provincial Nominee Program	Candidats des provinces ou des territoires	Peterborough	Peterborough	15
2023	2023	Ontario	Ontario	Provincial Nominee Program	Candidats des provinces ou des territoires	Sarnia	Sarnia	10
2023	2023	Ontario	Ontario	Provincial Nominee Program	Candidats des provinces ou des territoires	Sault Ste. Marie	Sault Ste. Marie	5
2023	2023	Ontario	Ontario	Provincial Nominee Program	Candidats des provinces ou des territoires	St. Catharines - Niagara	St. Catharines - Niagara	60
2023	2023	Ontario	Ontario	Provincial Nominee Program	Candidats des provinces ou des territoires	Stratford	Stratford	25
2023	2023	Ontario	Ontario	Provincial Nominee Program	Candidats des provinces ou des territoires	Thunder Bay	Thunder Bay	10
2023	2023	Ontario	Ontario	Provincial Nominee Program	Candidats des provinces ou des territoires	Timmins	Timmins	--
2023	2023	Ontario	Ontario	Provincial Nominee Program	Candidats des provinces ou des territoires	Toronto	Toronto	5245
2023	2023	Ontario	Ontario	Provincial Nominee Program	Candidats des provinces ou des territoires	Windsor	Windsor	90
2023	2023	Ontario	Ontario	Provincial Nominee Program	Candidats des provinces ou des territoires	Woodstock	Woodstock	25
2023	2023	Prince Edward Island	Île-du-Prince-Édouard	Canadian Experience Class	Catégorie de l'expérience canadienne	Charlottetown	Charlottetown	30
2023	2023	Prince Edward Island	Île-du-Prince-Édouard	Canadian Experience Class	Catégorie de l'expérience canadienne	Other - Prince Edward Island	Autres - Île-du-Prince-Édouard	10
2023	2023	Prince Edward Island	Île-du-Prince-Édouard	Canadian Experience Class	Catégorie de l'expérience canadienne	Summerside	Summerside	--
2023	2023	Prince Edward Island	Île-du-Prince-Édouard	Federal Skilled Worker	Travailleurs qualifiés	Charlottetown	Charlottetown	10
2023	2023	Prince Edward Island	Île-du-Prince-Édouard	Federal Skilled Worker	Travailleurs qualifiés	Other - Prince Edward Island	Autres - Île-du-Prince-Édouard	--
2023	2023	Prince Edward Island	Île-du-Prince-Édouard	Federal Skilled Worker	Travailleurs qualifiés	Summerside	Summerside	--
2023	2023	Prince Edward Island	Île-du-Prince-Édouard	Provincial Nominee Program	Candidats des provinces ou des territoires	Charlottetown	Charlottetown	315
2023	2023	Prince Edward Island	Île-du-Prince-Édouard	Provincial Nominee Program	Candidats des provinces ou des territoires	Other - Prince Edward Island	Autres - Île-du-Prince-Édouard	20
2023	2023	Prince Edward Island	Île-du-Prince-Édouard	Provincial Nominee Program	Candidats des provinces ou des territoires	Summerside	Summerside	90
2023	2023	Saskatchewan	Saskatchewan	Canadian Experience Class	Catégorie de l'expérience canadienne	Estevan	Estevan	--
2023	2023	Saskatchewan	Saskatchewan	Canadian Experience Class	Catégorie de l'expérience canadienne	Moose Jaw	Moose Jaw	--
2023	2023	Saskatchewan	Saskatchewan	Canadian Experience Class	Catégorie de l'expérience canadienne	North Battleford	North Battleford	--
2023	2023	Saskatchewan	Saskatchewan	Canadian Experience Class	Catégorie de l'expérience canadienne	Other - Saskatchewan	Autres - Saskatchewan	15
2023	2023	Saskatchewan	Saskatchewan	Canadian Experience Class	Catégorie de l'expérience canadienne	Prince Albert	Prince Albert	--
2023	2023	Saskatchewan	Saskatchewan	Canadian Experience Class	Catégorie de l'expérience canadienne	Regina	Regina	125
2023	2023	Saskatchewan	Saskatchewan	Canadian Experience Class	Catégorie de l'expérience canadienne	Saskatoon	Saskatoon	150
2023	2023	Saskatchewan	Saskatchewan	Canadian Experience Class	Catégorie de l'expérience canadienne	Swift Current	Swift Current	--
2023	2023	Saskatchewan	Saskatchewan	Canadian Experience Class	Catégorie de l'expérience canadienne	Yorkton	Yorkton	--
2023	2023	Saskatchewan	Saskatchewan	Federal Skilled Worker	Travailleurs qualifiés	Estevan	Estevan	--
2023	2023	Saskatchewan	Saskatchewan	Federal Skilled Worker	Travailleurs qualifiés	Lloydminster (Saskatchewan part)	Lloydminster (partie de la Saskatchewan)	--
2023	2023	Saskatchewan	Saskatchewan	Federal Skilled Worker	Travailleurs qualifiés	Moose Jaw	Moose Jaw	--
2023	2023	Saskatchewan	Saskatchewan	Federal Skilled Worker	Travailleurs qualifiés	North Battleford	North Battleford	--
2023	2023	Saskatchewan	Saskatchewan	Federal Skilled Worker	Travailleurs qualifiés	Other - Saskatchewan	Autres - Saskatchewan	15
2023	2023	Saskatchewan	Saskatchewan	Federal Skilled Worker	Travailleurs qualifiés	Regina	Regina	70
2023	2023	Saskatchewan	Saskatchewan	Federal Skilled Worker	Travailleurs qualifiés	Saskatoon	Saskatoon	105
2023	2023	Saskatchewan	Saskatchewan	Federal Skilled Worker	Travailleurs qualifiés	Swift Current	Swift Current	--
2023	2023	Saskatchewan	Saskatchewan	Federal Skilled Worker	Travailleurs qualifiés	Weyburn	Weyburn	--
2023	2023	Saskatchewan	Saskatchewan	Federal Skilled Worker	Travailleurs qualifiés	Yorkton	Yorkton	--
2023	2023	Saskatchewan	Saskatchewan	Provincial Nominee Program	Candidats des provinces ou des territoires	Estevan	Estevan	--
2023	2023	Saskatchewan	Saskatchewan	Provincial Nominee Program	Candidats des provinces ou des territoires	Moose Jaw	Moose Jaw	5
2023	2023	Saskatchewan	Saskatchewan	Provincial Nominee Program	Candidats des provinces ou des territoires	North Battleford	North Battleford	--
2023	2023	Saskatchewan	Saskatchewan	Provincial Nominee Program	Candidats des provinces ou des territoires	Other - Saskatchewan	Autres - Saskatchewan	5
2023	2023	Saskatchewan	Saskatchewan	Provincial Nominee Program	Candidats des provinces ou des territoires	Prince Albert	Prince Albert	5
2023	2023	Saskatchewan	Saskatchewan	Provincial Nominee Program	Candidats des provinces ou des territoires	Regina	Regina	525
2023	2023	Saskatchewan	Saskatchewan	Provincial Nominee Program	Candidats des provinces ou des territoires	Saskatoon	Saskatoon	540
2023	2023	Saskatchewan	Saskatchewan	Provincial Nominee Program	Candidats des provinces ou des territoires	Swift Current	Swift Current	--
2023	2023	Saskatchewan	Saskatchewan	Provincial Nominee Program	Candidats des provinces ou des territoires	Weyburn	Weyburn	--
2023	2023	Saskatchewan	Saskatchewan	Provincial Nominee Program	Candidats des provinces ou des territoires	Yorkton	Yorkton	--
2023	2023	Yukon	Yukon	Canadian Experience Class	Catégorie de l'expérience canadienne	Territories (outside Census agglomeration, Yukon)	Territoires (à l'extérieur des agglomérations de recensement, Yukon)	--
2023	2023	Yukon	Yukon	Canadian Experience Class	Catégorie de l'expérience canadienne	Whitehorse	Whitehorse	15
2023	2023	Yukon	Yukon	Federal Skilled Worker	Travailleurs qualifiés	Territories (outside Census agglomeration, Yukon)	Territoires (à l'extérieur des agglomérations de recensement, Yukon)	--
2023	2023	Yukon	Yukon	Federal Skilled Worker	Travailleurs qualifiés	Whitehorse	Whitehorse	15
2023	2023	Yukon	Yukon	Provincial Nominee Program	Candidats des provinces ou des territoires	Other - Yukon	Autres - Yukon	--
2023	2023	Yukon	Yukon	Provincial Nominee Program	Candidats des provinces ou des territoires	Territories (outside Census agglomeration, Yukon)	Territoires (à l'extérieur des agglomérations de recensement, Yukon)	--
2023	2023	Yukon	Yukon	Provincial Nominee Program	Candidats des provinces ou des territoires	Whitehorse	Whitehorse	25
2024	2024	Alberta	Alberta	Canadian Experience Class	Catégorie de l'expérience canadienne	Calgary	Calgary	1470
2024	2024	Alberta	Alberta	Canadian Experience Class	Catégorie de l'expérience canadienne	Camrose	Camrose	5
2024	2024	Alberta	Alberta	Canadian Experience Class	Catégorie de l'expérience canadienne	Canmore	Canmore	40
2024	2024	Alberta	Alberta	Canadian Experience Class	Catégorie de l'expérience canadienne	Edmonton	Edmonton	895
2024	2024	Alberta	Alberta	Canadian Experience Class	Catégorie de l'expérience canadienne	Grande Prairie	Grande Prairie	30
2024	2024	Alberta	Alberta	Canadian Experience Class	Catégorie de l'expérience canadienne	High River	High River	--
2024	2024	Alberta	Alberta	Canadian Experience Class	Catégorie de l'expérience canadienne	Lacombe	Lacombe	5
2024	2024	Alberta	Alberta	Canadian Experience Class	Catégorie de l'expérience canadienne	Lethbridge	Lethbridge	45
2024	2024	Alberta	Alberta	Canadian Experience Class	Catégorie de l'expérience canadienne	Lloydminster (Alberta part)	Lloydminster (partie de l'Alberta)	5
2024	2024	Alberta	Alberta	Canadian Experience Class	Catégorie de l'expérience canadienne	Medicine Hat	Medicine Hat	20
2024	2024	Alberta	Alberta	Canadian Experience Class	Catégorie de l'expérience canadienne	Okotoks	Okotoks	5
2024	2024	Alberta	Alberta	Canadian Experience Class	Catégorie de l'expérience canadienne	Other - Alberta	Autres - Alberta	105
2024	2024	Alberta	Alberta	Canadian Experience Class	Catégorie de l'expérience canadienne	Red Deer	Red Deer	35
2024	2024	Alberta	Alberta	Canadian Experience Class	Catégorie de l'expérience canadienne	Strathmore	Strathmore	--
2024	2024	Alberta	Alberta	Canadian Experience Class	Catégorie de l'expérience canadienne	Sylvan Lake	Sylvan Lake	--
2024	2024	Alberta	Alberta	Canadian Experience Class	Catégorie de l'expérience canadienne	Wetaskiwin	Wetaskiwin	--
2024	2024	Alberta	Alberta	Canadian Experience Class	Catégorie de l'expérience canadienne	Wood Buffalo	Wood Buffalo	30
2024	2024	Alberta	Alberta	Federal Skilled Worker	Travailleurs qualifiés	Brooks	Brooks	--
2024	2024	Alberta	Alberta	Federal Skilled Worker	Travailleurs qualifiés	Calgary	Calgary	1595
2024	2024	Alberta	Alberta	Federal Skilled Worker	Travailleurs qualifiés	Camrose	Camrose	--
2024	2024	Alberta	Alberta	Federal Skilled Worker	Travailleurs qualifiés	Canmore	Canmore	--
2024	2024	Alberta	Alberta	Federal Skilled Worker	Travailleurs qualifiés	Edmonton	Edmonton	1210
2024	2024	Alberta	Alberta	Federal Skilled Worker	Travailleurs qualifiés	Grande Prairie	Grande Prairie	20
2024	2024	Alberta	Alberta	Federal Skilled Worker	Travailleurs qualifiés	Lacombe	Lacombe	--
2024	2024	Alberta	Alberta	Federal Skilled Worker	Travailleurs qualifiés	Lethbridge	Lethbridge	25
2024	2024	Alberta	Alberta	Federal Skilled Worker	Travailleurs qualifiés	Lloydminster (Alberta part)	Lloydminster (partie de l'Alberta)	--
2024	2024	Alberta	Alberta	Federal Skilled Worker	Travailleurs qualifiés	Medicine Hat	Medicine Hat	--
2024	2024	Alberta	Alberta	Federal Skilled Worker	Travailleurs qualifiés	Okotoks	Okotoks	--
2024	2024	Alberta	Alberta	Federal Skilled Worker	Travailleurs qualifiés	Other - Alberta	Autres - Alberta	130
2024	2024	Alberta	Alberta	Federal Skilled Worker	Travailleurs qualifiés	Red Deer	Red Deer	40
2024	2024	Alberta	Alberta	Federal Skilled Worker	Travailleurs qualifiés	Wetaskiwin	Wetaskiwin	--
2024	2024	Alberta	Alberta	Federal Skilled Worker	Travailleurs qualifiés	Wood Buffalo	Wood Buffalo	20
2024	2024	Alberta	Alberta	Provincial Nominee Program	Candidats des provinces ou des territoires	Brooks	Brooks	5
2024	2024	Alberta	Alberta	Provincial Nominee Program	Candidats des provinces ou des territoires	Calgary	Calgary	1135
2024	2024	Alberta	Alberta	Provincial Nominee Program	Candidats des provinces ou des territoires	Camrose	Camrose	--
2024	2024	Alberta	Alberta	Provincial Nominee Program	Candidats des provinces ou des territoires	Canmore	Canmore	5
2024	2024	Alberta	Alberta	Provincial Nominee Program	Candidats des provinces ou des territoires	Edmonton	Edmonton	560
2024	2024	Alberta	Alberta	Provincial Nominee Program	Candidats des provinces ou des territoires	Grande Prairie	Grande Prairie	30
2024	2024	Alberta	Alberta	Provincial Nominee Program	Candidats des provinces ou des territoires	High River	High River	--
2024	2024	Alberta	Alberta	Provincial Nominee Program	Candidats des provinces ou des territoires	Lacombe	Lacombe	--
2024	2024	Alberta	Alberta	Provincial Nominee Program	Candidats des provinces ou des territoires	Lethbridge	Lethbridge	35
2024	2024	Alberta	Alberta	Provincial Nominee Program	Candidats des provinces ou des territoires	Lloydminster (Alberta part)	Lloydminster (partie de l'Alberta)	5
2024	2024	Alberta	Alberta	Provincial Nominee Program	Candidats des provinces ou des territoires	Medicine Hat	Medicine Hat	25
2024	2024	Alberta	Alberta	Provincial Nominee Program	Candidats des provinces ou des territoires	Okotoks	Okotoks	--
2024	2024	Alberta	Alberta	Provincial Nominee Program	Candidats des provinces ou des territoires	Other - Alberta	Autres - Alberta	145
2024	2024	Alberta	Alberta	Provincial Nominee Program	Candidats des provinces ou des territoires	Red Deer	Red Deer	55
2024	2024	Alberta	Alberta	Provincial Nominee Program	Candidats des provinces ou des territoires	Sylvan Lake	Sylvan Lake	--
2024	2024	Alberta	Alberta	Provincial Nominee Program	Candidats des provinces ou des territoires	Wetaskiwin	Wetaskiwin	--
2024	2024	Alberta	Alberta	Provincial Nominee Program	Candidats des provinces ou des territoires	Wood Buffalo	Wood Buffalo	30
2024	2024	British Columbia	Colombie-Britannique	Canadian Experience Class	Catégorie de l'expérience canadienne	Abbotsford - Mission	Abbotsford - Mission	220
2024	2024	British Columbia	Colombie-Britannique	Canadian Experience Class	Catégorie de l'expérience canadienne	Campbell River	Campbell River	25
2024	2024	British Columbia	Colombie-Britannique	Canadian Experience Class	Catégorie de l'expérience canadienne	Chilliwack	Chilliwack	45
2024	2024	British Columbia	Colombie-Britannique	Canadian Experience Class	Catégorie de l'expérience canadienne	Courtenay	Courtenay	25
2024	2024	British Columbia	Colombie-Britannique	Canadian Experience Class	Catégorie de l'expérience canadienne	Cranbrook	Cranbrook	20
2024	2024	British Columbia	Colombie-Britannique	Canadian Experience Class	Catégorie de l'expérience canadienne	Dawson Creek	Dawson Creek	5
2024	2024	British Columbia	Colombie-Britannique	Canadian Experience Class	Catégorie de l'expérience canadienne	Duncan	Duncan	10
2024	2024	British Columbia	Colombie-Britannique	Canadian Experience Class	Catégorie de l'expérience canadienne	Fort St. John	Fort St. John	20
2024	2024	British Columbia	Colombie-Britannique	Canadian Experience Class	Catégorie de l'expérience canadienne	Kamloops	Kamloops	105
2024	2024	British Columbia	Colombie-Britannique	Canadian Experience Class	Catégorie de l'expérience canadienne	Kelowna	Kelowna	135
2024	2024	British Columbia	Colombie-Britannique	Canadian Experience Class	Catégorie de l'expérience canadienne	Ladysmith	Ladysmith	--
2024	2024	British Columbia	Colombie-Britannique	Canadian Experience Class	Catégorie de l'expérience canadienne	Nanaimo	Nanaimo	90
2024	2024	British Columbia	Colombie-Britannique	Canadian Experience Class	Catégorie de l'expérience canadienne	Nelson	Nelson	10
2024	2024	British Columbia	Colombie-Britannique	Canadian Experience Class	Catégorie de l'expérience canadienne	Other - British Columbia	Autres - Colombie-Britannique	255
2024	2024	British Columbia	Colombie-Britannique	Canadian Experience Class	Catégorie de l'expérience canadienne	Parksville	Parksville	15
2024	2024	British Columbia	Colombie-Britannique	Canadian Experience Class	Catégorie de l'expérience canadienne	Penticton	Penticton	20
2024	2024	British Columbia	Colombie-Britannique	Canadian Experience Class	Catégorie de l'expérience canadienne	Port Alberni	Port Alberni	--
2024	2024	British Columbia	Colombie-Britannique	Canadian Experience Class	Catégorie de l'expérience canadienne	Powell River	Powell River	10
2024	2024	British Columbia	Colombie-Britannique	Canadian Experience Class	Catégorie de l'expérience canadienne	Prince George	Prince George	65
2024	2024	British Columbia	Colombie-Britannique	Canadian Experience Class	Catégorie de l'expérience canadienne	Prince Rupert	Prince Rupert	10
2024	2024	British Columbia	Colombie-Britannique	Canadian Experience Class	Catégorie de l'expérience canadienne	Quesnel	Quesnel	5
2024	2024	British Columbia	Colombie-Britannique	Canadian Experience Class	Catégorie de l'expérience canadienne	Salmon Arm	Salmon Arm	5
2024	2024	British Columbia	Colombie-Britannique	Canadian Experience Class	Catégorie de l'expérience canadienne	Squamish	Squamish	65
2024	2024	British Columbia	Colombie-Britannique	Canadian Experience Class	Catégorie de l'expérience canadienne	Terrace	Terrace	10
2024	2024	British Columbia	Colombie-Britannique	Canadian Experience Class	Catégorie de l'expérience canadienne	Trail	Trail	--
2024	2024	British Columbia	Colombie-Britannique	Canadian Experience Class	Catégorie de l'expérience canadienne	Vancouver	Vancouver	7200
2024	2024	British Columbia	Colombie-Britannique	Canadian Experience Class	Catégorie de l'expérience canadienne	Vernon	Vernon	25
2024	2024	British Columbia	Colombie-Britannique	Canadian Experience Class	Catégorie de l'expérience canadienne	Victoria	Victoria	340
2024	2024	British Columbia	Colombie-Britannique	Canadian Experience Class	Catégorie de l'expérience canadienne	Williams Lake	Williams Lake	10
2024	2024	British Columbia	Colombie-Britannique	Federal Skilled Trades	Métiers spécialisés	Vancouver	Vancouver	--
2024	2024	British Columbia	Colombie-Britannique	Federal Skilled Worker	Travailleurs qualifiés	Abbotsford - Mission	Abbotsford - Mission	25
2024	2024	British Columbia	Colombie-Britannique	Federal Skilled Worker	Travailleurs qualifiés	Campbell River	Campbell River	--
2024	2024	British Columbia	Colombie-Britannique	Federal Skilled Worker	Travailleurs qualifiés	Chilliwack	Chilliwack	5
2024	2024	British Columbia	Colombie-Britannique	Federal Skilled Worker	Travailleurs qualifiés	Courtenay	Courtenay	--
2024	2024	British Columbia	Colombie-Britannique	Federal Skilled Worker	Travailleurs qualifiés	Duncan	Duncan	--
2024	2024	British Columbia	Colombie-Britannique	Federal Skilled Worker	Travailleurs qualifiés	Fort St. John	Fort St. John	--
2024	2024	British Columbia	Colombie-Britannique	Federal Skilled Worker	Travailleurs qualifiés	Kamloops	Kamloops	10
2024	2024	British Columbia	Colombie-Britannique	Federal Skilled Worker	Travailleurs qualifiés	Kelowna	Kelowna	20
2024	2024	British Columbia	Colombie-Britannique	Federal Skilled Worker	Travailleurs qualifiés	Nanaimo	Nanaimo	5
2024	2024	British Columbia	Colombie-Britannique	Federal Skilled Worker	Travailleurs qualifiés	Nelson	Nelson	--
2024	2024	British Columbia	Colombie-Britannique	Federal Skilled Worker	Travailleurs qualifiés	Other - British Columbia	Autres - Colombie-Britannique	50
2024	2024	British Columbia	Colombie-Britannique	Federal Skilled Worker	Travailleurs qualifiés	Prince George	Prince George	10
2024	2024	British Columbia	Colombie-Britannique	Federal Skilled Worker	Travailleurs qualifiés	Prince Rupert	Prince Rupert	--
2024	2024	British Columbia	Colombie-Britannique	Federal Skilled Worker	Travailleurs qualifiés	Salmon Arm	Salmon Arm	--
2024	2024	British Columbia	Colombie-Britannique	Federal Skilled Worker	Travailleurs qualifiés	Squamish	Squamish	10
2024	2024	British Columbia	Colombie-Britannique	Federal Skilled Worker	Travailleurs qualifiés	Trail	Trail	--
2024	2024	British Columbia	Colombie-Britannique	Federal Skilled Worker	Travailleurs qualifiés	Vancouver	Vancouver	1180
2024	2024	British Columbia	Colombie-Britannique	Federal Skilled Worker	Travailleurs qualifiés	Vernon	Vernon	--
2024	2024	British Columbia	Colombie-Britannique	Federal Skilled Worker	Travailleurs qualifiés	Victoria	Victoria	80
2024	2024	British Columbia	Colombie-Britannique	Federal Skilled Worker	Travailleurs qualifiés	Williams Lake	Williams Lake	--
2024	2024	British Columbia	Colombie-Britannique	Provincial Nominee Program	Candidats des provinces ou des territoires	Abbotsford - Mission	Abbotsford - Mission	130
2024	2024	British Columbia	Colombie-Britannique	Provincial Nominee Program	Candidats des provinces ou des territoires	Campbell River	Campbell River	20
2024	2024	British Columbia	Colombie-Britannique	Provincial Nominee Program	Candidats des provinces ou des territoires	Chilliwack	Chilliwack	30
2024	2024	British Columbia	Colombie-Britannique	Provincial Nominee Program	Candidats des provinces ou des territoires	Courtenay	Courtenay	35
2024	2024	British Columbia	Colombie-Britannique	Provincial Nominee Program	Candidats des provinces ou des territoires	Cranbrook	Cranbrook	5
2024	2024	British Columbia	Colombie-Britannique	Provincial Nominee Program	Candidats des provinces ou des territoires	Dawson Creek	Dawson Creek	30
2024	2024	British Columbia	Colombie-Britannique	Provincial Nominee Program	Candidats des provinces ou des territoires	Duncan	Duncan	10
2024	2024	British Columbia	Colombie-Britannique	Provincial Nominee Program	Candidats des provinces ou des territoires	Fort St. John	Fort St. John	30
2024	2024	British Columbia	Colombie-Britannique	Provincial Nominee Program	Candidats des provinces ou des territoires	Kamloops	Kamloops	145
2024	2024	British Columbia	Colombie-Britannique	Provincial Nominee Program	Candidats des provinces ou des territoires	Kelowna	Kelowna	240
2024	2024	British Columbia	Colombie-Britannique	Provincial Nominee Program	Candidats des provinces ou des territoires	Nanaimo	Nanaimo	85
2024	2024	British Columbia	Colombie-Britannique	Provincial Nominee Program	Candidats des provinces ou des territoires	Nelson	Nelson	5
2024	2024	British Columbia	Colombie-Britannique	Provincial Nominee Program	Candidats des provinces ou des territoires	Other - British Columbia	Autres - Colombie-Britannique	210
2024	2024	British Columbia	Colombie-Britannique	Provincial Nominee Program	Candidats des provinces ou des territoires	Parksville	Parksville	15
2024	2024	British Columbia	Colombie-Britannique	Provincial Nominee Program	Candidats des provinces ou des territoires	Penticton	Penticton	30
2024	2024	British Columbia	Colombie-Britannique	Provincial Nominee Program	Candidats des provinces ou des territoires	Port Alberni	Port Alberni	--
2024	2024	British Columbia	Colombie-Britannique	Provincial Nominee Program	Candidats des provinces ou des territoires	Powell River	Powell River	5
2024	2024	British Columbia	Colombie-Britannique	Provincial Nominee Program	Candidats des provinces ou des territoires	Prince George	Prince George	110
2024	2024	British Columbia	Colombie-Britannique	Provincial Nominee Program	Candidats des provinces ou des territoires	Prince Rupert	Prince Rupert	10
2024	2024	British Columbia	Colombie-Britannique	Provincial Nominee Program	Candidats des provinces ou des territoires	Quesnel	Quesnel	--
2024	2024	British Columbia	Colombie-Britannique	Provincial Nominee Program	Candidats des provinces ou des territoires	Salmon Arm	Salmon Arm	10
2024	2024	British Columbia	Colombie-Britannique	Provincial Nominee Program	Candidats des provinces ou des territoires	Squamish	Squamish	25
2024	2024	British Columbia	Colombie-Britannique	Provincial Nominee Program	Candidats des provinces ou des territoires	Terrace	Terrace	30
2024	2024	British Columbia	Colombie-Britannique	Provincial Nominee Program	Candidats des provinces ou des territoires	Trail	Trail	5
2024	2024	British Columbia	Colombie-Britannique	Provincial Nominee Program	Candidats des provinces ou des territoires	Vancouver	Vancouver	2970
2024	2024	British Columbia	Colombie-Britannique	Provincial Nominee Program	Candidats des provinces ou des territoires	Vernon	Vernon	35
2024	2024	British Columbia	Colombie-Britannique	Provincial Nominee Program	Candidats des provinces ou des territoires	Victoria	Victoria	500
2024	2024	British Columbia	Colombie-Britannique	Provincial Nominee Program	Candidats des provinces ou des territoires	Williams Lake	Williams Lake	10
2024	2024	Manitoba	Manitoba	Canadian Experience Class	Catégorie de l'expérience canadienne	Brandon	Brandon	10
2024	2024	Manitoba	Manitoba	Canadian Experience Class	Catégorie de l'expérience canadienne	Other - Manitoba	Autres - Manitoba	15
2024	2024	Manitoba	Manitoba	Canadian Experience Class	Catégorie de l'expérience canadienne	Portage la Prairie	Portage la Prairie	--
2024	2024	Manitoba	Manitoba	Canadian Experience Class	Catégorie de l'expérience canadienne	Steinbach	Steinbach	--
2024	2024	Manitoba	Manitoba	Canadian Experience Class	Catégorie de l'expérience canadienne	Thompson	Thompson	--
2024	2024	Manitoba	Manitoba	Canadian Experience Class	Catégorie de l'expérience canadienne	Winnipeg	Winnipeg	285
2024	2024	Manitoba	Manitoba	Federal Skilled Worker	Travailleurs qualifiés	Brandon	Brandon	55
2024	2024	Manitoba	Manitoba	Federal Skilled Worker	Travailleurs qualifiés	Other - Manitoba	Autres - Manitoba	40
2024	2024	Manitoba	Manitoba	Federal Skilled Worker	Travailleurs qualifiés	Portage la Prairie	Portage la Prairie	--
2024	2024	Manitoba	Manitoba	Federal Skilled Worker	Travailleurs qualifiés	Steinbach	Steinbach	--
2024	2024	Manitoba	Manitoba	Federal Skilled Worker	Travailleurs qualifiés	Thompson	Thompson	--
2024	2024	Manitoba	Manitoba	Federal Skilled Worker	Travailleurs qualifiés	Winkler	Winkler	5
2024	2024	Manitoba	Manitoba	Federal Skilled Worker	Travailleurs qualifiés	Winnipeg	Winnipeg	465
2024	2024	Manitoba	Manitoba	Provincial Nominee Program	Candidats des provinces ou des territoires	Brandon	Brandon	145
2024	2024	Manitoba	Manitoba	Provincial Nominee Program	Candidats des provinces ou des territoires	Other - Manitoba	Autres - Manitoba	115
2024	2024	Manitoba	Manitoba	Provincial Nominee Program	Candidats des provinces ou des territoires	Portage la Prairie	Portage la Prairie	60
2024	2024	Manitoba	Manitoba	Provincial Nominee Program	Candidats des provinces ou des territoires	Steinbach	Steinbach	20
2024	2024	Manitoba	Manitoba	Provincial Nominee Program	Candidats des provinces ou des territoires	Thompson	Thompson	50
2024	2024	Manitoba	Manitoba	Provincial Nominee Program	Candidats des provinces ou des territoires	Winkler	Winkler	60
2024	2024	Manitoba	Manitoba	Provincial Nominee Program	Candidats des provinces ou des territoires	Winnipeg	Winnipeg	1970
2024	2024	New Brunswick	Nouveau-Brunswick	Canadian Experience Class	Catégorie de l'expérience canadienne	Bathurst	Bathurst	5
2024	2024	New Brunswick	Nouveau-Brunswick	Canadian Experience Class	Catégorie de l'expérience canadienne	Campbellton (New Brunswick part)	Campbellton (partie du Nouveau-Brunswick)	--
2024	2024	New Brunswick	Nouveau-Brunswick	Canadian Experience Class	Catégorie de l'expérience canadienne	Edmundston	Edmundston	15
2024	2024	New Brunswick	Nouveau-Brunswick	Canadian Experience Class	Catégorie de l'expérience canadienne	Fredericton	Fredericton	45
2024	2024	New Brunswick	Nouveau-Brunswick	Canadian Experience Class	Catégorie de l'expérience canadienne	Miramichi	Miramichi	--
2024	2024	New Brunswick	Nouveau-Brunswick	Canadian Experience Class	Catégorie de l'expérience canadienne	Moncton	Moncton	95
2024	2024	New Brunswick	Nouveau-Brunswick	Canadian Experience Class	Catégorie de l'expérience canadienne	Other - New Brunswick	Autres - Nouveau-Brunswick	15
2024	2024	New Brunswick	Nouveau-Brunswick	Canadian Experience Class	Catégorie de l'expérience canadienne	Saint John	Saint John	25
2024	2024	New Brunswick	Nouveau-Brunswick	Federal Skilled Worker	Travailleurs qualifiés	Bathurst	Bathurst	55
2024	2024	New Brunswick	Nouveau-Brunswick	Federal Skilled Worker	Travailleurs qualifiés	Campbellton (New Brunswick part)	Campbellton (partie du Nouveau-Brunswick)	20
2024	2024	New Brunswick	Nouveau-Brunswick	Federal Skilled Worker	Travailleurs qualifiés	Edmundston	Edmundston	220
2024	2024	New Brunswick	Nouveau-Brunswick	Federal Skilled Worker	Travailleurs qualifiés	Fredericton	Fredericton	115
2024	2024	New Brunswick	Nouveau-Brunswick	Federal Skilled Worker	Travailleurs qualifiés	Miramichi	Miramichi	5
2024	2024	New Brunswick	Nouveau-Brunswick	Federal Skilled Worker	Travailleurs qualifiés	Moncton	Moncton	665
2024	2024	New Brunswick	Nouveau-Brunswick	Federal Skilled Worker	Travailleurs qualifiés	Other - New Brunswick	Autres - Nouveau-Brunswick	125
2024	2024	New Brunswick	Nouveau-Brunswick	Federal Skilled Worker	Travailleurs qualifiés	Saint John	Saint John	40
2024	2024	New Brunswick	Nouveau-Brunswick	Provincial Nominee Program	Candidats des provinces ou des territoires	Bathurst	Bathurst	5
2024	2024	New Brunswick	Nouveau-Brunswick	Provincial Nominee Program	Candidats des provinces ou des territoires	Campbellton (New Brunswick part)	Campbellton (partie du Nouveau-Brunswick)	5
2024	2024	New Brunswick	Nouveau-Brunswick	Provincial Nominee Program	Candidats des provinces ou des territoires	Edmundston	Edmundston	15
2024	2024	New Brunswick	Nouveau-Brunswick	Provincial Nominee Program	Candidats des provinces ou des territoires	Fredericton	Fredericton	335
2024	2024	New Brunswick	Nouveau-Brunswick	Provincial Nominee Program	Candidats des provinces ou des territoires	Miramichi	Miramichi	15
2024	2024	New Brunswick	Nouveau-Brunswick	Provincial Nominee Program	Candidats des provinces ou des territoires	Moncton	Moncton	635
2024	2024	New Brunswick	Nouveau-Brunswick	Provincial Nominee Program	Candidats des provinces ou des territoires	Other - New Brunswick	Autres - Nouveau-Brunswick	35
2024	2024	New Brunswick	Nouveau-Brunswick	Provincial Nominee Program	Candidats des provinces ou des territoires	Saint John	Saint John	320
2024	2024	Newfoundland and Labrador	Terre-Neuve-et-Labrador	Canadian Experience Class	Catégorie de l'expérience canadienne	Corner Brook	Corner Brook	--
2024	2024	Newfoundland and Labrador	Terre-Neuve-et-Labrador	Canadian Experience Class	Catégorie de l'expérience canadienne	Gander	Gander	--
2024	2024	Newfoundland and Labrador	Terre-Neuve-et-Labrador	Canadian Experience Class	Catégorie de l'expérience canadienne	Other - Newfoundland and Labrador	Autres - Terre-Neuve-et-Labrador	5
2024	2024	Newfoundland and Labrador	Terre-Neuve-et-Labrador	Canadian Experience Class	Catégorie de l'expérience canadienne	St. John's	St. John's	50
2024	2024	Newfoundland and Labrador	Terre-Neuve-et-Labrador	Federal Skilled Worker	Travailleurs qualifiés	Corner Brook	Corner Brook	--
2024	2024	Newfoundland and Labrador	Terre-Neuve-et-Labrador	Federal Skilled Worker	Travailleurs qualifiés	Other - Newfoundland and Labrador	Autres - Terre-Neuve-et-Labrador	5
2024	2024	Newfoundland and Labrador	Terre-Neuve-et-Labrador	Federal Skilled Worker	Travailleurs qualifiés	St. John's	St. John's	25
2024	2024	Newfoundland and Labrador	Terre-Neuve-et-Labrador	Provincial Nominee Program	Candidats des provinces ou des territoires	Corner Brook	Corner Brook	10
2024	2024	Newfoundland and Labrador	Terre-Neuve-et-Labrador	Provincial Nominee Program	Candidats des provinces ou des territoires	Gander	Gander	--
2024	2024	Newfoundland and Labrador	Terre-Neuve-et-Labrador	Provincial Nominee Program	Candidats des provinces ou des territoires	Other - Newfoundland and Labrador	Autres - Terre-Neuve-et-Labrador	20
2024	2024	Newfoundland and Labrador	Terre-Neuve-et-Labrador	Provincial Nominee Program	Candidats des provinces ou des territoires	St. John's	St. John's	165
2024	2024	Northwest Territories	Territoires du Nord-Ouest	Canadian Experience Class	Catégorie de l'expérience canadienne	Territories (outside Census agglomeration, Northwest Territories)	Territoires (à l'extérieur des agglomérations de recensement, Territoires du Nord-Ouest)	--
2024	2024	Northwest Territories	Territoires du Nord-Ouest	Canadian Experience Class	Catégorie de l'expérience canadienne	Yellowknife	Yellowknife	15
2024	2024	Northwest Territories	Territoires du Nord-Ouest	Federal Skilled Worker	Travailleurs qualifiés	Territories (outside Census agglomeration, Northwest Territories)	Territoires (à l'extérieur des agglomérations de recensement, Territoires du Nord-Ouest)	--
2024	2024	Northwest Territories	Territoires du Nord-Ouest	Federal Skilled Worker	Travailleurs qualifiés	Yellowknife	Yellowknife	5
2024	2024	Northwest Territories	Territoires du Nord-Ouest	Provincial Nominee Program	Candidats des provinces ou des territoires	Territories (outside Census agglomeration, Northwest Territories)	Territoires (à l'extérieur des agglomérations de recensement, Territoires du Nord-Ouest)	10
2024	2024	Northwest Territories	Territoires du Nord-Ouest	Provincial Nominee Program	Candidats des provinces ou des territoires	Yellowknife	Yellowknife	60
2024	2024	Nova Scotia	Nouvelle-Écosse	Canadian Experience Class	Catégorie de l'expérience canadienne	Cape Breton	Cape Breton	10
2024	2024	Nova Scotia	Nouvelle-Écosse	Canadian Experience Class	Catégorie de l'expérience canadienne	Halifax	Halifax	490
2024	2024	Nova Scotia	Nouvelle-Écosse	Canadian Experience Class	Catégorie de l'expérience canadienne	Kentville	Kentville	5
2024	2024	Nova Scotia	Nouvelle-Écosse	Canadian Experience Class	Catégorie de l'expérience canadienne	New Glasgow	New Glasgow	--
2024	2024	Nova Scotia	Nouvelle-Écosse	Canadian Experience Class	Catégorie de l'expérience canadienne	Other - Nova Scotia	Autres - Nouvelle-Écosse	30
2024	2024	Nova Scotia	Nouvelle-Écosse	Canadian Experience Class	Catégorie de l'expérience canadienne	Truro	Truro	5
2024	2024	Nova Scotia	Nouvelle-Écosse	Federal Skilled Worker	Travailleurs qualifiés	Cape Breton	Cape Breton	10
2024	2024	Nova Scotia	Nouvelle-Écosse	Federal Skilled Worker	Travailleurs qualifiés	Halifax	Halifax	140
2024	2024	Nova Scotia	Nouvelle-Écosse	Federal Skilled Worker	Travailleurs qualifiés	New Glasgow	New Glasgow	--
2024	2024	Nova Scotia	Nouvelle-Écosse	Federal Skilled Worker	Travailleurs qualifiés	Other - Nova Scotia	Autres - Nouvelle-Écosse	10
2024	2024	Nova Scotia	Nouvelle-Écosse	Federal Skilled Worker	Travailleurs qualifiés	Truro	Truro	--
2024	2024	Nova Scotia	Nouvelle-Écosse	Provincial Nominee Program	Candidats des provinces ou des territoires	Cape Breton	Cape Breton	60
2024	2024	Nova Scotia	Nouvelle-Écosse	Provincial Nominee Program	Candidats des provinces ou des territoires	Halifax	Halifax	805
2024	2024	Nova Scotia	Nouvelle-Écosse	Provincial Nominee Program	Candidats des provinces ou des territoires	Kentville	Kentville	--
2024	2024	Nova Scotia	Nouvelle-Écosse	Provincial Nominee Program	Candidats des provinces ou des territoires	New Glasgow	New Glasgow	--
2024	2024	Nova Scotia	Nouvelle-Écosse	Provincial Nominee Program	Candidats des provinces ou des territoires	Other - Nova Scotia	Autres - Nouvelle-Écosse	30
2024	2024	Nova Scotia	Nouvelle-Écosse	Provincial Nominee Program	Candidats des provinces ou des territoires	Truro	Truro	20
2024	2024	Nunavut	Nunavut	Canadian Experience Class	Catégorie de l'expérience canadienne	Territories (outside Census agglomeration, Nunavut)	Territoires (à l'extérieur des agglomérations de recensement, Nunavut)	10
2024	2024	Nunavut	Nunavut	Federal Skilled Worker	Travailleurs qualifiés	Other - Nunavut	Autres - Nunavut	--
2024	2024	Nunavut	Nunavut	Federal Skilled Worker	Travailleurs qualifiés	Territories (outside Census agglomeration, Nunavut)	Territoires (à l'extérieur des agglomérations de recensement, Nunavut)	5
2024	2024	Ontario	Ontario	Canadian Experience Class	Catégorie de l'expérience canadienne	Barrie	Barrie	305
2024	2024	Ontario	Ontario	Canadian Experience Class	Catégorie de l'expérience canadienne	Belleville - Quinte West	Belleville - Quinte West	100
2024	2024	Ontario	Ontario	Canadian Experience Class	Catégorie de l'expérience canadienne	Brantford	Brantford	210
2024	2024	Ontario	Ontario	Canadian Experience Class	Catégorie de l'expérience canadienne	Brockville	Brockville	20
2024	2024	Ontario	Ontario	Canadian Experience Class	Catégorie de l'expérience canadienne	Centre Wellington	Centre Wellington	15
2024	2024	Ontario	Ontario	Canadian Experience Class	Catégorie de l'expérience canadienne	Chatham-Kent	Chatham-Kent	30
2024	2024	Ontario	Ontario	Canadian Experience Class	Catégorie de l'expérience canadienne	Cobourg	Cobourg	15
2024	2024	Ontario	Ontario	Canadian Experience Class	Catégorie de l'expérience canadienne	Collingwood	Collingwood	30
2024	2024	Ontario	Ontario	Canadian Experience Class	Catégorie de l'expérience canadienne	Cornwall	Cornwall	85
2024	2024	Ontario	Ontario	Canadian Experience Class	Catégorie de l'expérience canadienne	Elliot Lake	Elliot Lake	--
2024	2024	Ontario	Ontario	Canadian Experience Class	Catégorie de l'expérience canadienne	Essa	Essa	5
2024	2024	Ontario	Ontario	Canadian Experience Class	Catégorie de l'expérience canadienne	Greater Sudbury	Grand Sudbury	80
2024	2024	Ontario	Ontario	Canadian Experience Class	Catégorie de l'expérience canadienne	Guelph	Guelph	250
2024	2024	Ontario	Ontario	Canadian Experience Class	Catégorie de l'expérience canadienne	Hamilton	Hamilton	890
2024	2024	Ontario	Ontario	Canadian Experience Class	Catégorie de l'expérience canadienne	Hawkesbury (Ontario part)	Hawkesbury (partie de l'Ontario)	40
2024	2024	Ontario	Ontario	Canadian Experience Class	Catégorie de l'expérience canadienne	Ingersoll	Ingersoll	5
2024	2024	Ontario	Ontario	Canadian Experience Class	Catégorie de l'expérience canadienne	Kawartha Lakes	Kawartha Lakes	20
2024	2024	Ontario	Ontario	Canadian Experience Class	Catégorie de l'expérience canadienne	Kenora	Kenora	20
2024	2024	Ontario	Ontario	Canadian Experience Class	Catégorie de l'expérience canadienne	Kingston	Kingston	205
2024	2024	Ontario	Ontario	Canadian Experience Class	Catégorie de l'expérience canadienne	Kitchener - Cambridge - Waterloo	Kitchener - Cambridge - Waterloo	2060
2024	2024	Ontario	Ontario	Canadian Experience Class	Catégorie de l'expérience canadienne	London	Londres	1105
2024	2024	Ontario	Ontario	Canadian Experience Class	Catégorie de l'expérience canadienne	Midland	Midland	40
2024	2024	Ontario	Ontario	Canadian Experience Class	Catégorie de l'expérience canadienne	Norfolk	Norfolk	10
2024	2024	Ontario	Ontario	Canadian Experience Class	Catégorie de l'expérience canadienne	North Bay	North Bay	15
2024	2024	Ontario	Ontario	Canadian Experience Class	Catégorie de l'expérience canadienne	Orillia	Orillia	35
2024	2024	Ontario	Ontario	Canadian Experience Class	Catégorie de l'expérience canadienne	Oshawa	Oshawa	415
2024	2024	Ontario	Ontario	Canadian Experience Class	Catégorie de l'expérience canadienne	Other - Ontario	Autres - Ontario	350
2024	2024	Ontario	Ontario	Canadian Experience Class	Catégorie de l'expérience canadienne	Ottawa - Gatineau (Ontario part)	Ottawa - Gatineau (partie de l'Ontario)	2485
2024	2024	Ontario	Ontario	Canadian Experience Class	Catégorie de l'expérience canadienne	Owen Sound	Owen Sound	40
2024	2024	Ontario	Ontario	Canadian Experience Class	Catégorie de l'expérience canadienne	Pembroke	Pembroke	10
2024	2024	Ontario	Ontario	Canadian Experience Class	Catégorie de l'expérience canadienne	Petawawa	Petawawa	5
2024	2024	Ontario	Ontario	Canadian Experience Class	Catégorie de l'expérience canadienne	Peterborough	Peterborough	130
2024	2024	Ontario	Ontario	Canadian Experience Class	Catégorie de l'expérience canadienne	Port Hope	Port Hope	10
2024	2024	Ontario	Ontario	Canadian Experience Class	Catégorie de l'expérience canadienne	Sarnia	Sarnia	135
2024	2024	Ontario	Ontario	Canadian Experience Class	Catégorie de l'expérience canadienne	Sault Ste. Marie	Sault Ste. Marie	30
2024	2024	Ontario	Ontario	Canadian Experience Class	Catégorie de l'expérience canadienne	St. Catharines - Niagara	St. Catharines - Niagara	425
2024	2024	Ontario	Ontario	Canadian Experience Class	Catégorie de l'expérience canadienne	Stratford	Stratford	40
2024	2024	Ontario	Ontario	Canadian Experience Class	Catégorie de l'expérience canadienne	Thunder Bay	Thunder Bay	70
2024	2024	Ontario	Ontario	Canadian Experience Class	Catégorie de l'expérience canadienne	Tillsonburg	Tillsonburg	15
2024	2024	Ontario	Ontario	Canadian Experience Class	Catégorie de l'expérience canadienne	Timmins	Timmins	20
2024	2024	Ontario	Ontario	Canadian Experience Class	Catégorie de l'expérience canadienne	Toronto	Toronto	20785
2024	2024	Ontario	Ontario	Canadian Experience Class	Catégorie de l'expérience canadienne	Wasaga Beach	Wasaga Beach	10
2024	2024	Ontario	Ontario	Canadian Experience Class	Catégorie de l'expérience canadienne	Windsor	Windsor	375
2024	2024	Ontario	Ontario	Canadian Experience Class	Catégorie de l'expérience canadienne	Woodstock	Woodstock	60
2024	2024	Ontario	Ontario	Federal Skilled Trades	Métiers spécialisés	Kitchener - Cambridge - Waterloo	Kitchener - Cambridge - Waterloo	--
2024	2024	Ontario	Ontario	Federal Skilled Worker	Travailleurs qualifiés	Barrie	Barrie	65
2024	2024	Ontario	Ontario	Federal Skilled Worker	Travailleurs qualifiés	Belleville - Quinte West	Belleville - Quinte West	20
2024	2024	Ontario	Ontario	Federal Skilled Worker	Travailleurs qualifiés	Brantford	Brantford	40
2024	2024	Ontario	Ontario	Federal Skilled Worker	Travailleurs qualifiés	Brockville	Brockville	--
2024	2024	Ontario	Ontario	Federal Skilled Worker	Travailleurs qualifiés	Centre Wellington	Centre Wellington	--
2024	2024	Ontario	Ontario	Federal Skilled Worker	Travailleurs qualifiés	Chatham-Kent	Chatham-Kent	5
2024	2024	Ontario	Ontario	Federal Skilled Worker	Travailleurs qualifiés	Collingwood	Collingwood	--
2024	2024	Ontario	Ontario	Federal Skilled Worker	Travailleurs qualifiés	Cornwall	Cornwall	120
2024	2024	Ontario	Ontario	Federal Skilled Worker	Travailleurs qualifiés	Essa	Essa	5
2024	2024	Ontario	Ontario	Federal Skilled Worker	Travailleurs qualifiés	Greater Sudbury	Grand Sudbury	210
2024	2024	Ontario	Ontario	Federal Skilled Worker	Travailleurs qualifiés	Guelph	Guelph	40
2024	2024	Ontario	Ontario	Federal Skilled Worker	Travailleurs qualifiés	Hamilton	Hamilton	300
2024	2024	Ontario	Ontario	Federal Skilled Worker	Travailleurs qualifiés	Hawkesbury (Ontario part)	Hawkesbury (partie de l'Ontario)	125
2024	2024	Ontario	Ontario	Federal Skilled Worker	Travailleurs qualifiés	Kawartha Lakes	Kawartha Lakes	5
2024	2024	Ontario	Ontario	Federal Skilled Worker	Travailleurs qualifiés	Kenora	Kenora	--
2024	2024	Ontario	Ontario	Federal Skilled Worker	Travailleurs qualifiés	Kingston	Kingston	100
2024	2024	Ontario	Ontario	Federal Skilled Worker	Travailleurs qualifiés	Kitchener - Cambridge - Waterloo	Kitchener - Cambridge - Waterloo	265
2024	2024	Ontario	Ontario	Federal Skilled Worker	Travailleurs qualifiés	London	Londres	320
2024	2024	Ontario	Ontario	Federal Skilled Worker	Travailleurs qualifiés	Norfolk	Norfolk	--
2024	2024	Ontario	Ontario	Federal Skilled Worker	Travailleurs qualifiés	North Bay	North Bay	10
2024	2024	Ontario	Ontario	Federal Skilled Worker	Travailleurs qualifiés	Orillia	Orillia	--
2024	2024	Ontario	Ontario	Federal Skilled Worker	Travailleurs qualifiés	Oshawa	Oshawa	125
2024	2024	Ontario	Ontario	Federal Skilled Worker	Travailleurs qualifiés	Other - Ontario	Autres - Ontario	205
2024	2024	Ontario	Ontario	Federal Skilled Worker	Travailleurs qualifiés	Ottawa - Gatineau (Ontario part)	Ottawa - Gatineau (partie de l'Ontario)	6510
2024	2024	Ontario	Ontario	Federal Skilled Worker	Travailleurs qualifiés	Owen Sound	Owen Sound	--
2024	2024	Ontario	Ontario	Federal Skilled Worker	Travailleurs qualifiés	Pembroke	Pembroke	--
2024	2024	Ontario	Ontario	Federal Skilled Worker	Travailleurs qualifiés	Petawawa	Petawawa	--
2024	2024	Ontario	Ontario	Federal Skilled Worker	Travailleurs qualifiés	Peterborough	Peterborough	20
2024	2024	Ontario	Ontario	Federal Skilled Worker	Travailleurs qualifiés	Sarnia	Sarnia	15
2024	2024	Ontario	Ontario	Federal Skilled Worker	Travailleurs qualifiés	Sault Ste. Marie	Sault Ste. Marie	5
2024	2024	Ontario	Ontario	Federal Skilled Worker	Travailleurs qualifiés	St. Catharines - Niagara	St. Catharines - Niagara	65
2024	2024	Ontario	Ontario	Federal Skilled Worker	Travailleurs qualifiés	Stratford	Stratford	--
2024	2024	Ontario	Ontario	Federal Skilled Worker	Travailleurs qualifiés	Thunder Bay	Thunder Bay	30
2024	2024	Ontario	Ontario	Federal Skilled Worker	Travailleurs qualifiés	Tillsonburg	Tillsonburg	5
2024	2024	Ontario	Ontario	Federal Skilled Worker	Travailleurs qualifiés	Timmins	Timmins	10
2024	2024	Ontario	Ontario	Federal Skilled Worker	Travailleurs qualifiés	Toronto	Toronto	5480
2024	2024	Ontario	Ontario	Federal Skilled Worker	Travailleurs qualifiés	Wasaga Beach	Wasaga Beach	--
2024	2024	Ontario	Ontario	Federal Skilled Worker	Travailleurs qualifiés	Windsor	Windsor	125
2024	2024	Ontario	Ontario	Federal Skilled Worker	Travailleurs qualifiés	Woodstock	Woodstock	--
2024	2024	Ontario	Ontario	Provincial Nominee Program	Candidats des provinces ou des territoires	Barrie	Barrie	125
2024	2024	Ontario	Ontario	Provincial Nominee Program	Candidats des provinces ou des territoires	Belleville - Quinte West	Belleville - Quinte West	45
2024	2024	Ontario	Ontario	Provincial Nominee Program	Candidats des provinces ou des territoires	Brantford	Brantford	60
2024	2024	Ontario	Ontario	Provincial Nominee Program	Candidats des provinces ou des territoires	Brockville	Brockville	--
2024	2024	Ontario	Ontario	Provincial Nominee Program	Candidats des provinces ou des territoires	Centre Wellington	Centre Wellington	--
2024	2024	Ontario	Ontario	Provincial Nominee Program	Candidats des provinces ou des territoires	Chatham-Kent	Chatham-Kent	5
2024	2024	Ontario	Ontario	Provincial Nominee Program	Candidats des provinces ou des territoires	Cobourg	Cobourg	--
2024	2024	Ontario	Ontario	Provincial Nominee Program	Candidats des provinces ou des territoires	Collingwood	Collingwood	--
2024	2024	Ontario	Ontario	Provincial Nominee Program	Candidats des provinces ou des territoires	Cornwall	Cornwall	15
2024	2024	Ontario	Ontario	Provincial Nominee Program	Candidats des provinces ou des territoires	Essa	Essa	--
2024	2024	Ontario	Ontario	Provincial Nominee Program	Candidats des provinces ou des territoires	Greater Sudbury	Grand Sudbury	15
2024	2024	Ontario	Ontario	Provincial Nominee Program	Candidats des provinces ou des territoires	Guelph	Guelph	120
2024	2024	Ontario	Ontario	Provincial Nominee Program	Candidats des provinces ou des territoires	Hamilton	Hamilton	370
2024	2024	Ontario	Ontario	Provincial Nominee Program	Candidats des provinces ou des territoires	Hawkesbury (Ontario part)	Hawkesbury (partie de l'Ontario)	--
2024	2024	Ontario	Ontario	Provincial Nominee Program	Candidats des provinces ou des territoires	Ingersoll	Ingersoll	--
2024	2024	Ontario	Ontario	Provincial Nominee Program	Candidats des provinces ou des territoires	Kawartha Lakes	Kawartha Lakes	--
2024	2024	Ontario	Ontario	Provincial Nominee Program	Candidats des provinces ou des territoires	Kingston	Kingston	50
2024	2024	Ontario	Ontario	Provincial Nominee Program	Candidats des provinces ou des territoires	Kitchener - Cambridge - Waterloo	Kitchener - Cambridge - Waterloo	875
2024	2024	Ontario	Ontario	Provincial Nominee Program	Candidats des provinces ou des territoires	London	Londres	480
2024	2024	Ontario	Ontario	Provincial Nominee Program	Candidats des provinces ou des territoires	Midland	Midland	5
2024	2024	Ontario	Ontario	Provincial Nominee Program	Candidats des provinces ou des territoires	Norfolk	Norfolk	--
2024	2024	Ontario	Ontario	Provincial Nominee Program	Candidats des provinces ou des territoires	North Bay	North Bay	5
2024	2024	Ontario	Ontario	Provincial Nominee Program	Candidats des provinces ou des territoires	Orillia	Orillia	--
2024	2024	Ontario	Ontario	Provincial Nominee Program	Candidats des provinces ou des territoires	Oshawa	Oshawa	135
2024	2024	Ontario	Ontario	Provincial Nominee Program	Candidats des provinces ou des territoires	Other - Ontario	Autres - Ontario	85
2024	2024	Ontario	Ontario	Provincial Nominee Program	Candidats des provinces ou des territoires	Ottawa - Gatineau (Ontario part)	Ottawa - Gatineau (partie de l'Ontario)	745
2024	2024	Ontario	Ontario	Provincial Nominee Program	Candidats des provinces ou des territoires	Owen Sound	Owen Sound	5
2024	2024	Ontario	Ontario	Provincial Nominee Program	Candidats des provinces ou des territoires	Peterborough	Peterborough	35
2024	2024	Ontario	Ontario	Provincial Nominee Program	Candidats des provinces ou des territoires	Port Hope	Port Hope	--
2024	2024	Ontario	Ontario	Provincial Nominee Program	Candidats des provinces ou des territoires	Sarnia	Sarnia	20
2024	2024	Ontario	Ontario	Provincial Nominee Program	Candidats des provinces ou des territoires	Sault Ste. Marie	Sault Ste. Marie	10
2024	2024	Ontario	Ontario	Provincial Nominee Program	Candidats des provinces ou des territoires	St. Catharines - Niagara	St. Catharines - Niagara	130
2024	2024	Ontario	Ontario	Provincial Nominee Program	Candidats des provinces ou des territoires	Stratford	Stratford	15
2024	2024	Ontario	Ontario	Provincial Nominee Program	Candidats des provinces ou des territoires	Thunder Bay	Thunder Bay	30
2024	2024	Ontario	Ontario	Provincial Nominee Program	Candidats des provinces ou des territoires	Tillsonburg	Tillsonburg	--
2024	2024	Ontario	Ontario	Provincial Nominee Program	Candidats des provinces ou des territoires	Timmins	Timmins	--
2024	2024	Ontario	Ontario	Provincial Nominee Program	Candidats des provinces ou des territoires	Toronto	Toronto	8820
2024	2024	Ontario	Ontario	Provincial Nominee Program	Candidats des provinces ou des territoires	Wasaga Beach	Wasaga Beach	--
2024	2024	Ontario	Ontario	Provincial Nominee Program	Candidats des provinces ou des territoires	Windsor	Windsor	170
2024	2024	Ontario	Ontario	Provincial Nominee Program	Candidats des provinces ou des territoires	Woodstock	Woodstock	25
2024	2024	Prince Edward Island	Île-du-Prince-Édouard	Canadian Experience Class	Catégorie de l'expérience canadienne	Charlottetown	Charlottetown	30
2024	2024	Prince Edward Island	Île-du-Prince-Édouard	Canadian Experience Class	Catégorie de l'expérience canadienne	Other - Prince Edward Island	Autres - Île-du-Prince-Édouard	5
2024	2024	Prince Edward Island	Île-du-Prince-Édouard	Canadian Experience Class	Catégorie de l'expérience canadienne	Summerside	Summerside	--
2024	2024	Prince Edward Island	Île-du-Prince-Édouard	Federal Skilled Worker	Travailleurs qualifiés	Charlottetown	Charlottetown	15
2024	2024	Prince Edward Island	Île-du-Prince-Édouard	Federal Skilled Worker	Travailleurs qualifiés	Other - Prince Edward Island	Autres - Île-du-Prince-Édouard	15
2024	2024	Prince Edward Island	Île-du-Prince-Édouard	Federal Skilled Worker	Travailleurs qualifiés	Summerside	Summerside	5
2024	2024	Prince Edward Island	Île-du-Prince-Édouard	Provincial Nominee Program	Candidats des provinces ou des territoires	Charlottetown	Charlottetown	210
2024	2024	Prince Edward Island	Île-du-Prince-Édouard	Provincial Nominee Program	Candidats des provinces ou des territoires	Other - Prince Edward Island	Autres - Île-du-Prince-Édouard	25
2024	2024	Prince Edward Island	Île-du-Prince-Édouard	Provincial Nominee Program	Candidats des provinces ou des territoires	Summerside	Summerside	40
2024	2024	Saskatchewan	Saskatchewan	Canadian Experience Class	Catégorie de l'expérience canadienne	Estevan	Estevan	--
2024	2024	Saskatchewan	Saskatchewan	Canadian Experience Class	Catégorie de l'expérience canadienne	Moose Jaw	Moose Jaw	--
2024	2024	Saskatchewan	Saskatchewan	Canadian Experience Class	Catégorie de l'expérience canadienne	North Battleford	North Battleford	--
2024	2024	Saskatchewan	Saskatchewan	Canadian Experience Class	Catégorie de l'expérience canadienne	Other - Saskatchewan	Autres - Saskatchewan	5
2024	2024	Saskatchewan	Saskatchewan	Canadian Experience Class	Catégorie de l'expérience canadienne	Prince Albert	Prince Albert	5
2024	2024	Saskatchewan	Saskatchewan	Canadian Experience Class	Catégorie de l'expérience canadienne	Regina	Regina	90
2024	2024	Saskatchewan	Saskatchewan	Canadian Experience Class	Catégorie de l'expérience canadienne	Saskatoon	Saskatoon	135
2024	2024	Saskatchewan	Saskatchewan	Canadian Experience Class	Catégorie de l'expérience canadienne	Swift Current	Swift Current	--
2024	2024	Saskatchewan	Saskatchewan	Canadian Experience Class	Catégorie de l'expérience canadienne	Yorkton	Yorkton	--
2024	2024	Saskatchewan	Saskatchewan	Federal Skilled Worker	Travailleurs qualifiés	Moose Jaw	Moose Jaw	--
2024	2024	Saskatchewan	Saskatchewan	Federal Skilled Worker	Travailleurs qualifiés	North Battleford	North Battleford	--
2024	2024	Saskatchewan	Saskatchewan	Federal Skilled Worker	Travailleurs qualifiés	Other - Saskatchewan	Autres - Saskatchewan	35
2024	2024	Saskatchewan	Saskatchewan	Federal Skilled Worker	Travailleurs qualifiés	Prince Albert	Prince Albert	--
2024	2024	Saskatchewan	Saskatchewan	Federal Skilled Worker	Travailleurs qualifiés	Regina	Regina	80
2024	2024	Saskatchewan	Saskatchewan	Federal Skilled Worker	Travailleurs qualifiés	Saskatoon	Saskatoon	105
2024	2024	Saskatchewan	Saskatchewan	Federal Skilled Worker	Travailleurs qualifiés	Swift Current	Swift Current	--
2024	2024	Saskatchewan	Saskatchewan	Federal Skilled Worker	Travailleurs qualifiés	Yorkton	Yorkton	--
2024	2024	Saskatchewan	Saskatchewan	Provincial Nominee Program	Candidats des provinces ou des territoires	Lloydminster (Saskatchewan part)	Lloydminster (partie de la Saskatchewan)	--
2024	2024	Saskatchewan	Saskatchewan	Provincial Nominee Program	Candidats des provinces ou des territoires	Moose Jaw	Moose Jaw	--
2024	2024	Saskatchewan	Saskatchewan	Provincial Nominee Program	Candidats des provinces ou des territoires	North Battleford	North Battleford	--
2024	2024	Saskatchewan	Saskatchewan	Provincial Nominee Program	Candidats des provinces ou des territoires	Other - Saskatchewan	Autres - Saskatchewan	10
2024	2024	Saskatchewan	Saskatchewan	Provincial Nominee Program	Candidats des provinces ou des territoires	Prince Albert	Prince Albert	--
2024	2024	Saskatchewan	Saskatchewan	Provincial Nominee Program	Candidats des provinces ou des territoires	Regina	Regina	265
2024	2024	Saskatchewan	Saskatchewan	Provincial Nominee Program	Candidats des provinces ou des territoires	Saskatoon	Saskatoon	290
2024	2024	Saskatchewan	Saskatchewan	Provincial Nominee Program	Candidats des provinces ou des territoires	Weyburn	Weyburn	--
2024	2024	Yukon	Yukon	Canadian Experience Class	Catégorie de l'expérience canadienne	Territories (outside Census agglomeration, Yukon)	Territoires (à l'extérieur des agglomérations de recensement, Yukon)	--
2024	2024	Yukon	Yukon	Canadian Experience Class	Catégorie de l'expérience canadienne	Whitehorse	Whitehorse	20
2024	2024	Yukon	Yukon	Federal Skilled Worker	Travailleurs qualifiés	Territories (outside Census agglomeration, Yukon)	Territoires (à l'extérieur des agglomérations de recensement, Yukon)	--
2024	2024	Yukon	Yukon	Federal Skilled Worker	Travailleurs qualifiés	Whitehorse	Whitehorse	15
2024	2024	Yukon	Yukon	Provincial Nominee Program	Candidats des provinces ou des territoires	Whitehorse	Whitehorse	40
2025	2025	Alberta	Alberta	Canadian Experience Class	Catégorie de l'expérience canadienne	Brooks	Brooks	--
2025	2025	Alberta	Alberta	Canadian Experience Class	Catégorie de l'expérience canadienne	Calgary	Calgary	1360
2025	2025	Alberta	Alberta	Canadian Experience Class	Catégorie de l'expérience canadienne	Camrose	Camrose	10
2025	2025	Alberta	Alberta	Canadian Experience Class	Catégorie de l'expérience canadienne	Canmore	Canmore	25
2025	2025	Alberta	Alberta	Canadian Experience Class	Catégorie de l'expérience canadienne	Edmonton	Edmonton	915
2025	2025	Alberta	Alberta	Canadian Experience Class	Catégorie de l'expérience canadienne	Grande Prairie	Grande Prairie	35
2025	2025	Alberta	Alberta	Canadian Experience Class	Catégorie de l'expérience canadienne	High River	High River	--
2025	2025	Alberta	Alberta	Canadian Experience Class	Catégorie de l'expérience canadienne	Lacombe	Lacombe	5
2025	2025	Alberta	Alberta	Canadian Experience Class	Catégorie de l'expérience canadienne	Lethbridge	Lethbridge	55
2025	2025	Alberta	Alberta	Canadian Experience Class	Catégorie de l'expérience canadienne	Lloydminster (Alberta part)	Lloydminster (partie de l'Alberta)	10
2025	2025	Alberta	Alberta	Canadian Experience Class	Catégorie de l'expérience canadienne	Medicine Hat	Medicine Hat	15
2025	2025	Alberta	Alberta	Canadian Experience Class	Catégorie de l'expérience canadienne	Okotoks	Okotoks	--
2025	2025	Alberta	Alberta	Canadian Experience Class	Catégorie de l'expérience canadienne	Other - Alberta	Autres - Alberta	115
2025	2025	Alberta	Alberta	Canadian Experience Class	Catégorie de l'expérience canadienne	Red Deer	Red Deer	40
2025	2025	Alberta	Alberta	Canadian Experience Class	Catégorie de l'expérience canadienne	Strathmore	Strathmore	--
2025	2025	Alberta	Alberta	Canadian Experience Class	Catégorie de l'expérience canadienne	Sylvan Lake	Sylvan Lake	--
2025	2025	Alberta	Alberta	Canadian Experience Class	Catégorie de l'expérience canadienne	Wetaskiwin	Wetaskiwin	10
2025	2025	Alberta	Alberta	Canadian Experience Class	Catégorie de l'expérience canadienne	Wood Buffalo	Wood Buffalo	25
2025	2025	Alberta	Alberta	Federal Skilled Worker	Travailleurs qualifiés	Brooks	Brooks	--
2025	2025	Alberta	Alberta	Federal Skilled Worker	Travailleurs qualifiés	Calgary	Calgary	2240
2025	2025	Alberta	Alberta	Federal Skilled Worker	Travailleurs qualifiés	Camrose	Camrose	5
2025	2025	Alberta	Alberta	Federal Skilled Worker	Travailleurs qualifiés	Canmore	Canmore	5
2025	2025	Alberta	Alberta	Federal Skilled Worker	Travailleurs qualifiés	Edmonton	Edmonton	1745
2025	2025	Alberta	Alberta	Federal Skilled Worker	Travailleurs qualifiés	Grande Prairie	Grande Prairie	20
2025	2025	Alberta	Alberta	Federal Skilled Worker	Travailleurs qualifiés	High River	High River	--
2025	2025	Alberta	Alberta	Federal Skilled Worker	Travailleurs qualifiés	Lacombe	Lacombe	--
2025	2025	Alberta	Alberta	Federal Skilled Worker	Travailleurs qualifiés	Lethbridge	Lethbridge	20
2025	2025	Alberta	Alberta	Federal Skilled Worker	Travailleurs qualifiés	Lloydminster (Alberta part)	Lloydminster (partie de l'Alberta)	--
2025	2025	Alberta	Alberta	Federal Skilled Worker	Travailleurs qualifiés	Medicine Hat	Medicine Hat	5
2025	2025	Alberta	Alberta	Federal Skilled Worker	Travailleurs qualifiés	Other - Alberta	Autres - Alberta	195
2025	2025	Alberta	Alberta	Federal Skilled Worker	Travailleurs qualifiés	Red Deer	Red Deer	55
2025	2025	Alberta	Alberta	Federal Skilled Worker	Travailleurs qualifiés	Sylvan Lake	Sylvan Lake	--
2025	2025	Alberta	Alberta	Federal Skilled Worker	Travailleurs qualifiés	Wood Buffalo	Wood Buffalo	20
2025	2025	Alberta	Alberta	Provincial Nominee Program	Candidats des provinces ou des territoires	Brooks	Brooks	--
2025	2025	Alberta	Alberta	Provincial Nominee Program	Candidats des provinces ou des territoires	Calgary	Calgary	790
2025	2025	Alberta	Alberta	Provincial Nominee Program	Candidats des provinces ou des territoires	Camrose	Camrose	5
2025	2025	Alberta	Alberta	Provincial Nominee Program	Candidats des provinces ou des territoires	Canmore	Canmore	5
2025	2025	Alberta	Alberta	Provincial Nominee Program	Candidats des provinces ou des territoires	Edmonton	Edmonton	465
2025	2025	Alberta	Alberta	Provincial Nominee Program	Candidats des provinces ou des territoires	Grande Prairie	Grande Prairie	30
2025	2025	Alberta	Alberta	Provincial Nominee Program	Candidats des provinces ou des territoires	High River	High River	--
2025	2025	Alberta	Alberta	Provincial Nominee Program	Candidats des provinces ou des territoires	Lacombe	Lacombe	--
2025	2025	Alberta	Alberta	Provincial Nominee Program	Candidats des provinces ou des territoires	Lethbridge	Lethbridge	35
2025	2025	Alberta	Alberta	Provincial Nominee Program	Candidats des provinces ou des territoires	Lloydminster (Alberta part)	Lloydminster (partie de l'Alberta)	5
2025	2025	Alberta	Alberta	Provincial Nominee Program	Candidats des provinces ou des territoires	Medicine Hat	Medicine Hat	20
2025	2025	Alberta	Alberta	Provincial Nominee Program	Candidats des provinces ou des territoires	Okotoks	Okotoks	--
2025	2025	Alberta	Alberta	Provincial Nominee Program	Candidats des provinces ou des territoires	Other - Alberta	Autres - Alberta	85
2025	2025	Alberta	Alberta	Provincial Nominee Program	Candidats des provinces ou des territoires	Red Deer	Red Deer	35
2025	2025	Alberta	Alberta	Provincial Nominee Program	Candidats des provinces ou des territoires	Strathmore	Strathmore	--
2025	2025	Alberta	Alberta	Provincial Nominee Program	Candidats des provinces ou des territoires	Sylvan Lake	Sylvan Lake	--
2025	2025	Alberta	Alberta	Provincial Nominee Program	Candidats des provinces ou des territoires	Wetaskiwin	Wetaskiwin	10
2025	2025	Alberta	Alberta	Provincial Nominee Program	Candidats des provinces ou des territoires	Wood Buffalo	Wood Buffalo	20
2025	2025	British Columbia	Colombie-Britannique	Canadian Experience Class	Catégorie de l'expérience canadienne	Abbotsford - Mission	Abbotsford - Mission	130
2025	2025	British Columbia	Colombie-Britannique	Canadian Experience Class	Catégorie de l'expérience canadienne	Campbell River	Campbell River	25
2025	2025	British Columbia	Colombie-Britannique	Canadian Experience Class	Catégorie de l'expérience canadienne	Chilliwack	Chilliwack	35
2025	2025	British Columbia	Colombie-Britannique	Canadian Experience Class	Catégorie de l'expérience canadienne	Courtenay	Courtenay	25
2025	2025	British Columbia	Colombie-Britannique	Canadian Experience Class	Catégorie de l'expérience canadienne	Cranbrook	Cranbrook	15
2025	2025	British Columbia	Colombie-Britannique	Canadian Experience Class	Catégorie de l'expérience canadienne	Dawson Creek	Dawson Creek	15
2025	2025	British Columbia	Colombie-Britannique	Canadian Experience Class	Catégorie de l'expérience canadienne	Duncan	Duncan	10
2025	2025	British Columbia	Colombie-Britannique	Canadian Experience Class	Catégorie de l'expérience canadienne	Fort St. John	Fort St. John	30
2025	2025	British Columbia	Colombie-Britannique	Canadian Experience Class	Catégorie de l'expérience canadienne	Kamloops	Kamloops	200
2025	2025	British Columbia	Colombie-Britannique	Canadian Experience Class	Catégorie de l'expérience canadienne	Kelowna	Kelowna	155
2025	2025	British Columbia	Colombie-Britannique	Canadian Experience Class	Catégorie de l'expérience canadienne	Ladysmith	Ladysmith	--
2025	2025	British Columbia	Colombie-Britannique	Canadian Experience Class	Catégorie de l'expérience canadienne	Nanaimo	Nanaimo	125
2025	2025	British Columbia	Colombie-Britannique	Canadian Experience Class	Catégorie de l'expérience canadienne	Nelson	Nelson	10
2025	2025	British Columbia	Colombie-Britannique	Canadian Experience Class	Catégorie de l'expérience canadienne	Other - British Columbia	Autres - Colombie-Britannique	215
2025	2025	British Columbia	Colombie-Britannique	Canadian Experience Class	Catégorie de l'expérience canadienne	Parksville	Parksville	15
2025	2025	British Columbia	Colombie-Britannique	Canadian Experience Class	Catégorie de l'expérience canadienne	Penticton	Penticton	25
2025	2025	British Columbia	Colombie-Britannique	Canadian Experience Class	Catégorie de l'expérience canadienne	Port Alberni	Port Alberni	10
2025	2025	British Columbia	Colombie-Britannique	Canadian Experience Class	Catégorie de l'expérience canadienne	Powell River	Powell River	--
2025	2025	British Columbia	Colombie-Britannique	Canadian Experience Class	Catégorie de l'expérience canadienne	Prince George	Prince George	70
2025	2025	British Columbia	Colombie-Britannique	Canadian Experience Class	Catégorie de l'expérience canadienne	Prince Rupert	Prince Rupert	5
2025	2025	British Columbia	Colombie-Britannique	Canadian Experience Class	Catégorie de l'expérience canadienne	Quesnel	Quesnel	5
2025	2025	British Columbia	Colombie-Britannique	Canadian Experience Class	Catégorie de l'expérience canadienne	Salmon Arm	Salmon Arm	10
2025	2025	British Columbia	Colombie-Britannique	Canadian Experience Class	Catégorie de l'expérience canadienne	Squamish	Squamish	50
2025	2025	British Columbia	Colombie-Britannique	Canadian Experience Class	Catégorie de l'expérience canadienne	Terrace	Terrace	10
2025	2025	British Columbia	Colombie-Britannique	Canadian Experience Class	Catégorie de l'expérience canadienne	Trail	Trail	--
2025	2025	British Columbia	Colombie-Britannique	Canadian Experience Class	Catégorie de l'expérience canadienne	Vancouver	Vancouver	5465
2025	2025	British Columbia	Colombie-Britannique	Canadian Experience Class	Catégorie de l'expérience canadienne	Vernon	Vernon	25
2025	2025	British Columbia	Colombie-Britannique	Canadian Experience Class	Catégorie de l'expérience canadienne	Victoria	Victoria	400
2025	2025	British Columbia	Colombie-Britannique	Canadian Experience Class	Catégorie de l'expérience canadienne	Williams Lake	Williams Lake	15
2025	2025	British Columbia	Colombie-Britannique	Federal Skilled Worker	Travailleurs qualifiés	Abbotsford - Mission	Abbotsford - Mission	20
2025	2025	British Columbia	Colombie-Britannique	Federal Skilled Worker	Travailleurs qualifiés	Campbell River	Campbell River	--
2025	2025	British Columbia	Colombie-Britannique	Federal Skilled Worker	Travailleurs qualifiés	Chilliwack	Chilliwack	5
2025	2025	British Columbia	Colombie-Britannique	Federal Skilled Worker	Travailleurs qualifiés	Courtenay	Courtenay	--
2025	2025	British Columbia	Colombie-Britannique	Federal Skilled Worker	Travailleurs qualifiés	Cranbrook	Cranbrook	--
2025	2025	British Columbia	Colombie-Britannique	Federal Skilled Worker	Travailleurs qualifiés	Dawson Creek	Dawson Creek	--
2025	2025	British Columbia	Colombie-Britannique	Federal Skilled Worker	Travailleurs qualifiés	Duncan	Duncan	--
2025	2025	British Columbia	Colombie-Britannique	Federal Skilled Worker	Travailleurs qualifiés	Fort St. John	Fort St. John	--
2025	2025	British Columbia	Colombie-Britannique	Federal Skilled Worker	Travailleurs qualifiés	Kamloops	Kamloops	15
2025	2025	British Columbia	Colombie-Britannique	Federal Skilled Worker	Travailleurs qualifiés	Kelowna	Kelowna	30
2025	2025	British Columbia	Colombie-Britannique	Federal Skilled Worker	Travailleurs qualifiés	Nanaimo	Nanaimo	10
2025	2025	British Columbia	Colombie-Britannique	Federal Skilled Worker	Travailleurs qualifiés	Nelson	Nelson	--
2025	2025	British Columbia	Colombie-Britannique	Federal Skilled Worker	Travailleurs qualifiés	Other - British Columbia	Autres - Colombie-Britannique	65
2025	2025	British Columbia	Colombie-Britannique	Federal Skilled Worker	Travailleurs qualifiés	Penticton	Penticton	--
2025	2025	British Columbia	Colombie-Britannique	Federal Skilled Worker	Travailleurs qualifiés	Port Alberni	Port Alberni	--
2025	2025	British Columbia	Colombie-Britannique	Federal Skilled Worker	Travailleurs qualifiés	Prince George	Prince George	10
2025	2025	British Columbia	Colombie-Britannique	Federal Skilled Worker	Travailleurs qualifiés	Prince Rupert	Prince Rupert	--
2025	2025	British Columbia	Colombie-Britannique	Federal Skilled Worker	Travailleurs qualifiés	Squamish	Squamish	25
2025	2025	British Columbia	Colombie-Britannique	Federal Skilled Worker	Travailleurs qualifiés	Terrace	Terrace	--
2025	2025	British Columbia	Colombie-Britannique	Federal Skilled Worker	Travailleurs qualifiés	Vancouver	Vancouver	1105
2025	2025	British Columbia	Colombie-Britannique	Federal Skilled Worker	Travailleurs qualifiés	Vernon	Vernon	5
2025	2025	British Columbia	Colombie-Britannique	Federal Skilled Worker	Travailleurs qualifiés	Victoria	Victoria	80
2025	2025	British Columbia	Colombie-Britannique	Federal Skilled Worker	Travailleurs qualifiés	Williams Lake	Williams Lake	--
2025	2025	British Columbia	Colombie-Britannique	Provincial Nominee Program	Candidats des provinces ou des territoires	Abbotsford - Mission	Abbotsford - Mission	45
2025	2025	British Columbia	Colombie-Britannique	Provincial Nominee Program	Candidats des provinces ou des territoires	Campbell River	Campbell River	--
2025	2025	British Columbia	Colombie-Britannique	Provincial Nominee Program	Candidats des provinces ou des territoires	Chilliwack	Chilliwack	15
2025	2025	British Columbia	Colombie-Britannique	Provincial Nominee Program	Candidats des provinces ou des territoires	Courtenay	Courtenay	30
2025	2025	British Columbia	Colombie-Britannique	Provincial Nominee Program	Candidats des provinces ou des territoires	Cranbrook	Cranbrook	10
2025	2025	British Columbia	Colombie-Britannique	Provincial Nominee Program	Candidats des provinces ou des territoires	Dawson Creek	Dawson Creek	15
2025	2025	British Columbia	Colombie-Britannique	Provincial Nominee Program	Candidats des provinces ou des territoires	Duncan	Duncan	10
2025	2025	British Columbia	Colombie-Britannique	Provincial Nominee Program	Candidats des provinces ou des territoires	Fort St. John	Fort St. John	15
2025	2025	British Columbia	Colombie-Britannique	Provincial Nominee Program	Candidats des provinces ou des territoires	Kamloops	Kamloops	95
2025	2025	British Columbia	Colombie-Britannique	Provincial Nominee Program	Candidats des provinces ou des territoires	Kelowna	Kelowna	165
2025	2025	British Columbia	Colombie-Britannique	Provincial Nominee Program	Candidats des provinces ou des territoires	Ladysmith	Ladysmith	--
2025	2025	British Columbia	Colombie-Britannique	Provincial Nominee Program	Candidats des provinces ou des territoires	Nanaimo	Nanaimo	75
2025	2025	British Columbia	Colombie-Britannique	Provincial Nominee Program	Candidats des provinces ou des territoires	Nelson	Nelson	--
2025	2025	British Columbia	Colombie-Britannique	Provincial Nominee Program	Candidats des provinces ou des territoires	Other - British Columbia	Autres - Colombie-Britannique	150
2025	2025	British Columbia	Colombie-Britannique	Provincial Nominee Program	Candidats des provinces ou des territoires	Parksville	Parksville	5
2025	2025	British Columbia	Colombie-Britannique	Provincial Nominee Program	Candidats des provinces ou des territoires	Penticton	Penticton	20
2025	2025	British Columbia	Colombie-Britannique	Provincial Nominee Program	Candidats des provinces ou des territoires	Port Alberni	Port Alberni	5
2025	2025	British Columbia	Colombie-Britannique	Provincial Nominee Program	Candidats des provinces ou des territoires	Powell River	Powell River	5
2025	2025	British Columbia	Colombie-Britannique	Provincial Nominee Program	Candidats des provinces ou des territoires	Prince George	Prince George	60
2025	2025	British Columbia	Colombie-Britannique	Provincial Nominee Program	Candidats des provinces ou des territoires	Prince Rupert	Prince Rupert	5
2025	2025	British Columbia	Colombie-Britannique	Provincial Nominee Program	Candidats des provinces ou des territoires	Salmon Arm	Salmon Arm	--
2025	2025	British Columbia	Colombie-Britannique	Provincial Nominee Program	Candidats des provinces ou des territoires	Squamish	Squamish	15
2025	2025	British Columbia	Colombie-Britannique	Provincial Nominee Program	Candidats des provinces ou des territoires	Terrace	Terrace	15
2025	2025	British Columbia	Colombie-Britannique	Provincial Nominee Program	Candidats des provinces ou des territoires	Trail	Trail	5
2025	2025	British Columbia	Colombie-Britannique	Provincial Nominee Program	Candidats des provinces ou des territoires	Vancouver	Vancouver	1230
2025	2025	British Columbia	Colombie-Britannique	Provincial Nominee Program	Candidats des provinces ou des territoires	Vernon	Vernon	20
2025	2025	British Columbia	Colombie-Britannique	Provincial Nominee Program	Candidats des provinces ou des territoires	Victoria	Victoria	285
2025	2025	British Columbia	Colombie-Britannique	Provincial Nominee Program	Candidats des provinces ou des territoires	Williams Lake	Williams Lake	5
2025	2025	Manitoba	Manitoba	Canadian Experience Class	Catégorie de l'expérience canadienne	Brandon	Brandon	10
2025	2025	Manitoba	Manitoba	Canadian Experience Class	Catégorie de l'expérience canadienne	Other - Manitoba	Autres - Manitoba	30
2025	2025	Manitoba	Manitoba	Canadian Experience Class	Catégorie de l'expérience canadienne	Portage la Prairie	Portage la Prairie	10
2025	2025	Manitoba	Manitoba	Canadian Experience Class	Catégorie de l'expérience canadienne	Steinbach	Steinbach	--
2025	2025	Manitoba	Manitoba	Canadian Experience Class	Catégorie de l'expérience canadienne	Thompson	Thompson	15
2025	2025	Manitoba	Manitoba	Canadian Experience Class	Catégorie de l'expérience canadienne	Winkler	Winkler	--
2025	2025	Manitoba	Manitoba	Canadian Experience Class	Catégorie de l'expérience canadienne	Winnipeg	Winnipeg	305
2025	2025	Manitoba	Manitoba	Federal Skilled Worker	Travailleurs qualifiés	Brandon	Brandon	105
2025	2025	Manitoba	Manitoba	Federal Skilled Worker	Travailleurs qualifiés	Other - Manitoba	Autres - Manitoba	150
2025	2025	Manitoba	Manitoba	Federal Skilled Worker	Travailleurs qualifiés	Portage la Prairie	Portage la Prairie	--
2025	2025	Manitoba	Manitoba	Federal Skilled Worker	Travailleurs qualifiés	Steinbach	Steinbach	5
2025	2025	Manitoba	Manitoba	Federal Skilled Worker	Travailleurs qualifiés	Thompson	Thompson	--
2025	2025	Manitoba	Manitoba	Federal Skilled Worker	Travailleurs qualifiés	Winkler	Winkler	10
2025	2025	Manitoba	Manitoba	Federal Skilled Worker	Travailleurs qualifiés	Winnipeg	Winnipeg	705
2025	2025	Manitoba	Manitoba	Provincial Nominee Program	Candidats des provinces ou des territoires	Brandon	Brandon	120
2025	2025	Manitoba	Manitoba	Provincial Nominee Program	Candidats des provinces ou des territoires	Other - Manitoba	Autres - Manitoba	35
2025	2025	Manitoba	Manitoba	Provincial Nominee Program	Candidats des provinces ou des territoires	Portage la Prairie	Portage la Prairie	5
2025	2025	Manitoba	Manitoba	Provincial Nominee Program	Candidats des provinces ou des territoires	Steinbach	Steinbach	10
2025	2025	Manitoba	Manitoba	Provincial Nominee Program	Candidats des provinces ou des territoires	Thompson	Thompson	10
2025	2025	Manitoba	Manitoba	Provincial Nominee Program	Candidats des provinces ou des territoires	Winkler	Winkler	75
2025	2025	Manitoba	Manitoba	Provincial Nominee Program	Candidats des provinces ou des territoires	Winnipeg	Winnipeg	935
2025	2025	New Brunswick	Nouveau-Brunswick	Canadian Experience Class	Catégorie de l'expérience canadienne	Bathurst	Bathurst	15
2025	2025	New Brunswick	Nouveau-Brunswick	Canadian Experience Class	Catégorie de l'expérience canadienne	Campbellton (New Brunswick part)	Campbellton (partie du Nouveau-Brunswick)	10
2025	2025	New Brunswick	Nouveau-Brunswick	Canadian Experience Class	Catégorie de l'expérience canadienne	Edmundston	Edmundston	40
2025	2025	New Brunswick	Nouveau-Brunswick	Canadian Experience Class	Catégorie de l'expérience canadienne	Fredericton	Fredericton	70
2025	2025	New Brunswick	Nouveau-Brunswick	Canadian Experience Class	Catégorie de l'expérience canadienne	Miramichi	Miramichi	--
2025	2025	New Brunswick	Nouveau-Brunswick	Canadian Experience Class	Catégorie de l'expérience canadienne	Moncton	Moncton	145
2025	2025	New Brunswick	Nouveau-Brunswick	Canadian Experience Class	Catégorie de l'expérience canadienne	Other - New Brunswick	Autres - Nouveau-Brunswick	40
2025	2025	New Brunswick	Nouveau-Brunswick	Canadian Experience Class	Catégorie de l'expérience canadienne	Saint John	Saint John	40
2025	2025	New Brunswick	Nouveau-Brunswick	Federal Skilled Worker	Travailleurs qualifiés	Bathurst	Bathurst	150
2025	2025	New Brunswick	Nouveau-Brunswick	Federal Skilled Worker	Travailleurs qualifiés	Campbellton (New Brunswick part)	Campbellton (partie du Nouveau-Brunswick)	55
2025	2025	New Brunswick	Nouveau-Brunswick	Federal Skilled Worker	Travailleurs qualifiés	Edmundston	Edmundston	400
2025	2025	New Brunswick	Nouveau-Brunswick	Federal Skilled Worker	Travailleurs qualifiés	Fredericton	Fredericton	140
2025	2025	New Brunswick	Nouveau-Brunswick	Federal Skilled Worker	Travailleurs qualifiés	Miramichi	Miramichi	15
2025	2025	New Brunswick	Nouveau-Brunswick	Federal Skilled Worker	Travailleurs qualifiés	Moncton	Moncton	905
2025	2025	New Brunswick	Nouveau-Brunswick	Federal Skilled Worker	Travailleurs qualifiés	Other - New Brunswick	Autres - Nouveau-Brunswick	230
2025	2025	New Brunswick	Nouveau-Brunswick	Federal Skilled Worker	Travailleurs qualifiés	Saint John	Saint John	55
2025	2025	New Brunswick	Nouveau-Brunswick	Provincial Nominee Program	Candidats des provinces ou des territoires	Bathurst	Bathurst	--
2025	2025	New Brunswick	Nouveau-Brunswick	Provincial Nominee Program	Candidats des provinces ou des territoires	Campbellton (New Brunswick part)	Campbellton (partie du Nouveau-Brunswick)	--
2025	2025	New Brunswick	Nouveau-Brunswick	Provincial Nominee Program	Candidats des provinces ou des territoires	Edmundston	Edmundston	5
2025	2025	New Brunswick	Nouveau-Brunswick	Provincial Nominee Program	Candidats des provinces ou des territoires	Fredericton	Fredericton	145
2025	2025	New Brunswick	Nouveau-Brunswick	Provincial Nominee Program	Candidats des provinces ou des territoires	Miramichi	Miramichi	15
2025	2025	New Brunswick	Nouveau-Brunswick	Provincial Nominee Program	Candidats des provinces ou des territoires	Moncton	Moncton	335
2025	2025	New Brunswick	Nouveau-Brunswick	Provincial Nominee Program	Candidats des provinces ou des territoires	Other - New Brunswick	Autres - Nouveau-Brunswick	40
2025	2025	New Brunswick	Nouveau-Brunswick	Provincial Nominee Program	Candidats des provinces ou des territoires	Saint John	Saint John	135
2025	2025	Newfoundland and Labrador	Terre-Neuve-et-Labrador	Canadian Experience Class	Catégorie de l'expérience canadienne	Corner Brook	Corner Brook	--
2025	2025	Newfoundland and Labrador	Terre-Neuve-et-Labrador	Canadian Experience Class	Catégorie de l'expérience canadienne	Grand Falls-Windsor	Grand Falls-Windsor	--
2025	2025	Newfoundland and Labrador	Terre-Neuve-et-Labrador	Canadian Experience Class	Catégorie de l'expérience canadienne	Other - Newfoundland and Labrador	Autres - Terre-Neuve-et-Labrador	--
2025	2025	Newfoundland and Labrador	Terre-Neuve-et-Labrador	Canadian Experience Class	Catégorie de l'expérience canadienne	St. John's	St. John's	65
2025	2025	Newfoundland and Labrador	Terre-Neuve-et-Labrador	Federal Skilled Worker	Travailleurs qualifiés	Grand Falls-Windsor	Grand Falls-Windsor	--
2025	2025	Newfoundland and Labrador	Terre-Neuve-et-Labrador	Federal Skilled Worker	Travailleurs qualifiés	Other - Newfoundland and Labrador	Autres - Terre-Neuve-et-Labrador	30
2025	2025	Newfoundland and Labrador	Terre-Neuve-et-Labrador	Federal Skilled Worker	Travailleurs qualifiés	St. John's	St. John's	40
2025	2025	Newfoundland and Labrador	Terre-Neuve-et-Labrador	Provincial Nominee Program	Candidats des provinces ou des territoires	Corner Brook	Corner Brook	10
2025	2025	Newfoundland and Labrador	Terre-Neuve-et-Labrador	Provincial Nominee Program	Candidats des provinces ou des territoires	Gander	Gander	--
2025	2025	Newfoundland and Labrador	Terre-Neuve-et-Labrador	Provincial Nominee Program	Candidats des provinces ou des territoires	Grand Falls-Windsor	Grand Falls-Windsor	--
2025	2025	Newfoundland and Labrador	Terre-Neuve-et-Labrador	Provincial Nominee Program	Candidats des provinces ou des territoires	Other - Newfoundland and Labrador	Autres - Terre-Neuve-et-Labrador	25
2025	2025	Newfoundland and Labrador	Terre-Neuve-et-Labrador	Provincial Nominee Program	Candidats des provinces ou des territoires	St. John's	St. John's	215
2025	2025	Northwest Territories	Territoires du Nord-Ouest	Canadian Experience Class	Catégorie de l'expérience canadienne	Territories (outside Census agglomeration, Northwest Territories)	Territoires (à l'extérieur des agglomérations de recensement, Territoires du Nord-Ouest)	10
2025	2025	Northwest Territories	Territoires du Nord-Ouest	Canadian Experience Class	Catégorie de l'expérience canadienne	Yellowknife	Yellowknife	25
2025	2025	Northwest Territories	Territoires du Nord-Ouest	Federal Skilled Worker	Travailleurs qualifiés	Other - Northwest Territories	Autres - Territoires du Nord-Ouest	--
2025	2025	Northwest Territories	Territoires du Nord-Ouest	Federal Skilled Worker	Travailleurs qualifiés	Territories (outside Census agglomeration, Northwest Territories)	Territoires (à l'extérieur des agglomérations de recensement, Territoires du Nord-Ouest)	15
2025	2025	Northwest Territories	Territoires du Nord-Ouest	Federal Skilled Worker	Travailleurs qualifiés	Yellowknife	Yellowknife	15
2025	2025	Northwest Territories	Territoires du Nord-Ouest	Provincial Nominee Program	Candidats des provinces ou des territoires	Other - Northwest Territories	Autres - Territoires du Nord-Ouest	--
2025	2025	Northwest Territories	Territoires du Nord-Ouest	Provincial Nominee Program	Candidats des provinces ou des territoires	Territories (outside Census agglomeration, Northwest Territories)	Territoires (à l'extérieur des agglomérations de recensement, Territoires du Nord-Ouest)	15
2025	2025	Northwest Territories	Territoires du Nord-Ouest	Provincial Nominee Program	Candidats des provinces ou des territoires	Yellowknife	Yellowknife	70
2025	2025	Nova Scotia	Nouvelle-Écosse	Canadian Experience Class	Catégorie de l'expérience canadienne	Cape Breton	Cape Breton	25
2025	2025	Nova Scotia	Nouvelle-Écosse	Canadian Experience Class	Catégorie de l'expérience canadienne	Halifax	Halifax	430
2025	2025	Nova Scotia	Nouvelle-Écosse	Canadian Experience Class	Catégorie de l'expérience canadienne	Kentville	Kentville	5
2025	2025	Nova Scotia	Nouvelle-Écosse	Canadian Experience Class	Catégorie de l'expérience canadienne	New Glasgow	New Glasgow	5
2025	2025	Nova Scotia	Nouvelle-Écosse	Canadian Experience Class	Catégorie de l'expérience canadienne	Other - Nova Scotia	Autres - Nouvelle-Écosse	45
2025	2025	Nova Scotia	Nouvelle-Écosse	Canadian Experience Class	Catégorie de l'expérience canadienne	Truro	Truro	5
2025	2025	Nova Scotia	Nouvelle-Écosse	Federal Skilled Worker	Travailleurs qualifiés	Cape Breton	Cape Breton	25
2025	2025	Nova Scotia	Nouvelle-Écosse	Federal Skilled Worker	Travailleurs qualifiés	Halifax	Halifax	215
2025	2025	Nova Scotia	Nouvelle-Écosse	Federal Skilled Worker	Travailleurs qualifiés	Kentville	Kentville	--
2025	2025	Nova Scotia	Nouvelle-Écosse	Federal Skilled Worker	Travailleurs qualifiés	Other - Nova Scotia	Autres - Nouvelle-Écosse	40
2025	2025	Nova Scotia	Nouvelle-Écosse	Federal Skilled Worker	Travailleurs qualifiés	Truro	Truro	15
2025	2025	Nova Scotia	Nouvelle-Écosse	Provincial Nominee Program	Candidats des provinces ou des territoires	Cape Breton	Cape Breton	55
2025	2025	Nova Scotia	Nouvelle-Écosse	Provincial Nominee Program	Candidats des provinces ou des territoires	Halifax	Halifax	570
2025	2025	Nova Scotia	Nouvelle-Écosse	Provincial Nominee Program	Candidats des provinces ou des territoires	Kentville	Kentville	5
2025	2025	Nova Scotia	Nouvelle-Écosse	Provincial Nominee Program	Candidats des provinces ou des territoires	Other - Nova Scotia	Autres - Nouvelle-Écosse	30
2025	2025	Nova Scotia	Nouvelle-Écosse	Provincial Nominee Program	Candidats des provinces ou des territoires	Truro	Truro	15
2025	2025	Nunavut	Nunavut	Canadian Experience Class	Catégorie de l'expérience canadienne	Territories (outside Census agglomeration, Nunavut)	Territoires (à l'extérieur des agglomérations de recensement, Nunavut)	15
2025	2025	Nunavut	Nunavut	Federal Skilled Worker	Travailleurs qualifiés	Other - Nunavut	Autres - Nunavut	--
2025	2025	Nunavut	Nunavut	Federal Skilled Worker	Travailleurs qualifiés	Territories (outside Census agglomeration, Nunavut)	Territoires (à l'extérieur des agglomérations de recensement, Nunavut)	45
2025	2025	Ontario	Ontario	Canadian Experience Class	Catégorie de l'expérience canadienne	Barrie	Barrie	240
2025	2025	Ontario	Ontario	Canadian Experience Class	Catégorie de l'expérience canadienne	Belleville - Quinte West	Belleville - Quinte West	90
2025	2025	Ontario	Ontario	Canadian Experience Class	Catégorie de l'expérience canadienne	Brantford	Brantford	155
2025	2025	Ontario	Ontario	Canadian Experience Class	Catégorie de l'expérience canadienne	Brockville	Brockville	15
2025	2025	Ontario	Ontario	Canadian Experience Class	Catégorie de l'expérience canadienne	Centre Wellington	Centre Wellington	10
2025	2025	Ontario	Ontario	Canadian Experience Class	Catégorie de l'expérience canadienne	Chatham-Kent	Chatham-Kent	30
2025	2025	Ontario	Ontario	Canadian Experience Class	Catégorie de l'expérience canadienne	Cobourg	Cobourg	10
2025	2025	Ontario	Ontario	Canadian Experience Class	Catégorie de l'expérience canadienne	Collingwood	Collingwood	20
2025	2025	Ontario	Ontario	Canadian Experience Class	Catégorie de l'expérience canadienne	Cornwall	Cornwall	105
2025	2025	Ontario	Ontario	Canadian Experience Class	Catégorie de l'expérience canadienne	Elliot Lake	Elliot Lake	--
2025	2025	Ontario	Ontario	Canadian Experience Class	Catégorie de l'expérience canadienne	Essa	Essa	--
2025	2025	Ontario	Ontario	Canadian Experience Class	Catégorie de l'expérience canadienne	Greater Sudbury	Grand Sudbury	200
2025	2025	Ontario	Ontario	Canadian Experience Class	Catégorie de l'expérience canadienne	Guelph	Guelph	145
2025	2025	Ontario	Ontario	Canadian Experience Class	Catégorie de l'expérience canadienne	Hamilton	Hamilton	790
2025	2025	Ontario	Ontario	Canadian Experience Class	Catégorie de l'expérience canadienne	Hawkesbury (Ontario part)	Hawkesbury (partie de l'Ontario)	55
2025	2025	Ontario	Ontario	Canadian Experience Class	Catégorie de l'expérience canadienne	Ingersoll	Ingersoll	--
2025	2025	Ontario	Ontario	Canadian Experience Class	Catégorie de l'expérience canadienne	Kawartha Lakes	Kawartha Lakes	25
2025	2025	Ontario	Ontario	Canadian Experience Class	Catégorie de l'expérience canadienne	Kenora	Kenora	25
2025	2025	Ontario	Ontario	Canadian Experience Class	Catégorie de l'expérience canadienne	Kingston	Kingston	225
2025	2025	Ontario	Ontario	Canadian Experience Class	Catégorie de l'expérience canadienne	Kitchener - Cambridge - Waterloo	Kitchener - Cambridge - Waterloo	1430
2025	2025	Ontario	Ontario	Canadian Experience Class	Catégorie de l'expérience canadienne	London	Londres	785
2025	2025	Ontario	Ontario	Canadian Experience Class	Catégorie de l'expérience canadienne	Midland	Midland	15
2025	2025	Ontario	Ontario	Canadian Experience Class	Catégorie de l'expérience canadienne	Norfolk	Norfolk	10
2025	2025	Ontario	Ontario	Canadian Experience Class	Catégorie de l'expérience canadienne	North Bay	North Bay	35
2025	2025	Ontario	Ontario	Canadian Experience Class	Catégorie de l'expérience canadienne	Orillia	Orillia	25
2025	2025	Ontario	Ontario	Canadian Experience Class	Catégorie de l'expérience canadienne	Oshawa	Oshawa	360
2025	2025	Ontario	Ontario	Canadian Experience Class	Catégorie de l'expérience canadienne	Other - Ontario	Autres - Ontario	340
2025	2025	Ontario	Ontario	Canadian Experience Class	Catégorie de l'expérience canadienne	Ottawa - Gatineau (Ontario part)	Ottawa - Gatineau (partie de l'Ontario)	3150
2025	2025	Ontario	Ontario	Canadian Experience Class	Catégorie de l'expérience canadienne	Owen Sound	Owen Sound	35
2025	2025	Ontario	Ontario	Canadian Experience Class	Catégorie de l'expérience canadienne	Pembroke	Pembroke	15
2025	2025	Ontario	Ontario	Canadian Experience Class	Catégorie de l'expérience canadienne	Petawawa	Petawawa	5
2025	2025	Ontario	Ontario	Canadian Experience Class	Catégorie de l'expérience canadienne	Peterborough	Peterborough	125
2025	2025	Ontario	Ontario	Canadian Experience Class	Catégorie de l'expérience canadienne	Port Hope	Port Hope	--
2025	2025	Ontario	Ontario	Canadian Experience Class	Catégorie de l'expérience canadienne	Sarnia	Sarnia	100
2025	2025	Ontario	Ontario	Canadian Experience Class	Catégorie de l'expérience canadienne	Sault Ste. Marie	Sault Ste. Marie	30
2025	2025	Ontario	Ontario	Canadian Experience Class	Catégorie de l'expérience canadienne	St. Catharines - Niagara	St. Catharines - Niagara	380
2025	2025	Ontario	Ontario	Canadian Experience Class	Catégorie de l'expérience canadienne	Stratford	Stratford	10
2025	2025	Ontario	Ontario	Canadian Experience Class	Catégorie de l'expérience canadienne	Thunder Bay	Thunder Bay	110
2025	2025	Ontario	Ontario	Canadian Experience Class	Catégorie de l'expérience canadienne	Tillsonburg	Tillsonburg	5
2025	2025	Ontario	Ontario	Canadian Experience Class	Catégorie de l'expérience canadienne	Timmins	Timmins	40
2025	2025	Ontario	Ontario	Canadian Experience Class	Catégorie de l'expérience canadienne	Toronto	Toronto	14220
2025	2025	Ontario	Ontario	Canadian Experience Class	Catégorie de l'expérience canadienne	Wasaga Beach	Wasaga Beach	5
2025	2025	Ontario	Ontario	Canadian Experience Class	Catégorie de l'expérience canadienne	Windsor	Windsor	310
2025	2025	Ontario	Ontario	Canadian Experience Class	Catégorie de l'expérience canadienne	Woodstock	Woodstock	45
2025	2025	Ontario	Ontario	Federal Skilled Worker	Travailleurs qualifiés	Barrie	Barrie	75
2025	2025	Ontario	Ontario	Federal Skilled Worker	Travailleurs qualifiés	Belleville - Quinte West	Belleville - Quinte West	30
2025	2025	Ontario	Ontario	Federal Skilled Worker	Travailleurs qualifiés	Brantford	Brantford	50
2025	2025	Ontario	Ontario	Federal Skilled Worker	Travailleurs qualifiés	Brockville	Brockville	10
2025	2025	Ontario	Ontario	Federal Skilled Worker	Travailleurs qualifiés	Centre Wellington	Centre Wellington	10
2025	2025	Ontario	Ontario	Federal Skilled Worker	Travailleurs qualifiés	Chatham-Kent	Chatham-Kent	5
2025	2025	Ontario	Ontario	Federal Skilled Worker	Travailleurs qualifiés	Cornwall	Cornwall	275
2025	2025	Ontario	Ontario	Federal Skilled Worker	Travailleurs qualifiés	Essa	Essa	20
2025	2025	Ontario	Ontario	Federal Skilled Worker	Travailleurs qualifiés	Greater Sudbury	Grand Sudbury	635
2025	2025	Ontario	Ontario	Federal Skilled Worker	Travailleurs qualifiés	Guelph	Guelph	45
2025	2025	Ontario	Ontario	Federal Skilled Worker	Travailleurs qualifiés	Hamilton	Hamilton	390
2025	2025	Ontario	Ontario	Federal Skilled Worker	Travailleurs qualifiés	Hawkesbury (Ontario part)	Hawkesbury (partie de l'Ontario)	465
2025	2025	Ontario	Ontario	Federal Skilled Worker	Travailleurs qualifiés	Ingersoll	Ingersoll	--
2025	2025	Ontario	Ontario	Federal Skilled Worker	Travailleurs qualifiés	Kawartha Lakes	Kawartha Lakes	10
2025	2025	Ontario	Ontario	Federal Skilled Worker	Travailleurs qualifiés	Kenora	Kenora	--
2025	2025	Ontario	Ontario	Federal Skilled Worker	Travailleurs qualifiés	Kingston	Kingston	130
2025	2025	Ontario	Ontario	Federal Skilled Worker	Travailleurs qualifiés	Kitchener - Cambridge - Waterloo	Kitchener - Cambridge - Waterloo	300
2025	2025	Ontario	Ontario	Federal Skilled Worker	Travailleurs qualifiés	London	Londres	410
2025	2025	Ontario	Ontario	Federal Skilled Worker	Travailleurs qualifiés	Midland	Midland	--
2025	2025	Ontario	Ontario	Federal Skilled Worker	Travailleurs qualifiés	Norfolk	Norfolk	--
2025	2025	Ontario	Ontario	Federal Skilled Worker	Travailleurs qualifiés	North Bay	North Bay	25
2025	2025	Ontario	Ontario	Federal Skilled Worker	Travailleurs qualifiés	Orillia	Orillia	--
2025	2025	Ontario	Ontario	Federal Skilled Worker	Travailleurs qualifiés	Oshawa	Oshawa	180
2025	2025	Ontario	Ontario	Federal Skilled Worker	Travailleurs qualifiés	Other - Ontario	Autres - Ontario	415
2025	2025	Ontario	Ontario	Federal Skilled Worker	Travailleurs qualifiés	Ottawa - Gatineau (Ontario part)	Ottawa - Gatineau (partie de l'Ontario)	10715
2025	2025	Ontario	Ontario	Federal Skilled Worker	Travailleurs qualifiés	Owen Sound	Owen Sound	--
2025	2025	Ontario	Ontario	Federal Skilled Worker	Travailleurs qualifiés	Pembroke	Pembroke	--
2025	2025	Ontario	Ontario	Federal Skilled Worker	Travailleurs qualifiés	Petawawa	Petawawa	--
2025	2025	Ontario	Ontario	Federal Skilled Worker	Travailleurs qualifiés	Peterborough	Peterborough	25
2025	2025	Ontario	Ontario	Federal Skilled Worker	Travailleurs qualifiés	Sarnia	Sarnia	20
2025	2025	Ontario	Ontario	Federal Skilled Worker	Travailleurs qualifiés	Sault Ste. Marie	Sault Ste. Marie	25
2025	2025	Ontario	Ontario	Federal Skilled Worker	Travailleurs qualifiés	St. Catharines - Niagara	St. Catharines - Niagara	100
2025	2025	Ontario	Ontario	Federal Skilled Worker	Travailleurs qualifiés	Stratford	Stratford	--
2025	2025	Ontario	Ontario	Federal Skilled Worker	Travailleurs qualifiés	Thunder Bay	Thunder Bay	45
2025	2025	Ontario	Ontario	Federal Skilled Worker	Travailleurs qualifiés	Tillsonburg	Tillsonburg	--
2025	2025	Ontario	Ontario	Federal Skilled Worker	Travailleurs qualifiés	Timmins	Timmins	50
2025	2025	Ontario	Ontario	Federal Skilled Worker	Travailleurs qualifiés	Toronto	Toronto	4965
2025	2025	Ontario	Ontario	Federal Skilled Worker	Travailleurs qualifiés	Wasaga Beach	Wasaga Beach	--
2025	2025	Ontario	Ontario	Federal Skilled Worker	Travailleurs qualifiés	Windsor	Windsor	195
2025	2025	Ontario	Ontario	Federal Skilled Worker	Travailleurs qualifiés	Woodstock	Woodstock	10
2025	2025	Ontario	Ontario	Provincial Nominee Program	Candidats des provinces ou des territoires	Barrie	Barrie	25
2025	2025	Ontario	Ontario	Provincial Nominee Program	Candidats des provinces ou des territoires	Belleville - Quinte West	Belleville - Quinte West	5
2025	2025	Ontario	Ontario	Provincial Nominee Program	Candidats des provinces ou des territoires	Brantford	Brantford	30
2025	2025	Ontario	Ontario	Provincial Nominee Program	Candidats des provinces ou des territoires	Brockville	Brockville	--
2025	2025	Ontario	Ontario	Provincial Nominee Program	Candidats des provinces ou des territoires	Chatham-Kent	Chatham-Kent	--
2025	2025	Ontario	Ontario	Provincial Nominee Program	Candidats des provinces ou des territoires	Cobourg	Cobourg	--
2025	2025	Ontario	Ontario	Provincial Nominee Program	Candidats des provinces ou des territoires	Collingwood	Collingwood	--
2025	2025	Ontario	Ontario	Provincial Nominee Program	Candidats des provinces ou des territoires	Cornwall	Cornwall	--
2025	2025	Ontario	Ontario	Provincial Nominee Program	Candidats des provinces ou des territoires	Greater Sudbury	Grand Sudbury	10
2025	2025	Ontario	Ontario	Provincial Nominee Program	Candidats des provinces ou des territoires	Guelph	Guelph	35
2025	2025	Ontario	Ontario	Provincial Nominee Program	Candidats des provinces ou des territoires	Hamilton	Hamilton	125
2025	2025	Ontario	Ontario	Provincial Nominee Program	Candidats des provinces ou des territoires	Hawkesbury (Ontario part)	Hawkesbury (partie de l'Ontario)	--
2025	2025	Ontario	Ontario	Provincial Nominee Program	Candidats des provinces ou des territoires	Kawartha Lakes	Kawartha Lakes	--
2025	2025	Ontario	Ontario	Provincial Nominee Program	Candidats des provinces ou des territoires	Kenora	Kenora	--
2025	2025	Ontario	Ontario	Provincial Nominee Program	Candidats des provinces ou des territoires	Kingston	Kingston	25
2025	2025	Ontario	Ontario	Provincial Nominee Program	Candidats des provinces ou des territoires	Kitchener - Cambridge - Waterloo	Kitchener - Cambridge - Waterloo	190
2025	2025	Ontario	Ontario	Provincial Nominee Program	Candidats des provinces ou des territoires	London	Londres	150
2025	2025	Ontario	Ontario	Provincial Nominee Program	Candidats des provinces ou des territoires	Midland	Midland	--
2025	2025	Ontario	Ontario	Provincial Nominee Program	Candidats des provinces ou des territoires	Norfolk	Norfolk	--
2025	2025	Ontario	Ontario	Provincial Nominee Program	Candidats des provinces ou des territoires	North Bay	North Bay	5
2025	2025	Ontario	Ontario	Provincial Nominee Program	Candidats des provinces ou des territoires	Orillia	Orillia	--
2025	2025	Ontario	Ontario	Provincial Nominee Program	Candidats des provinces ou des territoires	Oshawa	Oshawa	50
2025	2025	Ontario	Ontario	Provincial Nominee Program	Candidats des provinces ou des territoires	Other - Ontario	Autres - Ontario	40
2025	2025	Ontario	Ontario	Provincial Nominee Program	Candidats des provinces ou des territoires	Ottawa - Gatineau (Ontario part)	Ottawa - Gatineau (partie de l'Ontario)	190
2025	2025	Ontario	Ontario	Provincial Nominee Program	Candidats des provinces ou des territoires	Owen Sound	Owen Sound	5
2025	2025	Ontario	Ontario	Provincial Nominee Program	Candidats des provinces ou des territoires	Pembroke	Pembroke	--
2025	2025	Ontario	Ontario	Provincial Nominee Program	Candidats des provinces ou des territoires	Peterborough	Peterborough	10
2025	2025	Ontario	Ontario	Provincial Nominee Program	Candidats des provinces ou des territoires	Port Hope	Port Hope	--
2025	2025	Ontario	Ontario	Provincial Nominee Program	Candidats des provinces ou des territoires	Sarnia	Sarnia	5
2025	2025	Ontario	Ontario	Provincial Nominee Program	Candidats des provinces ou des territoires	Sault Ste. Marie	Sault Ste. Marie	--
2025	2025	Ontario	Ontario	Provincial Nominee Program	Candidats des provinces ou des territoires	St. Catharines - Niagara	St. Catharines - Niagara	45
2025	2025	Ontario	Ontario	Provincial Nominee Program	Candidats des provinces ou des territoires	Stratford	Stratford	--
2025	2025	Ontario	Ontario	Provincial Nominee Program	Candidats des provinces ou des territoires	Thunder Bay	Thunder Bay	15
2025	2025	Ontario	Ontario	Provincial Nominee Program	Candidats des provinces ou des territoires	Tillsonburg	Tillsonburg	--
2025	2025	Ontario	Ontario	Provincial Nominee Program	Candidats des provinces ou des territoires	Timmins	Timmins	--
2025	2025	Ontario	Ontario	Provincial Nominee Program	Candidats des provinces ou des territoires	Toronto	Toronto	1815
2025	2025	Ontario	Ontario	Provincial Nominee Program	Candidats des provinces ou des territoires	Wasaga Beach	Wasaga Beach	--
2025	2025	Ontario	Ontario	Provincial Nominee Program	Candidats des provinces ou des territoires	Windsor	Windsor	35
2025	2025	Ontario	Ontario	Provincial Nominee Program	Candidats des provinces ou des territoires	Woodstock	Woodstock	--
2025	2025	Prince Edward Island	Île-du-Prince-Édouard	Canadian Experience Class	Catégorie de l'expérience canadienne	Charlottetown	Charlottetown	50
2025	2025	Prince Edward Island	Île-du-Prince-Édouard	Canadian Experience Class	Catégorie de l'expérience canadienne	Other - Prince Edward Island	Autres - Île-du-Prince-Édouard	--
2025	2025	Prince Edward Island	Île-du-Prince-Édouard	Canadian Experience Class	Catégorie de l'expérience canadienne	Summerside	Summerside	5
2025	2025	Prince Edward Island	Île-du-Prince-Édouard	Federal Skilled Worker	Travailleurs qualifiés	Charlottetown	Charlottetown	40
2025	2025	Prince Edward Island	Île-du-Prince-Édouard	Federal Skilled Worker	Travailleurs qualifiés	Other - Prince Edward Island	Autres - Île-du-Prince-Édouard	30
2025	2025	Prince Edward Island	Île-du-Prince-Édouard	Federal Skilled Worker	Travailleurs qualifiés	Summerside	Summerside	5
2025	2025	Prince Edward Island	Île-du-Prince-Édouard	Provincial Nominee Program	Candidats des provinces ou des territoires	Charlottetown	Charlottetown	190
2025	2025	Prince Edward Island	Île-du-Prince-Édouard	Provincial Nominee Program	Candidats des provinces ou des territoires	Other - Prince Edward Island	Autres - Île-du-Prince-Édouard	15
2025	2025	Prince Edward Island	Île-du-Prince-Édouard	Provincial Nominee Program	Candidats des provinces ou des territoires	Summerside	Summerside	25
2025	2025	Saskatchewan	Saskatchewan	Canadian Experience Class	Catégorie de l'expérience canadienne	Estevan	Estevan	--
2025	2025	Saskatchewan	Saskatchewan	Canadian Experience Class	Catégorie de l'expérience canadienne	Lloydminster (Saskatchewan part)	Lloydminster (partie de la Saskatchewan)	--
2025	2025	Saskatchewan	Saskatchewan	Canadian Experience Class	Catégorie de l'expérience canadienne	Moose Jaw	Moose Jaw	10
2025	2025	Saskatchewan	Saskatchewan	Canadian Experience Class	Catégorie de l'expérience canadienne	North Battleford	North Battleford	5
2025	2025	Saskatchewan	Saskatchewan	Canadian Experience Class	Catégorie de l'expérience canadienne	Other - Saskatchewan	Autres - Saskatchewan	15
2025	2025	Saskatchewan	Saskatchewan	Canadian Experience Class	Catégorie de l'expérience canadienne	Prince Albert	Prince Albert	10
2025	2025	Saskatchewan	Saskatchewan	Canadian Experience Class	Catégorie de l'expérience canadienne	Regina	Regina	90
2025	2025	Saskatchewan	Saskatchewan	Canadian Experience Class	Catégorie de l'expérience canadienne	Saskatoon	Saskatoon	110
2025	2025	Saskatchewan	Saskatchewan	Canadian Experience Class	Catégorie de l'expérience canadienne	Swift Current	Swift Current	--
2025	2025	Saskatchewan	Saskatchewan	Canadian Experience Class	Catégorie de l'expérience canadienne	Weyburn	Weyburn	--
2025	2025	Saskatchewan	Saskatchewan	Canadian Experience Class	Catégorie de l'expérience canadienne	Yorkton	Yorkton	--
2025	2025	Saskatchewan	Saskatchewan	Federal Skilled Worker	Travailleurs qualifiés	Estevan	Estevan	--
2025	2025	Saskatchewan	Saskatchewan	Federal Skilled Worker	Travailleurs qualifiés	Lloydminster (Saskatchewan part)	Lloydminster (partie de la Saskatchewan)	--
2025	2025	Saskatchewan	Saskatchewan	Federal Skilled Worker	Travailleurs qualifiés	Moose Jaw	Moose Jaw	5
2025	2025	Saskatchewan	Saskatchewan	Federal Skilled Worker	Travailleurs qualifiés	North Battleford	North Battleford	--
2025	2025	Saskatchewan	Saskatchewan	Federal Skilled Worker	Travailleurs qualifiés	Other - Saskatchewan	Autres - Saskatchewan	55
2025	2025	Saskatchewan	Saskatchewan	Federal Skilled Worker	Travailleurs qualifiés	Prince Albert	Prince Albert	--
2025	2025	Saskatchewan	Saskatchewan	Federal Skilled Worker	Travailleurs qualifiés	Regina	Regina	115
2025	2025	Saskatchewan	Saskatchewan	Federal Skilled Worker	Travailleurs qualifiés	Saskatoon	Saskatoon	110
2025	2025	Saskatchewan	Saskatchewan	Federal Skilled Worker	Travailleurs qualifiés	Swift Current	Swift Current	--
2025	2025	Saskatchewan	Saskatchewan	Federal Skilled Worker	Travailleurs qualifiés	Weyburn	Weyburn	--
2025	2025	Saskatchewan	Saskatchewan	Federal Skilled Worker	Travailleurs qualifiés	Yorkton	Yorkton	5
2025	2025	Saskatchewan	Saskatchewan	Provincial Nominee Program	Candidats des provinces ou des territoires	Moose Jaw	Moose Jaw	--
2025	2025	Saskatchewan	Saskatchewan	Provincial Nominee Program	Candidats des provinces ou des territoires	North Battleford	North Battleford	--
2025	2025	Saskatchewan	Saskatchewan	Provincial Nominee Program	Candidats des provinces ou des territoires	Other - Saskatchewan	Autres - Saskatchewan	10
2025	2025	Saskatchewan	Saskatchewan	Provincial Nominee Program	Candidats des provinces ou des territoires	Prince Albert	Prince Albert	5
2025	2025	Saskatchewan	Saskatchewan	Provincial Nominee Program	Candidats des provinces ou des territoires	Regina	Regina	160
2025	2025	Saskatchewan	Saskatchewan	Provincial Nominee Program	Candidats des provinces ou des territoires	Saskatoon	Saskatoon	165
2025	2025	Saskatchewan	Saskatchewan	Provincial Nominee Program	Candidats des provinces ou des territoires	Swift Current	Swift Current	--
2025	2025	Saskatchewan	Saskatchewan	Provincial Nominee Program	Candidats des provinces ou des territoires	Yorkton	Yorkton	--
2025	2025	Yukon	Yukon	Canadian Experience Class	Catégorie de l'expérience canadienne	Other - Yukon	Autres - Yukon	--
2025	2025	Yukon	Yukon	Canadian Experience Class	Catégorie de l'expérience canadienne	Territories (outside Census agglomeration, Yukon)	Territoires (à l'extérieur des agglomérations de recensement, Yukon)	--
2025	2025	Yukon	Yukon	Canadian Experience Class	Catégorie de l'expérience canadienne	Whitehorse	Whitehorse	30
2025	2025	Yukon	Yukon	Federal Skilled Worker	Travailleurs qualifiés	Other - Yukon	Autres - Yukon	--
2025	2025	Yukon	Yukon	Federal Skilled Worker	Travailleurs qualifiés	Territories (outside Census agglomeration, Yukon)	Territoires (à l'extérieur des agglomérations de recensement, Yukon)	15
2025	2025	Yukon	Yukon	Federal Skilled Worker	Travailleurs qualifiés	Whitehorse	Whitehorse	25
2025	2025	Yukon	Yukon	Provincial Nominee Program	Candidats des provinces ou des territoires	Other - Yukon	Autres - Yukon	--
2025	2025	Yukon	Yukon	Provincial Nominee Program	Candidats des provinces ou des territoires	Territories (outside Census agglomeration, Yukon)	Territoires (à l'extérieur des agglomérations de recensement, Yukon)	--
2025	2025	Yukon	Yukon	Provincial Nominee Program	Candidats des provinces ou des territoires	Whitehorse	Whitehorse	35
2026	2026	Alberta	Alberta	Canadian Experience Class	Catégorie de l'expérience canadienne	Calgary	Calgary	1475
2026	2026	Alberta	Alberta	Canadian Experience Class	Catégorie de l'expérience canadienne	Camrose	Camrose	10
2026	2026	Alberta	Alberta	Canadian Experience Class	Catégorie de l'expérience canadienne	Canmore	Canmore	25
2026	2026	Alberta	Alberta	Canadian Experience Class	Catégorie de l'expérience canadienne	Edmonton	Edmonton	895
2026	2026	Alberta	Alberta	Canadian Experience Class	Catégorie de l'expérience canadienne	Grande Prairie	Grande Prairie	20
2026	2026	Alberta	Alberta	Canadian Experience Class	Catégorie de l'expérience canadienne	High River	High River	--
2026	2026	Alberta	Alberta	Canadian Experience Class	Catégorie de l'expérience canadienne	Lacombe	Lacombe	--
2026	2026	Alberta	Alberta	Canadian Experience Class	Catégorie de l'expérience canadienne	Lethbridge	Lethbridge	40
2026	2026	Alberta	Alberta	Canadian Experience Class	Catégorie de l'expérience canadienne	Lloydminster (Alberta part)	Lloydminster (partie de l'Alberta)	10
2026	2026	Alberta	Alberta	Canadian Experience Class	Catégorie de l'expérience canadienne	Medicine Hat	Medicine Hat	10
2026	2026	Alberta	Alberta	Canadian Experience Class	Catégorie de l'expérience canadienne	Other - Alberta	Autres - Alberta	120
2026	2026	Alberta	Alberta	Canadian Experience Class	Catégorie de l'expérience canadienne	Red Deer	Red Deer	25
2026	2026	Alberta	Alberta	Canadian Experience Class	Catégorie de l'expérience canadienne	Sylvan Lake	Sylvan Lake	--
2026	2026	Alberta	Alberta	Canadian Experience Class	Catégorie de l'expérience canadienne	Wetaskiwin	Wetaskiwin	--
2026	2026	Alberta	Alberta	Canadian Experience Class	Catégorie de l'expérience canadienne	Wood Buffalo	Wood Buffalo	35
2026	2026	Alberta	Alberta	Federal Skilled Worker	Travailleurs qualifiés	Brooks	Brooks	5
2026	2026	Alberta	Alberta	Federal Skilled Worker	Travailleurs qualifiés	Calgary	Calgary	1855
2026	2026	Alberta	Alberta	Federal Skilled Worker	Travailleurs qualifiés	Camrose	Camrose	--
2026	2026	Alberta	Alberta	Federal Skilled Worker	Travailleurs qualifiés	Canmore	Canmore	10
2026	2026	Alberta	Alberta	Federal Skilled Worker	Travailleurs qualifiés	Edmonton	Edmonton	1615
2026	2026	Alberta	Alberta	Federal Skilled Worker	Travailleurs qualifiés	Grande Prairie	Grande Prairie	25
2026	2026	Alberta	Alberta	Federal Skilled Worker	Travailleurs qualifiés	Lacombe	Lacombe	--
2026	2026	Alberta	Alberta	Federal Skilled Worker	Travailleurs qualifiés	Lethbridge	Lethbridge	15
2026	2026	Alberta	Alberta	Federal Skilled Worker	Travailleurs qualifiés	Lloydminster (Alberta part)	Lloydminster (partie de l'Alberta)	--
2026	2026	Alberta	Alberta	Federal Skilled Worker	Travailleurs qualifiés	Medicine Hat	Medicine Hat	--
2026	2026	Alberta	Alberta	Federal Skilled Worker	Travailleurs qualifiés	Okotoks	Okotoks	--
2026	2026	Alberta	Alberta	Federal Skilled Worker	Travailleurs qualifiés	Other - Alberta	Autres - Alberta	195
2026	2026	Alberta	Alberta	Federal Skilled Worker	Travailleurs qualifiés	Red Deer	Red Deer	45
2026	2026	Alberta	Alberta	Federal Skilled Worker	Travailleurs qualifiés	Wetaskiwin	Wetaskiwin	--
2026	2026	Alberta	Alberta	Federal Skilled Worker	Travailleurs qualifiés	Wood Buffalo	Wood Buffalo	15
2026	2026	Alberta	Alberta	Provincial Nominee Program	Candidats des provinces ou des territoires	Brooks	Brooks	--
2026	2026	Alberta	Alberta	Provincial Nominee Program	Candidats des provinces ou des territoires	Calgary	Calgary	450
2026	2026	Alberta	Alberta	Provincial Nominee Program	Candidats des provinces ou des territoires	Canmore	Canmore	10
2026	2026	Alberta	Alberta	Provincial Nominee Program	Candidats des provinces ou des territoires	Edmonton	Edmonton	245
2026	2026	Alberta	Alberta	Provincial Nominee Program	Candidats des provinces ou des territoires	Grande Prairie	Grande Prairie	15
2026	2026	Alberta	Alberta	Provincial Nominee Program	Candidats des provinces ou des territoires	High River	High River	--
2026	2026	Alberta	Alberta	Provincial Nominee Program	Candidats des provinces ou des territoires	Lacombe	Lacombe	--
2026	2026	Alberta	Alberta	Provincial Nominee Program	Candidats des provinces ou des territoires	Lethbridge	Lethbridge	40
2026	2026	Alberta	Alberta	Provincial Nominee Program	Candidats des provinces ou des territoires	Lloydminster (Alberta part)	Lloydminster (partie de l'Alberta)	--
2026	2026	Alberta	Alberta	Provincial Nominee Program	Candidats des provinces ou des territoires	Medicine Hat	Medicine Hat	15
2026	2026	Alberta	Alberta	Provincial Nominee Program	Candidats des provinces ou des territoires	Okotoks	Okotoks	--
2026	2026	Alberta	Alberta	Provincial Nominee Program	Candidats des provinces ou des territoires	Other - Alberta	Autres - Alberta	60
2026	2026	Alberta	Alberta	Provincial Nominee Program	Candidats des provinces ou des territoires	Red Deer	Red Deer	25
2026	2026	Alberta	Alberta	Provincial Nominee Program	Candidats des provinces ou des territoires	Strathmore	Strathmore	--
2026	2026	Alberta	Alberta	Provincial Nominee Program	Candidats des provinces ou des territoires	Wetaskiwin	Wetaskiwin	5
2026	2026	Alberta	Alberta	Provincial Nominee Program	Candidats des provinces ou des territoires	Wood Buffalo	Wood Buffalo	10
2026	2026	British Columbia	Colombie-Britannique	Canadian Experience Class	Catégorie de l'expérience canadienne	Abbotsford - Mission	Abbotsford - Mission	140
2026	2026	British Columbia	Colombie-Britannique	Canadian Experience Class	Catégorie de l'expérience canadienne	Campbell River	Campbell River	25
2026	2026	British Columbia	Colombie-Britannique	Canadian Experience Class	Catégorie de l'expérience canadienne	Chilliwack	Chilliwack	25
2026	2026	British Columbia	Colombie-Britannique	Canadian Experience Class	Catégorie de l'expérience canadienne	Courtenay	Courtenay	30
2026	2026	British Columbia	Colombie-Britannique	Canadian Experience Class	Catégorie de l'expérience canadienne	Cranbrook	Cranbrook	15
2026	2026	British Columbia	Colombie-Britannique	Canadian Experience Class	Catégorie de l'expérience canadienne	Dawson Creek	Dawson Creek	20
2026	2026	British Columbia	Colombie-Britannique	Canadian Experience Class	Catégorie de l'expérience canadienne	Duncan	Duncan	10
2026	2026	British Columbia	Colombie-Britannique	Canadian Experience Class	Catégorie de l'expérience canadienne	Fort St. John	Fort St. John	25
2026	2026	British Columbia	Colombie-Britannique	Canadian Experience Class	Catégorie de l'expérience canadienne	Kamloops	Kamloops	180
2026	2026	British Columbia	Colombie-Britannique	Canadian Experience Class	Catégorie de l'expérience canadienne	Kelowna	Kelowna	130
2026	2026	British Columbia	Colombie-Britannique	Canadian Experience Class	Catégorie de l'expérience canadienne	Ladysmith	Ladysmith	--
2026	2026	British Columbia	Colombie-Britannique	Canadian Experience Class	Catégorie de l'expérience canadienne	Nanaimo	Nanaimo	110
2026	2026	British Columbia	Colombie-Britannique	Canadian Experience Class	Catégorie de l'expérience canadienne	Nelson	Nelson	15
2026	2026	British Columbia	Colombie-Britannique	Canadian Experience Class	Catégorie de l'expérience canadienne	Other - British Columbia	Autres - Colombie-Britannique	170
2026	2026	British Columbia	Colombie-Britannique	Canadian Experience Class	Catégorie de l'expérience canadienne	Parksville	Parksville	5
2026	2026	British Columbia	Colombie-Britannique	Canadian Experience Class	Catégorie de l'expérience canadienne	Penticton	Penticton	15
2026	2026	British Columbia	Colombie-Britannique	Canadian Experience Class	Catégorie de l'expérience canadienne	Port Alberni	Port Alberni	5
2026	2026	British Columbia	Colombie-Britannique	Canadian Experience Class	Catégorie de l'expérience canadienne	Powell River	Powell River	10
2026	2026	British Columbia	Colombie-Britannique	Canadian Experience Class	Catégorie de l'expérience canadienne	Prince George	Prince George	55
2026	2026	British Columbia	Colombie-Britannique	Canadian Experience Class	Catégorie de l'expérience canadienne	Prince Rupert	Prince Rupert	5
2026	2026	British Columbia	Colombie-Britannique	Canadian Experience Class	Catégorie de l'expérience canadienne	Quesnel	Quesnel	--
2026	2026	British Columbia	Colombie-Britannique	Canadian Experience Class	Catégorie de l'expérience canadienne	Salmon Arm	Salmon Arm	5
2026	2026	British Columbia	Colombie-Britannique	Canadian Experience Class	Catégorie de l'expérience canadienne	Squamish	Squamish	45
2026	2026	British Columbia	Colombie-Britannique	Canadian Experience Class	Catégorie de l'expérience canadienne	Terrace	Terrace	15
2026	2026	British Columbia	Colombie-Britannique	Canadian Experience Class	Catégorie de l'expérience canadienne	Trail	Trail	5
2026	2026	British Columbia	Colombie-Britannique	Canadian Experience Class	Catégorie de l'expérience canadienne	Vancouver	Vancouver	6625
2026	2026	British Columbia	Colombie-Britannique	Canadian Experience Class	Catégorie de l'expérience canadienne	Vernon	Vernon	20
2026	2026	British Columbia	Colombie-Britannique	Canadian Experience Class	Catégorie de l'expérience canadienne	Victoria	Victoria	415
2026	2026	British Columbia	Colombie-Britannique	Canadian Experience Class	Catégorie de l'expérience canadienne	Williams Lake	Williams Lake	10
2026	2026	British Columbia	Colombie-Britannique	Federal Skilled Worker	Travailleurs qualifiés	Abbotsford - Mission	Abbotsford - Mission	10
2026	2026	British Columbia	Colombie-Britannique	Federal Skilled Worker	Travailleurs qualifiés	Campbell River	Campbell River	--
2026	2026	British Columbia	Colombie-Britannique	Federal Skilled Worker	Travailleurs qualifiés	Chilliwack	Chilliwack	--
2026	2026	British Columbia	Colombie-Britannique	Federal Skilled Worker	Travailleurs qualifiés	Courtenay	Courtenay	--
2026	2026	British Columbia	Colombie-Britannique	Federal Skilled Worker	Travailleurs qualifiés	Dawson Creek	Dawson Creek	--
2026	2026	British Columbia	Colombie-Britannique	Federal Skilled Worker	Travailleurs qualifiés	Duncan	Duncan	--
2026	2026	British Columbia	Colombie-Britannique	Federal Skilled Worker	Travailleurs qualifiés	Fort St. John	Fort St. John	--
2026	2026	British Columbia	Colombie-Britannique	Federal Skilled Worker	Travailleurs qualifiés	Kamloops	Kamloops	15
2026	2026	British Columbia	Colombie-Britannique	Federal Skilled Worker	Travailleurs qualifiés	Kelowna	Kelowna	35
2026	2026	British Columbia	Colombie-Britannique	Federal Skilled Worker	Travailleurs qualifiés	Nanaimo	Nanaimo	5
2026	2026	British Columbia	Colombie-Britannique	Federal Skilled Worker	Travailleurs qualifiés	Nelson	Nelson	--
2026	2026	British Columbia	Colombie-Britannique	Federal Skilled Worker	Travailleurs qualifiés	Other - British Columbia	Autres - Colombie-Britannique	65
2026	2026	British Columbia	Colombie-Britannique	Federal Skilled Worker	Travailleurs qualifiés	Parksville	Parksville	--
2026	2026	British Columbia	Colombie-Britannique	Federal Skilled Worker	Travailleurs qualifiés	Port Alberni	Port Alberni	--
2026	2026	British Columbia	Colombie-Britannique	Federal Skilled Worker	Travailleurs qualifiés	Prince George	Prince George	15
2026	2026	British Columbia	Colombie-Britannique	Federal Skilled Worker	Travailleurs qualifiés	Prince Rupert	Prince Rupert	--
2026	2026	British Columbia	Colombie-Britannique	Federal Skilled Worker	Travailleurs qualifiés	Salmon Arm	Salmon Arm	--
2026	2026	British Columbia	Colombie-Britannique	Federal Skilled Worker	Travailleurs qualifiés	Squamish	Squamish	10
2026	2026	British Columbia	Colombie-Britannique	Federal Skilled Worker	Travailleurs qualifiés	Terrace	Terrace	--
2026	2026	British Columbia	Colombie-Britannique	Federal Skilled Worker	Travailleurs qualifiés	Vancouver	Vancouver	760
2026	2026	British Columbia	Colombie-Britannique	Federal Skilled Worker	Travailleurs qualifiés	Vernon	Vernon	--
2026	2026	British Columbia	Colombie-Britannique	Federal Skilled Worker	Travailleurs qualifiés	Victoria	Victoria	55
2026	2026	British Columbia	Colombie-Britannique	Federal Skilled Worker	Travailleurs qualifiés	Williams Lake	Williams Lake	--
2026	2026	British Columbia	Colombie-Britannique	Provincial Nominee Program	Candidats des provinces ou des territoires	Abbotsford - Mission	Abbotsford - Mission	20
2026	2026	British Columbia	Colombie-Britannique	Provincial Nominee Program	Candidats des provinces ou des territoires	Campbell River	Campbell River	5
2026	2026	British Columbia	Colombie-Britannique	Provincial Nominee Program	Candidats des provinces ou des territoires	Chilliwack	Chilliwack	5
2026	2026	British Columbia	Colombie-Britannique	Provincial Nominee Program	Candidats des provinces ou des territoires	Courtenay	Courtenay	10
2026	2026	British Columbia	Colombie-Britannique	Provincial Nominee Program	Candidats des provinces ou des territoires	Cranbrook	Cranbrook	5
2026	2026	British Columbia	Colombie-Britannique	Provincial Nominee Program	Candidats des provinces ou des territoires	Dawson Creek	Dawson Creek	5
2026	2026	British Columbia	Colombie-Britannique	Provincial Nominee Program	Candidats des provinces ou des territoires	Duncan	Duncan	10
2026	2026	British Columbia	Colombie-Britannique	Provincial Nominee Program	Candidats des provinces ou des territoires	Fort St. John	Fort St. John	5
2026	2026	British Columbia	Colombie-Britannique	Provincial Nominee Program	Candidats des provinces ou des territoires	Kamloops	Kamloops	35
2026	2026	British Columbia	Colombie-Britannique	Provincial Nominee Program	Candidats des provinces ou des territoires	Kelowna	Kelowna	70
2026	2026	British Columbia	Colombie-Britannique	Provincial Nominee Program	Candidats des provinces ou des territoires	Nanaimo	Nanaimo	20
2026	2026	British Columbia	Colombie-Britannique	Provincial Nominee Program	Candidats des provinces ou des territoires	Nelson	Nelson	--
2026	2026	British Columbia	Colombie-Britannique	Provincial Nominee Program	Candidats des provinces ou des territoires	Other - British Columbia	Autres - Colombie-Britannique	70
2026	2026	British Columbia	Colombie-Britannique	Provincial Nominee Program	Candidats des provinces ou des territoires	Parksville	Parksville	--
2026	2026	British Columbia	Colombie-Britannique	Provincial Nominee Program	Candidats des provinces ou des territoires	Penticton	Penticton	5
2026	2026	British Columbia	Colombie-Britannique	Provincial Nominee Program	Candidats des provinces ou des territoires	Port Alberni	Port Alberni	--
2026	2026	British Columbia	Colombie-Britannique	Provincial Nominee Program	Candidats des provinces ou des territoires	Powell River	Powell River	--
2026	2026	British Columbia	Colombie-Britannique	Provincial Nominee Program	Candidats des provinces ou des territoires	Prince George	Prince George	35
2026	2026	British Columbia	Colombie-Britannique	Provincial Nominee Program	Candidats des provinces ou des territoires	Prince Rupert	Prince Rupert	5
2026	2026	British Columbia	Colombie-Britannique	Provincial Nominee Program	Candidats des provinces ou des territoires	Quesnel	Quesnel	--
2026	2026	British Columbia	Colombie-Britannique	Provincial Nominee Program	Candidats des provinces ou des territoires	Salmon Arm	Salmon Arm	--
2026	2026	British Columbia	Colombie-Britannique	Provincial Nominee Program	Candidats des provinces ou des territoires	Squamish	Squamish	5
2026	2026	British Columbia	Colombie-Britannique	Provincial Nominee Program	Candidats des provinces ou des territoires	Terrace	Terrace	5
2026	2026	British Columbia	Colombie-Britannique	Provincial Nominee Program	Candidats des provinces ou des territoires	Trail	Trail	5
2026	2026	British Columbia	Colombie-Britannique	Provincial Nominee Program	Candidats des provinces ou des territoires	Vancouver	Vancouver	1010
2026	2026	British Columbia	Colombie-Britannique	Provincial Nominee Program	Candidats des provinces ou des territoires	Vernon	Vernon	5
2026	2026	British Columbia	Colombie-Britannique	Provincial Nominee Program	Candidats des provinces ou des territoires	Victoria	Victoria	160
2026	2026	British Columbia	Colombie-Britannique	Provincial Nominee Program	Candidats des provinces ou des territoires	Williams Lake	Williams Lake	5
2026	2026	Manitoba	Manitoba	Canadian Experience Class	Catégorie de l'expérience canadienne	Brandon	Brandon	5
2026	2026	Manitoba	Manitoba	Canadian Experience Class	Catégorie de l'expérience canadienne	Other - Manitoba	Autres - Manitoba	20
2026	2026	Manitoba	Manitoba	Canadian Experience Class	Catégorie de l'expérience canadienne	Portage la Prairie	Portage la Prairie	--
2026	2026	Manitoba	Manitoba	Canadian Experience Class	Catégorie de l'expérience canadienne	Steinbach	Steinbach	5
2026	2026	Manitoba	Manitoba	Canadian Experience Class	Catégorie de l'expérience canadienne	Thompson	Thompson	--
2026	2026	Manitoba	Manitoba	Canadian Experience Class	Catégorie de l'expérience canadienne	Winkler	Winkler	5
2026	2026	Manitoba	Manitoba	Canadian Experience Class	Catégorie de l'expérience canadienne	Winnipeg	Winnipeg	290
2026	2026	Manitoba	Manitoba	Federal Skilled Worker	Travailleurs qualifiés	Brandon	Brandon	95
2026	2026	Manitoba	Manitoba	Federal Skilled Worker	Travailleurs qualifiés	Other - Manitoba	Autres - Manitoba	145
2026	2026	Manitoba	Manitoba	Federal Skilled Worker	Travailleurs qualifiés	Portage la Prairie	Portage la Prairie	--
2026	2026	Manitoba	Manitoba	Federal Skilled Worker	Travailleurs qualifiés	Steinbach	Steinbach	10
2026	2026	Manitoba	Manitoba	Federal Skilled Worker	Travailleurs qualifiés	Thompson	Thompson	10
2026	2026	Manitoba	Manitoba	Federal Skilled Worker	Travailleurs qualifiés	Winkler	Winkler	30
2026	2026	Manitoba	Manitoba	Federal Skilled Worker	Travailleurs qualifiés	Winnipeg	Winnipeg	760
2026	2026	Manitoba	Manitoba	Provincial Nominee Program	Candidats des provinces ou des territoires	Brandon	Brandon	75
2026	2026	Manitoba	Manitoba	Provincial Nominee Program	Candidats des provinces ou des territoires	Other - Manitoba	Autres - Manitoba	80
2026	2026	Manitoba	Manitoba	Provincial Nominee Program	Candidats des provinces ou des territoires	Portage la Prairie	Portage la Prairie	20
2026	2026	Manitoba	Manitoba	Provincial Nominee Program	Candidats des provinces ou des territoires	Steinbach	Steinbach	15
2026	2026	Manitoba	Manitoba	Provincial Nominee Program	Candidats des provinces ou des territoires	Thompson	Thompson	30
2026	2026	Manitoba	Manitoba	Provincial Nominee Program	Candidats des provinces ou des territoires	Winkler	Winkler	50
2026	2026	Manitoba	Manitoba	Provincial Nominee Program	Candidats des provinces ou des territoires	Winnipeg	Winnipeg	1005
2026	2026	New Brunswick	Nouveau-Brunswick	Canadian Experience Class	Catégorie de l'expérience canadienne	Bathurst	Bathurst	20
2026	2026	New Brunswick	Nouveau-Brunswick	Canadian Experience Class	Catégorie de l'expérience canadienne	Campbellton (New Brunswick part)	Campbellton (partie du Nouveau-Brunswick)	10
2026	2026	New Brunswick	Nouveau-Brunswick	Canadian Experience Class	Catégorie de l'expérience canadienne	Edmundston	Edmundston	55
2026	2026	New Brunswick	Nouveau-Brunswick	Canadian Experience Class	Catégorie de l'expérience canadienne	Fredericton	Fredericton	60
2026	2026	New Brunswick	Nouveau-Brunswick	Canadian Experience Class	Catégorie de l'expérience canadienne	Miramichi	Miramichi	--
2026	2026	New Brunswick	Nouveau-Brunswick	Canadian Experience Class	Catégorie de l'expérience canadienne	Moncton	Moncton	175
2026	2026	New Brunswick	Nouveau-Brunswick	Canadian Experience Class	Catégorie de l'expérience canadienne	Other - New Brunswick	Autres - Nouveau-Brunswick	45
2026	2026	New Brunswick	Nouveau-Brunswick	Canadian Experience Class	Catégorie de l'expérience canadienne	Saint John	Saint John	35
2026	2026	New Brunswick	Nouveau-Brunswick	Federal Skilled Worker	Travailleurs qualifiés	Bathurst	Bathurst	170
2026	2026	New Brunswick	Nouveau-Brunswick	Federal Skilled Worker	Travailleurs qualifiés	Campbellton (New Brunswick part)	Campbellton (partie du Nouveau-Brunswick)	35
2026	2026	New Brunswick	Nouveau-Brunswick	Federal Skilled Worker	Travailleurs qualifiés	Edmundston	Edmundston	430
2026	2026	New Brunswick	Nouveau-Brunswick	Federal Skilled Worker	Travailleurs qualifiés	Fredericton	Fredericton	145
2026	2026	New Brunswick	Nouveau-Brunswick	Federal Skilled Worker	Travailleurs qualifiés	Miramichi	Miramichi	20
2026	2026	New Brunswick	Nouveau-Brunswick	Federal Skilled Worker	Travailleurs qualifiés	Moncton	Moncton	1040
2026	2026	New Brunswick	Nouveau-Brunswick	Federal Skilled Worker	Travailleurs qualifiés	Other - New Brunswick	Autres - Nouveau-Brunswick	270
2026	2026	New Brunswick	Nouveau-Brunswick	Federal Skilled Worker	Travailleurs qualifiés	Saint John	Saint John	50
2026	2026	New Brunswick	Nouveau-Brunswick	Provincial Nominee Program	Candidats des provinces ou des territoires	Bathurst	Bathurst	--
2026	2026	New Brunswick	Nouveau-Brunswick	Provincial Nominee Program	Candidats des provinces ou des territoires	Campbellton (New Brunswick part)	Campbellton (partie du Nouveau-Brunswick)	--
2026	2026	New Brunswick	Nouveau-Brunswick	Provincial Nominee Program	Candidats des provinces ou des territoires	Fredericton	Fredericton	75
2026	2026	New Brunswick	Nouveau-Brunswick	Provincial Nominee Program	Candidats des provinces ou des territoires	Miramichi	Miramichi	5
2026	2026	New Brunswick	Nouveau-Brunswick	Provincial Nominee Program	Candidats des provinces ou des territoires	Moncton	Moncton	135
2026	2026	New Brunswick	Nouveau-Brunswick	Provincial Nominee Program	Candidats des provinces ou des territoires	Other - New Brunswick	Autres - Nouveau-Brunswick	40
2026	2026	New Brunswick	Nouveau-Brunswick	Provincial Nominee Program	Candidats des provinces ou des territoires	Saint John	Saint John	75
2026	2026	Newfoundland and Labrador	Terre-Neuve-et-Labrador	Canadian Experience Class	Catégorie de l'expérience canadienne	Corner Brook	Corner Brook	--
2026	2026	Newfoundland and Labrador	Terre-Neuve-et-Labrador	Canadian Experience Class	Catégorie de l'expérience canadienne	Other - Newfoundland and Labrador	Autres - Terre-Neuve-et-Labrador	5
2026	2026	Newfoundland and Labrador	Terre-Neuve-et-Labrador	Canadian Experience Class	Catégorie de l'expérience canadienne	St. John's	St. John's	60
2026	2026	Newfoundland and Labrador	Terre-Neuve-et-Labrador	Federal Skilled Worker	Travailleurs qualifiés	Gander	Gander	--
2026	2026	Newfoundland and Labrador	Terre-Neuve-et-Labrador	Federal Skilled Worker	Travailleurs qualifiés	Grand Falls-Windsor	Grand Falls-Windsor	--
2026	2026	Newfoundland and Labrador	Terre-Neuve-et-Labrador	Federal Skilled Worker	Travailleurs qualifiés	Other - Newfoundland and Labrador	Autres - Terre-Neuve-et-Labrador	25
2026	2026	Newfoundland and Labrador	Terre-Neuve-et-Labrador	Federal Skilled Worker	Travailleurs qualifiés	St. John's	St. John's	45
2026	2026	Newfoundland and Labrador	Terre-Neuve-et-Labrador	Provincial Nominee Program	Candidats des provinces ou des territoires	Corner Brook	Corner Brook	5
2026	2026	Newfoundland and Labrador	Terre-Neuve-et-Labrador	Provincial Nominee Program	Candidats des provinces ou des territoires	Gander	Gander	--
2026	2026	Newfoundland and Labrador	Terre-Neuve-et-Labrador	Provincial Nominee Program	Candidats des provinces ou des territoires	Grand Falls-Windsor	Grand Falls-Windsor	--
2026	2026	Newfoundland and Labrador	Terre-Neuve-et-Labrador	Provincial Nominee Program	Candidats des provinces ou des territoires	Other - Newfoundland and Labrador	Autres - Terre-Neuve-et-Labrador	15
2026	2026	Newfoundland and Labrador	Terre-Neuve-et-Labrador	Provincial Nominee Program	Candidats des provinces ou des territoires	St. John's	St. John's	125
2026	2026	Northwest Territories	Territoires du Nord-Ouest	Canadian Experience Class	Catégorie de l'expérience canadienne	Territories (outside Census agglomeration, Northwest Territories)	Territoires (à l'extérieur des agglomérations de recensement, Territoires du Nord-Ouest)	--
2026	2026	Northwest Territories	Territoires du Nord-Ouest	Canadian Experience Class	Catégorie de l'expérience canadienne	Yellowknife	Yellowknife	15
2026	2026	Northwest Territories	Territoires du Nord-Ouest	Federal Skilled Worker	Travailleurs qualifiés	Territories (outside Census agglomeration, Northwest Territories)	Territoires (à l'extérieur des agglomérations de recensement, Territoires du Nord-Ouest)	20
2026	2026	Northwest Territories	Territoires du Nord-Ouest	Federal Skilled Worker	Travailleurs qualifiés	Yellowknife	Yellowknife	15
2026	2026	Northwest Territories	Territoires du Nord-Ouest	Provincial Nominee Program	Candidats des provinces ou des territoires	Territories (outside Census agglomeration, Northwest Territories)	Territoires (à l'extérieur des agglomérations de recensement, Territoires du Nord-Ouest)	5
2026	2026	Northwest Territories	Territoires du Nord-Ouest	Provincial Nominee Program	Candidats des provinces ou des territoires	Yellowknife	Yellowknife	20
2026	2026	Nova Scotia	Nouvelle-Écosse	Canadian Experience Class	Catégorie de l'expérience canadienne	Cape Breton	Cape Breton	45
2026	2026	Nova Scotia	Nouvelle-Écosse	Canadian Experience Class	Catégorie de l'expérience canadienne	Halifax	Halifax	545
2026	2026	Nova Scotia	Nouvelle-Écosse	Canadian Experience Class	Catégorie de l'expérience canadienne	Kentville	Kentville	15
2026	2026	Nova Scotia	Nouvelle-Écosse	Canadian Experience Class	Catégorie de l'expérience canadienne	New Glasgow	New Glasgow	5
2026	2026	Nova Scotia	Nouvelle-Écosse	Canadian Experience Class	Catégorie de l'expérience canadienne	Other - Nova Scotia	Autres - Nouvelle-Écosse	35
2026	2026	Nova Scotia	Nouvelle-Écosse	Canadian Experience Class	Catégorie de l'expérience canadienne	Truro	Truro	5
2026	2026	Nova Scotia	Nouvelle-Écosse	Federal Skilled Worker	Travailleurs qualifiés	Cape Breton	Cape Breton	15
2026	2026	Nova Scotia	Nouvelle-Écosse	Federal Skilled Worker	Travailleurs qualifiés	Halifax	Halifax	165
2026	2026	Nova Scotia	Nouvelle-Écosse	Federal Skilled Worker	Travailleurs qualifiés	Kentville	Kentville	--
2026	2026	Nova Scotia	Nouvelle-Écosse	Federal Skilled Worker	Travailleurs qualifiés	New Glasgow	New Glasgow	--
2026	2026	Nova Scotia	Nouvelle-Écosse	Federal Skilled Worker	Travailleurs qualifiés	Other - Nova Scotia	Autres - Nouvelle-Écosse	60
2026	2026	Nova Scotia	Nouvelle-Écosse	Federal Skilled Worker	Travailleurs qualifiés	Truro	Truro	10
2026	2026	Nova Scotia	Nouvelle-Écosse	Provincial Nominee Program	Candidats des provinces ou des territoires	Cape Breton	Cape Breton	35
2026	2026	Nova Scotia	Nouvelle-Écosse	Provincial Nominee Program	Candidats des provinces ou des territoires	Halifax	Halifax	430
2026	2026	Nova Scotia	Nouvelle-Écosse	Provincial Nominee Program	Candidats des provinces ou des territoires	Kentville	Kentville	--
2026	2026	Nova Scotia	Nouvelle-Écosse	Provincial Nominee Program	Candidats des provinces ou des territoires	New Glasgow	New Glasgow	--
2026	2026	Nova Scotia	Nouvelle-Écosse	Provincial Nominee Program	Candidats des provinces ou des territoires	Other - Nova Scotia	Autres - Nouvelle-Écosse	10
2026	2026	Nova Scotia	Nouvelle-Écosse	Provincial Nominee Program	Candidats des provinces ou des territoires	Truro	Truro	--
2026	2026	Nunavut	Nunavut	Canadian Experience Class	Catégorie de l'expérience canadienne	Territories (outside Census agglomeration, Nunavut)	Territoires (à l'extérieur des agglomérations de recensement, Nunavut)	10
2026	2026	Nunavut	Nunavut	Federal Skilled Worker	Travailleurs qualifiés	Other - Nunavut	Autres - Nunavut	--
2026	2026	Nunavut	Nunavut	Federal Skilled Worker	Travailleurs qualifiés	Territories (outside Census agglomeration, Nunavut)	Territoires (à l'extérieur des agglomérations de recensement, Nunavut)	40
2026	2026	Ontario	Ontario	Canadian Experience Class	Catégorie de l'expérience canadienne	Barrie	Barrie	260
2026	2026	Ontario	Ontario	Canadian Experience Class	Catégorie de l'expérience canadienne	Belleville - Quinte West	Belleville - Quinte West	120
2026	2026	Ontario	Ontario	Canadian Experience Class	Catégorie de l'expérience canadienne	Brantford	Brantford	195
2026	2026	Ontario	Ontario	Canadian Experience Class	Catégorie de l'expérience canadienne	Brockville	Brockville	15
2026	2026	Ontario	Ontario	Canadian Experience Class	Catégorie de l'expérience canadienne	Centre Wellington	Centre Wellington	10
2026	2026	Ontario	Ontario	Canadian Experience Class	Catégorie de l'expérience canadienne	Chatham-Kent	Chatham-Kent	20
2026	2026	Ontario	Ontario	Canadian Experience Class	Catégorie de l'expérience canadienne	Cobourg	Cobourg	5
2026	2026	Ontario	Ontario	Canadian Experience Class	Catégorie de l'expérience canadienne	Collingwood	Collingwood	15
2026	2026	Ontario	Ontario	Canadian Experience Class	Catégorie de l'expérience canadienne	Cornwall	Cornwall	140
2026	2026	Ontario	Ontario	Canadian Experience Class	Catégorie de l'expérience canadienne	Elliot Lake	Elliot Lake	--
2026	2026	Ontario	Ontario	Canadian Experience Class	Catégorie de l'expérience canadienne	Essa	Essa	--
2026	2026	Ontario	Ontario	Canadian Experience Class	Catégorie de l'expérience canadienne	Greater Sudbury	Grand Sudbury	165
2026	2026	Ontario	Ontario	Canadian Experience Class	Catégorie de l'expérience canadienne	Guelph	Guelph	235
2026	2026	Ontario	Ontario	Canadian Experience Class	Catégorie de l'expérience canadienne	Hamilton	Hamilton	805
2026	2026	Ontario	Ontario	Canadian Experience Class	Catégorie de l'expérience canadienne	Hawkesbury (Ontario part)	Hawkesbury (partie de l'Ontario)	105
2026	2026	Ontario	Ontario	Canadian Experience Class	Catégorie de l'expérience canadienne	Ingersoll	Ingersoll	5
2026	2026	Ontario	Ontario	Canadian Experience Class	Catégorie de l'expérience canadienne	Kawartha Lakes	Kawartha Lakes	20
2026	2026	Ontario	Ontario	Canadian Experience Class	Catégorie de l'expérience canadienne	Kenora	Kenora	10
2026	2026	Ontario	Ontario	Canadian Experience Class	Catégorie de l'expérience canadienne	Kingston	Kingston	190
2026	2026	Ontario	Ontario	Canadian Experience Class	Catégorie de l'expérience canadienne	Kitchener - Cambridge - Waterloo	Kitchener - Cambridge - Waterloo	2030
2026	2026	Ontario	Ontario	Canadian Experience Class	Catégorie de l'expérience canadienne	London	Londres	960
2026	2026	Ontario	Ontario	Canadian Experience Class	Catégorie de l'expérience canadienne	Midland	Midland	25
2026	2026	Ontario	Ontario	Canadian Experience Class	Catégorie de l'expérience canadienne	Norfolk	Norfolk	15
2026	2026	Ontario	Ontario	Canadian Experience Class	Catégorie de l'expérience canadienne	North Bay	North Bay	35
2026	2026	Ontario	Ontario	Canadian Experience Class	Catégorie de l'expérience canadienne	Orillia	Orillia	15
2026	2026	Ontario	Ontario	Canadian Experience Class	Catégorie de l'expérience canadienne	Oshawa	Oshawa	435
2026	2026	Ontario	Ontario	Canadian Experience Class	Catégorie de l'expérience canadienne	Other - Ontario	Autres - Ontario	290
2026	2026	Ontario	Ontario	Canadian Experience Class	Catégorie de l'expérience canadienne	Ottawa - Gatineau (Ontario part)	Ottawa - Gatineau (partie de l'Ontario)	3245
2026	2026	Ontario	Ontario	Canadian Experience Class	Catégorie de l'expérience canadienne	Owen Sound	Owen Sound	20
2026	2026	Ontario	Ontario	Canadian Experience Class	Catégorie de l'expérience canadienne	Pembroke	Pembroke	10
2026	2026	Ontario	Ontario	Canadian Experience Class	Catégorie de l'expérience canadienne	Petawawa	Petawawa	--
2026	2026	Ontario	Ontario	Canadian Experience Class	Catégorie de l'expérience canadienne	Peterborough	Peterborough	125
2026	2026	Ontario	Ontario	Canadian Experience Class	Catégorie de l'expérience canadienne	Port Hope	Port Hope	10
2026	2026	Ontario	Ontario	Canadian Experience Class	Catégorie de l'expérience canadienne	Sarnia	Sarnia	100
2026	2026	Ontario	Ontario	Canadian Experience Class	Catégorie de l'expérience canadienne	Sault Ste. Marie	Sault Ste. Marie	30
2026	2026	Ontario	Ontario	Canadian Experience Class	Catégorie de l'expérience canadienne	St. Catharines - Niagara	St. Catharines - Niagara	420
2026	2026	Ontario	Ontario	Canadian Experience Class	Catégorie de l'expérience canadienne	Stratford	Stratford	20
2026	2026	Ontario	Ontario	Canadian Experience Class	Catégorie de l'expérience canadienne	Thunder Bay	Thunder Bay	110
2026	2026	Ontario	Ontario	Canadian Experience Class	Catégorie de l'expérience canadienne	Tillsonburg	Tillsonburg	--
2026	2026	Ontario	Ontario	Canadian Experience Class	Catégorie de l'expérience canadienne	Timmins	Timmins	25
2026	2026	Ontario	Ontario	Canadian Experience Class	Catégorie de l'expérience canadienne	Toronto	Toronto	18300
2026	2026	Ontario	Ontario	Canadian Experience Class	Catégorie de l'expérience canadienne	Wasaga Beach	Wasaga Beach	5
2026	2026	Ontario	Ontario	Canadian Experience Class	Catégorie de l'expérience canadienne	Windsor	Windsor	410
2026	2026	Ontario	Ontario	Canadian Experience Class	Catégorie de l'expérience canadienne	Woodstock	Woodstock	40
2026	2026	Ontario	Ontario	Federal Skilled Worker	Travailleurs qualifiés	Barrie	Barrie	55
2026	2026	Ontario	Ontario	Federal Skilled Worker	Travailleurs qualifiés	Belleville - Quinte West	Belleville - Quinte West	35
2026	2026	Ontario	Ontario	Federal Skilled Worker	Travailleurs qualifiés	Brantford	Brantford	40
2026	2026	Ontario	Ontario	Federal Skilled Worker	Travailleurs qualifiés	Brockville	Brockville	5
2026	2026	Ontario	Ontario	Federal Skilled Worker	Travailleurs qualifiés	Centre Wellington	Centre Wellington	--
2026	2026	Ontario	Ontario	Federal Skilled Worker	Travailleurs qualifiés	Chatham-Kent	Chatham-Kent	--
2026	2026	Ontario	Ontario	Federal Skilled Worker	Travailleurs qualifiés	Cornwall	Cornwall	285
2026	2026	Ontario	Ontario	Federal Skilled Worker	Travailleurs qualifiés	Essa	Essa	--
2026	2026	Ontario	Ontario	Federal Skilled Worker	Travailleurs qualifiés	Greater Sudbury	Grand Sudbury	675
2026	2026	Ontario	Ontario	Federal Skilled Worker	Travailleurs qualifiés	Guelph	Guelph	45
2026	2026	Ontario	Ontario	Federal Skilled Worker	Travailleurs qualifiés	Hamilton	Hamilton	255
2026	2026	Ontario	Ontario	Federal Skilled Worker	Travailleurs qualifiés	Hawkesbury (Ontario part)	Hawkesbury (partie de l'Ontario)	425
2026	2026	Ontario	Ontario	Federal Skilled Worker	Travailleurs qualifiés	Kawartha Lakes	Kawartha Lakes	--
2026	2026	Ontario	Ontario	Federal Skilled Worker	Travailleurs qualifiés	Kenora	Kenora	--
2026	2026	Ontario	Ontario	Federal Skilled Worker	Travailleurs qualifiés	Kingston	Kingston	90
2026	2026	Ontario	Ontario	Federal Skilled Worker	Travailleurs qualifiés	Kitchener - Cambridge - Waterloo	Kitchener - Cambridge - Waterloo	205
2026	2026	Ontario	Ontario	Federal Skilled Worker	Travailleurs qualifiés	London	Londres	315
2026	2026	Ontario	Ontario	Federal Skilled Worker	Travailleurs qualifiés	Norfolk	Norfolk	5
2026	2026	Ontario	Ontario	Federal Skilled Worker	Travailleurs qualifiés	North Bay	North Bay	35
2026	2026	Ontario	Ontario	Federal Skilled Worker	Travailleurs qualifiés	Oshawa	Oshawa	135
2026	2026	Ontario	Ontario	Federal Skilled Worker	Travailleurs qualifiés	Other - Ontario	Autres - Ontario	400
2026	2026	Ontario	Ontario	Federal Skilled Worker	Travailleurs qualifiés	Ottawa - Gatineau (Ontario part)	Ottawa - Gatineau (partie de l'Ontario)	9020
2026	2026	Ontario	Ontario	Federal Skilled Worker	Travailleurs qualifiés	Owen Sound	Owen Sound	--
2026	2026	Ontario	Ontario	Federal Skilled Worker	Travailleurs qualifiés	Pembroke	Pembroke	15
2026	2026	Ontario	Ontario	Federal Skilled Worker	Travailleurs qualifiés	Peterborough	Peterborough	10
2026	2026	Ontario	Ontario	Federal Skilled Worker	Travailleurs qualifiés	Sarnia	Sarnia	20
2026	2026	Ontario	Ontario	Federal Skilled Worker	Travailleurs qualifiés	Sault Ste. Marie	Sault Ste. Marie	15
2026	2026	Ontario	Ontario	Federal Skilled Worker	Travailleurs qualifiés	St. Catharines - Niagara	St. Catharines - Niagara	80
2026	2026	Ontario	Ontario	Federal Skilled Worker	Travailleurs qualifiés	Stratford	Stratford	10
2026	2026	Ontario	Ontario	Federal Skilled Worker	Travailleurs qualifiés	Thunder Bay	Thunder Bay	25
2026	2026	Ontario	Ontario	Federal Skilled Worker	Travailleurs qualifiés	Timmins	Timmins	90
2026	2026	Ontario	Ontario	Federal Skilled Worker	Travailleurs qualifiés	Toronto	Toronto	3285
2026	2026	Ontario	Ontario	Federal Skilled Worker	Travailleurs qualifiés	Wasaga Beach	Wasaga Beach	--
2026	2026	Ontario	Ontario	Federal Skilled Worker	Travailleurs qualifiés	Windsor	Windsor	125
2026	2026	Ontario	Ontario	Federal Skilled Worker	Travailleurs qualifiés	Woodstock	Woodstock	--
2026	2026	Ontario	Ontario	Provincial Nominee Program	Candidats des provinces ou des territoires	Barrie	Barrie	15
2026	2026	Ontario	Ontario	Provincial Nominee Program	Candidats des provinces ou des territoires	Brantford	Brantford	5
2026	2026	Ontario	Ontario	Provincial Nominee Program	Candidats des provinces ou des territoires	Brockville	Brockville	--
2026	2026	Ontario	Ontario	Provincial Nominee Program	Candidats des provinces ou des territoires	Centre Wellington	Centre Wellington	--
2026	2026	Ontario	Ontario	Provincial Nominee Program	Candidats des provinces ou des territoires	Cornwall	Cornwall	--
2026	2026	Ontario	Ontario	Provincial Nominee Program	Candidats des provinces ou des territoires	Greater Sudbury	Grand Sudbury	5
2026	2026	Ontario	Ontario	Provincial Nominee Program	Candidats des provinces ou des territoires	Guelph	Guelph	5
2026	2026	Ontario	Ontario	Provincial Nominee Program	Candidats des provinces ou des territoires	Hamilton	Hamilton	50
2026	2026	Ontario	Ontario	Provincial Nominee Program	Candidats des provinces ou des territoires	Hawkesbury (Ontario part)	Hawkesbury (partie de l'Ontario)	--
2026	2026	Ontario	Ontario	Provincial Nominee Program	Candidats des provinces ou des territoires	Kawartha Lakes	Kawartha Lakes	--
2026	2026	Ontario	Ontario	Provincial Nominee Program	Candidats des provinces ou des territoires	Kingston	Kingston	--
2026	2026	Ontario	Ontario	Provincial Nominee Program	Candidats des provinces ou des territoires	Kitchener - Cambridge - Waterloo	Kitchener - Cambridge - Waterloo	55
2026	2026	Ontario	Ontario	Provincial Nominee Program	Candidats des provinces ou des territoires	London	Londres	50
2026	2026	Ontario	Ontario	Provincial Nominee Program	Candidats des provinces ou des territoires	Midland	Midland	--
2026	2026	Ontario	Ontario	Provincial Nominee Program	Candidats des provinces ou des territoires	Norfolk	Norfolk	--
2026	2026	Ontario	Ontario	Provincial Nominee Program	Candidats des provinces ou des territoires	North Bay	North Bay	--
2026	2026	Ontario	Ontario	Provincial Nominee Program	Candidats des provinces ou des territoires	Oshawa	Oshawa	15
2026	2026	Ontario	Ontario	Provincial Nominee Program	Candidats des provinces ou des territoires	Other - Ontario	Autres - Ontario	15
2026	2026	Ontario	Ontario	Provincial Nominee Program	Candidats des provinces ou des territoires	Ottawa - Gatineau (Ontario part)	Ottawa - Gatineau (partie de l'Ontario)	100
2026	2026	Ontario	Ontario	Provincial Nominee Program	Candidats des provinces ou des territoires	Peterborough	Peterborough	--
2026	2026	Ontario	Ontario	Provincial Nominee Program	Candidats des provinces ou des territoires	Sarnia	Sarnia	--
2026	2026	Ontario	Ontario	Provincial Nominee Program	Candidats des provinces ou des territoires	Sault Ste. Marie	Sault Ste. Marie	--
2026	2026	Ontario	Ontario	Provincial Nominee Program	Candidats des provinces ou des territoires	St. Catharines - Niagara	St. Catharines - Niagara	15
2026	2026	Ontario	Ontario	Provincial Nominee Program	Candidats des provinces ou des territoires	Stratford	Stratford	--
2026	2026	Ontario	Ontario	Provincial Nominee Program	Candidats des provinces ou des territoires	Thunder Bay	Thunder Bay	5
2026	2026	Ontario	Ontario	Provincial Nominee Program	Candidats des provinces ou des territoires	Timmins	Timmins	--
2026	2026	Ontario	Ontario	Provincial Nominee Program	Candidats des provinces ou des territoires	Toronto	Toronto	750
2026	2026	Ontario	Ontario	Provincial Nominee Program	Candidats des provinces ou des territoires	Windsor	Windsor	20
2026	2026	Ontario	Ontario	Provincial Nominee Program	Candidats des provinces ou des territoires	Woodstock	Woodstock	--
2026	2026	Prince Edward Island	Île-du-Prince-Édouard	Canadian Experience Class	Catégorie de l'expérience canadienne	Charlottetown	Charlottetown	35
2026	2026	Prince Edward Island	Île-du-Prince-Édouard	Canadian Experience Class	Catégorie de l'expérience canadienne	Other - Prince Edward Island	Autres - Île-du-Prince-Édouard	5
2026	2026	Prince Edward Island	Île-du-Prince-Édouard	Canadian Experience Class	Catégorie de l'expérience canadienne	Summerside	Summerside	--
2026	2026	Prince Edward Island	Île-du-Prince-Édouard	Federal Skilled Worker	Travailleurs qualifiés	Charlottetown	Charlottetown	35
2026	2026	Prince Edward Island	Île-du-Prince-Édouard	Federal Skilled Worker	Travailleurs qualifiés	Other - Prince Edward Island	Autres - Île-du-Prince-Édouard	35
2026	2026	Prince Edward Island	Île-du-Prince-Édouard	Federal Skilled Worker	Travailleurs qualifiés	Summerside	Summerside	--
2026	2026	Prince Edward Island	Île-du-Prince-Édouard	Provincial Nominee Program	Candidats des provinces ou des territoires	Charlottetown	Charlottetown	120
2026	2026	Prince Edward Island	Île-du-Prince-Édouard	Provincial Nominee Program	Candidats des provinces ou des territoires	Other - Prince Edward Island	Autres - Île-du-Prince-Édouard	5
2026	2026	Prince Edward Island	Île-du-Prince-Édouard	Provincial Nominee Program	Candidats des provinces ou des territoires	Summerside	Summerside	--
2026	2026	Saskatchewan	Saskatchewan	Canadian Experience Class	Catégorie de l'expérience canadienne	Estevan	Estevan	--
2026	2026	Saskatchewan	Saskatchewan	Canadian Experience Class	Catégorie de l'expérience canadienne	Lloydminster (Saskatchewan part)	Lloydminster (partie de la Saskatchewan)	--
2026	2026	Saskatchewan	Saskatchewan	Canadian Experience Class	Catégorie de l'expérience canadienne	Moose Jaw	Moose Jaw	10
2026	2026	Saskatchewan	Saskatchewan	Canadian Experience Class	Catégorie de l'expérience canadienne	North Battleford	North Battleford	--
2026	2026	Saskatchewan	Saskatchewan	Canadian Experience Class	Catégorie de l'expérience canadienne	Other - Saskatchewan	Autres - Saskatchewan	10
2026	2026	Saskatchewan	Saskatchewan	Canadian Experience Class	Catégorie de l'expérience canadienne	Prince Albert	Prince Albert	--
2026	2026	Saskatchewan	Saskatchewan	Canadian Experience Class	Catégorie de l'expérience canadienne	Regina	Regina	120
2026	2026	Saskatchewan	Saskatchewan	Canadian Experience Class	Catégorie de l'expérience canadienne	Saskatoon	Saskatoon	110
2026	2026	Saskatchewan	Saskatchewan	Canadian Experience Class	Catégorie de l'expérience canadienne	Swift Current	Swift Current	--
2026	2026	Saskatchewan	Saskatchewan	Canadian Experience Class	Catégorie de l'expérience canadienne	Weyburn	Weyburn	--
2026	2026	Saskatchewan	Saskatchewan	Canadian Experience Class	Catégorie de l'expérience canadienne	Yorkton	Yorkton	--
2026	2026	Saskatchewan	Saskatchewan	Federal Skilled Worker	Travailleurs qualifiés	Estevan	Estevan	--
2026	2026	Saskatchewan	Saskatchewan	Federal Skilled Worker	Travailleurs qualifiés	Lloydminster (Saskatchewan part)	Lloydminster (partie de la Saskatchewan)	--
2026	2026	Saskatchewan	Saskatchewan	Federal Skilled Worker	Travailleurs qualifiés	Moose Jaw	Moose Jaw	15
2026	2026	Saskatchewan	Saskatchewan	Federal Skilled Worker	Travailleurs qualifiés	North Battleford	North Battleford	--
2026	2026	Saskatchewan	Saskatchewan	Federal Skilled Worker	Travailleurs qualifiés	Other - Saskatchewan	Autres - Saskatchewan	85
2026	2026	Saskatchewan	Saskatchewan	Federal Skilled Worker	Travailleurs qualifiés	Prince Albert	Prince Albert	5
2026	2026	Saskatchewan	Saskatchewan	Federal Skilled Worker	Travailleurs qualifiés	Regina	Regina	135
2026	2026	Saskatchewan	Saskatchewan	Federal Skilled Worker	Travailleurs qualifiés	Saskatoon	Saskatoon	135
2026	2026	Saskatchewan	Saskatchewan	Federal Skilled Worker	Travailleurs qualifiés	Weyburn	Weyburn	--
2026	2026	Saskatchewan	Saskatchewan	Federal Skilled Worker	Travailleurs qualifiés	Yorkton	Yorkton	--
2026	2026	Saskatchewan	Saskatchewan	Provincial Nominee Program	Candidats des provinces ou des territoires	Lloydminster (Saskatchewan part)	Lloydminster (partie de la Saskatchewan)	--
2026	2026	Saskatchewan	Saskatchewan	Provincial Nominee Program	Candidats des provinces ou des territoires	Moose Jaw	Moose Jaw	--
2026	2026	Saskatchewan	Saskatchewan	Provincial Nominee Program	Candidats des provinces ou des territoires	North Battleford	North Battleford	--
2026	2026	Saskatchewan	Saskatchewan	Provincial Nominee Program	Candidats des provinces ou des territoires	Other - Saskatchewan	Autres - Saskatchewan	--
2026	2026	Saskatchewan	Saskatchewan	Provincial Nominee Program	Candidats des provinces ou des territoires	Prince Albert	Prince Albert	--
2026	2026	Saskatchewan	Saskatchewan	Provincial Nominee Program	Candidats des provinces ou des territoires	Regina	Regina	45
2026	2026	Saskatchewan	Saskatchewan	Provincial Nominee Program	Candidats des provinces ou des territoires	Saskatoon	Saskatoon	40
2026	2026	Saskatchewan	Saskatchewan	Provincial Nominee Program	Candidats des provinces ou des territoires	Swift Current	Swift Current	--
2026	2026	Saskatchewan	Saskatchewan	Provincial Nominee Program	Candidats des provinces ou des territoires	Yorkton	Yorkton	--
2026	2026	Yukon	Yukon	Canadian Experience Class	Catégorie de l'expérience canadienne	Territories (outside Census agglomeration, Yukon)	Territoires (à l'extérieur des agglomérations de recensement, Yukon)	--
2026	2026	Yukon	Yukon	Canadian Experience Class	Catégorie de l'expérience canadienne	Whitehorse	Whitehorse	25
2026	2026	Yukon	Yukon	Federal Skilled Worker	Travailleurs qualifiés	Other - Yukon	Autres - Yukon	5
2026	2026	Yukon	Yukon	Federal Skilled Worker	Travailleurs qualifiés	Territories (outside Census agglomeration, Yukon)	Territoires (à l'extérieur des agglomérations de recensement, Yukon)	15
2026	2026	Yukon	Yukon	Federal Skilled Worker	Travailleurs qualifiés	Whitehorse	Whitehorse	25
2026	2026	Yukon	Yukon	Provincial Nominee Program	Candidats des provinces ou des territoires	Other - Yukon	Autres - Yukon	--
2026	2026	Yukon	Yukon	Provincial Nominee Program	Candidats des provinces ou des territoires	Territories (outside Census agglomeration, Yukon)	Territoires (à l'extérieur des agglomérations de recensement, Yukon)	--
2026	2026	Yukon	Yukon	Provincial Nominee Program	Candidats des provinces ou des territoires	Whitehorse	Whitehorse	50
