EN_YEAR	FR_ANNEÉ	EN_PROVINCE_TERRITORY	FR_PROVINCE_TERRITOIRE	EN_INVITATION_CATEGORY	FR_CATEGORIE_D'INVITATION	EN_ITA_SCORE	FR_NOTE_D'IPD	TOTAL
2015	2015	Alberta	Alberta	Canadian Experience Class	Catégorie de l'expérience canadienne	Score 1001 - 1100	Note 1001 - 1100	55
2015	2015	Alberta	Alberta	Canadian Experience Class	Catégorie de l'expérience canadienne	Score 401 - 450	Note 401 - 450	--
2015	2015	Alberta	Alberta	Canadian Experience Class	Catégorie de l'expérience canadienne	Score 451 - 500	Note 451 - 500	275
2015	2015	Alberta	Alberta	Canadian Experience Class	Catégorie de l'expérience canadienne	Score 501 - 600	Note 501 - 600	25
2015	2015	Alberta	Alberta	Canadian Experience Class	Catégorie de l'expérience canadienne	Score 601 - 700	Note 601 - 700	95
2015	2015	Alberta	Alberta	Canadian Experience Class	Catégorie de l'expérience canadienne	Score 701 - 800	Note 701 - 800	1540
2015	2015	Alberta	Alberta	Canadian Experience Class	Catégorie de l'expérience canadienne	Score 801 - 900	Note 801 - 900	1915
2015	2015	Alberta	Alberta	Canadian Experience Class	Catégorie de l'expérience canadienne	Score 901 - 1000	Note 901 - 1000	730
2015	2015	Alberta	Alberta	Federal Skilled Trades	Métiers spécialisés	Score 1001 - 1100	Note 1001 - 1100	40
2015	2015	Alberta	Alberta	Federal Skilled Trades	Métiers spécialisés	Score 1101 - 1200	Note 1101 - 1200	--
2015	2015	Alberta	Alberta	Federal Skilled Trades	Métiers spécialisés	Score 451 - 500	Note 451 - 500	--
2015	2015	Alberta	Alberta	Federal Skilled Trades	Métiers spécialisés	Score 501 - 600	Note 501 - 600	--
2015	2015	Alberta	Alberta	Federal Skilled Trades	Métiers spécialisés	Score 601 - 700	Note 601 - 700	50
2015	2015	Alberta	Alberta	Federal Skilled Trades	Métiers spécialisés	Score 701 - 800	Note 701 - 800	590
2015	2015	Alberta	Alberta	Federal Skilled Trades	Métiers spécialisés	Score 801 - 900	Note 801 - 900	515
2015	2015	Alberta	Alberta	Federal Skilled Trades	Métiers spécialisés	Score 901 - 1000	Note 901 - 1000	180
2015	2015	Alberta	Alberta	Federal Skilled Worker	Travailleurs qualifiés	Score 1001 - 1100	Note 1001 - 1100	315
2015	2015	Alberta	Alberta	Federal Skilled Worker	Travailleurs qualifiés	Score 1101 - 1200	Note 1101 - 1200	15
2015	2015	Alberta	Alberta	Federal Skilled Worker	Travailleurs qualifiés	Score 401 - 450	Note 401 - 450	30
2015	2015	Alberta	Alberta	Federal Skilled Worker	Travailleurs qualifiés	Score 451 - 500	Note 451 - 500	1065
2015	2015	Alberta	Alberta	Federal Skilled Worker	Travailleurs qualifiés	Score 501 - 600	Note 501 - 600	95
2015	2015	Alberta	Alberta	Federal Skilled Worker	Travailleurs qualifiés	Score 801 - 900	Note 801 - 900	75
2015	2015	Alberta	Alberta	Federal Skilled Worker	Travailleurs qualifiés	Score 901 - 1000	Note 901 - 1000	375
2015	2015	British Columbia	Colombie-Britannique	Canadian Experience Class	Catégorie de l'expérience canadienne	Score 1001 - 1100	Note 1001 - 1100	30
2015	2015	British Columbia	Colombie-Britannique	Canadian Experience Class	Catégorie de l'expérience canadienne	Score 1101 - 1200	Note 1101 - 1200	--
2015	2015	British Columbia	Colombie-Britannique	Canadian Experience Class	Catégorie de l'expérience canadienne	Score 401 - 450	Note 401 - 450	--
2015	2015	British Columbia	Colombie-Britannique	Canadian Experience Class	Catégorie de l'expérience canadienne	Score 451 - 500	Note 451 - 500	270
2015	2015	British Columbia	Colombie-Britannique	Canadian Experience Class	Catégorie de l'expérience canadienne	Score 501 - 600	Note 501 - 600	60
2015	2015	British Columbia	Colombie-Britannique	Canadian Experience Class	Catégorie de l'expérience canadienne	Score 601 - 700	Note 601 - 700	5
2015	2015	British Columbia	Colombie-Britannique	Canadian Experience Class	Catégorie de l'expérience canadienne	Score 701 - 800	Note 701 - 800	160
2015	2015	British Columbia	Colombie-Britannique	Canadian Experience Class	Catégorie de l'expérience canadienne	Score 801 - 900	Note 801 - 900	540
2015	2015	British Columbia	Colombie-Britannique	Canadian Experience Class	Catégorie de l'expérience canadienne	Score 901 - 1000	Note 901 - 1000	220
2015	2015	British Columbia	Colombie-Britannique	Federal Skilled Trades	Métiers spécialisés	Score 1001 - 1100	Note 1001 - 1100	--
2015	2015	British Columbia	Colombie-Britannique	Federal Skilled Trades	Métiers spécialisés	Score 451 - 500	Note 451 - 500	--
2015	2015	British Columbia	Colombie-Britannique	Federal Skilled Trades	Métiers spécialisés	Score 501 - 600	Note 501 - 600	--
2015	2015	British Columbia	Colombie-Britannique	Federal Skilled Trades	Métiers spécialisés	Score 601 - 700	Note 601 - 700	20
2015	2015	British Columbia	Colombie-Britannique	Federal Skilled Trades	Métiers spécialisés	Score 701 - 800	Note 701 - 800	85
2015	2015	British Columbia	Colombie-Britannique	Federal Skilled Trades	Métiers spécialisés	Score 801 - 900	Note 801 - 900	65
2015	2015	British Columbia	Colombie-Britannique	Federal Skilled Trades	Métiers spécialisés	Score 901 - 1000	Note 901 - 1000	20
2015	2015	British Columbia	Colombie-Britannique	Federal Skilled Worker	Travailleurs qualifiés	Score 1001 - 1100	Note 1001 - 1100	175
2015	2015	British Columbia	Colombie-Britannique	Federal Skilled Worker	Travailleurs qualifiés	Score 1101 - 1200	Note 1101 - 1200	10
2015	2015	British Columbia	Colombie-Britannique	Federal Skilled Worker	Travailleurs qualifiés	Score 401 - 450	Note 401 - 450	25
2015	2015	British Columbia	Colombie-Britannique	Federal Skilled Worker	Travailleurs qualifiés	Score 451 - 500	Note 451 - 500	1065
2015	2015	British Columbia	Colombie-Britannique	Federal Skilled Worker	Travailleurs qualifiés	Score 501 - 600	Note 501 - 600	185
2015	2015	British Columbia	Colombie-Britannique	Federal Skilled Worker	Travailleurs qualifiés	Score 801 - 900	Note 801 - 900	40
2015	2015	British Columbia	Colombie-Britannique	Federal Skilled Worker	Travailleurs qualifiés	Score 901 - 1000	Note 901 - 1000	165
2015	2015	British Columbia	Colombie-Britannique	Provincial Nominee Program	Candidats des provinces ou des territoires	Score 1001 - 1100	Note 1001 - 1100	410
2015	2015	British Columbia	Colombie-Britannique	Provincial Nominee Program	Candidats des provinces ou des territoires	Score 1101 - 1200	Note 1101 - 1200	20
2015	2015	British Columbia	Colombie-Britannique	Provincial Nominee Program	Candidats des provinces ou des territoires	Score 701 - 800	Note 701 - 800	20
2015	2015	British Columbia	Colombie-Britannique	Provincial Nominee Program	Candidats des provinces ou des territoires	Score 801 - 900	Note 801 - 900	180
2015	2015	British Columbia	Colombie-Britannique	Provincial Nominee Program	Candidats des provinces ou des territoires	Score 901 - 1000	Note 901 - 1000	590
2015	2015	Manitoba	Manitoba	Canadian Experience Class	Catégorie de l'expérience canadienne	Score 1001 - 1100	Note 1001 - 1100	--
2015	2015	Manitoba	Manitoba	Canadian Experience Class	Catégorie de l'expérience canadienne	Score 451 - 500	Note 451 - 500	10
2015	2015	Manitoba	Manitoba	Canadian Experience Class	Catégorie de l'expérience canadienne	Score 501 - 600	Note 501 - 600	--
2015	2015	Manitoba	Manitoba	Canadian Experience Class	Catégorie de l'expérience canadienne	Score 701 - 800	Note 701 - 800	15
2015	2015	Manitoba	Manitoba	Canadian Experience Class	Catégorie de l'expérience canadienne	Score 801 - 900	Note 801 - 900	15
2015	2015	Manitoba	Manitoba	Canadian Experience Class	Catégorie de l'expérience canadienne	Score 901 - 1000	Note 901 - 1000	--
2015	2015	Manitoba	Manitoba	Federal Skilled Trades	Métiers spécialisés	Score 451 - 500	Note 451 - 500	--
2015	2015	Manitoba	Manitoba	Federal Skilled Trades	Métiers spécialisés	Score 601 - 700	Note 601 - 700	--
2015	2015	Manitoba	Manitoba	Federal Skilled Trades	Métiers spécialisés	Score 701 - 800	Note 701 - 800	--
2015	2015	Manitoba	Manitoba	Federal Skilled Trades	Métiers spécialisés	Score 801 - 900	Note 801 - 900	--
2015	2015	Manitoba	Manitoba	Federal Skilled Worker	Travailleurs qualifiés	Score 1001 - 1100	Note 1001 - 1100	5
2015	2015	Manitoba	Manitoba	Federal Skilled Worker	Travailleurs qualifiés	Score 401 - 450	Note 401 - 450	--
2015	2015	Manitoba	Manitoba	Federal Skilled Worker	Travailleurs qualifiés	Score 451 - 500	Note 451 - 500	50
2015	2015	Manitoba	Manitoba	Federal Skilled Worker	Travailleurs qualifiés	Score 501 - 600	Note 501 - 600	--
2015	2015	Manitoba	Manitoba	Federal Skilled Worker	Travailleurs qualifiés	Score 801 - 900	Note 801 - 900	5
2015	2015	Manitoba	Manitoba	Federal Skilled Worker	Travailleurs qualifiés	Score 901 - 1000	Note 901 - 1000	10
2015	2015	Manitoba	Manitoba	Provincial Nominee Program	Candidats des provinces ou des territoires	Score 1001 - 1100	Note 1001 - 1100	20
2015	2015	Manitoba	Manitoba	Provincial Nominee Program	Candidats des provinces ou des territoires	Score 801 - 900	Note 801 - 900	--
2015	2015	Manitoba	Manitoba	Provincial Nominee Program	Candidats des provinces ou des territoires	Score 901 - 1000	Note 901 - 1000	80
2015	2015	New Brunswick	Nouveau-Brunswick	Canadian Experience Class	Catégorie de l'expérience canadienne	Score 451 - 500	Note 451 - 500	5
2015	2015	New Brunswick	Nouveau-Brunswick	Canadian Experience Class	Catégorie de l'expérience canadienne	Score 501 - 600	Note 501 - 600	--
2015	2015	New Brunswick	Nouveau-Brunswick	Canadian Experience Class	Catégorie de l'expérience canadienne	Score 701 - 800	Note 701 - 800	--
2015	2015	New Brunswick	Nouveau-Brunswick	Canadian Experience Class	Catégorie de l'expérience canadienne	Score 801 - 900	Note 801 - 900	5
2015	2015	New Brunswick	Nouveau-Brunswick	Canadian Experience Class	Catégorie de l'expérience canadienne	Score 901 - 1000	Note 901 - 1000	--
2015	2015	New Brunswick	Nouveau-Brunswick	Federal Skilled Trades	Métiers spécialisés	Score 701 - 800	Note 701 - 800	--
2015	2015	New Brunswick	Nouveau-Brunswick	Federal Skilled Trades	Métiers spécialisés	Score 801 - 900	Note 801 - 900	--
2015	2015	New Brunswick	Nouveau-Brunswick	Federal Skilled Worker	Travailleurs qualifiés	Score 1001 - 1100	Note 1001 - 1100	--
2015	2015	New Brunswick	Nouveau-Brunswick	Federal Skilled Worker	Travailleurs qualifiés	Score 451 - 500	Note 451 - 500	20
2015	2015	New Brunswick	Nouveau-Brunswick	Federal Skilled Worker	Travailleurs qualifiés	Score 501 - 600	Note 501 - 600	--
2015	2015	New Brunswick	Nouveau-Brunswick	Federal Skilled Worker	Travailleurs qualifiés	Score 901 - 1000	Note 901 - 1000	--
2015	2015	New Brunswick	Nouveau-Brunswick	Provincial Nominee Program	Candidats des provinces ou des territoires	Score 1001 - 1100	Note 1001 - 1100	20
2015	2015	New Brunswick	Nouveau-Brunswick	Provincial Nominee Program	Candidats des provinces ou des territoires	Score 801 - 900	Note 801 - 900	5
2015	2015	New Brunswick	Nouveau-Brunswick	Provincial Nominee Program	Candidats des provinces ou des territoires	Score 901 - 1000	Note 901 - 1000	60
2015	2015	Newfoundland and Labrador	Terre-Neuve-et-Labrador	Canadian Experience Class	Catégorie de l'expérience canadienne	Score 1001 - 1100	Note 1001 - 1100	--
2015	2015	Newfoundland and Labrador	Terre-Neuve-et-Labrador	Canadian Experience Class	Catégorie de l'expérience canadienne	Score 451 - 500	Note 451 - 500	--
2015	2015	Newfoundland and Labrador	Terre-Neuve-et-Labrador	Canadian Experience Class	Catégorie de l'expérience canadienne	Score 701 - 800	Note 701 - 800	--
2015	2015	Newfoundland and Labrador	Terre-Neuve-et-Labrador	Canadian Experience Class	Catégorie de l'expérience canadienne	Score 801 - 900	Note 801 - 900	10
2015	2015	Newfoundland and Labrador	Terre-Neuve-et-Labrador	Canadian Experience Class	Catégorie de l'expérience canadienne	Score 901 - 1000	Note 901 - 1000	--
2015	2015	Newfoundland and Labrador	Terre-Neuve-et-Labrador	Federal Skilled Trades	Métiers spécialisés	Score 1001 - 1100	Note 1001 - 1100	--
2015	2015	Newfoundland and Labrador	Terre-Neuve-et-Labrador	Federal Skilled Trades	Métiers spécialisés	Score 601 - 700	Note 601 - 700	--
2015	2015	Newfoundland and Labrador	Terre-Neuve-et-Labrador	Federal Skilled Trades	Métiers spécialisés	Score 701 - 800	Note 701 - 800	--
2015	2015	Newfoundland and Labrador	Terre-Neuve-et-Labrador	Federal Skilled Trades	Métiers spécialisés	Score 801 - 900	Note 801 - 900	5
2015	2015	Newfoundland and Labrador	Terre-Neuve-et-Labrador	Federal Skilled Trades	Métiers spécialisés	Score 901 - 1000	Note 901 - 1000	--
2015	2015	Newfoundland and Labrador	Terre-Neuve-et-Labrador	Federal Skilled Worker	Travailleurs qualifiés	Score 1001 - 1100	Note 1001 - 1100	--
2015	2015	Newfoundland and Labrador	Terre-Neuve-et-Labrador	Federal Skilled Worker	Travailleurs qualifiés	Score 1101 - 1200	Note 1101 - 1200	--
2015	2015	Newfoundland and Labrador	Terre-Neuve-et-Labrador	Federal Skilled Worker	Travailleurs qualifiés	Score 451 - 500	Note 451 - 500	15
2015	2015	Newfoundland and Labrador	Terre-Neuve-et-Labrador	Federal Skilled Worker	Travailleurs qualifiés	Score 501 - 600	Note 501 - 600	--
2015	2015	Newfoundland and Labrador	Terre-Neuve-et-Labrador	Federal Skilled Worker	Travailleurs qualifiés	Score 801 - 900	Note 801 - 900	--
2015	2015	Newfoundland and Labrador	Terre-Neuve-et-Labrador	Federal Skilled Worker	Travailleurs qualifiés	Score 901 - 1000	Note 901 - 1000	5
2015	2015	Northwest Territories	Territoires du Nord-Ouest	Canadian Experience Class	Catégorie de l'expérience canadienne	Score 451 - 500	Note 451 - 500	--
2015	2015	Northwest Territories	Territoires du Nord-Ouest	Canadian Experience Class	Catégorie de l'expérience canadienne	Score 501 - 600	Note 501 - 600	--
2015	2015	Northwest Territories	Territoires du Nord-Ouest	Canadian Experience Class	Catégorie de l'expérience canadienne	Score 701 - 800	Note 701 - 800	--
2015	2015	Northwest Territories	Territoires du Nord-Ouest	Canadian Experience Class	Catégorie de l'expérience canadienne	Score 801 - 900	Note 801 - 900	10
2015	2015	Northwest Territories	Territoires du Nord-Ouest	Canadian Experience Class	Catégorie de l'expérience canadienne	Score 901 - 1000	Note 901 - 1000	--
2015	2015	Northwest Territories	Territoires du Nord-Ouest	Federal Skilled Trades	Métiers spécialisés	Score 701 - 800	Note 701 - 800	--
2015	2015	Northwest Territories	Territoires du Nord-Ouest	Federal Skilled Worker	Travailleurs qualifiés	Score 451 - 500	Note 451 - 500	10
2015	2015	Northwest Territories	Territoires du Nord-Ouest	Federal Skilled Worker	Travailleurs qualifiés	Score 501 - 600	Note 501 - 600	--
2015	2015	Northwest Territories	Territoires du Nord-Ouest	Federal Skilled Worker	Travailleurs qualifiés	Score 901 - 1000	Note 901 - 1000	--
2015	2015	Northwest Territories	Territoires du Nord-Ouest	Provincial Nominee Program	Candidats des provinces ou des territoires	Score 1001 - 1100	Note 1001 - 1100	--
2015	2015	Northwest Territories	Territoires du Nord-Ouest	Provincial Nominee Program	Candidats des provinces ou des territoires	Score 901 - 1000	Note 901 - 1000	--
2015	2015	Nova Scotia	Nouvelle-Écosse	Canadian Experience Class	Catégorie de l'expérience canadienne	Score 1001 - 1100	Note 1001 - 1100	--
2015	2015	Nova Scotia	Nouvelle-Écosse	Canadian Experience Class	Catégorie de l'expérience canadienne	Score 451 - 500	Note 451 - 500	20
2015	2015	Nova Scotia	Nouvelle-Écosse	Canadian Experience Class	Catégorie de l'expérience canadienne	Score 701 - 800	Note 701 - 800	5
2015	2015	Nova Scotia	Nouvelle-Écosse	Canadian Experience Class	Catégorie de l'expérience canadienne	Score 801 - 900	Note 801 - 900	15
2015	2015	Nova Scotia	Nouvelle-Écosse	Canadian Experience Class	Catégorie de l'expérience canadienne	Score 901 - 1000	Note 901 - 1000	10
2015	2015	Nova Scotia	Nouvelle-Écosse	Federal Skilled Trades	Métiers spécialisés	Score 1001 - 1100	Note 1001 - 1100	--
2015	2015	Nova Scotia	Nouvelle-Écosse	Federal Skilled Trades	Métiers spécialisés	Score 801 - 900	Note 801 - 900	--
2015	2015	Nova Scotia	Nouvelle-Écosse	Federal Skilled Trades	Métiers spécialisés	Score 901 - 1000	Note 901 - 1000	--
2015	2015	Nova Scotia	Nouvelle-Écosse	Federal Skilled Worker	Travailleurs qualifiés	Score 1001 - 1100	Note 1001 - 1100	10
2015	2015	Nova Scotia	Nouvelle-Écosse	Federal Skilled Worker	Travailleurs qualifiés	Score 1101 - 1200	Note 1101 - 1200	--
2015	2015	Nova Scotia	Nouvelle-Écosse	Federal Skilled Worker	Travailleurs qualifiés	Score 401 - 450	Note 401 - 450	--
2015	2015	Nova Scotia	Nouvelle-Écosse	Federal Skilled Worker	Travailleurs qualifiés	Score 451 - 500	Note 451 - 500	65
2015	2015	Nova Scotia	Nouvelle-Écosse	Federal Skilled Worker	Travailleurs qualifiés	Score 501 - 600	Note 501 - 600	10
2015	2015	Nova Scotia	Nouvelle-Écosse	Federal Skilled Worker	Travailleurs qualifiés	Score 801 - 900	Note 801 - 900	--
2015	2015	Nova Scotia	Nouvelle-Écosse	Federal Skilled Worker	Travailleurs qualifiés	Score 901 - 1000	Note 901 - 1000	10
2015	2015	Nova Scotia	Nouvelle-Écosse	Provincial Nominee Program	Candidats des provinces ou des territoires	Score 1001 - 1100	Note 1001 - 1100	140
2015	2015	Nova Scotia	Nouvelle-Écosse	Provincial Nominee Program	Candidats des provinces ou des territoires	Score 1101 - 1200	Note 1101 - 1200	--
2015	2015	Nova Scotia	Nouvelle-Écosse	Provincial Nominee Program	Candidats des provinces ou des territoires	Score 801 - 900	Note 801 - 900	15
2015	2015	Nova Scotia	Nouvelle-Écosse	Provincial Nominee Program	Candidats des provinces ou des territoires	Score 901 - 1000	Note 901 - 1000	340
2015	2015	Nunavut	Nunavut	Canadian Experience Class	Catégorie de l'expérience canadienne	Score 451 - 500	Note 451 - 500	--
2015	2015	Nunavut	Nunavut	Canadian Experience Class	Catégorie de l'expérience canadienne	Score 701 - 800	Note 701 - 800	--
2015	2015	Nunavut	Nunavut	Canadian Experience Class	Catégorie de l'expérience canadienne	Score 801 - 900	Note 801 - 900	--
2015	2015	Nunavut	Nunavut	Canadian Experience Class	Catégorie de l'expérience canadienne	Score 901 - 1000	Note 901 - 1000	--
2015	2015	Nunavut	Nunavut	Federal Skilled Worker	Travailleurs qualifiés	Score 1001 - 1100	Note 1001 - 1100	--
2015	2015	Nunavut	Nunavut	Federal Skilled Worker	Travailleurs qualifiés	Score 901 - 1000	Note 901 - 1000	--
2015	2015	Ontario	Ontario	Canadian Experience Class	Catégorie de l'expérience canadienne	Score 1001 - 1100	Note 1001 - 1100	45
2015	2015	Ontario	Ontario	Canadian Experience Class	Catégorie de l'expérience canadienne	Score 1101 - 1200	Note 1101 - 1200	5
2015	2015	Ontario	Ontario	Canadian Experience Class	Catégorie de l'expérience canadienne	Score 401 - 450	Note 401 - 450	15
2015	2015	Ontario	Ontario	Canadian Experience Class	Catégorie de l'expérience canadienne	Score 451 - 500	Note 451 - 500	595
2015	2015	Ontario	Ontario	Canadian Experience Class	Catégorie de l'expérience canadienne	Score 501 - 600	Note 501 - 600	80
2015	2015	Ontario	Ontario	Canadian Experience Class	Catégorie de l'expérience canadienne	Score 601 - 700	Note 601 - 700	20
2015	2015	Ontario	Ontario	Canadian Experience Class	Catégorie de l'expérience canadienne	Score 701 - 800	Note 701 - 800	160
2015	2015	Ontario	Ontario	Canadian Experience Class	Catégorie de l'expérience canadienne	Score 801 - 900	Note 801 - 900	600
2015	2015	Ontario	Ontario	Canadian Experience Class	Catégorie de l'expérience canadienne	Score 901 - 1000	Note 901 - 1000	310
2015	2015	Ontario	Ontario	Federal Skilled Trades	Métiers spécialisés	Score 1001 - 1100	Note 1001 - 1100	10
2015	2015	Ontario	Ontario	Federal Skilled Trades	Métiers spécialisés	Score 451 - 500	Note 451 - 500	5
2015	2015	Ontario	Ontario	Federal Skilled Trades	Métiers spécialisés	Score 501 - 600	Note 501 - 600	--
2015	2015	Ontario	Ontario	Federal Skilled Trades	Métiers spécialisés	Score 601 - 700	Note 601 - 700	10
2015	2015	Ontario	Ontario	Federal Skilled Trades	Métiers spécialisés	Score 701 - 800	Note 701 - 800	85
2015	2015	Ontario	Ontario	Federal Skilled Trades	Métiers spécialisés	Score 801 - 900	Note 801 - 900	65
2015	2015	Ontario	Ontario	Federal Skilled Trades	Métiers spécialisés	Score 901 - 1000	Note 901 - 1000	20
2015	2015	Ontario	Ontario	Federal Skilled Worker	Travailleurs qualifiés	Score 1001 - 1100	Note 1001 - 1100	315
2015	2015	Ontario	Ontario	Federal Skilled Worker	Travailleurs qualifiés	Score 1101 - 1200	Note 1101 - 1200	30
2015	2015	Ontario	Ontario	Federal Skilled Worker	Travailleurs qualifiés	Score 401 - 450	Note 401 - 450	90
2015	2015	Ontario	Ontario	Federal Skilled Worker	Travailleurs qualifiés	Score 451 - 500	Note 451 - 500	3620
2015	2015	Ontario	Ontario	Federal Skilled Worker	Travailleurs qualifiés	Score 501 - 600	Note 501 - 600	355
2015	2015	Ontario	Ontario	Federal Skilled Worker	Travailleurs qualifiés	Score 701 - 800	Note 701 - 800	--
2015	2015	Ontario	Ontario	Federal Skilled Worker	Travailleurs qualifiés	Score 801 - 900	Note 801 - 900	35
2015	2015	Ontario	Ontario	Federal Skilled Worker	Travailleurs qualifiés	Score 901 - 1000	Note 901 - 1000	215
2015	2015	Ontario	Ontario	Provincial Nominee Program	Candidats des provinces ou des territoires	Score 1001 - 1100	Note 1001 - 1100	625
2015	2015	Ontario	Ontario	Provincial Nominee Program	Candidats des provinces ou des territoires	Score 901 - 1000	Note 901 - 1000	20
2015	2015	Prince Edward Island	Île-du-Prince-Édouard	Canadian Experience Class	Catégorie de l'expérience canadienne	Score 801 - 900	Note 801 - 900	5
2015	2015	Prince Edward Island	Île-du-Prince-Édouard	Federal Skilled Worker	Travailleurs qualifiés	Score 451 - 500	Note 451 - 500	5
2015	2015	Prince Edward Island	Île-du-Prince-Édouard	Federal Skilled Worker	Travailleurs qualifiés	Score 901 - 1000	Note 901 - 1000	--
2015	2015	Prince Edward Island	Île-du-Prince-Édouard	Provincial Nominee Program	Candidats des provinces ou des territoires	Score 1001 - 1100	Note 1001 - 1100	25
2015	2015	Prince Edward Island	Île-du-Prince-Édouard	Provincial Nominee Program	Candidats des provinces ou des territoires	Score 801 - 900	Note 801 - 900	10
2015	2015	Prince Edward Island	Île-du-Prince-Édouard	Provincial Nominee Program	Candidats des provinces ou des territoires	Score 901 - 1000	Note 901 - 1000	80
2015	2015	Province/Territory not stated	Province / territoire non déclaré(e)	Federal Skilled Worker	Travailleurs qualifiés	Score 451 - 500	Note 451 - 500	--
2015	2015	Province/Territory not stated	Province / territoire non déclaré(e)	Provincial Nominee Program	Candidats des provinces ou des territoires	Score 1001 - 1100	Note 1001 - 1100	--
2015	2015	Saskatchewan	Saskatchewan	Canadian Experience Class	Catégorie de l'expérience canadienne	Score 1001 - 1100	Note 1001 - 1100	--
2015	2015	Saskatchewan	Saskatchewan	Canadian Experience Class	Catégorie de l'expérience canadienne	Score 451 - 500	Note 451 - 500	10
2015	2015	Saskatchewan	Saskatchewan	Canadian Experience Class	Catégorie de l'expérience canadienne	Score 501 - 600	Note 501 - 600	--
2015	2015	Saskatchewan	Saskatchewan	Canadian Experience Class	Catégorie de l'expérience canadienne	Score 601 - 700	Note 601 - 700	--
2015	2015	Saskatchewan	Saskatchewan	Canadian Experience Class	Catégorie de l'expérience canadienne	Score 701 - 800	Note 701 - 800	35
2015	2015	Saskatchewan	Saskatchewan	Canadian Experience Class	Catégorie de l'expérience canadienne	Score 801 - 900	Note 801 - 900	40
2015	2015	Saskatchewan	Saskatchewan	Canadian Experience Class	Catégorie de l'expérience canadienne	Score 901 - 1000	Note 901 - 1000	20
2015	2015	Saskatchewan	Saskatchewan	Federal Skilled Trades	Métiers spécialisés	Score 1001 - 1100	Note 1001 - 1100	--
2015	2015	Saskatchewan	Saskatchewan	Federal Skilled Trades	Métiers spécialisés	Score 451 - 500	Note 451 - 500	--
2015	2015	Saskatchewan	Saskatchewan	Federal Skilled Trades	Métiers spécialisés	Score 601 - 700	Note 601 - 700	--
2015	2015	Saskatchewan	Saskatchewan	Federal Skilled Trades	Métiers spécialisés	Score 701 - 800	Note 701 - 800	10
2015	2015	Saskatchewan	Saskatchewan	Federal Skilled Trades	Métiers spécialisés	Score 801 - 900	Note 801 - 900	10
2015	2015	Saskatchewan	Saskatchewan	Federal Skilled Trades	Métiers spécialisés	Score 901 - 1000	Note 901 - 1000	5
2015	2015	Saskatchewan	Saskatchewan	Federal Skilled Worker	Travailleurs qualifiés	Score 1001 - 1100	Note 1001 - 1100	15
2015	2015	Saskatchewan	Saskatchewan	Federal Skilled Worker	Travailleurs qualifiés	Score 1101 - 1200	Note 1101 - 1200	--
2015	2015	Saskatchewan	Saskatchewan	Federal Skilled Worker	Travailleurs qualifiés	Score 451 - 500	Note 451 - 500	65
2015	2015	Saskatchewan	Saskatchewan	Federal Skilled Worker	Travailleurs qualifiés	Score 501 - 600	Note 501 - 600	5
2015	2015	Saskatchewan	Saskatchewan	Federal Skilled Worker	Travailleurs qualifiés	Score 801 - 900	Note 801 - 900	--
2015	2015	Saskatchewan	Saskatchewan	Federal Skilled Worker	Travailleurs qualifiés	Score 901 - 1000	Note 901 - 1000	20
2015	2015	Saskatchewan	Saskatchewan	Provincial Nominee Program	Candidats des provinces ou des territoires	Score 1001 - 1100	Note 1001 - 1100	25
2015	2015	Saskatchewan	Saskatchewan	Provincial Nominee Program	Candidats des provinces ou des territoires	Score 701 - 800	Note 701 - 800	--
2015	2015	Saskatchewan	Saskatchewan	Provincial Nominee Program	Candidats des provinces ou des territoires	Score 801 - 900	Note 801 - 900	15
2015	2015	Saskatchewan	Saskatchewan	Provincial Nominee Program	Candidats des provinces ou des territoires	Score 901 - 1000	Note 901 - 1000	255
2015	2015	Yukon	Yukon	Canadian Experience Class	Catégorie de l'expérience canadienne	Score 1001 - 1100	Note 1001 - 1100	--
2015	2015	Yukon	Yukon	Canadian Experience Class	Catégorie de l'expérience canadienne	Score 701 - 800	Note 701 - 800	--
2015	2015	Yukon	Yukon	Canadian Experience Class	Catégorie de l'expérience canadienne	Score 801 - 900	Note 801 - 900	--
2015	2015	Yukon	Yukon	Federal Skilled Worker	Travailleurs qualifiés	Score 1001 - 1100	Note 1001 - 1100	--
2015	2015	Yukon	Yukon	Federal Skilled Worker	Travailleurs qualifiés	Score 451 - 500	Note 451 - 500	--
2015	2015	Yukon	Yukon	Federal Skilled Worker	Travailleurs qualifiés	Score 501 - 600	Note 501 - 600	--
2015	2015	Yukon	Yukon	Federal Skilled Worker	Travailleurs qualifiés	Score 801 - 900	Note 801 - 900	--
2015	2015	Yukon	Yukon	Federal Skilled Worker	Travailleurs qualifiés	Score 901 - 1000	Note 901 - 1000	--
2016	2016	Alberta	Alberta	Canadian Experience Class	Catégorie de l'expérience canadienne	Score 1001 - 1100	Note 1001 - 1100	195
2016	2016	Alberta	Alberta	Canadian Experience Class	Catégorie de l'expérience canadienne	Score 1101 - 1200	Note 1101 - 1200	5
2016	2016	Alberta	Alberta	Canadian Experience Class	Catégorie de l'expérience canadienne	Score 451 - 500	Note 451 - 500	620
2016	2016	Alberta	Alberta	Canadian Experience Class	Catégorie de l'expérience canadienne	Score 501 - 600	Note 501 - 600	130
2016	2016	Alberta	Alberta	Canadian Experience Class	Catégorie de l'expérience canadienne	Score 601 - 700	Note 601 - 700	80
2016	2016	Alberta	Alberta	Canadian Experience Class	Catégorie de l'expérience canadienne	Score 701 - 800	Note 701 - 800	820
2016	2016	Alberta	Alberta	Canadian Experience Class	Catégorie de l'expérience canadienne	Score 801 - 900	Note 801 - 900	875
2016	2016	Alberta	Alberta	Canadian Experience Class	Catégorie de l'expérience canadienne	Score 901 - 1000	Note 901 - 1000	560
2016	2016	Alberta	Alberta	Federal Skilled Trades	Métiers spécialisés	Score 601 - 700	Note 601 - 700	70
2016	2016	Alberta	Alberta	Federal Skilled Trades	Métiers spécialisés	Score 701 - 800	Note 701 - 800	320
2016	2016	Alberta	Alberta	Federal Skilled Trades	Métiers spécialisés	Score 801 - 900	Note 801 - 900	120
2016	2016	Alberta	Alberta	Federal Skilled Trades	Métiers spécialisés	Score 901 - 1000	Note 901 - 1000	25
2016	2016	Alberta	Alberta	Federal Skilled Worker	Travailleurs qualifiés	Score 1001 - 1100	Note 1001 - 1100	145
2016	2016	Alberta	Alberta	Federal Skilled Worker	Travailleurs qualifiés	Score 1101 - 1200	Note 1101 - 1200	10
2016	2016	Alberta	Alberta	Federal Skilled Worker	Travailleurs qualifiés	Score 451 - 500	Note 451 - 500	585
2016	2016	Alberta	Alberta	Federal Skilled Worker	Travailleurs qualifiés	Score 501 - 600	Note 501 - 600	25
2016	2016	Alberta	Alberta	Federal Skilled Worker	Travailleurs qualifiés	Score 801 - 900	Note 801 - 900	125
2016	2016	Alberta	Alberta	Federal Skilled Worker	Travailleurs qualifiés	Score 901 - 1000	Note 901 - 1000	360
2016	2016	Alberta	Alberta	Provincial Nominee Program	Candidats des provinces ou des territoires	Score 1001 - 1100	Note 1001 - 1100	--
2016	2016	British Columbia	Colombie-Britannique	Canadian Experience Class	Catégorie de l'expérience canadienne	Score 1001 - 1100	Note 1001 - 1100	185
2016	2016	British Columbia	Colombie-Britannique	Canadian Experience Class	Catégorie de l'expérience canadienne	Score 1101 - 1200	Note 1101 - 1200	10
2016	2016	British Columbia	Colombie-Britannique	Canadian Experience Class	Catégorie de l'expérience canadienne	Score 451 - 500	Note 451 - 500	835
2016	2016	British Columbia	Colombie-Britannique	Canadian Experience Class	Catégorie de l'expérience canadienne	Score 501 - 600	Note 501 - 600	260
2016	2016	British Columbia	Colombie-Britannique	Canadian Experience Class	Catégorie de l'expérience canadienne	Score 601 - 700	Note 601 - 700	20
2016	2016	British Columbia	Colombie-Britannique	Canadian Experience Class	Catégorie de l'expérience canadienne	Score 701 - 800	Note 701 - 800	225
2016	2016	British Columbia	Colombie-Britannique	Canadian Experience Class	Catégorie de l'expérience canadienne	Score 801 - 900	Note 801 - 900	520
2016	2016	British Columbia	Colombie-Britannique	Canadian Experience Class	Catégorie de l'expérience canadienne	Score 901 - 1000	Note 901 - 1000	470
2016	2016	British Columbia	Colombie-Britannique	Federal Skilled Trades	Métiers spécialisés	Score 601 - 700	Note 601 - 700	105
2016	2016	British Columbia	Colombie-Britannique	Federal Skilled Trades	Métiers spécialisés	Score 701 - 800	Note 701 - 800	350
2016	2016	British Columbia	Colombie-Britannique	Federal Skilled Trades	Métiers spécialisés	Score 801 - 900	Note 801 - 900	80
2016	2016	British Columbia	Colombie-Britannique	Federal Skilled Trades	Métiers spécialisés	Score 901 - 1000	Note 901 - 1000	--
2016	2016	British Columbia	Colombie-Britannique	Federal Skilled Worker	Travailleurs qualifiés	Score 1001 - 1100	Note 1001 - 1100	115
2016	2016	British Columbia	Colombie-Britannique	Federal Skilled Worker	Travailleurs qualifiés	Score 1101 - 1200	Note 1101 - 1200	10
2016	2016	British Columbia	Colombie-Britannique	Federal Skilled Worker	Travailleurs qualifiés	Score 451 - 500	Note 451 - 500	880
2016	2016	British Columbia	Colombie-Britannique	Federal Skilled Worker	Travailleurs qualifiés	Score 501 - 600	Note 501 - 600	65
2016	2016	British Columbia	Colombie-Britannique	Federal Skilled Worker	Travailleurs qualifiés	Score 601 - 700	Note 601 - 700	--
2016	2016	British Columbia	Colombie-Britannique	Federal Skilled Worker	Travailleurs qualifiés	Score 801 - 900	Note 801 - 900	100
2016	2016	British Columbia	Colombie-Britannique	Federal Skilled Worker	Travailleurs qualifiés	Score 901 - 1000	Note 901 - 1000	310
2016	2016	British Columbia	Colombie-Britannique	Provincial Nominee Program	Candidats des provinces ou des territoires	Score 1001 - 1100	Note 1001 - 1100	940
2016	2016	British Columbia	Colombie-Britannique	Provincial Nominee Program	Candidats des provinces ou des territoires	Score 1101 - 1200	Note 1101 - 1200	5
2016	2016	British Columbia	Colombie-Britannique	Provincial Nominee Program	Candidats des provinces ou des territoires	Score 701 - 800	Note 701 - 800	25
2016	2016	British Columbia	Colombie-Britannique	Provincial Nominee Program	Candidats des provinces ou des territoires	Score 801 - 900	Note 801 - 900	160
2016	2016	British Columbia	Colombie-Britannique	Provincial Nominee Program	Candidats des provinces ou des territoires	Score 901 - 1000	Note 901 - 1000	830
2016	2016	Manitoba	Manitoba	Canadian Experience Class	Catégorie de l'expérience canadienne	Score 1001 - 1100	Note 1001 - 1100	5
2016	2016	Manitoba	Manitoba	Canadian Experience Class	Catégorie de l'expérience canadienne	Score 451 - 500	Note 451 - 500	15
2016	2016	Manitoba	Manitoba	Canadian Experience Class	Catégorie de l'expérience canadienne	Score 501 - 600	Note 501 - 600	--
2016	2016	Manitoba	Manitoba	Canadian Experience Class	Catégorie de l'expérience canadienne	Score 601 - 700	Note 601 - 700	--
2016	2016	Manitoba	Manitoba	Canadian Experience Class	Catégorie de l'expérience canadienne	Score 701 - 800	Note 701 - 800	10
2016	2016	Manitoba	Manitoba	Canadian Experience Class	Catégorie de l'expérience canadienne	Score 801 - 900	Note 801 - 900	10
2016	2016	Manitoba	Manitoba	Canadian Experience Class	Catégorie de l'expérience canadienne	Score 901 - 1000	Note 901 - 1000	15
2016	2016	Manitoba	Manitoba	Federal Skilled Trades	Métiers spécialisés	Score 601 - 700	Note 601 - 700	--
2016	2016	Manitoba	Manitoba	Federal Skilled Trades	Métiers spécialisés	Score 701 - 800	Note 701 - 800	5
2016	2016	Manitoba	Manitoba	Federal Skilled Trades	Métiers spécialisés	Score 801 - 900	Note 801 - 900	--
2016	2016	Manitoba	Manitoba	Federal Skilled Worker	Travailleurs qualifiés	Score 1001 - 1100	Note 1001 - 1100	10
2016	2016	Manitoba	Manitoba	Federal Skilled Worker	Travailleurs qualifiés	Score 451 - 500	Note 451 - 500	55
2016	2016	Manitoba	Manitoba	Federal Skilled Worker	Travailleurs qualifiés	Score 701 - 800	Note 701 - 800	--
2016	2016	Manitoba	Manitoba	Federal Skilled Worker	Travailleurs qualifiés	Score 801 - 900	Note 801 - 900	5
2016	2016	Manitoba	Manitoba	Federal Skilled Worker	Travailleurs qualifiés	Score 901 - 1000	Note 901 - 1000	15
2016	2016	Manitoba	Manitoba	Provincial Nominee Program	Candidats des provinces ou des territoires	Score 1001 - 1100	Note 1001 - 1100	5
2016	2016	Manitoba	Manitoba	Provincial Nominee Program	Candidats des provinces ou des territoires	Score 801 - 900	Note 801 - 900	--
2016	2016	Manitoba	Manitoba	Provincial Nominee Program	Candidats des provinces ou des territoires	Score 901 - 1000	Note 901 - 1000	20
2016	2016	New Brunswick	Nouveau-Brunswick	Canadian Experience Class	Catégorie de l'expérience canadienne	Score 1001 - 1100	Note 1001 - 1100	--
2016	2016	New Brunswick	Nouveau-Brunswick	Canadian Experience Class	Catégorie de l'expérience canadienne	Score 1101 - 1200	Note 1101 - 1200	--
2016	2016	New Brunswick	Nouveau-Brunswick	Canadian Experience Class	Catégorie de l'expérience canadienne	Score 451 - 500	Note 451 - 500	15
2016	2016	New Brunswick	Nouveau-Brunswick	Canadian Experience Class	Catégorie de l'expérience canadienne	Score 501 - 600	Note 501 - 600	--
2016	2016	New Brunswick	Nouveau-Brunswick	Canadian Experience Class	Catégorie de l'expérience canadienne	Score 601 - 700	Note 601 - 700	--
2016	2016	New Brunswick	Nouveau-Brunswick	Canadian Experience Class	Catégorie de l'expérience canadienne	Score 701 - 800	Note 701 - 800	5
2016	2016	New Brunswick	Nouveau-Brunswick	Canadian Experience Class	Catégorie de l'expérience canadienne	Score 801 - 900	Note 801 - 900	10
2016	2016	New Brunswick	Nouveau-Brunswick	Canadian Experience Class	Catégorie de l'expérience canadienne	Score 901 - 1000	Note 901 - 1000	--
2016	2016	New Brunswick	Nouveau-Brunswick	Federal Skilled Trades	Métiers spécialisés	Score 701 - 800	Note 701 - 800	--
2016	2016	New Brunswick	Nouveau-Brunswick	Federal Skilled Worker	Travailleurs qualifiés	Score 1001 - 1100	Note 1001 - 1100	--
2016	2016	New Brunswick	Nouveau-Brunswick	Federal Skilled Worker	Travailleurs qualifiés	Score 451 - 500	Note 451 - 500	15
2016	2016	New Brunswick	Nouveau-Brunswick	Federal Skilled Worker	Travailleurs qualifiés	Score 801 - 900	Note 801 - 900	--
2016	2016	New Brunswick	Nouveau-Brunswick	Federal Skilled Worker	Travailleurs qualifiés	Score 901 - 1000	Note 901 - 1000	5
2016	2016	New Brunswick	Nouveau-Brunswick	Provincial Nominee Program	Candidats des provinces ou des territoires	Score 1001 - 1100	Note 1001 - 1100	100
2016	2016	New Brunswick	Nouveau-Brunswick	Provincial Nominee Program	Candidats des provinces ou des territoires	Score 1101 - 1200	Note 1101 - 1200	--
2016	2016	New Brunswick	Nouveau-Brunswick	Provincial Nominee Program	Candidats des provinces ou des territoires	Score 801 - 900	Note 801 - 900	10
2016	2016	New Brunswick	Nouveau-Brunswick	Provincial Nominee Program	Candidats des provinces ou des territoires	Score 901 - 1000	Note 901 - 1000	370
2016	2016	Newfoundland and Labrador	Terre-Neuve-et-Labrador	Canadian Experience Class	Catégorie de l'expérience canadienne	Score 1001 - 1100	Note 1001 - 1100	--
2016	2016	Newfoundland and Labrador	Terre-Neuve-et-Labrador	Canadian Experience Class	Catégorie de l'expérience canadienne	Score 451 - 500	Note 451 - 500	15
2016	2016	Newfoundland and Labrador	Terre-Neuve-et-Labrador	Canadian Experience Class	Catégorie de l'expérience canadienne	Score 501 - 600	Note 501 - 600	--
2016	2016	Newfoundland and Labrador	Terre-Neuve-et-Labrador	Canadian Experience Class	Catégorie de l'expérience canadienne	Score 601 - 700	Note 601 - 700	--
2016	2016	Newfoundland and Labrador	Terre-Neuve-et-Labrador	Canadian Experience Class	Catégorie de l'expérience canadienne	Score 701 - 800	Note 701 - 800	5
2016	2016	Newfoundland and Labrador	Terre-Neuve-et-Labrador	Canadian Experience Class	Catégorie de l'expérience canadienne	Score 801 - 900	Note 801 - 900	5
2016	2016	Newfoundland and Labrador	Terre-Neuve-et-Labrador	Canadian Experience Class	Catégorie de l'expérience canadienne	Score 901 - 1000	Note 901 - 1000	10
2016	2016	Newfoundland and Labrador	Terre-Neuve-et-Labrador	Federal Skilled Trades	Métiers spécialisés	Score 701 - 800	Note 701 - 800	5
2016	2016	Newfoundland and Labrador	Terre-Neuve-et-Labrador	Federal Skilled Trades	Métiers spécialisés	Score 801 - 900	Note 801 - 900	--
2016	2016	Newfoundland and Labrador	Terre-Neuve-et-Labrador	Federal Skilled Worker	Travailleurs qualifiés	Score 1001 - 1100	Note 1001 - 1100	--
2016	2016	Newfoundland and Labrador	Terre-Neuve-et-Labrador	Federal Skilled Worker	Travailleurs qualifiés	Score 451 - 500	Note 451 - 500	15
2016	2016	Newfoundland and Labrador	Terre-Neuve-et-Labrador	Federal Skilled Worker	Travailleurs qualifiés	Score 501 - 600	Note 501 - 600	--
2016	2016	Newfoundland and Labrador	Terre-Neuve-et-Labrador	Federal Skilled Worker	Travailleurs qualifiés	Score 801 - 900	Note 801 - 900	--
2016	2016	Newfoundland and Labrador	Terre-Neuve-et-Labrador	Federal Skilled Worker	Travailleurs qualifiés	Score 901 - 1000	Note 901 - 1000	5
2016	2016	Newfoundland and Labrador	Terre-Neuve-et-Labrador	Provincial Nominee Program	Candidats des provinces ou des territoires	Score 1001 - 1100	Note 1001 - 1100	--
2016	2016	Newfoundland and Labrador	Terre-Neuve-et-Labrador	Provincial Nominee Program	Candidats des provinces ou des territoires	Score 901 - 1000	Note 901 - 1000	--
2016	2016	Northwest Territories	Territoires du Nord-Ouest	Canadian Experience Class	Catégorie de l'expérience canadienne	Score 451 - 500	Note 451 - 500	--
2016	2016	Northwest Territories	Territoires du Nord-Ouest	Canadian Experience Class	Catégorie de l'expérience canadienne	Score 701 - 800	Note 701 - 800	--
2016	2016	Northwest Territories	Territoires du Nord-Ouest	Canadian Experience Class	Catégorie de l'expérience canadienne	Score 801 - 900	Note 801 - 900	--
2016	2016	Northwest Territories	Territoires du Nord-Ouest	Federal Skilled Trades	Métiers spécialisés	Score 601 - 700	Note 601 - 700	--
2016	2016	Northwest Territories	Territoires du Nord-Ouest	Federal Skilled Trades	Métiers spécialisés	Score 701 - 800	Note 701 - 800	--
2016	2016	Northwest Territories	Territoires du Nord-Ouest	Federal Skilled Trades	Métiers spécialisés	Score 801 - 900	Note 801 - 900	--
2016	2016	Northwest Territories	Territoires du Nord-Ouest	Federal Skilled Worker	Travailleurs qualifiés	Score 1001 - 1100	Note 1001 - 1100	--
2016	2016	Northwest Territories	Territoires du Nord-Ouest	Federal Skilled Worker	Travailleurs qualifiés	Score 451 - 500	Note 451 - 500	--
2016	2016	Northwest Territories	Territoires du Nord-Ouest	Federal Skilled Worker	Travailleurs qualifiés	Score 501 - 600	Note 501 - 600	--
2016	2016	Northwest Territories	Territoires du Nord-Ouest	Provincial Nominee Program	Candidats des provinces ou des territoires	Score 1001 - 1100	Note 1001 - 1100	10
2016	2016	Northwest Territories	Territoires du Nord-Ouest	Provincial Nominee Program	Candidats des provinces ou des territoires	Score 801 - 900	Note 801 - 900	--
2016	2016	Northwest Territories	Territoires du Nord-Ouest	Provincial Nominee Program	Candidats des provinces ou des territoires	Score 901 - 1000	Note 901 - 1000	5
2016	2016	Nova Scotia	Nouvelle-Écosse	Canadian Experience Class	Catégorie de l'expérience canadienne	Score 1001 - 1100	Note 1001 - 1100	5
2016	2016	Nova Scotia	Nouvelle-Écosse	Canadian Experience Class	Catégorie de l'expérience canadienne	Score 451 - 500	Note 451 - 500	35
2016	2016	Nova Scotia	Nouvelle-Écosse	Canadian Experience Class	Catégorie de l'expérience canadienne	Score 501 - 600	Note 501 - 600	5
2016	2016	Nova Scotia	Nouvelle-Écosse	Canadian Experience Class	Catégorie de l'expérience canadienne	Score 601 - 700	Note 601 - 700	--
2016	2016	Nova Scotia	Nouvelle-Écosse	Canadian Experience Class	Catégorie de l'expérience canadienne	Score 701 - 800	Note 701 - 800	10
2016	2016	Nova Scotia	Nouvelle-Écosse	Canadian Experience Class	Catégorie de l'expérience canadienne	Score 801 - 900	Note 801 - 900	20
2016	2016	Nova Scotia	Nouvelle-Écosse	Canadian Experience Class	Catégorie de l'expérience canadienne	Score 901 - 1000	Note 901 - 1000	5
2016	2016	Nova Scotia	Nouvelle-Écosse	Federal Skilled Trades	Métiers spécialisés	Score 601 - 700	Note 601 - 700	--
2016	2016	Nova Scotia	Nouvelle-Écosse	Federal Skilled Trades	Métiers spécialisés	Score 701 - 800	Note 701 - 800	--
2016	2016	Nova Scotia	Nouvelle-Écosse	Federal Skilled Trades	Métiers spécialisés	Score 801 - 900	Note 801 - 900	--
2016	2016	Nova Scotia	Nouvelle-Écosse	Federal Skilled Worker	Travailleurs qualifiés	Score 1001 - 1100	Note 1001 - 1100	10
2016	2016	Nova Scotia	Nouvelle-Écosse	Federal Skilled Worker	Travailleurs qualifiés	Score 451 - 500	Note 451 - 500	15
2016	2016	Nova Scotia	Nouvelle-Écosse	Federal Skilled Worker	Travailleurs qualifiés	Score 501 - 600	Note 501 - 600	--
2016	2016	Nova Scotia	Nouvelle-Écosse	Federal Skilled Worker	Travailleurs qualifiés	Score 801 - 900	Note 801 - 900	10
2016	2016	Nova Scotia	Nouvelle-Écosse	Federal Skilled Worker	Travailleurs qualifiés	Score 901 - 1000	Note 901 - 1000	10
2016	2016	Nova Scotia	Nouvelle-Écosse	Provincial Nominee Program	Candidats des provinces ou des territoires	Score 1001 - 1100	Note 1001 - 1100	285
2016	2016	Nova Scotia	Nouvelle-Écosse	Provincial Nominee Program	Candidats des provinces ou des territoires	Score 1101 - 1200	Note 1101 - 1200	--
2016	2016	Nova Scotia	Nouvelle-Écosse	Provincial Nominee Program	Candidats des provinces ou des territoires	Score 701 - 800	Note 701 - 800	--
2016	2016	Nova Scotia	Nouvelle-Écosse	Provincial Nominee Program	Candidats des provinces ou des territoires	Score 801 - 900	Note 801 - 900	45
2016	2016	Nova Scotia	Nouvelle-Écosse	Provincial Nominee Program	Candidats des provinces ou des territoires	Score 901 - 1000	Note 901 - 1000	715
2016	2016	Nunavut	Nunavut	Canadian Experience Class	Catégorie de l'expérience canadienne	Score 451 - 500	Note 451 - 500	--
2016	2016	Ontario	Ontario	Canadian Experience Class	Catégorie de l'expérience canadienne	Score 1001 - 1100	Note 1001 - 1100	385
2016	2016	Ontario	Ontario	Canadian Experience Class	Catégorie de l'expérience canadienne	Score 1101 - 1200	Note 1101 - 1200	15
2016	2016	Ontario	Ontario	Canadian Experience Class	Catégorie de l'expérience canadienne	Score 451 - 500	Note 451 - 500	1795
2016	2016	Ontario	Ontario	Canadian Experience Class	Catégorie de l'expérience canadienne	Score 501 - 600	Note 501 - 600	505
2016	2016	Ontario	Ontario	Canadian Experience Class	Catégorie de l'expérience canadienne	Score 601 - 700	Note 601 - 700	15
2016	2016	Ontario	Ontario	Canadian Experience Class	Catégorie de l'expérience canadienne	Score 701 - 800	Note 701 - 800	190
2016	2016	Ontario	Ontario	Canadian Experience Class	Catégorie de l'expérience canadienne	Score 801 - 900	Note 801 - 900	510
2016	2016	Ontario	Ontario	Canadian Experience Class	Catégorie de l'expérience canadienne	Score 901 - 1000	Note 901 - 1000	725
2016	2016	Ontario	Ontario	Federal Skilled Trades	Métiers spécialisés	Score 601 - 700	Note 601 - 700	30
2016	2016	Ontario	Ontario	Federal Skilled Trades	Métiers spécialisés	Score 701 - 800	Note 701 - 800	105
2016	2016	Ontario	Ontario	Federal Skilled Trades	Métiers spécialisés	Score 801 - 900	Note 801 - 900	40
2016	2016	Ontario	Ontario	Federal Skilled Trades	Métiers spécialisés	Score 901 - 1000	Note 901 - 1000	--
2016	2016	Ontario	Ontario	Federal Skilled Worker	Travailleurs qualifiés	Score 1001 - 1100	Note 1001 - 1100	170
2016	2016	Ontario	Ontario	Federal Skilled Worker	Travailleurs qualifiés	Score 1101 - 1200	Note 1101 - 1200	5
2016	2016	Ontario	Ontario	Federal Skilled Worker	Travailleurs qualifiés	Score 451 - 500	Note 451 - 500	3265
2016	2016	Ontario	Ontario	Federal Skilled Worker	Travailleurs qualifiés	Score 501 - 600	Note 501 - 600	130
2016	2016	Ontario	Ontario	Federal Skilled Worker	Travailleurs qualifiés	Score 801 - 900	Note 801 - 900	70
2016	2016	Ontario	Ontario	Federal Skilled Worker	Travailleurs qualifiés	Score 901 - 1000	Note 901 - 1000	325
2016	2016	Ontario	Ontario	Provincial Nominee Program	Candidats des provinces ou des territoires	Score 1001 - 1100	Note 1001 - 1100	1785
2016	2016	Ontario	Ontario	Provincial Nominee Program	Candidats des provinces ou des territoires	Score 801 - 900	Note 801 - 900	--
2016	2016	Ontario	Ontario	Provincial Nominee Program	Candidats des provinces ou des territoires	Score 901 - 1000	Note 901 - 1000	105
2016	2016	Prince Edward Island	Île-du-Prince-Édouard	Canadian Experience Class	Catégorie de l'expérience canadienne	Score 1001 - 1100	Note 1001 - 1100	--
2016	2016	Prince Edward Island	Île-du-Prince-Édouard	Canadian Experience Class	Catégorie de l'expérience canadienne	Score 451 - 500	Note 451 - 500	5
2016	2016	Prince Edward Island	Île-du-Prince-Édouard	Canadian Experience Class	Catégorie de l'expérience canadienne	Score 501 - 600	Note 501 - 600	--
2016	2016	Prince Edward Island	Île-du-Prince-Édouard	Canadian Experience Class	Catégorie de l'expérience canadienne	Score 701 - 800	Note 701 - 800	--
2016	2016	Prince Edward Island	Île-du-Prince-Édouard	Canadian Experience Class	Catégorie de l'expérience canadienne	Score 801 - 900	Note 801 - 900	5
2016	2016	Prince Edward Island	Île-du-Prince-Édouard	Canadian Experience Class	Catégorie de l'expérience canadienne	Score 901 - 1000	Note 901 - 1000	--
2016	2016	Prince Edward Island	Île-du-Prince-Édouard	Federal Skilled Trades	Métiers spécialisés	Score 601 - 700	Note 601 - 700	--
2016	2016	Prince Edward Island	Île-du-Prince-Édouard	Federal Skilled Trades	Métiers spécialisés	Score 701 - 800	Note 701 - 800	--
2016	2016	Prince Edward Island	Île-du-Prince-Édouard	Federal Skilled Trades	Métiers spécialisés	Score 801 - 900	Note 801 - 900	--
2016	2016	Prince Edward Island	Île-du-Prince-Édouard	Federal Skilled Worker	Travailleurs qualifiés	Score 451 - 500	Note 451 - 500	--
2016	2016	Prince Edward Island	Île-du-Prince-Édouard	Provincial Nominee Program	Candidats des provinces ou des territoires	Score 1001 - 1100	Note 1001 - 1100	115
2016	2016	Prince Edward Island	Île-du-Prince-Édouard	Provincial Nominee Program	Candidats des provinces ou des territoires	Score 601 - 700	Note 601 - 700	--
2016	2016	Prince Edward Island	Île-du-Prince-Édouard	Provincial Nominee Program	Candidats des provinces ou des territoires	Score 701 - 800	Note 701 - 800	20
2016	2016	Prince Edward Island	Île-du-Prince-Édouard	Provincial Nominee Program	Candidats des provinces ou des territoires	Score 801 - 900	Note 801 - 900	30
2016	2016	Prince Edward Island	Île-du-Prince-Édouard	Provincial Nominee Program	Candidats des provinces ou des territoires	Score 901 - 1000	Note 901 - 1000	275
2016	2016	Province/Territory not stated	Province / territoire non déclaré(e)	Federal Skilled Trades	Métiers spécialisés	Score 801 - 900	Note 801 - 900	--
2016	2016	Saskatchewan	Saskatchewan	Canadian Experience Class	Catégorie de l'expérience canadienne	Score 1001 - 1100	Note 1001 - 1100	5
2016	2016	Saskatchewan	Saskatchewan	Canadian Experience Class	Catégorie de l'expérience canadienne	Score 451 - 500	Note 451 - 500	35
2016	2016	Saskatchewan	Saskatchewan	Canadian Experience Class	Catégorie de l'expérience canadienne	Score 501 - 600	Note 501 - 600	5
2016	2016	Saskatchewan	Saskatchewan	Canadian Experience Class	Catégorie de l'expérience canadienne	Score 701 - 800	Note 701 - 800	15
2016	2016	Saskatchewan	Saskatchewan	Canadian Experience Class	Catégorie de l'expérience canadienne	Score 801 - 900	Note 801 - 900	30
2016	2016	Saskatchewan	Saskatchewan	Canadian Experience Class	Catégorie de l'expérience canadienne	Score 901 - 1000	Note 901 - 1000	20
2016	2016	Saskatchewan	Saskatchewan	Federal Skilled Trades	Métiers spécialisés	Score 601 - 700	Note 601 - 700	--
2016	2016	Saskatchewan	Saskatchewan	Federal Skilled Trades	Métiers spécialisés	Score 701 - 800	Note 701 - 800	15
2016	2016	Saskatchewan	Saskatchewan	Federal Skilled Trades	Métiers spécialisés	Score 801 - 900	Note 801 - 900	10
2016	2016	Saskatchewan	Saskatchewan	Federal Skilled Worker	Travailleurs qualifiés	Score 1001 - 1100	Note 1001 - 1100	5
2016	2016	Saskatchewan	Saskatchewan	Federal Skilled Worker	Travailleurs qualifiés	Score 451 - 500	Note 451 - 500	45
2016	2016	Saskatchewan	Saskatchewan	Federal Skilled Worker	Travailleurs qualifiés	Score 501 - 600	Note 501 - 600	--
2016	2016	Saskatchewan	Saskatchewan	Federal Skilled Worker	Travailleurs qualifiés	Score 801 - 900	Note 801 - 900	--
2016	2016	Saskatchewan	Saskatchewan	Federal Skilled Worker	Travailleurs qualifiés	Score 901 - 1000	Note 901 - 1000	10
2016	2016	Saskatchewan	Saskatchewan	Provincial Nominee Program	Candidats des provinces ou des territoires	Score 1001 - 1100	Note 1001 - 1100	120
2016	2016	Saskatchewan	Saskatchewan	Provincial Nominee Program	Candidats des provinces ou des territoires	Score 801 - 900	Note 801 - 900	55
2016	2016	Saskatchewan	Saskatchewan	Provincial Nominee Program	Candidats des provinces ou des territoires	Score 901 - 1000	Note 901 - 1000	1075
2016	2016	Yukon	Yukon	Canadian Experience Class	Catégorie de l'expérience canadienne	Score 451 - 500	Note 451 - 500	--
2016	2016	Yukon	Yukon	Canadian Experience Class	Catégorie de l'expérience canadienne	Score 801 - 900	Note 801 - 900	--
2016	2016	Yukon	Yukon	Federal Skilled Worker	Travailleurs qualifiés	Score 1001 - 1100	Note 1001 - 1100	--
2016	2016	Yukon	Yukon	Federal Skilled Worker	Travailleurs qualifiés	Score 451 - 500	Note 451 - 500	--
2016	2016	Yukon	Yukon	Federal Skilled Worker	Travailleurs qualifiés	Score 501 - 600	Note 501 - 600	--
2016	2016	Yukon	Yukon	Federal Skilled Worker	Travailleurs qualifiés	Score 901 - 1000	Note 901 - 1000	--
2016	2016	Yukon	Yukon	Provincial Nominee Program	Candidats des provinces ou des territoires	Score 1001 - 1100	Note 1001 - 1100	--
2016	2016	Yukon	Yukon	Provincial Nominee Program	Candidats des provinces ou des territoires	Score 901 - 1000	Note 901 - 1000	--
2017	2017	Alberta	Alberta	Canadian Experience Class	Catégorie de l'expérience canadienne	Score 1001 - 1100	Note 1001 - 1100	10
2017	2017	Alberta	Alberta	Canadian Experience Class	Catégorie de l'expérience canadienne	Score 201 - 250	Note 201 - 250	25
2017	2017	Alberta	Alberta	Canadian Experience Class	Catégorie de l'expérience canadienne	Score 251 - 300	Note 251 - 300	20
2017	2017	Alberta	Alberta	Canadian Experience Class	Catégorie de l'expérience canadienne	Score 301 - 350	Note 301 - 350	20
2017	2017	Alberta	Alberta	Canadian Experience Class	Catégorie de l'expérience canadienne	Score 351 - 400	Note 351 - 400	20
2017	2017	Alberta	Alberta	Canadian Experience Class	Catégorie de l'expérience canadienne	Score 401 - 450	Note 401 - 450	865
2017	2017	Alberta	Alberta	Canadian Experience Class	Catégorie de l'expérience canadienne	Score 451 - 500	Note 451 - 500	1605
2017	2017	Alberta	Alberta	Canadian Experience Class	Catégorie de l'expérience canadienne	Score 501 - 600	Note 501 - 600	360
2017	2017	Alberta	Alberta	Canadian Experience Class	Catégorie de l'expérience canadienne	Score 601 - 700	Note 601 - 700	20
2017	2017	Alberta	Alberta	Canadian Experience Class	Catégorie de l'expérience canadienne	Score 701 - 800	Note 701 - 800	45
2017	2017	Alberta	Alberta	Canadian Experience Class	Catégorie de l'expérience canadienne	Score 801 - 900	Note 801 - 900	35
2017	2017	Alberta	Alberta	Canadian Experience Class	Catégorie de l'expérience canadienne	Score 901 - 1000	Note 901 - 1000	20
2017	2017	Alberta	Alberta	Federal Skilled Trades	Métiers spécialisés	Score 151 - 200	Note 151 - 200	--
2017	2017	Alberta	Alberta	Federal Skilled Trades	Métiers spécialisés	Score 201 - 250	Note 201 - 250	5
2017	2017	Alberta	Alberta	Federal Skilled Trades	Métiers spécialisés	Score 251 - 300	Note 251 - 300	15
2017	2017	Alberta	Alberta	Federal Skilled Trades	Métiers spécialisés	Score 301 - 350	Note 301 - 350	10
2017	2017	Alberta	Alberta	Federal Skilled Trades	Métiers spécialisés	Score 351 - 400	Note 351 - 400	5
2017	2017	Alberta	Alberta	Federal Skilled Trades	Métiers spécialisés	Score 451 - 500	Note 451 - 500	--
2017	2017	Alberta	Alberta	Federal Skilled Trades	Métiers spécialisés	Score 601 - 700	Note 601 - 700	--
2017	2017	Alberta	Alberta	Federal Skilled Trades	Métiers spécialisés	Score 701 - 800	Note 701 - 800	20
2017	2017	Alberta	Alberta	Federal Skilled Trades	Métiers spécialisés	Score 801 - 900	Note 801 - 900	5
2017	2017	Alberta	Alberta	Federal Skilled Worker	Travailleurs qualifiés	Score 301 - 350	Note 301 - 350	--
2017	2017	Alberta	Alberta	Federal Skilled Worker	Travailleurs qualifiés	Score 351 - 400	Note 351 - 400	--
2017	2017	Alberta	Alberta	Federal Skilled Worker	Travailleurs qualifiés	Score 401 - 450	Note 401 - 450	1315
2017	2017	Alberta	Alberta	Federal Skilled Worker	Travailleurs qualifiés	Score 451 - 500	Note 451 - 500	1065
2017	2017	Alberta	Alberta	Federal Skilled Worker	Travailleurs qualifiés	Score 501 - 600	Note 501 - 600	40
2017	2017	Alberta	Alberta	Federal Skilled Worker	Travailleurs qualifiés	Score 601 - 700	Note 601 - 700	--
2017	2017	Alberta	Alberta	Federal Skilled Worker	Travailleurs qualifiés	Score 801 - 900	Note 801 - 900	--
2017	2017	Alberta	Alberta	Federal Skilled Worker	Travailleurs qualifiés	Score 901 - 1000	Note 901 - 1000	10
2017	2017	Alberta	Alberta	Provincial Nominee Program	Candidats des provinces ou des territoires	Score 1001 - 1100	Note 1001 - 1100	15
2017	2017	Alberta	Alberta	Provincial Nominee Program	Candidats des provinces ou des territoires	Score 801 - 900	Note 801 - 900	--
2017	2017	Alberta	Alberta	Provincial Nominee Program	Candidats des provinces ou des territoires	Score 901 - 1000	Note 901 - 1000	5
2017	2017	British Columbia	Colombie-Britannique	Canadian Experience Class	Catégorie de l'expérience canadienne	Score 1001 - 1100	Note 1001 - 1100	15
2017	2017	British Columbia	Colombie-Britannique	Canadian Experience Class	Catégorie de l'expérience canadienne	Score 1101 - 1200	Note 1101 - 1200	--
2017	2017	British Columbia	Colombie-Britannique	Canadian Experience Class	Catégorie de l'expérience canadienne	Score 201 - 250	Note 201 - 250	5
2017	2017	British Columbia	Colombie-Britannique	Canadian Experience Class	Catégorie de l'expérience canadienne	Score 251 - 300	Note 251 - 300	20
2017	2017	British Columbia	Colombie-Britannique	Canadian Experience Class	Catégorie de l'expérience canadienne	Score 301 - 350	Note 301 - 350	20
2017	2017	British Columbia	Colombie-Britannique	Canadian Experience Class	Catégorie de l'expérience canadienne	Score 351 - 400	Note 351 - 400	30
2017	2017	British Columbia	Colombie-Britannique	Canadian Experience Class	Catégorie de l'expérience canadienne	Score 401 - 450	Note 401 - 450	1620
2017	2017	British Columbia	Colombie-Britannique	Canadian Experience Class	Catégorie de l'expérience canadienne	Score 451 - 500	Note 451 - 500	2905
2017	2017	British Columbia	Colombie-Britannique	Canadian Experience Class	Catégorie de l'expérience canadienne	Score 501 - 600	Note 501 - 600	805
2017	2017	British Columbia	Colombie-Britannique	Canadian Experience Class	Catégorie de l'expérience canadienne	Score 601 - 700	Note 601 - 700	30
2017	2017	British Columbia	Colombie-Britannique	Canadian Experience Class	Catégorie de l'expérience canadienne	Score 701 - 800	Note 701 - 800	10
2017	2017	British Columbia	Colombie-Britannique	Canadian Experience Class	Catégorie de l'expérience canadienne	Score 801 - 900	Note 801 - 900	35
2017	2017	British Columbia	Colombie-Britannique	Canadian Experience Class	Catégorie de l'expérience canadienne	Score 901 - 1000	Note 901 - 1000	40
2017	2017	British Columbia	Colombie-Britannique	Federal Skilled Trades	Métiers spécialisés	Score 151 - 200	Note 151 - 200	--
2017	2017	British Columbia	Colombie-Britannique	Federal Skilled Trades	Métiers spécialisés	Score 201 - 250	Note 201 - 250	35
2017	2017	British Columbia	Colombie-Britannique	Federal Skilled Trades	Métiers spécialisés	Score 251 - 300	Note 251 - 300	55
2017	2017	British Columbia	Colombie-Britannique	Federal Skilled Trades	Métiers spécialisés	Score 301 - 350	Note 301 - 350	15
2017	2017	British Columbia	Colombie-Britannique	Federal Skilled Trades	Métiers spécialisés	Score 351 - 400	Note 351 - 400	5
2017	2017	British Columbia	Colombie-Britannique	Federal Skilled Trades	Métiers spécialisés	Score 601 - 700	Note 601 - 700	20
2017	2017	British Columbia	Colombie-Britannique	Federal Skilled Trades	Métiers spécialisés	Score 701 - 800	Note 701 - 800	45
2017	2017	British Columbia	Colombie-Britannique	Federal Skilled Trades	Métiers spécialisés	Score 801 - 900	Note 801 - 900	10
2017	2017	British Columbia	Colombie-Britannique	Federal Skilled Worker	Travailleurs qualifiés	Score 1001 - 1100	Note 1001 - 1100	--
2017	2017	British Columbia	Colombie-Britannique	Federal Skilled Worker	Travailleurs qualifiés	Score 251 - 300	Note 251 - 300	--
2017	2017	British Columbia	Colombie-Britannique	Federal Skilled Worker	Travailleurs qualifiés	Score 301 - 350	Note 301 - 350	5
2017	2017	British Columbia	Colombie-Britannique	Federal Skilled Worker	Travailleurs qualifiés	Score 351 - 400	Note 351 - 400	5
2017	2017	British Columbia	Colombie-Britannique	Federal Skilled Worker	Travailleurs qualifiés	Score 401 - 450	Note 401 - 450	2040
2017	2017	British Columbia	Colombie-Britannique	Federal Skilled Worker	Travailleurs qualifiés	Score 451 - 500	Note 451 - 500	1980
2017	2017	British Columbia	Colombie-Britannique	Federal Skilled Worker	Travailleurs qualifiés	Score 501 - 600	Note 501 - 600	70
2017	2017	British Columbia	Colombie-Britannique	Federal Skilled Worker	Travailleurs qualifiés	Score 601 - 700	Note 601 - 700	--
2017	2017	British Columbia	Colombie-Britannique	Federal Skilled Worker	Travailleurs qualifiés	Score 801 - 900	Note 801 - 900	15
2017	2017	British Columbia	Colombie-Britannique	Federal Skilled Worker	Travailleurs qualifiés	Score 901 - 1000	Note 901 - 1000	25
2017	2017	British Columbia	Colombie-Britannique	Provincial Nominee Program	Candidats des provinces ou des territoires	Score 1001 - 1100	Note 1001 - 1100	520
2017	2017	British Columbia	Colombie-Britannique	Provincial Nominee Program	Candidats des provinces ou des territoires	Score 1101 - 1200	Note 1101 - 1200	5
2017	2017	British Columbia	Colombie-Britannique	Provincial Nominee Program	Candidats des provinces ou des territoires	Score 601 - 700	Note 601 - 700	10
2017	2017	British Columbia	Colombie-Britannique	Provincial Nominee Program	Candidats des provinces ou des territoires	Score 701 - 800	Note 701 - 800	65
2017	2017	British Columbia	Colombie-Britannique	Provincial Nominee Program	Candidats des provinces ou des territoires	Score 801 - 900	Note 801 - 900	305
2017	2017	British Columbia	Colombie-Britannique	Provincial Nominee Program	Candidats des provinces ou des territoires	Score 901 - 1000	Note 901 - 1000	1410
2017	2017	Manitoba	Manitoba	Canadian Experience Class	Catégorie de l'expérience canadienne	Score 351 - 400	Note 351 - 400	--
2017	2017	Manitoba	Manitoba	Canadian Experience Class	Catégorie de l'expérience canadienne	Score 401 - 450	Note 401 - 450	100
2017	2017	Manitoba	Manitoba	Canadian Experience Class	Catégorie de l'expérience canadienne	Score 451 - 500	Note 451 - 500	185
2017	2017	Manitoba	Manitoba	Canadian Experience Class	Catégorie de l'expérience canadienne	Score 501 - 600	Note 501 - 600	20
2017	2017	Manitoba	Manitoba	Canadian Experience Class	Catégorie de l'expérience canadienne	Score 701 - 800	Note 701 - 800	--
2017	2017	Manitoba	Manitoba	Canadian Experience Class	Catégorie de l'expérience canadienne	Score 801 - 900	Note 801 - 900	--
2017	2017	Manitoba	Manitoba	Federal Skilled Trades	Métiers spécialisés	Score 701 - 800	Note 701 - 800	--
2017	2017	Manitoba	Manitoba	Federal Skilled Worker	Travailleurs qualifiés	Score 401 - 450	Note 401 - 450	170
2017	2017	Manitoba	Manitoba	Federal Skilled Worker	Travailleurs qualifiés	Score 451 - 500	Note 451 - 500	135
2017	2017	Manitoba	Manitoba	Federal Skilled Worker	Travailleurs qualifiés	Score 501 - 600	Note 501 - 600	--
2017	2017	Manitoba	Manitoba	Federal Skilled Worker	Travailleurs qualifiés	Score 801 - 900	Note 801 - 900	--
2017	2017	Manitoba	Manitoba	Federal Skilled Worker	Travailleurs qualifiés	Score 901 - 1000	Note 901 - 1000	--
2017	2017	Manitoba	Manitoba	Provincial Nominee Program	Candidats des provinces ou des territoires	Score 1001 - 1100	Note 1001 - 1100	--
2017	2017	Manitoba	Manitoba	Provincial Nominee Program	Candidats des provinces ou des territoires	Score 901 - 1000	Note 901 - 1000	10
2017	2017	New Brunswick	Nouveau-Brunswick	Canadian Experience Class	Catégorie de l'expérience canadienne	Score 251 - 300	Note 251 - 300	--
2017	2017	New Brunswick	Nouveau-Brunswick	Canadian Experience Class	Catégorie de l'expérience canadienne	Score 401 - 450	Note 401 - 450	60
2017	2017	New Brunswick	Nouveau-Brunswick	Canadian Experience Class	Catégorie de l'expérience canadienne	Score 451 - 500	Note 451 - 500	100
2017	2017	New Brunswick	Nouveau-Brunswick	Canadian Experience Class	Catégorie de l'expérience canadienne	Score 501 - 600	Note 501 - 600	25
2017	2017	New Brunswick	Nouveau-Brunswick	Canadian Experience Class	Catégorie de l'expérience canadienne	Score 601 - 700	Note 601 - 700	--
2017	2017	New Brunswick	Nouveau-Brunswick	Federal Skilled Trades	Métiers spécialisés	Score 251 - 300	Note 251 - 300	--
2017	2017	New Brunswick	Nouveau-Brunswick	Federal Skilled Worker	Travailleurs qualifiés	Score 401 - 450	Note 401 - 450	55
2017	2017	New Brunswick	Nouveau-Brunswick	Federal Skilled Worker	Travailleurs qualifiés	Score 451 - 500	Note 451 - 500	45
2017	2017	New Brunswick	Nouveau-Brunswick	Federal Skilled Worker	Travailleurs qualifiés	Score 501 - 600	Note 501 - 600	10
2017	2017	New Brunswick	Nouveau-Brunswick	Provincial Nominee Program	Candidats des provinces ou des territoires	Score 1001 - 1100	Note 1001 - 1100	65
2017	2017	New Brunswick	Nouveau-Brunswick	Provincial Nominee Program	Candidats des provinces ou des territoires	Score 1101 - 1200	Note 1101 - 1200	--
2017	2017	New Brunswick	Nouveau-Brunswick	Provincial Nominee Program	Candidats des provinces ou des territoires	Score 801 - 900	Note 801 - 900	25
2017	2017	New Brunswick	Nouveau-Brunswick	Provincial Nominee Program	Candidats des provinces ou des territoires	Score 901 - 1000	Note 901 - 1000	505
2017	2017	Newfoundland and Labrador	Terre-Neuve-et-Labrador	Canadian Experience Class	Catégorie de l'expérience canadienne	Score 251 - 300	Note 251 - 300	--
2017	2017	Newfoundland and Labrador	Terre-Neuve-et-Labrador	Canadian Experience Class	Catégorie de l'expérience canadienne	Score 351 - 400	Note 351 - 400	--
2017	2017	Newfoundland and Labrador	Terre-Neuve-et-Labrador	Canadian Experience Class	Catégorie de l'expérience canadienne	Score 401 - 450	Note 401 - 450	40
2017	2017	Newfoundland and Labrador	Terre-Neuve-et-Labrador	Canadian Experience Class	Catégorie de l'expérience canadienne	Score 451 - 500	Note 451 - 500	85
2017	2017	Newfoundland and Labrador	Terre-Neuve-et-Labrador	Canadian Experience Class	Catégorie de l'expérience canadienne	Score 501 - 600	Note 501 - 600	20
2017	2017	Newfoundland and Labrador	Terre-Neuve-et-Labrador	Canadian Experience Class	Catégorie de l'expérience canadienne	Score 801 - 900	Note 801 - 900	--
2017	2017	Newfoundland and Labrador	Terre-Neuve-et-Labrador	Federal Skilled Worker	Travailleurs qualifiés	Score 401 - 450	Note 401 - 450	30
2017	2017	Newfoundland and Labrador	Terre-Neuve-et-Labrador	Federal Skilled Worker	Travailleurs qualifiés	Score 451 - 500	Note 451 - 500	25
2017	2017	Newfoundland and Labrador	Terre-Neuve-et-Labrador	Federal Skilled Worker	Travailleurs qualifiés	Score 501 - 600	Note 501 - 600	--
2017	2017	Newfoundland and Labrador	Terre-Neuve-et-Labrador	Provincial Nominee Program	Candidats des provinces ou des territoires	Score 1001 - 1100	Note 1001 - 1100	--
2017	2017	Newfoundland and Labrador	Terre-Neuve-et-Labrador	Provincial Nominee Program	Candidats des provinces ou des territoires	Score 801 - 900	Note 801 - 900	--
2017	2017	Newfoundland and Labrador	Terre-Neuve-et-Labrador	Provincial Nominee Program	Candidats des provinces ou des territoires	Score 901 - 1000	Note 901 - 1000	10
2017	2017	Northwest Territories	Territoires du Nord-Ouest	Canadian Experience Class	Catégorie de l'expérience canadienne	Score 401 - 450	Note 401 - 450	15
2017	2017	Northwest Territories	Territoires du Nord-Ouest	Canadian Experience Class	Catégorie de l'expérience canadienne	Score 451 - 500	Note 451 - 500	5
2017	2017	Northwest Territories	Territoires du Nord-Ouest	Canadian Experience Class	Catégorie de l'expérience canadienne	Score 501 - 600	Note 501 - 600	--
2017	2017	Northwest Territories	Territoires du Nord-Ouest	Federal Skilled Trades	Métiers spécialisés	Score 301 - 350	Note 301 - 350	--
2017	2017	Northwest Territories	Territoires du Nord-Ouest	Federal Skilled Worker	Travailleurs qualifiés	Score 401 - 450	Note 401 - 450	--
2017	2017	Northwest Territories	Territoires du Nord-Ouest	Federal Skilled Worker	Travailleurs qualifiés	Score 451 - 500	Note 451 - 500	--
2017	2017	Northwest Territories	Territoires du Nord-Ouest	Provincial Nominee Program	Candidats des provinces ou des territoires	Score 1001 - 1100	Note 1001 - 1100	--
2017	2017	Northwest Territories	Territoires du Nord-Ouest	Provincial Nominee Program	Candidats des provinces ou des territoires	Score 901 - 1000	Note 901 - 1000	5
2017	2017	Nova Scotia	Nouvelle-Écosse	Canadian Experience Class	Catégorie de l'expérience canadienne	Score 1001 - 1100	Note 1001 - 1100	--
2017	2017	Nova Scotia	Nouvelle-Écosse	Canadian Experience Class	Catégorie de l'expérience canadienne	Score 251 - 300	Note 251 - 300	--
2017	2017	Nova Scotia	Nouvelle-Écosse	Canadian Experience Class	Catégorie de l'expérience canadienne	Score 401 - 450	Note 401 - 450	120
2017	2017	Nova Scotia	Nouvelle-Écosse	Canadian Experience Class	Catégorie de l'expérience canadienne	Score 451 - 500	Note 451 - 500	175
2017	2017	Nova Scotia	Nouvelle-Écosse	Canadian Experience Class	Catégorie de l'expérience canadienne	Score 501 - 600	Note 501 - 600	30
2017	2017	Nova Scotia	Nouvelle-Écosse	Canadian Experience Class	Catégorie de l'expérience canadienne	Score 801 - 900	Note 801 - 900	--
2017	2017	Nova Scotia	Nouvelle-Écosse	Canadian Experience Class	Catégorie de l'expérience canadienne	Score 901 - 1000	Note 901 - 1000	--
2017	2017	Nova Scotia	Nouvelle-Écosse	Federal Skilled Trades	Métiers spécialisés	Score 201 - 250	Note 201 - 250	--
2017	2017	Nova Scotia	Nouvelle-Écosse	Federal Skilled Worker	Travailleurs qualifiés	Score 401 - 450	Note 401 - 450	150
2017	2017	Nova Scotia	Nouvelle-Écosse	Federal Skilled Worker	Travailleurs qualifiés	Score 451 - 500	Note 451 - 500	75
2017	2017	Nova Scotia	Nouvelle-Écosse	Federal Skilled Worker	Travailleurs qualifiés	Score 501 - 600	Note 501 - 600	--
2017	2017	Nova Scotia	Nouvelle-Écosse	Federal Skilled Worker	Travailleurs qualifiés	Score 901 - 1000	Note 901 - 1000	--
2017	2017	Nova Scotia	Nouvelle-Écosse	Provincial Nominee Program	Candidats des provinces ou des territoires	Score 1001 - 1100	Note 1001 - 1100	135
2017	2017	Nova Scotia	Nouvelle-Écosse	Provincial Nominee Program	Candidats des provinces ou des territoires	Score 701 - 800	Note 701 - 800	--
2017	2017	Nova Scotia	Nouvelle-Écosse	Provincial Nominee Program	Candidats des provinces ou des territoires	Score 801 - 900	Note 801 - 900	45
2017	2017	Nova Scotia	Nouvelle-Écosse	Provincial Nominee Program	Candidats des provinces ou des territoires	Score 901 - 1000	Note 901 - 1000	795
2017	2017	Nunavut	Nunavut	Canadian Experience Class	Catégorie de l'expérience canadienne	Score 401 - 450	Note 401 - 450	--
2017	2017	Nunavut	Nunavut	Canadian Experience Class	Catégorie de l'expérience canadienne	Score 451 - 500	Note 451 - 500	--
2017	2017	Nunavut	Nunavut	Federal Skilled Worker	Travailleurs qualifiés	Score 451 - 500	Note 451 - 500	--
2017	2017	Ontario	Ontario	Canadian Experience Class	Catégorie de l'expérience canadienne	Score 1001 - 1100	Note 1001 - 1100	30
2017	2017	Ontario	Ontario	Canadian Experience Class	Catégorie de l'expérience canadienne	Score 1101 - 1200	Note 1101 - 1200	--
2017	2017	Ontario	Ontario	Canadian Experience Class	Catégorie de l'expérience canadienne	Score 151 - 200	Note 151 - 200	--
2017	2017	Ontario	Ontario	Canadian Experience Class	Catégorie de l'expérience canadienne	Score 201 - 250	Note 201 - 250	10
2017	2017	Ontario	Ontario	Canadian Experience Class	Catégorie de l'expérience canadienne	Score 251 - 300	Note 251 - 300	10
2017	2017	Ontario	Ontario	Canadian Experience Class	Catégorie de l'expérience canadienne	Score 301 - 350	Note 301 - 350	15
2017	2017	Ontario	Ontario	Canadian Experience Class	Catégorie de l'expérience canadienne	Score 351 - 400	Note 351 - 400	20
2017	2017	Ontario	Ontario	Canadian Experience Class	Catégorie de l'expérience canadienne	Score 401 - 450	Note 401 - 450	6645
2017	2017	Ontario	Ontario	Canadian Experience Class	Catégorie de l'expérience canadienne	Score 451 - 500	Note 451 - 500	10455
2017	2017	Ontario	Ontario	Canadian Experience Class	Catégorie de l'expérience canadienne	Score 501 - 600	Note 501 - 600	1740
2017	2017	Ontario	Ontario	Canadian Experience Class	Catégorie de l'expérience canadienne	Score 601 - 700	Note 601 - 700	90
2017	2017	Ontario	Ontario	Canadian Experience Class	Catégorie de l'expérience canadienne	Score 701 - 800	Note 701 - 800	10
2017	2017	Ontario	Ontario	Canadian Experience Class	Catégorie de l'expérience canadienne	Score 801 - 900	Note 801 - 900	25
2017	2017	Ontario	Ontario	Canadian Experience Class	Catégorie de l'expérience canadienne	Score 901 - 1000	Note 901 - 1000	50
2017	2017	Ontario	Ontario	Federal Skilled Trades	Métiers spécialisés	Score 201 - 250	Note 201 - 250	15
2017	2017	Ontario	Ontario	Federal Skilled Trades	Métiers spécialisés	Score 251 - 300	Note 251 - 300	30
2017	2017	Ontario	Ontario	Federal Skilled Trades	Métiers spécialisés	Score 301 - 350	Note 301 - 350	15
2017	2017	Ontario	Ontario	Federal Skilled Trades	Métiers spécialisés	Score 351 - 400	Note 351 - 400	--
2017	2017	Ontario	Ontario	Federal Skilled Trades	Métiers spécialisés	Score 401 - 450	Note 401 - 450	--
2017	2017	Ontario	Ontario	Federal Skilled Trades	Métiers spécialisés	Score 601 - 700	Note 601 - 700	--
2017	2017	Ontario	Ontario	Federal Skilled Trades	Métiers spécialisés	Score 701 - 800	Note 701 - 800	10
2017	2017	Ontario	Ontario	Federal Skilled Trades	Métiers spécialisés	Score 801 - 900	Note 801 - 900	--
2017	2017	Ontario	Ontario	Federal Skilled Worker	Travailleurs qualifiés	Score 1001 - 1100	Note 1001 - 1100	10
2017	2017	Ontario	Ontario	Federal Skilled Worker	Travailleurs qualifiés	Score 251 - 300	Note 251 - 300	--
2017	2017	Ontario	Ontario	Federal Skilled Worker	Travailleurs qualifiés	Score 301 - 350	Note 301 - 350	--
2017	2017	Ontario	Ontario	Federal Skilled Worker	Travailleurs qualifiés	Score 351 - 400	Note 351 - 400	--
2017	2017	Ontario	Ontario	Federal Skilled Worker	Travailleurs qualifiés	Score 401 - 450	Note 401 - 450	11255
2017	2017	Ontario	Ontario	Federal Skilled Worker	Travailleurs qualifiés	Score 451 - 500	Note 451 - 500	9840
2017	2017	Ontario	Ontario	Federal Skilled Worker	Travailleurs qualifiés	Score 501 - 600	Note 501 - 600	265
2017	2017	Ontario	Ontario	Federal Skilled Worker	Travailleurs qualifiés	Score 601 - 700	Note 601 - 700	--
2017	2017	Ontario	Ontario	Federal Skilled Worker	Travailleurs qualifiés	Score 801 - 900	Note 801 - 900	10
2017	2017	Ontario	Ontario	Federal Skilled Worker	Travailleurs qualifiés	Score 901 - 1000	Note 901 - 1000	15
2017	2017	Ontario	Ontario	Provincial Nominee Program	Candidats des provinces ou des territoires	Score 1001 - 1100	Note 1001 - 1100	2925
2017	2017	Ontario	Ontario	Provincial Nominee Program	Candidats des provinces ou des territoires	Score 1101 - 1200	Note 1101 - 1200	--
2017	2017	Ontario	Ontario	Provincial Nominee Program	Candidats des provinces ou des territoires	Score 701 - 800	Note 701 - 800	--
2017	2017	Ontario	Ontario	Provincial Nominee Program	Candidats des provinces ou des territoires	Score 801 - 900	Note 801 - 900	40
2017	2017	Ontario	Ontario	Provincial Nominee Program	Candidats des provinces ou des territoires	Score 901 - 1000	Note 901 - 1000	1410
2017	2017	Prince Edward Island	Île-du-Prince-Édouard	Canadian Experience Class	Catégorie de l'expérience canadienne	Score 351 - 400	Note 351 - 400	--
2017	2017	Prince Edward Island	Île-du-Prince-Édouard	Canadian Experience Class	Catégorie de l'expérience canadienne	Score 401 - 450	Note 401 - 450	55
2017	2017	Prince Edward Island	Île-du-Prince-Édouard	Canadian Experience Class	Catégorie de l'expérience canadienne	Score 451 - 500	Note 451 - 500	35
2017	2017	Prince Edward Island	Île-du-Prince-Édouard	Canadian Experience Class	Catégorie de l'expérience canadienne	Score 501 - 600	Note 501 - 600	5
2017	2017	Prince Edward Island	Île-du-Prince-Édouard	Federal Skilled Trades	Métiers spécialisés	Score 201 - 250	Note 201 - 250	--
2017	2017	Prince Edward Island	Île-du-Prince-Édouard	Federal Skilled Worker	Travailleurs qualifiés	Score 401 - 450	Note 401 - 450	25
2017	2017	Prince Edward Island	Île-du-Prince-Édouard	Federal Skilled Worker	Travailleurs qualifiés	Score 451 - 500	Note 451 - 500	10
2017	2017	Prince Edward Island	Île-du-Prince-Édouard	Provincial Nominee Program	Candidats des provinces ou des territoires	Score 1001 - 1100	Note 1001 - 1100	40
2017	2017	Prince Edward Island	Île-du-Prince-Édouard	Provincial Nominee Program	Candidats des provinces ou des territoires	Score 601 - 700	Note 601 - 700	--
2017	2017	Prince Edward Island	Île-du-Prince-Édouard	Provincial Nominee Program	Candidats des provinces ou des territoires	Score 701 - 800	Note 701 - 800	--
2017	2017	Prince Edward Island	Île-du-Prince-Édouard	Provincial Nominee Program	Candidats des provinces ou des territoires	Score 801 - 900	Note 801 - 900	10
2017	2017	Prince Edward Island	Île-du-Prince-Édouard	Provincial Nominee Program	Candidats des provinces ou des territoires	Score 901 - 1000	Note 901 - 1000	230
2017	2017	Province/Territory not stated	Province / territoire non déclaré(e)	Federal Skilled Worker	Travailleurs qualifiés	Score 401 - 450	Note 401 - 450	--
2017	2017	Saskatchewan	Saskatchewan	Canadian Experience Class	Catégorie de l'expérience canadienne	Score 201 - 250	Note 201 - 250	--
2017	2017	Saskatchewan	Saskatchewan	Canadian Experience Class	Catégorie de l'expérience canadienne	Score 351 - 400	Note 351 - 400	--
2017	2017	Saskatchewan	Saskatchewan	Canadian Experience Class	Catégorie de l'expérience canadienne	Score 401 - 450	Note 401 - 450	160
2017	2017	Saskatchewan	Saskatchewan	Canadian Experience Class	Catégorie de l'expérience canadienne	Score 451 - 500	Note 451 - 500	240
2017	2017	Saskatchewan	Saskatchewan	Canadian Experience Class	Catégorie de l'expérience canadienne	Score 501 - 600	Note 501 - 600	25
2017	2017	Saskatchewan	Saskatchewan	Canadian Experience Class	Catégorie de l'expérience canadienne	Score 701 - 800	Note 701 - 800	--
2017	2017	Saskatchewan	Saskatchewan	Canadian Experience Class	Catégorie de l'expérience canadienne	Score 801 - 900	Note 801 - 900	--
2017	2017	Saskatchewan	Saskatchewan	Canadian Experience Class	Catégorie de l'expérience canadienne	Score 901 - 1000	Note 901 - 1000	--
2017	2017	Saskatchewan	Saskatchewan	Federal Skilled Trades	Métiers spécialisés	Score 201 - 250	Note 201 - 250	5
2017	2017	Saskatchewan	Saskatchewan	Federal Skilled Trades	Métiers spécialisés	Score 251 - 300	Note 251 - 300	--
2017	2017	Saskatchewan	Saskatchewan	Federal Skilled Worker	Travailleurs qualifiés	Score 1001 - 1100	Note 1001 - 1100	--
2017	2017	Saskatchewan	Saskatchewan	Federal Skilled Worker	Travailleurs qualifiés	Score 401 - 450	Note 401 - 450	200
2017	2017	Saskatchewan	Saskatchewan	Federal Skilled Worker	Travailleurs qualifiés	Score 451 - 500	Note 451 - 500	135
2017	2017	Saskatchewan	Saskatchewan	Federal Skilled Worker	Travailleurs qualifiés	Score 501 - 600	Note 501 - 600	5
2017	2017	Saskatchewan	Saskatchewan	Federal Skilled Worker	Travailleurs qualifiés	Score 801 - 900	Note 801 - 900	--
2017	2017	Saskatchewan	Saskatchewan	Provincial Nominee Program	Candidats des provinces ou des territoires	Score 1001 - 1100	Note 1001 - 1100	30
2017	2017	Saskatchewan	Saskatchewan	Provincial Nominee Program	Candidats des provinces ou des territoires	Score 801 - 900	Note 801 - 900	20
2017	2017	Saskatchewan	Saskatchewan	Provincial Nominee Program	Candidats des provinces ou des territoires	Score 901 - 1000	Note 901 - 1000	425
2017	2017	Yukon	Yukon	Canadian Experience Class	Catégorie de l'expérience canadienne	Score 401 - 450	Note 401 - 450	5
2017	2017	Yukon	Yukon	Canadian Experience Class	Catégorie de l'expérience canadienne	Score 451 - 500	Note 451 - 500	10
2017	2017	Yukon	Yukon	Canadian Experience Class	Catégorie de l'expérience canadienne	Score 501 - 600	Note 501 - 600	--
2017	2017	Yukon	Yukon	Federal Skilled Worker	Travailleurs qualifiés	Score 401 - 450	Note 401 - 450	--
2017	2017	Yukon	Yukon	Federal Skilled Worker	Travailleurs qualifiés	Score 451 - 500	Note 451 - 500	10
2017	2017	Yukon	Yukon	Federal Skilled Worker	Travailleurs qualifiés	Score 501 - 600	Note 501 - 600	--
2017	2017	Yukon	Yukon	Provincial Nominee Program	Candidats des provinces ou des territoires	Score 1001 - 1100	Note 1001 - 1100	--
2017	2017	Yukon	Yukon	Provincial Nominee Program	Candidats des provinces ou des territoires	Score 801 - 900	Note 801 - 900	--
2017	2017	Yukon	Yukon	Provincial Nominee Program	Candidats des provinces ou des territoires	Score 901 - 1000	Note 901 - 1000	5
2018	2018	Alberta	Alberta	Canadian Experience Class	Catégorie de l'expérience canadienne	Score 201 - 250	Note 201 - 250	--
2018	2018	Alberta	Alberta	Canadian Experience Class	Catégorie de l'expérience canadienne	Score 251 - 300	Note 251 - 300	15
2018	2018	Alberta	Alberta	Canadian Experience Class	Catégorie de l'expérience canadienne	Score 301 - 350	Note 301 - 350	40
2018	2018	Alberta	Alberta	Canadian Experience Class	Catégorie de l'expérience canadienne	Score 351 - 400	Note 351 - 400	35
2018	2018	Alberta	Alberta	Canadian Experience Class	Catégorie de l'expérience canadienne	Score 401 - 450	Note 401 - 450	420
2018	2018	Alberta	Alberta	Canadian Experience Class	Catégorie de l'expérience canadienne	Score 451 - 500	Note 451 - 500	1060
2018	2018	Alberta	Alberta	Canadian Experience Class	Catégorie de l'expérience canadienne	Score 501 - 600	Note 501 - 600	260
2018	2018	Alberta	Alberta	Canadian Experience Class	Catégorie de l'expérience canadienne	Score 601 - 700	Note 601 - 700	15
2018	2018	Alberta	Alberta	Federal Skilled Trades	Métiers spécialisés	Score 251 - 300	Note 251 - 300	20
2018	2018	Alberta	Alberta	Federal Skilled Trades	Métiers spécialisés	Score 301 - 350	Note 301 - 350	35
2018	2018	Alberta	Alberta	Federal Skilled Trades	Métiers spécialisés	Score 351 - 400	Note 351 - 400	10
2018	2018	Alberta	Alberta	Federal Skilled Trades	Métiers spécialisés	Score 401 - 450	Note 401 - 450	--
2018	2018	Alberta	Alberta	Federal Skilled Worker	Travailleurs qualifiés	Score 301 - 350	Note 301 - 350	--
2018	2018	Alberta	Alberta	Federal Skilled Worker	Travailleurs qualifiés	Score 351 - 400	Note 351 - 400	5
2018	2018	Alberta	Alberta	Federal Skilled Worker	Travailleurs qualifiés	Score 401 - 450	Note 401 - 450	1005
2018	2018	Alberta	Alberta	Federal Skilled Worker	Travailleurs qualifiés	Score 451 - 500	Note 451 - 500	1735
2018	2018	Alberta	Alberta	Federal Skilled Worker	Travailleurs qualifiés	Score 501 - 600	Note 501 - 600	40
2018	2018	Alberta	Alberta	Federal Skilled Worker	Travailleurs qualifiés	Score 601 - 700	Note 601 - 700	--
2018	2018	Alberta	Alberta	Provincial Nominee Program	Candidats des provinces ou des territoires	Score 1001 - 1100	Note 1001 - 1100	35
2018	2018	Alberta	Alberta	Provincial Nominee Program	Candidats des provinces ou des territoires	Score 801 - 900	Note 801 - 900	5
2018	2018	Alberta	Alberta	Provincial Nominee Program	Candidats des provinces ou des territoires	Score 901 - 1000	Note 901 - 1000	70
2018	2018	British Columbia	Colombie-Britannique	Canadian Experience Class	Catégorie de l'expérience canadienne	Score 201 - 250	Note 201 - 250	--
2018	2018	British Columbia	Colombie-Britannique	Canadian Experience Class	Catégorie de l'expérience canadienne	Score 251 - 300	Note 251 - 300	30
2018	2018	British Columbia	Colombie-Britannique	Canadian Experience Class	Catégorie de l'expérience canadienne	Score 301 - 350	Note 301 - 350	65
2018	2018	British Columbia	Colombie-Britannique	Canadian Experience Class	Catégorie de l'expérience canadienne	Score 351 - 400	Note 351 - 400	60
2018	2018	British Columbia	Colombie-Britannique	Canadian Experience Class	Catégorie de l'expérience canadienne	Score 401 - 450	Note 401 - 450	1240
2018	2018	British Columbia	Colombie-Britannique	Canadian Experience Class	Catégorie de l'expérience canadienne	Score 451 - 500	Note 451 - 500	3555
2018	2018	British Columbia	Colombie-Britannique	Canadian Experience Class	Catégorie de l'expérience canadienne	Score 501 - 600	Note 501 - 600	815
2018	2018	British Columbia	Colombie-Britannique	Canadian Experience Class	Catégorie de l'expérience canadienne	Score 601 - 700	Note 601 - 700	15
2018	2018	British Columbia	Colombie-Britannique	Canadian Experience Class	Catégorie de l'expérience canadienne	Score 701 - 800	Note 701 - 800	--
2018	2018	British Columbia	Colombie-Britannique	Federal Skilled Trades	Métiers spécialisés	Score 201 - 250	Note 201 - 250	--
2018	2018	British Columbia	Colombie-Britannique	Federal Skilled Trades	Métiers spécialisés	Score 251 - 300	Note 251 - 300	50
2018	2018	British Columbia	Colombie-Britannique	Federal Skilled Trades	Métiers spécialisés	Score 301 - 350	Note 301 - 350	85
2018	2018	British Columbia	Colombie-Britannique	Federal Skilled Trades	Métiers spécialisés	Score 351 - 400	Note 351 - 400	15
2018	2018	British Columbia	Colombie-Britannique	Federal Skilled Trades	Métiers spécialisés	Score 401 - 450	Note 401 - 450	--
2018	2018	British Columbia	Colombie-Britannique	Federal Skilled Trades	Métiers spécialisés	Score 451 - 500	Note 451 - 500	--
2018	2018	British Columbia	Colombie-Britannique	Federal Skilled Worker	Travailleurs qualifiés	Score 251 - 300	Note 251 - 300	--
2018	2018	British Columbia	Colombie-Britannique	Federal Skilled Worker	Travailleurs qualifiés	Score 301 - 350	Note 301 - 350	15
2018	2018	British Columbia	Colombie-Britannique	Federal Skilled Worker	Travailleurs qualifiés	Score 351 - 400	Note 351 - 400	25
2018	2018	British Columbia	Colombie-Britannique	Federal Skilled Worker	Travailleurs qualifiés	Score 401 - 450	Note 401 - 450	1530
2018	2018	British Columbia	Colombie-Britannique	Federal Skilled Worker	Travailleurs qualifiés	Score 451 - 500	Note 451 - 500	3625
2018	2018	British Columbia	Colombie-Britannique	Federal Skilled Worker	Travailleurs qualifiés	Score 501 - 600	Note 501 - 600	140
2018	2018	British Columbia	Colombie-Britannique	Federal Skilled Worker	Travailleurs qualifiés	Score 601 - 700	Note 601 - 700	--
2018	2018	British Columbia	Colombie-Britannique	Provincial Nominee Program	Candidats des provinces ou des territoires	Score 1001 - 1100	Note 1001 - 1100	420
2018	2018	British Columbia	Colombie-Britannique	Provincial Nominee Program	Candidats des provinces ou des territoires	Score 1101 - 1200	Note 1101 - 1200	5
2018	2018	British Columbia	Colombie-Britannique	Provincial Nominee Program	Candidats des provinces ou des territoires	Score 601 - 700	Note 601 - 700	15
2018	2018	British Columbia	Colombie-Britannique	Provincial Nominee Program	Candidats des provinces ou des territoires	Score 701 - 800	Note 701 - 800	190
2018	2018	British Columbia	Colombie-Britannique	Provincial Nominee Program	Candidats des provinces ou des territoires	Score 801 - 900	Note 801 - 900	585
2018	2018	British Columbia	Colombie-Britannique	Provincial Nominee Program	Candidats des provinces ou des territoires	Score 901 - 1000	Note 901 - 1000	1955
2018	2018	Manitoba	Manitoba	Canadian Experience Class	Catégorie de l'expérience canadienne	Score 351 - 400	Note 351 - 400	--
2018	2018	Manitoba	Manitoba	Canadian Experience Class	Catégorie de l'expérience canadienne	Score 401 - 450	Note 401 - 450	100
2018	2018	Manitoba	Manitoba	Canadian Experience Class	Catégorie de l'expérience canadienne	Score 451 - 500	Note 451 - 500	240
2018	2018	Manitoba	Manitoba	Canadian Experience Class	Catégorie de l'expérience canadienne	Score 501 - 600	Note 501 - 600	25
2018	2018	Manitoba	Manitoba	Canadian Experience Class	Catégorie de l'expérience canadienne	Score 601 - 700	Note 601 - 700	--
2018	2018	Manitoba	Manitoba	Federal Skilled Trades	Métiers spécialisés	Score 301 - 350	Note 301 - 350	--
2018	2018	Manitoba	Manitoba	Federal Skilled Worker	Travailleurs qualifiés	Score 351 - 400	Note 351 - 400	--
2018	2018	Manitoba	Manitoba	Federal Skilled Worker	Travailleurs qualifiés	Score 401 - 450	Note 401 - 450	130
2018	2018	Manitoba	Manitoba	Federal Skilled Worker	Travailleurs qualifiés	Score 451 - 500	Note 451 - 500	205
2018	2018	Manitoba	Manitoba	Federal Skilled Worker	Travailleurs qualifiés	Score 501 - 600	Note 501 - 600	--
2018	2018	Manitoba	Manitoba	Provincial Nominee Program	Candidats des provinces ou des territoires	Score 1001 - 1100	Note 1001 - 1100	40
2018	2018	Manitoba	Manitoba	Provincial Nominee Program	Candidats des provinces ou des territoires	Score 601 - 700	Note 601 - 700	--
2018	2018	Manitoba	Manitoba	Provincial Nominee Program	Candidats des provinces ou des territoires	Score 801 - 900	Note 801 - 900	30
2018	2018	Manitoba	Manitoba	Provincial Nominee Program	Candidats des provinces ou des territoires	Score 901 - 1000	Note 901 - 1000	290
2018	2018	New Brunswick	Nouveau-Brunswick	Canadian Experience Class	Catégorie de l'expérience canadienne	Score 401 - 450	Note 401 - 450	30
2018	2018	New Brunswick	Nouveau-Brunswick	Canadian Experience Class	Catégorie de l'expérience canadienne	Score 451 - 500	Note 451 - 500	90
2018	2018	New Brunswick	Nouveau-Brunswick	Canadian Experience Class	Catégorie de l'expérience canadienne	Score 501 - 600	Note 501 - 600	30
2018	2018	New Brunswick	Nouveau-Brunswick	Canadian Experience Class	Catégorie de l'expérience canadienne	Score 601 - 700	Note 601 - 700	--
2018	2018	New Brunswick	Nouveau-Brunswick	Federal Skilled Worker	Travailleurs qualifiés	Score 401 - 450	Note 401 - 450	35
2018	2018	New Brunswick	Nouveau-Brunswick	Federal Skilled Worker	Travailleurs qualifiés	Score 451 - 500	Note 451 - 500	85
2018	2018	New Brunswick	Nouveau-Brunswick	Federal Skilled Worker	Travailleurs qualifiés	Score 501 - 600	Note 501 - 600	--
2018	2018	New Brunswick	Nouveau-Brunswick	Provincial Nominee Program	Candidats des provinces ou des territoires	Score 1001 - 1100	Note 1001 - 1100	50
2018	2018	New Brunswick	Nouveau-Brunswick	Provincial Nominee Program	Candidats des provinces ou des territoires	Score 801 - 900	Note 801 - 900	20
2018	2018	New Brunswick	Nouveau-Brunswick	Provincial Nominee Program	Candidats des provinces ou des territoires	Score 901 - 1000	Note 901 - 1000	470
2018	2018	Newfoundland and Labrador	Terre-Neuve-et-Labrador	Canadian Experience Class	Catégorie de l'expérience canadienne	Score 351 - 400	Note 351 - 400	--
2018	2018	Newfoundland and Labrador	Terre-Neuve-et-Labrador	Canadian Experience Class	Catégorie de l'expérience canadienne	Score 401 - 450	Note 401 - 450	25
2018	2018	Newfoundland and Labrador	Terre-Neuve-et-Labrador	Canadian Experience Class	Catégorie de l'expérience canadienne	Score 451 - 500	Note 451 - 500	55
2018	2018	Newfoundland and Labrador	Terre-Neuve-et-Labrador	Canadian Experience Class	Catégorie de l'expérience canadienne	Score 501 - 600	Note 501 - 600	15
2018	2018	Newfoundland and Labrador	Terre-Neuve-et-Labrador	Federal Skilled Worker	Travailleurs qualifiés	Score 401 - 450	Note 401 - 450	15
2018	2018	Newfoundland and Labrador	Terre-Neuve-et-Labrador	Federal Skilled Worker	Travailleurs qualifiés	Score 451 - 500	Note 451 - 500	40
2018	2018	Newfoundland and Labrador	Terre-Neuve-et-Labrador	Provincial Nominee Program	Candidats des provinces ou des territoires	Score 1001 - 1100	Note 1001 - 1100	10
2018	2018	Newfoundland and Labrador	Terre-Neuve-et-Labrador	Provincial Nominee Program	Candidats des provinces ou des territoires	Score 801 - 900	Note 801 - 900	--
2018	2018	Newfoundland and Labrador	Terre-Neuve-et-Labrador	Provincial Nominee Program	Candidats des provinces ou des territoires	Score 901 - 1000	Note 901 - 1000	25
2018	2018	Northwest Territories	Territoires du Nord-Ouest	Canadian Experience Class	Catégorie de l'expérience canadienne	Score 401 - 450	Note 401 - 450	--
2018	2018	Northwest Territories	Territoires du Nord-Ouest	Canadian Experience Class	Catégorie de l'expérience canadienne	Score 451 - 500	Note 451 - 500	15
2018	2018	Northwest Territories	Territoires du Nord-Ouest	Canadian Experience Class	Catégorie de l'expérience canadienne	Score 501 - 600	Note 501 - 600	--
2018	2018	Northwest Territories	Territoires du Nord-Ouest	Federal Skilled Worker	Travailleurs qualifiés	Score 451 - 500	Note 451 - 500	--
2018	2018	Northwest Territories	Territoires du Nord-Ouest	Federal Skilled Worker	Travailleurs qualifiés	Score 501 - 600	Note 501 - 600	--
2018	2018	Northwest Territories	Territoires du Nord-Ouest	Provincial Nominee Program	Candidats des provinces ou des territoires	Score 1001 - 1100	Note 1001 - 1100	--
2018	2018	Northwest Territories	Territoires du Nord-Ouest	Provincial Nominee Program	Candidats des provinces ou des territoires	Score 601 - 700	Note 601 - 700	--
2018	2018	Northwest Territories	Territoires du Nord-Ouest	Provincial Nominee Program	Candidats des provinces ou des territoires	Score 801 - 900	Note 801 - 900	--
2018	2018	Northwest Territories	Territoires du Nord-Ouest	Provincial Nominee Program	Candidats des provinces ou des territoires	Score 901 - 1000	Note 901 - 1000	5
2018	2018	Nova Scotia	Nouvelle-Écosse	Canadian Experience Class	Catégorie de l'expérience canadienne	Score 251 - 300	Note 251 - 300	--
2018	2018	Nova Scotia	Nouvelle-Écosse	Canadian Experience Class	Catégorie de l'expérience canadienne	Score 401 - 450	Note 401 - 450	60
2018	2018	Nova Scotia	Nouvelle-Écosse	Canadian Experience Class	Catégorie de l'expérience canadienne	Score 451 - 500	Note 451 - 500	220
2018	2018	Nova Scotia	Nouvelle-Écosse	Canadian Experience Class	Catégorie de l'expérience canadienne	Score 501 - 600	Note 501 - 600	45
2018	2018	Nova Scotia	Nouvelle-Écosse	Canadian Experience Class	Catégorie de l'expérience canadienne	Score 601 - 700	Note 601 - 700	--
2018	2018	Nova Scotia	Nouvelle-Écosse	Federal Skilled Trades	Métiers spécialisés	Score 301 - 350	Note 301 - 350	--
2018	2018	Nova Scotia	Nouvelle-Écosse	Federal Skilled Worker	Travailleurs qualifiés	Score 401 - 450	Note 401 - 450	70
2018	2018	Nova Scotia	Nouvelle-Écosse	Federal Skilled Worker	Travailleurs qualifiés	Score 451 - 500	Note 451 - 500	120
2018	2018	Nova Scotia	Nouvelle-Écosse	Federal Skilled Worker	Travailleurs qualifiés	Score 501 - 600	Note 501 - 600	5
2018	2018	Nova Scotia	Nouvelle-Écosse	Provincial Nominee Program	Candidats des provinces ou des territoires	Score 1001 - 1100	Note 1001 - 1100	135
2018	2018	Nova Scotia	Nouvelle-Écosse	Provincial Nominee Program	Candidats des provinces ou des territoires	Score 701 - 800	Note 701 - 800	10
2018	2018	Nova Scotia	Nouvelle-Écosse	Provincial Nominee Program	Candidats des provinces ou des territoires	Score 801 - 900	Note 801 - 900	75
2018	2018	Nova Scotia	Nouvelle-Écosse	Provincial Nominee Program	Candidats des provinces ou des territoires	Score 901 - 1000	Note 901 - 1000	970
2018	2018	Nunavut	Nunavut	Canadian Experience Class	Catégorie de l'expérience canadienne	Score 401 - 450	Note 401 - 450	--
2018	2018	Nunavut	Nunavut	Canadian Experience Class	Catégorie de l'expérience canadienne	Score 451 - 500	Note 451 - 500	--
2018	2018	Nunavut	Nunavut	Canadian Experience Class	Catégorie de l'expérience canadienne	Score 501 - 600	Note 501 - 600	--
2018	2018	Nunavut	Nunavut	Federal Skilled Worker	Travailleurs qualifiés	Score 451 - 500	Note 451 - 500	--
2018	2018	Ontario	Ontario	Canadian Experience Class	Catégorie de l'expérience canadienne	Score 201 - 250	Note 201 - 250	--
2018	2018	Ontario	Ontario	Canadian Experience Class	Catégorie de l'expérience canadienne	Score 251 - 300	Note 251 - 300	15
2018	2018	Ontario	Ontario	Canadian Experience Class	Catégorie de l'expérience canadienne	Score 301 - 350	Note 301 - 350	25
2018	2018	Ontario	Ontario	Canadian Experience Class	Catégorie de l'expérience canadienne	Score 351 - 400	Note 351 - 400	45
2018	2018	Ontario	Ontario	Canadian Experience Class	Catégorie de l'expérience canadienne	Score 401 - 450	Note 401 - 450	4335
2018	2018	Ontario	Ontario	Canadian Experience Class	Catégorie de l'expérience canadienne	Score 451 - 500	Note 451 - 500	9760
2018	2018	Ontario	Ontario	Canadian Experience Class	Catégorie de l'expérience canadienne	Score 501 - 600	Note 501 - 600	1690
2018	2018	Ontario	Ontario	Canadian Experience Class	Catégorie de l'expérience canadienne	Score 601 - 700	Note 601 - 700	70
2018	2018	Ontario	Ontario	Canadian Experience Class	Catégorie de l'expérience canadienne	Score 701 - 800	Note 701 - 800	--
2018	2018	Ontario	Ontario	Federal Skilled Trades	Métiers spécialisés	Score 201 - 250	Note 201 - 250	--
2018	2018	Ontario	Ontario	Federal Skilled Trades	Métiers spécialisés	Score 251 - 300	Note 251 - 300	20
2018	2018	Ontario	Ontario	Federal Skilled Trades	Métiers spécialisés	Score 301 - 350	Note 301 - 350	40
2018	2018	Ontario	Ontario	Federal Skilled Trades	Métiers spécialisés	Score 351 - 400	Note 351 - 400	10
2018	2018	Ontario	Ontario	Federal Skilled Trades	Métiers spécialisés	Score 401 - 450	Note 401 - 450	5
2018	2018	Ontario	Ontario	Federal Skilled Trades	Métiers spécialisés	Score 501 - 600	Note 501 - 600	--
2018	2018	Ontario	Ontario	Federal Skilled Worker	Travailleurs qualifiés	Score 301 - 350	Note 301 - 350	--
2018	2018	Ontario	Ontario	Federal Skilled Worker	Travailleurs qualifiés	Score 351 - 400	Note 351 - 400	15
2018	2018	Ontario	Ontario	Federal Skilled Worker	Travailleurs qualifiés	Score 401 - 450	Note 401 - 450	8260
2018	2018	Ontario	Ontario	Federal Skilled Worker	Travailleurs qualifiés	Score 451 - 500	Note 451 - 500	18245
2018	2018	Ontario	Ontario	Federal Skilled Worker	Travailleurs qualifiés	Score 501 - 600	Note 501 - 600	490
2018	2018	Ontario	Ontario	Federal Skilled Worker	Travailleurs qualifiés	Score 601 - 700	Note 601 - 700	10
2018	2018	Ontario	Ontario	Provincial Nominee Program	Candidats des provinces ou des territoires	Score 1001 - 1100	Note 1001 - 1100	1405
2018	2018	Ontario	Ontario	Provincial Nominee Program	Candidats des provinces ou des territoires	Score 1101 - 1200	Note 1101 - 1200	--
2018	2018	Ontario	Ontario	Provincial Nominee Program	Candidats des provinces ou des territoires	Score 601 - 700	Note 601 - 700	--
2018	2018	Ontario	Ontario	Provincial Nominee Program	Candidats des provinces ou des territoires	Score 701 - 800	Note 701 - 800	45
2018	2018	Ontario	Ontario	Provincial Nominee Program	Candidats des provinces ou des territoires	Score 801 - 900	Note 801 - 900	120
2018	2018	Ontario	Ontario	Provincial Nominee Program	Candidats des provinces ou des territoires	Score 901 - 1000	Note 901 - 1000	1965
2018	2018	Prince Edward Island	Île-du-Prince-Édouard	Canadian Experience Class	Catégorie de l'expérience canadienne	Score 401 - 450	Note 401 - 450	20
2018	2018	Prince Edward Island	Île-du-Prince-Édouard	Canadian Experience Class	Catégorie de l'expérience canadienne	Score 451 - 500	Note 451 - 500	50
2018	2018	Prince Edward Island	Île-du-Prince-Édouard	Canadian Experience Class	Catégorie de l'expérience canadienne	Score 501 - 600	Note 501 - 600	--
2018	2018	Prince Edward Island	Île-du-Prince-Édouard	Federal Skilled Trades	Métiers spécialisés	Score 301 - 350	Note 301 - 350	--
2018	2018	Prince Edward Island	Île-du-Prince-Édouard	Federal Skilled Worker	Travailleurs qualifiés	Score 301 - 350	Note 301 - 350	--
2018	2018	Prince Edward Island	Île-du-Prince-Édouard	Federal Skilled Worker	Travailleurs qualifiés	Score 401 - 450	Note 401 - 450	--
2018	2018	Prince Edward Island	Île-du-Prince-Édouard	Federal Skilled Worker	Travailleurs qualifiés	Score 451 - 500	Note 451 - 500	15
2018	2018	Prince Edward Island	Île-du-Prince-Édouard	Provincial Nominee Program	Candidats des provinces ou des territoires	Score 1001 - 1100	Note 1001 - 1100	35
2018	2018	Prince Edward Island	Île-du-Prince-Édouard	Provincial Nominee Program	Candidats des provinces ou des territoires	Score 601 - 700	Note 601 - 700	--
2018	2018	Prince Edward Island	Île-du-Prince-Édouard	Provincial Nominee Program	Candidats des provinces ou des territoires	Score 701 - 800	Note 701 - 800	5
2018	2018	Prince Edward Island	Île-du-Prince-Édouard	Provincial Nominee Program	Candidats des provinces ou des territoires	Score 801 - 900	Note 801 - 900	10
2018	2018	Prince Edward Island	Île-du-Prince-Édouard	Provincial Nominee Program	Candidats des provinces ou des territoires	Score 901 - 1000	Note 901 - 1000	255
2018	2018	Saskatchewan	Saskatchewan	Canadian Experience Class	Catégorie de l'expérience canadienne	Score 301 - 350	Note 301 - 350	--
2018	2018	Saskatchewan	Saskatchewan	Canadian Experience Class	Catégorie de l'expérience canadienne	Score 351 - 400	Note 351 - 400	5
2018	2018	Saskatchewan	Saskatchewan	Canadian Experience Class	Catégorie de l'expérience canadienne	Score 401 - 450	Note 401 - 450	135
2018	2018	Saskatchewan	Saskatchewan	Canadian Experience Class	Catégorie de l'expérience canadienne	Score 451 - 500	Note 451 - 500	260
2018	2018	Saskatchewan	Saskatchewan	Canadian Experience Class	Catégorie de l'expérience canadienne	Score 501 - 600	Note 501 - 600	25
2018	2018	Saskatchewan	Saskatchewan	Canadian Experience Class	Catégorie de l'expérience canadienne	Score 601 - 700	Note 601 - 700	--
2018	2018	Saskatchewan	Saskatchewan	Canadian Experience Class	Catégorie de l'expérience canadienne	Score 701 - 800	Note 701 - 800	--
2018	2018	Saskatchewan	Saskatchewan	Federal Skilled Trades	Métiers spécialisés	Score 251 - 300	Note 251 - 300	--
2018	2018	Saskatchewan	Saskatchewan	Federal Skilled Trades	Métiers spécialisés	Score 301 - 350	Note 301 - 350	--
2018	2018	Saskatchewan	Saskatchewan	Federal Skilled Worker	Travailleurs qualifiés	Score 351 - 400	Note 351 - 400	--
2018	2018	Saskatchewan	Saskatchewan	Federal Skilled Worker	Travailleurs qualifiés	Score 401 - 450	Note 401 - 450	115
2018	2018	Saskatchewan	Saskatchewan	Federal Skilled Worker	Travailleurs qualifiés	Score 451 - 500	Note 451 - 500	220
2018	2018	Saskatchewan	Saskatchewan	Federal Skilled Worker	Travailleurs qualifiés	Score 501 - 600	Note 501 - 600	--
2018	2018	Saskatchewan	Saskatchewan	Provincial Nominee Program	Candidats des provinces ou des territoires	Score 1001 - 1100	Note 1001 - 1100	35
2018	2018	Saskatchewan	Saskatchewan	Provincial Nominee Program	Candidats des provinces ou des territoires	Score 701 - 800	Note 701 - 800	--
2018	2018	Saskatchewan	Saskatchewan	Provincial Nominee Program	Candidats des provinces ou des territoires	Score 801 - 900	Note 801 - 900	35
2018	2018	Saskatchewan	Saskatchewan	Provincial Nominee Program	Candidats des provinces ou des territoires	Score 901 - 1000	Note 901 - 1000	785
2018	2018	Yukon	Yukon	Canadian Experience Class	Catégorie de l'expérience canadienne	Score 401 - 450	Note 401 - 450	5
2018	2018	Yukon	Yukon	Canadian Experience Class	Catégorie de l'expérience canadienne	Score 451 - 500	Note 451 - 500	10
2018	2018	Yukon	Yukon	Federal Skilled Trades	Métiers spécialisés	Score 301 - 350	Note 301 - 350	--
2018	2018	Yukon	Yukon	Federal Skilled Worker	Travailleurs qualifiés	Score 401 - 450	Note 401 - 450	--
2018	2018	Yukon	Yukon	Federal Skilled Worker	Travailleurs qualifiés	Score 451 - 500	Note 451 - 500	5
2018	2018	Yukon	Yukon	Federal Skilled Worker	Travailleurs qualifiés	Score 501 - 600	Note 501 - 600	--
2018	2018	Yukon	Yukon	Provincial Nominee Program	Candidats des provinces ou des territoires	Score 1001 - 1100	Note 1001 - 1100	--
2018	2018	Yukon	Yukon	Provincial Nominee Program	Candidats des provinces ou des territoires	Score 801 - 900	Note 801 - 900	5
2018	2018	Yukon	Yukon	Provincial Nominee Program	Candidats des provinces ou des territoires	Score 901 - 1000	Note 901 - 1000	15
2019	2019	Alberta	Alberta	Canadian Experience Class	Catégorie de l'expérience canadienne	Score 301 - 350	Note 301 - 350	--
2019	2019	Alberta	Alberta	Canadian Experience Class	Catégorie de l'expérience canadienne	Score 351 - 400	Note 351 - 400	25
2019	2019	Alberta	Alberta	Canadian Experience Class	Catégorie de l'expérience canadienne	Score 401 - 450	Note 401 - 450	110
2019	2019	Alberta	Alberta	Canadian Experience Class	Catégorie de l'expérience canadienne	Score 451 - 500	Note 451 - 500	1235
2019	2019	Alberta	Alberta	Canadian Experience Class	Catégorie de l'expérience canadienne	Score 501 - 600	Note 501 - 600	280
2019	2019	Alberta	Alberta	Canadian Experience Class	Catégorie de l'expérience canadienne	Score 601 - 700	Note 601 - 700	15
2019	2019	Alberta	Alberta	Federal Skilled Trades	Métiers spécialisés	Score 301 - 350	Note 301 - 350	--
2019	2019	Alberta	Alberta	Federal Skilled Trades	Métiers spécialisés	Score 351 - 400	Note 351 - 400	10
2019	2019	Alberta	Alberta	Federal Skilled Trades	Métiers spécialisés	Score 401 - 450	Note 401 - 450	--
2019	2019	Alberta	Alberta	Federal Skilled Worker	Travailleurs qualifiés	Score 301 - 350	Note 301 - 350	--
2019	2019	Alberta	Alberta	Federal Skilled Worker	Travailleurs qualifiés	Score 351 - 400	Note 351 - 400	5
2019	2019	Alberta	Alberta	Federal Skilled Worker	Travailleurs qualifiés	Score 401 - 450	Note 401 - 450	365
2019	2019	Alberta	Alberta	Federal Skilled Worker	Travailleurs qualifiés	Score 451 - 500	Note 451 - 500	2115
2019	2019	Alberta	Alberta	Federal Skilled Worker	Travailleurs qualifiés	Score 501 - 600	Note 501 - 600	40
2019	2019	Alberta	Alberta	Provincial Nominee Program	Candidats des provinces ou des territoires	Score 1001 - 1100	Note 1001 - 1100	1500
2019	2019	Alberta	Alberta	Provincial Nominee Program	Candidats des provinces ou des territoires	Score 801 - 900	Note 801 - 900	135
2019	2019	Alberta	Alberta	Provincial Nominee Program	Candidats des provinces ou des territoires	Score 901 - 1000	Note 901 - 1000	1105
2019	2019	British Columbia	Colombie-Britannique	Canadian Experience Class	Catégorie de l'expérience canadienne	Score 301 - 350	Note 301 - 350	25
2019	2019	British Columbia	Colombie-Britannique	Canadian Experience Class	Catégorie de l'expérience canadienne	Score 351 - 400	Note 351 - 400	200
2019	2019	British Columbia	Colombie-Britannique	Canadian Experience Class	Catégorie de l'expérience canadienne	Score 401 - 450	Note 401 - 450	500
2019	2019	British Columbia	Colombie-Britannique	Canadian Experience Class	Catégorie de l'expérience canadienne	Score 451 - 500	Note 451 - 500	4245
2019	2019	British Columbia	Colombie-Britannique	Canadian Experience Class	Catégorie de l'expérience canadienne	Score 501 - 600	Note 501 - 600	940
2019	2019	British Columbia	Colombie-Britannique	Canadian Experience Class	Catégorie de l'expérience canadienne	Score 601 - 700	Note 601 - 700	15
2019	2019	British Columbia	Colombie-Britannique	Canadian Experience Class	Catégorie de l'expérience canadienne	Score 701 - 800	Note 701 - 800	--
2019	2019	British Columbia	Colombie-Britannique	Federal Skilled Trades	Métiers spécialisés	Score 301 - 350	Note 301 - 350	25
2019	2019	British Columbia	Colombie-Britannique	Federal Skilled Trades	Métiers spécialisés	Score 351 - 400	Note 351 - 400	40
2019	2019	British Columbia	Colombie-Britannique	Federal Skilled Trades	Métiers spécialisés	Score 401 - 450	Note 401 - 450	--
2019	2019	British Columbia	Colombie-Britannique	Federal Skilled Worker	Travailleurs qualifiés	Score 301 - 350	Note 301 - 350	5
2019	2019	British Columbia	Colombie-Britannique	Federal Skilled Worker	Travailleurs qualifiés	Score 351 - 400	Note 351 - 400	55
2019	2019	British Columbia	Colombie-Britannique	Federal Skilled Worker	Travailleurs qualifiés	Score 401 - 450	Note 401 - 450	540
2019	2019	British Columbia	Colombie-Britannique	Federal Skilled Worker	Travailleurs qualifiés	Score 451 - 500	Note 451 - 500	4285
2019	2019	British Columbia	Colombie-Britannique	Federal Skilled Worker	Travailleurs qualifiés	Score 501 - 600	Note 501 - 600	145
2019	2019	British Columbia	Colombie-Britannique	Federal Skilled Worker	Travailleurs qualifiés	Score 601 - 700	Note 601 - 700	--
2019	2019	British Columbia	Colombie-Britannique	Provincial Nominee Program	Candidats des provinces ou des territoires	Score 1001 - 1100	Note 1001 - 1100	705
2019	2019	British Columbia	Colombie-Britannique	Provincial Nominee Program	Candidats des provinces ou des territoires	Score 1101 - 1200	Note 1101 - 1200	--
2019	2019	British Columbia	Colombie-Britannique	Provincial Nominee Program	Candidats des provinces ou des territoires	Score 601 - 700	Note 601 - 700	20
2019	2019	British Columbia	Colombie-Britannique	Provincial Nominee Program	Candidats des provinces ou des territoires	Score 701 - 800	Note 701 - 800	155
2019	2019	British Columbia	Colombie-Britannique	Provincial Nominee Program	Candidats des provinces ou des territoires	Score 801 - 900	Note 801 - 900	595
2019	2019	British Columbia	Colombie-Britannique	Provincial Nominee Program	Candidats des provinces ou des territoires	Score 901 - 1000	Note 901 - 1000	2030
2019	2019	Manitoba	Manitoba	Canadian Experience Class	Catégorie de l'expérience canadienne	Score 351 - 400	Note 351 - 400	--
2019	2019	Manitoba	Manitoba	Canadian Experience Class	Catégorie de l'expérience canadienne	Score 401 - 450	Note 401 - 450	30
2019	2019	Manitoba	Manitoba	Canadian Experience Class	Catégorie de l'expérience canadienne	Score 451 - 500	Note 451 - 500	280
2019	2019	Manitoba	Manitoba	Canadian Experience Class	Catégorie de l'expérience canadienne	Score 501 - 600	Note 501 - 600	50
2019	2019	Manitoba	Manitoba	Federal Skilled Trades	Métiers spécialisés	Score 351 - 400	Note 351 - 400	--
2019	2019	Manitoba	Manitoba	Federal Skilled Worker	Travailleurs qualifiés	Score 301 - 350	Note 301 - 350	--
2019	2019	Manitoba	Manitoba	Federal Skilled Worker	Travailleurs qualifiés	Score 401 - 450	Note 401 - 450	40
2019	2019	Manitoba	Manitoba	Federal Skilled Worker	Travailleurs qualifiés	Score 451 - 500	Note 451 - 500	350
2019	2019	Manitoba	Manitoba	Federal Skilled Worker	Travailleurs qualifiés	Score 501 - 600	Note 501 - 600	--
2019	2019	Manitoba	Manitoba	Provincial Nominee Program	Candidats des provinces ou des territoires	Score 1001 - 1100	Note 1001 - 1100	90
2019	2019	Manitoba	Manitoba	Provincial Nominee Program	Candidats des provinces ou des territoires	Score 701 - 800	Note 701 - 800	--
2019	2019	Manitoba	Manitoba	Provincial Nominee Program	Candidats des provinces ou des territoires	Score 801 - 900	Note 801 - 900	70
2019	2019	Manitoba	Manitoba	Provincial Nominee Program	Candidats des provinces ou des territoires	Score 901 - 1000	Note 901 - 1000	690
2019	2019	New Brunswick	Nouveau-Brunswick	Canadian Experience Class	Catégorie de l'expérience canadienne	Score 401 - 450	Note 401 - 450	5
2019	2019	New Brunswick	Nouveau-Brunswick	Canadian Experience Class	Catégorie de l'expérience canadienne	Score 451 - 500	Note 451 - 500	90
2019	2019	New Brunswick	Nouveau-Brunswick	Canadian Experience Class	Catégorie de l'expérience canadienne	Score 501 - 600	Note 501 - 600	30
2019	2019	New Brunswick	Nouveau-Brunswick	Canadian Experience Class	Catégorie de l'expérience canadienne	Score 601 - 700	Note 601 - 700	--
2019	2019	New Brunswick	Nouveau-Brunswick	Canadian Experience Class	Catégorie de l'expérience canadienne	Score 701 - 800	Note 701 - 800	--
2019	2019	New Brunswick	Nouveau-Brunswick	Federal Skilled Worker	Travailleurs qualifiés	Score 401 - 450	Note 401 - 450	10
2019	2019	New Brunswick	Nouveau-Brunswick	Federal Skilled Worker	Travailleurs qualifiés	Score 451 - 500	Note 451 - 500	95
2019	2019	New Brunswick	Nouveau-Brunswick	Federal Skilled Worker	Travailleurs qualifiés	Score 501 - 600	Note 501 - 600	10
2019	2019	New Brunswick	Nouveau-Brunswick	Provincial Nominee Program	Candidats des provinces ou des territoires	Score 1001 - 1100	Note 1001 - 1100	85
2019	2019	New Brunswick	Nouveau-Brunswick	Provincial Nominee Program	Candidats des provinces ou des territoires	Score 801 - 900	Note 801 - 900	15
2019	2019	New Brunswick	Nouveau-Brunswick	Provincial Nominee Program	Candidats des provinces ou des territoires	Score 901 - 1000	Note 901 - 1000	370
2019	2019	Newfoundland and Labrador	Terre-Neuve-et-Labrador	Canadian Experience Class	Catégorie de l'expérience canadienne	Score 401 - 450	Note 401 - 450	5
2019	2019	Newfoundland and Labrador	Terre-Neuve-et-Labrador	Canadian Experience Class	Catégorie de l'expérience canadienne	Score 451 - 500	Note 451 - 500	40
2019	2019	Newfoundland and Labrador	Terre-Neuve-et-Labrador	Canadian Experience Class	Catégorie de l'expérience canadienne	Score 501 - 600	Note 501 - 600	15
2019	2019	Newfoundland and Labrador	Terre-Neuve-et-Labrador	Federal Skilled Worker	Travailleurs qualifiés	Score 351 - 400	Note 351 - 400	--
2019	2019	Newfoundland and Labrador	Terre-Neuve-et-Labrador	Federal Skilled Worker	Travailleurs qualifiés	Score 401 - 450	Note 401 - 450	10
2019	2019	Newfoundland and Labrador	Terre-Neuve-et-Labrador	Federal Skilled Worker	Travailleurs qualifiés	Score 451 - 500	Note 451 - 500	30
2019	2019	Newfoundland and Labrador	Terre-Neuve-et-Labrador	Federal Skilled Worker	Travailleurs qualifiés	Score 501 - 600	Note 501 - 600	--
2019	2019	Newfoundland and Labrador	Terre-Neuve-et-Labrador	Provincial Nominee Program	Candidats des provinces ou des territoires	Score 1001 - 1100	Note 1001 - 1100	15
2019	2019	Newfoundland and Labrador	Terre-Neuve-et-Labrador	Provincial Nominee Program	Candidats des provinces ou des territoires	Score 1101 - 1200	Note 1101 - 1200	--
2019	2019	Newfoundland and Labrador	Terre-Neuve-et-Labrador	Provincial Nominee Program	Candidats des provinces ou des territoires	Score 901 - 1000	Note 901 - 1000	20
2019	2019	Northwest Territories	Territoires du Nord-Ouest	Canadian Experience Class	Catégorie de l'expérience canadienne	Score 401 - 450	Note 401 - 450	--
2019	2019	Northwest Territories	Territoires du Nord-Ouest	Canadian Experience Class	Catégorie de l'expérience canadienne	Score 451 - 500	Note 451 - 500	20
2019	2019	Northwest Territories	Territoires du Nord-Ouest	Canadian Experience Class	Catégorie de l'expérience canadienne	Score 501 - 600	Note 501 - 600	5
2019	2019	Northwest Territories	Territoires du Nord-Ouest	Federal Skilled Worker	Travailleurs qualifiés	Score 451 - 500	Note 451 - 500	--
2019	2019	Northwest Territories	Territoires du Nord-Ouest	Provincial Nominee Program	Candidats des provinces ou des territoires	Score 1001 - 1100	Note 1001 - 1100	--
2019	2019	Northwest Territories	Territoires du Nord-Ouest	Provincial Nominee Program	Candidats des provinces ou des territoires	Score 701 - 800	Note 701 - 800	--
2019	2019	Northwest Territories	Territoires du Nord-Ouest	Provincial Nominee Program	Candidats des provinces ou des territoires	Score 801 - 900	Note 801 - 900	--
2019	2019	Northwest Territories	Territoires du Nord-Ouest	Provincial Nominee Program	Candidats des provinces ou des territoires	Score 901 - 1000	Note 901 - 1000	5
2019	2019	Nova Scotia	Nouvelle-Écosse	Canadian Experience Class	Catégorie de l'expérience canadienne	Score 401 - 450	Note 401 - 450	20
2019	2019	Nova Scotia	Nouvelle-Écosse	Canadian Experience Class	Catégorie de l'expérience canadienne	Score 451 - 500	Note 451 - 500	200
2019	2019	Nova Scotia	Nouvelle-Écosse	Canadian Experience Class	Catégorie de l'expérience canadienne	Score 501 - 600	Note 501 - 600	55
2019	2019	Nova Scotia	Nouvelle-Écosse	Canadian Experience Class	Catégorie de l'expérience canadienne	Score 601 - 700	Note 601 - 700	--
2019	2019	Nova Scotia	Nouvelle-Écosse	Federal Skilled Worker	Travailleurs qualifiés	Score 301 - 350	Note 301 - 350	--
2019	2019	Nova Scotia	Nouvelle-Écosse	Federal Skilled Worker	Travailleurs qualifiés	Score 401 - 450	Note 401 - 450	30
2019	2019	Nova Scotia	Nouvelle-Écosse	Federal Skilled Worker	Travailleurs qualifiés	Score 451 - 500	Note 451 - 500	125
2019	2019	Nova Scotia	Nouvelle-Écosse	Federal Skilled Worker	Travailleurs qualifiés	Score 501 - 600	Note 501 - 600	10
2019	2019	Nova Scotia	Nouvelle-Écosse	Provincial Nominee Program	Candidats des provinces ou des territoires	Score 1001 - 1100	Note 1001 - 1100	290
2019	2019	Nova Scotia	Nouvelle-Écosse	Provincial Nominee Program	Candidats des provinces ou des territoires	Score 1101 - 1200	Note 1101 - 1200	--
2019	2019	Nova Scotia	Nouvelle-Écosse	Provincial Nominee Program	Candidats des provinces ou des territoires	Score 701 - 800	Note 701 - 800	5
2019	2019	Nova Scotia	Nouvelle-Écosse	Provincial Nominee Program	Candidats des provinces ou des territoires	Score 801 - 900	Note 801 - 900	85
2019	2019	Nova Scotia	Nouvelle-Écosse	Provincial Nominee Program	Candidats des provinces ou des territoires	Score 901 - 1000	Note 901 - 1000	805
2019	2019	Nunavut	Nunavut	Canadian Experience Class	Catégorie de l'expérience canadienne	Score 451 - 500	Note 451 - 500	5
2019	2019	Nunavut	Nunavut	Canadian Experience Class	Catégorie de l'expérience canadienne	Score 501 - 600	Note 501 - 600	--
2019	2019	Nunavut	Nunavut	Federal Skilled Worker	Travailleurs qualifiés	Score 451 - 500	Note 451 - 500	5
2019	2019	Ontario	Ontario	Canadian Experience Class	Catégorie de l'expérience canadienne	Score 301 - 350	Note 301 - 350	5
2019	2019	Ontario	Ontario	Canadian Experience Class	Catégorie de l'expérience canadienne	Score 351 - 400	Note 351 - 400	65
2019	2019	Ontario	Ontario	Canadian Experience Class	Catégorie de l'expérience canadienne	Score 401 - 450	Note 401 - 450	1410
2019	2019	Ontario	Ontario	Canadian Experience Class	Catégorie de l'expérience canadienne	Score 451 - 500	Note 451 - 500	13110
2019	2019	Ontario	Ontario	Canadian Experience Class	Catégorie de l'expérience canadienne	Score 501 - 600	Note 501 - 600	2125
2019	2019	Ontario	Ontario	Canadian Experience Class	Catégorie de l'expérience canadienne	Score 601 - 700	Note 601 - 700	95
2019	2019	Ontario	Ontario	Federal Skilled Trades	Métiers spécialisés	Score 301 - 350	Note 301 - 350	5
2019	2019	Ontario	Ontario	Federal Skilled Trades	Métiers spécialisés	Score 351 - 400	Note 351 - 400	15
2019	2019	Ontario	Ontario	Federal Skilled Trades	Métiers spécialisés	Score 401 - 450	Note 401 - 450	5
2019	2019	Ontario	Ontario	Federal Skilled Trades	Métiers spécialisés	Score 451 - 500	Note 451 - 500	--
2019	2019	Ontario	Ontario	Federal Skilled Worker	Travailleurs qualifiés	Score 301 - 350	Note 301 - 350	--
2019	2019	Ontario	Ontario	Federal Skilled Worker	Travailleurs qualifiés	Score 351 - 400	Note 351 - 400	25
2019	2019	Ontario	Ontario	Federal Skilled Worker	Travailleurs qualifiés	Score 401 - 450	Note 401 - 450	3110
2019	2019	Ontario	Ontario	Federal Skilled Worker	Travailleurs qualifiés	Score 451 - 500	Note 451 - 500	20375
2019	2019	Ontario	Ontario	Federal Skilled Worker	Travailleurs qualifiés	Score 501 - 600	Note 501 - 600	585
2019	2019	Ontario	Ontario	Federal Skilled Worker	Travailleurs qualifiés	Score 601 - 700	Note 601 - 700	10
2019	2019	Ontario	Ontario	Provincial Nominee Program	Candidats des provinces ou des territoires	Score 1001 - 1100	Note 1001 - 1100	1915
2019	2019	Ontario	Ontario	Provincial Nominee Program	Candidats des provinces ou des territoires	Score 601 - 700	Note 601 - 700	--
2019	2019	Ontario	Ontario	Provincial Nominee Program	Candidats des provinces ou des territoires	Score 701 - 800	Note 701 - 800	50
2019	2019	Ontario	Ontario	Provincial Nominee Program	Candidats des provinces ou des territoires	Score 801 - 900	Note 801 - 900	110
2019	2019	Ontario	Ontario	Provincial Nominee Program	Candidats des provinces ou des territoires	Score 901 - 1000	Note 901 - 1000	1055
2019	2019	Prince Edward Island	Île-du-Prince-Édouard	Canadian Experience Class	Catégorie de l'expérience canadienne	Score 401 - 450	Note 401 - 450	--
2019	2019	Prince Edward Island	Île-du-Prince-Édouard	Canadian Experience Class	Catégorie de l'expérience canadienne	Score 451 - 500	Note 451 - 500	30
2019	2019	Prince Edward Island	Île-du-Prince-Édouard	Canadian Experience Class	Catégorie de l'expérience canadienne	Score 501 - 600	Note 501 - 600	10
2019	2019	Prince Edward Island	Île-du-Prince-Édouard	Federal Skilled Worker	Travailleurs qualifiés	Score 401 - 450	Note 401 - 450	--
2019	2019	Prince Edward Island	Île-du-Prince-Édouard	Federal Skilled Worker	Travailleurs qualifiés	Score 451 - 500	Note 451 - 500	15
2019	2019	Prince Edward Island	Île-du-Prince-Édouard	Provincial Nominee Program	Candidats des provinces ou des territoires	Score 1001 - 1100	Note 1001 - 1100	30
2019	2019	Prince Edward Island	Île-du-Prince-Édouard	Provincial Nominee Program	Candidats des provinces ou des territoires	Score 701 - 800	Note 701 - 800	10
2019	2019	Prince Edward Island	Île-du-Prince-Édouard	Provincial Nominee Program	Candidats des provinces ou des territoires	Score 801 - 900	Note 801 - 900	45
2019	2019	Prince Edward Island	Île-du-Prince-Édouard	Provincial Nominee Program	Candidats des provinces ou des territoires	Score 901 - 1000	Note 901 - 1000	350
2019	2019	Province/Territory not stated	Province / territoire non déclaré(e)	Federal Skilled Worker	Travailleurs qualifiés	Score 401 - 450	Note 401 - 450	--
2019	2019	Saskatchewan	Saskatchewan	Canadian Experience Class	Catégorie de l'expérience canadienne	Score 351 - 400	Note 351 - 400	--
2019	2019	Saskatchewan	Saskatchewan	Canadian Experience Class	Catégorie de l'expérience canadienne	Score 401 - 450	Note 401 - 450	25
2019	2019	Saskatchewan	Saskatchewan	Canadian Experience Class	Catégorie de l'expérience canadienne	Score 451 - 500	Note 451 - 500	240
2019	2019	Saskatchewan	Saskatchewan	Canadian Experience Class	Catégorie de l'expérience canadienne	Score 501 - 600	Note 501 - 600	35
2019	2019	Saskatchewan	Saskatchewan	Canadian Experience Class	Catégorie de l'expérience canadienne	Score 601 - 700	Note 601 - 700	--
2019	2019	Saskatchewan	Saskatchewan	Federal Skilled Trades	Métiers spécialisés	Score 351 - 400	Note 351 - 400	--
2019	2019	Saskatchewan	Saskatchewan	Federal Skilled Worker	Travailleurs qualifiés	Score 401 - 450	Note 401 - 450	35
2019	2019	Saskatchewan	Saskatchewan	Federal Skilled Worker	Travailleurs qualifiés	Score 451 - 500	Note 451 - 500	200
2019	2019	Saskatchewan	Saskatchewan	Federal Skilled Worker	Travailleurs qualifiés	Score 501 - 600	Note 501 - 600	--
2019	2019	Saskatchewan	Saskatchewan	Provincial Nominee Program	Candidats des provinces ou des territoires	Score 1001 - 1100	Note 1001 - 1100	95
2019	2019	Saskatchewan	Saskatchewan	Provincial Nominee Program	Candidats des provinces ou des territoires	Score 801 - 900	Note 801 - 900	35
2019	2019	Saskatchewan	Saskatchewan	Provincial Nominee Program	Candidats des provinces ou des territoires	Score 901 - 1000	Note 901 - 1000	695
2019	2019	Yukon	Yukon	Canadian Experience Class	Catégorie de l'expérience canadienne	Score 451 - 500	Note 451 - 500	10
2019	2019	Yukon	Yukon	Canadian Experience Class	Catégorie de l'expérience canadienne	Score 501 - 600	Note 501 - 600	5
2019	2019	Yukon	Yukon	Federal Skilled Worker	Travailleurs qualifiés	Score 401 - 450	Note 401 - 450	--
2019	2019	Yukon	Yukon	Federal Skilled Worker	Travailleurs qualifiés	Score 451 - 500	Note 451 - 500	5
2019	2019	Yukon	Yukon	Federal Skilled Worker	Travailleurs qualifiés	Score 501 - 600	Note 501 - 600	--
2019	2019	Yukon	Yukon	Provincial Nominee Program	Candidats des provinces ou des territoires	Score 1001 - 1100	Note 1001 - 1100	--
2019	2019	Yukon	Yukon	Provincial Nominee Program	Candidats des provinces ou des territoires	Score 801 - 900	Note 801 - 900	--
2019	2019	Yukon	Yukon	Provincial Nominee Program	Candidats des provinces ou des territoires	Score 901 - 1000	Note 901 - 1000	10
2020	2020	Alberta	Alberta	Canadian Experience Class	Catégorie de l'expérience canadienne	Score 401 - 450	Note 401 - 450	285
2020	2020	Alberta	Alberta	Canadian Experience Class	Catégorie de l'expérience canadienne	Score 451 - 500	Note 451 - 500	1745
2020	2020	Alberta	Alberta	Canadian Experience Class	Catégorie de l'expérience canadienne	Score 501 - 600	Note 501 - 600	410
2020	2020	Alberta	Alberta	Canadian Experience Class	Catégorie de l'expérience canadienne	Score 601 - 700	Note 601 - 700	10
2020	2020	Alberta	Alberta	Federal Skilled Trades	Métiers spécialisés	Score 401 - 450	Note 401 - 450	10
2020	2020	Alberta	Alberta	Federal Skilled Trades	Métiers spécialisés	Score 451 - 500	Note 451 - 500	--
2020	2020	Alberta	Alberta	Federal Skilled Worker	Travailleurs qualifiés	Score 451 - 500	Note 451 - 500	1815
2020	2020	Alberta	Alberta	Federal Skilled Worker	Travailleurs qualifiés	Score 501 - 600	Note 501 - 600	90
2020	2020	Alberta	Alberta	Provincial Nominee Program	Candidats des provinces ou des territoires	Score 1001 - 1100	Note 1001 - 1100	600
2020	2020	Alberta	Alberta	Provincial Nominee Program	Candidats des provinces ou des territoires	Score 1101 - 1200	Note 1101 - 1200	--
2020	2020	Alberta	Alberta	Provincial Nominee Program	Candidats des provinces ou des territoires	Score 801 - 900	Note 801 - 900	200
2020	2020	Alberta	Alberta	Provincial Nominee Program	Candidats des provinces ou des territoires	Score 901 - 1000	Note 901 - 1000	1070
2020	2020	British Columbia	Colombie-Britannique	Canadian Experience Class	Catégorie de l'expérience canadienne	Score 401 - 450	Note 401 - 450	1515
2020	2020	British Columbia	Colombie-Britannique	Canadian Experience Class	Catégorie de l'expérience canadienne	Score 451 - 500	Note 451 - 500	7170
2020	2020	British Columbia	Colombie-Britannique	Canadian Experience Class	Catégorie de l'expérience canadienne	Score 501 - 600	Note 501 - 600	1470
2020	2020	British Columbia	Colombie-Britannique	Canadian Experience Class	Catégorie de l'expérience canadienne	Score 601 - 700	Note 601 - 700	40
2020	2020	British Columbia	Colombie-Britannique	Canadian Experience Class	Catégorie de l'expérience canadienne	Score 701 - 800	Note 701 - 800	--
2020	2020	British Columbia	Colombie-Britannique	Federal Skilled Trades	Métiers spécialisés	Score 401 - 450	Note 401 - 450	100
2020	2020	British Columbia	Colombie-Britannique	Federal Skilled Trades	Métiers spécialisés	Score 451 - 500	Note 451 - 500	20
2020	2020	British Columbia	Colombie-Britannique	Federal Skilled Worker	Travailleurs qualifiés	Score 451 - 500	Note 451 - 500	3300
2020	2020	British Columbia	Colombie-Britannique	Federal Skilled Worker	Travailleurs qualifiés	Score 501 - 600	Note 501 - 600	240
2020	2020	British Columbia	Colombie-Britannique	Federal Skilled Worker	Travailleurs qualifiés	Score 601 - 700	Note 601 - 700	5
2020	2020	British Columbia	Colombie-Britannique	Provincial Nominee Program	Candidats des provinces ou des territoires	Score 1001 - 1100	Note 1001 - 1100	960
2020	2020	British Columbia	Colombie-Britannique	Provincial Nominee Program	Candidats des provinces ou des territoires	Score 1101 - 1200	Note 1101 - 1200	10
2020	2020	British Columbia	Colombie-Britannique	Provincial Nominee Program	Candidats des provinces ou des territoires	Score 601 - 700	Note 601 - 700	5
2020	2020	British Columbia	Colombie-Britannique	Provincial Nominee Program	Candidats des provinces ou des territoires	Score 701 - 800	Note 701 - 800	65
2020	2020	British Columbia	Colombie-Britannique	Provincial Nominee Program	Candidats des provinces ou des territoires	Score 801 - 900	Note 801 - 900	495
2020	2020	British Columbia	Colombie-Britannique	Provincial Nominee Program	Candidats des provinces ou des territoires	Score 901 - 1000	Note 901 - 1000	1955
2020	2020	Manitoba	Manitoba	Canadian Experience Class	Catégorie de l'expérience canadienne	Score 401 - 450	Note 401 - 450	50
2020	2020	Manitoba	Manitoba	Canadian Experience Class	Catégorie de l'expérience canadienne	Score 451 - 500	Note 451 - 500	305
2020	2020	Manitoba	Manitoba	Canadian Experience Class	Catégorie de l'expérience canadienne	Score 501 - 600	Note 501 - 600	55
2020	2020	Manitoba	Manitoba	Canadian Experience Class	Catégorie de l'expérience canadienne	Score 601 - 700	Note 601 - 700	--
2020	2020	Manitoba	Manitoba	Federal Skilled Worker	Travailleurs qualifiés	Score 451 - 500	Note 451 - 500	300
2020	2020	Manitoba	Manitoba	Federal Skilled Worker	Travailleurs qualifiés	Score 501 - 600	Note 501 - 600	10
2020	2020	Manitoba	Manitoba	Provincial Nominee Program	Candidats des provinces ou des territoires	Score 1001 - 1100	Note 1001 - 1100	125
2020	2020	Manitoba	Manitoba	Provincial Nominee Program	Candidats des provinces ou des territoires	Score 701 - 800	Note 701 - 800	--
2020	2020	Manitoba	Manitoba	Provincial Nominee Program	Candidats des provinces ou des territoires	Score 801 - 900	Note 801 - 900	50
2020	2020	Manitoba	Manitoba	Provincial Nominee Program	Candidats des provinces ou des territoires	Score 901 - 1000	Note 901 - 1000	600
2020	2020	New Brunswick	Nouveau-Brunswick	Canadian Experience Class	Catégorie de l'expérience canadienne	Score 401 - 450	Note 401 - 450	25
2020	2020	New Brunswick	Nouveau-Brunswick	Canadian Experience Class	Catégorie de l'expérience canadienne	Score 451 - 500	Note 451 - 500	125
2020	2020	New Brunswick	Nouveau-Brunswick	Canadian Experience Class	Catégorie de l'expérience canadienne	Score 501 - 600	Note 501 - 600	40
2020	2020	New Brunswick	Nouveau-Brunswick	Federal Skilled Worker	Travailleurs qualifiés	Score 451 - 500	Note 451 - 500	110
2020	2020	New Brunswick	Nouveau-Brunswick	Federal Skilled Worker	Travailleurs qualifiés	Score 501 - 600	Note 501 - 600	10
2020	2020	New Brunswick	Nouveau-Brunswick	Provincial Nominee Program	Candidats des provinces ou des territoires	Score 1001 - 1100	Note 1001 - 1100	125
2020	2020	New Brunswick	Nouveau-Brunswick	Provincial Nominee Program	Candidats des provinces ou des territoires	Score 801 - 900	Note 801 - 900	15
2020	2020	New Brunswick	Nouveau-Brunswick	Provincial Nominee Program	Candidats des provinces ou des territoires	Score 901 - 1000	Note 901 - 1000	395
2020	2020	Newfoundland and Labrador	Terre-Neuve-et-Labrador	Canadian Experience Class	Catégorie de l'expérience canadienne	Score 401 - 450	Note 401 - 450	10
2020	2020	Newfoundland and Labrador	Terre-Neuve-et-Labrador	Canadian Experience Class	Catégorie de l'expérience canadienne	Score 451 - 500	Note 451 - 500	50
2020	2020	Newfoundland and Labrador	Terre-Neuve-et-Labrador	Canadian Experience Class	Catégorie de l'expérience canadienne	Score 501 - 600	Note 501 - 600	20
2020	2020	Newfoundland and Labrador	Terre-Neuve-et-Labrador	Canadian Experience Class	Catégorie de l'expérience canadienne	Score 601 - 700	Note 601 - 700	--
2020	2020	Newfoundland and Labrador	Terre-Neuve-et-Labrador	Federal Skilled Worker	Travailleurs qualifiés	Score 451 - 500	Note 451 - 500	30
2020	2020	Newfoundland and Labrador	Terre-Neuve-et-Labrador	Federal Skilled Worker	Travailleurs qualifiés	Score 501 - 600	Note 501 - 600	5
2020	2020	Newfoundland and Labrador	Terre-Neuve-et-Labrador	Provincial Nominee Program	Candidats des provinces ou des territoires	Score 1001 - 1100	Note 1001 - 1100	15
2020	2020	Newfoundland and Labrador	Terre-Neuve-et-Labrador	Provincial Nominee Program	Candidats des provinces ou des territoires	Score 1101 - 1200	Note 1101 - 1200	--
2020	2020	Newfoundland and Labrador	Terre-Neuve-et-Labrador	Provincial Nominee Program	Candidats des provinces ou des territoires	Score 801 - 900	Note 801 - 900	--
2020	2020	Newfoundland and Labrador	Terre-Neuve-et-Labrador	Provincial Nominee Program	Candidats des provinces ou des territoires	Score 901 - 1000	Note 901 - 1000	25
2020	2020	Northwest Territories	Territoires du Nord-Ouest	Canadian Experience Class	Catégorie de l'expérience canadienne	Score 401 - 450	Note 401 - 450	--
2020	2020	Northwest Territories	Territoires du Nord-Ouest	Canadian Experience Class	Catégorie de l'expérience canadienne	Score 451 - 500	Note 451 - 500	10
2020	2020	Northwest Territories	Territoires du Nord-Ouest	Canadian Experience Class	Catégorie de l'expérience canadienne	Score 501 - 600	Note 501 - 600	--
2020	2020	Northwest Territories	Territoires du Nord-Ouest	Federal Skilled Worker	Travailleurs qualifiés	Score 451 - 500	Note 451 - 500	--
2020	2020	Northwest Territories	Territoires du Nord-Ouest	Provincial Nominee Program	Candidats des provinces ou des territoires	Score 1001 - 1100	Note 1001 - 1100	--
2020	2020	Northwest Territories	Territoires du Nord-Ouest	Provincial Nominee Program	Candidats des provinces ou des territoires	Score 701 - 800	Note 701 - 800	--
2020	2020	Northwest Territories	Territoires du Nord-Ouest	Provincial Nominee Program	Candidats des provinces ou des territoires	Score 801 - 900	Note 801 - 900	--
2020	2020	Northwest Territories	Territoires du Nord-Ouest	Provincial Nominee Program	Candidats des provinces ou des territoires	Score 901 - 1000	Note 901 - 1000	10
2020	2020	Nova Scotia	Nouvelle-Écosse	Canadian Experience Class	Catégorie de l'expérience canadienne	Score 401 - 450	Note 401 - 450	25
2020	2020	Nova Scotia	Nouvelle-Écosse	Canadian Experience Class	Catégorie de l'expérience canadienne	Score 451 - 500	Note 451 - 500	230
2020	2020	Nova Scotia	Nouvelle-Écosse	Canadian Experience Class	Catégorie de l'expérience canadienne	Score 501 - 600	Note 501 - 600	80
2020	2020	Nova Scotia	Nouvelle-Écosse	Canadian Experience Class	Catégorie de l'expérience canadienne	Score 601 - 700	Note 601 - 700	--
2020	2020	Nova Scotia	Nouvelle-Écosse	Federal Skilled Worker	Travailleurs qualifiés	Score 451 - 500	Note 451 - 500	110
2020	2020	Nova Scotia	Nouvelle-Écosse	Federal Skilled Worker	Travailleurs qualifiés	Score 501 - 600	Note 501 - 600	15
2020	2020	Nova Scotia	Nouvelle-Écosse	Provincial Nominee Program	Candidats des provinces ou des territoires	Score 1001 - 1100	Note 1001 - 1100	365
2020	2020	Nova Scotia	Nouvelle-Écosse	Provincial Nominee Program	Candidats des provinces ou des territoires	Score 1101 - 1200	Note 1101 - 1200	--
2020	2020	Nova Scotia	Nouvelle-Écosse	Provincial Nominee Program	Candidats des provinces ou des territoires	Score 701 - 800	Note 701 - 800	5
2020	2020	Nova Scotia	Nouvelle-Écosse	Provincial Nominee Program	Candidats des provinces ou des territoires	Score 801 - 900	Note 801 - 900	75
2020	2020	Nova Scotia	Nouvelle-Écosse	Provincial Nominee Program	Candidats des provinces ou des territoires	Score 901 - 1000	Note 901 - 1000	800
2020	2020	Nunavut	Nunavut	Canadian Experience Class	Catégorie de l'expérience canadienne	Score 401 - 450	Note 401 - 450	--
2020	2020	Nunavut	Nunavut	Canadian Experience Class	Catégorie de l'expérience canadienne	Score 451 - 500	Note 451 - 500	--
2020	2020	Nunavut	Nunavut	Federal Skilled Trades	Métiers spécialisés	Score 401 - 450	Note 401 - 450	--
2020	2020	Nunavut	Nunavut	Federal Skilled Worker	Travailleurs qualifiés	Score 451 - 500	Note 451 - 500	--
2020	2020	Ontario	Ontario	Canadian Experience Class	Catégorie de l'expérience canadienne	Score 401 - 450	Note 401 - 450	4710
2020	2020	Ontario	Ontario	Canadian Experience Class	Catégorie de l'expérience canadienne	Score 451 - 500	Note 451 - 500	22310
2020	2020	Ontario	Ontario	Canadian Experience Class	Catégorie de l'expérience canadienne	Score 501 - 600	Note 501 - 600	3370
2020	2020	Ontario	Ontario	Canadian Experience Class	Catégorie de l'expérience canadienne	Score 601 - 700	Note 601 - 700	125
2020	2020	Ontario	Ontario	Canadian Experience Class	Catégorie de l'expérience canadienne	Score 701 - 800	Note 701 - 800	5
2020	2020	Ontario	Ontario	Federal Skilled Trades	Métiers spécialisés	Score 401 - 450	Note 401 - 450	60
2020	2020	Ontario	Ontario	Federal Skilled Trades	Métiers spécialisés	Score 451 - 500	Note 451 - 500	5
2020	2020	Ontario	Ontario	Federal Skilled Worker	Travailleurs qualifiés	Score 451 - 500	Note 451 - 500	14885
2020	2020	Ontario	Ontario	Federal Skilled Worker	Travailleurs qualifiés	Score 501 - 600	Note 501 - 600	1055
2020	2020	Ontario	Ontario	Federal Skilled Worker	Travailleurs qualifiés	Score 601 - 700	Note 601 - 700	--
2020	2020	Ontario	Ontario	Provincial Nominee Program	Candidats des provinces ou des territoires	Score 1001 - 1100	Note 1001 - 1100	3505
2020	2020	Ontario	Ontario	Provincial Nominee Program	Candidats des provinces ou des territoires	Score 601 - 700	Note 601 - 700	--
2020	2020	Ontario	Ontario	Provincial Nominee Program	Candidats des provinces ou des territoires	Score 701 - 800	Note 701 - 800	15
2020	2020	Ontario	Ontario	Provincial Nominee Program	Candidats des provinces ou des territoires	Score 801 - 900	Note 801 - 900	30
2020	2020	Ontario	Ontario	Provincial Nominee Program	Candidats des provinces ou des territoires	Score 901 - 1000	Note 901 - 1000	670
2020	2020	Prince Edward Island	Île-du-Prince-Édouard	Canadian Experience Class	Catégorie de l'expérience canadienne	Score 401 - 450	Note 401 - 450	20
2020	2020	Prince Edward Island	Île-du-Prince-Édouard	Canadian Experience Class	Catégorie de l'expérience canadienne	Score 451 - 500	Note 451 - 500	40
2020	2020	Prince Edward Island	Île-du-Prince-Édouard	Canadian Experience Class	Catégorie de l'expérience canadienne	Score 501 - 600	Note 501 - 600	5
2020	2020	Prince Edward Island	Île-du-Prince-Édouard	Federal Skilled Worker	Travailleurs qualifiés	Score 451 - 500	Note 451 - 500	5
2020	2020	Prince Edward Island	Île-du-Prince-Édouard	Federal Skilled Worker	Travailleurs qualifiés	Score 501 - 600	Note 501 - 600	--
2020	2020	Prince Edward Island	Île-du-Prince-Édouard	Provincial Nominee Program	Candidats des provinces ou des territoires	Score 1001 - 1100	Note 1001 - 1100	55
2020	2020	Prince Edward Island	Île-du-Prince-Édouard	Provincial Nominee Program	Candidats des provinces ou des territoires	Score 601 - 700	Note 601 - 700	--
2020	2020	Prince Edward Island	Île-du-Prince-Édouard	Provincial Nominee Program	Candidats des provinces ou des territoires	Score 701 - 800	Note 701 - 800	--
2020	2020	Prince Edward Island	Île-du-Prince-Édouard	Provincial Nominee Program	Candidats des provinces ou des territoires	Score 801 - 900	Note 801 - 900	15
2020	2020	Prince Edward Island	Île-du-Prince-Édouard	Provincial Nominee Program	Candidats des provinces ou des territoires	Score 901 - 1000	Note 901 - 1000	310
2020	2020	Saskatchewan	Saskatchewan	Canadian Experience Class	Catégorie de l'expérience canadienne	Score 401 - 450	Note 401 - 450	60
2020	2020	Saskatchewan	Saskatchewan	Canadian Experience Class	Catégorie de l'expérience canadienne	Score 451 - 500	Note 451 - 500	280
2020	2020	Saskatchewan	Saskatchewan	Canadian Experience Class	Catégorie de l'expérience canadienne	Score 501 - 600	Note 501 - 600	25
2020	2020	Saskatchewan	Saskatchewan	Canadian Experience Class	Catégorie de l'expérience canadienne	Score 601 - 700	Note 601 - 700	--
2020	2020	Saskatchewan	Saskatchewan	Federal Skilled Worker	Travailleurs qualifiés	Score 451 - 500	Note 451 - 500	145
2020	2020	Saskatchewan	Saskatchewan	Federal Skilled Worker	Travailleurs qualifiés	Score 501 - 600	Note 501 - 600	10
2020	2020	Saskatchewan	Saskatchewan	Provincial Nominee Program	Candidats des provinces ou des territoires	Score 1001 - 1100	Note 1001 - 1100	385
2020	2020	Saskatchewan	Saskatchewan	Provincial Nominee Program	Candidats des provinces ou des territoires	Score 801 - 900	Note 801 - 900	45
2020	2020	Saskatchewan	Saskatchewan	Provincial Nominee Program	Candidats des provinces ou des territoires	Score 901 - 1000	Note 901 - 1000	1110
2020	2020	Yukon	Yukon	Canadian Experience Class	Catégorie de l'expérience canadienne	Score 401 - 450	Note 401 - 450	5
2020	2020	Yukon	Yukon	Canadian Experience Class	Catégorie de l'expérience canadienne	Score 451 - 500	Note 451 - 500	15
2020	2020	Yukon	Yukon	Canadian Experience Class	Catégorie de l'expérience canadienne	Score 501 - 600	Note 501 - 600	5
2020	2020	Yukon	Yukon	Federal Skilled Worker	Travailleurs qualifiés	Score 451 - 500	Note 451 - 500	10
2020	2020	Yukon	Yukon	Federal Skilled Worker	Travailleurs qualifiés	Score 501 - 600	Note 501 - 600	--
2020	2020	Yukon	Yukon	Provincial Nominee Program	Candidats des provinces ou des territoires	Score 801 - 900	Note 801 - 900	--
2020	2020	Yukon	Yukon	Provincial Nominee Program	Candidats des provinces ou des territoires	Score 901 - 1000	Note 901 - 1000	5
2021	2021	Alberta	Alberta	Canadian Experience Class	Catégorie de l'expérience canadienne	Score 101 - 150	Note 101 - 150	--
2021	2021	Alberta	Alberta	Canadian Experience Class	Catégorie de l'expérience canadienne	Score 151 - 200	Note 151 - 200	25
2021	2021	Alberta	Alberta	Canadian Experience Class	Catégorie de l'expérience canadienne	Score 201 - 250	Note 201 - 250	65
2021	2021	Alberta	Alberta	Canadian Experience Class	Catégorie de l'expérience canadienne	Score 251 - 300	Note 251 - 300	115
2021	2021	Alberta	Alberta	Canadian Experience Class	Catégorie de l'expérience canadienne	Score 301 - 350	Note 301 - 350	315
2021	2021	Alberta	Alberta	Canadian Experience Class	Catégorie de l'expérience canadienne	Score 351 - 400	Note 351 - 400	1385
2021	2021	Alberta	Alberta	Canadian Experience Class	Catégorie de l'expérience canadienne	Score 401 - 450	Note 401 - 450	1880
2021	2021	Alberta	Alberta	Canadian Experience Class	Catégorie de l'expérience canadienne	Score 451 - 500	Note 451 - 500	1660
2021	2021	Alberta	Alberta	Canadian Experience Class	Catégorie de l'expérience canadienne	Score 501 - 600	Note 501 - 600	350
2021	2021	Alberta	Alberta	Canadian Experience Class	Catégorie de l'expérience canadienne	Score 601 - 700	Note 601 - 700	10
2021	2021	Alberta	Alberta	Canadian Experience Class	Catégorie de l'expérience canadienne	Score 701 - 800	Note 701 - 800	--
2021	2021	Alberta	Alberta	Federal Skilled Worker	Travailleurs qualifiés	Score 451 - 500	Note 451 - 500	630
2021	2021	Alberta	Alberta	Federal Skilled Worker	Travailleurs qualifiés	Score 501 - 600	Note 501 - 600	35
2021	2021	Alberta	Alberta	Federal Skilled Worker	Travailleurs qualifiés	Score 601 - 700	Note 601 - 700	--
2021	2021	Alberta	Alberta	Provincial Nominee Program	Candidats des provinces ou des territoires	Score 1001 - 1100	Note 1001 - 1100	520
2021	2021	Alberta	Alberta	Provincial Nominee Program	Candidats des provinces ou des territoires	Score 1101 - 1200	Note 1101 - 1200	--
2021	2021	Alberta	Alberta	Provincial Nominee Program	Candidats des provinces ou des territoires	Score 801 - 900	Note 801 - 900	345
2021	2021	Alberta	Alberta	Provincial Nominee Program	Candidats des provinces ou des territoires	Score 901 - 1000	Note 901 - 1000	890
2021	2021	British Columbia	Colombie-Britannique	Canadian Experience Class	Catégorie de l'expérience canadienne	Score 101 - 150	Note 101 - 150	10
2021	2021	British Columbia	Colombie-Britannique	Canadian Experience Class	Catégorie de l'expérience canadienne	Score 151 - 200	Note 151 - 200	35
2021	2021	British Columbia	Colombie-Britannique	Canadian Experience Class	Catégorie de l'expérience canadienne	Score 201 - 250	Note 201 - 250	100
2021	2021	British Columbia	Colombie-Britannique	Canadian Experience Class	Catégorie de l'expérience canadienne	Score 251 - 300	Note 251 - 300	290
2021	2021	British Columbia	Colombie-Britannique	Canadian Experience Class	Catégorie de l'expérience canadienne	Score 301 - 350	Note 301 - 350	490
2021	2021	British Columbia	Colombie-Britannique	Canadian Experience Class	Catégorie de l'expérience canadienne	Score 351 - 400	Note 351 - 400	4140
2021	2021	British Columbia	Colombie-Britannique	Canadian Experience Class	Catégorie de l'expérience canadienne	Score 401 - 450	Note 401 - 450	7245
2021	2021	British Columbia	Colombie-Britannique	Canadian Experience Class	Catégorie de l'expérience canadienne	Score 451 - 500	Note 451 - 500	6845
2021	2021	British Columbia	Colombie-Britannique	Canadian Experience Class	Catégorie de l'expérience canadienne	Score 501 - 600	Note 501 - 600	1315
2021	2021	British Columbia	Colombie-Britannique	Canadian Experience Class	Catégorie de l'expérience canadienne	Score 51 - 100	Note 51 - 100	--
2021	2021	British Columbia	Colombie-Britannique	Canadian Experience Class	Catégorie de l'expérience canadienne	Score 601 - 700	Note 601 - 700	20
2021	2021	British Columbia	Colombie-Britannique	Canadian Experience Class	Catégorie de l'expérience canadienne	Score 701 - 800	Note 701 - 800	--
2021	2021	British Columbia	Colombie-Britannique	Federal Skilled Worker	Travailleurs qualifiés	Score 451 - 500	Note 451 - 500	1190
2021	2021	British Columbia	Colombie-Britannique	Federal Skilled Worker	Travailleurs qualifiés	Score 501 - 600	Note 501 - 600	75
2021	2021	British Columbia	Colombie-Britannique	Federal Skilled Worker	Travailleurs qualifiés	Score 601 - 700	Note 601 - 700	--
2021	2021	British Columbia	Colombie-Britannique	Provincial Nominee Program	Candidats des provinces ou des territoires	Score 1001 - 1100	Note 1001 - 1100	620
2021	2021	British Columbia	Colombie-Britannique	Provincial Nominee Program	Candidats des provinces ou des territoires	Score 1101 - 1200	Note 1101 - 1200	10
2021	2021	British Columbia	Colombie-Britannique	Provincial Nominee Program	Candidats des provinces ou des territoires	Score 601 - 700	Note 601 - 700	--
2021	2021	British Columbia	Colombie-Britannique	Provincial Nominee Program	Candidats des provinces ou des territoires	Score 701 - 800	Note 701 - 800	90
2021	2021	British Columbia	Colombie-Britannique	Provincial Nominee Program	Candidats des provinces ou des territoires	Score 801 - 900	Note 801 - 900	690
2021	2021	British Columbia	Colombie-Britannique	Provincial Nominee Program	Candidats des provinces ou des territoires	Score 901 - 1000	Note 901 - 1000	1680
2021	2021	Manitoba	Manitoba	Canadian Experience Class	Catégorie de l'expérience canadienne	Score 151 - 200	Note 151 - 200	--
2021	2021	Manitoba	Manitoba	Canadian Experience Class	Catégorie de l'expérience canadienne	Score 201 - 250	Note 201 - 250	--
2021	2021	Manitoba	Manitoba	Canadian Experience Class	Catégorie de l'expérience canadienne	Score 251 - 300	Note 251 - 300	--
2021	2021	Manitoba	Manitoba	Canadian Experience Class	Catégorie de l'expérience canadienne	Score 301 - 350	Note 301 - 350	10
2021	2021	Manitoba	Manitoba	Canadian Experience Class	Catégorie de l'expérience canadienne	Score 351 - 400	Note 351 - 400	280
2021	2021	Manitoba	Manitoba	Canadian Experience Class	Catégorie de l'expérience canadienne	Score 401 - 450	Note 401 - 450	335
2021	2021	Manitoba	Manitoba	Canadian Experience Class	Catégorie de l'expérience canadienne	Score 451 - 500	Note 451 - 500	240
2021	2021	Manitoba	Manitoba	Canadian Experience Class	Catégorie de l'expérience canadienne	Score 501 - 600	Note 501 - 600	50
2021	2021	Manitoba	Manitoba	Federal Skilled Worker	Travailleurs qualifiés	Score 451 - 500	Note 451 - 500	90
2021	2021	Manitoba	Manitoba	Federal Skilled Worker	Travailleurs qualifiés	Score 501 - 600	Note 501 - 600	--
2021	2021	Manitoba	Manitoba	Provincial Nominee Program	Candidats des provinces ou des territoires	Score 1001 - 1100	Note 1001 - 1100	145
2021	2021	Manitoba	Manitoba	Provincial Nominee Program	Candidats des provinces ou des territoires	Score 1101 - 1200	Note 1101 - 1200	--
2021	2021	Manitoba	Manitoba	Provincial Nominee Program	Candidats des provinces ou des territoires	Score 801 - 900	Note 801 - 900	105
2021	2021	Manitoba	Manitoba	Provincial Nominee Program	Candidats des provinces ou des territoires	Score 901 - 1000	Note 901 - 1000	665
2021	2021	New Brunswick	Nouveau-Brunswick	Canadian Experience Class	Catégorie de l'expérience canadienne	Score 251 - 300	Note 251 - 300	--
2021	2021	New Brunswick	Nouveau-Brunswick	Canadian Experience Class	Catégorie de l'expérience canadienne	Score 301 - 350	Note 301 - 350	5
2021	2021	New Brunswick	Nouveau-Brunswick	Canadian Experience Class	Catégorie de l'expérience canadienne	Score 351 - 400	Note 351 - 400	195
2021	2021	New Brunswick	Nouveau-Brunswick	Canadian Experience Class	Catégorie de l'expérience canadienne	Score 401 - 450	Note 401 - 450	185
2021	2021	New Brunswick	Nouveau-Brunswick	Canadian Experience Class	Catégorie de l'expérience canadienne	Score 451 - 500	Note 451 - 500	165
2021	2021	New Brunswick	Nouveau-Brunswick	Canadian Experience Class	Catégorie de l'expérience canadienne	Score 501 - 600	Note 501 - 600	35
2021	2021	New Brunswick	Nouveau-Brunswick	Federal Skilled Worker	Travailleurs qualifiés	Score 451 - 500	Note 451 - 500	75
2021	2021	New Brunswick	Nouveau-Brunswick	Federal Skilled Worker	Travailleurs qualifiés	Score 501 - 600	Note 501 - 600	10
2021	2021	New Brunswick	Nouveau-Brunswick	Provincial Nominee Program	Candidats des provinces ou des territoires	Score 1001 - 1100	Note 1001 - 1100	180
2021	2021	New Brunswick	Nouveau-Brunswick	Provincial Nominee Program	Candidats des provinces ou des territoires	Score 801 - 900	Note 801 - 900	10
2021	2021	New Brunswick	Nouveau-Brunswick	Provincial Nominee Program	Candidats des provinces ou des territoires	Score 901 - 1000	Note 901 - 1000	610
2021	2021	Newfoundland and Labrador	Terre-Neuve-et-Labrador	Canadian Experience Class	Catégorie de l'expérience canadienne	Score 301 - 350	Note 301 - 350	--
2021	2021	Newfoundland and Labrador	Terre-Neuve-et-Labrador	Canadian Experience Class	Catégorie de l'expérience canadienne	Score 351 - 400	Note 351 - 400	65
2021	2021	Newfoundland and Labrador	Terre-Neuve-et-Labrador	Canadian Experience Class	Catégorie de l'expérience canadienne	Score 401 - 450	Note 401 - 450	60
2021	2021	Newfoundland and Labrador	Terre-Neuve-et-Labrador	Canadian Experience Class	Catégorie de l'expérience canadienne	Score 451 - 500	Note 451 - 500	75
2021	2021	Newfoundland and Labrador	Terre-Neuve-et-Labrador	Canadian Experience Class	Catégorie de l'expérience canadienne	Score 501 - 600	Note 501 - 600	25
2021	2021	Newfoundland and Labrador	Terre-Neuve-et-Labrador	Federal Skilled Worker	Travailleurs qualifiés	Score 451 - 500	Note 451 - 500	10
2021	2021	Newfoundland and Labrador	Terre-Neuve-et-Labrador	Federal Skilled Worker	Travailleurs qualifiés	Score 501 - 600	Note 501 - 600	--
2021	2021	Newfoundland and Labrador	Terre-Neuve-et-Labrador	Provincial Nominee Program	Candidats des provinces ou des territoires	Score 1001 - 1100	Note 1001 - 1100	5
2021	2021	Newfoundland and Labrador	Terre-Neuve-et-Labrador	Provincial Nominee Program	Candidats des provinces ou des territoires	Score 801 - 900	Note 801 - 900	5
2021	2021	Newfoundland and Labrador	Terre-Neuve-et-Labrador	Provincial Nominee Program	Candidats des provinces ou des territoires	Score 901 - 1000	Note 901 - 1000	35
2021	2021	Northwest Territories	Territoires du Nord-Ouest	Canadian Experience Class	Catégorie de l'expérience canadienne	Score 251 - 300	Note 251 - 300	--
2021	2021	Northwest Territories	Territoires du Nord-Ouest	Canadian Experience Class	Catégorie de l'expérience canadienne	Score 301 - 350	Note 301 - 350	--
2021	2021	Northwest Territories	Territoires du Nord-Ouest	Canadian Experience Class	Catégorie de l'expérience canadienne	Score 351 - 400	Note 351 - 400	15
2021	2021	Northwest Territories	Territoires du Nord-Ouest	Canadian Experience Class	Catégorie de l'expérience canadienne	Score 401 - 450	Note 401 - 450	15
2021	2021	Northwest Territories	Territoires du Nord-Ouest	Canadian Experience Class	Catégorie de l'expérience canadienne	Score 451 - 500	Note 451 - 500	15
2021	2021	Northwest Territories	Territoires du Nord-Ouest	Canadian Experience Class	Catégorie de l'expérience canadienne	Score 501 - 600	Note 501 - 600	--
2021	2021	Northwest Territories	Territoires du Nord-Ouest	Federal Skilled Worker	Travailleurs qualifiés	Score 451 - 500	Note 451 - 500	--
2021	2021	Northwest Territories	Territoires du Nord-Ouest	Federal Skilled Worker	Travailleurs qualifiés	Score 501 - 600	Note 501 - 600	--
2021	2021	Northwest Territories	Territoires du Nord-Ouest	Provincial Nominee Program	Candidats des provinces ou des territoires	Score 701 - 800	Note 701 - 800	--
2021	2021	Northwest Territories	Territoires du Nord-Ouest	Provincial Nominee Program	Candidats des provinces ou des territoires	Score 801 - 900	Note 801 - 900	--
2021	2021	Northwest Territories	Territoires du Nord-Ouest	Provincial Nominee Program	Candidats des provinces ou des territoires	Score 901 - 1000	Note 901 - 1000	--
2021	2021	Nova Scotia	Nouvelle-Écosse	Canadian Experience Class	Catégorie de l'expérience canadienne	Score 151 - 200	Note 151 - 200	--
2021	2021	Nova Scotia	Nouvelle-Écosse	Canadian Experience Class	Catégorie de l'expérience canadienne	Score 201 - 250	Note 201 - 250	10
2021	2021	Nova Scotia	Nouvelle-Écosse	Canadian Experience Class	Catégorie de l'expérience canadienne	Score 251 - 300	Note 251 - 300	20
2021	2021	Nova Scotia	Nouvelle-Écosse	Canadian Experience Class	Catégorie de l'expérience canadienne	Score 301 - 350	Note 301 - 350	70
2021	2021	Nova Scotia	Nouvelle-Écosse	Canadian Experience Class	Catégorie de l'expérience canadienne	Score 351 - 400	Note 351 - 400	520
2021	2021	Nova Scotia	Nouvelle-Écosse	Canadian Experience Class	Catégorie de l'expérience canadienne	Score 401 - 450	Note 401 - 450	450
2021	2021	Nova Scotia	Nouvelle-Écosse	Canadian Experience Class	Catégorie de l'expérience canadienne	Score 451 - 500	Note 451 - 500	375
2021	2021	Nova Scotia	Nouvelle-Écosse	Canadian Experience Class	Catégorie de l'expérience canadienne	Score 501 - 600	Note 501 - 600	85
2021	2021	Nova Scotia	Nouvelle-Écosse	Canadian Experience Class	Catégorie de l'expérience canadienne	Score 601 - 700	Note 601 - 700	--
2021	2021	Nova Scotia	Nouvelle-Écosse	Federal Skilled Worker	Travailleurs qualifiés	Score 451 - 500	Note 451 - 500	45
2021	2021	Nova Scotia	Nouvelle-Écosse	Federal Skilled Worker	Travailleurs qualifiés	Score 501 - 600	Note 501 - 600	5
2021	2021	Nova Scotia	Nouvelle-Écosse	Provincial Nominee Program	Candidats des provinces ou des territoires	Score 1001 - 1100	Note 1001 - 1100	430
2021	2021	Nova Scotia	Nouvelle-Écosse	Provincial Nominee Program	Candidats des provinces ou des territoires	Score 1101 - 1200	Note 1101 - 1200	--
2021	2021	Nova Scotia	Nouvelle-Écosse	Provincial Nominee Program	Candidats des provinces ou des territoires	Score 701 - 800	Note 701 - 800	15
2021	2021	Nova Scotia	Nouvelle-Écosse	Provincial Nominee Program	Candidats des provinces ou des territoires	Score 801 - 900	Note 801 - 900	125
2021	2021	Nova Scotia	Nouvelle-Écosse	Provincial Nominee Program	Candidats des provinces ou des territoires	Score 901 - 1000	Note 901 - 1000	970
2021	2021	Nunavut	Nunavut	Canadian Experience Class	Catégorie de l'expérience canadienne	Score 401 - 450	Note 401 - 450	5
2021	2021	Nunavut	Nunavut	Canadian Experience Class	Catégorie de l'expérience canadienne	Score 451 - 500	Note 451 - 500	5
2021	2021	Nunavut	Nunavut	Canadian Experience Class	Catégorie de l'expérience canadienne	Score 501 - 600	Note 501 - 600	--
2021	2021	Ontario	Ontario	Canadian Experience Class	Catégorie de l'expérience canadienne	Score 101 - 150	Note 101 - 150	5
2021	2021	Ontario	Ontario	Canadian Experience Class	Catégorie de l'expérience canadienne	Score 151 - 200	Note 151 - 200	30
2021	2021	Ontario	Ontario	Canadian Experience Class	Catégorie de l'expérience canadienne	Score 201 - 250	Note 201 - 250	90
2021	2021	Ontario	Ontario	Canadian Experience Class	Catégorie de l'expérience canadienne	Score 251 - 300	Note 251 - 300	200
2021	2021	Ontario	Ontario	Canadian Experience Class	Catégorie de l'expérience canadienne	Score 301 - 350	Note 301 - 350	530
2021	2021	Ontario	Ontario	Canadian Experience Class	Catégorie de l'expérience canadienne	Score 351 - 400	Note 351 - 400	8560
2021	2021	Ontario	Ontario	Canadian Experience Class	Catégorie de l'expérience canadienne	Score 401 - 450	Note 401 - 450	20875
2021	2021	Ontario	Ontario	Canadian Experience Class	Catégorie de l'expérience canadienne	Score 451 - 500	Note 451 - 500	21235
2021	2021	Ontario	Ontario	Canadian Experience Class	Catégorie de l'expérience canadienne	Score 501 - 600	Note 501 - 600	3080
2021	2021	Ontario	Ontario	Canadian Experience Class	Catégorie de l'expérience canadienne	Score 51 - 100	Note 51 - 100	--
2021	2021	Ontario	Ontario	Canadian Experience Class	Catégorie de l'expérience canadienne	Score 601 - 700	Note 601 - 700	85
2021	2021	Ontario	Ontario	Canadian Experience Class	Catégorie de l'expérience canadienne	Score 701 - 800	Note 701 - 800	--
2021	2021	Ontario	Ontario	Federal Skilled Worker	Travailleurs qualifiés	Score 451 - 500	Note 451 - 500	5955
2021	2021	Ontario	Ontario	Federal Skilled Worker	Travailleurs qualifiés	Score 501 - 600	Note 501 - 600	430
2021	2021	Ontario	Ontario	Federal Skilled Worker	Travailleurs qualifiés	Score 601 - 700	Note 601 - 700	5
2021	2021	Ontario	Ontario	Not Stated	Non Déclaré	Score 501 - 600	Note 501 - 600	--
2021	2021	Ontario	Ontario	Provincial Nominee Program	Candidats des provinces ou des territoires	Score 1001 - 1100	Note 1001 - 1100	3880
2021	2021	Ontario	Ontario	Provincial Nominee Program	Candidats des provinces ou des territoires	Score 1101 - 1200	Note 1101 - 1200	--
2021	2021	Ontario	Ontario	Provincial Nominee Program	Candidats des provinces ou des territoires	Score 801 - 900	Note 801 - 900	50
2021	2021	Ontario	Ontario	Provincial Nominee Program	Candidats des provinces ou des territoires	Score 901 - 1000	Note 901 - 1000	300
2021	2021	Prince Edward Island	Île-du-Prince-Édouard	Canadian Experience Class	Catégorie de l'expérience canadienne	Score 101 - 150	Note 101 - 150	--
2021	2021	Prince Edward Island	Île-du-Prince-Édouard	Canadian Experience Class	Catégorie de l'expérience canadienne	Score 151 - 200	Note 151 - 200	--
2021	2021	Prince Edward Island	Île-du-Prince-Édouard	Canadian Experience Class	Catégorie de l'expérience canadienne	Score 201 - 250	Note 201 - 250	--
2021	2021	Prince Edward Island	Île-du-Prince-Édouard	Canadian Experience Class	Catégorie de l'expérience canadienne	Score 251 - 300	Note 251 - 300	10
2021	2021	Prince Edward Island	Île-du-Prince-Édouard	Canadian Experience Class	Catégorie de l'expérience canadienne	Score 301 - 350	Note 301 - 350	90
2021	2021	Prince Edward Island	Île-du-Prince-Édouard	Canadian Experience Class	Catégorie de l'expérience canadienne	Score 351 - 400	Note 351 - 400	205
2021	2021	Prince Edward Island	Île-du-Prince-Édouard	Canadian Experience Class	Catégorie de l'expérience canadienne	Score 401 - 450	Note 401 - 450	120
2021	2021	Prince Edward Island	Île-du-Prince-Édouard	Canadian Experience Class	Catégorie de l'expérience canadienne	Score 451 - 500	Note 451 - 500	45
2021	2021	Prince Edward Island	Île-du-Prince-Édouard	Canadian Experience Class	Catégorie de l'expérience canadienne	Score 501 - 600	Note 501 - 600	10
2021	2021	Prince Edward Island	Île-du-Prince-Édouard	Federal Skilled Worker	Travailleurs qualifiés	Score 451 - 500	Note 451 - 500	5
2021	2021	Prince Edward Island	Île-du-Prince-Édouard	Provincial Nominee Program	Candidats des provinces ou des territoires	Score 1001 - 1100	Note 1001 - 1100	20
2021	2021	Prince Edward Island	Île-du-Prince-Édouard	Provincial Nominee Program	Candidats des provinces ou des territoires	Score 801 - 900	Note 801 - 900	20
2021	2021	Prince Edward Island	Île-du-Prince-Édouard	Provincial Nominee Program	Candidats des provinces ou des territoires	Score 901 - 1000	Note 901 - 1000	220
2021	2021	Province/Territory not stated	Province / territoire non déclaré(e)	Canadian Experience Class	Catégorie de l'expérience canadienne	Score 451 - 500	Note 451 - 500	--
2021	2021	Saskatchewan	Saskatchewan	Canadian Experience Class	Catégorie de l'expérience canadienne	Score 101 - 150	Note 101 - 150	--
2021	2021	Saskatchewan	Saskatchewan	Canadian Experience Class	Catégorie de l'expérience canadienne	Score 151 - 200	Note 151 - 200	--
2021	2021	Saskatchewan	Saskatchewan	Canadian Experience Class	Catégorie de l'expérience canadienne	Score 201 - 250	Note 201 - 250	--
2021	2021	Saskatchewan	Saskatchewan	Canadian Experience Class	Catégorie de l'expérience canadienne	Score 251 - 300	Note 251 - 300	5
2021	2021	Saskatchewan	Saskatchewan	Canadian Experience Class	Catégorie de l'expérience canadienne	Score 301 - 350	Note 301 - 350	10
2021	2021	Saskatchewan	Saskatchewan	Canadian Experience Class	Catégorie de l'expérience canadienne	Score 351 - 400	Note 351 - 400	210
2021	2021	Saskatchewan	Saskatchewan	Canadian Experience Class	Catégorie de l'expérience canadienne	Score 401 - 450	Note 401 - 450	305
2021	2021	Saskatchewan	Saskatchewan	Canadian Experience Class	Catégorie de l'expérience canadienne	Score 451 - 500	Note 451 - 500	260
2021	2021	Saskatchewan	Saskatchewan	Canadian Experience Class	Catégorie de l'expérience canadienne	Score 501 - 600	Note 501 - 600	45
2021	2021	Saskatchewan	Saskatchewan	Canadian Experience Class	Catégorie de l'expérience canadienne	Score 601 - 700	Note 601 - 700	--
2021	2021	Saskatchewan	Saskatchewan	Federal Skilled Worker	Travailleurs qualifiés	Score 451 - 500	Note 451 - 500	85
2021	2021	Saskatchewan	Saskatchewan	Federal Skilled Worker	Travailleurs qualifiés	Score 501 - 600	Note 501 - 600	--
2021	2021	Saskatchewan	Saskatchewan	Provincial Nominee Program	Candidats des provinces ou des territoires	Score 1001 - 1100	Note 1001 - 1100	265
2021	2021	Saskatchewan	Saskatchewan	Provincial Nominee Program	Candidats des provinces ou des territoires	Score 801 - 900	Note 801 - 900	100
2021	2021	Saskatchewan	Saskatchewan	Provincial Nominee Program	Candidats des provinces ou des territoires	Score 901 - 1000	Note 901 - 1000	660
2021	2021	Yukon	Yukon	Canadian Experience Class	Catégorie de l'expérience canadienne	Score 201 - 250	Note 201 - 250	--
2021	2021	Yukon	Yukon	Canadian Experience Class	Catégorie de l'expérience canadienne	Score 301 - 350	Note 301 - 350	5
2021	2021	Yukon	Yukon	Canadian Experience Class	Catégorie de l'expérience canadienne	Score 351 - 400	Note 351 - 400	20
2021	2021	Yukon	Yukon	Canadian Experience Class	Catégorie de l'expérience canadienne	Score 401 - 450	Note 401 - 450	30
2021	2021	Yukon	Yukon	Canadian Experience Class	Catégorie de l'expérience canadienne	Score 451 - 500	Note 451 - 500	15
2021	2021	Yukon	Yukon	Canadian Experience Class	Catégorie de l'expérience canadienne	Score 501 - 600	Note 501 - 600	10
2021	2021	Yukon	Yukon	Federal Skilled Worker	Travailleurs qualifiés	Score 451 - 500	Note 451 - 500	--
2021	2021	Yukon	Yukon	Provincial Nominee Program	Candidats des provinces ou des territoires	Score 1001 - 1100	Note 1001 - 1100	--
2021	2021	Yukon	Yukon	Provincial Nominee Program	Candidats des provinces ou des territoires	Score 801 - 900	Note 801 - 900	--
2021	2021	Yukon	Yukon	Provincial Nominee Program	Candidats des provinces ou des territoires	Score 901 - 1000	Note 901 - 1000	5
2022	2022	Alberta	Alberta	Canadian Experience Class	Catégorie de l'expérience canadienne	Score 451 - 500	Note 451 - 500	185
2022	2022	Alberta	Alberta	Canadian Experience Class	Catégorie de l'expérience canadienne	Score 501 - 600	Note 501 - 600	505
2022	2022	Alberta	Alberta	Canadian Experience Class	Catégorie de l'expérience canadienne	Score 601 - 700	Note 601 - 700	15
2022	2022	Alberta	Alberta	Federal Skilled Worker	Travailleurs qualifiés	Score 451 - 500	Note 451 - 500	155
2022	2022	Alberta	Alberta	Federal Skilled Worker	Travailleurs qualifiés	Score 501 - 600	Note 501 - 600	410
2022	2022	Alberta	Alberta	Federal Skilled Worker	Travailleurs qualifiés	Score 601 - 700	Note 601 - 700	--
2022	2022	Alberta	Alberta	Provincial Nominee Program	Candidats des provinces ou des territoires	Score 1001 - 1100	Note 1001 - 1100	1365
2022	2022	Alberta	Alberta	Provincial Nominee Program	Candidats des provinces ou des territoires	Score 1101 - 1200	Note 1101 - 1200	20
2022	2022	Alberta	Alberta	Provincial Nominee Program	Candidats des provinces ou des territoires	Score 801 - 900	Note 801 - 900	160
2022	2022	Alberta	Alberta	Provincial Nominee Program	Candidats des provinces ou des territoires	Score 901 - 1000	Note 901 - 1000	1840
2022	2022	British Columbia	Colombie-Britannique	Canadian Experience Class	Catégorie de l'expérience canadienne	Score 451 - 500	Note 451 - 500	570
2022	2022	British Columbia	Colombie-Britannique	Canadian Experience Class	Catégorie de l'expérience canadienne	Score 501 - 600	Note 501 - 600	2050
2022	2022	British Columbia	Colombie-Britannique	Canadian Experience Class	Catégorie de l'expérience canadienne	Score 601 - 700	Note 601 - 700	30
2022	2022	British Columbia	Colombie-Britannique	Canadian Experience Class	Catégorie de l'expérience canadienne	Score 701 - 800	Note 701 - 800	--
2022	2022	British Columbia	Colombie-Britannique	Federal Skilled Worker	Travailleurs qualifiés	Score 451 - 500	Note 451 - 500	140
2022	2022	British Columbia	Colombie-Britannique	Federal Skilled Worker	Travailleurs qualifiés	Score 501 - 600	Note 501 - 600	465
2022	2022	British Columbia	Colombie-Britannique	Federal Skilled Worker	Travailleurs qualifiés	Score 601 - 700	Note 601 - 700	--
2022	2022	British Columbia	Colombie-Britannique	Provincial Nominee Program	Candidats des provinces ou des territoires	Score 1001 - 1100	Note 1001 - 1100	1695
2022	2022	British Columbia	Colombie-Britannique	Provincial Nominee Program	Candidats des provinces ou des territoires	Score 1101 - 1200	Note 1101 - 1200	70
2022	2022	British Columbia	Colombie-Britannique	Provincial Nominee Program	Candidats des provinces ou des territoires	Score 601 - 700	Note 601 - 700	--
2022	2022	British Columbia	Colombie-Britannique	Provincial Nominee Program	Candidats des provinces ou des territoires	Score 701 - 800	Note 701 - 800	60
2022	2022	British Columbia	Colombie-Britannique	Provincial Nominee Program	Candidats des provinces ou des territoires	Score 801 - 900	Note 801 - 900	480
2022	2022	British Columbia	Colombie-Britannique	Provincial Nominee Program	Candidats des provinces ou des territoires	Score 901 - 1000	Note 901 - 1000	1935
2022	2022	Manitoba	Manitoba	Canadian Experience Class	Catégorie de l'expérience canadienne	Score 451 - 500	Note 451 - 500	35
2022	2022	Manitoba	Manitoba	Canadian Experience Class	Catégorie de l'expérience canadienne	Score 501 - 600	Note 501 - 600	85
2022	2022	Manitoba	Manitoba	Canadian Experience Class	Catégorie de l'expérience canadienne	Score 601 - 700	Note 601 - 700	--
2022	2022	Manitoba	Manitoba	Federal Skilled Worker	Travailleurs qualifiés	Score 451 - 500	Note 451 - 500	20
2022	2022	Manitoba	Manitoba	Federal Skilled Worker	Travailleurs qualifiés	Score 501 - 600	Note 501 - 600	60
2022	2022	Manitoba	Manitoba	Provincial Nominee Program	Candidats des provinces ou des territoires	Score 1001 - 1100	Note 1001 - 1100	375
2022	2022	Manitoba	Manitoba	Provincial Nominee Program	Candidats des provinces ou des territoires	Score 1101 - 1200	Note 1101 - 1200	--
2022	2022	Manitoba	Manitoba	Provincial Nominee Program	Candidats des provinces ou des territoires	Score 701 - 800	Note 701 - 800	5
2022	2022	Manitoba	Manitoba	Provincial Nominee Program	Candidats des provinces ou des territoires	Score 801 - 900	Note 801 - 900	150
2022	2022	Manitoba	Manitoba	Provincial Nominee Program	Candidats des provinces ou des territoires	Score 901 - 1000	Note 901 - 1000	1465
2022	2022	New Brunswick	Nouveau-Brunswick	Canadian Experience Class	Catégorie de l'expérience canadienne	Score 451 - 500	Note 451 - 500	15
2022	2022	New Brunswick	Nouveau-Brunswick	Canadian Experience Class	Catégorie de l'expérience canadienne	Score 501 - 600	Note 501 - 600	65
2022	2022	New Brunswick	Nouveau-Brunswick	Canadian Experience Class	Catégorie de l'expérience canadienne	Score 701 - 800	Note 701 - 800	--
2022	2022	New Brunswick	Nouveau-Brunswick	Federal Skilled Worker	Travailleurs qualifiés	Score 451 - 500	Note 451 - 500	30
2022	2022	New Brunswick	Nouveau-Brunswick	Federal Skilled Worker	Travailleurs qualifiés	Score 501 - 600	Note 501 - 600	60
2022	2022	New Brunswick	Nouveau-Brunswick	Federal Skilled Worker	Travailleurs qualifiés	Score 601 - 700	Note 601 - 700	--
2022	2022	New Brunswick	Nouveau-Brunswick	Provincial Nominee Program	Candidats des provinces ou des territoires	Score 1001 - 1100	Note 1001 - 1100	220
2022	2022	New Brunswick	Nouveau-Brunswick	Provincial Nominee Program	Candidats des provinces ou des territoires	Score 1101 - 1200	Note 1101 - 1200	--
2022	2022	New Brunswick	Nouveau-Brunswick	Provincial Nominee Program	Candidats des provinces ou des territoires	Score 801 - 900	Note 801 - 900	15
2022	2022	New Brunswick	Nouveau-Brunswick	Provincial Nominee Program	Candidats des provinces ou des territoires	Score 901 - 1000	Note 901 - 1000	540
2022	2022	Newfoundland and Labrador	Terre-Neuve-et-Labrador	Canadian Experience Class	Catégorie de l'expérience canadienne	Score 451 - 500	Note 451 - 500	--
2022	2022	Newfoundland and Labrador	Terre-Neuve-et-Labrador	Canadian Experience Class	Catégorie de l'expérience canadienne	Score 501 - 600	Note 501 - 600	30
2022	2022	Newfoundland and Labrador	Terre-Neuve-et-Labrador	Federal Skilled Worker	Travailleurs qualifiés	Score 451 - 500	Note 451 - 500	--
2022	2022	Newfoundland and Labrador	Terre-Neuve-et-Labrador	Federal Skilled Worker	Travailleurs qualifiés	Score 501 - 600	Note 501 - 600	--
2022	2022	Newfoundland and Labrador	Terre-Neuve-et-Labrador	Provincial Nominee Program	Candidats des provinces ou des territoires	Score 1001 - 1100	Note 1001 - 1100	65
2022	2022	Newfoundland and Labrador	Terre-Neuve-et-Labrador	Provincial Nominee Program	Candidats des provinces ou des territoires	Score 801 - 900	Note 801 - 900	15
2022	2022	Newfoundland and Labrador	Terre-Neuve-et-Labrador	Provincial Nominee Program	Candidats des provinces ou des territoires	Score 901 - 1000	Note 901 - 1000	225
2022	2022	Northwest Territories	Territoires du Nord-Ouest	Canadian Experience Class	Catégorie de l'expérience canadienne	Score 451 - 500	Note 451 - 500	--
2022	2022	Northwest Territories	Territoires du Nord-Ouest	Canadian Experience Class	Catégorie de l'expérience canadienne	Score 501 - 600	Note 501 - 600	15
2022	2022	Northwest Territories	Territoires du Nord-Ouest	Federal Skilled Worker	Travailleurs qualifiés	Score 501 - 600	Note 501 - 600	5
2022	2022	Northwest Territories	Territoires du Nord-Ouest	Provincial Nominee Program	Candidats des provinces ou des territoires	Score 1001 - 1100	Note 1001 - 1100	--
2022	2022	Northwest Territories	Territoires du Nord-Ouest	Provincial Nominee Program	Candidats des provinces ou des territoires	Score 701 - 800	Note 701 - 800	--
2022	2022	Northwest Territories	Territoires du Nord-Ouest	Provincial Nominee Program	Candidats des provinces ou des territoires	Score 801 - 900	Note 801 - 900	10
2022	2022	Northwest Territories	Territoires du Nord-Ouest	Provincial Nominee Program	Candidats des provinces ou des territoires	Score 901 - 1000	Note 901 - 1000	5
2022	2022	Nova Scotia	Nouvelle-Écosse	Canadian Experience Class	Catégorie de l'expérience canadienne	Score 451 - 500	Note 451 - 500	65
2022	2022	Nova Scotia	Nouvelle-Écosse	Canadian Experience Class	Catégorie de l'expérience canadienne	Score 501 - 600	Note 501 - 600	155
2022	2022	Nova Scotia	Nouvelle-Écosse	Canadian Experience Class	Catégorie de l'expérience canadienne	Score 601 - 700	Note 601 - 700	--
2022	2022	Nova Scotia	Nouvelle-Écosse	Federal Skilled Worker	Travailleurs qualifiés	Score 451 - 500	Note 451 - 500	10
2022	2022	Nova Scotia	Nouvelle-Écosse	Federal Skilled Worker	Travailleurs qualifiés	Score 501 - 600	Note 501 - 600	30
2022	2022	Nova Scotia	Nouvelle-Écosse	Provincial Nominee Program	Candidats des provinces ou des territoires	Score 1001 - 1100	Note 1001 - 1100	485
2022	2022	Nova Scotia	Nouvelle-Écosse	Provincial Nominee Program	Candidats des provinces ou des territoires	Score 1101 - 1200	Note 1101 - 1200	--
2022	2022	Nova Scotia	Nouvelle-Écosse	Provincial Nominee Program	Candidats des provinces ou des territoires	Score 701 - 800	Note 701 - 800	10
2022	2022	Nova Scotia	Nouvelle-Écosse	Provincial Nominee Program	Candidats des provinces ou des territoires	Score 801 - 900	Note 801 - 900	90
2022	2022	Nova Scotia	Nouvelle-Écosse	Provincial Nominee Program	Candidats des provinces ou des territoires	Score 901 - 1000	Note 901 - 1000	1030
2022	2022	Nunavut	Nunavut	Canadian Experience Class	Catégorie de l'expérience canadienne	Score 451 - 500	Note 451 - 500	--
2022	2022	Nunavut	Nunavut	Canadian Experience Class	Catégorie de l'expérience canadienne	Score 501 - 600	Note 501 - 600	--
2022	2022	Nunavut	Nunavut	Federal Skilled Worker	Travailleurs qualifiés	Score 501 - 600	Note 501 - 600	--
2022	2022	Ontario	Ontario	Canadian Experience Class	Catégorie de l'expérience canadienne	Score 451 - 500	Note 451 - 500	2220
2022	2022	Ontario	Ontario	Canadian Experience Class	Catégorie de l'expérience canadienne	Score 501 - 600	Note 501 - 600	6645
2022	2022	Ontario	Ontario	Canadian Experience Class	Catégorie de l'expérience canadienne	Score 601 - 700	Note 601 - 700	130
2022	2022	Ontario	Ontario	Canadian Experience Class	Catégorie de l'expérience canadienne	Score 701 - 800	Note 701 - 800	5
2022	2022	Ontario	Ontario	Federal Skilled Worker	Travailleurs qualifiés	Score 451 - 500	Note 451 - 500	860
2022	2022	Ontario	Ontario	Federal Skilled Worker	Travailleurs qualifiés	Score 501 - 600	Note 501 - 600	2850
2022	2022	Ontario	Ontario	Federal Skilled Worker	Travailleurs qualifiés	Score 601 - 700	Note 601 - 700	55
2022	2022	Ontario	Ontario	Provincial Nominee Program	Candidats des provinces ou des territoires	Score 1001 - 1100	Note 1001 - 1100	3635
2022	2022	Ontario	Ontario	Provincial Nominee Program	Candidats des provinces ou des territoires	Score 1101 - 1200	Note 1101 - 1200	--
2022	2022	Ontario	Ontario	Provincial Nominee Program	Candidats des provinces ou des territoires	Score 801 - 900	Note 801 - 900	40
2022	2022	Ontario	Ontario	Provincial Nominee Program	Candidats des provinces ou des territoires	Score 901 - 1000	Note 901 - 1000	1490
2022	2022	Prince Edward Island	Île-du-Prince-Édouard	Canadian Experience Class	Catégorie de l'expérience canadienne	Score 451 - 500	Note 451 - 500	5
2022	2022	Prince Edward Island	Île-du-Prince-Édouard	Canadian Experience Class	Catégorie de l'expérience canadienne	Score 501 - 600	Note 501 - 600	15
2022	2022	Prince Edward Island	Île-du-Prince-Édouard	Federal Skilled Worker	Travailleurs qualifiés	Score 451 - 500	Note 451 - 500	--
2022	2022	Prince Edward Island	Île-du-Prince-Édouard	Federal Skilled Worker	Travailleurs qualifiés	Score 501 - 600	Note 501 - 600	--
2022	2022	Prince Edward Island	Île-du-Prince-Édouard	Provincial Nominee Program	Candidats des provinces ou des territoires	Score 1001 - 1100	Note 1001 - 1100	65
2022	2022	Prince Edward Island	Île-du-Prince-Édouard	Provincial Nominee Program	Candidats des provinces ou des territoires	Score 1101 - 1200	Note 1101 - 1200	--
2022	2022	Prince Edward Island	Île-du-Prince-Édouard	Provincial Nominee Program	Candidats des provinces ou des territoires	Score 701 - 800	Note 701 - 800	--
2022	2022	Prince Edward Island	Île-du-Prince-Édouard	Provincial Nominee Program	Candidats des provinces ou des territoires	Score 801 - 900	Note 801 - 900	15
2022	2022	Prince Edward Island	Île-du-Prince-Édouard	Provincial Nominee Program	Candidats des provinces ou des territoires	Score 901 - 1000	Note 901 - 1000	300
2022	2022	Province/Territory not stated	Province / territoire non déclaré(e)	Canadian Experience Class	Catégorie de l'expérience canadienne	Score 501 - 600	Note 501 - 600	--
2022	2022	Saskatchewan	Saskatchewan	Canadian Experience Class	Catégorie de l'expérience canadienne	Score 451 - 500	Note 451 - 500	25
2022	2022	Saskatchewan	Saskatchewan	Canadian Experience Class	Catégorie de l'expérience canadienne	Score 501 - 600	Note 501 - 600	75
2022	2022	Saskatchewan	Saskatchewan	Federal Skilled Worker	Travailleurs qualifiés	Score 451 - 500	Note 451 - 500	10
2022	2022	Saskatchewan	Saskatchewan	Federal Skilled Worker	Travailleurs qualifiés	Score 501 - 600	Note 501 - 600	25
2022	2022	Saskatchewan	Saskatchewan	Federal Skilled Worker	Travailleurs qualifiés	Score 601 - 700	Note 601 - 700	--
2022	2022	Saskatchewan	Saskatchewan	Provincial Nominee Program	Candidats des provinces ou des territoires	Score 1001 - 1100	Note 1001 - 1100	295
2022	2022	Saskatchewan	Saskatchewan	Provincial Nominee Program	Candidats des provinces ou des territoires	Score 801 - 900	Note 801 - 900	70
2022	2022	Saskatchewan	Saskatchewan	Provincial Nominee Program	Candidats des provinces ou des territoires	Score 901 - 1000	Note 901 - 1000	875
2022	2022	Yukon	Yukon	Canadian Experience Class	Catégorie de l'expérience canadienne	Score 451 - 500	Note 451 - 500	--
2022	2022	Yukon	Yukon	Canadian Experience Class	Catégorie de l'expérience canadienne	Score 501 - 600	Note 501 - 600	10
2022	2022	Yukon	Yukon	Canadian Experience Class	Catégorie de l'expérience canadienne	Score 601 - 700	Note 601 - 700	--
2022	2022	Yukon	Yukon	Federal Skilled Worker	Travailleurs qualifiés	Score 451 - 500	Note 451 - 500	--
2022	2022	Yukon	Yukon	Federal Skilled Worker	Travailleurs qualifiés	Score 501 - 600	Note 501 - 600	--
2022	2022	Yukon	Yukon	Provincial Nominee Program	Candidats des provinces ou des territoires	Score 1001 - 1100	Note 1001 - 1100	--
2022	2022	Yukon	Yukon	Provincial Nominee Program	Candidats des provinces ou des territoires	Score 801 - 900	Note 801 - 900	--
2022	2022	Yukon	Yukon	Provincial Nominee Program	Candidats des provinces ou des territoires	Score 901 - 1000	Note 901 - 1000	20
2023	2023	Alberta	Alberta	Canadian Experience Class	Catégorie de l'expérience canadienne	Score 351 - 400	Note 351 - 400	15
2023	2023	Alberta	Alberta	Canadian Experience Class	Catégorie de l'expérience canadienne	Score 401 - 450	Note 401 - 450	80
2023	2023	Alberta	Alberta	Canadian Experience Class	Catégorie de l'expérience canadienne	Score 451 - 500	Note 451 - 500	1195
2023	2023	Alberta	Alberta	Canadian Experience Class	Catégorie de l'expérience canadienne	Score 501 - 600	Note 501 - 600	1050
2023	2023	Alberta	Alberta	Canadian Experience Class	Catégorie de l'expérience canadienne	Score 601 - 700	Note 601 - 700	20
2023	2023	Alberta	Alberta	Federal Skilled Worker	Travailleurs qualifiés	Score 351 - 400	Note 351 - 400	135
2023	2023	Alberta	Alberta	Federal Skilled Worker	Travailleurs qualifiés	Score 401 - 450	Note 401 - 450	390
2023	2023	Alberta	Alberta	Federal Skilled Worker	Travailleurs qualifiés	Score 451 - 500	Note 451 - 500	1765
2023	2023	Alberta	Alberta	Federal Skilled Worker	Travailleurs qualifiés	Score 501 - 600	Note 501 - 600	525
2023	2023	Alberta	Alberta	Federal Skilled Worker	Travailleurs qualifiés	Score 601 - 700	Note 601 - 700	--
2023	2023	Alberta	Alberta	Provincial Nominee Program	Candidats des provinces ou des territoires	Score 1001 - 1100	Note 1001 - 1100	1270
2023	2023	Alberta	Alberta	Provincial Nominee Program	Candidats des provinces ou des territoires	Score 1101 - 1200	Note 1101 - 1200	--
2023	2023	Alberta	Alberta	Provincial Nominee Program	Candidats des provinces ou des territoires	Score 801 - 900	Note 801 - 900	160
2023	2023	Alberta	Alberta	Provincial Nominee Program	Candidats des provinces ou des territoires	Score 901 - 1000	Note 901 - 1000	2370
2023	2023	British Columbia	Colombie-Britannique	Canadian Experience Class	Catégorie de l'expérience canadienne	Score 351 - 400	Note 351 - 400	105
2023	2023	British Columbia	Colombie-Britannique	Canadian Experience Class	Catégorie de l'expérience canadienne	Score 401 - 450	Note 401 - 450	265
2023	2023	British Columbia	Colombie-Britannique	Canadian Experience Class	Catégorie de l'expérience canadienne	Score 451 - 500	Note 451 - 500	4320
2023	2023	British Columbia	Colombie-Britannique	Canadian Experience Class	Catégorie de l'expérience canadienne	Score 501 - 600	Note 501 - 600	3780
2023	2023	British Columbia	Colombie-Britannique	Canadian Experience Class	Catégorie de l'expérience canadienne	Score 601 - 700	Note 601 - 700	55
2023	2023	British Columbia	Colombie-Britannique	Canadian Experience Class	Catégorie de l'expérience canadienne	Score 701 - 800	Note 701 - 800	--
2023	2023	British Columbia	Colombie-Britannique	Federal Skilled Trades	Métiers spécialisés	Score 451 - 500	Note 451 - 500	--
2023	2023	British Columbia	Colombie-Britannique	Federal Skilled Worker	Travailleurs qualifiés	Score 351 - 400	Note 351 - 400	25
2023	2023	British Columbia	Colombie-Britannique	Federal Skilled Worker	Travailleurs qualifiés	Score 401 - 450	Note 401 - 450	150
2023	2023	British Columbia	Colombie-Britannique	Federal Skilled Worker	Travailleurs qualifiés	Score 451 - 500	Note 451 - 500	1635
2023	2023	British Columbia	Colombie-Britannique	Federal Skilled Worker	Travailleurs qualifiés	Score 501 - 600	Note 501 - 600	605
2023	2023	British Columbia	Colombie-Britannique	Federal Skilled Worker	Travailleurs qualifiés	Score 601 - 700	Note 601 - 700	10
2023	2023	British Columbia	Colombie-Britannique	Provincial Nominee Program	Candidats des provinces ou des territoires	Score 1001 - 1100	Note 1001 - 1100	2205
2023	2023	British Columbia	Colombie-Britannique	Provincial Nominee Program	Candidats des provinces ou des territoires	Score 1101 - 1200	Note 1101 - 1200	20
2023	2023	British Columbia	Colombie-Britannique	Provincial Nominee Program	Candidats des provinces ou des territoires	Score 451 - 500	Note 451 - 500	--
2023	2023	British Columbia	Colombie-Britannique	Provincial Nominee Program	Candidats des provinces ou des territoires	Score 601 - 700	Note 601 - 700	5
2023	2023	British Columbia	Colombie-Britannique	Provincial Nominee Program	Candidats des provinces ou des territoires	Score 701 - 800	Note 701 - 800	50
2023	2023	British Columbia	Colombie-Britannique	Provincial Nominee Program	Candidats des provinces ou des territoires	Score 801 - 900	Note 801 - 900	465
2023	2023	British Columbia	Colombie-Britannique	Provincial Nominee Program	Candidats des provinces ou des territoires	Score 901 - 1000	Note 901 - 1000	2580
2023	2023	Manitoba	Manitoba	Canadian Experience Class	Catégorie de l'expérience canadienne	Score 351 - 400	Note 351 - 400	--
2023	2023	Manitoba	Manitoba	Canadian Experience Class	Catégorie de l'expérience canadienne	Score 401 - 450	Note 401 - 450	40
2023	2023	Manitoba	Manitoba	Canadian Experience Class	Catégorie de l'expérience canadienne	Score 451 - 500	Note 451 - 500	165
2023	2023	Manitoba	Manitoba	Canadian Experience Class	Catégorie de l'expérience canadienne	Score 501 - 600	Note 501 - 600	135
2023	2023	Manitoba	Manitoba	Federal Skilled Worker	Travailleurs qualifiés	Score 351 - 400	Note 351 - 400	35
2023	2023	Manitoba	Manitoba	Federal Skilled Worker	Travailleurs qualifiés	Score 401 - 450	Note 401 - 450	75
2023	2023	Manitoba	Manitoba	Federal Skilled Worker	Travailleurs qualifiés	Score 451 - 500	Note 451 - 500	215
2023	2023	Manitoba	Manitoba	Federal Skilled Worker	Travailleurs qualifiés	Score 501 - 600	Note 501 - 600	55
2023	2023	Manitoba	Manitoba	Provincial Nominee Program	Candidats des provinces ou des territoires	Score 1001 - 1100	Note 1001 - 1100	470
2023	2023	Manitoba	Manitoba	Provincial Nominee Program	Candidats des provinces ou des territoires	Score 1101 - 1200	Note 1101 - 1200	--
2023	2023	Manitoba	Manitoba	Provincial Nominee Program	Candidats des provinces ou des territoires	Score 701 - 800	Note 701 - 800	10
2023	2023	Manitoba	Manitoba	Provincial Nominee Program	Candidats des provinces ou des territoires	Score 801 - 900	Note 801 - 900	105
2023	2023	Manitoba	Manitoba	Provincial Nominee Program	Candidats des provinces ou des territoires	Score 901 - 1000	Note 901 - 1000	1160
2023	2023	New Brunswick	Nouveau-Brunswick	Canadian Experience Class	Catégorie de l'expérience canadienne	Score 351 - 400	Note 351 - 400	5
2023	2023	New Brunswick	Nouveau-Brunswick	Canadian Experience Class	Catégorie de l'expérience canadienne	Score 401 - 450	Note 401 - 450	15
2023	2023	New Brunswick	Nouveau-Brunswick	Canadian Experience Class	Catégorie de l'expérience canadienne	Score 451 - 500	Note 451 - 500	150
2023	2023	New Brunswick	Nouveau-Brunswick	Canadian Experience Class	Catégorie de l'expérience canadienne	Score 501 - 600	Note 501 - 600	100
2023	2023	New Brunswick	Nouveau-Brunswick	Canadian Experience Class	Catégorie de l'expérience canadienne	Score 601 - 700	Note 601 - 700	--
2023	2023	New Brunswick	Nouveau-Brunswick	Canadian Experience Class	Catégorie de l'expérience canadienne	Score 701 - 800	Note 701 - 800	--
2023	2023	New Brunswick	Nouveau-Brunswick	Federal Skilled Worker	Travailleurs qualifiés	Score 351 - 400	Note 351 - 400	110
2023	2023	New Brunswick	Nouveau-Brunswick	Federal Skilled Worker	Travailleurs qualifiés	Score 401 - 450	Note 401 - 450	205
2023	2023	New Brunswick	Nouveau-Brunswick	Federal Skilled Worker	Travailleurs qualifiés	Score 451 - 500	Note 451 - 500	285
2023	2023	New Brunswick	Nouveau-Brunswick	Federal Skilled Worker	Travailleurs qualifiés	Score 501 - 600	Note 501 - 600	110
2023	2023	New Brunswick	Nouveau-Brunswick	Provincial Nominee Program	Candidats des provinces ou des territoires	Score 1001 - 1100	Note 1001 - 1100	375
2023	2023	New Brunswick	Nouveau-Brunswick	Provincial Nominee Program	Candidats des provinces ou des territoires	Score 801 - 900	Note 801 - 900	45
2023	2023	New Brunswick	Nouveau-Brunswick	Provincial Nominee Program	Candidats des provinces ou des territoires	Score 901 - 1000	Note 901 - 1000	755
2023	2023	Newfoundland and Labrador	Terre-Neuve-et-Labrador	Canadian Experience Class	Catégorie de l'expérience canadienne	Score 401 - 450	Note 401 - 450	--
2023	2023	Newfoundland and Labrador	Terre-Neuve-et-Labrador	Canadian Experience Class	Catégorie de l'expérience canadienne	Score 451 - 500	Note 451 - 500	50
2023	2023	Newfoundland and Labrador	Terre-Neuve-et-Labrador	Canadian Experience Class	Catégorie de l'expérience canadienne	Score 501 - 600	Note 501 - 600	35
2023	2023	Newfoundland and Labrador	Terre-Neuve-et-Labrador	Canadian Experience Class	Catégorie de l'expérience canadienne	Score 601 - 700	Note 601 - 700	--
2023	2023	Newfoundland and Labrador	Terre-Neuve-et-Labrador	Federal Skilled Worker	Travailleurs qualifiés	Score 351 - 400	Note 351 - 400	--
2023	2023	Newfoundland and Labrador	Terre-Neuve-et-Labrador	Federal Skilled Worker	Travailleurs qualifiés	Score 401 - 450	Note 401 - 450	--
2023	2023	Newfoundland and Labrador	Terre-Neuve-et-Labrador	Federal Skilled Worker	Travailleurs qualifiés	Score 451 - 500	Note 451 - 500	20
2023	2023	Newfoundland and Labrador	Terre-Neuve-et-Labrador	Federal Skilled Worker	Travailleurs qualifiés	Score 501 - 600	Note 501 - 600	15
2023	2023	Newfoundland and Labrador	Terre-Neuve-et-Labrador	Provincial Nominee Program	Candidats des provinces ou des territoires	Score 1001 - 1100	Note 1001 - 1100	70
2023	2023	Newfoundland and Labrador	Terre-Neuve-et-Labrador	Provincial Nominee Program	Candidats des provinces ou des territoires	Score 1101 - 1200	Note 1101 - 1200	--
2023	2023	Newfoundland and Labrador	Terre-Neuve-et-Labrador	Provincial Nominee Program	Candidats des provinces ou des territoires	Score 801 - 900	Note 801 - 900	5
2023	2023	Newfoundland and Labrador	Terre-Neuve-et-Labrador	Provincial Nominee Program	Candidats des provinces ou des territoires	Score 901 - 1000	Note 901 - 1000	60
2023	2023	Northwest Territories	Territoires du Nord-Ouest	Canadian Experience Class	Catégorie de l'expérience canadienne	Score 451 - 500	Note 451 - 500	5
2023	2023	Northwest Territories	Territoires du Nord-Ouest	Canadian Experience Class	Catégorie de l'expérience canadienne	Score 501 - 600	Note 501 - 600	10
2023	2023	Northwest Territories	Territoires du Nord-Ouest	Federal Skilled Worker	Travailleurs qualifiés	Score 451 - 500	Note 451 - 500	--
2023	2023	Northwest Territories	Territoires du Nord-Ouest	Provincial Nominee Program	Candidats des provinces ou des territoires	Score 1001 - 1100	Note 1001 - 1100	5
2023	2023	Northwest Territories	Territoires du Nord-Ouest	Provincial Nominee Program	Candidats des provinces ou des territoires	Score 801 - 900	Note 801 - 900	--
2023	2023	Northwest Territories	Territoires du Nord-Ouest	Provincial Nominee Program	Candidats des provinces ou des territoires	Score 901 - 1000	Note 901 - 1000	20
2023	2023	Nova Scotia	Nouvelle-Écosse	Canadian Experience Class	Catégorie de l'expérience canadienne	Score 401 - 450	Note 401 - 450	20
2023	2023	Nova Scotia	Nouvelle-Écosse	Canadian Experience Class	Catégorie de l'expérience canadienne	Score 451 - 500	Note 451 - 500	300
2023	2023	Nova Scotia	Nouvelle-Écosse	Canadian Experience Class	Catégorie de l'expérience canadienne	Score 501 - 600	Note 501 - 600	255
2023	2023	Nova Scotia	Nouvelle-Écosse	Canadian Experience Class	Catégorie de l'expérience canadienne	Score 601 - 700	Note 601 - 700	--
2023	2023	Nova Scotia	Nouvelle-Écosse	Federal Skilled Worker	Travailleurs qualifiés	Score 351 - 400	Note 351 - 400	5
2023	2023	Nova Scotia	Nouvelle-Écosse	Federal Skilled Worker	Travailleurs qualifiés	Score 401 - 450	Note 401 - 450	25
2023	2023	Nova Scotia	Nouvelle-Écosse	Federal Skilled Worker	Travailleurs qualifiés	Score 451 - 500	Note 451 - 500	110
2023	2023	Nova Scotia	Nouvelle-Écosse	Federal Skilled Worker	Travailleurs qualifiés	Score 501 - 600	Note 501 - 600	45
2023	2023	Nova Scotia	Nouvelle-Écosse	Provincial Nominee Program	Candidats des provinces ou des territoires	Score 1001 - 1100	Note 1001 - 1100	605
2023	2023	Nova Scotia	Nouvelle-Écosse	Provincial Nominee Program	Candidats des provinces ou des territoires	Score 1101 - 1200	Note 1101 - 1200	--
2023	2023	Nova Scotia	Nouvelle-Écosse	Provincial Nominee Program	Candidats des provinces ou des territoires	Score 601 - 700	Note 601 - 700	--
2023	2023	Nova Scotia	Nouvelle-Écosse	Provincial Nominee Program	Candidats des provinces ou des territoires	Score 701 - 800	Note 701 - 800	20
2023	2023	Nova Scotia	Nouvelle-Écosse	Provincial Nominee Program	Candidats des provinces ou des territoires	Score 801 - 900	Note 801 - 900	130
2023	2023	Nova Scotia	Nouvelle-Écosse	Provincial Nominee Program	Candidats des provinces ou des territoires	Score 901 - 1000	Note 901 - 1000	660
2023	2023	Nunavut	Nunavut	Canadian Experience Class	Catégorie de l'expérience canadienne	Score 451 - 500	Note 451 - 500	--
2023	2023	Nunavut	Nunavut	Canadian Experience Class	Catégorie de l'expérience canadienne	Score 501 - 600	Note 501 - 600	--
2023	2023	Nunavut	Nunavut	Federal Skilled Worker	Travailleurs qualifiés	Score 401 - 450	Note 401 - 450	--
2023	2023	Nunavut	Nunavut	Federal Skilled Worker	Travailleurs qualifiés	Score 451 - 500	Note 451 - 500	--
2023	2023	Nunavut	Nunavut	Federal Skilled Worker	Travailleurs qualifiés	Score 501 - 600	Note 501 - 600	--
2023	2023	Ontario	Ontario	Canadian Experience Class	Catégorie de l'expérience canadienne	Score 351 - 400	Note 351 - 400	190
2023	2023	Ontario	Ontario	Canadian Experience Class	Catégorie de l'expérience canadienne	Score 401 - 450	Note 401 - 450	1045
2023	2023	Ontario	Ontario	Canadian Experience Class	Catégorie de l'expérience canadienne	Score 451 - 500	Note 451 - 500	16355
2023	2023	Ontario	Ontario	Canadian Experience Class	Catégorie de l'expérience canadienne	Score 501 - 600	Note 501 - 600	11110
2023	2023	Ontario	Ontario	Canadian Experience Class	Catégorie de l'expérience canadienne	Score 601 - 700	Note 601 - 700	200
2023	2023	Ontario	Ontario	Canadian Experience Class	Catégorie de l'expérience canadienne	Score 701 - 800	Note 701 - 800	5
2023	2023	Ontario	Ontario	Federal Skilled Worker	Travailleurs qualifiés	Score 351 - 400	Note 351 - 400	640
2023	2023	Ontario	Ontario	Federal Skilled Worker	Travailleurs qualifiés	Score 401 - 450	Note 401 - 450	1905
2023	2023	Ontario	Ontario	Federal Skilled Worker	Travailleurs qualifiés	Score 451 - 500	Note 451 - 500	9165
2023	2023	Ontario	Ontario	Federal Skilled Worker	Travailleurs qualifiés	Score 501 - 600	Note 501 - 600	3170
2023	2023	Ontario	Ontario	Federal Skilled Worker	Travailleurs qualifiés	Score 601 - 700	Note 601 - 700	55
2023	2023	Ontario	Ontario	Provincial Nominee Program	Candidats des provinces ou des territoires	Score 1001 - 1100	Note 1001 - 1100	4305
2023	2023	Ontario	Ontario	Provincial Nominee Program	Candidats des provinces ou des territoires	Score 1101 - 1200	Note 1101 - 1200	5
2023	2023	Ontario	Ontario	Provincial Nominee Program	Candidats des provinces ou des territoires	Score 701 - 800	Note 701 - 800	--
2023	2023	Ontario	Ontario	Provincial Nominee Program	Candidats des provinces ou des territoires	Score 801 - 900	Note 801 - 900	195
2023	2023	Ontario	Ontario	Provincial Nominee Program	Candidats des provinces ou des territoires	Score 901 - 1000	Note 901 - 1000	2875
2023	2023	Prince Edward Island	Île-du-Prince-Édouard	Canadian Experience Class	Catégorie de l'expérience canadienne	Score 351 - 400	Note 351 - 400	--
2023	2023	Prince Edward Island	Île-du-Prince-Édouard	Canadian Experience Class	Catégorie de l'expérience canadienne	Score 401 - 450	Note 401 - 450	--
2023	2023	Prince Edward Island	Île-du-Prince-Édouard	Canadian Experience Class	Catégorie de l'expérience canadienne	Score 451 - 500	Note 451 - 500	20
2023	2023	Prince Edward Island	Île-du-Prince-Édouard	Canadian Experience Class	Catégorie de l'expérience canadienne	Score 501 - 600	Note 501 - 600	20
2023	2023	Prince Edward Island	Île-du-Prince-Édouard	Federal Skilled Worker	Travailleurs qualifiés	Score 401 - 450	Note 401 - 450	--
2023	2023	Prince Edward Island	Île-du-Prince-Édouard	Federal Skilled Worker	Travailleurs qualifiés	Score 451 - 500	Note 451 - 500	10
2023	2023	Prince Edward Island	Île-du-Prince-Édouard	Federal Skilled Worker	Travailleurs qualifiés	Score 501 - 600	Note 501 - 600	--
2023	2023	Prince Edward Island	Île-du-Prince-Édouard	Provincial Nominee Program	Candidats des provinces ou des territoires	Score 1001 - 1100	Note 1001 - 1100	75
2023	2023	Prince Edward Island	Île-du-Prince-Édouard	Provincial Nominee Program	Candidats des provinces ou des territoires	Score 701 - 800	Note 701 - 800	--
2023	2023	Prince Edward Island	Île-du-Prince-Édouard	Provincial Nominee Program	Candidats des provinces ou des territoires	Score 801 - 900	Note 801 - 900	30
2023	2023	Prince Edward Island	Île-du-Prince-Édouard	Provincial Nominee Program	Candidats des provinces ou des territoires	Score 901 - 1000	Note 901 - 1000	315
2023	2023	Saskatchewan	Saskatchewan	Canadian Experience Class	Catégorie de l'expérience canadienne	Score 351 - 400	Note 351 - 400	--
2023	2023	Saskatchewan	Saskatchewan	Canadian Experience Class	Catégorie de l'expérience canadienne	Score 401 - 450	Note 401 - 450	10
2023	2023	Saskatchewan	Saskatchewan	Canadian Experience Class	Catégorie de l'expérience canadienne	Score 451 - 500	Note 451 - 500	170
2023	2023	Saskatchewan	Saskatchewan	Canadian Experience Class	Catégorie de l'expérience canadienne	Score 501 - 600	Note 501 - 600	120
2023	2023	Saskatchewan	Saskatchewan	Canadian Experience Class	Catégorie de l'expérience canadienne	Score 601 - 700	Note 601 - 700	--
2023	2023	Saskatchewan	Saskatchewan	Federal Skilled Worker	Travailleurs qualifiés	Score 351 - 400	Note 351 - 400	15
2023	2023	Saskatchewan	Saskatchewan	Federal Skilled Worker	Travailleurs qualifiés	Score 401 - 450	Note 401 - 450	35
2023	2023	Saskatchewan	Saskatchewan	Federal Skilled Worker	Travailleurs qualifiés	Score 451 - 500	Note 451 - 500	125
2023	2023	Saskatchewan	Saskatchewan	Federal Skilled Worker	Travailleurs qualifiés	Score 501 - 600	Note 501 - 600	30
2023	2023	Saskatchewan	Saskatchewan	Provincial Nominee Program	Candidats des provinces ou des territoires	Score 1001 - 1100	Note 1001 - 1100	245
2023	2023	Saskatchewan	Saskatchewan	Provincial Nominee Program	Candidats des provinces ou des territoires	Score 801 - 900	Note 801 - 900	60
2023	2023	Saskatchewan	Saskatchewan	Provincial Nominee Program	Candidats des provinces ou des territoires	Score 901 - 1000	Note 901 - 1000	795
2023	2023	Yukon	Yukon	Canadian Experience Class	Catégorie de l'expérience canadienne	Score 401 - 450	Note 401 - 450	--
2023	2023	Yukon	Yukon	Canadian Experience Class	Catégorie de l'expérience canadienne	Score 451 - 500	Note 451 - 500	10
2023	2023	Yukon	Yukon	Canadian Experience Class	Catégorie de l'expérience canadienne	Score 501 - 600	Note 501 - 600	5
2023	2023	Yukon	Yukon	Federal Skilled Worker	Travailleurs qualifiés	Score 351 - 400	Note 351 - 400	--
2023	2023	Yukon	Yukon	Federal Skilled Worker	Travailleurs qualifiés	Score 401 - 450	Note 401 - 450	--
2023	2023	Yukon	Yukon	Federal Skilled Worker	Travailleurs qualifiés	Score 451 - 500	Note 451 - 500	5
2023	2023	Yukon	Yukon	Federal Skilled Worker	Travailleurs qualifiés	Score 501 - 600	Note 501 - 600	5
2023	2023	Yukon	Yukon	Provincial Nominee Program	Candidats des provinces ou des territoires	Score 1001 - 1100	Note 1001 - 1100	10
2023	2023	Yukon	Yukon	Provincial Nominee Program	Candidats des provinces ou des territoires	Score 701 - 800	Note 701 - 800	--
2023	2023	Yukon	Yukon	Provincial Nominee Program	Candidats des provinces ou des territoires	Score 801 - 900	Note 801 - 900	5
2023	2023	Yukon	Yukon	Provincial Nominee Program	Candidats des provinces ou des territoires	Score 901 - 1000	Note 901 - 1000	15
2024	2024	Alberta	Alberta	Canadian Experience Class	Catégorie de l'expérience canadienne	Score 301 - 350	Note 301 - 350	--
2024	2024	Alberta	Alberta	Canadian Experience Class	Catégorie de l'expérience canadienne	Score 351 - 400	Note 351 - 400	5
2024	2024	Alberta	Alberta	Canadian Experience Class	Catégorie de l'expérience canadienne	Score 401 - 450	Note 401 - 450	180
2024	2024	Alberta	Alberta	Canadian Experience Class	Catégorie de l'expérience canadienne	Score 451 - 500	Note 451 - 500	550
2024	2024	Alberta	Alberta	Canadian Experience Class	Catégorie de l'expérience canadienne	Score 501 - 600	Note 501 - 600	1935
2024	2024	Alberta	Alberta	Canadian Experience Class	Catégorie de l'expérience canadienne	Score 601 - 700	Note 601 - 700	25
2024	2024	Alberta	Alberta	Canadian Experience Class	Catégorie de l'expérience canadienne	Score 701 - 800	Note 701 - 800	--
2024	2024	Alberta	Alberta	Federal Skilled Worker	Travailleurs qualifiés	Score 301 - 350	Note 301 - 350	20
2024	2024	Alberta	Alberta	Federal Skilled Worker	Travailleurs qualifiés	Score 351 - 400	Note 351 - 400	315
2024	2024	Alberta	Alberta	Federal Skilled Worker	Travailleurs qualifiés	Score 401 - 450	Note 401 - 450	1135
2024	2024	Alberta	Alberta	Federal Skilled Worker	Travailleurs qualifiés	Score 451 - 500	Note 451 - 500	1335
2024	2024	Alberta	Alberta	Federal Skilled Worker	Travailleurs qualifiés	Score 501 - 600	Note 501 - 600	250
2024	2024	Alberta	Alberta	Federal Skilled Worker	Travailleurs qualifiés	Score 601 - 700	Note 601 - 700	--
2024	2024	Alberta	Alberta	Provincial Nominee Program	Candidats des provinces ou des territoires	Score 1001 - 1100	Note 1001 - 1100	735
2024	2024	Alberta	Alberta	Provincial Nominee Program	Candidats des provinces ou des territoires	Score 1101 - 1200	Note 1101 - 1200	--
2024	2024	Alberta	Alberta	Provincial Nominee Program	Candidats des provinces ou des territoires	Score 801 - 900	Note 801 - 900	90
2024	2024	Alberta	Alberta	Provincial Nominee Program	Candidats des provinces ou des territoires	Score 901 - 1000	Note 901 - 1000	1220
2024	2024	British Columbia	Colombie-Britannique	Canadian Experience Class	Catégorie de l'expérience canadienne	Score 301 - 350	Note 301 - 350	5
2024	2024	British Columbia	Colombie-Britannique	Canadian Experience Class	Catégorie de l'expérience canadienne	Score 351 - 400	Note 351 - 400	35
2024	2024	British Columbia	Colombie-Britannique	Canadian Experience Class	Catégorie de l'expérience canadienne	Score 401 - 450	Note 401 - 450	415
2024	2024	British Columbia	Colombie-Britannique	Canadian Experience Class	Catégorie de l'expérience canadienne	Score 451 - 500	Note 451 - 500	1465
2024	2024	British Columbia	Colombie-Britannique	Canadian Experience Class	Catégorie de l'expérience canadienne	Score 501 - 600	Note 501 - 600	6760
2024	2024	British Columbia	Colombie-Britannique	Canadian Experience Class	Catégorie de l'expérience canadienne	Score 601 - 700	Note 601 - 700	60
2024	2024	British Columbia	Colombie-Britannique	Canadian Experience Class	Catégorie de l'expérience canadienne	Score 701 - 800	Note 701 - 800	--
2024	2024	British Columbia	Colombie-Britannique	Federal Skilled Trades	Métiers spécialisés	Score 401 - 450	Note 401 - 450	--
2024	2024	British Columbia	Colombie-Britannique	Federal Skilled Trades	Métiers spécialisés	Score 451 - 500	Note 451 - 500	--
2024	2024	British Columbia	Colombie-Britannique	Federal Skilled Worker	Travailleurs qualifiés	Score 301 - 350	Note 301 - 350	--
2024	2024	British Columbia	Colombie-Britannique	Federal Skilled Worker	Travailleurs qualifiés	Score 351 - 400	Note 351 - 400	70
2024	2024	British Columbia	Colombie-Britannique	Federal Skilled Worker	Travailleurs qualifiés	Score 401 - 450	Note 401 - 450	330
2024	2024	British Columbia	Colombie-Britannique	Federal Skilled Worker	Travailleurs qualifiés	Score 451 - 500	Note 451 - 500	685
2024	2024	British Columbia	Colombie-Britannique	Federal Skilled Worker	Travailleurs qualifiés	Score 501 - 600	Note 501 - 600	320
2024	2024	British Columbia	Colombie-Britannique	Federal Skilled Worker	Travailleurs qualifiés	Score 601 - 700	Note 601 - 700	10
2024	2024	British Columbia	Colombie-Britannique	Provincial Nominee Program	Candidats des provinces ou des territoires	Score 1001 - 1100	Note 1001 - 1100	2060
2024	2024	British Columbia	Colombie-Britannique	Provincial Nominee Program	Candidats des provinces ou des territoires	Score 1101 - 1200	Note 1101 - 1200	35
2024	2024	British Columbia	Colombie-Britannique	Provincial Nominee Program	Candidats des provinces ou des territoires	Score 601 - 700	Note 601 - 700	--
2024	2024	British Columbia	Colombie-Britannique	Provincial Nominee Program	Candidats des provinces ou des territoires	Score 701 - 800	Note 701 - 800	75
2024	2024	British Columbia	Colombie-Britannique	Provincial Nominee Program	Candidats des provinces ou des territoires	Score 801 - 900	Note 801 - 900	410
2024	2024	British Columbia	Colombie-Britannique	Provincial Nominee Program	Candidats des provinces ou des territoires	Score 901 - 1000	Note 901 - 1000	2155
2024	2024	Manitoba	Manitoba	Canadian Experience Class	Catégorie de l'expérience canadienne	Score 351 - 400	Note 351 - 400	--
2024	2024	Manitoba	Manitoba	Canadian Experience Class	Catégorie de l'expérience canadienne	Score 401 - 450	Note 401 - 450	45
2024	2024	Manitoba	Manitoba	Canadian Experience Class	Catégorie de l'expérience canadienne	Score 451 - 500	Note 451 - 500	95
2024	2024	Manitoba	Manitoba	Canadian Experience Class	Catégorie de l'expérience canadienne	Score 501 - 600	Note 501 - 600	175
2024	2024	Manitoba	Manitoba	Canadian Experience Class	Catégorie de l'expérience canadienne	Score 601 - 700	Note 601 - 700	--
2024	2024	Manitoba	Manitoba	Federal Skilled Worker	Travailleurs qualifiés	Score 301 - 350	Note 301 - 350	10
2024	2024	Manitoba	Manitoba	Federal Skilled Worker	Travailleurs qualifiés	Score 351 - 400	Note 351 - 400	90
2024	2024	Manitoba	Manitoba	Federal Skilled Worker	Travailleurs qualifiés	Score 401 - 450	Note 401 - 450	220
2024	2024	Manitoba	Manitoba	Federal Skilled Worker	Travailleurs qualifiés	Score 451 - 500	Note 451 - 500	215
2024	2024	Manitoba	Manitoba	Federal Skilled Worker	Travailleurs qualifiés	Score 501 - 600	Note 501 - 600	40
2024	2024	Manitoba	Manitoba	Federal Skilled Worker	Travailleurs qualifiés	Score 601 - 700	Note 601 - 700	--
2024	2024	Manitoba	Manitoba	Provincial Nominee Program	Candidats des provinces ou des territoires	Score 1001 - 1100	Note 1001 - 1100	700
2024	2024	Manitoba	Manitoba	Provincial Nominee Program	Candidats des provinces ou des territoires	Score 1101 - 1200	Note 1101 - 1200	5
2024	2024	Manitoba	Manitoba	Provincial Nominee Program	Candidats des provinces ou des territoires	Score 601 - 700	Note 601 - 700	--
2024	2024	Manitoba	Manitoba	Provincial Nominee Program	Candidats des provinces ou des territoires	Score 701 - 800	Note 701 - 800	20
2024	2024	Manitoba	Manitoba	Provincial Nominee Program	Candidats des provinces ou des territoires	Score 801 - 900	Note 801 - 900	105
2024	2024	Manitoba	Manitoba	Provincial Nominee Program	Candidats des provinces ou des territoires	Score 901 - 1000	Note 901 - 1000	1585
2024	2024	New Brunswick	Nouveau-Brunswick	Canadian Experience Class	Catégorie de l'expérience canadienne	Score 301 - 350	Note 301 - 350	--
2024	2024	New Brunswick	Nouveau-Brunswick	Canadian Experience Class	Catégorie de l'expérience canadienne	Score 351 - 400	Note 351 - 400	--
2024	2024	New Brunswick	Nouveau-Brunswick	Canadian Experience Class	Catégorie de l'expérience canadienne	Score 401 - 450	Note 401 - 450	30
2024	2024	New Brunswick	Nouveau-Brunswick	Canadian Experience Class	Catégorie de l'expérience canadienne	Score 451 - 500	Note 451 - 500	70
2024	2024	New Brunswick	Nouveau-Brunswick	Canadian Experience Class	Catégorie de l'expérience canadienne	Score 501 - 600	Note 501 - 600	105
2024	2024	New Brunswick	Nouveau-Brunswick	Canadian Experience Class	Catégorie de l'expérience canadienne	Score 601 - 700	Note 601 - 700	--
2024	2024	New Brunswick	Nouveau-Brunswick	Federal Skilled Worker	Travailleurs qualifiés	Score 301 - 350	Note 301 - 350	35
2024	2024	New Brunswick	Nouveau-Brunswick	Federal Skilled Worker	Travailleurs qualifiés	Score 351 - 400	Note 351 - 400	290
2024	2024	New Brunswick	Nouveau-Brunswick	Federal Skilled Worker	Travailleurs qualifiés	Score 401 - 450	Note 401 - 450	565
2024	2024	New Brunswick	Nouveau-Brunswick	Federal Skilled Worker	Travailleurs qualifiés	Score 451 - 500	Note 451 - 500	305
2024	2024	New Brunswick	Nouveau-Brunswick	Federal Skilled Worker	Travailleurs qualifiés	Score 501 - 600	Note 501 - 600	50
2024	2024	New Brunswick	Nouveau-Brunswick	Federal Skilled Worker	Travailleurs qualifiés	Score 601 - 700	Note 601 - 700	--
2024	2024	New Brunswick	Nouveau-Brunswick	Provincial Nominee Program	Candidats des provinces ou des territoires	Score 1001 - 1100	Note 1001 - 1100	455
2024	2024	New Brunswick	Nouveau-Brunswick	Provincial Nominee Program	Candidats des provinces ou des territoires	Score 1101 - 1200	Note 1101 - 1200	--
2024	2024	New Brunswick	Nouveau-Brunswick	Provincial Nominee Program	Candidats des provinces ou des territoires	Score 701 - 800	Note 701 - 800	--
2024	2024	New Brunswick	Nouveau-Brunswick	Provincial Nominee Program	Candidats des provinces ou des territoires	Score 801 - 900	Note 801 - 900	60
2024	2024	New Brunswick	Nouveau-Brunswick	Provincial Nominee Program	Candidats des provinces ou des territoires	Score 901 - 1000	Note 901 - 1000	845
2024	2024	Newfoundland and Labrador	Terre-Neuve-et-Labrador	Canadian Experience Class	Catégorie de l'expérience canadienne	Score 351 - 400	Note 351 - 400	--
2024	2024	Newfoundland and Labrador	Terre-Neuve-et-Labrador	Canadian Experience Class	Catégorie de l'expérience canadienne	Score 451 - 500	Note 451 - 500	10
2024	2024	Newfoundland and Labrador	Terre-Neuve-et-Labrador	Canadian Experience Class	Catégorie de l'expérience canadienne	Score 501 - 600	Note 501 - 600	50
2024	2024	Newfoundland and Labrador	Terre-Neuve-et-Labrador	Federal Skilled Worker	Travailleurs qualifiés	Score 351 - 400	Note 351 - 400	5
2024	2024	Newfoundland and Labrador	Terre-Neuve-et-Labrador	Federal Skilled Worker	Travailleurs qualifiés	Score 401 - 450	Note 401 - 450	5
2024	2024	Newfoundland and Labrador	Terre-Neuve-et-Labrador	Federal Skilled Worker	Travailleurs qualifiés	Score 451 - 500	Note 451 - 500	15
2024	2024	Newfoundland and Labrador	Terre-Neuve-et-Labrador	Federal Skilled Worker	Travailleurs qualifiés	Score 501 - 600	Note 501 - 600	5
2024	2024	Newfoundland and Labrador	Terre-Neuve-et-Labrador	Provincial Nominee Program	Candidats des provinces ou des territoires	Score 1001 - 1100	Note 1001 - 1100	115
2024	2024	Newfoundland and Labrador	Terre-Neuve-et-Labrador	Provincial Nominee Program	Candidats des provinces ou des territoires	Score 801 - 900	Note 801 - 900	--
2024	2024	Newfoundland and Labrador	Terre-Neuve-et-Labrador	Provincial Nominee Program	Candidats des provinces ou des territoires	Score 901 - 1000	Note 901 - 1000	80
2024	2024	Northwest Territories	Territoires du Nord-Ouest	Canadian Experience Class	Catégorie de l'expérience canadienne	Score 451 - 500	Note 451 - 500	5
2024	2024	Northwest Territories	Territoires du Nord-Ouest	Canadian Experience Class	Catégorie de l'expérience canadienne	Score 501 - 600	Note 501 - 600	10
2024	2024	Northwest Territories	Territoires du Nord-Ouest	Federal Skilled Worker	Travailleurs qualifiés	Score 351 - 400	Note 351 - 400	--
2024	2024	Northwest Territories	Territoires du Nord-Ouest	Federal Skilled Worker	Travailleurs qualifiés	Score 401 - 450	Note 401 - 450	--
2024	2024	Northwest Territories	Territoires du Nord-Ouest	Federal Skilled Worker	Travailleurs qualifiés	Score 451 - 500	Note 451 - 500	--
2024	2024	Northwest Territories	Territoires du Nord-Ouest	Provincial Nominee Program	Candidats des provinces ou des territoires	Score 1001 - 1100	Note 1001 - 1100	20
2024	2024	Northwest Territories	Territoires du Nord-Ouest	Provincial Nominee Program	Candidats des provinces ou des territoires	Score 701 - 800	Note 701 - 800	--
2024	2024	Northwest Territories	Territoires du Nord-Ouest	Provincial Nominee Program	Candidats des provinces ou des territoires	Score 801 - 900	Note 801 - 900	10
2024	2024	Northwest Territories	Territoires du Nord-Ouest	Provincial Nominee Program	Candidats des provinces ou des territoires	Score 901 - 1000	Note 901 - 1000	40
2024	2024	Nova Scotia	Nouvelle-Écosse	Canadian Experience Class	Catégorie de l'expérience canadienne	Score 351 - 400	Note 351 - 400	--
2024	2024	Nova Scotia	Nouvelle-Écosse	Canadian Experience Class	Catégorie de l'expérience canadienne	Score 401 - 450	Note 401 - 450	15
2024	2024	Nova Scotia	Nouvelle-Écosse	Canadian Experience Class	Catégorie de l'expérience canadienne	Score 451 - 500	Note 451 - 500	140
2024	2024	Nova Scotia	Nouvelle-Écosse	Canadian Experience Class	Catégorie de l'expérience canadienne	Score 501 - 600	Note 501 - 600	385
2024	2024	Nova Scotia	Nouvelle-Écosse	Canadian Experience Class	Catégorie de l'expérience canadienne	Score 601 - 700	Note 601 - 700	--
2024	2024	Nova Scotia	Nouvelle-Écosse	Federal Skilled Worker	Travailleurs qualifiés	Score 351 - 400	Note 351 - 400	15
2024	2024	Nova Scotia	Nouvelle-Écosse	Federal Skilled Worker	Travailleurs qualifiés	Score 401 - 450	Note 401 - 450	45
2024	2024	Nova Scotia	Nouvelle-Écosse	Federal Skilled Worker	Travailleurs qualifiés	Score 451 - 500	Note 451 - 500	80
2024	2024	Nova Scotia	Nouvelle-Écosse	Federal Skilled Worker	Travailleurs qualifiés	Score 501 - 600	Note 501 - 600	25
2024	2024	Nova Scotia	Nouvelle-Écosse	Provincial Nominee Program	Candidats des provinces ou des territoires	Score 1001 - 1100	Note 1001 - 1100	440
2024	2024	Nova Scotia	Nouvelle-Écosse	Provincial Nominee Program	Candidats des provinces ou des territoires	Score 1101 - 1200	Note 1101 - 1200	--
2024	2024	Nova Scotia	Nouvelle-Écosse	Provincial Nominee Program	Candidats des provinces ou des territoires	Score 601 - 700	Note 601 - 700	--
2024	2024	Nova Scotia	Nouvelle-Écosse	Provincial Nominee Program	Candidats des provinces ou des territoires	Score 701 - 800	Note 701 - 800	25
2024	2024	Nova Scotia	Nouvelle-Écosse	Provincial Nominee Program	Candidats des provinces ou des territoires	Score 801 - 900	Note 801 - 900	80
2024	2024	Nova Scotia	Nouvelle-Écosse	Provincial Nominee Program	Candidats des provinces ou des territoires	Score 901 - 1000	Note 901 - 1000	370
2024	2024	Nunavut	Nunavut	Canadian Experience Class	Catégorie de l'expérience canadienne	Score 451 - 500	Note 451 - 500	--
2024	2024	Nunavut	Nunavut	Canadian Experience Class	Catégorie de l'expérience canadienne	Score 501 - 600	Note 501 - 600	10
2024	2024	Nunavut	Nunavut	Federal Skilled Worker	Travailleurs qualifiés	Score 351 - 400	Note 351 - 400	--
2024	2024	Nunavut	Nunavut	Federal Skilled Worker	Travailleurs qualifiés	Score 401 - 450	Note 401 - 450	--
2024	2024	Nunavut	Nunavut	Federal Skilled Worker	Travailleurs qualifiés	Score 451 - 500	Note 451 - 500	--
2024	2024	Ontario	Ontario	Canadian Experience Class	Catégorie de l'expérience canadienne	Score 301 - 350	Note 301 - 350	10
2024	2024	Ontario	Ontario	Canadian Experience Class	Catégorie de l'expérience canadienne	Score 351 - 400	Note 351 - 400	55
2024	2024	Ontario	Ontario	Canadian Experience Class	Catégorie de l'expérience canadienne	Score 401 - 450	Note 401 - 450	2250
2024	2024	Ontario	Ontario	Canadian Experience Class	Catégorie de l'expérience canadienne	Score 451 - 500	Note 451 - 500	7505
2024	2024	Ontario	Ontario	Canadian Experience Class	Catégorie de l'expérience canadienne	Score 501 - 600	Note 501 - 600	20905
2024	2024	Ontario	Ontario	Canadian Experience Class	Catégorie de l'expérience canadienne	Score 601 - 700	Note 601 - 700	250
2024	2024	Ontario	Ontario	Canadian Experience Class	Catégorie de l'expérience canadienne	Score 701 - 800	Note 701 - 800	--
2024	2024	Ontario	Ontario	Federal Skilled Trades	Métiers spécialisés	Score 401 - 450	Note 401 - 450	--
2024	2024	Ontario	Ontario	Federal Skilled Worker	Travailleurs qualifiés	Score 301 - 350	Note 301 - 350	130
2024	2024	Ontario	Ontario	Federal Skilled Worker	Travailleurs qualifiés	Score 351 - 400	Note 351 - 400	1820
2024	2024	Ontario	Ontario	Federal Skilled Worker	Travailleurs qualifiés	Score 401 - 450	Note 401 - 450	5215
2024	2024	Ontario	Ontario	Federal Skilled Worker	Travailleurs qualifiés	Score 451 - 500	Note 451 - 500	5335
2024	2024	Ontario	Ontario	Federal Skilled Worker	Travailleurs qualifiés	Score 501 - 600	Note 501 - 600	1715
2024	2024	Ontario	Ontario	Federal Skilled Worker	Travailleurs qualifiés	Score 601 - 700	Note 601 - 700	35
2024	2024	Ontario	Ontario	Provincial Nominee Program	Candidats des provinces ou des territoires	Score 1001 - 1100	Note 1001 - 1100	7125
2024	2024	Ontario	Ontario	Provincial Nominee Program	Candidats des provinces ou des territoires	Score 1101 - 1200	Note 1101 - 1200	15
2024	2024	Ontario	Ontario	Provincial Nominee Program	Candidats des provinces ou des territoires	Score 701 - 800	Note 701 - 800	--
2024	2024	Ontario	Ontario	Provincial Nominee Program	Candidats des provinces ou des territoires	Score 801 - 900	Note 801 - 900	155
2024	2024	Ontario	Ontario	Provincial Nominee Program	Candidats des provinces ou des territoires	Score 901 - 1000	Note 901 - 1000	5125
2024	2024	Prince Edward Island	Île-du-Prince-Édouard	Canadian Experience Class	Catégorie de l'expérience canadienne	Score 401 - 450	Note 401 - 450	10
2024	2024	Prince Edward Island	Île-du-Prince-Édouard	Canadian Experience Class	Catégorie de l'expérience canadienne	Score 451 - 500	Note 451 - 500	10
2024	2024	Prince Edward Island	Île-du-Prince-Édouard	Canadian Experience Class	Catégorie de l'expérience canadienne	Score 501 - 600	Note 501 - 600	20
2024	2024	Prince Edward Island	Île-du-Prince-Édouard	Federal Skilled Worker	Travailleurs qualifiés	Score 301 - 350	Note 301 - 350	--
2024	2024	Prince Edward Island	Île-du-Prince-Édouard	Federal Skilled Worker	Travailleurs qualifiés	Score 351 - 400	Note 351 - 400	5
2024	2024	Prince Edward Island	Île-du-Prince-Édouard	Federal Skilled Worker	Travailleurs qualifiés	Score 401 - 450	Note 401 - 450	15
2024	2024	Prince Edward Island	Île-du-Prince-Édouard	Federal Skilled Worker	Travailleurs qualifiés	Score 451 - 500	Note 451 - 500	15
2024	2024	Prince Edward Island	Île-du-Prince-Édouard	Federal Skilled Worker	Travailleurs qualifiés	Score 501 - 600	Note 501 - 600	--
2024	2024	Prince Edward Island	Île-du-Prince-Édouard	Provincial Nominee Program	Candidats des provinces ou des territoires	Score 1001 - 1100	Note 1001 - 1100	60
2024	2024	Prince Edward Island	Île-du-Prince-Édouard	Provincial Nominee Program	Candidats des provinces ou des territoires	Score 1101 - 1200	Note 1101 - 1200	--
2024	2024	Prince Edward Island	Île-du-Prince-Édouard	Provincial Nominee Program	Candidats des provinces ou des territoires	Score 701 - 800	Note 701 - 800	--
2024	2024	Prince Edward Island	Île-du-Prince-Édouard	Provincial Nominee Program	Candidats des provinces ou des territoires	Score 801 - 900	Note 801 - 900	30
2024	2024	Prince Edward Island	Île-du-Prince-Édouard	Provincial Nominee Program	Candidats des provinces ou des territoires	Score 901 - 1000	Note 901 - 1000	180
2024	2024	Saskatchewan	Saskatchewan	Canadian Experience Class	Catégorie de l'expérience canadienne	Score 401 - 450	Note 401 - 450	15
2024	2024	Saskatchewan	Saskatchewan	Canadian Experience Class	Catégorie de l'expérience canadienne	Score 451 - 500	Note 451 - 500	60
2024	2024	Saskatchewan	Saskatchewan	Canadian Experience Class	Catégorie de l'expérience canadienne	Score 501 - 600	Note 501 - 600	170
2024	2024	Saskatchewan	Saskatchewan	Canadian Experience Class	Catégorie de l'expérience canadienne	Score 601 - 700	Note 601 - 700	--
2024	2024	Saskatchewan	Saskatchewan	Federal Skilled Worker	Travailleurs qualifiés	Score 351 - 400	Note 351 - 400	25
2024	2024	Saskatchewan	Saskatchewan	Federal Skilled Worker	Travailleurs qualifiés	Score 401 - 450	Note 401 - 450	90
2024	2024	Saskatchewan	Saskatchewan	Federal Skilled Worker	Travailleurs qualifiés	Score 451 - 500	Note 451 - 500	100
2024	2024	Saskatchewan	Saskatchewan	Federal Skilled Worker	Travailleurs qualifiés	Score 501 - 600	Note 501 - 600	15
2024	2024	Saskatchewan	Saskatchewan	Provincial Nominee Program	Candidats des provinces ou des territoires	Score 1001 - 1100	Note 1001 - 1100	155
2024	2024	Saskatchewan	Saskatchewan	Provincial Nominee Program	Candidats des provinces ou des territoires	Score 1101 - 1200	Note 1101 - 1200	--
2024	2024	Saskatchewan	Saskatchewan	Provincial Nominee Program	Candidats des provinces ou des territoires	Score 801 - 900	Note 801 - 900	35
2024	2024	Saskatchewan	Saskatchewan	Provincial Nominee Program	Candidats des provinces ou des territoires	Score 901 - 1000	Note 901 - 1000	390
2024	2024	Yukon	Yukon	Canadian Experience Class	Catégorie de l'expérience canadienne	Score 401 - 450	Note 401 - 450	5
2024	2024	Yukon	Yukon	Canadian Experience Class	Catégorie de l'expérience canadienne	Score 451 - 500	Note 451 - 500	5
2024	2024	Yukon	Yukon	Canadian Experience Class	Catégorie de l'expérience canadienne	Score 501 - 600	Note 501 - 600	10
2024	2024	Yukon	Yukon	Federal Skilled Worker	Travailleurs qualifiés	Score 351 - 400	Note 351 - 400	--
2024	2024	Yukon	Yukon	Federal Skilled Worker	Travailleurs qualifiés	Score 401 - 450	Note 401 - 450	--
2024	2024	Yukon	Yukon	Federal Skilled Worker	Travailleurs qualifiés	Score 451 - 500	Note 451 - 500	5
2024	2024	Yukon	Yukon	Federal Skilled Worker	Travailleurs qualifiés	Score 501 - 600	Note 501 - 600	5
2024	2024	Yukon	Yukon	Provincial Nominee Program	Candidats des provinces ou des territoires	Score 1001 - 1100	Note 1001 - 1100	10
2024	2024	Yukon	Yukon	Provincial Nominee Program	Candidats des provinces ou des territoires	Score 701 - 800	Note 701 - 800	--
2024	2024	Yukon	Yukon	Provincial Nominee Program	Candidats des provinces ou des territoires	Score 801 - 900	Note 801 - 900	--
2024	2024	Yukon	Yukon	Provincial Nominee Program	Candidats des provinces ou des territoires	Score 901 - 1000	Note 901 - 1000	25
2025	2025	Alberta	Alberta	Canadian Experience Class	Catégorie de l'expérience canadienne	Score 351 - 400	Note 351 - 400	15
2025	2025	Alberta	Alberta	Canadian Experience Class	Catégorie de l'expérience canadienne	Score 401 - 450	Note 401 - 450	90
2025	2025	Alberta	Alberta	Canadian Experience Class	Catégorie de l'expérience canadienne	Score 451 - 500	Note 451 - 500	730
2025	2025	Alberta	Alberta	Canadian Experience Class	Catégorie de l'expérience canadienne	Score 501 - 600	Note 501 - 600	1785
2025	2025	Alberta	Alberta	Canadian Experience Class	Catégorie de l'expérience canadienne	Score 601 - 700	Note 601 - 700	15
2025	2025	Alberta	Alberta	Federal Skilled Worker	Travailleurs qualifiés	Score 351 - 400	Note 351 - 400	415
2025	2025	Alberta	Alberta	Federal Skilled Worker	Travailleurs qualifiés	Score 401 - 450	Note 401 - 450	1700
2025	2025	Alberta	Alberta	Federal Skilled Worker	Travailleurs qualifiés	Score 451 - 500	Note 451 - 500	1905
2025	2025	Alberta	Alberta	Federal Skilled Worker	Travailleurs qualifiés	Score 501 - 600	Note 501 - 600	305
2025	2025	Alberta	Alberta	Provincial Nominee Program	Candidats des provinces ou des territoires	Score 1001 - 1100	Note 1001 - 1100	740
2025	2025	Alberta	Alberta	Provincial Nominee Program	Candidats des provinces ou des territoires	Score 1101 - 1200	Note 1101 - 1200	10
2025	2025	Alberta	Alberta	Provincial Nominee Program	Candidats des provinces ou des territoires	Score 801 - 900	Note 801 - 900	40
2025	2025	Alberta	Alberta	Provincial Nominee Program	Candidats des provinces ou des territoires	Score 901 - 1000	Note 901 - 1000	735
2025	2025	British Columbia	Colombie-Britannique	Canadian Experience Class	Catégorie de l'expérience canadienne	Score 351 - 400	Note 351 - 400	15
2025	2025	British Columbia	Colombie-Britannique	Canadian Experience Class	Catégorie de l'expérience canadienne	Score 401 - 450	Note 401 - 450	80
2025	2025	British Columbia	Colombie-Britannique	Canadian Experience Class	Catégorie de l'expérience canadienne	Score 451 - 500	Note 451 - 500	1465
2025	2025	British Columbia	Colombie-Britannique	Canadian Experience Class	Catégorie de l'expérience canadienne	Score 501 - 600	Note 501 - 600	5510
2025	2025	British Columbia	Colombie-Britannique	Canadian Experience Class	Catégorie de l'expérience canadienne	Score 601 - 700	Note 601 - 700	30
2025	2025	British Columbia	Colombie-Britannique	Federal Skilled Worker	Travailleurs qualifiés	Score 351 - 400	Note 351 - 400	35
2025	2025	British Columbia	Colombie-Britannique	Federal Skilled Worker	Travailleurs qualifiés	Score 401 - 450	Note 401 - 450	345
2025	2025	British Columbia	Colombie-Britannique	Federal Skilled Worker	Travailleurs qualifiés	Score 451 - 500	Note 451 - 500	735
2025	2025	British Columbia	Colombie-Britannique	Federal Skilled Worker	Travailleurs qualifiés	Score 501 - 600	Note 501 - 600	285
2025	2025	British Columbia	Colombie-Britannique	Federal Skilled Worker	Travailleurs qualifiés	Score 601 - 700	Note 601 - 700	--
2025	2025	British Columbia	Colombie-Britannique	Provincial Nominee Program	Candidats des provinces ou des territoires	Score 1001 - 1100	Note 1001 - 1100	1175
2025	2025	British Columbia	Colombie-Britannique	Provincial Nominee Program	Candidats des provinces ou des territoires	Score 1101 - 1200	Note 1101 - 1200	30
2025	2025	British Columbia	Colombie-Britannique	Provincial Nominee Program	Candidats des provinces ou des territoires	Score 601 - 700	Note 601 - 700	--
2025	2025	British Columbia	Colombie-Britannique	Provincial Nominee Program	Candidats des provinces ou des territoires	Score 701 - 800	Note 701 - 800	25
2025	2025	British Columbia	Colombie-Britannique	Provincial Nominee Program	Candidats des provinces ou des territoires	Score 801 - 900	Note 801 - 900	145
2025	2025	British Columbia	Colombie-Britannique	Provincial Nominee Program	Candidats des provinces ou des territoires	Score 901 - 1000	Note 901 - 1000	945
2025	2025	Manitoba	Manitoba	Canadian Experience Class	Catégorie de l'expérience canadienne	Score 351 - 400	Note 351 - 400	--
2025	2025	Manitoba	Manitoba	Canadian Experience Class	Catégorie de l'expérience canadienne	Score 401 - 450	Note 401 - 450	20
2025	2025	Manitoba	Manitoba	Canadian Experience Class	Catégorie de l'expérience canadienne	Score 451 - 500	Note 451 - 500	145
2025	2025	Manitoba	Manitoba	Canadian Experience Class	Catégorie de l'expérience canadienne	Score 501 - 600	Note 501 - 600	205
2025	2025	Manitoba	Manitoba	Canadian Experience Class	Catégorie de l'expérience canadienne	Score 601 - 700	Note 601 - 700	--
2025	2025	Manitoba	Manitoba	Federal Skilled Worker	Travailleurs qualifiés	Score 351 - 400	Note 351 - 400	120
2025	2025	Manitoba	Manitoba	Federal Skilled Worker	Travailleurs qualifiés	Score 401 - 450	Note 401 - 450	445
2025	2025	Manitoba	Manitoba	Federal Skilled Worker	Travailleurs qualifiés	Score 451 - 500	Note 451 - 500	365
2025	2025	Manitoba	Manitoba	Federal Skilled Worker	Travailleurs qualifiés	Score 501 - 600	Note 501 - 600	55
2025	2025	Manitoba	Manitoba	Provincial Nominee Program	Candidats des provinces ou des territoires	Score 1001 - 1100	Note 1001 - 1100	420
2025	2025	Manitoba	Manitoba	Provincial Nominee Program	Candidats des provinces ou des territoires	Score 1101 - 1200	Note 1101 - 1200	5
2025	2025	Manitoba	Manitoba	Provincial Nominee Program	Candidats des provinces ou des territoires	Score 601 - 700	Note 601 - 700	--
2025	2025	Manitoba	Manitoba	Provincial Nominee Program	Candidats des provinces ou des territoires	Score 701 - 800	Note 701 - 800	15
2025	2025	Manitoba	Manitoba	Provincial Nominee Program	Candidats des provinces ou des territoires	Score 801 - 900	Note 801 - 900	90
2025	2025	Manitoba	Manitoba	Provincial Nominee Program	Candidats des provinces ou des territoires	Score 901 - 1000	Note 901 - 1000	665
2025	2025	New Brunswick	Nouveau-Brunswick	Canadian Experience Class	Catégorie de l'expérience canadienne	Score 351 - 400	Note 351 - 400	--
2025	2025	New Brunswick	Nouveau-Brunswick	Canadian Experience Class	Catégorie de l'expérience canadienne	Score 401 - 450	Note 401 - 450	65
2025	2025	New Brunswick	Nouveau-Brunswick	Canadian Experience Class	Catégorie de l'expérience canadienne	Score 451 - 500	Note 451 - 500	150
2025	2025	New Brunswick	Nouveau-Brunswick	Canadian Experience Class	Catégorie de l'expérience canadienne	Score 501 - 600	Note 501 - 600	145
2025	2025	New Brunswick	Nouveau-Brunswick	Canadian Experience Class	Catégorie de l'expérience canadienne	Score 601 - 700	Note 601 - 700	--
2025	2025	New Brunswick	Nouveau-Brunswick	Federal Skilled Worker	Travailleurs qualifiés	Score 351 - 400	Note 351 - 400	250
2025	2025	New Brunswick	Nouveau-Brunswick	Federal Skilled Worker	Travailleurs qualifiés	Score 401 - 450	Note 401 - 450	1090
2025	2025	New Brunswick	Nouveau-Brunswick	Federal Skilled Worker	Travailleurs qualifiés	Score 451 - 500	Note 451 - 500	530
2025	2025	New Brunswick	Nouveau-Brunswick	Federal Skilled Worker	Travailleurs qualifiés	Score 501 - 600	Note 501 - 600	75
2025	2025	New Brunswick	Nouveau-Brunswick	Provincial Nominee Program	Candidats des provinces ou des territoires	Score 1001 - 1100	Note 1001 - 1100	415
2025	2025	New Brunswick	Nouveau-Brunswick	Provincial Nominee Program	Candidats des provinces ou des territoires	Score 1101 - 1200	Note 1101 - 1200	5
2025	2025	New Brunswick	Nouveau-Brunswick	Provincial Nominee Program	Candidats des provinces ou des territoires	Score 701 - 800	Note 701 - 800	--
2025	2025	New Brunswick	Nouveau-Brunswick	Provincial Nominee Program	Candidats des provinces ou des territoires	Score 801 - 900	Note 801 - 900	5
2025	2025	New Brunswick	Nouveau-Brunswick	Provincial Nominee Program	Candidats des provinces ou des territoires	Score 901 - 1000	Note 901 - 1000	250
2025	2025	Newfoundland and Labrador	Terre-Neuve-et-Labrador	Canadian Experience Class	Catégorie de l'expérience canadienne	Score 351 - 400	Note 351 - 400	--
2025	2025	Newfoundland and Labrador	Terre-Neuve-et-Labrador	Canadian Experience Class	Catégorie de l'expérience canadienne	Score 401 - 450	Note 401 - 450	--
2025	2025	Newfoundland and Labrador	Terre-Neuve-et-Labrador	Canadian Experience Class	Catégorie de l'expérience canadienne	Score 451 - 500	Note 451 - 500	20
2025	2025	Newfoundland and Labrador	Terre-Neuve-et-Labrador	Canadian Experience Class	Catégorie de l'expérience canadienne	Score 501 - 600	Note 501 - 600	50
2025	2025	Newfoundland and Labrador	Terre-Neuve-et-Labrador	Federal Skilled Worker	Travailleurs qualifiés	Score 351 - 400	Note 351 - 400	5
2025	2025	Newfoundland and Labrador	Terre-Neuve-et-Labrador	Federal Skilled Worker	Travailleurs qualifiés	Score 401 - 450	Note 401 - 450	35
2025	2025	Newfoundland and Labrador	Terre-Neuve-et-Labrador	Federal Skilled Worker	Travailleurs qualifiés	Score 451 - 500	Note 451 - 500	25
2025	2025	Newfoundland and Labrador	Terre-Neuve-et-Labrador	Federal Skilled Worker	Travailleurs qualifiés	Score 501 - 600	Note 501 - 600	5
2025	2025	Newfoundland and Labrador	Terre-Neuve-et-Labrador	Provincial Nominee Program	Candidats des provinces ou des territoires	Score 1001 - 1100	Note 1001 - 1100	150
2025	2025	Newfoundland and Labrador	Terre-Neuve-et-Labrador	Provincial Nominee Program	Candidats des provinces ou des territoires	Score 801 - 900	Note 801 - 900	--
2025	2025	Newfoundland and Labrador	Terre-Neuve-et-Labrador	Provincial Nominee Program	Candidats des provinces ou des territoires	Score 901 - 1000	Note 901 - 1000	100
2025	2025	Northwest Territories	Territoires du Nord-Ouest	Canadian Experience Class	Catégorie de l'expérience canadienne	Score 401 - 450	Note 401 - 450	5
2025	2025	Northwest Territories	Territoires du Nord-Ouest	Canadian Experience Class	Catégorie de l'expérience canadienne	Score 451 - 500	Note 451 - 500	15
2025	2025	Northwest Territories	Territoires du Nord-Ouest	Canadian Experience Class	Catégorie de l'expérience canadienne	Score 501 - 600	Note 501 - 600	20
2025	2025	Northwest Territories	Territoires du Nord-Ouest	Federal Skilled Worker	Travailleurs qualifiés	Score 351 - 400	Note 351 - 400	--
2025	2025	Northwest Territories	Territoires du Nord-Ouest	Federal Skilled Worker	Travailleurs qualifiés	Score 401 - 450	Note 401 - 450	10
2025	2025	Northwest Territories	Territoires du Nord-Ouest	Federal Skilled Worker	Travailleurs qualifiés	Score 451 - 500	Note 451 - 500	15
2025	2025	Northwest Territories	Territoires du Nord-Ouest	Federal Skilled Worker	Travailleurs qualifiés	Score 501 - 600	Note 501 - 600	--
2025	2025	Northwest Territories	Territoires du Nord-Ouest	Provincial Nominee Program	Candidats des provinces ou des territoires	Score 1001 - 1100	Note 1001 - 1100	35
2025	2025	Northwest Territories	Territoires du Nord-Ouest	Provincial Nominee Program	Candidats des provinces ou des territoires	Score 1101 - 1200	Note 1101 - 1200	--
2025	2025	Northwest Territories	Territoires du Nord-Ouest	Provincial Nominee Program	Candidats des provinces ou des territoires	Score 701 - 800	Note 701 - 800	--
2025	2025	Northwest Territories	Territoires du Nord-Ouest	Provincial Nominee Program	Candidats des provinces ou des territoires	Score 801 - 900	Note 801 - 900	10
2025	2025	Northwest Territories	Territoires du Nord-Ouest	Provincial Nominee Program	Candidats des provinces ou des territoires	Score 901 - 1000	Note 901 - 1000	35
2025	2025	Nova Scotia	Nouvelle-Écosse	Canadian Experience Class	Catégorie de l'expérience canadienne	Score 351 - 400	Note 351 - 400	--
2025	2025	Nova Scotia	Nouvelle-Écosse	Canadian Experience Class	Catégorie de l'expérience canadienne	Score 401 - 450	Note 401 - 450	10
2025	2025	Nova Scotia	Nouvelle-Écosse	Canadian Experience Class	Catégorie de l'expérience canadienne	Score 451 - 500	Note 451 - 500	150
2025	2025	Nova Scotia	Nouvelle-Écosse	Canadian Experience Class	Catégorie de l'expérience canadienne	Score 501 - 600	Note 501 - 600	355
2025	2025	Nova Scotia	Nouvelle-Écosse	Canadian Experience Class	Catégorie de l'expérience canadienne	Score 601 - 700	Note 601 - 700	--
2025	2025	Nova Scotia	Nouvelle-Écosse	Federal Skilled Worker	Travailleurs qualifiés	Score 351 - 400	Note 351 - 400	30
2025	2025	Nova Scotia	Nouvelle-Écosse	Federal Skilled Worker	Travailleurs qualifiés	Score 401 - 450	Note 401 - 450	120
2025	2025	Nova Scotia	Nouvelle-Écosse	Federal Skilled Worker	Travailleurs qualifiés	Score 451 - 500	Note 451 - 500	120
2025	2025	Nova Scotia	Nouvelle-Écosse	Federal Skilled Worker	Travailleurs qualifiés	Score 501 - 600	Note 501 - 600	25
2025	2025	Nova Scotia	Nouvelle-Écosse	Provincial Nominee Program	Candidats des provinces ou des territoires	Score 1001 - 1100	Note 1001 - 1100	360
2025	2025	Nova Scotia	Nouvelle-Écosse	Provincial Nominee Program	Candidats des provinces ou des territoires	Score 1101 - 1200	Note 1101 - 1200	5
2025	2025	Nova Scotia	Nouvelle-Écosse	Provincial Nominee Program	Candidats des provinces ou des territoires	Score 601 - 700	Note 601 - 700	--
2025	2025	Nova Scotia	Nouvelle-Écosse	Provincial Nominee Program	Candidats des provinces ou des territoires	Score 701 - 800	Note 701 - 800	15
2025	2025	Nova Scotia	Nouvelle-Écosse	Provincial Nominee Program	Candidats des provinces ou des territoires	Score 801 - 900	Note 801 - 900	55
2025	2025	Nova Scotia	Nouvelle-Écosse	Provincial Nominee Program	Candidats des provinces ou des territoires	Score 901 - 1000	Note 901 - 1000	245
2025	2025	Nunavut	Nunavut	Canadian Experience Class	Catégorie de l'expérience canadienne	Score 351 - 400	Note 351 - 400	--
2025	2025	Nunavut	Nunavut	Canadian Experience Class	Catégorie de l'expérience canadienne	Score 401 - 450	Note 401 - 450	--
2025	2025	Nunavut	Nunavut	Canadian Experience Class	Catégorie de l'expérience canadienne	Score 451 - 500	Note 451 - 500	--
2025	2025	Nunavut	Nunavut	Canadian Experience Class	Catégorie de l'expérience canadienne	Score 501 - 600	Note 501 - 600	10
2025	2025	Nunavut	Nunavut	Federal Skilled Worker	Travailleurs qualifiés	Score 351 - 400	Note 351 - 400	--
2025	2025	Nunavut	Nunavut	Federal Skilled Worker	Travailleurs qualifiés	Score 401 - 450	Note 401 - 450	20
2025	2025	Nunavut	Nunavut	Federal Skilled Worker	Travailleurs qualifiés	Score 451 - 500	Note 451 - 500	30
2025	2025	Ontario	Ontario	Canadian Experience Class	Catégorie de l'expérience canadienne	Score 351 - 400	Note 351 - 400	50
2025	2025	Ontario	Ontario	Canadian Experience Class	Catégorie de l'expérience canadienne	Score 401 - 450	Note 401 - 450	740
2025	2025	Ontario	Ontario	Canadian Experience Class	Catégorie de l'expérience canadienne	Score 451 - 500	Note 451 - 500	6180
2025	2025	Ontario	Ontario	Canadian Experience Class	Catégorie de l'expérience canadienne	Score 501 - 600	Note 501 - 600	16640
2025	2025	Ontario	Ontario	Canadian Experience Class	Catégorie de l'expérience canadienne	Score 601 - 700	Note 601 - 700	120
2025	2025	Ontario	Ontario	Canadian Experience Class	Catégorie de l'expérience canadienne	Score 701 - 800	Note 701 - 800	--
2025	2025	Ontario	Ontario	Federal Skilled Worker	Travailleurs qualifiés	Score 351 - 400	Note 351 - 400	1900
2025	2025	Ontario	Ontario	Federal Skilled Worker	Travailleurs qualifiés	Score 401 - 450	Note 401 - 450	8840
2025	2025	Ontario	Ontario	Federal Skilled Worker	Travailleurs qualifiés	Score 451 - 500	Note 451 - 500	7255
2025	2025	Ontario	Ontario	Federal Skilled Worker	Travailleurs qualifiés	Score 501 - 600	Note 501 - 600	1650
2025	2025	Ontario	Ontario	Federal Skilled Worker	Travailleurs qualifiés	Score 601 - 700	Note 601 - 700	--
2025	2025	Ontario	Ontario	Provincial Nominee Program	Candidats des provinces ou des territoires	Score 1001 - 1100	Note 1001 - 1100	1435
2025	2025	Ontario	Ontario	Provincial Nominee Program	Candidats des provinces ou des territoires	Score 1101 - 1200	Note 1101 - 1200	20
2025	2025	Ontario	Ontario	Provincial Nominee Program	Candidats des provinces ou des territoires	Score 801 - 900	Note 801 - 900	20
2025	2025	Ontario	Ontario	Provincial Nominee Program	Candidats des provinces ou des territoires	Score 901 - 1000	Note 901 - 1000	1375
2025	2025	Prince Edward Island	Île-du-Prince-Édouard	Canadian Experience Class	Catégorie de l'expérience canadienne	Score 451 - 500	Note 451 - 500	15
2025	2025	Prince Edward Island	Île-du-Prince-Édouard	Canadian Experience Class	Catégorie de l'expérience canadienne	Score 501 - 600	Note 501 - 600	45
2025	2025	Prince Edward Island	Île-du-Prince-Édouard	Federal Skilled Worker	Travailleurs qualifiés	Score 351 - 400	Note 351 - 400	5
2025	2025	Prince Edward Island	Île-du-Prince-Édouard	Federal Skilled Worker	Travailleurs qualifiés	Score 401 - 450	Note 401 - 450	30
2025	2025	Prince Edward Island	Île-du-Prince-Édouard	Federal Skilled Worker	Travailleurs qualifiés	Score 451 - 500	Note 451 - 500	35
2025	2025	Prince Edward Island	Île-du-Prince-Édouard	Federal Skilled Worker	Travailleurs qualifiés	Score 501 - 600	Note 501 - 600	5
2025	2025	Prince Edward Island	Île-du-Prince-Édouard	Provincial Nominee Program	Candidats des provinces ou des territoires	Score 1001 - 1100	Note 1001 - 1100	90
2025	2025	Prince Edward Island	Île-du-Prince-Édouard	Provincial Nominee Program	Candidats des provinces ou des territoires	Score 701 - 800	Note 701 - 800	--
2025	2025	Prince Edward Island	Île-du-Prince-Édouard	Provincial Nominee Program	Candidats des provinces ou des territoires	Score 801 - 900	Note 801 - 900	20
2025	2025	Prince Edward Island	Île-du-Prince-Édouard	Provincial Nominee Program	Candidats des provinces ou des territoires	Score 901 - 1000	Note 901 - 1000	120
2025	2025	Saskatchewan	Saskatchewan	Canadian Experience Class	Catégorie de l'expérience canadienne	Score 401 - 450	Note 401 - 450	--
2025	2025	Saskatchewan	Saskatchewan	Canadian Experience Class	Catégorie de l'expérience canadienne	Score 451 - 500	Note 451 - 500	75
2025	2025	Saskatchewan	Saskatchewan	Canadian Experience Class	Catégorie de l'expérience canadienne	Score 501 - 600	Note 501 - 600	170
2025	2025	Saskatchewan	Saskatchewan	Federal Skilled Worker	Travailleurs qualifiés	Score 351 - 400	Note 351 - 400	15
2025	2025	Saskatchewan	Saskatchewan	Federal Skilled Worker	Travailleurs qualifiés	Score 401 - 450	Note 401 - 450	105
2025	2025	Saskatchewan	Saskatchewan	Federal Skilled Worker	Travailleurs qualifiés	Score 451 - 500	Note 451 - 500	165
2025	2025	Saskatchewan	Saskatchewan	Federal Skilled Worker	Travailleurs qualifiés	Score 501 - 600	Note 501 - 600	20
2025	2025	Saskatchewan	Saskatchewan	Provincial Nominee Program	Candidats des provinces ou des territoires	Score 1001 - 1100	Note 1001 - 1100	120
2025	2025	Saskatchewan	Saskatchewan	Provincial Nominee Program	Candidats des provinces ou des territoires	Score 701 - 800	Note 701 - 800	--
2025	2025	Saskatchewan	Saskatchewan	Provincial Nominee Program	Candidats des provinces ou des territoires	Score 801 - 900	Note 801 - 900	10
2025	2025	Saskatchewan	Saskatchewan	Provincial Nominee Program	Candidats des provinces ou des territoires	Score 901 - 1000	Note 901 - 1000	210
2025	2025	Yukon	Yukon	Canadian Experience Class	Catégorie de l'expérience canadienne	Score 351 - 400	Note 351 - 400	--
2025	2025	Yukon	Yukon	Canadian Experience Class	Catégorie de l'expérience canadienne	Score 401 - 450	Note 401 - 450	--
2025	2025	Yukon	Yukon	Canadian Experience Class	Catégorie de l'expérience canadienne	Score 451 - 500	Note 451 - 500	15
2025	2025	Yukon	Yukon	Canadian Experience Class	Catégorie de l'expérience canadienne	Score 501 - 600	Note 501 - 600	15
2025	2025	Yukon	Yukon	Federal Skilled Worker	Travailleurs qualifiés	Score 351 - 400	Note 351 - 400	--
2025	2025	Yukon	Yukon	Federal Skilled Worker	Travailleurs qualifiés	Score 401 - 450	Note 401 - 450	15
2025	2025	Yukon	Yukon	Federal Skilled Worker	Travailleurs qualifiés	Score 451 - 500	Note 451 - 500	15
2025	2025	Yukon	Yukon	Federal Skilled Worker	Travailleurs qualifiés	Score 501 - 600	Note 501 - 600	5
2025	2025	Yukon	Yukon	Provincial Nominee Program	Candidats des provinces ou des territoires	Score 1001 - 1100	Note 1001 - 1100	5
2025	2025	Yukon	Yukon	Provincial Nominee Program	Candidats des provinces ou des territoires	Score 801 - 900	Note 801 - 900	--
2025	2025	Yukon	Yukon	Provincial Nominee Program	Candidats des provinces ou des territoires	Score 901 - 1000	Note 901 - 1000	25
2026	2026	Alberta	Alberta	Canadian Experience Class	Catégorie de l'expérience canadienne	Score 201 - 250	Note 201 - 250	--
2026	2026	Alberta	Alberta	Canadian Experience Class	Catégorie de l'expérience canadienne	Score 351 - 400	Note 351 - 400	20
2026	2026	Alberta	Alberta	Canadian Experience Class	Catégorie de l'expérience canadienne	Score 401 - 450	Note 401 - 450	130
2026	2026	Alberta	Alberta	Canadian Experience Class	Catégorie de l'expérience canadienne	Score 451 - 500	Note 451 - 500	375
2026	2026	Alberta	Alberta	Canadian Experience Class	Catégorie de l'expérience canadienne	Score 501 - 600	Note 501 - 600	2145
2026	2026	Alberta	Alberta	Canadian Experience Class	Catégorie de l'expérience canadienne	Score 601 - 700	Note 601 - 700	--
2026	2026	Alberta	Alberta	Federal Skilled Worker	Travailleurs qualifiés	Score 251 - 300	Note 251 - 300	--
2026	2026	Alberta	Alberta	Federal Skilled Worker	Travailleurs qualifiés	Score 301 - 350	Note 301 - 350	5
2026	2026	Alberta	Alberta	Federal Skilled Worker	Travailleurs qualifiés	Score 351 - 400	Note 351 - 400	265
2026	2026	Alberta	Alberta	Federal Skilled Worker	Travailleurs qualifiés	Score 401 - 450	Note 401 - 450	2205
2026	2026	Alberta	Alberta	Federal Skilled Worker	Travailleurs qualifiés	Score 451 - 500	Note 451 - 500	1155
2026	2026	Alberta	Alberta	Federal Skilled Worker	Travailleurs qualifiés	Score 501 - 600	Note 501 - 600	165
2026	2026	Alberta	Alberta	Provincial Nominee Program	Candidats des provinces ou des territoires	Score 1001 - 1100	Note 1001 - 1100	460
2026	2026	Alberta	Alberta	Provincial Nominee Program	Candidats des provinces ou des territoires	Score 1101 - 1200	Note 1101 - 1200	--
2026	2026	Alberta	Alberta	Provincial Nominee Program	Candidats des provinces ou des territoires	Score 801 - 900	Note 801 - 900	15
2026	2026	Alberta	Alberta	Provincial Nominee Program	Candidats des provinces ou des territoires	Score 901 - 1000	Note 901 - 1000	395
2026	2026	British Columbia	Colombie-Britannique	Canadian Experience Class	Catégorie de l'expérience canadienne	Score 251 - 300	Note 251 - 300	--
2026	2026	British Columbia	Colombie-Britannique	Canadian Experience Class	Catégorie de l'expérience canadienne	Score 351 - 400	Note 351 - 400	10
2026	2026	British Columbia	Colombie-Britannique	Canadian Experience Class	Catégorie de l'expérience canadienne	Score 401 - 450	Note 401 - 450	110
2026	2026	British Columbia	Colombie-Britannique	Canadian Experience Class	Catégorie de l'expérience canadienne	Score 451 - 500	Note 451 - 500	860
2026	2026	British Columbia	Colombie-Britannique	Canadian Experience Class	Catégorie de l'expérience canadienne	Score 501 - 600	Note 501 - 600	7165
2026	2026	British Columbia	Colombie-Britannique	Canadian Experience Class	Catégorie de l'expérience canadienne	Score 601 - 700	Note 601 - 700	--
2026	2026	British Columbia	Colombie-Britannique	Federal Skilled Worker	Travailleurs qualifiés	Score 251 - 300	Note 251 - 300	--
2026	2026	British Columbia	Colombie-Britannique	Federal Skilled Worker	Travailleurs qualifiés	Score 351 - 400	Note 351 - 400	30
2026	2026	British Columbia	Colombie-Britannique	Federal Skilled Worker	Travailleurs qualifiés	Score 401 - 450	Note 401 - 450	350
2026	2026	British Columbia	Colombie-Britannique	Federal Skilled Worker	Travailleurs qualifiés	Score 451 - 500	Note 451 - 500	430
2026	2026	British Columbia	Colombie-Britannique	Federal Skilled Worker	Travailleurs qualifiés	Score 501 - 600	Note 501 - 600	180
2026	2026	British Columbia	Colombie-Britannique	Provincial Nominee Program	Candidats des provinces ou des territoires	Score 1001 - 1100	Note 1001 - 1100	865
2026	2026	British Columbia	Colombie-Britannique	Provincial Nominee Program	Candidats des provinces ou des territoires	Score 1101 - 1200	Note 1101 - 1200	30
2026	2026	British Columbia	Colombie-Britannique	Provincial Nominee Program	Candidats des provinces ou des territoires	Score 701 - 800	Note 701 - 800	15
2026	2026	British Columbia	Colombie-Britannique	Provincial Nominee Program	Candidats des provinces ou des territoires	Score 801 - 900	Note 801 - 900	60
2026	2026	British Columbia	Colombie-Britannique	Provincial Nominee Program	Candidats des provinces ou des territoires	Score 901 - 1000	Note 901 - 1000	555
2026	2026	Manitoba	Manitoba	Canadian Experience Class	Catégorie de l'expérience canadienne	Score 301 - 350	Note 301 - 350	--
2026	2026	Manitoba	Manitoba	Canadian Experience Class	Catégorie de l'expérience canadienne	Score 351 - 400	Note 351 - 400	5
2026	2026	Manitoba	Manitoba	Canadian Experience Class	Catégorie de l'expérience canadienne	Score 401 - 450	Note 401 - 450	25
2026	2026	Manitoba	Manitoba	Canadian Experience Class	Catégorie de l'expérience canadienne	Score 451 - 500	Note 451 - 500	50
2026	2026	Manitoba	Manitoba	Canadian Experience Class	Catégorie de l'expérience canadienne	Score 501 - 600	Note 501 - 600	250
2026	2026	Manitoba	Manitoba	Federal Skilled Worker	Travailleurs qualifiés	Score 351 - 400	Note 351 - 400	100
2026	2026	Manitoba	Manitoba	Federal Skilled Worker	Travailleurs qualifiés	Score 401 - 450	Note 401 - 450	665
2026	2026	Manitoba	Manitoba	Federal Skilled Worker	Travailleurs qualifiés	Score 451 - 500	Note 451 - 500	260
2026	2026	Manitoba	Manitoba	Federal Skilled Worker	Travailleurs qualifiés	Score 501 - 600	Note 501 - 600	25
2026	2026	Manitoba	Manitoba	Provincial Nominee Program	Candidats des provinces ou des territoires	Score 1001 - 1100	Note 1001 - 1100	365
2026	2026	Manitoba	Manitoba	Provincial Nominee Program	Candidats des provinces ou des territoires	Score 1101 - 1200	Note 1101 - 1200	5
2026	2026	Manitoba	Manitoba	Provincial Nominee Program	Candidats des provinces ou des territoires	Score 701 - 800	Note 701 - 800	25
2026	2026	Manitoba	Manitoba	Provincial Nominee Program	Candidats des provinces ou des territoires	Score 801 - 900	Note 801 - 900	95
2026	2026	Manitoba	Manitoba	Provincial Nominee Program	Candidats des provinces ou des territoires	Score 901 - 1000	Note 901 - 1000	785
2026	2026	New Brunswick	Nouveau-Brunswick	Canadian Experience Class	Catégorie de l'expérience canadienne	Score 251 - 300	Note 251 - 300	--
2026	2026	New Brunswick	Nouveau-Brunswick	Canadian Experience Class	Catégorie de l'expérience canadienne	Score 351 - 400	Note 351 - 400	15
2026	2026	New Brunswick	Nouveau-Brunswick	Canadian Experience Class	Catégorie de l'expérience canadienne	Score 401 - 450	Note 401 - 450	135
2026	2026	New Brunswick	Nouveau-Brunswick	Canadian Experience Class	Catégorie de l'expérience canadienne	Score 451 - 500	Note 451 - 500	120
2026	2026	New Brunswick	Nouveau-Brunswick	Canadian Experience Class	Catégorie de l'expérience canadienne	Score 501 - 600	Note 501 - 600	135
2026	2026	New Brunswick	Nouveau-Brunswick	Canadian Experience Class	Catégorie de l'expérience canadienne	Score 601 - 700	Note 601 - 700	--
2026	2026	New Brunswick	Nouveau-Brunswick	Federal Skilled Worker	Travailleurs qualifiés	Score 351 - 400	Note 351 - 400	220
2026	2026	New Brunswick	Nouveau-Brunswick	Federal Skilled Worker	Travailleurs qualifiés	Score 401 - 450	Note 401 - 450	1495
2026	2026	New Brunswick	Nouveau-Brunswick	Federal Skilled Worker	Travailleurs qualifiés	Score 451 - 500	Note 451 - 500	385
2026	2026	New Brunswick	Nouveau-Brunswick	Federal Skilled Worker	Travailleurs qualifiés	Score 501 - 600	Note 501 - 600	60
2026	2026	New Brunswick	Nouveau-Brunswick	Provincial Nominee Program	Candidats des provinces ou des territoires	Score 1001 - 1100	Note 1001 - 1100	190
2026	2026	New Brunswick	Nouveau-Brunswick	Provincial Nominee Program	Candidats des provinces ou des territoires	Score 1101 - 1200	Note 1101 - 1200	--
2026	2026	New Brunswick	Nouveau-Brunswick	Provincial Nominee Program	Candidats des provinces ou des territoires	Score 801 - 900	Note 801 - 900	--
2026	2026	New Brunswick	Nouveau-Brunswick	Provincial Nominee Program	Candidats des provinces ou des territoires	Score 901 - 1000	Note 901 - 1000	145
2026	2026	Newfoundland and Labrador	Terre-Neuve-et-Labrador	Canadian Experience Class	Catégorie de l'expérience canadienne	Score 401 - 450	Note 401 - 450	--
2026	2026	Newfoundland and Labrador	Terre-Neuve-et-Labrador	Canadian Experience Class	Catégorie de l'expérience canadienne	Score 451 - 500	Note 451 - 500	10
2026	2026	Newfoundland and Labrador	Terre-Neuve-et-Labrador	Canadian Experience Class	Catégorie de l'expérience canadienne	Score 501 - 600	Note 501 - 600	60
2026	2026	Newfoundland and Labrador	Terre-Neuve-et-Labrador	Federal Skilled Worker	Travailleurs qualifiés	Score 351 - 400	Note 351 - 400	10
2026	2026	Newfoundland and Labrador	Terre-Neuve-et-Labrador	Federal Skilled Worker	Travailleurs qualifiés	Score 401 - 450	Note 401 - 450	40
2026	2026	Newfoundland and Labrador	Terre-Neuve-et-Labrador	Federal Skilled Worker	Travailleurs qualifiés	Score 451 - 500	Note 451 - 500	20
2026	2026	Newfoundland and Labrador	Terre-Neuve-et-Labrador	Federal Skilled Worker	Travailleurs qualifiés	Score 501 - 600	Note 501 - 600	5
2026	2026	Newfoundland and Labrador	Terre-Neuve-et-Labrador	Provincial Nominee Program	Candidats des provinces ou des territoires	Score 1001 - 1100	Note 1001 - 1100	85
2026	2026	Newfoundland and Labrador	Terre-Neuve-et-Labrador	Provincial Nominee Program	Candidats des provinces ou des territoires	Score 1101 - 1200	Note 1101 - 1200	--
2026	2026	Newfoundland and Labrador	Terre-Neuve-et-Labrador	Provincial Nominee Program	Candidats des provinces ou des territoires	Score 801 - 900	Note 801 - 900	--
2026	2026	Newfoundland and Labrador	Terre-Neuve-et-Labrador	Provincial Nominee Program	Candidats des provinces ou des territoires	Score 901 - 1000	Note 901 - 1000	60
2026	2026	Northwest Territories	Territoires du Nord-Ouest	Canadian Experience Class	Catégorie de l'expérience canadienne	Score 401 - 450	Note 401 - 450	--
2026	2026	Northwest Territories	Territoires du Nord-Ouest	Canadian Experience Class	Catégorie de l'expérience canadienne	Score 451 - 500	Note 451 - 500	--
2026	2026	Northwest Territories	Territoires du Nord-Ouest	Canadian Experience Class	Catégorie de l'expérience canadienne	Score 501 - 600	Note 501 - 600	10
2026	2026	Northwest Territories	Territoires du Nord-Ouest	Federal Skilled Worker	Travailleurs qualifiés	Score 351 - 400	Note 351 - 400	5
2026	2026	Northwest Territories	Territoires du Nord-Ouest	Federal Skilled Worker	Travailleurs qualifiés	Score 401 - 450	Note 401 - 450	25
2026	2026	Northwest Territories	Territoires du Nord-Ouest	Federal Skilled Worker	Travailleurs qualifiés	Score 451 - 500	Note 451 - 500	--
2026	2026	Northwest Territories	Territoires du Nord-Ouest	Federal Skilled Worker	Travailleurs qualifiés	Score 501 - 600	Note 501 - 600	--
2026	2026	Northwest Territories	Territoires du Nord-Ouest	Provincial Nominee Program	Candidats des provinces ou des territoires	Score 1001 - 1100	Note 1001 - 1100	10
2026	2026	Northwest Territories	Territoires du Nord-Ouest	Provincial Nominee Program	Candidats des provinces ou des territoires	Score 701 - 800	Note 701 - 800	--
2026	2026	Northwest Territories	Territoires du Nord-Ouest	Provincial Nominee Program	Candidats des provinces ou des territoires	Score 801 - 900	Note 801 - 900	5
2026	2026	Northwest Territories	Territoires du Nord-Ouest	Provincial Nominee Program	Candidats des provinces ou des territoires	Score 901 - 1000	Note 901 - 1000	10
2026	2026	Nova Scotia	Nouvelle-Écosse	Canadian Experience Class	Catégorie de l'expérience canadienne	Score 251 - 300	Note 251 - 300	--
2026	2026	Nova Scotia	Nouvelle-Écosse	Canadian Experience Class	Catégorie de l'expérience canadienne	Score 351 - 400	Note 351 - 400	--
2026	2026	Nova Scotia	Nouvelle-Écosse	Canadian Experience Class	Catégorie de l'expérience canadienne	Score 401 - 450	Note 401 - 450	10
2026	2026	Nova Scotia	Nouvelle-Écosse	Canadian Experience Class	Catégorie de l'expérience canadienne	Score 451 - 500	Note 451 - 500	115
2026	2026	Nova Scotia	Nouvelle-Écosse	Canadian Experience Class	Catégorie de l'expérience canadienne	Score 501 - 600	Note 501 - 600	515
2026	2026	Nova Scotia	Nouvelle-Écosse	Canadian Experience Class	Catégorie de l'expérience canadienne	Score 601 - 700	Note 601 - 700	--
2026	2026	Nova Scotia	Nouvelle-Écosse	Federal Skilled Worker	Travailleurs qualifiés	Score 351 - 400	Note 351 - 400	20
2026	2026	Nova Scotia	Nouvelle-Écosse	Federal Skilled Worker	Travailleurs qualifiés	Score 401 - 450	Note 401 - 450	150
2026	2026	Nova Scotia	Nouvelle-Écosse	Federal Skilled Worker	Travailleurs qualifiés	Score 451 - 500	Note 451 - 500	80
2026	2026	Nova Scotia	Nouvelle-Écosse	Federal Skilled Worker	Travailleurs qualifiés	Score 501 - 600	Note 501 - 600	10
2026	2026	Nova Scotia	Nouvelle-Écosse	Provincial Nominee Program	Candidats des provinces ou des territoires	Score 1001 - 1100	Note 1001 - 1100	305
2026	2026	Nova Scotia	Nouvelle-Écosse	Provincial Nominee Program	Candidats des provinces ou des territoires	Score 1101 - 1200	Note 1101 - 1200	--
2026	2026	Nova Scotia	Nouvelle-Écosse	Provincial Nominee Program	Candidats des provinces ou des territoires	Score 801 - 900	Note 801 - 900	20
2026	2026	Nova Scotia	Nouvelle-Écosse	Provincial Nominee Program	Candidats des provinces ou des territoires	Score 901 - 1000	Note 901 - 1000	160
2026	2026	Nunavut	Nunavut	Canadian Experience Class	Catégorie de l'expérience canadienne	Score 401 - 450	Note 401 - 450	--
2026	2026	Nunavut	Nunavut	Canadian Experience Class	Catégorie de l'expérience canadienne	Score 451 - 500	Note 451 - 500	--
2026	2026	Nunavut	Nunavut	Canadian Experience Class	Catégorie de l'expérience canadienne	Score 501 - 600	Note 501 - 600	5
2026	2026	Nunavut	Nunavut	Federal Skilled Worker	Travailleurs qualifiés	Score 351 - 400	Note 351 - 400	--
2026	2026	Nunavut	Nunavut	Federal Skilled Worker	Travailleurs qualifiés	Score 401 - 450	Note 401 - 450	25
2026	2026	Nunavut	Nunavut	Federal Skilled Worker	Travailleurs qualifiés	Score 451 - 500	Note 451 - 500	15
2026	2026	Nunavut	Nunavut	Federal Skilled Worker	Travailleurs qualifiés	Score 501 - 600	Note 501 - 600	--
2026	2026	Ontario	Ontario	Canadian Experience Class	Catégorie de l'expérience canadienne	Score 151 - 200	Note 151 - 200	--
2026	2026	Ontario	Ontario	Canadian Experience Class	Catégorie de l'expérience canadienne	Score 201 - 250	Note 201 - 250	--
2026	2026	Ontario	Ontario	Canadian Experience Class	Catégorie de l'expérience canadienne	Score 251 - 300	Note 251 - 300	5
2026	2026	Ontario	Ontario	Canadian Experience Class	Catégorie de l'expérience canadienne	Score 301 - 350	Note 301 - 350	5
2026	2026	Ontario	Ontario	Canadian Experience Class	Catégorie de l'expérience canadienne	Score 351 - 400	Note 351 - 400	95
2026	2026	Ontario	Ontario	Canadian Experience Class	Catégorie de l'expérience canadienne	Score 401 - 450	Note 401 - 450	1095
2026	2026	Ontario	Ontario	Canadian Experience Class	Catégorie de l'expérience canadienne	Score 451 - 500	Note 451 - 500	4095
2026	2026	Ontario	Ontario	Canadian Experience Class	Catégorie de l'expérience canadienne	Score 501 - 600	Note 501 - 600	23705
2026	2026	Ontario	Ontario	Canadian Experience Class	Catégorie de l'expérience canadienne	Score 601 - 700	Note 601 - 700	--
2026	2026	Ontario	Ontario	Federal Skilled Worker	Travailleurs qualifiés	Score 251 - 300	Note 251 - 300	--
2026	2026	Ontario	Ontario	Federal Skilled Worker	Travailleurs qualifiés	Score 301 - 350	Note 301 - 350	--
2026	2026	Ontario	Ontario	Federal Skilled Worker	Travailleurs qualifiés	Score 351 - 400	Note 351 - 400	1195
2026	2026	Ontario	Ontario	Federal Skilled Worker	Travailleurs qualifiés	Score 401 - 450	Note 401 - 450	9480
2026	2026	Ontario	Ontario	Federal Skilled Worker	Travailleurs qualifiés	Score 451 - 500	Note 451 - 500	4130
2026	2026	Ontario	Ontario	Federal Skilled Worker	Travailleurs qualifiés	Score 501 - 600	Note 501 - 600	910
2026	2026	Ontario	Ontario	Federal Skilled Worker	Travailleurs qualifiés	Score 601 - 700	Note 601 - 700	--
2026	2026	Ontario	Ontario	Provincial Nominee Program	Candidats des provinces ou des territoires	Score 1001 - 1100	Note 1001 - 1100	775
2026	2026	Ontario	Ontario	Provincial Nominee Program	Candidats des provinces ou des territoires	Score 1101 - 1200	Note 1101 - 1200	20
2026	2026	Ontario	Ontario	Provincial Nominee Program	Candidats des provinces ou des territoires	Score 801 - 900	Note 801 - 900	10
2026	2026	Ontario	Ontario	Provincial Nominee Program	Candidats des provinces ou des territoires	Score 901 - 1000	Note 901 - 1000	315
2026	2026	Prince Edward Island	Île-du-Prince-Édouard	Canadian Experience Class	Catégorie de l'expérience canadienne	Score 351 - 400	Note 351 - 400	--
2026	2026	Prince Edward Island	Île-du-Prince-Édouard	Canadian Experience Class	Catégorie de l'expérience canadienne	Score 401 - 450	Note 401 - 450	--
2026	2026	Prince Edward Island	Île-du-Prince-Édouard	Canadian Experience Class	Catégorie de l'expérience canadienne	Score 451 - 500	Note 451 - 500	10
2026	2026	Prince Edward Island	Île-du-Prince-Édouard	Canadian Experience Class	Catégorie de l'expérience canadienne	Score 501 - 600	Note 501 - 600	30
2026	2026	Prince Edward Island	Île-du-Prince-Édouard	Federal Skilled Worker	Travailleurs qualifiés	Score 351 - 400	Note 351 - 400	10
2026	2026	Prince Edward Island	Île-du-Prince-Édouard	Federal Skilled Worker	Travailleurs qualifiés	Score 401 - 450	Note 401 - 450	45
2026	2026	Prince Edward Island	Île-du-Prince-Édouard	Federal Skilled Worker	Travailleurs qualifiés	Score 451 - 500	Note 451 - 500	15
2026	2026	Prince Edward Island	Île-du-Prince-Édouard	Federal Skilled Worker	Travailleurs qualifiés	Score 501 - 600	Note 501 - 600	--
2026	2026	Prince Edward Island	Île-du-Prince-Édouard	Provincial Nominee Program	Candidats des provinces ou des territoires	Score 1001 - 1100	Note 1001 - 1100	60
2026	2026	Prince Edward Island	Île-du-Prince-Édouard	Provincial Nominee Program	Candidats des provinces ou des territoires	Score 1101 - 1200	Note 1101 - 1200	--
2026	2026	Prince Edward Island	Île-du-Prince-Édouard	Provincial Nominee Program	Candidats des provinces ou des territoires	Score 701 - 800	Note 701 - 800	--
2026	2026	Prince Edward Island	Île-du-Prince-Édouard	Provincial Nominee Program	Candidats des provinces ou des territoires	Score 801 - 900	Note 801 - 900	10
2026	2026	Prince Edward Island	Île-du-Prince-Édouard	Provincial Nominee Program	Candidats des provinces ou des territoires	Score 901 - 1000	Note 901 - 1000	60
2026	2026	Saskatchewan	Saskatchewan	Canadian Experience Class	Catégorie de l'expérience canadienne	Score 351 - 400	Note 351 - 400	--
2026	2026	Saskatchewan	Saskatchewan	Canadian Experience Class	Catégorie de l'expérience canadienne	Score 401 - 450	Note 401 - 450	10
2026	2026	Saskatchewan	Saskatchewan	Canadian Experience Class	Catégorie de l'expérience canadienne	Score 451 - 500	Note 451 - 500	45
2026	2026	Saskatchewan	Saskatchewan	Canadian Experience Class	Catégorie de l'expérience canadienne	Score 501 - 600	Note 501 - 600	210
2026	2026	Saskatchewan	Saskatchewan	Federal Skilled Worker	Travailleurs qualifiés	Score 351 - 400	Note 351 - 400	25
2026	2026	Saskatchewan	Saskatchewan	Federal Skilled Worker	Travailleurs qualifiés	Score 401 - 450	Note 401 - 450	210
2026	2026	Saskatchewan	Saskatchewan	Federal Skilled Worker	Travailleurs qualifiés	Score 451 - 500	Note 451 - 500	140
2026	2026	Saskatchewan	Saskatchewan	Federal Skilled Worker	Travailleurs qualifiés	Score 501 - 600	Note 501 - 600	10
2026	2026	Saskatchewan	Saskatchewan	Provincial Nominee Program	Candidats des provinces ou des territoires	Score 1001 - 1100	Note 1001 - 1100	45
2026	2026	Saskatchewan	Saskatchewan	Provincial Nominee Program	Candidats des provinces ou des territoires	Score 801 - 900	Note 801 - 900	5
2026	2026	Saskatchewan	Saskatchewan	Provincial Nominee Program	Candidats des provinces ou des territoires	Score 901 - 1000	Note 901 - 1000	50
2026	2026	Yukon	Yukon	Canadian Experience Class	Catégorie de l'expérience canadienne	Score 401 - 450	Note 401 - 450	5
2026	2026	Yukon	Yukon	Canadian Experience Class	Catégorie de l'expérience canadienne	Score 451 - 500	Note 451 - 500	--
2026	2026	Yukon	Yukon	Canadian Experience Class	Catégorie de l'expérience canadienne	Score 501 - 600	Note 501 - 600	15
2026	2026	Yukon	Yukon	Federal Skilled Worker	Travailleurs qualifiés	Score 351 - 400	Note 351 - 400	--
2026	2026	Yukon	Yukon	Federal Skilled Worker	Travailleurs qualifiés	Score 401 - 450	Note 401 - 450	30
2026	2026	Yukon	Yukon	Federal Skilled Worker	Travailleurs qualifiés	Score 451 - 500	Note 451 - 500	10
2026	2026	Yukon	Yukon	Federal Skilled Worker	Travailleurs qualifiés	Score 501 - 600	Note 501 - 600	--
2026	2026	Yukon	Yukon	Provincial Nominee Program	Candidats des provinces ou des territoires	Score 1001 - 1100	Note 1001 - 1100	15
2026	2026	Yukon	Yukon	Provincial Nominee Program	Candidats des provinces ou des territoires	Score 801 - 900	Note 801 - 900	--
2026	2026	Yukon	Yukon	Provincial Nominee Program	Candidats des provinces ou des territoires	Score 901 - 1000	Note 901 - 1000	35
