EN_YEAR	EN_QUARTER	EN_MONTH	FR_ANNEÉ	FR_TRIMESTRE	FR_MOIS	EN_PROVINCE_TERRITORY	FR_PROVINCE_TERRITOIRE	EN_IMMIGRATION_CATEGORY-COMPONENT	FR_CATÉGORIE_D'IMMIGRATION-COMPOSANTE	TOTAL
2021	Q2	May	2021	T2	mai	Ontario	Ontario	Skilled Trade	Métiers spécialisés	--
2025	Q4	Oct	2025	T4	oct.	Ontario	Ontario	Canadian Experience	Catégorie de l’expérience canadienne	2110
2018	Q4	Oct	2018	T4	oct.	Alberta	Alberta	Skilled Worker	Travailleurs qualifiés	340
2016	Q3	Jul	2016	T3	juil.	Nova Scotia	Nouvelle-Écosse	Canadian Experience	Catégorie de l’expérience canadienne	--
2023	Q2	Jun	2023	T2	juin	Newfoundland and Labrador	Terre-Neuve-et-Labrador	Canadian Experience	Catégorie de l’expérience canadienne	10
2024	Q1	Jan	2024	T1	janv.	Prince Edward Island	Île-du-Prince-Édouard	Provincial Nominee Program	Candidats des provinces ou des territoires	65
2026	Q2	May	2026	T2	mai	Nunavut	Nunavut	Canadian Experience	Catégorie de l’expérience canadienne	--
2023	Q1	Feb	2023	T1	fév.	British Columbia	Colombie-Britannique	Canadian Experience	Catégorie de l’expérience canadienne	1065
2026	Q1	Mar	2026	T1	mars	Manitoba	Manitoba	Canadian Experience	Catégorie de l’expérience canadienne	45
2026	Q2	Apr	2026	T2	avr.	Ontario	Ontario	Canadian Experience	Catégorie de l’expérience canadienne	2110
2023	Q2	Jun	2023	T2	juin	British Columbia	Colombie-Britannique	Provincial Nominee Program	Candidats des provinces ou des territoires	750
2016	Q2	May	2016	T2	mai	New Brunswick	Nouveau-Brunswick	Provincial Nominee Program	Candidats des provinces ou des territoires	25
2022	Q4	Oct	2022	T4	oct.	Prince Edward Island	Île-du-Prince-Édouard	Canadian Experience	Catégorie de l’expérience canadienne	--
2025	Q3	Aug	2025	T3	août	Prince Edward Island	Île-du-Prince-Édouard	Skilled Worker	Travailleurs qualifiés	--
2020	Q4	Nov	2020	T4	nov.	Nova Scotia	Nouvelle-Écosse	Provincial Nominee Program	Candidats des provinces ou des territoires	65
2016	Q2	Jun	2016	T2	juin	Manitoba	Manitoba	Skilled Worker	Travailleurs qualifiés	20
2021	Q4	Oct	2021	T4	oct.	Nunavut	Nunavut	Skilled Worker	Travailleurs qualifiés	--
2025	Q3	Sep	2025	T3	sept.	Yukon	Yukon	Canadian Experience	Catégorie de l’expérience canadienne	--
2021	Q4	Nov	2021	T4	nov.	Alberta	Alberta	Provincial Nominee Program	Candidats des provinces ou des territoires	180
2018	Q4	Oct	2018	T4	oct.	Saskatchewan	Saskatchewan	Skilled Worker	Travailleurs qualifiés	30
2024	Q3	Aug	2024	T3	août	Ontario	Ontario	Provincial Nominee Program	Candidats des provinces ou des territoires	1135
2023	Q2	Apr	2023	T2	avr.	Ontario	Ontario	Canadian Experience	Catégorie de l’expérience canadienne	1655
2021	Q4	Nov	2021	T4	nov.	Manitoba	Manitoba	Provincial Nominee Program	Candidats des provinces ou des territoires	100
2018	Q4	Oct	2018	T4	oct.	Manitoba	Manitoba	Provincial Nominee Program	Candidats des provinces ou des territoires	15
2022	Q2	Apr	2022	T2	avr.	Saskatchewan	Saskatchewan	Canadian Experience	Catégorie de l’expérience canadienne	35
2016	Q1	Feb	2016	T1	fév.	Alberta	Alberta	Skilled Trade	Métiers spécialisés	195
2020	Q4	Dec	2020	T4	déc.	British Columbia	Colombie-Britannique	Skilled Trade	Métiers spécialisés	--
2022	Q1	Feb	2022	T1	fév.	Northwest Territories	Territoires du Nord-Ouest	Canadian Experience	Catégorie de l’expérience canadienne	5
2019	Q2	May	2019	T2	mai	Nova Scotia	Nouvelle-Écosse	Canadian Experience	Catégorie de l’expérience canadienne	40
2020	Q3	Sep	2020	T3	sept.	Manitoba	Manitoba	Provincial Nominee Program	Candidats des provinces ou des territoires	35
2017	Q3	Jul	2017	T3	juil.	Manitoba	Manitoba	Skilled Worker	Travailleurs qualifiés	10
2019	Q2	Jun	2019	T2	juin	Ontario	Ontario	Skilled Trade	Métiers spécialisés	5
2018	Q2	May	2018	T2	mai	Northwest Territories	Territoires du Nord-Ouest	Provincial Nominee Program	Candidats des provinces ou des territoires	--
2017	Q3	Sep	2017	T3	sept.	Alberta	Alberta	Canadian Experience	Catégorie de l’expérience canadienne	250
2018	Q3	Aug	2018	T3	août	British Columbia	Colombie-Britannique	Canadian Experience	Catégorie de l’expérience canadienne	330
2026	Q1	Feb	2026	T1	fév.	Newfoundland and Labrador	Terre-Neuve-et-Labrador	Provincial Nominee Program	Candidats des provinces ou des territoires	65
2021	Q3	Jul	2021	T3	juil.	Prince Edward Island	Île-du-Prince-Édouard	Provincial Nominee Program	Candidats des provinces ou des territoires	110
2016	Q3	Jul	2016	T3	juil.	Manitoba	Manitoba	Canadian Experience	Catégorie de l’expérience canadienne	--
2016	Q2	Jun	2016	T2	juin	British Columbia	Colombie-Britannique	Skilled Worker	Travailleurs qualifiés	225
2024	Q2	Jun	2024	T2	juin	Yukon	Yukon	Provincial Nominee Program	Candidats des provinces ou des territoires	5
2022	Q3	Sep	2022	T3	sept.	Manitoba	Manitoba	Canadian Experience	Catégorie de l’expérience canadienne	10
2021	Q3	Jul	2021	T3	juil.	Ontario	Ontario	Skilled Worker	Travailleurs qualifiés	520
2021	Q4	Dec	2021	T4	déc.	Prince Edward Island	Île-du-Prince-Édouard	Provincial Nominee Program	Candidats des provinces ou des territoires	15
2018	Q1	Jan	2018	T1	janv.	Nova Scotia	Nouvelle-Écosse	Canadian Experience	Catégorie de l’expérience canadienne	35
2017	Q2	Jun	2017	T2	juin	Newfoundland and Labrador	Terre-Neuve-et-Labrador	Canadian Experience	Catégorie de l’expérience canadienne	10
2018	Q2	Apr	2018	T2	avr.	British Columbia	Colombie-Britannique	Provincial Nominee Program	Candidats des provinces ou des territoires	460
2019	Q1	Feb	2019	T1	fév.	Ontario	Ontario	Provincial Nominee Program	Candidats des provinces ou des territoires	420
2025	Q3	Aug	2025	T3	août	Newfoundland and Labrador	Terre-Neuve-et-Labrador	Skilled Worker	Travailleurs qualifiés	--
2025	Q3	Aug	2025	T3	août	Manitoba	Manitoba	Skilled Worker	Travailleurs qualifiés	50
2024	Q2	Apr	2024	T2	avr.	Nova Scotia	Nouvelle-Écosse	Canadian Experience	Catégorie de l’expérience canadienne	90
2018	Q1	Mar	2018	T1	mars	British Columbia	Colombie-Britannique	Skilled Worker	Travailleurs qualifiés	660
2015	Q4	Oct	2015	T4	oct.	Newfoundland and Labrador	Terre-Neuve-et-Labrador	Skilled Trade	Métiers spécialisés	5
2019	Q3	Jul	2019	T3	juil.	Nova Scotia	Nouvelle-Écosse	Skilled Trade	Métiers spécialisés	--
2017	Q3	Sep	2017	T3	sept.	Yukon	Yukon	Provincial Nominee Program	Candidats des provinces ou des territoires	--
2023	Q2	Jun	2023	T2	juin	Prince Edward Island	Île-du-Prince-Édouard	Skilled Worker	Travailleurs qualifiés	--
2024	Q2	May	2024	T2	mai	Nova Scotia	Nouvelle-Écosse	Canadian Experience	Catégorie de l’expérience canadienne	130
2019	Q2	May	2019	T2	mai	Manitoba	Manitoba	Skilled Worker	Travailleurs qualifiés	60
2016	Q2	May	2016	T2	mai	Manitoba	Manitoba	Canadian Experience	Catégorie de l’expérience canadienne	--
2022	Q2	Jun	2022	T2	juin	Ontario	Ontario	Canadian Experience	Catégorie de l’expérience canadienne	1040
2016	Q2	May	2016	T2	mai	Alberta	Alberta	Skilled Worker	Travailleurs qualifiés	275
2018	Q1	Jan	2018	T1	janv.	British Columbia	Colombie-Britannique	Provincial Nominee Program	Candidats des provinces ou des territoires	355
2026	Q2	Apr	2026	T2	avr.	Newfoundland and Labrador	Terre-Neuve-et-Labrador	Skilled Worker	Travailleurs qualifiés	5
2024	Q4	Oct	2024	T4	oct.	Prince Edward Island	Île-du-Prince-Édouard	Canadian Experience	Catégorie de l’expérience canadienne	10
2021	Q4	Nov	2021	T4	nov.	Yukon	Yukon	Provincial Nominee Program	Candidats des provinces ou des territoires	--
2019	Q3	Aug	2019	T3	août	Ontario	Ontario	Skilled Worker	Travailleurs qualifiés	4075
2023	Q3	Jul	2023	T3	juil.	Manitoba	Manitoba	Skilled Worker	Travailleurs qualifiés	20
2020	Q1	Jan	2020	T1	janv.	Saskatchewan	Saskatchewan	Provincial Nominee Program	Candidats des provinces ou des territoires	70
2025	Q2	Jun	2025	T2	juin	Saskatchewan	Saskatchewan	Provincial Nominee Program	Candidats des provinces ou des territoires	150
2025	Q3	Jul	2025	T3	juil.	Yukon	Yukon	Canadian Experience	Catégorie de l’expérience canadienne	--
2020	Q2	May	2020	T2	mai	Ontario	Ontario	Skilled Trade	Métiers spécialisés	5
2020	Q2	May	2020	T2	mai	Northwest Territories	Territoires du Nord-Ouest	Canadian Experience	Catégorie de l’expérience canadienne	--
2018	Q2	Jun	2018	T2	juin	Northwest Territories	Territoires du Nord-Ouest	Canadian Experience	Catégorie de l’expérience canadienne	--
2017	Q4	Oct	2017	T4	oct.	Nova Scotia	Nouvelle-Écosse	Skilled Worker	Travailleurs qualifiés	40
2020	Q2	Apr	2020	T2	avr.	Nova Scotia	Nouvelle-Écosse	Skilled Worker	Travailleurs qualifiés	10
2022	Q2	May	2022	T2	mai	Manitoba	Manitoba	Skilled Worker	Travailleurs qualifiés	70
2017	Q4	Dec	2017	T4	déc.	New Brunswick	Nouveau-Brunswick	Canadian Experience	Catégorie de l’expérience canadienne	15
2020	Q1	Jan	2020	T1	janv.	Newfoundland and Labrador	Terre-Neuve-et-Labrador	Skilled Worker	Travailleurs qualifiés	5
2017	Q4	Nov	2017	T4	nov.	British Columbia	Colombie-Britannique	Skilled Worker	Travailleurs qualifiés	425
2021	Q2	Jun	2021	T2	juin	Ontario	Ontario	Skilled Worker	Travailleurs qualifiés	185
2025	Q3	Aug	2025	T3	août	British Columbia	Colombie-Britannique	Provincial Nominee Program	Candidats des provinces ou des territoires	665
2025	Q2	Apr	2025	T2	avr.	British Columbia	Colombie-Britannique	Skilled Worker	Travailleurs qualifiés	130
2019	Q1	Feb	2019	T1	fév.	Nova Scotia	Nouvelle-Écosse	Canadian Experience	Catégorie de l’expérience canadienne	15
2024	Q2	Apr	2024	T2	avr.	Saskatchewan	Saskatchewan	Skilled Worker	Travailleurs qualifiés	55
2024	Q1	Mar	2024	T1	mars	New Brunswick	Nouveau-Brunswick	Skilled Worker	Travailleurs qualifiés	65
2020	Q2	May	2020	T2	mai	Newfoundland and Labrador	Terre-Neuve-et-Labrador	Canadian Experience	Catégorie de l’expérience canadienne	15
2024	Q4	Dec	2024	T4	déc.	Northwest Territories	Territoires du Nord-Ouest	Skilled Worker	Travailleurs qualifiés	5
2024	Q1	Feb	2024	T1	fév.	Newfoundland and Labrador	Terre-Neuve-et-Labrador	Canadian Experience	Catégorie de l’expérience canadienne	--
2019	Q4	Oct	2019	T4	oct.	Ontario	Ontario	Skilled Worker	Travailleurs qualifiés	4460
2017	Q4	Dec	2017	T4	déc.	Alberta	Alberta	Skilled Trade	Métiers spécialisés	15
2019	Q1	Mar	2019	T1	mars	Yukon	Yukon	Provincial Nominee Program	Candidats des provinces ou des territoires	--
2015	Q4	Dec	2015	T4	déc.	Newfoundland and Labrador	Terre-Neuve-et-Labrador	Skilled Worker	Travailleurs qualifiés	--
2019	Q3	Jul	2019	T3	juil.	Manitoba	Manitoba	Provincial Nominee Program	Candidats des provinces ou des territoires	275
2017	Q4	Oct	2017	T4	oct.	Manitoba	Manitoba	Canadian Experience	Catégorie de l’expérience canadienne	20
2016	Q3	Jul	2016	T3	juil.	Saskatchewan	Saskatchewan	Provincial Nominee Program	Candidats des provinces ou des territoires	215
2021	Q2	Apr	2021	T2	avr.	Manitoba	Manitoba	Provincial Nominee Program	Candidats des provinces ou des territoires	140
2025	Q1	Mar	2025	T1	mars	Northwest Territories	Territoires du Nord-Ouest	Provincial Nominee Program	Candidats des provinces ou des territoires	10
2017	Q2	Apr	2017	T2	avr.	Manitoba	Manitoba	Skilled Worker	Travailleurs qualifiés	15
2021	Q2	Apr	2021	T2	avr.	Saskatchewan	Saskatchewan	Provincial Nominee Program	Candidats des provinces ou des territoires	95
2015	Q4	Nov	2015	T4	nov.	Prince Edward Island	Île-du-Prince-Édouard	Skilled Worker	Travailleurs qualifiés	--
2024	Q2	Apr	2024	T2	avr.	Manitoba	Manitoba	Skilled Worker	Travailleurs qualifiés	70
2024	Q3	Sep	2024	T3	sept.	Northwest Territories	Territoires du Nord-Ouest	Provincial Nominee Program	Candidats des provinces ou des territoires	--
2024	Q4	Nov	2024	T4	nov.	Newfoundland and Labrador	Terre-Neuve-et-Labrador	Skilled Worker	Travailleurs qualifiés	--
2019	Q2	May	2019	T2	mai	Newfoundland and Labrador	Terre-Neuve-et-Labrador	Skilled Worker	Travailleurs qualifiés	15
2018	Q1	Jan	2018	T1	janv.	Newfoundland and Labrador	Terre-Neuve-et-Labrador	Canadian Experience	Catégorie de l’expérience canadienne	15
2026	Q1	Mar	2026	T1	mars	Nunavut	Nunavut	Skilled Worker	Travailleurs qualifiés	--
2026	Q1	Mar	2026	T1	mars	Nova Scotia	Nouvelle-Écosse	Canadian Experience	Catégorie de l’expérience canadienne	50
2024	Q3	Aug	2024	T3	août	Manitoba	Manitoba	Canadian Experience	Catégorie de l’expérience canadienne	40
2016	Q1	Jan	2016	T1	janv.	Saskatchewan	Saskatchewan	Skilled Trade	Métiers spécialisés	--
2020	Q3	Sep	2020	T3	sept.	British Columbia	Colombie-Britannique	Canadian Experience	Catégorie de l’expérience canadienne	95
2025	Q1	Feb	2025	T1	fév.	Ontario	Ontario	Canadian Experience	Catégorie de l’expérience canadienne	4765
2016	Q2	May	2016	T2	mai	Prince Edward Island	Île-du-Prince-Édouard	Provincial Nominee Program	Candidats des provinces ou des territoires	35
2017	Q1	Mar	2017	T1	mars	New Brunswick	Nouveau-Brunswick	Skilled Trade	Métiers spécialisés	--
2022	Q1	Feb	2022	T1	fév.	Ontario	Ontario	Canadian Experience	Catégorie de l’expérience canadienne	3465
2021	Q1	Jan	2021	T1	janv.	Newfoundland and Labrador	Terre-Neuve-et-Labrador	Canadian Experience	Catégorie de l’expérience canadienne	--
2019	Q1	Jan	2019	T1	janv.	Manitoba	Manitoba	Skilled Worker	Travailleurs qualifiés	35
2016	Q2	May	2016	T2	mai	British Columbia	Colombie-Britannique	Canadian Experience	Catégorie de l’expérience canadienne	135
2022	Q1	Mar	2022	T1	mars	Northwest Territories	Territoires du Nord-Ouest	Skilled Worker	Travailleurs qualifiés	--
2019	Q2	Jun	2019	T2	juin	Nova Scotia	Nouvelle-Écosse	Skilled Worker	Travailleurs qualifiés	40
2020	Q1	Feb	2020	T1	fév.	Manitoba	Manitoba	Provincial Nominee Program	Candidats des provinces ou des territoires	100
2020	Q2	Apr	2020	T2	avr.	Ontario	Ontario	Provincial Nominee Program	Candidats des provinces ou des territoires	90
2019	Q1	Jan	2019	T1	janv.	Northwest Territories	Territoires du Nord-Ouest	Provincial Nominee Program	Candidats des provinces ou des territoires	--
2023	Q2	May	2023	T2	mai	New Brunswick	Nouveau-Brunswick	Skilled Worker	Travailleurs qualifiés	45
2025	Q2	Jun	2025	T2	juin	Ontario	Ontario	Canadian Experience	Catégorie de l’expérience canadienne	3250
2022	Q3	Jul	2022	T3	juil.	Nova Scotia	Nouvelle-Écosse	Canadian Experience	Catégorie de l’expérience canadienne	35
2024	Q3	Sep	2024	T3	sept.	Alberta	Alberta	Provincial Nominee Program	Candidats des provinces ou des territoires	430
2022	Q2	Apr	2022	T2	avr.	Manitoba	Manitoba	Canadian Experience	Catégorie de l’expérience canadienne	20
2022	Q1	Mar	2022	T1	mars	Saskatchewan	Saskatchewan	Canadian Experience	Catégorie de l’expérience canadienne	35
2025	Q4	Nov	2025	T4	nov.	Alberta	Alberta	Provincial Nominee Program	Candidats des provinces ou des territoires	165
2018	Q3	Sep	2018	T3	sept.	Prince Edward Island	Île-du-Prince-Édouard	Provincial Nominee Program	Candidats des provinces ou des territoires	50
2019	Q3	Jul	2019	T3	juil.	Alberta	Alberta	Provincial Nominee Program	Candidats des provinces ou des territoires	55
2024	Q4	Nov	2024	T4	nov.	New Brunswick	Nouveau-Brunswick	Skilled Worker	Travailleurs qualifiés	155
2018	Q3	Aug	2018	T3	août	Prince Edward Island	Île-du-Prince-Édouard	Provincial Nominee Program	Candidats des provinces ou des territoires	35
2021	Q2	May	2021	T2	mai	Yukon	Yukon	Canadian Experience	Catégorie de l’expérience canadienne	--
2022	Q2	May	2022	T2	mai	Yukon	Yukon	Canadian Experience	Catégorie de l’expérience canadienne	--
2026	Q3	Jul	2026	T3	juil.	Northwest Territories	Territoires du Nord-Ouest	Canadian Experience	Catégorie de l’expérience canadienne	--
2016	Q1	Jan	2016	T1	janv.	Ontario	Ontario	Skilled Trade	Métiers spécialisés	50
2017	Q3	Jul	2017	T3	juil.	Saskatchewan	Saskatchewan	Skilled Worker	Travailleurs qualifiés	20
2023	Q3	Aug	2023	T3	août	Ontario	Ontario	Canadian Experience	Catégorie de l’expérience canadienne	3415
2023	Q3	Aug	2023	T3	août	Ontario	Ontario	Provincial Nominee Program	Candidats des provinces ou des territoires	740
2015	Q3	Sep	2015	T3	sept.	Nova Scotia	Nouvelle-Écosse	Provincial Nominee Program	Candidats des provinces ou des territoires	10
2016	Q1	Jan	2016	T1	janv.	Alberta	Alberta	Skilled Trade	Métiers spécialisés	275
2025	Q4	Dec	2025	T4	déc.	Ontario	Ontario	Canadian Experience	Catégorie de l’expérience canadienne	150
2025	Q3	Jul	2025	T3	juil.	Manitoba	Manitoba	Canadian Experience	Catégorie de l’expérience canadienne	35
2020	Q1	Feb	2020	T1	fév.	Yukon	Yukon	Canadian Experience	Catégorie de l’expérience canadienne	--
2026	Q1	Feb	2026	T1	fév.	Saskatchewan	Saskatchewan	Provincial Nominee Program	Candidats des provinces ou des territoires	100
2020	Q4	Oct	2020	T4	oct.	Nova Scotia	Nouvelle-Écosse	Skilled Worker	Travailleurs qualifiés	--
2015	Q3	Sep	2015	T3	sept.	Saskatchewan	Saskatchewan	Skilled Trade	Métiers spécialisés	--
2017	Q2	May	2017	T2	mai	New Brunswick	Nouveau-Brunswick	Provincial Nominee Program	Candidats des provinces ou des territoires	125
2023	Q4	Oct	2023	T4	oct.	Manitoba	Manitoba	Skilled Worker	Travailleurs qualifiés	50
2016	Q3	Sep	2016	T3	sept.	Nova Scotia	Nouvelle-Écosse	Provincial Nominee Program	Candidats des provinces ou des territoires	115
2019	Q1	Feb	2019	T1	fév.	Alberta	Alberta	Provincial Nominee Program	Candidats des provinces ou des territoires	10
2018	Q1	Mar	2018	T1	mars	Nova Scotia	Nouvelle-Écosse	Provincial Nominee Program	Candidats des provinces ou des territoires	210
2016	Q1	Mar	2016	T1	mars	Nova Scotia	Nouvelle-Écosse	Skilled Worker	Travailleurs qualifiés	5
2022	Q2	May	2022	T2	mai	New Brunswick	Nouveau-Brunswick	Provincial Nominee Program	Candidats des provinces ou des territoires	235
2018	Q3	Sep	2018	T3	sept.	Ontario	Ontario	Skilled Trade	Métiers spécialisés	10
2022	Q4	Oct	2022	T4	oct.	Manitoba	Manitoba	Provincial Nominee Program	Candidats des provinces ou des territoires	655
2022	Q3	Jul	2022	T3	juil.	Manitoba	Manitoba	Skilled Trade	Métiers spécialisés	--
2022	Q3	Aug	2022	T3	août	Newfoundland and Labrador	Terre-Neuve-et-Labrador	Canadian Experience	Catégorie de l’expérience canadienne	--
2015	Q4	Oct	2015	T4	oct.	Manitoba	Manitoba	Skilled Worker	Travailleurs qualifiés	--
2018	Q2	May	2018	T2	mai	British Columbia	Colombie-Britannique	Canadian Experience	Catégorie de l’expérience canadienne	390
2023	Q2	May	2023	T2	mai	Nova Scotia	Nouvelle-Écosse	Skilled Worker	Travailleurs qualifiés	15
2017	Q1	Jan	2017	T1	janv.	British Columbia	Colombie-Britannique	Canadian Experience	Catégorie de l’expérience canadienne	485
2019	Q2	May	2019	T2	mai	Alberta	Alberta	Skilled Worker	Travailleurs qualifiés	460
2025	Q4	Oct	2025	T4	oct.	Yukon	Yukon	Provincial Nominee Program	Candidats des provinces ou des territoires	--
2019	Q2	Apr	2019	T2	avr.	Yukon	Yukon	Canadian Experience	Catégorie de l’expérience canadienne	--
2020	Q1	Mar	2020	T1	mars	New Brunswick	Nouveau-Brunswick	Provincial Nominee Program	Candidats des provinces ou des territoires	55
2024	Q2	Apr	2024	T2	avr.	Newfoundland and Labrador	Terre-Neuve-et-Labrador	Provincial Nominee Program	Candidats des provinces ou des territoires	25
2020	Q1	Feb	2020	T1	fév.	Nova Scotia	Nouvelle-Écosse	Canadian Experience	Catégorie de l’expérience canadienne	30
2022	Q3	Jul	2022	T3	juil.	New Brunswick	Nouveau-Brunswick	Canadian Experience	Catégorie de l’expérience canadienne	15
2023	Q1	Feb	2023	T1	fév.	Manitoba	Manitoba	Provincial Nominee Program	Candidats des provinces ou des territoires	545
2018	Q1	Jan	2018	T1	janv.	Manitoba	Manitoba	Skilled Worker	Travailleurs qualifiés	30
2024	Q4	Dec	2024	T4	déc.	Ontario	Ontario	Canadian Experience	Catégorie de l’expérience canadienne	2055
2021	Q2	Apr	2021	T2	avr.	Alberta	Alberta	Provincial Nominee Program	Candidats des provinces ou des territoires	110
2026	Q3	Jul	2026	T3	juil.	British Columbia	Colombie-Britannique	Skilled Trade	Métiers spécialisés	--
2022	Q2	Jun	2022	T2	juin	Alberta	Alberta	Skilled Trade	Métiers spécialisés	5
2024	Q3	Jul	2024	T3	juil.	Yukon	Yukon	Canadian Experience	Catégorie de l’expérience canadienne	--
2024	Q4	Oct	2024	T4	oct.	Yukon	Yukon	Skilled Worker	Travailleurs qualifiés	--
2019	Q2	May	2019	T2	mai	New Brunswick	Nouveau-Brunswick	Canadian Experience	Catégorie de l’expérience canadienne	15
2025	Q1	Feb	2025	T1	fév.	Newfoundland and Labrador	Terre-Neuve-et-Labrador	Provincial Nominee Program	Candidats des provinces ou des territoires	40
2025	Q4	Nov	2025	T4	nov.	Newfoundland and Labrador	Terre-Neuve-et-Labrador	Provincial Nominee Program	Candidats des provinces ou des territoires	20
2024	Q2	May	2024	T2	mai	Ontario	Ontario	Provincial Nominee Program	Candidats des provinces ou des territoires	1310
2019	Q1	Feb	2019	T1	fév.	Alberta	Alberta	Skilled Worker	Travailleurs qualifiés	235
2021	Q2	May	2021	T2	mai	British Columbia	Colombie-Britannique	Skilled Worker	Travailleurs qualifiés	40
2021	Q1	Feb	2021	T1	fév.	Manitoba	Manitoba	Provincial Nominee Program	Candidats des provinces ou des territoires	175
2019	Q2	Apr	2019	T2	avr.	Nova Scotia	Nouvelle-Écosse	Provincial Nominee Program	Candidats des provinces ou des territoires	170
2018	Q4	Dec	2018	T4	déc.	Ontario	Ontario	Skilled Trade	Métiers spécialisés	--
2018	Q3	Jul	2018	T3	juil.	Ontario	Ontario	Canadian Experience	Catégorie de l’expérience canadienne	1130
2026	Q2	May	2026	T2	mai	New Brunswick	Nouveau-Brunswick	Skilled Worker	Travailleurs qualifiés	190
2024	Q4	Dec	2024	T4	déc.	Manitoba	Manitoba	Provincial Nominee Program	Candidats des provinces ou des territoires	150
2021	Q2	May	2021	T2	mai	Manitoba	Manitoba	Skilled Worker	Travailleurs qualifiés	--
2019	Q4	Oct	2019	T4	oct.	Alberta	Alberta	Skilled Trade	Métiers spécialisés	10
2015	Q4	Dec	2015	T4	déc.	Manitoba	Manitoba	Provincial Nominee Program	Candidats des provinces ou des territoires	15
2021	Q1	Mar	2021	T1	mars	British Columbia	Colombie-Britannique	Canadian Experience	Catégorie de l’expérience canadienne	1660
2020	Q1	Feb	2020	T1	fév.	Saskatchewan	Saskatchewan	Provincial Nominee Program	Candidats des provinces ou des territoires	100
2016	Q3	Sep	2016	T3	sept.	Saskatchewan	Saskatchewan	Skilled Worker	Travailleurs qualifiés	15
2024	Q3	Sep	2024	T3	sept.	Northwest Territories	Territoires du Nord-Ouest	Skilled Worker	Travailleurs qualifiés	--
2021	Q3	Aug	2021	T3	août	Yukon	Yukon	Provincial Nominee Program	Candidats des provinces ou des territoires	--
2021	Q2	May	2021	T2	mai	New Brunswick	Nouveau-Brunswick	Canadian Experience	Catégorie de l’expérience canadienne	15
2016	Q4	Dec	2016	T4	déc.	Yukon	Yukon	Canadian Experience	Catégorie de l’expérience canadienne	--
2017	Q4	Dec	2017	T4	déc.	British Columbia	Colombie-Britannique	Provincial Nominee Program	Candidats des provinces ou des territoires	285
2026	Q2	Apr	2026	T2	avr.	Nova Scotia	Nouvelle-Écosse	Skilled Worker	Travailleurs qualifiés	30
2016	Q3	Aug	2016	T3	août	Manitoba	Manitoba	Canadian Experience	Catégorie de l’expérience canadienne	10
2021	Q2	Jun	2021	T2	juin	Prince Edward Island	Île-du-Prince-Édouard	Canadian Experience	Catégorie de l’expérience canadienne	65
2022	Q4	Oct	2022	T4	oct.	Alberta	Alberta	Skilled Worker	Travailleurs qualifiés	480
2015	Q4	Nov	2015	T4	nov.	British Columbia	Colombie-Britannique	Canadian Experience	Catégorie de l’expérience canadienne	175
2020	Q4	Oct	2020	T4	oct.	Prince Edward Island	Île-du-Prince-Édouard	Provincial Nominee Program	Candidats des provinces ou des territoires	25
2018	Q4	Oct	2018	T4	oct.	Nova Scotia	Nouvelle-Écosse	Canadian Experience	Catégorie de l’expérience canadienne	25
2020	Q3	Sep	2020	T3	sept.	Alberta	Alberta	Canadian Experience	Catégorie de l’expérience canadienne	35
2018	Q4	Nov	2018	T4	nov.	Manitoba	Manitoba	Skilled Worker	Travailleurs qualifiés	25
2015	Q4	Nov	2015	T4	nov.	New Brunswick	Nouveau-Brunswick	Skilled Worker	Travailleurs qualifiés	--
2024	Q4	Oct	2024	T4	oct.	Alberta	Alberta	Provincial Nominee Program	Candidats des provinces ou des territoires	430
2020	Q1	Mar	2020	T1	mars	Yukon	Yukon	Provincial Nominee Program	Candidats des provinces ou des territoires	5
2019	Q1	Mar	2019	T1	mars	Manitoba	Manitoba	Provincial Nominee Program	Candidats des provinces ou des territoires	40
2019	Q3	Aug	2019	T3	août	Saskatchewan	Saskatchewan	Canadian Experience	Catégorie de l’expérience canadienne	65
2021	Q3	Aug	2021	T3	août	British Columbia	Colombie-Britannique	Skilled Worker	Travailleurs qualifiés	80
2023	Q2	Apr	2023	T2	avr.	Alberta	Alberta	Skilled Worker	Travailleurs qualifiés	285
2026	Q1	Feb	2026	T1	fév.	Northwest Territories	Territoires du Nord-Ouest	Provincial Nominee Program	Candidats des provinces ou des territoires	15
2021	Q4	Oct	2021	T4	oct.	Manitoba	Manitoba	Skilled Worker	Travailleurs qualifiés	5
2015	Q1	Mar	2015	T1	mars	Ontario	Ontario	Canadian Experience	Catégorie de l’expérience canadienne	--
2019	Q4	Nov	2019	T4	nov.	Ontario	Ontario	Canadian Experience	Catégorie de l’expérience canadienne	1105
2017	Q1	Feb	2017	T1	fév.	Saskatchewan	Saskatchewan	Skilled Trade	Métiers spécialisés	5
2024	Q1	Mar	2024	T1	mars	Yukon	Yukon	Skilled Worker	Travailleurs qualifiés	--
2022	Q1	Feb	2022	T1	fév.	Alberta	Alberta	Skilled Worker	Travailleurs qualifiés	135
2020	Q1	Mar	2020	T1	mars	Prince Edward Island	Île-du-Prince-Édouard	Canadian Experience	Catégorie de l’expérience canadienne	--
2021	Q4	Nov	2021	T4	nov.	Nova Scotia	Nouvelle-Écosse	Canadian Experience	Catégorie de l’expérience canadienne	260
2022	Q3	Sep	2022	T3	sept.	Saskatchewan	Saskatchewan	Canadian Experience	Catégorie de l’expérience canadienne	--
2019	Q2	May	2019	T2	mai	British Columbia	Colombie-Britannique	Provincial Nominee Program	Candidats des provinces ou des territoires	425
2022	Q2	Jun	2022	T2	juin	British Columbia	Colombie-Britannique	Skilled Trade	Métiers spécialisés	25
2022	Q3	Jul	2022	T3	juil.	Yukon	Yukon	Skilled Worker	Travailleurs qualifiés	--
2024	Q2	May	2024	T2	mai	British Columbia	Colombie-Britannique	Canadian Experience	Catégorie de l’expérience canadienne	875
2026	Q2	Jun	2026	T2	juin	Alberta	Alberta	Canadian Experience	Catégorie de l’expérience canadienne	320
2017	Q1	Jan	2017	T1	janv.	Alberta	Alberta	Canadian Experience	Catégorie de l’expérience canadienne	710
2016	Q2	Jun	2016	T2	juin	Saskatchewan	Saskatchewan	Skilled Worker	Travailleurs qualifiés	10
2016	Q4	Dec	2016	T4	déc.	New Brunswick	Nouveau-Brunswick	Provincial Nominee Program	Candidats des provinces ou des territoires	40
2023	Q2	Apr	2023	T2	avr.	Yukon	Yukon	Canadian Experience	Catégorie de l’expérience canadienne	--
2021	Q2	Apr	2021	T2	avr.	New Brunswick	Nouveau-Brunswick	Skilled Worker	Travailleurs qualifiés	--
2025	Q2	Jun	2025	T2	juin	Nunavut	Nunavut	Canadian Experience	Catégorie de l’expérience canadienne	--
2020	Q3	Jul	2020	T3	juil.	Alberta	Alberta	Provincial Nominee Program	Candidats des provinces ou des territoires	275
2022	Q3	Jul	2022	T3	juil.	British Columbia	Colombie-Britannique	Canadian Experience	Catégorie de l’expérience canadienne	275
2018	Q2	May	2018	T2	mai	Alberta	Alberta	Skilled Worker	Travailleurs qualifiés	345
2021	Q1	Mar	2021	T1	mars	Ontario	Ontario	Provincial Nominee Program	Candidats des provinces ou des territoires	180
2020	Q1	Mar	2020	T1	mars	Nova Scotia	Nouvelle-Écosse	Skilled Worker	Travailleurs qualifiés	15
2019	Q4	Dec	2019	T4	déc.	Newfoundland and Labrador	Terre-Neuve-et-Labrador	Skilled Worker	Travailleurs qualifiés	5
2025	Q1	Mar	2025	T1	mars	Newfoundland and Labrador	Terre-Neuve-et-Labrador	Canadian Experience	Catégorie de l’expérience canadienne	--
2020	Q3	Jul	2020	T3	juil.	Yukon	Yukon	Provincial Nominee Program	Candidats des provinces ou des territoires	--
2023	Q4	Oct	2023	T4	oct.	Ontario	Ontario	Canadian Experience	Catégorie de l’expérience canadienne	1705
2017	Q1	Jan	2017	T1	janv.	Saskatchewan	Saskatchewan	Canadian Experience	Catégorie de l’expérience canadienne	20
2016	Q4	Oct	2016	T4	oct.	Saskatchewan	Saskatchewan	Skilled Worker	Travailleurs qualifiés	10
2024	Q3	Aug	2024	T3	août	British Columbia	Colombie-Britannique	Canadian Experience	Catégorie de l’expérience canadienne	810
2021	Q3	Aug	2021	T3	août	Ontario	Ontario	Provincial Nominee Program	Candidats des provinces ou des territoires	385
2019	Q1	Mar	2019	T1	mars	British Columbia	Colombie-Britannique	Skilled Trade	Métiers spécialisés	30
2017	Q2	Jun	2017	T2	juin	Manitoba	Manitoba	Skilled Trade	Métiers spécialisés	--
2024	Q4	Nov	2024	T4	nov.	Alberta	Alberta	Provincial Nominee Program	Candidats des provinces ou des territoires	245
2018	Q2	Apr	2018	T2	avr.	New Brunswick	Nouveau-Brunswick	Provincial Nominee Program	Candidats des provinces ou des territoires	150
2018	Q3	Jul	2018	T3	juil.	Alberta	Alberta	Canadian Experience	Catégorie de l’expérience canadienne	170
2017	Q4	Oct	2017	T4	oct.	New Brunswick	Nouveau-Brunswick	Provincial Nominee Program	Candidats des provinces ou des territoires	125
2016	Q1	Jan	2016	T1	janv.	Prince Edward Island	Île-du-Prince-Édouard	Provincial Nominee Program	Candidats des provinces ou des territoires	--
2025	Q1	Jan	2025	T1	janv.	Ontario	Ontario	Canadian Experience	Catégorie de l’expérience canadienne	2690
2015	Q3	Jul	2015	T3	juil.	Alberta	Alberta	Skilled Trade	Métiers spécialisés	50
2021	Q3	Sep	2021	T3	sept.	Ontario	Ontario	Provincial Nominee Program	Candidats des provinces ou des territoires	395
2019	Q3	Aug	2019	T3	août	British Columbia	Colombie-Britannique	Canadian Experience	Catégorie de l’expérience canadienne	825
2022	Q4	Oct	2022	T4	oct.	Manitoba	Manitoba	Skilled Worker	Travailleurs qualifiés	55
2018	Q1	Feb	2018	T1	fév.	British Columbia	Colombie-Britannique	Skilled Trade	Métiers spécialisés	70
2022	Q4	Oct	2022	T4	oct.	Saskatchewan	Saskatchewan	Skilled Worker	Travailleurs qualifiés	30
2016	Q2	Jun	2016	T2	juin	Newfoundland and Labrador	Terre-Neuve-et-Labrador	Skilled Worker	Travailleurs qualifiés	--
2020	Q3	Sep	2020	T3	sept.	Alberta	Alberta	Provincial Nominee Program	Candidats des provinces ou des territoires	120
2015	Q3	Aug	2015	T3	août	Manitoba	Manitoba	Canadian Experience	Catégorie de l’expérience canadienne	5
2018	Q4	Nov	2018	T4	nov.	British Columbia	Colombie-Britannique	Canadian Experience	Catégorie de l’expérience canadienne	285
2026	Q3	Jul	2026	T3	juil.	Ontario	Ontario	Canadian Experience	Catégorie de l’expérience canadienne	4675
2025	Q3	Jul	2025	T3	juil.	British Columbia	Colombie-Britannique	Skilled Worker	Travailleurs qualifiés	135
2016	Q1	Feb	2016	T1	fév.	British Columbia	Colombie-Britannique	Skilled Worker	Travailleurs qualifiés	190
2019	Q1	Mar	2019	T1	mars	Yukon	Yukon	Skilled Worker	Travailleurs qualifiés	--
2023	Q4	Nov	2023	T4	nov.	Ontario	Ontario	Canadian Experience	Catégorie de l’expérience canadienne	1630
2016	Q4	Dec	2016	T4	déc.	Prince Edward Island	Île-du-Prince-Édouard	Provincial Nominee Program	Candidats des provinces ou des territoires	40
2016	Q3	Aug	2016	T3	août	Nova Scotia	Nouvelle-Écosse	Skilled Worker	Travailleurs qualifiés	5
2016	Q4	Oct	2016	T4	oct.	Alberta	Alberta	Skilled Worker	Travailleurs qualifiés	220
2019	Q3	Sep	2019	T3	sept.	British Columbia	Colombie-Britannique	Skilled Trade	Métiers spécialisés	60
2022	Q4	Oct	2022	T4	oct.	Prince Edward Island	Île-du-Prince-Édouard	Provincial Nominee Program	Candidats des provinces ou des territoires	20
2022	Q1	Mar	2022	T1	mars	Prince Edward Island	Île-du-Prince-Édouard	Canadian Experience	Catégorie de l’expérience canadienne	15
2019	Q3	Aug	2019	T3	août	Newfoundland and Labrador	Terre-Neuve-et-Labrador	Skilled Worker	Travailleurs qualifiés	5
2016	Q4	Nov	2016	T4	nov.	British Columbia	Colombie-Britannique	Skilled Worker	Travailleurs qualifiés	140
2018	Q1	Jan	2018	T1	janv.	Northwest Territories	Territoires du Nord-Ouest	Skilled Worker	Travailleurs qualifiés	--
2018	Q4	Nov	2018	T4	nov.	Manitoba	Manitoba	Provincial Nominee Program	Candidats des provinces ou des territoires	10
2023	Q4	Dec	2023	T4	déc.	Ontario	Ontario	Canadian Experience	Catégorie de l’expérience canadienne	2645
2019	Q3	Sep	2019	T3	sept.	Alberta	Alberta	Skilled Worker	Travailleurs qualifiés	545
2025	Q1	Mar	2025	T1	mars	Saskatchewan	Saskatchewan	Provincial Nominee Program	Candidats des provinces ou des territoires	130
2016	Q2	May	2016	T2	mai	Saskatchewan	Saskatchewan	Provincial Nominee Program	Candidats des provinces ou des territoires	70
2018	Q3	Aug	2018	T3	août	Ontario	Ontario	Skilled Worker	Travailleurs qualifiés	2450
2023	Q1	Jan	2023	T1	janv.	Alberta	Alberta	Skilled Worker	Travailleurs qualifiés	200
2017	Q4	Oct	2017	T4	oct.	Alberta	Alberta	Skilled Trade	Métiers spécialisés	20
2022	Q4	Nov	2022	T4	nov.	Prince Edward Island	Île-du-Prince-Édouard	Skilled Worker	Travailleurs qualifiés	--
2016	Q2	May	2016	T2	mai	Ontario	Ontario	Skilled Worker	Travailleurs qualifiés	720
2017	Q4	Nov	2017	T4	nov.	Saskatchewan	Saskatchewan	Provincial Nominee Program	Candidats des provinces ou des territoires	65
2019	Q3	Jul	2019	T3	juil.	Ontario	Ontario	Provincial Nominee Program	Candidats des provinces ou des territoires	800
2016	Q3	Jul	2016	T3	juil.	Prince Edward Island	Île-du-Prince-Édouard	Skilled Worker	Travailleurs qualifiés	--
2021	Q3	Jul	2021	T3	juil.	Prince Edward Island	Île-du-Prince-Édouard	Canadian Experience	Catégorie de l’expérience canadienne	110
2022	Q1	Feb	2022	T1	fév.	Yukon	Yukon	Canadian Experience	Catégorie de l’expérience canadienne	10
2020	Q2	Apr	2020	T2	avr.	Alberta	Alberta	Skilled Worker	Travailleurs qualifiés	50
2018	Q1	Jan	2018	T1	janv.	Alberta	Alberta	Skilled Trade	Métiers spécialisés	35
2024	Q3	Aug	2024	T3	août	Saskatchewan	Saskatchewan	Skilled Worker	Travailleurs qualifiés	25
2024	Q4	Nov	2024	T4	nov.	Manitoba	Manitoba	Provincial Nominee Program	Candidats des provinces ou des territoires	165
2025	Q1	Mar	2025	T1	mars	Saskatchewan	Saskatchewan	Canadian Experience	Catégorie de l’expérience canadienne	25
2016	Q1	Jan	2016	T1	janv.	Nova Scotia	Nouvelle-Écosse	Canadian Experience	Catégorie de l’expérience canadienne	--
2023	Q1	Mar	2023	T1	mars	Yukon	Yukon	Skilled Worker	Travailleurs qualifiés	--
2023	Q3	Jul	2023	T3	juil.	Alberta	Alberta	Skilled Worker	Travailleurs qualifiés	345
2026	Q1	Jan	2026	T1	janv.	Nova Scotia	Nouvelle-Écosse	Canadian Experience	Catégorie de l’expérience canadienne	80
2016	Q4	Oct	2016	T4	oct.	Manitoba	Manitoba	Skilled Worker	Travailleurs qualifiés	5
2016	Q3	Sep	2016	T3	sept.	Prince Edward Island	Île-du-Prince-Édouard	Provincial Nominee Program	Candidats des provinces ou des territoires	50
2021	Q4	Nov	2021	T4	nov.	Yukon	Yukon	Canadian Experience	Catégorie de l’expérience canadienne	15
2018	Q2	Apr	2018	T2	avr.	Nova Scotia	Nouvelle-Écosse	Skilled Trade	Métiers spécialisés	5
2026	Q2	May	2026	T2	mai	Prince Edward Island	Île-du-Prince-Édouard	Skilled Worker	Travailleurs qualifiés	--
2021	Q1	Feb	2021	T1	fév.	British Columbia	Colombie-Britannique	Skilled Trade	Métiers spécialisés	--
2025	Q2	Jun	2025	T2	juin	Alberta	Alberta	Provincial Nominee Program	Candidats des provinces ou des territoires	530
2015	Q4	Nov	2015	T4	nov.	British Columbia	Colombie-Britannique	Provincial Nominee Program	Candidats des provinces ou des territoires	90
2023	Q3	Jul	2023	T3	juil.	Saskatchewan	Saskatchewan	Skilled Worker	Travailleurs qualifiés	35
2015	Q4	Nov	2015	T4	nov.	Ontario	Ontario	Provincial Nominee Program	Candidats des provinces ou des territoires	5
2023	Q1	Jan	2023	T1	janv.	New Brunswick	Nouveau-Brunswick	Skilled Worker	Travailleurs qualifiés	15
2023	Q1	Jan	2023	T1	janv.	British Columbia	Colombie-Britannique	Canadian Experience	Catégorie de l’expérience canadienne	455
2022	Q4	Dec	2022	T4	déc.	New Brunswick	Nouveau-Brunswick	Canadian Experience	Catégorie de l’expérience canadienne	--
2023	Q1	Mar	2023	T1	mars	British Columbia	Colombie-Britannique	Provincial Nominee Program	Candidats des provinces ou des territoires	695
2022	Q4	Nov	2022	T4	nov.	Ontario	Ontario	Skilled Worker	Travailleurs qualifiés	2315
2024	Q3	Sep	2024	T3	sept.	Nova Scotia	Nouvelle-Écosse	Canadian Experience	Catégorie de l’expérience canadienne	35
2022	Q4	Dec	2022	T4	déc.	Ontario	Ontario	Skilled Trade	Métiers spécialisés	--
2018	Q4	Oct	2018	T4	oct.	Yukon	Yukon	Skilled Worker	Travailleurs qualifiés	--
2025	Q2	Apr	2025	T2	avr.	Manitoba	Manitoba	Skilled Worker	Travailleurs qualifiés	60
2016	Q2	May	2016	T2	mai	Manitoba	Manitoba	Provincial Nominee Program	Candidats des provinces ou des territoires	15
2019	Q3	Sep	2019	T3	sept.	Prince Edward Island	Île-du-Prince-Édouard	Canadian Experience	Catégorie de l’expérience canadienne	10
2018	Q2	Apr	2018	T2	avr.	British Columbia	Colombie-Britannique	Canadian Experience	Catégorie de l’expérience canadienne	445
2022	Q4	Oct	2022	T4	oct.	British Columbia	Colombie-Britannique	Skilled Worker	Travailleurs qualifiés	565
2018	Q4	Dec	2018	T4	déc.	British Columbia	Colombie-Britannique	Skilled Worker	Travailleurs qualifiés	385
2018	Q2	Apr	2018	T2	avr.	Prince Edward Island	Île-du-Prince-Édouard	Skilled Worker	Travailleurs qualifiés	--
2025	Q3	Jul	2025	T3	juil.	Northwest Territories	Territoires du Nord-Ouest	Canadian Experience	Catégorie de l’expérience canadienne	--
2022	Q1	Jan	2022	T1	janv.	Yukon	Yukon	Skilled Worker	Travailleurs qualifiés	--
2023	Q2	May	2023	T2	mai	Prince Edward Island	Île-du-Prince-Édouard	Provincial Nominee Program	Candidats des provinces ou des territoires	65
2018	Q1	Feb	2018	T1	fév.	Yukon	Yukon	Skilled Worker	Travailleurs qualifiés	--
2016	Q4	Dec	2016	T4	déc.	Manitoba	Manitoba	Skilled Trade	Métiers spécialisés	--
2017	Q1	Feb	2017	T1	fév.	British Columbia	Colombie-Britannique	Skilled Worker	Travailleurs qualifiés	170
2016	Q1	Jan	2016	T1	janv.	Nunavut	Nunavut	Canadian Experience	Catégorie de l’expérience canadienne	--
2024	Q4	Dec	2024	T4	déc.	Saskatchewan	Saskatchewan	Skilled Worker	Travailleurs qualifiés	25
2023	Q4	Oct	2023	T4	oct.	New Brunswick	Nouveau-Brunswick	Canadian Experience	Catégorie de l’expérience canadienne	20
2020	Q4	Oct	2020	T4	oct.	New Brunswick	Nouveau-Brunswick	Skilled Worker	Travailleurs qualifiés	--
2015	Q2	Apr	2015	T2	avr.	Ontario	Ontario	Canadian Experience	Catégorie de l’expérience canadienne	--
2016	Q1	Feb	2016	T1	fév.	Newfoundland and Labrador	Terre-Neuve-et-Labrador	Skilled Trade	Métiers spécialisés	--
2016	Q1	Jan	2016	T1	janv.	Manitoba	Manitoba	Skilled Trade	Métiers spécialisés	--
2022	Q4	Nov	2022	T4	nov.	Ontario	Ontario	Provincial Nominee Program	Candidats des provinces ou des territoires	910
2018	Q1	Feb	2018	T1	fév.	Ontario	Ontario	Provincial Nominee Program	Candidats des provinces ou des territoires	670
2021	Q1	Mar	2021	T1	mars	Newfoundland and Labrador	Terre-Neuve-et-Labrador	Canadian Experience	Catégorie de l’expérience canadienne	10
2017	Q1	Jan	2017	T1	janv.	Northwest Territories	Territoires du Nord-Ouest	Provincial Nominee Program	Candidats des provinces ou des territoires	10
2024	Q2	Jun	2024	T2	juin	Ontario	Ontario	Canadian Experience	Catégorie de l’expérience canadienne	2345
2024	Q2	Jun	2024	T2	juin	Prince Edward Island	Île-du-Prince-Édouard	Provincial Nominee Program	Candidats des provinces ou des territoires	30
2019	Q3	Sep	2019	T3	sept.	Saskatchewan	Saskatchewan	Skilled Worker	Travailleurs qualifiés	55
2016	Q3	Sep	2016	T3	sept.	Yukon	Yukon	Skilled Worker	Travailleurs qualifiés	--
2018	Q4	Nov	2018	T4	nov.	Saskatchewan	Saskatchewan	Skilled Worker	Travailleurs qualifiés	25
2018	Q4	Nov	2018	T4	nov.	British Columbia	Colombie-Britannique	Provincial Nominee Program	Candidats des provinces ou des territoires	175
2020	Q2	Jun	2020	T2	juin	Nova Scotia	Nouvelle-Écosse	Canadian Experience	Catégorie de l’expérience canadienne	50
2017	Q4	Nov	2017	T4	nov.	Ontario	Ontario	Canadian Experience	Catégorie de l’expérience canadienne	2505
2025	Q3	Jul	2025	T3	juil.	Ontario	Ontario	Provincial Nominee Program	Candidats des provinces ou des territoires	1350
2020	Q1	Jan	2020	T1	janv.	Alberta	Alberta	Skilled Worker	Travailleurs qualifiés	380
2026	Q2	Jun	2026	T2	juin	Newfoundland and Labrador	Terre-Neuve-et-Labrador	Canadian Experience	Catégorie de l’expérience canadienne	--
2025	Q1	Mar	2025	T1	mars	Alberta	Alberta	Provincial Nominee Program	Candidats des provinces ou des territoires	390
2018	Q2	Jun	2018	T2	juin	Saskatchewan	Saskatchewan	Skilled Worker	Travailleurs qualifiés	50
2019	Q1	Feb	2019	T1	fév.	Manitoba	Manitoba	Provincial Nominee Program	Candidats des provinces ou des territoires	20
2021	Q1	Mar	2021	T1	mars	Alberta	Alberta	Skilled Trade	Métiers spécialisés	--
2021	Q2	Apr	2021	T2	avr.	Ontario	Ontario	Skilled Worker	Travailleurs qualifiés	255
2023	Q3	Aug	2023	T3	août	New Brunswick	Nouveau-Brunswick	Skilled Worker	Travailleurs qualifiés	25
2018	Q3	Jul	2018	T3	juil.	Prince Edward Island	Île-du-Prince-Édouard	Provincial Nominee Program	Candidats des provinces ou des territoires	35
2024	Q1	Mar	2024	T1	mars	New Brunswick	Nouveau-Brunswick	Provincial Nominee Program	Candidats des provinces ou des territoires	210
2018	Q1	Mar	2018	T1	mars	British Columbia	Colombie-Britannique	Skilled Trade	Métiers spécialisés	60
2021	Q3	Sep	2021	T3	sept.	Newfoundland and Labrador	Terre-Neuve-et-Labrador	Provincial Nominee Program	Candidats des provinces ou des territoires	--
2020	Q1	Jan	2020	T1	janv.	New Brunswick	Nouveau-Brunswick	Provincial Nominee Program	Candidats des provinces ou des territoires	45
2022	Q2	Apr	2022	T2	avr.	Manitoba	Manitoba	Skilled Worker	Travailleurs qualifiés	55
2023	Q3	Sep	2023	T3	sept.	Newfoundland and Labrador	Terre-Neuve-et-Labrador	Canadian Experience	Catégorie de l’expérience canadienne	5
2021	Q2	Jun	2021	T2	juin	Alberta	Alberta	Canadian Experience	Catégorie de l’expérience canadienne	1210
2016	Q2	Jun	2016	T2	juin	Saskatchewan	Saskatchewan	Canadian Experience	Catégorie de l’expérience canadienne	5
2019	Q1	Jan	2019	T1	janv.	Ontario	Ontario	Skilled Trade	Métiers spécialisés	--
2021	Q2	May	2021	T2	mai	Saskatchewan	Saskatchewan	Canadian Experience	Catégorie de l’expérience canadienne	30
2022	Q4	Nov	2022	T4	nov.	Newfoundland and Labrador	Terre-Neuve-et-Labrador	Provincial Nominee Program	Candidats des provinces ou des territoires	55
2016	Q2	Apr	2016	T2	avr.	New Brunswick	Nouveau-Brunswick	Provincial Nominee Program	Candidats des provinces ou des territoires	20
2023	Q3	Jul	2023	T3	juil.	Ontario	Ontario	Skilled Trade	Métiers spécialisés	--
2018	Q1	Jan	2018	T1	janv.	Ontario	Ontario	Skilled Worker	Travailleurs qualifiés	2520
2023	Q2	Apr	2023	T2	avr.	Northwest Territories	Territoires du Nord-Ouest	Canadian Experience	Catégorie de l’expérience canadienne	--
2018	Q2	May	2018	T2	mai	Newfoundland and Labrador	Terre-Neuve-et-Labrador	Provincial Nominee Program	Candidats des provinces ou des territoires	5
2018	Q2	Jun	2018	T2	juin	Ontario	Ontario	Canadian Experience	Catégorie de l’expérience canadienne	1245
2016	Q3	Aug	2016	T3	août	British Columbia	Colombie-Britannique	Canadian Experience	Catégorie de l’expérience canadienne	125
2025	Q1	Mar	2025	T1	mars	Manitoba	Manitoba	Provincial Nominee Program	Candidats des provinces ou des territoires	350
2017	Q1	Jan	2017	T1	janv.	Newfoundland and Labrador	Terre-Neuve-et-Labrador	Canadian Experience	Catégorie de l’expérience canadienne	--
2017	Q3	Sep	2017	T3	sept.	British Columbia	Colombie-Britannique	Skilled Worker	Travailleurs qualifiés	400
2022	Q2	May	2022	T2	mai	Alberta	Alberta	Skilled Worker	Travailleurs qualifiés	535
2023	Q1	Jan	2023	T1	janv.	Nova Scotia	Nouvelle-Écosse	Skilled Worker	Travailleurs qualifiés	30
2019	Q4	Nov	2019	T4	nov.	Northwest Territories	Territoires du Nord-Ouest	Provincial Nominee Program	Candidats des provinces ou des territoires	--
2022	Q1	Jan	2022	T1	janv.	New Brunswick	Nouveau-Brunswick	Skilled Worker	Travailleurs qualifiés	10
2016	Q1	Feb	2016	T1	fév.	Nunavut	Nunavut	Skilled Worker	Travailleurs qualifiés	--
2026	Q1	Mar	2026	T1	mars	Ontario	Ontario	Skilled Worker	Travailleurs qualifiés	1390
2019	Q2	May	2019	T2	mai	Saskatchewan	Saskatchewan	Skilled Worker	Travailleurs qualifiés	60
2021	Q1	Feb	2021	T1	fév.	New Brunswick	Nouveau-Brunswick	Canadian Experience	Catégorie de l’expérience canadienne	5
2019	Q1	Mar	2019	T1	mars	Alberta	Alberta	Provincial Nominee Program	Candidats des provinces ou des territoires	15
2023	Q1	Mar	2023	T1	mars	Nunavut	Nunavut	Canadian Experience	Catégorie de l’expérience canadienne	--
2015	Q3	Sep	2015	T3	sept.	Nova Scotia	Nouvelle-Écosse	Skilled Worker	Travailleurs qualifiés	--
2015	Q2	Jun	2015	T2	juin	Alberta	Alberta	Skilled Trade	Métiers spécialisés	25
2020	Q1	Feb	2020	T1	fév.	Saskatchewan	Saskatchewan	Skilled Worker	Travailleurs qualifiés	40
2017	Q3	Aug	2017	T3	août	Ontario	Ontario	Provincial Nominee Program	Candidats des provinces ou des territoires	545
2021	Q3	Sep	2021	T3	sept.	Saskatchewan	Saskatchewan	Skilled Worker	Travailleurs qualifiés	--
2020	Q4	Dec	2020	T4	déc.	British Columbia	Colombie-Britannique	Provincial Nominee Program	Candidats des provinces ou des territoires	235
2023	Q4	Dec	2023	T4	déc.	Saskatchewan	Saskatchewan	Canadian Experience	Catégorie de l’expérience canadienne	40
2018	Q4	Nov	2018	T4	nov.	Alberta	Alberta	Skilled Worker	Travailleurs qualifiés	240
2025	Q3	Sep	2025	T3	sept.	British Columbia	Colombie-Britannique	Canadian Experience	Catégorie de l’expérience canadienne	755
2019	Q2	May	2019	T2	mai	British Columbia	Colombie-Britannique	Skilled Worker	Travailleurs qualifiés	725
2022	Q2	Apr	2022	T2	avr.	Saskatchewan	Saskatchewan	Skilled Worker	Travailleurs qualifiés	20
2016	Q1	Jan	2016	T1	janv.	Manitoba	Manitoba	Skilled Worker	Travailleurs qualifiés	20
2025	Q2	Apr	2025	T2	avr.	Yukon	Yukon	Canadian Experience	Catégorie de l’expérience canadienne	5
2016	Q1	Jan	2016	T1	janv.	Saskatchewan	Saskatchewan	Skilled Worker	Travailleurs qualifiés	15
2022	Q3	Sep	2022	T3	sept.	Prince Edward Island	Île-du-Prince-Édouard	Skilled Trade	Métiers spécialisés	--
2022	Q3	Sep	2022	T3	sept.	British Columbia	Colombie-Britannique	Provincial Nominee Program	Candidats des provinces ou des territoires	890
2020	Q2	May	2020	T2	mai	Ontario	Ontario	Skilled Worker	Travailleurs qualifiés	670
2025	Q2	Apr	2025	T2	avr.	British Columbia	Colombie-Britannique	Skilled Trade	Métiers spécialisés	--
2023	Q1	Mar	2023	T1	mars	Prince Edward Island	Île-du-Prince-Édouard	Canadian Experience	Catégorie de l’expérience canadienne	5
2023	Q1	Mar	2023	T1	mars	British Columbia	Colombie-Britannique	Skilled Worker	Travailleurs qualifiés	385
2018	Q2	Jun	2018	T2	juin	British Columbia	Colombie-Britannique	Provincial Nominee Program	Candidats des provinces ou des territoires	345
2023	Q4	Oct	2023	T4	oct.	British Columbia	Colombie-Britannique	Skilled Trade	Métiers spécialisés	10
2017	Q2	Apr	2017	T2	avr.	Northwest Territories	Territoires du Nord-Ouest	Provincial Nominee Program	Candidats des provinces ou des territoires	--
2022	Q1	Feb	2022	T1	fév.	Nova Scotia	Nouvelle-Écosse	Skilled Worker	Travailleurs qualifiés	15
2025	Q1	Mar	2025	T1	mars	New Brunswick	Nouveau-Brunswick	Skilled Worker	Travailleurs qualifiés	165
2016	Q2	Apr	2016	T2	avr.	British Columbia	Colombie-Britannique	Skilled Worker	Travailleurs qualifiés	215
2015	Q4	Oct	2015	T4	oct.	British Columbia	Colombie-Britannique	Skilled Trade	Métiers spécialisés	40
2020	Q2	Apr	2020	T2	avr.	British Columbia	Colombie-Britannique	Canadian Experience	Catégorie de l’expérience canadienne	50
2020	Q4	Dec	2020	T4	déc.	Newfoundland and Labrador	Terre-Neuve-et-Labrador	Provincial Nominee Program	Candidats des provinces ou des territoires	5
2021	Q4	Nov	2021	T4	nov.	Saskatchewan	Saskatchewan	Provincial Nominee Program	Candidats des provinces ou des territoires	75
2025	Q1	Mar	2025	T1	mars	Alberta	Alberta	Canadian Experience	Catégorie de l’expérience canadienne	430
2022	Q1	Mar	2022	T1	mars	Manitoba	Manitoba	Canadian Experience	Catégorie de l’expérience canadienne	35
2017	Q4	Dec	2017	T4	déc.	Nova Scotia	Nouvelle-Écosse	Skilled Worker	Travailleurs qualifiés	40
2018	Q2	May	2018	T2	mai	Alberta	Alberta	Skilled Trade	Métiers spécialisés	50
2019	Q3	Jul	2019	T3	juil.	Alberta	Alberta	Canadian Experience	Catégorie de l’expérience canadienne	175
2023	Q3	Sep	2023	T3	sept.	Prince Edward Island	Île-du-Prince-Édouard	Canadian Experience	Catégorie de l’expérience canadienne	--
2019	Q1	Feb	2019	T1	fév.	Newfoundland and Labrador	Terre-Neuve-et-Labrador	Skilled Worker	Travailleurs qualifiés	--
2018	Q4	Oct	2018	T4	oct.	Saskatchewan	Saskatchewan	Provincial Nominee Program	Candidats des provinces ou des territoires	145
2026	Q2	Jun	2026	T2	juin	Newfoundland and Labrador	Terre-Neuve-et-Labrador	Provincial Nominee Program	Candidats des provinces ou des territoires	30
2025	Q2	Jun	2025	T2	juin	Yukon	Yukon	Provincial Nominee Program	Candidats des provinces ou des territoires	--
2024	Q1	Mar	2024	T1	mars	Nova Scotia	Nouvelle-Écosse	Canadian Experience	Catégorie de l’expérience canadienne	50
2023	Q1	Jan	2023	T1	janv.	Newfoundland and Labrador	Terre-Neuve-et-Labrador	Provincial Nominee Program	Candidats des provinces ou des territoires	75
2021	Q3	Sep	2021	T3	sept.	British Columbia	Colombie-Britannique	Skilled Trade	Métiers spécialisés	145
2019	Q4	Dec	2019	T4	déc.	British Columbia	Colombie-Britannique	Canadian Experience	Catégorie de l’expérience canadienne	395
2023	Q4	Dec	2023	T4	déc.	Saskatchewan	Saskatchewan	Provincial Nominee Program	Candidats des provinces ou des territoires	185
2019	Q1	Jan	2019	T1	janv.	New Brunswick	Nouveau-Brunswick	Canadian Experience	Catégorie de l’expérience canadienne	5
2017	Q3	Sep	2017	T3	sept.	Saskatchewan	Saskatchewan	Canadian Experience	Catégorie de l’expérience canadienne	30
2025	Q4	Nov	2025	T4	nov.	Manitoba	Manitoba	Canadian Experience	Catégorie de l’expérience canadienne	--
2025	Q3	Jul	2025	T3	juil.	Prince Edward Island	Île-du-Prince-Édouard	Skilled Worker	Travailleurs qualifiés	5
2021	Q4	Nov	2021	T4	nov.	British Columbia	Colombie-Britannique	Skilled Trade	Métiers spécialisés	45
2015	Q3	Aug	2015	T3	août	British Columbia	Colombie-Britannique	Skilled Trade	Métiers spécialisés	20
2015	Q4	Oct	2015	T4	oct.	Manitoba	Manitoba	Provincial Nominee Program	Candidats des provinces ou des territoires	--
2026	Q2	Apr	2026	T2	avr.	Nunavut	Nunavut	Skilled Worker	Travailleurs qualifiés	5
2022	Q4	Oct	2022	T4	oct.	Nova Scotia	Nouvelle-Écosse	Canadian Experience	Catégorie de l’expérience canadienne	--
2019	Q2	Jun	2019	T2	juin	Alberta	Alberta	Provincial Nominee Program	Candidats des provinces ou des territoires	30
2021	Q4	Oct	2021	T4	oct.	Prince Edward Island	Île-du-Prince-Édouard	Canadian Experience	Catégorie de l’expérience canadienne	50
2026	Q2	Jun	2026	T2	juin	Yukon	Yukon	Canadian Experience	Catégorie de l’expérience canadienne	5
2017	Q3	Jul	2017	T3	juil.	Manitoba	Manitoba	Skilled Trade	Métiers spécialisés	--
2015	Q4	Dec	2015	T4	déc.	Yukon	Yukon	Canadian Experience	Catégorie de l’expérience canadienne	--
2023	Q2	Jun	2023	T2	juin	Nova Scotia	Nouvelle-Écosse	Provincial Nominee Program	Candidats des provinces ou des territoires	245
2015	Q3	Jul	2015	T3	juil.	British Columbia	Colombie-Britannique	Provincial Nominee Program	Candidats des provinces ou des territoires	20
2016	Q4	Nov	2016	T4	nov.	British Columbia	Colombie-Britannique	Canadian Experience	Catégorie de l’expérience canadienne	215
2023	Q1	Feb	2023	T1	fév.	Alberta	Alberta	Canadian Experience	Catégorie de l’expérience canadienne	260
2023	Q4	Nov	2023	T4	nov.	Ontario	Ontario	Provincial Nominee Program	Candidats des provinces ou des territoires	370
2019	Q1	Mar	2019	T1	mars	Alberta	Alberta	Skilled Worker	Travailleurs qualifiés	320
2019	Q4	Oct	2019	T4	oct.	Manitoba	Manitoba	Canadian Experience	Catégorie de l’expérience canadienne	30
2023	Q1	Jan	2023	T1	janv.	Northwest Territories	Territoires du Nord-Ouest	Canadian Experience	Catégorie de l’expérience canadienne	--
2020	Q4	Oct	2020	T4	oct.	Newfoundland and Labrador	Terre-Neuve-et-Labrador	Provincial Nominee Program	Candidats des provinces ou des territoires	10
2025	Q3	Sep	2025	T3	sept.	Northwest Territories	Territoires du Nord-Ouest	Provincial Nominee Program	Candidats des provinces ou des territoires	10
2023	Q2	May	2023	T2	mai	British Columbia	Colombie-Britannique	Provincial Nominee Program	Candidats des provinces ou des territoires	1115
2016	Q3	Aug	2016	T3	août	Newfoundland and Labrador	Terre-Neuve-et-Labrador	Skilled Worker	Travailleurs qualifiés	--
2023	Q1	Feb	2023	T1	fév.	Saskatchewan	Saskatchewan	Canadian Experience	Catégorie de l’expérience canadienne	45
2016	Q3	Sep	2016	T3	sept.	New Brunswick	Nouveau-Brunswick	Provincial Nominee Program	Candidats des provinces ou des territoires	50
2023	Q2	May	2023	T2	mai	New Brunswick	Nouveau-Brunswick	Provincial Nominee Program	Candidats des provinces ou des territoires	175
2021	Q2	May	2021	T2	mai	Alberta	Alberta	Skilled Worker	Travailleurs qualifiés	55
2015	Q4	Nov	2015	T4	nov.	Manitoba	Manitoba	Canadian Experience	Catégorie de l’expérience canadienne	5
2020	Q2	May	2020	T2	mai	British Columbia	Colombie-Britannique	Canadian Experience	Catégorie de l’expérience canadienne	420
2025	Q2	Apr	2025	T2	avr.	Alberta	Alberta	Skilled Worker	Travailleurs qualifiés	405
2021	Q2	Apr	2021	T2	avr.	Alberta	Alberta	Canadian Experience	Catégorie de l’expérience canadienne	425
2025	Q2	Apr	2025	T2	avr.	Manitoba	Manitoba	Canadian Experience	Catégorie de l’expérience canadienne	20
2024	Q3	Aug	2024	T3	août	Prince Edward Island	Île-du-Prince-Édouard	Canadian Experience	Catégorie de l’expérience canadienne	5
2018	Q3	Jul	2018	T3	juil.	Newfoundland and Labrador	Terre-Neuve-et-Labrador	Canadian Experience	Catégorie de l’expérience canadienne	10
2016	Q4	Nov	2016	T4	nov.	Ontario	Ontario	Provincial Nominee Program	Candidats des provinces ou des territoires	130
2025	Q1	Jan	2025	T1	janv.	Northwest Territories	Territoires du Nord-Ouest	Provincial Nominee Program	Candidats des provinces ou des territoires	15
2023	Q1	Feb	2023	T1	fév.	Northwest Territories	Territoires du Nord-Ouest	Skilled Worker	Travailleurs qualifiés	5
2024	Q1	Mar	2024	T1	mars	Nova Scotia	Nouvelle-Écosse	Provincial Nominee Program	Candidats des provinces ou des territoires	120
2024	Q4	Dec	2024	T4	déc.	Manitoba	Manitoba	Canadian Experience	Catégorie de l’expérience canadienne	20
2023	Q4	Dec	2023	T4	déc.	Manitoba	Manitoba	Provincial Nominee Program	Candidats des provinces ou des territoires	225
2016	Q4	Dec	2016	T4	déc.	Saskatchewan	Saskatchewan	Canadian Experience	Catégorie de l’expérience canadienne	20
2023	Q1	Mar	2023	T1	mars	Manitoba	Manitoba	Skilled Worker	Travailleurs qualifiés	20
2017	Q3	Sep	2017	T3	sept.	Prince Edward Island	Île-du-Prince-Édouard	Canadian Experience	Catégorie de l’expérience canadienne	10
2025	Q1	Mar	2025	T1	mars	Ontario	Ontario	Canadian Experience	Catégorie de l’expérience canadienne	4570
2023	Q2	May	2023	T2	mai	Saskatchewan	Saskatchewan	Provincial Nominee Program	Candidats des provinces ou des territoires	540
2025	Q2	Jun	2025	T2	juin	British Columbia	Colombie-Britannique	Canadian Experience	Catégorie de l’expérience canadienne	990
2016	Q2	Jun	2016	T2	juin	Nova Scotia	Nouvelle-Écosse	Provincial Nominee Program	Candidats des provinces ou des territoires	165
2020	Q3	Jul	2020	T3	juil.	British Columbia	Colombie-Britannique	Skilled Worker	Travailleurs qualifiés	300
2023	Q4	Dec	2023	T4	déc.	Newfoundland and Labrador	Terre-Neuve-et-Labrador	Canadian Experience	Catégorie de l’expérience canadienne	10
2025	Q2	Jun	2025	T2	juin	British Columbia	Colombie-Britannique	Skilled Trade	Métiers spécialisés	5
2020	Q2	Apr	2020	T2	avr.	British Columbia	Colombie-Britannique	Skilled Worker	Travailleurs qualifiés	95
2019	Q1	Jan	2019	T1	janv.	New Brunswick	Nouveau-Brunswick	Skilled Worker	Travailleurs qualifiés	5
2025	Q3	Jul	2025	T3	juil.	British Columbia	Colombie-Britannique	Canadian Experience	Catégorie de l’expérience canadienne	1055
2026	Q1	Mar	2026	T1	mars	Saskatchewan	Saskatchewan	Skilled Worker	Travailleurs qualifiés	35
2017	Q3	Sep	2017	T3	sept.	Nova Scotia	Nouvelle-Écosse	Provincial Nominee Program	Candidats des provinces ou des territoires	215
2024	Q4	Oct	2024	T4	oct.	Ontario	Ontario	Canadian Experience	Catégorie de l’expérience canadienne	2090
2016	Q3	Aug	2016	T3	août	Alberta	Alberta	Skilled Trade	Métiers spécialisés	65
2026	Q2	Apr	2026	T2	avr.	Ontario	Ontario	Skilled Worker	Travailleurs qualifiés	1620
2016	Q3	Sep	2016	T3	sept.	Nunavut	Nunavut	Canadian Experience	Catégorie de l’expérience canadienne	--
2016	Q3	Jul	2016	T3	juil.	Manitoba	Manitoba	Provincial Nominee Program	Candidats des provinces ou des territoires	15
2017	Q3	Sep	2017	T3	sept.	British Columbia	Colombie-Britannique	Canadian Experience	Catégorie de l’expérience canadienne	385
2026	Q2	May	2026	T2	mai	Prince Edward Island	Île-du-Prince-Édouard	Canadian Experience	Catégorie de l’expérience canadienne	10
2016	Q3	Aug	2016	T3	août	New Brunswick	Nouveau-Brunswick	Skilled Worker	Travailleurs qualifiés	--
2025	Q4	Nov	2025	T4	nov.	Northwest Territories	Territoires du Nord-Ouest	Canadian Experience	Catégorie de l’expérience canadienne	--
2023	Q3	Jul	2023	T3	juil.	Saskatchewan	Saskatchewan	Provincial Nominee Program	Candidats des provinces ou des territoires	560
2016	Q2	May	2016	T2	mai	Saskatchewan	Saskatchewan	Canadian Experience	Catégorie de l’expérience canadienne	10
2023	Q2	Apr	2023	T2	avr.	British Columbia	Colombie-Britannique	Canadian Experience	Catégorie de l’expérience canadienne	305
2025	Q2	Apr	2025	T2	avr.	Saskatchewan	Saskatchewan	Canadian Experience	Catégorie de l’expérience canadienne	20
2025	Q3	Sep	2025	T3	sept.	Ontario	Ontario	Provincial Nominee Program	Candidats des provinces ou des territoires	850
2023	Q3	Jul	2023	T3	juil.	Ontario	Ontario	Provincial Nominee Program	Candidats des provinces ou des territoires	900
2022	Q1	Jan	2022	T1	janv.	Manitoba	Manitoba	Skilled Worker	Travailleurs qualifiés	30
2018	Q4	Oct	2018	T4	oct.	Ontario	Ontario	Skilled Trade	Métiers spécialisés	10
2019	Q2	May	2019	T2	mai	Yukon	Yukon	Provincial Nominee Program	Candidats des provinces ou des territoires	--
2015	Q2	Jun	2015	T2	juin	Newfoundland and Labrador	Terre-Neuve-et-Labrador	Skilled Worker	Travailleurs qualifiés	--
2026	Q2	May	2026	T2	mai	British Columbia	Colombie-Britannique	Skilled Worker	Travailleurs qualifiés	150
2024	Q4	Oct	2024	T4	oct.	New Brunswick	Nouveau-Brunswick	Skilled Worker	Travailleurs qualifiés	295
2019	Q3	Sep	2019	T3	sept.	Northwest Territories	Territoires du Nord-Ouest	Canadian Experience	Catégorie de l’expérience canadienne	--
2022	Q1	Mar	2022	T1	mars	Prince Edward Island	Île-du-Prince-Édouard	Provincial Nominee Program	Candidats des provinces ou des territoires	35
2015	Q4	Dec	2015	T4	déc.	British Columbia	Colombie-Britannique	Skilled Worker	Travailleurs qualifiés	50
2026	Q1	Mar	2026	T1	mars	British Columbia	Colombie-Britannique	Canadian Experience	Catégorie de l’expérience canadienne	590
2018	Q4	Oct	2018	T4	oct.	New Brunswick	Nouveau-Brunswick	Provincial Nominee Program	Candidats des provinces ou des territoires	90
2025	Q3	Sep	2025	T3	sept.	Manitoba	Manitoba	Provincial Nominee Program	Candidats des provinces ou des territoires	160
2023	Q4	Oct	2023	T4	oct.	New Brunswick	Nouveau-Brunswick	Skilled Worker	Travailleurs qualifiés	75
2022	Q3	Sep	2022	T3	sept.	Yukon	Yukon	Skilled Worker	Travailleurs qualifiés	--
2023	Q1	Mar	2023	T1	mars	Manitoba	Manitoba	Skilled Trade	Métiers spécialisés	--
2018	Q4	Oct	2018	T4	oct.	Prince Edward Island	Île-du-Prince-Édouard	Skilled Worker	Travailleurs qualifiés	--
2023	Q1	Feb	2023	T1	fév.	Manitoba	Manitoba	Canadian Experience	Catégorie de l’expérience canadienne	40
2016	Q1	Mar	2016	T1	mars	New Brunswick	Nouveau-Brunswick	Skilled Worker	Travailleurs qualifiés	--
2016	Q2	Apr	2016	T2	avr.	Ontario	Ontario	Skilled Worker	Travailleurs qualifiés	790
2021	Q3	Aug	2021	T3	août	New Brunswick	Nouveau-Brunswick	Canadian Experience	Catégorie de l’expérience canadienne	80
2023	Q3	Jul	2023	T3	juil.	Alberta	Alberta	Provincial Nominee Program	Candidats des provinces ou des territoires	470
2024	Q2	Apr	2024	T2	avr.	British Columbia	Colombie-Britannique	Skilled Worker	Travailleurs qualifiés	345
2020	Q2	Apr	2020	T2	avr.	Northwest Territories	Territoires du Nord-Ouest	Provincial Nominee Program	Candidats des provinces ou des territoires	--
2024	Q4	Nov	2024	T4	nov.	Nova Scotia	Nouvelle-Écosse	Canadian Experience	Catégorie de l’expérience canadienne	60
2020	Q2	May	2020	T2	mai	Prince Edward Island	Île-du-Prince-Édouard	Provincial Nominee Program	Candidats des provinces ou des territoires	35
2024	Q3	Sep	2024	T3	sept.	New Brunswick	Nouveau-Brunswick	Skilled Worker	Travailleurs qualifiés	340
2025	Q1	Feb	2025	T1	fév.	New Brunswick	Nouveau-Brunswick	Canadian Experience	Catégorie de l’expérience canadienne	35
2024	Q3	Sep	2024	T3	sept.	Newfoundland and Labrador	Terre-Neuve-et-Labrador	Skilled Worker	Travailleurs qualifiés	20
2017	Q2	May	2017	T2	mai	Nunavut	Nunavut	Canadian Experience	Catégorie de l’expérience canadienne	--
2019	Q4	Dec	2019	T4	déc.	Newfoundland and Labrador	Terre-Neuve-et-Labrador	Skilled Trade	Métiers spécialisés	--
2016	Q4	Nov	2016	T4	nov.	Nova Scotia	Nouvelle-Écosse	Provincial Nominee Program	Candidats des provinces ou des territoires	125
2017	Q1	Jan	2017	T1	janv.	Ontario	Ontario	Provincial Nominee Program	Candidats des provinces ou des territoires	160
2022	Q2	May	2022	T2	mai	Manitoba	Manitoba	Canadian Experience	Catégorie de l’expérience canadienne	20
2016	Q2	Jun	2016	T2	juin	Alberta	Alberta	Canadian Experience	Catégorie de l’expérience canadienne	475
2019	Q3	Jul	2019	T3	juil.	Manitoba	Manitoba	Canadian Experience	Catégorie de l’expérience canadienne	45
2020	Q3	Aug	2020	T3	août	Saskatchewan	Saskatchewan	Skilled Worker	Travailleurs qualifiés	10
2025	Q3	Jul	2025	T3	juil.	Alberta	Alberta	Provincial Nominee Program	Candidats des provinces ou des territoires	290
2025	Q3	Sep	2025	T3	sept.	New Brunswick	Nouveau-Brunswick	Canadian Experience	Catégorie de l’expérience canadienne	25
2018	Q1	Jan	2018	T1	janv.	Prince Edward Island	Île-du-Prince-Édouard	Canadian Experience	Catégorie de l’expérience canadienne	10
2021	Q4	Nov	2021	T4	nov.	Ontario	Ontario	Canadian Experience	Catégorie de l’expérience canadienne	9105
2023	Q4	Dec	2023	T4	déc.	Ontario	Ontario	Provincial Nominee Program	Candidats des provinces ou des territoires	495
2020	Q4	Dec	2020	T4	déc.	New Brunswick	Nouveau-Brunswick	Provincial Nominee Program	Candidats des provinces ou des territoires	45
2019	Q1	Jan	2019	T1	janv.	Alberta	Alberta	Skilled Trade	Métiers spécialisés	--
2022	Q2	Jun	2022	T2	juin	Prince Edward Island	Île-du-Prince-Édouard	Provincial Nominee Program	Candidats des provinces ou des territoires	65
2015	Q2	May	2015	T2	mai	Alberta	Alberta	Skilled Worker	Travailleurs qualifiés	15
2022	Q2	May	2022	T2	mai	British Columbia	Colombie-Britannique	Provincial Nominee Program	Candidats des provinces ou des territoires	785
2025	Q3	Jul	2025	T3	juil.	Ontario	Ontario	Skilled Worker	Travailleurs qualifiés	1890
2016	Q2	Apr	2016	T2	avr.	British Columbia	Colombie-Britannique	Skilled Trade	Métiers spécialisés	25
2019	Q2	Apr	2019	T2	avr.	Nova Scotia	Nouvelle-Écosse	Canadian Experience	Catégorie de l’expérience canadienne	35
2019	Q3	Jul	2019	T3	juil.	Yukon	Yukon	Provincial Nominee Program	Candidats des provinces ou des territoires	--
2025	Q4	Nov	2025	T4	nov.	Northwest Territories	Territoires du Nord-Ouest	Provincial Nominee Program	Candidats des provinces ou des territoires	10
2019	Q3	Jul	2019	T3	juil.	British Columbia	Colombie-Britannique	Skilled Worker	Travailleurs qualifiés	805
2025	Q4	Oct	2025	T4	oct.	British Columbia	Colombie-Britannique	Canadian Experience	Catégorie de l’expérience canadienne	735
2017	Q3	Jul	2017	T3	juil.	Nova Scotia	Nouvelle-Écosse	Skilled Worker	Travailleurs qualifiés	5
2022	Q4	Oct	2022	T4	oct.	New Brunswick	Nouveau-Brunswick	Provincial Nominee Program	Candidats des provinces ou des territoires	380
2016	Q4	Oct	2016	T4	oct.	Ontario	Ontario	Skilled Trade	Métiers spécialisés	10
2024	Q4	Oct	2024	T4	oct.	British Columbia	Colombie-Britannique	Skilled Worker	Travailleurs qualifiés	185
2022	Q4	Nov	2022	T4	nov.	British Columbia	Colombie-Britannique	Provincial Nominee Program	Candidats des provinces ou des territoires	260
2020	Q1	Feb	2020	T1	fév.	Alberta	Alberta	Skilled Worker	Travailleurs qualifiés	335
2025	Q2	May	2025	T2	mai	Newfoundland and Labrador	Terre-Neuve-et-Labrador	Canadian Experience	Catégorie de l’expérience canadienne	10
2021	Q3	Sep	2021	T3	sept.	Alberta	Alberta	Skilled Worker	Travailleurs qualifiés	35
2019	Q4	Oct	2019	T4	oct.	Nova Scotia	Nouvelle-Écosse	Skilled Worker	Travailleurs qualifiés	35
2022	Q1	Jan	2022	T1	janv.	British Columbia	Colombie-Britannique	Provincial Nominee Program	Candidats des provinces ou des territoires	440
2016	Q4	Dec	2016	T4	déc.	Alberta	Alberta	Canadian Experience	Catégorie de l’expérience canadienne	470
2016	Q4	Dec	2016	T4	déc.	Prince Edward Island	Île-du-Prince-Édouard	Canadian Experience	Catégorie de l’expérience canadienne	--
2018	Q3	Aug	2018	T3	août	Nova Scotia	Nouvelle-Écosse	Provincial Nominee Program	Candidats des provinces ou des territoires	240
2016	Q2	Apr	2016	T2	avr.	Alberta	Alberta	Skilled Trade	Métiers spécialisés	175
2017	Q3	Aug	2017	T3	août	Northwest Territories	Territoires du Nord-Ouest	Canadian Experience	Catégorie de l’expérience canadienne	--
2026	Q1	Mar	2026	T1	mars	Alberta	Alberta	Provincial Nominee Program	Candidats des provinces ou des territoires	395
2022	Q4	Oct	2022	T4	oct.	Newfoundland and Labrador	Terre-Neuve-et-Labrador	Provincial Nominee Program	Candidats des provinces ou des territoires	135
2020	Q3	Sep	2020	T3	sept.	Saskatchewan	Saskatchewan	Skilled Worker	Travailleurs qualifiés	10
2016	Q3	Sep	2016	T3	sept.	British Columbia	Colombie-Britannique	Skilled Worker	Travailleurs qualifiés	195
2017	Q2	Jun	2017	T2	juin	New Brunswick	Nouveau-Brunswick	Skilled Worker	Travailleurs qualifiés	--
2018	Q3	Jul	2018	T3	juil.	Alberta	Alberta	Skilled Trade	Métiers spécialisés	15
2018	Q4	Oct	2018	T4	oct.	British Columbia	Colombie-Britannique	Provincial Nominee Program	Candidats des provinces ou des territoires	320
2017	Q3	Aug	2017	T3	août	Prince Edward Island	Île-du-Prince-Édouard	Provincial Nominee Program	Candidats des provinces ou des territoires	50
2021	Q4	Nov	2021	T4	nov.	Manitoba	Manitoba	Canadian Experience	Catégorie de l’expérience canadienne	140
2023	Q4	Dec	2023	T4	déc.	Newfoundland and Labrador	Terre-Neuve-et-Labrador	Provincial Nominee Program	Candidats des provinces ou des territoires	30
2020	Q4	Nov	2020	T4	nov.	Alberta	Alberta	Skilled Worker	Travailleurs qualifiés	90
2021	Q3	Jul	2021	T3	juil.	Newfoundland and Labrador	Terre-Neuve-et-Labrador	Skilled Worker	Travailleurs qualifiés	--
2023	Q2	Apr	2023	T2	avr.	Alberta	Alberta	Canadian Experience	Catégorie de l’expérience canadienne	105
2020	Q4	Dec	2020	T4	déc.	Prince Edward Island	Île-du-Prince-Édouard	Provincial Nominee Program	Candidats des provinces ou des territoires	--
2022	Q2	Apr	2022	T2	avr.	Alberta	Alberta	Canadian Experience	Catégorie de l’expérience canadienne	255
2019	Q4	Nov	2019	T4	nov.	Prince Edward Island	Île-du-Prince-Édouard	Provincial Nominee Program	Candidats des provinces ou des territoires	35
2021	Q3	Aug	2021	T3	août	Newfoundland and Labrador	Terre-Neuve-et-Labrador	Provincial Nominee Program	Candidats des provinces ou des territoires	5
2016	Q3	Jul	2016	T3	juil.	Newfoundland and Labrador	Terre-Neuve-et-Labrador	Skilled Worker	Travailleurs qualifiés	--
2022	Q1	Jan	2022	T1	janv.	Ontario	Ontario	Skilled Worker	Travailleurs qualifiés	760
2021	Q3	Aug	2021	T3	août	Prince Edward Island	Île-du-Prince-Édouard	Provincial Nominee Program	Candidats des provinces ou des territoires	70
2020	Q1	Mar	2020	T1	mars	British Columbia	Colombie-Britannique	Canadian Experience	Catégorie de l’expérience canadienne	285
2018	Q4	Nov	2018	T4	nov.	Prince Edward Island	Île-du-Prince-Édouard	Provincial Nominee Program	Candidats des provinces ou des territoires	15
2022	Q4	Dec	2022	T4	déc.	Manitoba	Manitoba	Provincial Nominee Program	Candidats des provinces ou des territoires	405
2022	Q4	Nov	2022	T4	nov.	New Brunswick	Nouveau-Brunswick	Provincial Nominee Program	Candidats des provinces ou des territoires	200
2025	Q2	May	2025	T2	mai	British Columbia	Colombie-Britannique	Skilled Trade	Métiers spécialisés	--
2020	Q4	Oct	2020	T4	oct.	New Brunswick	Nouveau-Brunswick	Provincial Nominee Program	Candidats des provinces ou des territoires	20
2015	Q2	Jun	2015	T2	juin	Saskatchewan	Saskatchewan	Skilled Trade	Métiers spécialisés	--
2024	Q1	Feb	2024	T1	fév.	Ontario	Ontario	Canadian Experience	Catégorie de l’expérience canadienne	3070
2021	Q2	May	2021	T2	mai	Alberta	Alberta	Canadian Experience	Catégorie de l’expérience canadienne	330
2018	Q3	Sep	2018	T3	sept.	New Brunswick	Nouveau-Brunswick	Skilled Worker	Travailleurs qualifiés	10
2025	Q2	Jun	2025	T2	juin	Manitoba	Manitoba	Provincial Nominee Program	Candidats des provinces ou des territoires	345
2022	Q2	Jun	2022	T2	juin	Manitoba	Manitoba	Provincial Nominee Program	Candidats des provinces ou des territoires	540
2022	Q2	Apr	2022	T2	avr.	Prince Edward Island	Île-du-Prince-Édouard	Canadian Experience	Catégorie de l’expérience canadienne	15
2015	Q1	Mar	2015	T1	mars	British Columbia	Colombie-Britannique	Provincial Nominee Program	Candidats des provinces ou des territoires	--
2022	Q2	May	2022	T2	mai	Yukon	Yukon	Provincial Nominee Program	Candidats des provinces ou des territoires	10
2017	Q2	Apr	2017	T2	avr.	Nova Scotia	Nouvelle-Écosse	Canadian Experience	Catégorie de l’expérience canadienne	10
2025	Q4	Dec	2025	T4	déc.	Alberta	Alberta	Skilled Worker	Travailleurs qualifiés	320
2020	Q1	Mar	2020	T1	mars	Prince Edward Island	Île-du-Prince-Édouard	Provincial Nominee Program	Candidats des provinces ou des territoires	55
2022	Q3	Sep	2022	T3	sept.	Manitoba	Manitoba	Provincial Nominee Program	Candidats des provinces ou des territoires	810
2022	Q1	Mar	2022	T1	mars	British Columbia	Colombie-Britannique	Provincial Nominee Program	Candidats des provinces ou des territoires	845
2016	Q1	Feb	2016	T1	fév.	Ontario	Ontario	Canadian Experience	Catégorie de l’expérience canadienne	180
2022	Q1	Jan	2022	T1	janv.	Alberta	Alberta	Skilled Trade	Métiers spécialisés	--
2016	Q4	Oct	2016	T4	oct.	Newfoundland and Labrador	Terre-Neuve-et-Labrador	Skilled Worker	Travailleurs qualifiés	--
2018	Q1	Mar	2018	T1	mars	Ontario	Ontario	Canadian Experience	Catégorie de l’expérience canadienne	1860
2022	Q1	Mar	2022	T1	mars	Nova Scotia	Nouvelle-Écosse	Skilled Worker	Travailleurs qualifiés	20
2023	Q3	Sep	2023	T3	sept.	Ontario	Ontario	Provincial Nominee Program	Candidats des provinces ou des territoires	670
2025	Q1	Feb	2025	T1	fév.	Nunavut	Nunavut	Canadian Experience	Catégorie de l’expérience canadienne	--
2022	Q3	Aug	2022	T3	août	Manitoba	Manitoba	Canadian Experience	Catégorie de l’expérience canadienne	5
2022	Q1	Feb	2022	T1	fév.	Saskatchewan	Saskatchewan	Skilled Worker	Travailleurs qualifiés	15
2024	Q2	Apr	2024	T2	avr.	Nunavut	Nunavut	Skilled Worker	Travailleurs qualifiés	--
2023	Q3	Aug	2023	T3	août	Northwest Territories	Territoires du Nord-Ouest	Canadian Experience	Catégorie de l’expérience canadienne	--
2026	Q2	May	2026	T2	mai	Nunavut	Nunavut	Skilled Worker	Travailleurs qualifiés	--
2025	Q4	Dec	2025	T4	déc.	Nova Scotia	Nouvelle-Écosse	Canadian Experience	Catégorie de l’expérience canadienne	--
2015	Q2	May	2015	T2	mai	Ontario	Ontario	Skilled Worker	Travailleurs qualifiés	--
2020	Q1	Feb	2020	T1	fév.	Newfoundland and Labrador	Terre-Neuve-et-Labrador	Skilled Worker	Travailleurs qualifiés	10
2019	Q1	Feb	2019	T1	fév.	Manitoba	Manitoba	Skilled Worker	Travailleurs qualifiés	20
2020	Q3	Jul	2020	T3	juil.	Newfoundland and Labrador	Terre-Neuve-et-Labrador	Provincial Nominee Program	Candidats des provinces ou des territoires	--
2017	Q1	Jan	2017	T1	janv.	New Brunswick	Nouveau-Brunswick	Provincial Nominee Program	Candidats des provinces ou des territoires	40
2021	Q3	Jul	2021	T3	juil.	New Brunswick	Nouveau-Brunswick	Provincial Nominee Program	Candidats des provinces ou des territoires	150
2022	Q3	Aug	2022	T3	août	Ontario	Ontario	Skilled Trade	Métiers spécialisés	--
2021	Q2	Apr	2021	T2	avr.	Newfoundland and Labrador	Terre-Neuve-et-Labrador	Provincial Nominee Program	Candidats des provinces ou des territoires	--
2022	Q3	Jul	2022	T3	juil.	Alberta	Alberta	Skilled Trade	Métiers spécialisés	5
2018	Q1	Feb	2018	T1	fév.	Manitoba	Manitoba	Provincial Nominee Program	Candidats des provinces ou des territoires	--
2015	Q2	May	2015	T2	mai	Alberta	Alberta	Canadian Experience	Catégorie de l’expérience canadienne	25
2019	Q2	May	2019	T2	mai	Prince Edward Island	Île-du-Prince-Édouard	Provincial Nominee Program	Candidats des provinces ou des territoires	35
2016	Q2	Jun	2016	T2	juin	Manitoba	Manitoba	Provincial Nominee Program	Candidats des provinces ou des territoires	5
2026	Q2	May	2026	T2	mai	New Brunswick	Nouveau-Brunswick	Provincial Nominee Program	Candidats des provinces ou des territoires	70
2018	Q3	Jul	2018	T3	juil.	Ontario	Ontario	Skilled Trade	Métiers spécialisés	15
2025	Q3	Sep	2025	T3	sept.	Prince Edward Island	Île-du-Prince-Édouard	Canadian Experience	Catégorie de l’expérience canadienne	10
2022	Q4	Oct	2022	T4	oct.	Manitoba	Manitoba	Canadian Experience	Catégorie de l’expérience canadienne	5
2021	Q2	May	2021	T2	mai	Nova Scotia	Nouvelle-Écosse	Canadian Experience	Catégorie de l’expérience canadienne	35
2019	Q2	Apr	2019	T2	avr.	Alberta	Alberta	Canadian Experience	Catégorie de l’expérience canadienne	230
2021	Q2	Jun	2021	T2	juin	Saskatchewan	Saskatchewan	Canadian Experience	Catégorie de l’expérience canadienne	120
2021	Q4	Nov	2021	T4	nov.	New Brunswick	Nouveau-Brunswick	Skilled Worker	Travailleurs qualifiés	--
2020	Q2	Apr	2020	T2	avr.	Prince Edward Island	Île-du-Prince-Édouard	Canadian Experience	Catégorie de l’expérience canadienne	--
2015	Q4	Nov	2015	T4	nov.	Northwest Territories	Territoires du Nord-Ouest	Canadian Experience	Catégorie de l’expérience canadienne	--
2021	Q3	Sep	2021	T3	sept.	Ontario	Ontario	Canadian Experience	Catégorie de l’expérience canadienne	9440
2016	Q4	Dec	2016	T4	déc.	Saskatchewan	Saskatchewan	Provincial Nominee Program	Candidats des provinces ou des territoires	160
2017	Q1	Mar	2017	T1	mars	Nunavut	Nunavut	Canadian Experience	Catégorie de l’expérience canadienne	--
2022	Q2	Apr	2022	T2	avr.	Ontario	Ontario	Skilled Worker	Travailleurs qualifiés	2095
2021	Q1	Jan	2021	T1	janv.	Ontario	Ontario	Canadian Experience	Catégorie de l’expérience canadienne	3190
2017	Q2	Apr	2017	T2	avr.	Ontario	Ontario	Canadian Experience	Catégorie de l’expérience canadienne	1030
2016	Q4	Oct	2016	T4	oct.	British Columbia	Colombie-Britannique	Provincial Nominee Program	Candidats des provinces ou des territoires	50
2019	Q4	Oct	2019	T4	oct.	Ontario	Ontario	Skilled Trade	Métiers spécialisés	20
2016	Q4	Oct	2016	T4	oct.	British Columbia	Colombie-Britannique	Canadian Experience	Catégorie de l’expérience canadienne	180
2025	Q3	Sep	2025	T3	sept.	British Columbia	Colombie-Britannique	Provincial Nominee Program	Candidats des provinces ou des territoires	620
2017	Q1	Mar	2017	T1	mars	Nova Scotia	Nouvelle-Écosse	Provincial Nominee Program	Candidats des provinces ou des territoires	100
2019	Q1	Mar	2019	T1	mars	Manitoba	Manitoba	Skilled Worker	Travailleurs qualifiés	50
2018	Q1	Mar	2018	T1	mars	Yukon	Yukon	Provincial Nominee Program	Candidats des provinces ou des territoires	--
2023	Q3	Jul	2023	T3	juil.	Manitoba	Manitoba	Provincial Nominee Program	Candidats des provinces ou des territoires	315
2024	Q1	Mar	2024	T1	mars	Manitoba	Manitoba	Canadian Experience	Catégorie de l’expérience canadienne	30
2021	Q3	Aug	2021	T3	août	Northwest Territories	Territoires du Nord-Ouest	Provincial Nominee Program	Candidats des provinces ou des territoires	5
2020	Q3	Aug	2020	T3	août	New Brunswick	Nouveau-Brunswick	Provincial Nominee Program	Candidats des provinces ou des territoires	60
2017	Q2	Apr	2017	T2	avr.	Ontario	Ontario	Skilled Trade	Métiers spécialisés	25
2026	Q1	Jan	2026	T1	janv.	Newfoundland and Labrador	Terre-Neuve-et-Labrador	Skilled Worker	Travailleurs qualifiés	--
2024	Q3	Aug	2024	T3	août	Northwest Territories	Territoires du Nord-Ouest	Provincial Nominee Program	Candidats des provinces ou des territoires	10
2024	Q1	Feb	2024	T1	fév.	Alberta	Alberta	Skilled Worker	Travailleurs qualifiés	375
2023	Q1	Feb	2023	T1	fév.	New Brunswick	Nouveau-Brunswick	Provincial Nominee Program	Candidats des provinces ou des territoires	130
2018	Q1	Feb	2018	T1	fév.	Nova Scotia	Nouvelle-Écosse	Skilled Worker	Travailleurs qualifiés	30
2024	Q4	Nov	2024	T4	nov.	Newfoundland and Labrador	Terre-Neuve-et-Labrador	Provincial Nominee Program	Candidats des provinces ou des territoires	20
2019	Q2	Jun	2019	T2	juin	Saskatchewan	Saskatchewan	Provincial Nominee Program	Candidats des provinces ou des territoires	265
2016	Q1	Feb	2016	T1	fév.	Nova Scotia	Nouvelle-Écosse	Provincial Nominee Program	Candidats des provinces ou des territoires	50
2019	Q1	Mar	2019	T1	mars	New Brunswick	Nouveau-Brunswick	Skilled Worker	Travailleurs qualifiés	25
2019	Q4	Oct	2019	T4	oct.	Saskatchewan	Saskatchewan	Skilled Trade	Métiers spécialisés	--
2020	Q1	Jan	2020	T1	janv.	Ontario	Ontario	Canadian Experience	Catégorie de l’expérience canadienne	2245
2023	Q2	Apr	2023	T2	avr.	Nova Scotia	Nouvelle-Écosse	Canadian Experience	Catégorie de l’expérience canadienne	25
2023	Q4	Oct	2023	T4	oct.	Saskatchewan	Saskatchewan	Provincial Nominee Program	Candidats des provinces ou des territoires	395
2018	Q3	Sep	2018	T3	sept.	New Brunswick	Nouveau-Brunswick	Provincial Nominee Program	Candidats des provinces ou des territoires	180
2016	Q4	Oct	2016	T4	oct.	Ontario	Ontario	Skilled Worker	Travailleurs qualifiés	690
2016	Q4	Dec	2016	T4	déc.	Newfoundland and Labrador	Terre-Neuve-et-Labrador	Skilled Trade	Métiers spécialisés	--
2021	Q3	Aug	2021	T3	août	Alberta	Alberta	Skilled Worker	Travailleurs qualifiés	55
2018	Q2	Apr	2018	T2	avr.	Manitoba	Manitoba	Provincial Nominee Program	Candidats des provinces ou des territoires	--
2015	Q2	Jun	2015	T2	juin	British Columbia	Colombie-Britannique	Skilled Trade	Métiers spécialisés	--
2022	Q2	May	2022	T2	mai	British Columbia	Colombie-Britannique	Canadian Experience	Catégorie de l’expérience canadienne	350
2021	Q2	May	2021	T2	mai	Saskatchewan	Saskatchewan	Skilled Worker	Travailleurs qualifiés	--
2024	Q4	Oct	2024	T4	oct.	Nova Scotia	Nouvelle-Écosse	Skilled Worker	Travailleurs qualifiés	40
2025	Q2	May	2025	T2	mai	Manitoba	Manitoba	Canadian Experience	Catégorie de l’expérience canadienne	30
2017	Q3	Aug	2017	T3	août	Prince Edward Island	Île-du-Prince-Édouard	Canadian Experience	Catégorie de l’expérience canadienne	5
2017	Q1	Mar	2017	T1	mars	Prince Edward Island	Île-du-Prince-Édouard	Provincial Nominee Program	Candidats des provinces ou des territoires	70
2021	Q2	Jun	2021	T2	juin	British Columbia	Colombie-Britannique	Skilled Worker	Travailleurs qualifiés	45
2023	Q1	Mar	2023	T1	mars	New Brunswick	Nouveau-Brunswick	Canadian Experience	Catégorie de l’expérience canadienne	25
2021	Q4	Oct	2021	T4	oct.	British Columbia	Colombie-Britannique	Skilled Trade	Métiers spécialisés	50
2024	Q2	Jun	2024	T2	juin	Yukon	Yukon	Skilled Worker	Travailleurs qualifiés	--
2026	Q1	Feb	2026	T1	fév.	Newfoundland and Labrador	Terre-Neuve-et-Labrador	Skilled Worker	Travailleurs qualifiés	--
2025	Q4	Nov	2025	T4	nov.	Ontario	Ontario	Provincial Nominee Program	Candidats des provinces ou des territoires	710
2026	Q1	Feb	2026	T1	fév.	Manitoba	Manitoba	Provincial Nominee Program	Candidats des provinces ou des territoires	210
2018	Q1	Mar	2018	T1	mars	Newfoundland and Labrador	Terre-Neuve-et-Labrador	Canadian Experience	Catégorie de l’expérience canadienne	20
2019	Q1	Mar	2019	T1	mars	Nova Scotia	Nouvelle-Écosse	Skilled Worker	Travailleurs qualifiés	15
2022	Q1	Feb	2022	T1	fév.	Saskatchewan	Saskatchewan	Provincial Nominee Program	Candidats des provinces ou des territoires	190
2025	Q1	Jan	2025	T1	janv.	British Columbia	Colombie-Britannique	Canadian Experience	Catégorie de l’expérience canadienne	725
2024	Q3	Aug	2024	T3	août	British Columbia	Colombie-Britannique	Skilled Worker	Travailleurs qualifiés	270
2019	Q2	Jun	2019	T2	juin	British Columbia	Colombie-Britannique	Skilled Trade	Métiers spécialisés	40
2016	Q4	Dec	2016	T4	déc.	New Brunswick	Nouveau-Brunswick	Canadian Experience	Catégorie de l’expérience canadienne	5
2021	Q1	Feb	2021	T1	fév.	Saskatchewan	Saskatchewan	Skilled Trade	Métiers spécialisés	--
2020	Q1	Mar	2020	T1	mars	Ontario	Ontario	Skilled Worker	Travailleurs qualifiés	2770
2022	Q2	Jun	2022	T2	juin	Nova Scotia	Nouvelle-Écosse	Skilled Worker	Travailleurs qualifiés	25
2017	Q3	Aug	2017	T3	août	British Columbia	Colombie-Britannique	Skilled Trade	Métiers spécialisés	30
2016	Q2	May	2016	T2	mai	Ontario	Ontario	Canadian Experience	Catégorie de l’expérience canadienne	170
2026	Q1	Jan	2026	T1	janv.	Nova Scotia	Nouvelle-Écosse	Skilled Worker	Travailleurs qualifiés	20
2022	Q1	Feb	2022	T1	fév.	Alberta	Alberta	Provincial Nominee Program	Candidats des provinces ou des territoires	495
2019	Q2	Jun	2019	T2	juin	Manitoba	Manitoba	Provincial Nominee Program	Candidats des provinces ou des territoires	190
2023	Q1	Jan	2023	T1	janv.	Saskatchewan	Saskatchewan	Provincial Nominee Program	Candidats des provinces ou des territoires	230
2024	Q1	Jan	2024	T1	janv.	Newfoundland and Labrador	Terre-Neuve-et-Labrador	Provincial Nominee Program	Candidats des provinces ou des territoires	25
2018	Q1	Mar	2018	T1	mars	New Brunswick	Nouveau-Brunswick	Skilled Trade	Métiers spécialisés	--
2019	Q4	Oct	2019	T4	oct.	Newfoundland and Labrador	Terre-Neuve-et-Labrador	Provincial Nominee Program	Candidats des provinces ou des territoires	--
2023	Q1	Feb	2023	T1	fév.	Newfoundland and Labrador	Terre-Neuve-et-Labrador	Canadian Experience	Catégorie de l’expérience canadienne	10
2025	Q3	Aug	2025	T3	août	New Brunswick	Nouveau-Brunswick	Provincial Nominee Program	Candidats des provinces ou des territoires	90
2024	Q4	Nov	2024	T4	nov.	British Columbia	Colombie-Britannique	Canadian Experience	Catégorie de l’expérience canadienne	695
2018	Q1	Feb	2018	T1	fév.	Manitoba	Manitoba	Skilled Worker	Travailleurs qualifiés	50
2025	Q4	Nov	2025	T4	nov.	Newfoundland and Labrador	Terre-Neuve-et-Labrador	Canadian Experience	Catégorie de l’expérience canadienne	--
2016	Q4	Oct	2016	T4	oct.	Saskatchewan	Saskatchewan	Provincial Nominee Program	Candidats des provinces ou des territoires	240
2019	Q3	Aug	2019	T3	août	Alberta	Alberta	Canadian Experience	Catégorie de l’expérience canadienne	225
2016	Q4	Oct	2016	T4	oct.	Manitoba	Manitoba	Provincial Nominee Program	Candidats des provinces ou des territoires	5
2018	Q2	May	2018	T2	mai	Yukon	Yukon	Provincial Nominee Program	Candidats des provinces ou des territoires	--
2023	Q4	Dec	2023	T4	déc.	Alberta	Alberta	Skilled Worker	Travailleurs qualifiés	370
2022	Q3	Aug	2022	T3	août	Newfoundland and Labrador	Terre-Neuve-et-Labrador	Provincial Nominee Program	Candidats des provinces ou des territoires	60
2017	Q1	Mar	2017	T1	mars	Newfoundland and Labrador	Terre-Neuve-et-Labrador	Canadian Experience	Catégorie de l’expérience canadienne	10
2021	Q1	Mar	2021	T1	mars	Newfoundland and Labrador	Terre-Neuve-et-Labrador	Provincial Nominee Program	Candidats des provinces ou des territoires	--
2020	Q3	Aug	2020	T3	août	Alberta	Alberta	Skilled Worker	Travailleurs qualifiés	125
2021	Q3	Sep	2021	T3	sept.	British Columbia	Colombie-Britannique	Skilled Worker	Travailleurs qualifiés	85
2020	Q2	Jun	2020	T2	juin	Alberta	Alberta	Provincial Nominee Program	Candidats des provinces ou des territoires	690
2020	Q1	Feb	2020	T1	fév.	Nova Scotia	Nouvelle-Écosse	Provincial Nominee Program	Candidats des provinces ou des territoires	150
2022	Q1	Feb	2022	T1	fév.	Ontario	Ontario	Provincial Nominee Program	Candidats des provinces ou des territoires	560
2019	Q2	May	2019	T2	mai	Ontario	Ontario	Skilled Worker	Travailleurs qualifiés	4135
2022	Q1	Mar	2022	T1	mars	Northwest Territories	Territoires du Nord-Ouest	Canadian Experience	Catégorie de l’expérience canadienne	5
2022	Q4	Oct	2022	T4	oct.	British Columbia	Colombie-Britannique	Canadian Experience	Catégorie de l’expérience canadienne	75
2019	Q4	Dec	2019	T4	déc.	Manitoba	Manitoba	Canadian Experience	Catégorie de l’expérience canadienne	25
2016	Q1	Feb	2016	T1	fév.	Nova Scotia	Nouvelle-Écosse	Canadian Experience	Catégorie de l’expérience canadienne	--
2017	Q1	Mar	2017	T1	mars	Manitoba	Manitoba	Provincial Nominee Program	Candidats des provinces ou des territoires	--
2019	Q3	Sep	2019	T3	sept.	New Brunswick	Nouveau-Brunswick	Canadian Experience	Catégorie de l’expérience canadienne	10
2016	Q4	Dec	2016	T4	déc.	Manitoba	Manitoba	Canadian Experience	Catégorie de l’expérience canadienne	5
2021	Q1	Feb	2021	T1	fév.	Nova Scotia	Nouvelle-Écosse	Skilled Worker	Travailleurs qualifiés	5
2025	Q3	Jul	2025	T3	juil.	Nova Scotia	Nouvelle-Écosse	Provincial Nominee Program	Candidats des provinces ou des territoires	80
2017	Q1	Feb	2017	T1	fév.	Manitoba	Manitoba	Canadian Experience	Catégorie de l’expérience canadienne	15
2015	Q2	Jun	2015	T2	juin	Alberta	Alberta	Skilled Worker	Travailleurs qualifiés	35
2026	Q3	Jul	2026	T3	juil.	Newfoundland and Labrador	Terre-Neuve-et-Labrador	Provincial Nominee Program	Candidats des provinces ou des territoires	45
2024	Q3	Aug	2024	T3	août	New Brunswick	Nouveau-Brunswick	Canadian Experience	Catégorie de l’expérience canadienne	30
2018	Q2	May	2018	T2	mai	Manitoba	Manitoba	Canadian Experience	Catégorie de l’expérience canadienne	20
2021	Q1	Jan	2021	T1	janv.	Alberta	Alberta	Skilled Trade	Métiers spécialisés	5
2020	Q3	Aug	2020	T3	août	Ontario	Ontario	Provincial Nominee Program	Candidats des provinces ou des territoires	340
2025	Q2	Apr	2025	T2	avr.	Alberta	Alberta	Provincial Nominee Program	Candidats des provinces ou des territoires	295
2022	Q1	Mar	2022	T1	mars	Newfoundland and Labrador	Terre-Neuve-et-Labrador	Provincial Nominee Program	Candidats des provinces ou des territoires	5
2021	Q1	Jan	2021	T1	janv.	Ontario	Ontario	Skilled Trade	Métiers spécialisés	--
2025	Q2	Apr	2025	T2	avr.	British Columbia	Colombie-Britannique	Canadian Experience	Catégorie de l’expérience canadienne	1060
2023	Q1	Mar	2023	T1	mars	New Brunswick	Nouveau-Brunswick	Provincial Nominee Program	Candidats des provinces ou des territoires	180
2024	Q1	Jan	2024	T1	janv.	Nova Scotia	Nouvelle-Écosse	Canadian Experience	Catégorie de l’expérience canadienne	115
2016	Q1	Mar	2016	T1	mars	Ontario	Ontario	Skilled Trade	Métiers spécialisés	20
2026	Q2	Jun	2026	T2	juin	Nunavut	Nunavut	Skilled Worker	Travailleurs qualifiés	--
2017	Q2	Apr	2017	T2	avr.	Yukon	Yukon	Provincial Nominee Program	Candidats des provinces ou des territoires	--
2025	Q2	May	2025	T2	mai	Ontario	Ontario	Provincial Nominee Program	Candidats des provinces ou des territoires	1525
2024	Q1	Mar	2024	T1	mars	Saskatchewan	Saskatchewan	Skilled Worker	Travailleurs qualifiés	10
2024	Q4	Dec	2024	T4	déc.	Prince Edward Island	Île-du-Prince-Édouard	Canadian Experience	Catégorie de l’expérience canadienne	5
2018	Q1	Jan	2018	T1	janv.	Prince Edward Island	Île-du-Prince-Édouard	Provincial Nominee Program	Candidats des provinces ou des territoires	35
2019	Q1	Jan	2019	T1	janv.	Saskatchewan	Saskatchewan	Provincial Nominee Program	Candidats des provinces ou des territoires	65
2023	Q1	Mar	2023	T1	mars	Prince Edward Island	Île-du-Prince-Édouard	Skilled Worker	Travailleurs qualifiés	--
2026	Q1	Jan	2026	T1	janv.	Newfoundland and Labrador	Terre-Neuve-et-Labrador	Provincial Nominee Program	Candidats des provinces ou des territoires	50
2025	Q4	Oct	2025	T4	oct.	Prince Edward Island	Île-du-Prince-Édouard	Skilled Worker	Travailleurs qualifiés	10
2016	Q2	Apr	2016	T2	avr.	Saskatchewan	Saskatchewan	Provincial Nominee Program	Candidats des provinces ou des territoires	75
2018	Q3	Jul	2018	T3	juil.	Nova Scotia	Nouvelle-Écosse	Provincial Nominee Program	Candidats des provinces ou des territoires	280
2025	Q1	Feb	2025	T1	fév.	Northwest Territories	Territoires du Nord-Ouest	Skilled Worker	Travailleurs qualifiés	--
2021	Q4	Nov	2021	T4	nov.	Northwest Territories	Territoires du Nord-Ouest	Canadian Experience	Catégorie de l’expérience canadienne	10
2021	Q3	Aug	2021	T3	août	Yukon	Yukon	Canadian Experience	Catégorie de l’expérience canadienne	10
2022	Q3	Sep	2022	T3	sept.	Yukon	Yukon	Canadian Experience	Catégorie de l’expérience canadienne	--
2023	Q1	Mar	2023	T1	mars	Ontario	Ontario	Skilled Worker	Travailleurs qualifiés	2130
2018	Q2	May	2018	T2	mai	Newfoundland and Labrador	Terre-Neuve-et-Labrador	Canadian Experience	Catégorie de l’expérience canadienne	20
2025	Q4	Dec	2025	T4	déc.	Nunavut	Nunavut	Skilled Worker	Travailleurs qualifiés	--
2023	Q1	Jan	2023	T1	janv.	Newfoundland and Labrador	Terre-Neuve-et-Labrador	Canadian Experience	Catégorie de l’expérience canadienne	5
2026	Q1	Jan	2026	T1	janv.	Prince Edward Island	Île-du-Prince-Édouard	Canadian Experience	Catégorie de l’expérience canadienne	5
2025	Q1	Feb	2025	T1	fév.	Prince Edward Island	Île-du-Prince-Édouard	Skilled Worker	Travailleurs qualifiés	--
2019	Q2	Jun	2019	T2	juin	Nunavut	Nunavut	Canadian Experience	Catégorie de l’expérience canadienne	--
2019	Q4	Nov	2019	T4	nov.	Alberta	Alberta	Skilled Trade	Métiers spécialisés	10
2022	Q3	Sep	2022	T3	sept.	Saskatchewan	Saskatchewan	Skilled Worker	Travailleurs qualifiés	40
2022	Q1	Mar	2022	T1	mars	Northwest Territories	Territoires du Nord-Ouest	Provincial Nominee Program	Candidats des provinces ou des territoires	5
2017	Q2	May	2017	T2	mai	Yukon	Yukon	Canadian Experience	Catégorie de l’expérience canadienne	--
2023	Q2	May	2023	T2	mai	Ontario	Ontario	Provincial Nominee Program	Candidats des provinces ou des territoires	1610
2022	Q3	Jul	2022	T3	juil.	Ontario	Ontario	Provincial Nominee Program	Candidats des provinces ou des territoires	1490
2018	Q2	May	2018	T2	mai	New Brunswick	Nouveau-Brunswick	Provincial Nominee Program	Candidats des provinces ou des territoires	150
2023	Q1	Mar	2023	T1	mars	Alberta	Alberta	Skilled Worker	Travailleurs qualifiés	280
2024	Q2	Apr	2024	T2	avr.	British Columbia	Colombie-Britannique	Provincial Nominee Program	Candidats des provinces ou des territoires	1170
2021	Q4	Dec	2021	T4	déc.	Saskatchewan	Saskatchewan	Canadian Experience	Catégorie de l’expérience canadienne	70
2015	Q4	Dec	2015	T4	déc.	Newfoundland and Labrador	Terre-Neuve-et-Labrador	Canadian Experience	Catégorie de l’expérience canadienne	5
2024	Q1	Mar	2024	T1	mars	Saskatchewan	Saskatchewan	Canadian Experience	Catégorie de l’expérience canadienne	35
2020	Q2	May	2020	T2	mai	Alberta	Alberta	Provincial Nominee Program	Candidats des provinces ou des territoires	345
2022	Q2	Jun	2022	T2	juin	Yukon	Yukon	Canadian Experience	Catégorie de l’expérience canadienne	--
2022	Q2	May	2022	T2	mai	Ontario	Ontario	Skilled Worker	Travailleurs qualifiés	2645
2024	Q3	Jul	2024	T3	juil.	Yukon	Yukon	Skilled Worker	Travailleurs qualifiés	5
2022	Q3	Aug	2022	T3	août	Yukon	Yukon	Skilled Worker	Travailleurs qualifiés	--
2016	Q3	Sep	2016	T3	sept.	Prince Edward Island	Île-du-Prince-Édouard	Skilled Worker	Travailleurs qualifiés	--
2020	Q1	Feb	2020	T1	fév.	British Columbia	Colombie-Britannique	Skilled Trade	Métiers spécialisés	75
2023	Q3	Aug	2023	T3	août	New Brunswick	Nouveau-Brunswick	Canadian Experience	Catégorie de l’expérience canadienne	50
2021	Q4	Oct	2021	T4	oct.	Nova Scotia	Nouvelle-Écosse	Skilled Worker	Travailleurs qualifiés	5
2018	Q3	Sep	2018	T3	sept.	Prince Edward Island	Île-du-Prince-Édouard	Skilled Worker	Travailleurs qualifiés	--
2023	Q4	Nov	2023	T4	nov.	Saskatchewan	Saskatchewan	Skilled Worker	Travailleurs qualifiés	15
2020	Q3	Aug	2020	T3	août	Alberta	Alberta	Skilled Trade	Métiers spécialisés	5
2016	Q4	Oct	2016	T4	oct.	Prince Edward Island	Île-du-Prince-Édouard	Provincial Nominee Program	Candidats des provinces ou des territoires	15
2018	Q1	Mar	2018	T1	mars	Northwest Territories	Territoires du Nord-Ouest	Canadian Experience	Catégorie de l’expérience canadienne	--
2021	Q4	Oct	2021	T4	oct.	Northwest Territories	Territoires du Nord-Ouest	Canadian Experience	Catégorie de l’expérience canadienne	10
2016	Q4	Oct	2016	T4	oct.	New Brunswick	Nouveau-Brunswick	Provincial Nominee Program	Candidats des provinces ou des territoires	45
2015	Q4	Oct	2015	T4	oct.	Nova Scotia	Nouvelle-Écosse	Provincial Nominee Program	Candidats des provinces ou des territoires	25
2022	Q3	Sep	2022	T3	sept.	Ontario	Ontario	Skilled Worker	Travailleurs qualifiés	4120
2015	Q4	Nov	2015	T4	nov.	Alberta	Alberta	Skilled Trade	Métiers spécialisés	315
2021	Q2	Apr	2021	T2	avr.	Nova Scotia	Nouvelle-Écosse	Canadian Experience	Catégorie de l’expérience canadienne	45
2016	Q1	Feb	2016	T1	fév.	New Brunswick	Nouveau-Brunswick	Canadian Experience	Catégorie de l’expérience canadienne	5
2024	Q1	Mar	2024	T1	mars	Manitoba	Manitoba	Skilled Worker	Travailleurs qualifiés	75
2024	Q1	Mar	2024	T1	mars	Ontario	Ontario	Canadian Experience	Catégorie de l’expérience canadienne	2345
2018	Q2	May	2018	T2	mai	British Columbia	Colombie-Britannique	Skilled Worker	Travailleurs qualifiés	565
2024	Q4	Nov	2024	T4	nov.	Alberta	Alberta	Canadian Experience	Catégorie de l’expérience canadienne	235
2024	Q3	Aug	2024	T3	août	Yukon	Yukon	Canadian Experience	Catégorie de l’expérience canadienne	--
2018	Q4	Nov	2018	T4	nov.	Saskatchewan	Saskatchewan	Provincial Nominee Program	Candidats des provinces ou des territoires	95
2016	Q4	Nov	2016	T4	nov.	Nova Scotia	Nouvelle-Écosse	Canadian Experience	Catégorie de l’expérience canadienne	10
2023	Q3	Sep	2023	T3	sept.	Newfoundland and Labrador	Terre-Neuve-et-Labrador	Skilled Worker	Travailleurs qualifiés	5
2020	Q1	Jan	2020	T1	janv.	British Columbia	Colombie-Britannique	Skilled Worker	Travailleurs qualifiés	545
2023	Q1	Feb	2023	T1	fév.	British Columbia	Colombie-Britannique	Skilled Worker	Travailleurs qualifiés	375
2016	Q4	Dec	2016	T4	déc.	British Columbia	Colombie-Britannique	Provincial Nominee Program	Candidats des provinces ou des territoires	70
2025	Q4	Oct	2025	T4	oct.	Newfoundland and Labrador	Terre-Neuve-et-Labrador	Canadian Experience	Catégorie de l’expérience canadienne	5
2022	Q4	Dec	2022	T4	déc.	Ontario	Ontario	Canadian Experience	Catégorie de l’expérience canadienne	235
2016	Q2	Apr	2016	T2	avr.	Prince Edward Island	Île-du-Prince-Édouard	Provincial Nominee Program	Candidats des provinces ou des territoires	25
2023	Q3	Jul	2023	T3	juil.	Nova Scotia	Nouvelle-Écosse	Skilled Worker	Travailleurs qualifiés	20
2018	Q1	Feb	2018	T1	fév.	Alberta	Alberta	Skilled Worker	Travailleurs qualifiés	315
2022	Q3	Sep	2022	T3	sept.	New Brunswick	Nouveau-Brunswick	Canadian Experience	Catégorie de l’expérience canadienne	--
2025	Q3	Sep	2025	T3	sept.	Manitoba	Manitoba	Canadian Experience	Catégorie de l’expérience canadienne	35
2020	Q1	Feb	2020	T1	fév.	Alberta	Alberta	Provincial Nominee Program	Candidats des provinces ou des territoires	185
2021	Q1	Feb	2021	T1	fév.	Saskatchewan	Saskatchewan	Provincial Nominee Program	Candidats des provinces ou des territoires	185
2021	Q1	Mar	2021	T1	mars	Manitoba	Manitoba	Skilled Worker	Travailleurs qualifiés	15
2024	Q1	Mar	2024	T1	mars	Alberta	Alberta	Provincial Nominee Program	Candidats des provinces ou des territoires	630
2022	Q1	Jan	2022	T1	janv.	British Columbia	Colombie-Britannique	Canadian Experience	Catégorie de l’expérience canadienne	1885
2019	Q2	Jun	2019	T2	juin	New Brunswick	Nouveau-Brunswick	Canadian Experience	Catégorie de l’expérience canadienne	15
2019	Q2	May	2019	T2	mai	Newfoundland and Labrador	Terre-Neuve-et-Labrador	Provincial Nominee Program	Candidats des provinces ou des territoires	15
2019	Q1	Feb	2019	T1	fév.	British Columbia	Colombie-Britannique	Provincial Nominee Program	Candidats des provinces ou des territoires	255
2015	Q3	Aug	2015	T3	août	Ontario	Ontario	Skilled Trade	Métiers spécialisés	15
2018	Q1	Mar	2018	T1	mars	New Brunswick	Nouveau-Brunswick	Skilled Worker	Travailleurs qualifiés	25
2016	Q1	Feb	2016	T1	fév.	New Brunswick	Nouveau-Brunswick	Skilled Worker	Travailleurs qualifiés	--
2019	Q1	Mar	2019	T1	mars	Ontario	Ontario	Provincial Nominee Program	Candidats des provinces ou des territoires	675
2022	Q2	Apr	2022	T2	avr.	Nova Scotia	Nouvelle-Écosse	Provincial Nominee Program	Candidats des provinces ou des territoires	330
2025	Q1	Jan	2025	T1	janv.	Saskatchewan	Saskatchewan	Skilled Worker	Travailleurs qualifiés	25
2025	Q4	Dec	2025	T4	déc.	Ontario	Ontario	Provincial Nominee Program	Candidats des provinces ou des territoires	675
2021	Q4	Oct	2021	T4	oct.	Ontario	Ontario	Skilled Trade	Métiers spécialisés	5
2016	Q4	Oct	2016	T4	oct.	Nova Scotia	Nouvelle-Écosse	Provincial Nominee Program	Candidats des provinces ou des territoires	95
2015	Q4	Nov	2015	T4	nov.	Saskatchewan	Saskatchewan	Skilled Trade	Métiers spécialisés	10
2016	Q3	Aug	2016	T3	août	Northwest Territories	Territoires du Nord-Ouest	Skilled Worker	Travailleurs qualifiés	--
2019	Q2	May	2019	T2	mai	Alberta	Alberta	Canadian Experience	Catégorie de l’expérience canadienne	195
2019	Q2	May	2019	T2	mai	Manitoba	Manitoba	Canadian Experience	Catégorie de l’expérience canadienne	35
2023	Q4	Nov	2023	T4	nov.	Nova Scotia	Nouvelle-Écosse	Provincial Nominee Program	Candidats des provinces ou des territoires	85
2020	Q2	May	2020	T2	mai	Saskatchewan	Saskatchewan	Provincial Nominee Program	Candidats des provinces ou des territoires	20
2015	Q2	Jun	2015	T2	juin	Ontario	Ontario	Canadian Experience	Catégorie de l’expérience canadienne	30
2026	Q1	Feb	2026	T1	fév.	Ontario	Ontario	Provincial Nominee Program	Candidats des provinces ou des territoires	445
2015	Q3	Aug	2015	T3	août	Northwest Territories	Territoires du Nord-Ouest	Canadian Experience	Catégorie de l’expérience canadienne	--
2026	Q1	Mar	2026	T1	mars	New Brunswick	Nouveau-Brunswick	Provincial Nominee Program	Candidats des provinces ou des territoires	130
2022	Q3	Sep	2022	T3	sept.	British Columbia	Colombie-Britannique	Skilled Worker	Travailleurs qualifiés	595
2021	Q3	Sep	2021	T3	sept.	Saskatchewan	Saskatchewan	Canadian Experience	Catégorie de l’expérience canadienne	130
2019	Q4	Dec	2019	T4	déc.	Alberta	Alberta	Canadian Experience	Catégorie de l’expérience canadienne	90
2016	Q4	Dec	2016	T4	déc.	Alberta	Alberta	Skilled Worker	Travailleurs qualifiés	140
2023	Q4	Oct	2023	T4	oct.	Yukon	Yukon	Skilled Worker	Travailleurs qualifiés	--
2016	Q2	May	2016	T2	mai	Ontario	Ontario	Provincial Nominee Program	Candidats des provinces ou des territoires	220
2026	Q2	May	2026	T2	mai	Prince Edward Island	Île-du-Prince-Édouard	Provincial Nominee Program	Candidats des provinces ou des territoires	35
2025	Q2	May	2025	T2	mai	Newfoundland and Labrador	Terre-Neuve-et-Labrador	Skilled Worker	Travailleurs qualifiés	--
2017	Q4	Oct	2017	T4	oct.	Northwest Territories	Territoires du Nord-Ouest	Skilled Worker	Travailleurs qualifiés	--
2025	Q3	Aug	2025	T3	août	Manitoba	Manitoba	Provincial Nominee Program	Candidats des provinces ou des territoires	215
2019	Q3	Jul	2019	T3	juil.	British Columbia	Colombie-Britannique	Canadian Experience	Catégorie de l’expérience canadienne	815
2019	Q1	Feb	2019	T1	fév.	Saskatchewan	Saskatchewan	Skilled Worker	Travailleurs qualifiés	40
2023	Q2	Apr	2023	T2	avr.	Saskatchewan	Saskatchewan	Skilled Worker	Travailleurs qualifiés	15
2024	Q1	Jan	2024	T1	janv.	Newfoundland and Labrador	Terre-Neuve-et-Labrador	Canadian Experience	Catégorie de l’expérience canadienne	20
2017	Q3	Jul	2017	T3	juil.	Northwest Territories	Territoires du Nord-Ouest	Canadian Experience	Catégorie de l’expérience canadienne	--
2024	Q4	Dec	2024	T4	déc.	Yukon	Yukon	Skilled Worker	Travailleurs qualifiés	--
2026	Q1	Feb	2026	T1	fév.	Alberta	Alberta	Provincial Nominee Program	Candidats des provinces ou des territoires	310
2017	Q3	Aug	2017	T3	août	Nova Scotia	Nouvelle-Écosse	Skilled Worker	Travailleurs qualifiés	15
2025	Q1	Mar	2025	T1	mars	Ontario	Ontario	Skilled Worker	Travailleurs qualifiés	1735
2022	Q4	Dec	2022	T4	déc.	Saskatchewan	Saskatchewan	Provincial Nominee Program	Candidats des provinces ou des territoires	325
2022	Q3	Sep	2022	T3	sept.	Alberta	Alberta	Skilled Worker	Travailleurs qualifiés	540
2024	Q1	Feb	2024	T1	fév.	Northwest Territories	Territoires du Nord-Ouest	Provincial Nominee Program	Candidats des provinces ou des territoires	5
2022	Q2	Jun	2022	T2	juin	Newfoundland and Labrador	Terre-Neuve-et-Labrador	Skilled Worker	Travailleurs qualifiés	--
2025	Q2	May	2025	T2	mai	Prince Edward Island	Île-du-Prince-Édouard	Skilled Worker	Travailleurs qualifiés	--
2024	Q4	Oct	2024	T4	oct.	New Brunswick	Nouveau-Brunswick	Canadian Experience	Catégorie de l’expérience canadienne	10
2024	Q2	Jun	2024	T2	juin	Nova Scotia	Nouvelle-Écosse	Skilled Worker	Travailleurs qualifiés	30
2023	Q2	May	2023	T2	mai	Manitoba	Manitoba	Provincial Nominee Program	Candidats des provinces ou des territoires	430
2021	Q3	Aug	2021	T3	août	Northwest Territories	Territoires du Nord-Ouest	Canadian Experience	Catégorie de l’expérience canadienne	10
2021	Q2	Apr	2021	T2	avr.	Yukon	Yukon	Canadian Experience	Catégorie de l’expérience canadienne	--
2026	Q2	Apr	2026	T2	avr.	Manitoba	Manitoba	Provincial Nominee Program	Candidats des provinces ou des territoires	190
2025	Q4	Nov	2025	T4	nov.	Nova Scotia	Nouvelle-Écosse	Canadian Experience	Catégorie de l’expérience canadienne	--
2018	Q1	Jan	2018	T1	janv.	British Columbia	Colombie-Britannique	Skilled Worker	Travailleurs qualifiés	510
2018	Q2	Apr	2018	T2	avr.	Yukon	Yukon	Provincial Nominee Program	Candidats des provinces ou des territoires	--
2021	Q4	Nov	2021	T4	nov.	Northwest Territories	Territoires du Nord-Ouest	Provincial Nominee Program	Candidats des provinces ou des territoires	--
2024	Q1	Jan	2024	T1	janv.	New Brunswick	Nouveau-Brunswick	Canadian Experience	Catégorie de l’expérience canadienne	45
2018	Q1	Feb	2018	T1	fév.	Saskatchewan	Saskatchewan	Provincial Nominee Program	Candidats des provinces ou des territoires	130
2016	Q3	Sep	2016	T3	sept.	Nova Scotia	Nouvelle-Écosse	Canadian Experience	Catégorie de l’expérience canadienne	5
2023	Q3	Jul	2023	T3	juil.	Yukon	Yukon	Provincial Nominee Program	Candidats des provinces ou des territoires	--
2025	Q1	Feb	2025	T1	fév.	Ontario	Ontario	Provincial Nominee Program	Candidats des provinces ou des territoires	1790
2022	Q4	Dec	2022	T4	déc.	Nova Scotia	Nouvelle-Écosse	Provincial Nominee Program	Candidats des provinces ou des territoires	160
2015	Q3	Sep	2015	T3	sept.	Alberta	Alberta	Skilled Worker	Travailleurs qualifiés	75
2018	Q4	Nov	2018	T4	nov.	New Brunswick	Nouveau-Brunswick	Canadian Experience	Catégorie de l’expérience canadienne	5
2022	Q4	Dec	2022	T4	déc.	Nova Scotia	Nouvelle-Écosse	Canadian Experience	Catégorie de l’expérience canadienne	5
2025	Q2	May	2025	T2	mai	Northwest Territories	Territoires du Nord-Ouest	Skilled Worker	Travailleurs qualifiés	--
2024	Q3	Jul	2024	T3	juil.	Manitoba	Manitoba	Provincial Nominee Program	Candidats des provinces ou des territoires	405
2022	Q4	Dec	2022	T4	déc.	Alberta	Alberta	Provincial Nominee Program	Candidats des provinces ou des territoires	390
2024	Q1	Feb	2024	T1	fév.	British Columbia	Colombie-Britannique	Skilled Trade	Métiers spécialisés	--
2016	Q2	Apr	2016	T2	avr.	Northwest Territories	Territoires du Nord-Ouest	Canadian Experience	Catégorie de l’expérience canadienne	--
2023	Q2	May	2023	T2	mai	Ontario	Ontario	Skilled Worker	Travailleurs qualifiés	2750
2024	Q4	Oct	2024	T4	oct.	British Columbia	Colombie-Britannique	Provincial Nominee Program	Candidats des provinces ou des territoires	480
2016	Q4	Nov	2016	T4	nov.	New Brunswick	Nouveau-Brunswick	Skilled Worker	Travailleurs qualifiés	--
2020	Q4	Nov	2020	T4	nov.	Nova Scotia	Nouvelle-Écosse	Canadian Experience	Catégorie de l’expérience canadienne	30
2016	Q3	Aug	2016	T3	août	Ontario	Ontario	Skilled Trade	Métiers spécialisés	10
2025	Q2	Jun	2025	T2	juin	Ontario	Ontario	Provincial Nominee Program	Candidats des provinces ou des territoires	1690
2016	Q2	Apr	2016	T2	avr.	New Brunswick	Nouveau-Brunswick	Skilled Worker	Travailleurs qualifiés	--
2016	Q4	Dec	2016	T4	déc.	Saskatchewan	Saskatchewan	Skilled Worker	Travailleurs qualifiés	--
2017	Q1	Feb	2017	T1	fév.	Prince Edward Island	Île-du-Prince-Édouard	Canadian Experience	Catégorie de l’expérience canadienne	--
2022	Q2	May	2022	T2	mai	Nova Scotia	Nouvelle-Écosse	Canadian Experience	Catégorie de l’expérience canadienne	40
2020	Q4	Dec	2020	T4	déc.	Manitoba	Manitoba	Skilled Worker	Travailleurs qualifiés	5
2021	Q3	Sep	2021	T3	sept.	Nova Scotia	Nouvelle-Écosse	Skilled Worker	Travailleurs qualifiés	10
2026	Q2	May	2026	T2	mai	Alberta	Alberta	Skilled Worker	Travailleurs qualifiés	385
2022	Q2	Jun	2022	T2	juin	Nova Scotia	Nouvelle-Écosse	Canadian Experience	Catégorie de l’expérience canadienne	30
2025	Q4	Dec	2025	T4	déc.	Newfoundland and Labrador	Terre-Neuve-et-Labrador	Provincial Nominee Program	Candidats des provinces ou des territoires	35
2017	Q2	May	2017	T2	mai	Newfoundland and Labrador	Terre-Neuve-et-Labrador	Canadian Experience	Catégorie de l’expérience canadienne	10
2024	Q1	Feb	2024	T1	fév.	Alberta	Alberta	Skilled Trade	Métiers spécialisés	--
2024	Q2	Apr	2024	T2	avr.	Alberta	Alberta	Skilled Worker	Travailleurs qualifiés	510
2016	Q1	Mar	2016	T1	mars	Newfoundland and Labrador	Terre-Neuve-et-Labrador	Canadian Experience	Catégorie de l’expérience canadienne	--
2021	Q4	Oct	2021	T4	oct.	Alberta	Alberta	Provincial Nominee Program	Candidats des provinces ou des territoires	140
2025	Q4	Oct	2025	T4	oct.	Nova Scotia	Nouvelle-Écosse	Provincial Nominee Program	Candidats des provinces ou des territoires	45
2017	Q1	Mar	2017	T1	mars	Yukon	Yukon	Canadian Experience	Catégorie de l’expérience canadienne	--
2022	Q3	Jul	2022	T3	juil.	British Columbia	Colombie-Britannique	Skilled Trade	Métiers spécialisés	50
2020	Q3	Jul	2020	T3	juil.	Prince Edward Island	Île-du-Prince-Édouard	Provincial Nominee Program	Candidats des provinces ou des territoires	10
2021	Q2	Jun	2021	T2	juin	Nunavut	Nunavut	Skilled Trade	Métiers spécialisés	--
2022	Q2	May	2022	T2	mai	British Columbia	Colombie-Britannique	Skilled Worker	Travailleurs qualifiés	505
2018	Q4	Nov	2018	T4	nov.	Ontario	Ontario	Skilled Worker	Travailleurs qualifiés	1945
2020	Q2	Apr	2020	T2	avr.	Manitoba	Manitoba	Skilled Worker	Travailleurs qualifiés	--
2022	Q3	Jul	2022	T3	juil.	Northwest Territories	Territoires du Nord-Ouest	Canadian Experience	Catégorie de l’expérience canadienne	--
2019	Q1	Mar	2019	T1	mars	British Columbia	Colombie-Britannique	Skilled Worker	Travailleurs qualifiés	475
2021	Q3	Sep	2021	T3	sept.	Alberta	Alberta	Canadian Experience	Catégorie de l’expérience canadienne	965
2018	Q4	Nov	2018	T4	nov.	Saskatchewan	Saskatchewan	Canadian Experience	Catégorie de l’expérience canadienne	25
2026	Q1	Mar	2026	T1	mars	Northwest Territories	Territoires du Nord-Ouest	Canadian Experience	Catégorie de l’expérience canadienne	--
2020	Q1	Feb	2020	T1	fév.	Ontario	Ontario	Skilled Trade	Métiers spécialisés	30
2020	Q4	Dec	2020	T4	déc.	Nova Scotia	Nouvelle-Écosse	Skilled Worker	Travailleurs qualifiés	--
2019	Q2	May	2019	T2	mai	Ontario	Ontario	Skilled Trade	Métiers spécialisés	10
2022	Q2	Jun	2022	T2	juin	Alberta	Alberta	Canadian Experience	Catégorie de l’expérience canadienne	125
2020	Q1	Jan	2020	T1	janv.	Nunavut	Nunavut	Skilled Worker	Travailleurs qualifiés	--
2017	Q3	Sep	2017	T3	sept.	Manitoba	Manitoba	Provincial Nominee Program	Candidats des provinces ou des territoires	--
2018	Q1	Mar	2018	T1	mars	Manitoba	Manitoba	Skilled Worker	Travailleurs qualifiés	55
2020	Q4	Oct	2020	T4	oct.	Alberta	Alberta	Skilled Trade	Métiers spécialisés	5
2023	Q1	Jan	2023	T1	janv.	New Brunswick	Nouveau-Brunswick	Canadian Experience	Catégorie de l’expérience canadienne	15
2016	Q4	Nov	2016	T4	nov.	British Columbia	Colombie-Britannique	Provincial Nominee Program	Candidats des provinces ou des territoires	70
2021	Q3	Jul	2021	T3	juil.	Yukon	Yukon	Skilled Worker	Travailleurs qualifiés	5
2023	Q3	Aug	2023	T3	août	Saskatchewan	Saskatchewan	Canadian Experience	Catégorie de l’expérience canadienne	25
2019	Q4	Dec	2019	T4	déc.	Alberta	Alberta	Skilled Worker	Travailleurs qualifiés	380
2017	Q3	Aug	2017	T3	août	Manitoba	Manitoba	Canadian Experience	Catégorie de l’expérience canadienne	15
2018	Q3	Sep	2018	T3	sept.	Prince Edward Island	Île-du-Prince-Édouard	Canadian Experience	Catégorie de l’expérience canadienne	--
2018	Q4	Dec	2018	T4	déc.	Alberta	Alberta	Skilled Worker	Travailleurs qualifiés	260
2026	Q2	May	2026	T2	mai	Manitoba	Manitoba	Provincial Nominee Program	Candidats des provinces ou des territoires	180
2025	Q4	Dec	2025	T4	déc.	British Columbia	Colombie-Britannique	Skilled Worker	Travailleurs qualifiés	80
2018	Q1	Feb	2018	T1	fév.	Prince Edward Island	Île-du-Prince-Édouard	Provincial Nominee Program	Candidats des provinces ou des territoires	--
2016	Q1	Jan	2016	T1	janv.	Nova Scotia	Nouvelle-Écosse	Skilled Worker	Travailleurs qualifiés	5
2016	Q4	Dec	2016	T4	déc.	Ontario	Ontario	Canadian Experience	Catégorie de l’expérience canadienne	455
2017	Q4	Nov	2017	T4	nov.	Ontario	Ontario	Provincial Nominee Program	Candidats des provinces ou des territoires	445
2020	Q1	Mar	2020	T1	mars	British Columbia	Colombie-Britannique	Provincial Nominee Program	Candidats des provinces ou des territoires	305
2020	Q3	Sep	2020	T3	sept.	Saskatchewan	Saskatchewan	Canadian Experience	Catégorie de l’expérience canadienne	15
2025	Q3	Jul	2025	T3	juil.	Prince Edward Island	Île-du-Prince-Édouard	Canadian Experience	Catégorie de l’expérience canadienne	--
2019	Q2	Jun	2019	T2	juin	Nova Scotia	Nouvelle-Écosse	Canadian Experience	Catégorie de l’expérience canadienne	30
2017	Q1	Feb	2017	T1	fév.	Newfoundland and Labrador	Terre-Neuve-et-Labrador	Canadian Experience	Catégorie de l’expérience canadienne	--
2020	Q4	Oct	2020	T4	oct.	Manitoba	Manitoba	Provincial Nominee Program	Candidats des provinces ou des territoires	45
2025	Q1	Feb	2025	T1	fév.	British Columbia	Colombie-Britannique	Skilled Trade	Métiers spécialisés	--
2017	Q2	May	2017	T2	mai	Alberta	Alberta	Canadian Experience	Catégorie de l’expérience canadienne	435
2018	Q1	Jan	2018	T1	janv.	Alberta	Alberta	Skilled Worker	Travailleurs qualifiés	310
2020	Q1	Jan	2020	T1	janv.	Yukon	Yukon	Provincial Nominee Program	Candidats des provinces ou des territoires	--
2020	Q4	Oct	2020	T4	oct.	Ontario	Ontario	Skilled Worker	Travailleurs qualifiés	640
2021	Q1	Jan	2021	T1	janv.	New Brunswick	Nouveau-Brunswick	Canadian Experience	Catégorie de l’expérience canadienne	10
2020	Q1	Jan	2020	T1	janv.	Yukon	Yukon	Canadian Experience	Catégorie de l’expérience canadienne	--
2026	Q2	Apr	2026	T2	avr.	Manitoba	Manitoba	Skilled Worker	Travailleurs qualifiés	70
2018	Q1	Feb	2018	T1	fév.	Saskatchewan	Saskatchewan	Skilled Worker	Travailleurs qualifiés	70
2020	Q4	Dec	2020	T4	déc.	Nunavut	Nunavut	Canadian Experience	Catégorie de l’expérience canadienne	--
2015	Q4	Dec	2015	T4	déc.	Nova Scotia	Nouvelle-Écosse	Canadian Experience	Catégorie de l’expérience canadienne	10
2018	Q4	Nov	2018	T4	nov.	Ontario	Ontario	Canadian Experience	Catégorie de l’expérience canadienne	1020
2023	Q1	Jan	2023	T1	janv.	Manitoba	Manitoba	Provincial Nominee Program	Candidats des provinces ou des territoires	515
2024	Q4	Dec	2024	T4	déc.	Alberta	Alberta	Skilled Worker	Travailleurs qualifiés	550
2023	Q1	Jan	2023	T1	janv.	New Brunswick	Nouveau-Brunswick	Provincial Nominee Program	Candidats des provinces ou des territoires	325
2021	Q3	Jul	2021	T3	juil.	Northwest Territories	Territoires du Nord-Ouest	Canadian Experience	Catégorie de l’expérience canadienne	5
2025	Q2	May	2025	T2	mai	Prince Edward Island	Île-du-Prince-Édouard	Provincial Nominee Program	Candidats des provinces ou des territoires	35
2015	Q4	Nov	2015	T4	nov.	Nova Scotia	Nouvelle-Écosse	Skilled Trade	Métiers spécialisés	--
2016	Q3	Jul	2016	T3	juil.	Alberta	Alberta	Skilled Worker	Travailleurs qualifiés	245
2026	Q1	Jan	2026	T1	janv.	Yukon	Yukon	Provincial Nominee Program	Candidats des provinces ou des territoires	--
2024	Q2	Jun	2024	T2	juin	Newfoundland and Labrador	Terre-Neuve-et-Labrador	Canadian Experience	Catégorie de l’expérience canadienne	--
2021	Q2	Apr	2021	T2	avr.	Alberta	Alberta	Skilled Worker	Travailleurs qualifiés	55
2021	Q3	Jul	2021	T3	juil.	Yukon	Yukon	Canadian Experience	Catégorie de l’expérience canadienne	5
2018	Q2	Jun	2018	T2	juin	Prince Edward Island	Île-du-Prince-Édouard	Provincial Nominee Program	Candidats des provinces ou des territoires	25
2016	Q3	Jul	2016	T3	juil.	Ontario	Ontario	Provincial Nominee Program	Candidats des provinces ou des territoires	210
2025	Q1	Jan	2025	T1	janv.	Manitoba	Manitoba	Canadian Experience	Catégorie de l’expérience canadienne	20
2021	Q3	Jul	2021	T3	juil.	Alberta	Alberta	Skilled Trade	Métiers spécialisés	--
2016	Q4	Nov	2016	T4	nov.	Manitoba	Manitoba	Skilled Worker	Travailleurs qualifiés	5
2022	Q2	Apr	2022	T2	avr.	Prince Edward Island	Île-du-Prince-Édouard	Skilled Worker	Travailleurs qualifiés	5
2023	Q2	May	2023	T2	mai	Prince Edward Island	Île-du-Prince-Édouard	Skilled Worker	Travailleurs qualifiés	5
2022	Q3	Jul	2022	T3	juil.	Northwest Territories	Territoires du Nord-Ouest	Provincial Nominee Program	Candidats des provinces ou des territoires	--
2018	Q3	Aug	2018	T3	août	Nova Scotia	Nouvelle-Écosse	Canadian Experience	Catégorie de l’expérience canadienne	25
2016	Q2	Jun	2016	T2	juin	Newfoundland and Labrador	Terre-Neuve-et-Labrador	Skilled Trade	Métiers spécialisés	--
2019	Q2	Jun	2019	T2	juin	New Brunswick	Nouveau-Brunswick	Skilled Worker	Travailleurs qualifiés	20
2022	Q3	Aug	2022	T3	août	Yukon	Yukon	Provincial Nominee Program	Candidats des provinces ou des territoires	--
2026	Q1	Feb	2026	T1	fév.	Nova Scotia	Nouvelle-Écosse	Provincial Nominee Program	Candidats des provinces ou des territoires	175
2022	Q4	Nov	2022	T4	nov.	Yukon	Yukon	Canadian Experience	Catégorie de l’expérience canadienne	--
2025	Q1	Mar	2025	T1	mars	Northwest Territories	Territoires du Nord-Ouest	Canadian Experience	Catégorie de l’expérience canadienne	--
2022	Q3	Jul	2022	T3	juil.	Yukon	Yukon	Provincial Nominee Program	Candidats des provinces ou des territoires	--
2017	Q4	Dec	2017	T4	déc.	British Columbia	Colombie-Britannique	Skilled Worker	Travailleurs qualifiés	450
2018	Q2	May	2018	T2	mai	New Brunswick	Nouveau-Brunswick	Canadian Experience	Catégorie de l’expérience canadienne	20
2017	Q2	May	2017	T2	mai	Ontario	Ontario	Skilled Trade	Métiers spécialisés	20
2018	Q3	Jul	2018	T3	juil.	Newfoundland and Labrador	Terre-Neuve-et-Labrador	Skilled Worker	Travailleurs qualifiés	10
2026	Q1	Jan	2026	T1	janv.	Nunavut	Nunavut	Skilled Worker	Travailleurs qualifiés	5
2017	Q3	Sep	2017	T3	sept.	Manitoba	Manitoba	Canadian Experience	Catégorie de l’expérience canadienne	10
2019	Q3	Aug	2019	T3	août	Prince Edward Island	Île-du-Prince-Édouard	Provincial Nominee Program	Candidats des provinces ou des territoires	45
2022	Q3	Sep	2022	T3	sept.	Nova Scotia	Nouvelle-Écosse	Canadian Experience	Catégorie de l’expérience canadienne	15
2016	Q1	Mar	2016	T1	mars	Nova Scotia	Nouvelle-Écosse	Provincial Nominee Program	Candidats des provinces ou des territoires	130
2017	Q3	Aug	2017	T3	août	Alberta	Alberta	Skilled Trade	Métiers spécialisés	25
2019	Q2	May	2019	T2	mai	Nova Scotia	Nouvelle-Écosse	Skilled Worker	Travailleurs qualifiés	25
2024	Q3	Sep	2024	T3	sept.	New Brunswick	Nouveau-Brunswick	Canadian Experience	Catégorie de l’expérience canadienne	15
2023	Q2	Apr	2023	T2	avr.	Manitoba	Manitoba	Canadian Experience	Catégorie de l’expérience canadienne	5
2022	Q4	Oct	2022	T4	oct.	British Columbia	Colombie-Britannique	Skilled Trade	Métiers spécialisés	10
2018	Q4	Nov	2018	T4	nov.	Prince Edward Island	Île-du-Prince-Édouard	Canadian Experience	Catégorie de l’expérience canadienne	--
2022	Q1	Jan	2022	T1	janv.	Manitoba	Manitoba	Canadian Experience	Catégorie de l’expérience canadienne	80
2016	Q3	Sep	2016	T3	sept.	Manitoba	Manitoba	Provincial Nominee Program	Candidats des provinces ou des territoires	5
2017	Q1	Jan	2017	T1	janv.	Northwest Territories	Territoires du Nord-Ouest	Canadian Experience	Catégorie de l’expérience canadienne	5
2016	Q1	Jan	2016	T1	janv.	Alberta	Alberta	Skilled Worker	Travailleurs qualifiés	240
2015	Q3	Sep	2015	T3	sept.	Ontario	Ontario	Skilled Trade	Métiers spécialisés	35
2025	Q3	Aug	2025	T3	août	Prince Edward Island	Île-du-Prince-Édouard	Canadian Experience	Catégorie de l’expérience canadienne	10
2023	Q4	Nov	2023	T4	nov.	Northwest Territories	Territoires du Nord-Ouest	Canadian Experience	Catégorie de l’expérience canadienne	--
2026	Q3	Jul	2026	T3	juil.	Nunavut	Nunavut	Skilled Worker	Travailleurs qualifiés	10
2025	Q3	Aug	2025	T3	août	Saskatchewan	Saskatchewan	Provincial Nominee Program	Candidats des provinces ou des territoires	105
2020	Q4	Oct	2020	T4	oct.	Prince Edward Island	Île-du-Prince-Édouard	Canadian Experience	Catégorie de l’expérience canadienne	--
2018	Q3	Jul	2018	T3	juil.	British Columbia	Colombie-Britannique	Skilled Trade	Métiers spécialisés	20
2022	Q4	Dec	2022	T4	déc.	Manitoba	Manitoba	Skilled Worker	Travailleurs qualifiés	20
2025	Q2	May	2025	T2	mai	Northwest Territories	Territoires du Nord-Ouest	Canadian Experience	Catégorie de l’expérience canadienne	--
2023	Q2	Jun	2023	T2	juin	Prince Edward Island	Île-du-Prince-Édouard	Provincial Nominee Program	Candidats des provinces ou des territoires	65
2022	Q3	Aug	2022	T3	août	Ontario	Ontario	Canadian Experience	Catégorie de l’expérience canadienne	575
2019	Q3	Sep	2019	T3	sept.	Alberta	Alberta	Canadian Experience	Catégorie de l’expérience canadienne	195
2020	Q3	Aug	2020	T3	août	British Columbia	Colombie-Britannique	Canadian Experience	Catégorie de l’expérience canadienne	65
2022	Q4	Dec	2022	T4	déc.	Alberta	Alberta	Canadian Experience	Catégorie de l’expérience canadienne	10
2024	Q4	Oct	2024	T4	oct.	Alberta	Alberta	Skilled Worker	Travailleurs qualifiés	550
2016	Q2	Apr	2016	T2	avr.	Manitoba	Manitoba	Provincial Nominee Program	Candidats des provinces ou des territoires	20
2018	Q4	Nov	2018	T4	nov.	Newfoundland and Labrador	Terre-Neuve-et-Labrador	Skilled Worker	Travailleurs qualifiés	5
2019	Q1	Feb	2019	T1	fév.	Manitoba	Manitoba	Canadian Experience	Catégorie de l’expérience canadienne	25
2024	Q4	Dec	2024	T4	déc.	Northwest Territories	Territoires du Nord-Ouest	Provincial Nominee Program	Candidats des provinces ou des territoires	--
2026	Q3	Jul	2026	T3	juil.	Ontario	Ontario	Skilled Worker	Travailleurs qualifiés	2010
2017	Q1	Feb	2017	T1	fév.	British Columbia	Colombie-Britannique	Provincial Nominee Program	Candidats des provinces ou des territoires	145
2019	Q1	Mar	2019	T1	mars	Saskatchewan	Saskatchewan	Canadian Experience	Catégorie de l’expérience canadienne	80
2024	Q4	Nov	2024	T4	nov.	New Brunswick	Nouveau-Brunswick	Provincial Nominee Program	Candidats des provinces ou des territoires	110
2025	Q1	Mar	2025	T1	mars	Saskatchewan	Saskatchewan	Skilled Worker	Travailleurs qualifiés	30
2021	Q4	Dec	2021	T4	déc.	Northwest Territories	Territoires du Nord-Ouest	Canadian Experience	Catégorie de l’expérience canadienne	--
2023	Q2	Apr	2023	T2	avr.	Ontario	Ontario	Provincial Nominee Program	Candidats des provinces ou des territoires	1155
2020	Q1	Jan	2020	T1	janv.	Manitoba	Manitoba	Canadian Experience	Catégorie de l’expérience canadienne	60
2018	Q3	Jul	2018	T3	juil.	Prince Edward Island	Île-du-Prince-Édouard	Canadian Experience	Catégorie de l’expérience canadienne	--
2016	Q3	Sep	2016	T3	sept.	Saskatchewan	Saskatchewan	Provincial Nominee Program	Candidats des provinces ou des territoires	340
2021	Q4	Oct	2021	T4	oct.	Nova Scotia	Nouvelle-Écosse	Canadian Experience	Catégorie de l’expérience canadienne	225
2017	Q2	May	2017	T2	mai	Alberta	Alberta	Skilled Worker	Travailleurs qualifiés	105
2024	Q4	Oct	2024	T4	oct.	Prince Edward Island	Île-du-Prince-Édouard	Provincial Nominee Program	Candidats des provinces ou des territoires	10
2025	Q3	Jul	2025	T3	juil.	British Columbia	Colombie-Britannique	Provincial Nominee Program	Candidats des provinces ou des territoires	570
2021	Q2	May	2021	T2	mai	Prince Edward Island	Île-du-Prince-Édouard	Canadian Experience	Catégorie de l’expérience canadienne	10
2020	Q2	May	2020	T2	mai	British Columbia	Colombie-Britannique	Skilled Worker	Travailleurs qualifiés	150
2020	Q1	Mar	2020	T1	mars	New Brunswick	Nouveau-Brunswick	Skilled Worker	Travailleurs qualifiés	25
2025	Q3	Aug	2025	T3	août	Newfoundland and Labrador	Terre-Neuve-et-Labrador	Provincial Nominee Program	Candidats des provinces ou des territoires	20
2022	Q1	Mar	2022	T1	mars	Saskatchewan	Saskatchewan	Provincial Nominee Program	Candidats des provinces ou des territoires	335
2025	Q1	Feb	2025	T1	fév.	New Brunswick	Nouveau-Brunswick	Provincial Nominee Program	Candidats des provinces ou des territoires	250
2015	Q3	Sep	2015	T3	sept.	Manitoba	Manitoba	Skilled Worker	Travailleurs qualifiés	--
2023	Q2	Jun	2023	T2	juin	Northwest Territories	Territoires du Nord-Ouest	Provincial Nominee Program	Candidats des provinces ou des territoires	--
2016	Q4	Nov	2016	T4	nov.	British Columbia	Colombie-Britannique	Skilled Trade	Métiers spécialisés	30
2016	Q3	Jul	2016	T3	juil.	Northwest Territories	Territoires du Nord-Ouest	Provincial Nominee Program	Candidats des provinces ou des territoires	--
2025	Q4	Dec	2025	T4	déc.	Yukon	Yukon	Skilled Worker	Travailleurs qualifiés	5
2018	Q2	May	2018	T2	mai	Saskatchewan	Saskatchewan	Canadian Experience	Catégorie de l’expérience canadienne	40
2017	Q1	Mar	2017	T1	mars	Alberta	Alberta	Skilled Trade	Métiers spécialisés	135
2018	Q2	Apr	2018	T2	avr.	Newfoundland and Labrador	Terre-Neuve-et-Labrador	Canadian Experience	Catégorie de l’expérience canadienne	15
2025	Q2	Apr	2025	T2	avr.	Ontario	Ontario	Skilled Worker	Travailleurs qualifiés	1970
2021	Q4	Nov	2021	T4	nov.	Prince Edward Island	Île-du-Prince-Édouard	Provincial Nominee Program	Candidats des provinces ou des territoires	30
2017	Q3	Sep	2017	T3	sept.	Saskatchewan	Saskatchewan	Provincial Nominee Program	Candidats des provinces ou des territoires	200
2025	Q2	Apr	2025	T2	avr.	Nunavut	Nunavut	Canadian Experience	Catégorie de l’expérience canadienne	--
2022	Q2	May	2022	T2	mai	New Brunswick	Nouveau-Brunswick	Skilled Worker	Travailleurs qualifiés	15
2017	Q3	Sep	2017	T3	sept.	New Brunswick	Nouveau-Brunswick	Canadian Experience	Catégorie de l’expérience canadienne	10
2024	Q2	Apr	2024	T2	avr.	Alberta	Alberta	Canadian Experience	Catégorie de l’expérience canadienne	340
2018	Q1	Mar	2018	T1	mars	Nova Scotia	Nouvelle-Écosse	Skilled Worker	Travailleurs qualifiés	35
2020	Q1	Feb	2020	T1	fév.	Alberta	Alberta	Canadian Experience	Catégorie de l’expérience canadienne	200
2024	Q3	Sep	2024	T3	sept.	Saskatchewan	Saskatchewan	Canadian Experience	Catégorie de l’expérience canadienne	15
2015	Q3	Sep	2015	T3	sept.	Ontario	Ontario	Skilled Worker	Travailleurs qualifiés	115
2017	Q4	Dec	2017	T4	déc.	Ontario	Ontario	Skilled Trade	Métiers spécialisés	10
2021	Q3	Sep	2021	T3	sept.	New Brunswick	Nouveau-Brunswick	Canadian Experience	Catégorie de l’expérience canadienne	70
2024	Q1	Jan	2024	T1	janv.	Alberta	Alberta	Canadian Experience	Catégorie de l’expérience canadienne	400
2019	Q3	Sep	2019	T3	sept.	Ontario	Ontario	Provincial Nominee Program	Candidats des provinces ou des territoires	515
2025	Q4	Nov	2025	T4	nov.	British Columbia	Colombie-Britannique	Skilled Worker	Travailleurs qualifiés	80
2016	Q3	Sep	2016	T3	sept.	Nova Scotia	Nouvelle-Écosse	Skilled Worker	Travailleurs qualifiés	15
2017	Q4	Nov	2017	T4	nov.	British Columbia	Colombie-Britannique	Provincial Nominee Program	Candidats des provinces ou des territoires	280
2019	Q3	Aug	2019	T3	août	Newfoundland and Labrador	Terre-Neuve-et-Labrador	Canadian Experience	Catégorie de l’expérience canadienne	15
2016	Q1	Jan	2016	T1	janv.	New Brunswick	Nouveau-Brunswick	Canadian Experience	Catégorie de l’expérience canadienne	--
2018	Q1	Feb	2018	T1	fév.	British Columbia	Colombie-Britannique	Skilled Worker	Travailleurs qualifiés	520
2019	Q1	Feb	2019	T1	fév.	Saskatchewan	Saskatchewan	Canadian Experience	Catégorie de l’expérience canadienne	25
2021	Q3	Jul	2021	T3	juil.	Alberta	Alberta	Provincial Nominee Program	Candidats des provinces ou des territoires	280
2025	Q2	Jun	2025	T2	juin	Newfoundland and Labrador	Terre-Neuve-et-Labrador	Skilled Worker	Travailleurs qualifiés	--
2021	Q1	Mar	2021	T1	mars	Nova Scotia	Nouvelle-Écosse	Skilled Worker	Travailleurs qualifiés	--
2016	Q4	Dec	2016	T4	déc.	Ontario	Ontario	Skilled Worker	Travailleurs qualifiés	495
2017	Q1	Jan	2017	T1	janv.	British Columbia	Colombie-Britannique	Skilled Trade	Métiers spécialisés	105
2015	Q4	Oct	2015	T4	oct.	British Columbia	Colombie-Britannique	Skilled Worker	Travailleurs qualifiés	55
2018	Q1	Jan	2018	T1	janv.	Nova Scotia	Nouvelle-Écosse	Skilled Trade	Métiers spécialisés	--
2023	Q3	Sep	2023	T3	sept.	Saskatchewan	Saskatchewan	Canadian Experience	Catégorie de l’expérience canadienne	10
2018	Q1	Jan	2018	T1	janv.	British Columbia	Colombie-Britannique	Canadian Experience	Catégorie de l’expérience canadienne	960
2019	Q2	May	2019	T2	mai	Alberta	Alberta	Provincial Nominee Program	Candidats des provinces ou des territoires	30
2020	Q2	Apr	2020	T2	avr.	Saskatchewan	Saskatchewan	Skilled Worker	Travailleurs qualifiés	10
2022	Q2	Apr	2022	T2	avr.	Alberta	Alberta	Skilled Worker	Travailleurs qualifiés	345
2017	Q4	Oct	2017	T4	oct.	Ontario	Ontario	Canadian Experience	Catégorie de l’expérience canadienne	2485
2019	Q1	Jan	2019	T1	janv.	Ontario	Ontario	Skilled Worker	Travailleurs qualifiés	1660
2026	Q1	Feb	2026	T1	fév.	Alberta	Alberta	Skilled Worker	Travailleurs qualifiés	305
2019	Q4	Oct	2019	T4	oct.	New Brunswick	Nouveau-Brunswick	Provincial Nominee Program	Candidats des provinces ou des territoires	105
2022	Q4	Oct	2022	T4	oct.	British Columbia	Colombie-Britannique	Provincial Nominee Program	Candidats des provinces ou des territoires	415
2016	Q4	Dec	2016	T4	déc.	Nova Scotia	Nouvelle-Écosse	Skilled Worker	Travailleurs qualifiés	25
2023	Q4	Oct	2023	T4	oct.	Ontario	Ontario	Provincial Nominee Program	Candidats des provinces ou des territoires	715
2018	Q2	Apr	2018	T2	avr.	Alberta	Alberta	Skilled Worker	Travailleurs qualifiés	425
2021	Q1	Jan	2021	T1	janv.	Manitoba	Manitoba	Provincial Nominee Program	Candidats des provinces ou des territoires	170
2024	Q1	Jan	2024	T1	janv.	New Brunswick	Nouveau-Brunswick	Skilled Worker	Travailleurs qualifiés	65
2015	Q2	Apr	2015	T2	avr.	Alberta	Alberta	Skilled Trade	Métiers spécialisés	--
2023	Q1	Jan	2023	T1	janv.	Prince Edward Island	Île-du-Prince-Édouard	Canadian Experience	Catégorie de l’expérience canadienne	10
2022	Q2	May	2022	T2	mai	New Brunswick	Nouveau-Brunswick	Canadian Experience	Catégorie de l’expérience canadienne	15
2018	Q1	Jan	2018	T1	janv.	Manitoba	Manitoba	Provincial Nominee Program	Candidats des provinces ou des territoires	5
2019	Q1	Feb	2019	T1	fév.	Ontario	Ontario	Skilled Worker	Travailleurs qualifiés	2080
2016	Q1	Mar	2016	T1	mars	Saskatchewan	Saskatchewan	Provincial Nominee Program	Candidats des provinces ou des territoires	35
2025	Q3	Aug	2025	T3	août	British Columbia	Colombie-Britannique	Skilled Worker	Travailleurs qualifiés	105
2021	Q2	Apr	2021	T2	avr.	Newfoundland and Labrador	Terre-Neuve-et-Labrador	Canadian Experience	Catégorie de l’expérience canadienne	10
2020	Q1	Jan	2020	T1	janv.	Newfoundland and Labrador	Terre-Neuve-et-Labrador	Provincial Nominee Program	Candidats des provinces ou des territoires	5
2023	Q2	May	2023	T2	mai	Nova Scotia	Nouvelle-Écosse	Provincial Nominee Program	Candidats des provinces ou des territoires	300
2025	Q2	Jun	2025	T2	juin	Nova Scotia	Nouvelle-Écosse	Canadian Experience	Catégorie de l’expérience canadienne	50
2016	Q1	Mar	2016	T1	mars	Newfoundland and Labrador	Terre-Neuve-et-Labrador	Skilled Worker	Travailleurs qualifiés	5
2021	Q2	Jun	2021	T2	juin	Manitoba	Manitoba	Skilled Worker	Travailleurs qualifiés	5
2024	Q3	Jul	2024	T3	juil.	Prince Edward Island	Île-du-Prince-Édouard	Skilled Worker	Travailleurs qualifiés	5
2016	Q1	Feb	2016	T1	fév.	Newfoundland and Labrador	Terre-Neuve-et-Labrador	Canadian Experience	Catégorie de l’expérience canadienne	--
2016	Q1	Mar	2016	T1	mars	Alberta	Alberta	Skilled Worker	Travailleurs qualifiés	295
2021	Q3	Sep	2021	T3	sept.	Saskatchewan	Saskatchewan	Provincial Nominee Program	Candidats des provinces ou des territoires	105
2026	Q3	Jul	2026	T3	juil.	Newfoundland and Labrador	Terre-Neuve-et-Labrador	Canadian Experience	Catégorie de l’expérience canadienne	5
2026	Q2	Apr	2026	T2	avr.	Nova Scotia	Nouvelle-Écosse	Provincial Nominee Program	Candidats des provinces ou des territoires	325
2025	Q3	Aug	2025	T3	août	Nova Scotia	Nouvelle-Écosse	Provincial Nominee Program	Candidats des provinces ou des territoires	120
2020	Q4	Oct	2020	T4	oct.	Alberta	Alberta	Provincial Nominee Program	Candidats des provinces ou des territoires	245
2017	Q4	Nov	2017	T4	nov.	Northwest Territories	Territoires du Nord-Ouest	Canadian Experience	Catégorie de l’expérience canadienne	--
2025	Q2	May	2025	T2	mai	Yukon	Yukon	Canadian Experience	Catégorie de l’expérience canadienne	--
2020	Q1	Jan	2020	T1	janv.	Newfoundland and Labrador	Terre-Neuve-et-Labrador	Skilled Trade	Métiers spécialisés	--
2021	Q2	Apr	2021	T2	avr.	New Brunswick	Nouveau-Brunswick	Canadian Experience	Catégorie de l’expérience canadienne	30
2019	Q3	Sep	2019	T3	sept.	British Columbia	Colombie-Britannique	Canadian Experience	Catégorie de l’expérience canadienne	695
2020	Q2	Apr	2020	T2	avr.	Ontario	Ontario	Canadian Experience	Catégorie de l’expérience canadienne	955
2020	Q3	Aug	2020	T3	août	Nova Scotia	Nouvelle-Écosse	Canadian Experience	Catégorie de l’expérience canadienne	--
2022	Q1	Mar	2022	T1	mars	Newfoundland and Labrador	Terre-Neuve-et-Labrador	Skilled Worker	Travailleurs qualifiés	--
2026	Q3	Jul	2026	T3	juil.	British Columbia	Colombie-Britannique	Provincial Nominee Program	Candidats des provinces ou des territoires	550
2019	Q3	Jul	2019	T3	juil.	Newfoundland and Labrador	Terre-Neuve-et-Labrador	Canadian Experience	Catégorie de l’expérience canadienne	10
2025	Q1	Feb	2025	T1	fév.	Nova Scotia	Nouvelle-Écosse	Skilled Worker	Travailleurs qualifiés	20
2024	Q2	May	2024	T2	mai	British Columbia	Colombie-Britannique	Provincial Nominee Program	Candidats des provinces ou des territoires	965
2022	Q1	Feb	2022	T1	fév.	British Columbia	Colombie-Britannique	Canadian Experience	Catégorie de l’expérience canadienne	1280
2015	Q3	Aug	2015	T3	août	Newfoundland and Labrador	Terre-Neuve-et-Labrador	Skilled Worker	Travailleurs qualifiés	--
2016	Q4	Nov	2016	T4	nov.	Alberta	Alberta	Skilled Worker	Travailleurs qualifiés	140
2018	Q3	Jul	2018	T3	juil.	Saskatchewan	Saskatchewan	Canadian Experience	Catégorie de l’expérience canadienne	45
2020	Q4	Dec	2020	T4	déc.	Newfoundland and Labrador	Terre-Neuve-et-Labrador	Skilled Worker	Travailleurs qualifiés	--
2016	Q4	Dec	2016	T4	déc.	Northwest Territories	Territoires du Nord-Ouest	Provincial Nominee Program	Candidats des provinces ou des territoires	--
2020	Q4	Nov	2020	T4	nov.	Alberta	Alberta	Canadian Experience	Catégorie de l’expérience canadienne	200
2021	Q2	Apr	2021	T2	avr.	British Columbia	Colombie-Britannique	Skilled Worker	Travailleurs qualifiés	70
2023	Q2	Jun	2023	T2	juin	Yukon	Yukon	Skilled Worker	Travailleurs qualifiés	--
2026	Q3	Jul	2026	T3	juil.	Alberta	Alberta	Canadian Experience	Catégorie de l’expérience canadienne	475
2015	Q3	Aug	2015	T3	août	Nova Scotia	Nouvelle-Écosse	Provincial Nominee Program	Candidats des provinces ou des territoires	5
2020	Q2	Jun	2020	T2	juin	Saskatchewan	Saskatchewan	Skilled Worker	Travailleurs qualifiés	10
2023	Q4	Dec	2023	T4	déc.	Prince Edward Island	Île-du-Prince-Édouard	Skilled Worker	Travailleurs qualifiés	--
2015	Q4	Dec	2015	T4	déc.	Manitoba	Manitoba	Canadian Experience	Catégorie de l’expérience canadienne	--
2024	Q1	Feb	2024	T1	fév.	Prince Edward Island	Île-du-Prince-Édouard	Provincial Nominee Program	Candidats des provinces ou des territoires	55
2024	Q1	Jan	2024	T1	janv.	British Columbia	Colombie-Britannique	Skilled Worker	Travailleurs qualifiés	330
2024	Q2	Jun	2024	T2	juin	Alberta	Alberta	Skilled Worker	Travailleurs qualifiés	580
2021	Q1	Mar	2021	T1	mars	British Columbia	Colombie-Britannique	Provincial Nominee Program	Candidats des provinces ou des territoires	120
2023	Q3	Sep	2023	T3	sept.	Yukon	Yukon	Canadian Experience	Catégorie de l’expérience canadienne	--
2019	Q4	Oct	2019	T4	oct.	Prince Edward Island	Île-du-Prince-Édouard	Skilled Worker	Travailleurs qualifiés	--
2023	Q2	Jun	2023	T2	juin	Alberta	Alberta	Skilled Trade	Métiers spécialisés	--
2024	Q4	Dec	2024	T4	déc.	Alberta	Alberta	Canadian Experience	Catégorie de l’expérience canadienne	160
2024	Q2	Jun	2024	T2	juin	British Columbia	Colombie-Britannique	Skilled Worker	Travailleurs qualifiés	280
2024	Q2	Apr	2024	T2	avr.	Nova Scotia	Nouvelle-Écosse	Provincial Nominee Program	Candidats des provinces ou des territoires	250
2017	Q1	Jan	2017	T1	janv.	Saskatchewan	Saskatchewan	Provincial Nominee Program	Candidats des provinces ou des territoires	145
2017	Q2	Jun	2017	T2	juin	Newfoundland and Labrador	Terre-Neuve-et-Labrador	Skilled Worker	Travailleurs qualifiés	--
2020	Q4	Dec	2020	T4	déc.	Alberta	Alberta	Skilled Trade	Métiers spécialisés	--
2017	Q1	Mar	2017	T1	mars	Newfoundland and Labrador	Terre-Neuve-et-Labrador	Skilled Worker	Travailleurs qualifiés	--
2019	Q2	Apr	2019	T2	avr.	Ontario	Ontario	Provincial Nominee Program	Candidats des provinces ou des territoires	520
2020	Q3	Sep	2020	T3	sept.	British Columbia	Colombie-Britannique	Provincial Nominee Program	Candidats des provinces ou des territoires	130
2025	Q2	Jun	2025	T2	juin	Northwest Territories	Territoires du Nord-Ouest	Canadian Experience	Catégorie de l’expérience canadienne	--
2024	Q1	Feb	2024	T1	fév.	Ontario	Ontario	Skilled Worker	Travailleurs qualifiés	1890
2021	Q4	Dec	2021	T4	déc.	New Brunswick	Nouveau-Brunswick	Canadian Experience	Catégorie de l’expérience canadienne	80
2024	Q3	Jul	2024	T3	juil.	New Brunswick	Nouveau-Brunswick	Canadian Experience	Catégorie de l’expérience canadienne	20
2020	Q2	Jun	2020	T2	juin	Yukon	Yukon	Provincial Nominee Program	Candidats des provinces ou des territoires	--
2022	Q4	Dec	2022	T4	déc.	Ontario	Ontario	Skilled Worker	Travailleurs qualifiés	1815
2021	Q1	Feb	2021	T1	fév.	British Columbia	Colombie-Britannique	Provincial Nominee Program	Candidats des provinces ou des territoires	145
2020	Q4	Dec	2020	T4	déc.	Newfoundland and Labrador	Terre-Neuve-et-Labrador	Canadian Experience	Catégorie de l’expérience canadienne	--
2017	Q1	Jan	2017	T1	janv.	British Columbia	Colombie-Britannique	Skilled Worker	Travailleurs qualifiés	295
2024	Q4	Oct	2024	T4	oct.	Nunavut	Nunavut	Skilled Worker	Travailleurs qualifiés	--
2017	Q3	Sep	2017	T3	sept.	Northwest Territories	Territoires du Nord-Ouest	Canadian Experience	Catégorie de l’expérience canadienne	--
2016	Q2	Jun	2016	T2	juin	Ontario	Ontario	Skilled Worker	Travailleurs qualifiés	670
2017	Q2	May	2017	T2	mai	British Columbia	Colombie-Britannique	Skilled Trade	Métiers spécialisés	75
2026	Q2	Jun	2026	T2	juin	Northwest Territories	Territoires du Nord-Ouest	Canadian Experience	Catégorie de l’expérience canadienne	--
2019	Q3	Jul	2019	T3	juil.	Northwest Territories	Territoires du Nord-Ouest	Canadian Experience	Catégorie de l’expérience canadienne	--
2017	Q1	Feb	2017	T1	fév.	Alberta	Alberta	Skilled Worker	Travailleurs qualifiés	145
2022	Q1	Mar	2022	T1	mars	Ontario	Ontario	Canadian Experience	Catégorie de l’expérience canadienne	2725
2018	Q3	Sep	2018	T3	sept.	New Brunswick	Nouveau-Brunswick	Canadian Experience	Catégorie de l’expérience canadienne	15
2017	Q3	Aug	2017	T3	août	Nova Scotia	Nouvelle-Écosse	Provincial Nominee Program	Candidats des provinces ou des territoires	165
2018	Q2	Jun	2018	T2	juin	Alberta	Alberta	Skilled Worker	Travailleurs qualifiés	415
2022	Q1	Feb	2022	T1	fév.	Yukon	Yukon	Provincial Nominee Program	Candidats des provinces ou des territoires	--
2015	Q4	Nov	2015	T4	nov.	Alberta	Alberta	Canadian Experience	Catégorie de l’expérience canadienne	820
2016	Q4	Oct	2016	T4	oct.	Ontario	Ontario	Canadian Experience	Catégorie de l’expérience canadienne	285
2016	Q3	Sep	2016	T3	sept.	Ontario	Ontario	Skilled Trade	Métiers spécialisés	15
2015	Q2	Apr	2015	T2	avr.	British Columbia	Colombie-Britannique	Skilled Worker	Travailleurs qualifiés	5
2022	Q3	Sep	2022	T3	sept.	Newfoundland and Labrador	Terre-Neuve-et-Labrador	Skilled Worker	Travailleurs qualifiés	--
2015	Q3	Sep	2015	T3	sept.	Ontario	Ontario	Canadian Experience	Catégorie de l’expérience canadienne	260
2019	Q3	Aug	2019	T3	août	Alberta	Alberta	Skilled Worker	Travailleurs qualifiés	515
2020	Q3	Sep	2020	T3	sept.	Manitoba	Manitoba	Skilled Worker	Travailleurs qualifiés	15
2025	Q1	Mar	2025	T1	mars	Prince Edward Island	Île-du-Prince-Édouard	Skilled Worker	Travailleurs qualifiés	--
2019	Q1	Jan	2019	T1	janv.	Nova Scotia	Nouvelle-Écosse	Skilled Worker	Travailleurs qualifiés	15
2019	Q4	Nov	2019	T4	nov.	Ontario	Ontario	Provincial Nominee Program	Candidats des provinces ou des territoires	225
2021	Q3	Jul	2021	T3	juil.	British Columbia	Colombie-Britannique	Skilled Trade	Métiers spécialisés	10
2023	Q2	Jun	2023	T2	juin	Saskatchewan	Saskatchewan	Provincial Nominee Program	Candidats des provinces ou des territoires	605
2023	Q4	Oct	2023	T4	oct.	Alberta	Alberta	Provincial Nominee Program	Candidats des provinces ou des territoires	335
2022	Q1	Jan	2022	T1	janv.	Nova Scotia	Nouvelle-Écosse	Provincial Nominee Program	Candidats des provinces ou des territoires	165
2019	Q4	Nov	2019	T4	nov.	Saskatchewan	Saskatchewan	Canadian Experience	Catégorie de l’expérience canadienne	30
2021	Q3	Aug	2021	T3	août	Nova Scotia	Nouvelle-Écosse	Skilled Worker	Travailleurs qualifiés	--
2025	Q3	Jul	2025	T3	juil.	Northwest Territories	Territoires du Nord-Ouest	Provincial Nominee Program	Candidats des provinces ou des territoires	--
2025	Q4	Oct	2025	T4	oct.	Prince Edward Island	Île-du-Prince-Édouard	Canadian Experience	Catégorie de l’expérience canadienne	--
2025	Q1	Mar	2025	T1	mars	Ontario	Ontario	Provincial Nominee Program	Candidats des provinces ou des territoires	1590
2025	Q2	May	2025	T2	mai	Ontario	Ontario	Skilled Worker	Travailleurs qualifiés	1620
2022	Q4	Nov	2022	T4	nov.	Saskatchewan	Saskatchewan	Provincial Nominee Program	Candidats des provinces ou des territoires	325
2023	Q1	Mar	2023	T1	mars	Saskatchewan	Saskatchewan	Canadian Experience	Catégorie de l’expérience canadienne	30
2021	Q1	Mar	2021	T1	mars	Ontario	Ontario	Canadian Experience	Catégorie de l’expérience canadienne	6120
2025	Q1	Feb	2025	T1	fév.	Nova Scotia	Nouvelle-Écosse	Provincial Nominee Program	Candidats des provinces ou des territoires	110
2024	Q1	Jan	2024	T1	janv.	British Columbia	Colombie-Britannique	Canadian Experience	Catégorie de l’expérience canadienne	1320
2024	Q1	Jan	2024	T1	janv.	Saskatchewan	Saskatchewan	Canadian Experience	Catégorie de l’expérience canadienne	55
2020	Q2	May	2020	T2	mai	Nova Scotia	Nouvelle-Écosse	Skilled Worker	Travailleurs qualifiés	--
2018	Q1	Mar	2018	T1	mars	Ontario	Ontario	Provincial Nominee Program	Candidats des provinces ou des territoires	700
2018	Q3	Jul	2018	T3	juil.	British Columbia	Colombie-Britannique	Skilled Worker	Travailleurs qualifiés	480
2017	Q4	Oct	2017	T4	oct.	New Brunswick	Nouveau-Brunswick	Canadian Experience	Catégorie de l’expérience canadienne	10
2025	Q3	Aug	2025	T3	août	Manitoba	Manitoba	Canadian Experience	Catégorie de l’expérience canadienne	30
2025	Q4	Nov	2025	T4	nov.	Prince Edward Island	Île-du-Prince-Édouard	Provincial Nominee Program	Candidats des provinces ou des territoires	15
2020	Q4	Oct	2020	T4	oct.	Newfoundland and Labrador	Terre-Neuve-et-Labrador	Canadian Experience	Catégorie de l’expérience canadienne	5
2021	Q1	Jan	2021	T1	janv.	Nova Scotia	Nouvelle-Écosse	Skilled Worker	Travailleurs qualifiés	5
2020	Q2	May	2020	T2	mai	Northwest Territories	Territoires du Nord-Ouest	Provincial Nominee Program	Candidats des provinces ou des territoires	--
2018	Q3	Sep	2018	T3	sept.	Alberta	Alberta	Skilled Worker	Travailleurs qualifiés	340
2019	Q3	Jul	2019	T3	juil.	New Brunswick	Nouveau-Brunswick	Skilled Worker	Travailleurs qualifiés	20
2016	Q2	Jun	2016	T2	juin	Ontario	Ontario	Provincial Nominee Program	Candidats des provinces ou des territoires	300
2018	Q3	Aug	2018	T3	août	British Columbia	Colombie-Britannique	Skilled Worker	Travailleurs qualifiés	450
2021	Q1	Mar	2021	T1	mars	Ontario	Ontario	Skilled Worker	Travailleurs qualifiés	415
2025	Q1	Feb	2025	T1	fév.	Newfoundland and Labrador	Terre-Neuve-et-Labrador	Skilled Worker	Travailleurs qualifiés	--
2023	Q4	Nov	2023	T4	nov.	Alberta	Alberta	Skilled Worker	Travailleurs qualifiés	350
2025	Q1	Jan	2025	T1	janv.	Alberta	Alberta	Canadian Experience	Catégorie de l’expérience canadienne	270
2024	Q3	Sep	2024	T3	sept.	Alberta	Alberta	Skilled Worker	Travailleurs qualifiés	790
2018	Q3	Sep	2018	T3	sept.	Saskatchewan	Saskatchewan	Provincial Nominee Program	Candidats des provinces ou des territoires	260
2016	Q1	Mar	2016	T1	mars	Nova Scotia	Nouvelle-Écosse	Canadian Experience	Catégorie de l’expérience canadienne	--
2017	Q1	Jan	2017	T1	janv.	Newfoundland and Labrador	Terre-Neuve-et-Labrador	Skilled Trade	Métiers spécialisés	--
2017	Q4	Oct	2017	T4	oct.	Manitoba	Manitoba	Skilled Worker	Travailleurs qualifiés	50
2019	Q4	Nov	2019	T4	nov.	Nunavut	Nunavut	Skilled Worker	Travailleurs qualifiés	--
2025	Q2	Apr	2025	T2	avr.	Manitoba	Manitoba	Provincial Nominee Program	Candidats des provinces ou des territoires	330
2025	Q2	Apr	2025	T2	avr.	Alberta	Alberta	Canadian Experience	Catégorie de l’expérience canadienne	320
2023	Q4	Dec	2023	T4	déc.	Newfoundland and Labrador	Terre-Neuve-et-Labrador	Skilled Worker	Travailleurs qualifiés	--
2022	Q2	Apr	2022	T2	avr.	Ontario	Ontario	Provincial Nominee Program	Candidats des provinces ou des territoires	790
2019	Q1	Feb	2019	T1	fév.	Yukon	Yukon	Provincial Nominee Program	Candidats des provinces ou des territoires	--
2022	Q2	Jun	2022	T2	juin	British Columbia	Colombie-Britannique	Skilled Worker	Travailleurs qualifiés	560
2023	Q1	Feb	2023	T1	fév.	Yukon	Yukon	Provincial Nominee Program	Candidats des provinces ou des territoires	5
2024	Q3	Sep	2024	T3	sept.	Saskatchewan	Saskatchewan	Skilled Worker	Travailleurs qualifiés	45
2024	Q2	Apr	2024	T2	avr.	Saskatchewan	Saskatchewan	Canadian Experience	Catégorie de l’expérience canadienne	35
2025	Q3	Jul	2025	T3	juil.	Saskatchewan	Saskatchewan	Provincial Nominee Program	Candidats des provinces ou des territoires	180
2023	Q2	May	2023	T2	mai	New Brunswick	Nouveau-Brunswick	Canadian Experience	Catégorie de l’expérience canadienne	15
2015	Q4	Oct	2015	T4	oct.	Ontario	Ontario	Skilled Trade	Métiers spécialisés	50
2017	Q1	Jan	2017	T1	janv.	Ontario	Ontario	Canadian Experience	Catégorie de l’expérience canadienne	815
2022	Q1	Feb	2022	T1	fév.	Newfoundland and Labrador	Terre-Neuve-et-Labrador	Canadian Experience	Catégorie de l’expérience canadienne	20
2022	Q1	Jan	2022	T1	janv.	New Brunswick	Nouveau-Brunswick	Canadian Experience	Catégorie de l’expérience canadienne	55
2025	Q3	Sep	2025	T3	sept.	Nova Scotia	Nouvelle-Écosse	Skilled Worker	Travailleurs qualifiés	50
2017	Q1	Jan	2017	T1	janv.	New Brunswick	Nouveau-Brunswick	Skilled Worker	Travailleurs qualifiés	--
2024	Q1	Jan	2024	T1	janv.	Northwest Territories	Territoires du Nord-Ouest	Provincial Nominee Program	Candidats des provinces ou des territoires	--
2026	Q1	Jan	2026	T1	janv.	Ontario	Ontario	Canadian Experience	Catégorie de l’expérience canadienne	3465
2024	Q2	May	2024	T2	mai	Ontario	Ontario	Skilled Worker	Travailleurs qualifiés	2475
2020	Q3	Aug	2020	T3	août	Nova Scotia	Nouvelle-Écosse	Skilled Worker	Travailleurs qualifiés	15
2017	Q2	Apr	2017	T2	avr.	New Brunswick	Nouveau-Brunswick	Skilled Worker	Travailleurs qualifiés	--
2018	Q2	Apr	2018	T2	avr.	Nova Scotia	Nouvelle-Écosse	Skilled Worker	Travailleurs qualifiés	25
2025	Q2	May	2025	T2	mai	British Columbia	Colombie-Britannique	Canadian Experience	Catégorie de l’expérience canadienne	1360
2020	Q4	Dec	2020	T4	déc.	Saskatchewan	Saskatchewan	Provincial Nominee Program	Candidats des provinces ou des territoires	55
2015	Q2	May	2015	T2	mai	Alberta	Alberta	Skilled Trade	Métiers spécialisés	10
2021	Q2	May	2021	T2	mai	Newfoundland and Labrador	Terre-Neuve-et-Labrador	Provincial Nominee Program	Candidats des provinces ou des territoires	--
2017	Q4	Nov	2017	T4	nov.	Manitoba	Manitoba	Skilled Trade	Métiers spécialisés	--
2018	Q3	Jul	2018	T3	juil.	Prince Edward Island	Île-du-Prince-Édouard	Skilled Trade	Métiers spécialisés	--
2016	Q4	Nov	2016	T4	nov.	Newfoundland and Labrador	Terre-Neuve-et-Labrador	Canadian Experience	Catégorie de l’expérience canadienne	--
2024	Q3	Aug	2024	T3	août	Nova Scotia	Nouvelle-Écosse	Skilled Worker	Travailleurs qualifiés	30
2017	Q3	Jul	2017	T3	juil.	Alberta	Alberta	Skilled Worker	Travailleurs qualifiés	120
2026	Q2	Apr	2026	T2	avr.	British Columbia	Colombie-Britannique	Skilled Worker	Travailleurs qualifiés	195
2018	Q4	Oct	2018	T4	oct.	Alberta	Alberta	Canadian Experience	Catégorie de l’expérience canadienne	125
2017	Q3	Aug	2017	T3	août	New Brunswick	Nouveau-Brunswick	Provincial Nominee Program	Candidats des provinces ou des territoires	120
2022	Q4	Oct	2022	T4	oct.	Alberta	Alberta	Canadian Experience	Catégorie de l’expérience canadienne	35
2017	Q3	Sep	2017	T3	sept.	Ontario	Ontario	Skilled Trade	Métiers spécialisés	20
2026	Q2	May	2026	T2	mai	Saskatchewan	Saskatchewan	Provincial Nominee Program	Candidats des provinces ou des territoires	70
2021	Q1	Feb	2021	T1	fév.	Newfoundland and Labrador	Terre-Neuve-et-Labrador	Skilled Worker	Travailleurs qualifiés	--
2020	Q3	Aug	2020	T3	août	Ontario	Ontario	Skilled Worker	Travailleurs qualifiés	1655
2020	Q3	Jul	2020	T3	juil.	Alberta	Alberta	Skilled Worker	Travailleurs qualifiés	275
2016	Q2	Apr	2016	T2	avr.	Newfoundland and Labrador	Terre-Neuve-et-Labrador	Skilled Worker	Travailleurs qualifiés	5
2018	Q1	Jan	2018	T1	janv.	Nova Scotia	Nouvelle-Écosse	Skilled Worker	Travailleurs qualifiés	20
2026	Q2	Jun	2026	T2	juin	Northwest Territories	Territoires du Nord-Ouest	Provincial Nominee Program	Candidats des provinces ou des territoires	15
2022	Q1	Mar	2022	T1	mars	Manitoba	Manitoba	Provincial Nominee Program	Candidats des provinces ou des territoires	195
2017	Q4	Dec	2017	T4	déc.	New Brunswick	Nouveau-Brunswick	Skilled Worker	Travailleurs qualifiés	--
2018	Q1	Mar	2018	T1	mars	Alberta	Alberta	Skilled Worker	Travailleurs qualifiés	505
2024	Q4	Oct	2024	T4	oct.	Ontario	Ontario	Skilled Worker	Travailleurs qualifiés	2785
2021	Q2	May	2021	T2	mai	Manitoba	Manitoba	Canadian Experience	Catégorie de l’expérience canadienne	25
2026	Q2	Apr	2026	T2	avr.	New Brunswick	Nouveau-Brunswick	Provincial Nominee Program	Candidats des provinces ou des territoires	105
2023	Q4	Nov	2023	T4	nov.	Ontario	Ontario	Skilled Trade	Métiers spécialisés	--
2024	Q4	Nov	2024	T4	nov.	Northwest Territories	Territoires du Nord-Ouest	Provincial Nominee Program	Candidats des provinces ou des territoires	5
2018	Q4	Dec	2018	T4	déc.	Newfoundland and Labrador	Terre-Neuve-et-Labrador	Canadian Experience	Catégorie de l’expérience canadienne	5
2024	Q4	Dec	2024	T4	déc.	British Columbia	Colombie-Britannique	Canadian Experience	Catégorie de l’expérience canadienne	560
2022	Q1	Mar	2022	T1	mars	Alberta	Alberta	Skilled Trade	Métiers spécialisés	5
2025	Q2	Apr	2025	T2	avr.	Saskatchewan	Saskatchewan	Provincial Nominee Program	Candidats des provinces ou des territoires	190
2017	Q4	Nov	2017	T4	nov.	Ontario	Ontario	Skilled Trade	Métiers spécialisés	20
2021	Q1	Feb	2021	T1	fév.	Manitoba	Manitoba	Skilled Worker	Travailleurs qualifiés	20
2017	Q1	Mar	2017	T1	mars	Nova Scotia	Nouvelle-Écosse	Skilled Worker	Travailleurs qualifiés	10
2021	Q4	Nov	2021	T4	nov.	British Columbia	Colombie-Britannique	Provincial Nominee Program	Candidats des provinces ou des territoires	395
2017	Q3	Jul	2017	T3	juil.	New Brunswick	Nouveau-Brunswick	Canadian Experience	Catégorie de l’expérience canadienne	10
2021	Q1	Feb	2021	T1	fév.	Ontario	Ontario	Canadian Experience	Catégorie de l’expérience canadienne	3995
2017	Q4	Oct	2017	T4	oct.	Saskatchewan	Saskatchewan	Skilled Worker	Travailleurs qualifiés	40
2017	Q1	Mar	2017	T1	mars	Newfoundland and Labrador	Terre-Neuve-et-Labrador	Skilled Trade	Métiers spécialisés	--
2021	Q4	Nov	2021	T4	nov.	Prince Edward Island	Île-du-Prince-Édouard	Canadian Experience	Catégorie de l’expérience canadienne	50
2019	Q4	Nov	2019	T4	nov.	Manitoba	Manitoba	Canadian Experience	Catégorie de l’expérience canadienne	30
2022	Q4	Oct	2022	T4	oct.	New Brunswick	Nouveau-Brunswick	Skilled Worker	Travailleurs qualifiés	65
2022	Q2	Jun	2022	T2	juin	New Brunswick	Nouveau-Brunswick	Provincial Nominee Program	Candidats des provinces ou des territoires	365
2017	Q1	Mar	2017	T1	mars	Prince Edward Island	Île-du-Prince-Édouard	Skilled Trade	Métiers spécialisés	--
2025	Q2	May	2025	T2	mai	Ontario	Ontario	Skilled Trade	Métiers spécialisés	--
2018	Q1	Feb	2018	T1	fév.	New Brunswick	Nouveau-Brunswick	Provincial Nominee Program	Candidats des provinces ou des territoires	135
2020	Q3	Jul	2020	T3	juil.	Alberta	Alberta	Canadian Experience	Catégorie de l’expérience canadienne	90
2026	Q2	Jun	2026	T2	juin	Prince Edward Island	Île-du-Prince-Édouard	Skilled Worker	Travailleurs qualifiés	--
2026	Q1	Feb	2026	T1	fév.	Prince Edward Island	Île-du-Prince-Édouard	Canadian Experience	Catégorie de l’expérience canadienne	--
2022	Q3	Jul	2022	T3	juil.	Nova Scotia	Nouvelle-Écosse	Skilled Worker	Travailleurs qualifiés	20
2019	Q4	Oct	2019	T4	oct.	Saskatchewan	Saskatchewan	Canadian Experience	Catégorie de l’expérience canadienne	30
2018	Q1	Mar	2018	T1	mars	Newfoundland and Labrador	Terre-Neuve-et-Labrador	Skilled Worker	Travailleurs qualifiés	10
2026	Q1	Mar	2026	T1	mars	Prince Edward Island	Île-du-Prince-Édouard	Canadian Experience	Catégorie de l’expérience canadienne	5
2021	Q4	Oct	2021	T4	oct.	Newfoundland and Labrador	Terre-Neuve-et-Labrador	Canadian Experience	Catégorie de l’expérience canadienne	45
2022	Q4	Oct	2022	T4	oct.	Northwest Territories	Territoires du Nord-Ouest	Skilled Worker	Travailleurs qualifiés	--
2016	Q1	Jan	2016	T1	janv.	Northwest Territories	Territoires du Nord-Ouest	Canadian Experience	Catégorie de l’expérience canadienne	--
2019	Q3	Jul	2019	T3	juil.	Ontario	Ontario	Skilled Worker	Travailleurs qualifiés	4750
2023	Q2	Apr	2023	T2	avr.	Newfoundland and Labrador	Terre-Neuve-et-Labrador	Provincial Nominee Program	Candidats des provinces ou des territoires	45
2017	Q1	Feb	2017	T1	fév.	Ontario	Ontario	Skilled Trade	Métiers spécialisés	30
2023	Q4	Dec	2023	T4	déc.	Saskatchewan	Saskatchewan	Skilled Worker	Travailleurs qualifiés	35
2017	Q1	Feb	2017	T1	fév.	Prince Edward Island	Île-du-Prince-Édouard	Provincial Nominee Program	Candidats des provinces ou des territoires	50
2021	Q1	Feb	2021	T1	fév.	Manitoba	Manitoba	Skilled Trade	Métiers spécialisés	--
2022	Q4	Oct	2022	T4	oct.	Ontario	Ontario	Skilled Worker	Travailleurs qualifiés	3815
2022	Q1	Mar	2022	T1	mars	British Columbia	Colombie-Britannique	Canadian Experience	Catégorie de l’expérience canadienne	1110
2021	Q1	Mar	2021	T1	mars	Alberta	Alberta	Canadian Experience	Catégorie de l’expérience canadienne	340
2024	Q1	Feb	2024	T1	fév.	New Brunswick	Nouveau-Brunswick	Provincial Nominee Program	Candidats des provinces ou des territoires	220
2024	Q3	Jul	2024	T3	juil.	Saskatchewan	Saskatchewan	Provincial Nominee Program	Candidats des provinces ou des territoires	285
2022	Q1	Feb	2022	T1	fév.	Saskatchewan	Saskatchewan	Canadian Experience	Catégorie de l’expérience canadienne	65
2018	Q3	Aug	2018	T3	août	New Brunswick	Nouveau-Brunswick	Canadian Experience	Catégorie de l’expérience canadienne	10
2023	Q3	Sep	2023	T3	sept.	Nova Scotia	Nouvelle-Écosse	Skilled Worker	Travailleurs qualifiés	15
2016	Q2	May	2016	T2	mai	Manitoba	Manitoba	Skilled Worker	Travailleurs qualifiés	10
2018	Q3	Aug	2018	T3	août	Ontario	Ontario	Provincial Nominee Program	Candidats des provinces ou des territoires	620
2022	Q2	Apr	2022	T2	avr.	Nova Scotia	Nouvelle-Écosse	Canadian Experience	Catégorie de l’expérience canadienne	25
2026	Q1	Feb	2026	T1	fév.	Newfoundland and Labrador	Terre-Neuve-et-Labrador	Canadian Experience	Catégorie de l’expérience canadienne	--
2018	Q3	Jul	2018	T3	juil.	British Columbia	Colombie-Britannique	Canadian Experience	Catégorie de l’expérience canadienne	395
2025	Q4	Oct	2025	T4	oct.	Alberta	Alberta	Canadian Experience	Catégorie de l’expérience canadienne	240
2018	Q1	Jan	2018	T1	janv.	New Brunswick	Nouveau-Brunswick	Provincial Nominee Program	Candidats des provinces ou des territoires	100
2018	Q2	Apr	2018	T2	avr.	Yukon	Yukon	Skilled Worker	Travailleurs qualifiés	--
2018	Q3	Aug	2018	T3	août	Newfoundland and Labrador	Terre-Neuve-et-Labrador	Skilled Worker	Travailleurs qualifiés	10
2015	Q1	Mar	2015	T1	mars	Manitoba	Manitoba	Skilled Worker	Travailleurs qualifiés	--
2021	Q3	Jul	2021	T3	juil.	Ontario	Ontario	Canadian Experience	Catégorie de l’expérience canadienne	10300
2024	Q3	Aug	2024	T3	août	Nova Scotia	Nouvelle-Écosse	Canadian Experience	Catégorie de l’expérience canadienne	100
2025	Q1	Jan	2025	T1	janv.	New Brunswick	Nouveau-Brunswick	Canadian Experience	Catégorie de l’expérience canadienne	35
2022	Q2	Jun	2022	T2	juin	Saskatchewan	Saskatchewan	Skilled Worker	Travailleurs qualifiés	55
2025	Q4	Oct	2025	T4	oct.	New Brunswick	Nouveau-Brunswick	Provincial Nominee Program	Candidats des provinces ou des territoires	80
2020	Q2	Jun	2020	T2	juin	Nova Scotia	Nouvelle-Écosse	Skilled Worker	Travailleurs qualifiés	5
2016	Q1	Feb	2016	T1	fév.	Ontario	Ontario	Provincial Nominee Program	Candidats des provinces ou des territoires	50
2017	Q1	Mar	2017	T1	mars	Nova Scotia	Nouvelle-Écosse	Canadian Experience	Catégorie de l’expérience canadienne	15
2024	Q1	Feb	2024	T1	fév.	Alberta	Alberta	Canadian Experience	Catégorie de l’expérience canadienne	315
2019	Q4	Oct	2019	T4	oct.	New Brunswick	Nouveau-Brunswick	Canadian Experience	Catégorie de l’expérience canadienne	15
2019	Q4	Dec	2019	T4	déc.	Newfoundland and Labrador	Terre-Neuve-et-Labrador	Canadian Experience	Catégorie de l’expérience canadienne	--
2016	Q4	Nov	2016	T4	nov.	Alberta	Alberta	Skilled Trade	Métiers spécialisés	70
2023	Q2	Jun	2023	T2	juin	Manitoba	Manitoba	Provincial Nominee Program	Candidats des provinces ou des territoires	300
2018	Q3	Sep	2018	T3	sept.	British Columbia	Colombie-Britannique	Skilled Trade	Métiers spécialisés	20
2019	Q1	Feb	2019	T1	fév.	British Columbia	Colombie-Britannique	Canadian Experience	Catégorie de l’expérience canadienne	285
2016	Q3	Aug	2016	T3	août	Ontario	Ontario	Provincial Nominee Program	Candidats des provinces ou des territoires	155
2025	Q1	Jan	2025	T1	janv.	Newfoundland and Labrador	Terre-Neuve-et-Labrador	Provincial Nominee Program	Candidats des provinces ou des territoires	30
2015	Q4	Dec	2015	T4	déc.	Alberta	Alberta	Skilled Worker	Travailleurs qualifiés	125
2024	Q3	Sep	2024	T3	sept.	Nunavut	Nunavut	Skilled Worker	Travailleurs qualifiés	--
2023	Q3	Sep	2023	T3	sept.	Manitoba	Manitoba	Skilled Worker	Travailleurs qualifiés	55
2020	Q1	Mar	2020	T1	mars	Nova Scotia	Nouvelle-Écosse	Canadian Experience	Catégorie de l’expérience canadienne	20
2017	Q4	Nov	2017	T4	nov.	Manitoba	Manitoba	Skilled Worker	Travailleurs qualifiés	40
2016	Q2	Apr	2016	T2	avr.	British Columbia	Colombie-Britannique	Provincial Nominee Program	Candidats des provinces ou des territoires	270
2018	Q2	May	2018	T2	mai	British Columbia	Colombie-Britannique	Provincial Nominee Program	Candidats des provinces ou des territoires	365
2021	Q2	May	2021	T2	mai	Alberta	Alberta	Provincial Nominee Program	Candidats des provinces ou des territoires	115
2020	Q1	Jan	2020	T1	janv.	British Columbia	Colombie-Britannique	Canadian Experience	Catégorie de l’expérience canadienne	635
2026	Q1	Mar	2026	T1	mars	Alberta	Alberta	Skilled Worker	Travailleurs qualifiés	325
2018	Q3	Aug	2018	T3	août	Saskatchewan	Saskatchewan	Skilled Worker	Travailleurs qualifiés	40
2018	Q4	Oct	2018	T4	oct.	Newfoundland and Labrador	Terre-Neuve-et-Labrador	Skilled Worker	Travailleurs qualifiés	--
2021	Q2	Jun	2021	T2	juin	Yukon	Yukon	Canadian Experience	Catégorie de l’expérience canadienne	5
2024	Q2	May	2024	T2	mai	Yukon	Yukon	Skilled Worker	Travailleurs qualifiés	--
2020	Q1	Mar	2020	T1	mars	British Columbia	Colombie-Britannique	Skilled Trade	Métiers spécialisés	40
2025	Q1	Jan	2025	T1	janv.	Nova Scotia	Nouvelle-Écosse	Provincial Nominee Program	Candidats des provinces ou des territoires	150
2025	Q4	Oct	2025	T4	oct.	Ontario	Ontario	Skilled Worker	Travailleurs qualifiés	2135
2022	Q4	Nov	2022	T4	nov.	Yukon	Yukon	Provincial Nominee Program	Candidats des provinces ou des territoires	--
2026	Q2	May	2026	T2	mai	Newfoundland and Labrador	Terre-Neuve-et-Labrador	Provincial Nominee Program	Candidats des provinces ou des territoires	25
2026	Q1	Mar	2026	T1	mars	Nova Scotia	Nouvelle-Écosse	Provincial Nominee Program	Candidats des provinces ou des territoires	280
2023	Q1	Feb	2023	T1	fév.	Prince Edward Island	Île-du-Prince-Édouard	Provincial Nominee Program	Candidats des provinces ou des territoires	40
2016	Q2	May	2016	T2	mai	Newfoundland and Labrador	Terre-Neuve-et-Labrador	Skilled Worker	Travailleurs qualifiés	5
2022	Q3	Aug	2022	T3	août	British Columbia	Colombie-Britannique	Skilled Trade	Métiers spécialisés	10
2016	Q3	Aug	2016	T3	août	Alberta	Alberta	Skilled Worker	Travailleurs qualifiés	225
2025	Q2	Jun	2025	T2	juin	Saskatchewan	Saskatchewan	Canadian Experience	Catégorie de l’expérience canadienne	25
2018	Q1	Jan	2018	T1	janv.	Northwest Territories	Territoires du Nord-Ouest	Provincial Nominee Program	Candidats des provinces ou des territoires	--
2019	Q3	Aug	2019	T3	août	British Columbia	Colombie-Britannique	Provincial Nominee Program	Candidats des provinces ou des territoires	540
2022	Q3	Sep	2022	T3	sept.	Manitoba	Manitoba	Skilled Worker	Travailleurs qualifiés	75
2019	Q2	May	2019	T2	mai	Prince Edward Island	Île-du-Prince-Édouard	Skilled Worker	Travailleurs qualifiés	--
2020	Q3	Jul	2020	T3	juil.	Newfoundland and Labrador	Terre-Neuve-et-Labrador	Canadian Experience	Catégorie de l’expérience canadienne	--
2018	Q3	Sep	2018	T3	sept.	Ontario	Ontario	Canadian Experience	Catégorie de l’expérience canadienne	1085
2017	Q2	Apr	2017	T2	avr.	British Columbia	Colombie-Britannique	Provincial Nominee Program	Candidats des provinces ou des territoires	240
2018	Q1	Jan	2018	T1	janv.	Ontario	Ontario	Provincial Nominee Program	Candidats des provinces ou des territoires	625
2023	Q1	Jan	2023	T1	janv.	Nova Scotia	Nouvelle-Écosse	Provincial Nominee Program	Candidats des provinces ou des territoires	540
2017	Q2	May	2017	T2	mai	Nova Scotia	Nouvelle-Écosse	Provincial Nominee Program	Candidats des provinces ou des territoires	185
2019	Q1	Jan	2019	T1	janv.	Alberta	Alberta	Canadian Experience	Catégorie de l’expérience canadienne	130
2023	Q2	Apr	2023	T2	avr.	Saskatchewan	Saskatchewan	Canadian Experience	Catégorie de l’expérience canadienne	15
2022	Q2	Apr	2022	T2	avr.	New Brunswick	Nouveau-Brunswick	Skilled Worker	Travailleurs qualifiés	20
2023	Q3	Sep	2023	T3	sept.	Manitoba	Manitoba	Canadian Experience	Catégorie de l’expérience canadienne	10
2024	Q2	Apr	2024	T2	avr.	Manitoba	Manitoba	Canadian Experience	Catégorie de l’expérience canadienne	50
2016	Q3	Aug	2016	T3	août	Prince Edward Island	Île-du-Prince-Édouard	Provincial Nominee Program	Candidats des provinces ou des territoires	70
2018	Q3	Aug	2018	T3	août	Saskatchewan	Saskatchewan	Canadian Experience	Catégorie de l’expérience canadienne	25
2023	Q2	May	2023	T2	mai	Northwest Territories	Territoires du Nord-Ouest	Canadian Experience	Catégorie de l’expérience canadienne	--
2023	Q4	Oct	2023	T4	oct.	Newfoundland and Labrador	Terre-Neuve-et-Labrador	Skilled Worker	Travailleurs qualifiés	--
2020	Q3	Jul	2020	T3	juil.	British Columbia	Colombie-Britannique	Canadian Experience	Catégorie de l’expérience canadienne	175
2020	Q3	Aug	2020	T3	août	Ontario	Ontario	Canadian Experience	Catégorie de l’expérience canadienne	235
2021	Q4	Dec	2021	T4	déc.	Alberta	Alberta	Canadian Experience	Catégorie de l’expérience canadienne	570
2022	Q3	Sep	2022	T3	sept.	Alberta	Alberta	Provincial Nominee Program	Candidats des provinces ou des territoires	955
2019	Q3	Sep	2019	T3	sept.	New Brunswick	Nouveau-Brunswick	Provincial Nominee Program	Candidats des provinces ou des territoires	100
2018	Q3	Aug	2018	T3	août	Yukon	Yukon	Canadian Experience	Catégorie de l’expérience canadienne	--
2021	Q2	May	2021	T2	mai	Prince Edward Island	Île-du-Prince-Édouard	Provincial Nominee Program	Candidats des provinces ou des territoires	20
2019	Q4	Nov	2019	T4	nov.	Northwest Territories	Territoires du Nord-Ouest	Canadian Experience	Catégorie de l’expérience canadienne	--
2018	Q2	Apr	2018	T2	avr.	New Brunswick	Nouveau-Brunswick	Skilled Worker	Travailleurs qualifiés	15
2019	Q3	Jul	2019	T3	juil.	Newfoundland and Labrador	Terre-Neuve-et-Labrador	Skilled Trade	Métiers spécialisés	--
2023	Q4	Nov	2023	T4	nov.	Nova Scotia	Nouvelle-Écosse	Skilled Worker	Travailleurs qualifiés	25
2022	Q1	Jan	2022	T1	janv.	Ontario	Ontario	Skilled Trade	Métiers spécialisés	--
2024	Q2	Jun	2024	T2	juin	New Brunswick	Nouveau-Brunswick	Skilled Worker	Travailleurs qualifiés	225
2015	Q4	Nov	2015	T4	nov.	Ontario	Ontario	Skilled Worker	Travailleurs qualifiés	230
2022	Q1	Jan	2022	T1	janv.	British Columbia	Colombie-Britannique	Skilled Worker	Travailleurs qualifiés	180
2025	Q3	Sep	2025	T3	sept.	Alberta	Alberta	Skilled Worker	Travailleurs qualifiés	460
2025	Q3	Sep	2025	T3	sept.	Nova Scotia	Nouvelle-Écosse	Provincial Nominee Program	Candidats des provinces ou des territoires	80
2025	Q4	Dec	2025	T4	déc.	Manitoba	Manitoba	Skilled Worker	Travailleurs qualifiés	65
2023	Q2	May	2023	T2	mai	Yukon	Yukon	Provincial Nominee Program	Candidats des provinces ou des territoires	10
2017	Q2	May	2017	T2	mai	Alberta	Alberta	Skilled Trade	Métiers spécialisés	75
2024	Q1	Feb	2024	T1	fév.	Northwest Territories	Territoires du Nord-Ouest	Canadian Experience	Catégorie de l’expérience canadienne	--
2016	Q3	Aug	2016	T3	août	Ontario	Ontario	Skilled Worker	Travailleurs qualifiés	720
2017	Q1	Mar	2017	T1	mars	British Columbia	Colombie-Britannique	Provincial Nominee Program	Candidats des provinces ou des territoires	155
2018	Q4	Nov	2018	T4	nov.	Newfoundland and Labrador	Terre-Neuve-et-Labrador	Provincial Nominee Program	Candidats des provinces ou des territoires	--
2025	Q4	Oct	2025	T4	oct.	New Brunswick	Nouveau-Brunswick	Skilled Worker	Travailleurs qualifiés	185
2024	Q3	Sep	2024	T3	sept.	Saskatchewan	Saskatchewan	Provincial Nominee Program	Candidats des provinces ou des territoires	165
2020	Q2	Jun	2020	T2	juin	Nova Scotia	Nouvelle-Écosse	Provincial Nominee Program	Candidats des provinces ou des territoires	240
2017	Q1	Jan	2017	T1	janv.	Nova Scotia	Nouvelle-Écosse	Skilled Trade	Métiers spécialisés	5
2021	Q2	Jun	2021	T2	juin	British Columbia	Colombie-Britannique	Canadian Experience	Catégorie de l’expérience canadienne	3615
2015	Q2	Jun	2015	T2	juin	Alberta	Alberta	Canadian Experience	Catégorie de l’expérience canadienne	110
2025	Q2	May	2025	T2	mai	British Columbia	Colombie-Britannique	Provincial Nominee Program	Candidats des provinces ou des territoires	485
2020	Q1	Jan	2020	T1	janv.	Manitoba	Manitoba	Skilled Worker	Travailleurs qualifiés	55
2018	Q4	Dec	2018	T4	déc.	Nova Scotia	Nouvelle-Écosse	Skilled Worker	Travailleurs qualifiés	10
2025	Q4	Oct	2025	T4	oct.	Ontario	Ontario	Provincial Nominee Program	Candidats des provinces ou des territoires	890
2018	Q1	Feb	2018	T1	fév.	Ontario	Ontario	Canadian Experience	Catégorie de l’expérience canadienne	2635
2023	Q3	Jul	2023	T3	juil.	New Brunswick	Nouveau-Brunswick	Canadian Experience	Catégorie de l’expérience canadienne	25
2023	Q2	May	2023	T2	mai	Alberta	Alberta	Provincial Nominee Program	Candidats des provinces ou des territoires	660
2026	Q1	Mar	2026	T1	mars	Newfoundland and Labrador	Terre-Neuve-et-Labrador	Provincial Nominee Program	Candidats des provinces ou des territoires	45
2026	Q1	Feb	2026	T1	fév.	Ontario	Ontario	Canadian Experience	Catégorie de l’expérience canadienne	2660
2018	Q3	Aug	2018	T3	août	Alberta	Alberta	Canadian Experience	Catégorie de l’expérience canadienne	150
2023	Q3	Jul	2023	T3	juil.	New Brunswick	Nouveau-Brunswick	Provincial Nominee Program	Candidats des provinces ou des territoires	170
2019	Q1	Jan	2019	T1	janv.	British Columbia	Colombie-Britannique	Provincial Nominee Program	Candidats des provinces ou des territoires	425
2024	Q3	Jul	2024	T3	juil.	New Brunswick	Nouveau-Brunswick	Skilled Worker	Travailleurs qualifiés	250
2021	Q4	Dec	2021	T4	déc.	Nova Scotia	Nouvelle-Écosse	Skilled Worker	Travailleurs qualifiés	10
2022	Q4	Dec	2022	T4	déc.	British Columbia	Colombie-Britannique	Skilled Worker	Travailleurs qualifiés	365
2015	Q4	Nov	2015	T4	nov.	Ontario	Ontario	Skilled Trade	Métiers spécialisés	30
2018	Q4	Oct	2018	T4	oct.	Yukon	Yukon	Canadian Experience	Catégorie de l’expérience canadienne	--
2021	Q3	Jul	2021	T3	juil.	Nova Scotia	Nouvelle-Écosse	Provincial Nominee Program	Candidats des provinces ou des territoires	245
2016	Q3	Aug	2016	T3	août	Alberta	Alberta	Canadian Experience	Catégorie de l’expérience canadienne	370
2021	Q2	Apr	2021	T2	avr.	New Brunswick	Nouveau-Brunswick	Provincial Nominee Program	Candidats des provinces ou des territoires	35
2020	Q4	Dec	2020	T4	déc.	Saskatchewan	Saskatchewan	Canadian Experience	Catégorie de l’expérience canadienne	--
2024	Q4	Nov	2024	T4	nov.	Prince Edward Island	Île-du-Prince-Édouard	Skilled Worker	Travailleurs qualifiés	--
2020	Q2	Jun	2020	T2	juin	British Columbia	Colombie-Britannique	Provincial Nominee Program	Candidats des provinces ou des territoires	1270
2019	Q3	Aug	2019	T3	août	Manitoba	Manitoba	Skilled Worker	Travailleurs qualifiés	30
2020	Q1	Mar	2020	T1	mars	Saskatchewan	Saskatchewan	Skilled Worker	Travailleurs qualifiés	20
2016	Q2	Jun	2016	T2	juin	Saskatchewan	Saskatchewan	Provincial Nominee Program	Candidats des provinces ou des territoires	165
2015	Q3	Jul	2015	T3	juil.	British Columbia	Colombie-Britannique	Skilled Worker	Travailleurs qualifiés	15
2015	Q4	Dec	2015	T4	déc.	Newfoundland and Labrador	Terre-Neuve-et-Labrador	Skilled Trade	Métiers spécialisés	--
2025	Q2	Apr	2025	T2	avr.	Saskatchewan	Saskatchewan	Skilled Worker	Travailleurs qualifiés	30
2024	Q1	Mar	2024	T1	mars	New Brunswick	Nouveau-Brunswick	Canadian Experience	Catégorie de l’expérience canadienne	20
2025	Q3	Jul	2025	T3	juil.	Yukon	Yukon	Provincial Nominee Program	Candidats des provinces ou des territoires	10
2019	Q1	Feb	2019	T1	fév.	Ontario	Ontario	Canadian Experience	Catégorie de l’expérience canadienne	1245
2023	Q2	Apr	2023	T2	avr.	British Columbia	Colombie-Britannique	Skilled Trade	Métiers spécialisés	--
2020	Q3	Sep	2020	T3	sept.	Ontario	Ontario	Provincial Nominee Program	Candidats des provinces ou des territoires	175
2023	Q3	Sep	2023	T3	sept.	New Brunswick	Nouveau-Brunswick	Canadian Experience	Catégorie de l’expérience canadienne	15
2016	Q1	Mar	2016	T1	mars	British Columbia	Colombie-Britannique	Skilled Worker	Travailleurs qualifiés	205
2016	Q4	Dec	2016	T4	déc.	British Columbia	Colombie-Britannique	Canadian Experience	Catégorie de l’expérience canadienne	270
2024	Q1	Jan	2024	T1	janv.	Prince Edward Island	Île-du-Prince-Édouard	Canadian Experience	Catégorie de l’expérience canadienne	5
2020	Q2	Jun	2020	T2	juin	British Columbia	Colombie-Britannique	Skilled Trade	Métiers spécialisés	15
2020	Q2	Apr	2020	T2	avr.	Manitoba	Manitoba	Canadian Experience	Catégorie de l’expérience canadienne	15
2022	Q1	Jan	2022	T1	janv.	Prince Edward Island	Île-du-Prince-Édouard	Canadian Experience	Catégorie de l’expérience canadienne	25
2018	Q3	Aug	2018	T3	août	Manitoba	Manitoba	Canadian Experience	Catégorie de l’expérience canadienne	25
2020	Q4	Oct	2020	T4	oct.	British Columbia	Colombie-Britannique	Skilled Worker	Travailleurs qualifiés	90
2023	Q1	Jan	2023	T1	janv.	Alberta	Alberta	Skilled Trade	Métiers spécialisés	--
2024	Q4	Dec	2024	T4	déc.	Ontario	Ontario	Skilled Worker	Travailleurs qualifiés	2105
2017	Q1	Feb	2017	T1	fév.	Northwest Territories	Territoires du Nord-Ouest	Provincial Nominee Program	Candidats des provinces ou des territoires	--
2021	Q2	Jun	2021	T2	juin	Manitoba	Manitoba	Canadian Experience	Catégorie de l’expérience canadienne	135
2016	Q1	Jan	2016	T1	janv.	Prince Edward Island	Île-du-Prince-Édouard	Skilled Worker	Travailleurs qualifiés	--
2017	Q4	Dec	2017	T4	déc.	Ontario	Ontario	Skilled Worker	Travailleurs qualifiés	2230
2024	Q1	Jan	2024	T1	janv.	Manitoba	Manitoba	Canadian Experience	Catégorie de l’expérience canadienne	55
2017	Q2	Apr	2017	T2	avr.	Saskatchewan	Saskatchewan	Canadian Experience	Catégorie de l’expérience canadienne	25
2019	Q1	Mar	2019	T1	mars	New Brunswick	Nouveau-Brunswick	Canadian Experience	Catégorie de l’expérience canadienne	15
2017	Q4	Dec	2017	T4	déc.	Newfoundland and Labrador	Terre-Neuve-et-Labrador	Provincial Nominee Program	Candidats des provinces ou des territoires	5
2021	Q3	Aug	2021	T3	août	Prince Edward Island	Île-du-Prince-Édouard	Skilled Worker	Travailleurs qualifiés	--
2019	Q2	Apr	2019	T2	avr.	Northwest Territories	Territoires du Nord-Ouest	Canadian Experience	Catégorie de l’expérience canadienne	5
2024	Q1	Jan	2024	T1	janv.	Ontario	Ontario	Canadian Experience	Catégorie de l’expérience canadienne	7135
2022	Q3	Jul	2022	T3	juil.	Alberta	Alberta	Skilled Worker	Travailleurs qualifiés	515
2018	Q2	Apr	2018	T2	avr.	Ontario	Ontario	Canadian Experience	Catégorie de l’expérience canadienne	1330
2017	Q3	Aug	2017	T3	août	Ontario	Ontario	Skilled Trade	Métiers spécialisés	10
2026	Q2	Apr	2026	T2	avr.	Saskatchewan	Saskatchewan	Skilled Worker	Travailleurs qualifiés	35
2026	Q3	Jul	2026	T3	juil.	Prince Edward Island	Île-du-Prince-Édouard	Canadian Experience	Catégorie de l’expérience canadienne	5
2015	Q4	Oct	2015	T4	oct.	Saskatchewan	Saskatchewan	Skilled Worker	Travailleurs qualifiés	10
2020	Q4	Oct	2020	T4	oct.	British Columbia	Colombie-Britannique	Provincial Nominee Program	Candidats des provinces ou des territoires	355
2025	Q1	Mar	2025	T1	mars	Nova Scotia	Nouvelle-Écosse	Provincial Nominee Program	Candidats des provinces ou des territoires	105
2016	Q2	Jun	2016	T2	juin	Ontario	Ontario	Skilled Trade	Métiers spécialisés	20
2026	Q1	Mar	2026	T1	mars	Saskatchewan	Saskatchewan	Provincial Nominee Program	Candidats des provinces ou des territoires	90
2026	Q1	Mar	2026	T1	mars	Newfoundland and Labrador	Terre-Neuve-et-Labrador	Canadian Experience	Catégorie de l’expérience canadienne	10
2017	Q4	Oct	2017	T4	oct.	British Columbia	Colombie-Britannique	Canadian Experience	Catégorie de l’expérience canadienne	540
2019	Q4	Dec	2019	T4	déc.	Saskatchewan	Saskatchewan	Canadian Experience	Catégorie de l’expérience canadienne	25
2025	Q4	Dec	2025	T4	déc.	Saskatchewan	Saskatchewan	Skilled Worker	Travailleurs qualifiés	10
2021	Q3	Jul	2021	T3	juil.	Nova Scotia	Nouvelle-Écosse	Canadian Experience	Catégorie de l’expérience canadienne	180
2026	Q1	Feb	2026	T1	fév.	Saskatchewan	Saskatchewan	Canadian Experience	Catégorie de l’expérience canadienne	20
2023	Q2	May	2023	T2	mai	Prince Edward Island	Île-du-Prince-Édouard	Canadian Experience	Catégorie de l’expérience canadienne	10
2018	Q4	Nov	2018	T4	nov.	New Brunswick	Nouveau-Brunswick	Provincial Nominee Program	Candidats des provinces ou des territoires	85
2023	Q3	Aug	2023	T3	août	Manitoba	Manitoba	Provincial Nominee Program	Candidats des provinces ou des territoires	190
2019	Q3	Jul	2019	T3	juil.	Manitoba	Manitoba	Skilled Worker	Travailleurs qualifiés	65
2019	Q2	Apr	2019	T2	avr.	Prince Edward Island	Île-du-Prince-Édouard	Provincial Nominee Program	Candidats des provinces ou des territoires	35
2020	Q4	Nov	2020	T4	nov.	Saskatchewan	Saskatchewan	Canadian Experience	Catégorie de l’expérience canadienne	35
2017	Q3	Sep	2017	T3	sept.	Ontario	Ontario	Skilled Worker	Travailleurs qualifiés	1920
2026	Q2	May	2026	T2	mai	Saskatchewan	Saskatchewan	Canadian Experience	Catégorie de l’expérience canadienne	45
2018	Q2	Apr	2018	T2	avr.	Alberta	Alberta	Skilled Trade	Métiers spécialisés	20
2018	Q2	May	2018	T2	mai	British Columbia	Colombie-Britannique	Skilled Trade	Métiers spécialisés	25
2019	Q3	Jul	2019	T3	juil.	British Columbia	Colombie-Britannique	Provincial Nominee Program	Candidats des provinces ou des territoires	715
2021	Q1	Feb	2021	T1	fév.	New Brunswick	Nouveau-Brunswick	Provincial Nominee Program	Candidats des provinces ou des territoires	50
2023	Q4	Nov	2023	T4	nov.	Manitoba	Manitoba	Skilled Worker	Travailleurs qualifiés	35
2021	Q4	Nov	2021	T4	nov.	Ontario	Ontario	Skilled Worker	Travailleurs qualifiés	525
2024	Q3	Aug	2024	T3	août	Manitoba	Manitoba	Provincial Nominee Program	Candidats des provinces ou des territoires	300
2018	Q4	Nov	2018	T4	nov.	Ontario	Ontario	Provincial Nominee Program	Candidats des provinces ou des territoires	425
2018	Q1	Mar	2018	T1	mars	Nova Scotia	Nouvelle-Écosse	Canadian Experience	Catégorie de l’expérience canadienne	45
2026	Q1	Feb	2026	T1	fév.	Prince Edward Island	Île-du-Prince-Édouard	Provincial Nominee Program	Candidats des provinces ou des territoires	40
2023	Q3	Aug	2023	T3	août	Nova Scotia	Nouvelle-Écosse	Provincial Nominee Program	Candidats des provinces ou des territoires	180
2022	Q2	Jun	2022	T2	juin	Manitoba	Manitoba	Skilled Worker	Travailleurs qualifiés	100
2025	Q2	May	2025	T2	mai	Saskatchewan	Saskatchewan	Skilled Worker	Travailleurs qualifiés	30
2015	Q3	Aug	2015	T3	août	Alberta	Alberta	Skilled Worker	Travailleurs qualifiés	55
2018	Q2	Apr	2018	T2	avr.	Prince Edward Island	Île-du-Prince-Édouard	Canadian Experience	Catégorie de l’expérience canadienne	5
2016	Q4	Oct	2016	T4	oct.	Ontario	Ontario	Provincial Nominee Program	Candidats des provinces ou des territoires	205
2017	Q1	Jan	2017	T1	janv.	Prince Edward Island	Île-du-Prince-Édouard	Provincial Nominee Program	Candidats des provinces ou des territoires	60
2025	Q1	Mar	2025	T1	mars	Manitoba	Manitoba	Skilled Worker	Travailleurs qualifiés	95
2018	Q2	Jun	2018	T2	juin	British Columbia	Colombie-Britannique	Skilled Trade	Métiers spécialisés	20
2023	Q4	Dec	2023	T4	déc.	Manitoba	Manitoba	Skilled Worker	Travailleurs qualifiés	35
2018	Q4	Oct	2018	T4	oct.	British Columbia	Colombie-Britannique	Skilled Trade	Métiers spécialisés	10
2023	Q2	Jun	2023	T2	juin	Nunavut	Nunavut	Skilled Worker	Travailleurs qualifiés	--
2019	Q1	Mar	2019	T1	mars	Saskatchewan	Saskatchewan	Provincial Nominee Program	Candidats des provinces ou des territoires	130
2022	Q1	Jan	2022	T1	janv.	Ontario	Ontario	Canadian Experience	Catégorie de l’expérience canadienne	4890
2021	Q4	Nov	2021	T4	nov.	Ontario	Ontario	Skilled Trade	Métiers spécialisés	15
2020	Q1	Jan	2020	T1	janv.	New Brunswick	Nouveau-Brunswick	Skilled Worker	Travailleurs qualifiés	35
2022	Q3	Aug	2022	T3	août	New Brunswick	Nouveau-Brunswick	Canadian Experience	Catégorie de l’expérience canadienne	5
2016	Q4	Nov	2016	T4	nov.	Saskatchewan	Saskatchewan	Provincial Nominee Program	Candidats des provinces ou des territoires	150
2020	Q1	Mar	2020	T1	mars	Ontario	Ontario	Provincial Nominee Program	Candidats des provinces ou des territoires	215
2019	Q3	Sep	2019	T3	sept.	Ontario	Ontario	Skilled Trade	Métiers spécialisés	30
2020	Q1	Jan	2020	T1	janv.	Saskatchewan	Saskatchewan	Skilled Worker	Travailleurs qualifiés	20
2022	Q4	Dec	2022	T4	déc.	Newfoundland and Labrador	Terre-Neuve-et-Labrador	Skilled Worker	Travailleurs qualifiés	5
2022	Q2	Apr	2022	T2	avr.	British Columbia	Colombie-Britannique	Canadian Experience	Catégorie de l’expérience canadienne	595
2022	Q4	Oct	2022	T4	oct.	Saskatchewan	Saskatchewan	Provincial Nominee Program	Candidats des provinces ou des territoires	845
2017	Q3	Sep	2017	T3	sept.	British Columbia	Colombie-Britannique	Provincial Nominee Program	Candidats des provinces ou des territoires	395
2021	Q1	Mar	2021	T1	mars	New Brunswick	Nouveau-Brunswick	Provincial Nominee Program	Candidats des provinces ou des territoires	45
2022	Q3	Sep	2022	T3	sept.	Alberta	Alberta	Canadian Experience	Catégorie de l’expérience canadienne	70
2025	Q1	Jan	2025	T1	janv.	Alberta	Alberta	Skilled Worker	Travailleurs qualifiés	360
2021	Q1	Jan	2021	T1	janv.	Prince Edward Island	Île-du-Prince-Édouard	Skilled Worker	Travailleurs qualifiés	--
2021	Q1	Jan	2021	T1	janv.	British Columbia	Colombie-Britannique	Canadian Experience	Catégorie de l’expérience canadienne	880
2023	Q2	Jun	2023	T2	juin	British Columbia	Colombie-Britannique	Skilled Worker	Travailleurs qualifiés	425
2021	Q4	Oct	2021	T4	oct.	Manitoba	Manitoba	Canadian Experience	Catégorie de l’expérience canadienne	160
2022	Q4	Dec	2022	T4	déc.	Saskatchewan	Saskatchewan	Skilled Worker	Travailleurs qualifiés	20
2024	Q3	Jul	2024	T3	juil.	Nova Scotia	Nouvelle-Écosse	Skilled Worker	Travailleurs qualifiés	40
2025	Q4	Nov	2025	T4	nov.	British Columbia	Colombie-Britannique	Canadian Experience	Catégorie de l’expérience canadienne	70
2016	Q2	Jun	2016	T2	juin	British Columbia	Colombie-Britannique	Canadian Experience	Catégorie de l’expérience canadienne	165
2022	Q4	Nov	2022	T4	nov.	Prince Edward Island	Île-du-Prince-Édouard	Provincial Nominee Program	Candidats des provinces ou des territoires	25
2019	Q3	Sep	2019	T3	sept.	Alberta	Alberta	Provincial Nominee Program	Candidats des provinces ou des territoires	95
2021	Q3	Sep	2021	T3	sept.	Saskatchewan	Saskatchewan	Skilled Trade	Métiers spécialisés	--
2019	Q3	Aug	2019	T3	août	Saskatchewan	Saskatchewan	Skilled Worker	Travailleurs qualifiés	55
2025	Q4	Oct	2025	T4	oct.	British Columbia	Colombie-Britannique	Skilled Worker	Travailleurs qualifiés	130
2024	Q3	Jul	2024	T3	juil.	Northwest Territories	Territoires du Nord-Ouest	Provincial Nominee Program	Candidats des provinces ou des territoires	--
2017	Q1	Feb	2017	T1	fév.	British Columbia	Colombie-Britannique	Skilled Trade	Métiers spécialisés	80
2026	Q2	Jun	2026	T2	juin	Newfoundland and Labrador	Terre-Neuve-et-Labrador	Skilled Worker	Travailleurs qualifiés	5
2015	Q2	May	2015	T2	mai	British Columbia	Colombie-Britannique	Skilled Worker	Travailleurs qualifiés	5
2022	Q2	May	2022	T2	mai	Alberta	Alberta	Provincial Nominee Program	Candidats des provinces ou des territoires	605
2016	Q1	Feb	2016	T1	fév.	Prince Edward Island	Île-du-Prince-Édouard	Provincial Nominee Program	Candidats des provinces ou des territoires	10
2019	Q4	Nov	2019	T4	nov.	Northwest Territories	Territoires du Nord-Ouest	Skilled Worker	Travailleurs qualifiés	--
2016	Q4	Oct	2016	T4	oct.	Nova Scotia	Nouvelle-Écosse	Canadian Experience	Catégorie de l’expérience canadienne	5
2020	Q4	Oct	2020	T4	oct.	Nova Scotia	Nouvelle-Écosse	Canadian Experience	Catégorie de l’expérience canadienne	--
2021	Q4	Nov	2021	T4	nov.	Newfoundland and Labrador	Terre-Neuve-et-Labrador	Canadian Experience	Catégorie de l’expérience canadienne	40
2016	Q4	Nov	2016	T4	nov.	Newfoundland and Labrador	Terre-Neuve-et-Labrador	Skilled Trade	Métiers spécialisés	--
2019	Q4	Dec	2019	T4	déc.	British Columbia	Colombie-Britannique	Provincial Nominee Program	Candidats des provinces ou des territoires	220
2023	Q1	Mar	2023	T1	mars	Manitoba	Manitoba	Canadian Experience	Catégorie de l’expérience canadienne	35
2017	Q1	Jan	2017	T1	janv.	Newfoundland and Labrador	Terre-Neuve-et-Labrador	Provincial Nominee Program	Candidats des provinces ou des territoires	--
2017	Q3	Sep	2017	T3	sept.	Ontario	Ontario	Canadian Experience	Catégorie de l’expérience canadienne	1560
2023	Q3	Jul	2023	T3	juil.	Ontario	Ontario	Skilled Worker	Travailleurs qualifiés	2350
2023	Q4	Oct	2023	T4	oct.	Alberta	Alberta	Canadian Experience	Catégorie de l’expérience canadienne	165
2017	Q4	Nov	2017	T4	nov.	Saskatchewan	Saskatchewan	Canadian Experience	Catégorie de l’expérience canadienne	55
2016	Q1	Feb	2016	T1	fév.	Nova Scotia	Nouvelle-Écosse	Skilled Worker	Travailleurs qualifiés	15
2021	Q4	Dec	2021	T4	déc.	Yukon	Yukon	Provincial Nominee Program	Candidats des provinces ou des territoires	--
2023	Q4	Dec	2023	T4	déc.	Nova Scotia	Nouvelle-Écosse	Provincial Nominee Program	Candidats des provinces ou des territoires	245
2022	Q4	Oct	2022	T4	oct.	Ontario	Ontario	Canadian Experience	Catégorie de l’expérience canadienne	310
2016	Q2	Jun	2016	T2	juin	Alberta	Alberta	Skilled Trade	Métiers spécialisés	100
2023	Q3	Sep	2023	T3	sept.	Northwest Territories	Territoires du Nord-Ouest	Skilled Worker	Travailleurs qualifiés	--
2026	Q1	Feb	2026	T1	fév.	Ontario	Ontario	Skilled Worker	Travailleurs qualifiés	1080
2015	Q4	Oct	2015	T4	oct.	Nova Scotia	Nouvelle-Écosse	Canadian Experience	Catégorie de l’expérience canadienne	10
2024	Q4	Oct	2024	T4	oct.	British Columbia	Colombie-Britannique	Skilled Trade	Métiers spécialisés	15
2020	Q1	Feb	2020	T1	fév.	Ontario	Ontario	Provincial Nominee Program	Candidats des provinces ou des territoires	220
2019	Q1	Mar	2019	T1	mars	Nova Scotia	Nouvelle-Écosse	Provincial Nominee Program	Candidats des provinces ou des territoires	195
2016	Q3	Jul	2016	T3	juil.	Northwest Territories	Territoires du Nord-Ouest	Canadian Experience	Catégorie de l’expérience canadienne	--
2023	Q1	Mar	2023	T1	mars	Nova Scotia	Nouvelle-Écosse	Provincial Nominee Program	Candidats des provinces ou des territoires	320
2025	Q2	Jun	2025	T2	juin	Manitoba	Manitoba	Canadian Experience	Catégorie de l’expérience canadienne	40
2026	Q1	Feb	2026	T1	fév.	British Columbia	Colombie-Britannique	Canadian Experience	Catégorie de l’expérience canadienne	775
2023	Q2	Jun	2023	T2	juin	Nova Scotia	Nouvelle-Écosse	Canadian Experience	Catégorie de l’expérience canadienne	65
2024	Q4	Oct	2024	T4	oct.	Manitoba	Manitoba	Canadian Experience	Catégorie de l’expérience canadienne	15
2022	Q2	May	2022	T2	mai	Prince Edward Island	Île-du-Prince-Édouard	Skilled Worker	Travailleurs qualifiés	--
2017	Q3	Sep	2017	T3	sept.	Northwest Territories	Territoires du Nord-Ouest	Skilled Worker	Travailleurs qualifiés	--
2021	Q1	Mar	2021	T1	mars	Yukon	Yukon	Provincial Nominee Program	Candidats des provinces ou des territoires	--
2023	Q4	Dec	2023	T4	déc.	British Columbia	Colombie-Britannique	Provincial Nominee Program	Candidats des provinces ou des territoires	1115
2020	Q3	Sep	2020	T3	sept.	Ontario	Ontario	Canadian Experience	Catégorie de l’expérience canadienne	315
2025	Q2	May	2025	T2	mai	Northwest Territories	Territoires du Nord-Ouest	Provincial Nominee Program	Candidats des provinces ou des territoires	30
2022	Q3	Jul	2022	T3	juil.	Newfoundland and Labrador	Terre-Neuve-et-Labrador	Canadian Experience	Catégorie de l’expérience canadienne	5
2019	Q4	Dec	2019	T4	déc.	Northwest Territories	Territoires du Nord-Ouest	Skilled Worker	Travailleurs qualifiés	--
2019	Q1	Mar	2019	T1	mars	Manitoba	Manitoba	Canadian Experience	Catégorie de l’expérience canadienne	45
2016	Q4	Dec	2016	T4	déc.	Ontario	Ontario	Provincial Nominee Program	Candidats des provinces ou des territoires	115
2018	Q3	Sep	2018	T3	sept.	British Columbia	Colombie-Britannique	Canadian Experience	Catégorie de l’expérience canadienne	300
2018	Q3	Sep	2018	T3	sept.	Saskatchewan	Saskatchewan	Canadian Experience	Catégorie de l’expérience canadienne	25
2020	Q1	Mar	2020	T1	mars	Manitoba	Manitoba	Skilled Worker	Travailleurs qualifiés	55
2022	Q3	Sep	2022	T3	sept.	Yukon	Yukon	Provincial Nominee Program	Candidats des provinces ou des territoires	--
2024	Q4	Oct	2024	T4	oct.	Saskatchewan	Saskatchewan	Skilled Worker	Travailleurs qualifiés	50
2022	Q1	Feb	2022	T1	fév.	British Columbia	Colombie-Britannique	Provincial Nominee Program	Candidats des provinces ou des territoires	730
2017	Q4	Oct	2017	T4	oct.	Saskatchewan	Saskatchewan	Canadian Experience	Catégorie de l’expérience canadienne	60
2016	Q1	Jan	2016	T1	janv.	Manitoba	Manitoba	Canadian Experience	Catégorie de l’expérience canadienne	5
2017	Q4	Oct	2017	T4	oct.	Nova Scotia	Nouvelle-Écosse	Provincial Nominee Program	Candidats des provinces ou des territoires	145
2025	Q2	Jun	2025	T2	juin	Saskatchewan	Saskatchewan	Skilled Worker	Travailleurs qualifiés	15
2018	Q4	Oct	2018	T4	oct.	New Brunswick	Nouveau-Brunswick	Skilled Worker	Travailleurs qualifiés	20
2020	Q2	Jun	2020	T2	juin	New Brunswick	Nouveau-Brunswick	Skilled Worker	Travailleurs qualifiés	20
2018	Q2	May	2018	T2	mai	Prince Edward Island	Île-du-Prince-Édouard	Provincial Nominee Program	Candidats des provinces ou des territoires	20
2016	Q3	Sep	2016	T3	sept.	Newfoundland and Labrador	Terre-Neuve-et-Labrador	Canadian Experience	Catégorie de l’expérience canadienne	--
2020	Q3	Aug	2020	T3	août	Manitoba	Manitoba	Skilled Worker	Travailleurs qualifiés	25
2023	Q4	Dec	2023	T4	déc.	New Brunswick	Nouveau-Brunswick	Provincial Nominee Program	Candidats des provinces ou des territoires	225
2024	Q4	Nov	2024	T4	nov.	Newfoundland and Labrador	Terre-Neuve-et-Labrador	Canadian Experience	Catégorie de l’expérience canadienne	--
2019	Q4	Oct	2019	T4	oct.	Nova Scotia	Nouvelle-Écosse	Provincial Nominee Program	Candidats des provinces ou des territoires	225
2019	Q2	Apr	2019	T2	avr.	Alberta	Alberta	Provincial Nominee Program	Candidats des provinces ou des territoires	20
2020	Q3	Jul	2020	T3	juil.	Ontario	Ontario	Skilled Worker	Travailleurs qualifiés	1950
2022	Q1	Mar	2022	T1	mars	Alberta	Alberta	Canadian Experience	Catégorie de l’expérience canadienne	345
2018	Q1	Jan	2018	T1	janv.	Yukon	Yukon	Canadian Experience	Catégorie de l’expérience canadienne	5
2022	Q2	May	2022	T2	mai	Alberta	Alberta	Canadian Experience	Catégorie de l’expérience canadienne	125
2017	Q1	Mar	2017	T1	mars	Manitoba	Manitoba	Canadian Experience	Catégorie de l’expérience canadienne	15
2025	Q3	Sep	2025	T3	sept.	Manitoba	Manitoba	Skilled Worker	Travailleurs qualifiés	80
2021	Q4	Dec	2021	T4	déc.	Saskatchewan	Saskatchewan	Provincial Nominee Program	Candidats des provinces ou des territoires	145
2018	Q3	Aug	2018	T3	août	Prince Edward Island	Île-du-Prince-Édouard	Canadian Experience	Catégorie de l’expérience canadienne	--
2018	Q4	Oct	2018	T4	oct.	Newfoundland and Labrador	Terre-Neuve-et-Labrador	Provincial Nominee Program	Candidats des provinces ou des territoires	--
2024	Q4	Nov	2024	T4	nov.	Ontario	Ontario	Provincial Nominee Program	Candidats des provinces ou des territoires	955
2018	Q4	Dec	2018	T4	déc.	Newfoundland and Labrador	Terre-Neuve-et-Labrador	Provincial Nominee Program	Candidats des provinces ou des territoires	5
2025	Q3	Sep	2025	T3	sept.	Alberta	Alberta	Provincial Nominee Program	Candidats des provinces ou des territoires	180
2024	Q2	Jun	2024	T2	juin	Nova Scotia	Nouvelle-Écosse	Canadian Experience	Catégorie de l’expérience canadienne	50
2020	Q2	May	2020	T2	mai	British Columbia	Colombie-Britannique	Skilled Trade	Métiers spécialisés	5
2024	Q4	Nov	2024	T4	nov.	Saskatchewan	Saskatchewan	Provincial Nominee Program	Candidats des provinces ou des territoires	135
2021	Q2	Apr	2021	T2	avr.	Ontario	Ontario	Skilled Trade	Métiers spécialisés	--
2016	Q1	Mar	2016	T1	mars	Prince Edward Island	Île-du-Prince-Édouard	Provincial Nominee Program	Candidats des provinces ou des territoires	5
2022	Q2	May	2022	T2	mai	Newfoundland and Labrador	Terre-Neuve-et-Labrador	Provincial Nominee Program	Candidats des provinces ou des territoires	15
2020	Q1	Jan	2020	T1	janv.	Saskatchewan	Saskatchewan	Skilled Trade	Métiers spécialisés	--
2022	Q1	Jan	2022	T1	janv.	Manitoba	Manitoba	Provincial Nominee Program	Candidats des provinces ou des territoires	120
2021	Q2	May	2021	T2	mai	British Columbia	Colombie-Britannique	Skilled Trade	Métiers spécialisés	10
2017	Q3	Aug	2017	T3	août	British Columbia	Colombie-Britannique	Provincial Nominee Program	Candidats des provinces ou des territoires	365
2021	Q4	Oct	2021	T4	oct.	Yukon	Yukon	Canadian Experience	Catégorie de l’expérience canadienne	15
2018	Q2	May	2018	T2	mai	Saskatchewan	Saskatchewan	Provincial Nominee Program	Candidats des provinces ou des territoires	100
2016	Q2	Jun	2016	T2	juin	Nova Scotia	Nouvelle-Écosse	Skilled Worker	Travailleurs qualifiés	20
2022	Q3	Jul	2022	T3	juil.	New Brunswick	Nouveau-Brunswick	Skilled Worker	Travailleurs qualifiés	40
2026	Q3	Jul	2026	T3	juil.	New Brunswick	Nouveau-Brunswick	Provincial Nominee Program	Candidats des provinces ou des territoires	180
2017	Q4	Dec	2017	T4	déc.	Alberta	Alberta	Skilled Worker	Travailleurs qualifiés	375
2025	Q3	Aug	2025	T3	août	Alberta	Alberta	Skilled Worker	Travailleurs qualifiés	230
2016	Q1	Jan	2016	T1	janv.	Ontario	Ontario	Skilled Worker	Travailleurs qualifiés	525
2019	Q3	Aug	2019	T3	août	Alberta	Alberta	Skilled Trade	Métiers spécialisés	15
2020	Q4	Nov	2020	T4	nov.	New Brunswick	Nouveau-Brunswick	Canadian Experience	Catégorie de l’expérience canadienne	15
2018	Q3	Aug	2018	T3	août	Ontario	Ontario	Canadian Experience	Catégorie de l’expérience canadienne	1105
2017	Q1	Jan	2017	T1	janv.	Ontario	Ontario	Skilled Trade	Métiers spécialisés	75
2023	Q2	May	2023	T2	mai	Manitoba	Manitoba	Canadian Experience	Catégorie de l’expérience canadienne	25
2025	Q3	Aug	2025	T3	août	Newfoundland and Labrador	Terre-Neuve-et-Labrador	Canadian Experience	Catégorie de l’expérience canadienne	5
2021	Q4	Nov	2021	T4	nov.	Alberta	Alberta	Canadian Experience	Catégorie de l’expérience canadienne	925
2017	Q4	Nov	2017	T4	nov.	Manitoba	Manitoba	Canadian Experience	Catégorie de l’expérience canadienne	40
2017	Q2	Apr	2017	T2	avr.	New Brunswick	Nouveau-Brunswick	Canadian Experience	Catégorie de l’expérience canadienne	5
2020	Q3	Aug	2020	T3	août	Yukon	Yukon	Skilled Worker	Travailleurs qualifiés	--
2023	Q3	Sep	2023	T3	sept.	Ontario	Ontario	Canadian Experience	Catégorie de l’expérience canadienne	1595
2015	Q3	Jul	2015	T3	juil.	Ontario	Ontario	Skilled Worker	Travailleurs qualifiés	55
2017	Q2	Jun	2017	T2	juin	New Brunswick	Nouveau-Brunswick	Provincial Nominee Program	Candidats des provinces ou des territoires	185
2025	Q2	Jun	2025	T2	juin	Nova Scotia	Nouvelle-Écosse	Provincial Nominee Program	Candidats des provinces ou des territoires	160
2015	Q4	Nov	2015	T4	nov.	Ontario	Ontario	Canadian Experience	Catégorie de l’expérience canadienne	230
2016	Q3	Aug	2016	T3	août	New Brunswick	Nouveau-Brunswick	Provincial Nominee Program	Candidats des provinces ou des territoires	35
2017	Q2	Apr	2017	T2	avr.	Saskatchewan	Saskatchewan	Skilled Trade	Métiers spécialisés	10
2024	Q1	Mar	2024	T1	mars	Nova Scotia	Nouvelle-Écosse	Skilled Worker	Travailleurs qualifiés	25
2024	Q3	Jul	2024	T3	juil.	Newfoundland and Labrador	Terre-Neuve-et-Labrador	Provincial Nominee Program	Candidats des provinces ou des territoires	5
2017	Q4	Dec	2017	T4	déc.	Nova Scotia	Nouvelle-Écosse	Skilled Trade	Métiers spécialisés	--
2020	Q4	Nov	2020	T4	nov.	Alberta	Alberta	Provincial Nominee Program	Candidats des provinces ou des territoires	195
2018	Q2	Jun	2018	T2	juin	Manitoba	Manitoba	Canadian Experience	Catégorie de l’expérience canadienne	20
2017	Q2	Jun	2017	T2	juin	Nova Scotia	Nouvelle-Écosse	Canadian Experience	Catégorie de l’expérience canadienne	10
2018	Q3	Jul	2018	T3	juil.	Nova Scotia	Nouvelle-Écosse	Canadian Experience	Catégorie de l’expérience canadienne	30
2021	Q4	Dec	2021	T4	déc.	British Columbia	Colombie-Britannique	Provincial Nominee Program	Candidats des provinces ou des territoires	430
2019	Q3	Sep	2019	T3	sept.	Ontario	Ontario	Canadian Experience	Catégorie de l’expérience canadienne	2080
2025	Q3	Jul	2025	T3	juil.	New Brunswick	Nouveau-Brunswick	Canadian Experience	Catégorie de l’expérience canadienne	30
2020	Q1	Feb	2020	T1	fév.	Newfoundland and Labrador	Terre-Neuve-et-Labrador	Canadian Experience	Catégorie de l’expérience canadienne	--
2019	Q1	Mar	2019	T1	mars	Newfoundland and Labrador	Terre-Neuve-et-Labrador	Skilled Worker	Travailleurs qualifiés	5
2024	Q2	May	2024	T2	mai	Prince Edward Island	Île-du-Prince-Édouard	Canadian Experience	Catégorie de l’expérience canadienne	--
2019	Q1	Jan	2019	T1	janv.	Newfoundland and Labrador	Terre-Neuve-et-Labrador	Canadian Experience	Catégorie de l’expérience canadienne	--
2018	Q4	Oct	2018	T4	oct.	New Brunswick	Nouveau-Brunswick	Canadian Experience	Catégorie de l’expérience canadienne	25
2025	Q3	Aug	2025	T3	août	Prince Edward Island	Île-du-Prince-Édouard	Provincial Nominee Program	Candidats des provinces ou des territoires	15
2025	Q2	Apr	2025	T2	avr.	Nova Scotia	Nouvelle-Écosse	Skilled Worker	Travailleurs qualifiés	15
2016	Q4	Oct	2016	T4	oct.	Yukon	Yukon	Skilled Worker	Travailleurs qualifiés	--
2021	Q3	Aug	2021	T3	août	Ontario	Ontario	Canadian Experience	Catégorie de l’expérience canadienne	10135
2026	Q2	Jun	2026	T2	juin	Alberta	Alberta	Skilled Worker	Travailleurs qualifiés	430
2020	Q2	Apr	2020	T2	avr.	Alberta	Alberta	Provincial Nominee Program	Candidats des provinces ou des territoires	115
2019	Q2	Jun	2019	T2	juin	Saskatchewan	Saskatchewan	Skilled Worker	Travailleurs qualifiés	80
2023	Q2	Apr	2023	T2	avr.	Nunavut	Nunavut	Canadian Experience	Catégorie de l’expérience canadienne	--
2022	Q3	Aug	2022	T3	août	Nova Scotia	Nouvelle-Écosse	Canadian Experience	Catégorie de l’expérience canadienne	15
2021	Q3	Sep	2021	T3	sept.	Ontario	Ontario	Skilled Worker	Travailleurs qualifiés	540
2025	Q2	May	2025	T2	mai	Saskatchewan	Saskatchewan	Canadian Experience	Catégorie de l’expérience canadienne	35
2025	Q3	Sep	2025	T3	sept.	Saskatchewan	Saskatchewan	Canadian Experience	Catégorie de l’expérience canadienne	45
2022	Q3	Jul	2022	T3	juil.	Alberta	Alberta	Canadian Experience	Catégorie de l’expérience canadienne	90
2024	Q3	Sep	2024	T3	sept.	Manitoba	Manitoba	Canadian Experience	Catégorie de l’expérience canadienne	35
2017	Q4	Nov	2017	T4	nov.	British Columbia	Colombie-Britannique	Canadian Experience	Catégorie de l’expérience canadienne	525
2017	Q1	Mar	2017	T1	mars	British Columbia	Colombie-Britannique	Skilled Trade	Métiers spécialisés	90
2019	Q3	Aug	2019	T3	août	Saskatchewan	Saskatchewan	Skilled Trade	Métiers spécialisés	5
2021	Q4	Oct	2021	T4	oct.	Alberta	Alberta	Skilled Trade	Métiers spécialisés	--
2015	Q3	Jul	2015	T3	juil.	Manitoba	Manitoba	Canadian Experience	Catégorie de l’expérience canadienne	--
2023	Q1	Mar	2023	T1	mars	British Columbia	Colombie-Britannique	Canadian Experience	Catégorie de l’expérience canadienne	870
2025	Q4	Nov	2025	T4	nov.	Alberta	Alberta	Skilled Worker	Travailleurs qualifiés	330
2025	Q3	Sep	2025	T3	sept.	Nova Scotia	Nouvelle-Écosse	Canadian Experience	Catégorie de l’expérience canadienne	60
2017	Q2	May	2017	T2	mai	Prince Edward Island	Île-du-Prince-Édouard	Provincial Nominee Program	Candidats des provinces ou des territoires	60
2015	Q4	Nov	2015	T4	nov.	British Columbia	Colombie-Britannique	Skilled Worker	Travailleurs qualifiés	90
2020	Q3	Aug	2020	T3	août	Saskatchewan	Saskatchewan	Canadian Experience	Catégorie de l’expérience canadienne	10
2025	Q4	Dec	2025	T4	déc.	Prince Edward Island	Île-du-Prince-Édouard	Provincial Nominee Program	Candidats des provinces ou des territoires	25
2018	Q4	Nov	2018	T4	nov.	Northwest Territories	Territoires du Nord-Ouest	Provincial Nominee Program	Candidats des provinces ou des territoires	--
2023	Q4	Oct	2023	T4	oct.	Nova Scotia	Nouvelle-Écosse	Skilled Worker	Travailleurs qualifiés	25
2023	Q1	Feb	2023	T1	fév.	New Brunswick	Nouveau-Brunswick	Skilled Worker	Travailleurs qualifiés	45
2015	Q4	Oct	2015	T4	oct.	Yukon	Yukon	Canadian Experience	Catégorie de l’expérience canadienne	--
2023	Q1	Jan	2023	T1	janv.	British Columbia	Colombie-Britannique	Provincial Nominee Program	Candidats des provinces ou des territoires	1755
2026	Q2	Apr	2026	T2	avr.	Nunavut	Nunavut	Canadian Experience	Catégorie de l’expérience canadienne	10
2023	Q4	Dec	2023	T4	déc.	Northwest Territories	Territoires du Nord-Ouest	Canadian Experience	Catégorie de l’expérience canadienne	--
2018	Q2	Apr	2018	T2	avr.	Ontario	Ontario	Skilled Trade	Métiers spécialisés	20
2023	Q4	Nov	2023	T4	nov.	Newfoundland and Labrador	Terre-Neuve-et-Labrador	Provincial Nominee Program	Candidats des provinces ou des territoires	10
2016	Q3	Jul	2016	T3	juil.	Prince Edward Island	Île-du-Prince-Édouard	Provincial Nominee Program	Candidats des provinces ou des territoires	45
2022	Q4	Nov	2022	T4	nov.	New Brunswick	Nouveau-Brunswick	Skilled Worker	Travailleurs qualifiés	45
2023	Q2	Apr	2023	T2	avr.	Ontario	Ontario	Skilled Worker	Travailleurs qualifiés	2215
2026	Q1	Jan	2026	T1	janv.	Alberta	Alberta	Canadian Experience	Catégorie de l’expérience canadienne	420
2023	Q4	Oct	2023	T4	oct.	British Columbia	Colombie-Britannique	Provincial Nominee Program	Candidats des provinces ou des territoires	465
2026	Q1	Jan	2026	T1	janv.	Alberta	Alberta	Skilled Worker	Travailleurs qualifiés	280
2019	Q2	Apr	2019	T2	avr.	New Brunswick	Nouveau-Brunswick	Skilled Worker	Travailleurs qualifiés	10
2017	Q2	Apr	2017	T2	avr.	Ontario	Ontario	Provincial Nominee Program	Candidats des provinces ou des territoires	205
2019	Q4	Dec	2019	T4	déc.	Prince Edward Island	Île-du-Prince-Édouard	Provincial Nominee Program	Candidats des provinces ou des territoires	25
2022	Q1	Feb	2022	T1	fév.	Saskatchewan	Saskatchewan	Skilled Trade	Métiers spécialisés	--
2017	Q1	Jan	2017	T1	janv.	Alberta	Alberta	Skilled Trade	Métiers spécialisés	150
2020	Q2	Apr	2020	T2	avr.	British Columbia	Colombie-Britannique	Provincial Nominee Program	Candidats des provinces ou des territoires	40
2024	Q1	Jan	2024	T1	janv.	Newfoundland and Labrador	Terre-Neuve-et-Labrador	Skilled Worker	Travailleurs qualifiés	10
2020	Q2	Jun	2020	T2	juin	Yukon	Yukon	Canadian Experience	Catégorie de l’expérience canadienne	--
2016	Q1	Jan	2016	T1	janv.	Saskatchewan	Saskatchewan	Canadian Experience	Catégorie de l’expérience canadienne	5
2025	Q3	Sep	2025	T3	sept.	Nunavut	Nunavut	Skilled Worker	Travailleurs qualifiés	5
2018	Q4	Nov	2018	T4	nov.	Yukon	Yukon	Canadian Experience	Catégorie de l’expérience canadienne	--
2025	Q2	Apr	2025	T2	avr.	Northwest Territories	Territoires du Nord-Ouest	Canadian Experience	Catégorie de l’expérience canadienne	--
2026	Q2	Apr	2026	T2	avr.	Ontario	Ontario	Provincial Nominee Program	Candidats des provinces ou des territoires	355
2018	Q1	Feb	2018	T1	fév.	Manitoba	Manitoba	Canadian Experience	Catégorie de l’expérience canadienne	60
2025	Q4	Dec	2025	T4	déc.	Northwest Territories	Territoires du Nord-Ouest	Skilled Worker	Travailleurs qualifiés	--
2016	Q2	May	2016	T2	mai	Newfoundland and Labrador	Terre-Neuve-et-Labrador	Canadian Experience	Catégorie de l’expérience canadienne	--
2022	Q3	Sep	2022	T3	sept.	Prince Edward Island	Île-du-Prince-Édouard	Canadian Experience	Catégorie de l’expérience canadienne	--
2021	Q3	Sep	2021	T3	sept.	Northwest Territories	Territoires du Nord-Ouest	Provincial Nominee Program	Candidats des provinces ou des territoires	--
2023	Q3	Jul	2023	T3	juil.	British Columbia	Colombie-Britannique	Provincial Nominee Program	Candidats des provinces ou des territoires	615
2023	Q3	Jul	2023	T3	juil.	Ontario	Ontario	Canadian Experience	Catégorie de l’expérience canadienne	2785
2017	Q3	Sep	2017	T3	sept.	New Brunswick	Nouveau-Brunswick	Provincial Nominee Program	Candidats des provinces ou des territoires	145
2022	Q2	May	2022	T2	mai	Saskatchewan	Saskatchewan	Skilled Worker	Travailleurs qualifiés	50
2020	Q1	Mar	2020	T1	mars	New Brunswick	Nouveau-Brunswick	Canadian Experience	Catégorie de l’expérience canadienne	10
2017	Q1	Jan	2017	T1	janv.	Nova Scotia	Nouvelle-Écosse	Canadian Experience	Catégorie de l’expérience canadienne	10
2024	Q1	Mar	2024	T1	mars	Yukon	Yukon	Canadian Experience	Catégorie de l’expérience canadienne	--
2026	Q1	Mar	2026	T1	mars	Newfoundland and Labrador	Terre-Neuve-et-Labrador	Skilled Worker	Travailleurs qualifiés	5
2022	Q1	Feb	2022	T1	fév.	Ontario	Ontario	Skilled Worker	Travailleurs qualifiés	1000
2018	Q1	Feb	2018	T1	fév.	Newfoundland and Labrador	Terre-Neuve-et-Labrador	Provincial Nominee Program	Candidats des provinces ou des territoires	5
2026	Q3	Jul	2026	T3	juil.	Prince Edward Island	Île-du-Prince-Édouard	Skilled Worker	Travailleurs qualifiés	--
2017	Q2	Jun	2017	T2	juin	Manitoba	Manitoba	Provincial Nominee Program	Candidats des provinces ou des territoires	10
2023	Q4	Oct	2023	T4	oct.	Yukon	Yukon	Provincial Nominee Program	Candidats des provinces ou des territoires	5
2024	Q2	May	2024	T2	mai	Northwest Territories	Territoires du Nord-Ouest	Provincial Nominee Program	Candidats des provinces ou des territoires	--
2018	Q3	Sep	2018	T3	sept.	British Columbia	Colombie-Britannique	Skilled Worker	Travailleurs qualifiés	490
2021	Q3	Aug	2021	T3	août	Alberta	Alberta	Provincial Nominee Program	Candidats des provinces ou des territoires	255
2024	Q1	Jan	2024	T1	janv.	Nova Scotia	Nouvelle-Écosse	Skilled Worker	Travailleurs qualifiés	15
2019	Q4	Nov	2019	T4	nov.	Yukon	Yukon	Canadian Experience	Catégorie de l’expérience canadienne	--
2023	Q2	May	2023	T2	mai	British Columbia	Colombie-Britannique	Skilled Worker	Travailleurs qualifiés	485
2024	Q1	Jan	2024	T1	janv.	Ontario	Ontario	Skilled Worker	Travailleurs qualifiés	1690
2025	Q1	Feb	2025	T1	fév.	Newfoundland and Labrador	Terre-Neuve-et-Labrador	Canadian Experience	Catégorie de l’expérience canadienne	5
2020	Q3	Jul	2020	T3	juil.	Ontario	Ontario	Canadian Experience	Catégorie de l’expérience canadienne	610
2019	Q2	Jun	2019	T2	juin	Yukon	Yukon	Skilled Worker	Travailleurs qualifiés	--
2024	Q3	Jul	2024	T3	juil.	Alberta	Alberta	Skilled Worker	Travailleurs qualifiés	605
2017	Q1	Mar	2017	T1	mars	Manitoba	Manitoba	Skilled Worker	Travailleurs qualifiés	15
2025	Q1	Mar	2025	T1	mars	British Columbia	Colombie-Britannique	Provincial Nominee Program	Candidats des provinces ou des territoires	630
2026	Q2	Apr	2026	T2	avr.	Yukon	Yukon	Provincial Nominee Program	Candidats des provinces ou des territoires	--
2015	Q2	Jun	2015	T2	juin	Manitoba	Manitoba	Canadian Experience	Catégorie de l’expérience canadienne	--
2024	Q3	Aug	2024	T3	août	Ontario	Ontario	Canadian Experience	Catégorie de l’expérience canadienne	2400
2023	Q3	Jul	2023	T3	juil.	Nova Scotia	Nouvelle-Écosse	Provincial Nominee Program	Candidats des provinces ou des territoires	265
2021	Q3	Sep	2021	T3	sept.	Nova Scotia	Nouvelle-Écosse	Canadian Experience	Catégorie de l’expérience canadienne	235
2016	Q4	Oct	2016	T4	oct.	New Brunswick	Nouveau-Brunswick	Canadian Experience	Catégorie de l’expérience canadienne	5
2017	Q2	Jun	2017	T2	juin	Saskatchewan	Saskatchewan	Provincial Nominee Program	Candidats des provinces ou des territoires	320
2016	Q3	Aug	2016	T3	août	Saskatchewan	Saskatchewan	Provincial Nominee Program	Candidats des provinces ou des territoires	225
2024	Q3	Jul	2024	T3	juil.	Prince Edward Island	Île-du-Prince-Édouard	Provincial Nominee Program	Candidats des provinces ou des territoires	45
2020	Q4	Nov	2020	T4	nov.	Nunavut	Nunavut	Canadian Experience	Catégorie de l’expérience canadienne	--
2026	Q2	Jun	2026	T2	juin	Manitoba	Manitoba	Provincial Nominee Program	Candidats des provinces ou des territoires	295
2020	Q1	Jan	2020	T1	janv.	Nova Scotia	Nouvelle-Écosse	Provincial Nominee Program	Candidats des provinces ou des territoires	110
2017	Q1	Mar	2017	T1	mars	Saskatchewan	Saskatchewan	Provincial Nominee Program	Candidats des provinces ou des territoires	155
2023	Q3	Sep	2023	T3	sept.	British Columbia	Colombie-Britannique	Canadian Experience	Catégorie de l’expérience canadienne	265
2020	Q3	Sep	2020	T3	sept.	Northwest Territories	Territoires du Nord-Ouest	Canadian Experience	Catégorie de l’expérience canadienne	--
2019	Q1	Mar	2019	T1	mars	British Columbia	Colombie-Britannique	Provincial Nominee Program	Candidats des provinces ou des territoires	450
2015	Q2	Jun	2015	T2	juin	Saskatchewan	Saskatchewan	Canadian Experience	Catégorie de l’expérience canadienne	--
2023	Q4	Dec	2023	T4	déc.	Manitoba	Manitoba	Canadian Experience	Catégorie de l’expérience canadienne	30
2016	Q1	Mar	2016	T1	mars	British Columbia	Colombie-Britannique	Provincial Nominee Program	Candidats des provinces ou des territoires	245
2026	Q2	Jun	2026	T2	juin	Nova Scotia	Nouvelle-Écosse	Provincial Nominee Program	Candidats des provinces ou des territoires	110
2015	Q3	Jul	2015	T3	juil.	Alberta	Alberta	Canadian Experience	Catégorie de l’expérience canadienne	230
2018	Q4	Dec	2018	T4	déc.	Saskatchewan	Saskatchewan	Provincial Nominee Program	Candidats des provinces ou des territoires	80
2020	Q1	Jan	2020	T1	janv.	British Columbia	Colombie-Britannique	Provincial Nominee Program	Candidats des provinces ou des territoires	555
2024	Q4	Oct	2024	T4	oct.	British Columbia	Colombie-Britannique	Canadian Experience	Catégorie de l’expérience canadienne	415
2020	Q1	Mar	2020	T1	mars	Alberta	Alberta	Provincial Nominee Program	Candidats des provinces ou des territoires	270
2021	Q2	May	2021	T2	mai	Nova Scotia	Nouvelle-Écosse	Provincial Nominee Program	Candidats des provinces ou des territoires	80
2022	Q4	Dec	2022	T4	déc.	Prince Edward Island	Île-du-Prince-Édouard	Canadian Experience	Catégorie de l’expérience canadienne	--
2015	Q3	Sep	2015	T3	sept.	Newfoundland and Labrador	Terre-Neuve-et-Labrador	Canadian Experience	Catégorie de l’expérience canadienne	--
2020	Q4	Dec	2020	T4	déc.	Alberta	Alberta	Canadian Experience	Catégorie de l’expérience canadienne	60
2015	Q4	Nov	2015	T4	nov.	Newfoundland and Labrador	Terre-Neuve-et-Labrador	Skilled Worker	Travailleurs qualifiés	--
2021	Q1	Feb	2021	T1	fév.	Nova Scotia	Nouvelle-Écosse	Provincial Nominee Program	Candidats des provinces ou des territoires	85
2021	Q3	Jul	2021	T3	juil.	British Columbia	Colombie-Britannique	Canadian Experience	Catégorie de l’expérience canadienne	3760
2016	Q3	Aug	2016	T3	août	Manitoba	Manitoba	Provincial Nominee Program	Candidats des provinces ou des territoires	--
2018	Q2	Apr	2018	T2	avr.	Ontario	Ontario	Skilled Worker	Travailleurs qualifiés	3935
2017	Q1	Mar	2017	T1	mars	Northwest Territories	Territoires du Nord-Ouest	Skilled Worker	Travailleurs qualifiés	--
2016	Q2	May	2016	T2	mai	Alberta	Alberta	Canadian Experience	Catégorie de l’expérience canadienne	410
2020	Q4	Nov	2020	T4	nov.	Manitoba	Manitoba	Provincial Nominee Program	Candidats des provinces ou des territoires	70
2016	Q1	Jan	2016	T1	janv.	British Columbia	Colombie-Britannique	Provincial Nominee Program	Candidats des provinces ou des territoires	85
2019	Q2	Jun	2019	T2	juin	Northwest Territories	Territoires du Nord-Ouest	Provincial Nominee Program	Candidats des provinces ou des territoires	--
2022	Q2	Apr	2022	T2	avr.	British Columbia	Colombie-Britannique	Skilled Worker	Travailleurs qualifiés	465
2020	Q2	May	2020	T2	mai	Alberta	Alberta	Skilled Worker	Travailleurs qualifiés	90
2022	Q4	Dec	2022	T4	déc.	New Brunswick	Nouveau-Brunswick	Provincial Nominee Program	Candidats des provinces ou des territoires	195
2025	Q2	Apr	2025	T2	avr.	Northwest Territories	Territoires du Nord-Ouest	Skilled Worker	Travailleurs qualifiés	--
2020	Q3	Sep	2020	T3	sept.	Ontario	Ontario	Skilled Worker	Travailleurs qualifiés	920
2021	Q4	Nov	2021	T4	nov.	British Columbia	Colombie-Britannique	Canadian Experience	Catégorie de l’expérience canadienne	3110
2019	Q1	Jan	2019	T1	janv.	British Columbia	Colombie-Britannique	Canadian Experience	Catégorie de l’expérience canadienne	340
2021	Q3	Aug	2021	T3	août	Alberta	Alberta	Skilled Trade	Métiers spécialisés	--
2021	Q3	Aug	2021	T3	août	British Columbia	Colombie-Britannique	Canadian Experience	Catégorie de l’expérience canadienne	4130
2019	Q2	Jun	2019	T2	juin	Ontario	Ontario	Provincial Nominee Program	Candidats des provinces ou des territoires	870
2016	Q4	Dec	2016	T4	déc.	British Columbia	Colombie-Britannique	Skilled Worker	Travailleurs qualifiés	215
2019	Q1	Feb	2019	T1	fév.	Nova Scotia	Nouvelle-Écosse	Provincial Nominee Program	Candidats des provinces ou des territoires	135
2026	Q1	Jan	2026	T1	janv.	New Brunswick	Nouveau-Brunswick	Skilled Worker	Travailleurs qualifiés	110
2019	Q3	Jul	2019	T3	juil.	Newfoundland and Labrador	Terre-Neuve-et-Labrador	Skilled Worker	Travailleurs qualifiés	10
2021	Q4	Dec	2021	T4	déc.	Manitoba	Manitoba	Canadian Experience	Catégorie de l’expérience canadienne	120
2026	Q3	Jul	2026	T3	juil.	Newfoundland and Labrador	Terre-Neuve-et-Labrador	Skilled Worker	Travailleurs qualifiés	5
2017	Q2	Jun	2017	T2	juin	Alberta	Alberta	Skilled Trade	Métiers spécialisés	45
2024	Q4	Nov	2024	T4	nov.	Yukon	Yukon	Skilled Worker	Travailleurs qualifiés	--
2025	Q2	May	2025	T2	mai	Nova Scotia	Nouvelle-Écosse	Canadian Experience	Catégorie de l’expérience canadienne	70
2023	Q3	Jul	2023	T3	juil.	Northwest Territories	Territoires du Nord-Ouest	Skilled Worker	Travailleurs qualifiés	--
2025	Q4	Dec	2025	T4	déc.	Newfoundland and Labrador	Terre-Neuve-et-Labrador	Skilled Worker	Travailleurs qualifiés	--
2023	Q1	Feb	2023	T1	fév.	Alberta	Alberta	Provincial Nominee Program	Candidats des provinces ou des territoires	820
2025	Q3	Sep	2025	T3	sept.	Northwest Territories	Territoires du Nord-Ouest	Canadian Experience	Catégorie de l’expérience canadienne	--
2021	Q1	Mar	2021	T1	mars	Saskatchewan	Saskatchewan	Skilled Worker	Travailleurs qualifiés	5
2025	Q4	Nov	2025	T4	nov.	Ontario	Ontario	Canadian Experience	Catégorie de l’expérience canadienne	215
2021	Q3	Aug	2021	T3	août	Nova Scotia	Nouvelle-Écosse	Canadian Experience	Catégorie de l’expérience canadienne	265
2022	Q4	Dec	2022	T4	déc.	Alberta	Alberta	Skilled Worker	Travailleurs qualifiés	195
2025	Q2	Apr	2025	T2	avr.	British Columbia	Colombie-Britannique	Provincial Nominee Program	Candidats des provinces ou des territoires	410
2026	Q1	Mar	2026	T1	mars	Yukon	Yukon	Provincial Nominee Program	Candidats des provinces ou des territoires	--
2023	Q3	Aug	2023	T3	août	Manitoba	Manitoba	Canadian Experience	Catégorie de l’expérience canadienne	25
2025	Q2	Apr	2025	T2	avr.	Nunavut	Nunavut	Skilled Worker	Travailleurs qualifiés	--
2021	Q2	Jun	2021	T2	juin	Northwest Territories	Territoires du Nord-Ouest	Provincial Nominee Program	Candidats des provinces ou des territoires	--
2024	Q3	Sep	2024	T3	sept.	Yukon	Yukon	Skilled Worker	Travailleurs qualifiés	--
2021	Q4	Dec	2021	T4	déc.	Ontario	Ontario	Skilled Worker	Travailleurs qualifiés	675
2023	Q1	Mar	2023	T1	mars	Alberta	Alberta	Provincial Nominee Program	Candidats des provinces ou des territoires	660
2023	Q4	Dec	2023	T4	déc.	Nunavut	Nunavut	Skilled Worker	Travailleurs qualifiés	--
2023	Q4	Oct	2023	T4	oct.	Alberta	Alberta	Skilled Worker	Travailleurs qualifiés	380
2020	Q2	Jun	2020	T2	juin	Ontario	Ontario	Provincial Nominee Program	Candidats des provinces ou des territoires	445
2020	Q1	Jan	2020	T1	janv.	British Columbia	Colombie-Britannique	Skilled Trade	Métiers spécialisés	135
2017	Q2	Jun	2017	T2	juin	British Columbia	Colombie-Britannique	Skilled Trade	Métiers spécialisés	75
2019	Q3	Sep	2019	T3	sept.	Saskatchewan	Saskatchewan	Skilled Trade	Métiers spécialisés	--
2022	Q1	Mar	2022	T1	mars	Ontario	Ontario	Skilled Worker	Travailleurs qualifiés	1525
2019	Q1	Jan	2019	T1	janv.	British Columbia	Colombie-Britannique	Skilled Worker	Travailleurs qualifiés	325
2025	Q4	Dec	2025	T4	déc.	Nova Scotia	Nouvelle-Écosse	Provincial Nominee Program	Candidats des provinces ou des territoires	50
2025	Q4	Nov	2025	T4	nov.	Ontario	Ontario	Skilled Worker	Travailleurs qualifiés	1615
2017	Q4	Dec	2017	T4	déc.	Ontario	Ontario	Canadian Experience	Catégorie de l’expérience canadienne	2605
2017	Q1	Feb	2017	T1	fév.	Alberta	Alberta	Canadian Experience	Catégorie de l’expérience canadienne	805
2017	Q4	Oct	2017	T4	oct.	Ontario	Ontario	Skilled Worker	Travailleurs qualifiés	2655
2016	Q1	Jan	2016	T1	janv.	Nova Scotia	Nouvelle-Écosse	Skilled Trade	Métiers spécialisés	--
2023	Q1	Feb	2023	T1	fév.	Ontario	Ontario	Canadian Experience	Catégorie de l’expérience canadienne	2445
2020	Q2	Apr	2020	T2	avr.	Ontario	Ontario	Skilled Worker	Travailleurs qualifiés	360
2017	Q4	Nov	2017	T4	nov.	Nova Scotia	Nouvelle-Écosse	Provincial Nominee Program	Candidats des provinces ou des territoires	110
2020	Q2	Jun	2020	T2	juin	New Brunswick	Nouveau-Brunswick	Canadian Experience	Catégorie de l’expérience canadienne	40
2021	Q3	Sep	2021	T3	sept.	Prince Edward Island	Île-du-Prince-Édouard	Canadian Experience	Catégorie de l’expérience canadienne	60
2022	Q1	Mar	2022	T1	mars	New Brunswick	Nouveau-Brunswick	Canadian Experience	Catégorie de l’expérience canadienne	45
2018	Q1	Jan	2018	T1	janv.	Saskatchewan	Saskatchewan	Skilled Trade	Métiers spécialisés	--
2022	Q4	Dec	2022	T4	déc.	Northwest Territories	Territoires du Nord-Ouest	Provincial Nominee Program	Candidats des provinces ou des territoires	--
2026	Q2	Apr	2026	T2	avr.	Saskatchewan	Saskatchewan	Canadian Experience	Catégorie de l’expérience canadienne	20
2018	Q4	Dec	2018	T4	déc.	Manitoba	Manitoba	Provincial Nominee Program	Candidats des provinces ou des territoires	20
2016	Q1	Jan	2016	T1	janv.	Yukon	Yukon	Skilled Worker	Travailleurs qualifiés	--
2016	Q4	Oct	2016	T4	oct.	New Brunswick	Nouveau-Brunswick	Skilled Worker	Travailleurs qualifiés	--
2019	Q3	Aug	2019	T3	août	Northwest Territories	Territoires du Nord-Ouest	Canadian Experience	Catégorie de l’expérience canadienne	--
2026	Q1	Mar	2026	T1	mars	Nunavut	Nunavut	Canadian Experience	Catégorie de l’expérience canadienne	--
2016	Q4	Oct	2016	T4	oct.	Northwest Territories	Territoires du Nord-Ouest	Skilled Worker	Travailleurs qualifiés	--
2023	Q2	Apr	2023	T2	avr.	Northwest Territories	Territoires du Nord-Ouest	Provincial Nominee Program	Candidats des provinces ou des territoires	--
2024	Q2	Jun	2024	T2	juin	Newfoundland and Labrador	Terre-Neuve-et-Labrador	Skilled Worker	Travailleurs qualifiés	5
2022	Q3	Jul	2022	T3	juil.	Ontario	Ontario	Skilled Worker	Travailleurs qualifiés	3705
2023	Q2	Apr	2023	T2	avr.	New Brunswick	Nouveau-Brunswick	Canadian Experience	Catégorie de l’expérience canadienne	5
2017	Q4	Nov	2017	T4	nov.	Saskatchewan	Saskatchewan	Skilled Worker	Travailleurs qualifiés	40
2022	Q3	Aug	2022	T3	août	New Brunswick	Nouveau-Brunswick	Skilled Worker	Travailleurs qualifiés	15
2025	Q1	Feb	2025	T1	fév.	Manitoba	Manitoba	Provincial Nominee Program	Candidats des provinces ou des territoires	300
2018	Q1	Mar	2018	T1	mars	Saskatchewan	Saskatchewan	Provincial Nominee Program	Candidats des provinces ou des territoires	165
2015	Q4	Dec	2015	T4	déc.	Saskatchewan	Saskatchewan	Canadian Experience	Catégorie de l’expérience canadienne	10
2026	Q2	Apr	2026	T2	avr.	Yukon	Yukon	Canadian Experience	Catégorie de l’expérience canadienne	10
2018	Q3	Sep	2018	T3	sept.	Saskatchewan	Saskatchewan	Skilled Worker	Travailleurs qualifiés	55
2023	Q3	Jul	2023	T3	juil.	Alberta	Alberta	Skilled Trade	Métiers spécialisés	--
2021	Q3	Sep	2021	T3	sept.	British Columbia	Colombie-Britannique	Canadian Experience	Catégorie de l’expérience canadienne	3025
2016	Q4	Oct	2016	T4	oct.	British Columbia	Colombie-Britannique	Skilled Worker	Travailleurs qualifiés	205
2025	Q2	Apr	2025	T2	avr.	Prince Edward Island	Île-du-Prince-Édouard	Canadian Experience	Catégorie de l’expérience canadienne	--
2021	Q2	Jun	2021	T2	juin	Saskatchewan	Saskatchewan	Provincial Nominee Program	Candidats des provinces ou des territoires	85
2024	Q4	Oct	2024	T4	oct.	Nova Scotia	Nouvelle-Écosse	Canadian Experience	Catégorie de l’expérience canadienne	65
2021	Q3	Jul	2021	T3	juil.	Newfoundland and Labrador	Terre-Neuve-et-Labrador	Canadian Experience	Catégorie de l’expérience canadienne	30
2025	Q1	Feb	2025	T1	fév.	Prince Edward Island	Île-du-Prince-Édouard	Provincial Nominee Program	Candidats des provinces ou des territoires	20
2025	Q4	Dec	2025	T4	déc.	Alberta	Alberta	Provincial Nominee Program	Candidats des provinces ou des territoires	240
2025	Q3	Aug	2025	T3	août	New Brunswick	Nouveau-Brunswick	Skilled Worker	Travailleurs qualifiés	75
2024	Q3	Jul	2024	T3	juil.	Ontario	Ontario	Skilled Worker	Travailleurs qualifiés	3485
2022	Q4	Nov	2022	T4	nov.	British Columbia	Colombie-Britannique	Skilled Trade	Métiers spécialisés	--
2025	Q4	Dec	2025	T4	déc.	Ontario	Ontario	Skilled Worker	Travailleurs qualifiés	1450
2020	Q1	Jan	2020	T1	janv.	New Brunswick	Nouveau-Brunswick	Canadian Experience	Catégorie de l’expérience canadienne	15
2025	Q2	Jun	2025	T2	juin	Northwest Territories	Territoires du Nord-Ouest	Skilled Worker	Travailleurs qualifiés	--
2023	Q4	Dec	2023	T4	déc.	Prince Edward Island	Île-du-Prince-Édouard	Canadian Experience	Catégorie de l’expérience canadienne	10
2020	Q3	Sep	2020	T3	sept.	Manitoba	Manitoba	Canadian Experience	Catégorie de l’expérience canadienne	5
2019	Q4	Dec	2019	T4	déc.	Nova Scotia	Nouvelle-Écosse	Canadian Experience	Catégorie de l’expérience canadienne	25
2017	Q3	Jul	2017	T3	juil.	British Columbia	Colombie-Britannique	Skilled Trade	Métiers spécialisés	35
2017	Q2	Apr	2017	T2	avr.	Manitoba	Manitoba	Provincial Nominee Program	Candidats des provinces ou des territoires	10
2018	Q3	Aug	2018	T3	août	British Columbia	Colombie-Britannique	Provincial Nominee Program	Candidats des provinces ou des territoires	275
2025	Q4	Oct	2025	T4	oct.	Nova Scotia	Nouvelle-Écosse	Skilled Worker	Travailleurs qualifiés	25
2018	Q1	Mar	2018	T1	mars	Prince Edward Island	Île-du-Prince-Édouard	Provincial Nominee Program	Candidats des provinces ou des territoires	85
2018	Q4	Dec	2018	T4	déc.	Ontario	Ontario	Skilled Worker	Travailleurs qualifiés	1775
2015	Q3	Jul	2015	T3	juil.	Nova Scotia	Nouvelle-Écosse	Canadian Experience	Catégorie de l’expérience canadienne	--
2022	Q4	Nov	2022	T4	nov.	Alberta	Alberta	Canadian Experience	Catégorie de l’expérience canadienne	15
2021	Q2	Jun	2021	T2	juin	Nova Scotia	Nouvelle-Écosse	Provincial Nominee Program	Candidats des provinces ou des territoires	50
2024	Q1	Jan	2024	T1	janv.	Yukon	Yukon	Canadian Experience	Catégorie de l’expérience canadienne	--
2023	Q4	Oct	2023	T4	oct.	Newfoundland and Labrador	Terre-Neuve-et-Labrador	Canadian Experience	Catégorie de l’expérience canadienne	15
2016	Q2	Apr	2016	T2	avr.	Manitoba	Manitoba	Canadian Experience	Catégorie de l’expérience canadienne	--
2019	Q3	Sep	2019	T3	sept.	Ontario	Ontario	Skilled Worker	Travailleurs qualifiés	4890
2022	Q2	Jun	2022	T2	juin	Nova Scotia	Nouvelle-Écosse	Skilled Trade	Métiers spécialisés	--
2024	Q2	Apr	2024	T2	avr.	Yukon	Yukon	Provincial Nominee Program	Candidats des provinces ou des territoires	5
2026	Q2	May	2026	T2	mai	New Brunswick	Nouveau-Brunswick	Canadian Experience	Catégorie de l’expérience canadienne	45
2016	Q3	Sep	2016	T3	sept.	Ontario	Ontario	Provincial Nominee Program	Candidats des provinces ou des territoires	135
2025	Q3	Sep	2025	T3	sept.	British Columbia	Colombie-Britannique	Skilled Trade	Métiers spécialisés	5
2024	Q4	Dec	2024	T4	déc.	British Columbia	Colombie-Britannique	Skilled Worker	Travailleurs qualifiés	220
2022	Q2	Jun	2022	T2	juin	Manitoba	Manitoba	Canadian Experience	Catégorie de l’expérience canadienne	10
2015	Q3	Aug	2015	T3	août	Alberta	Alberta	Skilled Trade	Métiers spécialisés	85
2017	Q2	Jun	2017	T2	juin	Nova Scotia	Nouvelle-Écosse	Skilled Worker	Travailleurs qualifiés	--
2022	Q1	Mar	2022	T1	mars	Alberta	Alberta	Skilled Worker	Travailleurs qualifiés	250
2020	Q1	Feb	2020	T1	fév.	New Brunswick	Nouveau-Brunswick	Canadian Experience	Catégorie de l’expérience canadienne	10
2021	Q2	Apr	2021	T2	avr.	Prince Edward Island	Île-du-Prince-Édouard	Canadian Experience	Catégorie de l’expérience canadienne	10
2015	Q4	Dec	2015	T4	déc.	British Columbia	Colombie-Britannique	Skilled Trade	Métiers spécialisés	25
2018	Q2	Jun	2018	T2	juin	Newfoundland and Labrador	Terre-Neuve-et-Labrador	Provincial Nominee Program	Candidats des provinces ou des territoires	--
2026	Q1	Mar	2026	T1	mars	British Columbia	Colombie-Britannique	Provincial Nominee Program	Candidats des provinces ou des territoires	250
2024	Q2	Apr	2024	T2	avr.	Prince Edward Island	Île-du-Prince-Édouard	Canadian Experience	Catégorie de l’expérience canadienne	10
2021	Q2	May	2021	T2	mai	Nunavut	Nunavut	Canadian Experience	Catégorie de l’expérience canadienne	--
2016	Q1	Feb	2016	T1	fév.	Alberta	Alberta	Skilled Worker	Travailleurs qualifiés	265
2020	Q3	Aug	2020	T3	août	Newfoundland and Labrador	Terre-Neuve-et-Labrador	Skilled Worker	Travailleurs qualifiés	--
2016	Q4	Dec	2016	T4	déc.	New Brunswick	Nouveau-Brunswick	Skilled Worker	Travailleurs qualifiés	10
2025	Q3	Jul	2025	T3	juil.	New Brunswick	Nouveau-Brunswick	Skilled Worker	Travailleurs qualifiés	145
2022	Q2	Jun	2022	T2	juin	Newfoundland and Labrador	Terre-Neuve-et-Labrador	Provincial Nominee Program	Candidats des provinces ou des territoires	15
2022	Q4	Dec	2022	T4	déc.	Nova Scotia	Nouvelle-Écosse	Skilled Worker	Travailleurs qualifiés	20
2020	Q1	Jan	2020	T1	janv.	Saskatchewan	Saskatchewan	Canadian Experience	Catégorie de l’expérience canadienne	30
2024	Q2	May	2024	T2	mai	Ontario	Ontario	Canadian Experience	Catégorie de l’expérience canadienne	3080
2019	Q2	May	2019	T2	mai	Prince Edward Island	Île-du-Prince-Édouard	Canadian Experience	Catégorie de l’expérience canadienne	--
2022	Q1	Jan	2022	T1	janv.	Alberta	Alberta	Provincial Nominee Program	Candidats des provinces ou des territoires	230
2019	Q3	Jul	2019	T3	juil.	Nova Scotia	Nouvelle-Écosse	Skilled Worker	Travailleurs qualifiés	50
2024	Q3	Aug	2024	T3	août	Saskatchewan	Saskatchewan	Canadian Experience	Catégorie de l’expérience canadienne	20
2017	Q4	Oct	2017	T4	oct.	New Brunswick	Nouveau-Brunswick	Skilled Trade	Métiers spécialisés	--
2017	Q2	May	2017	T2	mai	Manitoba	Manitoba	Canadian Experience	Catégorie de l’expérience canadienne	10
2024	Q2	Jun	2024	T2	juin	Ontario	Ontario	Skilled Worker	Travailleurs qualifiés	3160
2023	Q3	Aug	2023	T3	août	Manitoba	Manitoba	Skilled Worker	Travailleurs qualifiés	25
2024	Q2	Jun	2024	T2	juin	Alberta	Alberta	Provincial Nominee Program	Candidats des provinces ou des territoires	770
2020	Q4	Nov	2020	T4	nov.	British Columbia	Colombie-Britannique	Canadian Experience	Catégorie de l’expérience canadienne	870
2025	Q3	Aug	2025	T3	août	Nova Scotia	Nouvelle-Écosse	Skilled Worker	Travailleurs qualifiés	10
2025	Q4	Oct	2025	T4	oct.	Manitoba	Manitoba	Provincial Nominee Program	Candidats des provinces ou des territoires	190
2022	Q2	May	2022	T2	mai	Saskatchewan	Saskatchewan	Canadian Experience	Catégorie de l’expérience canadienne	15
2023	Q4	Nov	2023	T4	nov.	Nova Scotia	Nouvelle-Écosse	Canadian Experience	Catégorie de l’expérience canadienne	30
2023	Q2	Jun	2023	T2	juin	British Columbia	Colombie-Britannique	Skilled Trade	Métiers spécialisés	--
2019	Q4	Dec	2019	T4	déc.	Manitoba	Manitoba	Skilled Worker	Travailleurs qualifiés	45
2018	Q1	Feb	2018	T1	fév.	New Brunswick	Nouveau-Brunswick	Canadian Experience	Catégorie de l’expérience canadienne	25
2023	Q2	May	2023	T2	mai	Northwest Territories	Territoires du Nord-Ouest	Provincial Nominee Program	Candidats des provinces ou des territoires	--
2022	Q2	Jun	2022	T2	juin	Saskatchewan	Saskatchewan	Provincial Nominee Program	Candidats des provinces ou des territoires	725
2017	Q3	Aug	2017	T3	août	Alberta	Alberta	Skilled Worker	Travailleurs qualifiés	105
2018	Q2	Jun	2018	T2	juin	New Brunswick	Nouveau-Brunswick	Canadian Experience	Catégorie de l’expérience canadienne	5
2019	Q3	Jul	2019	T3	juil.	Ontario	Ontario	Skilled Trade	Métiers spécialisés	20
2020	Q3	Aug	2020	T3	août	Ontario	Ontario	Skilled Trade	Métiers spécialisés	10
2019	Q2	Apr	2019	T2	avr.	Saskatchewan	Saskatchewan	Canadian Experience	Catégorie de l’expérience canadienne	45
2021	Q3	Sep	2021	T3	sept.	Alberta	Alberta	Provincial Nominee Program	Candidats des provinces ou des territoires	275
2023	Q2	Apr	2023	T2	avr.	New Brunswick	Nouveau-Brunswick	Skilled Worker	Travailleurs qualifiés	15
2016	Q3	Sep	2016	T3	sept.	Manitoba	Manitoba	Skilled Worker	Travailleurs qualifiés	10
2022	Q2	Apr	2022	T2	avr.	Nova Scotia	Nouvelle-Écosse	Skilled Worker	Travailleurs qualifiés	20
2026	Q2	Apr	2026	T2	avr.	New Brunswick	Nouveau-Brunswick	Canadian Experience	Catégorie de l’expérience canadienne	20
2024	Q2	Apr	2024	T2	avr.	Ontario	Ontario	Provincial Nominee Program	Candidats des provinces ou des territoires	1630
2025	Q2	Jun	2025	T2	juin	Ontario	Ontario	Skilled Trade	Métiers spécialisés	--
2017	Q2	Jun	2017	T2	juin	Alberta	Alberta	Canadian Experience	Catégorie de l’expérience canadienne	430
2020	Q4	Oct	2020	T4	oct.	Newfoundland and Labrador	Terre-Neuve-et-Labrador	Skilled Worker	Travailleurs qualifiés	5
2019	Q1	Jan	2019	T1	janv.	British Columbia	Colombie-Britannique	Skilled Trade	Métiers spécialisés	5
2025	Q3	Aug	2025	T3	août	Nunavut	Nunavut	Canadian Experience	Catégorie de l’expérience canadienne	--
2016	Q1	Feb	2016	T1	fév.	Saskatchewan	Saskatchewan	Provincial Nominee Program	Candidats des provinces ou des territoires	--
2019	Q2	May	2019	T2	mai	New Brunswick	Nouveau-Brunswick	Skilled Worker	Travailleurs qualifiés	15
2019	Q3	Aug	2019	T3	août	Ontario	Ontario	Provincial Nominee Program	Candidats des provinces ou des territoires	630
2016	Q1	Feb	2016	T1	fév.	Alberta	Alberta	Canadian Experience	Catégorie de l’expérience canadienne	515
2015	Q3	Aug	2015	T3	août	Manitoba	Manitoba	Skilled Worker	Travailleurs qualifiés	--
2023	Q1	Mar	2023	T1	mars	Saskatchewan	Saskatchewan	Provincial Nominee Program	Candidats des provinces ou des territoires	560
2019	Q2	Jun	2019	T2	juin	British Columbia	Colombie-Britannique	Canadian Experience	Catégorie de l’expérience canadienne	540
2024	Q1	Feb	2024	T1	fév.	British Columbia	Colombie-Britannique	Skilled Worker	Travailleurs qualifiés	360
2018	Q4	Dec	2018	T4	déc.	Prince Edward Island	Île-du-Prince-Édouard	Provincial Nominee Program	Candidats des provinces ou des territoires	20
2023	Q1	Jan	2023	T1	janv.	Yukon	Yukon	Provincial Nominee Program	Candidats des provinces ou des territoires	10
2018	Q1	Feb	2018	T1	fév.	Alberta	Alberta	Skilled Trade	Métiers spécialisés	40
2020	Q3	Jul	2020	T3	juil.	Nova Scotia	Nouvelle-Écosse	Provincial Nominee Program	Candidats des provinces ou des territoires	90
2024	Q4	Dec	2024	T4	déc.	Yukon	Yukon	Canadian Experience	Catégorie de l’expérience canadienne	10
2020	Q4	Oct	2020	T4	oct.	Saskatchewan	Saskatchewan	Canadian Experience	Catégorie de l’expérience canadienne	20
2025	Q3	Aug	2025	T3	août	Ontario	Ontario	Provincial Nominee Program	Candidats des provinces ou des territoires	910
2025	Q4	Dec	2025	T4	déc.	British Columbia	Colombie-Britannique	Provincial Nominee Program	Candidats des provinces ou des territoires	440
2017	Q1	Jan	2017	T1	janv.	Nova Scotia	Nouvelle-Écosse	Skilled Worker	Travailleurs qualifiés	15
2022	Q2	Jun	2022	T2	juin	Alberta	Alberta	Provincial Nominee Program	Candidats des provinces ou des territoires	585
2020	Q2	Jun	2020	T2	juin	New Brunswick	Nouveau-Brunswick	Provincial Nominee Program	Candidats des provinces ou des territoires	75
2018	Q1	Feb	2018	T1	fév.	Saskatchewan	Saskatchewan	Skilled Trade	Métiers spécialisés	5
2018	Q2	Jun	2018	T2	juin	Prince Edward Island	Île-du-Prince-Édouard	Skilled Worker	Travailleurs qualifiés	--
2016	Q2	Apr	2016	T2	avr.	Saskatchewan	Saskatchewan	Canadian Experience	Catégorie de l’expérience canadienne	15
2024	Q1	Feb	2024	T1	fév.	Saskatchewan	Saskatchewan	Skilled Worker	Travailleurs qualifiés	25
2026	Q3	Jul	2026	T3	juil.	Northwest Territories	Territoires du Nord-Ouest	Skilled Worker	Travailleurs qualifiés	--
2018	Q1	Feb	2018	T1	fév.	Yukon	Yukon	Canadian Experience	Catégorie de l’expérience canadienne	--
2016	Q3	Jul	2016	T3	juil.	Saskatchewan	Saskatchewan	Skilled Trade	Métiers spécialisés	--
2023	Q4	Dec	2023	T4	déc.	Prince Edward Island	Île-du-Prince-Édouard	Provincial Nominee Program	Candidats des provinces ou des territoires	70
2023	Q4	Oct	2023	T4	oct.	Ontario	Ontario	Skilled Worker	Travailleurs qualifiés	2415
2019	Q4	Dec	2019	T4	déc.	British Columbia	Colombie-Britannique	Skilled Worker	Travailleurs qualifiés	585
2016	Q4	Dec	2016	T4	déc.	Newfoundland and Labrador	Terre-Neuve-et-Labrador	Canadian Experience	Catégorie de l’expérience canadienne	--
2018	Q4	Dec	2018	T4	déc.	British Columbia	Colombie-Britannique	Canadian Experience	Catégorie de l’expérience canadienne	400
2017	Q3	Sep	2017	T3	sept.	Saskatchewan	Saskatchewan	Skilled Worker	Travailleurs qualifiés	40
2022	Q2	Apr	2022	T2	avr.	New Brunswick	Nouveau-Brunswick	Canadian Experience	Catégorie de l’expérience canadienne	30
2020	Q4	Dec	2020	T4	déc.	Alberta	Alberta	Skilled Worker	Travailleurs qualifiés	90
2022	Q2	May	2022	T2	mai	Northwest Territories	Territoires du Nord-Ouest	Provincial Nominee Program	Candidats des provinces ou des territoires	5
2021	Q4	Oct	2021	T4	oct.	Ontario	Ontario	Provincial Nominee Program	Candidats des provinces ou des territoires	255
2026	Q2	May	2026	T2	mai	Alberta	Alberta	Provincial Nominee Program	Candidats des provinces ou des territoires	195
2025	Q2	May	2025	T2	mai	Ontario	Ontario	Canadian Experience	Catégorie de l’expérience canadienne	4180
2019	Q1	Mar	2019	T1	mars	Prince Edward Island	Île-du-Prince-Édouard	Canadian Experience	Catégorie de l’expérience canadienne	10
2024	Q2	Apr	2024	T2	avr.	New Brunswick	Nouveau-Brunswick	Skilled Worker	Travailleurs qualifiés	150
2016	Q3	Sep	2016	T3	sept.	Prince Edward Island	Île-du-Prince-Édouard	Skilled Trade	Métiers spécialisés	--
2025	Q1	Mar	2025	T1	mars	Nova Scotia	Nouvelle-Écosse	Skilled Worker	Travailleurs qualifiés	25
2016	Q3	Sep	2016	T3	sept.	Manitoba	Manitoba	Skilled Trade	Métiers spécialisés	--
2020	Q4	Nov	2020	T4	nov.	Manitoba	Manitoba	Skilled Worker	Travailleurs qualifiés	5
2026	Q2	Jun	2026	T2	juin	New Brunswick	Nouveau-Brunswick	Provincial Nominee Program	Candidats des provinces ou des territoires	90
2022	Q1	Mar	2022	T1	mars	British Columbia	Colombie-Britannique	Skilled Trade	Métiers spécialisés	45
2026	Q1	Mar	2026	T1	mars	Northwest Territories	Territoires du Nord-Ouest	Provincial Nominee Program	Candidats des provinces ou des territoires	20
2025	Q3	Aug	2025	T3	août	Yukon	Yukon	Canadian Experience	Catégorie de l’expérience canadienne	5
2021	Q1	Feb	2021	T1	fév.	British Columbia	Colombie-Britannique	Skilled Worker	Travailleurs qualifiés	140
2021	Q1	Feb	2021	T1	fév.	Ontario	Ontario	Provincial Nominee Program	Candidats des provinces ou des territoires	295
2019	Q4	Oct	2019	T4	oct.	Ontario	Ontario	Canadian Experience	Catégorie de l’expérience canadienne	1595
2017	Q3	Sep	2017	T3	sept.	Manitoba	Manitoba	Skilled Worker	Travailleurs qualifiés	30
2019	Q4	Oct	2019	T4	oct.	New Brunswick	Nouveau-Brunswick	Skilled Worker	Travailleurs qualifiés	10
2026	Q1	Feb	2026	T1	fév.	New Brunswick	Nouveau-Brunswick	Skilled Worker	Travailleurs qualifiés	85
2025	Q3	Aug	2025	T3	août	Saskatchewan	Saskatchewan	Canadian Experience	Catégorie de l’expérience canadienne	20
2016	Q4	Oct	2016	T4	oct.	Alberta	Alberta	Canadian Experience	Catégorie de l’expérience canadienne	405
2018	Q4	Dec	2018	T4	déc.	Alberta	Alberta	Canadian Experience	Catégorie de l’expérience canadienne	100
2025	Q4	Nov	2025	T4	nov.	Saskatchewan	Saskatchewan	Provincial Nominee Program	Candidats des provinces ou des territoires	70
2024	Q2	Apr	2024	T2	avr.	Ontario	Ontario	Canadian Experience	Catégorie de l’expérience canadienne	3040
2025	Q2	Jun	2025	T2	juin	Ontario	Ontario	Skilled Worker	Travailleurs qualifiés	1790
2025	Q2	Jun	2025	T2	juin	Prince Edward Island	Île-du-Prince-Édouard	Provincial Nominee Program	Candidats des provinces ou des territoires	5
2022	Q3	Aug	2022	T3	août	Nova Scotia	Nouvelle-Écosse	Provincial Nominee Program	Candidats des provinces ou des territoires	415
2018	Q2	Apr	2018	T2	avr.	Saskatchewan	Saskatchewan	Canadian Experience	Catégorie de l’expérience canadienne	20
2019	Q2	May	2019	T2	mai	Ontario	Ontario	Canadian Experience	Catégorie de l’expérience canadienne	1675
2016	Q2	Jun	2016	T2	juin	Nova Scotia	Nouvelle-Écosse	Skilled Trade	Métiers spécialisés	--
2022	Q2	Apr	2022	T2	avr.	Alberta	Alberta	Provincial Nominee Program	Candidats des provinces ou des territoires	540
2024	Q1	Feb	2024	T1	fév.	Prince Edward Island	Île-du-Prince-Édouard	Canadian Experience	Catégorie de l’expérience canadienne	5
2021	Q2	May	2021	T2	mai	Ontario	Ontario	Provincial Nominee Program	Candidats des provinces ou des territoires	160
2017	Q1	Jan	2017	T1	janv.	Manitoba	Manitoba	Skilled Trade	Métiers spécialisés	--
2019	Q3	Aug	2019	T3	août	Yukon	Yukon	Provincial Nominee Program	Candidats des provinces ou des territoires	--
2019	Q1	Jan	2019	T1	janv.	Ontario	Ontario	Provincial Nominee Program	Candidats des provinces ou des territoires	355
2019	Q1	Feb	2019	T1	fév.	New Brunswick	Nouveau-Brunswick	Canadian Experience	Catégorie de l’expérience canadienne	20
2022	Q1	Jan	2022	T1	janv.	Saskatchewan	Saskatchewan	Provincial Nominee Program	Candidats des provinces ou des territoires	140
2020	Q2	Apr	2020	T2	avr.	Saskatchewan	Saskatchewan	Provincial Nominee Program	Candidats des provinces ou des territoires	20
2019	Q3	Jul	2019	T3	juil.	Nova Scotia	Nouvelle-Écosse	Provincial Nominee Program	Candidats des provinces ou des territoires	430
2023	Q2	Jun	2023	T2	juin	New Brunswick	Nouveau-Brunswick	Provincial Nominee Program	Candidats des provinces ou des territoires	140
2025	Q4	Oct	2025	T4	oct.	Northwest Territories	Territoires du Nord-Ouest	Provincial Nominee Program	Candidats des provinces ou des territoires	10
2024	Q4	Oct	2024	T4	oct.	Yukon	Yukon	Canadian Experience	Catégorie de l’expérience canadienne	--
2023	Q2	May	2023	T2	mai	Ontario	Ontario	Skilled Trade	Métiers spécialisés	--
2017	Q4	Nov	2017	T4	nov.	Nova Scotia	Nouvelle-Écosse	Canadian Experience	Catégorie de l’expérience canadienne	35
2018	Q1	Mar	2018	T1	mars	Manitoba	Manitoba	Provincial Nominee Program	Candidats des provinces ou des territoires	5
2019	Q3	Jul	2019	T3	juil.	Newfoundland and Labrador	Terre-Neuve-et-Labrador	Provincial Nominee Program	Candidats des provinces ou des territoires	--
2023	Q1	Jan	2023	T1	janv.	Alberta	Alberta	Canadian Experience	Catégorie de l’expérience canadienne	130
2026	Q1	Feb	2026	T1	fév.	Prince Edward Island	Île-du-Prince-Édouard	Skilled Worker	Travailleurs qualifiés	--
2024	Q3	Sep	2024	T3	sept.	Ontario	Ontario	Canadian Experience	Catégorie de l’expérience canadienne	2010
2024	Q1	Jan	2024	T1	janv.	Saskatchewan	Saskatchewan	Provincial Nominee Program	Candidats des provinces ou des territoires	145
2017	Q3	Jul	2017	T3	juil.	Saskatchewan	Saskatchewan	Canadian Experience	Catégorie de l’expérience canadienne	30
2024	Q2	Jun	2024	T2	juin	Saskatchewan	Saskatchewan	Provincial Nominee Program	Candidats des provinces ou des territoires	260
2019	Q4	Nov	2019	T4	nov.	Alberta	Alberta	Provincial Nominee Program	Candidats des provinces ou des territoires	80
2016	Q1	Jan	2016	T1	janv.	British Columbia	Colombie-Britannique	Canadian Experience	Catégorie de l’expérience canadienne	105
2017	Q4	Dec	2017	T4	déc.	Saskatchewan	Saskatchewan	Provincial Nominee Program	Candidats des provinces ou des territoires	85
2016	Q2	Apr	2016	T2	avr.	Newfoundland and Labrador	Terre-Neuve-et-Labrador	Skilled Trade	Métiers spécialisés	5
2018	Q1	Jan	2018	T1	janv.	Ontario	Ontario	Canadian Experience	Catégorie de l’expérience canadienne	3085
2022	Q3	Jul	2022	T3	juil.	Ontario	Ontario	Skilled Trade	Métiers spécialisés	10
2017	Q4	Nov	2017	T4	nov.	Newfoundland and Labrador	Terre-Neuve-et-Labrador	Skilled Trade	Métiers spécialisés	--
2021	Q4	Nov	2021	T4	nov.	Ontario	Ontario	Provincial Nominee Program	Candidats des provinces ou des territoires	270
2015	Q2	Apr	2015	T2	avr.	British Columbia	Colombie-Britannique	Canadian Experience	Catégorie de l’expérience canadienne	5
2020	Q2	Apr	2020	T2	avr.	Alberta	Alberta	Canadian Experience	Catégorie de l’expérience canadienne	125
2023	Q3	Aug	2023	T3	août	Prince Edward Island	Île-du-Prince-Édouard	Provincial Nominee Program	Candidats des provinces ou des territoires	30
2024	Q1	Feb	2024	T1	fév.	Newfoundland and Labrador	Terre-Neuve-et-Labrador	Skilled Worker	Travailleurs qualifiés	10
2021	Q4	Dec	2021	T4	déc.	Newfoundland and Labrador	Terre-Neuve-et-Labrador	Skilled Worker	Travailleurs qualifiés	--
2026	Q2	Apr	2026	T2	avr.	Saskatchewan	Saskatchewan	Provincial Nominee Program	Candidats des provinces ou des territoires	95
2015	Q3	Sep	2015	T3	sept.	Manitoba	Manitoba	Provincial Nominee Program	Candidats des provinces ou des territoires	5
2023	Q3	Sep	2023	T3	sept.	Saskatchewan	Saskatchewan	Provincial Nominee Program	Candidats des provinces ou des territoires	505
2022	Q2	Jun	2022	T2	juin	Prince Edward Island	Île-du-Prince-Édouard	Canadian Experience	Catégorie de l’expérience canadienne	10
2022	Q4	Oct	2022	T4	oct.	Ontario	Ontario	Provincial Nominee Program	Candidats des provinces ou des territoires	1590
2021	Q4	Oct	2021	T4	oct.	Saskatchewan	Saskatchewan	Provincial Nominee Program	Candidats des provinces ou des territoires	55
2025	Q1	Mar	2025	T1	mars	Prince Edward Island	Île-du-Prince-Édouard	Provincial Nominee Program	Candidats des provinces ou des territoires	15
2021	Q1	Jan	2021	T1	janv.	Yukon	Yukon	Canadian Experience	Catégorie de l’expérience canadienne	--
2026	Q2	May	2026	T2	mai	Nova Scotia	Nouvelle-Écosse	Canadian Experience	Catégorie de l’expérience canadienne	70
2021	Q1	Jan	2021	T1	janv.	British Columbia	Colombie-Britannique	Skilled Worker	Travailleurs qualifiés	160
2023	Q3	Jul	2023	T3	juil.	Alberta	Alberta	Canadian Experience	Catégorie de l’expérience canadienne	135
2018	Q1	Jan	2018	T1	janv.	Newfoundland and Labrador	Terre-Neuve-et-Labrador	Skilled Worker	Travailleurs qualifiés	5
2026	Q1	Mar	2026	T1	mars	Prince Edward Island	Île-du-Prince-Édouard	Provincial Nominee Program	Candidats des provinces ou des territoires	55
2024	Q2	May	2024	T2	mai	Yukon	Yukon	Canadian Experience	Catégorie de l’expérience canadienne	--
2026	Q1	Jan	2026	T1	janv.	Prince Edward Island	Île-du-Prince-Édouard	Provincial Nominee Program	Candidats des provinces ou des territoires	65
2021	Q3	Jul	2021	T3	juil.	Alberta	Alberta	Canadian Experience	Catégorie de l’expérience canadienne	1270
2022	Q3	Aug	2022	T3	août	Ontario	Ontario	Provincial Nominee Program	Candidats des provinces ou des territoires	1125
2018	Q4	Nov	2018	T4	nov.	Nova Scotia	Nouvelle-Écosse	Skilled Worker	Travailleurs qualifiés	15
2017	Q1	Jan	2017	T1	janv.	Saskatchewan	Saskatchewan	Skilled Worker	Travailleurs qualifiés	10
2015	Q1	Mar	2015	T1	mars	Alberta	Alberta	Skilled Worker	Travailleurs qualifiés	--
2025	Q1	Jan	2025	T1	janv.	Ontario	Ontario	Skilled Worker	Travailleurs qualifiés	1340
2017	Q3	Aug	2017	T3	août	Saskatchewan	Saskatchewan	Skilled Worker	Travailleurs qualifiés	20
2018	Q3	Sep	2018	T3	sept.	Ontario	Ontario	Provincial Nominee Program	Candidats des provinces ou des territoires	785
2021	Q1	Feb	2021	T1	fév.	Alberta	Alberta	Canadian Experience	Catégorie de l’expérience canadienne	195
2016	Q4	Nov	2016	T4	nov.	Alberta	Alberta	Canadian Experience	Catégorie de l’expérience canadienne	305
2018	Q3	Jul	2018	T3	juil.	Nova Scotia	Nouvelle-Écosse	Skilled Worker	Travailleurs qualifiés	30
2019	Q3	Jul	2019	T3	juil.	Prince Edward Island	Île-du-Prince-Édouard	Provincial Nominee Program	Candidats des provinces ou des territoires	65
2026	Q1	Jan	2026	T1	janv.	British Columbia	Colombie-Britannique	Skilled Trade	Métiers spécialisés	--
2019	Q1	Jan	2019	T1	janv.	Prince Edward Island	Île-du-Prince-Édouard	Canadian Experience	Catégorie de l’expérience canadienne	--
2025	Q1	Feb	2025	T1	fév.	Saskatchewan	Saskatchewan	Provincial Nominee Program	Candidats des provinces ou des territoires	65
2018	Q2	Jun	2018	T2	juin	Saskatchewan	Saskatchewan	Canadian Experience	Catégorie de l’expérience canadienne	35
2021	Q2	Jun	2021	T2	juin	Prince Edward Island	Île-du-Prince-Édouard	Provincial Nominee Program	Candidats des provinces ou des territoires	10
2019	Q2	Apr	2019	T2	avr.	British Columbia	Colombie-Britannique	Skilled Trade	Métiers spécialisés	30
2015	Q4	Oct	2015	T4	oct.	Nova Scotia	Nouvelle-Écosse	Skilled Worker	Travailleurs qualifiés	--
2018	Q3	Sep	2018	T3	sept.	Newfoundland and Labrador	Terre-Neuve-et-Labrador	Provincial Nominee Program	Candidats des provinces ou des territoires	--
2015	Q3	Aug	2015	T3	août	Alberta	Alberta	Canadian Experience	Catégorie de l’expérience canadienne	550
2024	Q3	Sep	2024	T3	sept.	New Brunswick	Nouveau-Brunswick	Provincial Nominee Program	Candidats des provinces ou des territoires	255
2024	Q4	Oct	2024	T4	oct.	Saskatchewan	Saskatchewan	Canadian Experience	Catégorie de l’expérience canadienne	25
2025	Q2	Apr	2025	T2	avr.	Prince Edward Island	Île-du-Prince-Édouard	Skilled Worker	Travailleurs qualifiés	--
2025	Q1	Jan	2025	T1	janv.	Saskatchewan	Saskatchewan	Canadian Experience	Catégorie de l’expérience canadienne	10
2019	Q4	Nov	2019	T4	nov.	Nova Scotia	Nouvelle-Écosse	Canadian Experience	Catégorie de l’expérience canadienne	25
2024	Q2	May	2024	T2	mai	British Columbia	Colombie-Britannique	Skilled Worker	Travailleurs qualifiés	290
2023	Q4	Oct	2023	T4	oct.	Nova Scotia	Nouvelle-Écosse	Canadian Experience	Catégorie de l’expérience canadienne	55
2018	Q3	Jul	2018	T3	juil.	Newfoundland and Labrador	Terre-Neuve-et-Labrador	Provincial Nominee Program	Candidats des provinces ou des territoires	10
2015	Q4	Dec	2015	T4	déc.	Ontario	Ontario	Provincial Nominee Program	Candidats des provinces ou des territoires	--
2021	Q2	Jun	2021	T2	juin	Manitoba	Manitoba	Provincial Nominee Program	Candidats des provinces ou des territoires	95
2018	Q2	May	2018	T2	mai	Ontario	Ontario	Provincial Nominee Program	Candidats des provinces ou des territoires	560
2023	Q4	Oct	2023	T4	oct.	Northwest Territories	Territoires du Nord-Ouest	Canadian Experience	Catégorie de l’expérience canadienne	--
2019	Q4	Oct	2019	T4	oct.	British Columbia	Colombie-Britannique	Canadian Experience	Catégorie de l’expérience canadienne	580
2024	Q4	Oct	2024	T4	oct.	Manitoba	Manitoba	Skilled Worker	Travailleurs qualifiés	125
2018	Q1	Feb	2018	T1	fév.	Saskatchewan	Saskatchewan	Canadian Experience	Catégorie de l’expérience canadienne	65
2024	Q3	Sep	2024	T3	sept.	Nova Scotia	Nouvelle-Écosse	Skilled Worker	Travailleurs qualifiés	45
2021	Q2	Jun	2021	T2	juin	Ontario	Ontario	Skilled Trade	Métiers spécialisés	10
2017	Q3	Aug	2017	T3	août	Newfoundland and Labrador	Terre-Neuve-et-Labrador	Provincial Nominee Program	Candidats des provinces ou des territoires	--
2025	Q1	Jan	2025	T1	janv.	Manitoba	Manitoba	Provincial Nominee Program	Candidats des provinces ou des territoires	395
2025	Q4	Oct	2025	T4	oct.	Prince Edward Island	Île-du-Prince-Édouard	Provincial Nominee Program	Candidats des provinces ou des territoires	20
2022	Q1	Mar	2022	T1	mars	Yukon	Yukon	Provincial Nominee Program	Candidats des provinces ou des territoires	--
2019	Q3	Aug	2019	T3	août	Nunavut	Nunavut	Canadian Experience	Catégorie de l’expérience canadienne	--
2022	Q4	Oct	2022	T4	oct.	Newfoundland and Labrador	Terre-Neuve-et-Labrador	Canadian Experience	Catégorie de l’expérience canadienne	--
2016	Q2	Jun	2016	T2	juin	Yukon	Yukon	Skilled Worker	Travailleurs qualifiés	--
2022	Q2	Jun	2022	T2	juin	Ontario	Ontario	Skilled Worker	Travailleurs qualifiés	3340
2017	Q1	Feb	2017	T1	fév.	Ontario	Ontario	Skilled Worker	Travailleurs qualifiés	390
2019	Q4	Nov	2019	T4	nov.	Saskatchewan	Saskatchewan	Provincial Nominee Program	Candidats des provinces ou des territoires	105
2023	Q3	Sep	2023	T3	sept.	Nova Scotia	Nouvelle-Écosse	Canadian Experience	Catégorie de l’expérience canadienne	15
2026	Q2	May	2026	T2	mai	British Columbia	Colombie-Britannique	Provincial Nominee Program	Candidats des provinces ou des territoires	230
2018	Q4	Dec	2018	T4	déc.	Manitoba	Manitoba	Canadian Experience	Catégorie de l’expérience canadienne	35
2026	Q3	Jul	2026	T3	juil.	Nova Scotia	Nouvelle-Écosse	Canadian Experience	Catégorie de l’expérience canadienne	85
2025	Q3	Sep	2025	T3	sept.	Ontario	Ontario	Canadian Experience	Catégorie de l’expérience canadienne	2415
2018	Q2	Jun	2018	T2	juin	Nova Scotia	Nouvelle-Écosse	Provincial Nominee Program	Candidats des provinces ou des territoires	315
2025	Q3	Jul	2025	T3	juil.	Saskatchewan	Saskatchewan	Skilled Worker	Travailleurs qualifiés	35
2023	Q2	May	2023	T2	mai	Manitoba	Manitoba	Skilled Worker	Travailleurs qualifiés	40
2023	Q2	May	2023	T2	mai	British Columbia	Colombie-Britannique	Canadian Experience	Catégorie de l’expérience canadienne	895
2025	Q2	Jun	2025	T2	juin	Manitoba	Manitoba	Skilled Worker	Travailleurs qualifiés	50
2023	Q1	Feb	2023	T1	fév.	Newfoundland and Labrador	Terre-Neuve-et-Labrador	Skilled Worker	Travailleurs qualifiés	5
2024	Q4	Oct	2024	T4	oct.	Northwest Territories	Territoires du Nord-Ouest	Provincial Nominee Program	Candidats des provinces ou des territoires	5
2024	Q3	Sep	2024	T3	sept.	British Columbia	Colombie-Britannique	Skilled Worker	Travailleurs qualifiés	290
2022	Q4	Oct	2022	T4	oct.	Nova Scotia	Nouvelle-Écosse	Skilled Worker	Travailleurs qualifiés	30
2020	Q2	May	2020	T2	mai	Alberta	Alberta	Canadian Experience	Catégorie de l’expérience canadienne	90
2021	Q1	Mar	2021	T1	mars	Manitoba	Manitoba	Provincial Nominee Program	Candidats des provinces ou des territoires	125
2017	Q3	Jul	2017	T3	juil.	Prince Edward Island	Île-du-Prince-Édouard	Canadian Experience	Catégorie de l’expérience canadienne	5
2025	Q4	Dec	2025	T4	déc.	Saskatchewan	Saskatchewan	Canadian Experience	Catégorie de l’expérience canadienne	--
2024	Q4	Dec	2024	T4	déc.	Alberta	Alberta	Provincial Nominee Program	Candidats des provinces ou des territoires	180
2017	Q3	Sep	2017	T3	sept.	Newfoundland and Labrador	Terre-Neuve-et-Labrador	Skilled Worker	Travailleurs qualifiés	10
2024	Q3	Aug	2024	T3	août	Yukon	Yukon	Skilled Worker	Travailleurs qualifiés	5
2020	Q1	Feb	2020	T1	fév.	Nova Scotia	Nouvelle-Écosse	Skilled Worker	Travailleurs qualifiés	25
2019	Q1	Jan	2019	T1	janv.	Nova Scotia	Nouvelle-Écosse	Canadian Experience	Catégorie de l’expérience canadienne	20
2024	Q2	Jun	2024	T2	juin	Northwest Territories	Territoires du Nord-Ouest	Provincial Nominee Program	Candidats des provinces ou des territoires	--
2026	Q2	Jun	2026	T2	juin	Saskatchewan	Saskatchewan	Provincial Nominee Program	Candidats des provinces ou des territoires	45
2021	Q3	Aug	2021	T3	août	Ontario	Ontario	Skilled Trade	Métiers spécialisés	5
2018	Q2	May	2018	T2	mai	Manitoba	Manitoba	Provincial Nominee Program	Candidats des provinces ou des territoires	--
2016	Q2	Jun	2016	T2	juin	Nova Scotia	Nouvelle-Écosse	Canadian Experience	Catégorie de l’expérience canadienne	--
2025	Q1	Mar	2025	T1	mars	Nunavut	Nunavut	Canadian Experience	Catégorie de l’expérience canadienne	--
2021	Q3	Sep	2021	T3	sept.	Manitoba	Manitoba	Skilled Worker	Travailleurs qualifiés	10
2015	Q3	Sep	2015	T3	sept.	Manitoba	Manitoba	Canadian Experience	Catégorie de l’expérience canadienne	10
2023	Q1	Feb	2023	T1	fév.	Newfoundland and Labrador	Terre-Neuve-et-Labrador	Provincial Nominee Program	Candidats des provinces ou des territoires	55
2019	Q2	Jun	2019	T2	juin	Alberta	Alberta	Skilled Trade	Métiers spécialisés	15
2016	Q1	Feb	2016	T1	fév.	Ontario	Ontario	Skilled Trade	Métiers spécialisés	25
2018	Q2	Apr	2018	T2	avr.	Newfoundland and Labrador	Terre-Neuve-et-Labrador	Skilled Worker	Travailleurs qualifiés	--
2015	Q3	Jul	2015	T3	juil.	New Brunswick	Nouveau-Brunswick	Skilled Trade	Métiers spécialisés	--
2017	Q2	Apr	2017	T2	avr.	Alberta	Alberta	Canadian Experience	Catégorie de l’expérience canadienne	520
2016	Q2	Jun	2016	T2	juin	Prince Edward Island	Île-du-Prince-Édouard	Provincial Nominee Program	Candidats des provinces ou des territoires	70
2019	Q1	Feb	2019	T1	fév.	Yukon	Yukon	Canadian Experience	Catégorie de l’expérience canadienne	--
2019	Q3	Sep	2019	T3	sept.	New Brunswick	Nouveau-Brunswick	Skilled Worker	Travailleurs qualifiés	35
2026	Q3	Jul	2026	T3	juil.	British Columbia	Colombie-Britannique	Skilled Worker	Travailleurs qualifiés	185
2015	Q3	Sep	2015	T3	sept.	British Columbia	Colombie-Britannique	Skilled Worker	Travailleurs qualifiés	30
2021	Q3	Sep	2021	T3	sept.	New Brunswick	Nouveau-Brunswick	Provincial Nominee Program	Candidats des provinces ou des territoires	65
2022	Q1	Jan	2022	T1	janv.	Prince Edward Island	Île-du-Prince-Édouard	Provincial Nominee Program	Candidats des provinces ou des territoires	20
2020	Q4	Dec	2020	T4	déc.	Saskatchewan	Saskatchewan	Skilled Worker	Travailleurs qualifiés	10
2024	Q4	Nov	2024	T4	nov.	Prince Edward Island	Île-du-Prince-Édouard	Canadian Experience	Catégorie de l’expérience canadienne	--
2026	Q1	Mar	2026	T1	mars	British Columbia	Colombie-Britannique	Skilled Worker	Travailleurs qualifiés	135
2016	Q4	Dec	2016	T4	déc.	Yukon	Yukon	Skilled Worker	Travailleurs qualifiés	--
2026	Q3	Jul	2026	T3	juil.	Nova Scotia	Nouvelle-Écosse	Provincial Nominee Program	Candidats des provinces ou des territoires	135
2018	Q3	Sep	2018	T3	sept.	Saskatchewan	Saskatchewan	Skilled Trade	Métiers spécialisés	--
2015	Q4	Nov	2015	T4	nov.	Newfoundland and Labrador	Terre-Neuve-et-Labrador	Skilled Trade	Métiers spécialisés	--
2025	Q3	Sep	2025	T3	sept.	British Columbia	Colombie-Britannique	Skilled Worker	Travailleurs qualifiés	135
2016	Q1	Mar	2016	T1	mars	Alberta	Alberta	Canadian Experience	Catégorie de l’expérience canadienne	540
2018	Q4	Nov	2018	T4	nov.	New Brunswick	Nouveau-Brunswick	Skilled Worker	Travailleurs qualifiés	15
2021	Q1	Mar	2021	T1	mars	Nova Scotia	Nouvelle-Écosse	Provincial Nominee Program	Candidats des provinces ou des territoires	55
2025	Q2	Apr	2025	T2	avr.	Ontario	Ontario	Provincial Nominee Program	Candidats des provinces ou des territoires	1270
2023	Q1	Feb	2023	T1	fév.	Prince Edward Island	Île-du-Prince-Édouard	Canadian Experience	Catégorie de l’expérience canadienne	5
2020	Q2	Jun	2020	T2	juin	British Columbia	Colombie-Britannique	Canadian Experience	Catégorie de l’expérience canadienne	1375
2025	Q4	Nov	2025	T4	nov.	Prince Edward Island	Île-du-Prince-Édouard	Skilled Worker	Travailleurs qualifiés	10
2018	Q3	Sep	2018	T3	sept.	Manitoba	Manitoba	Canadian Experience	Catégorie de l’expérience canadienne	25
2026	Q1	Jan	2026	T1	janv.	Ontario	Ontario	Provincial Nominee Program	Candidats des provinces ou des territoires	485
2023	Q1	Jan	2023	T1	janv.	Manitoba	Manitoba	Canadian Experience	Catégorie de l’expérience canadienne	15
2022	Q1	Feb	2022	T1	fév.	Ontario	Ontario	Skilled Trade	Métiers spécialisés	10
2020	Q1	Jan	2020	T1	janv.	Manitoba	Manitoba	Skilled Trade	Métiers spécialisés	5
2020	Q2	Jun	2020	T2	juin	Saskatchewan	Saskatchewan	Provincial Nominee Program	Candidats des provinces ou des territoires	110
2023	Q4	Dec	2023	T4	déc.	Nunavut	Nunavut	Canadian Experience	Catégorie de l’expérience canadienne	--
2024	Q4	Nov	2024	T4	nov.	New Brunswick	Nouveau-Brunswick	Canadian Experience	Catégorie de l’expérience canadienne	20
2026	Q1	Jan	2026	T1	janv.	British Columbia	Colombie-Britannique	Canadian Experience	Catégorie de l’expérience canadienne	1215
2023	Q2	Jun	2023	T2	juin	Prince Edward Island	Île-du-Prince-Édouard	Canadian Experience	Catégorie de l’expérience canadienne	--
2024	Q1	Mar	2024	T1	mars	Ontario	Ontario	Provincial Nominee Program	Candidats des provinces ou des territoires	1355
2019	Q2	Apr	2019	T2	avr.	New Brunswick	Nouveau-Brunswick	Canadian Experience	Catégorie de l’expérience canadienne	15
2019	Q4	Oct	2019	T4	oct.	Saskatchewan	Saskatchewan	Provincial Nominee Program	Candidats des provinces ou des territoires	165
2026	Q1	Mar	2026	T1	mars	Manitoba	Manitoba	Skilled Worker	Travailleurs qualifiés	75
2023	Q1	Mar	2023	T1	mars	Newfoundland and Labrador	Terre-Neuve-et-Labrador	Skilled Worker	Travailleurs qualifiés	--
2016	Q1	Jan	2016	T1	janv.	Manitoba	Manitoba	Provincial Nominee Program	Candidats des provinces ou des territoires	10
2015	Q2	Jun	2015	T2	juin	British Columbia	Colombie-Britannique	Skilled Worker	Travailleurs qualifiés	--
2023	Q1	Jan	2023	T1	janv.	Ontario	Ontario	Provincial Nominee Program	Candidats des provinces ou des territoires	1580
2022	Q3	Aug	2022	T3	août	British Columbia	Colombie-Britannique	Canadian Experience	Catégorie de l’expérience canadienne	205
2017	Q4	Dec	2017	T4	déc.	Yukon	Yukon	Provincial Nominee Program	Candidats des provinces ou des territoires	--
2026	Q2	May	2026	T2	mai	Newfoundland and Labrador	Terre-Neuve-et-Labrador	Skilled Worker	Travailleurs qualifiés	--
2025	Q2	Jun	2025	T2	juin	Northwest Territories	Territoires du Nord-Ouest	Provincial Nominee Program	Candidats des provinces ou des territoires	20
2024	Q1	Feb	2024	T1	fév.	Manitoba	Manitoba	Skilled Worker	Travailleurs qualifiés	50
2026	Q2	May	2026	T2	mai	Ontario	Ontario	Canadian Experience	Catégorie de l’expérience canadienne	2765
2020	Q3	Aug	2020	T3	août	Prince Edward Island	Île-du-Prince-Édouard	Provincial Nominee Program	Candidats des provinces ou des territoires	15
2020	Q2	Apr	2020	T2	avr.	Ontario	Ontario	Skilled Trade	Métiers spécialisés	5
2017	Q2	Jun	2017	T2	juin	Alberta	Alberta	Skilled Worker	Travailleurs qualifiés	100
2017	Q1	Mar	2017	T1	mars	Ontario	Ontario	Skilled Worker	Travailleurs qualifiés	330
2024	Q2	May	2024	T2	mai	Alberta	Alberta	Skilled Worker	Travailleurs qualifiés	520
2021	Q4	Dec	2021	T4	déc.	Alberta	Alberta	Provincial Nominee Program	Candidats des provinces ou des territoires	310
2025	Q2	May	2025	T2	mai	Nova Scotia	Nouvelle-Écosse	Skilled Worker	Travailleurs qualifiés	10
2025	Q2	Apr	2025	T2	avr.	New Brunswick	Nouveau-Brunswick	Provincial Nominee Program	Candidats des provinces ou des territoires	225
2016	Q3	Sep	2016	T3	sept.	Newfoundland and Labrador	Terre-Neuve-et-Labrador	Skilled Worker	Travailleurs qualifiés	5
2015	Q3	Sep	2015	T3	sept.	Northwest Territories	Territoires du Nord-Ouest	Provincial Nominee Program	Candidats des provinces ou des territoires	--
2019	Q2	Jun	2019	T2	juin	Prince Edward Island	Île-du-Prince-Édouard	Canadian Experience	Catégorie de l’expérience canadienne	--
2015	Q3	Aug	2015	T3	août	Ontario	Ontario	Skilled Worker	Travailleurs qualifiés	85
2021	Q1	Jan	2021	T1	janv.	Prince Edward Island	Île-du-Prince-Édouard	Provincial Nominee Program	Candidats des provinces ou des territoires	20
2015	Q3	Aug	2015	T3	août	Prince Edward Island	Île-du-Prince-Édouard	Provincial Nominee Program	Candidats des provinces ou des territoires	--
2025	Q2	Apr	2025	T2	avr.	Nova Scotia	Nouvelle-Écosse	Provincial Nominee Program	Candidats des provinces ou des territoires	100
2021	Q2	May	2021	T2	mai	Northwest Territories	Territoires du Nord-Ouest	Canadian Experience	Catégorie de l’expérience canadienne	--
2024	Q1	Mar	2024	T1	mars	British Columbia	Colombie-Britannique	Skilled Trade	Métiers spécialisés	--
2017	Q4	Dec	2017	T4	déc.	British Columbia	Colombie-Britannique	Canadian Experience	Catégorie de l’expérience canadienne	755
2022	Q2	Jun	2022	T2	juin	Newfoundland and Labrador	Terre-Neuve-et-Labrador	Canadian Experience	Catégorie de l’expérience canadienne	--
2022	Q4	Oct	2022	T4	oct.	Ontario	Ontario	Skilled Trade	Métiers spécialisés	5
2016	Q3	Jul	2016	T3	juil.	Nova Scotia	Nouvelle-Écosse	Provincial Nominee Program	Candidats des provinces ou des territoires	130
2017	Q3	Jul	2017	T3	juil.	Newfoundland and Labrador	Terre-Neuve-et-Labrador	Canadian Experience	Catégorie de l’expérience canadienne	5
2026	Q3	Jul	2026	T3	juil.	Manitoba	Manitoba	Provincial Nominee Program	Candidats des provinces ou des territoires	490
2016	Q1	Mar	2016	T1	mars	Ontario	Ontario	Canadian Experience	Catégorie de l’expérience canadienne	175
2020	Q1	Mar	2020	T1	mars	Northwest Territories	Territoires du Nord-Ouest	Canadian Experience	Catégorie de l’expérience canadienne	--
2016	Q1	Feb	2016	T1	fév.	Manitoba	Manitoba	Provincial Nominee Program	Candidats des provinces ou des territoires	--
2021	Q3	Sep	2021	T3	sept.	Prince Edward Island	Île-du-Prince-Édouard	Provincial Nominee Program	Candidats des provinces ou des territoires	75
2017	Q3	Sep	2017	T3	sept.	Nova Scotia	Nouvelle-Écosse	Skilled Worker	Travailleurs qualifiés	25
2022	Q1	Feb	2022	T1	fév.	Prince Edward Island	Île-du-Prince-Édouard	Canadian Experience	Catégorie de l’expérience canadienne	15
2021	Q4	Dec	2021	T4	déc.	Nova Scotia	Nouvelle-Écosse	Canadian Experience	Catégorie de l’expérience canadienne	180
2022	Q2	May	2022	T2	mai	Nova Scotia	Nouvelle-Écosse	Provincial Nominee Program	Candidats des provinces ou des territoires	465
2019	Q3	Aug	2019	T3	août	Nova Scotia	Nouvelle-Écosse	Provincial Nominee Program	Candidats des provinces ou des territoires	245
2022	Q3	Aug	2022	T3	août	Alberta	Alberta	Skilled Worker	Travailleurs qualifiés	390
2017	Q2	Apr	2017	T2	avr.	Manitoba	Manitoba	Canadian Experience	Catégorie de l’expérience canadienne	15
2020	Q2	Jun	2020	T2	juin	Prince Edward Island	Île-du-Prince-Édouard	Provincial Nominee Program	Candidats des provinces ou des territoires	140
2019	Q4	Dec	2019	T4	déc.	Ontario	Ontario	Provincial Nominee Program	Candidats des provinces ou des territoires	200
2022	Q2	Jun	2022	T2	juin	New Brunswick	Nouveau-Brunswick	Canadian Experience	Catégorie de l’expérience canadienne	20
2021	Q2	Jun	2021	T2	juin	New Brunswick	Nouveau-Brunswick	Provincial Nominee Program	Candidats des provinces ou des territoires	30
2018	Q1	Mar	2018	T1	mars	Newfoundland and Labrador	Terre-Neuve-et-Labrador	Provincial Nominee Program	Candidats des provinces ou des territoires	10
2024	Q2	Apr	2024	T2	avr.	Northwest Territories	Territoires du Nord-Ouest	Canadian Experience	Catégorie de l’expérience canadienne	--
2025	Q3	Aug	2025	T3	août	Alberta	Alberta	Canadian Experience	Catégorie de l’expérience canadienne	375
2024	Q2	May	2024	T2	mai	Manitoba	Manitoba	Skilled Worker	Travailleurs qualifiés	95
2019	Q3	Jul	2019	T3	juil.	Alberta	Alberta	Skilled Trade	Métiers spécialisés	15
2019	Q3	Sep	2019	T3	sept.	Prince Edward Island	Île-du-Prince-Édouard	Skilled Worker	Travailleurs qualifiés	--
2023	Q2	May	2023	T2	mai	Ontario	Ontario	Canadian Experience	Catégorie de l’expérience canadienne	2845
2019	Q2	May	2019	T2	mai	New Brunswick	Nouveau-Brunswick	Provincial Nominee Program	Candidats des provinces ou des territoires	100
2026	Q2	Jun	2026	T2	juin	Northwest Territories	Territoires du Nord-Ouest	Skilled Worker	Travailleurs qualifiés	--
2024	Q1	Mar	2024	T1	mars	Newfoundland and Labrador	Terre-Neuve-et-Labrador	Skilled Worker	Travailleurs qualifiés	5
2015	Q4	Dec	2015	T4	déc.	Alberta	Alberta	Skilled Trade	Métiers spécialisés	200
2017	Q4	Oct	2017	T4	oct.	Saskatchewan	Saskatchewan	Provincial Nominee Program	Candidats des provinces ou des territoires	135
2021	Q4	Nov	2021	T4	nov.	Nova Scotia	Nouvelle-Écosse	Provincial Nominee Program	Candidats des provinces ou des territoires	115
2022	Q1	Feb	2022	T1	fév.	Manitoba	Manitoba	Provincial Nominee Program	Candidats des provinces ou des territoires	190
2015	Q4	Dec	2015	T4	déc.	Manitoba	Manitoba	Skilled Worker	Travailleurs qualifiés	5
2022	Q4	Oct	2022	T4	oct.	Northwest Territories	Territoires du Nord-Ouest	Canadian Experience	Catégorie de l’expérience canadienne	--
2025	Q4	Nov	2025	T4	nov.	Manitoba	Manitoba	Skilled Worker	Travailleurs qualifiés	50
2015	Q4	Dec	2015	T4	déc.	New Brunswick	Nouveau-Brunswick	Skilled Worker	Travailleurs qualifiés	5
2015	Q4	Oct	2015	T4	oct.	British Columbia	Colombie-Britannique	Canadian Experience	Catégorie de l’expérience canadienne	150
2015	Q4	Nov	2015	T4	nov.	Nova Scotia	Nouvelle-Écosse	Provincial Nominee Program	Candidats des provinces ou des territoires	25
2025	Q2	Jun	2025	T2	juin	New Brunswick	Nouveau-Brunswick	Canadian Experience	Catégorie de l’expérience canadienne	20
2019	Q2	Apr	2019	T2	avr.	British Columbia	Colombie-Britannique	Provincial Nominee Program	Candidats des provinces ou des territoires	285
2016	Q4	Oct	2016	T4	oct.	Saskatchewan	Saskatchewan	Canadian Experience	Catégorie de l’expérience canadienne	--
2016	Q3	Sep	2016	T3	sept.	British Columbia	Colombie-Britannique	Skilled Trade	Métiers spécialisés	5
2020	Q2	Apr	2020	T2	avr.	Saskatchewan	Saskatchewan	Canadian Experience	Catégorie de l’expérience canadienne	15
2017	Q2	Jun	2017	T2	juin	Manitoba	Manitoba	Skilled Worker	Travailleurs qualifiés	5
2023	Q2	Jun	2023	T2	juin	Saskatchewan	Saskatchewan	Canadian Experience	Catégorie de l’expérience canadienne	25
2017	Q1	Mar	2017	T1	mars	New Brunswick	Nouveau-Brunswick	Provincial Nominee Program	Candidats des provinces ou des territoires	80
2016	Q1	Feb	2016	T1	fév.	Prince Edward Island	Île-du-Prince-Édouard	Canadian Experience	Catégorie de l’expérience canadienne	--
2019	Q2	Jun	2019	T2	juin	Ontario	Ontario	Skilled Worker	Travailleurs qualifiés	4525
2015	Q2	May	2015	T2	mai	British Columbia	Colombie-Britannique	Canadian Experience	Catégorie de l’expérience canadienne	--
2020	Q3	Sep	2020	T3	sept.	Nova Scotia	Nouvelle-Écosse	Provincial Nominee Program	Candidats des provinces ou des territoires	60
2016	Q1	Feb	2016	T1	fév.	Manitoba	Manitoba	Canadian Experience	Catégorie de l’expérience canadienne	10
2020	Q2	May	2020	T2	mai	New Brunswick	Nouveau-Brunswick	Canadian Experience	Catégorie de l’expérience canadienne	15
2022	Q1	Feb	2022	T1	fév.	Nova Scotia	Nouvelle-Écosse	Canadian Experience	Catégorie de l’expérience canadienne	85
2020	Q1	Feb	2020	T1	fév.	Alberta	Alberta	Skilled Trade	Métiers spécialisés	20
2025	Q2	Apr	2025	T2	avr.	Newfoundland and Labrador	Terre-Neuve-et-Labrador	Canadian Experience	Catégorie de l’expérience canadienne	5
2026	Q2	Apr	2026	T2	avr.	Northwest Territories	Territoires du Nord-Ouest	Provincial Nominee Program	Candidats des provinces ou des territoires	10
2022	Q3	Aug	2022	T3	août	Manitoba	Manitoba	Skilled Worker	Travailleurs qualifiés	35
2016	Q2	Apr	2016	T2	avr.	Ontario	Ontario	Provincial Nominee Program	Candidats des provinces ou des territoires	240
2017	Q2	Apr	2017	T2	avr.	New Brunswick	Nouveau-Brunswick	Provincial Nominee Program	Candidats des provinces ou des territoires	95
2025	Q2	Apr	2025	T2	avr.	Yukon	Yukon	Provincial Nominee Program	Candidats des provinces ou des territoires	--
2020	Q3	Aug	2020	T3	août	Alberta	Alberta	Provincial Nominee Program	Candidats des provinces ou des territoires	130
2018	Q3	Jul	2018	T3	juil.	New Brunswick	Nouveau-Brunswick	Canadian Experience	Catégorie de l’expérience canadienne	15
2017	Q2	May	2017	T2	mai	Prince Edward Island	Île-du-Prince-Édouard	Canadian Experience	Catégorie de l’expérience canadienne	5
2021	Q1	Mar	2021	T1	mars	Prince Edward Island	Île-du-Prince-Édouard	Canadian Experience	Catégorie de l’expérience canadienne	5
2022	Q3	Jul	2022	T3	juil.	Prince Edward Island	Île-du-Prince-Édouard	Provincial Nominee Program	Candidats des provinces ou des territoires	50
2018	Q3	Sep	2018	T3	sept.	Nova Scotia	Nouvelle-Écosse	Canadian Experience	Catégorie de l’expérience canadienne	30
2019	Q3	Jul	2019	T3	juil.	Northwest Territories	Territoires du Nord-Ouest	Provincial Nominee Program	Candidats des provinces ou des territoires	--
2019	Q3	Sep	2019	T3	sept.	Newfoundland and Labrador	Terre-Neuve-et-Labrador	Canadian Experience	Catégorie de l’expérience canadienne	15
2025	Q1	Feb	2025	T1	fév.	British Columbia	Colombie-Britannique	Provincial Nominee Program	Candidats des provinces ou des territoires	865
2019	Q4	Dec	2019	T4	déc.	Ontario	Ontario	Skilled Trade	Métiers spécialisés	65
2023	Q4	Nov	2023	T4	nov.	Ontario	Ontario	Skilled Worker	Travailleurs qualifiés	2100
2019	Q2	Apr	2019	T2	avr.	Prince Edward Island	Île-du-Prince-Édouard	Canadian Experience	Catégorie de l’expérience canadienne	5
2016	Q1	Jan	2016	T1	janv.	Ontario	Ontario	Provincial Nominee Program	Candidats des provinces ou des territoires	15
2017	Q2	Apr	2017	T2	avr.	Saskatchewan	Saskatchewan	Skilled Worker	Travailleurs qualifiés	5
2018	Q3	Jul	2018	T3	juil.	British Columbia	Colombie-Britannique	Provincial Nominee Program	Candidats des provinces ou des territoires	350
2023	Q3	Sep	2023	T3	sept.	Nova Scotia	Nouvelle-Écosse	Provincial Nominee Program	Candidats des provinces ou des territoires	80
2026	Q2	Jun	2026	T2	juin	Prince Edward Island	Île-du-Prince-Édouard	Provincial Nominee Program	Candidats des provinces ou des territoires	45
2023	Q4	Oct	2023	T4	oct.	Nunavut	Nunavut	Canadian Experience	Catégorie de l’expérience canadienne	--
2018	Q1	Mar	2018	T1	mars	Ontario	Ontario	Skilled Worker	Travailleurs qualifiés	4210
2015	Q3	Sep	2015	T3	sept.	Alberta	Alberta	Canadian Experience	Catégorie de l’expérience canadienne	720
2023	Q4	Nov	2023	T4	nov.	Prince Edward Island	Île-du-Prince-Édouard	Provincial Nominee Program	Candidats des provinces ou des territoires	25
2017	Q3	Jul	2017	T3	juil.	British Columbia	Colombie-Britannique	Skilled Worker	Travailleurs qualifiés	145
2018	Q4	Oct	2018	T4	oct.	Nova Scotia	Nouvelle-Écosse	Skilled Worker	Travailleurs qualifiés	20
2017	Q4	Nov	2017	T4	nov.	Alberta	Alberta	Canadian Experience	Catégorie de l’expérience canadienne	375
2021	Q4	Dec	2021	T4	déc.	Newfoundland and Labrador	Terre-Neuve-et-Labrador	Provincial Nominee Program	Candidats des provinces ou des territoires	--
2019	Q4	Oct	2019	T4	oct.	British Columbia	Colombie-Britannique	Skilled Trade	Métiers spécialisés	35
2018	Q3	Jul	2018	T3	juil.	Saskatchewan	Saskatchewan	Skilled Worker	Travailleurs qualifiés	45
2020	Q2	Jun	2020	T2	juin	Northwest Territories	Territoires du Nord-Ouest	Provincial Nominee Program	Candidats des provinces ou des territoires	--
2026	Q2	Apr	2026	T2	avr.	British Columbia	Colombie-Britannique	Provincial Nominee Program	Candidats des provinces ou des territoires	230
2023	Q1	Feb	2023	T1	fév.	Nova Scotia	Nouvelle-Écosse	Provincial Nominee Program	Candidats des provinces ou des territoires	245
2018	Q2	May	2018	T2	mai	Nova Scotia	Nouvelle-Écosse	Provincial Nominee Program	Candidats des provinces ou des territoires	245
2023	Q3	Sep	2023	T3	sept.	Nunavut	Nunavut	Canadian Experience	Catégorie de l’expérience canadienne	--
2025	Q2	Apr	2025	T2	avr.	Ontario	Ontario	Canadian Experience	Catégorie de l’expérience canadienne	3160
2019	Q3	Aug	2019	T3	août	Ontario	Ontario	Skilled Trade	Métiers spécialisés	20
2023	Q2	Jun	2023	T2	juin	Ontario	Ontario	Provincial Nominee Program	Candidats des provinces ou des territoires	1395
2019	Q4	Nov	2019	T4	nov.	Saskatchewan	Saskatchewan	Skilled Worker	Travailleurs qualifiés	45
2025	Q3	Jul	2025	T3	juil.	Manitoba	Manitoba	Skilled Worker	Travailleurs qualifiés	65
2015	Q4	Dec	2015	T4	déc.	Nova Scotia	Nouvelle-Écosse	Skilled Trade	Métiers spécialisés	--
2020	Q4	Nov	2020	T4	nov.	British Columbia	Colombie-Britannique	Provincial Nominee Program	Candidats des provinces ou des territoires	325
2021	Q1	Jan	2021	T1	janv.	Nova Scotia	Nouvelle-Écosse	Provincial Nominee Program	Candidats des provinces ou des territoires	125
2018	Q1	Jan	2018	T1	janv.	British Columbia	Colombie-Britannique	Skilled Trade	Métiers spécialisés	40
2024	Q2	Jun	2024	T2	juin	Prince Edward Island	Île-du-Prince-Édouard	Canadian Experience	Catégorie de l’expérience canadienne	--
2024	Q1	Feb	2024	T1	fév.	Alberta	Alberta	Provincial Nominee Program	Candidats des provinces ou des territoires	805
2019	Q1	Jan	2019	T1	janv.	Ontario	Ontario	Canadian Experience	Catégorie de l’expérience canadienne	1235
2024	Q1	Mar	2024	T1	mars	British Columbia	Colombie-Britannique	Skilled Worker	Travailleurs qualifiés	230
2016	Q3	Jul	2016	T3	juil.	New Brunswick	Nouveau-Brunswick	Provincial Nominee Program	Candidats des provinces ou des territoires	60
2023	Q1	Mar	2023	T1	mars	Nova Scotia	Nouvelle-Écosse	Canadian Experience	Catégorie de l’expérience canadienne	60
2024	Q3	Aug	2024	T3	août	Nova Scotia	Nouvelle-Écosse	Provincial Nominee Program	Candidats des provinces ou des territoires	125
2019	Q4	Nov	2019	T4	nov.	New Brunswick	Nouveau-Brunswick	Canadian Experience	Catégorie de l’expérience canadienne	10
2022	Q3	Sep	2022	T3	sept.	Northwest Territories	Territoires du Nord-Ouest	Provincial Nominee Program	Candidats des provinces ou des territoires	5
2015	Q3	Sep	2015	T3	sept.	Nova Scotia	Nouvelle-Écosse	Skilled Trade	Métiers spécialisés	--
2025	Q4	Oct	2025	T4	oct.	Nunavut	Nunavut	Skilled Worker	Travailleurs qualifiés	--
2024	Q2	Apr	2024	T2	avr.	Prince Edward Island	Île-du-Prince-Édouard	Provincial Nominee Program	Candidats des provinces ou des territoires	60
2023	Q3	Jul	2023	T3	juil.	Saskatchewan	Saskatchewan	Canadian Experience	Catégorie de l’expérience canadienne	20
2020	Q3	Sep	2020	T3	sept.	Prince Edward Island	Île-du-Prince-Édouard	Provincial Nominee Program	Candidats des provinces ou des territoires	10
2019	Q4	Nov	2019	T4	nov.	Yukon	Yukon	Provincial Nominee Program	Candidats des provinces ou des territoires	--
2023	Q1	Mar	2023	T1	mars	Manitoba	Manitoba	Provincial Nominee Program	Candidats des provinces ou des territoires	460
2017	Q2	Apr	2017	T2	avr.	Nova Scotia	Nouvelle-Écosse	Skilled Worker	Travailleurs qualifiés	5
2021	Q1	Jan	2021	T1	janv.	Manitoba	Manitoba	Canadian Experience	Catégorie de l’expérience canadienne	60
2024	Q3	Sep	2024	T3	sept.	Newfoundland and Labrador	Terre-Neuve-et-Labrador	Provincial Nominee Program	Candidats des provinces ou des territoires	15
2017	Q2	May	2017	T2	mai	Ontario	Ontario	Provincial Nominee Program	Candidats des provinces ou des territoires	260
2016	Q4	Dec	2016	T4	déc.	Newfoundland and Labrador	Terre-Neuve-et-Labrador	Provincial Nominee Program	Candidats des provinces ou des territoires	--
2019	Q1	Mar	2019	T1	mars	Yukon	Yukon	Canadian Experience	Catégorie de l’expérience canadienne	--
2019	Q4	Oct	2019	T4	oct.	Yukon	Yukon	Provincial Nominee Program	Candidats des provinces ou des territoires	--
2025	Q4	Oct	2025	T4	oct.	Yukon	Yukon	Canadian Experience	Catégorie de l’expérience canadienne	--
2016	Q4	Oct	2016	T4	oct.	Manitoba	Manitoba	Canadian Experience	Catégorie de l’expérience canadienne	10
2020	Q1	Mar	2020	T1	mars	Ontario	Ontario	Skilled Trade	Métiers spécialisés	25
2016	Q3	Aug	2016	T3	août	British Columbia	Colombie-Britannique	Skilled Worker	Travailleurs qualifiés	245
2019	Q1	Jan	2019	T1	janv.	Newfoundland and Labrador	Terre-Neuve-et-Labrador	Skilled Worker	Travailleurs qualifiés	--
2018	Q2	Jun	2018	T2	juin	Manitoba	Manitoba	Skilled Worker	Travailleurs qualifiés	55
2018	Q1	Feb	2018	T1	fév.	Ontario	Ontario	Skilled Trade	Métiers spécialisés	45
2025	Q3	Aug	2025	T3	août	Northwest Territories	Territoires du Nord-Ouest	Canadian Experience	Catégorie de l’expérience canadienne	--
2019	Q4	Nov	2019	T4	nov.	British Columbia	Colombie-Britannique	Provincial Nominee Program	Candidats des provinces ou des territoires	360
2024	Q3	Jul	2024	T3	juil.	British Columbia	Colombie-Britannique	Canadian Experience	Catégorie de l’expérience canadienne	675
2020	Q4	Nov	2020	T4	nov.	Prince Edward Island	Île-du-Prince-Édouard	Provincial Nominee Program	Candidats des provinces ou des territoires	20
2018	Q2	Apr	2018	T2	avr.	Nova Scotia	Nouvelle-Écosse	Provincial Nominee Program	Candidats des provinces ou des territoires	270
2017	Q4	Dec	2017	T4	déc.	Prince Edward Island	Île-du-Prince-Édouard	Canadian Experience	Catégorie de l’expérience canadienne	--
2018	Q3	Jul	2018	T3	juil.	New Brunswick	Nouveau-Brunswick	Skilled Worker	Travailleurs qualifiés	5
2016	Q1	Mar	2016	T1	mars	New Brunswick	Nouveau-Brunswick	Provincial Nominee Program	Candidats des provinces ou des territoires	--
2022	Q1	Feb	2022	T1	fév.	Prince Edward Island	Île-du-Prince-Édouard	Provincial Nominee Program	Candidats des provinces ou des territoires	45
2017	Q3	Jul	2017	T3	juil.	Ontario	Ontario	Provincial Nominee Program	Candidats des provinces ou des territoires	395
2024	Q2	Apr	2024	T2	avr.	Alberta	Alberta	Provincial Nominee Program	Candidats des provinces ou des territoires	1250
2024	Q3	Sep	2024	T3	sept.	Manitoba	Manitoba	Skilled Worker	Travailleurs qualifiés	160
2018	Q1	Feb	2018	T1	fév.	Nova Scotia	Nouvelle-Écosse	Provincial Nominee Program	Candidats des provinces ou des territoires	170
2025	Q4	Nov	2025	T4	nov.	Nova Scotia	Nouvelle-Écosse	Provincial Nominee Program	Candidats des provinces ou des territoires	55
2017	Q4	Oct	2017	T4	oct.	Yukon	Yukon	Provincial Nominee Program	Candidats des provinces ou des territoires	--
2021	Q3	Aug	2021	T3	août	Prince Edward Island	Île-du-Prince-Édouard	Canadian Experience	Catégorie de l’expérience canadienne	70
2023	Q2	Jun	2023	T2	juin	Alberta	Alberta	Skilled Worker	Travailleurs qualifiés	390
2025	Q4	Oct	2025	T4	oct.	Alberta	Alberta	Skilled Worker	Travailleurs qualifiés	485
2019	Q1	Jan	2019	T1	janv.	Yukon	Yukon	Canadian Experience	Catégorie de l’expérience canadienne	--
2018	Q3	Jul	2018	T3	juil.	Yukon	Yukon	Canadian Experience	Catégorie de l’expérience canadienne	--
2022	Q3	Jul	2022	T3	juil.	British Columbia	Colombie-Britannique	Provincial Nominee Program	Candidats des provinces ou des territoires	860
2025	Q1	Mar	2025	T1	mars	Manitoba	Manitoba	Canadian Experience	Catégorie de l’expérience canadienne	40
2019	Q2	Jun	2019	T2	juin	Prince Edward Island	Île-du-Prince-Édouard	Provincial Nominee Program	Candidats des provinces ou des territoires	25
2025	Q2	Jun	2025	T2	juin	Newfoundland and Labrador	Terre-Neuve-et-Labrador	Canadian Experience	Catégorie de l’expérience canadienne	10
2024	Q3	Jul	2024	T3	juil.	Alberta	Alberta	Canadian Experience	Catégorie de l’expérience canadienne	260
2016	Q2	Apr	2016	T2	avr.	Nova Scotia	Nouvelle-Écosse	Skilled Worker	Travailleurs qualifiés	20
2021	Q4	Dec	2021	T4	déc.	Manitoba	Manitoba	Skilled Worker	Travailleurs qualifiés	15
2021	Q4	Nov	2021	T4	nov.	Newfoundland and Labrador	Terre-Neuve-et-Labrador	Skilled Worker	Travailleurs qualifiés	--
2019	Q2	Jun	2019	T2	juin	Manitoba	Manitoba	Skilled Worker	Travailleurs qualifiés	70
2026	Q1	Jan	2026	T1	janv.	British Columbia	Colombie-Britannique	Skilled Worker	Travailleurs qualifiés	160
2020	Q2	May	2020	T2	mai	Manitoba	Manitoba	Skilled Worker	Travailleurs qualifiés	15
2023	Q3	Aug	2023	T3	août	British Columbia	Colombie-Britannique	Provincial Nominee Program	Candidats des provinces ou des territoires	675
2020	Q2	Jun	2020	T2	juin	Newfoundland and Labrador	Terre-Neuve-et-Labrador	Provincial Nominee Program	Candidats des provinces ou des territoires	20
2021	Q4	Nov	2021	T4	nov.	Nova Scotia	Nouvelle-Écosse	Skilled Worker	Travailleurs qualifiés	5
2021	Q3	Jul	2021	T3	juil.	Saskatchewan	Saskatchewan	Canadian Experience	Catégorie de l’expérience canadienne	120
2026	Q2	Apr	2026	T2	avr.	Nova Scotia	Nouvelle-Écosse	Canadian Experience	Catégorie de l’expérience canadienne	30
2024	Q3	Aug	2024	T3	août	Newfoundland and Labrador	Terre-Neuve-et-Labrador	Canadian Experience	Catégorie de l’expérience canadienne	--
2019	Q4	Oct	2019	T4	oct.	Nunavut	Nunavut	Canadian Experience	Catégorie de l’expérience canadienne	5
2026	Q1	Jan	2026	T1	janv.	New Brunswick	Nouveau-Brunswick	Provincial Nominee Program	Candidats des provinces ou des territoires	140
2020	Q1	Jan	2020	T1	janv.	Ontario	Ontario	Skilled Trade	Métiers spécialisés	55
2015	Q4	Oct	2015	T4	oct.	British Columbia	Colombie-Britannique	Provincial Nominee Program	Candidats des provinces ou des territoires	85
2021	Q2	Jun	2021	T2	juin	Alberta	Alberta	Skilled Trade	Métiers spécialisés	--
2026	Q1	Jan	2026	T1	janv.	Manitoba	Manitoba	Provincial Nominee Program	Candidats des provinces ou des territoires	95
2019	Q4	Dec	2019	T4	déc.	New Brunswick	Nouveau-Brunswick	Skilled Worker	Travailleurs qualifiés	10
2023	Q2	May	2023	T2	mai	Newfoundland and Labrador	Terre-Neuve-et-Labrador	Skilled Worker	Travailleurs qualifiés	--
2019	Q3	Sep	2019	T3	sept.	British Columbia	Colombie-Britannique	Provincial Nominee Program	Candidats des provinces ou des territoires	525
2024	Q3	Jul	2024	T3	juil.	Nova Scotia	Nouvelle-Écosse	Provincial Nominee Program	Candidats des provinces ou des territoires	140
2019	Q1	Jan	2019	T1	janv.	Alberta	Alberta	Provincial Nominee Program	Candidats des provinces ou des territoires	--
2017	Q2	Jun	2017	T2	juin	Nova Scotia	Nouvelle-Écosse	Provincial Nominee Program	Candidats des provinces ou des territoires	220
2026	Q1	Jan	2026	T1	janv.	Northwest Territories	Territoires du Nord-Ouest	Provincial Nominee Program	Candidats des provinces ou des territoires	20
2016	Q4	Nov	2016	T4	nov.	Manitoba	Manitoba	Canadian Experience	Catégorie de l’expérience canadienne	--
2026	Q3	Jul	2026	T3	juil.	Alberta	Alberta	Provincial Nominee Program	Candidats des provinces ou des territoires	320
2019	Q4	Dec	2019	T4	déc.	New Brunswick	Nouveau-Brunswick	Provincial Nominee Program	Candidats des provinces ou des territoires	35
2015	Q4	Nov	2015	T4	nov.	Manitoba	Manitoba	Provincial Nominee Program	Candidats des provinces ou des territoires	5
2017	Q4	Dec	2017	T4	déc.	Saskatchewan	Saskatchewan	Skilled Worker	Travailleurs qualifiés	45
2026	Q2	May	2026	T2	mai	Yukon	Yukon	Skilled Worker	Travailleurs qualifiés	5
2022	Q1	Jan	2022	T1	janv.	Saskatchewan	Saskatchewan	Canadian Experience	Catégorie de l’expérience canadienne	55
2017	Q1	Jan	2017	T1	janv.	Alberta	Alberta	Skilled Worker	Travailleurs qualifiés	265
2021	Q4	Nov	2021	T4	nov.	New Brunswick	Nouveau-Brunswick	Provincial Nominee Program	Candidats des provinces ou des territoires	35
2021	Q4	Nov	2021	T4	nov.	Alberta	Alberta	Skilled Trade	Métiers spécialisés	--
2018	Q3	Sep	2018	T3	sept.	Ontario	Ontario	Skilled Worker	Travailleurs qualifiés	2820
2016	Q2	Apr	2016	T2	avr.	Alberta	Alberta	Skilled Worker	Travailleurs qualifiés	320
2022	Q4	Dec	2022	T4	déc.	British Columbia	Colombie-Britannique	Provincial Nominee Program	Candidats des provinces ou des territoires	295
2016	Q1	Mar	2016	T1	mars	Prince Edward Island	Île-du-Prince-Édouard	Skilled Worker	Travailleurs qualifiés	--
2017	Q4	Oct	2017	T4	oct.	Ontario	Ontario	Provincial Nominee Program	Candidats des provinces ou des territoires	555
2019	Q4	Oct	2019	T4	oct.	Alberta	Alberta	Skilled Worker	Travailleurs qualifiés	465
2024	Q4	Oct	2024	T4	oct.	Saskatchewan	Saskatchewan	Provincial Nominee Program	Candidats des provinces ou des territoires	145
2022	Q2	Apr	2022	T2	avr.	Ontario	Ontario	Skilled Trade	Métiers spécialisés	--
2017	Q4	Oct	2017	T4	oct.	New Brunswick	Nouveau-Brunswick	Skilled Worker	Travailleurs qualifiés	10
2018	Q3	Jul	2018	T3	juil.	Ontario	Ontario	Provincial Nominee Program	Candidats des provinces ou des territoires	745
2021	Q4	Dec	2021	T4	déc.	Manitoba	Manitoba	Provincial Nominee Program	Candidats des provinces ou des territoires	160
2023	Q2	Jun	2023	T2	juin	Alberta	Alberta	Provincial Nominee Program	Candidats des provinces ou des territoires	690
2023	Q4	Nov	2023	T4	nov.	Alberta	Alberta	Canadian Experience	Catégorie de l’expérience canadienne	175
2021	Q1	Feb	2021	T1	fév.	Alberta	Alberta	Skilled Worker	Travailleurs qualifiés	170
2024	Q1	Mar	2024	T1	mars	Newfoundland and Labrador	Terre-Neuve-et-Labrador	Canadian Experience	Catégorie de l’expérience canadienne	--
2026	Q2	May	2026	T2	mai	Northwest Territories	Territoires du Nord-Ouest	Canadian Experience	Catégorie de l’expérience canadienne	--
2023	Q3	Jul	2023	T3	juil.	British Columbia	Colombie-Britannique	Canadian Experience	Catégorie de l’expérience canadienne	560
2025	Q3	Aug	2025	T3	août	Alberta	Alberta	Provincial Nominee Program	Candidats des provinces ou des territoires	180
2019	Q1	Mar	2019	T1	mars	British Columbia	Colombie-Britannique	Canadian Experience	Catégorie de l’expérience canadienne	660
2017	Q4	Nov	2017	T4	nov.	Prince Edward Island	Île-du-Prince-Édouard	Canadian Experience	Catégorie de l’expérience canadienne	10
2026	Q2	May	2026	T2	mai	Ontario	Ontario	Skilled Worker	Travailleurs qualifiés	1800
2019	Q4	Nov	2019	T4	nov.	Nova Scotia	Nouvelle-Écosse	Skilled Worker	Travailleurs qualifiés	10
2025	Q2	Apr	2025	T2	avr.	Prince Edward Island	Île-du-Prince-Édouard	Provincial Nominee Program	Candidats des provinces ou des territoires	30
2022	Q1	Feb	2022	T1	fév.	New Brunswick	Nouveau-Brunswick	Skilled Worker	Travailleurs qualifiés	--
2023	Q4	Dec	2023	T4	déc.	Yukon	Yukon	Provincial Nominee Program	Candidats des provinces ou des territoires	--
2021	Q2	Jun	2021	T2	juin	Nunavut	Nunavut	Canadian Experience	Catégorie de l’expérience canadienne	--
2022	Q3	Sep	2022	T3	sept.	Newfoundland and Labrador	Terre-Neuve-et-Labrador	Canadian Experience	Catégorie de l’expérience canadienne	--
2025	Q4	Nov	2025	T4	nov.	Nova Scotia	Nouvelle-Écosse	Skilled Worker	Travailleurs qualifiés	35
2020	Q2	May	2020	T2	mai	British Columbia	Colombie-Britannique	Provincial Nominee Program	Candidats des provinces ou des territoires	625
2016	Q1	Jan	2016	T1	janv.	Nova Scotia	Nouvelle-Écosse	Provincial Nominee Program	Candidats des provinces ou des territoires	25
2025	Q4	Oct	2025	T4	oct.	Newfoundland and Labrador	Terre-Neuve-et-Labrador	Skilled Worker	Travailleurs qualifiés	5
2020	Q3	Aug	2020	T3	août	New Brunswick	Nouveau-Brunswick	Canadian Experience	Catégorie de l’expérience canadienne	--
2026	Q2	Apr	2026	T2	avr.	Prince Edward Island	Île-du-Prince-Édouard	Skilled Worker	Travailleurs qualifiés	--
2018	Q2	May	2018	T2	mai	Alberta	Alberta	Canadian Experience	Catégorie de l’expérience canadienne	210
2016	Q3	Jul	2016	T3	juil.	British Columbia	Colombie-Britannique	Skilled Trade	Métiers spécialisés	40
2024	Q2	Apr	2024	T2	avr.	British Columbia	Colombie-Britannique	Skilled Trade	Métiers spécialisés	10
2024	Q2	May	2024	T2	mai	Newfoundland and Labrador	Terre-Neuve-et-Labrador	Skilled Worker	Travailleurs qualifiés	5
2020	Q1	Mar	2020	T1	mars	Manitoba	Manitoba	Canadian Experience	Catégorie de l’expérience canadienne	30
2020	Q1	Mar	2020	T1	mars	Newfoundland and Labrador	Terre-Neuve-et-Labrador	Provincial Nominee Program	Candidats des provinces ou des territoires	--
2018	Q2	Jun	2018	T2	juin	Newfoundland and Labrador	Terre-Neuve-et-Labrador	Skilled Worker	Travailleurs qualifiés	5
2021	Q3	Aug	2021	T3	août	British Columbia	Colombie-Britannique	Skilled Trade	Métiers spécialisés	20
2025	Q2	Jun	2025	T2	juin	Nova Scotia	Nouvelle-Écosse	Skilled Worker	Travailleurs qualifiés	35
2023	Q2	Jun	2023	T2	juin	Yukon	Yukon	Canadian Experience	Catégorie de l’expérience canadienne	--
2024	Q2	Jun	2024	T2	juin	Saskatchewan	Saskatchewan	Canadian Experience	Catégorie de l’expérience canadienne	15
2018	Q1	Jan	2018	T1	janv.	Northwest Territories	Territoires du Nord-Ouest	Canadian Experience	Catégorie de l’expérience canadienne	5
2021	Q3	Sep	2021	T3	sept.	Ontario	Ontario	Skilled Trade	Métiers spécialisés	65
2017	Q3	Aug	2017	T3	août	New Brunswick	Nouveau-Brunswick	Skilled Worker	Travailleurs qualifiés	15
2017	Q4	Oct	2017	T4	oct.	Alberta	Alberta	Canadian Experience	Catégorie de l’expérience canadienne	380
2020	Q2	Jun	2020	T2	juin	Saskatchewan	Saskatchewan	Canadian Experience	Catégorie de l’expérience canadienne	65
2021	Q4	Dec	2021	T4	déc.	Saskatchewan	Saskatchewan	Skilled Worker	Travailleurs qualifiés	15
2018	Q1	Jan	2018	T1	janv.	Newfoundland and Labrador	Terre-Neuve-et-Labrador	Provincial Nominee Program	Candidats des provinces ou des territoires	--
2022	Q2	Jun	2022	T2	juin	British Columbia	Colombie-Britannique	Canadian Experience	Catégorie de l’expérience canadienne	350
2019	Q2	Apr	2019	T2	avr.	Nova Scotia	Nouvelle-Écosse	Skilled Worker	Travailleurs qualifiés	25
2015	Q3	Jul	2015	T3	juil.	British Columbia	Colombie-Britannique	Skilled Trade	Métiers spécialisés	--
2021	Q1	Jan	2021	T1	janv.	Alberta	Alberta	Canadian Experience	Catégorie de l’expérience canadienne	220
2023	Q4	Nov	2023	T4	nov.	New Brunswick	Nouveau-Brunswick	Canadian Experience	Catégorie de l’expérience canadienne	15
2023	Q2	Apr	2023	T2	avr.	Manitoba	Manitoba	Skilled Worker	Travailleurs qualifiés	15
2016	Q4	Nov	2016	T4	nov.	New Brunswick	Nouveau-Brunswick	Provincial Nominee Program	Candidats des provinces ou des territoires	40
2025	Q2	Apr	2025	T2	avr.	Yukon	Yukon	Skilled Worker	Travailleurs qualifiés	--
2017	Q3	Aug	2017	T3	août	Yukon	Yukon	Canadian Experience	Catégorie de l’expérience canadienne	--
2024	Q3	Sep	2024	T3	sept.	Nova Scotia	Nouvelle-Écosse	Provincial Nominee Program	Candidats des provinces ou des territoires	75
2018	Q3	Aug	2018	T3	août	Saskatchewan	Saskatchewan	Provincial Nominee Program	Candidats des provinces ou des territoires	215
2017	Q2	May	2017	T2	mai	New Brunswick	Nouveau-Brunswick	Canadian Experience	Catégorie de l’expérience canadienne	5
2022	Q4	Dec	2022	T4	déc.	Newfoundland and Labrador	Terre-Neuve-et-Labrador	Provincial Nominee Program	Candidats des provinces ou des territoires	35
2015	Q3	Jul	2015	T3	juil.	British Columbia	Colombie-Britannique	Canadian Experience	Catégorie de l’expérience canadienne	45
2015	Q4	Oct	2015	T4	oct.	Ontario	Ontario	Canadian Experience	Catégorie de l’expérience canadienne	255
2021	Q1	Mar	2021	T1	mars	Alberta	Alberta	Provincial Nominee Program	Candidats des provinces ou des territoires	135
2026	Q1	Feb	2026	T1	fév.	Manitoba	Manitoba	Canadian Experience	Catégorie de l’expérience canadienne	45
2026	Q2	Apr	2026	T2	avr.	Manitoba	Manitoba	Canadian Experience	Catégorie de l’expérience canadienne	40
2019	Q1	Mar	2019	T1	mars	Newfoundland and Labrador	Terre-Neuve-et-Labrador	Canadian Experience	Catégorie de l’expérience canadienne	10
2017	Q1	Feb	2017	T1	fév.	Manitoba	Manitoba	Skilled Worker	Travailleurs qualifiés	5
2023	Q3	Sep	2023	T3	sept.	Alberta	Alberta	Skilled Worker	Travailleurs qualifiés	370
2023	Q2	Apr	2023	T2	avr.	Prince Edward Island	Île-du-Prince-Édouard	Provincial Nominee Program	Candidats des provinces ou des territoires	20
2017	Q4	Oct	2017	T4	oct.	British Columbia	Colombie-Britannique	Skilled Trade	Métiers spécialisés	25
2020	Q1	Feb	2020	T1	fév.	Ontario	Ontario	Canadian Experience	Catégorie de l’expérience canadienne	1995
2018	Q3	Jul	2018	T3	juil.	Alberta	Alberta	Skilled Worker	Travailleurs qualifiés	355
2023	Q1	Mar	2023	T1	mars	Newfoundland and Labrador	Terre-Neuve-et-Labrador	Provincial Nominee Program	Candidats des provinces ou des territoires	50
2020	Q4	Nov	2020	T4	nov.	Manitoba	Manitoba	Canadian Experience	Catégorie de l’expérience canadienne	25
2022	Q3	Jul	2022	T3	juil.	Manitoba	Manitoba	Provincial Nominee Program	Candidats des provinces ou des territoires	570
2017	Q4	Dec	2017	T4	déc.	Prince Edward Island	Île-du-Prince-Édouard	Skilled Worker	Travailleurs qualifiés	--
2022	Q3	Sep	2022	T3	sept.	British Columbia	Colombie-Britannique	Skilled Trade	Métiers spécialisés	20
2026	Q1	Mar	2026	T1	mars	Northwest Territories	Territoires du Nord-Ouest	Skilled Worker	Travailleurs qualifiés	--
2018	Q3	Aug	2018	T3	août	British Columbia	Colombie-Britannique	Skilled Trade	Métiers spécialisés	15
2020	Q2	May	2020	T2	mai	Ontario	Ontario	Canadian Experience	Catégorie de l’expérience canadienne	1305
2022	Q3	Aug	2022	T3	août	Alberta	Alberta	Canadian Experience	Catégorie de l’expérience canadienne	60
2020	Q3	Aug	2020	T3	août	Manitoba	Manitoba	Provincial Nominee Program	Candidats des provinces ou des territoires	40
2017	Q1	Jan	2017	T1	janv.	Manitoba	Manitoba	Skilled Worker	Travailleurs qualifiés	15
2025	Q1	Mar	2025	T1	mars	Yukon	Yukon	Skilled Worker	Travailleurs qualifiés	--
2023	Q2	May	2023	T2	mai	Yukon	Yukon	Skilled Worker	Travailleurs qualifiés	--
2017	Q1	Jan	2017	T1	janv.	New Brunswick	Nouveau-Brunswick	Canadian Experience	Catégorie de l’expérience canadienne	--
2015	Q4	Oct	2015	T4	oct.	Manitoba	Manitoba	Canadian Experience	Catégorie de l’expérience canadienne	10
2024	Q1	Feb	2024	T1	fév.	Yukon	Yukon	Provincial Nominee Program	Candidats des provinces ou des territoires	--
2025	Q1	Feb	2025	T1	fév.	Alberta	Alberta	Canadian Experience	Catégorie de l’expérience canadienne	410
2022	Q1	Mar	2022	T1	mars	Nova Scotia	Nouvelle-Écosse	Provincial Nominee Program	Candidats des provinces ou des territoires	410
2020	Q3	Jul	2020	T3	juil.	British Columbia	Colombie-Britannique	Skilled Trade	Métiers spécialisés	5
2017	Q1	Jan	2017	T1	janv.	Saskatchewan	Saskatchewan	Skilled Trade	Métiers spécialisés	5
2024	Q2	Jun	2024	T2	juin	Manitoba	Manitoba	Provincial Nominee Program	Candidats des provinces ou des territoires	440
2024	Q3	Jul	2024	T3	juil.	New Brunswick	Nouveau-Brunswick	Provincial Nominee Program	Candidats des provinces ou des territoires	310
2021	Q1	Jan	2021	T1	janv.	Saskatchewan	Saskatchewan	Skilled Worker	Travailleurs qualifiés	10
2017	Q2	Apr	2017	T2	avr.	Newfoundland and Labrador	Terre-Neuve-et-Labrador	Skilled Trade	Métiers spécialisés	--
2025	Q2	Jun	2025	T2	juin	New Brunswick	Nouveau-Brunswick	Provincial Nominee Program	Candidats des provinces ou des territoires	205
2019	Q1	Mar	2019	T1	mars	Alberta	Alberta	Skilled Trade	Métiers spécialisés	25
2016	Q3	Aug	2016	T3	août	Nova Scotia	Nouvelle-Écosse	Provincial Nominee Program	Candidats des provinces ou des territoires	200
2023	Q4	Nov	2023	T4	nov.	British Columbia	Colombie-Britannique	Skilled Worker	Travailleurs qualifiés	275
2022	Q2	Apr	2022	T2	avr.	Yukon	Yukon	Canadian Experience	Catégorie de l’expérience canadienne	5
2025	Q2	Jun	2025	T2	juin	British Columbia	Colombie-Britannique	Provincial Nominee Program	Candidats des provinces ou des territoires	815
2020	Q2	Apr	2020	T2	avr.	Northwest Territories	Territoires du Nord-Ouest	Canadian Experience	Catégorie de l’expérience canadienne	5
2023	Q1	Mar	2023	T1	mars	British Columbia	Colombie-Britannique	Skilled Trade	Métiers spécialisés	5
2016	Q1	Mar	2016	T1	mars	Northwest Territories	Territoires du Nord-Ouest	Skilled Worker	Travailleurs qualifiés	--
2026	Q2	Apr	2026	T2	avr.	Alberta	Alberta	Provincial Nominee Program	Candidats des provinces ou des territoires	355
2018	Q4	Nov	2018	T4	nov.	Prince Edward Island	Île-du-Prince-Édouard	Skilled Worker	Travailleurs qualifiés	--
2024	Q3	Aug	2024	T3	août	New Brunswick	Nouveau-Brunswick	Provincial Nominee Program	Candidats des provinces ou des territoires	315
2023	Q1	Feb	2023	T1	fév.	New Brunswick	Nouveau-Brunswick	Canadian Experience	Catégorie de l’expérience canadienne	20
2016	Q2	Jun	2016	T2	juin	Ontario	Ontario	Canadian Experience	Catégorie de l’expérience canadienne	200
2017	Q3	Aug	2017	T3	août	British Columbia	Colombie-Britannique	Skilled Worker	Travailleurs qualifiés	235
2018	Q4	Dec	2018	T4	déc.	Northwest Territories	Territoires du Nord-Ouest	Skilled Worker	Travailleurs qualifiés	--
2023	Q1	Feb	2023	T1	fév.	Northwest Territories	Territoires du Nord-Ouest	Canadian Experience	Catégorie de l’expérience canadienne	5
2017	Q3	Jul	2017	T3	juil.	Yukon	Yukon	Skilled Worker	Travailleurs qualifiés	--
2022	Q3	Sep	2022	T3	sept.	Nova Scotia	Nouvelle-Écosse	Skilled Worker	Travailleurs qualifiés	25
2023	Q3	Aug	2023	T3	août	Newfoundland and Labrador	Terre-Neuve-et-Labrador	Provincial Nominee Program	Candidats des provinces ou des territoires	30
2024	Q4	Nov	2024	T4	nov.	Saskatchewan	Saskatchewan	Skilled Worker	Travailleurs qualifiés	40
2020	Q1	Jan	2020	T1	janv.	Nova Scotia	Nouvelle-Écosse	Canadian Experience	Catégorie de l’expérience canadienne	30
2016	Q1	Feb	2016	T1	fév.	Saskatchewan	Saskatchewan	Skilled Trade	Métiers spécialisés	10
2025	Q2	May	2025	T2	mai	Nunavut	Nunavut	Skilled Worker	Travailleurs qualifiés	--
2018	Q1	Feb	2018	T1	fév.	Newfoundland and Labrador	Terre-Neuve-et-Labrador	Skilled Worker	Travailleurs qualifiés	--
2021	Q4	Oct	2021	T4	oct.	Ontario	Ontario	Skilled Worker	Travailleurs qualifiés	505
2019	Q2	Jun	2019	T2	juin	Saskatchewan	Saskatchewan	Canadian Experience	Catégorie de l’expérience canadienne	35
2022	Q1	Mar	2022	T1	mars	New Brunswick	Nouveau-Brunswick	Skilled Worker	Travailleurs qualifiés	15
2019	Q2	Jun	2019	T2	juin	New Brunswick	Nouveau-Brunswick	Provincial Nominee Program	Candidats des provinces ou des territoires	190
2017	Q2	Apr	2017	T2	avr.	Saskatchewan	Saskatchewan	Provincial Nominee Program	Candidats des provinces ou des territoires	175
2020	Q4	Nov	2020	T4	nov.	Ontario	Ontario	Provincial Nominee Program	Candidats des provinces ou des territoires	120
2023	Q1	Mar	2023	T1	mars	Yukon	Yukon	Provincial Nominee Program	Candidats des provinces ou des territoires	--
2022	Q2	May	2022	T2	mai	Nova Scotia	Nouvelle-Écosse	Skilled Worker	Travailleurs qualifiés	20
2015	Q4	Nov	2015	T4	nov.	Nunavut	Nunavut	Canadian Experience	Catégorie de l’expérience canadienne	--
2023	Q1	Mar	2023	T1	mars	Northwest Territories	Territoires du Nord-Ouest	Provincial Nominee Program	Candidats des provinces ou des territoires	--
2026	Q2	May	2026	T2	mai	British Columbia	Colombie-Britannique	Canadian Experience	Catégorie de l’expérience canadienne	780
2019	Q4	Nov	2019	T4	nov.	British Columbia	Colombie-Britannique	Skilled Worker	Travailleurs qualifiés	635
2015	Q3	Aug	2015	T3	août	British Columbia	Colombie-Britannique	Skilled Worker	Travailleurs qualifiés	30
2017	Q3	Jul	2017	T3	juil.	Nova Scotia	Nouvelle-Écosse	Canadian Experience	Catégorie de l’expérience canadienne	10
2022	Q3	Jul	2022	T3	juil.	Saskatchewan	Saskatchewan	Provincial Nominee Program	Candidats des provinces ou des territoires	900
2020	Q1	Mar	2020	T1	mars	Saskatchewan	Saskatchewan	Canadian Experience	Catégorie de l’expérience canadienne	20
2023	Q4	Dec	2023	T4	déc.	New Brunswick	Nouveau-Brunswick	Skilled Worker	Travailleurs qualifiés	80
2025	Q3	Jul	2025	T3	juil.	Saskatchewan	Saskatchewan	Canadian Experience	Catégorie de l’expérience canadienne	25
2016	Q2	Apr	2016	T2	avr.	Northwest Territories	Territoires du Nord-Ouest	Provincial Nominee Program	Candidats des provinces ou des territoires	--
2015	Q3	Sep	2015	T3	sept.	British Columbia	Colombie-Britannique	Canadian Experience	Catégorie de l’expérience canadienne	160
2018	Q4	Oct	2018	T4	oct.	Northwest Territories	Territoires du Nord-Ouest	Provincial Nominee Program	Candidats des provinces ou des territoires	--
2024	Q4	Nov	2024	T4	nov.	Alberta	Alberta	Skilled Worker	Travailleurs qualifiés	530
2025	Q3	Sep	2025	T3	sept.	Prince Edward Island	Île-du-Prince-Édouard	Provincial Nominee Program	Candidats des provinces ou des territoires	15
2019	Q2	Apr	2019	T2	avr.	Manitoba	Manitoba	Skilled Worker	Travailleurs qualifiés	50
2018	Q4	Dec	2018	T4	déc.	Prince Edward Island	Île-du-Prince-Édouard	Canadian Experience	Catégorie de l’expérience canadienne	--
2024	Q1	Feb	2024	T1	fév.	New Brunswick	Nouveau-Brunswick	Canadian Experience	Catégorie de l’expérience canadienne	25
2020	Q3	Aug	2020	T3	août	Alberta	Alberta	Canadian Experience	Catégorie de l’expérience canadienne	30
2024	Q1	Feb	2024	T1	fév.	Nunavut	Nunavut	Canadian Experience	Catégorie de l’expérience canadienne	--
2018	Q4	Dec	2018	T4	déc.	Newfoundland and Labrador	Terre-Neuve-et-Labrador	Skilled Worker	Travailleurs qualifiés	--
2025	Q1	Feb	2025	T1	fév.	British Columbia	Colombie-Britannique	Skilled Worker	Travailleurs qualifiés	135
2017	Q3	Sep	2017	T3	sept.	Newfoundland and Labrador	Terre-Neuve-et-Labrador	Canadian Experience	Catégorie de l’expérience canadienne	10
2017	Q3	Aug	2017	T3	août	Newfoundland and Labrador	Terre-Neuve-et-Labrador	Skilled Worker	Travailleurs qualifiés	--
2019	Q1	Feb	2019	T1	fév.	New Brunswick	Nouveau-Brunswick	Provincial Nominee Program	Candidats des provinces ou des territoires	70
2021	Q2	May	2021	T2	mai	Newfoundland and Labrador	Terre-Neuve-et-Labrador	Canadian Experience	Catégorie de l’expérience canadienne	20
2023	Q4	Nov	2023	T4	nov.	Saskatchewan	Saskatchewan	Canadian Experience	Catégorie de l’expérience canadienne	20
2024	Q4	Dec	2024	T4	déc.	British Columbia	Colombie-Britannique	Provincial Nominee Program	Candidats des provinces ou des territoires	155
2020	Q2	Apr	2020	T2	avr.	New Brunswick	Nouveau-Brunswick	Provincial Nominee Program	Candidats des provinces ou des territoires	15
2018	Q4	Dec	2018	T4	déc.	Alberta	Alberta	Skilled Trade	Métiers spécialisés	--
2021	Q3	Sep	2021	T3	sept.	Newfoundland and Labrador	Terre-Neuve-et-Labrador	Canadian Experience	Catégorie de l’expérience canadienne	20
2021	Q2	Apr	2021	T2	avr.	British Columbia	Colombie-Britannique	Canadian Experience	Catégorie de l’expérience canadienne	1715
2016	Q2	Apr	2016	T2	avr.	Nova Scotia	Nouvelle-Écosse	Provincial Nominee Program	Candidats des provinces ou des territoires	140
2024	Q4	Dec	2024	T4	déc.	Newfoundland and Labrador	Terre-Neuve-et-Labrador	Skilled Worker	Travailleurs qualifiés	--
2021	Q4	Dec	2021	T4	déc.	Ontario	Ontario	Canadian Experience	Catégorie de l’expérience canadienne	6235
2022	Q4	Nov	2022	T4	nov.	Alberta	Alberta	Skilled Worker	Travailleurs qualifiés	240
2021	Q4	Dec	2021	T4	déc.	Yukon	Yukon	Skilled Worker	Travailleurs qualifiés	--
2017	Q4	Oct	2017	T4	oct.	Alberta	Alberta	Provincial Nominee Program	Candidats des provinces ou des territoires	--
2022	Q4	Nov	2022	T4	nov.	Manitoba	Manitoba	Skilled Worker	Travailleurs qualifiés	45
2019	Q3	Sep	2019	T3	sept.	Prince Edward Island	Île-du-Prince-Édouard	Provincial Nominee Program	Candidats des provinces ou des territoires	60
2026	Q2	Jun	2026	T2	juin	Prince Edward Island	Île-du-Prince-Édouard	Canadian Experience	Catégorie de l’expérience canadienne	10
2025	Q1	Feb	2025	T1	fév.	Saskatchewan	Saskatchewan	Canadian Experience	Catégorie de l’expérience canadienne	30
2019	Q3	Sep	2019	T3	sept.	Manitoba	Manitoba	Provincial Nominee Program	Candidats des provinces ou des territoires	195
2021	Q4	Oct	2021	T4	oct.	New Brunswick	Nouveau-Brunswick	Canadian Experience	Catégorie de l’expérience canadienne	105
2017	Q2	May	2017	T2	mai	British Columbia	Colombie-Britannique	Skilled Worker	Travailleurs qualifiés	115
2020	Q1	Jan	2020	T1	janv.	Alberta	Alberta	Skilled Trade	Métiers spécialisés	30
2020	Q1	Jan	2020	T1	janv.	Prince Edward Island	Île-du-Prince-Édouard	Skilled Worker	Travailleurs qualifiés	--
2016	Q4	Dec	2016	T4	déc.	Alberta	Alberta	Skilled Trade	Métiers spécialisés	85
2019	Q4	Oct	2019	T4	oct.	Saskatchewan	Saskatchewan	Skilled Worker	Travailleurs qualifiés	40
2022	Q1	Mar	2022	T1	mars	Nova Scotia	Nouvelle-Écosse	Canadian Experience	Catégorie de l’expérience canadienne	85
2015	Q3	Aug	2015	T3	août	Nova Scotia	Nouvelle-Écosse	Canadian Experience	Catégorie de l’expérience canadienne	5
2019	Q1	Feb	2019	T1	fév.	Prince Edward Island	Île-du-Prince-Édouard	Canadian Experience	Catégorie de l’expérience canadienne	--
2024	Q2	May	2024	T2	mai	Alberta	Alberta	Provincial Nominee Program	Candidats des provinces ou des territoires	840
2019	Q4	Nov	2019	T4	nov.	New Brunswick	Nouveau-Brunswick	Skilled Worker	Travailleurs qualifiés	15
2018	Q1	Mar	2018	T1	mars	Northwest Territories	Territoires du Nord-Ouest	Skilled Worker	Travailleurs qualifiés	5
2021	Q2	Apr	2021	T2	avr.	British Columbia	Colombie-Britannique	Skilled Trade	Métiers spécialisés	--
2017	Q3	Aug	2017	T3	août	Manitoba	Manitoba	Skilled Worker	Travailleurs qualifiés	15
2024	Q1	Jan	2024	T1	janv.	Manitoba	Manitoba	Skilled Worker	Travailleurs qualifiés	30
2024	Q3	Jul	2024	T3	juil.	British Columbia	Colombie-Britannique	Skilled Worker	Travailleurs qualifiés	320
2021	Q2	Apr	2021	T2	avr.	Prince Edward Island	Île-du-Prince-Édouard	Provincial Nominee Program	Candidats des provinces ou des territoires	--
2024	Q2	May	2024	T2	mai	Saskatchewan	Saskatchewan	Canadian Experience	Catégorie de l’expérience canadienne	40
2017	Q3	Sep	2017	T3	sept.	Prince Edward Island	Île-du-Prince-Édouard	Provincial Nominee Program	Candidats des provinces ou des territoires	60
2019	Q3	Aug	2019	T3	août	Alberta	Alberta	Provincial Nominee Program	Candidats des provinces ou des territoires	150
2017	Q3	Aug	2017	T3	août	Ontario	Ontario	Canadian Experience	Catégorie de l’expérience canadienne	1635
2025	Q3	Jul	2025	T3	juil.	Newfoundland and Labrador	Terre-Neuve-et-Labrador	Provincial Nominee Program	Candidats des provinces ou des territoires	20
2018	Q4	Oct	2018	T4	oct.	Ontario	Ontario	Skilled Worker	Travailleurs qualifiés	2430
2022	Q2	Jun	2022	T2	juin	Ontario	Ontario	Provincial Nominee Program	Candidats des provinces ou des territoires	1525
2021	Q1	Jan	2021	T1	janv.	Alberta	Alberta	Provincial Nominee Program	Candidats des provinces ou des territoires	330
2020	Q1	Feb	2020	T1	fév.	British Columbia	Colombie-Britannique	Canadian Experience	Catégorie de l’expérience canadienne	705
2016	Q2	Apr	2016	T2	avr.	Ontario	Ontario	Skilled Trade	Métiers spécialisés	35
2025	Q1	Jan	2025	T1	janv.	Nova Scotia	Nouvelle-Écosse	Skilled Worker	Travailleurs qualifiés	15
2021	Q1	Feb	2021	T1	fév.	Prince Edward Island	Île-du-Prince-Édouard	Skilled Worker	Travailleurs qualifiés	--
2019	Q1	Mar	2019	T1	mars	Newfoundland and Labrador	Terre-Neuve-et-Labrador	Provincial Nominee Program	Candidats des provinces ou des territoires	--
2018	Q2	Jun	2018	T2	juin	Ontario	Ontario	Provincial Nominee Program	Candidats des provinces ou des territoires	795
2018	Q4	Dec	2018	T4	déc.	Nova Scotia	Nouvelle-Écosse	Provincial Nominee Program	Candidats des provinces ou des territoires	115
2024	Q3	Aug	2024	T3	août	Prince Edward Island	Île-du-Prince-Édouard	Provincial Nominee Program	Candidats des provinces ou des territoires	35
2017	Q1	Mar	2017	T1	mars	Alberta	Alberta	Canadian Experience	Catégorie de l’expérience canadienne	680
2018	Q2	May	2018	T2	mai	Ontario	Ontario	Skilled Trade	Métiers spécialisés	40
2019	Q3	Sep	2019	T3	sept.	Newfoundland and Labrador	Terre-Neuve-et-Labrador	Skilled Worker	Travailleurs qualifiés	10
2018	Q2	May	2018	T2	mai	Nova Scotia	Nouvelle-Écosse	Skilled Worker	Travailleurs qualifiés	25
2024	Q4	Nov	2024	T4	nov.	British Columbia	Colombie-Britannique	Skilled Worker	Travailleurs qualifiés	195
2017	Q1	Feb	2017	T1	fév.	Nova Scotia	Nouvelle-Écosse	Skilled Worker	Travailleurs qualifiés	--
2018	Q3	Aug	2018	T3	août	New Brunswick	Nouveau-Brunswick	Skilled Worker	Travailleurs qualifiés	15
2016	Q4	Dec	2016	T4	déc.	Manitoba	Manitoba	Skilled Worker	Travailleurs qualifiés	15
2022	Q3	Aug	2022	T3	août	Saskatchewan	Saskatchewan	Provincial Nominee Program	Candidats des provinces ou des territoires	555
2018	Q2	Apr	2018	T2	avr.	British Columbia	Colombie-Britannique	Skilled Worker	Travailleurs qualifiés	635
2026	Q2	Apr	2026	T2	avr.	Prince Edward Island	Île-du-Prince-Édouard	Provincial Nominee Program	Candidats des provinces ou des territoires	40
2021	Q4	Nov	2021	T4	nov.	Alberta	Alberta	Skilled Worker	Travailleurs qualifiés	60
2020	Q2	Jun	2020	T2	juin	Northwest Territories	Territoires du Nord-Ouest	Skilled Worker	Travailleurs qualifiés	--
2016	Q1	Feb	2016	T1	fév.	Newfoundland and Labrador	Terre-Neuve-et-Labrador	Skilled Worker	Travailleurs qualifiés	--
2023	Q4	Nov	2023	T4	nov.	New Brunswick	Nouveau-Brunswick	Provincial Nominee Program	Candidats des provinces ou des territoires	90
2017	Q3	Aug	2017	T3	août	Saskatchewan	Saskatchewan	Canadian Experience	Catégorie de l’expérience canadienne	10
2025	Q2	Apr	2025	T2	avr.	New Brunswick	Nouveau-Brunswick	Canadian Experience	Catégorie de l’expérience canadienne	20
2024	Q3	Jul	2024	T3	juil.	Nova Scotia	Nouvelle-Écosse	Canadian Experience	Catégorie de l’expérience canadienne	65
2023	Q1	Jan	2023	T1	janv.	Manitoba	Manitoba	Skilled Trade	Métiers spécialisés	--
2018	Q4	Nov	2018	T4	nov.	Nova Scotia	Nouvelle-Écosse	Skilled Trade	Métiers spécialisés	--
2022	Q2	Jun	2022	T2	juin	Northwest Territories	Territoires du Nord-Ouest	Provincial Nominee Program	Candidats des provinces ou des territoires	--
2021	Q2	Jun	2021	T2	juin	British Columbia	Colombie-Britannique	Provincial Nominee Program	Candidats des provinces ou des territoires	460
2017	Q1	Mar	2017	T1	mars	Ontario	Ontario	Skilled Trade	Métiers spécialisés	25
2022	Q3	Aug	2022	T3	août	Yukon	Yukon	Canadian Experience	Catégorie de l’expérience canadienne	--
2017	Q4	Dec	2017	T4	déc.	Alberta	Alberta	Canadian Experience	Catégorie de l’expérience canadienne	390
2016	Q2	May	2016	T2	mai	British Columbia	Colombie-Britannique	Provincial Nominee Program	Candidats des provinces ou des territoires	405
2019	Q4	Dec	2019	T4	déc.	Alberta	Alberta	Skilled Trade	Métiers spécialisés	45
2017	Q4	Nov	2017	T4	nov.	Newfoundland and Labrador	Terre-Neuve-et-Labrador	Canadian Experience	Catégorie de l’expérience canadienne	25
2019	Q2	Apr	2019	T2	avr.	Manitoba	Manitoba	Canadian Experience	Catégorie de l’expérience canadienne	20
2020	Q2	May	2020	T2	mai	Newfoundland and Labrador	Terre-Neuve-et-Labrador	Skilled Worker	Travailleurs qualifiés	--
2025	Q2	May	2025	T2	mai	New Brunswick	Nouveau-Brunswick	Skilled Worker	Travailleurs qualifiés	130
2016	Q1	Mar	2016	T1	mars	Saskatchewan	Saskatchewan	Skilled Worker	Travailleurs qualifiés	25
2016	Q4	Dec	2016	T4	déc.	Northwest Territories	Territoires du Nord-Ouest	Skilled Worker	Travailleurs qualifiés	--
2019	Q1	Feb	2019	T1	fév.	Ontario	Ontario	Skilled Trade	Métiers spécialisés	5
2017	Q1	Mar	2017	T1	mars	Northwest Territories	Territoires du Nord-Ouest	Canadian Experience	Catégorie de l’expérience canadienne	--
2020	Q3	Sep	2020	T3	sept.	New Brunswick	Nouveau-Brunswick	Canadian Experience	Catégorie de l’expérience canadienne	--
2017	Q2	May	2017	T2	mai	Ontario	Ontario	Skilled Worker	Travailleurs qualifiés	295
2023	Q3	Aug	2023	T3	août	Nova Scotia	Nouvelle-Écosse	Canadian Experience	Catégorie de l’expérience canadienne	90
2015	Q4	Nov	2015	T4	nov.	Nova Scotia	Nouvelle-Écosse	Canadian Experience	Catégorie de l’expérience canadienne	5
2020	Q1	Feb	2020	T1	fév.	Prince Edward Island	Île-du-Prince-Édouard	Skilled Worker	Travailleurs qualifiés	--
2020	Q1	Feb	2020	T1	fév.	Yukon	Yukon	Skilled Worker	Travailleurs qualifiés	--
2025	Q2	May	2025	T2	mai	Saskatchewan	Saskatchewan	Provincial Nominee Program	Candidats des provinces ou des territoires	140
2016	Q3	Jul	2016	T3	juil.	Ontario	Ontario	Canadian Experience	Catégorie de l’expérience canadienne	200
2023	Q3	Sep	2023	T3	sept.	Alberta	Alberta	Provincial Nominee Program	Candidats des provinces ou des territoires	325
2022	Q1	Jan	2022	T1	janv.	British Columbia	Colombie-Britannique	Skilled Trade	Métiers spécialisés	20
2019	Q4	Nov	2019	T4	nov.	British Columbia	Colombie-Britannique	Skilled Trade	Métiers spécialisés	75
2025	Q3	Jul	2025	T3	juil.	Ontario	Ontario	Canadian Experience	Catégorie de l’expérience canadienne	3095
2024	Q4	Dec	2024	T4	déc.	New Brunswick	Nouveau-Brunswick	Provincial Nominee Program	Candidats des provinces ou des territoires	65
2017	Q1	Feb	2017	T1	fév.	Yukon	Yukon	Provincial Nominee Program	Candidats des provinces ou des territoires	--
2019	Q4	Dec	2019	T4	déc.	Alberta	Alberta	Provincial Nominee Program	Candidats des provinces ou des territoires	40
2023	Q1	Feb	2023	T1	fév.	Nova Scotia	Nouvelle-Écosse	Skilled Worker	Travailleurs qualifiés	10
2022	Q2	Apr	2022	T2	avr.	Ontario	Ontario	Canadian Experience	Catégorie de l’expérience canadienne	2005
2021	Q1	Feb	2021	T1	fév.	British Columbia	Colombie-Britannique	Canadian Experience	Catégorie de l’expérience canadienne	1265
2025	Q1	Feb	2025	T1	fév.	Alberta	Alberta	Skilled Worker	Travailleurs qualifiés	470
2016	Q1	Jan	2016	T1	janv.	Saskatchewan	Saskatchewan	Provincial Nominee Program	Candidats des provinces ou des territoires	--
2021	Q4	Oct	2021	T4	oct.	British Columbia	Colombie-Britannique	Skilled Worker	Travailleurs qualifiés	105
2021	Q1	Feb	2021	T1	fév.	Ontario	Ontario	Skilled Worker	Travailleurs qualifiés	795
2017	Q1	Jan	2017	T1	janv.	Yukon	Yukon	Skilled Worker	Travailleurs qualifiés	--
2023	Q4	Dec	2023	T4	déc.	Yukon	Yukon	Canadian Experience	Catégorie de l’expérience canadienne	--
2023	Q4	Dec	2023	T4	déc.	British Columbia	Colombie-Britannique	Skilled Worker	Travailleurs qualifiés	390
2019	Q4	Nov	2019	T4	nov.	Manitoba	Manitoba	Skilled Worker	Travailleurs qualifiés	60
2022	Q2	May	2022	T2	mai	Saskatchewan	Saskatchewan	Provincial Nominee Program	Candidats des provinces ou des territoires	550
2025	Q2	May	2025	T2	mai	Manitoba	Manitoba	Skilled Worker	Travailleurs qualifiés	75
2023	Q3	Jul	2023	T3	juil.	Newfoundland and Labrador	Terre-Neuve-et-Labrador	Skilled Worker	Travailleurs qualifiés	5
2018	Q2	Jun	2018	T2	juin	Newfoundland and Labrador	Terre-Neuve-et-Labrador	Canadian Experience	Catégorie de l’expérience canadienne	5
2022	Q3	Aug	2022	T3	août	Alberta	Alberta	Provincial Nominee Program	Candidats des provinces ou des territoires	555
2015	Q4	Oct	2015	T4	oct.	Northwest Territories	Territoires du Nord-Ouest	Canadian Experience	Catégorie de l’expérience canadienne	--
2021	Q1	Jan	2021	T1	janv.	Nova Scotia	Nouvelle-Écosse	Canadian Experience	Catégorie de l’expérience canadienne	20
2023	Q2	Apr	2023	T2	avr.	New Brunswick	Nouveau-Brunswick	Provincial Nominee Program	Candidats des provinces ou des territoires	150
2022	Q3	Sep	2022	T3	sept.	Prince Edward Island	Île-du-Prince-Édouard	Provincial Nominee Program	Candidats des provinces ou des territoires	40
2018	Q3	Sep	2018	T3	sept.	Nova Scotia	Nouvelle-Écosse	Skilled Worker	Travailleurs qualifiés	30
2024	Q2	May	2024	T2	mai	Alberta	Alberta	Canadian Experience	Catégorie de l’expérience canadienne	285
2019	Q2	Jun	2019	T2	juin	Manitoba	Manitoba	Canadian Experience	Catégorie de l’expérience canadienne	30
2019	Q2	Apr	2019	T2	avr.	Alberta	Alberta	Skilled Worker	Travailleurs qualifiés	400
2026	Q1	Mar	2026	T1	mars	Alberta	Alberta	Canadian Experience	Catégorie de l’expérience canadienne	260
2015	Q4	Oct	2015	T4	oct.	Saskatchewan	Saskatchewan	Canadian Experience	Catégorie de l’expérience canadienne	20
2019	Q4	Nov	2019	T4	nov.	Newfoundland and Labrador	Terre-Neuve-et-Labrador	Provincial Nominee Program	Candidats des provinces ou des territoires	--
2022	Q4	Oct	2022	T4	oct.	Nova Scotia	Nouvelle-Écosse	Provincial Nominee Program	Candidats des provinces ou des territoires	320
2024	Q1	Jan	2024	T1	janv.	New Brunswick	Nouveau-Brunswick	Provincial Nominee Program	Candidats des provinces ou des territoires	255
2018	Q4	Nov	2018	T4	nov.	Alberta	Alberta	Skilled Trade	Métiers spécialisés	5
2026	Q2	May	2026	T2	mai	Yukon	Yukon	Canadian Experience	Catégorie de l’expérience canadienne	--
2018	Q1	Mar	2018	T1	mars	Yukon	Yukon	Canadian Experience	Catégorie de l’expérience canadienne	--
2025	Q4	Oct	2025	T4	oct.	Saskatchewan	Saskatchewan	Provincial Nominee Program	Candidats des provinces ou des territoires	95
2021	Q4	Oct	2021	T4	oct.	British Columbia	Colombie-Britannique	Canadian Experience	Catégorie de l’expérience canadienne	3245
2023	Q1	Feb	2023	T1	fév.	Ontario	Ontario	Skilled Worker	Travailleurs qualifiés	1755
2015	Q1	Jan	2015	T1	janv.	Ontario	Ontario	Skilled Worker	Travailleurs qualifiés	--
2024	Q2	Apr	2024	T2	avr.	Northwest Territories	Territoires du Nord-Ouest	Provincial Nominee Program	Candidats des provinces ou des territoires	--
2025	Q3	Sep	2025	T3	sept.	Nunavut	Nunavut	Canadian Experience	Catégorie de l’expérience canadienne	--
2020	Q4	Nov	2020	T4	nov.	Ontario	Ontario	Skilled Worker	Travailleurs qualifiés	505
2019	Q1	Mar	2019	T1	mars	Northwest Territories	Territoires du Nord-Ouest	Canadian Experience	Catégorie de l’expérience canadienne	--
2026	Q1	Feb	2026	T1	fév.	Yukon	Yukon	Provincial Nominee Program	Candidats des provinces ou des territoires	5
2025	Q1	Feb	2025	T1	fév.	Saskatchewan	Saskatchewan	Skilled Worker	Travailleurs qualifiés	15
2023	Q4	Nov	2023	T4	nov.	Manitoba	Manitoba	Canadian Experience	Catégorie de l’expérience canadienne	15
2018	Q2	May	2018	T2	mai	Manitoba	Manitoba	Skilled Worker	Travailleurs qualifiés	65
2017	Q2	May	2017	T2	mai	British Columbia	Colombie-Britannique	Canadian Experience	Catégorie de l’expérience canadienne	290
2019	Q4	Oct	2019	T4	oct.	Manitoba	Manitoba	Skilled Worker	Travailleurs qualifiés	60
2020	Q1	Feb	2020	T1	fév.	Yukon	Yukon	Skilled Trade	Métiers spécialisés	--
2024	Q2	May	2024	T2	mai	Manitoba	Manitoba	Provincial Nominee Program	Candidats des provinces ou des territoires	610
2017	Q2	Apr	2017	T2	avr.	British Columbia	Colombie-Britannique	Skilled Trade	Métiers spécialisés	65
2019	Q4	Dec	2019	T4	déc.	Nova Scotia	Nouvelle-Écosse	Skilled Worker	Travailleurs qualifiés	25
2017	Q2	May	2017	T2	mai	Saskatchewan	Saskatchewan	Skilled Worker	Travailleurs qualifiés	10
2018	Q2	Jun	2018	T2	juin	New Brunswick	Nouveau-Brunswick	Skilled Worker	Travailleurs qualifiés	20
2019	Q4	Dec	2019	T4	déc.	British Columbia	Colombie-Britannique	Skilled Trade	Métiers spécialisés	230
2021	Q1	Jan	2021	T1	janv.	Alberta	Alberta	Skilled Worker	Travailleurs qualifiés	145
2017	Q4	Dec	2017	T4	déc.	Manitoba	Manitoba	Provincial Nominee Program	Candidats des provinces ou des territoires	--
2015	Q4	Dec	2015	T4	déc.	Saskatchewan	Saskatchewan	Skilled Trade	Métiers spécialisés	--
2025	Q1	Jan	2025	T1	janv.	Yukon	Yukon	Provincial Nominee Program	Candidats des provinces ou des territoires	10
2017	Q2	Apr	2017	T2	avr.	Manitoba	Manitoba	Skilled Trade	Métiers spécialisés	10
2016	Q1	Feb	2016	T1	fév.	Ontario	Ontario	Skilled Worker	Travailleurs qualifiés	480
2019	Q3	Aug	2019	T3	août	British Columbia	Colombie-Britannique	Skilled Worker	Travailleurs qualifiés	700
2023	Q2	Jun	2023	T2	juin	Alberta	Alberta	Canadian Experience	Catégorie de l’expérience canadienne	195
2017	Q2	Apr	2017	T2	avr.	British Columbia	Colombie-Britannique	Skilled Worker	Travailleurs qualifiés	120
2017	Q3	Jul	2017	T3	juil.	Manitoba	Manitoba	Canadian Experience	Catégorie de l’expérience canadienne	20
2023	Q4	Dec	2023	T4	déc.	Northwest Territories	Territoires du Nord-Ouest	Provincial Nominee Program	Candidats des provinces ou des territoires	10
2021	Q2	Apr	2021	T2	avr.	Nunavut	Nunavut	Canadian Experience	Catégorie de l’expérience canadienne	--
2026	Q3	Jul	2026	T3	juil.	Saskatchewan	Saskatchewan	Provincial Nominee Program	Candidats des provinces ou des territoires	55
2016	Q2	Jun	2016	T2	juin	Northwest Territories	Territoires du Nord-Ouest	Skilled Worker	Travailleurs qualifiés	--
2026	Q2	Apr	2026	T2	avr.	New Brunswick	Nouveau-Brunswick	Skilled Worker	Travailleurs qualifiés	165
2019	Q1	Mar	2019	T1	mars	Ontario	Ontario	Skilled Trade	Métiers spécialisés	30
2026	Q2	May	2026	T2	mai	Saskatchewan	Saskatchewan	Skilled Worker	Travailleurs qualifiés	25
2024	Q3	Jul	2024	T3	juil.	Ontario	Ontario	Provincial Nominee Program	Candidats des provinces ou des territoires	1465
2021	Q3	Jul	2021	T3	juil.	Manitoba	Manitoba	Skilled Worker	Travailleurs qualifiés	25
2026	Q1	Jan	2026	T1	janv.	Prince Edward Island	Île-du-Prince-Édouard	Skilled Worker	Travailleurs qualifiés	--
2015	Q3	Sep	2015	T3	sept.	British Columbia	Colombie-Britannique	Provincial Nominee Program	Candidats des provinces ou des territoires	45
2022	Q4	Oct	2022	T4	oct.	Alberta	Alberta	Skilled Trade	Métiers spécialisés	--
2022	Q4	Nov	2022	T4	nov.	Manitoba	Manitoba	Canadian Experience	Catégorie de l’expérience canadienne	--
2020	Q4	Dec	2020	T4	déc.	Nova Scotia	Nouvelle-Écosse	Canadian Experience	Catégorie de l’expérience canadienne	--
2023	Q2	May	2023	T2	mai	Saskatchewan	Saskatchewan	Canadian Experience	Catégorie de l’expérience canadienne	40
2020	Q4	Oct	2020	T4	oct.	Saskatchewan	Saskatchewan	Skilled Worker	Travailleurs qualifiés	10
2016	Q4	Nov	2016	T4	nov.	Yukon	Yukon	Skilled Worker	Travailleurs qualifiés	--
2017	Q3	Sep	2017	T3	sept.	Alberta	Alberta	Skilled Trade	Métiers spécialisés	60
2016	Q4	Dec	2016	T4	déc.	Nova Scotia	Nouvelle-Écosse	Provincial Nominee Program	Candidats des provinces ou des territoires	85
2017	Q4	Nov	2017	T4	nov.	New Brunswick	Nouveau-Brunswick	Provincial Nominee Program	Candidats des provinces ou des territoires	85
2025	Q4	Dec	2025	T4	déc.	Yukon	Yukon	Provincial Nominee Program	Candidats des provinces ou des territoires	--
2021	Q1	Jan	2021	T1	janv.	British Columbia	Colombie-Britannique	Skilled Trade	Métiers spécialisés	--
2025	Q3	Aug	2025	T3	août	Ontario	Ontario	Canadian Experience	Catégorie de l’expérience canadienne	3040
2022	Q1	Mar	2022	T1	mars	Ontario	Ontario	Provincial Nominee Program	Candidats des provinces ou des territoires	500
2025	Q1	Feb	2025	T1	fév.	Manitoba	Manitoba	Canadian Experience	Catégorie de l’expérience canadienne	30
2018	Q1	Feb	2018	T1	fév.	Northwest Territories	Territoires du Nord-Ouest	Canadian Experience	Catégorie de l’expérience canadienne	--
2022	Q4	Oct	2022	T4	oct.	Nunavut	Nunavut	Skilled Worker	Travailleurs qualifiés	--
2020	Q4	Dec	2020	T4	déc.	Ontario	Ontario	Provincial Nominee Program	Candidats des provinces ou des territoires	115
2016	Q1	Feb	2016	T1	fév.	Northwest Territories	Territoires du Nord-Ouest	Skilled Worker	Travailleurs qualifiés	--
2021	Q1	Jan	2021	T1	janv.	Ontario	Ontario	Skilled Worker	Travailleurs qualifiés	755
2022	Q4	Nov	2022	T4	nov.	Manitoba	Manitoba	Provincial Nominee Program	Candidats des provinces ou des territoires	435
2022	Q3	Sep	2022	T3	sept.	Prince Edward Island	Île-du-Prince-Édouard	Skilled Worker	Travailleurs qualifiés	5
2022	Q3	Aug	2022	T3	août	Manitoba	Manitoba	Provincial Nominee Program	Candidats des provinces ou des territoires	415
2019	Q1	Feb	2019	T1	fév.	Nova Scotia	Nouvelle-Écosse	Skilled Worker	Travailleurs qualifiés	20
2018	Q3	Jul	2018	T3	juil.	Yukon	Yukon	Provincial Nominee Program	Candidats des provinces ou des territoires	--
2020	Q1	Feb	2020	T1	fév.	Ontario	Ontario	Skilled Worker	Travailleurs qualifiés	3535
2021	Q4	Nov	2021	T4	nov.	Manitoba	Manitoba	Skilled Worker	Travailleurs qualifiés	5
2015	Q4	Oct	2015	T4	oct.	Prince Edward Island	Île-du-Prince-Édouard	Provincial Nominee Program	Candidats des provinces ou des territoires	--
2020	Q4	Oct	2020	T4	oct.	Nova Scotia	Nouvelle-Écosse	Provincial Nominee Program	Candidats des provinces ou des territoires	90
2018	Q1	Mar	2018	T1	mars	British Columbia	Colombie-Britannique	Canadian Experience	Catégorie de l’expérience canadienne	500
2025	Q1	Feb	2025	T1	fév.	Manitoba	Manitoba	Skilled Worker	Travailleurs qualifiés	75
2017	Q1	Feb	2017	T1	fév.	New Brunswick	Nouveau-Brunswick	Canadian Experience	Catégorie de l’expérience canadienne	5
2016	Q3	Jul	2016	T3	juil.	New Brunswick	Nouveau-Brunswick	Skilled Worker	Travailleurs qualifiés	5
2018	Q4	Oct	2018	T4	oct.	Newfoundland and Labrador	Terre-Neuve-et-Labrador	Canadian Experience	Catégorie de l’expérience canadienne	--
2024	Q3	Aug	2024	T3	août	Prince Edward Island	Île-du-Prince-Édouard	Skilled Worker	Travailleurs qualifiés	--
2020	Q3	Aug	2020	T3	août	Manitoba	Manitoba	Canadian Experience	Catégorie de l’expérience canadienne	--
2024	Q4	Dec	2024	T4	déc.	Manitoba	Manitoba	Skilled Worker	Travailleurs qualifiés	105
2016	Q4	Dec	2016	T4	déc.	Saskatchewan	Saskatchewan	Skilled Trade	Métiers spécialisés	--
2018	Q1	Feb	2018	T1	fév.	New Brunswick	Nouveau-Brunswick	Skilled Worker	Travailleurs qualifiés	10
2021	Q3	Aug	2021	T3	août	New Brunswick	Nouveau-Brunswick	Provincial Nominee Program	Candidats des provinces ou des territoires	45
2015	Q4	Dec	2015	T4	déc.	Prince Edward Island	Île-du-Prince-Édouard	Provincial Nominee Program	Candidats des provinces ou des territoires	--
2016	Q1	Feb	2016	T1	fév.	Northwest Territories	Territoires du Nord-Ouest	Canadian Experience	Catégorie de l’expérience canadienne	--
2023	Q3	Jul	2023	T3	juil.	British Columbia	Colombie-Britannique	Skilled Worker	Travailleurs qualifiés	390
2022	Q3	Sep	2022	T3	sept.	New Brunswick	Nouveau-Brunswick	Provincial Nominee Program	Candidats des provinces ou des territoires	405
2021	Q4	Nov	2021	T4	nov.	British Columbia	Colombie-Britannique	Skilled Worker	Travailleurs qualifiés	95
2017	Q1	Feb	2017	T1	fév.	Nova Scotia	Nouvelle-Écosse	Canadian Experience	Catégorie de l’expérience canadienne	10
2023	Q4	Nov	2023	T4	nov.	Yukon	Yukon	Canadian Experience	Catégorie de l’expérience canadienne	--
2021	Q1	Jan	2021	T1	janv.	Saskatchewan	Saskatchewan	Provincial Nominee Program	Candidats des provinces ou des territoires	155
2017	Q1	Mar	2017	T1	mars	British Columbia	Colombie-Britannique	Canadian Experience	Catégorie de l’expérience canadienne	535
2025	Q4	Oct	2025	T4	oct.	Nova Scotia	Nouvelle-Écosse	Canadian Experience	Catégorie de l’expérience canadienne	55
2022	Q4	Nov	2022	T4	nov.	Nova Scotia	Nouvelle-Écosse	Canadian Experience	Catégorie de l’expérience canadienne	--
2022	Q1	Jan	2022	T1	janv.	Alberta	Alberta	Canadian Experience	Catégorie de l’expérience canadienne	555
2020	Q3	Aug	2020	T3	août	British Columbia	Colombie-Britannique	Provincial Nominee Program	Candidats des provinces ou des territoires	65
2017	Q1	Feb	2017	T1	fév.	Saskatchewan	Saskatchewan	Skilled Worker	Travailleurs qualifiés	20
2024	Q1	Jan	2024	T1	janv.	Manitoba	Manitoba	Provincial Nominee Program	Candidats des provinces ou des territoires	265
2023	Q1	Feb	2023	T1	fév.	Manitoba	Manitoba	Skilled Worker	Travailleurs qualifiés	30
2025	Q4	Oct	2025	T4	oct.	Newfoundland and Labrador	Terre-Neuve-et-Labrador	Provincial Nominee Program	Candidats des provinces ou des territoires	35
2023	Q1	Mar	2023	T1	mars	Newfoundland and Labrador	Terre-Neuve-et-Labrador	Canadian Experience	Catégorie de l’expérience canadienne	15
2020	Q4	Oct	2020	T4	oct.	Alberta	Alberta	Canadian Experience	Catégorie de l’expérience canadienne	170
2017	Q1	Feb	2017	T1	fév.	Nova Scotia	Nouvelle-Écosse	Provincial Nominee Program	Candidats des provinces ou des territoires	130
2016	Q4	Dec	2016	T4	déc.	British Columbia	Colombie-Britannique	Skilled Trade	Métiers spécialisés	90
2015	Q3	Jul	2015	T3	juil.	Nova Scotia	Nouvelle-Écosse	Skilled Worker	Travailleurs qualifiés	5
2026	Q1	Jan	2026	T1	janv.	Newfoundland and Labrador	Terre-Neuve-et-Labrador	Canadian Experience	Catégorie de l’expérience canadienne	5
2023	Q1	Feb	2023	T1	fév.	Saskatchewan	Saskatchewan	Skilled Worker	Travailleurs qualifiés	25
2021	Q4	Oct	2021	T4	oct.	Yukon	Yukon	Provincial Nominee Program	Candidats des provinces ou des territoires	--
2024	Q2	Jun	2024	T2	juin	Prince Edward Island	Île-du-Prince-Édouard	Skilled Worker	Travailleurs qualifiés	--
2023	Q1	Jan	2023	T1	janv.	Saskatchewan	Saskatchewan	Canadian Experience	Catégorie de l’expérience canadienne	10
2023	Q4	Nov	2023	T4	nov.	New Brunswick	Nouveau-Brunswick	Skilled Worker	Travailleurs qualifiés	80
2018	Q3	Jul	2018	T3	juil.	Ontario	Ontario	Skilled Worker	Travailleurs qualifiés	2785
2023	Q3	Jul	2023	T3	juil.	Nova Scotia	Nouvelle-Écosse	Canadian Experience	Catégorie de l’expérience canadienne	50
2025	Q2	Apr	2025	T2	avr.	Newfoundland and Labrador	Terre-Neuve-et-Labrador	Skilled Worker	Travailleurs qualifiés	5
2018	Q2	Apr	2018	T2	avr.	Alberta	Alberta	Canadian Experience	Catégorie de l’expérience canadienne	215
2018	Q1	Jan	2018	T1	janv.	Nova Scotia	Nouvelle-Écosse	Provincial Nominee Program	Candidats des provinces ou des territoires	155
2018	Q3	Jul	2018	T3	juil.	Manitoba	Manitoba	Provincial Nominee Program	Candidats des provinces ou des territoires	5
2017	Q1	Mar	2017	T1	mars	Saskatchewan	Saskatchewan	Skilled Worker	Travailleurs qualifiés	5
2015	Q4	Nov	2015	T4	nov.	Prince Edward Island	Île-du-Prince-Édouard	Provincial Nominee Program	Candidats des provinces ou des territoires	--
2024	Q1	Feb	2024	T1	fév.	Manitoba	Manitoba	Canadian Experience	Catégorie de l’expérience canadienne	35
2020	Q2	Jun	2020	T2	juin	Alberta	Alberta	Skilled Trade	Métiers spécialisés	--
2021	Q4	Oct	2021	T4	oct.	Alberta	Alberta	Canadian Experience	Catégorie de l’expérience canadienne	985
2016	Q3	Sep	2016	T3	sept.	British Columbia	Colombie-Britannique	Canadian Experience	Catégorie de l’expérience canadienne	110
2021	Q3	Aug	2021	T3	août	Newfoundland and Labrador	Terre-Neuve-et-Labrador	Canadian Experience	Catégorie de l’expérience canadienne	35
2019	Q4	Dec	2019	T4	déc.	Saskatchewan	Saskatchewan	Skilled Worker	Travailleurs qualifiés	25
2018	Q3	Sep	2018	T3	sept.	British Columbia	Colombie-Britannique	Provincial Nominee Program	Candidats des provinces ou des territoires	270
2021	Q2	Jun	2021	T2	juin	British Columbia	Colombie-Britannique	Skilled Trade	Métiers spécialisés	15
2024	Q3	Aug	2024	T3	août	Newfoundland and Labrador	Terre-Neuve-et-Labrador	Skilled Worker	Travailleurs qualifiés	10
2025	Q4	Dec	2025	T4	déc.	New Brunswick	Nouveau-Brunswick	Skilled Worker	Travailleurs qualifiés	120
2016	Q2	May	2016	T2	mai	Manitoba	Manitoba	Skilled Trade	Métiers spécialisés	5
2026	Q2	Apr	2026	T2	avr.	Newfoundland and Labrador	Terre-Neuve-et-Labrador	Provincial Nominee Program	Candidats des provinces ou des territoires	30
2026	Q2	Jun	2026	T2	juin	Nova Scotia	Nouvelle-Écosse	Canadian Experience	Catégorie de l’expérience canadienne	55
2021	Q3	Aug	2021	T3	août	Saskatchewan	Saskatchewan	Canadian Experience	Catégorie de l’expérience canadienne	165
2017	Q2	Apr	2017	T2	avr.	Ontario	Ontario	Skilled Worker	Travailleurs qualifiés	295
2023	Q2	Apr	2023	T2	avr.	Nova Scotia	Nouvelle-Écosse	Provincial Nominee Program	Candidats des provinces ou des territoires	255
2025	Q3	Sep	2025	T3	sept.	New Brunswick	Nouveau-Brunswick	Provincial Nominee Program	Candidats des provinces ou des territoires	80
2016	Q2	Apr	2016	T2	avr.	Ontario	Ontario	Canadian Experience	Catégorie de l’expérience canadienne	95
2026	Q2	Jun	2026	T2	juin	British Columbia	Colombie-Britannique	Canadian Experience	Catégorie de l’expérience canadienne	915
2024	Q4	Dec	2024	T4	déc.	Newfoundland and Labrador	Terre-Neuve-et-Labrador	Canadian Experience	Catégorie de l’expérience canadienne	--
2019	Q3	Jul	2019	T3	juil.	British Columbia	Colombie-Britannique	Skilled Trade	Métiers spécialisés	60
2015	Q4	Oct	2015	T4	oct.	Ontario	Ontario	Skilled Worker	Travailleurs qualifiés	145
2018	Q4	Nov	2018	T4	nov.	Alberta	Alberta	Canadian Experience	Catégorie de l’expérience canadienne	155
2024	Q1	Mar	2024	T1	mars	Prince Edward Island	Île-du-Prince-Édouard	Provincial Nominee Program	Candidats des provinces ou des territoires	30
2022	Q1	Feb	2022	T1	fév.	Northwest Territories	Territoires du Nord-Ouest	Provincial Nominee Program	Candidats des provinces ou des territoires	--
2021	Q1	Mar	2021	T1	mars	Saskatchewan	Saskatchewan	Provincial Nominee Program	Candidats des provinces ou des territoires	160
2025	Q1	Jan	2025	T1	janv.	Nova Scotia	Nouvelle-Écosse	Canadian Experience	Catégorie de l’expérience canadienne	40
2023	Q3	Jul	2023	T3	juil.	Newfoundland and Labrador	Terre-Neuve-et-Labrador	Canadian Experience	Catégorie de l’expérience canadienne	5
2018	Q1	Mar	2018	T1	mars	Manitoba	Manitoba	Canadian Experience	Catégorie de l’expérience canadienne	45
2025	Q4	Nov	2025	T4	nov.	Yukon	Yukon	Provincial Nominee Program	Candidats des provinces ou des territoires	10
2023	Q4	Dec	2023	T4	déc.	Yukon	Yukon	Skilled Worker	Travailleurs qualifiés	5
2024	Q2	May	2024	T2	mai	Saskatchewan	Saskatchewan	Provincial Nominee Program	Candidats des provinces ou des territoires	320
2023	Q2	Jun	2023	T2	juin	British Columbia	Colombie-Britannique	Canadian Experience	Catégorie de l’expérience canadienne	660
2023	Q3	Sep	2023	T3	sept.	Yukon	Yukon	Provincial Nominee Program	Candidats des provinces ou des territoires	--
2017	Q2	Apr	2017	T2	avr.	Newfoundland and Labrador	Terre-Neuve-et-Labrador	Skilled Worker	Travailleurs qualifiés	--
2017	Q4	Oct	2017	T4	oct.	British Columbia	Colombie-Britannique	Skilled Worker	Travailleurs qualifiés	425
2026	Q1	Feb	2026	T1	fév.	British Columbia	Colombie-Britannique	Skilled Worker	Travailleurs qualifiés	145
2025	Q1	Jan	2025	T1	janv.	Prince Edward Island	Île-du-Prince-Édouard	Provincial Nominee Program	Candidats des provinces ou des territoires	30
2017	Q2	May	2017	T2	mai	Manitoba	Manitoba	Provincial Nominee Program	Candidats des provinces ou des territoires	5
2024	Q1	Mar	2024	T1	mars	Alberta	Alberta	Canadian Experience	Catégorie de l’expérience canadienne	185
2026	Q2	May	2026	T2	mai	Manitoba	Manitoba	Canadian Experience	Catégorie de l’expérience canadienne	25
2023	Q3	Aug	2023	T3	août	Newfoundland and Labrador	Terre-Neuve-et-Labrador	Skilled Worker	Travailleurs qualifiés	5
2019	Q4	Dec	2019	T4	déc.	Ontario	Ontario	Skilled Worker	Travailleurs qualifiés	3080
2024	Q4	Nov	2024	T4	nov.	Nova Scotia	Nouvelle-Écosse	Provincial Nominee Program	Candidats des provinces ou des territoires	80
2023	Q3	Jul	2023	T3	juil.	Manitoba	Manitoba	Canadian Experience	Catégorie de l’expérience canadienne	15
2019	Q3	Sep	2019	T3	sept.	British Columbia	Colombie-Britannique	Skilled Worker	Travailleurs qualifiés	755
2020	Q4	Oct	2020	T4	oct.	Alberta	Alberta	Skilled Worker	Travailleurs qualifiés	80
2020	Q2	Apr	2020	T2	avr.	British Columbia	Colombie-Britannique	Skilled Trade	Métiers spécialisés	--
2019	Q1	Feb	2019	T1	fév.	Alberta	Alberta	Skilled Trade	Métiers spécialisés	--
2019	Q2	May	2019	T2	mai	British Columbia	Colombie-Britannique	Canadian Experience	Catégorie de l’expérience canadienne	600
2024	Q1	Mar	2024	T1	mars	Northwest Territories	Territoires du Nord-Ouest	Provincial Nominee Program	Candidats des provinces ou des territoires	--
2017	Q2	Jun	2017	T2	juin	Prince Edward Island	Île-du-Prince-Édouard	Provincial Nominee Program	Candidats des provinces ou des territoires	70
2024	Q3	Sep	2024	T3	sept.	Manitoba	Manitoba	Provincial Nominee Program	Candidats des provinces ou des territoires	215
2025	Q1	Feb	2025	T1	fév.	New Brunswick	Nouveau-Brunswick	Skilled Worker	Travailleurs qualifiés	135
2016	Q4	Dec	2016	T4	déc.	Ontario	Ontario	Skilled Trade	Métiers spécialisés	25
2026	Q3	Jul	2026	T3	juil.	Yukon	Yukon	Provincial Nominee Program	Candidats des provinces ou des territoires	15
2015	Q3	Sep	2015	T3	sept.	Saskatchewan	Saskatchewan	Canadian Experience	Catégorie de l’expérience canadienne	10
2020	Q1	Mar	2020	T1	mars	Ontario	Ontario	Canadian Experience	Catégorie de l’expérience canadienne	1080
2020	Q3	Sep	2020	T3	sept.	Alberta	Alberta	Skilled Trade	Métiers spécialisés	10
2023	Q3	Aug	2023	T3	août	Yukon	Yukon	Skilled Worker	Travailleurs qualifiés	--
2019	Q2	Jun	2019	T2	juin	British Columbia	Colombie-Britannique	Skilled Worker	Travailleurs qualifiés	765
2017	Q2	Jun	2017	T2	juin	Ontario	Ontario	Provincial Nominee Program	Candidats des provinces ou des territoires	355
2024	Q4	Nov	2024	T4	nov.	British Columbia	Colombie-Britannique	Provincial Nominee Program	Candidats des provinces ou des territoires	375
2016	Q3	Jul	2016	T3	juil.	British Columbia	Colombie-Britannique	Provincial Nominee Program	Candidats des provinces ou des territoires	155
2023	Q4	Dec	2023	T4	déc.	New Brunswick	Nouveau-Brunswick	Canadian Experience	Catégorie de l’expérience canadienne	25
2017	Q3	Sep	2017	T3	sept.	Saskatchewan	Saskatchewan	Skilled Trade	Métiers spécialisés	--
2025	Q1	Jan	2025	T1	janv.	Prince Edward Island	Île-du-Prince-Édouard	Canadian Experience	Catégorie de l’expérience canadienne	--
2016	Q3	Sep	2016	T3	sept.	Ontario	Ontario	Skilled Worker	Travailleurs qualifiés	665
2017	Q2	Apr	2017	T2	avr.	Prince Edward Island	Île-du-Prince-Édouard	Provincial Nominee Program	Candidats des provinces ou des territoires	100
2020	Q1	Feb	2020	T1	fév.	British Columbia	Colombie-Britannique	Skilled Worker	Travailleurs qualifiés	700
2015	Q3	Aug	2015	T3	août	British Columbia	Colombie-Britannique	Canadian Experience	Catégorie de l’expérience canadienne	120
2020	Q1	Jan	2020	T1	janv.	Prince Edward Island	Île-du-Prince-Édouard	Canadian Experience	Catégorie de l’expérience canadienne	5
2016	Q3	Sep	2016	T3	sept.	Alberta	Alberta	Canadian Experience	Catégorie de l’expérience canadienne	345
2022	Q3	Aug	2022	T3	août	Ontario	Ontario	Skilled Worker	Travailleurs qualifiés	2440
2021	Q3	Aug	2021	T3	août	Manitoba	Manitoba	Skilled Worker	Travailleurs qualifiés	10
2025	Q4	Oct	2025	T4	oct.	Alberta	Alberta	Provincial Nominee Program	Candidats des provinces ou des territoires	235
2022	Q3	Sep	2022	T3	sept.	Nova Scotia	Nouvelle-Écosse	Provincial Nominee Program	Candidats des provinces ou des territoires	630
2025	Q4	Nov	2025	T4	nov.	Saskatchewan	Saskatchewan	Skilled Worker	Travailleurs qualifiés	15
2025	Q1	Feb	2025	T1	fév.	Nova Scotia	Nouvelle-Écosse	Canadian Experience	Catégorie de l’expérience canadienne	85
2022	Q3	Jul	2022	T3	juil.	Alberta	Alberta	Provincial Nominee Program	Candidats des provinces ou des territoires	770
2017	Q1	Feb	2017	T1	fév.	British Columbia	Colombie-Britannique	Canadian Experience	Catégorie de l’expérience canadienne	550
2020	Q3	Jul	2020	T3	juil.	New Brunswick	Nouveau-Brunswick	Provincial Nominee Program	Candidats des provinces ou des territoires	100
2022	Q4	Nov	2022	T4	nov.	Saskatchewan	Saskatchewan	Skilled Worker	Travailleurs qualifiés	20
2024	Q1	Jan	2024	T1	janv.	Nova Scotia	Nouvelle-Écosse	Provincial Nominee Program	Candidats des provinces ou des territoires	245
2021	Q2	Jun	2021	T2	juin	New Brunswick	Nouveau-Brunswick	Canadian Experience	Catégorie de l’expérience canadienne	70
2026	Q1	Jan	2026	T1	janv.	Saskatchewan	Saskatchewan	Provincial Nominee Program	Candidats des provinces ou des territoires	75
2020	Q2	Jun	2020	T2	juin	British Columbia	Colombie-Britannique	Skilled Worker	Travailleurs qualifiés	295
2015	Q2	Apr	2015	T2	avr.	Alberta	Alberta	Canadian Experience	Catégorie de l’expérience canadienne	15
2019	Q1	Mar	2019	T1	mars	Northwest Territories	Territoires du Nord-Ouest	Provincial Nominee Program	Candidats des provinces ou des territoires	--
2025	Q3	Aug	2025	T3	août	New Brunswick	Nouveau-Brunswick	Canadian Experience	Catégorie de l’expérience canadienne	40
2020	Q2	Jun	2020	T2	juin	Alberta	Alberta	Canadian Experience	Catégorie de l’expérience canadienne	490
2020	Q1	Mar	2020	T1	mars	Alberta	Alberta	Canadian Experience	Catégorie de l’expérience canadienne	135
2017	Q1	Mar	2017	T1	mars	Saskatchewan	Saskatchewan	Canadian Experience	Catégorie de l’expérience canadienne	25
2023	Q1	Mar	2023	T1	mars	Yukon	Yukon	Canadian Experience	Catégorie de l’expérience canadienne	--
2026	Q2	May	2026	T2	mai	Northwest Territories	Territoires du Nord-Ouest	Provincial Nominee Program	Candidats des provinces ou des territoires	10
2015	Q3	Aug	2015	T3	août	Saskatchewan	Saskatchewan	Skilled Worker	Travailleurs qualifiés	5
2022	Q3	Aug	2022	T3	août	British Columbia	Colombie-Britannique	Provincial Nominee Program	Candidats des provinces ou des territoires	695
2025	Q2	May	2025	T2	mai	New Brunswick	Nouveau-Brunswick	Canadian Experience	Catégorie de l’expérience canadienne	30
2025	Q3	Sep	2025	T3	sept.	Saskatchewan	Saskatchewan	Skilled Worker	Travailleurs qualifiés	45
2019	Q2	Apr	2019	T2	avr.	Alberta	Alberta	Skilled Trade	Métiers spécialisés	20
2016	Q1	Mar	2016	T1	mars	Ontario	Ontario	Provincial Nominee Program	Candidats des provinces ou des territoires	165
2023	Q2	Apr	2023	T2	avr.	British Columbia	Colombie-Britannique	Skilled Worker	Travailleurs qualifiés	340
2017	Q2	May	2017	T2	mai	Nova Scotia	Nouvelle-Écosse	Canadian Experience	Catégorie de l’expérience canadienne	20
2024	Q4	Dec	2024	T4	déc.	British Columbia	Colombie-Britannique	Skilled Trade	Métiers spécialisés	--
2016	Q3	Sep	2016	T3	sept.	Nova Scotia	Nouvelle-Écosse	Skilled Trade	Métiers spécialisés	--
2017	Q4	Nov	2017	T4	nov.	Nova Scotia	Nouvelle-Écosse	Skilled Worker	Travailleurs qualifiés	25
2022	Q2	Jun	2022	T2	juin	Northwest Territories	Territoires du Nord-Ouest	Canadian Experience	Catégorie de l’expérience canadienne	--
2019	Q2	May	2019	T2	mai	Northwest Territories	Territoires du Nord-Ouest	Canadian Experience	Catégorie de l’expérience canadienne	--
2020	Q3	Jul	2020	T3	juil.	Ontario	Ontario	Provincial Nominee Program	Candidats des provinces ou des territoires	350
2017	Q4	Nov	2017	T4	nov.	Prince Edward Island	Île-du-Prince-Édouard	Provincial Nominee Program	Candidats des provinces ou des territoires	45
2017	Q1	Mar	2017	T1	mars	New Brunswick	Nouveau-Brunswick	Canadian Experience	Catégorie de l’expérience canadienne	10
2016	Q1	Jan	2016	T1	janv.	Newfoundland and Labrador	Terre-Neuve-et-Labrador	Canadian Experience	Catégorie de l’expérience canadienne	10
2024	Q3	Jul	2024	T3	juil.	Newfoundland and Labrador	Terre-Neuve-et-Labrador	Skilled Worker	Travailleurs qualifiés	--
2019	Q2	Jun	2019	T2	juin	Alberta	Alberta	Canadian Experience	Catégorie de l’expérience canadienne	170
2025	Q3	Jul	2025	T3	juil.	Alberta	Alberta	Canadian Experience	Catégorie de l’expérience canadienne	370
2015	Q4	Nov	2015	T4	nov.	Alberta	Alberta	Skilled Worker	Travailleurs qualifiés	125
2017	Q4	Oct	2017	T4	oct.	Newfoundland and Labrador	Terre-Neuve-et-Labrador	Skilled Worker	Travailleurs qualifiés	5
2024	Q1	Feb	2024	T1	fév.	Nova Scotia	Nouvelle-Écosse	Canadian Experience	Catégorie de l’expérience canadienne	60
2025	Q1	Jan	2025	T1	janv.	New Brunswick	Nouveau-Brunswick	Provincial Nominee Program	Candidats des provinces ou des territoires	275
2025	Q4	Nov	2025	T4	nov.	New Brunswick	Nouveau-Brunswick	Skilled Worker	Travailleurs qualifiés	150
2022	Q4	Dec	2022	T4	déc.	British Columbia	Colombie-Britannique	Canadian Experience	Catégorie de l’expérience canadienne	60
2018	Q4	Oct	2018	T4	oct.	British Columbia	Colombie-Britannique	Canadian Experience	Catégorie de l’expérience canadienne	380
2017	Q2	Apr	2017	T2	avr.	British Columbia	Colombie-Britannique	Canadian Experience	Catégorie de l’expérience canadienne	415
2015	Q4	Oct	2015	T4	oct.	Saskatchewan	Saskatchewan	Skilled Trade	Métiers spécialisés	5
2026	Q2	Jun	2026	T2	juin	British Columbia	Colombie-Britannique	Skilled Worker	Travailleurs qualifiés	170
2020	Q4	Nov	2020	T4	nov.	Ontario	Ontario	Canadian Experience	Catégorie de l’expérience canadienne	1490
2022	Q2	May	2022	T2	mai	British Columbia	Colombie-Britannique	Skilled Trade	Métiers spécialisés	25
2019	Q3	Aug	2019	T3	août	New Brunswick	Nouveau-Brunswick	Provincial Nominee Program	Candidats des provinces ou des territoires	110
2022	Q3	Aug	2022	T3	août	Saskatchewan	Saskatchewan	Canadian Experience	Catégorie de l’expérience canadienne	5
2019	Q4	Nov	2019	T4	nov.	Alberta	Alberta	Skilled Worker	Travailleurs qualifiés	390
2019	Q3	Jul	2019	T3	juil.	Saskatchewan	Saskatchewan	Provincial Nominee Program	Candidats des provinces ou des territoires	320
2018	Q4	Dec	2018	T4	déc.	New Brunswick	Nouveau-Brunswick	Provincial Nominee Program	Candidats des provinces ou des territoires	90
2024	Q2	Apr	2024	T2	avr.	Newfoundland and Labrador	Terre-Neuve-et-Labrador	Canadian Experience	Catégorie de l’expérience canadienne	5
2021	Q3	Aug	2021	T3	août	Saskatchewan	Saskatchewan	Skilled Worker	Travailleurs qualifiés	--
2019	Q2	Jun	2019	T2	juin	Newfoundland and Labrador	Terre-Neuve-et-Labrador	Skilled Worker	Travailleurs qualifiés	--
2024	Q2	Apr	2024	T2	avr.	Saskatchewan	Saskatchewan	Provincial Nominee Program	Candidats des provinces ou des territoires	280
2016	Q2	Jun	2016	T2	juin	Manitoba	Manitoba	Skilled Trade	Métiers spécialisés	--
2025	Q4	Nov	2025	T4	nov.	British Columbia	Colombie-Britannique	Provincial Nominee Program	Candidats des provinces ou des territoires	270
2017	Q3	Jul	2017	T3	juil.	Newfoundland and Labrador	Terre-Neuve-et-Labrador	Skilled Worker	Travailleurs qualifiés	10
2026	Q2	Jun	2026	T2	juin	Ontario	Ontario	Skilled Worker	Travailleurs qualifiés	1865
2017	Q3	Sep	2017	T3	sept.	Alberta	Alberta	Skilled Worker	Travailleurs qualifiés	265
2016	Q3	Aug	2016	T3	août	Ontario	Ontario	Canadian Experience	Catégorie de l’expérience canadienne	225
2023	Q3	Sep	2023	T3	sept.	Saskatchewan	Saskatchewan	Skilled Worker	Travailleurs qualifiés	15
2019	Q3	Aug	2019	T3	août	British Columbia	Colombie-Britannique	Skilled Trade	Métiers spécialisés	65
2024	Q1	Jan	2024	T1	janv.	Alberta	Alberta	Skilled Worker	Travailleurs qualifiés	320
2016	Q4	Nov	2016	T4	nov.	Ontario	Ontario	Skilled Trade	Métiers spécialisés	10
2024	Q4	Oct	2024	T4	oct.	Newfoundland and Labrador	Terre-Neuve-et-Labrador	Skilled Worker	Travailleurs qualifiés	5
2024	Q4	Nov	2024	T4	nov.	Ontario	Ontario	Skilled Worker	Travailleurs qualifiés	1960
2024	Q1	Feb	2024	T1	fév.	Yukon	Yukon	Canadian Experience	Catégorie de l’expérience canadienne	5
2018	Q4	Nov	2018	T4	nov.	British Columbia	Colombie-Britannique	Skilled Trade	Métiers spécialisés	--
2019	Q2	May	2019	T2	mai	British Columbia	Colombie-Britannique	Skilled Trade	Métiers spécialisés	25
2018	Q1	Jan	2018	T1	janv.	New Brunswick	Nouveau-Brunswick	Skilled Worker	Travailleurs qualifiés	10
2024	Q2	Jun	2024	T2	juin	Alberta	Alberta	Canadian Experience	Catégorie de l’expérience canadienne	150
2021	Q4	Dec	2021	T4	déc.	Yukon	Yukon	Canadian Experience	Catégorie de l’expérience canadienne	10
2022	Q3	Aug	2022	T3	août	Saskatchewan	Saskatchewan	Skilled Worker	Travailleurs qualifiés	25
2019	Q1	Feb	2019	T1	fév.	Newfoundland and Labrador	Terre-Neuve-et-Labrador	Canadian Experience	Catégorie de l’expérience canadienne	--
2017	Q2	Jun	2017	T2	juin	British Columbia	Colombie-Britannique	Provincial Nominee Program	Candidats des provinces ou des territoires	320
2019	Q4	Oct	2019	T4	oct.	Manitoba	Manitoba	Provincial Nominee Program	Candidats des provinces ou des territoires	190
2019	Q1	Feb	2019	T1	fév.	Northwest Territories	Territoires du Nord-Ouest	Skilled Worker	Travailleurs qualifiés	--
2019	Q3	Jul	2019	T3	juil.	New Brunswick	Nouveau-Brunswick	Provincial Nominee Program	Candidats des provinces ou des territoires	210
2025	Q1	Feb	2025	T1	fév.	Yukon	Yukon	Canadian Experience	Catégorie de l’expérience canadienne	--
2020	Q2	Jun	2020	T2	juin	Ontario	Ontario	Skilled Worker	Travailleurs qualifiés	1650
2022	Q1	Feb	2022	T1	fév.	British Columbia	Colombie-Britannique	Skilled Worker	Travailleurs qualifiés	230
2019	Q4	Oct	2019	T4	oct.	Alberta	Alberta	Provincial Nominee Program	Candidats des provinces ou des territoires	120
2023	Q3	Aug	2023	T3	août	Saskatchewan	Saskatchewan	Skilled Worker	Travailleurs qualifiés	25
2021	Q1	Feb	2021	T1	fév.	Prince Edward Island	Île-du-Prince-Édouard	Canadian Experience	Catégorie de l’expérience canadienne	10
2024	Q2	May	2024	T2	mai	Saskatchewan	Saskatchewan	Skilled Worker	Travailleurs qualifiés	45
2019	Q3	Aug	2019	T3	août	Manitoba	Manitoba	Canadian Experience	Catégorie de l’expérience canadienne	65
2023	Q3	Sep	2023	T3	sept.	Prince Edward Island	Île-du-Prince-Édouard	Skilled Worker	Travailleurs qualifiés	5
2020	Q1	Jan	2020	T1	janv.	Newfoundland and Labrador	Terre-Neuve-et-Labrador	Canadian Experience	Catégorie de l’expérience canadienne	10
2019	Q2	Jun	2019	T2	juin	Prince Edward Island	Île-du-Prince-Édouard	Skilled Worker	Travailleurs qualifiés	--
2023	Q2	Jun	2023	T2	juin	Ontario	Ontario	Skilled Worker	Travailleurs qualifiés	2735
2025	Q3	Jul	2025	T3	juil.	Nova Scotia	Nouvelle-Écosse	Canadian Experience	Catégorie de l’expérience canadienne	60
2024	Q2	Jun	2024	T2	juin	Saskatchewan	Saskatchewan	Skilled Worker	Travailleurs qualifiés	50
2023	Q2	Apr	2023	T2	avr.	Alberta	Alberta	Provincial Nominee Program	Candidats des provinces ou des territoires	485
2018	Q1	Feb	2018	T1	fév.	Ontario	Ontario	Skilled Worker	Travailleurs qualifiés	2920
2023	Q1	Jan	2023	T1	janv.	Nova Scotia	Nouvelle-Écosse	Canadian Experience	Catégorie de l’expérience canadienne	55
2024	Q1	Feb	2024	T1	fév.	Saskatchewan	Saskatchewan	Provincial Nominee Program	Candidats des provinces ou des territoires	225
2020	Q2	May	2020	T2	mai	Nova Scotia	Nouvelle-Écosse	Canadian Experience	Catégorie de l’expérience canadienne	20
2025	Q1	Feb	2025	T1	fév.	Yukon	Yukon	Provincial Nominee Program	Candidats des provinces ou des territoires	5
2021	Q2	Apr	2021	T2	avr.	Saskatchewan	Saskatchewan	Skilled Worker	Travailleurs qualifiés	15
2026	Q1	Mar	2026	T1	mars	Manitoba	Manitoba	Provincial Nominee Program	Candidats des provinces ou des territoires	215
2024	Q1	Feb	2024	T1	fév.	Newfoundland and Labrador	Terre-Neuve-et-Labrador	Provincial Nominee Program	Candidats des provinces ou des territoires	10
2020	Q2	May	2020	T2	mai	Saskatchewan	Saskatchewan	Canadian Experience	Catégorie de l’expérience canadienne	--
2019	Q4	Dec	2019	T4	déc.	Prince Edward Island	Île-du-Prince-Édouard	Skilled Worker	Travailleurs qualifiés	--
2020	Q2	Apr	2020	T2	avr.	Newfoundland and Labrador	Terre-Neuve-et-Labrador	Skilled Worker	Travailleurs qualifiés	--
2022	Q2	Apr	2022	T2	avr.	Northwest Territories	Territoires du Nord-Ouest	Canadian Experience	Catégorie de l’expérience canadienne	--
2019	Q2	Apr	2019	T2	avr.	Saskatchewan	Saskatchewan	Skilled Worker	Travailleurs qualifiés	55
2022	Q1	Feb	2022	T1	fév.	New Brunswick	Nouveau-Brunswick	Canadian Experience	Catégorie de l’expérience canadienne	40
2015	Q3	Aug	2015	T3	août	Prince Edward Island	Île-du-Prince-Édouard	Canadian Experience	Catégorie de l’expérience canadienne	--
2016	Q2	Jun	2016	T2	juin	British Columbia	Colombie-Britannique	Provincial Nominee Program	Candidats des provinces ou des territoires	325
2024	Q3	Sep	2024	T3	sept.	Ontario	Ontario	Provincial Nominee Program	Candidats des provinces ou des territoires	1280
2018	Q2	May	2018	T2	mai	Ontario	Ontario	Skilled Worker	Travailleurs qualifiés	3250
2024	Q2	Apr	2024	T2	avr.	Ontario	Ontario	Skilled Worker	Travailleurs qualifiés	2745
2021	Q3	Sep	2021	T3	sept.	Manitoba	Manitoba	Provincial Nominee Program	Candidats des provinces ou des territoires	95
2024	Q1	Jan	2024	T1	janv.	Saskatchewan	Saskatchewan	Skilled Worker	Travailleurs qualifiés	15
2018	Q4	Dec	2018	T4	déc.	Ontario	Ontario	Canadian Experience	Catégorie de l’expérience canadienne	985
2015	Q4	Oct	2015	T4	oct.	Alberta	Alberta	Canadian Experience	Catégorie de l’expérience canadienne	675
2021	Q4	Dec	2021	T4	déc.	Ontario	Ontario	Provincial Nominee Program	Candidats des provinces ou des territoires	335
2020	Q2	Jun	2020	T2	juin	Manitoba	Manitoba	Canadian Experience	Catégorie de l’expérience canadienne	85
2022	Q4	Nov	2022	T4	nov.	Nova Scotia	Nouvelle-Écosse	Provincial Nominee Program	Candidats des provinces ou des territoires	170
2024	Q4	Dec	2024	T4	déc.	Nova Scotia	Nouvelle-Écosse	Provincial Nominee Program	Candidats des provinces ou des territoires	20
2021	Q1	Mar	2021	T1	mars	British Columbia	Colombie-Britannique	Skilled Trade	Métiers spécialisés	--
2018	Q1	Mar	2018	T1	mars	Northwest Territories	Territoires du Nord-Ouest	Provincial Nominee Program	Candidats des provinces ou des territoires	--
2024	Q2	May	2024	T2	mai	New Brunswick	Nouveau-Brunswick	Provincial Nominee Program	Candidats des provinces ou des territoires	300
2021	Q2	May	2021	T2	mai	Nova Scotia	Nouvelle-Écosse	Skilled Worker	Travailleurs qualifiés	--
2021	Q2	Jun	2021	T2	juin	Nova Scotia	Nouvelle-Écosse	Canadian Experience	Catégorie de l’expérience canadienne	145
2025	Q4	Dec	2025	T4	déc.	British Columbia	Colombie-Britannique	Canadian Experience	Catégorie de l’expérience canadienne	35
2017	Q1	Mar	2017	T1	mars	Ontario	Ontario	Canadian Experience	Catégorie de l’expérience canadienne	1070
2019	Q2	May	2019	T2	mai	Ontario	Ontario	Provincial Nominee Program	Candidats des provinces ou des territoires	580
2018	Q4	Nov	2018	T4	nov.	British Columbia	Colombie-Britannique	Skilled Worker	Travailleurs qualifiés	335
2026	Q2	May	2026	T2	mai	Newfoundland and Labrador	Terre-Neuve-et-Labrador	Canadian Experience	Catégorie de l’expérience canadienne	10
2023	Q1	Jan	2023	T1	janv.	British Columbia	Colombie-Britannique	Skilled Trade	Métiers spécialisés	30
2015	Q4	Nov	2015	T4	nov.	Saskatchewan	Saskatchewan	Skilled Worker	Travailleurs qualifiés	15
2018	Q3	Sep	2018	T3	sept.	Northwest Territories	Territoires du Nord-Ouest	Provincial Nominee Program	Candidats des provinces ou des territoires	--
2022	Q2	May	2022	T2	mai	Prince Edward Island	Île-du-Prince-Édouard	Canadian Experience	Catégorie de l’expérience canadienne	10
2017	Q2	Apr	2017	T2	avr.	Alberta	Alberta	Skilled Trade	Métiers spécialisés	80
2017	Q3	Sep	2017	T3	sept.	New Brunswick	Nouveau-Brunswick	Skilled Worker	Travailleurs qualifiés	15
2021	Q4	Oct	2021	T4	oct.	Manitoba	Manitoba	Provincial Nominee Program	Candidats des provinces ou des territoires	45
2021	Q1	Mar	2021	T1	mars	Nova Scotia	Nouvelle-Écosse	Canadian Experience	Catégorie de l’expérience canadienne	65
2021	Q2	Apr	2021	T2	avr.	Manitoba	Manitoba	Skilled Worker	Travailleurs qualifiés	10
2023	Q4	Oct	2023	T4	oct.	Manitoba	Manitoba	Provincial Nominee Program	Candidats des provinces ou des territoires	190
2017	Q3	Jul	2017	T3	juil.	Saskatchewan	Saskatchewan	Provincial Nominee Program	Candidats des provinces ou des territoires	270
2022	Q2	Apr	2022	T2	avr.	British Columbia	Colombie-Britannique	Skilled Trade	Métiers spécialisés	40
2017	Q3	Sep	2017	T3	sept.	Yukon	Yukon	Skilled Worker	Travailleurs qualifiés	--
2020	Q2	Apr	2020	T2	avr.	Nova Scotia	Nouvelle-Écosse	Canadian Experience	Catégorie de l’expérience canadienne	--
2021	Q2	Apr	2021	T2	avr.	Saskatchewan	Saskatchewan	Canadian Experience	Catégorie de l’expérience canadienne	65
2024	Q3	Sep	2024	T3	sept.	Prince Edward Island	Île-du-Prince-Édouard	Provincial Nominee Program	Candidats des provinces ou des territoires	15
2016	Q4	Nov	2016	T4	nov.	New Brunswick	Nouveau-Brunswick	Canadian Experience	Catégorie de l’expérience canadienne	--
2019	Q3	Jul	2019	T3	juil.	Ontario	Ontario	Canadian Experience	Catégorie de l’expérience canadienne	2125
2018	Q2	Apr	2018	T2	avr.	Manitoba	Manitoba	Canadian Experience	Catégorie de l’expérience canadienne	25
2024	Q1	Feb	2024	T1	fév.	Nova Scotia	Nouvelle-Écosse	Provincial Nominee Program	Candidats des provinces ou des territoires	170
2015	Q2	Apr	2015	T2	avr.	Ontario	Ontario	Skilled Worker	Travailleurs qualifiés	5
2017	Q4	Nov	2017	T4	nov.	Ontario	Ontario	Skilled Worker	Travailleurs qualifiés	2075
2017	Q3	Aug	2017	T3	août	New Brunswick	Nouveau-Brunswick	Canadian Experience	Catégorie de l’expérience canadienne	15
2020	Q4	Oct	2020	T4	oct.	Manitoba	Manitoba	Canadian Experience	Catégorie de l’expérience canadienne	25
2020	Q2	May	2020	T2	mai	New Brunswick	Nouveau-Brunswick	Provincial Nominee Program	Candidats des provinces ou des territoires	10
2023	Q3	Jul	2023	T3	juil.	Northwest Territories	Territoires du Nord-Ouest	Canadian Experience	Catégorie de l’expérience canadienne	--
2022	Q3	Sep	2022	T3	sept.	British Columbia	Colombie-Britannique	Canadian Experience	Catégorie de l’expérience canadienne	215
2025	Q1	Jan	2025	T1	janv.	Prince Edward Island	Île-du-Prince-Édouard	Skilled Worker	Travailleurs qualifiés	5
2020	Q2	May	2020	T2	mai	Saskatchewan	Saskatchewan	Skilled Worker	Travailleurs qualifiés	10
2021	Q1	Jan	2021	T1	janv.	Prince Edward Island	Île-du-Prince-Édouard	Canadian Experience	Catégorie de l’expérience canadienne	--
2024	Q3	Aug	2024	T3	août	Ontario	Ontario	Skilled Worker	Travailleurs qualifiés	2060
2016	Q2	May	2016	T2	mai	Nova Scotia	Nouvelle-Écosse	Provincial Nominee Program	Candidats des provinces ou des territoires	150
2022	Q2	Jun	2022	T2	juin	Alberta	Alberta	Skilled Worker	Travailleurs qualifiés	535
2021	Q3	Jul	2021	T3	juil.	Nova Scotia	Nouvelle-Écosse	Skilled Worker	Travailleurs qualifiés	10
2026	Q2	May	2026	T2	mai	Alberta	Alberta	Canadian Experience	Catégorie de l’expérience canadienne	285
2021	Q2	May	2021	T2	mai	Saskatchewan	Saskatchewan	Provincial Nominee Program	Candidats des provinces ou des territoires	85
2021	Q4	Dec	2021	T4	déc.	Alberta	Alberta	Skilled Trade	Métiers spécialisés	10
2026	Q3	Jul	2026	T3	juil.	British Columbia	Colombie-Britannique	Canadian Experience	Catégorie de l’expérience canadienne	1375
2020	Q3	Jul	2020	T3	juil.	Yukon	Yukon	Skilled Worker	Travailleurs qualifiés	5
2019	Q3	Aug	2019	T3	août	Manitoba	Manitoba	Provincial Nominee Program	Candidats des provinces ou des territoires	205
2017	Q4	Dec	2017	T4	déc.	Manitoba	Manitoba	Canadian Experience	Catégorie de l’expérience canadienne	40
2021	Q1	Jan	2021	T1	janv.	Newfoundland and Labrador	Terre-Neuve-et-Labrador	Provincial Nominee Program	Candidats des provinces ou des territoires	--
2022	Q4	Dec	2022	T4	déc.	Saskatchewan	Saskatchewan	Canadian Experience	Catégorie de l’expérience canadienne	--
2017	Q4	Dec	2017	T4	déc.	Saskatchewan	Saskatchewan	Canadian Experience	Catégorie de l’expérience canadienne	70
2025	Q4	Oct	2025	T4	oct.	Northwest Territories	Territoires du Nord-Ouest	Canadian Experience	Catégorie de l’expérience canadienne	5
2018	Q4	Oct	2018	T4	oct.	Nova Scotia	Nouvelle-Écosse	Provincial Nominee Program	Candidats des provinces ou des territoires	205
2026	Q1	Mar	2026	T1	mars	New Brunswick	Nouveau-Brunswick	Canadian Experience	Catégorie de l’expérience canadienne	30
2022	Q2	Jun	2022	T2	juin	New Brunswick	Nouveau-Brunswick	Skilled Worker	Travailleurs qualifiés	35
2021	Q2	Jun	2021	T2	juin	Newfoundland and Labrador	Terre-Neuve-et-Labrador	Provincial Nominee Program	Candidats des provinces ou des territoires	--
2025	Q1	Mar	2025	T1	mars	British Columbia	Colombie-Britannique	Skilled Worker	Travailleurs qualifiés	165
2024	Q2	Jun	2024	T2	juin	New Brunswick	Nouveau-Brunswick	Provincial Nominee Program	Candidats des provinces ou des territoires	385
2018	Q4	Nov	2018	T4	nov.	Nova Scotia	Nouvelle-Écosse	Provincial Nominee Program	Candidats des provinces ou des territoires	115
2024	Q3	Sep	2024	T3	sept.	Alberta	Alberta	Canadian Experience	Catégorie de l’expérience canadienne	120
2018	Q1	Mar	2018	T1	mars	New Brunswick	Nouveau-Brunswick	Canadian Experience	Catégorie de l’expérience canadienne	20
2024	Q4	Dec	2024	T4	déc.	Newfoundland and Labrador	Terre-Neuve-et-Labrador	Provincial Nominee Program	Candidats des provinces ou des territoires	5
2023	Q4	Oct	2023	T4	oct.	Nova Scotia	Nouvelle-Écosse	Provincial Nominee Program	Candidats des provinces ou des territoires	120
2020	Q1	Jan	2020	T1	janv.	Nunavut	Nunavut	Canadian Experience	Catégorie de l’expérience canadienne	--
2025	Q3	Aug	2025	T3	août	Ontario	Ontario	Skilled Worker	Travailleurs qualifiés	1240
2016	Q2	Jun	2016	T2	juin	British Columbia	Colombie-Britannique	Skilled Trade	Métiers spécialisés	25
2020	Q3	Sep	2020	T3	sept.	Newfoundland and Labrador	Terre-Neuve-et-Labrador	Skilled Trade	Métiers spécialisés	--
2022	Q3	Jul	2022	T3	juil.	Nova Scotia	Nouvelle-Écosse	Provincial Nominee Program	Candidats des provinces ou des territoires	680
2026	Q3	Jul	2026	T3	juil.	Manitoba	Manitoba	Skilled Worker	Travailleurs qualifiés	105
2017	Q1	Mar	2017	T1	mars	Northwest Territories	Territoires du Nord-Ouest	Provincial Nominee Program	Candidats des provinces ou des territoires	5
2019	Q2	Apr	2019	T2	avr.	New Brunswick	Nouveau-Brunswick	Provincial Nominee Program	Candidats des provinces ou des territoires	165
2024	Q4	Dec	2024	T4	déc.	Nova Scotia	Nouvelle-Écosse	Canadian Experience	Catégorie de l’expérience canadienne	35
2016	Q4	Oct	2016	T4	oct.	Newfoundland and Labrador	Terre-Neuve-et-Labrador	Skilled Trade	Métiers spécialisés	--
2026	Q3	Jul	2026	T3	juil.	Saskatchewan	Saskatchewan	Canadian Experience	Catégorie de l’expérience canadienne	45
2023	Q1	Mar	2023	T1	mars	Nova Scotia	Nouvelle-Écosse	Skilled Worker	Travailleurs qualifiés	20
2021	Q1	Feb	2021	T1	fév.	Nova Scotia	Nouvelle-Écosse	Canadian Experience	Catégorie de l’expérience canadienne	15
2016	Q3	Sep	2016	T3	sept.	Newfoundland and Labrador	Terre-Neuve-et-Labrador	Skilled Trade	Métiers spécialisés	--
2024	Q4	Nov	2024	T4	nov.	Prince Edward Island	Île-du-Prince-Édouard	Provincial Nominee Program	Candidats des provinces ou des territoires	--
2020	Q3	Sep	2020	T3	sept.	Newfoundland and Labrador	Terre-Neuve-et-Labrador	Skilled Worker	Travailleurs qualifiés	--
2017	Q1	Feb	2017	T1	fév.	Ontario	Ontario	Provincial Nominee Program	Candidats des provinces ou des territoires	145
2022	Q2	Apr	2022	T2	avr.	New Brunswick	Nouveau-Brunswick	Provincial Nominee Program	Candidats des provinces ou des territoires	205
2018	Q2	Jun	2018	T2	juin	Saskatchewan	Saskatchewan	Provincial Nominee Program	Candidats des provinces ou des territoires	145
2023	Q4	Oct	2023	T4	oct.	Prince Edward Island	Île-du-Prince-Édouard	Canadian Experience	Catégorie de l’expérience canadienne	--
2018	Q2	Jun	2018	T2	juin	Ontario	Ontario	Skilled Worker	Travailleurs qualifiés	3095
2016	Q3	Jul	2016	T3	juil.	Manitoba	Manitoba	Skilled Worker	Travailleurs qualifiés	5
2024	Q3	Jul	2024	T3	juil.	Yukon	Yukon	Provincial Nominee Program	Candidats des provinces ou des territoires	--
2023	Q1	Feb	2023	T1	fév.	Yukon	Yukon	Canadian Experience	Catégorie de l’expérience canadienne	5
2021	Q1	Mar	2021	T1	mars	New Brunswick	Nouveau-Brunswick	Skilled Worker	Travailleurs qualifiés	--
2019	Q4	Oct	2019	T4	oct.	Ontario	Ontario	Provincial Nominee Program	Candidats des provinces ou des territoires	325
2025	Q4	Oct	2025	T4	oct.	British Columbia	Colombie-Britannique	Provincial Nominee Program	Candidats des provinces ou des territoires	570
2022	Q2	Jun	2022	T2	juin	Saskatchewan	Saskatchewan	Canadian Experience	Catégorie de l’expérience canadienne	15
2020	Q4	Oct	2020	T4	oct.	Northwest Territories	Territoires du Nord-Ouest	Canadian Experience	Catégorie de l’expérience canadienne	--
2024	Q2	Apr	2024	T2	avr.	New Brunswick	Nouveau-Brunswick	Provincial Nominee Program	Candidats des provinces ou des territoires	415
2019	Q2	Jun	2019	T2	juin	Ontario	Ontario	Canadian Experience	Catégorie de l’expérience canadienne	1550
2016	Q2	Jun	2016	T2	juin	New Brunswick	Nouveau-Brunswick	Provincial Nominee Program	Candidats des provinces ou des territoires	45
2025	Q1	Jan	2025	T1	janv.	Manitoba	Manitoba	Skilled Worker	Travailleurs qualifiés	55
2018	Q1	Mar	2018	T1	mars	Prince Edward Island	Île-du-Prince-Édouard	Canadian Experience	Catégorie de l’expérience canadienne	10
2024	Q2	May	2024	T2	mai	Manitoba	Manitoba	Canadian Experience	Catégorie de l’expérience canadienne	45
2019	Q3	Aug	2019	T3	août	Saskatchewan	Saskatchewan	Provincial Nominee Program	Candidats des provinces ou des territoires	200
2022	Q2	May	2022	T2	mai	Nunavut	Nunavut	Skilled Worker	Travailleurs qualifiés	5
2022	Q2	May	2022	T2	mai	Alberta	Alberta	Skilled Trade	Métiers spécialisés	15
2023	Q4	Nov	2023	T4	nov.	Yukon	Yukon	Skilled Worker	Travailleurs qualifiés	--
2018	Q2	Jun	2018	T2	juin	Alberta	Alberta	Canadian Experience	Catégorie de l’expérience canadienne	165
2022	Q1	Jan	2022	T1	janv.	Saskatchewan	Saskatchewan	Skilled Worker	Travailleurs qualifiés	10
2023	Q2	Jun	2023	T2	juin	New Brunswick	Nouveau-Brunswick	Skilled Worker	Travailleurs qualifiés	45
2025	Q1	Feb	2025	T1	fév.	Ontario	Ontario	Skilled Worker	Travailleurs qualifiés	1675
2025	Q4	Oct	2025	T4	oct.	Manitoba	Manitoba	Skilled Worker	Travailleurs qualifiés	110
2016	Q4	Nov	2016	T4	nov.	Northwest Territories	Territoires du Nord-Ouest	Canadian Experience	Catégorie de l’expérience canadienne	--
2022	Q4	Nov	2022	T4	nov.	Alberta	Alberta	Provincial Nominee Program	Candidats des provinces ou des territoires	385
2025	Q3	Sep	2025	T3	sept.	Ontario	Ontario	Skilled Worker	Travailleurs qualifiés	2060
2019	Q3	Sep	2019	T3	sept.	Nova Scotia	Nouvelle-Écosse	Canadian Experience	Catégorie de l’expérience canadienne	40
2023	Q1	Feb	2023	T1	fév.	British Columbia	Colombie-Britannique	Skilled Trade	Métiers spécialisés	10
2015	Q2	May	2015	T2	mai	Ontario	Ontario	Canadian Experience	Catégorie de l’expérience canadienne	10
2024	Q2	Jun	2024	T2	juin	Ontario	Ontario	Provincial Nominee Program	Candidats des provinces ou des territoires	1235
2025	Q1	Mar	2025	T1	mars	Alberta	Alberta	Skilled Worker	Travailleurs qualifiés	475
2020	Q3	Jul	2020	T3	juil.	Manitoba	Manitoba	Canadian Experience	Catégorie de l’expérience canadienne	15
2016	Q1	Feb	2016	T1	fév.	Manitoba	Manitoba	Skilled Trade	Métiers spécialisés	--
2020	Q4	Nov	2020	T4	nov.	Newfoundland and Labrador	Terre-Neuve-et-Labrador	Canadian Experience	Catégorie de l’expérience canadienne	--
2020	Q1	Mar	2020	T1	mars	Saskatchewan	Saskatchewan	Provincial Nominee Program	Candidats des provinces ou des territoires	90
2018	Q1	Jan	2018	T1	janv.	Alberta	Alberta	Canadian Experience	Catégorie de l’expérience canadienne	405
2026	Q2	May	2026	T2	mai	Ontario	Ontario	Provincial Nominee Program	Candidats des provinces ou des territoires	275
2021	Q3	Jul	2021	T3	juil.	British Columbia	Colombie-Britannique	Provincial Nominee Program	Candidats des provinces ou des territoires	600
2022	Q3	Sep	2022	T3	sept.	Alberta	Alberta	Skilled Trade	Métiers spécialisés	--
2017	Q3	Jul	2017	T3	juil.	New Brunswick	Nouveau-Brunswick	Provincial Nominee Program	Candidats des provinces ou des territoires	100
2017	Q1	Jan	2017	T1	janv.	Newfoundland and Labrador	Terre-Neuve-et-Labrador	Skilled Worker	Travailleurs qualifiés	15
2021	Q4	Dec	2021	T4	déc.	Nova Scotia	Nouvelle-Écosse	Provincial Nominee Program	Candidats des provinces ou des territoires	220
2020	Q1	Jan	2020	T1	janv.	Prince Edward Island	Île-du-Prince-Édouard	Provincial Nominee Program	Candidats des provinces ou des territoires	40
2020	Q2	May	2020	T2	mai	Newfoundland and Labrador	Terre-Neuve-et-Labrador	Provincial Nominee Program	Candidats des provinces ou des territoires	15
2024	Q1	Jan	2024	T1	janv.	Prince Edward Island	Île-du-Prince-Édouard	Skilled Worker	Travailleurs qualifiés	--
2018	Q4	Nov	2018	T4	nov.	Ontario	Ontario	Skilled Trade	Métiers spécialisés	--
2024	Q2	Apr	2024	T2	avr.	Manitoba	Manitoba	Provincial Nominee Program	Candidats des provinces ou des territoires	605
2015	Q3	Aug	2015	T3	août	Ontario	Ontario	Canadian Experience	Catégorie de l’expérience canadienne	195
2026	Q2	Apr	2026	T2	avr.	Northwest Territories	Territoires du Nord-Ouest	Canadian Experience	Catégorie de l’expérience canadienne	5
2018	Q4	Nov	2018	T4	nov.	Newfoundland and Labrador	Terre-Neuve-et-Labrador	Canadian Experience	Catégorie de l’expérience canadienne	15
2020	Q1	Mar	2020	T1	mars	Alberta	Alberta	Skilled Trade	Métiers spécialisés	25
2018	Q2	Jun	2018	T2	juin	British Columbia	Colombie-Britannique	Canadian Experience	Catégorie de l’expérience canadienne	445
2025	Q4	Nov	2025	T4	nov.	Alberta	Alberta	Canadian Experience	Catégorie de l’expérience canadienne	15
2020	Q2	Apr	2020	T2	avr.	Alberta	Alberta	Skilled Trade	Métiers spécialisés	10
2020	Q2	Jun	2020	T2	juin	Ontario	Ontario	Canadian Experience	Catégorie de l’expérience canadienne	4640
2017	Q4	Dec	2017	T4	déc.	Nova Scotia	Nouvelle-Écosse	Canadian Experience	Catégorie de l’expérience canadienne	40
2018	Q4	Dec	2018	T4	déc.	British Columbia	Colombie-Britannique	Provincial Nominee Program	Candidats des provinces ou des territoires	135
2018	Q1	Jan	2018	T1	janv.	Ontario	Ontario	Skilled Trade	Métiers spécialisés	30
2019	Q3	Sep	2019	T3	sept.	Nova Scotia	Nouvelle-Écosse	Skilled Trade	Métiers spécialisés	--
2023	Q3	Aug	2023	T3	août	Alberta	Alberta	Provincial Nominee Program	Candidats des provinces ou des territoires	390
2016	Q2	Apr	2016	T2	avr.	Saskatchewan	Saskatchewan	Skilled Worker	Travailleurs qualifiés	20
2022	Q1	Mar	2022	T1	mars	Yukon	Yukon	Canadian Experience	Catégorie de l’expérience canadienne	15
2017	Q2	May	2017	T2	mai	Saskatchewan	Saskatchewan	Canadian Experience	Catégorie de l’expérience canadienne	30
2016	Q1	Jan	2016	T1	janv.	New Brunswick	Nouveau-Brunswick	Skilled Worker	Travailleurs qualifiés	--
2024	Q3	Aug	2024	T3	août	Saskatchewan	Saskatchewan	Provincial Nominee Program	Candidats des provinces ou des territoires	165
2017	Q4	Oct	2017	T4	oct.	Newfoundland and Labrador	Terre-Neuve-et-Labrador	Canadian Experience	Catégorie de l’expérience canadienne	10
2025	Q1	Feb	2025	T1	fév.	Prince Edward Island	Île-du-Prince-Édouard	Canadian Experience	Catégorie de l’expérience canadienne	--
2021	Q3	Jul	2021	T3	juil.	New Brunswick	Nouveau-Brunswick	Canadian Experience	Catégorie de l’expérience canadienne	70
2019	Q3	Sep	2019	T3	sept.	Nova Scotia	Nouvelle-Écosse	Skilled Worker	Travailleurs qualifiés	40
2019	Q4	Oct	2019	T4	oct.	Nova Scotia	Nouvelle-Écosse	Canadian Experience	Catégorie de l’expérience canadienne	35
2021	Q2	May	2021	T2	mai	British Columbia	Colombie-Britannique	Canadian Experience	Catégorie de l’expérience canadienne	1280
2025	Q2	Jun	2025	T2	juin	Prince Edward Island	Île-du-Prince-Édouard	Skilled Worker	Travailleurs qualifiés	--
2018	Q1	Mar	2018	T1	mars	British Columbia	Colombie-Britannique	Provincial Nominee Program	Candidats des provinces ou des territoires	635
2019	Q1	Feb	2019	T1	fév.	Alberta	Alberta	Canadian Experience	Catégorie de l’expérience canadienne	135
2016	Q3	Jul	2016	T3	juil.	Ontario	Ontario	Skilled Trade	Métiers spécialisés	25
2023	Q3	Sep	2023	T3	sept.	New Brunswick	Nouveau-Brunswick	Skilled Worker	Travailleurs qualifiés	65
2024	Q2	May	2024	T2	mai	British Columbia	Colombie-Britannique	Skilled Trade	Métiers spécialisés	--
2026	Q3	Jul	2026	T3	juil.	Ontario	Ontario	Provincial Nominee Program	Candidats des provinces ou des territoires	440
2020	Q4	Nov	2020	T4	nov.	British Columbia	Colombie-Britannique	Skilled Worker	Travailleurs qualifiés	80
2020	Q1	Mar	2020	T1	mars	Prince Edward Island	Île-du-Prince-Édouard	Skilled Worker	Travailleurs qualifiés	--
2026	Q1	Feb	2026	T1	fév.	Northwest Territories	Territoires du Nord-Ouest	Canadian Experience	Catégorie de l’expérience canadienne	--
2022	Q2	Jun	2022	T2	juin	Nunavut	Nunavut	Skilled Worker	Travailleurs qualifiés	--
2018	Q4	Dec	2018	T4	déc.	New Brunswick	Nouveau-Brunswick	Canadian Experience	Catégorie de l’expérience canadienne	10
2025	Q2	May	2025	T2	mai	Alberta	Alberta	Skilled Worker	Travailleurs qualifiés	325
2020	Q3	Jul	2020	T3	juil.	Saskatchewan	Saskatchewan	Skilled Worker	Travailleurs qualifiés	15
2021	Q2	Apr	2021	T2	avr.	Manitoba	Manitoba	Canadian Experience	Catégorie de l’expérience canadienne	55
2017	Q1	Mar	2017	T1	mars	Saskatchewan	Saskatchewan	Skilled Trade	Métiers spécialisés	5
2020	Q2	Jun	2020	T2	juin	Manitoba	Manitoba	Skilled Worker	Travailleurs qualifiés	20
2019	Q3	Jul	2019	T3	juil.	Prince Edward Island	Île-du-Prince-Édouard	Skilled Worker	Travailleurs qualifiés	--
2024	Q4	Oct	2024	T4	oct.	New Brunswick	Nouveau-Brunswick	Provincial Nominee Program	Candidats des provinces ou des territoires	185
2019	Q3	Sep	2019	T3	sept.	Manitoba	Manitoba	Canadian Experience	Catégorie de l’expérience canadienne	40
2016	Q3	Sep	2016	T3	sept.	Prince Edward Island	Île-du-Prince-Édouard	Canadian Experience	Catégorie de l’expérience canadienne	--
2017	Q4	Nov	2017	T4	nov.	Alberta	Alberta	Skilled Worker	Travailleurs qualifiés	250
2020	Q2	May	2020	T2	mai	New Brunswick	Nouveau-Brunswick	Skilled Worker	Travailleurs qualifiés	10
2015	Q3	Jul	2015	T3	juil.	Alberta	Alberta	Skilled Worker	Travailleurs qualifiés	35
2018	Q2	Apr	2018	T2	avr.	Northwest Territories	Territoires du Nord-Ouest	Canadian Experience	Catégorie de l’expérience canadienne	--
2026	Q1	Mar	2026	T1	mars	Ontario	Ontario	Canadian Experience	Catégorie de l’expérience canadienne	2185
2015	Q4	Dec	2015	T4	déc.	Ontario	Ontario	Skilled Worker	Travailleurs qualifiés	175
2019	Q2	Apr	2019	T2	avr.	Ontario	Ontario	Skilled Trade	Métiers spécialisés	20
2019	Q2	May	2019	T2	mai	Manitoba	Manitoba	Provincial Nominee Program	Candidats des provinces ou des territoires	95
2015	Q2	Jun	2015	T2	juin	Ontario	Ontario	Skilled Worker	Travailleurs qualifiés	5
2022	Q1	Jan	2022	T1	janv.	New Brunswick	Nouveau-Brunswick	Provincial Nominee Program	Candidats des provinces ou des territoires	100
2026	Q1	Jan	2026	T1	janv.	Manitoba	Manitoba	Skilled Worker	Travailleurs qualifiés	60
2017	Q1	Feb	2017	T1	fév.	Saskatchewan	Saskatchewan	Canadian Experience	Catégorie de l’expérience canadienne	20
2021	Q2	May	2021	T2	mai	New Brunswick	Nouveau-Brunswick	Provincial Nominee Program	Candidats des provinces ou des territoires	30
2021	Q3	Aug	2021	T3	août	Newfoundland and Labrador	Terre-Neuve-et-Labrador	Skilled Worker	Travailleurs qualifiés	--
2022	Q1	Feb	2022	T1	fév.	Manitoba	Manitoba	Canadian Experience	Catégorie de l’expérience canadienne	40
2022	Q3	Jul	2022	T3	juil.	Prince Edward Island	Île-du-Prince-Édouard	Canadian Experience	Catégorie de l’expérience canadienne	--
2023	Q2	May	2023	T2	mai	Newfoundland and Labrador	Terre-Neuve-et-Labrador	Provincial Nominee Program	Candidats des provinces ou des territoires	35
2017	Q4	Nov	2017	T4	nov.	British Columbia	Colombie-Britannique	Skilled Trade	Métiers spécialisés	35
2026	Q2	Apr	2026	T2	avr.	Prince Edward Island	Île-du-Prince-Édouard	Canadian Experience	Catégorie de l’expérience canadienne	5
2015	Q3	Jul	2015	T3	juil.	Saskatchewan	Saskatchewan	Canadian Experience	Catégorie de l’expérience canadienne	5
2019	Q1	Mar	2019	T1	mars	Saskatchewan	Saskatchewan	Skilled Worker	Travailleurs qualifiés	40
2017	Q2	Apr	2017	T2	avr.	Alberta	Alberta	Skilled Worker	Travailleurs qualifiés	110
2018	Q2	Apr	2018	T2	avr.	Saskatchewan	Saskatchewan	Skilled Trade	Métiers spécialisés	--
2021	Q4	Oct	2021	T4	oct.	Saskatchewan	Saskatchewan	Skilled Worker	Travailleurs qualifiés	5
2018	Q3	Jul	2018	T3	juil.	New Brunswick	Nouveau-Brunswick	Provincial Nominee Program	Candidats des provinces ou des territoires	110
2017	Q2	Jun	2017	T2	juin	Prince Edward Island	Île-du-Prince-Édouard	Canadian Experience	Catégorie de l’expérience canadienne	5
2021	Q3	Jul	2021	T3	juil.	Ontario	Ontario	Provincial Nominee Program	Candidats des provinces ou des territoires	630
2019	Q4	Nov	2019	T4	nov.	Ontario	Ontario	Skilled Trade	Métiers spécialisés	35
2018	Q4	Dec	2018	T4	déc.	Saskatchewan	Saskatchewan	Skilled Worker	Travailleurs qualifiés	45
2019	Q2	Jun	2019	T2	juin	Prince Edward Island	Île-du-Prince-Édouard	Skilled Trade	Métiers spécialisés	--
2020	Q4	Oct	2020	T4	oct.	British Columbia	Colombie-Britannique	Canadian Experience	Catégorie de l’expérience canadienne	350
2022	Q1	Feb	2022	T1	fév.	Alberta	Alberta	Canadian Experience	Catégorie de l’expérience canadienne	515
2025	Q3	Sep	2025	T3	sept.	New Brunswick	Nouveau-Brunswick	Skilled Worker	Travailleurs qualifiés	190
2021	Q4	Dec	2021	T4	déc.	Prince Edward Island	Île-du-Prince-Édouard	Canadian Experience	Catégorie de l’expérience canadienne	40
2022	Q2	Apr	2022	T2	avr.	Prince Edward Island	Île-du-Prince-Édouard	Provincial Nominee Program	Candidats des provinces ou des territoires	60
2026	Q1	Feb	2026	T1	fév.	New Brunswick	Nouveau-Brunswick	Provincial Nominee Program	Candidats des provinces ou des territoires	325
2018	Q3	Aug	2018	T3	août	Ontario	Ontario	Skilled Trade	Métiers spécialisés	15
2021	Q3	Jul	2021	T3	juil.	Ontario	Ontario	Skilled Trade	Métiers spécialisés	10
2016	Q1	Mar	2016	T1	mars	Manitoba	Manitoba	Provincial Nominee Program	Candidats des provinces ou des territoires	20
2022	Q3	Jul	2022	T3	juil.	British Columbia	Colombie-Britannique	Skilled Worker	Travailleurs qualifiés	610
2020	Q3	Jul	2020	T3	juil.	Saskatchewan	Saskatchewan	Canadian Experience	Catégorie de l’expérience canadienne	10
2021	Q2	May	2021	T2	mai	Ontario	Ontario	Skilled Worker	Travailleurs qualifiés	195
2025	Q3	Jul	2025	T3	juil.	Prince Edward Island	Île-du-Prince-Édouard	Provincial Nominee Program	Candidats des provinces ou des territoires	15
2024	Q2	May	2024	T2	mai	Yukon	Yukon	Provincial Nominee Program	Candidats des provinces ou des territoires	5
2026	Q1	Feb	2026	T1	fév.	Saskatchewan	Saskatchewan	Skilled Worker	Travailleurs qualifiés	15
2018	Q2	Apr	2018	T2	avr.	Prince Edward Island	Île-du-Prince-Édouard	Skilled Trade	Métiers spécialisés	--
2016	Q2	May	2016	T2	mai	Northwest Territories	Territoires du Nord-Ouest	Skilled Worker	Travailleurs qualifiés	--
2019	Q1	Jan	2019	T1	janv.	Manitoba	Manitoba	Provincial Nominee Program	Candidats des provinces ou des territoires	--
2017	Q2	Jun	2017	T2	juin	Ontario	Ontario	Skilled Trade	Métiers spécialisés	25
2020	Q4	Dec	2020	T4	déc.	Alberta	Alberta	Provincial Nominee Program	Candidats des provinces ou des territoires	185
2021	Q4	Oct	2021	T4	oct.	British Columbia	Colombie-Britannique	Provincial Nominee Program	Candidats des provinces ou des territoires	335
2026	Q1	Mar	2026	T1	mars	Prince Edward Island	Île-du-Prince-Édouard	Skilled Worker	Travailleurs qualifiés	--
2023	Q1	Mar	2023	T1	mars	Saskatchewan	Saskatchewan	Skilled Worker	Travailleurs qualifiés	30
2020	Q3	Sep	2020	T3	sept.	Nova Scotia	Nouvelle-Écosse	Canadian Experience	Catégorie de l’expérience canadienne	--
2022	Q1	Jan	2022	T1	janv.	Newfoundland and Labrador	Terre-Neuve-et-Labrador	Canadian Experience	Catégorie de l’expérience canadienne	20
2016	Q3	Jul	2016	T3	juil.	Saskatchewan	Saskatchewan	Skilled Worker	Travailleurs qualifiés	20
2015	Q3	Sep	2015	T3	sept.	Nova Scotia	Nouvelle-Écosse	Canadian Experience	Catégorie de l’expérience canadienne	--
2017	Q2	Apr	2017	T2	avr.	Newfoundland and Labrador	Terre-Neuve-et-Labrador	Canadian Experience	Catégorie de l’expérience canadienne	10
2024	Q3	Aug	2024	T3	août	Nunavut	Nunavut	Canadian Experience	Catégorie de l’expérience canadienne	--
2024	Q1	Mar	2024	T1	mars	Alberta	Alberta	Skilled Worker	Travailleurs qualifiés	430
2026	Q2	Apr	2026	T2	avr.	Alberta	Alberta	Skilled Worker	Travailleurs qualifiés	340
2019	Q2	May	2019	T2	mai	Nova Scotia	Nouvelle-Écosse	Provincial Nominee Program	Candidats des provinces ou des territoires	275
2019	Q2	May	2019	T2	mai	Saskatchewan	Saskatchewan	Canadian Experience	Catégorie de l’expérience canadienne	35
2017	Q3	Jul	2017	T3	juil.	British Columbia	Colombie-Britannique	Canadian Experience	Catégorie de l’expérience canadienne	395
2024	Q3	Aug	2024	T3	août	Alberta	Alberta	Canadian Experience	Catégorie de l’expérience canadienne	295
2020	Q4	Dec	2020	T4	déc.	Manitoba	Manitoba	Canadian Experience	Catégorie de l’expérience canadienne	--
2026	Q1	Jan	2026	T1	janv.	New Brunswick	Nouveau-Brunswick	Canadian Experience	Catégorie de l’expérience canadienne	45
2017	Q4	Oct	2017	T4	oct.	Prince Edward Island	Île-du-Prince-Édouard	Provincial Nominee Program	Candidats des provinces ou des territoires	80
2015	Q4	Oct	2015	T4	oct.	Ontario	Ontario	Provincial Nominee Program	Candidats des provinces ou des territoires	--
2022	Q3	Jul	2022	T3	juil.	Ontario	Ontario	Canadian Experience	Catégorie de l’expérience canadienne	975
2018	Q4	Dec	2018	T4	déc.	Ontario	Ontario	Provincial Nominee Program	Candidats des provinces ou des territoires	425
2025	Q1	Jan	2025	T1	janv.	Newfoundland and Labrador	Terre-Neuve-et-Labrador	Canadian Experience	Catégorie de l’expérience canadienne	--
2018	Q3	Aug	2018	T3	août	Newfoundland and Labrador	Terre-Neuve-et-Labrador	Canadian Experience	Catégorie de l’expérience canadienne	5
2015	Q3	Aug	2015	T3	août	New Brunswick	Nouveau-Brunswick	Canadian Experience	Catégorie de l’expérience canadienne	--
2018	Q4	Dec	2018	T4	déc.	Manitoba	Manitoba	Skilled Worker	Travailleurs qualifiés	35
2016	Q2	May	2016	T2	mai	British Columbia	Colombie-Britannique	Skilled Trade	Métiers spécialisés	20
2021	Q3	Sep	2021	T3	sept.	Alberta	Alberta	Skilled Trade	Métiers spécialisés	10
2016	Q3	Sep	2016	T3	sept.	Manitoba	Manitoba	Canadian Experience	Catégorie de l’expérience canadienne	--
2026	Q3	Jul	2026	T3	juil.	Manitoba	Manitoba	Canadian Experience	Catégorie de l’expérience canadienne	70
2020	Q3	Jul	2020	T3	juil.	Ontario	Ontario	Skilled Trade	Métiers spécialisés	10
2018	Q3	Jul	2018	T3	juil.	Saskatchewan	Saskatchewan	Provincial Nominee Program	Candidats des provinces ou des territoires	200
2016	Q3	Aug	2016	T3	août	Saskatchewan	Saskatchewan	Skilled Worker	Travailleurs qualifiés	20
2022	Q3	Jul	2022	T3	juil.	New Brunswick	Nouveau-Brunswick	Provincial Nominee Program	Candidats des provinces ou des territoires	445
2026	Q2	May	2026	T2	mai	Nova Scotia	Nouvelle-Écosse	Skilled Worker	Travailleurs qualifiés	25
2024	Q1	Feb	2024	T1	fév.	British Columbia	Colombie-Britannique	Canadian Experience	Catégorie de l’expérience canadienne	980
2023	Q2	Jun	2023	T2	juin	Newfoundland and Labrador	Terre-Neuve-et-Labrador	Provincial Nominee Program	Candidats des provinces ou des territoires	35
2024	Q3	Sep	2024	T3	sept.	British Columbia	Colombie-Britannique	Provincial Nominee Program	Candidats des provinces ou des territoires	490
2021	Q1	Jan	2021	T1	janv.	Saskatchewan	Saskatchewan	Canadian Experience	Catégorie de l’expérience canadienne	50
2024	Q3	Jul	2024	T3	juil.	Ontario	Ontario	Canadian Experience	Catégorie de l’expérience canadienne	2695
2026	Q1	Jan	2026	T1	janv.	Alberta	Alberta	Provincial Nominee Program	Candidats des provinces ou des territoires	275
2024	Q3	Aug	2024	T3	août	Yukon	Yukon	Provincial Nominee Program	Candidats des provinces ou des territoires	5
2018	Q2	May	2018	T2	mai	Nova Scotia	Nouvelle-Écosse	Canadian Experience	Catégorie de l’expérience canadienne	25
2016	Q1	Mar	2016	T1	mars	Northwest Territories	Territoires du Nord-Ouest	Provincial Nominee Program	Candidats des provinces ou des territoires	--
2016	Q4	Oct	2016	T4	oct.	Saskatchewan	Saskatchewan	Skilled Trade	Métiers spécialisés	5
2023	Q3	Sep	2023	T3	sept.	British Columbia	Colombie-Britannique	Skilled Trade	Métiers spécialisés	10
2023	Q3	Aug	2023	T3	août	Newfoundland and Labrador	Terre-Neuve-et-Labrador	Canadian Experience	Catégorie de l’expérience canadienne	10
2025	Q3	Sep	2025	T3	sept.	Prince Edward Island	Île-du-Prince-Édouard	Skilled Worker	Travailleurs qualifiés	10
2021	Q1	Feb	2021	T1	fév.	Saskatchewan	Saskatchewan	Canadian Experience	Catégorie de l’expérience canadienne	40
2022	Q4	Nov	2022	T4	nov.	Saskatchewan	Saskatchewan	Canadian Experience	Catégorie de l’expérience canadienne	--
2024	Q4	Oct	2024	T4	oct.	Ontario	Ontario	Provincial Nominee Program	Candidats des provinces ou des territoires	1335
2024	Q1	Jan	2024	T1	janv.	Alberta	Alberta	Provincial Nominee Program	Candidats des provinces ou des territoires	775
2023	Q1	Feb	2023	T1	fév.	Nova Scotia	Nouvelle-Écosse	Canadian Experience	Catégorie de l’expérience canadienne	55
2023	Q1	Feb	2023	T1	fév.	Alberta	Alberta	Skilled Trade	Métiers spécialisés	--
2017	Q1	Jan	2017	T1	janv.	Northwest Territories	Territoires du Nord-Ouest	Skilled Trade	Métiers spécialisés	--
2024	Q1	Feb	2024	T1	fév.	British Columbia	Colombie-Britannique	Provincial Nominee Program	Candidats des provinces ou des territoires	960
2023	Q3	Sep	2023	T3	sept.	British Columbia	Colombie-Britannique	Skilled Worker	Travailleurs qualifiés	295
2024	Q3	Sep	2024	T3	sept.	Yukon	Yukon	Canadian Experience	Catégorie de l’expérience canadienne	--
2023	Q1	Feb	2023	T1	fév.	Alberta	Alberta	Skilled Worker	Travailleurs qualifiés	285
2026	Q2	Jun	2026	T2	juin	Nova Scotia	Nouvelle-Écosse	Skilled Worker	Travailleurs qualifiés	50
2023	Q1	Jan	2023	T1	janv.	Ontario	Ontario	Skilled Worker	Travailleurs qualifiés	1540
2018	Q3	Sep	2018	T3	sept.	Manitoba	Manitoba	Skilled Worker	Travailleurs qualifiés	30
2025	Q1	Jan	2025	T1	janv.	British Columbia	Colombie-Britannique	Provincial Nominee Program	Candidats des provinces ou des territoires	1200
2017	Q1	Mar	2017	T1	mars	Alberta	Alberta	Skilled Worker	Travailleurs qualifiés	125
2022	Q3	Aug	2022	T3	août	Prince Edward Island	Île-du-Prince-Édouard	Provincial Nominee Program	Candidats des provinces ou des territoires	30
2025	Q3	Sep	2025	T3	sept.	Newfoundland and Labrador	Terre-Neuve-et-Labrador	Skilled Worker	Travailleurs qualifiés	20
2020	Q4	Oct	2020	T4	oct.	Ontario	Ontario	Skilled Trade	Métiers spécialisés	--
2022	Q2	May	2022	T2	mai	Ontario	Ontario	Skilled Trade	Métiers spécialisés	5
2026	Q2	Apr	2026	T2	avr.	Yukon	Yukon	Skilled Worker	Travailleurs qualifiés	--
2020	Q2	Apr	2020	T2	avr.	New Brunswick	Nouveau-Brunswick	Skilled Worker	Travailleurs qualifiés	--
2021	Q2	Apr	2021	T2	avr.	Nova Scotia	Nouvelle-Écosse	Provincial Nominee Program	Candidats des provinces ou des territoires	45
2026	Q3	Jul	2026	T3	juil.	Nunavut	Nunavut	Canadian Experience	Catégorie de l’expérience canadienne	--
2018	Q4	Oct	2018	T4	oct.	Prince Edward Island	Île-du-Prince-Édouard	Canadian Experience	Catégorie de l’expérience canadienne	--
2020	Q2	May	2020	T2	mai	Manitoba	Manitoba	Provincial Nominee Program	Candidats des provinces ou des territoires	45
2016	Q1	Feb	2016	T1	fév.	Saskatchewan	Saskatchewan	Skilled Worker	Travailleurs qualifiés	10
2016	Q1	Jan	2016	T1	janv.	Newfoundland and Labrador	Terre-Neuve-et-Labrador	Skilled Trade	Métiers spécialisés	--
2016	Q1	Jan	2016	T1	janv.	Ontario	Ontario	Canadian Experience	Catégorie de l’expérience canadienne	165
2023	Q4	Nov	2023	T4	nov.	British Columbia	Colombie-Britannique	Skilled Trade	Métiers spécialisés	--
2018	Q2	Apr	2018	T2	avr.	New Brunswick	Nouveau-Brunswick	Canadian Experience	Catégorie de l’expérience canadienne	10
2024	Q3	Sep	2024	T3	sept.	Newfoundland and Labrador	Terre-Neuve-et-Labrador	Canadian Experience	Catégorie de l’expérience canadienne	--
2019	Q4	Oct	2019	T4	oct.	British Columbia	Colombie-Britannique	Skilled Worker	Travailleurs qualifiés	670
2024	Q1	Mar	2024	T1	mars	Manitoba	Manitoba	Provincial Nominee Program	Candidats des provinces ou des territoires	235
2021	Q4	Oct	2021	T4	oct.	New Brunswick	Nouveau-Brunswick	Provincial Nominee Program	Candidats des provinces ou des territoires	30
2025	Q2	Jun	2025	T2	juin	Prince Edward Island	Île-du-Prince-Édouard	Canadian Experience	Catégorie de l’expérience canadienne	--
2022	Q3	Sep	2022	T3	sept.	New Brunswick	Nouveau-Brunswick	Skilled Worker	Travailleurs qualifiés	55
2020	Q4	Nov	2020	T4	nov.	Nova Scotia	Nouvelle-Écosse	Skilled Worker	Travailleurs qualifiés	10
2025	Q3	Sep	2025	T3	sept.	Yukon	Yukon	Provincial Nominee Program	Candidats des provinces ou des territoires	--
2022	Q2	Apr	2022	T2	avr.	British Columbia	Colombie-Britannique	Provincial Nominee Program	Candidats des provinces ou des territoires	730
2026	Q2	Jun	2026	T2	juin	Saskatchewan	Saskatchewan	Skilled Worker	Travailleurs qualifiés	35
2021	Q2	May	2021	T2	mai	Yukon	Yukon	Provincial Nominee Program	Candidats des provinces ou des territoires	--
2022	Q1	Jan	2022	T1	janv.	Northwest Territories	Territoires du Nord-Ouest	Provincial Nominee Program	Candidats des provinces ou des territoires	--
2016	Q4	Oct	2016	T4	oct.	Northwest Territories	Territoires du Nord-Ouest	Provincial Nominee Program	Candidats des provinces ou des territoires	--
2024	Q1	Feb	2024	T1	fév.	Nova Scotia	Nouvelle-Écosse	Skilled Worker	Travailleurs qualifiés	25
2022	Q1	Jan	2022	T1	janv.	Alberta	Alberta	Skilled Worker	Travailleurs qualifiés	90
2017	Q3	Sep	2017	T3	sept.	Nova Scotia	Nouvelle-Écosse	Canadian Experience	Catégorie de l’expérience canadienne	15
2016	Q4	Dec	2016	T4	déc.	Nova Scotia	Nouvelle-Écosse	Canadian Experience	Catégorie de l’expérience canadienne	15
2019	Q4	Dec	2019	T4	déc.	Manitoba	Manitoba	Provincial Nominee Program	Candidats des provinces ou des territoires	105
2017	Q4	Nov	2017	T4	nov.	Alberta	Alberta	Skilled Trade	Métiers spécialisés	30
2018	Q2	May	2018	T2	mai	Newfoundland and Labrador	Terre-Neuve-et-Labrador	Skilled Worker	Travailleurs qualifiés	10
2024	Q4	Oct	2024	T4	oct.	Yukon	Yukon	Provincial Nominee Program	Candidats des provinces ou des territoires	5
2023	Q4	Nov	2023	T4	nov.	British Columbia	Colombie-Britannique	Provincial Nominee Program	Candidats des provinces ou des territoires	355
2019	Q3	Aug	2019	T3	août	Nova Scotia	Nouvelle-Écosse	Canadian Experience	Catégorie de l’expérience canadienne	35
2025	Q1	Jan	2025	T1	janv.	Ontario	Ontario	Provincial Nominee Program	Candidats des provinces ou des territoires	2100
2022	Q4	Dec	2022	T4	déc.	Ontario	Ontario	Provincial Nominee Program	Candidats des provinces ou des territoires	755
2016	Q3	Aug	2016	T3	août	Saskatchewan	Saskatchewan	Skilled Trade	Métiers spécialisés	--
2016	Q1	Feb	2016	T1	fév.	British Columbia	Colombie-Britannique	Provincial Nominee Program	Candidats des provinces ou des territoires	110
2026	Q1	Feb	2026	T1	fév.	New Brunswick	Nouveau-Brunswick	Canadian Experience	Catégorie de l’expérience canadienne	35
2018	Q3	Aug	2018	T3	août	Alberta	Alberta	Skilled Worker	Travailleurs qualifiés	320
2018	Q1	Jan	2018	T1	janv.	Manitoba	Manitoba	Canadian Experience	Catégorie de l’expérience canadienne	55
2019	Q2	Jun	2019	T2	juin	Newfoundland and Labrador	Terre-Neuve-et-Labrador	Canadian Experience	Catégorie de l’expérience canadienne	10
2025	Q3	Sep	2025	T3	sept.	Alberta	Alberta	Canadian Experience	Catégorie de l’expérience canadienne	325
2026	Q1	Jan	2026	T1	janv.	Northwest Territories	Territoires du Nord-Ouest	Canadian Experience	Catégorie de l’expérience canadienne	10
2025	Q1	Feb	2025	T1	fév.	Northwest Territories	Territoires du Nord-Ouest	Provincial Nominee Program	Candidats des provinces ou des territoires	15
2015	Q3	Aug	2015	T3	août	Saskatchewan	Saskatchewan	Skilled Trade	Métiers spécialisés	--
2016	Q3	Sep	2016	T3	sept.	Alberta	Alberta	Skilled Worker	Travailleurs qualifiés	195
2015	Q2	Jun	2015	T2	juin	British Columbia	Colombie-Britannique	Provincial Nominee Program	Candidats des provinces ou des territoires	15
2019	Q3	Sep	2019	T3	sept.	Newfoundland and Labrador	Terre-Neuve-et-Labrador	Provincial Nominee Program	Candidats des provinces ou des territoires	10
2024	Q4	Nov	2024	T4	nov.	Manitoba	Manitoba	Canadian Experience	Catégorie de l’expérience canadienne	35
2021	Q4	Oct	2021	T4	oct.	Ontario	Ontario	Canadian Experience	Catégorie de l’expérience canadienne	8490
2021	Q2	Jun	2021	T2	juin	Ontario	Ontario	Provincial Nominee Program	Candidats des provinces ou des territoires	525
2022	Q4	Dec	2022	T4	déc.	New Brunswick	Nouveau-Brunswick	Skilled Worker	Travailleurs qualifiés	25
2024	Q4	Nov	2024	T4	nov.	Manitoba	Manitoba	Skilled Worker	Travailleurs qualifiés	75
2015	Q4	Dec	2015	T4	déc.	British Columbia	Colombie-Britannique	Canadian Experience	Catégorie de l’expérience canadienne	150
2019	Q4	Nov	2019	T4	nov.	Prince Edward Island	Île-du-Prince-Édouard	Canadian Experience	Catégorie de l’expérience canadienne	5
2020	Q3	Aug	2020	T3	août	New Brunswick	Nouveau-Brunswick	Skilled Worker	Travailleurs qualifiés	10
2025	Q1	Jan	2025	T1	janv.	Yukon	Yukon	Canadian Experience	Catégorie de l’expérience canadienne	--
2016	Q4	Dec	2016	T4	déc.	Newfoundland and Labrador	Terre-Neuve-et-Labrador	Skilled Worker	Travailleurs qualifiés	--
2024	Q1	Feb	2024	T1	fév.	Saskatchewan	Saskatchewan	Canadian Experience	Catégorie de l’expérience canadienne	40
2015	Q2	Jun	2015	T2	juin	Nova Scotia	Nouvelle-Écosse	Canadian Experience	Catégorie de l’expérience canadienne	--
2024	Q2	May	2024	T2	mai	Nova Scotia	Nouvelle-Écosse	Skilled Worker	Travailleurs qualifiés	25
2025	Q2	May	2025	T2	mai	Nova Scotia	Nouvelle-Écosse	Provincial Nominee Program	Candidats des provinces ou des territoires	205
2015	Q4	Dec	2015	T4	déc.	Saskatchewan	Saskatchewan	Skilled Worker	Travailleurs qualifiés	10
2016	Q3	Jul	2016	T3	juil.	Nova Scotia	Nouvelle-Écosse	Skilled Worker	Travailleurs qualifiés	--
2018	Q1	Mar	2018	T1	mars	Saskatchewan	Saskatchewan	Skilled Worker	Travailleurs qualifiés	45
2017	Q4	Oct	2017	T4	oct.	Prince Edward Island	Île-du-Prince-Édouard	Canadian Experience	Catégorie de l’expérience canadienne	5
2021	Q1	Feb	2021	T1	fév.	Prince Edward Island	Île-du-Prince-Édouard	Provincial Nominee Program	Candidats des provinces ou des territoires	10
2026	Q2	May	2026	T2	mai	Yukon	Yukon	Provincial Nominee Program	Candidats des provinces ou des territoires	5
2019	Q4	Oct	2019	T4	oct.	Alberta	Alberta	Canadian Experience	Catégorie de l’expérience canadienne	160
2021	Q4	Nov	2021	T4	nov.	New Brunswick	Nouveau-Brunswick	Canadian Experience	Catégorie de l’expérience canadienne	105
2022	Q1	Mar	2022	T1	mars	Ontario	Ontario	Skilled Trade	Métiers spécialisés	20
2017	Q1	Feb	2017	T1	fév.	Ontario	Ontario	Canadian Experience	Catégorie de l’expérience canadienne	890
2016	Q3	Aug	2016	T3	août	British Columbia	Colombie-Britannique	Provincial Nominee Program	Candidats des provinces ou des territoires	65
2018	Q2	Apr	2018	T2	avr.	Prince Edward Island	Île-du-Prince-Édouard	Provincial Nominee Program	Candidats des provinces ou des territoires	45
2022	Q2	May	2022	T2	mai	Ontario	Ontario	Canadian Experience	Catégorie de l’expérience canadienne	1265
2022	Q3	Jul	2022	T3	juil.	Saskatchewan	Saskatchewan	Canadian Experience	Catégorie de l’expérience canadienne	15
2025	Q3	Aug	2025	T3	août	Saskatchewan	Saskatchewan	Skilled Worker	Travailleurs qualifiés	20
2023	Q1	Feb	2023	T1	fév.	British Columbia	Colombie-Britannique	Provincial Nominee Program	Candidats des provinces ou des territoires	1265
2019	Q4	Nov	2019	T4	nov.	Alberta	Alberta	Canadian Experience	Catégorie de l’expérience canadienne	130
2015	Q3	Aug	2015	T3	août	New Brunswick	Nouveau-Brunswick	Skilled Worker	Travailleurs qualifiés	--
2018	Q2	May	2018	T2	mai	Prince Edward Island	Île-du-Prince-Édouard	Skilled Worker	Travailleurs qualifiés	--
2024	Q4	Nov	2024	T4	nov.	Nova Scotia	Nouvelle-Écosse	Skilled Worker	Travailleurs qualifiés	20
2021	Q4	Dec	2021	T4	déc.	Newfoundland and Labrador	Terre-Neuve-et-Labrador	Canadian Experience	Catégorie de l’expérience canadienne	40
2021	Q2	Apr	2021	T2	avr.	Ontario	Ontario	Canadian Experience	Catégorie de l’expérience canadienne	4465
2019	Q4	Nov	2019	T4	nov.	Newfoundland and Labrador	Terre-Neuve-et-Labrador	Canadian Experience	Catégorie de l’expérience canadienne	10
2015	Q2	May	2015	T2	mai	Ontario	Ontario	Provincial Nominee Program	Candidats des provinces ou des territoires	--
2015	Q4	Nov	2015	T4	nov.	Saskatchewan	Saskatchewan	Canadian Experience	Catégorie de l’expérience canadienne	15
2016	Q2	Jun	2016	T2	juin	Nunavut	Nunavut	Skilled Worker	Travailleurs qualifiés	--
2024	Q2	Apr	2024	T2	avr.	British Columbia	Colombie-Britannique	Canadian Experience	Catégorie de l’expérience canadienne	1030
2020	Q1	Mar	2020	T1	mars	Saskatchewan	Saskatchewan	Skilled Trade	Métiers spécialisés	--
2023	Q3	Jul	2023	T3	juil.	Newfoundland and Labrador	Terre-Neuve-et-Labrador	Provincial Nominee Program	Candidats des provinces ou des territoires	25
2017	Q3	Aug	2017	T3	août	Alberta	Alberta	Canadian Experience	Catégorie de l’expérience canadienne	335
2022	Q2	May	2022	T2	mai	Newfoundland and Labrador	Terre-Neuve-et-Labrador	Skilled Worker	Travailleurs qualifiés	--
2017	Q4	Oct	2017	T4	oct.	Yukon	Yukon	Skilled Worker	Travailleurs qualifiés	--
2018	Q2	Jun	2018	T2	juin	New Brunswick	Nouveau-Brunswick	Provincial Nominee Program	Candidats des provinces ou des territoires	140
2026	Q3	Jul	2026	T3	juil.	Nova Scotia	Nouvelle-Écosse	Skilled Worker	Travailleurs qualifiés	15
2016	Q1	Feb	2016	T1	fév.	Manitoba	Manitoba	Skilled Worker	Travailleurs qualifiés	5
2019	Q4	Dec	2019	T4	déc.	Manitoba	Manitoba	Skilled Trade	Métiers spécialisés	--
2018	Q2	Apr	2018	T2	avr.	Ontario	Ontario	Provincial Nominee Program	Candidats des provinces ou des territoires	590
2024	Q2	Jun	2024	T2	juin	British Columbia	Colombie-Britannique	Canadian Experience	Catégorie de l’expérience canadienne	490
2021	Q3	Sep	2021	T3	sept.	New Brunswick	Nouveau-Brunswick	Skilled Worker	Travailleurs qualifiés	--
2020	Q2	Jun	2020	T2	juin	Northwest Territories	Territoires du Nord-Ouest	Canadian Experience	Catégorie de l’expérience canadienne	10
2021	Q3	Jul	2021	T3	juil.	Saskatchewan	Saskatchewan	Provincial Nominee Program	Candidats des provinces ou des territoires	195
2020	Q4	Oct	2020	T4	oct.	New Brunswick	Nouveau-Brunswick	Canadian Experience	Catégorie de l’expérience canadienne	5
2020	Q3	Aug	2020	T3	août	British Columbia	Colombie-Britannique	Skilled Worker	Travailleurs qualifiés	280
2019	Q1	Feb	2019	T1	fév.	British Columbia	Colombie-Britannique	Skilled Worker	Travailleurs qualifiés	415
2024	Q3	Sep	2024	T3	sept.	British Columbia	Colombie-Britannique	Canadian Experience	Catégorie de l’expérience canadienne	435
2021	Q3	Sep	2021	T3	sept.	Nunavut	Nunavut	Canadian Experience	Catégorie de l’expérience canadienne	--
2024	Q3	Aug	2024	T3	août	British Columbia	Colombie-Britannique	Provincial Nominee Program	Candidats des provinces ou des territoires	840
2019	Q3	Jul	2019	T3	juil.	Nova Scotia	Nouvelle-Écosse	Canadian Experience	Catégorie de l’expérience canadienne	50
2020	Q2	May	2020	T2	mai	Yukon	Yukon	Provincial Nominee Program	Candidats des provinces ou des territoires	--
2018	Q1	Jan	2018	T1	janv.	Saskatchewan	Saskatchewan	Provincial Nominee Program	Candidats des provinces ou des territoires	55
2016	Q1	Feb	2016	T1	fév.	British Columbia	Colombie-Britannique	Skilled Trade	Métiers spécialisés	40
2023	Q2	Jun	2023	T2	juin	Ontario	Ontario	Canadian Experience	Catégorie de l’expérience canadienne	3455
2018	Q4	Oct	2018	T4	oct.	Saskatchewan	Saskatchewan	Canadian Experience	Catégorie de l’expérience canadienne	35
2019	Q4	Nov	2019	T4	nov.	Ontario	Ontario	Skilled Worker	Travailleurs qualifiés	3545
2019	Q2	Apr	2019	T2	avr.	British Columbia	Colombie-Britannique	Canadian Experience	Catégorie de l’expérience canadienne	520
2021	Q1	Mar	2021	T1	mars	Saskatchewan	Saskatchewan	Canadian Experience	Catégorie de l’expérience canadienne	60
2025	Q3	Aug	2025	T3	août	Northwest Territories	Territoires du Nord-Ouest	Provincial Nominee Program	Candidats des provinces ou des territoires	10
2016	Q3	Aug	2016	T3	août	British Columbia	Colombie-Britannique	Skilled Trade	Métiers spécialisés	15
2020	Q4	Oct	2020	T4	oct.	Saskatchewan	Saskatchewan	Provincial Nominee Program	Candidats des provinces ou des territoires	30
2017	Q2	May	2017	T2	mai	Ontario	Ontario	Canadian Experience	Catégorie de l’expérience canadienne	1130
2016	Q3	Jul	2016	T3	juil.	Ontario	Ontario	Skilled Worker	Travailleurs qualifiés	730
2022	Q1	Feb	2022	T1	fév.	Nova Scotia	Nouvelle-Écosse	Provincial Nominee Program	Candidats des provinces ou des territoires	260
2026	Q1	Jan	2026	T1	janv.	Nova Scotia	Nouvelle-Écosse	Provincial Nominee Program	Candidats des provinces ou des territoires	140
2024	Q4	Dec	2024	T4	déc.	Northwest Territories	Territoires du Nord-Ouest	Canadian Experience	Catégorie de l’expérience canadienne	--
2019	Q1	Jan	2019	T1	janv.	Alberta	Alberta	Skilled Worker	Travailleurs qualifiés	225
2019	Q4	Oct	2019	T4	oct.	Newfoundland and Labrador	Terre-Neuve-et-Labrador	Canadian Experience	Catégorie de l’expérience canadienne	10
2017	Q3	Jul	2017	T3	juil.	British Columbia	Colombie-Britannique	Provincial Nominee Program	Candidats des provinces ou des territoires	205
2023	Q3	Aug	2023	T3	août	Ontario	Ontario	Skilled Worker	Travailleurs qualifiés	1605
2017	Q1	Mar	2017	T1	mars	Ontario	Ontario	Provincial Nominee Program	Candidats des provinces ou des territoires	120
2018	Q2	Jun	2018	T2	juin	Prince Edward Island	Île-du-Prince-Édouard	Canadian Experience	Catégorie de l’expérience canadienne	5
2025	Q2	May	2025	T2	mai	Alberta	Alberta	Canadian Experience	Catégorie de l’expérience canadienne	390
2020	Q4	Oct	2020	T4	oct.	Manitoba	Manitoba	Skilled Worker	Travailleurs qualifiés	15
2021	Q1	Feb	2021	T1	fév.	Manitoba	Manitoba	Canadian Experience	Catégorie de l’expérience canadienne	40
2020	Q1	Mar	2020	T1	mars	Nova Scotia	Nouvelle-Écosse	Provincial Nominee Program	Candidats des provinces ou des territoires	130
2023	Q2	May	2023	T2	mai	Alberta	Alberta	Canadian Experience	Catégorie de l’expérience canadienne	255
2019	Q3	Jul	2019	T3	juil.	Alberta	Alberta	Skilled Worker	Travailleurs qualifiés	635
2021	Q3	Aug	2021	T3	août	Ontario	Ontario	Skilled Worker	Travailleurs qualifiés	365
2019	Q1	Feb	2019	T1	fév.	Prince Edward Island	Île-du-Prince-Édouard	Provincial Nominee Program	Candidats des provinces ou des territoires	50
2023	Q2	May	2023	T2	mai	Nova Scotia	Nouvelle-Écosse	Canadian Experience	Catégorie de l’expérience canadienne	30
2026	Q3	Jul	2026	T3	juil.	Northwest Territories	Territoires du Nord-Ouest	Provincial Nominee Program	Candidats des provinces ou des territoires	--
2020	Q1	Mar	2020	T1	mars	Newfoundland and Labrador	Terre-Neuve-et-Labrador	Skilled Worker	Travailleurs qualifiés	--
2018	Q2	Jun	2018	T2	juin	Nova Scotia	Nouvelle-Écosse	Skilled Worker	Travailleurs qualifiés	20
2023	Q2	May	2023	T2	mai	Yukon	Yukon	Canadian Experience	Catégorie de l’expérience canadienne	--
2023	Q1	Mar	2023	T1	mars	Northwest Territories	Territoires du Nord-Ouest	Canadian Experience	Catégorie de l’expérience canadienne	--
2023	Q4	Dec	2023	T4	déc.	Alberta	Alberta	Provincial Nominee Program	Candidats des provinces ou des territoires	685
2022	Q3	Sep	2022	T3	sept.	Newfoundland and Labrador	Terre-Neuve-et-Labrador	Provincial Nominee Program	Candidats des provinces ou des territoires	40
2017	Q4	Nov	2017	T4	nov.	Yukon	Yukon	Canadian Experience	Catégorie de l’expérience canadienne	--
2016	Q3	Jul	2016	T3	juil.	Alberta	Alberta	Canadian Experience	Catégorie de l’expérience canadienne	395
2023	Q3	Jul	2023	T3	juil.	New Brunswick	Nouveau-Brunswick	Skilled Worker	Travailleurs qualifiés	55
2023	Q4	Nov	2023	T4	nov.	Prince Edward Island	Île-du-Prince-Édouard	Canadian Experience	Catégorie de l’expérience canadienne	--
2025	Q1	Mar	2025	T1	mars	New Brunswick	Nouveau-Brunswick	Canadian Experience	Catégorie de l’expérience canadienne	30
2024	Q2	Apr	2024	T2	avr.	Nova Scotia	Nouvelle-Écosse	Skilled Worker	Travailleurs qualifiés	20
2016	Q3	Sep	2016	T3	sept.	Saskatchewan	Saskatchewan	Canadian Experience	Catégorie de l’expérience canadienne	10
2020	Q4	Nov	2020	T4	nov.	Newfoundland and Labrador	Terre-Neuve-et-Labrador	Provincial Nominee Program	Candidats des provinces ou des territoires	--
2025	Q1	Feb	2025	T1	fév.	British Columbia	Colombie-Britannique	Canadian Experience	Catégorie de l’expérience canadienne	1535
2017	Q3	Sep	2017	T3	sept.	British Columbia	Colombie-Britannique	Skilled Trade	Métiers spécialisés	25
2026	Q2	Jun	2026	T2	juin	Ontario	Ontario	Canadian Experience	Catégorie de l’expérience canadienne	2730
2021	Q4	Nov	2021	T4	nov.	Saskatchewan	Saskatchewan	Skilled Worker	Travailleurs qualifiés	--
2022	Q4	Nov	2022	T4	nov.	Alberta	Alberta	Skilled Trade	Métiers spécialisés	--
2019	Q1	Mar	2019	T1	mars	Prince Edward Island	Île-du-Prince-Édouard	Skilled Worker	Travailleurs qualifiés	--
2025	Q3	Aug	2025	T3	août	British Columbia	Colombie-Britannique	Canadian Experience	Catégorie de l’expérience canadienne	1075
2021	Q1	Jan	2021	T1	janv.	British Columbia	Colombie-Britannique	Provincial Nominee Program	Candidats des provinces ou des territoires	415
2015	Q3	Jul	2015	T3	juil.	Ontario	Ontario	Canadian Experience	Catégorie de l’expérience canadienne	60
2023	Q4	Oct	2023	T4	oct.	British Columbia	Colombie-Britannique	Skilled Worker	Travailleurs qualifiés	350
2019	Q3	Sep	2019	T3	sept.	Nova Scotia	Nouvelle-Écosse	Provincial Nominee Program	Candidats des provinces ou des territoires	290
2025	Q2	May	2025	T2	mai	Yukon	Yukon	Provincial Nominee Program	Candidats des provinces ou des territoires	20
2026	Q2	Jun	2026	T2	juin	New Brunswick	Nouveau-Brunswick	Canadian Experience	Catégorie de l’expérience canadienne	25
2021	Q3	Jul	2021	T3	juil.	Manitoba	Manitoba	Provincial Nominee Program	Candidats des provinces ou des territoires	225
2025	Q1	Jan	2025	T1	janv.	British Columbia	Colombie-Britannique	Skilled Worker	Travailleurs qualifiés	170
2025	Q2	Jun	2025	T2	juin	Alberta	Alberta	Canadian Experience	Catégorie de l’expérience canadienne	365
2019	Q3	Aug	2019	T3	août	New Brunswick	Nouveau-Brunswick	Canadian Experience	Catégorie de l’expérience canadienne	20
2016	Q1	Jan	2016	T1	janv.	British Columbia	Colombie-Britannique	Skilled Trade	Métiers spécialisés	40
2015	Q4	Nov	2015	T4	nov.	Manitoba	Manitoba	Skilled Worker	Travailleurs qualifiés	5
2020	Q3	Jul	2020	T3	juil.	Manitoba	Manitoba	Skilled Worker	Travailleurs qualifiés	35
2022	Q2	May	2022	T2	mai	Manitoba	Manitoba	Provincial Nominee Program	Candidats des provinces ou des territoires	425
2020	Q1	Jan	2020	T1	janv.	Alberta	Alberta	Provincial Nominee Program	Candidats des provinces ou des territoires	140
2021	Q3	Jul	2021	T3	juil.	Yukon	Yukon	Provincial Nominee Program	Candidats des provinces ou des territoires	--
2020	Q3	Sep	2020	T3	sept.	Alberta	Alberta	Skilled Worker	Travailleurs qualifiés	110
2024	Q4	Dec	2024	T4	déc.	Saskatchewan	Saskatchewan	Canadian Experience	Catégorie de l’expérience canadienne	20
2024	Q3	Sep	2024	T3	sept.	Yukon	Yukon	Provincial Nominee Program	Candidats des provinces ou des territoires	5
2024	Q4	Dec	2024	T4	déc.	Nova Scotia	Nouvelle-Écosse	Skilled Worker	Travailleurs qualifiés	15
2016	Q2	Apr	2016	T2	avr.	Manitoba	Manitoba	Skilled Worker	Travailleurs qualifiés	10
2019	Q3	Sep	2019	T3	sept.	Saskatchewan	Saskatchewan	Provincial Nominee Program	Candidats des provinces ou des territoires	265
2017	Q4	Oct	2017	T4	oct.	Nova Scotia	Nouvelle-Écosse	Canadian Experience	Catégorie de l’expérience canadienne	25
2017	Q4	Dec	2017	T4	déc.	Nova Scotia	Nouvelle-Écosse	Provincial Nominee Program	Candidats des provinces ou des territoires	150
2021	Q3	Jul	2021	T3	juil.	Northwest Territories	Territoires du Nord-Ouest	Provincial Nominee Program	Candidats des provinces ou des territoires	5
2020	Q1	Feb	2020	T1	fév.	Prince Edward Island	Île-du-Prince-Édouard	Provincial Nominee Program	Candidats des provinces ou des territoires	50
2020	Q2	Apr	2020	T2	avr.	Nova Scotia	Nouvelle-Écosse	Provincial Nominee Program	Candidats des provinces ou des territoires	20
2024	Q1	Mar	2024	T1	mars	Prince Edward Island	Île-du-Prince-Édouard	Canadian Experience	Catégorie de l’expérience canadienne	--
2017	Q2	May	2017	T2	mai	Newfoundland and Labrador	Terre-Neuve-et-Labrador	Skilled Trade	Métiers spécialisés	--
2019	Q1	Feb	2019	T1	fév.	British Columbia	Colombie-Britannique	Skilled Trade	Métiers spécialisés	5
2016	Q3	Aug	2016	T3	août	Manitoba	Manitoba	Skilled Worker	Travailleurs qualifiés	15
2022	Q1	Jan	2022	T1	janv.	Northwest Territories	Territoires du Nord-Ouest	Canadian Experience	Catégorie de l’expérience canadienne	--
2025	Q4	Dec	2025	T4	déc.	Prince Edward Island	Île-du-Prince-Édouard	Skilled Worker	Travailleurs qualifiés	--
2015	Q3	Aug	2015	T3	août	Nova Scotia	Nouvelle-Écosse	Skilled Worker	Travailleurs qualifiés	--
2020	Q1	Feb	2020	T1	fév.	New Brunswick	Nouveau-Brunswick	Skilled Worker	Travailleurs qualifiés	25
2018	Q1	Feb	2018	T1	fév.	Prince Edward Island	Île-du-Prince-Édouard	Skilled Worker	Travailleurs qualifiés	5
2019	Q4	Dec	2019	T4	déc.	Yukon	Yukon	Canadian Experience	Catégorie de l’expérience canadienne	--
2024	Q2	Jun	2024	T2	juin	Newfoundland and Labrador	Terre-Neuve-et-Labrador	Provincial Nominee Program	Candidats des provinces ou des territoires	30
2026	Q2	May	2026	T2	mai	Manitoba	Manitoba	Skilled Worker	Travailleurs qualifiés	75
2017	Q1	Feb	2017	T1	fév.	Alberta	Alberta	Skilled Trade	Métiers spécialisés	140
2016	Q2	Jun	2016	T2	juin	New Brunswick	Nouveau-Brunswick	Canadian Experience	Catégorie de l’expérience canadienne	--
2025	Q3	Jul	2025	T3	juil.	Nunavut	Nunavut	Skilled Worker	Travailleurs qualifiés	--
2019	Q3	Aug	2019	T3	août	New Brunswick	Nouveau-Brunswick	Skilled Worker	Travailleurs qualifiés	10
2018	Q1	Jan	2018	T1	janv.	Saskatchewan	Saskatchewan	Skilled Worker	Travailleurs qualifiés	45
2020	Q3	Aug	2020	T3	août	Nova Scotia	Nouvelle-Écosse	Provincial Nominee Program	Candidats des provinces ou des territoires	70
2020	Q2	Jun	2020	T2	juin	Manitoba	Manitoba	Provincial Nominee Program	Candidats des provinces ou des territoires	165
2015	Q3	Aug	2015	T3	août	Ontario	Ontario	Provincial Nominee Program	Candidats des provinces ou des territoires	--
2022	Q2	Apr	2022	T2	avr.	Northwest Territories	Territoires du Nord-Ouest	Skilled Worker	Travailleurs qualifiés	--
2024	Q4	Oct	2024	T4	oct.	Manitoba	Manitoba	Provincial Nominee Program	Candidats des provinces ou des territoires	285
2017	Q4	Dec	2017	T4	déc.	British Columbia	Colombie-Britannique	Skilled Trade	Métiers spécialisés	25
2020	Q1	Jan	2020	T1	janv.	Nova Scotia	Nouvelle-Écosse	Skilled Worker	Travailleurs qualifiés	20
2021	Q1	Feb	2021	T1	fév.	Newfoundland and Labrador	Terre-Neuve-et-Labrador	Canadian Experience	Catégorie de l’expérience canadienne	10
2018	Q1	Feb	2018	T1	fév.	British Columbia	Colombie-Britannique	Provincial Nominee Program	Candidats des provinces ou des territoires	390
2025	Q4	Nov	2025	T4	nov.	Manitoba	Manitoba	Provincial Nominee Program	Candidats des provinces ou des territoires	120
2023	Q4	Nov	2023	T4	nov.	Alberta	Alberta	Provincial Nominee Program	Candidats des provinces ou des territoires	325
2024	Q3	Aug	2024	T3	août	Manitoba	Manitoba	Skilled Worker	Travailleurs qualifiés	45
2018	Q1	Mar	2018	T1	mars	Alberta	Alberta	Canadian Experience	Catégorie de l’expérience canadienne	275
2021	Q1	Mar	2021	T1	mars	British Columbia	Colombie-Britannique	Skilled Worker	Travailleurs qualifiés	75
2019	Q2	May	2019	T2	mai	Newfoundland and Labrador	Terre-Neuve-et-Labrador	Canadian Experience	Catégorie de l’expérience canadienne	10
2022	Q3	Jul	2022	T3	juil.	Newfoundland and Labrador	Terre-Neuve-et-Labrador	Skilled Worker	Travailleurs qualifiés	10
2018	Q1	Mar	2018	T1	mars	Saskatchewan	Saskatchewan	Canadian Experience	Catégorie de l’expérience canadienne	45
2025	Q2	May	2025	T2	mai	Alberta	Alberta	Provincial Nominee Program	Candidats des provinces ou des territoires	500
2023	Q4	Oct	2023	T4	oct.	Prince Edward Island	Île-du-Prince-Édouard	Provincial Nominee Program	Candidats des provinces ou des territoires	15
2024	Q2	Apr	2024	T2	avr.	Nunavut	Nunavut	Canadian Experience	Catégorie de l’expérience canadienne	--
2016	Q3	Sep	2016	T3	sept.	Ontario	Ontario	Canadian Experience	Catégorie de l’expérience canadienne	170
2023	Q1	Mar	2023	T1	mars	Ontario	Ontario	Canadian Experience	Catégorie de l’expérience canadienne	3150
2019	Q4	Oct	2019	T4	oct.	Prince Edward Island	Île-du-Prince-Édouard	Provincial Nominee Program	Candidats des provinces ou des territoires	30
2017	Q3	Aug	2017	T3	août	Nova Scotia	Nouvelle-Écosse	Canadian Experience	Catégorie de l’expérience canadienne	20
2017	Q4	Oct	2017	T4	oct.	Prince Edward Island	Île-du-Prince-Édouard	Skilled Worker	Travailleurs qualifiés	--
2023	Q3	Aug	2023	T3	août	New Brunswick	Nouveau-Brunswick	Provincial Nominee Program	Candidats des provinces ou des territoires	95
2019	Q1	Mar	2019	T1	mars	New Brunswick	Nouveau-Brunswick	Provincial Nominee Program	Candidats des provinces ou des territoires	140
2018	Q2	Apr	2018	T2	avr.	Nova Scotia	Nouvelle-Écosse	Canadian Experience	Catégorie de l’expérience canadienne	35
2020	Q2	Apr	2020	T2	avr.	Manitoba	Manitoba	Provincial Nominee Program	Candidats des provinces ou des territoires	25
2017	Q1	Jan	2017	T1	janv.	Prince Edward Island	Île-du-Prince-Édouard	Canadian Experience	Catégorie de l’expérience canadienne	--
2021	Q1	Feb	2021	T1	fév.	New Brunswick	Nouveau-Brunswick	Skilled Worker	Travailleurs qualifiés	--
2022	Q2	Apr	2022	T2	avr.	Manitoba	Manitoba	Provincial Nominee Program	Candidats des provinces ou des territoires	235
2022	Q4	Dec	2022	T4	déc.	British Columbia	Colombie-Britannique	Skilled Trade	Métiers spécialisés	--
2017	Q4	Nov	2017	T4	nov.	New Brunswick	Nouveau-Brunswick	Canadian Experience	Catégorie de l’expérience canadienne	15
2021	Q3	Jul	2021	T3	juil.	Alberta	Alberta	Skilled Worker	Travailleurs qualifiés	80
2021	Q2	Jun	2021	T2	juin	Alberta	Alberta	Skilled Worker	Travailleurs qualifiés	55
2020	Q3	Sep	2020	T3	sept.	New Brunswick	Nouveau-Brunswick	Skilled Worker	Travailleurs qualifiés	5
2016	Q2	Apr	2016	T2	avr.	Alberta	Alberta	Canadian Experience	Catégorie de l’expérience canadienne	445
2024	Q4	Dec	2024	T4	déc.	Prince Edward Island	Île-du-Prince-Édouard	Provincial Nominee Program	Candidats des provinces ou des territoires	--
2025	Q1	Jan	2025	T1	janv.	Alberta	Alberta	Provincial Nominee Program	Candidats des provinces ou des territoires	540
2022	Q4	Oct	2022	T4	oct.	New Brunswick	Nouveau-Brunswick	Canadian Experience	Catégorie de l’expérience canadienne	--
2019	Q2	Jun	2019	T2	juin	Yukon	Yukon	Provincial Nominee Program	Candidats des provinces ou des territoires	5
2024	Q3	Aug	2024	T3	août	Alberta	Alberta	Skilled Worker	Travailleurs qualifiés	405
2025	Q2	Jun	2025	T2	juin	Newfoundland and Labrador	Terre-Neuve-et-Labrador	Provincial Nominee Program	Candidats des provinces ou des territoires	35
2021	Q2	Jun	2021	T2	juin	Northwest Territories	Territoires du Nord-Ouest	Canadian Experience	Catégorie de l’expérience canadienne	5
2021	Q3	Jul	2021	T3	juil.	Manitoba	Manitoba	Canadian Experience	Catégorie de l’expérience canadienne	130
2018	Q2	Apr	2018	T2	avr.	Saskatchewan	Saskatchewan	Skilled Worker	Travailleurs qualifiés	50
2015	Q4	Dec	2015	T4	déc.	Nova Scotia	Nouvelle-Écosse	Skilled Worker	Travailleurs qualifiés	--
2022	Q2	May	2022	T2	mai	Prince Edward Island	Île-du-Prince-Édouard	Provincial Nominee Program	Candidats des provinces ou des territoires	85
2018	Q2	May	2018	T2	mai	Saskatchewan	Saskatchewan	Skilled Worker	Travailleurs qualifiés	60
2026	Q2	Jun	2026	T2	juin	Yukon	Yukon	Provincial Nominee Program	Candidats des provinces ou des territoires	20
2018	Q3	Sep	2018	T3	sept.	Newfoundland and Labrador	Terre-Neuve-et-Labrador	Skilled Worker	Travailleurs qualifiés	5
2021	Q4	Oct	2021	T4	oct.	Saskatchewan	Saskatchewan	Canadian Experience	Catégorie de l’expérience canadienne	190
2025	Q4	Dec	2025	T4	déc.	Nova Scotia	Nouvelle-Écosse	Skilled Worker	Travailleurs qualifiés	20
2018	Q4	Oct	2018	T4	oct.	Ontario	Ontario	Canadian Experience	Catégorie de l’expérience canadienne	1160
2023	Q1	Jan	2023	T1	janv.	British Columbia	Colombie-Britannique	Skilled Worker	Travailleurs qualifiés	375
2019	Q2	May	2019	T2	mai	Alberta	Alberta	Skilled Trade	Métiers spécialisés	35
2025	Q3	Sep	2025	T3	sept.	Newfoundland and Labrador	Terre-Neuve-et-Labrador	Canadian Experience	Catégorie de l’expérience canadienne	--
2021	Q1	Jan	2021	T1	janv.	New Brunswick	Nouveau-Brunswick	Provincial Nominee Program	Candidats des provinces ou des territoires	85
2020	Q1	Feb	2020	T1	fév.	Saskatchewan	Saskatchewan	Canadian Experience	Catégorie de l’expérience canadienne	30
2021	Q3	Jul	2021	T3	juil.	Saskatchewan	Saskatchewan	Skilled Worker	Travailleurs qualifiés	5
2017	Q1	Feb	2017	T1	fév.	Newfoundland and Labrador	Terre-Neuve-et-Labrador	Skilled Trade	Métiers spécialisés	--
2016	Q2	Jun	2016	T2	juin	New Brunswick	Nouveau-Brunswick	Skilled Worker	Travailleurs qualifiés	--
2021	Q4	Dec	2021	T4	déc.	New Brunswick	Nouveau-Brunswick	Skilled Worker	Travailleurs qualifiés	--
2024	Q2	May	2024	T2	mai	New Brunswick	Nouveau-Brunswick	Canadian Experience	Catégorie de l’expérience canadienne	25
2026	Q3	Jul	2026	T3	juil.	Yukon	Yukon	Canadian Experience	Catégorie de l’expérience canadienne	5
2023	Q2	May	2023	T2	mai	British Columbia	Colombie-Britannique	Skilled Trade	Métiers spécialisés	5
2020	Q1	Mar	2020	T1	mars	Alberta	Alberta	Skilled Worker	Travailleurs qualifiés	340
2016	Q3	Jul	2016	T3	juil.	British Columbia	Colombie-Britannique	Canadian Experience	Catégorie de l’expérience canadienne	130
2023	Q3	Aug	2023	T3	août	Yukon	Yukon	Provincial Nominee Program	Candidats des provinces ou des territoires	--
2018	Q3	Sep	2018	T3	sept.	Nova Scotia	Nouvelle-Écosse	Provincial Nominee Program	Candidats des provinces ou des territoires	290
2019	Q2	Apr	2019	T2	avr.	Northwest Territories	Territoires du Nord-Ouest	Provincial Nominee Program	Candidats des provinces ou des territoires	--
2017	Q3	Jul	2017	T3	juil.	Alberta	Alberta	Skilled Trade	Métiers spécialisés	20
2022	Q4	Oct	2022	T4	oct.	Newfoundland and Labrador	Terre-Neuve-et-Labrador	Skilled Worker	Travailleurs qualifiés	--
2021	Q1	Feb	2021	T1	fév.	Alberta	Alberta	Provincial Nominee Program	Candidats des provinces ou des territoires	245
2017	Q2	Jun	2017	T2	juin	British Columbia	Colombie-Britannique	Canadian Experience	Catégorie de l’expérience canadienne	420
2016	Q4	Nov	2016	T4	nov.	Saskatchewan	Saskatchewan	Canadian Experience	Catégorie de l’expérience canadienne	10
2023	Q4	Dec	2023	T4	déc.	British Columbia	Colombie-Britannique	Skilled Trade	Métiers spécialisés	10
2025	Q4	Dec	2025	T4	déc.	Ontario	Ontario	Skilled Trade	Métiers spécialisés	--
2023	Q4	Dec	2023	T4	déc.	Ontario	Ontario	Skilled Worker	Travailleurs qualifiés	1845
2019	Q1	Mar	2019	T1	mars	Prince Edward Island	Île-du-Prince-Édouard	Provincial Nominee Program	Candidats des provinces ou des territoires	35
2022	Q2	May	2022	T2	mai	Nunavut	Nunavut	Canadian Experience	Catégorie de l’expérience canadienne	--
2023	Q3	Aug	2023	T3	août	Northwest Territories	Territoires du Nord-Ouest	Provincial Nominee Program	Candidats des provinces ou des territoires	--
2024	Q4	Oct	2024	T4	oct.	Newfoundland and Labrador	Terre-Neuve-et-Labrador	Provincial Nominee Program	Candidats des provinces ou des territoires	20
2021	Q1	Mar	2021	T1	mars	Manitoba	Manitoba	Canadian Experience	Catégorie de l’expérience canadienne	65
2020	Q3	Aug	2020	T3	août	Saskatchewan	Saskatchewan	Provincial Nominee Program	Candidats des provinces ou des territoires	100
2026	Q1	Feb	2026	T1	fév.	British Columbia	Colombie-Britannique	Provincial Nominee Program	Candidats des provinces ou des territoires	310
2019	Q3	Jul	2019	T3	juil.	Saskatchewan	Saskatchewan	Skilled Worker	Travailleurs qualifiés	55
2017	Q2	Jun	2017	T2	juin	Manitoba	Manitoba	Canadian Experience	Catégorie de l’expérience canadienne	15
2022	Q4	Nov	2022	T4	nov.	British Columbia	Colombie-Britannique	Skilled Worker	Travailleurs qualifiés	415
2016	Q2	May	2016	T2	mai	Alberta	Alberta	Skilled Trade	Métiers spécialisés	115
2017	Q2	Jun	2017	T2	juin	Saskatchewan	Saskatchewan	Skilled Worker	Travailleurs qualifiés	5
2021	Q3	Aug	2021	T3	août	Saskatchewan	Saskatchewan	Provincial Nominee Program	Candidats des provinces ou des territoires	105
2019	Q2	Apr	2019	T2	avr.	British Columbia	Colombie-Britannique	Skilled Worker	Travailleurs qualifiés	605
2019	Q3	Aug	2019	T3	août	Prince Edward Island	Île-du-Prince-Édouard	Canadian Experience	Catégorie de l’expérience canadienne	10
2020	Q2	Jun	2020	T2	juin	Newfoundland and Labrador	Terre-Neuve-et-Labrador	Canadian Experience	Catégorie de l’expérience canadienne	15
2021	Q1	Jan	2021	T1	janv.	Manitoba	Manitoba	Skilled Worker	Travailleurs qualifiés	20
2025	Q2	Jun	2025	T2	juin	New Brunswick	Nouveau-Brunswick	Skilled Worker	Travailleurs qualifiés	135
2022	Q4	Oct	2022	T4	oct.	Yukon	Yukon	Skilled Worker	Travailleurs qualifiés	--
2020	Q1	Feb	2020	T1	fév.	Manitoba	Manitoba	Skilled Worker	Travailleurs qualifiés	45
2019	Q1	Jan	2019	T1	janv.	Newfoundland and Labrador	Terre-Neuve-et-Labrador	Provincial Nominee Program	Candidats des provinces ou des territoires	10
2025	Q4	Oct	2025	T4	oct.	Ontario	Ontario	Skilled Trade	Métiers spécialisés	--
2021	Q4	Dec	2021	T4	déc.	British Columbia	Colombie-Britannique	Canadian Experience	Catégorie de l’expérience canadienne	1800
2020	Q4	Dec	2020	T4	déc.	Ontario	Ontario	Canadian Experience	Catégorie de l’expérience canadienne	445
2026	Q2	Jun	2026	T2	juin	Manitoba	Manitoba	Skilled Worker	Travailleurs qualifiés	65
2017	Q2	Jun	2017	T2	juin	New Brunswick	Nouveau-Brunswick	Canadian Experience	Catégorie de l’expérience canadienne	10
2018	Q4	Oct	2018	T4	oct.	Prince Edward Island	Île-du-Prince-Édouard	Provincial Nominee Program	Candidats des provinces ou des territoires	25
2017	Q3	Sep	2017	T3	sept.	Yukon	Yukon	Canadian Experience	Catégorie de l’expérience canadienne	--
2018	Q3	Aug	2018	T3	août	Alberta	Alberta	Skilled Trade	Métiers spécialisés	10
2019	Q4	Nov	2019	T4	nov.	Newfoundland and Labrador	Terre-Neuve-et-Labrador	Skilled Worker	Travailleurs qualifiés	5
2016	Q1	Mar	2016	T1	mars	Manitoba	Manitoba	Skilled Trade	Métiers spécialisés	--
2026	Q2	Jun	2026	T2	juin	Ontario	Ontario	Provincial Nominee Program	Candidats des provinces ou des territoires	320
2024	Q2	May	2024	T2	mai	Newfoundland and Labrador	Terre-Neuve-et-Labrador	Canadian Experience	Catégorie de l’expérience canadienne	--
2023	Q2	May	2023	T2	mai	Saskatchewan	Saskatchewan	Skilled Worker	Travailleurs qualifiés	25
2019	Q3	Jul	2019	T3	juil.	New Brunswick	Nouveau-Brunswick	Canadian Experience	Catégorie de l’expérience canadienne	20
2025	Q4	Dec	2025	T4	déc.	Alberta	Alberta	Canadian Experience	Catégorie de l’expérience canadienne	20
2018	Q3	Jul	2018	T3	juil.	Manitoba	Manitoba	Canadian Experience	Catégorie de l’expérience canadienne	20
2026	Q2	Jun	2026	T2	juin	British Columbia	Colombie-Britannique	Provincial Nominee Program	Candidats des provinces ou des territoires	335
2026	Q2	Apr	2026	T2	avr.	Alberta	Alberta	Canadian Experience	Catégorie de l’expérience canadienne	230
2021	Q3	Jul	2021	T3	juil.	Nunavut	Nunavut	Canadian Experience	Catégorie de l’expérience canadienne	--
2021	Q3	Aug	2021	T3	août	Nova Scotia	Nouvelle-Écosse	Provincial Nominee Program	Candidats des provinces ou des territoires	150
2017	Q2	May	2017	T2	mai	British Columbia	Colombie-Britannique	Provincial Nominee Program	Candidats des provinces ou des territoires	205
2020	Q2	Apr	2020	T2	avr.	Prince Edward Island	Île-du-Prince-Édouard	Provincial Nominee Program	Candidats des provinces ou des territoires	5
2017	Q1	Jan	2017	T1	janv.	Ontario	Ontario	Skilled Worker	Travailleurs qualifiés	520
2026	Q1	Feb	2026	T1	fév.	Nova Scotia	Nouvelle-Écosse	Skilled Worker	Travailleurs qualifiés	20
2020	Q3	Jul	2020	T3	juil.	Nova Scotia	Nouvelle-Écosse	Skilled Worker	Travailleurs qualifiés	20
2025	Q4	Nov	2025	T4	nov.	Nunavut	Nunavut	Skilled Worker	Travailleurs qualifiés	--
2018	Q1	Feb	2018	T1	fév.	New Brunswick	Nouveau-Brunswick	Skilled Trade	Métiers spécialisés	--
2024	Q2	Jun	2024	T2	juin	Northwest Territories	Territoires du Nord-Ouest	Canadian Experience	Catégorie de l’expérience canadienne	--
2025	Q2	Jun	2025	T2	juin	British Columbia	Colombie-Britannique	Skilled Worker	Travailleurs qualifiés	210
2019	Q3	Aug	2019	T3	août	Nova Scotia	Nouvelle-Écosse	Skilled Worker	Travailleurs qualifiés	35
2022	Q4	Oct	2022	T4	oct.	Alberta	Alberta	Provincial Nominee Program	Candidats des provinces ou des territoires	625
2019	Q4	Nov	2019	T4	nov.	Manitoba	Manitoba	Provincial Nominee Program	Candidats des provinces ou des territoires	100
2020	Q3	Sep	2020	T3	sept.	Saskatchewan	Saskatchewan	Provincial Nominee Program	Candidats des provinces ou des territoires	45
2019	Q2	Jun	2019	T2	juin	British Columbia	Colombie-Britannique	Provincial Nominee Program	Candidats des provinces ou des territoires	500
2024	Q3	Aug	2024	T3	août	New Brunswick	Nouveau-Brunswick	Skilled Worker	Travailleurs qualifiés	140
2025	Q4	Oct	2025	T4	oct.	New Brunswick	Nouveau-Brunswick	Canadian Experience	Catégorie de l’expérience canadienne	20
2024	Q4	Nov	2024	T4	nov.	Saskatchewan	Saskatchewan	Canadian Experience	Catégorie de l’expérience canadienne	25
2022	Q1	Jan	2022	T1	janv.	Ontario	Ontario	Provincial Nominee Program	Candidats des provinces ou des territoires	330
2020	Q4	Dec	2020	T4	déc.	Manitoba	Manitoba	Provincial Nominee Program	Candidats des provinces ou des territoires	75
2022	Q3	Jul	2022	T3	juil.	Saskatchewan	Saskatchewan	Skilled Worker	Travailleurs qualifiés	55
2023	Q2	Apr	2023	T2	avr.	Prince Edward Island	Île-du-Prince-Édouard	Skilled Worker	Travailleurs qualifiés	--
2017	Q3	Aug	2017	T3	août	Northwest Territories	Territoires du Nord-Ouest	Provincial Nominee Program	Candidats des provinces ou des territoires	5
2020	Q4	Dec	2020	T4	déc.	Nova Scotia	Nouvelle-Écosse	Provincial Nominee Program	Candidats des provinces ou des territoires	65
2019	Q2	Apr	2019	T2	avr.	Newfoundland and Labrador	Terre-Neuve-et-Labrador	Canadian Experience	Catégorie de l’expérience canadienne	15
2018	Q4	Dec	2018	T4	déc.	Nova Scotia	Nouvelle-Écosse	Canadian Experience	Catégorie de l’expérience canadienne	15
2017	Q3	Aug	2017	T3	août	Prince Edward Island	Île-du-Prince-Édouard	Skilled Worker	Travailleurs qualifiés	--
2017	Q4	Dec	2017	T4	déc.	New Brunswick	Nouveau-Brunswick	Provincial Nominee Program	Candidats des provinces ou des territoires	115
2024	Q2	Apr	2024	T2	avr.	Yukon	Yukon	Canadian Experience	Catégorie de l’expérience canadienne	--
2018	Q3	Sep	2018	T3	sept.	Newfoundland and Labrador	Terre-Neuve-et-Labrador	Canadian Experience	Catégorie de l’expérience canadienne	--
2020	Q2	Jun	2020	T2	juin	Prince Edward Island	Île-du-Prince-Édouard	Skilled Worker	Travailleurs qualifiés	--
2026	Q3	Jul	2026	T3	juil.	Alberta	Alberta	Skilled Worker	Travailleurs qualifiés	395
2021	Q2	May	2021	T2	mai	Manitoba	Manitoba	Provincial Nominee Program	Candidats des provinces ou des territoires	70
2017	Q3	Jul	2017	T3	juil.	Ontario	Ontario	Skilled Trade	Métiers spécialisés	15
2019	Q4	Nov	2019	T4	nov.	Prince Edward Island	Île-du-Prince-Édouard	Skilled Worker	Travailleurs qualifiés	--
2019	Q2	Jun	2019	T2	juin	Alberta	Alberta	Skilled Worker	Travailleurs qualifiés	580
2015	Q4	Oct	2015	T4	oct.	Alberta	Alberta	Skilled Worker	Travailleurs qualifiés	105
2020	Q1	Jan	2020	T1	janv.	Ontario	Ontario	Skilled Worker	Travailleurs qualifiés	2850
2019	Q4	Nov	2019	T4	nov.	British Columbia	Colombie-Britannique	Canadian Experience	Catégorie de l’expérience canadienne	465
2018	Q3	Aug	2018	T3	août	Nova Scotia	Nouvelle-Écosse	Skilled Worker	Travailleurs qualifiés	20
2019	Q2	Apr	2019	T2	avr.	Manitoba	Manitoba	Provincial Nominee Program	Candidats des provinces ou des territoires	65
2016	Q3	Sep	2016	T3	sept.	British Columbia	Colombie-Britannique	Provincial Nominee Program	Candidats des provinces ou des territoires	30
2016	Q4	Nov	2016	T4	nov.	Newfoundland and Labrador	Terre-Neuve-et-Labrador	Skilled Worker	Travailleurs qualifiés	--
2018	Q4	Oct	2018	T4	oct.	Yukon	Yukon	Provincial Nominee Program	Candidats des provinces ou des territoires	--
2023	Q2	Apr	2023	T2	avr.	Manitoba	Manitoba	Provincial Nominee Program	Candidats des provinces ou des territoires	310
2018	Q1	Feb	2018	T1	fév.	Nova Scotia	Nouvelle-Écosse	Canadian Experience	Catégorie de l’expérience canadienne	55
2016	Q2	Jun	2016	T2	juin	Saskatchewan	Saskatchewan	Skilled Trade	Métiers spécialisés	5
2021	Q1	Mar	2021	T1	mars	Yukon	Yukon	Canadian Experience	Catégorie de l’expérience canadienne	--
2023	Q3	Aug	2023	T3	août	Alberta	Alberta	Canadian Experience	Catégorie de l’expérience canadienne	235
2020	Q2	May	2020	T2	mai	Ontario	Ontario	Provincial Nominee Program	Candidats des provinces ou des territoires	310
2020	Q2	May	2020	T2	mai	Alberta	Alberta	Skilled Trade	Métiers spécialisés	--
2017	Q4	Dec	2017	T4	déc.	Prince Edward Island	Île-du-Prince-Édouard	Provincial Nominee Program	Candidats des provinces ou des territoires	45
2026	Q1	Feb	2026	T1	fév.	Manitoba	Manitoba	Skilled Worker	Travailleurs qualifiés	55
2024	Q2	May	2024	T2	mai	Prince Edward Island	Île-du-Prince-Édouard	Provincial Nominee Program	Candidats des provinces ou des territoires	60
2023	Q4	Oct	2023	T4	oct.	British Columbia	Colombie-Britannique	Canadian Experience	Catégorie de l’expérience canadienne	500
2026	Q3	Jul	2026	T3	juil.	Prince Edward Island	Île-du-Prince-Édouard	Provincial Nominee Program	Candidats des provinces ou des territoires	35
2017	Q4	Dec	2017	T4	déc.	Newfoundland and Labrador	Terre-Neuve-et-Labrador	Canadian Experience	Catégorie de l’expérience canadienne	20
2018	Q3	Aug	2018	T3	août	New Brunswick	Nouveau-Brunswick	Provincial Nominee Program	Candidats des provinces ou des territoires	125
2022	Q1	Mar	2022	T1	mars	Alberta	Alberta	Provincial Nominee Program	Candidats des provinces ou des territoires	525
2024	Q4	Oct	2024	T4	oct.	Nova Scotia	Nouvelle-Écosse	Provincial Nominee Program	Candidats des provinces ou des territoires	90
2021	Q4	Dec	2021	T4	déc.	British Columbia	Colombie-Britannique	Skilled Trade	Métiers spécialisés	25
2016	Q4	Nov	2016	T4	nov.	Ontario	Ontario	Skilled Worker	Travailleurs qualifiés	480
2019	Q1	Mar	2019	T1	mars	Alberta	Alberta	Canadian Experience	Catégorie de l’expérience canadienne	170
2021	Q1	Mar	2021	T1	mars	Alberta	Alberta	Skilled Worker	Travailleurs qualifiés	90
2024	Q2	May	2024	T2	mai	Nova Scotia	Nouvelle-Écosse	Provincial Nominee Program	Candidats des provinces ou des territoires	190
2024	Q4	Dec	2024	T4	déc.	New Brunswick	Nouveau-Brunswick	Canadian Experience	Catégorie de l’expérience canadienne	10
2018	Q4	Oct	2018	T4	oct.	British Columbia	Colombie-Britannique	Skilled Worker	Travailleurs qualifiés	465
2024	Q3	Jul	2024	T3	juil.	Saskatchewan	Saskatchewan	Canadian Experience	Catégorie de l’expérience canadienne	20
2024	Q3	Jul	2024	T3	juil.	Newfoundland and Labrador	Terre-Neuve-et-Labrador	Canadian Experience	Catégorie de l’expérience canadienne	--
2026	Q1	Jan	2026	T1	janv.	Yukon	Yukon	Canadian Experience	Catégorie de l’expérience canadienne	--
2017	Q3	Aug	2017	T3	août	Ontario	Ontario	Skilled Worker	Travailleurs qualifiés	985
2020	Q3	Jul	2020	T3	juil.	New Brunswick	Nouveau-Brunswick	Canadian Experience	Catégorie de l’expérience canadienne	10
2025	Q4	Oct	2025	T4	oct.	Manitoba	Manitoba	Canadian Experience	Catégorie de l’expérience canadienne	25
2017	Q4	Dec	2017	T4	déc.	Northwest Territories	Territoires du Nord-Ouest	Canadian Experience	Catégorie de l’expérience canadienne	--
2016	Q1	Mar	2016	T1	mars	Alberta	Alberta	Skilled Trade	Métiers spécialisés	260
2016	Q1	Feb	2016	T1	fév.	Saskatchewan	Saskatchewan	Canadian Experience	Catégorie de l’expérience canadienne	15
2023	Q4	Nov	2023	T4	nov.	Northwest Territories	Territoires du Nord-Ouest	Provincial Nominee Program	Candidats des provinces ou des territoires	--
2020	Q2	May	2020	T2	mai	Nova Scotia	Nouvelle-Écosse	Provincial Nominee Program	Candidats des provinces ou des territoires	120
2019	Q2	May	2019	T2	mai	Yukon	Yukon	Skilled Worker	Travailleurs qualifiés	--
2024	Q3	Jul	2024	T3	juil.	British Columbia	Colombie-Britannique	Provincial Nominee Program	Candidats des provinces ou des territoires	880
2017	Q2	May	2017	T2	mai	Saskatchewan	Saskatchewan	Provincial Nominee Program	Candidats des provinces ou des territoires	290
2016	Q4	Nov	2016	T4	nov.	Prince Edward Island	Île-du-Prince-Édouard	Provincial Nominee Program	Candidats des provinces ou des territoires	55
2019	Q4	Dec	2019	T4	déc.	Yukon	Yukon	Provincial Nominee Program	Candidats des provinces ou des territoires	--
2016	Q1	Mar	2016	T1	mars	British Columbia	Colombie-Britannique	Skilled Trade	Métiers spécialisés	40
2015	Q4	Nov	2015	T4	nov.	British Columbia	Colombie-Britannique	Skilled Trade	Métiers spécialisés	20
2025	Q2	Jun	2025	T2	juin	Alberta	Alberta	Skilled Worker	Travailleurs qualifiés	400
2015	Q3	Sep	2015	T3	sept.	British Columbia	Colombie-Britannique	Skilled Trade	Métiers spécialisés	25
2021	Q3	Sep	2021	T3	sept.	British Columbia	Colombie-Britannique	Provincial Nominee Program	Candidats des provinces ou des territoires	905
2021	Q4	Dec	2021	T4	déc.	Ontario	Ontario	Skilled Trade	Métiers spécialisés	10
2019	Q4	Oct	2019	T4	oct.	Newfoundland and Labrador	Terre-Neuve-et-Labrador	Skilled Worker	Travailleurs qualifiés	--
2022	Q3	Aug	2022	T3	août	New Brunswick	Nouveau-Brunswick	Provincial Nominee Program	Candidats des provinces ou des territoires	360
2026	Q1	Jan	2026	T1	janv.	Ontario	Ontario	Skilled Worker	Travailleurs qualifiés	1225
2016	Q4	Oct	2016	T4	oct.	Alberta	Alberta	Skilled Trade	Métiers spécialisés	35
2016	Q1	Mar	2016	T1	mars	New Brunswick	Nouveau-Brunswick	Canadian Experience	Catégorie de l’expérience canadienne	5
2017	Q1	Jan	2017	T1	janv.	Manitoba	Manitoba	Canadian Experience	Catégorie de l’expérience canadienne	10
2026	Q2	Apr	2026	T2	avr.	British Columbia	Colombie-Britannique	Canadian Experience	Catégorie de l’expérience canadienne	590
2016	Q2	Jun	2016	T2	juin	Alberta	Alberta	Skilled Worker	Travailleurs qualifiés	305
2023	Q3	Sep	2023	T3	sept.	Manitoba	Manitoba	Provincial Nominee Program	Candidats des provinces ou des territoires	210
2018	Q2	May	2018	T2	mai	Ontario	Ontario	Canadian Experience	Catégorie de l’expérience canadienne	1140
2026	Q1	Jan	2026	T1	janv.	Saskatchewan	Saskatchewan	Canadian Experience	Catégorie de l’expérience canadienne	45
2017	Q3	Aug	2017	T3	août	Saskatchewan	Saskatchewan	Provincial Nominee Program	Candidats des provinces ou des territoires	210
2022	Q3	Jul	2022	T3	juil.	Newfoundland and Labrador	Terre-Neuve-et-Labrador	Provincial Nominee Program	Candidats des provinces ou des territoires	50
2019	Q1	Jan	2019	T1	janv.	New Brunswick	Nouveau-Brunswick	Provincial Nominee Program	Candidats des provinces ou des territoires	50
2019	Q1	Mar	2019	T1	mars	Nova Scotia	Nouvelle-Écosse	Canadian Experience	Catégorie de l’expérience canadienne	25
2022	Q1	Feb	2022	T1	fév.	Manitoba	Manitoba	Skilled Worker	Travailleurs qualifiés	10
2020	Q1	Mar	2020	T1	mars	Newfoundland and Labrador	Terre-Neuve-et-Labrador	Canadian Experience	Catégorie de l’expérience canadienne	--
2015	Q2	May	2015	T2	mai	British Columbia	Colombie-Britannique	Provincial Nominee Program	Candidats des provinces ou des territoires	10
2022	Q4	Nov	2022	T4	nov.	Newfoundland and Labrador	Terre-Neuve-et-Labrador	Skilled Worker	Travailleurs qualifiés	--
2016	Q1	Jan	2016	T1	janv.	Alberta	Alberta	Canadian Experience	Catégorie de l’expérience canadienne	415
2020	Q1	Feb	2020	T1	fév.	Newfoundland and Labrador	Terre-Neuve-et-Labrador	Provincial Nominee Program	Candidats des provinces ou des territoires	--
2026	Q2	May	2026	T2	mai	Northwest Territories	Territoires du Nord-Ouest	Skilled Worker	Travailleurs qualifiés	--
2019	Q2	Apr	2019	T2	avr.	Ontario	Ontario	Skilled Worker	Travailleurs qualifiés	3390
2018	Q4	Oct	2018	T4	oct.	Ontario	Ontario	Provincial Nominee Program	Candidats des provinces ou des territoires	565
2026	Q1	Jan	2026	T1	janv.	Yukon	Yukon	Skilled Worker	Travailleurs qualifiés	--
2016	Q3	Jul	2016	T3	juil.	Newfoundland and Labrador	Terre-Neuve-et-Labrador	Canadian Experience	Catégorie de l’expérience canadienne	--
2020	Q3	Aug	2020	T3	août	Newfoundland and Labrador	Terre-Neuve-et-Labrador	Provincial Nominee Program	Candidats des provinces ou des territoires	--
2022	Q3	Aug	2022	T3	août	British Columbia	Colombie-Britannique	Skilled Worker	Travailleurs qualifiés	510
2020	Q4	Nov	2020	T4	nov.	Saskatchewan	Saskatchewan	Skilled Worker	Travailleurs qualifiés	15
2023	Q4	Dec	2023	T4	déc.	Nova Scotia	Nouvelle-Écosse	Canadian Experience	Catégorie de l’expérience canadienne	75
2021	Q2	Jun	2021	T2	juin	Newfoundland and Labrador	Terre-Neuve-et-Labrador	Canadian Experience	Catégorie de l’expérience canadienne	25
2016	Q2	Jun	2016	T2	juin	Northwest Territories	Territoires du Nord-Ouest	Provincial Nominee Program	Candidats des provinces ou des territoires	--
2016	Q4	Nov	2016	T4	nov.	Nova Scotia	Nouvelle-Écosse	Skilled Worker	Travailleurs qualifiés	5
2017	Q4	Oct	2017	T4	oct.	British Columbia	Colombie-Britannique	Provincial Nominee Program	Candidats des provinces ou des territoires	290
2015	Q4	Nov	2015	T4	nov.	Northwest Territories	Territoires du Nord-Ouest	Skilled Trade	Métiers spécialisés	5
2024	Q3	Jul	2024	T3	juil.	Nunavut	Nunavut	Skilled Worker	Travailleurs qualifiés	--
2016	Q2	May	2016	T2	mai	Ontario	Ontario	Skilled Trade	Métiers spécialisés	25
2020	Q4	Oct	2020	T4	oct.	Ontario	Ontario	Provincial Nominee Program	Candidats des provinces ou des territoires	145
2026	Q1	Feb	2026	T1	fév.	Yukon	Yukon	Canadian Experience	Catégorie de l’expérience canadienne	--
2020	Q2	Jun	2020	T2	juin	Alberta	Alberta	Skilled Worker	Travailleurs qualifiés	185
2018	Q3	Sep	2018	T3	sept.	Alberta	Alberta	Canadian Experience	Catégorie de l’expérience canadienne	155
2018	Q1	Jan	2018	T1	janv.	New Brunswick	Nouveau-Brunswick	Canadian Experience	Catégorie de l’expérience canadienne	30
2018	Q3	Aug	2018	T3	août	Manitoba	Manitoba	Skilled Worker	Travailleurs qualifiés	40
2020	Q1	Mar	2020	T1	mars	British Columbia	Colombie-Britannique	Skilled Worker	Travailleurs qualifiés	505
2023	Q2	Jun	2023	T2	juin	Manitoba	Manitoba	Skilled Worker	Travailleurs qualifiés	40
2021	Q3	Sep	2021	T3	sept.	Manitoba	Manitoba	Canadian Experience	Catégorie de l’expérience canadienne	120
2022	Q1	Jan	2022	T1	janv.	Nova Scotia	Nouvelle-Écosse	Skilled Worker	Travailleurs qualifiés	10
2018	Q4	Oct	2018	T4	oct.	Manitoba	Manitoba	Skilled Worker	Travailleurs qualifiés	40
2025	Q4	Oct	2025	T4	oct.	Saskatchewan	Saskatchewan	Skilled Worker	Travailleurs qualifiés	10
2023	Q2	Apr	2023	T2	avr.	Newfoundland and Labrador	Terre-Neuve-et-Labrador	Canadian Experience	Catégorie de l’expérience canadienne	5
2017	Q3	Jul	2017	T3	juil.	Alberta	Alberta	Canadian Experience	Catégorie de l’expérience canadienne	345
2018	Q2	Jun	2018	T2	juin	Nova Scotia	Nouvelle-Écosse	Canadian Experience	Catégorie de l’expérience canadienne	15
2025	Q3	Jul	2025	T3	juil.	Newfoundland and Labrador	Terre-Neuve-et-Labrador	Skilled Worker	Travailleurs qualifiés	--
2024	Q3	Jul	2024	T3	juil.	Manitoba	Manitoba	Canadian Experience	Catégorie de l’expérience canadienne	50
2022	Q2	May	2022	T2	mai	Newfoundland and Labrador	Terre-Neuve-et-Labrador	Canadian Experience	Catégorie de l’expérience canadienne	--
2016	Q3	Sep	2016	T3	sept.	New Brunswick	Nouveau-Brunswick	Skilled Worker	Travailleurs qualifiés	--
2016	Q4	Nov	2016	T4	nov.	Saskatchewan	Saskatchewan	Skilled Trade	Métiers spécialisés	--
2017	Q1	Mar	2017	T1	mars	New Brunswick	Nouveau-Brunswick	Skilled Worker	Travailleurs qualifiés	--
2023	Q3	Jul	2023	T3	juil.	British Columbia	Colombie-Britannique	Skilled Trade	Métiers spécialisés	--
2026	Q2	Jun	2026	T2	juin	New Brunswick	Nouveau-Brunswick	Skilled Worker	Travailleurs qualifiés	170
2018	Q2	Apr	2018	T2	avr.	Manitoba	Manitoba	Skilled Worker	Travailleurs qualifiés	50
2025	Q2	Apr	2025	T2	avr.	Nova Scotia	Nouvelle-Écosse	Canadian Experience	Catégorie de l’expérience canadienne	60
2023	Q3	Sep	2023	T3	sept.	Ontario	Ontario	Skilled Worker	Travailleurs qualifiés	2250
2025	Q4	Oct	2025	T4	oct.	Saskatchewan	Saskatchewan	Canadian Experience	Catégorie de l’expérience canadienne	25
2021	Q4	Dec	2021	T4	déc.	Alberta	Alberta	Skilled Worker	Travailleurs qualifiés	100
2020	Q2	Jun	2020	T2	juin	Prince Edward Island	Île-du-Prince-Édouard	Canadian Experience	Catégorie de l’expérience canadienne	10
2024	Q2	Jun	2024	T2	juin	Manitoba	Manitoba	Skilled Worker	Travailleurs qualifiés	100
2016	Q1	Jan	2016	T1	janv.	British Columbia	Colombie-Britannique	Skilled Worker	Travailleurs qualifiés	240
2018	Q4	Nov	2018	T4	nov.	Manitoba	Manitoba	Canadian Experience	Catégorie de l’expérience canadienne	20
2021	Q3	Jul	2021	T3	juil.	British Columbia	Colombie-Britannique	Skilled Worker	Travailleurs qualifiés	130
2021	Q2	May	2021	T2	mai	British Columbia	Colombie-Britannique	Provincial Nominee Program	Candidats des provinces ou des territoires	190
2015	Q4	Nov	2015	T4	nov.	Nova Scotia	Nouvelle-Écosse	Skilled Worker	Travailleurs qualifiés	10
2025	Q2	Apr	2025	T2	avr.	New Brunswick	Nouveau-Brunswick	Skilled Worker	Travailleurs qualifiés	185
2016	Q4	Nov	2016	T4	nov.	Ontario	Ontario	Canadian Experience	Catégorie de l’expérience canadienne	335
2019	Q3	Aug	2019	T3	août	Newfoundland and Labrador	Terre-Neuve-et-Labrador	Provincial Nominee Program	Candidats des provinces ou des territoires	10
2022	Q2	Jun	2022	T2	juin	Yukon	Yukon	Provincial Nominee Program	Candidats des provinces ou des territoires	--
2024	Q1	Mar	2024	T1	mars	Newfoundland and Labrador	Terre-Neuve-et-Labrador	Provincial Nominee Program	Candidats des provinces ou des territoires	20
2026	Q1	Mar	2026	T1	mars	Ontario	Ontario	Provincial Nominee Program	Candidats des provinces ou des territoires	425
2024	Q2	May	2024	T2	mai	Prince Edward Island	Île-du-Prince-Édouard	Skilled Worker	Travailleurs qualifiés	10
2024	Q1	Jan	2024	T1	janv.	Yukon	Yukon	Provincial Nominee Program	Candidats des provinces ou des territoires	--
2017	Q2	Jun	2017	T2	juin	British Columbia	Colombie-Britannique	Skilled Worker	Travailleurs qualifiés	150
2023	Q2	Apr	2023	T2	avr.	British Columbia	Colombie-Britannique	Provincial Nominee Program	Candidats des provinces ou des territoires	350
2020	Q1	Feb	2020	T1	fév.	Manitoba	Manitoba	Canadian Experience	Catégorie de l’expérience canadienne	45
2021	Q1	Mar	2021	T1	mars	Prince Edward Island	Île-du-Prince-Édouard	Provincial Nominee Program	Candidats des provinces ou des territoires	10
2015	Q2	Jun	2015	T2	juin	Ontario	Ontario	Skilled Trade	Métiers spécialisés	--
2024	Q1	Mar	2024	T1	mars	British Columbia	Colombie-Britannique	Provincial Nominee Program	Candidats des provinces ou des territoires	735
2023	Q2	Jun	2023	T2	juin	Nova Scotia	Nouvelle-Écosse	Skilled Worker	Travailleurs qualifiés	30
2022	Q3	Sep	2022	T3	sept.	Ontario	Ontario	Canadian Experience	Catégorie de l’expérience canadienne	595
2015	Q3	Sep	2015	T3	sept.	Alberta	Alberta	Skilled Trade	Métiers spécialisés	165
2016	Q1	Jan	2016	T1	janv.	Newfoundland and Labrador	Terre-Neuve-et-Labrador	Skilled Worker	Travailleurs qualifiés	--
2017	Q3	Jul	2017	T3	juil.	Manitoba	Manitoba	Provincial Nominee Program	Candidats des provinces ou des territoires	15
2019	Q4	Dec	2019	T4	déc.	Yukon	Yukon	Skilled Worker	Travailleurs qualifiés	--
2020	Q4	Dec	2020	T4	déc.	New Brunswick	Nouveau-Brunswick	Canadian Experience	Catégorie de l’expérience canadienne	--
2024	Q1	Mar	2024	T1	mars	Prince Edward Island	Île-du-Prince-Édouard	Skilled Worker	Travailleurs qualifiés	--
2020	Q4	Nov	2020	T4	nov.	Saskatchewan	Saskatchewan	Provincial Nominee Program	Candidats des provinces ou des territoires	20
2020	Q4	Dec	2020	T4	déc.	New Brunswick	Nouveau-Brunswick	Skilled Worker	Travailleurs qualifiés	--
2021	Q2	May	2021	T2	mai	Ontario	Ontario	Canadian Experience	Catégorie de l’expérience canadienne	4030
2025	Q4	Dec	2025	T4	déc.	Saskatchewan	Saskatchewan	Provincial Nominee Program	Candidats des provinces ou des territoires	35
2015	Q4	Dec	2015	T4	déc.	Saskatchewan	Saskatchewan	Provincial Nominee Program	Candidats des provinces ou des territoires	--
2017	Q3	Jul	2017	T3	juil.	Nova Scotia	Nouvelle-Écosse	Provincial Nominee Program	Candidats des provinces ou des territoires	170
2024	Q1	Feb	2024	T1	fév.	New Brunswick	Nouveau-Brunswick	Skilled Worker	Travailleurs qualifiés	135
2021	Q3	Aug	2021	T3	août	Alberta	Alberta	Canadian Experience	Catégorie de l’expérience canadienne	1120
2017	Q1	Feb	2017	T1	fév.	New Brunswick	Nouveau-Brunswick	Skilled Worker	Travailleurs qualifiés	--
2020	Q1	Jan	2020	T1	janv.	Manitoba	Manitoba	Provincial Nominee Program	Candidats des provinces ou des territoires	60
2023	Q1	Jan	2023	T1	janv.	Saskatchewan	Saskatchewan	Skilled Worker	Travailleurs qualifiés	10
2017	Q3	Sep	2017	T3	sept.	Ontario	Ontario	Provincial Nominee Program	Candidats des provinces ou des territoires	675
2026	Q1	Mar	2026	T1	mars	Saskatchewan	Saskatchewan	Canadian Experience	Catégorie de l’expérience canadienne	25
2017	Q4	Oct	2017	T4	oct.	Alberta	Alberta	Skilled Worker	Travailleurs qualifiés	275
2024	Q2	Jun	2024	T2	juin	New Brunswick	Nouveau-Brunswick	Canadian Experience	Catégorie de l’expérience canadienne	15
2023	Q1	Jan	2023	T1	janv.	Ontario	Ontario	Skilled Trade	Métiers spécialisés	5
2025	Q2	May	2025	T2	mai	Manitoba	Manitoba	Provincial Nominee Program	Candidats des provinces ou des territoires	335
2018	Q4	Dec	2018	T4	déc.	New Brunswick	Nouveau-Brunswick	Skilled Worker	Travailleurs qualifiés	--
2024	Q1	Mar	2024	T1	mars	British Columbia	Colombie-Britannique	Canadian Experience	Catégorie de l’expérience canadienne	840
2018	Q4	Nov	2018	T4	nov.	Northwest Territories	Territoires du Nord-Ouest	Skilled Worker	Travailleurs qualifiés	--
2017	Q3	Aug	2017	T3	août	British Columbia	Colombie-Britannique	Canadian Experience	Catégorie de l’expérience canadienne	350
2025	Q2	Apr	2025	T2	avr.	Northwest Territories	Territoires du Nord-Ouest	Provincial Nominee Program	Candidats des provinces ou des territoires	--
2019	Q2	Apr	2019	T2	avr.	Prince Edward Island	Île-du-Prince-Édouard	Skilled Worker	Travailleurs qualifiés	--
2015	Q4	Oct	2015	T4	oct.	Alberta	Alberta	Skilled Trade	Métiers spécialisés	375
2023	Q2	Jun	2023	T2	juin	New Brunswick	Nouveau-Brunswick	Canadian Experience	Catégorie de l’expérience canadienne	35
2023	Q4	Oct	2023	T4	oct.	Saskatchewan	Saskatchewan	Canadian Experience	Catégorie de l’expérience canadienne	25
2026	Q3	Jul	2026	T3	juil.	New Brunswick	Nouveau-Brunswick	Canadian Experience	Catégorie de l’expérience canadienne	55
2022	Q2	Apr	2022	T2	avr.	Newfoundland and Labrador	Terre-Neuve-et-Labrador	Canadian Experience	Catégorie de l’expérience canadienne	--
2017	Q1	Feb	2017	T1	fév.	New Brunswick	Nouveau-Brunswick	Provincial Nominee Program	Candidats des provinces ou des territoires	40
2025	Q1	Mar	2025	T1	mars	Newfoundland and Labrador	Terre-Neuve-et-Labrador	Provincial Nominee Program	Candidats des provinces ou des territoires	20
2023	Q4	Nov	2023	T4	nov.	Newfoundland and Labrador	Terre-Neuve-et-Labrador	Skilled Worker	Travailleurs qualifiés	--
2022	Q1	Mar	2022	T1	mars	Manitoba	Manitoba	Skilled Worker	Travailleurs qualifiés	40
2015	Q2	Jun	2015	T2	juin	British Columbia	Colombie-Britannique	Canadian Experience	Catégorie de l’expérience canadienne	20
2018	Q2	May	2018	T2	mai	Prince Edward Island	Île-du-Prince-Édouard	Canadian Experience	Catégorie de l’expérience canadienne	--
2016	Q1	Mar	2016	T1	mars	Saskatchewan	Saskatchewan	Canadian Experience	Catégorie de l’expérience canadienne	10
2025	Q4	Oct	2025	T4	oct.	Northwest Territories	Territoires du Nord-Ouest	Skilled Worker	Travailleurs qualifiés	--
2025	Q4	Dec	2025	T4	déc.	Manitoba	Manitoba	Provincial Nominee Program	Candidats des provinces ou des territoires	140
2020	Q1	Feb	2020	T1	fév.	New Brunswick	Nouveau-Brunswick	Provincial Nominee Program	Candidats des provinces ou des territoires	35
2017	Q4	Oct	2017	T4	oct.	Ontario	Ontario	Skilled Trade	Métiers spécialisés	20
2022	Q1	Mar	2022	T1	mars	Newfoundland and Labrador	Terre-Neuve-et-Labrador	Canadian Experience	Catégorie de l’expérience canadienne	20
2025	Q3	Sep	2025	T3	sept.	Saskatchewan	Saskatchewan	Provincial Nominee Program	Candidats des provinces ou des territoires	125
2018	Q1	Mar	2018	T1	mars	New Brunswick	Nouveau-Brunswick	Provincial Nominee Program	Candidats des provinces ou des territoires	170
2018	Q3	Sep	2018	T3	sept.	Alberta	Alberta	Skilled Trade	Métiers spécialisés	15
2018	Q4	Dec	2018	T4	déc.	British Columbia	Colombie-Britannique	Skilled Trade	Métiers spécialisés	10
2019	Q3	Sep	2019	T3	sept.	Manitoba	Manitoba	Skilled Worker	Travailleurs qualifiés	80
2023	Q2	Jun	2023	T2	juin	Saskatchewan	Saskatchewan	Skilled Worker	Travailleurs qualifiés	15
2020	Q1	Jan	2020	T1	janv.	Ontario	Ontario	Provincial Nominee Program	Candidats des provinces ou des territoires	245
2020	Q3	Jul	2020	T3	juil.	Manitoba	Manitoba	Provincial Nominee Program	Candidats des provinces ou des territoires	100
2016	Q2	Apr	2016	T2	avr.	Prince Edward Island	Île-du-Prince-Édouard	Skilled Worker	Travailleurs qualifiés	--
2023	Q4	Nov	2023	T4	nov.	British Columbia	Colombie-Britannique	Canadian Experience	Catégorie de l’expérience canadienne	660
2018	Q3	Sep	2018	T3	sept.	Manitoba	Manitoba	Provincial Nominee Program	Candidats des provinces ou des territoires	--
2023	Q4	Dec	2023	T4	déc.	British Columbia	Colombie-Britannique	Canadian Experience	Catégorie de l’expérience canadienne	1165
2019	Q4	Dec	2019	T4	déc.	Prince Edward Island	Île-du-Prince-Édouard	Canadian Experience	Catégorie de l’expérience canadienne	--
2023	Q1	Jan	2023	T1	janv.	Manitoba	Manitoba	Skilled Worker	Travailleurs qualifiés	30
2015	Q4	Oct	2015	T4	oct.	New Brunswick	Nouveau-Brunswick	Canadian Experience	Catégorie de l’expérience canadienne	--
2020	Q1	Jan	2020	T1	janv.	Alberta	Alberta	Canadian Experience	Catégorie de l’expérience canadienne	220
2015	Q3	Jul	2015	T3	juil.	Nova Scotia	Nouvelle-Écosse	Provincial Nominee Program	Candidats des provinces ou des territoires	--
2020	Q3	Jul	2020	T3	juil.	Saskatchewan	Saskatchewan	Provincial Nominee Program	Candidats des provinces ou des territoires	145
2022	Q4	Nov	2022	T4	nov.	Newfoundland and Labrador	Terre-Neuve-et-Labrador	Canadian Experience	Catégorie de l’expérience canadienne	--
2022	Q1	Jan	2022	T1	janv.	Yukon	Yukon	Canadian Experience	Catégorie de l’expérience canadienne	10
2017	Q2	Jun	2017	T2	juin	Saskatchewan	Saskatchewan	Skilled Trade	Métiers spécialisés	5
2015	Q1	Mar	2015	T1	mars	Ontario	Ontario	Skilled Worker	Travailleurs qualifiés	--
2018	Q1	Mar	2018	T1	mars	Ontario	Ontario	Skilled Trade	Métiers spécialisés	45
2021	Q4	Oct	2021	T4	oct.	Prince Edward Island	Île-du-Prince-Édouard	Provincial Nominee Program	Candidats des provinces ou des territoires	25
2023	Q4	Nov	2023	T4	nov.	Newfoundland and Labrador	Terre-Neuve-et-Labrador	Canadian Experience	Catégorie de l’expérience canadienne	10
2020	Q4	Dec	2020	T4	déc.	Ontario	Ontario	Skilled Worker	Travailleurs qualifiés	480
2023	Q3	Aug	2023	T3	août	Saskatchewan	Saskatchewan	Provincial Nominee Program	Candidats des provinces ou des territoires	285
2026	Q1	Jan	2026	T1	janv.	British Columbia	Colombie-Britannique	Provincial Nominee Program	Candidats des provinces ou des territoires	345
2025	Q4	Nov	2025	T4	nov.	New Brunswick	Nouveau-Brunswick	Provincial Nominee Program	Candidats des provinces ou des territoires	75
2019	Q4	Dec	2019	T4	déc.	New Brunswick	Nouveau-Brunswick	Canadian Experience	Catégorie de l’expérience canadienne	10
2016	Q2	Apr	2016	T2	avr.	British Columbia	Colombie-Britannique	Canadian Experience	Catégorie de l’expérience canadienne	80
2023	Q1	Jan	2023	T1	janv.	Prince Edward Island	Île-du-Prince-Édouard	Provincial Nominee Program	Candidats des provinces ou des territoires	135
2019	Q4	Nov	2019	T4	nov.	Yukon	Yukon	Skilled Worker	Travailleurs qualifiés	--
2023	Q3	Sep	2023	T3	sept.	Prince Edward Island	Île-du-Prince-Édouard	Provincial Nominee Program	Candidats des provinces ou des territoires	10
2024	Q2	May	2024	T2	mai	Newfoundland and Labrador	Terre-Neuve-et-Labrador	Provincial Nominee Program	Candidats des provinces ou des territoires	15
2026	Q1	Jan	2026	T1	janv.	Northwest Territories	Territoires du Nord-Ouest	Skilled Worker	Travailleurs qualifiés	--
2016	Q3	Sep	2016	T3	sept.	Alberta	Alberta	Skilled Trade	Métiers spécialisés	70
2021	Q2	Apr	2021	T2	avr.	Ontario	Ontario	Provincial Nominee Program	Candidats des provinces ou des territoires	110
2016	Q2	Jun	2016	T2	juin	Prince Edward Island	Île-du-Prince-Édouard	Skilled Worker	Travailleurs qualifiés	--
2026	Q1	Feb	2026	T1	fév.	Alberta	Alberta	Canadian Experience	Catégorie de l’expérience canadienne	295
2023	Q1	Mar	2023	T1	mars	Prince Edward Island	Île-du-Prince-Édouard	Provincial Nominee Program	Candidats des provinces ou des territoires	40
2026	Q3	Jul	2026	T3	juil.	Saskatchewan	Saskatchewan	Skilled Worker	Travailleurs qualifiés	20
2024	Q4	Oct	2024	T4	oct.	Prince Edward Island	Île-du-Prince-Édouard	Skilled Worker	Travailleurs qualifiés	5
2022	Q1	Feb	2022	T1	fév.	Newfoundland and Labrador	Terre-Neuve-et-Labrador	Provincial Nominee Program	Candidats des provinces ou des territoires	10
2023	Q2	May	2023	T2	mai	Nunavut	Nunavut	Canadian Experience	Catégorie de l’expérience canadienne	--
2026	Q2	Jun	2026	T2	juin	Alberta	Alberta	Provincial Nominee Program	Candidats des provinces ou des territoires	210
2016	Q1	Mar	2016	T1	mars	Saskatchewan	Saskatchewan	Skilled Trade	Métiers spécialisés	5
2018	Q2	Jun	2018	T2	juin	Alberta	Alberta	Skilled Trade	Métiers spécialisés	20
2025	Q3	Aug	2025	T3	août	Yukon	Yukon	Provincial Nominee Program	Candidats des provinces ou des territoires	--
2023	Q4	Dec	2023	T4	déc.	Nova Scotia	Nouvelle-Écosse	Skilled Worker	Travailleurs qualifiés	25
2025	Q2	May	2025	T2	mai	New Brunswick	Nouveau-Brunswick	Provincial Nominee Program	Candidats des provinces ou des territoires	260
2022	Q2	Jun	2022	T2	juin	Ontario	Ontario	Skilled Trade	Métiers spécialisés	30
2018	Q2	May	2018	T2	mai	New Brunswick	Nouveau-Brunswick	Skilled Worker	Travailleurs qualifiés	10
2024	Q3	Jul	2024	T3	juil.	Manitoba	Manitoba	Skilled Worker	Travailleurs qualifiés	130
2023	Q1	Feb	2023	T1	fév.	Saskatchewan	Saskatchewan	Provincial Nominee Program	Candidats des provinces ou des territoires	400
2022	Q2	Apr	2022	T2	avr.	Saskatchewan	Saskatchewan	Provincial Nominee Program	Candidats des provinces ou des territoires	375
2017	Q4	Nov	2017	T4	nov.	New Brunswick	Nouveau-Brunswick	Skilled Worker	Travailleurs qualifiés	5
2022	Q3	Sep	2022	T3	sept.	Ontario	Ontario	Skilled Trade	Métiers spécialisés	10
2019	Q3	Sep	2019	T3	sept.	Saskatchewan	Saskatchewan	Canadian Experience	Catégorie de l’expérience canadienne	35
2024	Q4	Dec	2024	T4	déc.	New Brunswick	Nouveau-Brunswick	Skilled Worker	Travailleurs qualifiés	195
2021	Q2	Apr	2021	T2	avr.	British Columbia	Colombie-Britannique	Provincial Nominee Program	Candidats des provinces ou des territoires	175
2024	Q2	Jun	2024	T2	juin	Manitoba	Manitoba	Canadian Experience	Catégorie de l’expérience canadienne	20
2018	Q1	Feb	2018	T1	fév.	Alberta	Alberta	Canadian Experience	Catégorie de l’expérience canadienne	365
2022	Q1	Jan	2022	T1	janv.	Nova Scotia	Nouvelle-Écosse	Canadian Experience	Catégorie de l’expérience canadienne	105
2025	Q2	Apr	2025	T2	avr.	Newfoundland and Labrador	Terre-Neuve-et-Labrador	Provincial Nominee Program	Candidats des provinces ou des territoires	20
2018	Q1	Feb	2018	T1	fév.	Newfoundland and Labrador	Terre-Neuve-et-Labrador	Canadian Experience	Catégorie de l’expérience canadienne	15
2025	Q3	Jul	2025	T3	juil.	Yukon	Yukon	Skilled Worker	Travailleurs qualifiés	--
2015	Q4	Dec	2015	T4	déc.	Nova Scotia	Nouvelle-Écosse	Provincial Nominee Program	Candidats des provinces ou des territoires	30
2026	Q1	Feb	2026	T1	fév.	Nova Scotia	Nouvelle-Écosse	Canadian Experience	Catégorie de l’expérience canadienne	65
2019	Q1	Jan	2019	T1	janv.	Prince Edward Island	Île-du-Prince-Édouard	Provincial Nominee Program	Candidats des provinces ou des territoires	15
2019	Q2	Jun	2019	T2	juin	Newfoundland and Labrador	Terre-Neuve-et-Labrador	Provincial Nominee Program	Candidats des provinces ou des territoires	--
2016	Q3	Jul	2016	T3	juil.	Alberta	Alberta	Skilled Trade	Métiers spécialisés	100
2017	Q1	Mar	2017	T1	mars	British Columbia	Colombie-Britannique	Skilled Worker	Travailleurs qualifiés	140
2023	Q3	Aug	2023	T3	août	Nova Scotia	Nouvelle-Écosse	Skilled Worker	Travailleurs qualifiés	45
2018	Q4	Dec	2018	T4	déc.	Nunavut	Nunavut	Canadian Experience	Catégorie de l’expérience canadienne	--
2022	Q1	Feb	2022	T1	fév.	Nunavut	Nunavut	Canadian Experience	Catégorie de l’expérience canadienne	--
2018	Q3	Jul	2018	T3	juil.	Manitoba	Manitoba	Skilled Worker	Travailleurs qualifiés	50
2017	Q3	Jul	2017	T3	juil.	Ontario	Ontario	Canadian Experience	Catégorie de l’expérience canadienne	1530
2024	Q3	Jul	2024	T3	juil.	Saskatchewan	Saskatchewan	Skilled Worker	Travailleurs qualifiés	80
2016	Q1	Mar	2016	T1	mars	British Columbia	Colombie-Britannique	Canadian Experience	Catégorie de l’expérience canadienne	115
2018	Q4	Dec	2018	T4	déc.	Saskatchewan	Saskatchewan	Canadian Experience	Catégorie de l’expérience canadienne	25
2024	Q1	Mar	2024	T1	mars	Saskatchewan	Saskatchewan	Provincial Nominee Program	Candidats des provinces ou des territoires	265
2019	Q4	Dec	2019	T4	déc.	Nova Scotia	Nouvelle-Écosse	Provincial Nominee Program	Candidats des provinces ou des territoires	95
2020	Q1	Feb	2020	T1	fév.	Northwest Territories	Territoires du Nord-Ouest	Canadian Experience	Catégorie de l’expérience canadienne	--
2025	Q1	Jan	2025	T1	janv.	Northwest Territories	Territoires du Nord-Ouest	Canadian Experience	Catégorie de l’expérience canadienne	--
2023	Q3	Jul	2023	T3	juil.	Prince Edward Island	Île-du-Prince-Édouard	Provincial Nominee Program	Candidats des provinces ou des territoires	50
2017	Q2	May	2017	T2	mai	Manitoba	Manitoba	Skilled Worker	Travailleurs qualifiés	15
2025	Q3	Jul	2025	T3	juil.	Newfoundland and Labrador	Terre-Neuve-et-Labrador	Canadian Experience	Catégorie de l’expérience canadienne	--
2017	Q2	Jun	2017	T2	juin	Ontario	Ontario	Canadian Experience	Catégorie de l’expérience canadienne	1455
2024	Q1	Mar	2024	T1	mars	Ontario	Ontario	Skilled Worker	Travailleurs qualifiés	2060
2024	Q4	Dec	2024	T4	déc.	Ontario	Ontario	Provincial Nominee Program	Candidats des provinces ou des territoires	620
2025	Q1	Jan	2025	T1	janv.	Saskatchewan	Saskatchewan	Provincial Nominee Program	Candidats des provinces ou des territoires	85
2020	Q3	Jul	2020	T3	juil.	Yukon	Yukon	Canadian Experience	Catégorie de l’expérience canadienne	--
2017	Q2	Jun	2017	T2	juin	Saskatchewan	Saskatchewan	Canadian Experience	Catégorie de l’expérience canadienne	35
2026	Q1	Jan	2026	T1	janv.	Manitoba	Manitoba	Canadian Experience	Catégorie de l’expérience canadienne	35
2018	Q2	Jun	2018	T2	juin	Ontario	Ontario	Skilled Trade	Métiers spécialisés	25
2024	Q2	Jun	2024	T2	juin	British Columbia	Colombie-Britannique	Provincial Nominee Program	Candidats des provinces ou des territoires	670
2019	Q3	Aug	2019	T3	août	Northwest Territories	Territoires du Nord-Ouest	Provincial Nominee Program	Candidats des provinces ou des territoires	--
2022	Q2	Apr	2022	T2	avr.	Nunavut	Nunavut	Skilled Worker	Travailleurs qualifiés	--
2024	Q3	Sep	2024	T3	sept.	Prince Edward Island	Île-du-Prince-Édouard	Canadian Experience	Catégorie de l’expérience canadienne	5
2018	Q2	Jun	2018	T2	juin	British Columbia	Colombie-Britannique	Skilled Worker	Travailleurs qualifiés	525
2017	Q3	Aug	2017	T3	août	Newfoundland and Labrador	Terre-Neuve-et-Labrador	Canadian Experience	Catégorie de l’expérience canadienne	15
2022	Q1	Mar	2022	T1	mars	Saskatchewan	Saskatchewan	Skilled Worker	Travailleurs qualifiés	20
2016	Q2	May	2016	T2	mai	Nova Scotia	Nouvelle-Écosse	Canadian Experience	Catégorie de l’expérience canadienne	--
2020	Q4	Dec	2020	T4	déc.	British Columbia	Colombie-Britannique	Canadian Experience	Catégorie de l’expérience canadienne	440
2021	Q4	Dec	2021	T4	déc.	British Columbia	Colombie-Britannique	Skilled Worker	Travailleurs qualifiés	190
2025	Q4	Dec	2025	T4	déc.	New Brunswick	Nouveau-Brunswick	Provincial Nominee Program	Candidats des provinces ou des territoires	70
2020	Q3	Jul	2020	T3	juil.	Nova Scotia	Nouvelle-Écosse	Canadian Experience	Catégorie de l’expérience canadienne	10
2023	Q4	Nov	2023	T4	nov.	Saskatchewan	Saskatchewan	Provincial Nominee Program	Candidats des provinces ou des territoires	245
2024	Q2	Apr	2024	T2	avr.	New Brunswick	Nouveau-Brunswick	Canadian Experience	Catégorie de l’expérience canadienne	40
2023	Q2	Jun	2023	T2	juin	Newfoundland and Labrador	Terre-Neuve-et-Labrador	Skilled Worker	Travailleurs qualifiés	--
2021	Q2	Jun	2021	T2	juin	Ontario	Ontario	Canadian Experience	Catégorie de l’expérience canadienne	11300
2025	Q1	Jan	2025	T1	janv.	Nunavut	Nunavut	Skilled Worker	Travailleurs qualifiés	--
2016	Q4	Nov	2016	T4	nov.	Saskatchewan	Saskatchewan	Skilled Worker	Travailleurs qualifiés	10
2019	Q3	Jul	2019	T3	juil.	Saskatchewan	Saskatchewan	Canadian Experience	Catégorie de l’expérience canadienne	40
2017	Q3	Jul	2017	T3	juil.	Ontario	Ontario	Skilled Worker	Travailleurs qualifiés	605
2019	Q3	Sep	2019	T3	sept.	Alberta	Alberta	Skilled Trade	Métiers spécialisés	30
2022	Q4	Nov	2022	T4	nov.	British Columbia	Colombie-Britannique	Canadian Experience	Catégorie de l’expérience canadienne	70
2018	Q4	Nov	2018	T4	nov.	Nova Scotia	Nouvelle-Écosse	Canadian Experience	Catégorie de l’expérience canadienne	25
2023	Q2	Jun	2023	T2	juin	Manitoba	Manitoba	Canadian Experience	Catégorie de l’expérience canadienne	30
2023	Q4	Dec	2023	T4	déc.	Alberta	Alberta	Canadian Experience	Catégorie de l’expérience canadienne	325
2022	Q1	Feb	2022	T1	fév.	Alberta	Alberta	Skilled Trade	Métiers spécialisés	--
2024	Q3	Jul	2024	T3	juil.	Prince Edward Island	Île-du-Prince-Édouard	Canadian Experience	Catégorie de l’expérience canadienne	--
2025	Q3	Jul	2025	T3	juil.	Nova Scotia	Nouvelle-Écosse	Skilled Worker	Travailleurs qualifiés	15
2023	Q1	Mar	2023	T1	mars	New Brunswick	Nouveau-Brunswick	Skilled Worker	Travailleurs qualifiés	20
2023	Q3	Sep	2023	T3	sept.	Newfoundland and Labrador	Terre-Neuve-et-Labrador	Provincial Nominee Program	Candidats des provinces ou des territoires	10
2026	Q3	Jul	2026	T3	juil.	Yukon	Yukon	Skilled Worker	Travailleurs qualifiés	--
2016	Q4	Oct	2016	T4	oct.	Nova Scotia	Nouvelle-Écosse	Skilled Worker	Travailleurs qualifiés	5
2021	Q1	Jan	2021	T1	janv.	Newfoundland and Labrador	Terre-Neuve-et-Labrador	Skilled Worker	Travailleurs qualifiés	--
2021	Q3	Sep	2021	T3	sept.	Nova Scotia	Nouvelle-Écosse	Provincial Nominee Program	Candidats des provinces ou des territoires	160
2017	Q1	Feb	2017	T1	fév.	Saskatchewan	Saskatchewan	Provincial Nominee Program	Candidats des provinces ou des territoires	105
2022	Q3	Jul	2022	T3	juil.	Manitoba	Manitoba	Canadian Experience	Catégorie de l’expérience canadienne	15
2022	Q3	Sep	2022	T3	sept.	Saskatchewan	Saskatchewan	Provincial Nominee Program	Candidats des provinces ou des territoires	890
2024	Q3	Aug	2024	T3	août	Alberta	Alberta	Provincial Nominee Program	Candidats des provinces ou des territoires	490
2024	Q1	Jan	2024	T1	janv.	British Columbia	Colombie-Britannique	Provincial Nominee Program	Candidats des provinces ou des territoires	1135
2022	Q1	Mar	2022	T1	mars	New Brunswick	Nouveau-Brunswick	Provincial Nominee Program	Candidats des provinces ou des territoires	175
2023	Q3	Aug	2023	T3	août	British Columbia	Colombie-Britannique	Skilled Worker	Travailleurs qualifiés	330
2025	Q1	Feb	2025	T1	fév.	Alberta	Alberta	Provincial Nominee Program	Candidats des provinces ou des territoires	395
2016	Q1	Feb	2016	T1	fév.	British Columbia	Colombie-Britannique	Canadian Experience	Catégorie de l’expérience canadienne	130
2020	Q3	Sep	2020	T3	sept.	New Brunswick	Nouveau-Brunswick	Provincial Nominee Program	Candidats des provinces ou des territoires	35
2017	Q4	Dec	2017	T4	déc.	Manitoba	Manitoba	Skilled Worker	Travailleurs qualifiés	30
2019	Q2	Apr	2019	T2	avr.	Ontario	Ontario	Canadian Experience	Catégorie de l’expérience canadienne	1915
2017	Q4	Dec	2017	T4	déc.	Newfoundland and Labrador	Terre-Neuve-et-Labrador	Skilled Worker	Travailleurs qualifiés	--
2016	Q3	Jul	2016	T3	juil.	Saskatchewan	Saskatchewan	Canadian Experience	Catégorie de l’expérience canadienne	--
2022	Q2	May	2022	T2	mai	Ontario	Ontario	Provincial Nominee Program	Candidats des provinces ou des territoires	1080
2019	Q4	Dec	2019	T4	déc.	Ontario	Ontario	Canadian Experience	Catégorie de l’expérience canadienne	945
2020	Q1	Mar	2020	T1	mars	Manitoba	Manitoba	Provincial Nominee Program	Candidats des provinces ou des territoires	105
2015	Q4	Dec	2015	T4	déc.	Alberta	Alberta	Canadian Experience	Catégorie de l’expérience canadienne	560
2022	Q4	Nov	2022	T4	nov.	Ontario	Ontario	Canadian Experience	Catégorie de l’expérience canadienne	165
2025	Q3	Aug	2025	T3	août	Nova Scotia	Nouvelle-Écosse	Canadian Experience	Catégorie de l’expérience canadienne	50
2023	Q1	Feb	2023	T1	fév.	Northwest Territories	Territoires du Nord-Ouest	Provincial Nominee Program	Candidats des provinces ou des territoires	5
2019	Q1	Feb	2019	T1	fév.	Northwest Territories	Territoires du Nord-Ouest	Provincial Nominee Program	Candidats des provinces ou des territoires	--
2023	Q3	Aug	2023	T3	août	Alberta	Alberta	Skilled Worker	Travailleurs qualifiés	215
2018	Q4	Oct	2018	T4	oct.	Northwest Territories	Territoires du Nord-Ouest	Canadian Experience	Catégorie de l’expérience canadienne	--
2016	Q1	Mar	2016	T1	mars	Ontario	Ontario	Skilled Worker	Travailleurs qualifiés	560
2015	Q4	Dec	2015	T4	déc.	British Columbia	Colombie-Britannique	Provincial Nominee Program	Candidats des provinces ou des territoires	30
2026	Q2	May	2026	T2	mai	British Columbia	Colombie-Britannique	Skilled Trade	Métiers spécialisés	--
2023	Q2	May	2023	T2	mai	Newfoundland and Labrador	Terre-Neuve-et-Labrador	Canadian Experience	Catégorie de l’expérience canadienne	--
2026	Q2	Jun	2026	T2	juin	Manitoba	Manitoba	Canadian Experience	Catégorie de l’expérience canadienne	20
2017	Q4	Dec	2017	T4	déc.	Saskatchewan	Saskatchewan	Skilled Trade	Métiers spécialisés	--
2018	Q3	Sep	2018	T3	sept.	Yukon	Yukon	Provincial Nominee Program	Candidats des provinces ou des territoires	--
2017	Q4	Dec	2017	T4	déc.	Ontario	Ontario	Provincial Nominee Program	Candidats des provinces ou des territoires	570
2020	Q1	Feb	2020	T1	fév.	British Columbia	Colombie-Britannique	Provincial Nominee Program	Candidats des provinces ou des territoires	465
2019	Q4	Dec	2019	T4	déc.	Saskatchewan	Saskatchewan	Provincial Nominee Program	Candidats des provinces ou des territoires	90
2019	Q1	Feb	2019	T1	fév.	New Brunswick	Nouveau-Brunswick	Skilled Worker	Travailleurs qualifiés	20
2017	Q1	Jan	2017	T1	janv.	British Columbia	Colombie-Britannique	Provincial Nominee Program	Candidats des provinces ou des territoires	135
2017	Q4	Dec	2017	T4	déc.	Manitoba	Manitoba	Skilled Trade	Métiers spécialisés	--
2016	Q3	Jul	2016	T3	juil.	British Columbia	Colombie-Britannique	Skilled Worker	Travailleurs qualifiés	235
2022	Q3	Aug	2022	T3	août	Nova Scotia	Nouvelle-Écosse	Skilled Worker	Travailleurs qualifiés	40
2025	Q3	Aug	2025	T3	août	British Columbia	Colombie-Britannique	Skilled Trade	Métiers spécialisés	5
2015	Q3	Sep	2015	T3	sept.	Saskatchewan	Saskatchewan	Skilled Worker	Travailleurs qualifiés	5
2019	Q1	Feb	2019	T1	fév.	Saskatchewan	Saskatchewan	Provincial Nominee Program	Candidats des provinces ou des territoires	85
2026	Q2	Apr	2026	T2	avr.	Newfoundland and Labrador	Terre-Neuve-et-Labrador	Canadian Experience	Catégorie de l’expérience canadienne	--
2019	Q1	Mar	2019	T1	mars	Ontario	Ontario	Skilled Worker	Travailleurs qualifiés	3150
2023	Q1	Feb	2023	T1	fév.	Ontario	Ontario	Provincial Nominee Program	Candidats des provinces ou des territoires	1285
2017	Q1	Jan	2017	T1	janv.	Nova Scotia	Nouvelle-Écosse	Provincial Nominee Program	Candidats des provinces ou des territoires	130
2021	Q1	Mar	2021	T1	mars	New Brunswick	Nouveau-Brunswick	Canadian Experience	Catégorie de l’expérience canadienne	20
2021	Q3	Sep	2021	T3	sept.	Yukon	Yukon	Canadian Experience	Catégorie de l’expérience canadienne	10
2018	Q1	Jan	2018	T1	janv.	Prince Edward Island	Île-du-Prince-Édouard	Skilled Worker	Travailleurs qualifiés	--
2022	Q2	Jun	2022	T2	juin	British Columbia	Colombie-Britannique	Provincial Nominee Program	Candidats des provinces ou des territoires	900
2025	Q1	Mar	2025	T1	mars	British Columbia	Colombie-Britannique	Canadian Experience	Catégorie de l’expérience canadienne	1300
2025	Q2	May	2025	T2	mai	Newfoundland and Labrador	Terre-Neuve-et-Labrador	Provincial Nominee Program	Candidats des provinces ou des territoires	30
2021	Q3	Aug	2021	T3	août	British Columbia	Colombie-Britannique	Provincial Nominee Program	Candidats des provinces ou des territoires	550
2024	Q2	May	2024	T2	mai	Northwest Territories	Territoires du Nord-Ouest	Canadian Experience	Catégorie de l’expérience canadienne	--
2024	Q2	Apr	2024	T2	avr.	Yukon	Yukon	Skilled Worker	Travailleurs qualifiés	--
2020	Q4	Nov	2020	T4	nov.	Prince Edward Island	Île-du-Prince-Édouard	Canadian Experience	Catégorie de l’expérience canadienne	5
2022	Q4	Dec	2022	T4	déc.	Manitoba	Manitoba	Skilled Trade	Métiers spécialisés	--
2016	Q2	Apr	2016	T2	avr.	Northwest Territories	Territoires du Nord-Ouest	Skilled Trade	Métiers spécialisés	--
2018	Q2	Apr	2018	T2	avr.	Yukon	Yukon	Canadian Experience	Catégorie de l’expérience canadienne	--
2021	Q1	Jan	2021	T1	janv.	New Brunswick	Nouveau-Brunswick	Skilled Worker	Travailleurs qualifiés	--
2016	Q4	Oct	2016	T4	oct.	Prince Edward Island	Île-du-Prince-Édouard	Skilled Worker	Travailleurs qualifiés	--
2019	Q2	Jun	2019	T2	juin	Nova Scotia	Nouvelle-Écosse	Provincial Nominee Program	Candidats des provinces ou des territoires	325
2020	Q3	Jul	2020	T3	juil.	New Brunswick	Nouveau-Brunswick	Skilled Worker	Travailleurs qualifiés	20
2019	Q3	Jul	2019	T3	juil.	Prince Edward Island	Île-du-Prince-Édouard	Canadian Experience	Catégorie de l’expérience canadienne	5
2021	Q4	Oct	2021	T4	oct.	Alberta	Alberta	Skilled Worker	Travailleurs qualifiés	20
2018	Q2	Apr	2018	T2	avr.	British Columbia	Colombie-Britannique	Skilled Trade	Métiers spécialisés	35
2022	Q4	Nov	2022	T4	nov.	Nova Scotia	Nouvelle-Écosse	Skilled Worker	Travailleurs qualifiés	15
2020	Q2	May	2020	T2	mai	Manitoba	Manitoba	Canadian Experience	Catégorie de l’expérience canadienne	30
2017	Q4	Dec	2017	T4	déc.	Nunavut	Nunavut	Skilled Worker	Travailleurs qualifiés	--
2015	Q4	Dec	2015	T4	déc.	Ontario	Ontario	Canadian Experience	Catégorie de l’expérience canadienne	190
2023	Q2	Apr	2023	T2	avr.	Nova Scotia	Nouvelle-Écosse	Skilled Worker	Travailleurs qualifiés	15
2023	Q1	Mar	2023	T1	mars	Ontario	Ontario	Provincial Nominee Program	Candidats des provinces ou des territoires	1335
2022	Q4	Nov	2022	T4	nov.	Ontario	Ontario	Skilled Trade	Métiers spécialisés	--
2026	Q1	Feb	2026	T1	fév.	Nunavut	Nunavut	Canadian Experience	Catégorie de l’expérience canadienne	--
2019	Q4	Dec	2019	T4	déc.	New Brunswick	Nouveau-Brunswick	Skilled Trade	Métiers spécialisés	--
2020	Q4	Nov	2020	T4	nov.	Alberta	Alberta	Skilled Trade	Métiers spécialisés	--
2016	Q2	May	2016	T2	mai	Nova Scotia	Nouvelle-Écosse	Skilled Worker	Travailleurs qualifiés	10
2018	Q2	Jun	2018	T2	juin	Prince Edward Island	Île-du-Prince-Édouard	Skilled Trade	Métiers spécialisés	--
2021	Q3	Aug	2021	T3	août	Manitoba	Manitoba	Canadian Experience	Catégorie de l’expérience canadienne	130
2016	Q2	May	2016	T2	mai	British Columbia	Colombie-Britannique	Skilled Worker	Travailleurs qualifiés	240
2019	Q4	Nov	2019	T4	nov.	New Brunswick	Nouveau-Brunswick	Provincial Nominee Program	Candidats des provinces ou des territoires	55
2019	Q1	Jan	2019	T1	janv.	Manitoba	Manitoba	Canadian Experience	Catégorie de l’expérience canadienne	25
2016	Q1	Mar	2016	T1	mars	Manitoba	Manitoba	Canadian Experience	Catégorie de l’expérience canadienne	--
2017	Q2	Jun	2017	T2	juin	Nova Scotia	Nouvelle-Écosse	Skilled Trade	Métiers spécialisés	--
2020	Q3	Sep	2020	T3	sept.	British Columbia	Colombie-Britannique	Skilled Worker	Travailleurs qualifiés	185
2016	Q1	Feb	2016	T1	fév.	New Brunswick	Nouveau-Brunswick	Provincial Nominee Program	Candidats des provinces ou des territoires	--
2019	Q3	Aug	2019	T3	août	Ontario	Ontario	Canadian Experience	Catégorie de l’expérience canadienne	2520
2024	Q4	Oct	2024	T4	oct.	Alberta	Alberta	Canadian Experience	Catégorie de l’expérience canadienne	145
2017	Q4	Oct	2017	T4	oct.	Manitoba	Manitoba	Provincial Nominee Program	Candidats des provinces ou des territoires	--
2017	Q2	May	2017	T2	mai	New Brunswick	Nouveau-Brunswick	Skilled Worker	Travailleurs qualifiés	--
2025	Q3	Jul	2025	T3	juil.	Alberta	Alberta	Skilled Worker	Travailleurs qualifiés	380
2019	Q4	Nov	2019	T4	nov.	Nova Scotia	Nouvelle-Écosse	Provincial Nominee Program	Candidats des provinces ou des territoires	140
2026	Q3	Jul	2026	T3	juil.	New Brunswick	Nouveau-Brunswick	Skilled Worker	Travailleurs qualifiés	155
2025	Q1	Mar	2025	T1	mars	Nova Scotia	Nouvelle-Écosse	Canadian Experience	Catégorie de l’expérience canadienne	75
2015	Q3	Jul	2015	T3	juil.	Ontario	Ontario	Skilled Trade	Métiers spécialisés	--
2022	Q2	Apr	2022	T2	avr.	Yukon	Yukon	Provincial Nominee Program	Candidats des provinces ou des territoires	--
2024	Q3	Sep	2024	T3	sept.	Ontario	Ontario	Skilled Worker	Travailleurs qualifiés	3585
2021	Q2	Jun	2021	T2	juin	Alberta	Alberta	Provincial Nominee Program	Candidats des provinces ou des territoires	205
2019	Q1	Jan	2019	T1	janv.	Nova Scotia	Nouvelle-Écosse	Provincial Nominee Program	Candidats des provinces ou des territoires	105
2021	Q4	Dec	2021	T4	déc.	New Brunswick	Nouveau-Brunswick	Provincial Nominee Program	Candidats des provinces ou des territoires	110
2026	Q1	Mar	2026	T1	mars	Nova Scotia	Nouvelle-Écosse	Skilled Worker	Travailleurs qualifiés	35
2022	Q3	Aug	2022	T3	août	Prince Edward Island	Île-du-Prince-Édouard	Skilled Worker	Travailleurs qualifiés	5
2025	Q1	Mar	2025	T1	mars	New Brunswick	Nouveau-Brunswick	Provincial Nominee Program	Candidats des provinces ou des territoires	235
2023	Q3	Sep	2023	T3	sept.	Yukon	Yukon	Skilled Worker	Travailleurs qualifiés	--
2017	Q2	Apr	2017	T2	avr.	Nova Scotia	Nouvelle-Écosse	Provincial Nominee Program	Candidats des provinces ou des territoires	135
2021	Q4	Oct	2021	T4	oct.	Nova Scotia	Nouvelle-Écosse	Provincial Nominee Program	Candidats des provinces ou des territoires	115
2019	Q1	Jan	2019	T1	janv.	Saskatchewan	Saskatchewan	Skilled Worker	Travailleurs qualifiés	20
2018	Q1	Feb	2018	T1	fév.	Prince Edward Island	Île-du-Prince-Édouard	Canadian Experience	Catégorie de l’expérience canadienne	10
2015	Q4	Dec	2015	T4	déc.	Ontario	Ontario	Skilled Trade	Métiers spécialisés	30
2025	Q2	May	2025	T2	mai	British Columbia	Colombie-Britannique	Skilled Worker	Travailleurs qualifiés	155
2023	Q3	Sep	2023	T3	sept.	Alberta	Alberta	Canadian Experience	Catégorie de l’expérience canadienne	95
2024	Q3	Aug	2024	T3	août	Newfoundland and Labrador	Terre-Neuve-et-Labrador	Provincial Nominee Program	Candidats des provinces ou des territoires	25
2023	Q3	Aug	2023	T3	août	Prince Edward Island	Île-du-Prince-Édouard	Canadian Experience	Catégorie de l’expérience canadienne	--
2025	Q3	Jul	2025	T3	juil.	Manitoba	Manitoba	Provincial Nominee Program	Candidats des provinces ou des territoires	250
2021	Q3	Aug	2021	T3	août	Manitoba	Manitoba	Provincial Nominee Program	Candidats des provinces ou des territoires	75
2022	Q2	May	2022	T2	mai	Yukon	Yukon	Skilled Worker	Travailleurs qualifiés	--
2018	Q2	Apr	2018	T2	avr.	Saskatchewan	Saskatchewan	Provincial Nominee Program	Candidats des provinces ou des territoires	140
2017	Q3	Sep	2017	T3	sept.	Prince Edward Island	Île-du-Prince-Édouard	Skilled Worker	Travailleurs qualifiés	5
2018	Q4	Dec	2018	T4	déc.	Yukon	Yukon	Canadian Experience	Catégorie de l’expérience canadienne	--
2019	Q2	May	2019	T2	mai	Saskatchewan	Saskatchewan	Provincial Nominee Program	Candidats des provinces ou des territoires	235
2022	Q4	Oct	2022	T4	oct.	Saskatchewan	Saskatchewan	Canadian Experience	Catégorie de l’expérience canadienne	5
2025	Q1	Jan	2025	T1	janv.	British Columbia	Colombie-Britannique	Skilled Trade	Métiers spécialisés	--
2016	Q2	May	2016	T2	mai	Saskatchewan	Saskatchewan	Skilled Worker	Travailleurs qualifiés	10
2015	Q1	Jan	2015	T1	janv.	Ontario	Ontario	Provincial Nominee Program	Candidats des provinces ou des territoires	--
2023	Q2	Jun	2023	T2	juin	Northwest Territories	Territoires du Nord-Ouest	Skilled Worker	Travailleurs qualifiés	--
2024	Q2	Jun	2024	T2	juin	Nunavut	Nunavut	Canadian Experience	Catégorie de l’expérience canadienne	--
2023	Q3	Sep	2023	T3	sept.	New Brunswick	Nouveau-Brunswick	Provincial Nominee Program	Candidats des provinces ou des territoires	110
2019	Q1	Jan	2019	T1	janv.	Northwest Territories	Territoires du Nord-Ouest	Canadian Experience	Catégorie de l’expérience canadienne	--
2021	Q3	Sep	2021	T3	sept.	Manitoba	Manitoba	Skilled Trade	Métiers spécialisés	--
2026	Q2	May	2026	T2	mai	Nova Scotia	Nouvelle-Écosse	Provincial Nominee Program	Candidats des provinces ou des territoires	165
2025	Q3	Jul	2025	T3	juil.	New Brunswick	Nouveau-Brunswick	Provincial Nominee Program	Candidats des provinces ou des territoires	125
2026	Q1	Mar	2026	T1	mars	New Brunswick	Nouveau-Brunswick	Skilled Worker	Travailleurs qualifiés	105
2017	Q4	Nov	2017	T4	nov.	Northwest Territories	Territoires du Nord-Ouest	Provincial Nominee Program	Candidats des provinces ou des territoires	5
2016	Q3	Sep	2016	T3	sept.	New Brunswick	Nouveau-Brunswick	Canadian Experience	Catégorie de l’expérience canadienne	5
2020	Q3	Sep	2020	T3	sept.	British Columbia	Colombie-Britannique	Skilled Trade	Métiers spécialisés	10
2019	Q2	Apr	2019	T2	avr.	Newfoundland and Labrador	Terre-Neuve-et-Labrador	Skilled Worker	Travailleurs qualifiés	5
2022	Q2	Apr	2022	T2	avr.	Alberta	Alberta	Skilled Trade	Métiers spécialisés	--
2023	Q4	Nov	2023	T4	nov.	Manitoba	Manitoba	Provincial Nominee Program	Candidats des provinces ou des territoires	110
2020	Q4	Nov	2020	T4	nov.	Yukon	Yukon	Skilled Worker	Travailleurs qualifiés	--
2020	Q4	Dec	2020	T4	déc.	British Columbia	Colombie-Britannique	Skilled Worker	Travailleurs qualifiés	75
2023	Q4	Oct	2023	T4	oct.	Ontario	Ontario	Skilled Trade	Métiers spécialisés	--
2020	Q3	Sep	2020	T3	sept.	Nova Scotia	Nouvelle-Écosse	Skilled Worker	Travailleurs qualifiés	--
2023	Q1	Mar	2023	T1	mars	Alberta	Alberta	Canadian Experience	Catégorie de l’expérience canadienne	240
2023	Q4	Oct	2023	T4	oct.	Manitoba	Manitoba	Canadian Experience	Catégorie de l’expérience canadienne	15
2017	Q2	Jun	2017	T2	juin	Ontario	Ontario	Skilled Worker	Travailleurs qualifiés	370
2021	Q3	Jul	2021	T3	juil.	Newfoundland and Labrador	Terre-Neuve-et-Labrador	Provincial Nominee Program	Candidats des provinces ou des territoires	15
2020	Q3	Sep	2020	T3	sept.	Northwest Territories	Territoires du Nord-Ouest	Provincial Nominee Program	Candidats des provinces ou des territoires	--
2025	Q3	Sep	2025	T3	sept.	Newfoundland and Labrador	Terre-Neuve-et-Labrador	Provincial Nominee Program	Candidats des provinces ou des territoires	25
2020	Q4	Oct	2020	T4	oct.	Ontario	Ontario	Canadian Experience	Catégorie de l’expérience canadienne	1290
2026	Q2	Jun	2026	T2	juin	Saskatchewan	Saskatchewan	Canadian Experience	Catégorie de l’expérience canadienne	30
2021	Q1	Feb	2021	T1	fév.	Saskatchewan	Saskatchewan	Skilled Worker	Travailleurs qualifiés	10
2016	Q3	Aug	2016	T3	août	Nova Scotia	Nouvelle-Écosse	Canadian Experience	Catégorie de l’expérience canadienne	5
2020	Q3	Aug	2020	T3	août	British Columbia	Colombie-Britannique	Skilled Trade	Métiers spécialisés	--
2018	Q4	Oct	2018	T4	oct.	Manitoba	Manitoba	Canadian Experience	Catégorie de l’expérience canadienne	20
2018	Q1	Mar	2018	T1	mars	Alberta	Alberta	Skilled Trade	Métiers spécialisés	40
2024	Q1	Jan	2024	T1	janv.	Northwest Territories	Territoires du Nord-Ouest	Canadian Experience	Catégorie de l’expérience canadienne	--
2021	Q4	Nov	2021	T4	nov.	Saskatchewan	Saskatchewan	Canadian Experience	Catégorie de l’expérience canadienne	150
2025	Q1	Jan	2025	T1	janv.	New Brunswick	Nouveau-Brunswick	Skilled Worker	Travailleurs qualifiés	115
2020	Q4	Nov	2020	T4	nov.	New Brunswick	Nouveau-Brunswick	Provincial Nominee Program	Candidats des provinces ou des territoires	40
2022	Q2	May	2022	T2	mai	Saskatchewan	Saskatchewan	Skilled Trade	Métiers spécialisés	--
2019	Q2	Apr	2019	T2	avr.	Saskatchewan	Saskatchewan	Provincial Nominee Program	Candidats des provinces ou des territoires	125
2023	Q2	Jun	2023	T2	juin	Yukon	Yukon	Provincial Nominee Program	Candidats des provinces ou des territoires	5
2024	Q2	Jun	2024	T2	juin	Nova Scotia	Nouvelle-Écosse	Provincial Nominee Program	Candidats des provinces ou des territoires	125
2022	Q2	Jun	2022	T2	juin	Nova Scotia	Nouvelle-Écosse	Provincial Nominee Program	Candidats des provinces ou des territoires	585
2024	Q1	Jan	2024	T1	janv.	Ontario	Ontario	Provincial Nominee Program	Candidats des provinces ou des territoires	1165
2025	Q1	Mar	2025	T1	mars	Yukon	Yukon	Provincial Nominee Program	Candidats des provinces ou des territoires	5
2015	Q1	Jan	2015	T1	janv.	British Columbia	Colombie-Britannique	Skilled Worker	Travailleurs qualifiés	--
2023	Q2	Apr	2023	T2	avr.	Saskatchewan	Saskatchewan	Provincial Nominee Program	Candidats des provinces ou des territoires	525
2024	Q4	Nov	2024	T4	nov.	Ontario	Ontario	Canadian Experience	Catégorie de l’expérience canadienne	2470
2022	Q1	Mar	2022	T1	mars	British Columbia	Colombie-Britannique	Skilled Worker	Travailleurs qualifiés	395
2023	Q1	Mar	2023	T1	mars	Northwest Territories	Territoires du Nord-Ouest	Skilled Worker	Travailleurs qualifiés	10
2019	Q1	Mar	2019	T1	mars	Ontario	Ontario	Canadian Experience	Catégorie de l’expérience canadienne	1865
2024	Q3	Jul	2024	T3	juil.	Alberta	Alberta	Provincial Nominee Program	Candidats des provinces ou des territoires	675
2015	Q2	Apr	2015	T2	avr.	Alberta	Alberta	Skilled Worker	Travailleurs qualifiés	10
2024	Q1	Feb	2024	T1	fév.	Ontario	Ontario	Provincial Nominee Program	Candidats des provinces ou des territoires	785
2023	Q2	May	2023	T2	mai	Alberta	Alberta	Skilled Worker	Travailleurs qualifiés	340
2024	Q4	Oct	2024	T4	oct.	Newfoundland and Labrador	Terre-Neuve-et-Labrador	Canadian Experience	Catégorie de l’expérience canadienne	5
2021	Q3	Sep	2021	T3	sept.	Northwest Territories	Territoires du Nord-Ouest	Canadian Experience	Catégorie de l’expérience canadienne	10
2019	Q1	Jan	2019	T1	janv.	Saskatchewan	Saskatchewan	Canadian Experience	Catégorie de l’expérience canadienne	30
2022	Q2	Apr	2022	T2	avr.	Newfoundland and Labrador	Terre-Neuve-et-Labrador	Skilled Worker	Travailleurs qualifiés	--
2023	Q4	Oct	2023	T4	oct.	New Brunswick	Nouveau-Brunswick	Provincial Nominee Program	Candidats des provinces ou des territoires	105
2022	Q3	Jul	2022	T3	juil.	Manitoba	Manitoba	Skilled Worker	Travailleurs qualifiés	65
2016	Q3	Aug	2016	T3	août	Saskatchewan	Saskatchewan	Canadian Experience	Catégorie de l’expérience canadienne	15
2024	Q1	Feb	2024	T1	fév.	Manitoba	Manitoba	Provincial Nominee Program	Candidats des provinces ou des territoires	280
2022	Q1	Feb	2022	T1	fév.	British Columbia	Colombie-Britannique	Skilled Trade	Métiers spécialisés	35
2017	Q2	Apr	2017	T2	avr.	Prince Edward Island	Île-du-Prince-Édouard	Canadian Experience	Catégorie de l’expérience canadienne	--
2015	Q3	Aug	2015	T3	août	British Columbia	Colombie-Britannique	Provincial Nominee Program	Candidats des provinces ou des territoires	50
2021	Q1	Feb	2021	T1	fév.	Yukon	Yukon	Canadian Experience	Catégorie de l’expérience canadienne	--
2017	Q4	Nov	2017	T4	nov.	Newfoundland and Labrador	Terre-Neuve-et-Labrador	Skilled Worker	Travailleurs qualifiés	5
2023	Q3	Sep	2023	T3	sept.	British Columbia	Colombie-Britannique	Provincial Nominee Program	Candidats des provinces ou des territoires	275
2023	Q4	Oct	2023	T4	oct.	Saskatchewan	Saskatchewan	Skilled Worker	Travailleurs qualifiés	30
2018	Q1	Jan	2018	T1	janv.	Saskatchewan	Saskatchewan	Canadian Experience	Catégorie de l’expérience canadienne	55
2024	Q2	May	2024	T2	mai	New Brunswick	Nouveau-Brunswick	Skilled Worker	Travailleurs qualifiés	170
2026	Q1	Jan	2026	T1	janv.	Saskatchewan	Saskatchewan	Skilled Worker	Travailleurs qualifiés	30
2024	Q1	Jan	2024	T1	janv.	British Columbia	Colombie-Britannique	Skilled Trade	Métiers spécialisés	--
2023	Q4	Oct	2023	T4	oct.	Newfoundland and Labrador	Terre-Neuve-et-Labrador	Provincial Nominee Program	Candidats des provinces ou des territoires	10
2018	Q4	Oct	2018	T4	oct.	Saskatchewan	Saskatchewan	Skilled Trade	Métiers spécialisés	--
2022	Q3	Sep	2022	T3	sept.	Ontario	Ontario	Provincial Nominee Program	Candidats des provinces ou des territoires	1690
2022	Q4	Dec	2022	T4	déc.	Prince Edward Island	Île-du-Prince-Édouard	Provincial Nominee Program	Candidats des provinces ou des territoires	20
2015	Q3	Sep	2015	T3	sept.	New Brunswick	Nouveau-Brunswick	Canadian Experience	Catégorie de l’expérience canadienne	5
2015	Q3	Aug	2015	T3	août	Saskatchewan	Saskatchewan	Canadian Experience	Catégorie de l’expérience canadienne	15
2023	Q1	Jan	2023	T1	janv.	Ontario	Ontario	Canadian Experience	Catégorie de l’expérience canadienne	2360
2024	Q4	Dec	2024	T4	déc.	Saskatchewan	Saskatchewan	Provincial Nominee Program	Candidats des provinces ou des territoires	75
2022	Q3	Aug	2022	T3	août	Newfoundland and Labrador	Terre-Neuve-et-Labrador	Skilled Worker	Travailleurs qualifiés	--
2024	Q1	Mar	2024	T1	mars	Northwest Territories	Territoires du Nord-Ouest	Skilled Worker	Travailleurs qualifiés	--
2020	Q3	Jul	2020	T3	juil.	British Columbia	Colombie-Britannique	Provincial Nominee Program	Candidats des provinces ou des territoires	140
2016	Q1	Mar	2016	T1	mars	Manitoba	Manitoba	Skilled Worker	Travailleurs qualifiés	15
2020	Q1	Feb	2020	T1	fév.	Prince Edward Island	Île-du-Prince-Édouard	Canadian Experience	Catégorie de l’expérience canadienne	--
2023	Q1	Jan	2023	T1	janv.	Alberta	Alberta	Provincial Nominee Program	Candidats des provinces ou des territoires	1130
2017	Q3	Jul	2017	T3	juil.	Prince Edward Island	Île-du-Prince-Édouard	Provincial Nominee Program	Candidats des provinces ou des territoires	45
2025	Q1	Mar	2025	T1	mars	Prince Edward Island	Île-du-Prince-Édouard	Canadian Experience	Catégorie de l’expérience canadienne	5
2015	Q4	Oct	2015	T4	oct.	Newfoundland and Labrador	Terre-Neuve-et-Labrador	Canadian Experience	Catégorie de l’expérience canadienne	--
2019	Q4	Oct	2019	T4	oct.	British Columbia	Colombie-Britannique	Provincial Nominee Program	Candidats des provinces ou des territoires	505
2018	Q1	Feb	2018	T1	fév.	British Columbia	Colombie-Britannique	Canadian Experience	Catégorie de l’expérience canadienne	770
2025	Q4	Dec	2025	T4	déc.	Northwest Territories	Territoires du Nord-Ouest	Provincial Nominee Program	Candidats des provinces ou des territoires	10
2022	Q1	Feb	2022	T1	fév.	New Brunswick	Nouveau-Brunswick	Provincial Nominee Program	Candidats des provinces ou des territoires	110
2021	Q1	Jan	2021	T1	janv.	Ontario	Ontario	Provincial Nominee Program	Candidats des provinces ou des territoires	355
2023	Q3	Aug	2023	T3	août	British Columbia	Colombie-Britannique	Canadian Experience	Catégorie de l’expérience canadienne	815
2023	Q2	Jun	2023	T2	juin	Northwest Territories	Territoires du Nord-Ouest	Canadian Experience	Catégorie de l’expérience canadienne	--
2022	Q3	Aug	2022	T3	août	Northwest Territories	Territoires du Nord-Ouest	Provincial Nominee Program	Candidats des provinces ou des territoires	--
2016	Q4	Oct	2016	T4	oct.	British Columbia	Colombie-Britannique	Skilled Trade	Métiers spécialisés	15
2020	Q2	Jun	2020	T2	juin	Newfoundland and Labrador	Terre-Neuve-et-Labrador	Skilled Worker	Travailleurs qualifiés	--
