passage_id,work,cluster
tao-te-ching-00000,tao-te-ching,14
tao-te-ching-00001,tao-te-ching,20
tao-te-ching-00002,tao-te-ching,20
tao-te-ching-00003,tao-te-ching,8
tao-te-ching-00004,tao-te-ching,9
tao-te-ching-00005,tao-te-ching,20
tao-te-ching-00006,tao-te-ching,13
tao-te-ching-00007,tao-te-ching,20
tao-te-ching-00008,tao-te-ching,20
tao-te-ching-00009,tao-te-ching,17
tao-te-ching-00010,tao-te-ching,13
tao-te-ching-00011,tao-te-ching,21
tao-te-ching-00012,tao-te-ching,14
tao-te-ching-00013,tao-te-ching,14
tao-te-ching-00014,tao-te-ching,16
tao-te-ching-00015,tao-te-ching,4
tao-te-ching-00016,tao-te-ching,8
tao-te-ching-00017,tao-te-ching,27
tao-te-ching-00018,tao-te-ching,5
tao-te-ching-00019,tao-te-ching,5
tao-te-ching-00020,tao-te-ching,21
tao-te-ching-00021,tao-te-ching,14
tao-te-ching-00022,tao-te-ching,2
tao-te-ching-00023,tao-te-ching,10
tao-te-ching-00024,tao-te-ching,26
tao-te-ching-00025,tao-te-ching,2
tao-te-ching-00026,tao-te-ching,5
tao-te-ching-00027,tao-te-ching,21
tao-te-ching-00028,tao-te-ching,14
tao-te-ching-00029,tao-te-ching,29
tao-te-ching-00030,tao-te-ching,9
tao-te-ching-00031,tao-te-ching,9
tao-te-ching-00032,tao-te-ching,9
tao-te-ching-00033,tao-te-ching,9
tao-te-ching-00034,tao-te-ching,2
tao-te-ching-00035,tao-te-ching,27
tao-te-ching-00036,tao-te-ching,20
tao-te-ching-00037,tao-te-ching,20
tao-te-ching-00038,tao-te-ching,14
tao-te-ching-00039,tao-te-ching,6
tao-te-ching-00040,tao-te-ching,8
tao-te-ching-00041,tao-te-ching,26
tao-te-ching-00042,tao-te-ching,14
tao-te-ching-00043,tao-te-ching,20
tao-te-ching-00044,tao-te-ching,14
tao-te-ching-00045,tao-te-ching,14
tao-te-ching-00046,tao-te-ching,22
tao-te-ching-00047,tao-te-ching,14
tao-te-ching-00048,tao-te-ching,2
tao-te-ching-00049,tao-te-ching,13
tao-te-ching-00050,tao-te-ching,2
tao-te-ching-00051,tao-te-ching,11
tao-te-ching-00052,tao-te-ching,21
tao-te-ching-00053,tao-te-ching,9
tao-te-ching-00054,tao-te-ching,21
tao-te-ching-00055,tao-te-ching,14
tao-te-ching-00056,tao-te-ching,14
tao-te-ching-00057,tao-te-ching,9
tao-te-ching-00058,tao-te-ching,13
tao-te-ching-00059,tao-te-ching,20
tao-te-ching-00060,tao-te-ching,5
tao-te-ching-00061,tao-te-ching,14
tao-te-ching-00062,tao-te-ching,14
tao-te-ching-00063,tao-te-ching,14
tao-te-ching-00064,tao-te-ching,20
tao-te-ching-00065,tao-te-ching,14
tao-te-ching-00066,tao-te-ching,14
tao-te-ching-00067,tao-te-ching,14
tao-te-ching-00068,tao-te-ching,20
tao-te-ching-00069,tao-te-ching,27
tao-te-ching-00070,tao-te-ching,13
tao-te-ching-00071,tao-te-ching,11
tao-te-ching-00072,tao-te-ching,21
tao-te-ching-00073,tao-te-ching,21
tao-te-ching-00074,tao-te-ching,9
tao-te-ching-00075,tao-te-ching,13
tao-te-ching-00076,tao-te-ching,21
tao-te-ching-00077,tao-te-ching,29
tao-te-ching-00078,tao-te-ching,13
tao-te-ching-00079,tao-te-ching,14
tao-te-ching-00080,tao-te-ching,10
tao-te-ching-00081,tao-te-ching,25
tao-te-ching-00082,tao-te-ching,14
tao-te-ching-00083,tao-te-ching,14
tao-te-ching-00084,tao-te-ching,4
tao-te-ching-00085,tao-te-ching,25
tao-te-ching-00086,tao-te-ching,14
tao-te-ching-00087,tao-te-ching,2
tao-te-ching-00088,tao-te-ching,8
tao-te-ching-00089,tao-te-ching,10
tao-te-ching-00090,tao-te-ching,14
tao-te-ching-00091,tao-te-ching,21
tao-te-ching-00092,tao-te-ching,10
tao-te-ching-00093,tao-te-ching,14
tao-te-ching-00094,tao-te-ching,20
tao-te-ching-00095,tao-te-ching,13
tao-te-ching-00096,tao-te-ching,12
tao-te-ching-00097,tao-te-ching,14
tao-te-ching-00098,tao-te-ching,21
tao-te-ching-00099,tao-te-ching,10
tao-te-ching-00100,tao-te-ching,2
tao-te-ching-00101,tao-te-ching,14
tao-te-ching-00102,tao-te-ching,2
tao-te-ching-00103,tao-te-ching,20
tao-te-ching-00104,tao-te-ching,28
tao-te-ching-00105,tao-te-ching,14
tao-te-ching-00106,tao-te-ching,11
tao-te-ching-00107,tao-te-ching,4
tao-te-ching-00108,tao-te-ching,12
tao-te-ching-00109,tao-te-ching,14
tao-te-ching-00110,tao-te-ching,9
tao-te-ching-00111,tao-te-ching,21
tao-te-ching-00112,tao-te-ching,14
tao-te-ching-00113,tao-te-ching,5
tao-te-ching-00114,tao-te-ching,14
tao-te-ching-00115,tao-te-ching,5
tao-te-ching-00116,tao-te-ching,2
tao-te-ching-00117,tao-te-ching,14
tao-te-ching-00118,tao-te-ching,20
tao-te-ching-00119,tao-te-ching,14
tao-te-ching-00120,tao-te-ching,20
tao-te-ching-00121,tao-te-ching,14
tao-te-ching-00122,tao-te-ching,14
tao-te-ching-00123,tao-te-ching,14
tao-te-ching-00124,tao-te-ching,2
tao-te-ching-00125,tao-te-ching,11
tao-te-ching-00126,tao-te-ching,10
tao-te-ching-00127,tao-te-ching,11
tao-te-ching-00128,tao-te-ching,9
tao-te-ching-00129,tao-te-ching,23
tao-te-ching-00130,tao-te-ching,2
tao-te-ching-00131,tao-te-ching,4
tao-te-ching-00132,tao-te-ching,20
tao-te-ching-00133,tao-te-ching,14
tao-te-ching-00134,tao-te-ching,2
tao-te-ching-00135,tao-te-ching,12
tao-te-ching-00136,tao-te-ching,22
tao-te-ching-00137,tao-te-ching,14
tao-te-ching-00138,tao-te-ching,0
tao-te-ching-00139,tao-te-ching,4
tao-te-ching-00140,tao-te-ching,13
tao-te-ching-00141,tao-te-ching,9
tao-te-ching-00142,tao-te-ching,13
tao-te-ching-00143,tao-te-ching,12
tao-te-ching-00144,tao-te-ching,12
tao-te-ching-00145,tao-te-ching,2
tao-te-ching-00146,tao-te-ching,25
tao-te-ching-00147,tao-te-ching,14
tao-te-ching-00148,tao-te-ching,14
tao-te-ching-00149,tao-te-ching,14
tao-te-ching-00150,tao-te-ching,20
tao-te-ching-00151,tao-te-ching,14
tao-te-ching-00152,tao-te-ching,21
tao-te-ching-00153,tao-te-ching,21
tao-te-ching-00154,tao-te-ching,9
tao-te-ching-00155,tao-te-ching,21
tao-te-ching-00156,tao-te-ching,14
tao-te-ching-00157,tao-te-ching,14
tao-te-ching-00158,tao-te-ching,14
tao-te-ching-00159,tao-te-ching,14
tao-te-ching-00160,tao-te-ching,23
tao-te-ching-00161,tao-te-ching,8
tao-te-ching-00162,tao-te-ching,8
tao-te-ching-00163,tao-te-ching,14
tao-te-ching-00164,tao-te-ching,9
tao-te-ching-00165,tao-te-ching,5
tao-te-ching-00166,tao-te-ching,14
tao-te-ching-00167,tao-te-ching,14
tao-te-ching-00168,tao-te-ching,21
tao-te-ching-00169,tao-te-ching,21
tao-te-ching-00170,tao-te-ching,2
tao-te-ching-00171,tao-te-ching,2
tao-te-ching-00172,tao-te-ching,0
tao-te-ching-00173,tao-te-ching,2
tao-te-ching-00174,tao-te-ching,5
tao-te-ching-00175,tao-te-ching,2
tao-te-ching-00176,tao-te-ching,13
tao-te-ching-00177,tao-te-ching,12
tao-te-ching-00178,tao-te-ching,14
tao-te-ching-00179,tao-te-ching,27
tao-te-ching-00180,tao-te-ching,2
tao-te-ching-00181,tao-te-ching,14
tao-te-ching-00182,tao-te-ching,14
tao-te-ching-00183,tao-te-ching,8
tao-te-ching-00184,tao-te-ching,20
tao-te-ching-00185,tao-te-ching,2
tao-te-ching-00186,tao-te-ching,2
tao-te-ching-00187,tao-te-ching,14
tao-te-ching-00188,tao-te-ching,9
tao-te-ching-00189,tao-te-ching,14
tao-te-ching-00190,tao-te-ching,14
tao-te-ching-00191,tao-te-ching,14
tao-te-ching-00192,tao-te-ching,13
tao-te-ching-00193,tao-te-ching,13
tao-te-ching-00194,tao-te-ching,20
tao-te-ching-00195,tao-te-ching,8
tao-te-ching-00196,tao-te-ching,13
tao-te-ching-00197,tao-te-ching,21
tao-te-ching-00198,tao-te-ching,14
tao-te-ching-00199,tao-te-ching,2
tao-te-ching-00200,tao-te-ching,11
tao-te-ching-00201,tao-te-ching,27
tao-te-ching-00202,tao-te-ching,21
tao-te-ching-00203,tao-te-ching,21
tao-te-ching-00204,tao-te-ching,14
tao-te-ching-00205,tao-te-ching,9
tao-te-ching-00206,tao-te-ching,9
tao-te-ching-00207,tao-te-ching,27
tao-te-ching-00208,tao-te-ching,14
tao-te-ching-00209,tao-te-ching,27
tao-te-ching-00210,tao-te-ching,25
tao-te-ching-00211,tao-te-ching,10
tao-te-ching-00212,tao-te-ching,12
tao-te-ching-00213,tao-te-ching,20
tao-te-ching-00214,tao-te-ching,13
tao-te-ching-00215,tao-te-ching,12
tao-te-ching-00216,tao-te-ching,5
tao-te-ching-00217,tao-te-ching,12
tao-te-ching-00218,tao-te-ching,9
tao-te-ching-00219,tao-te-ching,9
tao-te-ching-00220,tao-te-ching,13
tao-te-ching-00221,tao-te-ching,4
tao-te-ching-00222,tao-te-ching,4
tao-te-ching-00223,tao-te-ching,13
tao-te-ching-00224,tao-te-ching,5
tao-te-ching-00225,tao-te-ching,5
tao-te-ching-00226,tao-te-ching,4
tao-te-ching-00227,tao-te-ching,12
tao-te-ching-00228,tao-te-ching,2
tao-te-ching-00229,tao-te-ching,5
tao-te-ching-00230,tao-te-ching,21
tao-te-ching-00231,tao-te-ching,9
tao-te-ching-00232,tao-te-ching,10
tao-te-ching-00233,tao-te-ching,10
tao-te-ching-00234,tao-te-ching,14
tao-te-ching-00235,tao-te-ching,5
tao-te-ching-00236,tao-te-ching,14
tao-te-ching-00237,tao-te-ching,13
tao-te-ching-00238,tao-te-ching,10
tao-te-ching-00239,tao-te-ching,10
tao-te-ching-00240,tao-te-ching,27
tao-te-ching-00241,tao-te-ching,20
tao-te-ching-00242,tao-te-ching,9
tao-te-ching-00243,tao-te-ching,14
tao-te-ching-00244,tao-te-ching,9
tao-te-ching-00245,tao-te-ching,12
tao-te-ching-00246,tao-te-ching,25
tao-te-ching-00247,tao-te-ching,10
tao-te-ching-00248,tao-te-ching,29
tao-te-ching-00249,tao-te-ching,10
tao-te-ching-00250,tao-te-ching,14
tao-te-ching-00251,tao-te-ching,13
tao-te-ching-00252,tao-te-ching,4
analects-00253,analects,24
analects-00254,analects,14
analects-00255,analects,22
analects-00256,analects,14
analects-00257,analects,22
analects-00258,analects,6
analects-00259,analects,6
analects-00260,analects,6
analects-00261,analects,11
analects-00262,analects,6
analects-00263,analects,6
analects-00264,analects,6
analects-00265,analects,6
analects-00266,analects,6
analects-00267,analects,6
analects-00268,analects,6
analects-00269,analects,6
analects-00270,analects,2
analects-00271,analects,6
analects-00272,analects,6
analects-00273,analects,6
analects-00274,analects,9
analects-00275,analects,6
analects-00276,analects,6
analects-00277,analects,6
analects-00278,analects,28
analects-00279,analects,6
analects-00280,analects,6
analects-00281,analects,6
analects-00282,analects,14
analects-00283,analects,6
analects-00284,analects,6
analects-00285,analects,6
analects-00286,analects,24
analects-00287,analects,6
analects-00288,analects,6
analects-00289,analects,6
analects-00290,analects,6
analects-00291,analects,6
analects-00292,analects,6
analects-00293,analects,6
analects-00294,analects,6
analects-00295,analects,6
analects-00296,analects,6
analects-00297,analects,6
analects-00298,analects,6
analects-00299,analects,6
analects-00300,analects,6
analects-00301,analects,6
analects-00302,analects,21
analects-00303,analects,21
analects-00304,analects,6
analects-00305,analects,6
analects-00306,analects,6
analects-00307,analects,6
analects-00308,analects,6
analects-00309,analects,6
analects-00310,analects,6
analects-00311,analects,6
analects-00312,analects,6
analects-00313,analects,6
analects-00314,analects,6
analects-00315,analects,6
analects-00316,analects,6
analects-00317,analects,6
analects-00318,analects,6
analects-00319,analects,6
analects-00320,analects,6
analects-00321,analects,6
analects-00322,analects,6
analects-00323,analects,6
analects-00324,analects,6
analects-00325,analects,6
analects-00326,analects,6
analects-00327,analects,6
analects-00328,analects,6
analects-00329,analects,6
analects-00330,analects,6
analects-00331,analects,6
analects-00332,analects,6
analects-00333,analects,6
analects-00334,analects,6
analects-00335,analects,6
analects-00336,analects,6
analects-00337,analects,6
analects-00338,analects,6
analects-00339,analects,21
analects-00340,analects,6
analects-00341,analects,13
analects-00342,analects,6
analects-00343,analects,6
analects-00344,analects,21
analects-00345,analects,21
analects-00346,analects,6
analects-00347,analects,6
analects-00348,analects,6
analects-00349,analects,6
analects-00350,analects,6
analects-00351,analects,6
analects-00352,analects,6
analects-00353,analects,6
analects-00354,analects,6
analects-00355,analects,6
analects-00356,analects,6
analects-00357,analects,11
analects-00358,analects,6
analects-00359,analects,6
analects-00360,analects,6
analects-00361,analects,6
analects-00362,analects,6
analects-00363,analects,6
analects-00364,analects,6
analects-00365,analects,6
analects-00366,analects,27
analects-00367,analects,6
analects-00368,analects,6
analects-00369,analects,6
analects-00370,analects,6
analects-00371,analects,6
analects-00372,analects,2
analects-00373,analects,6
analects-00374,analects,6
analects-00375,analects,6
analects-00376,analects,6
analects-00377,analects,6
analects-00378,analects,6
analects-00379,analects,6
analects-00380,analects,6
analects-00381,analects,6
analects-00382,analects,6
analects-00383,analects,6
analects-00384,analects,6
analects-00385,analects,6
analects-00386,analects,6
analects-00387,analects,6
analects-00388,analects,28
analects-00389,analects,11
analects-00390,analects,6
analects-00391,analects,6
analects-00392,analects,6
analects-00393,analects,6
analects-00394,analects,20
analects-00395,analects,6
analects-00396,analects,6
analects-00397,analects,24
analects-00398,analects,6
analects-00399,analects,24
analects-00400,analects,1
analects-00401,analects,24
analects-00402,analects,6
analects-00403,analects,3
analects-00404,analects,24
analects-00405,analects,24
analects-00406,analects,6
analects-00407,analects,24
analects-00408,analects,6
analects-00409,analects,24
analects-00410,analects,24
analects-00411,analects,24
analects-00412,analects,6
analects-00413,analects,6
analects-00414,analects,6
analects-00415,analects,14
analects-00416,analects,6
analects-00417,analects,6
analects-00418,analects,6
analects-00419,analects,6
analects-00420,analects,6
analects-00421,analects,6
analects-00422,analects,6
analects-00423,analects,6
analects-00424,analects,6
analects-00425,analects,6
analects-00426,analects,22
analects-00427,analects,6
analects-00428,analects,11
analects-00429,analects,6
analects-00430,analects,6
analects-00431,analects,24
analects-00432,analects,6
analects-00433,analects,6
analects-00434,analects,6
analects-00435,analects,28
analects-00436,analects,6
analects-00437,analects,6
analects-00438,analects,6
analects-00439,analects,6
analects-00440,analects,13
analects-00441,analects,6
analects-00442,analects,6
analects-00443,analects,6
analects-00444,analects,6
analects-00445,analects,6
analects-00446,analects,6
analects-00447,analects,6
analects-00448,analects,6
analects-00449,analects,6
analects-00450,analects,6
analects-00451,analects,21
analects-00452,analects,6
analects-00453,analects,21
analects-00454,analects,6
analects-00455,analects,6
analects-00456,analects,6
analects-00457,analects,6
analects-00458,analects,6
analects-00459,analects,6
analects-00460,analects,2
analects-00461,analects,6
analects-00462,analects,6
analects-00463,analects,17
analects-00464,analects,6
analects-00465,analects,6
analects-00466,analects,6
analects-00467,analects,6
analects-00468,analects,6
analects-00469,analects,2
analects-00470,analects,6
analects-00471,analects,6
analects-00472,analects,6
analects-00473,analects,6
analects-00474,analects,6
analects-00475,analects,6
analects-00476,analects,6
analects-00477,analects,6
analects-00478,analects,6
analects-00479,analects,6
analects-00480,analects,6
analects-00481,analects,2
analects-00482,analects,6
analects-00483,analects,6
analects-00484,analects,6
analects-00485,analects,6
analects-00486,analects,6
analects-00487,analects,6
analects-00488,analects,21
analects-00489,analects,6
analects-00490,analects,21
analects-00491,analects,6
analects-00492,analects,6
analects-00493,analects,6
analects-00494,analects,6
analects-00495,analects,6
analects-00496,analects,6
analects-00497,analects,6
analects-00498,analects,6
analects-00499,analects,6
analects-00500,analects,6
analects-00501,analects,6
analects-00502,analects,6
analects-00503,analects,6
analects-00504,analects,6
analects-00505,analects,6
analects-00506,analects,6
analects-00507,analects,6
analects-00508,analects,6
analects-00509,analects,6
analects-00510,analects,6
analects-00511,analects,6
analects-00512,analects,6
analects-00513,analects,6
analects-00514,analects,6
analects-00515,analects,6
analects-00516,analects,6
analects-00517,analects,6
analects-00518,analects,6
analects-00519,analects,6
analects-00520,analects,6
analects-00521,analects,6
analects-00522,analects,22
analects-00523,analects,6
analects-00524,analects,6
analects-00525,analects,6
analects-00526,analects,6
analects-00527,analects,6
analects-00528,analects,6
analects-00529,analects,6
analects-00530,analects,14
analects-00531,analects,6
analects-00532,analects,6
analects-00533,analects,6
analects-00534,analects,2
analects-00535,analects,14
analects-00536,analects,6
analects-00537,analects,2
analects-00538,analects,2
analects-00539,analects,6
analects-00540,analects,9
analects-00541,analects,9
analects-00542,analects,6
analects-00543,analects,4
analects-00544,analects,13
analects-00545,analects,13
analects-00546,analects,6
analects-00547,analects,21
analects-00548,analects,6
analects-00549,analects,6
analects-00550,analects,6
analects-00551,analects,6
analects-00552,analects,14
analects-00553,analects,6
analects-00554,analects,6
analects-00555,analects,6
analects-00556,analects,6
analects-00557,analects,6
analects-00558,analects,6
analects-00559,analects,9
analects-00560,analects,9
analects-00561,analects,6
analects-00562,analects,6
analects-00563,analects,6
analects-00564,analects,6
analects-00565,analects,6
analects-00566,analects,22
analects-00567,analects,6
analects-00568,analects,6
analects-00569,analects,29
analects-00570,analects,6
analects-00571,analects,6
analects-00572,analects,6
analects-00573,analects,6
analects-00574,analects,6
analects-00575,analects,6
analects-00576,analects,6
analects-00577,analects,6
analects-00578,analects,6
analects-00579,analects,24
analects-00580,analects,6
analects-00581,analects,2
analects-00582,analects,6
analects-00583,analects,24
analects-00584,analects,21
analects-00585,analects,6
analects-00586,analects,6
analects-00587,analects,6
analects-00588,analects,6
analects-00589,analects,6
analects-00590,analects,6
analects-00591,analects,11
analects-00592,analects,11
analects-00593,analects,11
analects-00594,analects,6
analects-00595,analects,6
analects-00596,analects,6
analects-00597,analects,13
analects-00598,analects,6
analects-00599,analects,21
analects-00600,analects,6
analects-00601,analects,6
analects-00602,analects,6
analects-00603,analects,6
analects-00604,analects,6
analects-00605,analects,6
analects-00606,analects,6
analects-00607,analects,6
analects-00608,analects,6
analects-00609,analects,2
analects-00610,analects,6
analects-00611,analects,3
analects-00612,analects,6
analects-00613,analects,6
analects-00614,analects,17
analects-00615,analects,21
analects-00616,analects,25
analects-00617,analects,21
dhammapada-00618,dhammapada,18
dhammapada-00619,dhammapada,14
dhammapada-00620,dhammapada,20
dhammapada-00621,dhammapada,20
dhammapada-00622,dhammapada,4
dhammapada-00623,dhammapada,10
dhammapada-00624,dhammapada,10
dhammapada-00625,dhammapada,10
dhammapada-00626,dhammapada,12
dhammapada-00627,dhammapada,12
dhammapada-00628,dhammapada,12
dhammapada-00629,dhammapada,12
dhammapada-00630,dhammapada,12
dhammapada-00631,dhammapada,12
dhammapada-00632,dhammapada,12
dhammapada-00633,dhammapada,7
dhammapada-00634,dhammapada,12
dhammapada-00635,dhammapada,12
dhammapada-00636,dhammapada,12
dhammapada-00637,dhammapada,12
dhammapada-00638,dhammapada,12
dhammapada-00639,dhammapada,16
dhammapada-00640,dhammapada,5
dhammapada-00641,dhammapada,12
dhammapada-00642,dhammapada,12
dhammapada-00643,dhammapada,12
dhammapada-00644,dhammapada,12
dhammapada-00645,dhammapada,12
dhammapada-00646,dhammapada,12
dhammapada-00647,dhammapada,13
dhammapada-00648,dhammapada,13
dhammapada-00649,dhammapada,27
dhammapada-00650,dhammapada,16
dhammapada-00651,dhammapada,16
dhammapada-00652,dhammapada,12
dhammapada-00653,dhammapada,12
dhammapada-00654,dhammapada,12
dhammapada-00655,dhammapada,12
dhammapada-00656,dhammapada,12
dhammapada-00657,dhammapada,12
dhammapada-00658,dhammapada,12
dhammapada-00659,dhammapada,7
dhammapada-00660,dhammapada,12
dhammapada-00661,dhammapada,12
dhammapada-00662,dhammapada,12
dhammapada-00663,dhammapada,27
dhammapada-00664,dhammapada,12
dhammapada-00665,dhammapada,12
dhammapada-00666,dhammapada,12
dhammapada-00667,dhammapada,12
dhammapada-00668,dhammapada,12
dhammapada-00669,dhammapada,12
dhammapada-00670,dhammapada,12
dhammapada-00671,dhammapada,12
dhammapada-00672,dhammapada,12
dhammapada-00673,dhammapada,8
dhammapada-00674,dhammapada,9
dhammapada-00675,dhammapada,12
dhammapada-00676,dhammapada,12
dhammapada-00677,dhammapada,5
dhammapada-00678,dhammapada,12
dhammapada-00679,dhammapada,12
dhammapada-00680,dhammapada,12
dhammapada-00681,dhammapada,12
dhammapada-00682,dhammapada,12
dhammapada-00683,dhammapada,12
dhammapada-00684,dhammapada,12
dhammapada-00685,dhammapada,12
dhammapada-00686,dhammapada,12
dhammapada-00687,dhammapada,12
dhammapada-00688,dhammapada,12
dhammapada-00689,dhammapada,12
dhammapada-00690,dhammapada,12
dhammapada-00691,dhammapada,12
dhammapada-00692,dhammapada,12
dhammapada-00693,dhammapada,16
dhammapada-00694,dhammapada,12
dhammapada-00695,dhammapada,12
dhammapada-00696,dhammapada,12
dhammapada-00697,dhammapada,16
dhammapada-00698,dhammapada,12
dhammapada-00699,dhammapada,12
dhammapada-00700,dhammapada,12
dhammapada-00701,dhammapada,12
dhammapada-00702,dhammapada,12
dhammapada-00703,dhammapada,12
dhammapada-00704,dhammapada,12
dhammapada-00705,dhammapada,16
dhammapada-00706,dhammapada,12
dhammapada-00707,dhammapada,12
dhammapada-00708,dhammapada,12
dhammapada-00709,dhammapada,21
dhammapada-00710,dhammapada,5
dhammapada-00711,dhammapada,12
dhammapada-00712,dhammapada,12
dhammapada-00713,dhammapada,12
dhammapada-00714,dhammapada,12
dhammapada-00715,dhammapada,12
dhammapada-00716,dhammapada,12
dhammapada-00717,dhammapada,12
dhammapada-00718,dhammapada,12
dhammapada-00719,dhammapada,12
dhammapada-00720,dhammapada,12
dhammapada-00721,dhammapada,16
dhammapada-00722,dhammapada,12
dhammapada-00723,dhammapada,12
dhammapada-00724,dhammapada,12
dhammapada-00725,dhammapada,12
dhammapada-00726,dhammapada,12
dhammapada-00727,dhammapada,12
dhammapada-00728,dhammapada,12
dhammapada-00729,dhammapada,12
dhammapada-00730,dhammapada,12
dhammapada-00731,dhammapada,12
dhammapada-00732,dhammapada,12
dhammapada-00733,dhammapada,12
dhammapada-00734,dhammapada,12
dhammapada-00735,dhammapada,12
dhammapada-00736,dhammapada,12
dhammapada-00737,dhammapada,12
dhammapada-00738,dhammapada,12
dhammapada-00739,dhammapada,12
dhammapada-00740,dhammapada,12
dhammapada-00741,dhammapada,12
dhammapada-00742,dhammapada,12
dhammapada-00743,dhammapada,12
dhammapada-00744,dhammapada,12
dhammapada-00745,dhammapada,12
dhammapada-00746,dhammapada,12
dhammapada-00747,dhammapada,12
dhammapada-00748,dhammapada,12
dhammapada-00749,dhammapada,12
dhammapada-00750,dhammapada,12
dhammapada-00751,dhammapada,12
dhammapada-00752,dhammapada,12
dhammapada-00753,dhammapada,12
dhammapada-00754,dhammapada,12
dhammapada-00755,dhammapada,12
dhammapada-00756,dhammapada,12
dhammapada-00757,dhammapada,12
dhammapada-00758,dhammapada,16
dhammapada-00759,dhammapada,12
dhammapada-00760,dhammapada,12
dhammapada-00761,dhammapada,12
dhammapada-00762,dhammapada,12
dhammapada-00763,dhammapada,12
dhammapada-00764,dhammapada,12
dhammapada-00765,dhammapada,1
dhammapada-00766,dhammapada,12
dhammapada-00767,dhammapada,12
dhammapada-00768,dhammapada,12
dhammapada-00769,dhammapada,27
dhammapada-00770,dhammapada,12
dhammapada-00771,dhammapada,12
dhammapada-00772,dhammapada,12
dhammapada-00773,dhammapada,12
dhammapada-00774,dhammapada,12
dhammapada-00775,dhammapada,12
dhammapada-00776,dhammapada,12
dhammapada-00777,dhammapada,12
dhammapada-00778,dhammapada,12
dhammapada-00779,dhammapada,16
dhammapada-00780,dhammapada,12
dhammapada-00781,dhammapada,12
dhammapada-00782,dhammapada,12
dhammapada-00783,dhammapada,12
dhammapada-00784,dhammapada,12
dhammapada-00785,dhammapada,12
dhammapada-00786,dhammapada,12
dhammapada-00787,dhammapada,12
dhammapada-00788,dhammapada,12
dhammapada-00789,dhammapada,12
dhammapada-00790,dhammapada,12
dhammapada-00791,dhammapada,12
dhammapada-00792,dhammapada,12
dhammapada-00793,dhammapada,12
dhammapada-00794,dhammapada,12
dhammapada-00795,dhammapada,12
dhammapada-00796,dhammapada,12
dhammapada-00797,dhammapada,12
dhammapada-00798,dhammapada,12
dhammapada-00799,dhammapada,16
dhammapada-00800,dhammapada,12
dhammapada-00801,dhammapada,12
dhammapada-00802,dhammapada,12
dhammapada-00803,dhammapada,12
dhammapada-00804,dhammapada,12
dhammapada-00805,dhammapada,16
dhammapada-00806,dhammapada,12
dhammapada-00807,dhammapada,12
dhammapada-00808,dhammapada,16
dhammapada-00809,dhammapada,12
dhammapada-00810,dhammapada,12
dhammapada-00811,dhammapada,12
dhammapada-00812,dhammapada,12
dhammapada-00813,dhammapada,12
dhammapada-00814,dhammapada,12
dhammapada-00815,dhammapada,12
dhammapada-00816,dhammapada,12
dhammapada-00817,dhammapada,12
dhammapada-00818,dhammapada,12
dhammapada-00819,dhammapada,12
dhammapada-00820,dhammapada,12
dhammapada-00821,dhammapada,13
dhammapada-00822,dhammapada,12
dhammapada-00823,dhammapada,12
dhammapada-00824,dhammapada,12
dhammapada-00825,dhammapada,12
dhammapada-00826,dhammapada,12
dhammapada-00827,dhammapada,12
dhammapada-00828,dhammapada,12
dhammapada-00829,dhammapada,12
dhammapada-00830,dhammapada,12
dhammapada-00831,dhammapada,12
dhammapada-00832,dhammapada,16
dhammapada-00833,dhammapada,12
dhammapada-00834,dhammapada,12
dhammapada-00835,dhammapada,12
dhammapada-00836,dhammapada,12
dhammapada-00837,dhammapada,12
dhammapada-00838,dhammapada,12
dhammapada-00839,dhammapada,12
dhammapada-00840,dhammapada,12
dhammapada-00841,dhammapada,12
dhammapada-00842,dhammapada,12
dhammapada-00843,dhammapada,16
dhammapada-00844,dhammapada,12
dhammapada-00845,dhammapada,12
dhammapada-00846,dhammapada,12
dhammapada-00847,dhammapada,12
dhammapada-00848,dhammapada,27
dhammapada-00849,dhammapada,12
dhammapada-00850,dhammapada,12
dhammapada-00851,dhammapada,12
dhammapada-00852,dhammapada,12
dhammapada-00853,dhammapada,12
dhammapada-00854,dhammapada,12
dhammapada-00855,dhammapada,9
dhammapada-00856,dhammapada,12
dhammapada-00857,dhammapada,12
dhammapada-00858,dhammapada,12
dhammapada-00859,dhammapada,12
dhammapada-00860,dhammapada,12
dhammapada-00861,dhammapada,12
dhammapada-00862,dhammapada,12
dhammapada-00863,dhammapada,12
dhammapada-00864,dhammapada,12
dhammapada-00865,dhammapada,12
dhammapada-00866,dhammapada,12
dhammapada-00867,dhammapada,16
dhammapada-00868,dhammapada,16
dhammapada-00869,dhammapada,12
dhammapada-00870,dhammapada,12
dhammapada-00871,dhammapada,12
dhammapada-00872,dhammapada,12
dhammapada-00873,dhammapada,16
dhammapada-00874,dhammapada,12
dhammapada-00875,dhammapada,12
dhammapada-00876,dhammapada,12
dhammapada-00877,dhammapada,16
dhammapada-00878,dhammapada,16
dhammapada-00879,dhammapada,16
dhammapada-00880,dhammapada,16
dhammapada-00881,dhammapada,16
dhammapada-00882,dhammapada,16
dhammapada-00883,dhammapada,12
dhammapada-00884,dhammapada,12
dhammapada-00885,dhammapada,12
dhammapada-00886,dhammapada,16
dhammapada-00887,dhammapada,12
dhammapada-00888,dhammapada,5
dhammapada-00889,dhammapada,12
dhammapada-00890,dhammapada,12
dhammapada-00891,dhammapada,12
dhammapada-00892,dhammapada,12
dhammapada-00893,dhammapada,16
dhammapada-00894,dhammapada,12
dhammapada-00895,dhammapada,16
dhammapada-00896,dhammapada,12
dhammapada-00897,dhammapada,12
dhammapada-00898,dhammapada,12
dhammapada-00899,dhammapada,12
dhammapada-00900,dhammapada,12
dhammapada-00901,dhammapada,12
dhammapada-00902,dhammapada,2
dhammapada-00903,dhammapada,12
dhammapada-00904,dhammapada,16
dhammapada-00905,dhammapada,16
dhammapada-00906,dhammapada,16
dhammapada-00907,dhammapada,16
dhammapada-00908,dhammapada,16
dhammapada-00909,dhammapada,16
dhammapada-00910,dhammapada,16
dhammapada-00911,dhammapada,16
dhammapada-00912,dhammapada,12
dhammapada-00913,dhammapada,12
dhammapada-00914,dhammapada,12
dhammapada-00915,dhammapada,12
dhammapada-00916,dhammapada,12
dhammapada-00917,dhammapada,12
dhammapada-00918,dhammapada,12
dhammapada-00919,dhammapada,12
dhammapada-00920,dhammapada,12
dhammapada-00921,dhammapada,12
dhammapada-00922,dhammapada,12
dhammapada-00923,dhammapada,12
dhammapada-00924,dhammapada,12
dhammapada-00925,dhammapada,7
dhammapada-00926,dhammapada,12
dhammapada-00927,dhammapada,12
dhammapada-00928,dhammapada,12
dhammapada-00929,dhammapada,12
dhammapada-00930,dhammapada,12
dhammapada-00931,dhammapada,12
dhammapada-00932,dhammapada,16
dhammapada-00933,dhammapada,16
dhammapada-00934,dhammapada,16
dhammapada-00935,dhammapada,12
dhammapada-00936,dhammapada,12
dhammapada-00937,dhammapada,12
dhammapada-00938,dhammapada,12
dhammapada-00939,dhammapada,12
dhammapada-00940,dhammapada,12
dhammapada-00941,dhammapada,12
dhammapada-00942,dhammapada,16
dhammapada-00943,dhammapada,9
dhammapada-00944,dhammapada,12
dhammapada-00945,dhammapada,16
dhammapada-00946,dhammapada,16
dhammapada-00947,dhammapada,27
dhammapada-00948,dhammapada,12
dhammapada-00949,dhammapada,12
dhammapada-00950,dhammapada,12
dhammapada-00951,dhammapada,12
dhammapada-00952,dhammapada,12
dhammapada-00953,dhammapada,12
dhammapada-00954,dhammapada,12
dhammapada-00955,dhammapada,12
dhammapada-00956,dhammapada,12
dhammapada-00957,dhammapada,12
dhammapada-00958,dhammapada,12
dhammapada-00959,dhammapada,12
dhammapada-00960,dhammapada,12
dhammapada-00961,dhammapada,12
dhammapada-00962,dhammapada,16
dhammapada-00963,dhammapada,12
dhammapada-00964,dhammapada,9
dhammapada-00965,dhammapada,12
dhammapada-00966,dhammapada,12
dhammapada-00967,dhammapada,12
dhammapada-00968,dhammapada,12
dhammapada-00969,dhammapada,12
dhammapada-00970,dhammapada,10
dhammapada-00971,dhammapada,9
dhammapada-00972,dhammapada,16
dhammapada-00973,dhammapada,16
dhammapada-00974,dhammapada,16
dhammapada-00975,dhammapada,12
dhammapada-00976,dhammapada,16
dhammapada-00977,dhammapada,16
dhammapada-00978,dhammapada,16
dhammapada-00979,dhammapada,16
dhammapada-00980,dhammapada,16
dhammapada-00981,dhammapada,0
dhammapada-00982,dhammapada,16
dhammapada-00983,dhammapada,16
dhammapada-00984,dhammapada,16
dhammapada-00985,dhammapada,16
dhammapada-00986,dhammapada,12
dhammapada-00987,dhammapada,16
dhammapada-00988,dhammapada,16
dhammapada-00989,dhammapada,12
dhammapada-00990,dhammapada,12
dhammapada-00991,dhammapada,16
dhammapada-00992,dhammapada,16
dhammapada-00993,dhammapada,16
dhammapada-00994,dhammapada,16
dhammapada-00995,dhammapada,16
dhammapada-00996,dhammapada,16
dhammapada-00997,dhammapada,16
dhammapada-00998,dhammapada,16
dhammapada-00999,dhammapada,16
dhammapada-01000,dhammapada,16
dhammapada-01001,dhammapada,16
dhammapada-01002,dhammapada,16
dhammapada-01003,dhammapada,16
dhammapada-01004,dhammapada,29
dhammapada-01005,dhammapada,16
dhammapada-01006,dhammapada,16
dhammapada-01007,dhammapada,16
dhammapada-01008,dhammapada,16
dhammapada-01009,dhammapada,16
dhammapada-01010,dhammapada,16
dhammapada-01011,dhammapada,16
dhammapada-01012,dhammapada,16
dhammapada-01013,dhammapada,16
dhammapada-01014,dhammapada,16
dhammapada-01015,dhammapada,16
dhammapada-01016,dhammapada,16
dhammapada-01017,dhammapada,16
dhammapada-01018,dhammapada,16
dhammapada-01019,dhammapada,16
dhammapada-01020,dhammapada,16
dhammapada-01021,dhammapada,16
dhammapada-01022,dhammapada,16
dhammapada-01023,dhammapada,16
dhammapada-01024,dhammapada,16
dhammapada-01025,dhammapada,16
dhammapada-01026,dhammapada,16
dhammapada-01027,dhammapada,16
dhammapada-01028,dhammapada,16
dhammapada-01029,dhammapada,16
dhammapada-01030,dhammapada,16
dhammapada-01031,dhammapada,16
dhammapada-01032,dhammapada,16
dhammapada-01033,dhammapada,16
bhagavad-gita-01034,bhagavad-gita,18
bhagavad-gita-01035,bhagavad-gita,18
bhagavad-gita-01036,bhagavad-gita,18
bhagavad-gita-01037,bhagavad-gita,15
bhagavad-gita-01038,bhagavad-gita,18
bhagavad-gita-01039,bhagavad-gita,18
bhagavad-gita-01040,bhagavad-gita,9
bhagavad-gita-01041,bhagavad-gita,22
bhagavad-gita-01042,bhagavad-gita,22
bhagavad-gita-01043,bhagavad-gita,18
bhagavad-gita-01044,bhagavad-gita,18
bhagavad-gita-01045,bhagavad-gita,3
bhagavad-gita-01046,bhagavad-gita,18
bhagavad-gita-01047,bhagavad-gita,8
bhagavad-gita-01048,bhagavad-gita,18
bhagavad-gita-01049,bhagavad-gita,18
bhagavad-gita-01050,bhagavad-gita,18
bhagavad-gita-01051,bhagavad-gita,25
bhagavad-gita-01052,bhagavad-gita,18
bhagavad-gita-01053,bhagavad-gita,18
bhagavad-gita-01054,bhagavad-gita,18
bhagavad-gita-01055,bhagavad-gita,18
bhagavad-gita-01056,bhagavad-gita,18
bhagavad-gita-01057,bhagavad-gita,2
bhagavad-gita-01058,bhagavad-gita,18
bhagavad-gita-01059,bhagavad-gita,4
bhagavad-gita-01060,bhagavad-gita,25
bhagavad-gita-01061,bhagavad-gita,18
bhagavad-gita-01062,bhagavad-gita,18
bhagavad-gita-01063,bhagavad-gita,18
bhagavad-gita-01064,bhagavad-gita,18
bhagavad-gita-01065,bhagavad-gita,18
bhagavad-gita-01066,bhagavad-gita,4
bhagavad-gita-01067,bhagavad-gita,18
bhagavad-gita-01068,bhagavad-gita,18
bhagavad-gita-01069,bhagavad-gita,5
bhagavad-gita-01070,bhagavad-gita,5
bhagavad-gita-01071,bhagavad-gita,8
bhagavad-gita-01072,bhagavad-gita,5
bhagavad-gita-01073,bhagavad-gita,27
bhagavad-gita-01074,bhagavad-gita,5
bhagavad-gita-01075,bhagavad-gita,5
bhagavad-gita-01076,bhagavad-gita,5
bhagavad-gita-01077,bhagavad-gita,27
bhagavad-gita-01078,bhagavad-gita,4
bhagavad-gita-01079,bhagavad-gita,27
bhagavad-gita-01080,bhagavad-gita,27
bhagavad-gita-01081,bhagavad-gita,5
bhagavad-gita-01082,bhagavad-gita,0
bhagavad-gita-01083,bhagavad-gita,9
bhagavad-gita-01084,bhagavad-gita,5
bhagavad-gita-01085,bhagavad-gita,18
bhagavad-gita-01086,bhagavad-gita,18
bhagavad-gita-01087,bhagavad-gita,27
bhagavad-gita-01088,bhagavad-gita,21
bhagavad-gita-01089,bhagavad-gita,5
bhagavad-gita-01090,bhagavad-gita,5
bhagavad-gita-01091,bhagavad-gita,26
bhagavad-gita-01092,bhagavad-gita,5
bhagavad-gita-01093,bhagavad-gita,5
bhagavad-gita-01094,bhagavad-gita,18
bhagavad-gita-01095,bhagavad-gita,18
bhagavad-gita-01096,bhagavad-gita,18
bhagavad-gita-01097,bhagavad-gita,18
bhagavad-gita-01098,bhagavad-gita,27
bhagavad-gita-01099,bhagavad-gita,27
bhagavad-gita-01100,bhagavad-gita,27
bhagavad-gita-01101,bhagavad-gita,21
bhagavad-gita-01102,bhagavad-gita,13
bhagavad-gita-01103,bhagavad-gita,0
bhagavad-gita-01104,bhagavad-gita,0
bhagavad-gita-01105,bhagavad-gita,28
bhagavad-gita-01106,bhagavad-gita,18
bhagavad-gita-01107,bhagavad-gita,18
bhagavad-gita-01108,bhagavad-gita,18
bhagavad-gita-01109,bhagavad-gita,18
bhagavad-gita-01110,bhagavad-gita,18
bhagavad-gita-01111,bhagavad-gita,18
bhagavad-gita-01112,bhagavad-gita,4
bhagavad-gita-01113,bhagavad-gita,18
bhagavad-gita-01114,bhagavad-gita,0
bhagavad-gita-01115,bhagavad-gita,4
bhagavad-gita-01116,bhagavad-gita,27
bhagavad-gita-01117,bhagavad-gita,27
bhagavad-gita-01118,bhagavad-gita,5
bhagavad-gita-01119,bhagavad-gita,27
bhagavad-gita-01120,bhagavad-gita,27
bhagavad-gita-01121,bhagavad-gita,18
bhagavad-gita-01122,bhagavad-gita,18
bhagavad-gita-01123,bhagavad-gita,13
bhagavad-gita-01124,bhagavad-gita,18
bhagavad-gita-01125,bhagavad-gita,18
bhagavad-gita-01126,bhagavad-gita,18
bhagavad-gita-01127,bhagavad-gita,5
bhagavad-gita-01128,bhagavad-gita,5
bhagavad-gita-01129,bhagavad-gita,5
bhagavad-gita-01130,bhagavad-gita,18
bhagavad-gita-01131,bhagavad-gita,5
bhagavad-gita-01132,bhagavad-gita,5
bhagavad-gita-01133,bhagavad-gita,18
bhagavad-gita-01134,bhagavad-gita,18
bhagavad-gita-01135,bhagavad-gita,5
bhagavad-gita-01136,bhagavad-gita,5
bhagavad-gita-01137,bhagavad-gita,27
bhagavad-gita-01138,bhagavad-gita,18
bhagavad-gita-01139,bhagavad-gita,5
bhagavad-gita-01140,bhagavad-gita,9
bhagavad-gita-01141,bhagavad-gita,5
bhagavad-gita-01142,bhagavad-gita,5
bhagavad-gita-01143,bhagavad-gita,18
bhagavad-gita-01144,bhagavad-gita,18
bhagavad-gita-01145,bhagavad-gita,18
bhagavad-gita-01146,bhagavad-gita,18
bhagavad-gita-01147,bhagavad-gita,18
bhagavad-gita-01148,bhagavad-gita,18
bhagavad-gita-01149,bhagavad-gita,5
bhagavad-gita-01150,bhagavad-gita,18
bhagavad-gita-01151,bhagavad-gita,18
bhagavad-gita-01152,bhagavad-gita,5
bhagavad-gita-01153,bhagavad-gita,20
bhagavad-gita-01154,bhagavad-gita,20
bhagavad-gita-01155,bhagavad-gita,27
bhagavad-gita-01156,bhagavad-gita,18
bhagavad-gita-01157,bhagavad-gita,18
bhagavad-gita-01158,bhagavad-gita,27
bhagavad-gita-01159,bhagavad-gita,18
bhagavad-gita-01160,bhagavad-gita,4
bhagavad-gita-01161,bhagavad-gita,18
bhagavad-gita-01162,bhagavad-gita,18
bhagavad-gita-01163,bhagavad-gita,18
bhagavad-gita-01164,bhagavad-gita,5
bhagavad-gita-01165,bhagavad-gita,27
bhagavad-gita-01166,bhagavad-gita,22
bhagavad-gita-01167,bhagavad-gita,27
bhagavad-gita-01168,bhagavad-gita,5
bhagavad-gita-01169,bhagavad-gita,18
bhagavad-gita-01170,bhagavad-gita,27
bhagavad-gita-01171,bhagavad-gita,5
bhagavad-gita-01172,bhagavad-gita,18
bhagavad-gita-01173,bhagavad-gita,5
bhagavad-gita-01174,bhagavad-gita,8
bhagavad-gita-01175,bhagavad-gita,13
bhagavad-gita-01176,bhagavad-gita,18
bhagavad-gita-01177,bhagavad-gita,18
bhagavad-gita-01178,bhagavad-gita,27
bhagavad-gita-01179,bhagavad-gita,20
bhagavad-gita-01180,bhagavad-gita,20
bhagavad-gita-01181,bhagavad-gita,20
bhagavad-gita-01182,bhagavad-gita,18
bhagavad-gita-01183,bhagavad-gita,20
bhagavad-gita-01184,bhagavad-gita,29
bhagavad-gita-01185,bhagavad-gita,20
bhagavad-gita-01186,bhagavad-gita,5
bhagavad-gita-01187,bhagavad-gita,5
bhagavad-gita-01188,bhagavad-gita,18
bhagavad-gita-01189,bhagavad-gita,27
bhagavad-gita-01190,bhagavad-gita,5
bhagavad-gita-01191,bhagavad-gita,27
bhagavad-gita-01192,bhagavad-gita,5
bhagavad-gita-01193,bhagavad-gita,27
bhagavad-gita-01194,bhagavad-gita,0
bhagavad-gita-01195,bhagavad-gita,9
bhagavad-gita-01196,bhagavad-gita,18
bhagavad-gita-01197,bhagavad-gita,5
bhagavad-gita-01198,bhagavad-gita,18
bhagavad-gita-01199,bhagavad-gita,27
bhagavad-gita-01200,bhagavad-gita,5
bhagavad-gita-01201,bhagavad-gita,18
bhagavad-gita-01202,bhagavad-gita,18
bhagavad-gita-01203,bhagavad-gita,18
bhagavad-gita-01204,bhagavad-gita,18
bhagavad-gita-01205,bhagavad-gita,18
bhagavad-gita-01206,bhagavad-gita,18
bhagavad-gita-01207,bhagavad-gita,27
bhagavad-gita-01208,bhagavad-gita,18
bhagavad-gita-01209,bhagavad-gita,18
bhagavad-gita-01210,bhagavad-gita,18
bhagavad-gita-01211,bhagavad-gita,18
bhagavad-gita-01212,bhagavad-gita,8
bhagavad-gita-01213,bhagavad-gita,18
bhagavad-gita-01214,bhagavad-gita,18
bhagavad-gita-01215,bhagavad-gita,18
bhagavad-gita-01216,bhagavad-gita,18
bhagavad-gita-01217,bhagavad-gita,8
bhagavad-gita-01218,bhagavad-gita,27
bhagavad-gita-01219,bhagavad-gita,5
bhagavad-gita-01220,bhagavad-gita,8
bhagavad-gita-01221,bhagavad-gita,27
bhagavad-gita-01222,bhagavad-gita,27
bhagavad-gita-01223,bhagavad-gita,18
bhagavad-gita-01224,bhagavad-gita,8
bhagavad-gita-01225,bhagavad-gita,8
bhagavad-gita-01226,bhagavad-gita,8
bhagavad-gita-01227,bhagavad-gita,5
bhagavad-gita-01228,bhagavad-gita,27
bhagavad-gita-01229,bhagavad-gita,27
bhagavad-gita-01230,bhagavad-gita,25
bhagavad-gita-01231,bhagavad-gita,26
bhagavad-gita-01232,bhagavad-gita,8
bhagavad-gita-01233,bhagavad-gita,27
bhagavad-gita-01234,bhagavad-gita,18
bhagavad-gita-01235,bhagavad-gita,18
bhagavad-gita-01236,bhagavad-gita,27
bhagavad-gita-01237,bhagavad-gita,18
bhagavad-gita-01238,bhagavad-gita,18
bhagavad-gita-01239,bhagavad-gita,18
bhagavad-gita-01240,bhagavad-gita,27
bhagavad-gita-01241,bhagavad-gita,8
bhagavad-gita-01242,bhagavad-gita,27
bhagavad-gita-01243,bhagavad-gita,27
bhagavad-gita-01244,bhagavad-gita,18
bhagavad-gita-01245,bhagavad-gita,27
bhagavad-gita-01246,bhagavad-gita,27
bhagavad-gita-01247,bhagavad-gita,18
bhagavad-gita-01248,bhagavad-gita,27
bhagavad-gita-01249,bhagavad-gita,27
bhagavad-gita-01250,bhagavad-gita,27
bhagavad-gita-01251,bhagavad-gita,18
bhagavad-gita-01252,bhagavad-gita,18
bhagavad-gita-01253,bhagavad-gita,18
bhagavad-gita-01254,bhagavad-gita,18
bhagavad-gita-01255,bhagavad-gita,18
bhagavad-gita-01256,bhagavad-gita,18
bhagavad-gita-01257,bhagavad-gita,18
bhagavad-gita-01258,bhagavad-gita,18
bhagavad-gita-01259,bhagavad-gita,18
bhagavad-gita-01260,bhagavad-gita,5
bhagavad-gita-01261,bhagavad-gita,27
bhagavad-gita-01262,bhagavad-gita,5
bhagavad-gita-01263,bhagavad-gita,4
bhagavad-gita-01264,bhagavad-gita,9
bhagavad-gita-01265,bhagavad-gita,18
bhagavad-gita-01266,bhagavad-gita,20
bhagavad-gita-01267,bhagavad-gita,9
bhagavad-gita-01268,bhagavad-gita,13
bhagavad-gita-01269,bhagavad-gita,5
bhagavad-gita-01270,bhagavad-gita,13
bhagavad-gita-01271,bhagavad-gita,5
bhagavad-gita-01272,bhagavad-gita,5
bhagavad-gita-01273,bhagavad-gita,5
bhagavad-gita-01274,bhagavad-gita,18
bhagavad-gita-01275,bhagavad-gita,5
bhagavad-gita-01276,bhagavad-gita,18
bhagavad-gita-01277,bhagavad-gita,18
bhagavad-gita-01278,bhagavad-gita,18
bhagavad-gita-01279,bhagavad-gita,5
bhagavad-gita-01280,bhagavad-gita,18
bhagavad-gita-01281,bhagavad-gita,9
bhagavad-gita-01282,bhagavad-gita,5
bhagavad-gita-01283,bhagavad-gita,5
bhagavad-gita-01284,bhagavad-gita,21
bhagavad-gita-01285,bhagavad-gita,5
bhagavad-gita-01286,bhagavad-gita,18
bhagavad-gita-01287,bhagavad-gita,9
bhagavad-gita-01288,bhagavad-gita,9
bhagavad-gita-01289,bhagavad-gita,18
bhagavad-gita-01290,bhagavad-gita,18
bhagavad-gita-01291,bhagavad-gita,18
bhagavad-gita-01292,bhagavad-gita,18
bhagavad-gita-01293,bhagavad-gita,8
bhagavad-gita-01294,bhagavad-gita,5
bhagavad-gita-01295,bhagavad-gita,5
bhagavad-gita-01296,bhagavad-gita,5
bhagavad-gita-01297,bhagavad-gita,8
bhagavad-gita-01298,bhagavad-gita,8
bhagavad-gita-01299,bhagavad-gita,5
bhagavad-gita-01300,bhagavad-gita,5
bhagavad-gita-01301,bhagavad-gita,20
bhagavad-gita-01302,bhagavad-gita,18
bhagavad-gita-01303,bhagavad-gita,27
bhagavad-gita-01304,bhagavad-gita,5
bhagavad-gita-01305,bhagavad-gita,18
bhagavad-gita-01306,bhagavad-gita,18
bhagavad-gita-01307,bhagavad-gita,5
bhagavad-gita-01308,bhagavad-gita,27
bhagavad-gita-01309,bhagavad-gita,27
bhagavad-gita-01310,bhagavad-gita,5
bhagavad-gita-01311,bhagavad-gita,5
bhagavad-gita-01312,bhagavad-gita,2
bhagavad-gita-01313,bhagavad-gita,27
bhagavad-gita-01314,bhagavad-gita,4
bhagavad-gita-01315,bhagavad-gita,4
bhagavad-gita-01316,bhagavad-gita,18
bhagavad-gita-01317,bhagavad-gita,18
bhagavad-gita-01318,bhagavad-gita,18
bhagavad-gita-01319,bhagavad-gita,18
bhagavad-gita-01320,bhagavad-gita,18
bhagavad-gita-01321,bhagavad-gita,27
bhagavad-gita-01322,bhagavad-gita,5
bhagavad-gita-01323,bhagavad-gita,5
bhagavad-gita-01324,bhagavad-gita,18
bhagavad-gita-01325,bhagavad-gita,4
bhagavad-gita-01326,bhagavad-gita,9
bhagavad-gita-01327,bhagavad-gita,9
bhagavad-gita-01328,bhagavad-gita,18
bhagavad-gita-01329,bhagavad-gita,18
bhagavad-gita-01330,bhagavad-gita,18
bhagavad-gita-01331,bhagavad-gita,18
bhagavad-gita-01332,bhagavad-gita,27
bhagavad-gita-01333,bhagavad-gita,29
bhagavad-gita-01334,bhagavad-gita,28
bhagavad-gita-01335,bhagavad-gita,21
bhagavad-gita-01336,bhagavad-gita,29
bhagavad-gita-01337,bhagavad-gita,4
bhagavad-gita-01338,bhagavad-gita,20
bhagavad-gita-01339,bhagavad-gita,20
bhagavad-gita-01340,bhagavad-gita,9
bhagavad-gita-01341,bhagavad-gita,4
bhagavad-gita-01342,bhagavad-gita,13
bhagavad-gita-01343,bhagavad-gita,9
bhagavad-gita-01344,bhagavad-gita,18
bhagavad-gita-01345,bhagavad-gita,18
bhagavad-gita-01346,bhagavad-gita,9
bhagavad-gita-01347,bhagavad-gita,20
bhagavad-gita-01348,bhagavad-gita,18
bhagavad-gita-01349,bhagavad-gita,18
bhagavad-gita-01350,bhagavad-gita,20
bhagavad-gita-01351,bhagavad-gita,21
bhagavad-gita-01352,bhagavad-gita,18
bhagavad-gita-01353,bhagavad-gita,9
bhagavad-gita-01354,bhagavad-gita,27
bhagavad-gita-01355,bhagavad-gita,0
bhagavad-gita-01356,bhagavad-gita,18
bhagavad-gita-01357,bhagavad-gita,27
bhagavad-gita-01358,bhagavad-gita,27
bhagavad-gita-01359,bhagavad-gita,27
bhagavad-gita-01360,bhagavad-gita,18
bhagavad-gita-01361,bhagavad-gita,18
bhagavad-gita-01362,bhagavad-gita,18
bhagavad-gita-01363,bhagavad-gita,18
bhagavad-gita-01364,bhagavad-gita,18
bhagavad-gita-01365,bhagavad-gita,18
art-of-war-01366,art-of-war,14
art-of-war-01367,art-of-war,15
art-of-war-01368,art-of-war,22
art-of-war-01369,art-of-war,22
art-of-war-01370,art-of-war,14
art-of-war-01371,art-of-war,14
art-of-war-01372,art-of-war,25
art-of-war-01373,art-of-war,24
art-of-war-01374,art-of-war,14
art-of-war-01375,art-of-war,14
art-of-war-01376,art-of-war,25
art-of-war-01377,art-of-war,25
art-of-war-01378,art-of-war,25
art-of-war-01379,art-of-war,6
art-of-war-01380,art-of-war,25
art-of-war-01381,art-of-war,25
art-of-war-01382,art-of-war,14
art-of-war-01383,art-of-war,14
art-of-war-01384,art-of-war,14
art-of-war-01385,art-of-war,14
art-of-war-01386,art-of-war,14
art-of-war-01387,art-of-war,14
art-of-war-01388,art-of-war,25
art-of-war-01389,art-of-war,14
art-of-war-01390,art-of-war,14
art-of-war-01391,art-of-war,14
art-of-war-01392,art-of-war,14
art-of-war-01393,art-of-war,14
art-of-war-01394,art-of-war,14
art-of-war-01395,art-of-war,14
art-of-war-01396,art-of-war,25
art-of-war-01397,art-of-war,25
art-of-war-01398,art-of-war,14
art-of-war-01399,art-of-war,14
art-of-war-01400,art-of-war,14
art-of-war-01401,art-of-war,14
art-of-war-01402,art-of-war,14
art-of-war-01403,art-of-war,14
art-of-war-01404,art-of-war,14
art-of-war-01405,art-of-war,14
art-of-war-01406,art-of-war,14
art-of-war-01407,art-of-war,14
art-of-war-01408,art-of-war,14
art-of-war-01409,art-of-war,14
art-of-war-01410,art-of-war,14
art-of-war-01411,art-of-war,14
art-of-war-01412,art-of-war,14
art-of-war-01413,art-of-war,15
art-of-war-01414,art-of-war,14
art-of-war-01415,art-of-war,14
art-of-war-01416,art-of-war,14
art-of-war-01417,art-of-war,25
art-of-war-01418,art-of-war,14
art-of-war-01419,art-of-war,14
art-of-war-01420,art-of-war,14
art-of-war-01421,art-of-war,14
art-of-war-01422,art-of-war,14
art-of-war-01423,art-of-war,14
art-of-war-01424,art-of-war,14
art-of-war-01425,art-of-war,14
art-of-war-01426,art-of-war,14
art-of-war-01427,art-of-war,14
art-of-war-01428,art-of-war,14
art-of-war-01429,art-of-war,14
art-of-war-01430,art-of-war,14
art-of-war-01431,art-of-war,14
art-of-war-01432,art-of-war,14
art-of-war-01433,art-of-war,14
art-of-war-01434,art-of-war,14
art-of-war-01435,art-of-war,14
art-of-war-01436,art-of-war,14
art-of-war-01437,art-of-war,25
art-of-war-01438,art-of-war,24
art-of-war-01439,art-of-war,14
art-of-war-01440,art-of-war,9
art-of-war-01441,art-of-war,14
art-of-war-01442,art-of-war,14
art-of-war-01443,art-of-war,9
art-of-war-01444,art-of-war,14
art-of-war-01445,art-of-war,6
art-of-war-01446,art-of-war,14
art-of-war-01447,art-of-war,25
art-of-war-01448,art-of-war,14
art-of-war-01449,art-of-war,14
art-of-war-01450,art-of-war,14
art-of-war-01451,art-of-war,25
art-of-war-01452,art-of-war,2
art-of-war-01453,art-of-war,25
art-of-war-01454,art-of-war,25
art-of-war-01455,art-of-war,25
art-of-war-01456,art-of-war,6
art-of-war-01457,art-of-war,25
art-of-war-01458,art-of-war,6
art-of-war-01459,art-of-war,14
art-of-war-01460,art-of-war,25
art-of-war-01461,art-of-war,6
art-of-war-01462,art-of-war,14
art-of-war-01463,art-of-war,6
art-of-war-01464,art-of-war,25
art-of-war-01465,art-of-war,14
art-of-war-01466,art-of-war,25
art-of-war-01467,art-of-war,14
art-of-war-01468,art-of-war,14
art-of-war-01469,art-of-war,14
art-of-war-01470,art-of-war,14
art-of-war-01471,art-of-war,14
art-of-war-01472,art-of-war,14
art-of-war-01473,art-of-war,14
art-of-war-01474,art-of-war,14
art-of-war-01475,art-of-war,14
art-of-war-01476,art-of-war,14
art-of-war-01477,art-of-war,14
art-of-war-01478,art-of-war,14
art-of-war-01479,art-of-war,22
art-of-war-01480,art-of-war,14
art-of-war-01481,art-of-war,22
art-of-war-01482,art-of-war,14
art-of-war-01483,art-of-war,14
art-of-war-01484,art-of-war,10
art-of-war-01485,art-of-war,14
art-of-war-01486,art-of-war,14
art-of-war-01487,art-of-war,14
art-of-war-01488,art-of-war,6
art-of-war-01489,art-of-war,14
art-of-war-01490,art-of-war,14
art-of-war-01491,art-of-war,7
art-of-war-01492,art-of-war,0
art-of-war-01493,art-of-war,14
art-of-war-01494,art-of-war,7
art-of-war-01495,art-of-war,7
art-of-war-01496,art-of-war,7
art-of-war-01497,art-of-war,14
art-of-war-01498,art-of-war,22
art-of-war-01499,art-of-war,14
art-of-war-01500,art-of-war,7
art-of-war-01501,art-of-war,7
art-of-war-01502,art-of-war,14
art-of-war-01503,art-of-war,14
art-of-war-01504,art-of-war,14
art-of-war-01505,art-of-war,14
art-of-war-01506,art-of-war,12
art-of-war-01507,art-of-war,12
art-of-war-01508,art-of-war,22
art-of-war-01509,art-of-war,16
art-of-war-01510,art-of-war,14
art-of-war-01511,art-of-war,12
art-of-war-01512,art-of-war,16
art-of-war-01513,art-of-war,14
art-of-war-01514,art-of-war,12
art-of-war-01515,art-of-war,12
art-of-war-01516,art-of-war,7
art-of-war-01517,art-of-war,14
art-of-war-01518,art-of-war,12
art-of-war-01519,art-of-war,14
art-of-war-01520,art-of-war,14
art-of-war-01521,art-of-war,20
art-of-war-01522,art-of-war,10
art-of-war-01523,art-of-war,12
art-of-war-01524,art-of-war,8
art-of-war-01525,art-of-war,10
art-of-war-01526,art-of-war,10
art-of-war-01527,art-of-war,10
art-of-war-01528,art-of-war,10
art-of-war-01529,art-of-war,10
art-of-war-01530,art-of-war,7
art-of-war-01531,art-of-war,10
art-of-war-01532,art-of-war,7
art-of-war-01533,art-of-war,7
art-of-war-01534,art-of-war,10
art-of-war-01535,art-of-war,7
art-of-war-01536,art-of-war,7
art-of-war-01537,art-of-war,7
art-of-war-01538,art-of-war,7
art-of-war-01539,art-of-war,7
art-of-war-01540,art-of-war,7
art-of-war-01541,art-of-war,7
art-of-war-01542,art-of-war,10
art-of-war-01543,art-of-war,14
art-of-war-01544,art-of-war,2
art-of-war-01545,art-of-war,17
art-of-war-01546,art-of-war,10
art-of-war-01547,art-of-war,10
art-of-war-01548,art-of-war,10
art-of-war-01549,art-of-war,10
art-of-war-01550,art-of-war,10
art-of-war-01551,art-of-war,10
art-of-war-01552,art-of-war,10
art-of-war-01553,art-of-war,10
art-of-war-01554,art-of-war,23
art-of-war-01555,art-of-war,10
art-of-war-01556,art-of-war,12
art-of-war-01557,art-of-war,29
art-of-war-01558,art-of-war,17
art-of-war-01559,art-of-war,7
art-of-war-01560,art-of-war,7
art-of-war-01561,art-of-war,10
art-of-war-01562,art-of-war,7
art-of-war-01563,art-of-war,7
art-of-war-01564,art-of-war,7
art-of-war-01565,art-of-war,25
art-of-war-01566,art-of-war,10
art-of-war-01567,art-of-war,10
art-of-war-01568,art-of-war,10
art-of-war-01569,art-of-war,10
art-of-war-01570,art-of-war,2
art-of-war-01571,art-of-war,10
art-of-war-01572,art-of-war,29
art-of-war-01573,art-of-war,29
art-of-war-01574,art-of-war,10
art-of-war-01575,art-of-war,25
art-of-war-01576,art-of-war,10
art-of-war-01577,art-of-war,10
art-of-war-01578,art-of-war,25
art-of-war-01579,art-of-war,10
art-of-war-01580,art-of-war,10
art-of-war-01581,art-of-war,10
art-of-war-01582,art-of-war,10
art-of-war-01583,art-of-war,2
art-of-war-01584,art-of-war,10
art-of-war-01585,art-of-war,10
art-of-war-01586,art-of-war,10
art-of-war-01587,art-of-war,25
art-of-war-01588,art-of-war,7
art-of-war-01589,art-of-war,10
art-of-war-01590,art-of-war,7
art-of-war-01591,art-of-war,25
art-of-war-01592,art-of-war,14
art-of-war-01593,art-of-war,10
art-of-war-01594,art-of-war,10
art-of-war-01595,art-of-war,10
art-of-war-01596,art-of-war,10
art-of-war-01597,art-of-war,10
art-of-war-01598,art-of-war,10
art-of-war-01599,art-of-war,10
art-of-war-01600,art-of-war,8
art-of-war-01601,art-of-war,2
art-of-war-01602,art-of-war,10
art-of-war-01603,art-of-war,10
art-of-war-01604,art-of-war,24
art-of-war-01605,art-of-war,10
art-of-war-01606,art-of-war,8
art-of-war-01607,art-of-war,10
art-of-war-01608,art-of-war,7
art-of-war-01609,art-of-war,7
art-of-war-01610,art-of-war,25
art-of-war-01611,art-of-war,7
art-of-war-01612,art-of-war,7
art-of-war-01613,art-of-war,7
art-of-war-01614,art-of-war,10
art-of-war-01615,art-of-war,10
art-of-war-01616,art-of-war,7
art-of-war-01617,art-of-war,7
art-of-war-01618,art-of-war,14
art-of-war-01619,art-of-war,25
art-of-war-01620,art-of-war,10
art-of-war-01621,art-of-war,10
art-of-war-01622,art-of-war,10
art-of-war-01623,art-of-war,10
art-of-war-01624,art-of-war,10
art-of-war-01625,art-of-war,10
art-of-war-01626,art-of-war,12
art-of-war-01627,art-of-war,10
art-of-war-01628,art-of-war,10
art-of-war-01629,art-of-war,7
art-of-war-01630,art-of-war,7
art-of-war-01631,art-of-war,7
art-of-war-01632,art-of-war,10
art-of-war-01633,art-of-war,10
art-of-war-01634,art-of-war,28
art-of-war-01635,art-of-war,8
art-of-war-01636,art-of-war,28
art-of-war-01637,art-of-war,25
art-of-war-01638,art-of-war,7
art-of-war-01639,art-of-war,25
art-of-war-01640,art-of-war,7
art-of-war-01641,art-of-war,7
art-of-war-01642,art-of-war,21
art-of-war-01643,art-of-war,10
art-of-war-01644,art-of-war,7
art-of-war-01645,art-of-war,14
art-of-war-01646,art-of-war,10
art-of-war-01647,art-of-war,10
art-of-war-01648,art-of-war,10
art-of-war-01649,art-of-war,21
art-of-war-01650,art-of-war,10
art-of-war-01651,art-of-war,10
art-of-war-01652,art-of-war,10
art-of-war-01653,art-of-war,10
art-of-war-01654,art-of-war,10
art-of-war-01655,art-of-war,5
art-of-war-01656,art-of-war,25
art-of-war-01657,art-of-war,10
art-of-war-01658,art-of-war,10
art-of-war-01659,art-of-war,7
art-of-war-01660,art-of-war,10
art-of-war-01661,art-of-war,10
art-of-war-01662,art-of-war,7
art-of-war-01663,art-of-war,7
art-of-war-01664,art-of-war,10
art-of-war-01665,art-of-war,10
art-of-war-01666,art-of-war,10
art-of-war-01667,art-of-war,7
art-of-war-01668,art-of-war,7
art-of-war-01669,art-of-war,7
art-of-war-01670,art-of-war,7
art-of-war-01671,art-of-war,7
art-of-war-01672,art-of-war,24
art-of-war-01673,art-of-war,7
art-of-war-01674,art-of-war,7
art-of-war-01675,art-of-war,28
art-of-war-01676,art-of-war,7
art-of-war-01677,art-of-war,7
art-of-war-01678,art-of-war,7
art-of-war-01679,art-of-war,7
art-of-war-01680,art-of-war,7
art-of-war-01681,art-of-war,10
art-of-war-01682,art-of-war,7
art-of-war-01683,art-of-war,7
art-of-war-01684,art-of-war,10
art-of-war-01685,art-of-war,8
art-of-war-01686,art-of-war,8
art-of-war-01687,art-of-war,14
art-of-war-01688,art-of-war,10
art-of-war-01689,art-of-war,10
art-of-war-01690,art-of-war,25
art-of-war-01691,art-of-war,10
art-of-war-01692,art-of-war,10
art-of-war-01693,art-of-war,10
art-of-war-01694,art-of-war,10
art-of-war-01695,art-of-war,10
art-of-war-01696,art-of-war,7
art-of-war-01697,art-of-war,10
art-of-war-01698,art-of-war,10
art-of-war-01699,art-of-war,10
art-of-war-01700,art-of-war,7
art-of-war-01701,art-of-war,7
art-of-war-01702,art-of-war,7
art-of-war-01703,art-of-war,7
art-of-war-01704,art-of-war,28
art-of-war-01705,art-of-war,7
art-of-war-01706,art-of-war,7
art-of-war-01707,art-of-war,7
art-of-war-01708,art-of-war,7
art-of-war-01709,art-of-war,7
art-of-war-01710,art-of-war,25
art-of-war-01711,art-of-war,7
art-of-war-01712,art-of-war,7
art-of-war-01713,art-of-war,2
art-of-war-01714,art-of-war,7
art-of-war-01715,art-of-war,7
art-of-war-01716,art-of-war,25
art-of-war-01717,art-of-war,7
art-of-war-01718,art-of-war,7
art-of-war-01719,art-of-war,25
art-of-war-01720,art-of-war,7
art-of-war-01721,art-of-war,8
art-of-war-01722,art-of-war,7
art-of-war-01723,art-of-war,7
art-of-war-01724,art-of-war,10
art-of-war-01725,art-of-war,7
art-of-war-01726,art-of-war,7
art-of-war-01727,art-of-war,7
art-of-war-01728,art-of-war,7
art-of-war-01729,art-of-war,25
art-of-war-01730,art-of-war,7
art-of-war-01731,art-of-war,25
art-of-war-01732,art-of-war,10
art-of-war-01733,art-of-war,25
art-of-war-01734,art-of-war,10
art-of-war-01735,art-of-war,10
art-of-war-01736,art-of-war,10
art-of-war-01737,art-of-war,10
art-of-war-01738,art-of-war,10
art-of-war-01739,art-of-war,10
art-of-war-01740,art-of-war,10
art-of-war-01741,art-of-war,10
art-of-war-01742,art-of-war,10
art-of-war-01743,art-of-war,28
art-of-war-01744,art-of-war,10
art-of-war-01745,art-of-war,25
art-of-war-01746,art-of-war,25
art-of-war-01747,art-of-war,7
art-of-war-01748,art-of-war,10
art-of-war-01749,art-of-war,25
art-of-war-01750,art-of-war,25
art-of-war-01751,art-of-war,10
art-of-war-01752,art-of-war,10
art-of-war-01753,art-of-war,25
art-of-war-01754,art-of-war,25
art-of-war-01755,art-of-war,10
art-of-war-01756,art-of-war,10
art-of-war-01757,art-of-war,25
art-of-war-01758,art-of-war,26
art-of-war-01759,art-of-war,10
art-of-war-01760,art-of-war,10
art-of-war-01761,art-of-war,25
art-of-war-01762,art-of-war,10
art-of-war-01763,art-of-war,14
art-of-war-01764,art-of-war,10
art-of-war-01765,art-of-war,25
art-of-war-01766,art-of-war,10
art-of-war-01767,art-of-war,26
art-of-war-01768,art-of-war,26
art-of-war-01769,art-of-war,26
art-of-war-01770,art-of-war,10
art-of-war-01771,art-of-war,7
art-of-war-01772,art-of-war,26
art-of-war-01773,art-of-war,7
art-of-war-01774,art-of-war,7
art-of-war-01775,art-of-war,7
art-of-war-01776,art-of-war,7
art-of-war-01777,art-of-war,1
art-of-war-01778,art-of-war,7
art-of-war-01779,art-of-war,1
art-of-war-01780,art-of-war,10
art-of-war-01781,art-of-war,1
art-of-war-01782,art-of-war,7
art-of-war-01783,art-of-war,25
art-of-war-01784,art-of-war,7
art-of-war-01785,art-of-war,7
art-of-war-01786,art-of-war,25
art-of-war-01787,art-of-war,7
art-of-war-01788,art-of-war,7
art-of-war-01789,art-of-war,7
art-of-war-01790,art-of-war,7
art-of-war-01791,art-of-war,7
art-of-war-01792,art-of-war,10
art-of-war-01793,art-of-war,7
art-of-war-01794,art-of-war,25
art-of-war-01795,art-of-war,25
art-of-war-01796,art-of-war,7
art-of-war-01797,art-of-war,7
art-of-war-01798,art-of-war,2
art-of-war-01799,art-of-war,7
art-of-war-01800,art-of-war,7
art-of-war-01801,art-of-war,7
art-of-war-01802,art-of-war,7
art-of-war-01803,art-of-war,25
art-of-war-01804,art-of-war,7
art-of-war-01805,art-of-war,10
art-of-war-01806,art-of-war,7
art-of-war-01807,art-of-war,7
art-of-war-01808,art-of-war,7
art-of-war-01809,art-of-war,10
art-of-war-01810,art-of-war,10
art-of-war-01811,art-of-war,28
art-of-war-01812,art-of-war,10
art-of-war-01813,art-of-war,10
art-of-war-01814,art-of-war,10
art-of-war-01815,art-of-war,10
art-of-war-01816,art-of-war,25
art-of-war-01817,art-of-war,10
art-of-war-01818,art-of-war,10
art-of-war-01819,art-of-war,10
art-of-war-01820,art-of-war,7
art-of-war-01821,art-of-war,10
art-of-war-01822,art-of-war,10
art-of-war-01823,art-of-war,11
art-of-war-01824,art-of-war,10
art-of-war-01825,art-of-war,7
art-of-war-01826,art-of-war,25
art-of-war-01827,art-of-war,7
art-of-war-01828,art-of-war,7
art-of-war-01829,art-of-war,25
art-of-war-01830,art-of-war,25
art-of-war-01831,art-of-war,10
art-of-war-01832,art-of-war,10
art-of-war-01833,art-of-war,7
art-of-war-01834,art-of-war,10
art-of-war-01835,art-of-war,7
art-of-war-01836,art-of-war,10
art-of-war-01837,art-of-war,7
art-of-war-01838,art-of-war,2
art-of-war-01839,art-of-war,7
art-of-war-01840,art-of-war,2
art-of-war-01841,art-of-war,7
art-of-war-01842,art-of-war,7
art-of-war-01843,art-of-war,7
art-of-war-01844,art-of-war,7
art-of-war-01845,art-of-war,7
art-of-war-01846,art-of-war,10
art-of-war-01847,art-of-war,10
art-of-war-01848,art-of-war,10
art-of-war-01849,art-of-war,10
art-of-war-01850,art-of-war,10
art-of-war-01851,art-of-war,25
art-of-war-01852,art-of-war,10
art-of-war-01853,art-of-war,26
art-of-war-01854,art-of-war,10
art-of-war-01855,art-of-war,10
art-of-war-01856,art-of-war,10
art-of-war-01857,art-of-war,10
art-of-war-01858,art-of-war,10
art-of-war-01859,art-of-war,25
art-of-war-01860,art-of-war,7
art-of-war-01861,art-of-war,25
art-of-war-01862,art-of-war,7
art-of-war-01863,art-of-war,7
art-of-war-01864,art-of-war,7
art-of-war-01865,art-of-war,10
art-of-war-01866,art-of-war,10
art-of-war-01867,art-of-war,7
art-of-war-01868,art-of-war,7
art-of-war-01869,art-of-war,28
art-of-war-01870,art-of-war,25
art-of-war-01871,art-of-war,25
art-of-war-01872,art-of-war,25
art-of-war-01873,art-of-war,7
art-of-war-01874,art-of-war,25
art-of-war-01875,art-of-war,7
art-of-war-01876,art-of-war,7
art-of-war-01877,art-of-war,2
art-of-war-01878,art-of-war,12
art-of-war-01879,art-of-war,7
art-of-war-01880,art-of-war,7
art-of-war-01881,art-of-war,8
art-of-war-01882,art-of-war,25
art-of-war-01883,art-of-war,25
art-of-war-01884,art-of-war,14
art-of-war-01885,art-of-war,8
art-of-war-01886,art-of-war,10
art-of-war-01887,art-of-war,7
art-of-war-01888,art-of-war,14
art-of-war-01889,art-of-war,25
art-of-war-01890,art-of-war,7
art-of-war-01891,art-of-war,7
art-of-war-01892,art-of-war,10
art-of-war-01893,art-of-war,7
art-of-war-01894,art-of-war,7
art-of-war-01895,art-of-war,7
art-of-war-01896,art-of-war,25
art-of-war-01897,art-of-war,25
art-of-war-01898,art-of-war,25
art-of-war-01899,art-of-war,25
art-of-war-01900,art-of-war,25
art-of-war-01901,art-of-war,7
art-of-war-01902,art-of-war,25
art-of-war-01903,art-of-war,7
art-of-war-01904,art-of-war,12
art-of-war-01905,art-of-war,7
art-of-war-01906,art-of-war,10
art-of-war-01907,art-of-war,10
art-of-war-01908,art-of-war,10
art-of-war-01909,art-of-war,7
art-of-war-01910,art-of-war,10
art-of-war-01911,art-of-war,7
art-of-war-01912,art-of-war,10
art-of-war-01913,art-of-war,7
art-of-war-01914,art-of-war,25
art-of-war-01915,art-of-war,7
art-of-war-01916,art-of-war,10
art-of-war-01917,art-of-war,7
art-of-war-01918,art-of-war,28
art-of-war-01919,art-of-war,10
art-of-war-01920,art-of-war,25
art-of-war-01921,art-of-war,7
art-of-war-01922,art-of-war,25
art-of-war-01923,art-of-war,7
art-of-war-01924,art-of-war,25
art-of-war-01925,art-of-war,7
art-of-war-01926,art-of-war,25
art-of-war-01927,art-of-war,25
art-of-war-01928,art-of-war,7
art-of-war-01929,art-of-war,28
art-of-war-01930,art-of-war,7
art-of-war-01931,art-of-war,25
art-of-war-01932,art-of-war,25
art-of-war-01933,art-of-war,25
art-of-war-01934,art-of-war,25
art-of-war-01935,art-of-war,14
art-of-war-01936,art-of-war,25
art-of-war-01937,art-of-war,25
art-of-war-01938,art-of-war,7
art-of-war-01939,art-of-war,7
art-of-war-01940,art-of-war,7
art-of-war-01941,art-of-war,7
art-of-war-01942,art-of-war,7
art-of-war-01943,art-of-war,7
art-of-war-01944,art-of-war,12
art-of-war-01945,art-of-war,25
art-of-war-01946,art-of-war,25
art-of-war-01947,art-of-war,7
art-of-war-01948,art-of-war,10
art-of-war-01949,art-of-war,25
art-of-war-01950,art-of-war,10
art-of-war-01951,art-of-war,10
art-of-war-01952,art-of-war,29
art-of-war-01953,art-of-war,10
art-of-war-01954,art-of-war,8
art-of-war-01955,art-of-war,8
art-of-war-01956,art-of-war,10
art-of-war-01957,art-of-war,7
art-of-war-01958,art-of-war,10
art-of-war-01959,art-of-war,10
art-of-war-01960,art-of-war,10
art-of-war-01961,art-of-war,7
art-of-war-01962,art-of-war,7
art-of-war-01963,art-of-war,7
art-of-war-01964,art-of-war,7
art-of-war-01965,art-of-war,7
art-of-war-01966,art-of-war,12
art-of-war-01967,art-of-war,12
art-of-war-01968,art-of-war,5
art-of-war-01969,art-of-war,7
art-of-war-01970,art-of-war,14
art-of-war-01971,art-of-war,2
art-of-war-01972,art-of-war,2
art-of-war-01973,art-of-war,25
art-of-war-01974,art-of-war,25
art-of-war-01975,art-of-war,10
art-of-war-01976,art-of-war,10
art-of-war-01977,art-of-war,5
art-of-war-01978,art-of-war,10
art-of-war-01979,art-of-war,7
art-of-war-01980,art-of-war,10
art-of-war-01981,art-of-war,10
art-of-war-01982,art-of-war,10
art-of-war-01983,art-of-war,7
art-of-war-01984,art-of-war,7
art-of-war-01985,art-of-war,7
art-of-war-01986,art-of-war,17
art-of-war-01987,art-of-war,7
art-of-war-01988,art-of-war,7
art-of-war-01989,art-of-war,7
art-of-war-01990,art-of-war,7
art-of-war-01991,art-of-war,7
art-of-war-01992,art-of-war,7
art-of-war-01993,art-of-war,25
art-of-war-01994,art-of-war,7
art-of-war-01995,art-of-war,7
art-of-war-01996,art-of-war,7
art-of-war-01997,art-of-war,7
art-of-war-01998,art-of-war,7
art-of-war-01999,art-of-war,2
art-of-war-02000,art-of-war,14
art-of-war-02001,art-of-war,7
art-of-war-02002,art-of-war,25
proverbs-02003,proverbs,13
proverbs-02004,proverbs,13
proverbs-02005,proverbs,13
proverbs-02006,proverbs,27
proverbs-02007,proverbs,0
proverbs-02008,proverbs,27
proverbs-02009,proverbs,1
proverbs-02010,proverbs,2
proverbs-02011,proverbs,23
proverbs-02012,proverbs,27
proverbs-02013,proverbs,4
proverbs-02014,proverbs,27
proverbs-02015,proverbs,27
proverbs-02016,proverbs,4
proverbs-02017,proverbs,27
proverbs-02018,proverbs,27
proverbs-02019,proverbs,13
proverbs-02020,proverbs,13
proverbs-02021,proverbs,4
proverbs-02022,proverbs,0
proverbs-02023,proverbs,27
proverbs-02024,proverbs,27
proverbs-02025,proverbs,27
proverbs-02026,proverbs,27
proverbs-02027,proverbs,27
proverbs-02028,proverbs,4
proverbs-02029,proverbs,27
proverbs-02030,proverbs,27
proverbs-02031,proverbs,13
proverbs-02032,proverbs,27
proverbs-02033,proverbs,4
proverbs-02034,proverbs,27
proverbs-02035,proverbs,27
proverbs-02036,proverbs,27
proverbs-02037,proverbs,13
proverbs-02038,proverbs,17
proverbs-02039,proverbs,9
proverbs-02040,proverbs,8
proverbs-02041,proverbs,9
proverbs-02042,proverbs,9
proverbs-02043,proverbs,13
proverbs-02044,proverbs,8
proverbs-02045,proverbs,27
proverbs-02046,proverbs,27
proverbs-02047,proverbs,27
proverbs-02048,proverbs,4
proverbs-02049,proverbs,27
proverbs-02050,proverbs,2
proverbs-02051,proverbs,27
proverbs-02052,proverbs,4
proverbs-02053,proverbs,0
proverbs-02054,proverbs,4
proverbs-02055,proverbs,4
proverbs-02056,proverbs,4
proverbs-02057,proverbs,4
proverbs-02058,proverbs,13
proverbs-02059,proverbs,11
proverbs-02060,proverbs,2
proverbs-02061,proverbs,9
proverbs-02062,proverbs,27
proverbs-02063,proverbs,28
proverbs-02064,proverbs,27
proverbs-02065,proverbs,13
proverbs-02066,proverbs,27
proverbs-02067,proverbs,27
proverbs-02068,proverbs,27
proverbs-02069,proverbs,13
proverbs-02070,proverbs,0
proverbs-02071,proverbs,27
proverbs-02072,proverbs,4
proverbs-02073,proverbs,28
proverbs-02074,proverbs,1
proverbs-02075,proverbs,4
proverbs-02076,proverbs,8
proverbs-02077,proverbs,4
proverbs-02078,proverbs,27
proverbs-02079,proverbs,27
proverbs-02080,proverbs,5
proverbs-02081,proverbs,28
proverbs-02082,proverbs,27
proverbs-02083,proverbs,27
proverbs-02084,proverbs,27
proverbs-02085,proverbs,4
proverbs-02086,proverbs,13
proverbs-02087,proverbs,9
proverbs-02088,proverbs,27
proverbs-02089,proverbs,0
proverbs-02090,proverbs,27
proverbs-02091,proverbs,27
proverbs-02092,proverbs,26
proverbs-02093,proverbs,8
proverbs-02094,proverbs,27
proverbs-02095,proverbs,27
proverbs-02096,proverbs,27
proverbs-02097,proverbs,27
proverbs-02098,proverbs,4
proverbs-02099,proverbs,4
proverbs-02100,proverbs,27
proverbs-02101,proverbs,27
proverbs-02102,proverbs,8
proverbs-02103,proverbs,27
proverbs-02104,proverbs,27
proverbs-02105,proverbs,27
proverbs-02106,proverbs,4
proverbs-02107,proverbs,27
proverbs-02108,proverbs,4
proverbs-02109,proverbs,4
proverbs-02110,proverbs,27
proverbs-02111,proverbs,27
proverbs-02112,proverbs,0
proverbs-02113,proverbs,9
proverbs-02114,proverbs,21
proverbs-02115,proverbs,4
proverbs-02116,proverbs,21
proverbs-02117,proverbs,4
proverbs-02118,proverbs,4
proverbs-02119,proverbs,4
proverbs-02120,proverbs,4
proverbs-02121,proverbs,27
proverbs-02122,proverbs,0
proverbs-02123,proverbs,27
proverbs-02124,proverbs,27
proverbs-02125,proverbs,24
proverbs-02126,proverbs,27
proverbs-02127,proverbs,27
proverbs-02128,proverbs,29
proverbs-02129,proverbs,29
proverbs-02130,proverbs,9
proverbs-02131,proverbs,24
proverbs-02132,proverbs,24
proverbs-02133,proverbs,27
proverbs-02134,proverbs,27
proverbs-02135,proverbs,9
proverbs-02136,proverbs,25
proverbs-02137,proverbs,27
proverbs-02138,proverbs,27
proverbs-02139,proverbs,27
proverbs-02140,proverbs,27
proverbs-02141,proverbs,13
proverbs-02142,proverbs,27
proverbs-02143,proverbs,4
proverbs-02144,proverbs,4
proverbs-02145,proverbs,13
proverbs-02146,proverbs,28
proverbs-02147,proverbs,13
proverbs-02148,proverbs,13
proverbs-02149,proverbs,4
proverbs-02150,proverbs,28
proverbs-02151,proverbs,2
proverbs-02152,proverbs,2
proverbs-02153,proverbs,27
proverbs-02154,proverbs,23
proverbs-02155,proverbs,23
proverbs-02156,proverbs,4
proverbs-02157,proverbs,27
proverbs-02158,proverbs,8
proverbs-02159,proverbs,26
proverbs-02160,proverbs,8
proverbs-02161,proverbs,27
proverbs-02162,proverbs,27
proverbs-02163,proverbs,28
proverbs-02164,proverbs,27
proverbs-02165,proverbs,27
proverbs-02166,proverbs,4
proverbs-02167,proverbs,27
proverbs-02168,proverbs,27
proverbs-02169,proverbs,13
proverbs-02170,proverbs,4
proverbs-02171,proverbs,4
proverbs-02172,proverbs,13
proverbs-02173,proverbs,13
proverbs-02174,proverbs,27
proverbs-02175,proverbs,0
proverbs-02176,proverbs,13
proverbs-02177,proverbs,27
proverbs-02178,proverbs,27
proverbs-02179,proverbs,13
proverbs-02180,proverbs,4
proverbs-02181,proverbs,4
proverbs-02182,proverbs,23
proverbs-02183,proverbs,27
proverbs-02184,proverbs,4
proverbs-02185,proverbs,4
proverbs-02186,proverbs,13
proverbs-02187,proverbs,4
proverbs-02188,proverbs,4
proverbs-02189,proverbs,4
proverbs-02190,proverbs,4
proverbs-02191,proverbs,13
proverbs-02192,proverbs,13
proverbs-02193,proverbs,23
proverbs-02194,proverbs,4
proverbs-02195,proverbs,4
proverbs-02196,proverbs,13
proverbs-02197,proverbs,4
proverbs-02198,proverbs,9
proverbs-02199,proverbs,13
proverbs-02200,proverbs,27
proverbs-02201,proverbs,13
proverbs-02202,proverbs,4
proverbs-02203,proverbs,4
proverbs-02204,proverbs,4
proverbs-02205,proverbs,4
proverbs-02206,proverbs,4
proverbs-02207,proverbs,4
proverbs-02208,proverbs,4
proverbs-02209,proverbs,13
proverbs-02210,proverbs,4
proverbs-02211,proverbs,4
proverbs-02212,proverbs,13
proverbs-02213,proverbs,4
proverbs-02214,proverbs,23
proverbs-02215,proverbs,4
proverbs-02216,proverbs,4
proverbs-02217,proverbs,4
proverbs-02218,proverbs,4
proverbs-02219,proverbs,13
proverbs-02220,proverbs,4
proverbs-02221,proverbs,2
proverbs-02222,proverbs,13
proverbs-02223,proverbs,13
proverbs-02224,proverbs,2
proverbs-02225,proverbs,13
proverbs-02226,proverbs,17
proverbs-02227,proverbs,4
proverbs-02228,proverbs,4
proverbs-02229,proverbs,4
proverbs-02230,proverbs,27
proverbs-02231,proverbs,4
proverbs-02232,proverbs,9
proverbs-02233,proverbs,4
proverbs-02234,proverbs,23
proverbs-02235,proverbs,27
proverbs-02236,proverbs,4
proverbs-02237,proverbs,4
proverbs-02238,proverbs,4
proverbs-02239,proverbs,13
proverbs-02240,proverbs,13
proverbs-02241,proverbs,4
proverbs-02242,proverbs,11
proverbs-02243,proverbs,4
proverbs-02244,proverbs,4
proverbs-02245,proverbs,9
proverbs-02246,proverbs,4
proverbs-02247,proverbs,4
proverbs-02248,proverbs,4
proverbs-02249,proverbs,21
proverbs-02250,proverbs,4
proverbs-02251,proverbs,4
proverbs-02252,proverbs,27
proverbs-02253,proverbs,4
proverbs-02254,proverbs,4
proverbs-02255,proverbs,21
proverbs-02256,proverbs,13
proverbs-02257,proverbs,4
proverbs-02258,proverbs,4
proverbs-02259,proverbs,13
proverbs-02260,proverbs,13
proverbs-02261,proverbs,4
proverbs-02262,proverbs,4
proverbs-02263,proverbs,27
proverbs-02264,proverbs,13
proverbs-02265,proverbs,27
proverbs-02266,proverbs,21
proverbs-02267,proverbs,4
proverbs-02268,proverbs,21
proverbs-02269,proverbs,5
proverbs-02270,proverbs,13
proverbs-02271,proverbs,4
proverbs-02272,proverbs,4
proverbs-02273,proverbs,5
proverbs-02274,proverbs,4
proverbs-02275,proverbs,4
proverbs-02276,proverbs,23
proverbs-02277,proverbs,23
proverbs-02278,proverbs,4
proverbs-02279,proverbs,13
proverbs-02280,proverbs,23
proverbs-02281,proverbs,5
proverbs-02282,proverbs,4
proverbs-02283,proverbs,13
proverbs-02284,proverbs,10
proverbs-02285,proverbs,13
proverbs-02286,proverbs,9
proverbs-02287,proverbs,4
proverbs-02288,proverbs,4
proverbs-02289,proverbs,13
proverbs-02290,proverbs,4
proverbs-02291,proverbs,4
proverbs-02292,proverbs,29
proverbs-02293,proverbs,4
proverbs-02294,proverbs,4
proverbs-02295,proverbs,13
proverbs-02296,proverbs,4
proverbs-02297,proverbs,13
proverbs-02298,proverbs,29
proverbs-02299,proverbs,13
proverbs-02300,proverbs,13
proverbs-02301,proverbs,13
proverbs-02302,proverbs,13
proverbs-02303,proverbs,13
proverbs-02304,proverbs,9
proverbs-02305,proverbs,4
proverbs-02306,proverbs,5
proverbs-02307,proverbs,9
proverbs-02308,proverbs,21
proverbs-02309,proverbs,21
proverbs-02310,proverbs,13
proverbs-02311,proverbs,4
proverbs-02312,proverbs,13
proverbs-02313,proverbs,4
proverbs-02314,proverbs,23
proverbs-02315,proverbs,4
proverbs-02316,proverbs,4
proverbs-02317,proverbs,17
proverbs-02318,proverbs,13
proverbs-02319,proverbs,5
proverbs-02320,proverbs,27
proverbs-02321,proverbs,5
proverbs-02322,proverbs,2
proverbs-02323,proverbs,4
proverbs-02324,proverbs,9
proverbs-02325,proverbs,4
proverbs-02326,proverbs,4
proverbs-02327,proverbs,13
proverbs-02328,proverbs,4
proverbs-02329,proverbs,4
proverbs-02330,proverbs,4
proverbs-02331,proverbs,13
proverbs-02332,proverbs,4
proverbs-02333,proverbs,5
proverbs-02334,proverbs,13
proverbs-02335,proverbs,4
proverbs-02336,proverbs,13
proverbs-02337,proverbs,4
proverbs-02338,proverbs,4
proverbs-02339,proverbs,4
proverbs-02340,proverbs,4
proverbs-02341,proverbs,9
proverbs-02342,proverbs,13
proverbs-02343,proverbs,4
proverbs-02344,proverbs,4
proverbs-02345,proverbs,9
proverbs-02346,proverbs,4
proverbs-02347,proverbs,4
proverbs-02348,proverbs,13
proverbs-02349,proverbs,13
proverbs-02350,proverbs,28
proverbs-02351,proverbs,5
proverbs-02352,proverbs,27
proverbs-02353,proverbs,4
proverbs-02354,proverbs,4
proverbs-02355,proverbs,4
proverbs-02356,proverbs,4
proverbs-02357,proverbs,8
proverbs-02358,proverbs,5
proverbs-02359,proverbs,13
proverbs-02360,proverbs,13
proverbs-02361,proverbs,27
proverbs-02362,proverbs,21
proverbs-02363,proverbs,0
proverbs-02364,proverbs,4
proverbs-02365,proverbs,4
proverbs-02366,proverbs,4
proverbs-02367,proverbs,4
proverbs-02368,proverbs,23
proverbs-02369,proverbs,21
proverbs-02370,proverbs,4
proverbs-02371,proverbs,21
proverbs-02372,proverbs,4
proverbs-02373,proverbs,4
proverbs-02374,proverbs,4
proverbs-02375,proverbs,8
proverbs-02376,proverbs,13
proverbs-02377,proverbs,9
proverbs-02378,proverbs,9
proverbs-02379,proverbs,4
proverbs-02380,proverbs,13
proverbs-02381,proverbs,13
proverbs-02382,proverbs,13
proverbs-02383,proverbs,9
proverbs-02384,proverbs,5
proverbs-02385,proverbs,21
proverbs-02386,proverbs,4
proverbs-02387,proverbs,25
proverbs-02388,proverbs,4
proverbs-02389,proverbs,4
proverbs-02390,proverbs,27
proverbs-02391,proverbs,4
proverbs-02392,proverbs,27
proverbs-02393,proverbs,29
proverbs-02394,proverbs,27
proverbs-02395,proverbs,27
proverbs-02396,proverbs,13
proverbs-02397,proverbs,4
proverbs-02398,proverbs,2
proverbs-02399,proverbs,13
proverbs-02400,proverbs,9
proverbs-02401,proverbs,9
proverbs-02402,proverbs,13
proverbs-02403,proverbs,4
proverbs-02404,proverbs,24
proverbs-02405,proverbs,4
proverbs-02406,proverbs,2
proverbs-02407,proverbs,4
proverbs-02408,proverbs,13
proverbs-02409,proverbs,21
proverbs-02410,proverbs,4
proverbs-02411,proverbs,4
proverbs-02412,proverbs,13
proverbs-02413,proverbs,5
proverbs-02414,proverbs,4
proverbs-02415,proverbs,13
proverbs-02416,proverbs,13
proverbs-02417,proverbs,2
proverbs-02418,proverbs,13
proverbs-02419,proverbs,13
proverbs-02420,proverbs,21
proverbs-02421,proverbs,13
proverbs-02422,proverbs,4
proverbs-02423,proverbs,13
proverbs-02424,proverbs,4
proverbs-02425,proverbs,13
proverbs-02426,proverbs,13
proverbs-02427,proverbs,8
proverbs-02428,proverbs,3
proverbs-02429,proverbs,27
proverbs-02430,proverbs,23
proverbs-02431,proverbs,9
proverbs-02432,proverbs,13
proverbs-02433,proverbs,13
proverbs-02434,proverbs,21
proverbs-02435,proverbs,4
proverbs-02436,proverbs,2
proverbs-02437,proverbs,2
proverbs-02438,proverbs,21
proverbs-02439,proverbs,5
proverbs-02440,proverbs,27
proverbs-02441,proverbs,17
proverbs-02442,proverbs,24
proverbs-02443,proverbs,13
proverbs-02444,proverbs,5
proverbs-02445,proverbs,4
proverbs-02446,proverbs,23
proverbs-02447,proverbs,4
proverbs-02448,proverbs,9
proverbs-02449,proverbs,4
proverbs-02450,proverbs,13
proverbs-02451,proverbs,4
proverbs-02452,proverbs,13
proverbs-02453,proverbs,4
proverbs-02454,proverbs,4
proverbs-02455,proverbs,13
proverbs-02456,proverbs,23
proverbs-02457,proverbs,5
proverbs-02458,proverbs,4
proverbs-02459,proverbs,27
proverbs-02460,proverbs,27
proverbs-02461,proverbs,4
proverbs-02462,proverbs,0
proverbs-02463,proverbs,21
proverbs-02464,proverbs,21
proverbs-02465,proverbs,4
proverbs-02466,proverbs,21
proverbs-02467,proverbs,13
proverbs-02468,proverbs,4
proverbs-02469,proverbs,27
proverbs-02470,proverbs,4
proverbs-02471,proverbs,13
proverbs-02472,proverbs,13
proverbs-02473,proverbs,4
proverbs-02474,proverbs,13
proverbs-02475,proverbs,27
proverbs-02476,proverbs,21
proverbs-02477,proverbs,21
proverbs-02478,proverbs,4
proverbs-02479,proverbs,27
proverbs-02480,proverbs,11
proverbs-02481,proverbs,27
proverbs-02482,proverbs,27
proverbs-02483,proverbs,17
proverbs-02484,proverbs,11
proverbs-02485,proverbs,24
proverbs-02486,proverbs,21
proverbs-02487,proverbs,28
proverbs-02488,proverbs,4
proverbs-02489,proverbs,27
proverbs-02490,proverbs,27
proverbs-02491,proverbs,4
proverbs-02492,proverbs,2
proverbs-02493,proverbs,21
proverbs-02494,proverbs,4
proverbs-02495,proverbs,5
proverbs-02496,proverbs,27
proverbs-02497,proverbs,21
proverbs-02498,proverbs,8
proverbs-02499,proverbs,27
proverbs-02500,proverbs,21
proverbs-02501,proverbs,4
proverbs-02502,proverbs,4
proverbs-02503,proverbs,9
proverbs-02504,proverbs,27
proverbs-02505,proverbs,4
proverbs-02506,proverbs,21
proverbs-02507,proverbs,29
proverbs-02508,proverbs,4
proverbs-02509,proverbs,13
proverbs-02510,proverbs,4
proverbs-02511,proverbs,27
proverbs-02512,proverbs,4
proverbs-02513,proverbs,4
proverbs-02514,proverbs,5
proverbs-02515,proverbs,23
proverbs-02516,proverbs,4
proverbs-02517,proverbs,9
proverbs-02518,proverbs,13
proverbs-02519,proverbs,4
proverbs-02520,proverbs,13
proverbs-02521,proverbs,4
proverbs-02522,proverbs,4
proverbs-02523,proverbs,4
proverbs-02524,proverbs,4
proverbs-02525,proverbs,4
proverbs-02526,proverbs,4
proverbs-02527,proverbs,13
proverbs-02528,proverbs,25
proverbs-02529,proverbs,23
proverbs-02530,proverbs,23
proverbs-02531,proverbs,4
proverbs-02532,proverbs,23
proverbs-02533,proverbs,27
proverbs-02534,proverbs,11
proverbs-02535,proverbs,23
proverbs-02536,proverbs,4
proverbs-02537,proverbs,27
proverbs-02538,proverbs,4
proverbs-02539,proverbs,27
proverbs-02540,proverbs,4
proverbs-02541,proverbs,27
proverbs-02542,proverbs,27
proverbs-02543,proverbs,13
proverbs-02544,proverbs,23
proverbs-02545,proverbs,28
proverbs-02546,proverbs,27
proverbs-02547,proverbs,27
proverbs-02548,proverbs,27
proverbs-02549,proverbs,4
proverbs-02550,proverbs,17
proverbs-02551,proverbs,27
proverbs-02552,proverbs,4
proverbs-02553,proverbs,27
proverbs-02554,proverbs,4
proverbs-02555,proverbs,23
proverbs-02556,proverbs,23
proverbs-02557,proverbs,27
proverbs-02558,proverbs,27
proverbs-02559,proverbs,13
proverbs-02560,proverbs,27
proverbs-02561,proverbs,11
proverbs-02562,proverbs,27
proverbs-02563,proverbs,27
proverbs-02564,proverbs,27
proverbs-02565,proverbs,27
proverbs-02566,proverbs,4
proverbs-02567,proverbs,2
proverbs-02568,proverbs,27
proverbs-02569,proverbs,9
proverbs-02570,proverbs,27
proverbs-02571,proverbs,28
proverbs-02572,proverbs,27
proverbs-02573,proverbs,27
proverbs-02574,proverbs,27
proverbs-02575,proverbs,9
proverbs-02576,proverbs,27
proverbs-02577,proverbs,27
proverbs-02578,proverbs,8
proverbs-02579,proverbs,8
proverbs-02580,proverbs,9
proverbs-02581,proverbs,27
proverbs-02582,proverbs,27
proverbs-02583,proverbs,4
proverbs-02584,proverbs,4
proverbs-02585,proverbs,13
proverbs-02586,proverbs,13
proverbs-02587,proverbs,0
proverbs-02588,proverbs,13
proverbs-02589,proverbs,4
proverbs-02590,proverbs,13
proverbs-02591,proverbs,27
proverbs-02592,proverbs,27
proverbs-02593,proverbs,4
proverbs-02594,proverbs,4
proverbs-02595,proverbs,4
proverbs-02596,proverbs,4
proverbs-02597,proverbs,4
proverbs-02598,proverbs,27
proverbs-02599,proverbs,28
proverbs-02600,proverbs,27
proverbs-02601,proverbs,28
proverbs-02602,proverbs,1
proverbs-02603,proverbs,24
proverbs-02604,proverbs,27
proverbs-02605,proverbs,27
proverbs-02606,proverbs,27
proverbs-02607,proverbs,8
proverbs-02608,proverbs,15
proverbs-02609,proverbs,4
proverbs-02610,proverbs,27
proverbs-02611,proverbs,0
proverbs-02612,proverbs,27
proverbs-02613,proverbs,8
proverbs-02614,proverbs,13
proverbs-02615,proverbs,27
proverbs-02616,proverbs,27
proverbs-02617,proverbs,27
proverbs-02618,proverbs,27
proverbs-02619,proverbs,27
proverbs-02620,proverbs,4
proverbs-02621,proverbs,21
proverbs-02622,proverbs,27
proverbs-02623,proverbs,27
proverbs-02624,proverbs,8
proverbs-02625,proverbs,29
proverbs-02626,proverbs,2
proverbs-02627,proverbs,4
proverbs-02628,proverbs,9
proverbs-02629,proverbs,2
proverbs-02630,proverbs,29
proverbs-02631,proverbs,27
proverbs-02632,proverbs,24
proverbs-02633,proverbs,13
proverbs-02634,proverbs,13
proverbs-02635,proverbs,13
proverbs-02636,proverbs,13
proverbs-02637,proverbs,13
proverbs-02638,proverbs,4
proverbs-02639,proverbs,13
proverbs-02640,proverbs,13
proverbs-02641,proverbs,13
proverbs-02642,proverbs,24
proverbs-02643,proverbs,27
proverbs-02644,proverbs,27
proverbs-02645,proverbs,21
proverbs-02646,proverbs,4
proverbs-02647,proverbs,4
proverbs-02648,proverbs,29
proverbs-02649,proverbs,8
proverbs-02650,proverbs,4
proverbs-02651,proverbs,4
proverbs-02652,proverbs,4
proverbs-02653,proverbs,27
proverbs-02654,proverbs,9
proverbs-02655,proverbs,0
proverbs-02656,proverbs,27
proverbs-02657,proverbs,4
proverbs-02658,proverbs,4
proverbs-02659,proverbs,9
proverbs-02660,proverbs,9
proverbs-02661,proverbs,21
proverbs-02662,proverbs,9
proverbs-02663,proverbs,27
proverbs-02664,proverbs,27
proverbs-02665,proverbs,4
proverbs-02666,proverbs,24
proverbs-02667,proverbs,27
proverbs-02668,proverbs,8
proverbs-02669,proverbs,27
proverbs-02670,proverbs,24
proverbs-02671,proverbs,27
proverbs-02672,proverbs,21
proverbs-02673,proverbs,4
proverbs-02674,proverbs,17
proverbs-02675,proverbs,13
proverbs-02676,proverbs,27
proverbs-02677,proverbs,23
proverbs-02678,proverbs,29
proverbs-02679,proverbs,27
proverbs-02680,proverbs,4
proverbs-02681,proverbs,2
proverbs-02682,proverbs,29
proverbs-02683,proverbs,4
proverbs-02684,proverbs,4
proverbs-02685,proverbs,23
proverbs-02686,proverbs,4
proverbs-02687,proverbs,17
proverbs-02688,proverbs,4
proverbs-02689,proverbs,4
proverbs-02690,proverbs,23
proverbs-02691,proverbs,4
proverbs-02692,proverbs,4
proverbs-02693,proverbs,9
proverbs-02694,proverbs,2
proverbs-02695,proverbs,21
proverbs-02696,proverbs,4
proverbs-02697,proverbs,4
proverbs-02698,proverbs,27
proverbs-02699,proverbs,4
proverbs-02700,proverbs,2
proverbs-02701,proverbs,4
proverbs-02702,proverbs,4
proverbs-02703,proverbs,25
proverbs-02704,proverbs,27
proverbs-02705,proverbs,13
proverbs-02706,proverbs,4
proverbs-02707,proverbs,4
proverbs-02708,proverbs,4
proverbs-02709,proverbs,4
proverbs-02710,proverbs,13
proverbs-02711,proverbs,4
proverbs-02712,proverbs,24
proverbs-02713,proverbs,4
proverbs-02714,proverbs,4
proverbs-02715,proverbs,4
proverbs-02716,proverbs,13
proverbs-02717,proverbs,5
proverbs-02718,proverbs,13
proverbs-02719,proverbs,4
proverbs-02720,proverbs,4
proverbs-02721,proverbs,27
proverbs-02722,proverbs,13
proverbs-02723,proverbs,4
proverbs-02724,proverbs,27
proverbs-02725,proverbs,4
proverbs-02726,proverbs,13
proverbs-02727,proverbs,13
proverbs-02728,proverbs,27
proverbs-02729,proverbs,4
proverbs-02730,proverbs,21
proverbs-02731,proverbs,4
proverbs-02732,proverbs,4
proverbs-02733,proverbs,4
proverbs-02734,proverbs,4
proverbs-02735,proverbs,27
proverbs-02736,proverbs,13
proverbs-02737,proverbs,27
proverbs-02738,proverbs,0
proverbs-02739,proverbs,27
proverbs-02740,proverbs,27
proverbs-02741,proverbs,27
proverbs-02742,proverbs,2
proverbs-02743,proverbs,8
proverbs-02744,proverbs,2
proverbs-02745,proverbs,27
proverbs-02746,proverbs,27
proverbs-02747,proverbs,9
proverbs-02748,proverbs,4
proverbs-02749,proverbs,27
proverbs-02750,proverbs,8
proverbs-02751,proverbs,27
proverbs-02752,proverbs,0
proverbs-02753,proverbs,4
proverbs-02754,proverbs,22
proverbs-02755,proverbs,27
proverbs-02756,proverbs,2
proverbs-02757,proverbs,27
proverbs-02758,proverbs,17
proverbs-02759,proverbs,13
proverbs-02760,proverbs,23
proverbs-02761,proverbs,17
proverbs-02762,proverbs,9
proverbs-02763,proverbs,4
proverbs-02764,proverbs,27
proverbs-02765,proverbs,27
proverbs-02766,proverbs,27
proverbs-02767,proverbs,27
proverbs-02768,proverbs,27
proverbs-02769,proverbs,9
proverbs-02770,proverbs,27
proverbs-02771,proverbs,27
proverbs-02772,proverbs,24
proverbs-02773,proverbs,8
proverbs-02774,proverbs,27
proverbs-02775,proverbs,27
proverbs-02776,proverbs,27
proverbs-02777,proverbs,9
proverbs-02778,proverbs,9
proverbs-02779,proverbs,27
proverbs-02780,proverbs,27
proverbs-02781,proverbs,9
proverbs-02782,proverbs,27
ecclesiastes-02783,ecclesiastes,27
ecclesiastes-02784,ecclesiastes,27
ecclesiastes-02785,ecclesiastes,23
ecclesiastes-02786,ecclesiastes,8
ecclesiastes-02787,ecclesiastes,8
ecclesiastes-02788,ecclesiastes,8
ecclesiastes-02789,ecclesiastes,21
ecclesiastes-02790,ecclesiastes,20
ecclesiastes-02791,ecclesiastes,8
ecclesiastes-02792,ecclesiastes,27
ecclesiastes-02793,ecclesiastes,22
ecclesiastes-02794,ecclesiastes,27
ecclesiastes-02795,ecclesiastes,5
ecclesiastes-02796,ecclesiastes,20
ecclesiastes-02797,ecclesiastes,13
ecclesiastes-02798,ecclesiastes,5
ecclesiastes-02799,ecclesiastes,13
ecclesiastes-02800,ecclesiastes,27
ecclesiastes-02801,ecclesiastes,27
ecclesiastes-02802,ecclesiastes,27
ecclesiastes-02803,ecclesiastes,27
ecclesiastes-02804,ecclesiastes,9
ecclesiastes-02805,ecclesiastes,29
ecclesiastes-02806,ecclesiastes,13
ecclesiastes-02807,ecclesiastes,8
ecclesiastes-02808,ecclesiastes,13
ecclesiastes-02809,ecclesiastes,13
ecclesiastes-02810,ecclesiastes,13
ecclesiastes-02811,ecclesiastes,13
ecclesiastes-02812,ecclesiastes,5
ecclesiastes-02813,ecclesiastes,2
ecclesiastes-02814,ecclesiastes,13
ecclesiastes-02815,ecclesiastes,8
ecclesiastes-02816,ecclesiastes,17
ecclesiastes-02817,ecclesiastes,27
ecclesiastes-02818,ecclesiastes,21
ecclesiastes-02819,ecclesiastes,21
ecclesiastes-02820,ecclesiastes,5
ecclesiastes-02821,ecclesiastes,27
ecclesiastes-02822,ecclesiastes,27
ecclesiastes-02823,ecclesiastes,21
ecclesiastes-02824,ecclesiastes,21
ecclesiastes-02825,ecclesiastes,21
ecclesiastes-02826,ecclesiastes,0
ecclesiastes-02827,ecclesiastes,27
ecclesiastes-02828,ecclesiastes,4
ecclesiastes-02829,ecclesiastes,4
ecclesiastes-02830,ecclesiastes,27
ecclesiastes-02831,ecclesiastes,27
ecclesiastes-02832,ecclesiastes,27
ecclesiastes-02833,ecclesiastes,5
ecclesiastes-02834,ecclesiastes,5
ecclesiastes-02835,ecclesiastes,4
ecclesiastes-02836,ecclesiastes,21
ecclesiastes-02837,ecclesiastes,13
ecclesiastes-02838,ecclesiastes,9
ecclesiastes-02839,ecclesiastes,8
ecclesiastes-02840,ecclesiastes,27
ecclesiastes-02841,ecclesiastes,17
ecclesiastes-02842,ecclesiastes,27
ecclesiastes-02843,ecclesiastes,27
ecclesiastes-02844,ecclesiastes,13
ecclesiastes-02845,ecclesiastes,4
ecclesiastes-02846,ecclesiastes,8
ecclesiastes-02847,ecclesiastes,5
ecclesiastes-02848,ecclesiastes,4
ecclesiastes-02849,ecclesiastes,27
ecclesiastes-02850,ecclesiastes,13
ecclesiastes-02851,ecclesiastes,0
ecclesiastes-02852,ecclesiastes,0
ecclesiastes-02853,ecclesiastes,4
ecclesiastes-02854,ecclesiastes,4
ecclesiastes-02855,ecclesiastes,23
ecclesiastes-02856,ecclesiastes,9
ecclesiastes-02857,ecclesiastes,23
ecclesiastes-02858,ecclesiastes,23
ecclesiastes-02859,ecclesiastes,23
ecclesiastes-02860,ecclesiastes,27
ecclesiastes-02861,ecclesiastes,4
ecclesiastes-02862,ecclesiastes,21
ecclesiastes-02863,ecclesiastes,23
ecclesiastes-02864,ecclesiastes,27
ecclesiastes-02865,ecclesiastes,4
ecclesiastes-02866,ecclesiastes,21
ecclesiastes-02867,ecclesiastes,27
ecclesiastes-02868,ecclesiastes,8
ecclesiastes-02869,ecclesiastes,21
ecclesiastes-02870,ecclesiastes,13
ecclesiastes-02871,ecclesiastes,21
ecclesiastes-02872,ecclesiastes,21
ecclesiastes-02873,ecclesiastes,27
ecclesiastes-02874,ecclesiastes,9
ecclesiastes-02875,ecclesiastes,13
ecclesiastes-02876,ecclesiastes,13
ecclesiastes-02877,ecclesiastes,13
ecclesiastes-02878,ecclesiastes,4
ecclesiastes-02879,ecclesiastes,5
ecclesiastes-02880,ecclesiastes,4
ecclesiastes-02881,ecclesiastes,0
ecclesiastes-02882,ecclesiastes,13
ecclesiastes-02883,ecclesiastes,13
ecclesiastes-02884,ecclesiastes,4
ecclesiastes-02885,ecclesiastes,4
ecclesiastes-02886,ecclesiastes,0
ecclesiastes-02887,ecclesiastes,13
ecclesiastes-02888,ecclesiastes,4
ecclesiastes-02889,ecclesiastes,27
ecclesiastes-02890,ecclesiastes,13
ecclesiastes-02891,ecclesiastes,5
ecclesiastes-02892,ecclesiastes,27
ecclesiastes-02893,ecclesiastes,15
ecclesiastes-02894,ecclesiastes,13
ecclesiastes-02895,ecclesiastes,27
ecclesiastes-02896,ecclesiastes,4
ecclesiastes-02897,ecclesiastes,4
ecclesiastes-02898,ecclesiastes,21
ecclesiastes-02899,ecclesiastes,4
ecclesiastes-02900,ecclesiastes,9
ecclesiastes-02901,ecclesiastes,8
ecclesiastes-02902,ecclesiastes,4
ecclesiastes-02903,ecclesiastes,4
ecclesiastes-02904,ecclesiastes,4
ecclesiastes-02905,ecclesiastes,27
ecclesiastes-02906,ecclesiastes,13
ecclesiastes-02907,ecclesiastes,4
ecclesiastes-02908,ecclesiastes,4
ecclesiastes-02909,ecclesiastes,4
ecclesiastes-02910,ecclesiastes,21
ecclesiastes-02911,ecclesiastes,5
ecclesiastes-02912,ecclesiastes,2
ecclesiastes-02913,ecclesiastes,27
ecclesiastes-02914,ecclesiastes,27
ecclesiastes-02915,ecclesiastes,27
ecclesiastes-02916,ecclesiastes,27
ecclesiastes-02917,ecclesiastes,2
ecclesiastes-02918,ecclesiastes,4
ecclesiastes-02919,ecclesiastes,13
ecclesiastes-02920,ecclesiastes,13
ecclesiastes-02921,ecclesiastes,13
ecclesiastes-02922,ecclesiastes,13
ecclesiastes-02923,ecclesiastes,8
ecclesiastes-02924,ecclesiastes,13
ecclesiastes-02925,ecclesiastes,13
ecclesiastes-02926,ecclesiastes,27
ecclesiastes-02927,ecclesiastes,4
ecclesiastes-02928,ecclesiastes,8
ecclesiastes-02929,ecclesiastes,27
ecclesiastes-02930,ecclesiastes,27
ecclesiastes-02931,ecclesiastes,13
ecclesiastes-02932,ecclesiastes,4
ecclesiastes-02933,ecclesiastes,13
ecclesiastes-02934,ecclesiastes,13
ecclesiastes-02935,ecclesiastes,13
ecclesiastes-02936,ecclesiastes,27
ecclesiastes-02937,ecclesiastes,17
ecclesiastes-02938,ecclesiastes,27
ecclesiastes-02939,ecclesiastes,27
ecclesiastes-02940,ecclesiastes,4
ecclesiastes-02941,ecclesiastes,8
ecclesiastes-02942,ecclesiastes,27
ecclesiastes-02943,ecclesiastes,5
ecclesiastes-02944,ecclesiastes,0
ecclesiastes-02945,ecclesiastes,8
ecclesiastes-02946,ecclesiastes,27
ecclesiastes-02947,ecclesiastes,4
ecclesiastes-02948,ecclesiastes,27
ecclesiastes-02949,ecclesiastes,8
ecclesiastes-02950,ecclesiastes,27
ecclesiastes-02951,ecclesiastes,8
ecclesiastes-02952,ecclesiastes,27
ecclesiastes-02953,ecclesiastes,13
ecclesiastes-02954,ecclesiastes,13
ecclesiastes-02955,ecclesiastes,27
ecclesiastes-02956,ecclesiastes,11
ecclesiastes-02957,ecclesiastes,0
ecclesiastes-02958,ecclesiastes,4
meditations-02959,meditations,22
meditations-02960,meditations,22
meditations-02961,meditations,22
meditations-02962,meditations,3
meditations-02963,meditations,22
meditations-02964,meditations,22
meditations-02965,meditations,22
meditations-02966,meditations,22
meditations-02967,meditations,22
meditations-02968,meditations,22
meditations-02969,meditations,22
meditations-02970,meditations,22
meditations-02971,meditations,22
meditations-02972,meditations,22
meditations-02973,meditations,22
meditations-02974,meditations,22
meditations-02975,meditations,22
meditations-02976,meditations,22
meditations-02977,meditations,22
meditations-02978,meditations,1
meditations-02979,meditations,20
meditations-02980,meditations,20
meditations-02981,meditations,20
meditations-02982,meditations,21
meditations-02983,meditations,5
meditations-02984,meditations,9
meditations-02985,meditations,9
meditations-02986,meditations,22
meditations-02987,meditations,0
meditations-02988,meditations,9
meditations-02989,meditations,2
meditations-02990,meditations,22
meditations-02991,meditations,22
meditations-02992,meditations,9
meditations-02993,meditations,21
meditations-02994,meditations,0
meditations-02995,meditations,4
meditations-02996,meditations,0
meditations-02997,meditations,21
meditations-02998,meditations,22
meditations-02999,meditations,9
meditations-03000,meditations,9
meditations-03001,meditations,21
meditations-03002,meditations,4
meditations-03003,meditations,4
meditations-03004,meditations,9
meditations-03005,meditations,22
meditations-03006,meditations,21
meditations-03007,meditations,0
meditations-03008,meditations,5
meditations-03009,meditations,21
meditations-03010,meditations,22
meditations-03011,meditations,5
meditations-03012,meditations,22
meditations-03013,meditations,5
meditations-03014,meditations,5
meditations-03015,meditations,9
meditations-03016,meditations,25
meditations-03017,meditations,21
meditations-03018,meditations,3
meditations-03019,meditations,22
meditations-03020,meditations,22
meditations-03021,meditations,0
meditations-03022,meditations,0
meditations-03023,meditations,9
meditations-03024,meditations,22
meditations-03025,meditations,0
meditations-03026,meditations,22
meditations-03027,meditations,3
meditations-03028,meditations,3
meditations-03029,meditations,27
meditations-03030,meditations,21
meditations-03031,meditations,9
meditations-03032,meditations,9
meditations-03033,meditations,21
meditations-03034,meditations,24
meditations-03035,meditations,22
meditations-03036,meditations,22
meditations-03037,meditations,9
meditations-03038,meditations,22
meditations-03039,meditations,21
meditations-03040,meditations,22
meditations-03041,meditations,9
meditations-03042,meditations,21
meditations-03043,meditations,3
meditations-03044,meditations,3
meditations-03045,meditations,3
meditations-03046,meditations,3
meditations-03047,meditations,21
meditations-03048,meditations,3
meditations-03049,meditations,3
meditations-03050,meditations,3
meditations-03051,meditations,9
meditations-03052,meditations,21
meditations-03053,meditations,0
meditations-03054,meditations,27
meditations-03055,meditations,2
meditations-03056,meditations,21
meditations-03057,meditations,22
meditations-03058,meditations,20
meditations-03059,meditations,5
meditations-03060,meditations,24
meditations-03061,meditations,27
meditations-03062,meditations,22
meditations-03063,meditations,9
meditations-03064,meditations,4
meditations-03065,meditations,2
meditations-03066,meditations,0
meditations-03067,meditations,0
meditations-03068,meditations,20
meditations-03069,meditations,20
meditations-03070,meditations,27
meditations-03071,meditations,0
meditations-03072,meditations,0
meditations-03073,meditations,0
meditations-03074,meditations,0
meditations-03075,meditations,0
meditations-03076,meditations,0
meditations-03077,meditations,4
meditations-03078,meditations,4
meditations-03079,meditations,0
meditations-03080,meditations,21
meditations-03081,meditations,20
meditations-03082,meditations,9
meditations-03083,meditations,20
meditations-03084,meditations,5
meditations-03085,meditations,5
meditations-03086,meditations,21
meditations-03087,meditations,9
meditations-03088,meditations,12
meditations-03089,meditations,5
meditations-03090,meditations,5
meditations-03091,meditations,9
meditations-03092,meditations,5
meditations-03093,meditations,9
meditations-03094,meditations,2
meditations-03095,meditations,5
meditations-03096,meditations,0
meditations-03097,meditations,20
meditations-03098,meditations,21
meditations-03099,meditations,21
meditations-03100,meditations,0
meditations-03101,meditations,20
meditations-03102,meditations,8
meditations-03103,meditations,9
meditations-03104,meditations,21
meditations-03105,meditations,22
meditations-03106,meditations,22
meditations-03107,meditations,0
meditations-03108,meditations,21
meditations-03109,meditations,0
meditations-03110,meditations,0
meditations-03111,meditations,27
meditations-03112,meditations,4
meditations-03113,meditations,21
meditations-03114,meditations,17
meditations-03115,meditations,21
meditations-03116,meditations,21
meditations-03117,meditations,0
meditations-03118,meditations,0
meditations-03119,meditations,0
meditations-03120,meditations,0
meditations-03121,meditations,0
meditations-03122,meditations,0
meditations-03123,meditations,20
meditations-03124,meditations,0
meditations-03125,meditations,21
meditations-03126,meditations,0
meditations-03127,meditations,0
meditations-03128,meditations,0
meditations-03129,meditations,5
meditations-03130,meditations,0
meditations-03131,meditations,20
meditations-03132,meditations,2
meditations-03133,meditations,0
meditations-03134,meditations,9
meditations-03135,meditations,0
meditations-03136,meditations,0
meditations-03137,meditations,0
meditations-03138,meditations,5
meditations-03139,meditations,5
meditations-03140,meditations,21
meditations-03141,meditations,21
meditations-03142,meditations,4
meditations-03143,meditations,20
meditations-03144,meditations,20
meditations-03145,meditations,2
meditations-03146,meditations,21
meditations-03147,meditations,0
meditations-03148,meditations,4
meditations-03149,meditations,0
meditations-03150,meditations,0
meditations-03151,meditations,0
meditations-03152,meditations,0
meditations-03153,meditations,0
meditations-03154,meditations,2
meditations-03155,meditations,20
meditations-03156,meditations,5
meditations-03157,meditations,27
meditations-03158,meditations,0
meditations-03159,meditations,0
meditations-03160,meditations,0
meditations-03161,meditations,0
meditations-03162,meditations,0
meditations-03163,meditations,0
meditations-03164,meditations,0
meditations-03165,meditations,0
meditations-03166,meditations,0
meditations-03167,meditations,27
meditations-03168,meditations,0
meditations-03169,meditations,0
meditations-03170,meditations,9
meditations-03171,meditations,5
meditations-03172,meditations,5
meditations-03173,meditations,5
meditations-03174,meditations,20
meditations-03175,meditations,0
meditations-03176,meditations,0
meditations-03177,meditations,0
meditations-03178,meditations,21
meditations-03179,meditations,21
meditations-03180,meditations,0
meditations-03181,meditations,20
meditations-03182,meditations,9
meditations-03183,meditations,21
meditations-03184,meditations,0
meditations-03185,meditations,0
meditations-03186,meditations,2
meditations-03187,meditations,22
meditations-03188,meditations,0
meditations-03189,meditations,22
meditations-03190,meditations,2
meditations-03191,meditations,0
meditations-03192,meditations,20
meditations-03193,meditations,0
meditations-03194,meditations,20
meditations-03195,meditations,0
meditations-03196,meditations,4
meditations-03197,meditations,20
meditations-03198,meditations,27
meditations-03199,meditations,5
meditations-03200,meditations,0
meditations-03201,meditations,20
meditations-03202,meditations,8
meditations-03203,meditations,21
meditations-03204,meditations,22
meditations-03205,meditations,0
meditations-03206,meditations,5
meditations-03207,meditations,22
meditations-03208,meditations,5
meditations-03209,meditations,27
meditations-03210,meditations,8
meditations-03211,meditations,4
meditations-03212,meditations,9
meditations-03213,meditations,9
meditations-03214,meditations,5
meditations-03215,meditations,5
meditations-03216,meditations,0
meditations-03217,meditations,0
meditations-03218,meditations,0
meditations-03219,meditations,0
meditations-03220,meditations,9
meditations-03221,meditations,21
meditations-03222,meditations,0
meditations-03223,meditations,20
meditations-03224,meditations,9
meditations-03225,meditations,0
meditations-03226,meditations,0
meditations-03227,meditations,2
meditations-03228,meditations,27
meditations-03229,meditations,0
meditations-03230,meditations,0
meditations-03231,meditations,27
meditations-03232,meditations,0
meditations-03233,meditations,0
meditations-03234,meditations,20
meditations-03235,meditations,13
meditations-03236,meditations,20
meditations-03237,meditations,0
meditations-03238,meditations,2
meditations-03239,meditations,0
meditations-03240,meditations,0
meditations-03241,meditations,0
meditations-03242,meditations,9
meditations-03243,meditations,0
meditations-03244,meditations,20
meditations-03245,meditations,4
meditations-03246,meditations,20
meditations-03247,meditations,0
meditations-03248,meditations,27
meditations-03249,meditations,0
meditations-03250,meditations,9
meditations-03251,meditations,27
meditations-03252,meditations,20
meditations-03253,meditations,20
meditations-03254,meditations,0
meditations-03255,meditations,0
meditations-03256,meditations,21
meditations-03257,meditations,5
meditations-03258,meditations,20
meditations-03259,meditations,5
meditations-03260,meditations,21
meditations-03261,meditations,13
meditations-03262,meditations,9
meditations-03263,meditations,0
meditations-03264,meditations,20
meditations-03265,meditations,0
meditations-03266,meditations,2
meditations-03267,meditations,20
meditations-03268,meditations,0
meditations-03269,meditations,0
meditations-03270,meditations,20
meditations-03271,meditations,9
meditations-03272,meditations,0
meditations-03273,meditations,4
meditations-03274,meditations,0
meditations-03275,meditations,0
meditations-03276,meditations,0
meditations-03277,meditations,0
meditations-03278,meditations,5
meditations-03279,meditations,0
meditations-03280,meditations,0
meditations-03281,meditations,0
meditations-03282,meditations,0
meditations-03283,meditations,0
meditations-03284,meditations,27
meditations-03285,meditations,0
meditations-03286,meditations,21
meditations-03287,meditations,20
meditations-03288,meditations,0
meditations-03289,meditations,0
meditations-03290,meditations,20
meditations-03291,meditations,4
meditations-03292,meditations,0
meditations-03293,meditations,20
meditations-03294,meditations,20
meditations-03295,meditations,0
meditations-03296,meditations,0
meditations-03297,meditations,0
meditations-03298,meditations,9
meditations-03299,meditations,20
meditations-03300,meditations,0
meditations-03301,meditations,22
meditations-03302,meditations,9
meditations-03303,meditations,9
meditations-03304,meditations,20
meditations-03305,meditations,5
meditations-03306,meditations,5
meditations-03307,meditations,9
meditations-03308,meditations,27
meditations-03309,meditations,11
meditations-03310,meditations,0
meditations-03311,meditations,0
meditations-03312,meditations,20
meditations-03313,meditations,21
meditations-03314,meditations,0
meditations-03315,meditations,0
meditations-03316,meditations,2
meditations-03317,meditations,0
meditations-03318,meditations,0
meditations-03319,meditations,0
meditations-03320,meditations,22
meditations-03321,meditations,20
meditations-03322,meditations,0
meditations-03323,meditations,0
meditations-03324,meditations,5
meditations-03325,meditations,5
meditations-03326,meditations,0
meditations-03327,meditations,22
meditations-03328,meditations,3
meditations-03329,meditations,3
meditations-03330,meditations,27
meditations-03331,meditations,0
meditations-03332,meditations,0
meditations-03333,meditations,9
meditations-03334,meditations,11
meditations-03335,meditations,22
meditations-03336,meditations,4
meditations-03337,meditations,20
meditations-03338,meditations,0
meditations-03339,meditations,9
meditations-03340,meditations,0
meditations-03341,meditations,4
meditations-03342,meditations,20
meditations-03343,meditations,0
meditations-03344,meditations,8
meditations-03345,meditations,0
meditations-03346,meditations,2
meditations-03347,meditations,27
meditations-03348,meditations,2
meditations-03349,meditations,23
meditations-03350,meditations,0
meditations-03351,meditations,5
meditations-03352,meditations,22
meditations-03353,meditations,2
meditations-03354,meditations,9
meditations-03355,meditations,0
meditations-03356,meditations,0
meditations-03357,meditations,2
meditations-03358,meditations,0
meditations-03359,meditations,0
meditations-03360,meditations,9
meditations-03361,meditations,0
meditations-03362,meditations,0
meditations-03363,meditations,22
meditations-03364,meditations,25
meditations-03365,meditations,12
meditations-03366,meditations,4
meditations-03367,meditations,0
meditations-03368,meditations,27
meditations-03369,meditations,4
meditations-03370,meditations,0
meditations-03371,meditations,0
meditations-03372,meditations,0
meditations-03373,meditations,9
meditations-03374,meditations,20
meditations-03375,meditations,28
meditations-03376,meditations,2
meditations-03377,meditations,0
meditations-03378,meditations,0
meditations-03379,meditations,20
meditations-03380,meditations,20
meditations-03381,meditations,20
meditations-03382,meditations,20
meditations-03383,meditations,0
meditations-03384,meditations,0
meditations-03385,meditations,0
meditations-03386,meditations,0
meditations-03387,meditations,5
meditations-03388,meditations,20
meditations-03389,meditations,0
meditations-03390,meditations,20
meditations-03391,meditations,12
meditations-03392,meditations,0
meditations-03393,meditations,0
meditations-03394,meditations,0
meditations-03395,meditations,20
meditations-03396,meditations,0
meditations-03397,meditations,0
meditations-03398,meditations,0
meditations-03399,meditations,4
meditations-03400,meditations,0
meditations-03401,meditations,9
meditations-03402,meditations,0
meditations-03403,meditations,20
meditations-03404,meditations,5
meditations-03405,meditations,5
meditations-03406,meditations,8
meditations-03407,meditations,0
meditations-03408,meditations,9
meditations-03409,meditations,0
meditations-03410,meditations,0
meditations-03411,meditations,4
meditations-03412,meditations,21
meditations-03413,meditations,20
meditations-03414,meditations,27
meditations-03415,meditations,20
meditations-03416,meditations,2
meditations-03417,meditations,20
meditations-03418,meditations,8
meditations-03419,meditations,21
meditations-03420,meditations,0
meditations-03421,meditations,0
meditations-03422,meditations,0
meditations-03423,meditations,0
meditations-03424,meditations,0
meditations-03425,meditations,28
meditations-03426,meditations,0
meditations-03427,meditations,24
meditations-03428,meditations,0
meditations-03429,meditations,0
meditations-03430,meditations,11
meditations-03431,meditations,0
meditations-03432,meditations,0
meditations-03433,meditations,0
meditations-03434,meditations,0
meditations-03435,meditations,27
meditations-03436,meditations,0
meditations-03437,meditations,22
meditations-03438,meditations,21
meditations-03439,meditations,4
meditations-03440,meditations,21
meditations-03441,meditations,0
meditations-03442,meditations,0
meditations-03443,meditations,0
meditations-03444,meditations,20
meditations-03445,meditations,21
meditations-03446,meditations,4
meditations-03447,meditations,9
meditations-03448,meditations,0
meditations-03449,meditations,20
meditations-03450,meditations,0
meditations-03451,meditations,0
meditations-03452,meditations,0
meditations-03453,meditations,4
meditations-03454,meditations,0
meditations-03455,meditations,22
meditations-03456,meditations,4
meditations-03457,meditations,0
meditations-03458,meditations,20
meditations-03459,meditations,20
meditations-03460,meditations,20
meditations-03461,meditations,20
meditations-03462,meditations,0
meditations-03463,meditations,0
meditations-03464,meditations,4
meditations-03465,meditations,20
meditations-03466,meditations,0
meditations-03467,meditations,0
meditations-03468,meditations,0
meditations-03469,meditations,8
meditations-03470,meditations,0
meditations-03471,meditations,0
meditations-03472,meditations,0
meditations-03473,meditations,0
meditations-03474,meditations,20
meditations-03475,meditations,0
meditations-03476,meditations,27
meditations-03477,meditations,20
meditations-03478,meditations,0
meditations-03479,meditations,0
meditations-03480,meditations,0
meditations-03481,meditations,20
meditations-03482,meditations,22
meditations-03483,meditations,27
meditations-03484,meditations,9
meditations-03485,meditations,20
meditations-03486,meditations,4
meditations-03487,meditations,0
meditations-03488,meditations,0
meditations-03489,meditations,22
meditations-03490,meditations,22
meditations-03491,meditations,0
meditations-03492,meditations,0
meditations-03493,meditations,0
meditations-03494,meditations,0
meditations-03495,meditations,0
meditations-03496,meditations,21
meditations-03497,meditations,0
meditations-03498,meditations,20
meditations-03499,meditations,0
meditations-03500,meditations,0
meditations-03501,meditations,22
meditations-03502,meditations,0
meditations-03503,meditations,0
meditations-03504,meditations,0
meditations-03505,meditations,0
meditations-03506,meditations,0
meditations-03507,meditations,9
meditations-03508,meditations,10
meditations-03509,meditations,9
meditations-03510,meditations,0
meditations-03511,meditations,0
meditations-03512,meditations,9
meditations-03513,meditations,0
meditations-03514,meditations,0
meditations-03515,meditations,0
meditations-03516,meditations,0
meditations-03517,meditations,0
meditations-03518,meditations,0
meditations-03519,meditations,29
meditations-03520,meditations,21
meditations-03521,meditations,20
meditations-03522,meditations,0
meditations-03523,meditations,27
meditations-03524,meditations,13
meditations-03525,meditations,4
meditations-03526,meditations,20
meditations-03527,meditations,4
meditations-03528,meditations,4
meditations-03529,meditations,8
meditations-03530,meditations,20
meditations-03531,meditations,8
meditations-03532,meditations,0
meditations-03533,meditations,11
meditations-03534,meditations,20
meditations-03535,meditations,0
meditations-03536,meditations,4
meditations-03537,meditations,20
meditations-03538,meditations,4
meditations-03539,meditations,4
meditations-03540,meditations,4
meditations-03541,meditations,9
meditations-03542,meditations,9
meditations-03543,meditations,20
meditations-03544,meditations,21
meditations-03545,meditations,0
meditations-03546,meditations,5
meditations-03547,meditations,0
meditations-03548,meditations,0
meditations-03549,meditations,0
meditations-03550,meditations,4
meditations-03551,meditations,0
meditations-03552,meditations,9
meditations-03553,meditations,20
meditations-03554,meditations,20
meditations-03555,meditations,20
meditations-03556,meditations,9
meditations-03557,meditations,9
meditations-03558,meditations,20
meditations-03559,meditations,20
meditations-03560,meditations,0
meditations-03561,meditations,2
meditations-03562,meditations,0
meditations-03563,meditations,22
meditations-03564,meditations,0
meditations-03565,meditations,4
meditations-03566,meditations,0
meditations-03567,meditations,0
meditations-03568,meditations,2
meditations-03569,meditations,0
meditations-03570,meditations,5
meditations-03571,meditations,0
meditations-03572,meditations,0
meditations-03573,meditations,0
meditations-03574,meditations,5
meditations-03575,meditations,20
meditations-03576,meditations,0
meditations-03577,meditations,0
meditations-03578,meditations,20
meditations-03579,meditations,0
meditations-03580,meditations,20
meditations-03581,meditations,2
meditations-03582,meditations,2
meditations-03583,meditations,9
meditations-03584,meditations,22
meditations-03585,meditations,27
meditations-03586,meditations,0
meditations-03587,meditations,0
meditations-03588,meditations,5
meditations-03589,meditations,9
meditations-03590,meditations,5
meditations-03591,meditations,20
meditations-03592,meditations,20
meditations-03593,meditations,0
meditations-03594,meditations,8
meditations-03595,meditations,0
meditations-03596,meditations,0
meditations-03597,meditations,0
meditations-03598,meditations,0
meditations-03599,meditations,0
meditations-03600,meditations,27
meditations-03601,meditations,27
meditations-03602,meditations,22
meditations-03603,meditations,9
meditations-03604,meditations,0
meditations-03605,meditations,11
meditations-03606,meditations,0
meditations-03607,meditations,0
meditations-03608,meditations,4
meditations-03609,meditations,4
meditations-03610,meditations,0
meditations-03611,meditations,0
meditations-03612,meditations,0
meditations-03613,meditations,21
meditations-03614,meditations,5
meditations-03615,meditations,0
meditations-03616,meditations,0
meditations-03617,meditations,0
meditations-03618,meditations,0
meditations-03619,meditations,0
meditations-03620,meditations,0
meditations-03621,meditations,20
meditations-03622,meditations,9
meditations-03623,meditations,0
meditations-03624,meditations,0
meditations-03625,meditations,20
meditations-03626,meditations,4
meditations-03627,meditations,20
meditations-03628,meditations,20
meditations-03629,meditations,5
meditations-03630,meditations,20
meditations-03631,meditations,9
meditations-03632,meditations,0
meditations-03633,meditations,0
meditations-03634,meditations,0
meditations-03635,meditations,27
meditations-03636,meditations,27
meditations-03637,meditations,0
meditations-03638,meditations,27
meditations-03639,meditations,21
meditations-03640,meditations,0
meditations-03641,meditations,0
meditations-03642,meditations,0
meditations-03643,meditations,20
meditations-03644,meditations,1
meditations-03645,meditations,0
meditations-03646,meditations,0
meditations-03647,meditations,0
meditations-03648,meditations,0
meditations-03649,meditations,0
meditations-03650,meditations,27
meditations-03651,meditations,0
meditations-03652,meditations,2
meditations-03653,meditations,0
meditations-03654,meditations,0
meditations-03655,meditations,21
meditations-03656,meditations,0
meditations-03657,meditations,5
meditations-03658,meditations,27
meditations-03659,meditations,27
meditations-03660,meditations,0
meditations-03661,meditations,0
meditations-03662,meditations,22
meditations-03663,meditations,8
meditations-03664,meditations,4
meditations-03665,meditations,21
meditations-03666,meditations,0
meditations-03667,meditations,0
meditations-03668,meditations,22
meditations-03669,meditations,0
meditations-03670,meditations,0
meditations-03671,meditations,0
meditations-03672,meditations,0
meditations-03673,meditations,0
meditations-03674,meditations,0
meditations-03675,meditations,0
meditations-03676,meditations,0
meditations-03677,meditations,0
meditations-03678,meditations,5
meditations-03679,meditations,4
meditations-03680,meditations,2
meditations-03681,meditations,2
meditations-03682,meditations,21
meditations-03683,meditations,27
meditations-03684,meditations,27
meditations-03685,meditations,9
meditations-03686,meditations,5
meditations-03687,meditations,0
meditations-03688,meditations,5
meditations-03689,meditations,20
meditations-03690,meditations,0
meditations-03691,meditations,0
meditations-03692,meditations,2
meditations-03693,meditations,5
meditations-03694,meditations,9
meditations-03695,meditations,0
meditations-03696,meditations,27
meditations-03697,meditations,0
meditations-03698,meditations,0
meditations-03699,meditations,0
meditations-03700,meditations,5
meditations-03701,meditations,28
meditations-03702,meditations,4
meditations-03703,meditations,27
meditations-03704,meditations,9
meditations-03705,meditations,21
meditations-03706,meditations,0
meditations-03707,meditations,2
meditations-03708,meditations,25
meditations-03709,meditations,0
meditations-03710,meditations,0
meditations-03711,meditations,9
meditations-03712,meditations,0
meditations-03713,meditations,5
meditations-03714,meditations,0
meditations-03715,meditations,0
meditations-03716,meditations,9
meditations-03717,meditations,27
meditations-03718,meditations,9
meditations-03719,meditations,9
meditations-03720,meditations,0
meditations-03721,meditations,0
meditations-03722,meditations,0
meditations-03723,meditations,20
meditations-03724,meditations,5
meditations-03725,meditations,0
meditations-03726,meditations,0
meditations-03727,meditations,4
meditations-03728,meditations,4
meditations-03729,meditations,0
meditations-03730,meditations,0
meditations-03731,meditations,4
meditations-03732,meditations,4
meditations-03733,meditations,4
meditations-03734,meditations,0
meditations-03735,meditations,8
meditations-03736,meditations,5
meditations-03737,meditations,5
meditations-03738,meditations,0
meditations-03739,meditations,0
meditations-03740,meditations,2
meditations-03741,meditations,4
meditations-03742,meditations,1
meditations-03743,meditations,22
meditations-03744,meditations,22
meditations-03745,meditations,0
meditations-03746,meditations,22
meditations-03747,meditations,8
meditations-03748,meditations,22
meditations-03749,meditations,0
meditations-03750,meditations,9
meditations-03751,meditations,8
meditations-03752,meditations,27
meditations-03753,meditations,9
meditations-03754,meditations,2
meditations-03755,meditations,28
meditations-03756,meditations,0
meditations-03757,meditations,0
meditations-03758,meditations,0
meditations-03759,meditations,0
meditations-03760,meditations,27
meditations-03761,meditations,0
meditations-03762,meditations,0
meditations-03763,meditations,27
meditations-03764,meditations,0
meditations-03765,meditations,21
meditations-03766,meditations,27
meditations-03767,meditations,0
meditations-03768,meditations,2
meditations-03769,meditations,0
meditations-03770,meditations,5
meditations-03771,meditations,0
meditations-03772,meditations,25
meditations-03773,meditations,0
meditations-03774,meditations,0
meditations-03775,meditations,0
meditations-03776,meditations,21
meditations-03777,meditations,0
meditations-03778,meditations,0
meditations-03779,meditations,5
meditations-03780,meditations,0
meditations-03781,meditations,4
meditations-03782,meditations,28
meditations-03783,meditations,0
meditations-03784,meditations,0
meditations-03785,meditations,9
meditations-03786,meditations,4
meditations-03787,meditations,20
meditations-03788,meditations,5
meditations-03789,meditations,0
meditations-03790,meditations,0
meditations-03791,meditations,20
meditations-03792,meditations,0
meditations-03793,meditations,0
meditations-03794,meditations,0
meditations-03795,meditations,0
meditations-03796,meditations,22
meditations-03797,meditations,21
meditations-03798,meditations,27
meditations-03799,meditations,0
meditations-03800,meditations,20
meditations-03801,meditations,25
meditations-03802,meditations,0
meditations-03803,meditations,0
meditations-03804,meditations,0
meditations-03805,meditations,5
meditations-03806,meditations,5
meditations-03807,meditations,0
meditations-03808,meditations,0
meditations-03809,meditations,0
meditations-03810,meditations,22
meditations-03811,meditations,9
meditations-03812,meditations,9
meditations-03813,meditations,27
meditations-03814,meditations,28
meditations-03815,meditations,22
meditations-03816,meditations,24
meditations-03817,meditations,22
meditations-03818,meditations,3
meditations-03819,meditations,21
meditations-03820,meditations,17
meditations-03821,meditations,27
meditations-03822,meditations,9
meditations-03823,meditations,3
meditations-03824,meditations,22
meditations-03825,meditations,27
meditations-03826,meditations,27
meditations-03827,meditations,9
meditations-03828,meditations,24
meditations-03829,meditations,22
meditations-03830,meditations,2
meditations-03831,meditations,27
meditations-03832,meditations,22
meditations-03833,meditations,24
meditations-03834,meditations,24
meditations-03835,meditations,2
meditations-03836,meditations,8
meditations-03837,meditations,24
meditations-03838,meditations,24
meditations-03839,meditations,29
meditations-03840,meditations,25
meditations-03841,meditations,1
meditations-03842,meditations,25
meditations-03843,meditations,24
meditations-03844,meditations,5
meditations-03845,meditations,9
meditations-03846,meditations,17
meditations-03847,meditations,9
meditations-03848,meditations,24
meditations-03849,meditations,22
meditations-03850,meditations,22
meditations-03851,meditations,14
meditations-03852,meditations,22
meditations-03853,meditations,22
meditations-03854,meditations,22
meditations-03855,meditations,22
meditations-03856,meditations,22
meditations-03857,meditations,22
meditations-03858,meditations,9
meditations-03859,meditations,22
meditations-03860,meditations,22
meditations-03861,meditations,22
meditations-03862,meditations,22
meditations-03863,meditations,22
meditations-03864,meditations,22
meditations-03865,meditations,26
meditations-03866,meditations,22
meditations-03867,meditations,22
meditations-03868,meditations,22
meditations-03869,meditations,22
meditations-03870,meditations,22
meditations-03871,meditations,22
meditations-03872,meditations,22
meditations-03873,meditations,22
meditations-03874,meditations,22
meditations-03875,meditations,22
meditations-03876,meditations,22
meditations-03877,meditations,22
meditations-03878,meditations,20
meditations-03879,meditations,22
meditations-03880,meditations,22
meditations-03881,meditations,22
meditations-03882,meditations,9
meditations-03883,meditations,22
meditations-03884,meditations,22
meditations-03885,meditations,22
meditations-03886,meditations,22
meditations-03887,meditations,22
meditations-03888,meditations,22
meditations-03889,meditations,22
meditations-03890,meditations,22
meditations-03891,meditations,22
meditations-03892,meditations,13
meditations-03893,meditations,22
meditations-03894,meditations,22
meditations-03895,meditations,22
meditations-03896,meditations,22
meditations-03897,meditations,8
meditations-03898,meditations,9
meditations-03899,meditations,22
meditations-03900,meditations,22
meditations-03901,meditations,22
meditations-03902,meditations,22
meditations-03903,meditations,22
meditations-03904,meditations,22
meditations-03905,meditations,22
meditations-03906,meditations,22
meditations-03907,meditations,22
meditations-03908,meditations,3
meditations-03909,meditations,22
meditations-03910,meditations,22
meditations-03911,meditations,22
meditations-03912,meditations,22
meditations-03913,meditations,22
meditations-03914,meditations,22
meditations-03915,meditations,22
meditations-03916,meditations,22
meditations-03917,meditations,22
meditations-03918,meditations,22
meditations-03919,meditations,22
meditations-03920,meditations,22
meditations-03921,meditations,22
meditations-03922,meditations,22
meditations-03923,meditations,22
meditations-03924,meditations,22
meditations-03925,meditations,22
meditations-03926,meditations,22
meditations-03927,meditations,22
emerson-essays-03928,emerson-essays,5
emerson-essays-03929,emerson-essays,8
emerson-essays-03930,emerson-essays,21
emerson-essays-03931,emerson-essays,20
emerson-essays-03932,emerson-essays,21
emerson-essays-03933,emerson-essays,22
emerson-essays-03934,emerson-essays,20
emerson-essays-03935,emerson-essays,3
emerson-essays-03936,emerson-essays,2
emerson-essays-03937,emerson-essays,8
emerson-essays-03938,emerson-essays,20
emerson-essays-03939,emerson-essays,9
emerson-essays-03940,emerson-essays,2
emerson-essays-03941,emerson-essays,2
emerson-essays-03942,emerson-essays,13
emerson-essays-03943,emerson-essays,9
emerson-essays-03944,emerson-essays,9
emerson-essays-03945,emerson-essays,3
emerson-essays-03946,emerson-essays,21
emerson-essays-03947,emerson-essays,3
emerson-essays-03948,emerson-essays,8
emerson-essays-03949,emerson-essays,22
emerson-essays-03950,emerson-essays,22
emerson-essays-03951,emerson-essays,15
emerson-essays-03952,emerson-essays,2
emerson-essays-03953,emerson-essays,28
emerson-essays-03954,emerson-essays,8
emerson-essays-03955,emerson-essays,21
emerson-essays-03956,emerson-essays,29
emerson-essays-03957,emerson-essays,27
emerson-essays-03958,emerson-essays,21
emerson-essays-03959,emerson-essays,20
emerson-essays-03960,emerson-essays,20
emerson-essays-03961,emerson-essays,5
emerson-essays-03962,emerson-essays,8
emerson-essays-03963,emerson-essays,22
emerson-essays-03964,emerson-essays,5
emerson-essays-03965,emerson-essays,22
emerson-essays-03966,emerson-essays,20
emerson-essays-03967,emerson-essays,8
emerson-essays-03968,emerson-essays,8
emerson-essays-03969,emerson-essays,8
emerson-essays-03970,emerson-essays,5
emerson-essays-03971,emerson-essays,5
emerson-essays-03972,emerson-essays,8
emerson-essays-03973,emerson-essays,21
emerson-essays-03974,emerson-essays,1
emerson-essays-03975,emerson-essays,8
emerson-essays-03976,emerson-essays,8
emerson-essays-03977,emerson-essays,8
emerson-essays-03978,emerson-essays,8
emerson-essays-03979,emerson-essays,8
emerson-essays-03980,emerson-essays,1
emerson-essays-03981,emerson-essays,1
emerson-essays-03982,emerson-essays,8
emerson-essays-03983,emerson-essays,22
emerson-essays-03984,emerson-essays,29
emerson-essays-03985,emerson-essays,29
emerson-essays-03986,emerson-essays,2
emerson-essays-03987,emerson-essays,21
emerson-essays-03988,emerson-essays,20
emerson-essays-03989,emerson-essays,20
emerson-essays-03990,emerson-essays,8
emerson-essays-03991,emerson-essays,22
emerson-essays-03992,emerson-essays,8
emerson-essays-03993,emerson-essays,9
emerson-essays-03994,emerson-essays,25
emerson-essays-03995,emerson-essays,2
emerson-essays-03996,emerson-essays,9
emerson-essays-03997,emerson-essays,9
emerson-essays-03998,emerson-essays,5
emerson-essays-03999,emerson-essays,22
emerson-essays-04000,emerson-essays,3
emerson-essays-04001,emerson-essays,22
emerson-essays-04002,emerson-essays,9
emerson-essays-04003,emerson-essays,22
emerson-essays-04004,emerson-essays,22
emerson-essays-04005,emerson-essays,22
emerson-essays-04006,emerson-essays,21
emerson-essays-04007,emerson-essays,22
emerson-essays-04008,emerson-essays,3
emerson-essays-04009,emerson-essays,21
emerson-essays-04010,emerson-essays,22
emerson-essays-04011,emerson-essays,4
emerson-essays-04012,emerson-essays,22
emerson-essays-04013,emerson-essays,22
emerson-essays-04014,emerson-essays,5
emerson-essays-04015,emerson-essays,1
emerson-essays-04016,emerson-essays,21
emerson-essays-04017,emerson-essays,21
emerson-essays-04018,emerson-essays,20
emerson-essays-04019,emerson-essays,8
emerson-essays-04020,emerson-essays,9
emerson-essays-04021,emerson-essays,20
emerson-essays-04022,emerson-essays,8
emerson-essays-04023,emerson-essays,9
emerson-essays-04024,emerson-essays,21
emerson-essays-04025,emerson-essays,21
emerson-essays-04026,emerson-essays,21
emerson-essays-04027,emerson-essays,3
emerson-essays-04028,emerson-essays,8
emerson-essays-04029,emerson-essays,20
emerson-essays-04030,emerson-essays,11
emerson-essays-04031,emerson-essays,21
emerson-essays-04032,emerson-essays,20
emerson-essays-04033,emerson-essays,5
emerson-essays-04034,emerson-essays,27
emerson-essays-04035,emerson-essays,27
emerson-essays-04036,emerson-essays,2
emerson-essays-04037,emerson-essays,22
emerson-essays-04038,emerson-essays,22
emerson-essays-04039,emerson-essays,2
emerson-essays-04040,emerson-essays,21
emerson-essays-04041,emerson-essays,19
emerson-essays-04042,emerson-essays,25
emerson-essays-04043,emerson-essays,5
emerson-essays-04044,emerson-essays,5
emerson-essays-04045,emerson-essays,3
emerson-essays-04046,emerson-essays,9
emerson-essays-04047,emerson-essays,21
emerson-essays-04048,emerson-essays,5
emerson-essays-04049,emerson-essays,21
emerson-essays-04050,emerson-essays,21
emerson-essays-04051,emerson-essays,2
emerson-essays-04052,emerson-essays,9
emerson-essays-04053,emerson-essays,27
emerson-essays-04054,emerson-essays,9
emerson-essays-04055,emerson-essays,24
emerson-essays-04056,emerson-essays,0
emerson-essays-04057,emerson-essays,2
emerson-essays-04058,emerson-essays,21
emerson-essays-04059,emerson-essays,2
emerson-essays-04060,emerson-essays,2
emerson-essays-04061,emerson-essays,2
emerson-essays-04062,emerson-essays,2
emerson-essays-04063,emerson-essays,17
emerson-essays-04064,emerson-essays,17
emerson-essays-04065,emerson-essays,9
emerson-essays-04066,emerson-essays,17
emerson-essays-04067,emerson-essays,28
emerson-essays-04068,emerson-essays,2
emerson-essays-04069,emerson-essays,5
emerson-essays-04070,emerson-essays,13
emerson-essays-04071,emerson-essays,21
emerson-essays-04072,emerson-essays,2
emerson-essays-04073,emerson-essays,9
emerson-essays-04074,emerson-essays,9
emerson-essays-04075,emerson-essays,2
emerson-essays-04076,emerson-essays,2
emerson-essays-04077,emerson-essays,2
emerson-essays-04078,emerson-essays,5
emerson-essays-04079,emerson-essays,13
emerson-essays-04080,emerson-essays,21
emerson-essays-04081,emerson-essays,8
emerson-essays-04082,emerson-essays,21
emerson-essays-04083,emerson-essays,28
emerson-essays-04084,emerson-essays,2
emerson-essays-04085,emerson-essays,5
emerson-essays-04086,emerson-essays,8
emerson-essays-04087,emerson-essays,2
emerson-essays-04088,emerson-essays,21
emerson-essays-04089,emerson-essays,21
emerson-essays-04090,emerson-essays,22
emerson-essays-04091,emerson-essays,21
emerson-essays-04092,emerson-essays,24
emerson-essays-04093,emerson-essays,24
emerson-essays-04094,emerson-essays,2
emerson-essays-04095,emerson-essays,2
emerson-essays-04096,emerson-essays,20
emerson-essays-04097,emerson-essays,5
emerson-essays-04098,emerson-essays,20
emerson-essays-04099,emerson-essays,5
emerson-essays-04100,emerson-essays,9
emerson-essays-04101,emerson-essays,8
emerson-essays-04102,emerson-essays,5
emerson-essays-04103,emerson-essays,2
emerson-essays-04104,emerson-essays,5
emerson-essays-04105,emerson-essays,5
emerson-essays-04106,emerson-essays,21
emerson-essays-04107,emerson-essays,13
emerson-essays-04108,emerson-essays,27
emerson-essays-04109,emerson-essays,5
emerson-essays-04110,emerson-essays,5
emerson-essays-04111,emerson-essays,5
emerson-essays-04112,emerson-essays,5
emerson-essays-04113,emerson-essays,2
emerson-essays-04114,emerson-essays,20
emerson-essays-04115,emerson-essays,20
emerson-essays-04116,emerson-essays,2
emerson-essays-04117,emerson-essays,2
emerson-essays-04118,emerson-essays,9
emerson-essays-04119,emerson-essays,9
emerson-essays-04120,emerson-essays,27
emerson-essays-04121,emerson-essays,27
emerson-essays-04122,emerson-essays,9
emerson-essays-04123,emerson-essays,2
emerson-essays-04124,emerson-essays,2
emerson-essays-04125,emerson-essays,17
emerson-essays-04126,emerson-essays,21
emerson-essays-04127,emerson-essays,21
emerson-essays-04128,emerson-essays,2
emerson-essays-04129,emerson-essays,17
emerson-essays-04130,emerson-essays,17
emerson-essays-04131,emerson-essays,21
emerson-essays-04132,emerson-essays,3
emerson-essays-04133,emerson-essays,21
emerson-essays-04134,emerson-essays,21
emerson-essays-04135,emerson-essays,5
emerson-essays-04136,emerson-essays,27
emerson-essays-04137,emerson-essays,27
emerson-essays-04138,emerson-essays,4
emerson-essays-04139,emerson-essays,27
emerson-essays-04140,emerson-essays,27
emerson-essays-04141,emerson-essays,20
emerson-essays-04142,emerson-essays,20
emerson-essays-04143,emerson-essays,8
emerson-essays-04144,emerson-essays,8
emerson-essays-04145,emerson-essays,2
emerson-essays-04146,emerson-essays,13
emerson-essays-04147,emerson-essays,8
emerson-essays-04148,emerson-essays,9
emerson-essays-04149,emerson-essays,11
emerson-essays-04150,emerson-essays,3
emerson-essays-04151,emerson-essays,3
emerson-essays-04152,emerson-essays,11
emerson-essays-04153,emerson-essays,22
emerson-essays-04154,emerson-essays,27
emerson-essays-04155,emerson-essays,21
emerson-essays-04156,emerson-essays,11
emerson-essays-04157,emerson-essays,24
emerson-essays-04158,emerson-essays,25
emerson-essays-04159,emerson-essays,21
emerson-essays-04160,emerson-essays,22
emerson-essays-04161,emerson-essays,2
emerson-essays-04162,emerson-essays,3
emerson-essays-04163,emerson-essays,3
emerson-essays-04164,emerson-essays,25
emerson-essays-04165,emerson-essays,2
emerson-essays-04166,emerson-essays,21
emerson-essays-04167,emerson-essays,21
emerson-essays-04168,emerson-essays,2
emerson-essays-04169,emerson-essays,2
emerson-essays-04170,emerson-essays,21
emerson-essays-04171,emerson-essays,28
emerson-essays-04172,emerson-essays,8
emerson-essays-04173,emerson-essays,8
emerson-essays-04174,emerson-essays,27
emerson-essays-04175,emerson-essays,21
emerson-essays-04176,emerson-essays,5
emerson-essays-04177,emerson-essays,4
emerson-essays-04178,emerson-essays,2
emerson-essays-04179,emerson-essays,27
emerson-essays-04180,emerson-essays,13
emerson-essays-04181,emerson-essays,21
emerson-essays-04182,emerson-essays,13
emerson-essays-04183,emerson-essays,8
emerson-essays-04184,emerson-essays,20
emerson-essays-04185,emerson-essays,8
emerson-essays-04186,emerson-essays,20
emerson-essays-04187,emerson-essays,17
emerson-essays-04188,emerson-essays,20
emerson-essays-04189,emerson-essays,23
emerson-essays-04190,emerson-essays,9
emerson-essays-04191,emerson-essays,9
emerson-essays-04192,emerson-essays,17
emerson-essays-04193,emerson-essays,21
emerson-essays-04194,emerson-essays,21
emerson-essays-04195,emerson-essays,2
emerson-essays-04196,emerson-essays,2
emerson-essays-04197,emerson-essays,22
emerson-essays-04198,emerson-essays,20
emerson-essays-04199,emerson-essays,21
emerson-essays-04200,emerson-essays,20
emerson-essays-04201,emerson-essays,5
emerson-essays-04202,emerson-essays,20
emerson-essays-04203,emerson-essays,20
emerson-essays-04204,emerson-essays,4
emerson-essays-04205,emerson-essays,9
emerson-essays-04206,emerson-essays,5
emerson-essays-04207,emerson-essays,21
emerson-essays-04208,emerson-essays,20
emerson-essays-04209,emerson-essays,5
emerson-essays-04210,emerson-essays,5
emerson-essays-04211,emerson-essays,8
emerson-essays-04212,emerson-essays,5
emerson-essays-04213,emerson-essays,27
emerson-essays-04214,emerson-essays,22
emerson-essays-04215,emerson-essays,5
emerson-essays-04216,emerson-essays,20
emerson-essays-04217,emerson-essays,4
emerson-essays-04218,emerson-essays,25
emerson-essays-04219,emerson-essays,22
emerson-essays-04220,emerson-essays,22
emerson-essays-04221,emerson-essays,2
emerson-essays-04222,emerson-essays,4
emerson-essays-04223,emerson-essays,20
emerson-essays-04224,emerson-essays,24
emerson-essays-04225,emerson-essays,21
emerson-essays-04226,emerson-essays,9
emerson-essays-04227,emerson-essays,2
emerson-essays-04228,emerson-essays,5
emerson-essays-04229,emerson-essays,17
emerson-essays-04230,emerson-essays,17
emerson-essays-04231,emerson-essays,17
emerson-essays-04232,emerson-essays,17
emerson-essays-04233,emerson-essays,17
emerson-essays-04234,emerson-essays,17
emerson-essays-04235,emerson-essays,17
emerson-essays-04236,emerson-essays,11
emerson-essays-04237,emerson-essays,2
emerson-essays-04238,emerson-essays,17
emerson-essays-04239,emerson-essays,9
emerson-essays-04240,emerson-essays,29
emerson-essays-04241,emerson-essays,2
emerson-essays-04242,emerson-essays,27
emerson-essays-04243,emerson-essays,9
emerson-essays-04244,emerson-essays,21
emerson-essays-04245,emerson-essays,21
emerson-essays-04246,emerson-essays,13
emerson-essays-04247,emerson-essays,2
emerson-essays-04248,emerson-essays,2
emerson-essays-04249,emerson-essays,17
emerson-essays-04250,emerson-essays,2
emerson-essays-04251,emerson-essays,4
emerson-essays-04252,emerson-essays,2
emerson-essays-04253,emerson-essays,17
emerson-essays-04254,emerson-essays,5
emerson-essays-04255,emerson-essays,20
emerson-essays-04256,emerson-essays,4
emerson-essays-04257,emerson-essays,9
emerson-essays-04258,emerson-essays,21
emerson-essays-04259,emerson-essays,23
emerson-essays-04260,emerson-essays,17
emerson-essays-04261,emerson-essays,5
emerson-essays-04262,emerson-essays,9
emerson-essays-04263,emerson-essays,5
emerson-essays-04264,emerson-essays,21
emerson-essays-04265,emerson-essays,21
emerson-essays-04266,emerson-essays,5
emerson-essays-04267,emerson-essays,5
emerson-essays-04268,emerson-essays,8
emerson-essays-04269,emerson-essays,9
emerson-essays-04270,emerson-essays,11
emerson-essays-04271,emerson-essays,29
emerson-essays-04272,emerson-essays,5
emerson-essays-04273,emerson-essays,8
emerson-essays-04274,emerson-essays,5
emerson-essays-04275,emerson-essays,5
emerson-essays-04276,emerson-essays,21
emerson-essays-04277,emerson-essays,21
emerson-essays-04278,emerson-essays,21
emerson-essays-04279,emerson-essays,11
emerson-essays-04280,emerson-essays,21
emerson-essays-04281,emerson-essays,22
emerson-essays-04282,emerson-essays,2
emerson-essays-04283,emerson-essays,15
emerson-essays-04284,emerson-essays,11
emerson-essays-04285,emerson-essays,2
emerson-essays-04286,emerson-essays,9
emerson-essays-04287,emerson-essays,23
emerson-essays-04288,emerson-essays,2
emerson-essays-04289,emerson-essays,28
emerson-essays-04290,emerson-essays,2
emerson-essays-04291,emerson-essays,8
emerson-essays-04292,emerson-essays,20
emerson-essays-04293,emerson-essays,20
emerson-essays-04294,emerson-essays,21
emerson-essays-04295,emerson-essays,5
emerson-essays-04296,emerson-essays,5
emerson-essays-04297,emerson-essays,28
emerson-essays-04298,emerson-essays,8
emerson-essays-04299,emerson-essays,0
emerson-essays-04300,emerson-essays,17
emerson-essays-04301,emerson-essays,21
emerson-essays-04302,emerson-essays,21
emerson-essays-04303,emerson-essays,21
emerson-essays-04304,emerson-essays,21
emerson-essays-04305,emerson-essays,17
emerson-essays-04306,emerson-essays,13
emerson-essays-04307,emerson-essays,21
emerson-essays-04308,emerson-essays,2
emerson-essays-04309,emerson-essays,21
emerson-essays-04310,emerson-essays,21
emerson-essays-04311,emerson-essays,3
emerson-essays-04312,emerson-essays,9
emerson-essays-04313,emerson-essays,9
emerson-essays-04314,emerson-essays,21
emerson-essays-04315,emerson-essays,2
emerson-essays-04316,emerson-essays,9
emerson-essays-04317,emerson-essays,13
emerson-essays-04318,emerson-essays,13
emerson-essays-04319,emerson-essays,11
emerson-essays-04320,emerson-essays,8
emerson-essays-04321,emerson-essays,9
emerson-essays-04322,emerson-essays,8
emerson-essays-04323,emerson-essays,21
emerson-essays-04324,emerson-essays,21
emerson-essays-04325,emerson-essays,3
emerson-essays-04326,emerson-essays,17
emerson-essays-04327,emerson-essays,9
emerson-essays-04328,emerson-essays,21
emerson-essays-04329,emerson-essays,9
emerson-essays-04330,emerson-essays,5
emerson-essays-04331,emerson-essays,2
emerson-essays-04332,emerson-essays,21
emerson-essays-04333,emerson-essays,11
emerson-essays-04334,emerson-essays,24
emerson-essays-04335,emerson-essays,4
emerson-essays-04336,emerson-essays,11
emerson-essays-04337,emerson-essays,28
emerson-essays-04338,emerson-essays,11
emerson-essays-04339,emerson-essays,2
emerson-essays-04340,emerson-essays,22
emerson-essays-04341,emerson-essays,3
emerson-essays-04342,emerson-essays,21
emerson-essays-04343,emerson-essays,20
emerson-essays-04344,emerson-essays,9
emerson-essays-04345,emerson-essays,13
emerson-essays-04346,emerson-essays,5
emerson-essays-04347,emerson-essays,5
emerson-essays-04348,emerson-essays,5
emerson-essays-04349,emerson-essays,21
emerson-essays-04350,emerson-essays,13
emerson-essays-04351,emerson-essays,2
emerson-essays-04352,emerson-essays,4
emerson-essays-04353,emerson-essays,13
emerson-essays-04354,emerson-essays,13
emerson-essays-04355,emerson-essays,9
emerson-essays-04356,emerson-essays,13
emerson-essays-04357,emerson-essays,9
emerson-essays-04358,emerson-essays,5
emerson-essays-04359,emerson-essays,5
emerson-essays-04360,emerson-essays,21
emerson-essays-04361,emerson-essays,8
emerson-essays-04362,emerson-essays,21
emerson-essays-04363,emerson-essays,21
emerson-essays-04364,emerson-essays,5
emerson-essays-04365,emerson-essays,20
emerson-essays-04366,emerson-essays,2
emerson-essays-04367,emerson-essays,24
emerson-essays-04368,emerson-essays,3
emerson-essays-04369,emerson-essays,22
emerson-essays-04370,emerson-essays,9
emerson-essays-04371,emerson-essays,5
emerson-essays-04372,emerson-essays,5
emerson-essays-04373,emerson-essays,8
emerson-essays-04374,emerson-essays,27
emerson-essays-04375,emerson-essays,9
emerson-essays-04376,emerson-essays,21
emerson-essays-04377,emerson-essays,9
emerson-essays-04378,emerson-essays,9
emerson-essays-04379,emerson-essays,9
emerson-essays-04380,emerson-essays,3
emerson-essays-04381,emerson-essays,21
emerson-essays-04382,emerson-essays,5
emerson-essays-04383,emerson-essays,5
emerson-essays-04384,emerson-essays,9
emerson-essays-04385,emerson-essays,9
emerson-essays-04386,emerson-essays,24
emerson-essays-04387,emerson-essays,9
emerson-essays-04388,emerson-essays,9
emerson-essays-04389,emerson-essays,21
emerson-essays-04390,emerson-essays,9
emerson-essays-04391,emerson-essays,8
emerson-essays-04392,emerson-essays,9
emerson-essays-04393,emerson-essays,5
emerson-essays-04394,emerson-essays,8
emerson-essays-04395,emerson-essays,27
emerson-essays-04396,emerson-essays,9
emerson-essays-04397,emerson-essays,9
emerson-essays-04398,emerson-essays,8
emerson-essays-04399,emerson-essays,1
emerson-essays-04400,emerson-essays,1
emerson-essays-04401,emerson-essays,27
emerson-essays-04402,emerson-essays,9
emerson-essays-04403,emerson-essays,9
emerson-essays-04404,emerson-essays,9
emerson-essays-04405,emerson-essays,9
emerson-essays-04406,emerson-essays,8
emerson-essays-04407,emerson-essays,9
emerson-essays-04408,emerson-essays,9
emerson-essays-04409,emerson-essays,8
emerson-essays-04410,emerson-essays,5
emerson-essays-04411,emerson-essays,9
emerson-essays-04412,emerson-essays,5
emerson-essays-04413,emerson-essays,8
emerson-essays-04414,emerson-essays,9
emerson-essays-04415,emerson-essays,5
emerson-essays-04416,emerson-essays,9
emerson-essays-04417,emerson-essays,9
emerson-essays-04418,emerson-essays,9
emerson-essays-04419,emerson-essays,5
emerson-essays-04420,emerson-essays,9
emerson-essays-04421,emerson-essays,8
emerson-essays-04422,emerson-essays,9
emerson-essays-04423,emerson-essays,9
emerson-essays-04424,emerson-essays,9
emerson-essays-04425,emerson-essays,9
emerson-essays-04426,emerson-essays,9
emerson-essays-04427,emerson-essays,20
emerson-essays-04428,emerson-essays,5
emerson-essays-04429,emerson-essays,9
emerson-essays-04430,emerson-essays,9
emerson-essays-04431,emerson-essays,9
emerson-essays-04432,emerson-essays,9
emerson-essays-04433,emerson-essays,5
emerson-essays-04434,emerson-essays,9
emerson-essays-04435,emerson-essays,9
emerson-essays-04436,emerson-essays,5
emerson-essays-04437,emerson-essays,9
emerson-essays-04438,emerson-essays,9
emerson-essays-04439,emerson-essays,9
emerson-essays-04440,emerson-essays,9
emerson-essays-04441,emerson-essays,9
emerson-essays-04442,emerson-essays,21
emerson-essays-04443,emerson-essays,24
emerson-essays-04444,emerson-essays,21
emerson-essays-04445,emerson-essays,9
emerson-essays-04446,emerson-essays,9
emerson-essays-04447,emerson-essays,5
emerson-essays-04448,emerson-essays,27
emerson-essays-04449,emerson-essays,9
emerson-essays-04450,emerson-essays,9
emerson-essays-04451,emerson-essays,9
emerson-essays-04452,emerson-essays,9
emerson-essays-04453,emerson-essays,5
emerson-essays-04454,emerson-essays,8
emerson-essays-04455,emerson-essays,23
emerson-essays-04456,emerson-essays,5
emerson-essays-04457,emerson-essays,9
emerson-essays-04458,emerson-essays,0
emerson-essays-04459,emerson-essays,9
emerson-essays-04460,emerson-essays,9
emerson-essays-04461,emerson-essays,9
emerson-essays-04462,emerson-essays,9
emerson-essays-04463,emerson-essays,28
emerson-essays-04464,emerson-essays,25
emerson-essays-04465,emerson-essays,9
emerson-essays-04466,emerson-essays,9
emerson-essays-04467,emerson-essays,9
emerson-essays-04468,emerson-essays,9
emerson-essays-04469,emerson-essays,9
emerson-essays-04470,emerson-essays,9
emerson-essays-04471,emerson-essays,9
emerson-essays-04472,emerson-essays,9
emerson-essays-04473,emerson-essays,3
emerson-essays-04474,emerson-essays,21
emerson-essays-04475,emerson-essays,20
emerson-essays-04476,emerson-essays,9
emerson-essays-04477,emerson-essays,9
emerson-essays-04478,emerson-essays,9
emerson-essays-04479,emerson-essays,9
emerson-essays-04480,emerson-essays,9
emerson-essays-04481,emerson-essays,9
emerson-essays-04482,emerson-essays,9
emerson-essays-04483,emerson-essays,9
emerson-essays-04484,emerson-essays,13
emerson-essays-04485,emerson-essays,21
emerson-essays-04486,emerson-essays,24
emerson-essays-04487,emerson-essays,9
emerson-essays-04488,emerson-essays,9
emerson-essays-04489,emerson-essays,9
emerson-essays-04490,emerson-essays,9
emerson-essays-04491,emerson-essays,9
emerson-essays-04492,emerson-essays,9
emerson-essays-04493,emerson-essays,27
emerson-essays-04494,emerson-essays,4
emerson-essays-04495,emerson-essays,0
emerson-essays-04496,emerson-essays,9
emerson-essays-04497,emerson-essays,9
emerson-essays-04498,emerson-essays,9
emerson-essays-04499,emerson-essays,9
emerson-essays-04500,emerson-essays,9
emerson-essays-04501,emerson-essays,9
emerson-essays-04502,emerson-essays,8
emerson-essays-04503,emerson-essays,5
emerson-essays-04504,emerson-essays,2
emerson-essays-04505,emerson-essays,27
emerson-essays-04506,emerson-essays,28
emerson-essays-04507,emerson-essays,8
emerson-essays-04508,emerson-essays,5
emerson-essays-04509,emerson-essays,0
emerson-essays-04510,emerson-essays,9
emerson-essays-04511,emerson-essays,5
emerson-essays-04512,emerson-essays,9
emerson-essays-04513,emerson-essays,27
emerson-essays-04514,emerson-essays,28
emerson-essays-04515,emerson-essays,9
emerson-essays-04516,emerson-essays,9
emerson-essays-04517,emerson-essays,20
emerson-essays-04518,emerson-essays,11
emerson-essays-04519,emerson-essays,8
emerson-essays-04520,emerson-essays,5
emerson-essays-04521,emerson-essays,9
emerson-essays-04522,emerson-essays,21
emerson-essays-04523,emerson-essays,9
emerson-essays-04524,emerson-essays,8
emerson-essays-04525,emerson-essays,9
emerson-essays-04526,emerson-essays,29
emerson-essays-04527,emerson-essays,29
emerson-essays-04528,emerson-essays,1
emerson-essays-04529,emerson-essays,21
emerson-essays-04530,emerson-essays,21
emerson-essays-04531,emerson-essays,29
emerson-essays-04532,emerson-essays,9
emerson-essays-04533,emerson-essays,9
emerson-essays-04534,emerson-essays,20
emerson-essays-04535,emerson-essays,1
emerson-essays-04536,emerson-essays,8
emerson-essays-04537,emerson-essays,8
emerson-essays-04538,emerson-essays,8
emerson-essays-04539,emerson-essays,28
emerson-essays-04540,emerson-essays,2
emerson-essays-04541,emerson-essays,9
emerson-essays-04542,emerson-essays,11
emerson-essays-04543,emerson-essays,11
emerson-essays-04544,emerson-essays,9
emerson-essays-04545,emerson-essays,3
emerson-essays-04546,emerson-essays,9
emerson-essays-04547,emerson-essays,9
emerson-essays-04548,emerson-essays,3
emerson-essays-04549,emerson-essays,21
emerson-essays-04550,emerson-essays,13
emerson-essays-04551,emerson-essays,17
emerson-essays-04552,emerson-essays,29
emerson-essays-04553,emerson-essays,25
emerson-essays-04554,emerson-essays,21
emerson-essays-04555,emerson-essays,21
emerson-essays-04556,emerson-essays,9
emerson-essays-04557,emerson-essays,5
emerson-essays-04558,emerson-essays,9
emerson-essays-04559,emerson-essays,9
emerson-essays-04560,emerson-essays,25
emerson-essays-04561,emerson-essays,9
emerson-essays-04562,emerson-essays,2
emerson-essays-04563,emerson-essays,9
emerson-essays-04564,emerson-essays,4
emerson-essays-04565,emerson-essays,5
emerson-essays-04566,emerson-essays,21
emerson-essays-04567,emerson-essays,9
emerson-essays-04568,emerson-essays,9
emerson-essays-04569,emerson-essays,20
emerson-essays-04570,emerson-essays,27
emerson-essays-04571,emerson-essays,8
emerson-essays-04572,emerson-essays,9
emerson-essays-04573,emerson-essays,22
emerson-essays-04574,emerson-essays,9
emerson-essays-04575,emerson-essays,27
emerson-essays-04576,emerson-essays,27
emerson-essays-04577,emerson-essays,0
emerson-essays-04578,emerson-essays,5
emerson-essays-04579,emerson-essays,27
emerson-essays-04580,emerson-essays,27
emerson-essays-04581,emerson-essays,22
emerson-essays-04582,emerson-essays,22
emerson-essays-04583,emerson-essays,22
emerson-essays-04584,emerson-essays,24
emerson-essays-04585,emerson-essays,3
emerson-essays-04586,emerson-essays,22
emerson-essays-04587,emerson-essays,21
emerson-essays-04588,emerson-essays,2
emerson-essays-04589,emerson-essays,21
emerson-essays-04590,emerson-essays,25
emerson-essays-04591,emerson-essays,9
emerson-essays-04592,emerson-essays,5
emerson-essays-04593,emerson-essays,9
emerson-essays-04594,emerson-essays,21
emerson-essays-04595,emerson-essays,13
emerson-essays-04596,emerson-essays,9
emerson-essays-04597,emerson-essays,9
emerson-essays-04598,emerson-essays,9
emerson-essays-04599,emerson-essays,21
emerson-essays-04600,emerson-essays,24
emerson-essays-04601,emerson-essays,5
emerson-essays-04602,emerson-essays,24
emerson-essays-04603,emerson-essays,2
emerson-essays-04604,emerson-essays,9
emerson-essays-04605,emerson-essays,9
emerson-essays-04606,emerson-essays,22
emerson-essays-04607,emerson-essays,22
emerson-essays-04608,emerson-essays,9
emerson-essays-04609,emerson-essays,22
emerson-essays-04610,emerson-essays,27
emerson-essays-04611,emerson-essays,2
emerson-essays-04612,emerson-essays,8
emerson-essays-04613,emerson-essays,22
emerson-essays-04614,emerson-essays,8
emerson-essays-04615,emerson-essays,27
emerson-essays-04616,emerson-essays,2
emerson-essays-04617,emerson-essays,11
emerson-essays-04618,emerson-essays,25
emerson-essays-04619,emerson-essays,9
emerson-essays-04620,emerson-essays,9
emerson-essays-04621,emerson-essays,27
emerson-essays-04622,emerson-essays,9
emerson-essays-04623,emerson-essays,24
emerson-essays-04624,emerson-essays,25
emerson-essays-04625,emerson-essays,2
emerson-essays-04626,emerson-essays,2
emerson-essays-04627,emerson-essays,2
emerson-essays-04628,emerson-essays,21
emerson-essays-04629,emerson-essays,24
emerson-essays-04630,emerson-essays,9
emerson-essays-04631,emerson-essays,27
emerson-essays-04632,emerson-essays,2
emerson-essays-04633,emerson-essays,9
emerson-essays-04634,emerson-essays,5
emerson-essays-04635,emerson-essays,8
emerson-essays-04636,emerson-essays,5
emerson-essays-04637,emerson-essays,5
emerson-essays-04638,emerson-essays,20
emerson-essays-04639,emerson-essays,8
emerson-essays-04640,emerson-essays,5
emerson-essays-04641,emerson-essays,5
emerson-essays-04642,emerson-essays,5
emerson-essays-04643,emerson-essays,5
emerson-essays-04644,emerson-essays,27
emerson-essays-04645,emerson-essays,5
emerson-essays-04646,emerson-essays,21
emerson-essays-04647,emerson-essays,21
emerson-essays-04648,emerson-essays,2
emerson-essays-04649,emerson-essays,5
emerson-essays-04650,emerson-essays,5
emerson-essays-04651,emerson-essays,5
emerson-essays-04652,emerson-essays,27
emerson-essays-04653,emerson-essays,5
emerson-essays-04654,emerson-essays,5
emerson-essays-04655,emerson-essays,5
emerson-essays-04656,emerson-essays,5
emerson-essays-04657,emerson-essays,8
emerson-essays-04658,emerson-essays,20
emerson-essays-04659,emerson-essays,11
emerson-essays-04660,emerson-essays,5
emerson-essays-04661,emerson-essays,9
emerson-essays-04662,emerson-essays,9
emerson-essays-04663,emerson-essays,20
emerson-essays-04664,emerson-essays,5
emerson-essays-04665,emerson-essays,9
emerson-essays-04666,emerson-essays,5
emerson-essays-04667,emerson-essays,13
emerson-essays-04668,emerson-essays,5
emerson-essays-04669,emerson-essays,9
emerson-essays-04670,emerson-essays,21
emerson-essays-04671,emerson-essays,5
emerson-essays-04672,emerson-essays,5
emerson-essays-04673,emerson-essays,5
emerson-essays-04674,emerson-essays,13
emerson-essays-04675,emerson-essays,5
emerson-essays-04676,emerson-essays,5
emerson-essays-04677,emerson-essays,5
emerson-essays-04678,emerson-essays,9
emerson-essays-04679,emerson-essays,5
emerson-essays-04680,emerson-essays,5
emerson-essays-04681,emerson-essays,5
emerson-essays-04682,emerson-essays,5
emerson-essays-04683,emerson-essays,2
emerson-essays-04684,emerson-essays,5
emerson-essays-04685,emerson-essays,5
emerson-essays-04686,emerson-essays,5
emerson-essays-04687,emerson-essays,5
emerson-essays-04688,emerson-essays,5
emerson-essays-04689,emerson-essays,9
emerson-essays-04690,emerson-essays,13
emerson-essays-04691,emerson-essays,11
emerson-essays-04692,emerson-essays,21
emerson-essays-04693,emerson-essays,9
emerson-essays-04694,emerson-essays,11
emerson-essays-04695,emerson-essays,13
emerson-essays-04696,emerson-essays,13
emerson-essays-04697,emerson-essays,11
emerson-essays-04698,emerson-essays,13
emerson-essays-04699,emerson-essays,9
emerson-essays-04700,emerson-essays,9
emerson-essays-04701,emerson-essays,5
emerson-essays-04702,emerson-essays,21
emerson-essays-04703,emerson-essays,3
emerson-essays-04704,emerson-essays,8
emerson-essays-04705,emerson-essays,5
emerson-essays-04706,emerson-essays,9
emerson-essays-04707,emerson-essays,19
emerson-essays-04708,emerson-essays,9
emerson-essays-04709,emerson-essays,5
emerson-essays-04710,emerson-essays,5
emerson-essays-04711,emerson-essays,21
emerson-essays-04712,emerson-essays,28
emerson-essays-04713,emerson-essays,27
emerson-essays-04714,emerson-essays,21
emerson-essays-04715,emerson-essays,4
emerson-essays-04716,emerson-essays,2
emerson-essays-04717,emerson-essays,5
emerson-essays-04718,emerson-essays,5
emerson-essays-04719,emerson-essays,20
emerson-essays-04720,emerson-essays,5
emerson-essays-04721,emerson-essays,4
emerson-essays-04722,emerson-essays,8
emerson-essays-04723,emerson-essays,8
emerson-essays-04724,emerson-essays,20
emerson-essays-04725,emerson-essays,21
emerson-essays-04726,emerson-essays,20
emerson-essays-04727,emerson-essays,8
emerson-essays-04728,emerson-essays,29
emerson-essays-04729,emerson-essays,29
emerson-essays-04730,emerson-essays,29
emerson-essays-04731,emerson-essays,8
emerson-essays-04732,emerson-essays,21
emerson-essays-04733,emerson-essays,5
emerson-essays-04734,emerson-essays,8
emerson-essays-04735,emerson-essays,20
emerson-essays-04736,emerson-essays,21
emerson-essays-04737,emerson-essays,21
emerson-essays-04738,emerson-essays,8
emerson-essays-04739,emerson-essays,20
emerson-essays-04740,emerson-essays,21
emerson-essays-04741,emerson-essays,5
emerson-essays-04742,emerson-essays,21
emerson-essays-04743,emerson-essays,2
emerson-essays-04744,emerson-essays,21
emerson-essays-04745,emerson-essays,20
emerson-essays-04746,emerson-essays,20
emerson-essays-04747,emerson-essays,21
emerson-essays-04748,emerson-essays,20
emerson-essays-04749,emerson-essays,20
emerson-essays-04750,emerson-essays,11
emerson-essays-04751,emerson-essays,24
emerson-essays-04752,emerson-essays,2
emerson-essays-04753,emerson-essays,8
emerson-essays-04754,emerson-essays,2
emerson-essays-04755,emerson-essays,11
emerson-essays-04756,emerson-essays,8
emerson-essays-04757,emerson-essays,13
emerson-essays-04758,emerson-essays,21
emerson-essays-04759,emerson-essays,5
emerson-essays-04760,emerson-essays,4
emerson-essays-04761,emerson-essays,20
emerson-essays-04762,emerson-essays,20
emerson-essays-04763,emerson-essays,5
emerson-essays-04764,emerson-essays,4
emerson-essays-04765,emerson-essays,4
emerson-essays-04766,emerson-essays,2
emerson-essays-04767,emerson-essays,17
emerson-essays-04768,emerson-essays,17
emerson-essays-04769,emerson-essays,17
emerson-essays-04770,emerson-essays,2
emerson-essays-04771,emerson-essays,4
emerson-essays-04772,emerson-essays,28
emerson-essays-04773,emerson-essays,13
emerson-essays-04774,emerson-essays,20
emerson-essays-04775,emerson-essays,28
emerson-essays-04776,emerson-essays,20
emerson-essays-04777,emerson-essays,29
emerson-essays-04778,emerson-essays,5
emerson-essays-04779,emerson-essays,5
emerson-essays-04780,emerson-essays,2
emerson-essays-04781,emerson-essays,5
emerson-essays-04782,emerson-essays,5
emerson-essays-04783,emerson-essays,11
emerson-essays-04784,emerson-essays,25
emerson-essays-04785,emerson-essays,11
emerson-essays-04786,emerson-essays,21
emerson-essays-04787,emerson-essays,27
emerson-essays-04788,emerson-essays,20
emerson-essays-04789,emerson-essays,13
emerson-essays-04790,emerson-essays,8
emerson-essays-04791,emerson-essays,13
emerson-essays-04792,emerson-essays,20
emerson-essays-04793,emerson-essays,5
emerson-essays-04794,emerson-essays,5
emerson-essays-04795,emerson-essays,20
emerson-essays-04796,emerson-essays,5
emerson-essays-04797,emerson-essays,20
emerson-essays-04798,emerson-essays,5
emerson-essays-04799,emerson-essays,2
emerson-essays-04800,emerson-essays,20
emerson-essays-04801,emerson-essays,20
emerson-essays-04802,emerson-essays,17
emerson-essays-04803,emerson-essays,21
emerson-essays-04804,emerson-essays,20
emerson-essays-04805,emerson-essays,21
emerson-essays-04806,emerson-essays,5
emerson-essays-04807,emerson-essays,5
emerson-essays-04808,emerson-essays,5
emerson-essays-04809,emerson-essays,3
emerson-essays-04810,emerson-essays,11
emerson-essays-04811,emerson-essays,2
emerson-essays-04812,emerson-essays,5
emerson-essays-04813,emerson-essays,23
emerson-essays-04814,emerson-essays,11
emerson-essays-04815,emerson-essays,5
emerson-essays-04816,emerson-essays,20
emerson-essays-04817,emerson-essays,11
emerson-essays-04818,emerson-essays,11
emerson-essays-04819,emerson-essays,3
emerson-essays-04820,emerson-essays,3
emerson-essays-04821,emerson-essays,9
emerson-essays-04822,emerson-essays,8
emerson-essays-04823,emerson-essays,5
emerson-essays-04824,emerson-essays,11
emerson-essays-04825,emerson-essays,11
emerson-essays-04826,emerson-essays,5
emerson-essays-04827,emerson-essays,2
emerson-essays-04828,emerson-essays,11
emerson-essays-04829,emerson-essays,8
emerson-essays-04830,emerson-essays,20
emerson-essays-04831,emerson-essays,20
emerson-essays-04832,emerson-essays,21
emerson-essays-04833,emerson-essays,21
emerson-essays-04834,emerson-essays,5
emerson-essays-04835,emerson-essays,21
emerson-essays-04836,emerson-essays,5
emerson-essays-04837,emerson-essays,13
emerson-essays-04838,emerson-essays,21
emerson-essays-04839,emerson-essays,2
emerson-essays-04840,emerson-essays,8
emerson-essays-04841,emerson-essays,21
emerson-essays-04842,emerson-essays,22
emerson-essays-04843,emerson-essays,20
emerson-essays-04844,emerson-essays,20
emerson-essays-04845,emerson-essays,5
emerson-essays-04846,emerson-essays,22
emerson-essays-04847,emerson-essays,5
emerson-essays-04848,emerson-essays,5
emerson-essays-04849,emerson-essays,8
emerson-essays-04850,emerson-essays,11
emerson-essays-04851,emerson-essays,5
emerson-essays-04852,emerson-essays,8
emerson-essays-04853,emerson-essays,8
emerson-essays-04854,emerson-essays,21
emerson-essays-04855,emerson-essays,5
emerson-essays-04856,emerson-essays,8
emerson-essays-04857,emerson-essays,21
emerson-essays-04858,emerson-essays,20
emerson-essays-04859,emerson-essays,3
emerson-essays-04860,emerson-essays,21
emerson-essays-04861,emerson-essays,3
emerson-essays-04862,emerson-essays,8
emerson-essays-04863,emerson-essays,9
emerson-essays-04864,emerson-essays,9
emerson-essays-04865,emerson-essays,3
emerson-essays-04866,emerson-essays,11
emerson-essays-04867,emerson-essays,29
emerson-essays-04868,emerson-essays,3
emerson-essays-04869,emerson-essays,8
emerson-essays-04870,emerson-essays,3
emerson-essays-04871,emerson-essays,8
emerson-essays-04872,emerson-essays,3
emerson-essays-04873,emerson-essays,3
emerson-essays-04874,emerson-essays,11
emerson-essays-04875,emerson-essays,11
emerson-essays-04876,emerson-essays,9
emerson-essays-04877,emerson-essays,5
emerson-essays-04878,emerson-essays,3
emerson-essays-04879,emerson-essays,3
emerson-essays-04880,emerson-essays,21
emerson-essays-04881,emerson-essays,8
emerson-essays-04882,emerson-essays,22
emerson-essays-04883,emerson-essays,8
emerson-essays-04884,emerson-essays,24
emerson-essays-04885,emerson-essays,9
emerson-essays-04886,emerson-essays,11
emerson-essays-04887,emerson-essays,5
emerson-essays-04888,emerson-essays,21
emerson-essays-04889,emerson-essays,11
emerson-essays-04890,emerson-essays,3
emerson-essays-04891,emerson-essays,8
emerson-essays-04892,emerson-essays,8
emerson-essays-04893,emerson-essays,8
emerson-essays-04894,emerson-essays,9
emerson-essays-04895,emerson-essays,11
emerson-essays-04896,emerson-essays,3
emerson-essays-04897,emerson-essays,9
emerson-essays-04898,emerson-essays,9
emerson-essays-04899,emerson-essays,21
emerson-essays-04900,emerson-essays,9
emerson-essays-04901,emerson-essays,8
emerson-essays-04902,emerson-essays,11
emerson-essays-04903,emerson-essays,17
emerson-essays-04904,emerson-essays,20
thoreau-walden-04905,thoreau-walden,29
thoreau-walden-04906,thoreau-walden,27
thoreau-walden-04907,thoreau-walden,29
thoreau-walden-04908,thoreau-walden,28
thoreau-walden-04909,thoreau-walden,2
thoreau-walden-04910,thoreau-walden,11
thoreau-walden-04911,thoreau-walden,24
thoreau-walden-04912,thoreau-walden,29
thoreau-walden-04913,thoreau-walden,29
thoreau-walden-04914,thoreau-walden,8
thoreau-walden-04915,thoreau-walden,26
thoreau-walden-04916,thoreau-walden,29
thoreau-walden-04917,thoreau-walden,29
thoreau-walden-04918,thoreau-walden,29
thoreau-walden-04919,thoreau-walden,22
thoreau-walden-04920,thoreau-walden,24
thoreau-walden-04921,thoreau-walden,9
thoreau-walden-04922,thoreau-walden,25
thoreau-walden-04923,thoreau-walden,17
thoreau-walden-04924,thoreau-walden,21
thoreau-walden-04925,thoreau-walden,17
thoreau-walden-04926,thoreau-walden,17
thoreau-walden-04927,thoreau-walden,9
thoreau-walden-04928,thoreau-walden,2
thoreau-walden-04929,thoreau-walden,21
thoreau-walden-04930,thoreau-walden,2
thoreau-walden-04931,thoreau-walden,2
thoreau-walden-04932,thoreau-walden,21
thoreau-walden-04933,thoreau-walden,5
thoreau-walden-04934,thoreau-walden,11
thoreau-walden-04935,thoreau-walden,11
thoreau-walden-04936,thoreau-walden,28
thoreau-walden-04937,thoreau-walden,29
thoreau-walden-04938,thoreau-walden,29
thoreau-walden-04939,thoreau-walden,21
thoreau-walden-04940,thoreau-walden,20
thoreau-walden-04941,thoreau-walden,5
thoreau-walden-04942,thoreau-walden,4
thoreau-walden-04943,thoreau-walden,17
thoreau-walden-04944,thoreau-walden,5
thoreau-walden-04945,thoreau-walden,21
thoreau-walden-04946,thoreau-walden,2
thoreau-walden-04947,thoreau-walden,29
thoreau-walden-04948,thoreau-walden,20
thoreau-walden-04949,thoreau-walden,29
thoreau-walden-04950,thoreau-walden,29
thoreau-walden-04951,thoreau-walden,2
thoreau-walden-04952,thoreau-walden,29
thoreau-walden-04953,thoreau-walden,20
thoreau-walden-04954,thoreau-walden,29
thoreau-walden-04955,thoreau-walden,29
thoreau-walden-04956,thoreau-walden,29
thoreau-walden-04957,thoreau-walden,29
thoreau-walden-04958,thoreau-walden,23
thoreau-walden-04959,thoreau-walden,23
thoreau-walden-04960,thoreau-walden,11
thoreau-walden-04961,thoreau-walden,21
thoreau-walden-04962,thoreau-walden,21
thoreau-walden-04963,thoreau-walden,1
thoreau-walden-04964,thoreau-walden,21
thoreau-walden-04965,thoreau-walden,5
thoreau-walden-04966,thoreau-walden,17
thoreau-walden-04967,thoreau-walden,23
thoreau-walden-04968,thoreau-walden,28
thoreau-walden-04969,thoreau-walden,28
thoreau-walden-04970,thoreau-walden,1
thoreau-walden-04971,thoreau-walden,1
thoreau-walden-04972,thoreau-walden,8
thoreau-walden-04973,thoreau-walden,17
thoreau-walden-04974,thoreau-walden,1
thoreau-walden-04975,thoreau-walden,29
thoreau-walden-04976,thoreau-walden,17
thoreau-walden-04977,thoreau-walden,29
thoreau-walden-04978,thoreau-walden,15
thoreau-walden-04979,thoreau-walden,17
thoreau-walden-04980,thoreau-walden,19
thoreau-walden-04981,thoreau-walden,29
thoreau-walden-04982,thoreau-walden,17
thoreau-walden-04983,thoreau-walden,8
thoreau-walden-04984,thoreau-walden,17
thoreau-walden-04985,thoreau-walden,26
thoreau-walden-04986,thoreau-walden,17
thoreau-walden-04987,thoreau-walden,24
thoreau-walden-04988,thoreau-walden,17
thoreau-walden-04989,thoreau-walden,24
thoreau-walden-04990,thoreau-walden,1
thoreau-walden-04991,thoreau-walden,2
thoreau-walden-04992,thoreau-walden,2
thoreau-walden-04993,thoreau-walden,9
thoreau-walden-04994,thoreau-walden,24
thoreau-walden-04995,thoreau-walden,17
thoreau-walden-04996,thoreau-walden,29
thoreau-walden-04997,thoreau-walden,8
thoreau-walden-04998,thoreau-walden,8
thoreau-walden-04999,thoreau-walden,21
thoreau-walden-05000,thoreau-walden,17
thoreau-walden-05001,thoreau-walden,2
thoreau-walden-05002,thoreau-walden,9
thoreau-walden-05003,thoreau-walden,8
thoreau-walden-05004,thoreau-walden,17
thoreau-walden-05005,thoreau-walden,29
thoreau-walden-05006,thoreau-walden,2
thoreau-walden-05007,thoreau-walden,25
thoreau-walden-05008,thoreau-walden,8
thoreau-walden-05009,thoreau-walden,17
thoreau-walden-05010,thoreau-walden,29
thoreau-walden-05011,thoreau-walden,29
thoreau-walden-05012,thoreau-walden,1
thoreau-walden-05013,thoreau-walden,29
thoreau-walden-05014,thoreau-walden,1
thoreau-walden-05015,thoreau-walden,1
thoreau-walden-05016,thoreau-walden,8
thoreau-walden-05017,thoreau-walden,29
thoreau-walden-05018,thoreau-walden,29
thoreau-walden-05019,thoreau-walden,17
thoreau-walden-05020,thoreau-walden,29
thoreau-walden-05021,thoreau-walden,29
thoreau-walden-05022,thoreau-walden,29
thoreau-walden-05023,thoreau-walden,29
thoreau-walden-05024,thoreau-walden,29
thoreau-walden-05025,thoreau-walden,29
thoreau-walden-05026,thoreau-walden,23
thoreau-walden-05027,thoreau-walden,17
thoreau-walden-05028,thoreau-walden,25
thoreau-walden-05029,thoreau-walden,17
thoreau-walden-05030,thoreau-walden,2
thoreau-walden-05031,thoreau-walden,9
thoreau-walden-05032,thoreau-walden,27
thoreau-walden-05033,thoreau-walden,5
thoreau-walden-05034,thoreau-walden,29
thoreau-walden-05035,thoreau-walden,29
thoreau-walden-05036,thoreau-walden,17
thoreau-walden-05037,thoreau-walden,2
thoreau-walden-05038,thoreau-walden,29
thoreau-walden-05039,thoreau-walden,29
thoreau-walden-05040,thoreau-walden,5
thoreau-walden-05041,thoreau-walden,29
thoreau-walden-05042,thoreau-walden,29
thoreau-walden-05043,thoreau-walden,2
thoreau-walden-05044,thoreau-walden,2
thoreau-walden-05045,thoreau-walden,29
thoreau-walden-05046,thoreau-walden,29
thoreau-walden-05047,thoreau-walden,2
thoreau-walden-05048,thoreau-walden,2
thoreau-walden-05049,thoreau-walden,29
thoreau-walden-05050,thoreau-walden,17
thoreau-walden-05051,thoreau-walden,29
thoreau-walden-05052,thoreau-walden,29
thoreau-walden-05053,thoreau-walden,29
thoreau-walden-05054,thoreau-walden,9
thoreau-walden-05055,thoreau-walden,29
thoreau-walden-05056,thoreau-walden,8
thoreau-walden-05057,thoreau-walden,29
thoreau-walden-05058,thoreau-walden,21
thoreau-walden-05059,thoreau-walden,29
thoreau-walden-05060,thoreau-walden,29
thoreau-walden-05061,thoreau-walden,8
thoreau-walden-05062,thoreau-walden,29
thoreau-walden-05063,thoreau-walden,29
thoreau-walden-05064,thoreau-walden,29
thoreau-walden-05065,thoreau-walden,29
thoreau-walden-05066,thoreau-walden,2
thoreau-walden-05067,thoreau-walden,29
thoreau-walden-05068,thoreau-walden,29
thoreau-walden-05069,thoreau-walden,23
thoreau-walden-05070,thoreau-walden,1
thoreau-walden-05071,thoreau-walden,26
thoreau-walden-05072,thoreau-walden,1
thoreau-walden-05073,thoreau-walden,1
thoreau-walden-05074,thoreau-walden,1
thoreau-walden-05075,thoreau-walden,1
thoreau-walden-05076,thoreau-walden,21
thoreau-walden-05077,thoreau-walden,1
thoreau-walden-05078,thoreau-walden,1
thoreau-walden-05079,thoreau-walden,24
thoreau-walden-05080,thoreau-walden,1
thoreau-walden-05081,thoreau-walden,1
thoreau-walden-05082,thoreau-walden,24
thoreau-walden-05083,thoreau-walden,1
thoreau-walden-05084,thoreau-walden,1
thoreau-walden-05085,thoreau-walden,24
thoreau-walden-05086,thoreau-walden,1
thoreau-walden-05087,thoreau-walden,29
thoreau-walden-05088,thoreau-walden,29
thoreau-walden-05089,thoreau-walden,29
thoreau-walden-05090,thoreau-walden,29
thoreau-walden-05091,thoreau-walden,29
thoreau-walden-05092,thoreau-walden,29
thoreau-walden-05093,thoreau-walden,29
thoreau-walden-05094,thoreau-walden,28
thoreau-walden-05095,thoreau-walden,3
thoreau-walden-05096,thoreau-walden,29
thoreau-walden-05097,thoreau-walden,24
thoreau-walden-05098,thoreau-walden,9
thoreau-walden-05099,thoreau-walden,29
thoreau-walden-05100,thoreau-walden,8
thoreau-walden-05101,thoreau-walden,8
thoreau-walden-05102,thoreau-walden,29
thoreau-walden-05103,thoreau-walden,1
thoreau-walden-05104,thoreau-walden,29
thoreau-walden-05105,thoreau-walden,29
thoreau-walden-05106,thoreau-walden,29
thoreau-walden-05107,thoreau-walden,29
thoreau-walden-05108,thoreau-walden,17
thoreau-walden-05109,thoreau-walden,4
thoreau-walden-05110,thoreau-walden,29
thoreau-walden-05111,thoreau-walden,11
thoreau-walden-05112,thoreau-walden,11
thoreau-walden-05113,thoreau-walden,17
thoreau-walden-05114,thoreau-walden,11
thoreau-walden-05115,thoreau-walden,11
thoreau-walden-05116,thoreau-walden,11
thoreau-walden-05117,thoreau-walden,8
thoreau-walden-05118,thoreau-walden,15
thoreau-walden-05119,thoreau-walden,17
thoreau-walden-05120,thoreau-walden,11
thoreau-walden-05121,thoreau-walden,24
thoreau-walden-05122,thoreau-walden,24
thoreau-walden-05123,thoreau-walden,17
thoreau-walden-05124,thoreau-walden,24
thoreau-walden-05125,thoreau-walden,17
thoreau-walden-05126,thoreau-walden,24
thoreau-walden-05127,thoreau-walden,17
thoreau-walden-05128,thoreau-walden,29
thoreau-walden-05129,thoreau-walden,29
thoreau-walden-05130,thoreau-walden,29
thoreau-walden-05131,thoreau-walden,29
thoreau-walden-05132,thoreau-walden,29
thoreau-walden-05133,thoreau-walden,12
thoreau-walden-05134,thoreau-walden,29
thoreau-walden-05135,thoreau-walden,29
thoreau-walden-05136,thoreau-walden,19
thoreau-walden-05137,thoreau-walden,29
thoreau-walden-05138,thoreau-walden,2
thoreau-walden-05139,thoreau-walden,17
thoreau-walden-05140,thoreau-walden,29
thoreau-walden-05141,thoreau-walden,2
thoreau-walden-05142,thoreau-walden,29
thoreau-walden-05143,thoreau-walden,2
thoreau-walden-05144,thoreau-walden,8
thoreau-walden-05145,thoreau-walden,15
thoreau-walden-05146,thoreau-walden,14
thoreau-walden-05147,thoreau-walden,29
thoreau-walden-05148,thoreau-walden,29
thoreau-walden-05149,thoreau-walden,29
thoreau-walden-05150,thoreau-walden,29
thoreau-walden-05151,thoreau-walden,17
thoreau-walden-05152,thoreau-walden,29
thoreau-walden-05153,thoreau-walden,29
thoreau-walden-05154,thoreau-walden,29
thoreau-walden-05155,thoreau-walden,17
thoreau-walden-05156,thoreau-walden,29
thoreau-walden-05157,thoreau-walden,29
thoreau-walden-05158,thoreau-walden,29
thoreau-walden-05159,thoreau-walden,29
thoreau-walden-05160,thoreau-walden,21
thoreau-walden-05161,thoreau-walden,17
thoreau-walden-05162,thoreau-walden,29
thoreau-walden-05163,thoreau-walden,1
thoreau-walden-05164,thoreau-walden,29
thoreau-walden-05165,thoreau-walden,29
thoreau-walden-05166,thoreau-walden,29
thoreau-walden-05167,thoreau-walden,29
thoreau-walden-05168,thoreau-walden,29
thoreau-walden-05169,thoreau-walden,29
thoreau-walden-05170,thoreau-walden,29
thoreau-walden-05171,thoreau-walden,29
thoreau-walden-05172,thoreau-walden,29
thoreau-walden-05173,thoreau-walden,29
thoreau-walden-05174,thoreau-walden,29
thoreau-walden-05175,thoreau-walden,1
thoreau-walden-05176,thoreau-walden,29
thoreau-walden-05177,thoreau-walden,29
thoreau-walden-05178,thoreau-walden,29
thoreau-walden-05179,thoreau-walden,1
thoreau-walden-05180,thoreau-walden,24
thoreau-walden-05181,thoreau-walden,29
thoreau-walden-05182,thoreau-walden,29
thoreau-walden-05183,thoreau-walden,1
thoreau-walden-05184,thoreau-walden,29
thoreau-walden-05185,thoreau-walden,29
thoreau-walden-05186,thoreau-walden,24
thoreau-walden-05187,thoreau-walden,4
thoreau-walden-05188,thoreau-walden,29
thoreau-walden-05189,thoreau-walden,29
thoreau-walden-05190,thoreau-walden,29
thoreau-walden-05191,thoreau-walden,2
thoreau-walden-05192,thoreau-walden,24
thoreau-walden-05193,thoreau-walden,29
thoreau-walden-05194,thoreau-walden,8
thoreau-walden-05195,thoreau-walden,5
thoreau-walden-05196,thoreau-walden,17
thoreau-walden-05197,thoreau-walden,17
thoreau-walden-05198,thoreau-walden,17
thoreau-walden-05199,thoreau-walden,29
thoreau-walden-05200,thoreau-walden,5
thoreau-walden-05201,thoreau-walden,17
thoreau-walden-05202,thoreau-walden,11
thoreau-walden-05203,thoreau-walden,17
thoreau-walden-05204,thoreau-walden,23
thoreau-walden-05205,thoreau-walden,21
thoreau-walden-05206,thoreau-walden,11
thoreau-walden-05207,thoreau-walden,29
thoreau-walden-05208,thoreau-walden,17
thoreau-walden-05209,thoreau-walden,17
thoreau-walden-05210,thoreau-walden,21
thoreau-walden-05211,thoreau-walden,23
thoreau-walden-05212,thoreau-walden,23
thoreau-walden-05213,thoreau-walden,28
thoreau-walden-05214,thoreau-walden,4
thoreau-walden-05215,thoreau-walden,28
thoreau-walden-05216,thoreau-walden,21
thoreau-walden-05217,thoreau-walden,21
thoreau-walden-05218,thoreau-walden,8
thoreau-walden-05219,thoreau-walden,9
thoreau-walden-05220,thoreau-walden,17
thoreau-walden-05221,thoreau-walden,23
thoreau-walden-05222,thoreau-walden,2
thoreau-walden-05223,thoreau-walden,17
thoreau-walden-05224,thoreau-walden,24
thoreau-walden-05225,thoreau-walden,17
thoreau-walden-05226,thoreau-walden,17
thoreau-walden-05227,thoreau-walden,23
thoreau-walden-05228,thoreau-walden,19
thoreau-walden-05229,thoreau-walden,9
thoreau-walden-05230,thoreau-walden,9
thoreau-walden-05231,thoreau-walden,21
thoreau-walden-05232,thoreau-walden,8
thoreau-walden-05233,thoreau-walden,21
thoreau-walden-05234,thoreau-walden,2
thoreau-walden-05235,thoreau-walden,24
thoreau-walden-05236,thoreau-walden,9
thoreau-walden-05237,thoreau-walden,2
thoreau-walden-05238,thoreau-walden,29
thoreau-walden-05239,thoreau-walden,2
thoreau-walden-05240,thoreau-walden,27
thoreau-walden-05241,thoreau-walden,9
thoreau-walden-05242,thoreau-walden,0
thoreau-walden-05243,thoreau-walden,29
thoreau-walden-05244,thoreau-walden,29
thoreau-walden-05245,thoreau-walden,29
thoreau-walden-05246,thoreau-walden,29
thoreau-walden-05247,thoreau-walden,29
thoreau-walden-05248,thoreau-walden,17
thoreau-walden-05249,thoreau-walden,23
thoreau-walden-05250,thoreau-walden,2
thoreau-walden-05251,thoreau-walden,29
thoreau-walden-05252,thoreau-walden,1
thoreau-walden-05253,thoreau-walden,1
thoreau-walden-05254,thoreau-walden,29
thoreau-walden-05255,thoreau-walden,29
thoreau-walden-05256,thoreau-walden,29
thoreau-walden-05257,thoreau-walden,8
thoreau-walden-05258,thoreau-walden,1
thoreau-walden-05259,thoreau-walden,8
thoreau-walden-05260,thoreau-walden,8
thoreau-walden-05261,thoreau-walden,29
thoreau-walden-05262,thoreau-walden,1
thoreau-walden-05263,thoreau-walden,1
thoreau-walden-05264,thoreau-walden,26
thoreau-walden-05265,thoreau-walden,26
thoreau-walden-05266,thoreau-walden,1
thoreau-walden-05267,thoreau-walden,26
thoreau-walden-05268,thoreau-walden,26
thoreau-walden-05269,thoreau-walden,8
thoreau-walden-05270,thoreau-walden,26
thoreau-walden-05271,thoreau-walden,29
thoreau-walden-05272,thoreau-walden,8
thoreau-walden-05273,thoreau-walden,8
thoreau-walden-05274,thoreau-walden,24
thoreau-walden-05275,thoreau-walden,29
thoreau-walden-05276,thoreau-walden,8
thoreau-walden-05277,thoreau-walden,8
thoreau-walden-05278,thoreau-walden,8
thoreau-walden-05279,thoreau-walden,8
thoreau-walden-05280,thoreau-walden,21
thoreau-walden-05281,thoreau-walden,8
thoreau-walden-05282,thoreau-walden,21
thoreau-walden-05283,thoreau-walden,5
thoreau-walden-05284,thoreau-walden,11
thoreau-walden-05285,thoreau-walden,28
thoreau-walden-05286,thoreau-walden,5
thoreau-walden-05287,thoreau-walden,21
thoreau-walden-05288,thoreau-walden,21
thoreau-walden-05289,thoreau-walden,29
thoreau-walden-05290,thoreau-walden,2
thoreau-walden-05291,thoreau-walden,2
thoreau-walden-05292,thoreau-walden,29
thoreau-walden-05293,thoreau-walden,29
thoreau-walden-05294,thoreau-walden,24
thoreau-walden-05295,thoreau-walden,29
thoreau-walden-05296,thoreau-walden,24
thoreau-walden-05297,thoreau-walden,24
thoreau-walden-05298,thoreau-walden,8
thoreau-walden-05299,thoreau-walden,17
thoreau-walden-05300,thoreau-walden,2
thoreau-walden-05301,thoreau-walden,24
thoreau-walden-05302,thoreau-walden,2
thoreau-walden-05303,thoreau-walden,29
thoreau-walden-05304,thoreau-walden,6
thoreau-walden-05305,thoreau-walden,27
thoreau-walden-05306,thoreau-walden,21
thoreau-walden-05307,thoreau-walden,9
thoreau-walden-05308,thoreau-walden,2
thoreau-walden-05309,thoreau-walden,5
thoreau-walden-05310,thoreau-walden,8
thoreau-walden-05311,thoreau-walden,5
thoreau-walden-05312,thoreau-walden,20
thoreau-walden-05313,thoreau-walden,8
thoreau-walden-05314,thoreau-walden,1
thoreau-walden-05315,thoreau-walden,2
thoreau-walden-05316,thoreau-walden,8
thoreau-walden-05317,thoreau-walden,5
thoreau-walden-05318,thoreau-walden,8
thoreau-walden-05319,thoreau-walden,20
thoreau-walden-05320,thoreau-walden,21
thoreau-walden-05321,thoreau-walden,5
thoreau-walden-05322,thoreau-walden,11
thoreau-walden-05323,thoreau-walden,3
thoreau-walden-05324,thoreau-walden,29
thoreau-walden-05325,thoreau-walden,22
thoreau-walden-05326,thoreau-walden,22
thoreau-walden-05327,thoreau-walden,22
thoreau-walden-05328,thoreau-walden,11
thoreau-walden-05329,thoreau-walden,2
thoreau-walden-05330,thoreau-walden,22
thoreau-walden-05331,thoreau-walden,22
thoreau-walden-05332,thoreau-walden,22
thoreau-walden-05333,thoreau-walden,8
thoreau-walden-05334,thoreau-walden,3
thoreau-walden-05335,thoreau-walden,22
thoreau-walden-05336,thoreau-walden,8
thoreau-walden-05337,thoreau-walden,2
thoreau-walden-05338,thoreau-walden,11
thoreau-walden-05339,thoreau-walden,21
thoreau-walden-05340,thoreau-walden,22
thoreau-walden-05341,thoreau-walden,22
thoreau-walden-05342,thoreau-walden,23
thoreau-walden-05343,thoreau-walden,11
thoreau-walden-05344,thoreau-walden,11
thoreau-walden-05345,thoreau-walden,29
thoreau-walden-05346,thoreau-walden,8
thoreau-walden-05347,thoreau-walden,24
thoreau-walden-05348,thoreau-walden,24
thoreau-walden-05349,thoreau-walden,29
thoreau-walden-05350,thoreau-walden,2
thoreau-walden-05351,thoreau-walden,11
thoreau-walden-05352,thoreau-walden,11
thoreau-walden-05353,thoreau-walden,22
thoreau-walden-05354,thoreau-walden,11
thoreau-walden-05355,thoreau-walden,13
thoreau-walden-05356,thoreau-walden,22
thoreau-walden-05357,thoreau-walden,11
thoreau-walden-05358,thoreau-walden,13
thoreau-walden-05359,thoreau-walden,22
thoreau-walden-05360,thoreau-walden,2
thoreau-walden-05361,thoreau-walden,11
thoreau-walden-05362,thoreau-walden,2
thoreau-walden-05363,thoreau-walden,23
thoreau-walden-05364,thoreau-walden,29
thoreau-walden-05365,thoreau-walden,2
thoreau-walden-05366,thoreau-walden,19
thoreau-walden-05367,thoreau-walden,2
thoreau-walden-05368,thoreau-walden,8
thoreau-walden-05369,thoreau-walden,11
thoreau-walden-05370,thoreau-walden,29
thoreau-walden-05371,thoreau-walden,1
thoreau-walden-05372,thoreau-walden,1
thoreau-walden-05373,thoreau-walden,1
thoreau-walden-05374,thoreau-walden,1
thoreau-walden-05375,thoreau-walden,28
thoreau-walden-05376,thoreau-walden,29
thoreau-walden-05377,thoreau-walden,1
thoreau-walden-05378,thoreau-walden,1
thoreau-walden-05379,thoreau-walden,1
thoreau-walden-05380,thoreau-walden,1
thoreau-walden-05381,thoreau-walden,1
thoreau-walden-05382,thoreau-walden,1
thoreau-walden-05383,thoreau-walden,1
thoreau-walden-05384,thoreau-walden,1
thoreau-walden-05385,thoreau-walden,29
thoreau-walden-05386,thoreau-walden,24
thoreau-walden-05387,thoreau-walden,24
thoreau-walden-05388,thoreau-walden,1
thoreau-walden-05389,thoreau-walden,29
thoreau-walden-05390,thoreau-walden,8
thoreau-walden-05391,thoreau-walden,8
thoreau-walden-05392,thoreau-walden,8
thoreau-walden-05393,thoreau-walden,29
thoreau-walden-05394,thoreau-walden,8
thoreau-walden-05395,thoreau-walden,1
thoreau-walden-05396,thoreau-walden,1
thoreau-walden-05397,thoreau-walden,25
thoreau-walden-05398,thoreau-walden,1
thoreau-walden-05399,thoreau-walden,29
thoreau-walden-05400,thoreau-walden,25
thoreau-walden-05401,thoreau-walden,25
thoreau-walden-05402,thoreau-walden,17
thoreau-walden-05403,thoreau-walden,25
thoreau-walden-05404,thoreau-walden,1
thoreau-walden-05405,thoreau-walden,29
thoreau-walden-05406,thoreau-walden,29
thoreau-walden-05407,thoreau-walden,29
thoreau-walden-05408,thoreau-walden,8
thoreau-walden-05409,thoreau-walden,29
thoreau-walden-05410,thoreau-walden,29
thoreau-walden-05411,thoreau-walden,2
thoreau-walden-05412,thoreau-walden,1
thoreau-walden-05413,thoreau-walden,29
thoreau-walden-05414,thoreau-walden,1
thoreau-walden-05415,thoreau-walden,1
thoreau-walden-05416,thoreau-walden,1
thoreau-walden-05417,thoreau-walden,1
thoreau-walden-05418,thoreau-walden,1
thoreau-walden-05419,thoreau-walden,1
thoreau-walden-05420,thoreau-walden,1
thoreau-walden-05421,thoreau-walden,1
thoreau-walden-05422,thoreau-walden,8
thoreau-walden-05423,thoreau-walden,1
thoreau-walden-05424,thoreau-walden,1
thoreau-walden-05425,thoreau-walden,1
thoreau-walden-05426,thoreau-walden,1
thoreau-walden-05427,thoreau-walden,1
thoreau-walden-05428,thoreau-walden,5
thoreau-walden-05429,thoreau-walden,1
thoreau-walden-05430,thoreau-walden,9
thoreau-walden-05431,thoreau-walden,1
thoreau-walden-05432,thoreau-walden,1
thoreau-walden-05433,thoreau-walden,1
thoreau-walden-05434,thoreau-walden,1
thoreau-walden-05435,thoreau-walden,26
thoreau-walden-05436,thoreau-walden,8
thoreau-walden-05437,thoreau-walden,1
thoreau-walden-05438,thoreau-walden,1
thoreau-walden-05439,thoreau-walden,1
thoreau-walden-05440,thoreau-walden,1
thoreau-walden-05441,thoreau-walden,1
thoreau-walden-05442,thoreau-walden,1
thoreau-walden-05443,thoreau-walden,1
thoreau-walden-05444,thoreau-walden,1
thoreau-walden-05445,thoreau-walden,1
thoreau-walden-05446,thoreau-walden,1
thoreau-walden-05447,thoreau-walden,1
thoreau-walden-05448,thoreau-walden,1
thoreau-walden-05449,thoreau-walden,1
thoreau-walden-05450,thoreau-walden,1
thoreau-walden-05451,thoreau-walden,9
thoreau-walden-05452,thoreau-walden,29
thoreau-walden-05453,thoreau-walden,9
thoreau-walden-05454,thoreau-walden,9
thoreau-walden-05455,thoreau-walden,1
thoreau-walden-05456,thoreau-walden,1
thoreau-walden-05457,thoreau-walden,27
thoreau-walden-05458,thoreau-walden,1
thoreau-walden-05459,thoreau-walden,26
thoreau-walden-05460,thoreau-walden,8
thoreau-walden-05461,thoreau-walden,8
thoreau-walden-05462,thoreau-walden,29
thoreau-walden-05463,thoreau-walden,24
thoreau-walden-05464,thoreau-walden,5
thoreau-walden-05465,thoreau-walden,5
thoreau-walden-05466,thoreau-walden,20
thoreau-walden-05467,thoreau-walden,2
thoreau-walden-05468,thoreau-walden,2
thoreau-walden-05469,thoreau-walden,20
thoreau-walden-05470,thoreau-walden,9
thoreau-walden-05471,thoreau-walden,24
thoreau-walden-05472,thoreau-walden,9
thoreau-walden-05473,thoreau-walden,11
thoreau-walden-05474,thoreau-walden,3
thoreau-walden-05475,thoreau-walden,24
thoreau-walden-05476,thoreau-walden,9
thoreau-walden-05477,thoreau-walden,5
thoreau-walden-05478,thoreau-walden,26
thoreau-walden-05479,thoreau-walden,27
thoreau-walden-05480,thoreau-walden,1
thoreau-walden-05481,thoreau-walden,3
thoreau-walden-05482,thoreau-walden,9
thoreau-walden-05483,thoreau-walden,8
thoreau-walden-05484,thoreau-walden,9
thoreau-walden-05485,thoreau-walden,29
thoreau-walden-05486,thoreau-walden,8
thoreau-walden-05487,thoreau-walden,24
thoreau-walden-05488,thoreau-walden,28
thoreau-walden-05489,thoreau-walden,29
thoreau-walden-05490,thoreau-walden,29
thoreau-walden-05491,thoreau-walden,24
thoreau-walden-05492,thoreau-walden,24
thoreau-walden-05493,thoreau-walden,8
thoreau-walden-05494,thoreau-walden,9
thoreau-walden-05495,thoreau-walden,24
thoreau-walden-05496,thoreau-walden,29
thoreau-walden-05497,thoreau-walden,24
thoreau-walden-05498,thoreau-walden,29
thoreau-walden-05499,thoreau-walden,24
thoreau-walden-05500,thoreau-walden,27
thoreau-walden-05501,thoreau-walden,24
thoreau-walden-05502,thoreau-walden,24
thoreau-walden-05503,thoreau-walden,1
thoreau-walden-05504,thoreau-walden,24
thoreau-walden-05505,thoreau-walden,29
thoreau-walden-05506,thoreau-walden,1
thoreau-walden-05507,thoreau-walden,27
thoreau-walden-05508,thoreau-walden,22
thoreau-walden-05509,thoreau-walden,24
thoreau-walden-05510,thoreau-walden,19
thoreau-walden-05511,thoreau-walden,24
thoreau-walden-05512,thoreau-walden,1
thoreau-walden-05513,thoreau-walden,29
thoreau-walden-05514,thoreau-walden,1
thoreau-walden-05515,thoreau-walden,24
thoreau-walden-05516,thoreau-walden,1
thoreau-walden-05517,thoreau-walden,24
thoreau-walden-05518,thoreau-walden,3
thoreau-walden-05519,thoreau-walden,3
thoreau-walden-05520,thoreau-walden,3
thoreau-walden-05521,thoreau-walden,3
thoreau-walden-05522,thoreau-walden,3
thoreau-walden-05523,thoreau-walden,13
thoreau-walden-05524,thoreau-walden,24
thoreau-walden-05525,thoreau-walden,3
thoreau-walden-05526,thoreau-walden,17
thoreau-walden-05527,thoreau-walden,3
thoreau-walden-05528,thoreau-walden,21
thoreau-walden-05529,thoreau-walden,21
thoreau-walden-05530,thoreau-walden,21
thoreau-walden-05531,thoreau-walden,21
thoreau-walden-05532,thoreau-walden,3
thoreau-walden-05533,thoreau-walden,3
thoreau-walden-05534,thoreau-walden,1
thoreau-walden-05535,thoreau-walden,24
thoreau-walden-05536,thoreau-walden,13
thoreau-walden-05537,thoreau-walden,21
thoreau-walden-05538,thoreau-walden,13
thoreau-walden-05539,thoreau-walden,17
thoreau-walden-05540,thoreau-walden,24
thoreau-walden-05541,thoreau-walden,24
thoreau-walden-05542,thoreau-walden,1
thoreau-walden-05543,thoreau-walden,24
thoreau-walden-05544,thoreau-walden,24
thoreau-walden-05545,thoreau-walden,12
thoreau-walden-05546,thoreau-walden,29
thoreau-walden-05547,thoreau-walden,24
thoreau-walden-05548,thoreau-walden,29
thoreau-walden-05549,thoreau-walden,1
thoreau-walden-05550,thoreau-walden,24
thoreau-walden-05551,thoreau-walden,29
thoreau-walden-05552,thoreau-walden,29
thoreau-walden-05553,thoreau-walden,29
thoreau-walden-05554,thoreau-walden,1
thoreau-walden-05555,thoreau-walden,1
thoreau-walden-05556,thoreau-walden,29
thoreau-walden-05557,thoreau-walden,1
thoreau-walden-05558,thoreau-walden,1
thoreau-walden-05559,thoreau-walden,29
thoreau-walden-05560,thoreau-walden,29
thoreau-walden-05561,thoreau-walden,29
thoreau-walden-05562,thoreau-walden,29
thoreau-walden-05563,thoreau-walden,29
thoreau-walden-05564,thoreau-walden,29
thoreau-walden-05565,thoreau-walden,29
thoreau-walden-05566,thoreau-walden,29
thoreau-walden-05567,thoreau-walden,1
thoreau-walden-05568,thoreau-walden,8
thoreau-walden-05569,thoreau-walden,1
thoreau-walden-05570,thoreau-walden,1
thoreau-walden-05571,thoreau-walden,1
thoreau-walden-05572,thoreau-walden,1
thoreau-walden-05573,thoreau-walden,1
thoreau-walden-05574,thoreau-walden,24
thoreau-walden-05575,thoreau-walden,1
thoreau-walden-05576,thoreau-walden,8
thoreau-walden-05577,thoreau-walden,29
thoreau-walden-05578,thoreau-walden,29
thoreau-walden-05579,thoreau-walden,1
thoreau-walden-05580,thoreau-walden,25
thoreau-walden-05581,thoreau-walden,29
thoreau-walden-05582,thoreau-walden,8
thoreau-walden-05583,thoreau-walden,29
thoreau-walden-05584,thoreau-walden,29
thoreau-walden-05585,thoreau-walden,29
thoreau-walden-05586,thoreau-walden,29
thoreau-walden-05587,thoreau-walden,23
thoreau-walden-05588,thoreau-walden,29
thoreau-walden-05589,thoreau-walden,1
thoreau-walden-05590,thoreau-walden,1
thoreau-walden-05591,thoreau-walden,29
thoreau-walden-05592,thoreau-walden,29
thoreau-walden-05593,thoreau-walden,29
thoreau-walden-05594,thoreau-walden,21
thoreau-walden-05595,thoreau-walden,2
thoreau-walden-05596,thoreau-walden,29
thoreau-walden-05597,thoreau-walden,24
thoreau-walden-05598,thoreau-walden,9
thoreau-walden-05599,thoreau-walden,29
thoreau-walden-05600,thoreau-walden,21
thoreau-walden-05601,thoreau-walden,22
thoreau-walden-05602,thoreau-walden,29
thoreau-walden-05603,thoreau-walden,29
thoreau-walden-05604,thoreau-walden,29
thoreau-walden-05605,thoreau-walden,29
thoreau-walden-05606,thoreau-walden,1
thoreau-walden-05607,thoreau-walden,1
thoreau-walden-05608,thoreau-walden,5
thoreau-walden-05609,thoreau-walden,1
thoreau-walden-05610,thoreau-walden,29
thoreau-walden-05611,thoreau-walden,29
thoreau-walden-05612,thoreau-walden,29
thoreau-walden-05613,thoreau-walden,24
thoreau-walden-05614,thoreau-walden,25
thoreau-walden-05615,thoreau-walden,1
thoreau-walden-05616,thoreau-walden,1
thoreau-walden-05617,thoreau-walden,1
thoreau-walden-05618,thoreau-walden,1
thoreau-walden-05619,thoreau-walden,1
thoreau-walden-05620,thoreau-walden,1
thoreau-walden-05621,thoreau-walden,1
thoreau-walden-05622,thoreau-walden,1
thoreau-walden-05623,thoreau-walden,8
thoreau-walden-05624,thoreau-walden,8
thoreau-walden-05625,thoreau-walden,1
thoreau-walden-05626,thoreau-walden,24
thoreau-walden-05627,thoreau-walden,25
thoreau-walden-05628,thoreau-walden,3
thoreau-walden-05629,thoreau-walden,17
thoreau-walden-05630,thoreau-walden,22
thoreau-walden-05631,thoreau-walden,24
thoreau-walden-05632,thoreau-walden,2
thoreau-walden-05633,thoreau-walden,29
thoreau-walden-05634,thoreau-walden,1
thoreau-walden-05635,thoreau-walden,1
thoreau-walden-05636,thoreau-walden,24
thoreau-walden-05637,thoreau-walden,1
thoreau-walden-05638,thoreau-walden,26
thoreau-walden-05639,thoreau-walden,1
thoreau-walden-05640,thoreau-walden,1
thoreau-walden-05641,thoreau-walden,1
thoreau-walden-05642,thoreau-walden,1
thoreau-walden-05643,thoreau-walden,26
thoreau-walden-05644,thoreau-walden,26
thoreau-walden-05645,thoreau-walden,26
thoreau-walden-05646,thoreau-walden,26
thoreau-walden-05647,thoreau-walden,26
thoreau-walden-05648,thoreau-walden,26
thoreau-walden-05649,thoreau-walden,8
thoreau-walden-05650,thoreau-walden,26
thoreau-walden-05651,thoreau-walden,8
thoreau-walden-05652,thoreau-walden,26
thoreau-walden-05653,thoreau-walden,26
thoreau-walden-05654,thoreau-walden,1
thoreau-walden-05655,thoreau-walden,26
thoreau-walden-05656,thoreau-walden,8
thoreau-walden-05657,thoreau-walden,26
thoreau-walden-05658,thoreau-walden,26
thoreau-walden-05659,thoreau-walden,26
thoreau-walden-05660,thoreau-walden,22
thoreau-walden-05661,thoreau-walden,26
thoreau-walden-05662,thoreau-walden,26
thoreau-walden-05663,thoreau-walden,26
thoreau-walden-05664,thoreau-walden,26
thoreau-walden-05665,thoreau-walden,26
thoreau-walden-05666,thoreau-walden,26
thoreau-walden-05667,thoreau-walden,26
thoreau-walden-05668,thoreau-walden,26
thoreau-walden-05669,thoreau-walden,26
thoreau-walden-05670,thoreau-walden,26
thoreau-walden-05671,thoreau-walden,26
thoreau-walden-05672,thoreau-walden,26
thoreau-walden-05673,thoreau-walden,26
thoreau-walden-05674,thoreau-walden,26
thoreau-walden-05675,thoreau-walden,26
thoreau-walden-05676,thoreau-walden,26
thoreau-walden-05677,thoreau-walden,26
thoreau-walden-05678,thoreau-walden,26
thoreau-walden-05679,thoreau-walden,26
thoreau-walden-05680,thoreau-walden,26
thoreau-walden-05681,thoreau-walden,26
thoreau-walden-05682,thoreau-walden,26
thoreau-walden-05683,thoreau-walden,26
thoreau-walden-05684,thoreau-walden,1
thoreau-walden-05685,thoreau-walden,2
thoreau-walden-05686,thoreau-walden,26
thoreau-walden-05687,thoreau-walden,26
thoreau-walden-05688,thoreau-walden,26
thoreau-walden-05689,thoreau-walden,26
thoreau-walden-05690,thoreau-walden,26
thoreau-walden-05691,thoreau-walden,26
thoreau-walden-05692,thoreau-walden,26
thoreau-walden-05693,thoreau-walden,26
thoreau-walden-05694,thoreau-walden,26
thoreau-walden-05695,thoreau-walden,26
thoreau-walden-05696,thoreau-walden,26
thoreau-walden-05697,thoreau-walden,26
thoreau-walden-05698,thoreau-walden,8
thoreau-walden-05699,thoreau-walden,26
thoreau-walden-05700,thoreau-walden,8
thoreau-walden-05701,thoreau-walden,26
thoreau-walden-05702,thoreau-walden,8
thoreau-walden-05703,thoreau-walden,26
thoreau-walden-05704,thoreau-walden,26
thoreau-walden-05705,thoreau-walden,26
thoreau-walden-05706,thoreau-walden,26
thoreau-walden-05707,thoreau-walden,26
thoreau-walden-05708,thoreau-walden,26
thoreau-walden-05709,thoreau-walden,26
thoreau-walden-05710,thoreau-walden,1
thoreau-walden-05711,thoreau-walden,26
thoreau-walden-05712,thoreau-walden,26
thoreau-walden-05713,thoreau-walden,26
thoreau-walden-05714,thoreau-walden,26
thoreau-walden-05715,thoreau-walden,1
thoreau-walden-05716,thoreau-walden,1
thoreau-walden-05717,thoreau-walden,26
thoreau-walden-05718,thoreau-walden,1
thoreau-walden-05719,thoreau-walden,26
thoreau-walden-05720,thoreau-walden,26
thoreau-walden-05721,thoreau-walden,8
thoreau-walden-05722,thoreau-walden,8
thoreau-walden-05723,thoreau-walden,8
thoreau-walden-05724,thoreau-walden,26
thoreau-walden-05725,thoreau-walden,26
thoreau-walden-05726,thoreau-walden,26
thoreau-walden-05727,thoreau-walden,26
thoreau-walden-05728,thoreau-walden,26
thoreau-walden-05729,thoreau-walden,26
thoreau-walden-05730,thoreau-walden,26
thoreau-walden-05731,thoreau-walden,26
thoreau-walden-05732,thoreau-walden,8
thoreau-walden-05733,thoreau-walden,19
thoreau-walden-05734,thoreau-walden,23
thoreau-walden-05735,thoreau-walden,29
thoreau-walden-05736,thoreau-walden,26
thoreau-walden-05737,thoreau-walden,26
thoreau-walden-05738,thoreau-walden,26
thoreau-walden-05739,thoreau-walden,26
thoreau-walden-05740,thoreau-walden,26
thoreau-walden-05741,thoreau-walden,26
thoreau-walden-05742,thoreau-walden,26
thoreau-walden-05743,thoreau-walden,1
thoreau-walden-05744,thoreau-walden,26
thoreau-walden-05745,thoreau-walden,26
thoreau-walden-05746,thoreau-walden,26
thoreau-walden-05747,thoreau-walden,26
thoreau-walden-05748,thoreau-walden,9
thoreau-walden-05749,thoreau-walden,1
thoreau-walden-05750,thoreau-walden,1
thoreau-walden-05751,thoreau-walden,1
thoreau-walden-05752,thoreau-walden,1
thoreau-walden-05753,thoreau-walden,1
thoreau-walden-05754,thoreau-walden,1
thoreau-walden-05755,thoreau-walden,8
thoreau-walden-05756,thoreau-walden,8
thoreau-walden-05757,thoreau-walden,8
thoreau-walden-05758,thoreau-walden,1
thoreau-walden-05759,thoreau-walden,1
thoreau-walden-05760,thoreau-walden,26
thoreau-walden-05761,thoreau-walden,1
thoreau-walden-05762,thoreau-walden,8
thoreau-walden-05763,thoreau-walden,19
thoreau-walden-05764,thoreau-walden,24
thoreau-walden-05765,thoreau-walden,1
thoreau-walden-05766,thoreau-walden,24
thoreau-walden-05767,thoreau-walden,29
thoreau-walden-05768,thoreau-walden,3
thoreau-walden-05769,thoreau-walden,2
thoreau-walden-05770,thoreau-walden,11
thoreau-walden-05771,thoreau-walden,24
thoreau-walden-05772,thoreau-walden,24
thoreau-walden-05773,thoreau-walden,1
thoreau-walden-05774,thoreau-walden,24
thoreau-walden-05775,thoreau-walden,26
thoreau-walden-05776,thoreau-walden,9
thoreau-walden-05777,thoreau-walden,1
thoreau-walden-05778,thoreau-walden,27
thoreau-walden-05779,thoreau-walden,29
thoreau-walden-05780,thoreau-walden,23
thoreau-walden-05781,thoreau-walden,8
thoreau-walden-05782,thoreau-walden,24
thoreau-walden-05783,thoreau-walden,24
thoreau-walden-05784,thoreau-walden,24
thoreau-walden-05785,thoreau-walden,8
thoreau-walden-05786,thoreau-walden,26
thoreau-walden-05787,thoreau-walden,21
thoreau-walden-05788,thoreau-walden,1
thoreau-walden-05789,thoreau-walden,1
thoreau-walden-05790,thoreau-walden,1
thoreau-walden-05791,thoreau-walden,1
thoreau-walden-05792,thoreau-walden,21
thoreau-walden-05793,thoreau-walden,24
thoreau-walden-05794,thoreau-walden,19
thoreau-walden-05795,thoreau-walden,1
thoreau-walden-05796,thoreau-walden,1
thoreau-walden-05797,thoreau-walden,24
thoreau-walden-05798,thoreau-walden,27
thoreau-walden-05799,thoreau-walden,2
thoreau-walden-05800,thoreau-walden,1
thoreau-walden-05801,thoreau-walden,26
thoreau-walden-05802,thoreau-walden,26
thoreau-walden-05803,thoreau-walden,26
thoreau-walden-05804,thoreau-walden,26
thoreau-walden-05805,thoreau-walden,29
thoreau-walden-05806,thoreau-walden,29
thoreau-walden-05807,thoreau-walden,29
thoreau-walden-05808,thoreau-walden,29
thoreau-walden-05809,thoreau-walden,1
thoreau-walden-05810,thoreau-walden,29
thoreau-walden-05811,thoreau-walden,29
thoreau-walden-05812,thoreau-walden,21
thoreau-walden-05813,thoreau-walden,29
thoreau-walden-05814,thoreau-walden,21
thoreau-walden-05815,thoreau-walden,9
thoreau-walden-05816,thoreau-walden,8
thoreau-walden-05817,thoreau-walden,9
thoreau-walden-05818,thoreau-walden,2
thoreau-walden-05819,thoreau-walden,13
thoreau-walden-05820,thoreau-walden,5
thoreau-walden-05821,thoreau-walden,9
thoreau-walden-05822,thoreau-walden,9
thoreau-walden-05823,thoreau-walden,29
thoreau-walden-05824,thoreau-walden,9
thoreau-walden-05825,thoreau-walden,5
thoreau-walden-05826,thoreau-walden,5
thoreau-walden-05827,thoreau-walden,21
thoreau-walden-05828,thoreau-walden,5
thoreau-walden-05829,thoreau-walden,21
thoreau-walden-05830,thoreau-walden,4
thoreau-walden-05831,thoreau-walden,24
thoreau-walden-05832,thoreau-walden,9
thoreau-walden-05833,thoreau-walden,9
thoreau-walden-05834,thoreau-walden,0
thoreau-walden-05835,thoreau-walden,2
thoreau-walden-05836,thoreau-walden,11
thoreau-walden-05837,thoreau-walden,21
thoreau-walden-05838,thoreau-walden,24
thoreau-walden-05839,thoreau-walden,3
thoreau-walden-05840,thoreau-walden,21
thoreau-walden-05841,thoreau-walden,1
thoreau-walden-05842,thoreau-walden,1
thoreau-walden-05843,thoreau-walden,1
thoreau-walden-05844,thoreau-walden,8
thoreau-walden-05845,thoreau-walden,8
thoreau-walden-05846,thoreau-walden,29
thoreau-walden-05847,thoreau-walden,1
thoreau-walden-05848,thoreau-walden,5
thoreau-walden-05849,thoreau-walden,8
thoreau-walden-05850,thoreau-walden,29
thoreau-walden-05851,thoreau-walden,8
thoreau-walden-05852,thoreau-walden,20
thoreau-walden-05853,thoreau-walden,1
thoreau-walden-05854,thoreau-walden,1
thoreau-walden-05855,thoreau-walden,1
thoreau-walden-05856,thoreau-walden,1
thoreau-walden-05857,thoreau-walden,1
thoreau-walden-05858,thoreau-walden,1
thoreau-walden-05859,thoreau-walden,1
thoreau-walden-05860,thoreau-walden,8
thoreau-walden-05861,thoreau-walden,1
thoreau-walden-05862,thoreau-walden,1
thoreau-walden-05863,thoreau-walden,1
thoreau-walden-05864,thoreau-walden,26
thoreau-walden-05865,thoreau-walden,1
thoreau-walden-05866,thoreau-walden,1
thoreau-walden-05867,thoreau-walden,1
thoreau-walden-05868,thoreau-walden,25
thoreau-walden-05869,thoreau-walden,25
thoreau-walden-05870,thoreau-walden,25
thoreau-walden-05871,thoreau-walden,25
thoreau-walden-05872,thoreau-walden,25
thoreau-walden-05873,thoreau-walden,25
thoreau-walden-05874,thoreau-walden,25
thoreau-walden-05875,thoreau-walden,25
thoreau-walden-05876,thoreau-walden,25
thoreau-walden-05877,thoreau-walden,8
thoreau-walden-05878,thoreau-walden,25
thoreau-walden-05879,thoreau-walden,25
thoreau-walden-05880,thoreau-walden,22
thoreau-walden-05881,thoreau-walden,22
thoreau-walden-05882,thoreau-walden,25
thoreau-walden-05883,thoreau-walden,1
thoreau-walden-05884,thoreau-walden,1
thoreau-walden-05885,thoreau-walden,1
thoreau-walden-05886,thoreau-walden,1
thoreau-walden-05887,thoreau-walden,1
thoreau-walden-05888,thoreau-walden,1
thoreau-walden-05889,thoreau-walden,26
thoreau-walden-05890,thoreau-walden,26
thoreau-walden-05891,thoreau-walden,26
thoreau-walden-05892,thoreau-walden,1
thoreau-walden-05893,thoreau-walden,24
thoreau-walden-05894,thoreau-walden,3
thoreau-walden-05895,thoreau-walden,26
thoreau-walden-05896,thoreau-walden,26
thoreau-walden-05897,thoreau-walden,26
thoreau-walden-05898,thoreau-walden,24
thoreau-walden-05899,thoreau-walden,1
thoreau-walden-05900,thoreau-walden,26
thoreau-walden-05901,thoreau-walden,8
thoreau-walden-05902,thoreau-walden,26
thoreau-walden-05903,thoreau-walden,26
thoreau-walden-05904,thoreau-walden,29
thoreau-walden-05905,thoreau-walden,1
thoreau-walden-05906,thoreau-walden,1
thoreau-walden-05907,thoreau-walden,1
thoreau-walden-05908,thoreau-walden,1
thoreau-walden-05909,thoreau-walden,29
thoreau-walden-05910,thoreau-walden,29
thoreau-walden-05911,thoreau-walden,18
thoreau-walden-05912,thoreau-walden,26
thoreau-walden-05913,thoreau-walden,1
thoreau-walden-05914,thoreau-walden,26
thoreau-walden-05915,thoreau-walden,29
thoreau-walden-05916,thoreau-walden,29
thoreau-walden-05917,thoreau-walden,29
thoreau-walden-05918,thoreau-walden,29
thoreau-walden-05919,thoreau-walden,29
thoreau-walden-05920,thoreau-walden,26
thoreau-walden-05921,thoreau-walden,8
thoreau-walden-05922,thoreau-walden,29
thoreau-walden-05923,thoreau-walden,29
thoreau-walden-05924,thoreau-walden,29
thoreau-walden-05925,thoreau-walden,8
thoreau-walden-05926,thoreau-walden,8
thoreau-walden-05927,thoreau-walden,29
thoreau-walden-05928,thoreau-walden,29
thoreau-walden-05929,thoreau-walden,29
thoreau-walden-05930,thoreau-walden,29
thoreau-walden-05931,thoreau-walden,29
thoreau-walden-05932,thoreau-walden,2
thoreau-walden-05933,thoreau-walden,24
thoreau-walden-05934,thoreau-walden,29
thoreau-walden-05935,thoreau-walden,24
thoreau-walden-05936,thoreau-walden,29
thoreau-walden-05937,thoreau-walden,29
thoreau-walden-05938,thoreau-walden,26
thoreau-walden-05939,thoreau-walden,26
thoreau-walden-05940,thoreau-walden,26
thoreau-walden-05941,thoreau-walden,26
thoreau-walden-05942,thoreau-walden,26
thoreau-walden-05943,thoreau-walden,26
thoreau-walden-05944,thoreau-walden,26
thoreau-walden-05945,thoreau-walden,26
thoreau-walden-05946,thoreau-walden,26
thoreau-walden-05947,thoreau-walden,26
thoreau-walden-05948,thoreau-walden,1
thoreau-walden-05949,thoreau-walden,26
thoreau-walden-05950,thoreau-walden,1
thoreau-walden-05951,thoreau-walden,29
thoreau-walden-05952,thoreau-walden,26
thoreau-walden-05953,thoreau-walden,1
thoreau-walden-05954,thoreau-walden,1
thoreau-walden-05955,thoreau-walden,1
thoreau-walden-05956,thoreau-walden,27
thoreau-walden-05957,thoreau-walden,29
thoreau-walden-05958,thoreau-walden,29
thoreau-walden-05959,thoreau-walden,29
thoreau-walden-05960,thoreau-walden,29
thoreau-walden-05961,thoreau-walden,1
thoreau-walden-05962,thoreau-walden,1
thoreau-walden-05963,thoreau-walden,1
thoreau-walden-05964,thoreau-walden,1
thoreau-walden-05965,thoreau-walden,1
thoreau-walden-05966,thoreau-walden,8
thoreau-walden-05967,thoreau-walden,29
thoreau-walden-05968,thoreau-walden,1
thoreau-walden-05969,thoreau-walden,1
thoreau-walden-05970,thoreau-walden,21
thoreau-walden-05971,thoreau-walden,29
thoreau-walden-05972,thoreau-walden,8
thoreau-walden-05973,thoreau-walden,29
thoreau-walden-05974,thoreau-walden,8
thoreau-walden-05975,thoreau-walden,9
thoreau-walden-05976,thoreau-walden,5
thoreau-walden-05977,thoreau-walden,1
thoreau-walden-05978,thoreau-walden,1
thoreau-walden-05979,thoreau-walden,1
thoreau-walden-05980,thoreau-walden,1
thoreau-walden-05981,thoreau-walden,29
thoreau-walden-05982,thoreau-walden,1
thoreau-walden-05983,thoreau-walden,1
thoreau-walden-05984,thoreau-walden,1
thoreau-walden-05985,thoreau-walden,22
thoreau-walden-05986,thoreau-walden,8
thoreau-walden-05987,thoreau-walden,1
thoreau-walden-05988,thoreau-walden,1
thoreau-walden-05989,thoreau-walden,24
thoreau-walden-05990,thoreau-walden,1
thoreau-walden-05991,thoreau-walden,29
thoreau-walden-05992,thoreau-walden,1
thoreau-walden-05993,thoreau-walden,24
thoreau-walden-05994,thoreau-walden,8
thoreau-walden-05995,thoreau-walden,8
thoreau-walden-05996,thoreau-walden,22
thoreau-walden-05997,thoreau-walden,24
thoreau-walden-05998,thoreau-walden,3
thoreau-walden-05999,thoreau-walden,24
thoreau-walden-06000,thoreau-walden,1
thoreau-walden-06001,thoreau-walden,19
thoreau-walden-06002,thoreau-walden,24
thoreau-walden-06003,thoreau-walden,29
thoreau-walden-06004,thoreau-walden,19
thoreau-walden-06005,thoreau-walden,24
thoreau-walden-06006,thoreau-walden,24
thoreau-walden-06007,thoreau-walden,1
thoreau-walden-06008,thoreau-walden,1
thoreau-walden-06009,thoreau-walden,8
thoreau-walden-06010,thoreau-walden,22
thoreau-walden-06011,thoreau-walden,1
thoreau-walden-06012,thoreau-walden,1
thoreau-walden-06013,thoreau-walden,26
thoreau-walden-06014,thoreau-walden,29
thoreau-walden-06015,thoreau-walden,29
thoreau-walden-06016,thoreau-walden,1
thoreau-walden-06017,thoreau-walden,1
thoreau-walden-06018,thoreau-walden,26
thoreau-walden-06019,thoreau-walden,8
thoreau-walden-06020,thoreau-walden,1
thoreau-walden-06021,thoreau-walden,1
thoreau-walden-06022,thoreau-walden,8
thoreau-walden-06023,thoreau-walden,1
thoreau-walden-06024,thoreau-walden,1
thoreau-walden-06025,thoreau-walden,1
thoreau-walden-06026,thoreau-walden,1
thoreau-walden-06027,thoreau-walden,1
thoreau-walden-06028,thoreau-walden,29
thoreau-walden-06029,thoreau-walden,1
thoreau-walden-06030,thoreau-walden,8
thoreau-walden-06031,thoreau-walden,24
thoreau-walden-06032,thoreau-walden,8
thoreau-walden-06033,thoreau-walden,21
thoreau-walden-06034,thoreau-walden,21
thoreau-walden-06035,thoreau-walden,21
thoreau-walden-06036,thoreau-walden,8
thoreau-walden-06037,thoreau-walden,1
thoreau-walden-06038,thoreau-walden,29
thoreau-walden-06039,thoreau-walden,26
thoreau-walden-06040,thoreau-walden,29
thoreau-walden-06041,thoreau-walden,24
thoreau-walden-06042,thoreau-walden,26
thoreau-walden-06043,thoreau-walden,1
thoreau-walden-06044,thoreau-walden,26
thoreau-walden-06045,thoreau-walden,1
thoreau-walden-06046,thoreau-walden,1
thoreau-walden-06047,thoreau-walden,1
thoreau-walden-06048,thoreau-walden,1
thoreau-walden-06049,thoreau-walden,1
thoreau-walden-06050,thoreau-walden,26
thoreau-walden-06051,thoreau-walden,1
thoreau-walden-06052,thoreau-walden,1
thoreau-walden-06053,thoreau-walden,1
thoreau-walden-06054,thoreau-walden,1
thoreau-walden-06055,thoreau-walden,1
thoreau-walden-06056,thoreau-walden,1
thoreau-walden-06057,thoreau-walden,1
thoreau-walden-06058,thoreau-walden,1
thoreau-walden-06059,thoreau-walden,1
thoreau-walden-06060,thoreau-walden,1
thoreau-walden-06061,thoreau-walden,1
thoreau-walden-06062,thoreau-walden,1
thoreau-walden-06063,thoreau-walden,1
thoreau-walden-06064,thoreau-walden,1
thoreau-walden-06065,thoreau-walden,1
thoreau-walden-06066,thoreau-walden,1
thoreau-walden-06067,thoreau-walden,1
thoreau-walden-06068,thoreau-walden,1
thoreau-walden-06069,thoreau-walden,1
thoreau-walden-06070,thoreau-walden,1
thoreau-walden-06071,thoreau-walden,1
thoreau-walden-06072,thoreau-walden,1
thoreau-walden-06073,thoreau-walden,1
thoreau-walden-06074,thoreau-walden,1
thoreau-walden-06075,thoreau-walden,1
thoreau-walden-06076,thoreau-walden,1
thoreau-walden-06077,thoreau-walden,1
thoreau-walden-06078,thoreau-walden,1
thoreau-walden-06079,thoreau-walden,1
thoreau-walden-06080,thoreau-walden,1
thoreau-walden-06081,thoreau-walden,1
thoreau-walden-06082,thoreau-walden,1
thoreau-walden-06083,thoreau-walden,1
thoreau-walden-06084,thoreau-walden,1
thoreau-walden-06085,thoreau-walden,8
thoreau-walden-06086,thoreau-walden,26
thoreau-walden-06087,thoreau-walden,1
thoreau-walden-06088,thoreau-walden,8
thoreau-walden-06089,thoreau-walden,1
thoreau-walden-06090,thoreau-walden,1
thoreau-walden-06091,thoreau-walden,1
thoreau-walden-06092,thoreau-walden,26
thoreau-walden-06093,thoreau-walden,26
thoreau-walden-06094,thoreau-walden,26
thoreau-walden-06095,thoreau-walden,26
thoreau-walden-06096,thoreau-walden,26
thoreau-walden-06097,thoreau-walden,26
thoreau-walden-06098,thoreau-walden,26
thoreau-walden-06099,thoreau-walden,26
thoreau-walden-06100,thoreau-walden,26
thoreau-walden-06101,thoreau-walden,26
thoreau-walden-06102,thoreau-walden,26
thoreau-walden-06103,thoreau-walden,26
thoreau-walden-06104,thoreau-walden,26
thoreau-walden-06105,thoreau-walden,26
thoreau-walden-06106,thoreau-walden,26
thoreau-walden-06107,thoreau-walden,26
thoreau-walden-06108,thoreau-walden,26
thoreau-walden-06109,thoreau-walden,26
thoreau-walden-06110,thoreau-walden,26
thoreau-walden-06111,thoreau-walden,26
thoreau-walden-06112,thoreau-walden,26
thoreau-walden-06113,thoreau-walden,26
thoreau-walden-06114,thoreau-walden,26
thoreau-walden-06115,thoreau-walden,26
thoreau-walden-06116,thoreau-walden,26
thoreau-walden-06117,thoreau-walden,26
thoreau-walden-06118,thoreau-walden,20
thoreau-walden-06119,thoreau-walden,20
thoreau-walden-06120,thoreau-walden,26
thoreau-walden-06121,thoreau-walden,8
thoreau-walden-06122,thoreau-walden,26
thoreau-walden-06123,thoreau-walden,26
thoreau-walden-06124,thoreau-walden,8
thoreau-walden-06125,thoreau-walden,26
thoreau-walden-06126,thoreau-walden,26
thoreau-walden-06127,thoreau-walden,26
thoreau-walden-06128,thoreau-walden,26
thoreau-walden-06129,thoreau-walden,29
thoreau-walden-06130,thoreau-walden,26
thoreau-walden-06131,thoreau-walden,26
thoreau-walden-06132,thoreau-walden,26
thoreau-walden-06133,thoreau-walden,26
thoreau-walden-06134,thoreau-walden,29
thoreau-walden-06135,thoreau-walden,8
thoreau-walden-06136,thoreau-walden,18
thoreau-walden-06137,thoreau-walden,26
thoreau-walden-06138,thoreau-walden,8
thoreau-walden-06139,thoreau-walden,26
thoreau-walden-06140,thoreau-walden,26
thoreau-walden-06141,thoreau-walden,26
thoreau-walden-06142,thoreau-walden,26
thoreau-walden-06143,thoreau-walden,1
thoreau-walden-06144,thoreau-walden,1
thoreau-walden-06145,thoreau-walden,26
thoreau-walden-06146,thoreau-walden,26
thoreau-walden-06147,thoreau-walden,26
thoreau-walden-06148,thoreau-walden,21
thoreau-walden-06149,thoreau-walden,26
thoreau-walden-06150,thoreau-walden,26
thoreau-walden-06151,thoreau-walden,1
thoreau-walden-06152,thoreau-walden,26
thoreau-walden-06153,thoreau-walden,8
thoreau-walden-06154,thoreau-walden,26
thoreau-walden-06155,thoreau-walden,26
thoreau-walden-06156,thoreau-walden,8
thoreau-walden-06157,thoreau-walden,8
thoreau-walden-06158,thoreau-walden,26
thoreau-walden-06159,thoreau-walden,26
thoreau-walden-06160,thoreau-walden,26
thoreau-walden-06161,thoreau-walden,8
thoreau-walden-06162,thoreau-walden,8
thoreau-walden-06163,thoreau-walden,8
thoreau-walden-06164,thoreau-walden,8
thoreau-walden-06165,thoreau-walden,26
thoreau-walden-06166,thoreau-walden,26
thoreau-walden-06167,thoreau-walden,26
thoreau-walden-06168,thoreau-walden,8
thoreau-walden-06169,thoreau-walden,8
thoreau-walden-06170,thoreau-walden,8
thoreau-walden-06171,thoreau-walden,8
thoreau-walden-06172,thoreau-walden,8
thoreau-walden-06173,thoreau-walden,29
thoreau-walden-06174,thoreau-walden,26
thoreau-walden-06175,thoreau-walden,1
thoreau-walden-06176,thoreau-walden,1
thoreau-walden-06177,thoreau-walden,8
thoreau-walden-06178,thoreau-walden,1
thoreau-walden-06179,thoreau-walden,1
thoreau-walden-06180,thoreau-walden,26
thoreau-walden-06181,thoreau-walden,8
thoreau-walden-06182,thoreau-walden,1
thoreau-walden-06183,thoreau-walden,26
thoreau-walden-06184,thoreau-walden,26
thoreau-walden-06185,thoreau-walden,19
thoreau-walden-06186,thoreau-walden,8
thoreau-walden-06187,thoreau-walden,1
thoreau-walden-06188,thoreau-walden,1
thoreau-walden-06189,thoreau-walden,1
thoreau-walden-06190,thoreau-walden,1
thoreau-walden-06191,thoreau-walden,1
thoreau-walden-06192,thoreau-walden,1
thoreau-walden-06193,thoreau-walden,8
thoreau-walden-06194,thoreau-walden,22
thoreau-walden-06195,thoreau-walden,8
thoreau-walden-06196,thoreau-walden,21
thoreau-walden-06197,thoreau-walden,9
thoreau-walden-06198,thoreau-walden,9
thoreau-walden-06199,thoreau-walden,21
thoreau-walden-06200,thoreau-walden,4
thoreau-walden-06201,thoreau-walden,9
thoreau-walden-06202,thoreau-walden,21
thoreau-walden-06203,thoreau-walden,8
thoreau-walden-06204,thoreau-walden,1
thoreau-walden-06205,thoreau-walden,1
thoreau-walden-06206,thoreau-walden,1
thoreau-walden-06207,thoreau-walden,26
thoreau-walden-06208,thoreau-walden,1
thoreau-walden-06209,thoreau-walden,1
thoreau-walden-06210,thoreau-walden,20
thoreau-walden-06211,thoreau-walden,5
thoreau-walden-06212,thoreau-walden,9
thoreau-walden-06213,thoreau-walden,9
thoreau-walden-06214,thoreau-walden,1
thoreau-walden-06215,thoreau-walden,26
thoreau-walden-06216,thoreau-walden,8
thoreau-walden-06217,thoreau-walden,1
thoreau-walden-06218,thoreau-walden,1
thoreau-walden-06219,thoreau-walden,29
thoreau-walden-06220,thoreau-walden,1
thoreau-walden-06221,thoreau-walden,8
thoreau-walden-06222,thoreau-walden,8
thoreau-walden-06223,thoreau-walden,29
thoreau-walden-06224,thoreau-walden,2
thoreau-walden-06225,thoreau-walden,22
thoreau-walden-06226,thoreau-walden,22
thoreau-walden-06227,thoreau-walden,2
thoreau-walden-06228,thoreau-walden,29
thoreau-walden-06229,thoreau-walden,2
thoreau-walden-06230,thoreau-walden,8
thoreau-walden-06231,thoreau-walden,25
thoreau-walden-06232,thoreau-walden,21
thoreau-walden-06233,thoreau-walden,1
thoreau-walden-06234,thoreau-walden,8
thoreau-walden-06235,thoreau-walden,21
thoreau-walden-06236,thoreau-walden,21
thoreau-walden-06237,thoreau-walden,2
thoreau-walden-06238,thoreau-walden,29
thoreau-walden-06239,thoreau-walden,8
thoreau-walden-06240,thoreau-walden,5
thoreau-walden-06241,thoreau-walden,13
thoreau-walden-06242,thoreau-walden,5
thoreau-walden-06243,thoreau-walden,26
thoreau-walden-06244,thoreau-walden,2
thoreau-walden-06245,thoreau-walden,11
thoreau-walden-06246,thoreau-walden,5
thoreau-walden-06247,thoreau-walden,3
thoreau-walden-06248,thoreau-walden,3
thoreau-walden-06249,thoreau-walden,8
thoreau-walden-06250,thoreau-walden,3
thoreau-walden-06251,thoreau-walden,3
thoreau-walden-06252,thoreau-walden,20
thoreau-walden-06253,thoreau-walden,24
thoreau-walden-06254,thoreau-walden,23
thoreau-walden-06255,thoreau-walden,2
thoreau-walden-06256,thoreau-walden,28
thoreau-walden-06257,thoreau-walden,5
thoreau-walden-06258,thoreau-walden,23
thoreau-walden-06259,thoreau-walden,24
thoreau-walden-06260,thoreau-walden,1
thoreau-walden-06261,thoreau-walden,24
thoreau-walden-06262,thoreau-walden,8
thoreau-walden-06263,thoreau-walden,24
thoreau-walden-06264,thoreau-walden,28
thoreau-walden-06265,thoreau-walden,9
thoreau-walden-06266,thoreau-walden,24
thoreau-walden-06267,thoreau-walden,2
thoreau-walden-06268,thoreau-walden,22
thoreau-walden-06269,thoreau-walden,8
thoreau-walden-06270,thoreau-walden,5
thoreau-walden-06271,thoreau-walden,2
thoreau-walden-06272,thoreau-walden,2
thoreau-walden-06273,thoreau-walden,26
thoreau-walden-06274,thoreau-walden,1
thoreau-walden-06275,thoreau-walden,5
thoreau-walden-06276,thoreau-walden,8
thoreau-walden-06277,thoreau-walden,8
smiles-self-help-06278,smiles-self-help,0
smiles-self-help-06279,smiles-self-help,21
smiles-self-help-06280,smiles-self-help,9
smiles-self-help-06281,smiles-self-help,11
smiles-self-help-06282,smiles-self-help,3
smiles-self-help-06283,smiles-self-help,9
smiles-self-help-06284,smiles-self-help,11
smiles-self-help-06285,smiles-self-help,11
smiles-self-help-06286,smiles-self-help,11
smiles-self-help-06287,smiles-self-help,11
smiles-self-help-06288,smiles-self-help,3
smiles-self-help-06289,smiles-self-help,28
smiles-self-help-06290,smiles-self-help,11
smiles-self-help-06291,smiles-self-help,11
smiles-self-help-06292,smiles-self-help,22
smiles-self-help-06293,smiles-self-help,19
smiles-self-help-06294,smiles-self-help,24
smiles-self-help-06295,smiles-self-help,29
smiles-self-help-06296,smiles-self-help,29
smiles-self-help-06297,smiles-self-help,11
smiles-self-help-06298,smiles-self-help,11
smiles-self-help-06299,smiles-self-help,3
smiles-self-help-06300,smiles-self-help,3
smiles-self-help-06301,smiles-self-help,21
smiles-self-help-06302,smiles-self-help,11
smiles-self-help-06303,smiles-self-help,3
smiles-self-help-06304,smiles-self-help,3
smiles-self-help-06305,smiles-self-help,3
smiles-self-help-06306,smiles-self-help,3
smiles-self-help-06307,smiles-self-help,11
smiles-self-help-06308,smiles-self-help,17
smiles-self-help-06309,smiles-self-help,2
smiles-self-help-06310,smiles-self-help,2
smiles-self-help-06311,smiles-self-help,17
smiles-self-help-06312,smiles-self-help,2
smiles-self-help-06313,smiles-self-help,17
smiles-self-help-06314,smiles-self-help,2
smiles-self-help-06315,smiles-self-help,2
smiles-self-help-06316,smiles-self-help,2
smiles-self-help-06317,smiles-self-help,2
smiles-self-help-06318,smiles-self-help,2
smiles-self-help-06319,smiles-self-help,2
smiles-self-help-06320,smiles-self-help,2
smiles-self-help-06321,smiles-self-help,2
smiles-self-help-06322,smiles-self-help,2
smiles-self-help-06323,smiles-self-help,2
smiles-self-help-06324,smiles-self-help,2
smiles-self-help-06325,smiles-self-help,28
smiles-self-help-06326,smiles-self-help,11
smiles-self-help-06327,smiles-self-help,23
smiles-self-help-06328,smiles-self-help,2
smiles-self-help-06329,smiles-self-help,25
smiles-self-help-06330,smiles-self-help,21
smiles-self-help-06331,smiles-self-help,11
smiles-self-help-06332,smiles-self-help,11
smiles-self-help-06333,smiles-self-help,11
smiles-self-help-06334,smiles-self-help,11
smiles-self-help-06335,smiles-self-help,11
smiles-self-help-06336,smiles-self-help,11
smiles-self-help-06337,smiles-self-help,11
smiles-self-help-06338,smiles-self-help,15
smiles-self-help-06339,smiles-self-help,19
smiles-self-help-06340,smiles-self-help,19
smiles-self-help-06341,smiles-self-help,15
smiles-self-help-06342,smiles-self-help,19
smiles-self-help-06343,smiles-self-help,22
smiles-self-help-06344,smiles-self-help,19
smiles-self-help-06345,smiles-self-help,19
smiles-self-help-06346,smiles-self-help,19
smiles-self-help-06347,smiles-self-help,24
smiles-self-help-06348,smiles-self-help,24
smiles-self-help-06349,smiles-self-help,15
smiles-self-help-06350,smiles-self-help,19
smiles-self-help-06351,smiles-self-help,15
smiles-self-help-06352,smiles-self-help,22
smiles-self-help-06353,smiles-self-help,22
smiles-self-help-06354,smiles-self-help,3
smiles-self-help-06355,smiles-self-help,19
smiles-self-help-06356,smiles-self-help,19
smiles-self-help-06357,smiles-self-help,19
smiles-self-help-06358,smiles-self-help,19
smiles-self-help-06359,smiles-self-help,3
smiles-self-help-06360,smiles-self-help,15
smiles-self-help-06361,smiles-self-help,3
smiles-self-help-06362,smiles-self-help,3
smiles-self-help-06363,smiles-self-help,3
smiles-self-help-06364,smiles-self-help,19
smiles-self-help-06365,smiles-self-help,3
smiles-self-help-06366,smiles-self-help,3
smiles-self-help-06367,smiles-self-help,3
smiles-self-help-06368,smiles-self-help,22
smiles-self-help-06369,smiles-self-help,25
smiles-self-help-06370,smiles-self-help,19
smiles-self-help-06371,smiles-self-help,25
smiles-self-help-06372,smiles-self-help,25
smiles-self-help-06373,smiles-self-help,25
smiles-self-help-06374,smiles-self-help,25
smiles-self-help-06375,smiles-self-help,25
smiles-self-help-06376,smiles-self-help,11
smiles-self-help-06377,smiles-self-help,19
smiles-self-help-06378,smiles-self-help,19
smiles-self-help-06379,smiles-self-help,19
smiles-self-help-06380,smiles-self-help,19
smiles-self-help-06381,smiles-self-help,19
smiles-self-help-06382,smiles-self-help,3
smiles-self-help-06383,smiles-self-help,19
smiles-self-help-06384,smiles-self-help,3
smiles-self-help-06385,smiles-self-help,19
smiles-self-help-06386,smiles-self-help,19
smiles-self-help-06387,smiles-self-help,19
smiles-self-help-06388,smiles-self-help,17
smiles-self-help-06389,smiles-self-help,23
smiles-self-help-06390,smiles-self-help,23
smiles-self-help-06391,smiles-self-help,23
smiles-self-help-06392,smiles-self-help,21
smiles-self-help-06393,smiles-self-help,21
smiles-self-help-06394,smiles-self-help,23
smiles-self-help-06395,smiles-self-help,25
smiles-self-help-06396,smiles-self-help,19
smiles-self-help-06397,smiles-self-help,15
smiles-self-help-06398,smiles-self-help,19
smiles-self-help-06399,smiles-self-help,19
smiles-self-help-06400,smiles-self-help,3
smiles-self-help-06401,smiles-self-help,3
smiles-self-help-06402,smiles-self-help,3
smiles-self-help-06403,smiles-self-help,19
smiles-self-help-06404,smiles-self-help,24
smiles-self-help-06405,smiles-self-help,19
smiles-self-help-06406,smiles-self-help,19
smiles-self-help-06407,smiles-self-help,19
smiles-self-help-06408,smiles-self-help,19
smiles-self-help-06409,smiles-self-help,2
smiles-self-help-06410,smiles-self-help,29
smiles-self-help-06411,smiles-self-help,3
smiles-self-help-06412,smiles-self-help,19
smiles-self-help-06413,smiles-self-help,3
smiles-self-help-06414,smiles-self-help,24
smiles-self-help-06415,smiles-self-help,24
smiles-self-help-06416,smiles-self-help,3
smiles-self-help-06417,smiles-self-help,11
smiles-self-help-06418,smiles-self-help,9
smiles-self-help-06419,smiles-self-help,19
smiles-self-help-06420,smiles-self-help,3
smiles-self-help-06421,smiles-self-help,9
smiles-self-help-06422,smiles-self-help,17
smiles-self-help-06423,smiles-self-help,9
smiles-self-help-06424,smiles-self-help,3
smiles-self-help-06425,smiles-self-help,21
smiles-self-help-06426,smiles-self-help,21
smiles-self-help-06427,smiles-self-help,11
smiles-self-help-06428,smiles-self-help,19
smiles-self-help-06429,smiles-self-help,19
smiles-self-help-06430,smiles-self-help,11
smiles-self-help-06431,smiles-self-help,2
smiles-self-help-06432,smiles-self-help,11
smiles-self-help-06433,smiles-self-help,11
smiles-self-help-06434,smiles-self-help,2
smiles-self-help-06435,smiles-self-help,11
smiles-self-help-06436,smiles-self-help,11
smiles-self-help-06437,smiles-self-help,17
smiles-self-help-06438,smiles-self-help,11
smiles-self-help-06439,smiles-self-help,20
smiles-self-help-06440,smiles-self-help,11
smiles-self-help-06441,smiles-self-help,15
smiles-self-help-06442,smiles-self-help,15
smiles-self-help-06443,smiles-self-help,15
smiles-self-help-06444,smiles-self-help,11
smiles-self-help-06445,smiles-self-help,3
smiles-self-help-06446,smiles-self-help,15
smiles-self-help-06447,smiles-self-help,15
smiles-self-help-06448,smiles-self-help,15
smiles-self-help-06449,smiles-self-help,15
smiles-self-help-06450,smiles-self-help,15
smiles-self-help-06451,smiles-self-help,15
smiles-self-help-06452,smiles-self-help,15
smiles-self-help-06453,smiles-self-help,15
smiles-self-help-06454,smiles-self-help,15
smiles-self-help-06455,smiles-self-help,15
smiles-self-help-06456,smiles-self-help,15
smiles-self-help-06457,smiles-self-help,19
smiles-self-help-06458,smiles-self-help,15
smiles-self-help-06459,smiles-self-help,15
smiles-self-help-06460,smiles-self-help,17
smiles-self-help-06461,smiles-self-help,15
smiles-self-help-06462,smiles-self-help,3
smiles-self-help-06463,smiles-self-help,19
smiles-self-help-06464,smiles-self-help,15
smiles-self-help-06465,smiles-self-help,15
smiles-self-help-06466,smiles-self-help,3
smiles-self-help-06467,smiles-self-help,19
smiles-self-help-06468,smiles-self-help,15
smiles-self-help-06469,smiles-self-help,15
smiles-self-help-06470,smiles-self-help,15
smiles-self-help-06471,smiles-self-help,15
smiles-self-help-06472,smiles-self-help,15
smiles-self-help-06473,smiles-self-help,15
smiles-self-help-06474,smiles-self-help,19
smiles-self-help-06475,smiles-self-help,19
smiles-self-help-06476,smiles-self-help,19
smiles-self-help-06477,smiles-self-help,19
smiles-self-help-06478,smiles-self-help,15
smiles-self-help-06479,smiles-self-help,15
smiles-self-help-06480,smiles-self-help,15
smiles-self-help-06481,smiles-self-help,15
smiles-self-help-06482,smiles-self-help,15
smiles-self-help-06483,smiles-self-help,19
smiles-self-help-06484,smiles-self-help,19
smiles-self-help-06485,smiles-self-help,15
smiles-self-help-06486,smiles-self-help,19
smiles-self-help-06487,smiles-self-help,11
smiles-self-help-06488,smiles-self-help,15
smiles-self-help-06489,smiles-self-help,19
smiles-self-help-06490,smiles-self-help,19
smiles-self-help-06491,smiles-self-help,24
smiles-self-help-06492,smiles-self-help,19
smiles-self-help-06493,smiles-self-help,19
smiles-self-help-06494,smiles-self-help,24
smiles-self-help-06495,smiles-self-help,15
smiles-self-help-06496,smiles-self-help,19
smiles-self-help-06497,smiles-self-help,2
smiles-self-help-06498,smiles-self-help,15
smiles-self-help-06499,smiles-self-help,15
smiles-self-help-06500,smiles-self-help,15
smiles-self-help-06501,smiles-self-help,15
smiles-self-help-06502,smiles-self-help,15
smiles-self-help-06503,smiles-self-help,15
smiles-self-help-06504,smiles-self-help,15
smiles-self-help-06505,smiles-self-help,15
smiles-self-help-06506,smiles-self-help,15
smiles-self-help-06507,smiles-self-help,15
smiles-self-help-06508,smiles-self-help,15
smiles-self-help-06509,smiles-self-help,15
smiles-self-help-06510,smiles-self-help,15
smiles-self-help-06511,smiles-self-help,15
smiles-self-help-06512,smiles-self-help,19
smiles-self-help-06513,smiles-self-help,3
smiles-self-help-06514,smiles-self-help,15
smiles-self-help-06515,smiles-self-help,15
smiles-self-help-06516,smiles-self-help,15
smiles-self-help-06517,smiles-self-help,15
smiles-self-help-06518,smiles-self-help,19
smiles-self-help-06519,smiles-self-help,15
smiles-self-help-06520,smiles-self-help,15
smiles-self-help-06521,smiles-self-help,25
smiles-self-help-06522,smiles-self-help,19
smiles-self-help-06523,smiles-self-help,15
smiles-self-help-06524,smiles-self-help,15
smiles-self-help-06525,smiles-self-help,15
smiles-self-help-06526,smiles-self-help,15
smiles-self-help-06527,smiles-self-help,15
smiles-self-help-06528,smiles-self-help,3
smiles-self-help-06529,smiles-self-help,24
smiles-self-help-06530,smiles-self-help,15
smiles-self-help-06531,smiles-self-help,15
smiles-self-help-06532,smiles-self-help,19
smiles-self-help-06533,smiles-self-help,15
smiles-self-help-06534,smiles-self-help,3
smiles-self-help-06535,smiles-self-help,15
smiles-self-help-06536,smiles-self-help,19
smiles-self-help-06537,smiles-self-help,15
smiles-self-help-06538,smiles-self-help,19
smiles-self-help-06539,smiles-self-help,15
smiles-self-help-06540,smiles-self-help,25
smiles-self-help-06541,smiles-self-help,15
smiles-self-help-06542,smiles-self-help,25
smiles-self-help-06543,smiles-self-help,25
smiles-self-help-06544,smiles-self-help,25
smiles-self-help-06545,smiles-self-help,15
smiles-self-help-06546,smiles-self-help,19
smiles-self-help-06547,smiles-self-help,15
smiles-self-help-06548,smiles-self-help,15
smiles-self-help-06549,smiles-self-help,15
smiles-self-help-06550,smiles-self-help,19
smiles-self-help-06551,smiles-self-help,3
smiles-self-help-06552,smiles-self-help,3
smiles-self-help-06553,smiles-self-help,19
smiles-self-help-06554,smiles-self-help,3
smiles-self-help-06555,smiles-self-help,19
smiles-self-help-06556,smiles-self-help,15
smiles-self-help-06557,smiles-self-help,15
smiles-self-help-06558,smiles-self-help,15
smiles-self-help-06559,smiles-self-help,15
smiles-self-help-06560,smiles-self-help,25
smiles-self-help-06561,smiles-self-help,15
smiles-self-help-06562,smiles-self-help,3
smiles-self-help-06563,smiles-self-help,15
smiles-self-help-06564,smiles-self-help,15
smiles-self-help-06565,smiles-self-help,15
smiles-self-help-06566,smiles-self-help,15
smiles-self-help-06567,smiles-self-help,15
smiles-self-help-06568,smiles-self-help,11
smiles-self-help-06569,smiles-self-help,3
smiles-self-help-06570,smiles-self-help,15
smiles-self-help-06571,smiles-self-help,3
smiles-self-help-06572,smiles-self-help,15
smiles-self-help-06573,smiles-self-help,15
smiles-self-help-06574,smiles-self-help,15
smiles-self-help-06575,smiles-self-help,15
smiles-self-help-06576,smiles-self-help,15
smiles-self-help-06577,smiles-self-help,15
smiles-self-help-06578,smiles-self-help,15
smiles-self-help-06579,smiles-self-help,25
smiles-self-help-06580,smiles-self-help,15
smiles-self-help-06581,smiles-self-help,15
smiles-self-help-06582,smiles-self-help,25
smiles-self-help-06583,smiles-self-help,19
smiles-self-help-06584,smiles-self-help,15
smiles-self-help-06585,smiles-self-help,15
smiles-self-help-06586,smiles-self-help,15
smiles-self-help-06587,smiles-self-help,15
smiles-self-help-06588,smiles-self-help,15
smiles-self-help-06589,smiles-self-help,15
smiles-self-help-06590,smiles-self-help,15
smiles-self-help-06591,smiles-self-help,15
smiles-self-help-06592,smiles-self-help,15
smiles-self-help-06593,smiles-self-help,3
smiles-self-help-06594,smiles-self-help,3
smiles-self-help-06595,smiles-self-help,15
smiles-self-help-06596,smiles-self-help,15
smiles-self-help-06597,smiles-self-help,15
smiles-self-help-06598,smiles-self-help,15
smiles-self-help-06599,smiles-self-help,15
smiles-self-help-06600,smiles-self-help,15
smiles-self-help-06601,smiles-self-help,15
smiles-self-help-06602,smiles-self-help,23
smiles-self-help-06603,smiles-self-help,9
smiles-self-help-06604,smiles-self-help,24
smiles-self-help-06605,smiles-self-help,3
smiles-self-help-06606,smiles-self-help,15
smiles-self-help-06607,smiles-self-help,15
smiles-self-help-06608,smiles-self-help,3
smiles-self-help-06609,smiles-self-help,21
smiles-self-help-06610,smiles-self-help,11
smiles-self-help-06611,smiles-self-help,15
smiles-self-help-06612,smiles-self-help,15
smiles-self-help-06613,smiles-self-help,15
smiles-self-help-06614,smiles-self-help,3
smiles-self-help-06615,smiles-self-help,15
smiles-self-help-06616,smiles-self-help,3
smiles-self-help-06617,smiles-self-help,3
smiles-self-help-06618,smiles-self-help,3
smiles-self-help-06619,smiles-self-help,3
smiles-self-help-06620,smiles-self-help,15
smiles-self-help-06621,smiles-self-help,29
smiles-self-help-06622,smiles-self-help,3
smiles-self-help-06623,smiles-self-help,15
smiles-self-help-06624,smiles-self-help,25
smiles-self-help-06625,smiles-self-help,19
smiles-self-help-06626,smiles-self-help,15
smiles-self-help-06627,smiles-self-help,15
smiles-self-help-06628,smiles-self-help,15
smiles-self-help-06629,smiles-self-help,15
smiles-self-help-06630,smiles-self-help,15
smiles-self-help-06631,smiles-self-help,15
smiles-self-help-06632,smiles-self-help,24
smiles-self-help-06633,smiles-self-help,8
smiles-self-help-06634,smiles-self-help,15
smiles-self-help-06635,smiles-self-help,3
smiles-self-help-06636,smiles-self-help,15
smiles-self-help-06637,smiles-self-help,29
smiles-self-help-06638,smiles-self-help,24
smiles-self-help-06639,smiles-self-help,15
smiles-self-help-06640,smiles-self-help,15
smiles-self-help-06641,smiles-self-help,19
smiles-self-help-06642,smiles-self-help,15
smiles-self-help-06643,smiles-self-help,24
smiles-self-help-06644,smiles-self-help,1
smiles-self-help-06645,smiles-self-help,1
smiles-self-help-06646,smiles-self-help,4
smiles-self-help-06647,smiles-self-help,3
smiles-self-help-06648,smiles-self-help,15
smiles-self-help-06649,smiles-self-help,3
smiles-self-help-06650,smiles-self-help,3
smiles-self-help-06651,smiles-self-help,15
smiles-self-help-06652,smiles-self-help,3
smiles-self-help-06653,smiles-self-help,4
smiles-self-help-06654,smiles-self-help,24
smiles-self-help-06655,smiles-self-help,15
smiles-self-help-06656,smiles-self-help,19
smiles-self-help-06657,smiles-self-help,3
smiles-self-help-06658,smiles-self-help,3
smiles-self-help-06659,smiles-self-help,27
smiles-self-help-06660,smiles-self-help,27
smiles-self-help-06661,smiles-self-help,3
smiles-self-help-06662,smiles-self-help,15
smiles-self-help-06663,smiles-self-help,15
smiles-self-help-06664,smiles-self-help,15
smiles-self-help-06665,smiles-self-help,15
smiles-self-help-06666,smiles-self-help,19
smiles-self-help-06667,smiles-self-help,25
smiles-self-help-06668,smiles-self-help,15
smiles-self-help-06669,smiles-self-help,15
smiles-self-help-06670,smiles-self-help,15
smiles-self-help-06671,smiles-self-help,24
smiles-self-help-06672,smiles-self-help,22
smiles-self-help-06673,smiles-self-help,25
smiles-self-help-06674,smiles-self-help,24
smiles-self-help-06675,smiles-self-help,15
smiles-self-help-06676,smiles-self-help,19
smiles-self-help-06677,smiles-self-help,15
smiles-self-help-06678,smiles-self-help,15
smiles-self-help-06679,smiles-self-help,15
smiles-self-help-06680,smiles-self-help,15
smiles-self-help-06681,smiles-self-help,15
smiles-self-help-06682,smiles-self-help,15
smiles-self-help-06683,smiles-self-help,25
smiles-self-help-06684,smiles-self-help,15
smiles-self-help-06685,smiles-self-help,15
smiles-self-help-06686,smiles-self-help,15
smiles-self-help-06687,smiles-self-help,19
smiles-self-help-06688,smiles-self-help,19
smiles-self-help-06689,smiles-self-help,15
smiles-self-help-06690,smiles-self-help,19
smiles-self-help-06691,smiles-self-help,25
smiles-self-help-06692,smiles-self-help,25
smiles-self-help-06693,smiles-self-help,3
smiles-self-help-06694,smiles-self-help,15
smiles-self-help-06695,smiles-self-help,19
smiles-self-help-06696,smiles-self-help,15
smiles-self-help-06697,smiles-self-help,15
smiles-self-help-06698,smiles-self-help,15
smiles-self-help-06699,smiles-self-help,19
smiles-self-help-06700,smiles-self-help,3
smiles-self-help-06701,smiles-self-help,19
smiles-self-help-06702,smiles-self-help,3
smiles-self-help-06703,smiles-self-help,15
smiles-self-help-06704,smiles-self-help,15
smiles-self-help-06705,smiles-self-help,15
smiles-self-help-06706,smiles-self-help,15
smiles-self-help-06707,smiles-self-help,15
smiles-self-help-06708,smiles-self-help,3
smiles-self-help-06709,smiles-self-help,15
smiles-self-help-06710,smiles-self-help,11
smiles-self-help-06711,smiles-self-help,15
smiles-self-help-06712,smiles-self-help,15
smiles-self-help-06713,smiles-self-help,3
smiles-self-help-06714,smiles-self-help,15
smiles-self-help-06715,smiles-self-help,15
smiles-self-help-06716,smiles-self-help,19
smiles-self-help-06717,smiles-self-help,22
smiles-self-help-06718,smiles-self-help,15
smiles-self-help-06719,smiles-self-help,15
smiles-self-help-06720,smiles-self-help,15
smiles-self-help-06721,smiles-self-help,15
smiles-self-help-06722,smiles-self-help,29
smiles-self-help-06723,smiles-self-help,25
smiles-self-help-06724,smiles-self-help,23
smiles-self-help-06725,smiles-self-help,22
smiles-self-help-06726,smiles-self-help,11
smiles-self-help-06727,smiles-self-help,11
smiles-self-help-06728,smiles-self-help,11
smiles-self-help-06729,smiles-self-help,3
smiles-self-help-06730,smiles-self-help,3
smiles-self-help-06731,smiles-self-help,3
smiles-self-help-06732,smiles-self-help,11
smiles-self-help-06733,smiles-self-help,3
smiles-self-help-06734,smiles-self-help,3
smiles-self-help-06735,smiles-self-help,15
smiles-self-help-06736,smiles-self-help,11
smiles-self-help-06737,smiles-self-help,9
smiles-self-help-06738,smiles-self-help,11
smiles-self-help-06739,smiles-self-help,3
smiles-self-help-06740,smiles-self-help,3
smiles-self-help-06741,smiles-self-help,11
smiles-self-help-06742,smiles-self-help,24
smiles-self-help-06743,smiles-self-help,28
smiles-self-help-06744,smiles-self-help,9
smiles-self-help-06745,smiles-self-help,24
smiles-self-help-06746,smiles-self-help,27
smiles-self-help-06747,smiles-self-help,19
smiles-self-help-06748,smiles-self-help,17
smiles-self-help-06749,smiles-self-help,3
smiles-self-help-06750,smiles-self-help,24
smiles-self-help-06751,smiles-self-help,24
smiles-self-help-06752,smiles-self-help,3
smiles-self-help-06753,smiles-self-help,25
smiles-self-help-06754,smiles-self-help,3
smiles-self-help-06755,smiles-self-help,24
smiles-self-help-06756,smiles-self-help,1
smiles-self-help-06757,smiles-self-help,1
smiles-self-help-06758,smiles-self-help,3
smiles-self-help-06759,smiles-self-help,15
smiles-self-help-06760,smiles-self-help,3
smiles-self-help-06761,smiles-self-help,3
smiles-self-help-06762,smiles-self-help,3
smiles-self-help-06763,smiles-self-help,22
smiles-self-help-06764,smiles-self-help,22
smiles-self-help-06765,smiles-self-help,22
smiles-self-help-06766,smiles-self-help,22
smiles-self-help-06767,smiles-self-help,22
smiles-self-help-06768,smiles-self-help,19
smiles-self-help-06769,smiles-self-help,25
smiles-self-help-06770,smiles-self-help,3
smiles-self-help-06771,smiles-self-help,22
smiles-self-help-06772,smiles-self-help,11
smiles-self-help-06773,smiles-self-help,3
smiles-self-help-06774,smiles-self-help,24
smiles-self-help-06775,smiles-self-help,3
smiles-self-help-06776,smiles-self-help,3
smiles-self-help-06777,smiles-self-help,3
smiles-self-help-06778,smiles-self-help,3
smiles-self-help-06779,smiles-self-help,3
smiles-self-help-06780,smiles-self-help,3
smiles-self-help-06781,smiles-self-help,3
smiles-self-help-06782,smiles-self-help,3
smiles-self-help-06783,smiles-self-help,3
smiles-self-help-06784,smiles-self-help,19
smiles-self-help-06785,smiles-self-help,3
smiles-self-help-06786,smiles-self-help,3
smiles-self-help-06787,smiles-self-help,3
smiles-self-help-06788,smiles-self-help,24
smiles-self-help-06789,smiles-self-help,3
smiles-self-help-06790,smiles-self-help,13
smiles-self-help-06791,smiles-self-help,19
smiles-self-help-06792,smiles-self-help,19
smiles-self-help-06793,smiles-self-help,3
smiles-self-help-06794,smiles-self-help,19
smiles-self-help-06795,smiles-self-help,3
smiles-self-help-06796,smiles-self-help,3
smiles-self-help-06797,smiles-self-help,19
smiles-self-help-06798,smiles-self-help,3
smiles-self-help-06799,smiles-self-help,19
smiles-self-help-06800,smiles-self-help,3
smiles-self-help-06801,smiles-self-help,19
smiles-self-help-06802,smiles-self-help,19
smiles-self-help-06803,smiles-self-help,19
smiles-self-help-06804,smiles-self-help,19
smiles-self-help-06805,smiles-self-help,24
smiles-self-help-06806,smiles-self-help,26
smiles-self-help-06807,smiles-self-help,1
smiles-self-help-06808,smiles-self-help,3
smiles-self-help-06809,smiles-self-help,3
smiles-self-help-06810,smiles-self-help,3
smiles-self-help-06811,smiles-self-help,3
smiles-self-help-06812,smiles-self-help,3
smiles-self-help-06813,smiles-self-help,3
smiles-self-help-06814,smiles-self-help,3
smiles-self-help-06815,smiles-self-help,24
smiles-self-help-06816,smiles-self-help,27
smiles-self-help-06817,smiles-self-help,3
smiles-self-help-06818,smiles-self-help,3
smiles-self-help-06819,smiles-self-help,3
smiles-self-help-06820,smiles-self-help,3
smiles-self-help-06821,smiles-self-help,3
smiles-self-help-06822,smiles-self-help,21
smiles-self-help-06823,smiles-self-help,19
smiles-self-help-06824,smiles-self-help,19
smiles-self-help-06825,smiles-self-help,19
smiles-self-help-06826,smiles-self-help,19
smiles-self-help-06827,smiles-self-help,19
smiles-self-help-06828,smiles-self-help,19
smiles-self-help-06829,smiles-self-help,3
smiles-self-help-06830,smiles-self-help,19
smiles-self-help-06831,smiles-self-help,19
smiles-self-help-06832,smiles-self-help,3
smiles-self-help-06833,smiles-self-help,11
smiles-self-help-06834,smiles-self-help,8
smiles-self-help-06835,smiles-self-help,28
smiles-self-help-06836,smiles-self-help,3
smiles-self-help-06837,smiles-self-help,15
smiles-self-help-06838,smiles-self-help,3
smiles-self-help-06839,smiles-self-help,3
smiles-self-help-06840,smiles-self-help,15
smiles-self-help-06841,smiles-self-help,15
smiles-self-help-06842,smiles-self-help,21
smiles-self-help-06843,smiles-self-help,21
smiles-self-help-06844,smiles-self-help,8
smiles-self-help-06845,smiles-self-help,3
smiles-self-help-06846,smiles-self-help,15
smiles-self-help-06847,smiles-self-help,15
smiles-self-help-06848,smiles-self-help,15
smiles-self-help-06849,smiles-self-help,15
smiles-self-help-06850,smiles-self-help,8
smiles-self-help-06851,smiles-self-help,8
smiles-self-help-06852,smiles-self-help,11
smiles-self-help-06853,smiles-self-help,22
smiles-self-help-06854,smiles-self-help,15
smiles-self-help-06855,smiles-self-help,15
smiles-self-help-06856,smiles-self-help,8
smiles-self-help-06857,smiles-self-help,15
smiles-self-help-06858,smiles-self-help,8
smiles-self-help-06859,smiles-self-help,19
smiles-self-help-06860,smiles-self-help,15
smiles-self-help-06861,smiles-self-help,15
smiles-self-help-06862,smiles-self-help,11
smiles-self-help-06863,smiles-self-help,11
smiles-self-help-06864,smiles-self-help,15
smiles-self-help-06865,smiles-self-help,15
smiles-self-help-06866,smiles-self-help,15
smiles-self-help-06867,smiles-self-help,15
smiles-self-help-06868,smiles-self-help,15
smiles-self-help-06869,smiles-self-help,3
smiles-self-help-06870,smiles-self-help,11
smiles-self-help-06871,smiles-self-help,19
smiles-self-help-06872,smiles-self-help,3
smiles-self-help-06873,smiles-self-help,15
smiles-self-help-06874,smiles-self-help,15
smiles-self-help-06875,smiles-self-help,15
smiles-self-help-06876,smiles-self-help,15
smiles-self-help-06877,smiles-self-help,15
smiles-self-help-06878,smiles-self-help,19
smiles-self-help-06879,smiles-self-help,19
smiles-self-help-06880,smiles-self-help,3
smiles-self-help-06881,smiles-self-help,3
smiles-self-help-06882,smiles-self-help,20
smiles-self-help-06883,smiles-self-help,21
smiles-self-help-06884,smiles-self-help,3
smiles-self-help-06885,smiles-self-help,3
smiles-self-help-06886,smiles-self-help,3
smiles-self-help-06887,smiles-self-help,3
smiles-self-help-06888,smiles-self-help,3
smiles-self-help-06889,smiles-self-help,11
smiles-self-help-06890,smiles-self-help,15
smiles-self-help-06891,smiles-self-help,3
smiles-self-help-06892,smiles-self-help,3
smiles-self-help-06893,smiles-self-help,11
smiles-self-help-06894,smiles-self-help,3
smiles-self-help-06895,smiles-self-help,22
smiles-self-help-06896,smiles-self-help,3
smiles-self-help-06897,smiles-self-help,5
smiles-self-help-06898,smiles-self-help,24
smiles-self-help-06899,smiles-self-help,19
smiles-self-help-06900,smiles-self-help,3
smiles-self-help-06901,smiles-self-help,3
smiles-self-help-06902,smiles-self-help,3
smiles-self-help-06903,smiles-self-help,15
smiles-self-help-06904,smiles-self-help,3
smiles-self-help-06905,smiles-self-help,19
smiles-self-help-06906,smiles-self-help,3
smiles-self-help-06907,smiles-self-help,3
smiles-self-help-06908,smiles-self-help,28
smiles-self-help-06909,smiles-self-help,3
smiles-self-help-06910,smiles-self-help,3
smiles-self-help-06911,smiles-self-help,21
smiles-self-help-06912,smiles-self-help,19
smiles-self-help-06913,smiles-self-help,15
smiles-self-help-06914,smiles-self-help,3
smiles-self-help-06915,smiles-self-help,25
smiles-self-help-06916,smiles-self-help,3
smiles-self-help-06917,smiles-self-help,24
smiles-self-help-06918,smiles-self-help,24
smiles-self-help-06919,smiles-self-help,22
smiles-self-help-06920,smiles-self-help,25
smiles-self-help-06921,smiles-self-help,25
smiles-self-help-06922,smiles-self-help,25
smiles-self-help-06923,smiles-self-help,25
smiles-self-help-06924,smiles-self-help,3
smiles-self-help-06925,smiles-self-help,19
smiles-self-help-06926,smiles-self-help,24
smiles-self-help-06927,smiles-self-help,3
smiles-self-help-06928,smiles-self-help,22
smiles-self-help-06929,smiles-self-help,20
smiles-self-help-06930,smiles-self-help,24
smiles-self-help-06931,smiles-self-help,24
smiles-self-help-06932,smiles-self-help,3
smiles-self-help-06933,smiles-self-help,3
smiles-self-help-06934,smiles-self-help,15
smiles-self-help-06935,smiles-self-help,15
smiles-self-help-06936,smiles-self-help,24
smiles-self-help-06937,smiles-self-help,24
smiles-self-help-06938,smiles-self-help,19
smiles-self-help-06939,smiles-self-help,24
smiles-self-help-06940,smiles-self-help,25
smiles-self-help-06941,smiles-self-help,3
smiles-self-help-06942,smiles-self-help,15
smiles-self-help-06943,smiles-self-help,22
smiles-self-help-06944,smiles-self-help,19
smiles-self-help-06945,smiles-self-help,3
smiles-self-help-06946,smiles-self-help,3
smiles-self-help-06947,smiles-self-help,15
smiles-self-help-06948,smiles-self-help,3
smiles-self-help-06949,smiles-self-help,3
smiles-self-help-06950,smiles-self-help,19
smiles-self-help-06951,smiles-self-help,19
smiles-self-help-06952,smiles-self-help,3
smiles-self-help-06953,smiles-self-help,15
smiles-self-help-06954,smiles-self-help,15
smiles-self-help-06955,smiles-self-help,22
smiles-self-help-06956,smiles-self-help,3
smiles-self-help-06957,smiles-self-help,19
smiles-self-help-06958,smiles-self-help,3
smiles-self-help-06959,smiles-self-help,3
smiles-self-help-06960,smiles-self-help,15
smiles-self-help-06961,smiles-self-help,19
smiles-self-help-06962,smiles-self-help,8
smiles-self-help-06963,smiles-self-help,19
smiles-self-help-06964,smiles-self-help,8
smiles-self-help-06965,smiles-self-help,26
smiles-self-help-06966,smiles-self-help,26
smiles-self-help-06967,smiles-self-help,19
smiles-self-help-06968,smiles-self-help,19
smiles-self-help-06969,smiles-self-help,3
smiles-self-help-06970,smiles-self-help,15
smiles-self-help-06971,smiles-self-help,19
smiles-self-help-06972,smiles-self-help,26
smiles-self-help-06973,smiles-self-help,19
smiles-self-help-06974,smiles-self-help,3
smiles-self-help-06975,smiles-self-help,3
smiles-self-help-06976,smiles-self-help,26
smiles-self-help-06977,smiles-self-help,3
smiles-self-help-06978,smiles-self-help,19
smiles-self-help-06979,smiles-self-help,19
smiles-self-help-06980,smiles-self-help,19
smiles-self-help-06981,smiles-self-help,19
smiles-self-help-06982,smiles-self-help,8
smiles-self-help-06983,smiles-self-help,19
smiles-self-help-06984,smiles-self-help,19
smiles-self-help-06985,smiles-self-help,20
smiles-self-help-06986,smiles-self-help,11
smiles-self-help-06987,smiles-self-help,19
smiles-self-help-06988,smiles-self-help,15
smiles-self-help-06989,smiles-self-help,19
smiles-self-help-06990,smiles-self-help,3
smiles-self-help-06991,smiles-self-help,1
smiles-self-help-06992,smiles-self-help,3
smiles-self-help-06993,smiles-self-help,11
smiles-self-help-06994,smiles-self-help,19
smiles-self-help-06995,smiles-self-help,3
smiles-self-help-06996,smiles-self-help,19
smiles-self-help-06997,smiles-self-help,19
smiles-self-help-06998,smiles-self-help,15
smiles-self-help-06999,smiles-self-help,22
smiles-self-help-07000,smiles-self-help,3
smiles-self-help-07001,smiles-self-help,22
smiles-self-help-07002,smiles-self-help,19
smiles-self-help-07003,smiles-self-help,27
smiles-self-help-07004,smiles-self-help,11
smiles-self-help-07005,smiles-self-help,11
smiles-self-help-07006,smiles-self-help,11
smiles-self-help-07007,smiles-self-help,11
smiles-self-help-07008,smiles-self-help,3
smiles-self-help-07009,smiles-self-help,19
smiles-self-help-07010,smiles-self-help,19
smiles-self-help-07011,smiles-self-help,3
smiles-self-help-07012,smiles-self-help,3
smiles-self-help-07013,smiles-self-help,3
smiles-self-help-07014,smiles-self-help,3
smiles-self-help-07015,smiles-self-help,3
smiles-self-help-07016,smiles-self-help,3
smiles-self-help-07017,smiles-self-help,3
smiles-self-help-07018,smiles-self-help,3
smiles-self-help-07019,smiles-self-help,3
smiles-self-help-07020,smiles-self-help,3
smiles-self-help-07021,smiles-self-help,3
smiles-self-help-07022,smiles-self-help,15
smiles-self-help-07023,smiles-self-help,3
smiles-self-help-07024,smiles-self-help,15
smiles-self-help-07025,smiles-self-help,3
smiles-self-help-07026,smiles-self-help,3
smiles-self-help-07027,smiles-self-help,3
smiles-self-help-07028,smiles-self-help,24
smiles-self-help-07029,smiles-self-help,3
smiles-self-help-07030,smiles-self-help,3
smiles-self-help-07031,smiles-self-help,3
smiles-self-help-07032,smiles-self-help,3
smiles-self-help-07033,smiles-self-help,3
smiles-self-help-07034,smiles-self-help,3
smiles-self-help-07035,smiles-self-help,3
smiles-self-help-07036,smiles-self-help,3
smiles-self-help-07037,smiles-self-help,3
smiles-self-help-07038,smiles-self-help,3
smiles-self-help-07039,smiles-self-help,3
smiles-self-help-07040,smiles-self-help,3
smiles-self-help-07041,smiles-self-help,3
smiles-self-help-07042,smiles-self-help,3
smiles-self-help-07043,smiles-self-help,3
smiles-self-help-07044,smiles-self-help,3
smiles-self-help-07045,smiles-self-help,19
smiles-self-help-07046,smiles-self-help,24
smiles-self-help-07047,smiles-self-help,3
smiles-self-help-07048,smiles-self-help,3
smiles-self-help-07049,smiles-self-help,3
smiles-self-help-07050,smiles-self-help,19
smiles-self-help-07051,smiles-self-help,3
smiles-self-help-07052,smiles-self-help,3
smiles-self-help-07053,smiles-self-help,3
smiles-self-help-07054,smiles-self-help,3
smiles-self-help-07055,smiles-self-help,22
smiles-self-help-07056,smiles-self-help,15
smiles-self-help-07057,smiles-self-help,15
smiles-self-help-07058,smiles-self-help,22
smiles-self-help-07059,smiles-self-help,15
smiles-self-help-07060,smiles-self-help,15
smiles-self-help-07061,smiles-self-help,29
smiles-self-help-07062,smiles-self-help,25
smiles-self-help-07063,smiles-self-help,15
smiles-self-help-07064,smiles-self-help,1
smiles-self-help-07065,smiles-self-help,15
smiles-self-help-07066,smiles-self-help,22
smiles-self-help-07067,smiles-self-help,3
smiles-self-help-07068,smiles-self-help,3
smiles-self-help-07069,smiles-self-help,3
smiles-self-help-07070,smiles-self-help,3
smiles-self-help-07071,smiles-self-help,3
smiles-self-help-07072,smiles-self-help,3
smiles-self-help-07073,smiles-self-help,3
smiles-self-help-07074,smiles-self-help,3
smiles-self-help-07075,smiles-self-help,3
smiles-self-help-07076,smiles-self-help,3
smiles-self-help-07077,smiles-self-help,3
smiles-self-help-07078,smiles-self-help,15
smiles-self-help-07079,smiles-self-help,3
smiles-self-help-07080,smiles-self-help,3
smiles-self-help-07081,smiles-self-help,3
smiles-self-help-07082,smiles-self-help,3
smiles-self-help-07083,smiles-self-help,3
smiles-self-help-07084,smiles-self-help,3
smiles-self-help-07085,smiles-self-help,3
smiles-self-help-07086,smiles-self-help,3
smiles-self-help-07087,smiles-self-help,3
smiles-self-help-07088,smiles-self-help,24
smiles-self-help-07089,smiles-self-help,3
smiles-self-help-07090,smiles-self-help,15
smiles-self-help-07091,smiles-self-help,3
smiles-self-help-07092,smiles-self-help,3
smiles-self-help-07093,smiles-self-help,3
smiles-self-help-07094,smiles-self-help,3
smiles-self-help-07095,smiles-self-help,3
smiles-self-help-07096,smiles-self-help,3
smiles-self-help-07097,smiles-self-help,3
smiles-self-help-07098,smiles-self-help,15
smiles-self-help-07099,smiles-self-help,11
smiles-self-help-07100,smiles-self-help,15
smiles-self-help-07101,smiles-self-help,15
smiles-self-help-07102,smiles-self-help,3
smiles-self-help-07103,smiles-self-help,3
smiles-self-help-07104,smiles-self-help,24
smiles-self-help-07105,smiles-self-help,3
smiles-self-help-07106,smiles-self-help,3
smiles-self-help-07107,smiles-self-help,24
smiles-self-help-07108,smiles-self-help,3
smiles-self-help-07109,smiles-self-help,19
smiles-self-help-07110,smiles-self-help,24
smiles-self-help-07111,smiles-self-help,3
smiles-self-help-07112,smiles-self-help,19
smiles-self-help-07113,smiles-self-help,3
smiles-self-help-07114,smiles-self-help,19
smiles-self-help-07115,smiles-self-help,3
smiles-self-help-07116,smiles-self-help,22
smiles-self-help-07117,smiles-self-help,19
smiles-self-help-07118,smiles-self-help,3
smiles-self-help-07119,smiles-self-help,15
smiles-self-help-07120,smiles-self-help,3
smiles-self-help-07121,smiles-self-help,24
smiles-self-help-07122,smiles-self-help,19
smiles-self-help-07123,smiles-self-help,15
smiles-self-help-07124,smiles-self-help,15
smiles-self-help-07125,smiles-self-help,19
smiles-self-help-07126,smiles-self-help,19
smiles-self-help-07127,smiles-self-help,3
smiles-self-help-07128,smiles-self-help,3
smiles-self-help-07129,smiles-self-help,3
smiles-self-help-07130,smiles-self-help,3
smiles-self-help-07131,smiles-self-help,3
smiles-self-help-07132,smiles-self-help,3
smiles-self-help-07133,smiles-self-help,3
smiles-self-help-07134,smiles-self-help,19
smiles-self-help-07135,smiles-self-help,15
smiles-self-help-07136,smiles-self-help,3
smiles-self-help-07137,smiles-self-help,11
smiles-self-help-07138,smiles-self-help,19
smiles-self-help-07139,smiles-self-help,15
smiles-self-help-07140,smiles-self-help,3
smiles-self-help-07141,smiles-self-help,3
smiles-self-help-07142,smiles-self-help,3
smiles-self-help-07143,smiles-self-help,3
smiles-self-help-07144,smiles-self-help,3
smiles-self-help-07145,smiles-self-help,3
smiles-self-help-07146,smiles-self-help,3
smiles-self-help-07147,smiles-self-help,3
smiles-self-help-07148,smiles-self-help,19
smiles-self-help-07149,smiles-self-help,3
smiles-self-help-07150,smiles-self-help,19
smiles-self-help-07151,smiles-self-help,19
smiles-self-help-07152,smiles-self-help,15
smiles-self-help-07153,smiles-self-help,19
smiles-self-help-07154,smiles-self-help,15
smiles-self-help-07155,smiles-self-help,3
smiles-self-help-07156,smiles-self-help,19
smiles-self-help-07157,smiles-self-help,15
smiles-self-help-07158,smiles-self-help,3
smiles-self-help-07159,smiles-self-help,19
smiles-self-help-07160,smiles-self-help,3
smiles-self-help-07161,smiles-self-help,3
smiles-self-help-07162,smiles-self-help,15
smiles-self-help-07163,smiles-self-help,3
smiles-self-help-07164,smiles-self-help,19
smiles-self-help-07165,smiles-self-help,15
smiles-self-help-07166,smiles-self-help,15
smiles-self-help-07167,smiles-self-help,24
smiles-self-help-07168,smiles-self-help,15
smiles-self-help-07169,smiles-self-help,15
smiles-self-help-07170,smiles-self-help,3
smiles-self-help-07171,smiles-self-help,3
smiles-self-help-07172,smiles-self-help,3
smiles-self-help-07173,smiles-self-help,15
smiles-self-help-07174,smiles-self-help,15
smiles-self-help-07175,smiles-self-help,15
smiles-self-help-07176,smiles-self-help,3
smiles-self-help-07177,smiles-self-help,15
smiles-self-help-07178,smiles-self-help,15
smiles-self-help-07179,smiles-self-help,3
smiles-self-help-07180,smiles-self-help,15
smiles-self-help-07181,smiles-self-help,15
smiles-self-help-07182,smiles-self-help,15
smiles-self-help-07183,smiles-self-help,15
smiles-self-help-07184,smiles-self-help,15
smiles-self-help-07185,smiles-self-help,15
smiles-self-help-07186,smiles-self-help,15
smiles-self-help-07187,smiles-self-help,15
smiles-self-help-07188,smiles-self-help,15
smiles-self-help-07189,smiles-self-help,15
smiles-self-help-07190,smiles-self-help,28
smiles-self-help-07191,smiles-self-help,15
smiles-self-help-07192,smiles-self-help,24
smiles-self-help-07193,smiles-self-help,3
smiles-self-help-07194,smiles-self-help,3
smiles-self-help-07195,smiles-self-help,3
smiles-self-help-07196,smiles-self-help,3
smiles-self-help-07197,smiles-self-help,3
smiles-self-help-07198,smiles-self-help,3
smiles-self-help-07199,smiles-self-help,24
smiles-self-help-07200,smiles-self-help,3
smiles-self-help-07201,smiles-self-help,3
smiles-self-help-07202,smiles-self-help,19
smiles-self-help-07203,smiles-self-help,24
smiles-self-help-07204,smiles-self-help,3
smiles-self-help-07205,smiles-self-help,3
smiles-self-help-07206,smiles-self-help,15
smiles-self-help-07207,smiles-self-help,15
smiles-self-help-07208,smiles-self-help,15
smiles-self-help-07209,smiles-self-help,15
smiles-self-help-07210,smiles-self-help,3
smiles-self-help-07211,smiles-self-help,11
smiles-self-help-07212,smiles-self-help,24
smiles-self-help-07213,smiles-self-help,25
smiles-self-help-07214,smiles-self-help,19
smiles-self-help-07215,smiles-self-help,2
smiles-self-help-07216,smiles-self-help,19
smiles-self-help-07217,smiles-self-help,19
smiles-self-help-07218,smiles-self-help,19
smiles-self-help-07219,smiles-self-help,19
smiles-self-help-07220,smiles-self-help,2
smiles-self-help-07221,smiles-self-help,19
smiles-self-help-07222,smiles-self-help,19
smiles-self-help-07223,smiles-self-help,19
smiles-self-help-07224,smiles-self-help,19
smiles-self-help-07225,smiles-self-help,19
smiles-self-help-07226,smiles-self-help,15
smiles-self-help-07227,smiles-self-help,19
smiles-self-help-07228,smiles-self-help,15
smiles-self-help-07229,smiles-self-help,24
smiles-self-help-07230,smiles-self-help,19
smiles-self-help-07231,smiles-self-help,15
smiles-self-help-07232,smiles-self-help,3
smiles-self-help-07233,smiles-self-help,19
smiles-self-help-07234,smiles-self-help,19
smiles-self-help-07235,smiles-self-help,19
smiles-self-help-07236,smiles-self-help,19
smiles-self-help-07237,smiles-self-help,19
smiles-self-help-07238,smiles-self-help,3
smiles-self-help-07239,smiles-self-help,19
smiles-self-help-07240,smiles-self-help,24
smiles-self-help-07241,smiles-self-help,3
smiles-self-help-07242,smiles-self-help,19
smiles-self-help-07243,smiles-self-help,3
smiles-self-help-07244,smiles-self-help,24
smiles-self-help-07245,smiles-self-help,25
smiles-self-help-07246,smiles-self-help,25
smiles-self-help-07247,smiles-self-help,25
smiles-self-help-07248,smiles-self-help,25
smiles-self-help-07249,smiles-self-help,3
smiles-self-help-07250,smiles-self-help,19
smiles-self-help-07251,smiles-self-help,19
smiles-self-help-07252,smiles-self-help,15
smiles-self-help-07253,smiles-self-help,15
smiles-self-help-07254,smiles-self-help,26
smiles-self-help-07255,smiles-self-help,15
smiles-self-help-07256,smiles-self-help,19
smiles-self-help-07257,smiles-self-help,19
smiles-self-help-07258,smiles-self-help,19
smiles-self-help-07259,smiles-self-help,19
smiles-self-help-07260,smiles-self-help,3
smiles-self-help-07261,smiles-self-help,15
smiles-self-help-07262,smiles-self-help,19
smiles-self-help-07263,smiles-self-help,19
smiles-self-help-07264,smiles-self-help,15
smiles-self-help-07265,smiles-self-help,3
smiles-self-help-07266,smiles-self-help,29
smiles-self-help-07267,smiles-self-help,19
smiles-self-help-07268,smiles-self-help,15
smiles-self-help-07269,smiles-self-help,19
smiles-self-help-07270,smiles-self-help,15
smiles-self-help-07271,smiles-self-help,15
smiles-self-help-07272,smiles-self-help,15
smiles-self-help-07273,smiles-self-help,19
smiles-self-help-07274,smiles-self-help,19
smiles-self-help-07275,smiles-self-help,17
smiles-self-help-07276,smiles-self-help,19
smiles-self-help-07277,smiles-self-help,19
smiles-self-help-07278,smiles-self-help,19
smiles-self-help-07279,smiles-self-help,19
smiles-self-help-07280,smiles-self-help,19
smiles-self-help-07281,smiles-self-help,24
smiles-self-help-07282,smiles-self-help,24
smiles-self-help-07283,smiles-self-help,19
smiles-self-help-07284,smiles-self-help,19
smiles-self-help-07285,smiles-self-help,19
smiles-self-help-07286,smiles-self-help,19
smiles-self-help-07287,smiles-self-help,24
smiles-self-help-07288,smiles-self-help,17
smiles-self-help-07289,smiles-self-help,19
smiles-self-help-07290,smiles-self-help,19
smiles-self-help-07291,smiles-self-help,19
smiles-self-help-07292,smiles-self-help,19
smiles-self-help-07293,smiles-self-help,19
smiles-self-help-07294,smiles-self-help,19
smiles-self-help-07295,smiles-self-help,19
smiles-self-help-07296,smiles-self-help,19
smiles-self-help-07297,smiles-self-help,3
smiles-self-help-07298,smiles-self-help,3
smiles-self-help-07299,smiles-self-help,3
smiles-self-help-07300,smiles-self-help,3
smiles-self-help-07301,smiles-self-help,3
smiles-self-help-07302,smiles-self-help,19
smiles-self-help-07303,smiles-self-help,11
smiles-self-help-07304,smiles-self-help,3
smiles-self-help-07305,smiles-self-help,22
smiles-self-help-07306,smiles-self-help,21
smiles-self-help-07307,smiles-self-help,17
smiles-self-help-07308,smiles-self-help,11
smiles-self-help-07309,smiles-self-help,21
smiles-self-help-07310,smiles-self-help,27
smiles-self-help-07311,smiles-self-help,21
smiles-self-help-07312,smiles-self-help,9
smiles-self-help-07313,smiles-self-help,5
smiles-self-help-07314,smiles-self-help,11
smiles-self-help-07315,smiles-self-help,11
smiles-self-help-07316,smiles-self-help,0
smiles-self-help-07317,smiles-self-help,11
smiles-self-help-07318,smiles-self-help,25
smiles-self-help-07319,smiles-self-help,25
smiles-self-help-07320,smiles-self-help,25
smiles-self-help-07321,smiles-self-help,0
smiles-self-help-07322,smiles-self-help,24
smiles-self-help-07323,smiles-self-help,21
smiles-self-help-07324,smiles-self-help,2
smiles-self-help-07325,smiles-self-help,0
smiles-self-help-07326,smiles-self-help,11
smiles-self-help-07327,smiles-self-help,5
smiles-self-help-07328,smiles-self-help,3
smiles-self-help-07329,smiles-self-help,17
smiles-self-help-07330,smiles-self-help,28
smiles-self-help-07331,smiles-self-help,13
smiles-self-help-07332,smiles-self-help,21
smiles-self-help-07333,smiles-self-help,3
smiles-self-help-07334,smiles-self-help,22
smiles-self-help-07335,smiles-self-help,3
smiles-self-help-07336,smiles-self-help,21
smiles-self-help-07337,smiles-self-help,25
smiles-self-help-07338,smiles-self-help,3
smiles-self-help-07339,smiles-self-help,3
smiles-self-help-07340,smiles-self-help,19
smiles-self-help-07341,smiles-self-help,25
smiles-self-help-07342,smiles-self-help,25
smiles-self-help-07343,smiles-self-help,25
smiles-self-help-07344,smiles-self-help,19
smiles-self-help-07345,smiles-self-help,19
smiles-self-help-07346,smiles-self-help,19
smiles-self-help-07347,smiles-self-help,19
smiles-self-help-07348,smiles-self-help,19
smiles-self-help-07349,smiles-self-help,25
smiles-self-help-07350,smiles-self-help,25
smiles-self-help-07351,smiles-self-help,25
smiles-self-help-07352,smiles-self-help,3
smiles-self-help-07353,smiles-self-help,25
smiles-self-help-07354,smiles-self-help,25
smiles-self-help-07355,smiles-self-help,24
smiles-self-help-07356,smiles-self-help,24
smiles-self-help-07357,smiles-self-help,25
smiles-self-help-07358,smiles-self-help,2
smiles-self-help-07359,smiles-self-help,25
smiles-self-help-07360,smiles-self-help,25
smiles-self-help-07361,smiles-self-help,25
smiles-self-help-07362,smiles-self-help,25
smiles-self-help-07363,smiles-self-help,25
smiles-self-help-07364,smiles-self-help,25
smiles-self-help-07365,smiles-self-help,11
smiles-self-help-07366,smiles-self-help,25
smiles-self-help-07367,smiles-self-help,22
smiles-self-help-07368,smiles-self-help,19
smiles-self-help-07369,smiles-self-help,3
smiles-self-help-07370,smiles-self-help,25
smiles-self-help-07371,smiles-self-help,25
smiles-self-help-07372,smiles-self-help,25
smiles-self-help-07373,smiles-self-help,25
smiles-self-help-07374,smiles-self-help,25
smiles-self-help-07375,smiles-self-help,25
smiles-self-help-07376,smiles-self-help,19
smiles-self-help-07377,smiles-self-help,25
smiles-self-help-07378,smiles-self-help,25
smiles-self-help-07379,smiles-self-help,3
smiles-self-help-07380,smiles-self-help,22
smiles-self-help-07381,smiles-self-help,25
smiles-self-help-07382,smiles-self-help,24
smiles-self-help-07383,smiles-self-help,25
smiles-self-help-07384,smiles-self-help,3
smiles-self-help-07385,smiles-self-help,3
smiles-self-help-07386,smiles-self-help,27
smiles-self-help-07387,smiles-self-help,3
smiles-self-help-07388,smiles-self-help,3
smiles-self-help-07389,smiles-self-help,27
smiles-self-help-07390,smiles-self-help,5
smiles-self-help-07391,smiles-self-help,2
smiles-self-help-07392,smiles-self-help,19
smiles-self-help-07393,smiles-self-help,19
smiles-self-help-07394,smiles-self-help,3
smiles-self-help-07395,smiles-self-help,3
smiles-self-help-07396,smiles-self-help,19
smiles-self-help-07397,smiles-self-help,24
smiles-self-help-07398,smiles-self-help,3
smiles-self-help-07399,smiles-self-help,3
smiles-self-help-07400,smiles-self-help,3
smiles-self-help-07401,smiles-self-help,3
smiles-self-help-07402,smiles-self-help,19
smiles-self-help-07403,smiles-self-help,3
smiles-self-help-07404,smiles-self-help,24
smiles-self-help-07405,smiles-self-help,3
smiles-self-help-07406,smiles-self-help,19
smiles-self-help-07407,smiles-self-help,3
smiles-self-help-07408,smiles-self-help,19
smiles-self-help-07409,smiles-self-help,19
smiles-self-help-07410,smiles-self-help,2
smiles-self-help-07411,smiles-self-help,19
smiles-self-help-07412,smiles-self-help,19
smiles-self-help-07413,smiles-self-help,3
smiles-self-help-07414,smiles-self-help,19
smiles-self-help-07415,smiles-self-help,19
smiles-self-help-07416,smiles-self-help,19
smiles-self-help-07417,smiles-self-help,25
smiles-self-help-07418,smiles-self-help,19
smiles-self-help-07419,smiles-self-help,19
smiles-self-help-07420,smiles-self-help,29
smiles-self-help-07421,smiles-self-help,19
smiles-self-help-07422,smiles-self-help,19
smiles-self-help-07423,smiles-self-help,29
smiles-self-help-07424,smiles-self-help,2
smiles-self-help-07425,smiles-self-help,19
smiles-self-help-07426,smiles-self-help,19
smiles-self-help-07427,smiles-self-help,19
smiles-self-help-07428,smiles-self-help,3
smiles-self-help-07429,smiles-self-help,24
smiles-self-help-07430,smiles-self-help,19
smiles-self-help-07431,smiles-self-help,3
smiles-self-help-07432,smiles-self-help,19
smiles-self-help-07433,smiles-self-help,19
smiles-self-help-07434,smiles-self-help,19
smiles-self-help-07435,smiles-self-help,22
smiles-self-help-07436,smiles-self-help,19
smiles-self-help-07437,smiles-self-help,3
smiles-self-help-07438,smiles-self-help,24
smiles-self-help-07439,smiles-self-help,19
smiles-self-help-07440,smiles-self-help,19
smiles-self-help-07441,smiles-self-help,19
smiles-self-help-07442,smiles-self-help,19
smiles-self-help-07443,smiles-self-help,24
smiles-self-help-07444,smiles-self-help,19
smiles-self-help-07445,smiles-self-help,19
smiles-self-help-07446,smiles-self-help,25
smiles-self-help-07447,smiles-self-help,3
smiles-self-help-07448,smiles-self-help,19
smiles-self-help-07449,smiles-self-help,28
smiles-self-help-07450,smiles-self-help,19
smiles-self-help-07451,smiles-self-help,3
smiles-self-help-07452,smiles-self-help,19
smiles-self-help-07453,smiles-self-help,19
smiles-self-help-07454,smiles-self-help,19
smiles-self-help-07455,smiles-self-help,24
smiles-self-help-07456,smiles-self-help,19
smiles-self-help-07457,smiles-self-help,19
smiles-self-help-07458,smiles-self-help,19
smiles-self-help-07459,smiles-self-help,19
smiles-self-help-07460,smiles-self-help,19
smiles-self-help-07461,smiles-self-help,21
smiles-self-help-07462,smiles-self-help,19
smiles-self-help-07463,smiles-self-help,19
smiles-self-help-07464,smiles-self-help,19
smiles-self-help-07465,smiles-self-help,19
smiles-self-help-07466,smiles-self-help,19
smiles-self-help-07467,smiles-self-help,19
smiles-self-help-07468,smiles-self-help,19
smiles-self-help-07469,smiles-self-help,3
smiles-self-help-07470,smiles-self-help,19
smiles-self-help-07471,smiles-self-help,3
smiles-self-help-07472,smiles-self-help,19
smiles-self-help-07473,smiles-self-help,19
smiles-self-help-07474,smiles-self-help,19
smiles-self-help-07475,smiles-self-help,24
smiles-self-help-07476,smiles-self-help,3
smiles-self-help-07477,smiles-self-help,3
smiles-self-help-07478,smiles-self-help,19
smiles-self-help-07479,smiles-self-help,3
smiles-self-help-07480,smiles-self-help,3
smiles-self-help-07481,smiles-self-help,3
smiles-self-help-07482,smiles-self-help,3
smiles-self-help-07483,smiles-self-help,19
smiles-self-help-07484,smiles-self-help,3
smiles-self-help-07485,smiles-self-help,3
smiles-self-help-07486,smiles-self-help,19
smiles-self-help-07487,smiles-self-help,19
smiles-self-help-07488,smiles-self-help,19
smiles-self-help-07489,smiles-self-help,3
smiles-self-help-07490,smiles-self-help,13
smiles-self-help-07491,smiles-self-help,21
smiles-self-help-07492,smiles-self-help,17
smiles-self-help-07493,smiles-self-help,17
smiles-self-help-07494,smiles-self-help,11
smiles-self-help-07495,smiles-self-help,17
smiles-self-help-07496,smiles-self-help,17
smiles-self-help-07497,smiles-self-help,9
smiles-self-help-07498,smiles-self-help,22
smiles-self-help-07499,smiles-self-help,3
smiles-self-help-07500,smiles-self-help,3
smiles-self-help-07501,smiles-self-help,19
smiles-self-help-07502,smiles-self-help,19
smiles-self-help-07503,smiles-self-help,19
smiles-self-help-07504,smiles-self-help,3
smiles-self-help-07505,smiles-self-help,11
smiles-self-help-07506,smiles-self-help,11
smiles-self-help-07507,smiles-self-help,17
smiles-self-help-07508,smiles-self-help,3
smiles-self-help-07509,smiles-self-help,21
smiles-self-help-07510,smiles-self-help,11
smiles-self-help-07511,smiles-self-help,11
smiles-self-help-07512,smiles-self-help,11
smiles-self-help-07513,smiles-self-help,3
smiles-self-help-07514,smiles-self-help,3
smiles-self-help-07515,smiles-self-help,3
smiles-self-help-07516,smiles-self-help,21
smiles-self-help-07517,smiles-self-help,22
smiles-self-help-07518,smiles-self-help,17
smiles-self-help-07519,smiles-self-help,19
smiles-self-help-07520,smiles-self-help,13
smiles-self-help-07521,smiles-self-help,17
smiles-self-help-07522,smiles-self-help,3
smiles-self-help-07523,smiles-self-help,11
smiles-self-help-07524,smiles-self-help,17
smiles-self-help-07525,smiles-self-help,11
smiles-self-help-07526,smiles-self-help,2
smiles-self-help-07527,smiles-self-help,11
smiles-self-help-07528,smiles-self-help,28
smiles-self-help-07529,smiles-self-help,17
smiles-self-help-07530,smiles-self-help,3
smiles-self-help-07531,smiles-self-help,11
smiles-self-help-07532,smiles-self-help,17
smiles-self-help-07533,smiles-self-help,28
smiles-self-help-07534,smiles-self-help,17
smiles-self-help-07535,smiles-self-help,17
smiles-self-help-07536,smiles-self-help,29
smiles-self-help-07537,smiles-self-help,25
smiles-self-help-07538,smiles-self-help,28
smiles-self-help-07539,smiles-self-help,11
smiles-self-help-07540,smiles-self-help,17
smiles-self-help-07541,smiles-self-help,25
smiles-self-help-07542,smiles-self-help,17
smiles-self-help-07543,smiles-self-help,28
smiles-self-help-07544,smiles-self-help,24
smiles-self-help-07545,smiles-self-help,23
smiles-self-help-07546,smiles-self-help,17
smiles-self-help-07547,smiles-self-help,9
smiles-self-help-07548,smiles-self-help,17
smiles-self-help-07549,smiles-self-help,24
smiles-self-help-07550,smiles-self-help,17
smiles-self-help-07551,smiles-self-help,11
smiles-self-help-07552,smiles-self-help,21
smiles-self-help-07553,smiles-self-help,19
smiles-self-help-07554,smiles-self-help,3
smiles-self-help-07555,smiles-self-help,22
smiles-self-help-07556,smiles-self-help,25
smiles-self-help-07557,smiles-self-help,25
smiles-self-help-07558,smiles-self-help,25
smiles-self-help-07559,smiles-self-help,3
smiles-self-help-07560,smiles-self-help,25
smiles-self-help-07561,smiles-self-help,25
smiles-self-help-07562,smiles-self-help,25
smiles-self-help-07563,smiles-self-help,15
smiles-self-help-07564,smiles-self-help,19
smiles-self-help-07565,smiles-self-help,19
smiles-self-help-07566,smiles-self-help,25
smiles-self-help-07567,smiles-self-help,25
smiles-self-help-07568,smiles-self-help,25
smiles-self-help-07569,smiles-self-help,25
smiles-self-help-07570,smiles-self-help,25
smiles-self-help-07571,smiles-self-help,25
smiles-self-help-07572,smiles-self-help,19
smiles-self-help-07573,smiles-self-help,3
smiles-self-help-07574,smiles-self-help,25
smiles-self-help-07575,smiles-self-help,25
smiles-self-help-07576,smiles-self-help,25
smiles-self-help-07577,smiles-self-help,25
smiles-self-help-07578,smiles-self-help,19
smiles-self-help-07579,smiles-self-help,3
smiles-self-help-07580,smiles-self-help,25
smiles-self-help-07581,smiles-self-help,19
smiles-self-help-07582,smiles-self-help,25
smiles-self-help-07583,smiles-self-help,3
smiles-self-help-07584,smiles-self-help,3
smiles-self-help-07585,smiles-self-help,3
smiles-self-help-07586,smiles-self-help,19
smiles-self-help-07587,smiles-self-help,19
smiles-self-help-07588,smiles-self-help,19
smiles-self-help-07589,smiles-self-help,19
smiles-self-help-07590,smiles-self-help,17
smiles-self-help-07591,smiles-self-help,19
smiles-self-help-07592,smiles-self-help,3
smiles-self-help-07593,smiles-self-help,17
smiles-self-help-07594,smiles-self-help,2
smiles-self-help-07595,smiles-self-help,2
smiles-self-help-07596,smiles-self-help,17
smiles-self-help-07597,smiles-self-help,17
smiles-self-help-07598,smiles-self-help,17
smiles-self-help-07599,smiles-self-help,17
smiles-self-help-07600,smiles-self-help,17
smiles-self-help-07601,smiles-self-help,17
smiles-self-help-07602,smiles-self-help,17
smiles-self-help-07603,smiles-self-help,2
smiles-self-help-07604,smiles-self-help,17
smiles-self-help-07605,smiles-self-help,21
smiles-self-help-07606,smiles-self-help,19
smiles-self-help-07607,smiles-self-help,19
smiles-self-help-07608,smiles-self-help,19
smiles-self-help-07609,smiles-self-help,19
smiles-self-help-07610,smiles-self-help,19
smiles-self-help-07611,smiles-self-help,17
smiles-self-help-07612,smiles-self-help,19
smiles-self-help-07613,smiles-self-help,24
smiles-self-help-07614,smiles-self-help,17
smiles-self-help-07615,smiles-self-help,17
smiles-self-help-07616,smiles-self-help,17
smiles-self-help-07617,smiles-self-help,9
smiles-self-help-07618,smiles-self-help,17
smiles-self-help-07619,smiles-self-help,9
smiles-self-help-07620,smiles-self-help,21
smiles-self-help-07621,smiles-self-help,21
smiles-self-help-07622,smiles-self-help,2
smiles-self-help-07623,smiles-self-help,17
smiles-self-help-07624,smiles-self-help,2
smiles-self-help-07625,smiles-self-help,17
smiles-self-help-07626,smiles-self-help,2
smiles-self-help-07627,smiles-self-help,3
smiles-self-help-07628,smiles-self-help,2
smiles-self-help-07629,smiles-self-help,2
smiles-self-help-07630,smiles-self-help,2
smiles-self-help-07631,smiles-self-help,17
smiles-self-help-07632,smiles-self-help,2
smiles-self-help-07633,smiles-self-help,17
smiles-self-help-07634,smiles-self-help,21
smiles-self-help-07635,smiles-self-help,17
smiles-self-help-07636,smiles-self-help,2
smiles-self-help-07637,smiles-self-help,11
smiles-self-help-07638,smiles-self-help,21
smiles-self-help-07639,smiles-self-help,17
smiles-self-help-07640,smiles-self-help,17
smiles-self-help-07641,smiles-self-help,21
smiles-self-help-07642,smiles-self-help,17
smiles-self-help-07643,smiles-self-help,5
smiles-self-help-07644,smiles-self-help,23
smiles-self-help-07645,smiles-self-help,2
smiles-self-help-07646,smiles-self-help,11
smiles-self-help-07647,smiles-self-help,24
smiles-self-help-07648,smiles-self-help,17
smiles-self-help-07649,smiles-self-help,17
smiles-self-help-07650,smiles-self-help,17
smiles-self-help-07651,smiles-self-help,17
smiles-self-help-07652,smiles-self-help,19
smiles-self-help-07653,smiles-self-help,17
smiles-self-help-07654,smiles-self-help,17
smiles-self-help-07655,smiles-self-help,17
smiles-self-help-07656,smiles-self-help,17
smiles-self-help-07657,smiles-self-help,17
smiles-self-help-07658,smiles-self-help,23
smiles-self-help-07659,smiles-self-help,17
smiles-self-help-07660,smiles-self-help,17
smiles-self-help-07661,smiles-self-help,17
smiles-self-help-07662,smiles-self-help,24
smiles-self-help-07663,smiles-self-help,19
smiles-self-help-07664,smiles-self-help,17
smiles-self-help-07665,smiles-self-help,19
smiles-self-help-07666,smiles-self-help,2
smiles-self-help-07667,smiles-self-help,29
smiles-self-help-07668,smiles-self-help,2
smiles-self-help-07669,smiles-self-help,2
smiles-self-help-07670,smiles-self-help,17
smiles-self-help-07671,smiles-self-help,25
smiles-self-help-07672,smiles-self-help,17
smiles-self-help-07673,smiles-self-help,19
smiles-self-help-07674,smiles-self-help,9
smiles-self-help-07675,smiles-self-help,2
smiles-self-help-07676,smiles-self-help,21
smiles-self-help-07677,smiles-self-help,21
smiles-self-help-07678,smiles-self-help,9
smiles-self-help-07679,smiles-self-help,3
smiles-self-help-07680,smiles-self-help,3
smiles-self-help-07681,smiles-self-help,3
smiles-self-help-07682,smiles-self-help,11
smiles-self-help-07683,smiles-self-help,28
smiles-self-help-07684,smiles-self-help,11
smiles-self-help-07685,smiles-self-help,25
smiles-self-help-07686,smiles-self-help,17
smiles-self-help-07687,smiles-self-help,17
smiles-self-help-07688,smiles-self-help,17
smiles-self-help-07689,smiles-self-help,23
smiles-self-help-07690,smiles-self-help,17
smiles-self-help-07691,smiles-self-help,17
smiles-self-help-07692,smiles-self-help,17
smiles-self-help-07693,smiles-self-help,17
smiles-self-help-07694,smiles-self-help,19
smiles-self-help-07695,smiles-self-help,19
smiles-self-help-07696,smiles-self-help,19
smiles-self-help-07697,smiles-self-help,17
smiles-self-help-07698,smiles-self-help,3
smiles-self-help-07699,smiles-self-help,11
smiles-self-help-07700,smiles-self-help,9
smiles-self-help-07701,smiles-self-help,24
smiles-self-help-07702,smiles-self-help,23
smiles-self-help-07703,smiles-self-help,17
smiles-self-help-07704,smiles-self-help,24
smiles-self-help-07705,smiles-self-help,3
smiles-self-help-07706,smiles-self-help,21
smiles-self-help-07707,smiles-self-help,17
smiles-self-help-07708,smiles-self-help,17
smiles-self-help-07709,smiles-self-help,21
smiles-self-help-07710,smiles-self-help,21
smiles-self-help-07711,smiles-self-help,17
smiles-self-help-07712,smiles-self-help,9
smiles-self-help-07713,smiles-self-help,23
smiles-self-help-07714,smiles-self-help,23
smiles-self-help-07715,smiles-self-help,27
smiles-self-help-07716,smiles-self-help,23
smiles-self-help-07717,smiles-self-help,17
smiles-self-help-07718,smiles-self-help,21
smiles-self-help-07719,smiles-self-help,17
smiles-self-help-07720,smiles-self-help,20
smiles-self-help-07721,smiles-self-help,23
smiles-self-help-07722,smiles-self-help,17
smiles-self-help-07723,smiles-self-help,23
smiles-self-help-07724,smiles-self-help,21
smiles-self-help-07725,smiles-self-help,11
smiles-self-help-07726,smiles-self-help,25
smiles-self-help-07727,smiles-self-help,2
smiles-self-help-07728,smiles-self-help,11
smiles-self-help-07729,smiles-self-help,11
smiles-self-help-07730,smiles-self-help,11
smiles-self-help-07731,smiles-self-help,11
smiles-self-help-07732,smiles-self-help,11
smiles-self-help-07733,smiles-self-help,24
smiles-self-help-07734,smiles-self-help,24
smiles-self-help-07735,smiles-self-help,11
smiles-self-help-07736,smiles-self-help,11
smiles-self-help-07737,smiles-self-help,25
smiles-self-help-07738,smiles-self-help,11
smiles-self-help-07739,smiles-self-help,11
smiles-self-help-07740,smiles-self-help,17
smiles-self-help-07741,smiles-self-help,11
smiles-self-help-07742,smiles-self-help,11
smiles-self-help-07743,smiles-self-help,11
smiles-self-help-07744,smiles-self-help,15
smiles-self-help-07745,smiles-self-help,11
smiles-self-help-07746,smiles-self-help,15
smiles-self-help-07747,smiles-self-help,11
smiles-self-help-07748,smiles-self-help,11
smiles-self-help-07749,smiles-self-help,11
smiles-self-help-07750,smiles-self-help,11
smiles-self-help-07751,smiles-self-help,21
smiles-self-help-07752,smiles-self-help,2
smiles-self-help-07753,smiles-self-help,11
smiles-self-help-07754,smiles-self-help,19
smiles-self-help-07755,smiles-self-help,19
smiles-self-help-07756,smiles-self-help,3
smiles-self-help-07757,smiles-self-help,11
smiles-self-help-07758,smiles-self-help,11
smiles-self-help-07759,smiles-self-help,3
smiles-self-help-07760,smiles-self-help,3
smiles-self-help-07761,smiles-self-help,3
smiles-self-help-07762,smiles-self-help,11
smiles-self-help-07763,smiles-self-help,3
smiles-self-help-07764,smiles-self-help,11
smiles-self-help-07765,smiles-self-help,5
smiles-self-help-07766,smiles-self-help,11
smiles-self-help-07767,smiles-self-help,11
smiles-self-help-07768,smiles-self-help,11
smiles-self-help-07769,smiles-self-help,11
smiles-self-help-07770,smiles-self-help,11
smiles-self-help-07771,smiles-self-help,11
smiles-self-help-07772,smiles-self-help,11
smiles-self-help-07773,smiles-self-help,11
smiles-self-help-07774,smiles-self-help,13
smiles-self-help-07775,smiles-self-help,11
smiles-self-help-07776,smiles-self-help,11
smiles-self-help-07777,smiles-self-help,11
smiles-self-help-07778,smiles-self-help,11
smiles-self-help-07779,smiles-self-help,5
smiles-self-help-07780,smiles-self-help,11
smiles-self-help-07781,smiles-self-help,4
smiles-self-help-07782,smiles-self-help,11
smiles-self-help-07783,smiles-self-help,22
smiles-self-help-07784,smiles-self-help,11
smiles-self-help-07785,smiles-self-help,11
smiles-self-help-07786,smiles-self-help,11
smiles-self-help-07787,smiles-self-help,2
smiles-self-help-07788,smiles-self-help,11
smiles-self-help-07789,smiles-self-help,11
smiles-self-help-07790,smiles-self-help,11
smiles-self-help-07791,smiles-self-help,11
smiles-self-help-07792,smiles-self-help,11
smiles-self-help-07793,smiles-self-help,3
smiles-self-help-07794,smiles-self-help,11
smiles-self-help-07795,smiles-self-help,3
smiles-self-help-07796,smiles-self-help,3
smiles-self-help-07797,smiles-self-help,11
smiles-self-help-07798,smiles-self-help,21
smiles-self-help-07799,smiles-self-help,21
smiles-self-help-07800,smiles-self-help,28
smiles-self-help-07801,smiles-self-help,2
smiles-self-help-07802,smiles-self-help,9
smiles-self-help-07803,smiles-self-help,23
smiles-self-help-07804,smiles-self-help,21
smiles-self-help-07805,smiles-self-help,11
smiles-self-help-07806,smiles-self-help,21
smiles-self-help-07807,smiles-self-help,11
smiles-self-help-07808,smiles-self-help,21
smiles-self-help-07809,smiles-self-help,11
smiles-self-help-07810,smiles-self-help,11
smiles-self-help-07811,smiles-self-help,17
smiles-self-help-07812,smiles-self-help,2
smiles-self-help-07813,smiles-self-help,21
smiles-self-help-07814,smiles-self-help,11
smiles-self-help-07815,smiles-self-help,24
smiles-self-help-07816,smiles-self-help,2
smiles-self-help-07817,smiles-self-help,11
smiles-self-help-07818,smiles-self-help,9
smiles-self-help-07819,smiles-self-help,9
smiles-self-help-07820,smiles-self-help,9
smiles-self-help-07821,smiles-self-help,9
smiles-self-help-07822,smiles-self-help,21
smiles-self-help-07823,smiles-self-help,9
smiles-self-help-07824,smiles-self-help,9
smiles-self-help-07825,smiles-self-help,28
smiles-self-help-07826,smiles-self-help,3
smiles-self-help-07827,smiles-self-help,3
smiles-self-help-07828,smiles-self-help,3
smiles-self-help-07829,smiles-self-help,3
smiles-self-help-07830,smiles-self-help,3
smiles-self-help-07831,smiles-self-help,3
smiles-self-help-07832,smiles-self-help,5
smiles-self-help-07833,smiles-self-help,28
smiles-self-help-07834,smiles-self-help,3
smiles-self-help-07835,smiles-self-help,3
smiles-self-help-07836,smiles-self-help,3
smiles-self-help-07837,smiles-self-help,17
smiles-self-help-07838,smiles-self-help,3
smiles-self-help-07839,smiles-self-help,17
smiles-self-help-07840,smiles-self-help,28
smiles-self-help-07841,smiles-self-help,21
smiles-self-help-07842,smiles-self-help,11
smiles-self-help-07843,smiles-self-help,11
smiles-self-help-07844,smiles-self-help,11
smiles-self-help-07845,smiles-self-help,3
smiles-self-help-07846,smiles-self-help,15
smiles-self-help-07847,smiles-self-help,11
smiles-self-help-07848,smiles-self-help,24
smiles-self-help-07849,smiles-self-help,25
smiles-self-help-07850,smiles-self-help,25
smiles-self-help-07851,smiles-self-help,9
smiles-self-help-07852,smiles-self-help,24
smiles-self-help-07853,smiles-self-help,9
smiles-self-help-07854,smiles-self-help,9
smiles-self-help-07855,smiles-self-help,21
smiles-self-help-07856,smiles-self-help,11
smiles-self-help-07857,smiles-self-help,11
smiles-self-help-07858,smiles-self-help,25
smiles-self-help-07859,smiles-self-help,11
smiles-self-help-07860,smiles-self-help,2
smiles-self-help-07861,smiles-self-help,2
smiles-self-help-07862,smiles-self-help,11
smiles-self-help-07863,smiles-self-help,21
smiles-self-help-07864,smiles-self-help,21
smiles-self-help-07865,smiles-self-help,11
smiles-self-help-07866,smiles-self-help,11
smiles-self-help-07867,smiles-self-help,11
smiles-self-help-07868,smiles-self-help,11
smiles-self-help-07869,smiles-self-help,22
smiles-self-help-07870,smiles-self-help,3
smiles-self-help-07871,smiles-self-help,3
smiles-self-help-07872,smiles-self-help,24
smiles-self-help-07873,smiles-self-help,3
smiles-self-help-07874,smiles-self-help,19
smiles-self-help-07875,smiles-self-help,19
smiles-self-help-07876,smiles-self-help,23
smiles-self-help-07877,smiles-self-help,28
smiles-self-help-07878,smiles-self-help,3
smiles-self-help-07879,smiles-self-help,11
smiles-self-help-07880,smiles-self-help,19
smiles-self-help-07881,smiles-self-help,3
smiles-self-help-07882,smiles-self-help,29
smiles-self-help-07883,smiles-self-help,19
smiles-self-help-07884,smiles-self-help,29
smiles-self-help-07885,smiles-self-help,29
smiles-self-help-07886,smiles-self-help,17
smiles-self-help-07887,smiles-self-help,28
smiles-self-help-07888,smiles-self-help,3
smiles-self-help-07889,smiles-self-help,24
smiles-self-help-07890,smiles-self-help,19
smiles-self-help-07891,smiles-self-help,3
smiles-self-help-07892,smiles-self-help,19
smiles-self-help-07893,smiles-self-help,3
smiles-self-help-07894,smiles-self-help,3
smiles-self-help-07895,smiles-self-help,22
smiles-self-help-07896,smiles-self-help,19
smiles-self-help-07897,smiles-self-help,3
smiles-self-help-07898,smiles-self-help,19
smiles-self-help-07899,smiles-self-help,19
smiles-self-help-07900,smiles-self-help,19
smiles-self-help-07901,smiles-self-help,3
smiles-self-help-07902,smiles-self-help,3
smiles-self-help-07903,smiles-self-help,3
smiles-self-help-07904,smiles-self-help,3
smiles-self-help-07905,smiles-self-help,3
smiles-self-help-07906,smiles-self-help,3
smiles-self-help-07907,smiles-self-help,3
smiles-self-help-07908,smiles-self-help,3
smiles-self-help-07909,smiles-self-help,3
smiles-self-help-07910,smiles-self-help,19
smiles-self-help-07911,smiles-self-help,3
smiles-self-help-07912,smiles-self-help,3
smiles-self-help-07913,smiles-self-help,11
smiles-self-help-07914,smiles-self-help,3
smiles-self-help-07915,smiles-self-help,3
smiles-self-help-07916,smiles-self-help,11
smiles-self-help-07917,smiles-self-help,11
smiles-self-help-07918,smiles-self-help,11
smiles-self-help-07919,smiles-self-help,3
smiles-self-help-07920,smiles-self-help,3
smiles-self-help-07921,smiles-self-help,19
smiles-self-help-07922,smiles-self-help,25
smiles-self-help-07923,smiles-self-help,3
smiles-self-help-07924,smiles-self-help,19
smiles-self-help-07925,smiles-self-help,19
smiles-self-help-07926,smiles-self-help,25
smiles-self-help-07927,smiles-self-help,3
smiles-self-help-07928,smiles-self-help,3
smiles-self-help-07929,smiles-self-help,19
smiles-self-help-07930,smiles-self-help,3
smiles-self-help-07931,smiles-self-help,11
smiles-self-help-07932,smiles-self-help,11
smiles-self-help-07933,smiles-self-help,3
smiles-self-help-07934,smiles-self-help,19
smiles-self-help-07935,smiles-self-help,11
smiles-self-help-07936,smiles-self-help,11
smiles-self-help-07937,smiles-self-help,11
smiles-self-help-07938,smiles-self-help,5
smiles-self-help-07939,smiles-self-help,5
smiles-self-help-07940,smiles-self-help,21
smiles-self-help-07941,smiles-self-help,28
smiles-self-help-07942,smiles-self-help,11
smiles-self-help-07943,smiles-self-help,2
smiles-self-help-07944,smiles-self-help,9
smiles-self-help-07945,smiles-self-help,11
smiles-self-help-07946,smiles-self-help,21
smiles-self-help-07947,smiles-self-help,24
smiles-self-help-07948,smiles-self-help,3
smiles-self-help-07949,smiles-self-help,22
smiles-self-help-07950,smiles-self-help,24
smiles-self-help-07951,smiles-self-help,9
smiles-self-help-07952,smiles-self-help,9
smiles-self-help-07953,smiles-self-help,19
smiles-self-help-07954,smiles-self-help,5
smiles-self-help-07955,smiles-self-help,21
smiles-self-help-07956,smiles-self-help,20
smiles-self-help-07957,smiles-self-help,5
smiles-self-help-07958,smiles-self-help,4
smiles-self-help-07959,smiles-self-help,20
smiles-self-help-07960,smiles-self-help,20
smiles-self-help-07961,smiles-self-help,11
smiles-self-help-07962,smiles-self-help,29
smiles-self-help-07963,smiles-self-help,17
smiles-self-help-07964,smiles-self-help,9
smiles-self-help-07965,smiles-self-help,11
smiles-self-help-07966,smiles-self-help,11
smiles-self-help-07967,smiles-self-help,11
smiles-self-help-07968,smiles-self-help,19
smiles-self-help-07969,smiles-self-help,19
smiles-self-help-07970,smiles-self-help,29
smiles-self-help-07971,smiles-self-help,24
smiles-self-help-07972,smiles-self-help,19
smiles-self-help-07973,smiles-self-help,24
smiles-self-help-07974,smiles-self-help,24
smiles-self-help-07975,smiles-self-help,27
smiles-self-help-07976,smiles-self-help,11
smiles-self-help-07977,smiles-self-help,11
smiles-self-help-07978,smiles-self-help,21
smiles-self-help-07979,smiles-self-help,3
smiles-self-help-07980,smiles-self-help,21
smiles-self-help-07981,smiles-self-help,3
smiles-self-help-07982,smiles-self-help,19
smiles-self-help-07983,smiles-self-help,19
smiles-self-help-07984,smiles-self-help,9
smiles-self-help-07985,smiles-self-help,3
smiles-self-help-07986,smiles-self-help,3
smiles-self-help-07987,smiles-self-help,3
smiles-self-help-07988,smiles-self-help,25
smiles-self-help-07989,smiles-self-help,25
smiles-self-help-07990,smiles-self-help,25
smiles-self-help-07991,smiles-self-help,11
smiles-self-help-07992,smiles-self-help,21
smiles-self-help-07993,smiles-self-help,5
smiles-self-help-07994,smiles-self-help,8
smiles-self-help-07995,smiles-self-help,3
smiles-self-help-07996,smiles-self-help,3
smiles-self-help-07997,smiles-self-help,3
smiles-self-help-07998,smiles-self-help,11
smiles-self-help-07999,smiles-self-help,20
smiles-self-help-08000,smiles-self-help,22
smiles-self-help-08001,smiles-self-help,3
smiles-self-help-08002,smiles-self-help,3
smiles-self-help-08003,smiles-self-help,3
smiles-self-help-08004,smiles-self-help,3
smiles-self-help-08005,smiles-self-help,3
smiles-self-help-08006,smiles-self-help,9
smiles-self-help-08007,smiles-self-help,11
smiles-self-help-08008,smiles-self-help,19
smiles-self-help-08009,smiles-self-help,3
smiles-self-help-08010,smiles-self-help,3
smiles-self-help-08011,smiles-self-help,3
smiles-self-help-08012,smiles-self-help,3
smiles-self-help-08013,smiles-self-help,3
smiles-self-help-08014,smiles-self-help,19
smiles-self-help-08015,smiles-self-help,19
smiles-self-help-08016,smiles-self-help,25
smiles-self-help-08017,smiles-self-help,19
smiles-self-help-08018,smiles-self-help,15
smiles-self-help-08019,smiles-self-help,29
smiles-self-help-08020,smiles-self-help,24
smiles-self-help-08021,smiles-self-help,19
smiles-self-help-08022,smiles-self-help,29
smiles-self-help-08023,smiles-self-help,19
smiles-self-help-08024,smiles-self-help,19
smiles-self-help-08025,smiles-self-help,19
smiles-self-help-08026,smiles-self-help,19
smiles-self-help-08027,smiles-self-help,19
smiles-self-help-08028,smiles-self-help,25
smiles-self-help-08029,smiles-self-help,19
smiles-self-help-08030,smiles-self-help,19
smiles-self-help-08031,smiles-self-help,19
smiles-self-help-08032,smiles-self-help,19
smiles-self-help-08033,smiles-self-help,19
smiles-self-help-08034,smiles-self-help,19
smiles-self-help-08035,smiles-self-help,19
smiles-self-help-08036,smiles-self-help,17
smiles-self-help-08037,smiles-self-help,19
smiles-self-help-08038,smiles-self-help,19
smiles-self-help-08039,smiles-self-help,17
smiles-self-help-08040,smiles-self-help,19
smiles-self-help-08041,smiles-self-help,9
smiles-self-help-08042,smiles-self-help,19
smiles-self-help-08043,smiles-self-help,24
smiles-self-help-08044,smiles-self-help,22
smiles-self-help-08045,smiles-self-help,2
smiles-self-help-08046,smiles-self-help,9
smiles-self-help-08047,smiles-self-help,2
smiles-self-help-08048,smiles-self-help,2
smiles-self-help-08049,smiles-self-help,21
smiles-self-help-08050,smiles-self-help,19
smiles-self-help-08051,smiles-self-help,19
smiles-self-help-08052,smiles-self-help,3
smiles-self-help-08053,smiles-self-help,3
smiles-self-help-08054,smiles-self-help,11
smiles-self-help-08055,smiles-self-help,22
smiles-self-help-08056,smiles-self-help,13
smiles-self-help-08057,smiles-self-help,9
smiles-self-help-08058,smiles-self-help,24
smiles-self-help-08059,smiles-self-help,19
smiles-self-help-08060,smiles-self-help,21
smiles-self-help-08061,smiles-self-help,27
smiles-self-help-08062,smiles-self-help,11
smiles-self-help-08063,smiles-self-help,17
smiles-self-help-08064,smiles-self-help,19
smiles-self-help-08065,smiles-self-help,24
smiles-self-help-08066,smiles-self-help,22
smiles-self-help-08067,smiles-self-help,21
smiles-self-help-08068,smiles-self-help,21
smiles-self-help-08069,smiles-self-help,24
smiles-self-help-08070,smiles-self-help,21
smiles-self-help-08071,smiles-self-help,9
smiles-self-help-08072,smiles-self-help,4
smiles-self-help-08073,smiles-self-help,21
smiles-self-help-08074,smiles-self-help,9
smiles-self-help-08075,smiles-self-help,11
smiles-self-help-08076,smiles-self-help,9
smiles-self-help-08077,smiles-self-help,2
smiles-self-help-08078,smiles-self-help,20
smiles-self-help-08079,smiles-self-help,28
smiles-self-help-08080,smiles-self-help,11
smiles-self-help-08081,smiles-self-help,11
smiles-self-help-08082,smiles-self-help,28
smiles-self-help-08083,smiles-self-help,9
smiles-self-help-08084,smiles-self-help,9
smiles-self-help-08085,smiles-self-help,9
smiles-self-help-08086,smiles-self-help,9
smiles-self-help-08087,smiles-self-help,9
smiles-self-help-08088,smiles-self-help,9
smiles-self-help-08089,smiles-self-help,9
smiles-self-help-08090,smiles-self-help,20
smiles-self-help-08091,smiles-self-help,9
smiles-self-help-08092,smiles-self-help,24
smiles-self-help-08093,smiles-self-help,24
smiles-self-help-08094,smiles-self-help,9
smiles-self-help-08095,smiles-self-help,9
smiles-self-help-08096,smiles-self-help,9
smiles-self-help-08097,smiles-self-help,24
smiles-self-help-08098,smiles-self-help,9
smiles-self-help-08099,smiles-self-help,9
smiles-self-help-08100,smiles-self-help,19
smiles-self-help-08101,smiles-self-help,21
smiles-self-help-08102,smiles-self-help,19
smiles-self-help-08103,smiles-self-help,19
smiles-self-help-08104,smiles-self-help,15
smiles-self-help-08105,smiles-self-help,19
smiles-self-help-08106,smiles-self-help,19
smiles-self-help-08107,smiles-self-help,17
smiles-self-help-08108,smiles-self-help,19
smiles-self-help-08109,smiles-self-help,24
smiles-self-help-08110,smiles-self-help,17
smiles-self-help-08111,smiles-self-help,24
smiles-self-help-08112,smiles-self-help,21
smiles-self-help-08113,smiles-self-help,24
smiles-self-help-08114,smiles-self-help,27
smiles-self-help-08115,smiles-self-help,21
smiles-self-help-08116,smiles-self-help,24
smiles-self-help-08117,smiles-self-help,17
smiles-self-help-08118,smiles-self-help,19
smiles-self-help-08119,smiles-self-help,25
smiles-self-help-08120,smiles-self-help,24
smiles-self-help-08121,smiles-self-help,19
smiles-self-help-08122,smiles-self-help,25
smiles-self-help-08123,smiles-self-help,19
smiles-self-help-08124,smiles-self-help,23
smiles-self-help-08125,smiles-self-help,21
smiles-self-help-08126,smiles-self-help,24
smiles-self-help-08127,smiles-self-help,24
smiles-self-help-08128,smiles-self-help,17
smiles-self-help-08129,smiles-self-help,25
smiles-self-help-08130,smiles-self-help,25
smiles-self-help-08131,smiles-self-help,24
smiles-self-help-08132,smiles-self-help,25
smiles-self-help-08133,smiles-self-help,24
smiles-self-help-08134,smiles-self-help,24
smiles-self-help-08135,smiles-self-help,24
smiles-self-help-08136,smiles-self-help,24
smiles-self-help-08137,smiles-self-help,19
smiles-self-help-08138,smiles-self-help,25
smiles-self-help-08139,smiles-self-help,25
smiles-self-help-08140,smiles-self-help,19
smiles-self-help-08141,smiles-self-help,25
smiles-self-help-08142,smiles-self-help,2
smiles-self-help-08143,smiles-self-help,25
smiles-self-help-08144,smiles-self-help,25
smiles-self-help-08145,smiles-self-help,25
smiles-self-help-08146,smiles-self-help,25
smiles-self-help-08147,smiles-self-help,25
smiles-self-help-08148,smiles-self-help,9
smiles-self-help-08149,smiles-self-help,25
smiles-self-help-08150,smiles-self-help,25
smiles-self-help-08151,smiles-self-help,25
smiles-self-help-08152,smiles-self-help,25
smiles-self-help-08153,smiles-self-help,21
smiles-self-help-08154,smiles-self-help,24
smiles-self-help-08155,smiles-self-help,21
smiles-self-help-08156,smiles-self-help,24
smiles-self-help-08157,smiles-self-help,9
smiles-self-help-08158,smiles-self-help,21
smiles-self-help-08159,smiles-self-help,19
smiles-self-help-08160,smiles-self-help,24
smiles-self-help-08161,smiles-self-help,25
smiles-self-help-08162,smiles-self-help,19
smiles-self-help-08163,smiles-self-help,3
smiles-self-help-08164,smiles-self-help,22
smiles-self-help-08165,smiles-self-help,21
smiles-self-help-08166,smiles-self-help,9
smiles-self-help-08167,smiles-self-help,19
smiles-self-help-08168,smiles-self-help,19
smiles-self-help-08169,smiles-self-help,15
smiles-self-help-08170,smiles-self-help,19
smiles-self-help-08171,smiles-self-help,3
smiles-self-help-08172,smiles-self-help,15
smiles-self-help-08173,smiles-self-help,22
smiles-self-help-08174,smiles-self-help,22
smiles-self-help-08175,smiles-self-help,22
smiles-self-help-08176,smiles-self-help,15
smiles-self-help-08177,smiles-self-help,15
smiles-self-help-08178,smiles-self-help,22
smiles-self-help-08179,smiles-self-help,3
smiles-self-help-08180,smiles-self-help,12
smiles-self-help-08181,smiles-self-help,14
smiles-self-help-08182,smiles-self-help,19
smiles-self-help-08183,smiles-self-help,19
smiles-self-help-08184,smiles-self-help,25
smiles-self-help-08185,smiles-self-help,3
smiles-self-help-08186,smiles-self-help,3
smiles-self-help-08187,smiles-self-help,19
smiles-self-help-08188,smiles-self-help,22
smiles-self-help-08189,smiles-self-help,25
smiles-self-help-08190,smiles-self-help,19
smiles-self-help-08191,smiles-self-help,11
smiles-self-help-08192,smiles-self-help,22
smiles-self-help-08193,smiles-self-help,19
smiles-self-help-08194,smiles-self-help,22
barnum-money-08195,barnum-money,23
barnum-money-08196,barnum-money,23
barnum-money-08197,barnum-money,23
barnum-money-08198,barnum-money,17
barnum-money-08199,barnum-money,23
barnum-money-08200,barnum-money,17
barnum-money-08201,barnum-money,24
barnum-money-08202,barnum-money,17
barnum-money-08203,barnum-money,17
barnum-money-08204,barnum-money,17
barnum-money-08205,barnum-money,17
barnum-money-08206,barnum-money,17
barnum-money-08207,barnum-money,23
barnum-money-08208,barnum-money,9
barnum-money-08209,barnum-money,2
barnum-money-08210,barnum-money,23
barnum-money-08211,barnum-money,23
barnum-money-08212,barnum-money,24
barnum-money-08213,barnum-money,2
barnum-money-08214,barnum-money,23
barnum-money-08215,barnum-money,29
barnum-money-08216,barnum-money,29
barnum-money-08217,barnum-money,24
barnum-money-08218,barnum-money,23
barnum-money-08219,barnum-money,17
barnum-money-08220,barnum-money,24
barnum-money-08221,barnum-money,29
barnum-money-08222,barnum-money,24
barnum-money-08223,barnum-money,23
barnum-money-08224,barnum-money,20
barnum-money-08225,barnum-money,29
barnum-money-08226,barnum-money,1
barnum-money-08227,barnum-money,9
barnum-money-08228,barnum-money,29
barnum-money-08229,barnum-money,9
barnum-money-08230,barnum-money,24
barnum-money-08231,barnum-money,9
barnum-money-08232,barnum-money,28
barnum-money-08233,barnum-money,29
barnum-money-08234,barnum-money,29
barnum-money-08235,barnum-money,24
barnum-money-08236,barnum-money,24
barnum-money-08237,barnum-money,17
barnum-money-08238,barnum-money,17
barnum-money-08239,barnum-money,17
barnum-money-08240,barnum-money,9
barnum-money-08241,barnum-money,11
barnum-money-08242,barnum-money,20
barnum-money-08243,barnum-money,15
barnum-money-08244,barnum-money,21
barnum-money-08245,barnum-money,11
barnum-money-08246,barnum-money,28
barnum-money-08247,barnum-money,28
barnum-money-08248,barnum-money,24
barnum-money-08249,barnum-money,24
barnum-money-08250,barnum-money,24
barnum-money-08251,barnum-money,24
barnum-money-08252,barnum-money,24
barnum-money-08253,barnum-money,24
barnum-money-08254,barnum-money,24
barnum-money-08255,barnum-money,24
barnum-money-08256,barnum-money,24
barnum-money-08257,barnum-money,24
barnum-money-08258,barnum-money,24
barnum-money-08259,barnum-money,28
barnum-money-08260,barnum-money,17
barnum-money-08261,barnum-money,17
barnum-money-08262,barnum-money,17
barnum-money-08263,barnum-money,17
barnum-money-08264,barnum-money,17
barnum-money-08265,barnum-money,17
barnum-money-08266,barnum-money,24
barnum-money-08267,barnum-money,17
barnum-money-08268,barnum-money,17
barnum-money-08269,barnum-money,17
barnum-money-08270,barnum-money,17
barnum-money-08271,barnum-money,21
barnum-money-08272,barnum-money,24
barnum-money-08273,barnum-money,2
barnum-money-08274,barnum-money,2
barnum-money-08275,barnum-money,13
barnum-money-08276,barnum-money,27
barnum-money-08277,barnum-money,23
barnum-money-08278,barnum-money,28
barnum-money-08279,barnum-money,17
barnum-money-08280,barnum-money,25
barnum-money-08281,barnum-money,25
barnum-money-08282,barnum-money,23
barnum-money-08283,barnum-money,17
barnum-money-08284,barnum-money,23
barnum-money-08285,barnum-money,24
barnum-money-08286,barnum-money,17
barnum-money-08287,barnum-money,27
barnum-money-08288,barnum-money,17
barnum-money-08289,barnum-money,17
barnum-money-08290,barnum-money,17
barnum-money-08291,barnum-money,3
barnum-money-08292,barnum-money,20
barnum-money-08293,barnum-money,29
barnum-money-08294,barnum-money,13
barnum-money-08295,barnum-money,17
barnum-money-08296,barnum-money,17
barnum-money-08297,barnum-money,17
barnum-money-08298,barnum-money,17
barnum-money-08299,barnum-money,17
barnum-money-08300,barnum-money,17
barnum-money-08301,barnum-money,24
barnum-money-08302,barnum-money,17
barnum-money-08303,barnum-money,17
barnum-money-08304,barnum-money,17
barnum-money-08305,barnum-money,17
barnum-money-08306,barnum-money,17
barnum-money-08307,barnum-money,23
barnum-money-08308,barnum-money,19
barnum-money-08309,barnum-money,23
barnum-money-08310,barnum-money,11
barnum-money-08311,barnum-money,23
barnum-money-08312,barnum-money,23
barnum-money-08313,barnum-money,17
barnum-money-08314,barnum-money,24
barnum-money-08315,barnum-money,24
barnum-money-08316,barnum-money,23
barnum-money-08317,barnum-money,17
barnum-money-08318,barnum-money,23
barnum-money-08319,barnum-money,19
barnum-money-08320,barnum-money,24
barnum-money-08321,barnum-money,17
barnum-money-08322,barnum-money,11
barnum-money-08323,barnum-money,24
barnum-money-08324,barnum-money,28
barnum-money-08325,barnum-money,24
barnum-money-08326,barnum-money,17
barnum-money-08327,barnum-money,23
barnum-money-08328,barnum-money,23
barnum-money-08329,barnum-money,29
barnum-money-08330,barnum-money,17
barnum-money-08331,barnum-money,17
barnum-money-08332,barnum-money,17
barnum-money-08333,barnum-money,24
barnum-money-08334,barnum-money,24
barnum-money-08335,barnum-money,24
barnum-money-08336,barnum-money,24
barnum-money-08337,barnum-money,24
barnum-money-08338,barnum-money,24
barnum-money-08339,barnum-money,25
barnum-money-08340,barnum-money,24
barnum-money-08341,barnum-money,24
barnum-money-08342,barnum-money,24
barnum-money-08343,barnum-money,25
barnum-money-08344,barnum-money,17
barnum-money-08345,barnum-money,23
barnum-money-08346,barnum-money,17
barnum-money-08347,barnum-money,17
barnum-money-08348,barnum-money,23
barnum-money-08349,barnum-money,17
barnum-money-08350,barnum-money,17
barnum-money-08351,barnum-money,17
barnum-money-08352,barnum-money,17
barnum-money-08353,barnum-money,17
barnum-money-08354,barnum-money,17
barnum-money-08355,barnum-money,17
barnum-money-08356,barnum-money,17
barnum-money-08357,barnum-money,17
barnum-money-08358,barnum-money,17
barnum-money-08359,barnum-money,28
barnum-money-08360,barnum-money,17
barnum-money-08361,barnum-money,17
barnum-money-08362,barnum-money,24
barnum-money-08363,barnum-money,24
barnum-money-08364,barnum-money,24
barnum-money-08365,barnum-money,17
barnum-money-08366,barnum-money,24
barnum-money-08367,barnum-money,17
barnum-money-08368,barnum-money,24
barnum-money-08369,barnum-money,19
barnum-money-08370,barnum-money,24
barnum-money-08371,barnum-money,24
barnum-money-08372,barnum-money,24
barnum-money-08373,barnum-money,17
barnum-money-08374,barnum-money,17
barnum-money-08375,barnum-money,17
barnum-money-08376,barnum-money,17
barnum-money-08377,barnum-money,24
barnum-money-08378,barnum-money,24
barnum-money-08379,barnum-money,24
barnum-money-08380,barnum-money,24
barnum-money-08381,barnum-money,17
barnum-money-08382,barnum-money,17
barnum-money-08383,barnum-money,23
barnum-money-08384,barnum-money,23
barnum-money-08385,barnum-money,17
barnum-money-08386,barnum-money,17
barnum-money-08387,barnum-money,17
barnum-money-08388,barnum-money,17
barnum-money-08389,barnum-money,17
barnum-money-08390,barnum-money,23
barnum-money-08391,barnum-money,23
barnum-money-08392,barnum-money,23
barnum-money-08393,barnum-money,23
barnum-money-08394,barnum-money,17
allen-thinketh-08395,allen-thinketh,20
allen-thinketh-08396,allen-thinketh,20
allen-thinketh-08397,allen-thinketh,5
allen-thinketh-08398,allen-thinketh,21
allen-thinketh-08399,allen-thinketh,21
allen-thinketh-08400,allen-thinketh,9
allen-thinketh-08401,allen-thinketh,5
allen-thinketh-08402,allen-thinketh,5
allen-thinketh-08403,allen-thinketh,21
allen-thinketh-08404,allen-thinketh,21
allen-thinketh-08405,allen-thinketh,21
allen-thinketh-08406,allen-thinketh,21
allen-thinketh-08407,allen-thinketh,21
allen-thinketh-08408,allen-thinketh,21
allen-thinketh-08409,allen-thinketh,21
allen-thinketh-08410,allen-thinketh,13
allen-thinketh-08411,allen-thinketh,20
allen-thinketh-08412,allen-thinketh,21
allen-thinketh-08413,allen-thinketh,21
allen-thinketh-08414,allen-thinketh,21
allen-thinketh-08415,allen-thinketh,21
allen-thinketh-08416,allen-thinketh,21
allen-thinketh-08417,allen-thinketh,21
allen-thinketh-08418,allen-thinketh,5
allen-thinketh-08419,allen-thinketh,20
allen-thinketh-08420,allen-thinketh,5
allen-thinketh-08421,allen-thinketh,21
allen-thinketh-08422,allen-thinketh,21
allen-thinketh-08423,allen-thinketh,21
allen-thinketh-08424,allen-thinketh,5
allen-thinketh-08425,allen-thinketh,21
allen-thinketh-08426,allen-thinketh,25
allen-thinketh-08427,allen-thinketh,21
allen-thinketh-08428,allen-thinketh,17
allen-thinketh-08429,allen-thinketh,23
allen-thinketh-08430,allen-thinketh,17
allen-thinketh-08431,allen-thinketh,21
allen-thinketh-08432,allen-thinketh,21
allen-thinketh-08433,allen-thinketh,17
allen-thinketh-08434,allen-thinketh,21
allen-thinketh-08435,allen-thinketh,4
allen-thinketh-08436,allen-thinketh,21
allen-thinketh-08437,allen-thinketh,21
allen-thinketh-08438,allen-thinketh,4
allen-thinketh-08439,allen-thinketh,9
allen-thinketh-08440,allen-thinketh,9
allen-thinketh-08441,allen-thinketh,21
allen-thinketh-08442,allen-thinketh,20
allen-thinketh-08443,allen-thinketh,21
allen-thinketh-08444,allen-thinketh,9
allen-thinketh-08445,allen-thinketh,9
allen-thinketh-08446,allen-thinketh,21
allen-thinketh-08447,allen-thinketh,20
allen-thinketh-08448,allen-thinketh,5
allen-thinketh-08449,allen-thinketh,5
allen-thinketh-08450,allen-thinketh,27
allen-thinketh-08451,allen-thinketh,5
allen-thinketh-08452,allen-thinketh,27
allen-thinketh-08453,allen-thinketh,5
allen-thinketh-08454,allen-thinketh,5
allen-thinketh-08455,allen-thinketh,5
allen-thinketh-08456,allen-thinketh,5
allen-thinketh-08457,allen-thinketh,21
allen-thinketh-08458,allen-thinketh,21
allen-thinketh-08459,allen-thinketh,9
allen-thinketh-08460,allen-thinketh,9
allen-thinketh-08461,allen-thinketh,9
allen-thinketh-08462,allen-thinketh,5
allen-thinketh-08463,allen-thinketh,5
allen-thinketh-08464,allen-thinketh,20
allen-thinketh-08465,allen-thinketh,9
allen-thinketh-08466,allen-thinketh,21
allen-thinketh-08467,allen-thinketh,21
allen-thinketh-08468,allen-thinketh,28
allen-thinketh-08469,allen-thinketh,5
allen-thinketh-08470,allen-thinketh,21
allen-thinketh-08471,allen-thinketh,28
allen-thinketh-08472,allen-thinketh,21
allen-thinketh-08473,allen-thinketh,13
allen-thinketh-08474,allen-thinketh,21
allen-thinketh-08475,allen-thinketh,20
allen-thinketh-08476,allen-thinketh,21
allen-thinketh-08477,allen-thinketh,21
allen-thinketh-08478,allen-thinketh,2
allen-thinketh-08479,allen-thinketh,2
allen-thinketh-08480,allen-thinketh,21
allen-thinketh-08481,allen-thinketh,21
allen-thinketh-08482,allen-thinketh,21
allen-thinketh-08483,allen-thinketh,21
allen-thinketh-08484,allen-thinketh,21
allen-thinketh-08485,allen-thinketh,11
allen-thinketh-08486,allen-thinketh,5
allen-thinketh-08487,allen-thinketh,11
allen-thinketh-08488,allen-thinketh,21
allen-thinketh-08489,allen-thinketh,28
allen-thinketh-08490,allen-thinketh,20
allen-thinketh-08491,allen-thinketh,21
allen-thinketh-08492,allen-thinketh,5
allen-thinketh-08493,allen-thinketh,8
allen-thinketh-08494,allen-thinketh,8
allen-thinketh-08495,allen-thinketh,5
allen-thinketh-08496,allen-thinketh,21
allen-thinketh-08497,allen-thinketh,5
allen-thinketh-08498,allen-thinketh,8
allen-thinketh-08499,allen-thinketh,11
allen-thinketh-08500,allen-thinketh,21
allen-thinketh-08501,allen-thinketh,21
allen-thinketh-08502,allen-thinketh,9
allen-thinketh-08503,allen-thinketh,9
allen-thinketh-08504,allen-thinketh,27
allen-thinketh-08505,allen-thinketh,21
allen-thinketh-08506,allen-thinketh,9
allen-thinketh-08507,allen-thinketh,20
allen-thinketh-08508,allen-thinketh,5
allen-thinketh-08509,allen-thinketh,9
allen-thinketh-08510,allen-thinketh,21
allen-thinketh-08511,allen-thinketh,21
allen-thinketh-08512,allen-thinketh,9
allen-thinketh-08513,allen-thinketh,9
allen-thinketh-08514,allen-thinketh,9
allen-thinketh-08515,allen-thinketh,5
allen-thinketh-08516,allen-thinketh,5
wattles-rich-08517,wattles-rich,24
wattles-rich-08518,wattles-rich,20
wattles-rich-08519,wattles-rich,20
wattles-rich-08520,wattles-rich,20
wattles-rich-08521,wattles-rich,20
wattles-rich-08522,wattles-rich,22
wattles-rich-08523,wattles-rich,28
wattles-rich-08524,wattles-rich,23
wattles-rich-08525,wattles-rich,23
wattles-rich-08526,wattles-rich,20
wattles-rich-08527,wattles-rich,21
wattles-rich-08528,wattles-rich,23
wattles-rich-08529,wattles-rich,23
wattles-rich-08530,wattles-rich,23
wattles-rich-08531,wattles-rich,23
wattles-rich-08532,wattles-rich,5
wattles-rich-08533,wattles-rich,21
wattles-rich-08534,wattles-rich,21
wattles-rich-08535,wattles-rich,3
wattles-rich-08536,wattles-rich,21
wattles-rich-08537,wattles-rich,23
wattles-rich-08538,wattles-rich,23
wattles-rich-08539,wattles-rich,23
wattles-rich-08540,wattles-rich,23
wattles-rich-08541,wattles-rich,23
wattles-rich-08542,wattles-rich,23
wattles-rich-08543,wattles-rich,20
wattles-rich-08544,wattles-rich,23
wattles-rich-08545,wattles-rich,23
wattles-rich-08546,wattles-rich,23
wattles-rich-08547,wattles-rich,23
wattles-rich-08548,wattles-rich,23
wattles-rich-08549,wattles-rich,23
wattles-rich-08550,wattles-rich,23
wattles-rich-08551,wattles-rich,23
wattles-rich-08552,wattles-rich,23
wattles-rich-08553,wattles-rich,11
wattles-rich-08554,wattles-rich,29
wattles-rich-08555,wattles-rich,23
wattles-rich-08556,wattles-rich,23
wattles-rich-08557,wattles-rich,23
wattles-rich-08558,wattles-rich,28
wattles-rich-08559,wattles-rich,29
wattles-rich-08560,wattles-rich,23
wattles-rich-08561,wattles-rich,23
wattles-rich-08562,wattles-rich,23
wattles-rich-08563,wattles-rich,23
wattles-rich-08564,wattles-rich,28
wattles-rich-08565,wattles-rich,17
wattles-rich-08566,wattles-rich,29
wattles-rich-08567,wattles-rich,17
wattles-rich-08568,wattles-rich,26
wattles-rich-08569,wattles-rich,17
wattles-rich-08570,wattles-rich,11
wattles-rich-08571,wattles-rich,23
wattles-rich-08572,wattles-rich,20
wattles-rich-08573,wattles-rich,20
wattles-rich-08574,wattles-rich,20
wattles-rich-08575,wattles-rich,23
wattles-rich-08576,wattles-rich,20
wattles-rich-08577,wattles-rich,23
wattles-rich-08578,wattles-rich,20
wattles-rich-08579,wattles-rich,20
wattles-rich-08580,wattles-rich,20
wattles-rich-08581,wattles-rich,20
wattles-rich-08582,wattles-rich,23
wattles-rich-08583,wattles-rich,20
wattles-rich-08584,wattles-rich,20
wattles-rich-08585,wattles-rich,20
wattles-rich-08586,wattles-rich,20
wattles-rich-08587,wattles-rich,20
wattles-rich-08588,wattles-rich,20
wattles-rich-08589,wattles-rich,20
wattles-rich-08590,wattles-rich,21
wattles-rich-08591,wattles-rich,21
wattles-rich-08592,wattles-rich,20
wattles-rich-08593,wattles-rich,20
wattles-rich-08594,wattles-rich,20
wattles-rich-08595,wattles-rich,20
wattles-rich-08596,wattles-rich,20
wattles-rich-08597,wattles-rich,20
wattles-rich-08598,wattles-rich,20
wattles-rich-08599,wattles-rich,20
wattles-rich-08600,wattles-rich,23
wattles-rich-08601,wattles-rich,23
wattles-rich-08602,wattles-rich,21
wattles-rich-08603,wattles-rich,23
wattles-rich-08604,wattles-rich,28
wattles-rich-08605,wattles-rich,21
wattles-rich-08606,wattles-rich,20
wattles-rich-08607,wattles-rich,20
wattles-rich-08608,wattles-rich,23
wattles-rich-08609,wattles-rich,21
wattles-rich-08610,wattles-rich,20
wattles-rich-08611,wattles-rich,20
wattles-rich-08612,wattles-rich,23
wattles-rich-08613,wattles-rich,20
wattles-rich-08614,wattles-rich,20
wattles-rich-08615,wattles-rich,20
wattles-rich-08616,wattles-rich,28
wattles-rich-08617,wattles-rich,13
wattles-rich-08618,wattles-rich,23
wattles-rich-08619,wattles-rich,23
wattles-rich-08620,wattles-rich,20
wattles-rich-08621,wattles-rich,20
wattles-rich-08622,wattles-rich,11
wattles-rich-08623,wattles-rich,23
wattles-rich-08624,wattles-rich,23
wattles-rich-08625,wattles-rich,20
wattles-rich-08626,wattles-rich,20
wattles-rich-08627,wattles-rich,23
wattles-rich-08628,wattles-rich,20
wattles-rich-08629,wattles-rich,28
wattles-rich-08630,wattles-rich,28
wattles-rich-08631,wattles-rich,23
wattles-rich-08632,wattles-rich,23
wattles-rich-08633,wattles-rich,23
wattles-rich-08634,wattles-rich,23
wattles-rich-08635,wattles-rich,28
wattles-rich-08636,wattles-rich,28
wattles-rich-08637,wattles-rich,21
wattles-rich-08638,wattles-rich,23
wattles-rich-08639,wattles-rich,23
wattles-rich-08640,wattles-rich,20
wattles-rich-08641,wattles-rich,28
wattles-rich-08642,wattles-rich,28
wattles-rich-08643,wattles-rich,17
wattles-rich-08644,wattles-rich,17
wattles-rich-08645,wattles-rich,21
wattles-rich-08646,wattles-rich,28
wattles-rich-08647,wattles-rich,23
wattles-rich-08648,wattles-rich,11
wattles-rich-08649,wattles-rich,23
wattles-rich-08650,wattles-rich,23
wattles-rich-08651,wattles-rich,28
wattles-rich-08652,wattles-rich,20
wattles-rich-08653,wattles-rich,23
wattles-rich-08654,wattles-rich,28
wattles-rich-08655,wattles-rich,28
wattles-rich-08656,wattles-rich,20
wattles-rich-08657,wattles-rich,20
wattles-rich-08658,wattles-rich,20
wattles-rich-08659,wattles-rich,17
wattles-rich-08660,wattles-rich,17
wattles-rich-08661,wattles-rich,17
wattles-rich-08662,wattles-rich,17
wattles-rich-08663,wattles-rich,17
wattles-rich-08664,wattles-rich,17
wattles-rich-08665,wattles-rich,17
wattles-rich-08666,wattles-rich,17
wattles-rich-08667,wattles-rich,20
wattles-rich-08668,wattles-rich,28
wattles-rich-08669,wattles-rich,17
wattles-rich-08670,wattles-rich,17
wattles-rich-08671,wattles-rich,20
wattles-rich-08672,wattles-rich,29
wattles-rich-08673,wattles-rich,27
wattles-rich-08674,wattles-rich,20
wattles-rich-08675,wattles-rich,23
wattles-rich-08676,wattles-rich,20
wattles-rich-08677,wattles-rich,5
wattles-rich-08678,wattles-rich,21
wattles-rich-08679,wattles-rich,21
wattles-rich-08680,wattles-rich,27
wattles-rich-08681,wattles-rich,23
wattles-rich-08682,wattles-rich,28
wattles-rich-08683,wattles-rich,28
wattles-rich-08684,wattles-rich,23
wattles-rich-08685,wattles-rich,11
wattles-rich-08686,wattles-rich,15
wattles-rich-08687,wattles-rich,21
wattles-rich-08688,wattles-rich,23
wattles-rich-08689,wattles-rich,28
wattles-rich-08690,wattles-rich,0
wattles-rich-08691,wattles-rich,9
wattles-rich-08692,wattles-rich,20
wattles-rich-08693,wattles-rich,17
wattles-rich-08694,wattles-rich,5
wattles-rich-08695,wattles-rich,9
wattles-rich-08696,wattles-rich,28
wattles-rich-08697,wattles-rich,28
wattles-rich-08698,wattles-rich,28
wattles-rich-08699,wattles-rich,9
wattles-rich-08700,wattles-rich,9
wattles-rich-08701,wattles-rich,5
wattles-rich-08702,wattles-rich,28
wattles-rich-08703,wattles-rich,28
wattles-rich-08704,wattles-rich,9
wattles-rich-08705,wattles-rich,28
wattles-rich-08706,wattles-rich,28
wattles-rich-08707,wattles-rich,28
wattles-rich-08708,wattles-rich,20
wattles-rich-08709,wattles-rich,9
wattles-rich-08710,wattles-rich,9
wattles-rich-08711,wattles-rich,28
wattles-rich-08712,wattles-rich,28
wattles-rich-08713,wattles-rich,17
wattles-rich-08714,wattles-rich,2
wattles-rich-08715,wattles-rich,23
wattles-rich-08716,wattles-rich,23
wattles-rich-08717,wattles-rich,28
wattles-rich-08718,wattles-rich,23
wattles-rich-08719,wattles-rich,28
wattles-rich-08720,wattles-rich,23
wattles-rich-08721,wattles-rich,28
wattles-rich-08722,wattles-rich,25
wattles-rich-08723,wattles-rich,28
wattles-rich-08724,wattles-rich,28
wattles-rich-08725,wattles-rich,28
wattles-rich-08726,wattles-rich,23
wattles-rich-08727,wattles-rich,28
wattles-rich-08728,wattles-rich,28
wattles-rich-08729,wattles-rich,28
wattles-rich-08730,wattles-rich,20
wattles-rich-08731,wattles-rich,28
wattles-rich-08732,wattles-rich,27
wattles-rich-08733,wattles-rich,28
wattles-rich-08734,wattles-rich,28
wattles-rich-08735,wattles-rich,28
wattles-rich-08736,wattles-rich,27
wattles-rich-08737,wattles-rich,20
wattles-rich-08738,wattles-rich,28
wattles-rich-08739,wattles-rich,28
wattles-rich-08740,wattles-rich,28
wattles-rich-08741,wattles-rich,23
wattles-rich-08742,wattles-rich,28
wattles-rich-08743,wattles-rich,28
wattles-rich-08744,wattles-rich,23
wattles-rich-08745,wattles-rich,28
wattles-rich-08746,wattles-rich,2
wattles-rich-08747,wattles-rich,28
wattles-rich-08748,wattles-rich,23
wattles-rich-08749,wattles-rich,28
wattles-rich-08750,wattles-rich,4
wattles-rich-08751,wattles-rich,28
wattles-rich-08752,wattles-rich,4
wattles-rich-08753,wattles-rich,28
wattles-rich-08754,wattles-rich,23
wattles-rich-08755,wattles-rich,28
wattles-rich-08756,wattles-rich,28
wattles-rich-08757,wattles-rich,28
wattles-rich-08758,wattles-rich,28
wattles-rich-08759,wattles-rich,23
wattles-rich-08760,wattles-rich,20
wattles-rich-08761,wattles-rich,20
wattles-rich-08762,wattles-rich,28
wattles-rich-08763,wattles-rich,5
wattles-rich-08764,wattles-rich,28
wattles-rich-08765,wattles-rich,28
wattles-rich-08766,wattles-rich,23
wattles-rich-08767,wattles-rich,20
wattles-rich-08768,wattles-rich,23
wattles-rich-08769,wattles-rich,23
wattles-rich-08770,wattles-rich,2
wattles-rich-08771,wattles-rich,23
wattles-rich-08772,wattles-rich,23
wattles-rich-08773,wattles-rich,23
wattles-rich-08774,wattles-rich,23
wattles-rich-08775,wattles-rich,23
wattles-rich-08776,wattles-rich,29
wattles-rich-08777,wattles-rich,23
wattles-rich-08778,wattles-rich,23
wattles-rich-08779,wattles-rich,23
wattles-rich-08780,wattles-rich,23
wattles-rich-08781,wattles-rich,23
wattles-rich-08782,wattles-rich,23
wattles-rich-08783,wattles-rich,23
wattles-rich-08784,wattles-rich,28
wattles-rich-08785,wattles-rich,27
wattles-rich-08786,wattles-rich,23
wattles-rich-08787,wattles-rich,20
wattles-rich-08788,wattles-rich,5
wattles-rich-08789,wattles-rich,4
wattles-rich-08790,wattles-rich,20
wattles-rich-08791,wattles-rich,2
wattles-rich-08792,wattles-rich,23
wattles-rich-08793,wattles-rich,23
wattles-rich-08794,wattles-rich,23
wattles-rich-08795,wattles-rich,23
wattles-rich-08796,wattles-rich,23
wattles-rich-08797,wattles-rich,23
wattles-rich-08798,wattles-rich,23
wattles-rich-08799,wattles-rich,23
wattles-rich-08800,wattles-rich,23
wattles-rich-08801,wattles-rich,2
wattles-rich-08802,wattles-rich,23
wattles-rich-08803,wattles-rich,23
wattles-rich-08804,wattles-rich,28
wattles-rich-08805,wattles-rich,23
wattles-rich-08806,wattles-rich,23
wattles-rich-08807,wattles-rich,23
wattles-rich-08808,wattles-rich,23
wattles-rich-08809,wattles-rich,28
wattles-rich-08810,wattles-rich,23
wattles-rich-08811,wattles-rich,23
wattles-rich-08812,wattles-rich,20
wattles-rich-08813,wattles-rich,20
wattles-rich-08814,wattles-rich,23
wattles-rich-08815,wattles-rich,28
wattles-rich-08816,wattles-rich,5
wattles-rich-08817,wattles-rich,5
wattles-rich-08818,wattles-rich,20
wattles-rich-08819,wattles-rich,20
wattles-rich-08820,wattles-rich,20
wattles-rich-08821,wattles-rich,21
wattles-rich-08822,wattles-rich,21
wattles-rich-08823,wattles-rich,20
wattles-rich-08824,wattles-rich,20
wattles-rich-08825,wattles-rich,8
wattles-rich-08826,wattles-rich,17
wattles-rich-08827,wattles-rich,20
wattles-rich-08828,wattles-rich,28
wattles-rich-08829,wattles-rich,23
wattles-rich-08830,wattles-rich,28
wattles-rich-08831,wattles-rich,28
wattles-rich-08832,wattles-rich,21
wattles-rich-08833,wattles-rich,17
wattles-rich-08834,wattles-rich,17
wattles-rich-08835,wattles-rich,23
wattles-rich-08836,wattles-rich,28
wattles-rich-08837,wattles-rich,28
wattles-rich-08838,wattles-rich,28
wattles-rich-08839,wattles-rich,28
wattles-rich-08840,wattles-rich,28
wattles-rich-08841,wattles-rich,28
wattles-rich-08842,wattles-rich,28
wattles-rich-08843,wattles-rich,28
wattles-rich-08844,wattles-rich,28
wattles-rich-08845,wattles-rich,28
wattles-rich-08846,wattles-rich,28
wattles-rich-08847,wattles-rich,28
wattles-rich-08848,wattles-rich,28
wattles-rich-08849,wattles-rich,28
wattles-rich-08850,wattles-rich,23
wattles-rich-08851,wattles-rich,28
wattles-rich-08852,wattles-rich,17
wattles-rich-08853,wattles-rich,28
wattles-rich-08854,wattles-rich,28
wattles-rich-08855,wattles-rich,28
wattles-rich-08856,wattles-rich,28
wattles-rich-08857,wattles-rich,20
wattles-rich-08858,wattles-rich,20
wattles-rich-08859,wattles-rich,20
wattles-rich-08860,wattles-rich,21
wattles-rich-08861,wattles-rich,21
wattles-rich-08862,wattles-rich,28
wattles-rich-08863,wattles-rich,28
wattles-rich-08864,wattles-rich,2
wattles-rich-08865,wattles-rich,21
wattles-rich-08866,wattles-rich,20
wattles-rich-08867,wattles-rich,29
wattles-rich-08868,wattles-rich,23
wattles-rich-08869,wattles-rich,28
wattles-rich-08870,wattles-rich,28
wattles-rich-08871,wattles-rich,28
wattles-rich-08872,wattles-rich,28
wattles-rich-08873,wattles-rich,28
wattles-rich-08874,wattles-rich,28
wattles-rich-08875,wattles-rich,28
wattles-rich-08876,wattles-rich,28
wattles-rich-08877,wattles-rich,28
wattles-rich-08878,wattles-rich,28
wattles-rich-08879,wattles-rich,28
wattles-rich-08880,wattles-rich,28
wattles-rich-08881,wattles-rich,28
wattles-rich-08882,wattles-rich,23
wattles-rich-08883,wattles-rich,28
wattles-rich-08884,wattles-rich,28
wattles-rich-08885,wattles-rich,28
wattles-rich-08886,wattles-rich,23
wattles-rich-08887,wattles-rich,28
wattles-rich-08888,wattles-rich,28
wattles-rich-08889,wattles-rich,21
wattles-rich-08890,wattles-rich,28
wattles-rich-08891,wattles-rich,28
wattles-rich-08892,wattles-rich,28
wattles-rich-08893,wattles-rich,28
wattles-rich-08894,wattles-rich,28
wattles-rich-08895,wattles-rich,20
wattles-rich-08896,wattles-rich,20
wattles-rich-08897,wattles-rich,20
wattles-rich-08898,wattles-rich,21
wattles-rich-08899,wattles-rich,28
wattles-rich-08900,wattles-rich,23
wattles-rich-08901,wattles-rich,11
wattles-rich-08902,wattles-rich,23
wattles-rich-08903,wattles-rich,28
wattles-rich-08904,wattles-rich,23
wattles-rich-08905,wattles-rich,23
wattles-rich-08906,wattles-rich,28
wattles-rich-08907,wattles-rich,28
wattles-rich-08908,wattles-rich,20
wattles-rich-08909,wattles-rich,28
wattles-rich-08910,wattles-rich,28
wattles-rich-08911,wattles-rich,28
wattles-rich-08912,wattles-rich,28
wattles-rich-08913,wattles-rich,28
wattles-rich-08914,wattles-rich,28
wattles-rich-08915,wattles-rich,28
wattles-rich-08916,wattles-rich,28
wattles-rich-08917,wattles-rich,28
wattles-rich-08918,wattles-rich,5
wattles-rich-08919,wattles-rich,28
wattles-rich-08920,wattles-rich,28
wattles-rich-08921,wattles-rich,28
wattles-rich-08922,wattles-rich,28
wattles-rich-08923,wattles-rich,28
wattles-rich-08924,wattles-rich,28
wattles-rich-08925,wattles-rich,28
wattles-rich-08926,wattles-rich,17
wattles-rich-08927,wattles-rich,11
wattles-rich-08928,wattles-rich,20
wattles-rich-08929,wattles-rich,20
wattles-rich-08930,wattles-rich,21
wattles-rich-08931,wattles-rich,23
wattles-rich-08932,wattles-rich,21
wattles-rich-08933,wattles-rich,28
wattles-rich-08934,wattles-rich,28
wattles-rich-08935,wattles-rich,17
wattles-rich-08936,wattles-rich,28
wattles-rich-08937,wattles-rich,28
wattles-rich-08938,wattles-rich,28
wattles-rich-08939,wattles-rich,23
wattles-rich-08940,wattles-rich,28
wattles-rich-08941,wattles-rich,23
wattles-rich-08942,wattles-rich,17
wattles-rich-08943,wattles-rich,28
wattles-rich-08944,wattles-rich,28
wattles-rich-08945,wattles-rich,28
wattles-rich-08946,wattles-rich,21
wattles-rich-08947,wattles-rich,2
wattles-rich-08948,wattles-rich,23
wattles-rich-08949,wattles-rich,4
wattles-rich-08950,wattles-rich,28
wattles-rich-08951,wattles-rich,23
wattles-rich-08952,wattles-rich,28
wattles-rich-08953,wattles-rich,17
wattles-rich-08954,wattles-rich,23
wattles-rich-08955,wattles-rich,11
wattles-rich-08956,wattles-rich,11
wattles-rich-08957,wattles-rich,11
wattles-rich-08958,wattles-rich,11
wattles-rich-08959,wattles-rich,11
wattles-rich-08960,wattles-rich,23
wattles-rich-08961,wattles-rich,23
wattles-rich-08962,wattles-rich,23
wattles-rich-08963,wattles-rich,28
wattles-rich-08964,wattles-rich,17
wattles-rich-08965,wattles-rich,28
wattles-rich-08966,wattles-rich,21
wattles-rich-08967,wattles-rich,28
wattles-rich-08968,wattles-rich,2
wattles-rich-08969,wattles-rich,28
wattles-rich-08970,wattles-rich,23
wattles-rich-08971,wattles-rich,17
wattles-rich-08972,wattles-rich,28
wattles-rich-08973,wattles-rich,28
wattles-rich-08974,wattles-rich,28
wattles-rich-08975,wattles-rich,21
wattles-rich-08976,wattles-rich,23
wattles-rich-08977,wattles-rich,23
wattles-rich-08978,wattles-rich,23
wattles-rich-08979,wattles-rich,2
wattles-rich-08980,wattles-rich,23
wattles-rich-08981,wattles-rich,23
wattles-rich-08982,wattles-rich,23
wattles-rich-08983,wattles-rich,23
wattles-rich-08984,wattles-rich,23
wattles-rich-08985,wattles-rich,28
wattles-rich-08986,wattles-rich,28
wattles-rich-08987,wattles-rich,28
wattles-rich-08988,wattles-rich,28
wattles-rich-08989,wattles-rich,8
wattles-rich-08990,wattles-rich,23
wattles-rich-08991,wattles-rich,28
wattles-rich-08992,wattles-rich,28
wattles-rich-08993,wattles-rich,28
wattles-rich-08994,wattles-rich,28
wattles-rich-08995,wattles-rich,23
wattles-rich-08996,wattles-rich,28
wattles-rich-08997,wattles-rich,28
wattles-rich-08998,wattles-rich,28
wattles-rich-08999,wattles-rich,28
wattles-rich-09000,wattles-rich,3
wattles-rich-09001,wattles-rich,3
wattles-rich-09002,wattles-rich,28
wattles-rich-09003,wattles-rich,28
wattles-rich-09004,wattles-rich,28
wattles-rich-09005,wattles-rich,11
wattles-rich-09006,wattles-rich,28
wattles-rich-09007,wattles-rich,28
wattles-rich-09008,wattles-rich,23
wattles-rich-09009,wattles-rich,20
wattles-rich-09010,wattles-rich,20
wattles-rich-09011,wattles-rich,20
wattles-rich-09012,wattles-rich,11
wattles-rich-09013,wattles-rich,9
wattles-rich-09014,wattles-rich,21
wattles-rich-09015,wattles-rich,21
wattles-rich-09016,wattles-rich,17
wattles-rich-09017,wattles-rich,23
wattles-rich-09018,wattles-rich,29
wattles-rich-09019,wattles-rich,11
wattles-rich-09020,wattles-rich,15
wattles-rich-09021,wattles-rich,11
wattles-rich-09022,wattles-rich,17
wattles-rich-09023,wattles-rich,11
wattles-rich-09024,wattles-rich,24
wattles-rich-09025,wattles-rich,17
wattles-rich-09026,wattles-rich,11
wattles-rich-09027,wattles-rich,22
wattles-rich-09028,wattles-rich,24
conwell-acres-09029,conwell-acres,15
conwell-acres-09030,conwell-acres,29
conwell-acres-09031,conwell-acres,11
conwell-acres-09032,conwell-acres,24
conwell-acres-09033,conwell-acres,27
conwell-acres-09034,conwell-acres,3
conwell-acres-09035,conwell-acres,11
conwell-acres-09036,conwell-acres,24
conwell-acres-09037,conwell-acres,11
conwell-acres-09038,conwell-acres,24
conwell-acres-09039,conwell-acres,24
conwell-acres-09040,conwell-acres,24
conwell-acres-09041,conwell-acres,3
conwell-acres-09042,conwell-acres,8
conwell-acres-09043,conwell-acres,8
conwell-acres-09044,conwell-acres,8
conwell-acres-09045,conwell-acres,24
conwell-acres-09046,conwell-acres,24
conwell-acres-09047,conwell-acres,24
conwell-acres-09048,conwell-acres,23
conwell-acres-09049,conwell-acres,3
conwell-acres-09050,conwell-acres,24
conwell-acres-09051,conwell-acres,1
conwell-acres-09052,conwell-acres,24
conwell-acres-09053,conwell-acres,15
conwell-acres-09054,conwell-acres,24
conwell-acres-09055,conwell-acres,24
conwell-acres-09056,conwell-acres,24
conwell-acres-09057,conwell-acres,23
conwell-acres-09058,conwell-acres,29
conwell-acres-09059,conwell-acres,15
conwell-acres-09060,conwell-acres,17
conwell-acres-09061,conwell-acres,3
conwell-acres-09062,conwell-acres,24
conwell-acres-09063,conwell-acres,29
conwell-acres-09064,conwell-acres,26
conwell-acres-09065,conwell-acres,26
conwell-acres-09066,conwell-acres,22
conwell-acres-09067,conwell-acres,15
conwell-acres-09068,conwell-acres,17
conwell-acres-09069,conwell-acres,24
conwell-acres-09070,conwell-acres,24
conwell-acres-09071,conwell-acres,15
conwell-acres-09072,conwell-acres,19
conwell-acres-09073,conwell-acres,29
conwell-acres-09074,conwell-acres,15
conwell-acres-09075,conwell-acres,19
conwell-acres-09076,conwell-acres,24
conwell-acres-09077,conwell-acres,24
conwell-acres-09078,conwell-acres,24
conwell-acres-09079,conwell-acres,2
conwell-acres-09080,conwell-acres,24
conwell-acres-09081,conwell-acres,15
conwell-acres-09082,conwell-acres,15
conwell-acres-09083,conwell-acres,28
conwell-acres-09084,conwell-acres,2
conwell-acres-09085,conwell-acres,23
conwell-acres-09086,conwell-acres,23
conwell-acres-09087,conwell-acres,28
conwell-acres-09088,conwell-acres,23
conwell-acres-09089,conwell-acres,23
conwell-acres-09090,conwell-acres,17
conwell-acres-09091,conwell-acres,17
conwell-acres-09092,conwell-acres,23
conwell-acres-09093,conwell-acres,23
conwell-acres-09094,conwell-acres,23
conwell-acres-09095,conwell-acres,4
conwell-acres-09096,conwell-acres,23
conwell-acres-09097,conwell-acres,23
conwell-acres-09098,conwell-acres,23
conwell-acres-09099,conwell-acres,17
conwell-acres-09100,conwell-acres,17
conwell-acres-09101,conwell-acres,24
conwell-acres-09102,conwell-acres,27
conwell-acres-09103,conwell-acres,4
conwell-acres-09104,conwell-acres,13
conwell-acres-09105,conwell-acres,23
conwell-acres-09106,conwell-acres,17
conwell-acres-09107,conwell-acres,23
conwell-acres-09108,conwell-acres,17
conwell-acres-09109,conwell-acres,17
conwell-acres-09110,conwell-acres,17
conwell-acres-09111,conwell-acres,24
conwell-acres-09112,conwell-acres,17
conwell-acres-09113,conwell-acres,17
conwell-acres-09114,conwell-acres,24
conwell-acres-09115,conwell-acres,17
conwell-acres-09116,conwell-acres,17
conwell-acres-09117,conwell-acres,23
conwell-acres-09118,conwell-acres,17
conwell-acres-09119,conwell-acres,23
conwell-acres-09120,conwell-acres,24
conwell-acres-09121,conwell-acres,23
conwell-acres-09122,conwell-acres,23
conwell-acres-09123,conwell-acres,23
conwell-acres-09124,conwell-acres,23
conwell-acres-09125,conwell-acres,17
conwell-acres-09126,conwell-acres,24
conwell-acres-09127,conwell-acres,17
conwell-acres-09128,conwell-acres,17
conwell-acres-09129,conwell-acres,23
conwell-acres-09130,conwell-acres,24
conwell-acres-09131,conwell-acres,24
conwell-acres-09132,conwell-acres,24
conwell-acres-09133,conwell-acres,24
conwell-acres-09134,conwell-acres,24
conwell-acres-09135,conwell-acres,24
conwell-acres-09136,conwell-acres,24
conwell-acres-09137,conwell-acres,17
conwell-acres-09138,conwell-acres,17
conwell-acres-09139,conwell-acres,17
conwell-acres-09140,conwell-acres,28
conwell-acres-09141,conwell-acres,23
conwell-acres-09142,conwell-acres,17
conwell-acres-09143,conwell-acres,23
conwell-acres-09144,conwell-acres,23
conwell-acres-09145,conwell-acres,19
conwell-acres-09146,conwell-acres,19
conwell-acres-09147,conwell-acres,24
conwell-acres-09148,conwell-acres,24
conwell-acres-09149,conwell-acres,24
conwell-acres-09150,conwell-acres,15
conwell-acres-09151,conwell-acres,23
conwell-acres-09152,conwell-acres,23
conwell-acres-09153,conwell-acres,24
conwell-acres-09154,conwell-acres,15
conwell-acres-09155,conwell-acres,24
conwell-acres-09156,conwell-acres,19
conwell-acres-09157,conwell-acres,17
conwell-acres-09158,conwell-acres,24
conwell-acres-09159,conwell-acres,17
conwell-acres-09160,conwell-acres,24
conwell-acres-09161,conwell-acres,15
conwell-acres-09162,conwell-acres,17
conwell-acres-09163,conwell-acres,24
conwell-acres-09164,conwell-acres,17
conwell-acres-09165,conwell-acres,15
conwell-acres-09166,conwell-acres,15
conwell-acres-09167,conwell-acres,15
conwell-acres-09168,conwell-acres,15
conwell-acres-09169,conwell-acres,15
conwell-acres-09170,conwell-acres,15
conwell-acres-09171,conwell-acres,24
conwell-acres-09172,conwell-acres,24
conwell-acres-09173,conwell-acres,24
conwell-acres-09174,conwell-acres,24
conwell-acres-09175,conwell-acres,2
conwell-acres-09176,conwell-acres,24
conwell-acres-09177,conwell-acres,24
conwell-acres-09178,conwell-acres,24
conwell-acres-09179,conwell-acres,24
conwell-acres-09180,conwell-acres,24
conwell-acres-09181,conwell-acres,24
conwell-acres-09182,conwell-acres,24
conwell-acres-09183,conwell-acres,24
conwell-acres-09184,conwell-acres,17
conwell-acres-09185,conwell-acres,17
conwell-acres-09186,conwell-acres,17
conwell-acres-09187,conwell-acres,23
conwell-acres-09188,conwell-acres,2
conwell-acres-09189,conwell-acres,2
conwell-acres-09190,conwell-acres,2
conwell-acres-09191,conwell-acres,2
conwell-acres-09192,conwell-acres,2
conwell-acres-09193,conwell-acres,2
conwell-acres-09194,conwell-acres,2
conwell-acres-09195,conwell-acres,2
conwell-acres-09196,conwell-acres,25
conwell-acres-09197,conwell-acres,28
conwell-acres-09198,conwell-acres,25
conwell-acres-09199,conwell-acres,25
conwell-acres-09200,conwell-acres,25
conwell-acres-09201,conwell-acres,25
conwell-acres-09202,conwell-acres,24
conwell-acres-09203,conwell-acres,1
conwell-acres-09204,conwell-acres,24
conwell-acres-09205,conwell-acres,25
conwell-acres-09206,conwell-acres,24
conwell-acres-09207,conwell-acres,25
conwell-acres-09208,conwell-acres,24
conwell-acres-09209,conwell-acres,11
conwell-acres-09210,conwell-acres,3
conwell-acres-09211,conwell-acres,24
conwell-acres-09212,conwell-acres,24
conwell-acres-09213,conwell-acres,25
conwell-acres-09214,conwell-acres,25
conwell-acres-09215,conwell-acres,25
conwell-acres-09216,conwell-acres,25
conwell-acres-09217,conwell-acres,24
conwell-acres-09218,conwell-acres,25
conwell-acres-09219,conwell-acres,2
conwell-acres-09220,conwell-acres,21
conwell-acres-09221,conwell-acres,21
conwell-acres-09222,conwell-acres,8
conwell-acres-09223,conwell-acres,24
