cycle,age,female,race,educ3,income_group,fmpir,leisure_met,work_met,trans_met,leisure_min,work_min,rec_days,sitting_hrs,bmi,hba1c,HDL,diabetes,dysglycemia,obesity,poor_health,meets,wt
2015,62.0,0.0,NH White,college_plus,high (>3.5x),4.39,720.0,200.0,0.0,180.0,50.0,6.0,8.0,27.8,7.0,46.0,1.0,1.0,0.0,0.0,1,67814.7537025
2015,53.0,0.0,NH White,hs_or_less,middle (1.3-3.5x),1.32,0.0,0.0,0.0,0.0,0.0,0.0,5.0,30.8,5.5,63.0,0.0,0.0,1.0,0.0,0,12641.2129635
2015,56.0,1.0,NH White,college_plus,high (>3.5x),5.0,0.0,1800.0,0.0,0.0,450.0,0.0,8.0,42.4,5.6,61.0,0.0,0.0,1.0,0.0,0,51039.317254
2015,22.0,0.0,NH Black,some_college,middle (1.3-3.5x),2.08,960.0,0.0,320.0,120.0,0.0,2.0,9.0,28.0,5.6,48.0,0.0,0.0,0.0,0.0,1,19676.6536985
2015,32.0,1.0,Mexican American,some_college,low (<1.3x poverty),1.03,1000.0,0.0,1000.0,250.0,0.0,5.0,4.0,28.2,5.6,28.0,0.0,0.0,0.0,0.0,1,11778.5817265
2015,56.0,0.0,NH Black,hs_or_less,low (<1.3x poverty),1.19,0.0,1920.0,0.0,0.0,300.0,0.0,8.0,33.6,7.6,52.0,1.0,1.0,1.0,0.0,0,10034.3314455
2015,45.0,0.0,Other/Multi,hs_or_less,middle (1.3-3.5x),1.36,480.0,0.0,960.0,120.0,0.0,4.0,5.0,24.1,5.5,50.0,0.0,0.0,0.0,0.0,0,48500.9939385
2015,30.0,1.0,Other Hispanic,some_college,high (>3.5x),5.0,2040.0,2160.0,480.0,270.0,360.0,5.0,3.0,26.6,4.8,67.0,0.0,0.0,0.0,0.0,1,19340.2656305
2015,57.0,1.0,Other Hispanic,hs_or_less,low (<1.3x poverty),0.77,120.0,1120.0,0.0,30.0,260.0,2.0,1.0,35.4,13.0,43.0,1.0,1.0,1.0,1.0,0,6206.5312635
2015,24.0,1.0,NH Asian,college_plus,low (<1.3x poverty),5.397605346934028e-79,0.0,0.0,0.0,0.0,0.0,0.0,8.0,25.3,5.7,41.0,0.0,1.0,0.0,0.0,0,9005.006346
2015,54.0,1.0,NH Asian,some_college,middle (1.3-3.5x),2.99,0.0,0.0,0.0,0.0,0.0,0.0,10.0,26.3,6.1,71.0,0.0,1.0,0.0,0.0,0,11609.759037
2015,49.0,0.0,NH Asian,hs_or_less,middle (1.3-3.5x),2.97,0.0,0.0,0.0,0.0,0.0,0.0,7.0,25.0,6.0,29.0,0.0,1.0,0.0,0.0,0,14175.415873
2015,56.0,0.0,NH Asian,hs_or_less,middle (1.3-3.5x),1.35,0.0,240.0,0.0,0.0,30.0,0.0,5.0,25.0,8.9,48.0,1.0,1.0,0.0,1.0,0,7242.493951
2015,60.0,1.0,Other Hispanic,college_plus,high (>3.5x),5.0,720.0,0.0,0.0,180.0,0.0,3.0,5.0,35.9,6.5,74.0,1.0,1.0,1.0,0.0,1,5095.9571725
2015,56.0,0.0,NH White,hs_or_less,low (<1.3x poverty),1.0,0.0,4800.0,0.0,0.0,960.0,0.0,4.0,24.4,13.7,46.0,1.0,1.0,0.0,1.0,0,16201.0863735
2015,20.0,1.0,NH Black,hs_or_less,middle (1.3-3.5x),3.3,3840.0,9600.0,0.0,720.0,2400.0,6.0,6.0,26.2,5.7,79.0,0.0,1.0,0.0,0.0,1,20202.7885955
2015,27.0,0.0,NH White,some_college,low (<1.3x poverty),5.397605346934028e-79,240.0,2400.0,480.0,60.0,600.0,1.0,4.0,18.6,4.6,42.0,0.0,0.0,0.0,0.0,0,36682.001972
2015,42.0,0.0,NH White,college_plus,high (>3.5x),4.22,200.0,0.0,0.0,30.0,0.0,3.0,10.0,25.5,5.3,55.0,0.0,0.0,0.0,0.0,0,78334.25035
2015,20.0,1.0,NH Black,some_college,middle (1.3-3.5x),1.62,0.0,0.0,240.0,0.0,0.0,0.0,5.0,22.2,5.4,79.0,0.0,0.0,0.0,1.0,0,17841.7068
2015,61.0,0.0,NH Black,hs_or_less,high (>3.5x),4.39,360.0,0.0,0.0,90.0,0.0,2.0,9.0,29.5,5.7,52.0,0.0,1.0,0.0,0.0,0,7514.363429
2015,39.0,1.0,Mexican American,hs_or_less,low (<1.3x poverty),0.49,0.0,0.0,0.0,0.0,0.0,0.0,2.0,27.2,5.6,55.0,0.0,0.0,0.0,1.0,0,15171.511763
2015,50.0,1.0,Mexican American,hs_or_less,middle (1.3-3.5x),1.41,0.0,0.0,240.0,0.0,0.0,0.0,0.3333333333333333,42.6,5.4,31.0,0.0,0.0,1.0,1.0,0,6017.0879225
2015,45.0,1.0,Mexican American,hs_or_less,middle (1.3-3.5x),2.18,0.0,0.0,0.0,0.0,0.0,0.0,3.0,35.2,10.7,52.0,1.0,1.0,1.0,0.0,0,8170.9595585
2015,27.0,0.0,Mexican American,hs_or_less,middle (1.3-3.5x),1.41,480.0,0.0,0.0,120.0,0.0,1.0,4.0,23.1,5.0,46.0,0.0,0.0,0.0,1.0,0,16506.258492
2015,44.0,1.0,NH Black,hs_or_less,middle (1.3-3.5x),1.5,0.0,0.0,0.0,0.0,0.0,0.0,5.0,45.3,7.0,27.0,1.0,1.0,1.0,1.0,0,11015.755496
2015,37.0,1.0,NH White,hs_or_less,middle (1.3-3.5x),1.86,0.0,19200.0,0.0,0.0,2400.0,0.0,5.0,35.3,5.2,39.0,0.0,0.0,1.0,0.0,0,36578.543407
2015,46.0,1.0,Mexican American,college_plus,middle (1.3-3.5x),2.39,0.0,0.0,0.0,0.0,0.0,0.0,2.0,41.6,5.7,48.0,0.0,1.0,1.0,1.0,0,13229.572321
2015,30.0,0.0,NH White,some_college,middle (1.3-3.5x),1.9,0.0,640.0,0.0,0.0,100.0,0.0,5.0,27.0,5.3,46.0,0.0,0.0,0.0,1.0,0,24097.5163125
2015,31.0,1.0,NH White,college_plus,high (>3.5x),5.0,4200.0,7200.0,0.0,600.0,1440.0,7.0,4.0,27.8,4.8,61.0,0.0,0.0,0.0,0.0,1,67605.390717
2015,41.0,0.0,NH Black,some_college,high (>3.5x),5.0,0.0,0.0,0.0,0.0,0.0,0.0,20.0,40.7,6.0,45.0,0.0,1.0,1.0,0.0,0,11334.281365
2015,21.0,1.0,NH White,hs_or_less,middle (1.3-3.5x),2.14,480.0,0.0,0.0,120.0,0.0,2.0,3.0,16.3,5.0,62.0,0.0,0.0,0.0,1.0,0,31522.4349525
2015,40.0,0.0,NH Black,some_college,high (>3.5x),4.36,1440.0,15840.0,360.0,240.0,2520.0,4.0,3.0,30.7,5.3,,0.0,0.0,1.0,0.0,1,14640.427954
2015,48.0,0.0,Mexican American,hs_or_less,middle (1.3-3.5x),2.24,720.0,960.0,0.0,180.0,165.0,6.0,11.0,28.6,5.5,28.0,0.0,0.0,0.0,0.0,1,20495.798107
2015,30.0,1.0,Mexican American,hs_or_less,low (<1.3x poverty),0.87,2400.0,0.0,960.0,420.0,0.0,7.0,1.0,27.4,5.0,71.0,0.0,0.0,0.0,0.0,1,11705.610236
2015,42.0,1.0,NH Black,college_plus,middle (1.3-3.5x),1.82,720.0,0.0,0.0,120.0,0.0,4.0,3.0,34.4,5.8,66.0,0.0,1.0,1.0,0.0,1,10680.4695605
2015,32.0,1.0,NH White,college_plus,middle (1.3-3.5x),2.06,1680.0,0.0,0.0,240.0,0.0,7.0,3.0,23.9,5.1,72.0,0.0,0.0,0.0,0.0,1,30681.517387
2015,61.0,0.0,Mexican American,hs_or_less,low (<1.3x poverty),0.62,0.0,0.0,0.0,0.0,0.0,0.0,8.0,22.3,5.6,51.0,0.0,0.0,0.0,1.0,0,4056.8451655
2015,38.0,1.0,NH Asian,some_college,high (>3.5x),3.62,480.0,0.0,0.0,120.0,0.0,2.0,10.0,21.8,5.2,52.0,0.0,0.0,0.0,0.0,0,6803.400036
2015,26.0,0.0,NH White,college_plus,high (>3.5x),4.25,480.0,0.0,0.0,60.0,0.0,1.0,16.0,24.3,5.1,64.0,0.0,0.0,0.0,1.0,0,85358.9704315
2015,54.0,1.0,NH White,some_college,high (>3.5x),5.0,0.0,0.0,0.0,0.0,0.0,0.0,9.0,38.8,5.4,104.0,0.0,0.0,1.0,0.0,0,48773.1983745
2015,29.0,1.0,NH White,college_plus,middle (1.3-3.5x),1.68,2400.0,960.0,0.0,420.0,240.0,7.0,8.0,30.7,5.0,62.0,0.0,0.0,1.0,0.0,1,34201.2759505
2015,55.0,0.0,NH White,some_college,middle (1.3-3.5x),2.68,360.0,7600.0,0.0,90.0,1850.0,3.0,2.0,25.0,5.8,30.0,0.0,1.0,0.0,0.0,0,98998.852515
2015,27.0,0.0,NH White,hs_or_less,middle (1.3-3.5x),1.57,1040.0,2880.0,0.0,200.0,480.0,5.0,3.0,24.0,5.0,51.0,0.0,0.0,0.0,0.0,1,20680.6979665
2015,52.0,1.0,NH White,college_plus,low (<1.3x poverty),0.85,0.0,2320.0,0.0,0.0,560.0,0.0,6.0,26.5,5.6,47.0,0.0,0.0,0.0,1.0,0,19496.0715855
2015,49.0,0.0,NH White,some_college,high (>3.5x),5.0,540.0,360.0,0.0,135.0,90.0,3.0,14.0,25.5,5.3,40.0,0.0,0.0,0.0,0.0,0,90281.311298
2015,47.0,1.0,NH Black,some_college,middle (1.3-3.5x),2.08,0.0,0.0,0.0,0.0,0.0,0.0,15.0,42.5,5.3,45.0,0.0,0.0,1.0,0.0,0,15026.2615855
2015,51.0,0.0,NH Black,hs_or_less,middle (1.3-3.5x),1.43,0.0,0.0,0.0,0.0,0.0,0.0,3.0,24.7,5.9,82.0,0.0,1.0,0.0,1.0,0,11406.482594
2015,37.0,0.0,NH White,hs_or_less,high (>3.5x),4.37,0.0,5760.0,1200.0,0.0,960.0,0.0,4.0,22.9,5.3,61.0,0.0,0.0,0.0,0.0,0,15435.3919315
2015,43.0,1.0,NH Black,some_college,middle (1.3-3.5x),3.3,0.0,0.0,0.0,0.0,0.0,0.0,6.0,30.7,9.9,63.0,1.0,1.0,1.0,0.0,0,18776.1485365
2015,23.0,1.0,Other Hispanic,some_college,middle (1.3-3.5x),2.32,240.0,1440.0,0.0,60.0,360.0,2.0,6.0,33.8,5.6,80.0,0.0,0.0,1.0,0.0,0,16058.499551
2015,48.0,1.0,NH White,hs_or_less,middle (1.3-3.5x),2.5,0.0,0.0,0.0,0.0,0.0,0.0,12.0,35.6,6.8,43.0,1.0,1.0,1.0,0.0,0,54027.927028
2015,37.0,0.0,Other Hispanic,hs_or_less,middle (1.3-3.5x),2.08,2160.0,0.0,0.0,540.0,0.0,3.0,3.0,26.0,5.6,36.0,0.0,0.0,0.0,0.0,1,15127.7807165
2015,31.0,1.0,NH White,hs_or_less,middle (1.3-3.5x),1.32,0.0,1200.0,0.0,0.0,300.0,0.0,2.0,33.5,5.2,45.0,0.0,0.0,1.0,1.0,0,27328.7270835
2015,27.0,1.0,NH Black,hs_or_less,low (<1.3x poverty),0.86,0.0,0.0,0.0,0.0,0.0,0.0,5.0,17.2,5.1,69.0,0.0,0.0,0.0,0.0,0,11588.685831
2015,43.0,0.0,NH White,college_plus,high (>3.5x),5.0,1920.0,0.0,0.0,240.0,0.0,4.0,8.0,35.3,5.2,53.0,0.0,0.0,1.0,0.0,1,82072.165825
2015,55.0,0.0,NH White,hs_or_less,low (<1.3x poverty),0.61,180.0,26400.0,0.0,45.0,4200.0,3.0,12.0,23.9,5.5,41.0,0.0,0.0,0.0,1.0,0,19498.815638
2015,24.0,0.0,NH Black,hs_or_less,middle (1.3-3.5x),2.98,2880.0,5760.0,600.0,480.0,960.0,7.0,4.0,21.0,5.0,59.0,0.0,0.0,0.0,0.0,1,18935.782668
2015,46.0,1.0,Mexican American,college_plus,high (>3.5x),5.0,0.0,0.0,0.0,0.0,0.0,0.0,12.0,28.7,5.3,85.0,0.0,0.0,0.0,1.0,0,17029.337824
2015,47.0,0.0,NH Black,some_college,high (>3.5x),4.48,0.0,7200.0,0.0,0.0,1200.0,0.0,8.0,30.1,5.6,62.0,0.0,0.0,1.0,0.0,0,11594.9564725
2015,47.0,1.0,NH Black,hs_or_less,low (<1.3x poverty),0.25,0.0,7200.0,0.0,0.0,1800.0,0.0,3.0,22.7,5.8,45.0,0.0,1.0,0.0,0.0,0,11317.166184
2015,22.0,1.0,NH White,some_college,low (<1.3x poverty),0.8,120.0,5040.0,0.0,15.0,720.0,1.0,15.0,47.6,5.1,41.0,1.0,1.0,1.0,1.0,0,28883.229922
2015,44.0,1.0,NH White,some_college,high (>3.5x),3.7,720.0,0.0,0.0,180.0,0.0,3.0,3.0,30.6,5.3,44.0,0.0,0.0,1.0,0.0,1,61971.321499
2015,28.0,1.0,NH Black,college_plus,middle (1.3-3.5x),1.65,1440.0,0.0,200.0,180.0,0.0,3.0,8.0,24.7,5.3,58.0,0.0,0.0,0.0,0.0,1,15867.982451
2015,44.0,1.0,NH Black,some_college,middle (1.3-3.5x),1.51,0.0,0.0,0.0,0.0,0.0,0.0,7.0,52.1,5.8,57.0,0.0,1.0,1.0,0.0,0,14602.2992885
2015,49.0,0.0,Mexican American,some_college,low (<1.3x poverty),1.24,0.0,0.0,0.0,0.0,0.0,0.0,15.0,40.2,8.5,33.0,1.0,1.0,1.0,1.0,0,13813.7167675
2015,40.0,0.0,Other/Multi,college_plus,high (>3.5x),5.0,3000.0,40.0,0.0,450.0,10.0,7.0,10.0,21.3,5.6,67.0,0.0,0.0,0.0,0.0,1,10592.8643785
2015,21.0,1.0,NH White,some_college,middle (1.3-3.5x),2.01,960.0,480.0,0.0,240.0,120.0,4.0,12.0,35.2,5.0,47.0,0.0,0.0,1.0,0.0,1,36853.5938645
2015,26.0,1.0,NH White,some_college,middle (1.3-3.5x),2.27,0.0,0.0,0.0,0.0,0.0,0.0,12.0,38.9,5.1,59.0,0.0,0.0,1.0,0.0,0,26623.5614825
2015,65.0,1.0,Other Hispanic,hs_or_less,high (>3.5x),4.11,0.0,0.0,0.0,0.0,0.0,0.0,5.0,32.2,5.8,43.0,0.0,1.0,1.0,0.0,0,5095.9571725
2015,25.0,0.0,NH White,college_plus,middle (1.3-3.5x),3.07,1680.0,0.0,0.0,300.0,0.0,7.0,8.0,23.0,5.1,52.0,0.0,0.0,0.0,0.0,1,75718.2813195
2015,21.0,0.0,Mexican American,hs_or_less,middle (1.3-3.5x),1.76,5760.0,12240.0,0.0,960.0,1620.0,4.0,4.0,33.0,5.2,59.0,0.0,0.0,1.0,0.0,1,21509.4511825
2015,37.0,1.0,NH Black,hs_or_less,low (<1.3x poverty),0.16,0.0,0.0,0.0,0.0,0.0,0.0,8.0,28.5,5.3,84.0,0.0,0.0,0.0,1.0,0,13161.524482
2015,41.0,1.0,NH Black,hs_or_less,middle (1.3-3.5x),2.1,0.0,8400.0,1200.0,0.0,2100.0,0.0,4.0,49.8,6.3,52.0,0.0,1.0,1.0,1.0,0,13607.0748285
2015,60.0,1.0,NH White,college_plus,high (>3.5x),5.0,0.0,0.0,0.0,0.0,0.0,0.0,12.0,31.2,4.8,69.0,0.0,0.0,1.0,0.0,0,111690.741194
2015,43.0,0.0,NH Black,some_college,high (>3.5x),5.0,540.0,4320.0,0.0,135.0,720.0,3.0,17.0,43.2,6.4,58.0,0.0,1.0,1.0,1.0,0,12312.0282
2015,48.0,0.0,NH White,some_college,high (>3.5x),5.0,1440.0,14400.0,0.0,360.0,3600.0,3.0,3.0,32.0,5.2,45.0,1.0,1.0,1.0,0.0,1,62374.9298565
2015,45.0,1.0,NH Black,hs_or_less,low (<1.3x poverty),0.87,0.0,5760.0,2880.0,0.0,1440.0,0.0,10.0,33.3,6.7,38.0,1.0,1.0,1.0,1.0,0,14410.9999585
2015,62.0,1.0,NH Asian,hs_or_less,middle (1.3-3.5x),2.26,0.0,0.0,0.0,0.0,0.0,0.0,3.0,25.4,5.8,82.0,0.0,1.0,0.0,0.0,0,8187.6384355
2015,32.0,0.0,NH White,some_college,middle (1.3-3.5x),1.43,0.0,7200.0,0.0,0.0,1800.0,0.0,5.0,37.7,5.6,24.0,0.0,0.0,1.0,0.0,0,22272.017167
2015,53.0,0.0,NH Asian,college_plus,high (>3.5x),5.0,0.0,0.0,0.0,0.0,0.0,0.0,8.0,25.1,5.7,59.0,0.0,1.0,0.0,0.0,0,7581.4347115
2015,41.0,1.0,Mexican American,college_plus,high (>3.5x),5.0,2400.0,0.0,120.0,360.0,0.0,6.0,14.0,24.1,6.3,72.0,0.0,1.0,0.0,0.0,1,21871.4851085
2015,27.0,0.0,NH White,college_plus,high (>3.5x),5.0,1800.0,0.0,0.0,300.0,0.0,7.0,8.0,29.6,5.4,36.0,0.0,0.0,0.0,0.0,1,66565.728813
2015,54.0,0.0,NH Black,hs_or_less,high (>3.5x),3.55,0.0,480.0,0.0,0.0,60.0,0.0,6.0,28.5,6.1,44.0,0.0,1.0,0.0,0.0,0,11653.781096
2015,60.0,1.0,Mexican American,some_college,middle (1.3-3.5x),2.88,0.0,0.0,0.0,0.0,0.0,0.0,12.0,58.7,7.8,71.0,1.0,1.0,1.0,1.0,0,4188.1470995
2015,44.0,0.0,Other/Multi,some_college,low (<1.3x poverty),0.35,0.0,0.0,0.0,0.0,0.0,0.0,6.0,44.7,9.3,38.0,1.0,1.0,1.0,1.0,0,8915.0725415
2015,41.0,1.0,Other/Multi,some_college,middle (1.3-3.5x),3.11,2400.0,2160.0,0.0,360.0,420.0,7.0,2.0,33.6,5.5,45.0,0.0,0.0,1.0,0.0,1,27100.438744
2015,25.0,1.0,NH Black,some_college,middle (1.3-3.5x),1.55,0.0,0.0,720.0,0.0,0.0,0.0,8.0,19.6,5.5,73.0,0.0,0.0,0.0,0.0,0,12689.7042915
2015,36.0,0.0,NH White,college_plus,middle (1.3-3.5x),3.37,0.0,2880.0,480.0,0.0,720.0,0.0,5.0,28.8,5.6,34.0,0.0,0.0,0.0,0.0,0,64329.4900225
2015,23.0,1.0,NH White,college_plus,middle (1.3-3.5x),2.36,960.0,3600.0,0.0,120.0,900.0,4.0,7.0,31.9,5.4,60.0,0.0,0.0,1.0,0.0,1,48171.6344075
2015,36.0,0.0,NH White,hs_or_less,middle (1.3-3.5x),1.48,0.0,28800.0,0.0,0.0,4800.0,0.0,3.0,28.2,5.4,39.0,0.0,0.0,0.0,1.0,0,18872.0414495
2015,45.0,1.0,NH White,college_plus,high (>3.5x),5.0,240.0,0.0,0.0,60.0,0.0,2.0,12.0,33.2,5.9,59.0,0.0,1.0,1.0,0.0,0,44674.0443025
2015,55.0,1.0,Mexican American,college_plus,middle (1.3-3.5x),2.74,0.0,0.0,0.0,0.0,0.0,0.0,5.0,32.5,4.3,71.0,0.0,0.0,1.0,0.0,0,9677.663672
2015,64.0,1.0,NH Asian,college_plus,high (>3.5x),3.77,0.0,0.0,0.0,0.0,0.0,0.0,4.0,20.8,7.6,73.0,1.0,1.0,0.0,0.0,0,14197.3883465
2015,21.0,1.0,NH White,some_college,middle (1.3-3.5x),2.2,3840.0,0.0,0.0,480.0,0.0,4.0,7.0,23.1,5.1,75.0,0.0,0.0,0.0,0.0,1,50887.2509445
2015,50.0,1.0,NH White,some_college,high (>3.5x),3.64,0.0,4800.0,0.0,0.0,720.0,0.0,8.0,27.2,5.5,96.0,0.0,0.0,0.0,0.0,0,73205.343654
2015,45.0,1.0,Mexican American,some_college,low (<1.3x poverty),0.31,480.0,0.0,480.0,120.0,0.0,3.0,2.0,33.9,6.8,43.0,1.0,1.0,1.0,1.0,0,11198.968632
2015,48.0,1.0,NH White,some_college,middle (1.3-3.5x),2.12,480.0,6240.0,0.0,120.0,960.0,2.0,4.0,25.9,5.2,46.0,0.0,0.0,0.0,0.0,0,61024.453519
2015,59.0,0.0,NH Black,some_college,high (>3.5x),5.0,0.0,5600.0,0.0,0.0,1300.0,0.0,3.0,27.1,6.0,61.0,0.0,1.0,0.0,0.0,0,9636.9733855
2015,27.0,1.0,Other Hispanic,some_college,middle (1.3-3.5x),2.74,240.0,0.0,600.0,60.0,0.0,2.0,11.0,32.3,5.3,81.0,0.0,0.0,1.0,0.0,0,18862.79665
2015,39.0,1.0,Other Hispanic,hs_or_less,middle (1.3-3.5x),1.42,0.0,5520.0,0.0,0.0,1140.0,0.0,2.0,31.9,5.8,40.0,0.0,1.0,1.0,0.0,0,11964.488104
2015,46.0,1.0,Other Hispanic,hs_or_less,high (>3.5x),4.78,1800.0,0.0,0.0,450.0,0.0,5.0,5.0,30.8,5.7,38.0,0.0,1.0,1.0,0.0,1,9596.6780095
2015,45.0,0.0,NH White,hs_or_less,high (>3.5x),5.0,9600.0,0.0,0.0,1920.0,0.0,7.0,2.0,27.9,4.5,65.0,0.0,0.0,0.0,0.0,1,67242.426793
2015,36.0,0.0,NH Asian,college_plus,high (>3.5x),5.0,6240.0,0.0,0.0,840.0,0.0,6.0,3.0,22.6,5.3,82.0,0.0,0.0,0.0,0.0,1,9275.094227
2015,28.0,0.0,NH White,some_college,middle (1.3-3.5x),1.32,1320.0,120.0,0.0,195.0,30.0,4.0,6.0,24.8,5.5,46.0,0.0,0.0,0.0,0.0,1,22091.733991
2015,28.0,0.0,Mexican American,some_college,low (<1.3x poverty),0.81,0.0,18240.0,120.0,0.0,3360.0,0.0,4.0,27.0,5.1,56.0,0.0,0.0,0.0,0.0,0,16506.258492
2015,46.0,0.0,NH Asian,hs_or_less,low (<1.3x poverty),1.19,0.0,0.0,720.0,0.0,0.0,0.0,7.0,23.5,5.2,52.0,0.0,0.0,0.0,0.0,0,6320.6900245
2015,54.0,0.0,Other Hispanic,hs_or_less,middle (1.3-3.5x),2.12,0.0,0.0,0.0,0.0,0.0,0.0,8.0,39.4,5.9,38.0,1.0,1.0,1.0,0.0,0,13023.1442185
2015,46.0,1.0,Mexican American,some_college,low (<1.3x poverty),0.59,1440.0,8640.0,0.0,240.0,1200.0,4.0,1.0,29.4,5.9,61.0,0.0,1.0,0.0,1.0,1,11624.4841105
2015,28.0,1.0,NH Asian,college_plus,middle (1.3-3.5x),2.1,480.0,0.0,720.0,60.0,0.0,2.0,7.0,19.5,5.1,79.0,0.0,0.0,0.0,0.0,0,12612.770725
2015,21.0,1.0,NH Black,some_college,low (<1.3x poverty),0.29,5160.0,0.0,2400.0,690.0,0.0,7.0,3.0,23.5,5.3,93.0,0.0,0.0,0.0,0.0,1,14891.2252335
2015,24.0,0.0,NH White,hs_or_less,high (>3.5x),5.0,0.0,240.0,0.0,0.0,60.0,0.0,10.0,32.8,5.1,40.0,0.0,0.0,1.0,0.0,0,40320.5610545
2015,35.0,1.0,Other/Multi,hs_or_less,low (<1.3x poverty),0.32,180.0,0.0,600.0,45.0,0.0,3.0,5.0,28.9,5.4,51.0,0.0,0.0,0.0,0.0,0,37587.3887405
2015,53.0,1.0,NH White,college_plus,high (>3.5x),5.0,1760.0,0.0,0.0,280.0,0.0,6.0,8.0,25.3,5.2,130.0,0.0,0.0,0.0,0.0,1,105376.2114265
2015,57.0,0.0,Mexican American,hs_or_less,middle (1.3-3.5x),1.96,0.0,0.0,0.0,0.0,0.0,0.0,6.0,31.1,5.2,102.0,0.0,0.0,1.0,1.0,0,13900.642946
2015,46.0,0.0,NH Asian,some_college,middle (1.3-3.5x),3.16,960.0,13200.0,0.0,240.0,2400.0,2.0,4.0,26.9,5.7,37.0,0.0,1.0,0.0,0.0,1,7532.009346
2015,61.0,0.0,NH Asian,hs_or_less,low (<1.3x poverty),1.09,0.0,0.0,0.0,0.0,0.0,0.0,6.0,16.4,6.7,41.0,1.0,1.0,0.0,0.0,0,10973.88184
2015,43.0,0.0,Other/Multi,some_college,middle (1.3-3.5x),2.23,0.0,0.0,360.0,0.0,0.0,0.0,6.0,42.4,6.3,35.0,0.0,1.0,1.0,0.0,0,9873.9264595
2015,46.0,0.0,Mexican American,some_college,middle (1.3-3.5x),2.61,1200.0,0.0,0.0,300.0,0.0,1.0,10.0,26.8,9.5,52.0,1.0,1.0,0.0,0.0,1,22645.8963195
2015,30.0,1.0,NH White,some_college,high (>3.5x),5.0,360.0,360.0,0.0,90.0,90.0,3.0,8.0,33.1,5.3,37.0,0.0,0.0,1.0,0.0,0,36265.4881825
2015,20.0,0.0,NH Black,some_college,low (<1.3x poverty),5.397605346934028e-79,1440.0,3840.0,0.0,180.0,600.0,1.0,8.0,25.6,5.6,67.0,0.0,0.0,0.0,0.0,1,13878.667765
2015,52.0,0.0,Mexican American,hs_or_less,middle (1.3-3.5x),2.99,240.0,1440.0,0.0,60.0,360.0,3.0,8.0,49.0,7.9,41.0,1.0,1.0,1.0,1.0,0,10855.2699175
2015,54.0,1.0,Other Hispanic,some_college,middle (1.3-3.5x),2.81,2160.0,0.0,0.0,360.0,0.0,6.0,8.0,22.2,5.2,101.0,0.0,0.0,0.0,0.0,1,12613.885255
2015,35.0,0.0,NH Black,hs_or_less,low (<1.3x poverty),0.04,0.0,0.0,0.0,0.0,0.0,0.0,10.0,30.4,5.0,30.0,0.0,0.0,1.0,1.0,0,13518.390626
2015,61.0,1.0,Other Hispanic,hs_or_less,low (<1.3x poverty),0.39,0.0,0.0,2160.0,0.0,0.0,0.0,10.0,23.7,7.3,76.0,1.0,1.0,0.0,1.0,0,4266.175837
2015,62.0,1.0,NH Black,hs_or_less,middle (1.3-3.5x),3.47,0.0,0.0,0.0,0.0,0.0,0.0,6.0,27.2,5.7,67.0,0.0,1.0,0.0,0.0,0,9819.8775905
2015,27.0,1.0,Other Hispanic,some_college,middle (1.3-3.5x),1.58,1560.0,3600.0,720.0,210.0,720.0,4.0,10.0,38.1,5.1,55.0,0.0,0.0,1.0,0.0,1,15714.4892075
2015,58.0,1.0,NH White,hs_or_less,high (>3.5x),4.99,720.0,3840.0,0.0,180.0,960.0,3.0,6.0,31.7,5.0,94.0,0.0,0.0,1.0,0.0,1,77803.045571
2015,45.0,0.0,NH Black,some_college,middle (1.3-3.5x),1.85,0.0,0.0,0.0,0.0,0.0,0.0,6.0,31.6,6.0,57.0,0.0,1.0,1.0,1.0,0,10237.1577455
2015,32.0,0.0,NH Asian,hs_or_less,middle (1.3-3.5x),1.72,0.0,4800.0,0.0,0.0,600.0,0.0,5.0,23.5,5.1,51.0,0.0,0.0,0.0,0.0,0,8074.3326265
2015,59.0,0.0,NH White,college_plus,high (>3.5x),5.0,0.0,2880.0,0.0,0.0,720.0,0.0,7.0,35.4,5.8,36.0,0.0,1.0,1.0,0.0,0,102495.3594195
2015,24.0,1.0,NH White,some_college,middle (1.3-3.5x),2.55,960.0,240.0,0.0,240.0,30.0,4.0,6.0,28.3,4.9,97.0,0.0,0.0,0.0,0.0,1,37962.6985585
2015,51.0,0.0,NH Black,hs_or_less,middle (1.3-3.5x),1.38,0.0,19200.0,0.0,0.0,2400.0,0.0,2.0,26.2,5.7,68.0,0.0,1.0,0.0,1.0,0,9519.833242
2015,59.0,1.0,NH Black,some_college,middle (1.3-3.5x),2.88,0.0,280.0,0.0,0.0,50.0,0.0,6.0,37.5,4.9,52.0,0.0,0.0,1.0,0.0,0,12637.121075
2015,56.0,0.0,NH White,some_college,high (>3.5x),5.0,160.0,0.0,0.0,40.0,0.0,2.0,10.0,23.6,5.1,38.0,0.0,0.0,0.0,0.0,0,46727.840801
2015,31.0,0.0,NH White,hs_or_less,middle (1.3-3.5x),1.81,960.0,22080.0,0.0,120.0,3000.0,2.0,2.0,48.9,5.1,35.0,0.0,0.0,1.0,0.0,1,71669.9888685
2015,36.0,0.0,NH Black,some_college,high (>3.5x),5.0,1620.0,0.0,0.0,270.0,0.0,6.0,8.0,27.8,5.8,62.0,0.0,1.0,0.0,0.0,1,11372.9623905
2015,44.0,0.0,Other Hispanic,hs_or_less,middle (1.3-3.5x),3.12,0.0,0.0,0.0,0.0,0.0,0.0,8.0,43.0,6.2,41.0,0.0,1.0,1.0,1.0,0,19464.042129
2015,64.0,0.0,NH Black,hs_or_less,low (<1.3x poverty),1.19,320.0,0.0,0.0,80.0,0.0,4.0,8.0,25.0,6.8,38.0,1.0,1.0,0.0,1.0,0,7583.084396
2015,43.0,1.0,NH Black,hs_or_less,low (<1.3x poverty),0.75,0.0,0.0,0.0,0.0,0.0,0.0,7.0,32.5,6.0,71.0,0.0,1.0,1.0,1.0,0,7150.330559
2015,61.0,0.0,NH Black,hs_or_less,middle (1.3-3.5x),1.93,0.0,0.0,0.0,0.0,0.0,0.0,12.0,28.4,4.6,,0.0,0.0,0.0,1.0,0,5743.3382655
2015,47.0,1.0,NH Black,some_college,middle (1.3-3.5x),1.44,960.0,1440.0,0.0,240.0,360.0,2.0,6.0,35.9,5.0,33.0,0.0,0.0,1.0,0.0,1,10393.6377375
2015,25.0,1.0,NH Black,hs_or_less,low (<1.3x poverty),1.07,0.0,0.0,0.0,0.0,0.0,0.0,4.0,29.7,5.0,63.0,0.0,0.0,0.0,0.0,0,15726.8221765
2015,29.0,1.0,NH Black,some_college,low (<1.3x poverty),0.35,0.0,9600.0,0.0,0.0,2400.0,0.0,1.0,26.7,5.5,70.0,0.0,0.0,0.0,0.0,0,15184.749674
2015,63.0,0.0,NH White,hs_or_less,middle (1.3-3.5x),2.14,0.0,0.0,0.0,0.0,0.0,0.0,14.0,19.9,5.0,82.0,0.0,0.0,0.0,1.0,0,14037.1669095
2015,60.0,0.0,NH Asian,hs_or_less,low (<1.3x poverty),1.26,0.0,0.0,960.0,0.0,0.0,0.0,5.0,24.6,5.3,40.0,0.0,0.0,0.0,0.0,0,12705.4861915
2015,61.0,0.0,NH Black,college_plus,middle (1.3-3.5x),1.65,0.0,2400.0,0.0,0.0,600.0,0.0,3.0,22.3,5.0,79.0,0.0,0.0,0.0,0.0,0,6555.404784
2015,26.0,0.0,Other/Multi,some_college,low (<1.3x poverty),1.22,4320.0,9600.0,480.0,720.0,1800.0,7.0,6.0,22.1,5.1,49.0,0.0,0.0,0.0,0.0,1,34662.8628235
2015,26.0,1.0,NH Black,some_college,low (<1.3x poverty),1.02,1920.0,10560.0,0.0,300.0,2520.0,5.0,4.0,21.4,5.3,80.0,0.0,0.0,0.0,0.0,1,10311.469698
2015,56.0,1.0,NH Black,hs_or_less,low (<1.3x poverty),1.15,0.0,7680.0,0.0,0.0,1920.0,0.0,3.0,38.5,6.0,81.0,0.0,1.0,1.0,1.0,0,13614.385773
2015,44.0,1.0,Other/Multi,some_college,low (<1.3x poverty),0.54,0.0,3600.0,0.0,0.0,900.0,0.0,2.0,32.6,6.0,41.0,1.0,1.0,1.0,1.0,0,19821.589448
2015,30.0,0.0,Mexican American,hs_or_less,middle (1.3-3.5x),1.69,480.0,4800.0,0.0,120.0,1140.0,2.0,6.0,31.7,5.4,34.0,0.0,0.0,1.0,0.0,0,12476.28584
2015,41.0,0.0,NH White,hs_or_less,high (>3.5x),5.0,960.0,15600.0,0.0,240.0,2400.0,4.0,2.0,22.6,5.3,57.0,0.0,0.0,0.0,0.0,1,70880.6021095
2015,58.0,1.0,Other/Multi,college_plus,low (<1.3x poverty),1.18,0.0,0.0,0.0,0.0,0.0,0.0,10.0,29.5,5.7,68.0,0.0,1.0,0.0,1.0,0,7186.819998
2015,51.0,0.0,NH White,some_college,high (>3.5x),4.68,0.0,12000.0,0.0,0.0,1500.0,0.0,4.0,35.0,5.3,30.0,0.0,0.0,1.0,0.0,0,86219.485105
2015,36.0,1.0,Mexican American,hs_or_less,low (<1.3x poverty),0.36,0.0,2880.0,0.0,0.0,720.0,0.0,2.0,32.2,5.0,56.0,0.0,0.0,1.0,0.0,0,12989.98731
2015,45.0,1.0,NH White,college_plus,middle (1.3-3.5x),3.27,1200.0,0.0,0.0,300.0,0.0,5.0,4.0,35.6,5.3,48.0,0.0,0.0,1.0,0.0,1,44759.0828255
2015,62.0,1.0,Mexican American,some_college,middle (1.3-3.5x),2.24,0.0,0.0,0.0,0.0,0.0,0.0,1.5,28.7,6.0,77.0,0.0,1.0,0.0,0.0,0,4766.589185
2015,21.0,1.0,NH Black,some_college,high (>3.5x),3.52,0.0,0.0,0.0,0.0,0.0,0.0,18.0,26.5,5.3,58.0,0.0,0.0,0.0,0.0,0,14314.6044115
2015,63.0,0.0,NH Black,hs_or_less,middle (1.3-3.5x),2.47,0.0,180.0,0.0,0.0,45.0,0.0,5.0,27.8,7.2,50.0,1.0,1.0,0.0,0.0,0,5309.8969255
2015,62.0,1.0,NH Black,hs_or_less,low (<1.3x poverty),0.6,0.0,3840.0,0.0,0.0,480.0,0.0,7.0,33.7,9.4,58.0,1.0,1.0,1.0,1.0,0,9634.5209645
2015,50.0,1.0,Other/Multi,some_college,high (>3.5x),4.68,0.0,0.0,0.0,0.0,0.0,0.0,10.0,32.9,6.1,55.0,0.0,1.0,1.0,0.0,0,7440.927123
2015,28.0,1.0,NH White,college_plus,middle (1.3-3.5x),2.78,1680.0,0.0,480.0,330.0,0.0,7.0,8.0,27.8,5.0,49.0,0.0,0.0,0.0,0.0,1,43496.7363815
2015,39.0,1.0,NH White,some_college,middle (1.3-3.5x),2.24,1440.0,0.0,0.0,240.0,0.0,6.0,12.0,34.1,5.3,57.0,0.0,0.0,1.0,0.0,1,36265.4881825
2015,54.0,0.0,NH Asian,some_college,low (<1.3x poverty),1.23,360.0,0.0,0.0,90.0,0.0,3.0,4.0,28.7,7.6,30.0,1.0,1.0,0.0,0.0,0,7352.6869415
2015,25.0,0.0,Mexican American,some_college,high (>3.5x),3.77,7200.0,0.0,0.0,900.0,0.0,5.0,2.0,19.3,5.7,70.0,0.0,1.0,0.0,0.0,1,20463.127328
2015,55.0,0.0,NH Black,some_college,high (>3.5x),5.0,900.0,0.0,0.0,225.0,0.0,5.0,10.0,32.9,8.5,41.0,1.0,1.0,1.0,0.0,1,13761.169622
2015,36.0,1.0,Mexican American,hs_or_less,middle (1.3-3.5x),2.64,0.0,0.0,0.0,0.0,0.0,0.0,1.0,29.9,5.5,46.0,0.0,0.0,0.0,0.0,0,11977.83373
2015,42.0,0.0,NH Black,college_plus,middle (1.3-3.5x),2.08,0.0,0.0,0.0,0.0,0.0,0.0,12.0,29.1,5.7,50.0,0.0,1.0,0.0,0.0,0,15265.4847545
2015,60.0,0.0,Mexican American,hs_or_less,low (<1.3x poverty),0.41,480.0,20160.0,0.0,120.0,2880.0,1.0,3.0,26.7,7.4,51.0,1.0,1.0,0.0,1.0,0,4905.043728
2015,55.0,0.0,Mexican American,some_college,middle (1.3-3.5x),2.55,600.0,10800.0,0.0,150.0,1800.0,5.0,4.0,33.0,5.7,57.0,0.0,1.0,1.0,1.0,1,9721.601986
2015,45.0,1.0,NH Black,hs_or_less,low (<1.3x poverty),1.1,0.0,0.0,0.0,0.0,0.0,0.0,8.0,48.8,5.4,58.0,0.0,0.0,1.0,1.0,0,9088.771669
2015,35.0,0.0,Mexican American,hs_or_less,middle (1.3-3.5x),2.88,480.0,2400.0,0.0,120.0,300.0,2.0,3.0,39.6,5.2,39.0,0.0,0.0,1.0,0.0,0,9231.7851715
2015,35.0,0.0,NH White,some_college,low (<1.3x poverty),0.38,360.0,0.0,0.0,90.0,0.0,2.0,6.0,41.6,6.3,33.0,0.0,1.0,1.0,0.0,0,15265.8533195
2015,32.0,1.0,Other/Multi,some_college,high (>3.5x),5.0,2880.0,0.0,0.0,480.0,0.0,7.0,10.0,28.8,5.0,51.0,0.0,0.0,0.0,1.0,1,57835.659074
2015,34.0,0.0,NH Asian,college_plus,high (>3.5x),3.7,0.0,600.0,0.0,0.0,150.0,0.0,7.0,27.3,5.4,35.0,0.0,0.0,0.0,0.0,0,13551.956311
2015,65.0,0.0,Other Hispanic,hs_or_less,middle (1.3-3.5x),2.51,0.0,2400.0,0.0,0.0,480.0,0.0,4.0,24.6,5.8,50.0,0.0,1.0,0.0,0.0,0,5016.1183955
2015,33.0,0.0,Other Hispanic,hs_or_less,low (<1.3x poverty),0.94,100.0,5760.0,0.0,25.0,1200.0,1.0,4.0,21.8,5.4,48.0,0.0,0.0,0.0,0.0,0,11104.7685345
2015,45.0,1.0,Other Hispanic,hs_or_less,low (<1.3x poverty),1.23,480.0,0.0,0.0,120.0,0.0,2.0,5.0,32.4,5.7,70.0,0.0,1.0,1.0,0.0,0,9956.152311
2015,25.0,1.0,NH White,college_plus,low (<1.3x poverty),1.24,0.0,1440.0,1200.0,0.0,360.0,0.0,7.0,38.7,5.2,65.0,0.0,0.0,1.0,0.0,0,40396.9452055
2015,38.0,1.0,Mexican American,hs_or_less,middle (1.3-3.5x),1.65,0.0,3600.0,0.0,0.0,900.0,0.0,7.0,59.4,7.6,47.0,1.0,1.0,1.0,1.0,0,11977.83373
2015,38.0,0.0,NH White,hs_or_less,middle (1.3-3.5x),2.61,3840.0,1440.0,0.0,600.0,180.0,5.0,4.0,27.2,5.7,36.0,0.0,1.0,0.0,0.0,1,43114.9156415
2015,60.0,1.0,Mexican American,hs_or_less,low (<1.3x poverty),0.7,0.0,0.0,0.0,0.0,0.0,0.0,3.5,37.3,6.0,46.0,0.0,1.0,1.0,0.0,0,4611.764113
2015,27.0,1.0,Other Hispanic,some_college,low (<1.3x poverty),0.08,360.0,0.0,0.0,90.0,0.0,3.0,10.0,19.6,5.3,55.0,0.0,0.0,0.0,0.0,0,15785.654931
2015,61.0,0.0,NH White,college_plus,high (>3.5x),5.0,2640.0,0.0,240.0,390.0,0.0,5.0,4.0,25.6,5.1,75.0,0.0,0.0,0.0,0.0,1,73062.281752
2015,31.0,0.0,NH White,some_college,middle (1.3-3.5x),2.88,1920.0,0.0,0.0,240.0,0.0,2.0,10.0,39.5,5.5,46.0,0.0,0.0,1.0,0.0,1,55797.81277
2015,33.0,0.0,NH Asian,college_plus,low (<1.3x poverty),5.397605346934028e-79,0.0,0.0,160.0,0.0,0.0,0.0,10.0,23.3,5.6,79.0,0.0,0.0,0.0,0.0,0,13991.873008
2015,28.0,1.0,Other Hispanic,hs_or_less,low (<1.3x poverty),0.59,0.0,0.0,0.0,0.0,0.0,0.0,5.0,28.4,5.3,32.0,0.0,0.0,0.0,1.0,0,22927.3111695
2015,25.0,1.0,Mexican American,some_college,low (<1.3x poverty),0.97,240.0,9360.0,0.0,60.0,1440.0,1.0,6.0,24.3,5.2,68.0,0.0,0.0,0.0,0.0,0,17115.034169
2015,35.0,1.0,Mexican American,college_plus,middle (1.3-3.5x),2.06,0.0,120.0,0.0,0.0,30.0,0.0,10.0,45.8,5.5,51.0,0.0,0.0,1.0,0.0,0,13061.2804255
2015,27.0,0.0,NH Black,some_college,middle (1.3-3.5x),1.67,480.0,9840.0,0.0,60.0,1380.0,2.0,4.0,33.7,5.5,54.0,0.0,0.0,1.0,0.0,0,14731.354991
2015,59.0,0.0,NH White,some_college,low (<1.3x poverty),0.49,0.0,1440.0,0.0,0.0,360.0,0.0,6.0,26.9,5.4,48.0,0.0,0.0,0.0,1.0,0,18293.4201455
2015,51.0,1.0,Other/Multi,some_college,low (<1.3x poverty),0.76,240.0,0.0,0.0,60.0,0.0,2.0,5.0,27.1,5.4,64.0,0.0,0.0,0.0,0.0,0,18124.8076455
2015,51.0,0.0,NH Asian,college_plus,high (>3.5x),4.12,0.0,480.0,0.0,0.0,120.0,0.0,6.0,28.8,5.8,35.0,0.0,1.0,0.0,0.0,0,8348.453351
2015,64.0,0.0,NH Black,hs_or_less,middle (1.3-3.5x),3.47,360.0,0.0,0.0,90.0,0.0,3.0,10.0,22.7,5.7,31.0,0.0,1.0,0.0,0.0,0,5901.000002
2015,46.0,0.0,Mexican American,hs_or_less,middle (1.3-3.5x),2.64,360.0,0.0,0.0,60.0,0.0,2.0,1.0,25.2,10.8,43.0,1.0,1.0,0.0,1.0,0,12591.004625
2015,30.0,1.0,Other/Multi,hs_or_less,middle (1.3-3.5x),1.7,960.0,1440.0,720.0,120.0,225.0,2.0,12.0,23.4,4.9,83.0,0.0,0.0,0.0,0.0,1,11043.378872
2015,64.0,0.0,Other/Multi,some_college,middle (1.3-3.5x),1.82,0.0,2560.0,0.0,0.0,620.0,0.0,10.0,33.8,7.3,29.0,1.0,1.0,1.0,1.0,0,16453.0364805
2015,56.0,1.0,NH White,hs_or_less,middle (1.3-3.5x),1.46,1440.0,22800.0,0.0,360.0,3900.0,3.0,3.0,37.0,5.9,38.0,0.0,1.0,1.0,0.0,1,20781.279749
2015,26.0,0.0,Mexican American,hs_or_less,middle (1.3-3.5x),1.96,1440.0,19680.0,0.0,360.0,2520.0,2.0,4.0,24.5,5.5,43.0,0.0,0.0,0.0,0.0,1,16023.1144055
2015,42.0,1.0,NH Asian,hs_or_less,middle (1.3-3.5x),1.76,0.0,0.0,0.0,0.0,0.0,0.0,8.0,20.2,4.9,69.0,0.0,0.0,0.0,0.0,0,12094.648248
2015,31.0,1.0,NH Asian,college_plus,middle (1.3-3.5x),3.22,2280.0,0.0,240.0,330.0,0.0,7.0,3.0,24.6,5.2,70.0,0.0,0.0,0.0,0.0,1,12550.522475
2015,59.0,0.0,NH Asian,college_plus,high (>3.5x),5.0,480.0,120.0,0.0,120.0,20.0,2.0,2.0,28.8,6.0,44.0,0.0,1.0,0.0,0.0,0,8752.7170025
2015,25.0,0.0,NH White,hs_or_less,middle (1.3-3.5x),1.49,1400.0,0.0,0.0,175.0,0.0,5.0,12.0,27.4,5.4,45.0,0.0,0.0,0.0,0.0,1,24707.5669205
2015,55.0,1.0,NH Asian,hs_or_less,middle (1.3-3.5x),3.06,0.0,0.0,0.0,0.0,0.0,0.0,3.0,24.3,6.0,44.0,0.0,1.0,0.0,0.0,0,12816.277131
2015,24.0,1.0,NH Black,hs_or_less,low (<1.3x poverty),0.65,480.0,0.0,0.0,120.0,0.0,2.0,10.0,36.6,5.7,45.0,0.0,1.0,1.0,0.0,0,10629.2130735
2015,54.0,0.0,NH White,hs_or_less,middle (1.3-3.5x),1.7,8640.0,0.0,2400.0,1440.0,0.0,7.0,5.0,25.4,5.5,80.0,0.0,0.0,0.0,0.0,1,24602.9393335
2015,28.0,1.0,Mexican American,some_college,high (>3.5x),4.57,60.0,6000.0,60.0,15.0,1500.0,1.0,5.0,32.9,5.1,44.0,0.0,0.0,1.0,0.0,0,18805.4519995
2015,37.0,0.0,NH Black,some_college,middle (1.3-3.5x),2.03,0.0,9600.0,0.0,0.0,2400.0,0.0,5.0,30.1,5.8,58.0,0.0,1.0,1.0,0.0,0,12655.3768365
2015,44.0,1.0,NH Black,hs_or_less,low (<1.3x poverty),0.68,360.0,0.0,0.0,90.0,0.0,3.0,8.0,56.7,13.3,67.0,1.0,1.0,1.0,1.0,0,11280.272459
2015,22.0,1.0,Other Hispanic,hs_or_less,low (<1.3x poverty),1.24,1440.0,5760.0,0.0,180.0,1440.0,3.0,9.0,21.8,4.4,42.0,0.0,0.0,0.0,1.0,1,12052.8537535
2015,51.0,0.0,Mexican American,hs_or_less,low (<1.3x poverty),5.397605346934028e-79,240.0,28800.0,0.0,60.0,3600.0,2.0,5.0,32.7,6.0,38.0,0.0,1.0,1.0,1.0,0,12228.6678495
2015,57.0,1.0,NH White,hs_or_less,high (>3.5x),5.0,180.0,0.0,0.0,45.0,0.0,3.0,10.0,30.5,5.4,62.0,0.0,0.0,1.0,0.0,0,51039.317254
2015,56.0,0.0,NH Asian,college_plus,middle (1.3-3.5x),1.41,0.0,0.0,0.0,0.0,0.0,0.0,2.0,19.9,5.9,45.0,0.0,1.0,0.0,0.0,0,10121.832341
2015,54.0,1.0,NH White,college_plus,high (>3.5x),5.0,480.0,3600.0,0.0,120.0,900.0,2.0,3.0,22.2,5.4,78.0,0.0,0.0,0.0,0.0,0,76403.9197385
2015,55.0,0.0,Other/Multi,some_college,high (>3.5x),5.0,0.0,0.0,0.0,0.0,0.0,0.0,5.0,34.1,5.6,26.0,0.0,0.0,1.0,1.0,0,17695.832559
2015,65.0,1.0,Other Hispanic,some_college,high (>3.5x),5.0,19200.0,11520.0,0.0,3300.0,1800.0,7.0,5.0,26.5,5.4,81.0,0.0,0.0,0.0,0.0,1,3240.4733985
2015,41.0,0.0,Mexican American,hs_or_less,low (<1.3x poverty),0.61,0.0,14400.0,0.0,0.0,2400.0,0.0,3.0,34.1,5.8,44.0,0.0,1.0,1.0,0.0,0,14441.945042
2015,23.0,1.0,Mexican American,hs_or_less,middle (1.3-3.5x),1.49,0.0,0.0,0.0,0.0,0.0,0.0,8.0,26.0,5.3,60.0,0.0,0.0,0.0,1.0,0,13085.0286105
2015,62.0,1.0,Mexican American,hs_or_less,middle (1.3-3.5x),1.47,0.0,0.0,0.0,0.0,0.0,0.0,3.0,24.8,5.4,48.0,1.0,1.0,0.0,1.0,0,3844.81541
2015,21.0,1.0,NH White,hs_or_less,middle (1.3-3.5x),2.89,0.0,960.0,0.0,0.0,120.0,0.0,6.0,30.4,4.7,46.0,0.0,0.0,1.0,1.0,0,34395.644269
2015,31.0,0.0,Mexican American,hs_or_less,middle (1.3-3.5x),2.46,2400.0,1920.0,0.0,360.0,240.0,6.0,5.0,25.7,5.8,73.0,0.0,1.0,0.0,0.0,1,16489.846942
2015,34.0,0.0,NH Asian,college_plus,low (<1.3x poverty),0.94,0.0,0.0,0.0,0.0,0.0,0.0,4.0,24.5,5.1,34.0,0.0,0.0,0.0,0.0,0,12287.508641
2015,61.0,1.0,Mexican American,some_college,middle (1.3-3.5x),1.54,0.0,18720.0,360.0,0.0,2520.0,0.0,2.0,29.0,6.0,41.0,1.0,1.0,0.0,0.0,0,5095.9571725
2015,37.0,1.0,Other Hispanic,some_college,low (<1.3x poverty),1.09,0.0,14400.0,0.0,0.0,2400.0,0.0,3.0,46.1,5.6,77.0,0.0,0.0,1.0,0.0,0,16749.865752
2015,54.0,1.0,NH Black,some_college,middle (1.3-3.5x),2.78,240.0,0.0,0.0,60.0,0.0,2.0,8.0,49.2,8.8,46.0,1.0,1.0,1.0,1.0,0,11413.88005
2015,29.0,0.0,NH White,hs_or_less,low (<1.3x poverty),1.29,0.0,8400.0,0.0,0.0,2100.0,0.0,5.0,30.8,5.0,35.0,0.0,0.0,1.0,0.0,0,30170.7610085
2015,60.0,1.0,Other Hispanic,hs_or_less,low (<1.3x poverty),5.397605346934028e-79,480.0,0.0,0.0,120.0,0.0,4.0,6.0,46.3,5.5,71.0,0.0,0.0,1.0,0.0,0,4561.645935
2015,25.0,1.0,NH Asian,college_plus,middle (1.3-3.5x),3.2,1080.0,0.0,900.0,210.0,0.0,7.0,8.0,17.9,5.5,73.0,0.0,0.0,0.0,0.0,1,12300.057268
2015,65.0,0.0,NH White,some_college,low (<1.3x poverty),0.53,600.0,0.0,0.0,150.0,0.0,5.0,12.0,34.1,6.0,25.0,0.0,1.0,1.0,1.0,1,16390.4743435
2015,55.0,1.0,Mexican American,college_plus,high (>3.5x),5.0,2160.0,2400.0,0.0,360.0,600.0,6.0,4.0,42.1,5.9,62.0,0.0,1.0,1.0,0.0,1,7879.497846
2015,32.0,1.0,Other Hispanic,college_plus,middle (1.3-3.5x),2.02,960.0,0.0,0.0,240.0,0.0,6.0,8.0,40.9,4.9,55.0,0.0,0.0,1.0,0.0,1,16748.8385525
2015,22.0,1.0,Mexican American,some_college,low (<1.3x poverty),0.77,0.0,3360.0,0.0,0.0,660.0,0.0,0.5,39.7,5.6,43.0,0.0,0.0,1.0,1.0,0,11303.3069665
2015,35.0,0.0,NH Black,some_college,middle (1.3-3.5x),1.46,0.0,9120.0,0.0,0.0,1200.0,0.0,6.0,31.4,5.7,28.0,0.0,1.0,1.0,0.0,0,14389.888404
2015,58.0,0.0,Other/Multi,hs_or_less,middle (1.3-3.5x),1.34,0.0,0.0,0.0,0.0,0.0,0.0,2.0,21.5,5.4,99.0,0.0,0.0,0.0,0.0,0,11335.993236
2015,40.0,0.0,NH White,some_college,middle (1.3-3.5x),3.11,1440.0,28800.0,960.0,360.0,4800.0,3.0,2.0,24.1,5.2,45.0,0.0,0.0,0.0,0.0,1,25828.975413
2015,26.0,0.0,Other Hispanic,hs_or_less,middle (1.3-3.5x),1.49,0.0,12000.0,0.0,0.0,1500.0,0.0,3.0,28.4,5.4,53.0,0.0,0.0,0.0,0.0,0,18329.131302
2015,63.0,1.0,NH Asian,hs_or_less,low (<1.3x poverty),1.09,0.0,0.0,0.0,0.0,0.0,0.0,4.0,27.8,5.5,45.0,0.0,0.0,0.0,0.0,0,11080.060022
2015,30.0,0.0,NH White,hs_or_less,middle (1.3-3.5x),3.14,0.0,16800.0,0.0,0.0,2700.0,0.0,5.0,27.2,5.3,40.0,0.0,0.0,0.0,0.0,0,50015.879037
2015,63.0,1.0,NH White,some_college,high (>3.5x),3.75,0.0,0.0,0.0,0.0,0.0,0.0,4.0,31.1,6.4,47.0,1.0,1.0,1.0,0.0,0,82023.6900415
2015,63.0,0.0,NH White,hs_or_less,low (<1.3x poverty),0.76,0.0,0.0,44.0,0.0,0.0,0.0,8.0,34.0,5.5,51.0,1.0,1.0,1.0,1.0,0,20885.787442
2015,59.0,1.0,Mexican American,hs_or_less,low (<1.3x poverty),0.64,240.0,0.0,240.0,60.0,0.0,2.0,7.0,41.3,9.3,57.0,1.0,1.0,1.0,1.0,0,9235.671841
2015,54.0,0.0,NH Black,hs_or_less,middle (1.3-3.5x),2.61,0.0,0.0,0.0,0.0,0.0,0.0,4.0,27.3,5.4,45.0,0.0,0.0,0.0,1.0,0,10380.712792
2015,23.0,1.0,Mexican American,some_college,middle (1.3-3.5x),2.85,0.0,0.0,0.0,0.0,0.0,0.0,15.0,33.3,4.9,56.0,0.0,0.0,1.0,0.0,0,11693.0761725
2015,41.0,1.0,NH Asian,hs_or_less,middle (1.3-3.5x),1.67,720.0,0.0,720.0,180.0,0.0,4.0,3.0,26.8,5.4,37.0,0.0,0.0,0.0,0.0,1,7575.637458
2015,21.0,1.0,NH Asian,some_college,middle (1.3-3.5x),1.55,960.0,0.0,0.0,120.0,0.0,2.0,5.0,25.0,5.3,49.0,0.0,0.0,0.0,0.0,1,8556.9251435
2015,40.0,1.0,NH Asian,college_plus,high (>3.5x),4.63,0.0,0.0,0.0,0.0,0.0,0.0,8.0,20.2,5.4,91.0,0.0,0.0,0.0,0.0,0,12674.717652
2015,43.0,0.0,Other Hispanic,some_college,high (>3.5x),5.0,840.0,0.0,360.0,150.0,0.0,5.0,9.0,37.2,5.7,35.0,0.0,1.0,1.0,0.0,1,21359.3917065
2015,57.0,0.0,NH Black,hs_or_less,low (<1.3x poverty),1.19,0.0,8400.0,200.0,0.0,2100.0,0.0,3.0,35.9,5.6,37.0,1.0,1.0,1.0,0.0,0,11058.013241
2015,28.0,1.0,NH Black,hs_or_less,low (<1.3x poverty),0.15,0.0,0.0,0.0,0.0,0.0,0.0,3.0,33.9,6.1,38.0,1.0,1.0,1.0,0.0,0,15882.8699855
2015,54.0,1.0,NH White,hs_or_less,low (<1.3x poverty),1.02,0.0,0.0,0.0,0.0,0.0,0.0,8.0,27.5,6.3,88.0,0.0,1.0,0.0,1.0,0,23280.089105
2015,30.0,1.0,NH Black,college_plus,high (>3.5x),5.0,240.0,2880.0,0.0,60.0,720.0,2.0,10.0,26.0,5.0,41.0,0.0,0.0,0.0,0.0,0,11329.034241
2015,59.0,0.0,NH Black,college_plus,high (>3.5x),5.0,0.0,0.0,0.0,0.0,0.0,0.0,5.0,28.0,6.0,43.0,0.0,1.0,0.0,0.0,0,12950.9299265
2015,35.0,0.0,Mexican American,some_college,low (<1.3x poverty),0.89,0.0,21600.0,0.0,0.0,3300.0,0.0,2.0,23.0,5.7,66.0,0.0,1.0,0.0,0.0,0,15559.1322705
2015,22.0,1.0,NH Black,some_college,middle (1.3-3.5x),1.65,0.0,1920.0,0.0,0.0,480.0,0.0,5.0,16.7,5.2,77.0,0.0,0.0,0.0,0.0,0,16955.366725
2015,40.0,0.0,NH Black,college_plus,high (>3.5x),4.23,540.0,0.0,0.0,90.0,0.0,6.0,10.0,29.0,4.9,67.0,0.0,0.0,0.0,0.0,0,12372.564206
2015,41.0,0.0,Other Hispanic,hs_or_less,low (<1.3x poverty),1.27,0.0,0.0,0.0,0.0,0.0,0.0,3.0,27.6,4.8,50.0,0.0,0.0,0.0,0.0,0,14986.6761
2015,63.0,1.0,NH Black,some_college,low (<1.3x poverty),0.16,0.0,0.0,0.0,0.0,0.0,0.0,4.0,48.1,6.3,60.0,0.0,1.0,1.0,1.0,0,10663.1495025
2015,56.0,1.0,NH Black,hs_or_less,middle (1.3-3.5x),1.76,540.0,0.0,0.0,135.0,0.0,3.0,0.5,22.7,5.4,48.0,0.0,0.0,0.0,0.0,0,9667.8507545
2015,25.0,1.0,NH White,college_plus,middle (1.3-3.5x),2.81,2520.0,0.0,0.0,390.0,0.0,7.0,3.0,25.7,4.9,82.0,0.0,0.0,0.0,0.0,1,36037.143769
2015,39.0,1.0,NH Black,hs_or_less,middle (1.3-3.5x),1.53,0.0,0.0,480.0,0.0,0.0,0.0,10.0,35.0,5.6,69.0,0.0,0.0,1.0,0.0,0,13114.634149
2015,33.0,0.0,NH Asian,college_plus,high (>3.5x),5.0,1200.0,0.0,300.0,180.0,0.0,6.0,12.0,23.4,5.1,52.0,0.0,0.0,0.0,0.0,1,14017.285108
2015,43.0,1.0,NH Black,college_plus,middle (1.3-3.5x),2.79,0.0,0.0,0.0,0.0,0.0,0.0,15.0,30.7,5.4,52.0,0.0,0.0,1.0,1.0,0,9769.960096
2015,60.0,0.0,Mexican American,some_college,high (>3.5x),3.75,1920.0,0.0,0.0,480.0,0.0,4.0,12.0,32.8,6.1,38.0,0.0,1.0,1.0,0.0,1,4868.3241345
2015,27.0,1.0,NH White,hs_or_less,middle (1.3-3.5x),1.76,0.0,0.0,0.0,0.0,0.0,0.0,14.0,25.4,4.9,64.0,1.0,1.0,0.0,0.0,0,39256.9983665
2015,58.0,0.0,NH White,college_plus,high (>3.5x),5.0,0.0,1920.0,0.0,0.0,420.0,0.0,6.0,28.4,5.2,53.0,0.0,0.0,0.0,0.0,0,65346.3998855
2015,47.0,0.0,Other Hispanic,some_college,middle (1.3-3.5x),3.48,2880.0,10080.0,0.0,420.0,2520.0,7.0,0.25,22.5,5.6,71.0,0.0,0.0,0.0,0.0,1,18822.465572
2015,55.0,1.0,NH White,some_college,middle (1.3-3.5x),2.23,0.0,3840.0,0.0,0.0,960.0,0.0,5.0,33.8,5.6,41.0,0.0,0.0,1.0,0.0,0,57655.8344025
2015,51.0,1.0,NH Black,some_college,high (>3.5x),5.0,720.0,0.0,0.0,180.0,0.0,3.0,10.0,39.0,5.0,54.0,0.0,0.0,1.0,0.0,1,12487.6893915
2015,34.0,0.0,NH Black,hs_or_less,low (<1.3x poverty),0.31,0.0,0.0,80.0,0.0,0.0,0.0,15.0,25.9,5.4,60.0,0.0,0.0,0.0,0.0,0,11023.098706
2015,44.0,1.0,NH White,hs_or_less,low (<1.3x poverty),1.07,0.0,4800.0,0.0,0.0,840.0,0.0,3.0,42.1,5.5,39.0,0.0,0.0,1.0,1.0,0,24744.9078395
2015,50.0,0.0,NH Black,hs_or_less,low (<1.3x poverty),5.397605346934028e-79,0.0,180.0,0.0,0.0,45.0,0.0,6.0,22.9,5.7,72.0,0.0,1.0,0.0,0.0,0,11058.013241
2015,57.0,1.0,Mexican American,hs_or_less,low (<1.3x poverty),0.75,0.0,0.0,120.0,0.0,0.0,0.0,7.0,22.6,9.2,69.0,1.0,1.0,0.0,1.0,0,7693.5804915
2015,47.0,0.0,NH Asian,college_plus,high (>3.5x),5.0,604.0,0.0,0.0,83.0,0.0,3.0,10.0,35.0,5.4,48.0,0.0,0.0,1.0,0.0,1,10808.217269
2015,33.0,0.0,NH Asian,college_plus,high (>3.5x),5.0,0.0,0.0,1000.0,0.0,0.0,0.0,6.0,17.7,5.2,78.0,0.0,0.0,0.0,0.0,0,13082.172272
2015,36.0,1.0,NH White,hs_or_less,low (<1.3x poverty),0.44,0.0,0.0,0.0,0.0,0.0,0.0,13.0,44.2,6.8,26.0,1.0,1.0,1.0,1.0,0,55733.823933
2015,59.0,0.0,NH White,some_college,middle (1.3-3.5x),1.87,0.0,360.0,0.0,0.0,90.0,0.0,12.0,24.2,4.6,71.0,0.0,0.0,0.0,1.0,0,20245.086138
2015,63.0,1.0,NH Black,some_college,low (<1.3x poverty),1.09,0.0,0.0,0.0,0.0,0.0,0.0,10.0,34.7,6.2,52.0,0.0,1.0,1.0,0.0,0,10131.599624
2015,22.0,0.0,Other Hispanic,some_college,high (>3.5x),4.73,0.0,8400.0,0.0,0.0,1500.0,0.0,10.0,32.5,5.1,38.0,0.0,0.0,1.0,0.0,0,17911.5828465
2015,54.0,0.0,NH White,some_college,middle (1.3-3.5x),1.87,0.0,600.0,0.0,0.0,150.0,0.0,8.0,32.3,5.5,54.0,0.0,0.0,1.0,0.0,0,72874.914383
2015,62.0,0.0,NH White,hs_or_less,middle (1.3-3.5x),2.36,0.0,0.0,600.0,0.0,0.0,0.0,10.0,31.9,5.7,57.0,0.0,1.0,1.0,0.0,0,52416.0881365
2015,65.0,1.0,NH Asian,college_plus,high (>3.5x),5.0,0.0,0.0,0.0,0.0,0.0,0.0,10.0,22.3,7.1,81.0,1.0,1.0,0.0,0.0,0,12892.387589
2015,36.0,0.0,NH Asian,college_plus,high (>3.5x),5.0,0.0,0.0,0.0,0.0,0.0,0.0,12.0,29.1,5.5,51.0,0.0,0.0,0.0,0.0,0,13567.5465015
2015,56.0,0.0,NH White,some_college,high (>3.5x),5.0,0.0,0.0,600.0,0.0,0.0,0.0,12.0,38.0,6.2,34.0,0.0,1.0,1.0,0.0,0,72549.9813535
2015,34.0,1.0,Mexican American,some_college,low (<1.3x poverty),0.89,720.0,480.0,600.0,180.0,120.0,3.0,5.0,28.5,5.7,34.0,0.0,1.0,0.0,1.0,1,18602.6513785
2015,56.0,1.0,Mexican American,hs_or_less,middle (1.3-3.5x),1.88,320.0,0.0,0.0,80.0,0.0,4.0,4.0,25.0,8.1,66.0,1.0,1.0,0.0,1.0,0,9677.663672
2015,41.0,0.0,NH Asian,college_plus,high (>3.5x),5.0,1800.0,0.0,0.0,270.0,0.0,6.0,2.0,27.2,5.5,54.0,0.0,0.0,0.0,0.0,1,11717.355511
2015,44.0,1.0,Other Hispanic,hs_or_less,low (<1.3x poverty),0.75,0.0,0.0,0.0,0.0,0.0,0.0,8.0,43.3,10.9,40.0,1.0,1.0,1.0,1.0,0,9705.9083605
2015,40.0,1.0,NH Black,some_college,high (>3.5x),5.0,240.0,2480.0,600.0,60.0,460.0,2.0,10.0,36.7,5.1,29.0,0.0,0.0,1.0,1.0,0,12405.646912
2015,20.0,0.0,NH Black,some_college,middle (1.3-3.5x),1.65,0.0,2880.0,0.0,0.0,480.0,0.0,10.0,50.4,5.6,37.0,0.0,0.0,1.0,1.0,0,13914.7736085
2015,33.0,1.0,Mexican American,hs_or_less,middle (1.3-3.5x),2.46,0.0,0.0,0.0,0.0,0.0,0.0,8.0,37.2,5.3,54.0,0.0,0.0,1.0,0.0,0,15941.8807095
2015,52.0,0.0,NH Black,some_college,low (<1.3x poverty),0.66,2400.0,2400.0,0.0,375.0,300.0,7.0,1.5,29.3,5.8,42.0,0.0,1.0,0.0,0.0,1,9778.7145685
2015,31.0,0.0,NH Asian,college_plus,middle (1.3-3.5x),3.24,0.0,0.0,80.0,0.0,0.0,0.0,10.0,25.5,5.5,31.0,0.0,0.0,0.0,0.0,0,8873.112313
2015,28.0,0.0,NH Black,some_college,middle (1.3-3.5x),3.06,480.0,960.0,0.0,60.0,150.0,4.0,8.0,24.6,5.7,48.0,0.0,1.0,0.0,0.0,0,16517.6222755
2015,47.0,0.0,NH Black,some_college,middle (1.3-3.5x),1.48,0.0,1280.0,0.0,0.0,280.0,0.0,6.0,23.4,8.4,55.0,1.0,1.0,0.0,0.0,0,8371.694014
2015,43.0,0.0,NH Black,hs_or_less,middle (1.3-3.5x),2.46,4800.0,360.0,0.0,600.0,45.0,5.0,8.0,37.7,5.8,52.0,0.0,1.0,1.0,0.0,1,9212.959632
2015,47.0,1.0,Other Hispanic,hs_or_less,low (<1.3x poverty),0.75,1440.0,0.0,360.0,180.0,0.0,1.0,3.0,29.6,5.6,43.0,0.0,0.0,0.0,1.0,1,12555.549117
2015,50.0,1.0,NH White,some_college,middle (1.3-3.5x),3.3,0.0,1920.0,0.0,0.0,360.0,0.0,8.0,28.9,5.4,63.0,0.0,0.0,0.0,0.0,0,65317.850706
2015,41.0,0.0,Mexican American,hs_or_less,low (<1.3x poverty),0.8,0.0,34560.0,0.0,0.0,5760.0,0.0,2.0,22.9,5.1,41.0,0.0,0.0,0.0,0.0,0,15174.656934
2015,20.0,0.0,NH Black,some_college,high (>3.5x),3.52,1440.0,0.0,0.0,180.0,0.0,3.0,4.0,22.0,5.4,48.0,0.0,0.0,0.0,0.0,1,15843.7770365
2015,28.0,0.0,NH White,some_college,middle (1.3-3.5x),2.38,480.0,0.0,0.0,120.0,0.0,2.0,5.0,25.6,4.9,31.0,0.0,0.0,0.0,1.0,0,38272.418025
2015,38.0,1.0,NH White,college_plus,high (>3.5x),5.0,960.0,0.0,0.0,240.0,0.0,4.0,4.0,30.3,5.4,59.0,0.0,0.0,1.0,0.0,1,73916.820061
2015,51.0,1.0,NH White,college_plus,high (>3.5x),5.0,0.0,480.0,0.0,0.0,120.0,0.0,12.0,39.2,5.6,71.0,0.0,0.0,1.0,0.0,0,48041.2270335
2015,45.0,0.0,NH Asian,college_plus,high (>3.5x),5.0,900.0,0.0,0.0,225.0,0.0,5.0,11.0,22.2,5.2,61.0,0.0,0.0,0.0,0.0,1,11470.402605
2015,33.0,1.0,NH White,some_college,middle (1.3-3.5x),1.76,1200.0,0.0,40.0,240.0,0.0,4.0,8.0,22.6,5.3,52.0,0.0,0.0,0.0,0.0,1,25901.271974
2015,41.0,1.0,NH Black,some_college,middle (1.3-3.5x),1.41,720.0,4080.0,0.0,120.0,660.0,4.0,2.0,56.4,5.7,45.0,0.0,1.0,1.0,1.0,1,8943.57899
2015,45.0,1.0,NH Asian,hs_or_less,low (<1.3x poverty),0.95,0.0,0.0,0.0,0.0,0.0,0.0,7.0,20.9,5.8,70.0,0.0,1.0,0.0,0.0,0,5842.7436285
2015,61.0,1.0,Other Hispanic,college_plus,low (<1.3x poverty),0.6,0.0,0.0,0.0,0.0,0.0,0.0,2.0,33.9,6.6,57.0,1.0,1.0,1.0,0.0,0,4583.416947
2015,25.0,0.0,NH White,college_plus,low (<1.3x poverty),0.12,480.0,4320.0,360.0,60.0,1080.0,2.0,10.0,22.7,5.1,47.0,0.0,0.0,0.0,0.0,0,22805.250913
2015,54.0,0.0,Mexican American,hs_or_less,low (<1.3x poverty),1.18,0.0,960.0,0.0,0.0,120.0,0.0,11.0,30.1,6.7,42.0,1.0,1.0,1.0,1.0,0,12589.937074
2015,58.0,0.0,NH White,college_plus,middle (1.3-3.5x),2.97,1800.0,480.0,0.0,360.0,120.0,6.0,7.0,23.0,6.7,41.0,1.0,1.0,0.0,0.0,1,89932.25813
2015,32.0,1.0,NH Black,some_college,middle (1.3-3.5x),3.13,2160.0,0.0,0.0,360.0,0.0,6.0,7.0,21.1,4.6,58.0,0.0,0.0,0.0,0.0,1,10604.6269915
2015,39.0,0.0,NH Black,hs_or_less,middle (1.3-3.5x),2.06,0.0,0.0,0.0,0.0,0.0,0.0,0.3333333333333333,27.4,4.7,24.0,0.0,0.0,0.0,0.0,0,12026.53761
2015,50.0,0.0,Mexican American,hs_or_less,low (<1.3x poverty),1.02,0.0,0.0,0.0,0.0,0.0,0.0,3.0,31.0,6.0,48.0,0.0,1.0,1.0,0.0,0,13836.9756395
2015,24.0,0.0,NH Asian,college_plus,low (<1.3x poverty),1.26,3120.0,720.0,720.0,420.0,180.0,4.0,5.0,25.9,5.0,47.0,0.0,0.0,0.0,0.0,1,12687.037661
2015,24.0,0.0,NH Asian,college_plus,middle (1.3-3.5x),2.53,3600.0,3600.0,0.0,600.0,600.0,7.0,6.0,25.1,5.5,45.0,0.0,0.0,0.0,0.0,1,7783.652993
2015,28.0,1.0,Mexican American,hs_or_less,middle (1.3-3.5x),2.47,0.0,0.0,0.0,0.0,0.0,0.0,8.0,24.2,4.8,57.0,0.0,0.0,0.0,0.0,0,21593.934109
2015,53.0,1.0,Mexican American,hs_or_less,middle (1.3-3.5x),1.51,800.0,0.0,0.0,200.0,0.0,5.0,1.0,27.8,5.3,52.0,0.0,0.0,0.0,0.0,1,8764.026274
2015,28.0,1.0,NH White,some_college,middle (1.3-3.5x),1.57,960.0,1440.0,0.0,240.0,360.0,2.0,6.0,26.1,5.3,43.0,0.0,0.0,0.0,0.0,1,26437.7769145
2015,56.0,1.0,NH White,some_college,high (>3.5x),3.64,400.0,0.0,0.0,100.0,0.0,5.0,8.0,26.6,5.7,49.0,0.0,1.0,0.0,1.0,0,59713.168353
2015,26.0,0.0,NH White,some_college,middle (1.3-3.5x),1.32,3360.0,14160.0,0.0,480.0,2040.0,5.0,3.0,40.4,5.3,47.0,0.0,0.0,1.0,0.0,1,28625.0595355
2015,33.0,0.0,Mexican American,hs_or_less,middle (1.3-3.5x),2.36,0.0,480.0,0.0,0.0,120.0,0.0,6.0,27.0,5.6,49.0,0.0,0.0,0.0,0.0,0,12731.6863285
2015,62.0,1.0,Other Hispanic,hs_or_less,low (<1.3x poverty),0.88,0.0,0.0,0.0,0.0,0.0,0.0,3.0,32.5,6.5,48.0,1.0,1.0,1.0,1.0,0,5021.1099095
2015,54.0,1.0,NH White,college_plus,high (>3.5x),3.98,0.0,0.0,0.0,0.0,0.0,0.0,11.0,48.6,10.4,44.0,1.0,1.0,1.0,1.0,0,67183.100672
2015,32.0,0.0,Mexican American,hs_or_less,middle (1.3-3.5x),1.41,0.0,12960.0,0.0,0.0,2520.0,0.0,2.0,27.9,5.4,39.0,0.0,0.0,0.0,1.0,0,13272.778431
2015,46.0,0.0,Other Hispanic,hs_or_less,middle (1.3-3.5x),1.48,0.0,12960.0,0.0,0.0,2520.0,0.0,4.0,29.3,5.4,19.0,0.0,0.0,0.0,1.0,0,15029.3666835
2015,35.0,1.0,Mexican American,hs_or_less,low (<1.3x poverty),0.82,0.0,600.0,0.0,0.0,150.0,0.0,8.0,40.1,5.9,52.0,0.0,1.0,1.0,1.0,0,11938.1383545
2015,44.0,1.0,NH Black,college_plus,middle (1.3-3.5x),2.46,2160.0,0.0,0.0,360.0,0.0,5.0,6.0,33.4,5.7,61.0,0.0,1.0,1.0,0.0,1,10055.2084555
2015,52.0,1.0,NH Asian,hs_or_less,low (<1.3x poverty),1.23,0.0,0.0,0.0,0.0,0.0,0.0,6.0,23.6,5.5,57.0,0.0,0.0,0.0,0.0,0,9752.734338
2015,32.0,1.0,NH White,some_college,middle (1.3-3.5x),1.86,1200.0,0.0,0.0,210.0,0.0,7.0,9.0,23.1,5.1,90.0,0.0,0.0,0.0,0.0,1,22192.979405
2015,45.0,0.0,NH White,college_plus,high (>3.5x),5.0,3480.0,1200.0,0.0,510.0,300.0,7.0,4.0,20.4,5.4,49.0,0.0,0.0,0.0,0.0,1,72602.475934
2015,61.0,1.0,Other Hispanic,hs_or_less,low (<1.3x poverty),1.26,0.0,0.0,0.0,0.0,0.0,0.0,5.0,31.4,5.6,38.0,0.0,0.0,1.0,1.0,0,4007.707644
2015,53.0,0.0,NH White,some_college,middle (1.3-3.5x),1.56,240.0,10800.0,240.0,60.0,1800.0,1.0,4.0,26.0,5.9,46.0,0.0,1.0,0.0,0.0,0,24257.870991
2015,51.0,1.0,Other Hispanic,some_college,middle (1.3-3.5x),2.52,0.0,0.0,0.0,0.0,0.0,0.0,5.0,25.9,6.1,56.0,0.0,1.0,0.0,1.0,0,7754.107756
2015,47.0,1.0,Mexican American,hs_or_less,middle (1.3-3.5x),2.24,0.0,0.0,0.0,0.0,0.0,0.0,8.0,37.3,6.9,56.0,1.0,1.0,1.0,0.0,0,13273.8131445
2015,52.0,1.0,NH White,hs_or_less,low (<1.3x poverty),0.87,0.0,0.0,0.0,0.0,0.0,0.0,7.0,56.2,8.4,41.0,1.0,1.0,1.0,1.0,0,28192.778054
2015,45.0,1.0,Mexican American,some_college,middle (1.3-3.5x),3.45,0.0,0.0,0.0,0.0,0.0,0.0,9.0,35.4,7.5,28.0,1.0,1.0,1.0,1.0,0,13135.908065
2015,38.0,0.0,NH Black,hs_or_less,low (<1.3x poverty),0.55,0.0,0.0,540.0,0.0,0.0,0.0,1.0,20.7,5.5,78.0,0.0,0.0,0.0,0.0,0,12332.2935765
2015,32.0,0.0,Mexican American,hs_or_less,low (<1.3x poverty),0.67,0.0,0.0,0.0,0.0,0.0,0.0,6.0,32.4,5.2,35.0,0.0,0.0,1.0,0.0,0,20601.709548
2015,35.0,0.0,NH Black,hs_or_less,low (<1.3x poverty),0.77,2400.0,25920.0,0.0,480.0,4680.0,4.0,5.0,26.4,5.5,77.0,0.0,0.0,0.0,0.0,1,11489.8460615
2015,54.0,0.0,NH Black,hs_or_less,low (<1.3x poverty),0.95,0.0,0.0,0.0,0.0,0.0,0.0,0.25,21.2,5.2,62.0,0.0,0.0,0.0,0.0,0,9639.582824
2015,40.0,0.0,NH White,hs_or_less,low (<1.3x poverty),1.15,0.0,0.0,0.0,0.0,0.0,0.0,6.0,37.7,5.5,55.0,0.0,0.0,1.0,1.0,0,11884.7100675
2015,43.0,1.0,NH White,college_plus,middle (1.3-3.5x),2.47,0.0,240.0,0.0,0.0,60.0,0.0,12.0,43.0,5.7,40.0,0.0,1.0,1.0,0.0,0,77174.2030585
2015,49.0,0.0,NH Black,hs_or_less,middle (1.3-3.5x),2.53,1920.0,16800.0,0.0,240.0,2400.0,4.0,4.0,22.2,5.3,47.0,0.0,0.0,0.0,0.0,1,10443.6390685
2015,30.0,0.0,NH Black,hs_or_less,high (>3.5x),4.12,2160.0,0.0,0.0,360.0,0.0,6.0,4.0,35.7,5.5,54.0,0.0,0.0,1.0,0.0,1,13877.619042
2015,60.0,0.0,NH Black,hs_or_less,low (<1.3x poverty),0.04,120.0,0.0,240.0,30.0,0.0,2.0,6.0,34.0,6.0,27.0,0.0,1.0,1.0,1.0,0,5987.27044
2015,30.0,0.0,NH White,hs_or_less,low (<1.3x poverty),0.88,0.0,12000.0,0.0,0.0,2100.0,0.0,6.0,22.7,5.1,55.0,0.0,0.0,0.0,0.0,0,17298.3111355
2015,57.0,0.0,Mexican American,hs_or_less,high (>3.5x),4.57,0.0,2880.0,0.0,0.0,720.0,0.0,8.0,43.7,8.6,27.0,1.0,1.0,1.0,1.0,0,12214.1697285
2015,26.0,0.0,NH White,hs_or_less,high (>3.5x),5.0,2400.0,0.0,0.0,300.0,0.0,5.0,8.0,29.4,5.2,46.0,0.0,0.0,0.0,0.0,1,53907.483324
2015,52.0,0.0,NH Asian,college_plus,high (>3.5x),4.12,2880.0,0.0,0.0,360.0,0.0,6.0,10.0,24.5,5.6,46.0,0.0,0.0,0.0,0.0,1,10346.7005285
2015,60.0,1.0,NH White,some_college,low (<1.3x poverty),0.84,0.0,0.0,0.0,0.0,0.0,0.0,4.0,29.1,9.2,37.0,1.0,1.0,0.0,1.0,0,17585.6239205
2015,38.0,1.0,Other Hispanic,hs_or_less,low (<1.3x poverty),0.34,720.0,0.0,0.0,180.0,0.0,3.0,1.0,25.3,5.4,47.0,0.0,0.0,0.0,0.0,1,15603.526808
2015,24.0,0.0,NH White,some_college,middle (1.3-3.5x),2.72,0.0,16800.0,0.0,0.0,2400.0,0.0,5.0,27.9,4.7,83.0,0.0,0.0,0.0,1.0,0,69367.3565485
2015,41.0,1.0,NH Black,college_plus,high (>3.5x),4.83,1920.0,9360.0,1920.0,480.0,2340.0,4.0,4.0,39.0,5.7,63.0,0.0,1.0,1.0,0.0,1,9634.907141
2015,48.0,0.0,NH Asian,college_plus,high (>3.5x),5.0,0.0,0.0,0.0,0.0,0.0,0.0,10.0,29.1,5.9,46.0,0.0,1.0,0.0,0.0,0,8412.421489
2015,64.0,1.0,NH Black,college_plus,middle (1.3-3.5x),2.1,360.0,240.0,0.0,90.0,60.0,3.0,4.0,24.0,6.5,94.0,1.0,1.0,0.0,1.0,0,12944.0119265
2015,43.0,1.0,NH White,some_college,high (>3.5x),5.0,900.0,4800.0,0.0,225.0,1200.0,5.0,8.0,21.9,4.8,105.0,0.0,0.0,0.0,0.0,1,59783.0255445
2015,57.0,1.0,NH Black,college_plus,high (>3.5x),5.0,1920.0,0.0,0.0,240.0,0.0,4.0,8.0,31.7,5.4,45.0,0.0,0.0,1.0,0.0,1,13397.671032
2015,22.0,1.0,Mexican American,hs_or_less,middle (1.3-3.5x),1.99,3360.0,7200.0,0.0,720.0,1800.0,7.0,3.0,22.7,5.0,61.0,0.0,0.0,0.0,0.0,1,18471.869473
2015,48.0,0.0,NH Black,some_college,high (>3.5x),5.0,240.0,0.0,0.0,60.0,0.0,2.0,7.0,38.4,5.8,42.0,0.0,1.0,1.0,0.0,0,23061.0789115
2015,28.0,1.0,NH White,some_college,high (>3.5x),3.82,1080.0,0.0,0.0,180.0,0.0,4.0,12.0,26.1,5.5,58.0,0.0,0.0,0.0,0.0,1,37864.3351095
2015,31.0,0.0,NH White,hs_or_less,low (<1.3x poverty),0.92,0.0,25200.0,0.0,0.0,4200.0,0.0,1.5,30.5,5.3,20.0,0.0,0.0,1.0,1.0,0,14759.797567
2015,60.0,1.0,Other Hispanic,hs_or_less,middle (1.3-3.5x),1.49,0.0,0.0,0.0,0.0,0.0,0.0,8.0,21.8,5.0,74.0,0.0,0.0,0.0,0.0,0,4107.27802
2015,63.0,1.0,NH Black,hs_or_less,middle (1.3-3.5x),3.16,0.0,1440.0,0.0,0.0,360.0,0.0,3.0,38.9,8.4,54.0,1.0,1.0,1.0,0.0,0,10663.1495025
2015,54.0,0.0,Mexican American,some_college,low (<1.3x poverty),0.29,240.0,480.0,480.0,60.0,120.0,6.0,3.0,33.6,5.6,37.0,0.0,0.0,1.0,0.0,0,21672.7587105
2015,26.0,0.0,Mexican American,hs_or_less,low (<1.3x poverty),1.24,0.0,20160.0,0.0,0.0,3600.0,0.0,4.0,45.0,5.7,24.0,0.0,1.0,1.0,1.0,0,15833.3469265
2015,52.0,0.0,Mexican American,hs_or_less,low (<1.3x poverty),0.06,0.0,10080.0,0.0,0.0,2520.0,0.0,3.0,31.8,6.0,32.0,0.0,1.0,1.0,0.0,0,10678.5739915
2015,37.0,1.0,Other/Multi,hs_or_less,high (>3.5x),3.74,0.0,2160.0,0.0,0.0,540.0,0.0,4.0,34.1,5.6,51.0,0.0,0.0,1.0,1.0,0,12391.0555025
2015,29.0,1.0,NH Asian,college_plus,high (>3.5x),5.0,480.0,0.0,0.0,75.0,0.0,2.0,12.0,23.2,5.5,63.0,0.0,0.0,0.0,0.0,0,7790.463296
2015,58.0,1.0,NH Black,some_college,low (<1.3x poverty),0.82,0.0,0.0,0.0,0.0,0.0,0.0,8.0,31.4,5.8,48.0,0.0,1.0,1.0,0.0,0,16036.32483
2015,57.0,1.0,Mexican American,hs_or_less,middle (1.3-3.5x),1.35,0.0,0.0,0.0,0.0,0.0,0.0,7.0,54.5,11.3,28.0,1.0,1.0,1.0,1.0,0,7174.176693
2015,47.0,0.0,NH White,some_college,middle (1.3-3.5x),1.44,0.0,1920.0,0.0,0.0,480.0,0.0,12.0,26.8,5.7,32.0,0.0,1.0,0.0,0.0,0,19965.178065
2015,42.0,0.0,NH Black,hs_or_less,high (>3.5x),3.62,0.0,1560.0,0.0,0.0,270.0,0.0,12.0,43.4,4.5,36.0,0.0,0.0,1.0,0.0,0,11572.527287
2015,50.0,1.0,NH Asian,some_college,low (<1.3x poverty),0.38,720.0,6000.0,1800.0,120.0,1500.0,4.0,2.0,21.7,5.5,89.0,0.0,0.0,0.0,0.0,1,10600.560528
2015,36.0,1.0,NH Black,hs_or_less,low (<1.3x poverty),0.77,0.0,0.0,0.0,0.0,0.0,0.0,5.0,41.3,5.4,49.0,0.0,0.0,1.0,1.0,0,10660.8078405
2015,49.0,0.0,NH White,college_plus,high (>3.5x),5.0,420.0,0.0,0.0,60.0,0.0,2.0,11.0,21.4,4.9,84.0,0.0,0.0,0.0,0.0,0,92973.794901
2015,60.0,0.0,Mexican American,hs_or_less,high (>3.5x),5.0,0.0,0.0,120.0,0.0,0.0,0.0,3.0,36.8,5.7,27.0,0.0,1.0,1.0,1.0,0,4056.8451655
2015,25.0,1.0,Mexican American,hs_or_less,middle (1.3-3.5x),1.65,0.0,26400.0,0.0,0.0,4200.0,0.0,3.0,20.6,4.9,61.0,0.0,0.0,0.0,0.0,0,11303.3069665
2015,23.0,0.0,Mexican American,hs_or_less,low (<1.3x poverty),1.19,1440.0,6720.0,0.0,360.0,960.0,3.0,8.0,25.1,5.2,61.0,0.0,0.0,0.0,0.0,1,20163.3333535
2015,26.0,0.0,NH Black,some_college,low (<1.3x poverty),0.43,1440.0,10800.0,80.0,180.0,1800.0,3.0,5.0,29.8,9.0,56.0,1.0,1.0,0.0,0.0,1,12805.3575635
2015,52.0,0.0,NH Black,some_college,high (>3.5x),3.71,840.0,10800.0,0.0,120.0,1800.0,4.0,12.0,38.5,4.8,17.0,0.0,0.0,1.0,0.0,1,8642.537966
2015,34.0,0.0,NH Black,hs_or_less,middle (1.3-3.5x),1.5,720.0,0.0,0.0,180.0,0.0,4.0,7.0,34.4,5.3,52.0,0.0,0.0,1.0,0.0,1,11465.368794
2015,58.0,0.0,NH Asian,hs_or_less,low (<1.3x poverty),1.03,0.0,0.0,0.0,0.0,0.0,0.0,6.0,24.8,4.9,40.0,0.0,0.0,0.0,0.0,0,10488.0828535
2015,39.0,1.0,NH White,some_college,high (>3.5x),5.0,0.0,8160.0,0.0,0.0,1500.0,0.0,4.0,20.4,4.8,49.0,0.0,0.0,0.0,0.0,0,36098.5977825
2015,55.0,0.0,Mexican American,hs_or_less,high (>3.5x),4.99,120.0,0.0,0.0,30.0,0.0,1.0,15.0,39.0,5.7,53.0,0.0,1.0,1.0,0.0,0,10452.2134395
2015,57.0,0.0,NH Asian,college_plus,low (<1.3x poverty),1.03,0.0,0.0,0.0,0.0,0.0,0.0,5.0,23.5,5.5,44.0,0.0,0.0,0.0,0.0,0,10488.0828535
2015,49.0,0.0,Other Hispanic,hs_or_less,high (>3.5x),4.23,0.0,0.0,0.0,0.0,0.0,0.0,4.0,33.5,6.3,52.0,1.0,1.0,1.0,1.0,0,15334.9773555
2015,41.0,1.0,Mexican American,hs_or_less,low (<1.3x poverty),0.59,0.0,0.0,0.0,0.0,0.0,0.0,6.0,32.6,5.6,35.0,0.0,0.0,1.0,1.0,0,10747.673767
2015,23.0,1.0,NH Asian,some_college,high (>3.5x),3.74,0.0,960.0,0.0,0.0,240.0,0.0,7.0,20.8,5.2,73.0,0.0,0.0,0.0,0.0,0,12078.76889
2015,41.0,1.0,Other Hispanic,hs_or_less,low (<1.3x poverty),0.62,240.0,0.0,0.0,60.0,0.0,2.0,2.0,39.0,6.4,52.0,0.0,1.0,1.0,0.0,0,12225.6701055
2015,61.0,1.0,NH White,hs_or_less,high (>3.5x),4.46,0.0,0.0,0.0,0.0,0.0,0.0,3.0,36.2,5.6,44.0,0.0,0.0,1.0,0.0,0,53643.488426
2015,22.0,1.0,Other Hispanic,hs_or_less,middle (1.3-3.5x),2.87,960.0,1920.0,0.0,180.0,480.0,3.0,3.0,23.5,5.1,36.0,0.0,0.0,0.0,0.0,1,9995.859282
2015,63.0,0.0,Mexican American,hs_or_less,middle (1.3-3.5x),1.88,0.0,0.0,0.0,0.0,0.0,0.0,2.0,24.2,5.5,43.0,0.0,0.0,0.0,0.0,0,4416.2244005
2015,51.0,0.0,Mexican American,college_plus,high (>3.5x),4.74,0.0,0.0,0.0,0.0,0.0,0.0,6.0,45.6,5.0,64.0,0.0,0.0,1.0,0.0,0,13684.948643
2015,64.0,0.0,Mexican American,hs_or_less,middle (1.3-3.5x),1.54,0.0,6720.0,480.0,0.0,960.0,0.0,3.0,26.5,5.6,47.0,0.0,0.0,0.0,1.0,0,5119.9820595
2015,24.0,0.0,Other Hispanic,hs_or_less,low (<1.3x poverty),0.59,0.0,1440.0,0.0,0.0,180.0,0.0,4.0,25.1,5.2,31.0,0.0,0.0,0.0,1.0,0,28531.619028
2015,41.0,0.0,NH White,college_plus,high (>3.5x),5.0,2400.0,0.0,0.0,360.0,0.0,6.0,2.0,24.7,5.4,57.0,0.0,0.0,0.0,0.0,1,67242.426793
2015,49.0,1.0,Other Hispanic,college_plus,middle (1.3-3.5x),3.33,0.0,0.0,0.0,0.0,0.0,0.0,6.0,31.2,6.7,58.0,1.0,1.0,1.0,1.0,0,10714.729296
2015,21.0,0.0,NH Black,hs_or_less,middle (1.3-3.5x),1.58,960.0,3600.0,0.0,120.0,540.0,1.0,4.0,27.3,5.5,50.0,0.0,0.0,0.0,0.0,1,13882.305483
2015,22.0,1.0,Other Hispanic,some_college,middle (1.3-3.5x),2.24,2480.0,1200.0,360.0,350.0,300.0,7.0,8.0,23.8,5.0,52.0,0.0,0.0,0.0,0.0,1,11989.401051
2015,37.0,0.0,NH White,college_plus,middle (1.3-3.5x),1.78,1080.0,3600.0,600.0,180.0,750.0,6.0,8.0,33.8,4.9,60.0,0.0,0.0,1.0,0.0,1,25236.758312
2015,45.0,1.0,NH White,some_college,high (>3.5x),3.56,0.0,0.0,0.0,0.0,0.0,0.0,14.0,48.4,5.4,40.0,0.0,0.0,1.0,0.0,0,45795.3142795
2015,39.0,1.0,NH White,some_college,high (>3.5x),5.0,80.0,0.0,0.0,20.0,0.0,2.0,13.0,35.1,5.4,48.0,0.0,0.0,1.0,0.0,0,46526.915688
2015,35.0,0.0,NH Black,hs_or_less,low (<1.3x poverty),1.29,1440.0,0.0,0.0,180.0,0.0,3.0,3.0,23.0,5.2,46.0,0.0,0.0,0.0,0.0,1,10518.939375
2015,65.0,0.0,NH White,college_plus,high (>3.5x),5.0,1680.0,5280.0,0.0,270.0,960.0,7.0,7.0,22.2,5.3,67.0,0.0,0.0,0.0,0.0,1,71236.956778
2015,24.0,1.0,NH White,some_college,high (>3.5x),4.21,1080.0,4800.0,0.0,135.0,1200.0,3.0,2.0,21.9,4.9,86.0,0.0,0.0,0.0,0.0,1,28556.622676
2015,31.0,1.0,Other Hispanic,college_plus,high (>3.5x),5.0,2880.0,3840.0,0.0,480.0,600.0,7.0,2.0,25.4,5.1,71.0,0.0,0.0,0.0,0.0,1,19340.2656305
2015,61.0,0.0,Mexican American,hs_or_less,middle (1.3-3.5x),3.45,360.0,1320.0,0.0,90.0,210.0,3.0,10.0,37.8,7.0,56.0,1.0,1.0,1.0,0.0,0,4633.506272
2015,31.0,1.0,NH White,some_college,low (<1.3x poverty),0.78,0.0,1920.0,0.0,0.0,480.0,0.0,7.0,33.2,5.2,43.0,0.0,0.0,1.0,0.0,0,34835.6193975
2015,35.0,0.0,NH White,some_college,middle (1.3-3.5x),2.14,0.0,7200.0,400.0,0.0,1800.0,0.0,7.0,34.3,5.7,53.0,0.0,1.0,1.0,0.0,0,19440.118059
2015,25.0,1.0,Mexican American,hs_or_less,low (<1.3x poverty),0.25,720.0,0.0,720.0,180.0,0.0,1.0,8.0,27.5,5.0,40.0,0.0,0.0,0.0,0.0,1,12706.490039
2015,45.0,0.0,Mexican American,hs_or_less,low (<1.3x poverty),1.23,0.0,4320.0,0.0,0.0,720.0,0.0,3.0,41.5,5.5,37.0,0.0,0.0,1.0,0.0,0,12304.845429
2015,50.0,1.0,Other Hispanic,college_plus,middle (1.3-3.5x),3.48,0.0,0.0,0.0,0.0,0.0,0.0,12.0,38.4,5.8,33.0,0.0,1.0,1.0,0.0,0,9274.971806
2015,53.0,0.0,NH White,hs_or_less,low (<1.3x poverty),5.397605346934028e-79,0.0,0.0,0.0,0.0,0.0,0.0,12.0,29.1,5.6,40.0,0.0,0.0,0.0,0.0,0,18966.573463
2015,44.0,1.0,NH Asian,some_college,middle (1.3-3.5x),2.6,700.0,0.0,0.0,175.0,0.0,5.0,7.0,27.5,6.1,90.0,0.0,1.0,0.0,0.0,1,12426.3946845
2015,31.0,1.0,NH Black,hs_or_less,middle (1.3-3.5x),2.23,0.0,0.0,0.0,0.0,0.0,0.0,4.0,23.3,5.3,66.0,0.0,0.0,0.0,0.0,0,9498.322351
2015,26.0,1.0,NH White,some_college,low (<1.3x poverty),0.34,0.0,15840.0,0.0,0.0,2880.0,0.0,6.0,22.7,4.2,56.0,0.0,0.0,0.0,0.0,0,35787.572136
2015,29.0,0.0,Mexican American,some_college,low (<1.3x poverty),0.42,0.0,240.0,0.0,0.0,60.0,0.0,10.0,30.2,5.3,46.0,0.0,0.0,1.0,1.0,0,19983.808305
2015,39.0,0.0,NH Black,some_college,middle (1.3-3.5x),2.46,800.0,480.0,600.0,120.0,120.0,4.0,6.0,46.0,6.2,27.0,1.0,1.0,1.0,1.0,1,10209.8820725
2015,54.0,0.0,NH Asian,hs_or_less,middle (1.3-3.5x),1.38,0.0,0.0,0.0,0.0,0.0,0.0,6.0,27.7,5.9,35.0,0.0,1.0,0.0,0.0,0,6616.7829535
2015,45.0,1.0,Other Hispanic,hs_or_less,low (<1.3x poverty),0.34,1920.0,1440.0,0.0,390.0,360.0,7.0,8.0,29.4,5.6,47.0,0.0,0.0,0.0,1.0,1,9246.8784965
2015,48.0,0.0,Mexican American,hs_or_less,middle (1.3-3.5x),2.55,480.0,0.0,0.0,120.0,0.0,2.0,3.0,27.3,5.6,38.0,0.0,0.0,0.0,0.0,0,19750.865606
2015,33.0,0.0,Mexican American,some_college,low (<1.3x poverty),0.9,720.0,480.0,0.0,180.0,120.0,1.0,20.0,35.8,6.3,33.0,0.0,1.0,1.0,0.0,1,13872.552009
2015,53.0,1.0,NH White,some_college,low (<1.3x poverty),5.397605346934028e-79,0.0,0.0,0.0,0.0,0.0,0.0,8.0,22.5,6.1,70.0,1.0,1.0,0.0,0.0,0,59713.168353
2015,38.0,1.0,Other Hispanic,hs_or_less,middle (1.3-3.5x),2.59,0.0,0.0,0.0,0.0,0.0,0.0,0.016666666666666666,23.5,5.1,50.0,0.0,0.0,0.0,0.0,0,9795.0887255
2015,60.0,0.0,NH Black,hs_or_less,middle (1.3-3.5x),1.39,0.0,12000.0,0.0,0.0,1800.0,0.0,2.0,22.4,6.2,80.0,0.0,1.0,0.0,0.0,0,5743.3382655
2015,55.0,0.0,Mexican American,hs_or_less,middle (1.3-3.5x),2.47,1440.0,18000.0,2400.0,240.0,3000.0,7.0,11.0,42.6,6.0,41.0,0.0,1.0,1.0,1.0,1,8302.1408965
2015,46.0,1.0,Mexican American,some_college,high (>3.5x),4.44,0.0,5760.0,0.0,0.0,1440.0,0.0,5.0,51.5,5.6,60.0,0.0,0.0,1.0,0.0,0,11512.4673485
2015,34.0,0.0,Other Hispanic,some_college,low (<1.3x poverty),0.84,1620.0,0.0,480.0,270.0,0.0,6.0,1.0,28.8,5.4,40.0,0.0,0.0,0.0,0.0,1,18560.733613
2015,25.0,0.0,Mexican American,hs_or_less,middle (1.3-3.5x),1.65,360.0,7200.0,0.0,90.0,1800.0,3.0,4.0,21.2,5.6,50.0,0.0,0.0,0.0,0.0,0,15833.3469265
2015,43.0,1.0,NH White,some_college,middle (1.3-3.5x),2.74,0.0,0.0,0.0,0.0,0.0,0.0,12.0,25.6,5.3,64.0,0.0,0.0,0.0,0.0,0,46461.006075
2015,42.0,0.0,NH Asian,college_plus,high (>3.5x),4.53,1280.0,0.0,360.0,200.0,0.0,7.0,8.0,21.5,5.5,29.0,0.0,0.0,0.0,0.0,1,10097.0286345
2015,26.0,0.0,NH Black,some_college,middle (1.3-3.5x),3.22,8400.0,21600.0,0.0,1200.0,3000.0,7.0,2.0,22.8,5.5,54.0,0.0,0.0,0.0,0.0,1,15761.017531
2015,65.0,1.0,NH Black,some_college,low (<1.3x poverty),0.84,0.0,0.0,0.0,0.0,0.0,0.0,5.0,29.0,5.8,61.0,0.0,1.0,0.0,1.0,0,9865.9020585
2015,31.0,0.0,NH Asian,hs_or_less,middle (1.3-3.5x),2.47,0.0,0.0,0.0,0.0,0.0,0.0,4.0,30.6,5.6,51.0,0.0,0.0,1.0,0.0,0,7481.045164
2015,47.0,0.0,NH Black,hs_or_less,middle (1.3-3.5x),3.12,2880.0,0.0,0.0,360.0,0.0,2.0,7.0,26.0,5.1,77.0,0.0,0.0,0.0,0.0,1,10778.7555925
2015,35.0,1.0,NH White,some_college,middle (1.3-3.5x),1.9,0.0,5040.0,0.0,0.0,1230.0,0.0,8.0,24.7,5.1,41.0,0.0,0.0,0.0,0.0,0,33439.8829995
2015,48.0,1.0,Mexican American,some_college,high (>3.5x),4.71,0.0,0.0,0.0,0.0,0.0,0.0,8.0,38.8,8.7,52.0,1.0,1.0,1.0,1.0,0,12996.41227
2015,29.0,1.0,NH White,college_plus,high (>3.5x),5.0,720.0,0.0,0.0,90.0,0.0,3.0,10.0,41.8,5.2,47.0,0.0,0.0,1.0,0.0,1,61939.1942395
2015,55.0,1.0,NH White,hs_or_less,middle (1.3-3.5x),1.44,0.0,1920.0,8640.0,0.0,420.0,0.0,3.0,25.9,5.8,46.0,0.0,1.0,0.0,0.0,0,25939.5341405
2015,40.0,1.0,Other Hispanic,hs_or_less,low (<1.3x poverty),0.92,1920.0,0.0,0.0,480.0,0.0,4.0,8.0,23.7,5.7,47.0,0.0,1.0,0.0,0.0,1,9476.8510755
2015,52.0,1.0,NH White,hs_or_less,middle (1.3-3.5x),1.37,240.0,0.0,0.0,60.0,0.0,4.0,6.0,21.4,5.3,76.0,0.0,0.0,0.0,0.0,0,30039.9168335
2015,32.0,0.0,Other Hispanic,some_college,low (<1.3x poverty),1.26,0.0,3600.0,0.0,0.0,900.0,0.0,2.0,32.2,5.4,35.0,0.0,0.0,1.0,0.0,0,20879.6332205
2015,52.0,1.0,NH White,college_plus,high (>3.5x),5.0,5280.0,2400.0,0.0,720.0,360.0,7.0,9.0,28.3,5.5,100.0,0.0,0.0,0.0,0.0,1,64066.2822815
2015,43.0,1.0,Other Hispanic,some_college,middle (1.3-3.5x),2.67,0.0,0.0,0.0,0.0,0.0,0.0,12.0,40.0,6.2,35.0,0.0,1.0,1.0,1.0,0,13081.4901275
2015,43.0,1.0,Other Hispanic,hs_or_less,middle (1.3-3.5x),1.49,0.0,0.0,3600.0,0.0,0.0,0.0,4.0,31.2,5.5,37.0,0.0,0.0,1.0,1.0,0,9917.8801415
2015,23.0,0.0,Mexican American,some_college,low (<1.3x poverty),1.07,720.0,2880.0,0.0,90.0,360.0,1.0,5.0,29.3,5.4,33.0,0.0,0.0,0.0,0.0,1,18987.15311
2015,57.0,0.0,Other Hispanic,some_college,middle (1.3-3.5x),2.24,0.0,4800.0,0.0,0.0,1200.0,0.0,4.0,24.2,5.5,29.0,0.0,0.0,0.0,0.0,0,12980.3462515
2015,27.0,1.0,NH White,some_college,middle (1.3-3.5x),2.95,880.0,0.0,0.0,130.0,0.0,4.0,10.0,21.1,4.7,62.0,0.0,0.0,0.0,0.0,1,36586.246719
2015,59.0,0.0,NH White,hs_or_less,middle (1.3-3.5x),3.0,0.0,0.0,0.0,0.0,0.0,0.0,6.0,36.8,6.6,42.0,1.0,1.0,1.0,1.0,0,13833.8555925
2015,46.0,0.0,NH White,some_college,middle (1.3-3.5x),1.76,0.0,18000.0,0.0,0.0,3000.0,0.0,3.0,31.0,5.2,48.0,0.0,0.0,1.0,0.0,0,14834.689984
2015,52.0,0.0,NH White,college_plus,high (>3.5x),5.0,960.0,4080.0,0.0,180.0,780.0,2.0,4.0,22.2,5.1,43.0,0.0,0.0,0.0,0.0,1,64778.3337485
2015,50.0,0.0,Other/Multi,hs_or_less,low (<1.3x poverty),0.69,0.0,1200.0,0.0,0.0,180.0,0.0,4.0,30.9,5.6,30.0,0.0,0.0,1.0,1.0,0,15643.372746
2015,35.0,0.0,NH White,hs_or_less,high (>3.5x),5.0,720.0,480.0,0.0,180.0,120.0,3.0,8.0,32.7,5.4,21.0,0.0,0.0,1.0,0.0,1,52053.635742
2015,20.0,1.0,NH White,some_college,high (>3.5x),5.0,6960.0,2880.0,0.0,1020.0,720.0,7.0,3.0,25.1,5.3,88.0,0.0,0.0,0.0,0.0,1,46110.4286475
2015,48.0,0.0,NH Black,some_college,high (>3.5x),4.12,2400.0,7200.0,960.0,480.0,1800.0,7.0,3.0,33.2,6.3,57.0,0.0,1.0,1.0,0.0,1,13386.929101
2015,29.0,1.0,NH Asian,college_plus,high (>3.5x),5.0,240.0,0.0,0.0,60.0,0.0,1.0,10.0,35.2,5.5,16.0,0.0,0.0,1.0,1.0,0,8414.0178905
2015,65.0,1.0,Mexican American,some_college,middle (1.3-3.5x),1.68,0.0,0.0,0.0,0.0,0.0,0.0,11.0,27.4,5.5,65.0,0.0,0.0,0.0,0.0,0,6270.6190925
2015,65.0,1.0,NH White,college_plus,high (>3.5x),4.25,360.0,2400.0,0.0,90.0,600.0,3.0,3.0,39.6,6.1,63.0,0.0,1.0,1.0,0.0,0,64035.569623
2015,46.0,1.0,NH White,hs_or_less,middle (1.3-3.5x),2.89,480.0,1200.0,0.0,120.0,300.0,2.0,4.0,29.0,5.5,53.0,0.0,0.0,0.0,0.0,0,58804.485978
2015,32.0,0.0,Other Hispanic,hs_or_less,middle (1.3-3.5x),1.85,1200.0,4800.0,0.0,210.0,1200.0,7.0,3.0,28.1,5.4,67.0,0.0,0.0,0.0,0.0,1,15940.0732825
2015,60.0,1.0,Mexican American,hs_or_less,high (>3.5x),3.68,540.0,0.0,0.0,135.0,0.0,3.0,2.0,27.1,6.6,51.0,1.0,1.0,0.0,0.0,0,4537.921586
2015,42.0,1.0,Other Hispanic,hs_or_less,middle (1.3-3.5x),1.49,2160.0,2160.0,1440.0,360.0,540.0,6.0,4.0,32.9,5.8,42.0,0.0,1.0,1.0,0.0,1,16601.8571485
2015,63.0,1.0,Mexican American,hs_or_less,middle (1.3-3.5x),1.69,0.0,0.0,0.0,0.0,0.0,0.0,2.0,29.9,6.1,45.0,0.0,1.0,0.0,0.0,0,5434.536547
2015,48.0,0.0,NH White,some_college,middle (1.3-3.5x),2.27,3360.0,0.0,600.0,600.0,0.0,7.0,15.0,23.5,4.5,38.0,0.0,0.0,0.0,0.0,1,23894.7114665
2015,59.0,1.0,NH White,some_college,high (>3.5x),5.0,120.0,0.0,0.0,30.0,0.0,2.0,3.0,24.9,5.5,96.0,0.0,0.0,0.0,0.0,0,62612.040389
2015,62.0,0.0,Other Hispanic,some_college,middle (1.3-3.5x),1.49,0.0,1200.0,0.0,0.0,300.0,0.0,4.0,24.6,5.5,53.0,0.0,0.0,0.0,1.0,0,4126.64178
2015,37.0,1.0,NH Black,college_plus,low (<1.3x poverty),0.94,0.0,200.0,0.0,0.0,50.0,0.0,18.0,35.6,6.0,29.0,1.0,1.0,1.0,1.0,0,12863.7966645
2015,21.0,1.0,Mexican American,hs_or_less,low (<1.3x poverty),0.83,0.0,9120.0,0.0,0.0,2040.0,0.0,4.0,31.8,5.7,52.0,0.0,1.0,1.0,0.0,0,11303.3069665
2015,51.0,1.0,Other Hispanic,some_college,high (>3.5x),5.0,0.0,0.0,0.0,0.0,0.0,0.0,10.0,23.7,5.6,48.0,0.0,0.0,0.0,0.0,0,8099.4581955
2015,38.0,1.0,Mexican American,hs_or_less,low (<1.3x poverty),1.0,0.0,0.0,0.0,0.0,0.0,0.0,8.0,44.6,5.5,23.0,0.0,0.0,1.0,1.0,0,11199.5699055
2015,45.0,1.0,NH Black,hs_or_less,high (>3.5x),3.71,1440.0,1440.0,300.0,360.0,360.0,3.0,9.0,40.2,6.0,65.0,0.0,1.0,1.0,1.0,1,8240.5024275
2015,22.0,0.0,NH White,some_college,high (>3.5x),5.0,2880.0,0.0,0.0,420.0,0.0,7.0,2.0,25.5,4.7,40.0,0.0,0.0,0.0,0.0,1,57358.823966
2015,43.0,1.0,Mexican American,hs_or_less,middle (1.3-3.5x),1.38,0.0,7200.0,0.0,0.0,1800.0,0.0,2.0,24.5,5.5,71.0,0.0,0.0,0.0,1.0,0,14374.910837
2015,32.0,0.0,Other Hispanic,hs_or_less,low (<1.3x poverty),0.39,0.0,11520.0,720.0,0.0,1920.0,0.0,6.0,36.6,5.6,34.0,0.0,0.0,1.0,1.0,0,10316.585827
2015,49.0,1.0,NH Black,college_plus,high (>3.5x),4.39,3600.0,0.0,0.0,600.0,0.0,7.0,10.0,27.8,5.5,80.0,0.0,0.0,0.0,0.0,1,12178.67557
2015,52.0,1.0,NH Black,hs_or_less,middle (1.3-3.5x),2.99,0.0,0.0,0.0,0.0,0.0,0.0,12.0,28.9,5.9,78.0,0.0,1.0,0.0,0.0,0,16267.684227
2015,31.0,0.0,NH White,college_plus,middle (1.3-3.5x),2.81,5040.0,8160.0,0.0,720.0,1320.0,4.0,6.0,33.7,5.0,54.0,0.0,0.0,1.0,0.0,1,57541.494419
2015,62.0,1.0,NH Black,some_college,low (<1.3x poverty),1.1,0.0,360.0,0.0,0.0,90.0,0.0,12.0,25.3,5.5,89.0,0.0,0.0,0.0,1.0,0,12091.7307545
2015,43.0,0.0,Mexican American,hs_or_less,low (<1.3x poverty),1.13,1920.0,0.0,0.0,240.0,0.0,2.0,18.0,45.6,4.5,43.0,1.0,1.0,1.0,1.0,1,12304.845429
2015,60.0,1.0,NH Black,some_college,middle (1.3-3.5x),2.11,1200.0,0.0,0.0,300.0,0.0,5.0,6.0,35.7,5.9,79.0,1.0,1.0,1.0,0.0,1,10564.891435
2015,55.0,1.0,NH White,hs_or_less,middle (1.3-3.5x),1.86,0.0,0.0,0.0,0.0,0.0,0.0,10.0,33.6,5.7,76.0,0.0,1.0,1.0,1.0,0,22657.413322
2015,22.0,0.0,NH Asian,hs_or_less,high (>3.5x),3.57,0.0,10080.0,0.0,0.0,2520.0,0.0,7.0,22.0,5.5,45.0,0.0,0.0,0.0,0.0,0,7165.5825605
2015,23.0,1.0,Mexican American,hs_or_less,middle (1.3-3.5x),2.88,0.0,240.0,0.0,0.0,60.0,0.0,10.0,29.7,5.2,76.0,0.0,0.0,0.0,1.0,0,17854.0576345
2015,34.0,0.0,Other/Multi,hs_or_less,middle (1.3-3.5x),2.09,0.0,3600.0,0.0,0.0,900.0,0.0,3.0,35.2,11.0,35.0,1.0,1.0,1.0,1.0,0,11448.2731875
2015,65.0,1.0,NH Asian,college_plus,middle (1.3-3.5x),3.22,600.0,0.0,0.0,150.0,0.0,5.0,6.0,23.4,6.2,52.0,0.0,1.0,0.0,0.0,1,11793.9165315
2015,35.0,1.0,NH White,some_college,low (<1.3x poverty),0.92,0.0,960.0,0.0,0.0,240.0,0.0,3.0,38.2,5.5,50.0,0.0,0.0,1.0,0.0,0,20482.0238455
2015,46.0,1.0,Mexican American,some_college,low (<1.3x poverty),0.92,0.0,240.0,0.0,0.0,30.0,0.0,7.0,52.8,5.1,53.0,0.0,0.0,1.0,0.0,0,10905.7868865
2015,31.0,1.0,NH Asian,college_plus,middle (1.3-3.5x),3.24,0.0,80.0,0.0,0.0,20.0,0.0,10.0,19.4,5.4,82.0,0.0,0.0,0.0,0.0,0,7476.448571
2015,30.0,1.0,Other/Multi,some_college,middle (1.3-3.5x),2.5,1360.0,8400.0,1920.0,220.0,2100.0,7.0,4.0,32.9,4.8,59.0,0.0,0.0,1.0,0.0,1,15683.566629
2015,31.0,0.0,Other Hispanic,some_college,middle (1.3-3.5x),2.64,3360.0,0.0,0.0,480.0,0.0,3.0,6.0,39.6,5.5,33.0,0.0,0.0,1.0,1.0,1,10435.697218
2015,32.0,0.0,Other/Multi,some_college,middle (1.3-3.5x),1.36,5040.0,0.0,0.0,720.0,0.0,6.0,10.0,28.0,4.2,59.0,0.0,0.0,0.0,0.0,1,14207.49293
2015,21.0,1.0,NH Asian,some_college,middle (1.3-3.5x),2.55,2880.0,9600.0,0.0,360.0,1200.0,3.0,5.0,32.8,6.4,34.0,0.0,1.0,1.0,0.0,1,9311.3061095
2015,65.0,1.0,NH White,hs_or_less,middle (1.3-3.5x),1.5,720.0,0.0,0.0,180.0,0.0,3.0,6.0,35.3,6.0,55.0,1.0,1.0,1.0,0.0,1,70310.222154
2015,47.0,1.0,Mexican American,hs_or_less,middle (1.3-3.5x),1.49,0.0,0.0,0.0,0.0,0.0,0.0,5.0,41.2,6.3,46.0,0.0,1.0,1.0,1.0,0,12902.417128
2015,26.0,0.0,NH White,college_plus,high (>3.5x),5.0,6240.0,0.0,0.0,840.0,0.0,5.0,11.0,22.4,4.9,74.0,0.0,0.0,0.0,0.0,1,58218.4574005
2015,34.0,1.0,NH Black,some_college,low (<1.3x poverty),0.55,0.0,0.0,0.0,0.0,0.0,0.0,12.0,27.0,5.3,64.0,0.0,0.0,0.0,1.0,0,9776.571541
2015,45.0,1.0,NH White,some_college,high (>3.5x),5.0,1080.0,240.0,0.0,195.0,60.0,7.0,10.0,28.6,5.1,48.0,0.0,0.0,0.0,0.0,1,46209.083726
2015,64.0,0.0,NH Asian,college_plus,high (>3.5x),5.0,480.0,0.0,0.0,120.0,0.0,2.0,12.0,24.0,6.4,45.0,0.0,1.0,0.0,0.0,0,10418.3274525
2015,48.0,1.0,NH White,hs_or_less,high (>3.5x),4.68,0.0,0.0,0.0,0.0,0.0,0.0,7.0,27.1,5.3,46.0,0.0,0.0,0.0,0.0,0,77587.9392255
2015,56.0,1.0,Other Hispanic,hs_or_less,low (<1.3x poverty),1.0,0.0,0.0,240.0,0.0,0.0,0.0,4.0,36.3,5.7,34.0,1.0,1.0,1.0,1.0,0,6412.736443
2015,53.0,1.0,NH White,some_college,high (>3.5x),5.0,800.0,0.0,0.0,200.0,0.0,5.0,5.0,22.5,5.2,69.0,0.0,0.0,0.0,0.0,1,86504.829479
2015,42.0,1.0,Other Hispanic,hs_or_less,low (<1.3x poverty),1.05,0.0,1440.0,0.0,0.0,360.0,0.0,6.0,24.6,5.2,42.0,0.0,0.0,0.0,1.0,0,11634.451544
2015,48.0,1.0,NH Asian,hs_or_less,middle (1.3-3.5x),1.59,0.0,0.0,0.0,0.0,0.0,0.0,5.0,24.6,10.7,72.0,1.0,1.0,0.0,0.0,0,8143.344282
2015,63.0,0.0,NH Asian,hs_or_less,low (<1.3x poverty),0.96,0.0,0.0,0.0,0.0,0.0,0.0,0.25,21.7,8.2,77.0,1.0,1.0,0.0,1.0,0,12465.7032655
2015,30.0,1.0,Other Hispanic,hs_or_less,middle (1.3-3.5x),1.58,2160.0,0.0,0.0,360.0,0.0,6.0,3.0,31.1,4.8,88.0,0.0,0.0,1.0,0.0,1,11749.5704415
2015,51.0,0.0,NH Black,hs_or_less,middle (1.3-3.5x),2.1,4320.0,2400.0,0.0,720.0,600.0,7.0,7.0,28.0,6.1,58.0,0.0,1.0,0.0,0.0,1,11946.9257085
2015,32.0,1.0,NH White,some_college,low (<1.3x poverty),1.29,0.0,0.0,0.0,0.0,0.0,0.0,5.0,30.7,5.5,34.0,0.0,0.0,1.0,1.0,0,33916.2220235
2015,29.0,0.0,Mexican American,hs_or_less,middle (1.3-3.5x),1.35,0.0,15840.0,0.0,0.0,2880.0,0.0,3.0,27.7,5.9,31.0,0.0,1.0,0.0,0.0,0,16675.039886
2015,56.0,0.0,Mexican American,some_college,middle (1.3-3.5x),3.48,1440.0,9600.0,0.0,360.0,1440.0,3.0,6.0,31.3,5.0,50.0,0.0,0.0,1.0,0.0,1,13115.5118765
2015,34.0,0.0,NH Black,hs_or_less,low (<1.3x poverty),0.91,0.0,14400.0,0.0,0.0,2520.0,0.0,3.0,34.8,6.0,75.0,0.0,1.0,1.0,0.0,0,11806.5411155
2015,23.0,0.0,NH Black,hs_or_less,low (<1.3x poverty),0.52,0.0,0.0,0.0,0.0,0.0,0.0,8.0,24.8,5.5,45.0,0.0,0.0,0.0,0.0,0,11350.2751165
2015,22.0,0.0,NH White,college_plus,middle (1.3-3.5x),1.87,1080.0,0.0,1200.0,180.0,0.0,6.0,5.0,26.8,5.2,39.0,0.0,0.0,0.0,0.0,1,45814.61002
2015,22.0,1.0,NH White,some_college,middle (1.3-3.5x),1.58,1440.0,0.0,0.0,210.0,0.0,7.0,4.0,26.6,5.4,47.0,0.0,0.0,0.0,0.0,1,37299.128737
2015,43.0,0.0,NH White,some_college,high (>3.5x),5.0,960.0,9600.0,0.0,240.0,1440.0,2.0,7.0,30.8,5.0,41.0,0.0,0.0,1.0,0.0,1,48877.518397
2015,61.0,1.0,NH White,some_college,low (<1.3x poverty),1.18,0.0,0.0,0.0,0.0,0.0,0.0,12.0,37.7,5.8,59.0,1.0,1.0,1.0,0.0,0,19457.9919515
2015,50.0,1.0,Other Hispanic,some_college,low (<1.3x poverty),1.02,0.0,0.0,240.0,0.0,0.0,0.0,5.0,43.3,5.6,40.0,0.0,0.0,1.0,1.0,0,5108.461729
2015,21.0,1.0,NH Black,some_college,middle (1.3-3.5x),2.1,2160.0,2160.0,1200.0,360.0,360.0,6.0,2.0,43.5,5.4,56.0,0.0,0.0,1.0,0.0,1,9137.9113235
2015,32.0,1.0,NH Asian,college_plus,high (>3.5x),5.0,0.0,0.0,0.0,0.0,0.0,0.0,6.0,27.7,5.5,50.0,0.0,0.0,0.0,0.0,0,13163.8365265
2015,50.0,1.0,Other Hispanic,hs_or_less,middle (1.3-3.5x),3.3,960.0,0.0,0.0,240.0,0.0,4.0,4.0,38.8,5.2,44.0,0.0,0.0,1.0,1.0,1,7070.194286
2015,40.0,1.0,Mexican American,hs_or_less,low (<1.3x poverty),0.56,0.0,0.0,600.0,0.0,0.0,0.0,3.0,25.2,5.0,48.0,0.0,0.0,0.0,0.0,0,9292.4088235
2015,40.0,1.0,Mexican American,college_plus,high (>3.5x),3.6,0.0,0.0,0.0,0.0,0.0,0.0,10.0,22.7,5.5,56.0,0.0,0.0,0.0,0.0,0,15334.426291
2015,65.0,1.0,Other Hispanic,some_college,middle (1.3-3.5x),2.23,0.0,2160.0,0.0,0.0,540.0,0.0,3.0,46.9,5.8,51.0,0.0,1.0,1.0,1.0,0,4626.0447105
2015,37.0,0.0,Other/Multi,some_college,middle (1.3-3.5x),2.12,0.0,160.0,0.0,0.0,40.0,0.0,8.0,45.5,5.5,59.0,0.0,0.0,1.0,0.0,0,12840.5271385
2015,35.0,0.0,NH Black,some_college,low (<1.3x poverty),0.35,0.0,0.0,0.0,0.0,0.0,0.0,2.0,23.9,5.5,47.0,0.0,0.0,0.0,0.0,0,9240.540282
2015,25.0,1.0,Other Hispanic,college_plus,high (>3.5x),4.04,1560.0,0.0,0.0,270.0,0.0,7.0,7.0,26.9,5.1,42.0,0.0,0.0,0.0,0.0,1,21699.031493
2015,63.0,1.0,Other Hispanic,some_college,high (>3.5x),5.0,480.0,6720.0,0.0,120.0,1320.0,4.0,4.0,31.1,5.8,68.0,0.0,1.0,1.0,0.0,0,4521.1629695
2015,20.0,0.0,Mexican American,hs_or_less,low (<1.3x poverty),0.78,0.0,11280.0,0.0,0.0,1560.0,0.0,6.0,30.3,5.7,49.0,0.0,1.0,1.0,0.0,0,19939.797367
2015,61.0,1.0,NH White,hs_or_less,high (>3.5x),3.77,0.0,0.0,0.0,0.0,0.0,0.0,10.0,57.4,5.9,43.0,0.0,1.0,1.0,0.0,0,47702.137619
2015,42.0,1.0,NH White,some_college,low (<1.3x poverty),1.15,480.0,1200.0,0.0,120.0,300.0,2.0,4.0,41.1,5.4,65.0,0.0,0.0,1.0,0.0,0,12469.749652
2015,61.0,0.0,Other Hispanic,hs_or_less,middle (1.3-3.5x),2.08,0.0,0.0,0.0,0.0,0.0,0.0,6.0,37.6,10.1,30.0,1.0,1.0,1.0,1.0,0,4556.152752
2015,50.0,0.0,Mexican American,hs_or_less,low (<1.3x poverty),0.95,1920.0,0.0,0.0,240.0,0.0,4.0,3.0,28.0,5.2,60.0,0.0,0.0,0.0,1.0,1,8512.4805505
2015,62.0,1.0,NH Asian,college_plus,high (>3.5x),4.39,900.0,0.0,0.0,225.0,0.0,5.0,3.0,20.9,7.0,63.0,1.0,1.0,0.0,0.0,1,8436.3294355
2015,48.0,1.0,NH Black,some_college,low (<1.3x poverty),0.95,480.0,2400.0,0.0,120.0,600.0,2.0,10.0,23.7,5.6,62.0,0.0,0.0,0.0,0.0,0,8394.078888
2015,47.0,0.0,NH White,some_college,high (>3.5x),5.0,480.0,0.0,0.0,120.0,0.0,4.0,10.0,35.6,5.0,61.0,0.0,0.0,1.0,0.0,0,71679.0810545
2015,49.0,1.0,NH White,college_plus,middle (1.3-3.5x),3.43,960.0,400.0,0.0,240.0,50.0,4.0,6.0,31.0,5.5,80.0,0.0,0.0,1.0,0.0,1,66293.779979
2015,29.0,0.0,Other Hispanic,hs_or_less,middle (1.3-3.5x),3.07,960.0,14400.0,0.0,120.0,2400.0,2.0,5.0,34.6,5.7,46.0,0.0,1.0,1.0,0.0,1,22199.8376375
2015,63.0,0.0,NH Black,hs_or_less,middle (1.3-3.5x),2.79,0.0,0.0,1440.0,0.0,0.0,0.0,12.0,23.5,7.7,50.0,1.0,1.0,0.0,1.0,0,8085.2222125
2015,21.0,1.0,Other/Multi,some_college,low (<1.3x poverty),0.85,0.0,4800.0,0.0,0.0,1200.0,0.0,3.0,21.9,5.8,77.0,0.0,1.0,0.0,0.0,0,60743.1651295
2015,30.0,0.0,NH White,hs_or_less,low (<1.3x poverty),0.25,0.0,7200.0,0.0,0.0,1800.0,0.0,3.0,31.1,5.5,44.0,0.0,0.0,1.0,0.0,0,18908.7457955
2015,20.0,1.0,NH Asian,hs_or_less,middle (1.3-3.5x),2.06,0.0,4800.0,0.0,0.0,1200.0,0.0,12.0,16.4,5.0,68.0,0.0,0.0,0.0,1.0,0,7280.5858445
2015,53.0,1.0,NH White,college_plus,middle (1.3-3.5x),2.68,360.0,0.0,0.0,90.0,0.0,2.0,3.0,25.7,6.2,42.0,0.0,1.0,0.0,0.0,0,101781.427693
2015,62.0,1.0,Mexican American,some_college,high (>3.5x),5.0,0.0,0.0,0.0,0.0,0.0,0.0,8.0,30.6,5.8,62.0,0.0,1.0,1.0,0.0,0,4174.786244
2015,42.0,0.0,NH White,some_college,middle (1.3-3.5x),2.98,0.0,7200.0,0.0,0.0,1620.0,0.0,4.0,34.9,4.7,29.0,0.0,0.0,1.0,1.0,0,13188.0357735
2015,20.0,1.0,Other Hispanic,hs_or_less,high (>3.5x),3.7,960.0,2400.0,0.0,240.0,600.0,1.0,6.0,18.7,5.1,58.0,0.0,0.0,0.0,0.0,1,14122.191429
2015,57.0,0.0,Other Hispanic,college_plus,middle (1.3-3.5x),2.87,0.0,0.0,0.0,0.0,0.0,0.0,5.0,27.3,9.2,23.0,1.0,1.0,0.0,0.0,0,11189.953665
2015,52.0,0.0,NH Asian,some_college,middle (1.3-3.5x),1.85,1920.0,480.0,0.0,240.0,60.0,2.0,8.0,23.3,5.7,35.0,0.0,1.0,0.0,0.0,1,10346.7005285
2015,33.0,0.0,NH Black,hs_or_less,middle (1.3-3.5x),1.41,960.0,28800.0,0.0,240.0,4800.0,4.0,5.0,28.8,5.4,38.0,0.0,0.0,0.0,1.0,1,9952.675497
2015,27.0,1.0,Other Hispanic,college_plus,low (<1.3x poverty),0.92,0.0,0.0,0.0,0.0,0.0,0.0,3.0,22.5,4.9,43.0,0.0,0.0,0.0,0.0,0,11548.231049
2015,54.0,0.0,NH Asian,college_plus,high (>3.5x),5.0,480.0,0.0,0.0,120.0,0.0,2.0,14.0,21.1,5.2,65.0,0.0,0.0,0.0,0.0,0,8071.6737305
2015,36.0,1.0,NH White,hs_or_less,middle (1.3-3.5x),2.14,0.0,0.0,0.0,0.0,0.0,0.0,13.0,22.8,5.2,41.0,0.0,0.0,0.0,1.0,0,26976.857903
2015,62.0,0.0,Other Hispanic,some_college,low (<1.3x poverty),0.35,0.0,0.0,0.0,0.0,0.0,0.0,0.3333333333333333,18.9,5.3,87.0,0.0,0.0,0.0,0.0,0,4473.931769
2015,38.0,0.0,Mexican American,hs_or_less,middle (1.3-3.5x),2.59,0.0,0.0,0.0,0.0,0.0,0.0,10.0,33.4,10.5,18.0,1.0,1.0,1.0,0.0,0,15540.379688
2015,45.0,0.0,NH Black,hs_or_less,middle (1.3-3.5x),2.5,1080.0,28800.0,0.0,270.0,4800.0,3.0,3.0,38.0,7.6,37.0,1.0,1.0,1.0,0.0,1,12842.978806
2015,63.0,1.0,NH Black,hs_or_less,low (<1.3x poverty),1.13,0.0,0.0,0.0,0.0,0.0,0.0,0.5,26.9,5.8,88.0,0.0,1.0,0.0,1.0,0,12192.855469
2015,22.0,0.0,NH White,some_college,low (<1.3x poverty),1.02,2400.0,0.0,1000.0,300.0,0.0,5.0,14.0,26.1,4.7,51.0,0.0,0.0,0.0,0.0,1,64513.00016
2015,30.0,0.0,NH White,some_college,high (>3.5x),5.0,1440.0,0.0,0.0,360.0,0.0,3.0,10.0,50.7,5.6,37.0,1.0,1.0,1.0,1.0,1,38727.247181
2015,65.0,0.0,Other Hispanic,some_college,low (<1.3x poverty),1.09,0.0,0.0,0.0,0.0,0.0,0.0,13.0,29.1,5.7,51.0,0.0,1.0,0.0,0.0,0,4557.909088
2015,25.0,1.0,Mexican American,college_plus,middle (1.3-3.5x),3.09,240.0,0.0,0.0,60.0,0.0,1.0,5.0,17.4,5.7,55.0,0.0,1.0,0.0,0.0,0,10334.856711
2015,40.0,1.0,Mexican American,hs_or_less,middle (1.3-3.5x),1.65,120.0,0.0,0.0,30.0,0.0,2.0,4.0,36.7,5.2,43.0,0.0,0.0,1.0,1.0,0,17965.6515755
2015,46.0,0.0,NH White,college_plus,high (>3.5x),3.71,1680.0,480.0,0.0,240.0,120.0,5.0,6.0,32.5,4.9,46.0,0.0,0.0,1.0,0.0,1,61352.719027
2015,28.0,1.0,Mexican American,hs_or_less,high (>3.5x),5.0,0.0,0.0,0.0,0.0,0.0,0.0,5.0,18.1,4.8,81.0,0.0,0.0,0.0,0.0,0,12835.4534095
2015,41.0,1.0,NH White,college_plus,high (>3.5x),5.0,3780.0,960.0,0.0,585.0,240.0,7.0,2.0,24.6,4.9,83.0,0.0,0.0,0.0,0.0,1,66358.6518455
2015,52.0,1.0,NH White,some_college,high (>3.5x),3.75,0.0,0.0,0.0,0.0,0.0,0.0,7.0,34.1,5.4,55.0,0.0,0.0,1.0,0.0,0,61725.965294
2015,52.0,1.0,NH Black,hs_or_less,middle (1.3-3.5x),2.61,0.0,2400.0,480.0,0.0,600.0,0.0,7.0,19.5,5.8,64.0,0.0,1.0,0.0,0.0,0,10635.297779
2015,41.0,1.0,Mexican American,hs_or_less,low (<1.3x poverty),0.69,0.0,0.0,0.0,0.0,0.0,0.0,3.0,32.4,5.7,41.0,0.0,1.0,1.0,1.0,0,8167.251565
2015,60.0,1.0,NH White,some_college,low (<1.3x poverty),0.53,180.0,0.0,0.0,45.0,0.0,3.0,4.0,28.4,5.7,43.0,0.0,1.0,0.0,0.0,0,20247.4130115
2015,30.0,0.0,Mexican American,some_college,low (<1.3x poverty),1.23,4320.0,7200.0,0.0,720.0,1200.0,7.0,3.0,31.4,5.5,40.0,0.0,0.0,1.0,1.0,1,10618.559041
2015,60.0,1.0,Mexican American,hs_or_less,middle (1.3-3.5x),1.57,0.0,0.0,0.0,0.0,0.0,0.0,3.0,27.7,6.9,41.0,1.0,1.0,0.0,0.0,0,4651.7609695
2015,60.0,0.0,NH Black,college_plus,middle (1.3-3.5x),1.57,0.0,0.0,0.0,0.0,0.0,0.0,8.0,29.5,5.9,75.0,0.0,1.0,0.0,0.0,0,6500.8066645
2015,60.0,1.0,NH White,hs_or_less,middle (1.3-3.5x),1.65,0.0,0.0,0.0,0.0,0.0,0.0,8.0,21.1,5.7,53.0,0.0,1.0,0.0,0.0,0,22995.9298815
2015,60.0,1.0,NH Black,some_college,middle (1.3-3.5x),2.61,240.0,1440.0,0.0,60.0,360.0,2.0,5.0,28.8,6.1,47.0,0.0,1.0,0.0,0.0,0,10564.891435
2015,50.0,1.0,Mexican American,some_college,high (>3.5x),4.39,360.0,0.0,0.0,90.0,0.0,3.0,5.0,28.4,5.6,62.0,0.0,0.0,0.0,0.0,0,10558.1834415
2015,51.0,1.0,NH Black,college_plus,low (<1.3x poverty),1.26,1800.0,0.0,0.0,300.0,0.0,7.0,8.0,29.9,6.0,45.0,0.0,1.0,0.0,0.0,1,13086.097287
2015,42.0,0.0,NH Asian,hs_or_less,low (<1.3x poverty),1.03,60.0,240.0,0.0,15.0,30.0,1.0,2.0,26.7,5.7,61.0,0.0,1.0,0.0,0.0,0,13062.83238
2015,58.0,0.0,NH White,hs_or_less,middle (1.3-3.5x),3.14,0.0,6240.0,0.0,0.0,1380.0,0.0,3.0,29.9,10.8,32.0,1.0,1.0,0.0,1.0,0,59679.3057785
2015,55.0,1.0,Mexican American,hs_or_less,low (<1.3x poverty),0.56,0.0,0.0,0.0,0.0,0.0,0.0,0.5,29.8,5.7,56.0,0.0,1.0,0.0,0.0,0,8409.554513
2015,53.0,0.0,NH Black,hs_or_less,low (<1.3x poverty),0.05,0.0,16800.0,0.0,0.0,2700.0,0.0,4.0,28.9,6.0,35.0,0.0,1.0,0.0,0.0,0,10064.4444435
2015,61.0,1.0,Other Hispanic,hs_or_less,low (<1.3x poverty),0.83,0.0,0.0,0.0,0.0,0.0,0.0,2.0,26.1,9.8,34.0,1.0,1.0,0.0,1.0,0,4836.9551385
2015,43.0,0.0,Other Hispanic,hs_or_less,middle (1.3-3.5x),2.59,0.0,6720.0,0.0,0.0,1200.0,0.0,10.0,29.0,5.6,34.0,0.0,0.0,0.0,0.0,0,15327.3544665
2015,37.0,1.0,Mexican American,some_college,middle (1.3-3.5x),2.79,1080.0,0.0,0.0,180.0,0.0,6.0,3.0,31.6,4.6,30.0,0.0,0.0,1.0,0.0,1,9439.268001
2015,32.0,1.0,Other Hispanic,some_college,middle (1.3-3.5x),1.57,1440.0,0.0,2880.0,180.0,0.0,3.0,5.0,22.5,5.1,63.0,0.0,0.0,0.0,0.0,1,14250.3970455
2015,32.0,1.0,Mexican American,hs_or_less,low (<1.3x poverty),1.06,0.0,0.0,0.0,0.0,0.0,0.0,8.0,28.3,5.8,63.0,0.0,1.0,0.0,1.0,0,11321.181129
2015,61.0,0.0,NH White,college_plus,high (>3.5x),5.0,1020.0,0.0,0.0,195.0,0.0,5.0,10.0,24.0,5.3,63.0,0.0,0.0,0.0,0.0,1,72919.3410475
2015,26.0,1.0,NH White,some_college,high (>3.5x),4.46,0.0,9120.0,0.0,0.0,1740.0,0.0,7.0,19.6,4.9,45.0,0.0,0.0,0.0,0.0,0,48128.490389
2015,33.0,1.0,NH Black,hs_or_less,middle (1.3-3.5x),2.45,0.0,0.0,0.0,0.0,0.0,0.0,4.0,24.6,5.3,83.0,0.0,0.0,0.0,0.0,0,10226.1980895
2015,28.0,0.0,Mexican American,hs_or_less,low (<1.3x poverty),1.04,7200.0,480.0,0.0,1200.0,120.0,7.0,2.0,30.2,5.9,43.0,0.0,1.0,1.0,1.0,1,15322.172846
2015,38.0,0.0,NH White,some_college,middle (1.3-3.5x),1.53,0.0,17280.0,0.0,0.0,2880.0,0.0,4.0,34.3,8.6,32.0,1.0,1.0,1.0,0.0,0,16889.6223695
2015,29.0,0.0,NH White,college_plus,high (>3.5x),5.0,3120.0,1440.0,600.0,420.0,360.0,6.0,7.0,24.4,5.6,51.0,0.0,0.0,0.0,0.0,1,53290.282925
2015,36.0,0.0,Mexican American,hs_or_less,low (<1.3x poverty),0.31,0.0,0.0,0.0,0.0,0.0,0.0,7.0,27.8,14.2,41.0,1.0,1.0,0.0,1.0,0,15540.379688
2015,59.0,0.0,NH White,college_plus,high (>3.5x),5.0,0.0,960.0,0.0,0.0,240.0,0.0,12.0,31.7,5.8,34.0,0.0,1.0,1.0,0.0,0,60900.3065945
2015,52.0,0.0,NH Asian,college_plus,high (>3.5x),5.0,1200.0,0.0,0.0,300.0,0.0,5.0,5.0,23.8,5.7,48.0,0.0,1.0,0.0,0.0,1,9073.9214665
2015,60.0,0.0,Other Hispanic,hs_or_less,low (<1.3x poverty),0.49,0.0,0.0,0.0,0.0,0.0,0.0,8.0,26.3,5.3,36.0,0.0,0.0,0.0,0.0,0,4056.8451655
2015,36.0,0.0,NH Asian,hs_or_less,middle (1.3-3.5x),2.46,320.0,0.0,0.0,80.0,0.0,2.0,6.0,26.1,5.2,51.0,0.0,0.0,0.0,0.0,0,8981.6211675
2015,57.0,0.0,NH Black,hs_or_less,middle (1.3-3.5x),2.99,0.0,7440.0,600.0,0.0,1680.0,0.0,8.0,36.7,8.4,38.0,1.0,1.0,1.0,0.0,0,10610.246891
2015,41.0,0.0,NH Black,some_college,middle (1.3-3.5x),1.41,2400.0,0.0,0.0,360.0,0.0,4.0,3.0,26.3,5.6,48.0,0.0,0.0,0.0,0.0,1,11255.217888
2015,52.0,0.0,NH Asian,college_plus,middle (1.3-3.5x),2.53,1680.0,0.0,0.0,240.0,0.0,5.0,4.0,24.6,5.2,51.0,0.0,0.0,0.0,0.0,1,9817.5441295
2015,50.0,1.0,Other Hispanic,college_plus,high (>3.5x),5.0,600.0,0.0,0.0,150.0,0.0,5.0,3.0,23.9,5.3,108.0,0.0,0.0,0.0,0.0,1,16238.04204
2015,43.0,1.0,NH White,some_college,middle (1.3-3.5x),1.69,0.0,0.0,0.0,0.0,0.0,0.0,12.0,42.2,6.4,53.0,0.0,1.0,1.0,1.0,0,14300.639687
2015,28.0,1.0,Mexican American,hs_or_less,middle (1.3-3.5x),1.86,0.0,0.0,360.0,0.0,0.0,0.0,3.0,26.0,5.7,76.0,0.0,1.0,0.0,0.0,0,16427.039228
2015,42.0,0.0,NH Black,hs_or_less,middle (1.3-3.5x),1.78,0.0,15840.0,0.0,0.0,2160.0,0.0,2.0,34.8,5.7,58.0,0.0,1.0,1.0,1.0,0,11600.440683
2015,46.0,1.0,NH Black,some_college,middle (1.3-3.5x),2.18,0.0,0.0,0.0,0.0,0.0,0.0,2.0,31.2,5.9,58.0,0.0,1.0,1.0,0.0,0,10371.20547
2015,59.0,1.0,Other Hispanic,hs_or_less,low (<1.3x poverty),0.42,0.0,0.0,0.0,0.0,0.0,0.0,4.0,29.5,13.1,50.0,1.0,1.0,0.0,1.0,0,7661.4299425
2015,56.0,0.0,NH White,hs_or_less,high (>3.5x),4.62,0.0,15840.0,0.0,0.0,3240.0,0.0,4.0,22.1,5.4,49.0,0.0,0.0,0.0,0.0,0,107988.6681525
2015,55.0,1.0,Other Hispanic,some_college,middle (1.3-3.5x),1.95,840.0,0.0,0.0,140.0,0.0,4.0,15.0,43.0,6.1,48.0,0.0,1.0,1.0,0.0,1,7935.568495
2015,25.0,1.0,NH Asian,college_plus,high (>3.5x),5.0,560.0,0.0,0.0,100.0,0.0,4.0,10.0,16.5,5.5,98.0,0.0,0.0,0.0,1.0,0,12177.327173
2015,29.0,1.0,NH White,college_plus,middle (1.3-3.5x),2.74,540.0,0.0,360.0,135.0,0.0,3.0,6.0,24.1,4.9,64.0,0.0,0.0,0.0,0.0,0,41555.0984
2015,62.0,0.0,NH Black,hs_or_less,low (<1.3x poverty),0.99,0.0,0.0,240.0,0.0,0.0,0.0,12.0,33.8,6.1,33.0,1.0,1.0,1.0,1.0,0,4654.8534585
2015,48.0,1.0,NH Black,hs_or_less,high (>3.5x),5.0,0.0,0.0,0.0,0.0,0.0,0.0,4.0,35.3,5.6,47.0,0.0,0.0,1.0,0.0,0,13690.7005205
2015,35.0,1.0,NH White,college_plus,middle (1.3-3.5x),1.43,2880.0,0.0,0.0,420.0,0.0,7.0,2.0,48.2,5.2,47.0,0.0,0.0,1.0,0.0,1,30906.656046
2015,23.0,0.0,NH White,college_plus,middle (1.3-3.5x),2.5,2880.0,7200.0,0.0,480.0,1200.0,7.0,6.0,24.4,4.9,63.0,0.0,0.0,0.0,0.0,1,36526.869226
2015,55.0,1.0,Other Hispanic,hs_or_less,high (>3.5x),3.6,1680.0,28800.0,0.0,240.0,4800.0,5.0,4.0,27.5,5.4,74.0,0.0,0.0,0.0,0.0,1,4666.02554
2015,23.0,1.0,Other Hispanic,some_college,middle (1.3-3.5x),1.6,1200.0,1440.0,0.0,180.0,360.0,3.0,5.0,19.6,4.7,58.0,0.0,0.0,0.0,0.0,1,17870.018644
2015,48.0,0.0,NH White,some_college,high (>3.5x),5.0,480.0,240.0,0.0,120.0,60.0,2.0,12.0,24.1,5.6,47.0,0.0,0.0,0.0,0.0,0,83690.7415605
2015,27.0,1.0,NH White,college_plus,high (>3.5x),5.0,300.0,960.0,0.0,75.0,240.0,3.0,6.0,32.1,4.9,69.0,0.0,0.0,1.0,0.0,0,56888.8615325
2015,52.0,1.0,NH Black,college_plus,middle (1.3-3.5x),2.41,4320.0,4320.0,0.0,1080.0,1080.0,6.0,4.0,32.1,6.0,72.0,0.0,1.0,1.0,0.0,1,9609.956689
2015,61.0,1.0,Other Hispanic,college_plus,high (>3.5x),5.0,2160.0,0.0,0.0,360.0,0.0,4.0,8.0,21.3,5.3,60.0,0.0,0.0,0.0,0.0,1,4057.2675025
2015,60.0,0.0,NH White,some_college,low (<1.3x poverty),0.8,5280.0,19200.0,320.0,960.0,3000.0,7.0,5.0,22.3,5.1,51.0,0.0,0.0,0.0,1.0,1,17483.172633
2015,47.0,0.0,NH Black,hs_or_less,low (<1.3x poverty),0.63,0.0,0.0,240.0,0.0,0.0,0.0,4.0,36.2,5.9,38.0,0.0,1.0,1.0,1.0,0,10013.8733165
2015,65.0,0.0,Other Hispanic,hs_or_less,middle (1.3-3.5x),1.79,480.0,0.0,0.0,120.0,0.0,2.0,1.5,25.1,5.5,48.0,0.0,0.0,0.0,1.0,0,4905.043728
2015,56.0,0.0,NH White,some_college,high (>3.5x),4.6,0.0,0.0,0.0,0.0,0.0,0.0,7.0,33.2,6.7,21.0,1.0,1.0,1.0,0.0,0,48307.0504695
2015,35.0,0.0,Mexican American,hs_or_less,middle (1.3-3.5x),2.69,4560.0,10800.0,960.0,1020.0,1800.0,5.0,4.0,24.1,5.5,34.0,0.0,0.0,0.0,0.0,1,15289.8365475
2015,49.0,1.0,NH Black,hs_or_less,middle (1.3-3.5x),2.16,0.0,0.0,0.0,0.0,0.0,0.0,4.0,41.7,6.4,80.0,0.0,1.0,1.0,1.0,0,10685.893855
2015,49.0,1.0,NH Black,hs_or_less,low (<1.3x poverty),0.75,0.0,0.0,0.0,0.0,0.0,0.0,12.0,44.1,5.9,53.0,1.0,1.0,1.0,1.0,0,11750.945759
2015,62.0,1.0,Mexican American,some_college,low (<1.3x poverty),1.15,300.0,200.0,0.0,75.0,50.0,5.0,6.0,39.9,5.5,56.0,0.0,0.0,1.0,0.0,0,4837.9317015
2015,61.0,1.0,NH White,college_plus,high (>3.5x),4.38,720.0,2400.0,0.0,180.0,600.0,3.0,4.0,42.7,5.8,54.0,0.0,1.0,1.0,0.0,1,61627.583428
2015,47.0,0.0,Mexican American,hs_or_less,middle (1.3-3.5x),1.65,1920.0,25920.0,0.0,480.0,3600.0,4.0,2.5,23.0,9.5,45.0,1.0,1.0,0.0,1.0,1,12304.845429
2015,20.0,0.0,Mexican American,some_college,low (<1.3x poverty),0.95,1440.0,0.0,0.0,180.0,0.0,3.0,5.0,19.9,4.9,71.0,0.0,0.0,0.0,0.0,1,15445.7385635
2015,46.0,1.0,NH White,college_plus,middle (1.3-3.5x),1.76,360.0,1200.0,0.0,90.0,300.0,3.0,6.0,25.4,5.3,83.0,0.0,0.0,0.0,0.0,0,15564.9459865
2015,33.0,0.0,NH White,college_plus,middle (1.3-3.5x),1.52,1080.0,14400.0,0.0,180.0,2400.0,6.0,4.0,19.3,5.1,75.0,0.0,0.0,0.0,0.0,1,18406.156302
2015,25.0,0.0,NH Black,some_college,high (>3.5x),3.52,4320.0,36000.0,320.0,720.0,6000.0,7.0,2.0,21.5,4.9,34.0,0.0,0.0,0.0,0.0,1,15843.7770365
2015,38.0,1.0,NH Black,some_college,low (<1.3x poverty),0.16,360.0,1140.0,0.0,90.0,165.0,3.0,5.0,37.5,5.5,64.0,1.0,1.0,1.0,1.0,0,20142.2699525
2015,64.0,1.0,Other Hispanic,hs_or_less,middle (1.3-3.5x),2.51,0.0,0.0,0.0,0.0,0.0,0.0,3.0,25.0,5.3,92.0,0.0,0.0,0.0,1.0,0,4992.580876
2015,25.0,0.0,Mexican American,hs_or_less,middle (1.3-3.5x),1.76,0.0,28800.0,0.0,0.0,4800.0,0.0,5.0,20.3,5.9,61.0,0.0,1.0,0.0,0.0,0,21509.4511825
2015,23.0,0.0,NH White,some_college,middle (1.3-3.5x),1.95,360.0,0.0,0.0,90.0,0.0,3.0,12.0,20.9,4.8,63.0,0.0,0.0,0.0,0.0,0,71517.8425065
2015,32.0,1.0,NH White,some_college,low (<1.3x poverty),0.88,960.0,3600.0,240.0,180.0,900.0,3.0,11.0,26.6,4.8,37.0,0.0,0.0,0.0,0.0,1,21325.6489565
2015,52.0,1.0,Mexican American,hs_or_less,low (<1.3x poverty),1.2,0.0,0.0,0.0,0.0,0.0,0.0,2.0,32.8,5.7,53.0,0.0,1.0,1.0,1.0,0,8135.5796145
2015,46.0,0.0,Mexican American,hs_or_less,middle (1.3-3.5x),1.3,320.0,400.0,0.0,40.0,100.0,2.0,4.0,30.8,6.1,35.0,0.0,1.0,1.0,0.0,0,17197.400094
2015,50.0,1.0,NH White,some_college,high (>3.5x),5.0,720.0,720.0,0.0,90.0,180.0,3.0,5.0,21.4,5.5,65.0,0.0,0.0,0.0,0.0,1,111023.9213885
2015,32.0,0.0,NH White,college_plus,middle (1.3-3.5x),1.81,1920.0,4800.0,0.0,240.0,1050.0,1.0,4.0,22.9,5.4,52.0,0.0,0.0,0.0,0.0,1,68618.122691
2015,64.0,0.0,NH Black,college_plus,middle (1.3-3.5x),3.16,360.0,240.0,0.0,90.0,30.0,3.0,3.0,28.8,5.8,40.0,0.0,1.0,0.0,0.0,0,6407.742322
2015,54.0,1.0,NH Black,college_plus,middle (1.3-3.5x),1.47,0.0,0.0,600.0,0.0,0.0,0.0,6.0,34.7,7.9,35.0,1.0,1.0,1.0,0.0,0,8878.472772
2015,35.0,0.0,Other Hispanic,college_plus,middle (1.3-3.5x),3.13,2880.0,7680.0,1440.0,360.0,1560.0,4.0,5.0,39.1,5.3,20.0,0.0,0.0,1.0,0.0,1,12022.6503295
2015,29.0,0.0,Other Hispanic,hs_or_less,middle (1.3-3.5x),2.55,480.0,0.0,0.0,60.0,0.0,2.0,8.0,27.6,5.7,46.0,0.0,1.0,0.0,1.0,0,17154.4054695
2015,50.0,1.0,NH White,some_college,high (>3.5x),5.0,3120.0,0.0,0.0,540.0,0.0,7.0,6.0,33.6,5.5,85.0,0.0,0.0,1.0,0.0,1,60861.749133
2015,31.0,0.0,Other/Multi,some_college,low (<1.3x poverty),1.03,2160.0,1440.0,0.0,540.0,360.0,3.0,6.0,40.5,5.2,52.0,0.0,0.0,1.0,0.0,1,14339.8468865
2015,43.0,1.0,Mexican American,college_plus,high (>3.5x),5.0,480.0,0.0,480.0,120.0,0.0,2.0,6.0,29.6,5.1,66.0,0.0,0.0,0.0,0.0,0,14124.8212935
2015,42.0,0.0,NH Asian,college_plus,middle (1.3-3.5x),1.4,120.0,0.0,0.0,30.0,0.0,1.0,6.0,25.3,5.4,33.0,0.0,0.0,0.0,1.0,0,11493.9792505
2015,37.0,0.0,Other/Multi,hs_or_less,middle (1.3-3.5x),2.15,960.0,17280.0,0.0,120.0,3240.0,1.0,4.0,30.3,5.4,42.0,0.0,0.0,1.0,0.0,1,17234.3085405
2015,61.0,1.0,NH Black,some_college,low (<1.3x poverty),1.09,0.0,0.0,600.0,0.0,0.0,0.0,5.0,25.1,13.2,49.0,1.0,1.0,0.0,0.0,0,12944.0119265
2015,46.0,1.0,NH Asian,college_plus,high (>3.5x),5.0,0.0,0.0,0.0,0.0,0.0,0.0,13.0,25.1,4.9,42.0,0.0,0.0,0.0,0.0,0,12620.066554
2015,33.0,1.0,NH White,some_college,middle (1.3-3.5x),2.04,2160.0,0.0,0.0,300.0,0.0,3.0,12.0,26.5,5.6,52.0,0.0,0.0,0.0,0.0,1,24016.87889
2015,55.0,0.0,NH Black,hs_or_less,middle (1.3-3.5x),2.78,0.0,0.0,0.0,0.0,0.0,0.0,6.0,28.5,5.9,41.0,0.0,1.0,0.0,1.0,0,11140.6575635
2015,45.0,1.0,NH Asian,hs_or_less,high (>3.5x),5.0,0.0,720.0,0.0,0.0,180.0,0.0,10.0,23.5,5.6,62.0,0.0,0.0,0.0,0.0,0,16534.709741
2015,64.0,1.0,Other Hispanic,college_plus,middle (1.3-3.5x),3.48,0.0,0.0,0.0,0.0,0.0,0.0,5.0,26.9,5.4,48.0,0.0,0.0,0.0,1.0,0,3997.6420935
2015,39.0,0.0,Mexican American,some_college,high (>3.5x),3.87,1760.0,1080.0,0.0,280.0,270.0,5.0,10.0,28.7,5.3,57.0,0.0,0.0,0.0,0.0,1,13013.256596
2015,26.0,0.0,NH White,college_plus,middle (1.3-3.5x),2.81,1360.0,0.0,400.0,220.0,0.0,7.0,6.0,26.8,5.0,54.0,0.0,0.0,0.0,0.0,1,55729.6329
2015,42.0,0.0,Mexican American,hs_or_less,low (<1.3x poverty),0.89,0.0,23040.0,0.0,0.0,2880.0,0.0,3.0,28.6,5.7,68.0,0.0,1.0,0.0,1.0,0,21345.357666
2015,23.0,1.0,NH White,some_college,low (<1.3x poverty),0.55,1800.0,5760.0,0.0,270.0,840.0,6.0,7.0,31.1,4.8,57.0,0.0,0.0,1.0,0.0,1,37893.785651
2015,61.0,0.0,Mexican American,hs_or_less,middle (1.3-3.5x),1.32,480.0,0.0,0.0,120.0,0.0,4.0,8.0,34.4,6.1,57.0,1.0,1.0,1.0,0.0,0,4815.47366
2015,26.0,1.0,NH White,college_plus,high (>3.5x),4.54,1200.0,14400.0,0.0,300.0,2400.0,5.0,6.0,39.7,5.8,32.0,0.0,1.0,1.0,0.0,1,45270.671236
2015,22.0,1.0,Mexican American,some_college,low (<1.3x poverty),0.78,0.0,0.0,0.0,0.0,0.0,0.0,10.0,26.7,5.2,52.0,0.0,0.0,0.0,0.0,0,10861.8500435
2015,50.0,1.0,Other Hispanic,hs_or_less,low (<1.3x poverty),0.52,0.0,0.0,480.0,0.0,0.0,0.0,3.0,30.3,5.8,51.0,0.0,1.0,1.0,0.0,0,10456.531317
2015,48.0,0.0,NH White,college_plus,high (>3.5x),5.0,480.0,0.0,0.0,60.0,0.0,2.0,11.0,32.2,5.2,45.0,0.0,0.0,1.0,0.0,0,58302.247594
2015,61.0,0.0,Mexican American,hs_or_less,low (<1.3x poverty),0.82,0.0,0.0,0.0,0.0,0.0,0.0,16.0,38.0,7.0,24.0,1.0,1.0,1.0,0.0,0,4557.909088
2015,35.0,0.0,Mexican American,hs_or_less,low (<1.3x poverty),1.26,0.0,7200.0,0.0,0.0,1800.0,0.0,10.0,29.5,5.8,76.0,0.0,1.0,0.0,0.0,0,18817.8616015
2015,57.0,1.0,Mexican American,hs_or_less,high (>3.5x),3.75,0.0,0.0,300.0,0.0,0.0,0.0,6.0,23.6,7.8,42.0,1.0,1.0,0.0,0.0,0,7284.605618
2015,33.0,1.0,NH White,some_college,middle (1.3-3.5x),2.11,720.0,0.0,0.0,90.0,0.0,3.0,2.0,28.6,5.1,53.0,0.0,0.0,0.0,0.0,1,22009.713024
2015,46.0,0.0,NH White,college_plus,high (>3.5x),5.0,1200.0,240.0,120.0,300.0,60.0,5.0,11.0,25.6,5.2,68.0,0.0,0.0,0.0,0.0,1,74133.2083685
2015,51.0,1.0,NH White,hs_or_less,high (>3.5x),3.74,1200.0,720.0,0.0,300.0,180.0,5.0,10.0,35.7,5.6,64.0,0.0,0.0,1.0,0.0,1,69719.3749085
2015,25.0,1.0,NH Asian,college_plus,middle (1.3-3.5x),1.32,0.0,0.0,0.0,0.0,0.0,0.0,15.0,21.1,4.8,65.0,0.0,0.0,0.0,0.0,0,11803.133753
2015,37.0,0.0,NH White,hs_or_less,middle (1.3-3.5x),2.53,0.0,0.0,0.0,0.0,0.0,0.0,14.0,37.3,5.6,31.0,0.0,0.0,1.0,1.0,0,59648.4901675
2015,64.0,0.0,NH White,hs_or_less,low (<1.3x poverty),0.63,0.0,7200.0,0.0,0.0,1200.0,0.0,7.0,29.4,5.8,41.0,0.0,1.0,0.0,0.0,0,16800.236202
2015,20.0,0.0,Other/Multi,some_college,low (<1.3x poverty),0.58,0.0,160.0,0.0,0.0,20.0,0.0,14.0,35.5,5.6,27.0,0.0,0.0,1.0,0.0,0,8009.461475
2015,63.0,1.0,NH White,some_college,middle (1.3-3.5x),1.53,240.0,0.0,0.0,60.0,0.0,1.0,8.0,29.4,6.2,63.0,0.0,1.0,0.0,0.0,0,16282.9915195
2015,52.0,0.0,NH Black,hs_or_less,low (<1.3x poverty),5.397605346934028e-79,0.0,0.0,0.0,0.0,0.0,0.0,8.0,22.6,6.3,,1.0,1.0,0.0,0.0,0,7499.1790695
2015,38.0,1.0,Mexican American,hs_or_less,low (<1.3x poverty),1.23,720.0,2160.0,0.0,180.0,540.0,3.0,12.0,56.6,5.5,46.0,0.0,0.0,1.0,1.0,1,14488.3430295
2015,49.0,1.0,Other Hispanic,some_college,middle (1.3-3.5x),2.68,360.0,0.0,0.0,90.0,0.0,3.0,3.0,34.3,6.3,37.0,1.0,1.0,1.0,1.0,0,11680.8509475
2015,26.0,1.0,NH White,hs_or_less,high (>3.5x),4.22,360.0,0.0,0.0,90.0,0.0,3.0,9.0,22.0,4.9,58.0,0.0,0.0,0.0,0.0,0,27797.4546185
2015,28.0,0.0,NH Asian,college_plus,low (<1.3x poverty),1.07,1680.0,2880.0,0.0,240.0,720.0,5.0,6.0,28.8,5.4,34.0,0.0,0.0,0.0,0.0,1,8445.1249485
2015,49.0,0.0,NH Asian,college_plus,high (>3.5x),5.0,480.0,0.0,0.0,60.0,0.0,1.0,12.0,26.3,5.3,64.0,0.0,0.0,0.0,0.0,0,7973.1201065
2015,56.0,0.0,NH White,hs_or_less,high (>3.5x),5.0,0.0,120.0,0.0,0.0,30.0,0.0,6.0,24.0,5.3,45.0,0.0,0.0,0.0,0.0,0,78447.8252825
2015,33.0,0.0,Mexican American,hs_or_less,low (<1.3x poverty),0.48,0.0,7200.0,0.0,0.0,900.0,0.0,4.0,29.1,5.3,37.0,0.0,0.0,0.0,0.0,0,13872.552009
2015,53.0,0.0,NH Black,hs_or_less,low (<1.3x poverty),0.04,0.0,960.0,0.0,0.0,240.0,0.0,6.0,33.0,5.5,64.0,1.0,1.0,1.0,0.0,0,11058.013241
2015,23.0,1.0,NH Black,college_plus,low (<1.3x poverty),0.69,0.0,360.0,0.0,0.0,90.0,0.0,5.0,26.0,4.8,56.0,0.0,0.0,0.0,0.0,0,17602.8410975
2015,36.0,1.0,NH White,college_plus,high (>3.5x),5.0,1240.0,0.0,0.0,170.0,0.0,5.0,10.0,26.6,5.2,58.0,0.0,0.0,0.0,0.0,1,57849.726031
2015,46.0,1.0,NH Black,hs_or_less,low (<1.3x poverty),0.5,0.0,0.0,2400.0,0.0,0.0,0.0,8.0,31.7,11.3,40.0,1.0,1.0,1.0,1.0,0,11025.8452225
2015,59.0,1.0,NH White,hs_or_less,middle (1.3-3.5x),1.48,240.0,0.0,160.0,60.0,0.0,3.0,7.0,30.9,6.0,56.0,0.0,1.0,1.0,0.0,0,26854.3023425
2015,47.0,0.0,NH White,some_college,middle (1.3-3.5x),3.22,40.0,0.0,0.0,10.0,0.0,1.0,7.0,30.4,5.7,34.0,0.0,1.0,1.0,1.0,0,48682.2350935
2015,57.0,1.0,Mexican American,college_plus,high (>3.5x),3.73,0.0,0.0,0.0,0.0,0.0,0.0,6.0,38.9,9.5,43.0,1.0,1.0,1.0,0.0,0,11222.9986845
2015,25.0,0.0,NH Black,college_plus,low (<1.3x poverty),1.26,5280.0,0.0,480.0,780.0,0.0,7.0,5.0,29.8,4.6,75.0,0.0,0.0,0.0,0.0,1,13878.667765
2015,40.0,0.0,NH Asian,college_plus,low (<1.3x poverty),5.397605346934028e-79,64.0,0.0,240.0,16.0,0.0,1.0,14.0,26.5,5.4,40.0,0.0,0.0,0.0,0.0,0,10901.4465915
2015,54.0,1.0,NH Black,hs_or_less,middle (1.3-3.5x),2.88,120.0,0.0,0.0,30.0,0.0,1.0,8.0,31.8,5.3,52.0,0.0,0.0,1.0,0.0,0,13382.849677
2015,47.0,1.0,Other Hispanic,hs_or_less,high (>3.5x),5.0,360.0,0.0,0.0,90.0,0.0,3.0,5.0,25.4,5.5,63.0,0.0,0.0,0.0,1.0,0,7729.324956
2015,25.0,0.0,NH Asian,some_college,middle (1.3-3.5x),2.81,5040.0,14400.0,0.0,900.0,2880.0,6.0,7.0,20.9,4.8,55.0,0.0,0.0,0.0,0.0,1,8486.9938035
2015,61.0,1.0,Other Hispanic,hs_or_less,middle (1.3-3.5x),1.7,0.0,4800.0,600.0,0.0,600.0,0.0,8.0,30.0,6.1,37.0,0.0,1.0,1.0,0.0,0,3389.9977115
2015,65.0,0.0,Mexican American,hs_or_less,low (<1.3x poverty),0.41,0.0,0.0,0.0,0.0,0.0,0.0,1.5,27.4,8.1,32.0,1.0,1.0,0.0,1.0,0,4147.742337
2015,36.0,1.0,Mexican American,some_college,high (>3.5x),5.0,0.0,0.0,2400.0,0.0,0.0,0.0,3.0,32.7,5.6,52.0,1.0,1.0,1.0,0.0,0,9840.433505
2015,46.0,1.0,NH Asian,college_plus,middle (1.3-3.5x),3.25,1200.0,0.0,0.0,300.0,0.0,5.0,3.0,23.3,6.3,56.0,0.0,1.0,0.0,0.0,1,13052.33977
2015,31.0,0.0,NH White,some_college,high (>3.5x),4.06,1920.0,14400.0,0.0,480.0,2400.0,2.0,4.0,19.7,5.7,100.0,0.0,1.0,0.0,0.0,1,19965.1621935
2015,33.0,0.0,NH Asian,college_plus,middle (1.3-3.5x),3.06,1480.0,0.0,640.0,310.0,0.0,7.0,3.0,30.7,5.2,45.0,0.0,0.0,1.0,0.0,1,10285.9450205
2015,33.0,0.0,Mexican American,hs_or_less,low (<1.3x poverty),1.06,0.0,8400.0,0.0,0.0,2100.0,0.0,4.0,36.5,5.8,29.0,0.0,1.0,1.0,0.0,0,12313.559404
2015,38.0,1.0,NH White,college_plus,middle (1.3-3.5x),2.56,3240.0,960.0,0.0,450.0,240.0,7.0,10.0,23.0,5.1,68.0,0.0,0.0,0.0,0.0,1,58920.9971845
2015,42.0,1.0,NH White,college_plus,middle (1.3-3.5x),3.38,1080.0,0.0,0.0,180.0,0.0,6.0,2.0,21.4,5.1,73.0,0.0,0.0,0.0,0.0,1,75135.6080315
2015,46.0,0.0,NH White,hs_or_less,low (<1.3x poverty),1.07,240.0,1200.0,0.0,60.0,300.0,1.0,12.0,31.1,6.3,47.0,0.0,1.0,1.0,0.0,0,12991.3329425
2015,53.0,0.0,NH White,hs_or_less,high (>3.5x),3.6,0.0,1200.0,0.0,0.0,300.0,0.0,8.0,26.6,5.5,49.0,0.0,0.0,0.0,0.0,0,74315.1334505
2015,30.0,1.0,NH Black,college_plus,middle (1.3-3.5x),2.5,0.0,720.0,400.0,0.0,180.0,0.0,5.0,24.5,5.4,45.0,0.0,0.0,0.0,0.0,0,15878.5195465
2015,28.0,1.0,NH White,hs_or_less,low (<1.3x poverty),0.99,0.0,10800.0,0.0,0.0,1800.0,0.0,5.0,25.6,5.0,66.0,0.0,0.0,0.0,0.0,0,33606.0312935
2015,59.0,1.0,NH Black,hs_or_less,low (<1.3x poverty),0.94,1920.0,0.0,5760.0,480.0,0.0,4.0,5.0,38.3,6.2,69.0,0.0,1.0,1.0,0.0,1,8551.3711225
2015,55.0,1.0,NH White,some_college,middle (1.3-3.5x),1.76,0.0,0.0,1200.0,0.0,0.0,0.0,8.0,24.9,5.5,52.0,0.0,0.0,0.0,0.0,0,19310.3971285
2015,62.0,0.0,Other Hispanic,hs_or_less,middle (1.3-3.5x),1.53,0.0,0.0,0.0,0.0,0.0,0.0,12.0,19.0,5.5,48.0,0.0,0.0,0.0,1.0,0,4849.327119
2015,48.0,0.0,NH White,hs_or_less,high (>3.5x),5.0,2880.0,1320.0,960.0,720.0,240.0,6.0,6.0,25.9,5.4,40.0,0.0,0.0,0.0,1.0,1,48877.518397
2015,25.0,0.0,NH White,some_college,high (>3.5x),3.82,2880.0,7680.0,0.0,420.0,1560.0,7.0,3.0,30.3,6.7,39.0,1.0,1.0,1.0,0.0,1,61438.9648345
2015,31.0,0.0,Other Hispanic,college_plus,low (<1.3x poverty),1.24,5280.0,0.0,0.0,720.0,0.0,7.0,9.0,35.2,5.0,38.0,0.0,0.0,1.0,1.0,1,12060.8073575
2015,47.0,1.0,NH Black,hs_or_less,middle (1.3-3.5x),2.49,0.0,0.0,0.0,0.0,0.0,0.0,7.0,37.3,5.6,45.0,0.0,0.0,1.0,1.0,0,13295.9161855
2015,32.0,1.0,Mexican American,hs_or_less,low (<1.3x poverty),0.25,960.0,0.0,0.0,240.0,0.0,4.0,3.0,60.7,6.0,51.0,0.0,1.0,1.0,1.0,1,16113.6562135
2015,39.0,0.0,NH Asian,hs_or_less,middle (1.3-3.5x),1.77,0.0,0.0,0.0,0.0,0.0,0.0,4.0,28.4,5.9,51.0,0.0,1.0,0.0,0.0,0,9431.6137465
2015,63.0,0.0,NH White,hs_or_less,high (>3.5x),5.0,0.0,0.0,0.0,0.0,0.0,0.0,8.0,28.5,6.8,71.0,1.0,1.0,0.0,0.0,0,77233.684677
2015,25.0,1.0,NH White,hs_or_less,middle (1.3-3.5x),1.74,0.0,2400.0,0.0,0.0,600.0,0.0,6.0,22.5,5.0,58.0,0.0,0.0,0.0,0.0,0,33348.786038
2015,38.0,0.0,NH Black,some_college,low (<1.3x poverty),0.92,0.0,9600.0,0.0,0.0,1440.0,0.0,3.0,28.9,5.6,53.0,0.0,0.0,0.0,1.0,0,9576.1769205
2015,57.0,1.0,Other Hispanic,hs_or_less,low (<1.3x poverty),0.02,0.0,0.0,0.0,0.0,0.0,0.0,14.0,40.6,7.7,40.0,1.0,1.0,1.0,1.0,0,8548.9043405
2015,23.0,1.0,NH White,some_college,middle (1.3-3.5x),1.7,1440.0,6000.0,0.0,360.0,1500.0,3.0,8.0,20.3,5.3,70.0,0.0,0.0,0.0,0.0,1,41781.111855
2015,50.0,0.0,NH Black,some_college,middle (1.3-3.5x),3.36,5040.0,14400.0,0.0,990.0,2400.0,7.0,4.0,21.2,5.0,64.0,0.0,0.0,0.0,0.0,1,12325.231021
2015,34.0,0.0,NH Black,college_plus,middle (1.3-3.5x),2.62,7920.0,12480.0,720.0,1080.0,1920.0,5.0,5.0,41.7,5.2,53.0,0.0,0.0,1.0,0.0,1,12180.566575
2015,45.0,1.0,NH Black,college_plus,low (<1.3x poverty),0.99,0.0,0.0,0.0,0.0,0.0,0.0,2.5,23.6,5.6,74.0,0.0,0.0,0.0,0.0,0,9076.987483
2015,57.0,1.0,NH White,hs_or_less,low (<1.3x poverty),0.65,0.0,960.0,0.0,0.0,240.0,0.0,10.0,30.8,5.9,53.0,0.0,1.0,1.0,1.0,0,28230.61157
2015,62.0,1.0,Other Hispanic,hs_or_less,middle (1.3-3.5x),1.32,0.0,1920.0,0.0,0.0,240.0,0.0,5.0,26.6,7.8,55.0,1.0,1.0,0.0,1.0,0,4792.877641
2015,62.0,0.0,NH Black,some_college,high (>3.5x),4.92,1440.0,0.0,0.0,360.0,0.0,3.0,9.0,23.8,5.9,61.0,0.0,1.0,0.0,0.0,1,6295.1336645
2015,47.0,1.0,NH White,hs_or_less,low (<1.3x poverty),0.43,0.0,0.0,480.0,0.0,0.0,0.0,6.0,33.6,5.3,53.0,0.0,0.0,1.0,0.0,0,11130.1666105
2015,24.0,1.0,Other/Multi,hs_or_less,low (<1.3x poverty),0.31,0.0,4800.0,240.0,0.0,1200.0,0.0,3.0,31.9,5.2,41.0,0.0,0.0,1.0,1.0,0,30297.584556
2015,43.0,1.0,NH White,college_plus,middle (1.3-3.5x),2.7,2160.0,0.0,0.0,360.0,0.0,6.0,6.0,23.5,5.5,69.0,0.0,0.0,0.0,0.0,1,50616.14899
2015,24.0,0.0,NH White,hs_or_less,high (>3.5x),5.0,0.0,10080.0,0.0,0.0,2160.0,0.0,3.0,37.2,5.2,41.0,0.0,0.0,1.0,0.0,0,41933.3834965
2015,31.0,1.0,NH Black,college_plus,high (>3.5x),5.0,1500.0,8160.0,0.0,255.0,1320.0,5.0,6.0,39.5,5.0,49.0,1.0,1.0,1.0,1.0,1,19248.999411
2015,65.0,1.0,Mexican American,some_college,middle (1.3-3.5x),2.08,0.0,0.0,0.0,0.0,0.0,0.0,11.0,45.6,5.7,66.0,0.0,1.0,1.0,1.0,0,3589.11214
2015,22.0,0.0,Other Hispanic,hs_or_less,low (<1.3x poverty),0.89,0.0,34560.0,0.0,0.0,4320.0,0.0,0.5,24.7,5.2,44.0,0.0,0.0,0.0,0.0,0,24502.782809
2015,26.0,0.0,NH Asian,college_plus,middle (1.3-3.5x),2.69,840.0,0.0,0.0,150.0,0.0,4.0,8.0,27.6,5.2,38.0,0.0,0.0,0.0,1.0,1,9957.7768725
2015,51.0,1.0,NH Asian,some_college,middle (1.3-3.5x),1.58,0.0,0.0,0.0,0.0,0.0,0.0,8.0,25.9,5.7,44.0,0.0,1.0,0.0,0.0,0,11609.759037
2015,46.0,0.0,Mexican American,some_college,low (<1.3x poverty),1.05,240.0,2160.0,240.0,60.0,300.0,2.0,2.0,29.2,6.3,42.0,0.0,1.0,0.0,1.0,0,19878.776164
2015,60.0,1.0,NH White,college_plus,middle (1.3-3.5x),2.18,0.0,0.0,0.0,0.0,0.0,0.0,10.0,28.9,5.7,44.0,0.0,1.0,0.0,0.0,0,50199.265705
2015,40.0,1.0,Mexican American,college_plus,middle (1.3-3.5x),2.0,0.0,0.0,240.0,0.0,0.0,0.0,3.0,21.9,5.5,50.0,0.0,0.0,0.0,0.0,0,12059.925912
2015,35.0,1.0,NH White,some_college,middle (1.3-3.5x),1.7,360.0,9600.0,0.0,90.0,2400.0,3.0,4.0,32.6,5.0,44.0,0.0,0.0,1.0,1.0,0,26681.8742255
2015,50.0,1.0,NH White,some_college,high (>3.5x),5.0,0.0,0.0,0.0,0.0,0.0,0.0,14.0,43.1,4.8,51.0,0.0,0.0,1.0,0.0,0,91177.8233655
2015,41.0,0.0,Mexican American,hs_or_less,low (<1.3x poverty),5.397605346934028e-79,0.0,0.0,0.0,0.0,0.0,0.0,3.0,20.5,5.3,54.0,0.0,0.0,0.0,0.0,0,19386.742681
2015,59.0,1.0,NH Black,hs_or_less,high (>3.5x),5.0,560.0,0.0,0.0,80.0,0.0,3.0,10.0,28.6,5.7,62.0,0.0,1.0,0.0,0.0,0,13086.097287
2015,26.0,0.0,NH Black,hs_or_less,low (<1.3x poverty),1.22,360.0,0.0,0.0,90.0,0.0,3.0,3.0,24.1,5.4,48.0,0.0,0.0,0.0,1.0,0,14299.823622
2015,22.0,1.0,Other Hispanic,hs_or_less,low (<1.3x poverty),0.2,0.0,0.0,80.0,0.0,0.0,0.0,5.0,31.1,5.7,48.0,0.0,1.0,1.0,0.0,0,13638.879168
2015,58.0,0.0,NH Black,college_plus,high (>3.5x),5.0,2880.0,0.0,0.0,540.0,0.0,5.0,5.0,34.1,5.8,67.0,0.0,1.0,1.0,0.0,1,7826.0206975
2015,63.0,0.0,NH White,college_plus,low (<1.3x poverty),0.92,320.0,0.0,320.0,80.0,0.0,4.0,4.0,25.6,5.9,34.0,0.0,1.0,0.0,0.0,0,23441.2442045
2015,55.0,1.0,NH White,some_college,low (<1.3x poverty),0.93,0.0,1200.0,0.0,0.0,180.0,0.0,12.0,32.4,5.7,52.0,0.0,1.0,1.0,1.0,0,47338.69254
2015,25.0,1.0,NH Asian,some_college,low (<1.3x poverty),1.07,4560.0,9600.0,0.0,690.0,2400.0,7.0,4.0,21.9,5.1,64.0,0.0,0.0,0.0,0.0,1,10156.7905265
2015,24.0,1.0,Mexican American,hs_or_less,middle (1.3-3.5x),1.41,240.0,720.0,240.0,60.0,180.0,3.0,6.0,27.7,7.8,53.0,1.0,1.0,0.0,0.0,0,11783.6934585
2015,29.0,1.0,NH White,college_plus,middle (1.3-3.5x),2.81,0.0,0.0,0.0,0.0,0.0,0.0,9.0,23.2,5.6,81.0,0.0,0.0,0.0,0.0,0,38739.611052
2015,23.0,0.0,Other/Multi,college_plus,middle (1.3-3.5x),3.11,1680.0,160.0,480.0,240.0,40.0,4.0,10.0,25.9,5.3,46.0,0.0,0.0,0.0,0.0,1,9257.4419955
2015,62.0,1.0,NH White,some_college,middle (1.3-3.5x),2.09,720.0,2160.0,0.0,180.0,540.0,2.0,5.0,58.9,5.9,73.0,0.0,1.0,1.0,1.0,1,16907.8979785
2015,55.0,0.0,Mexican American,hs_or_less,low (<1.3x poverty),0.67,2640.0,0.0,0.0,420.0,0.0,7.0,1.0,31.2,7.1,49.0,1.0,1.0,1.0,1.0,1,8302.1408965
2015,31.0,0.0,NH White,hs_or_less,low (<1.3x poverty),1.17,720.0,900.0,0.0,180.0,225.0,3.0,2.0,27.8,5.4,40.0,0.0,0.0,0.0,1.0,1,14945.1894825
2015,54.0,0.0,NH White,hs_or_less,low (<1.3x poverty),0.84,240.0,720.0,60.0,60.0,180.0,1.0,3.0,27.9,5.6,40.0,0.0,0.0,0.0,0.0,0,14811.3904185
2015,35.0,0.0,NH Asian,college_plus,high (>3.5x),5.0,0.0,6720.0,0.0,0.0,1680.0,0.0,4.0,26.9,4.9,49.0,0.0,0.0,0.0,0.0,0,13232.7016135
2015,49.0,1.0,Mexican American,hs_or_less,high (>3.5x),4.94,720.0,0.0,0.0,180.0,0.0,3.0,10.0,33.7,8.9,56.0,1.0,1.0,1.0,1.0,1,17488.2272295
2015,53.0,0.0,NH White,hs_or_less,middle (1.3-3.5x),3.45,0.0,1440.0,180.0,0.0,360.0,0.0,8.0,29.2,6.1,59.0,0.0,1.0,0.0,0.0,0,49643.9670365
2015,31.0,1.0,NH Black,college_plus,middle (1.3-3.5x),2.29,2160.0,0.0,0.0,300.0,0.0,3.0,6.0,37.4,6.1,51.0,0.0,1.0,1.0,0.0,1,11772.269214
2015,62.0,1.0,NH White,hs_or_less,middle (1.3-3.5x),2.1,0.0,7200.0,0.0,0.0,1080.0,0.0,3.0,30.1,5.8,39.0,0.0,1.0,1.0,0.0,0,78559.8531745
2015,37.0,0.0,NH White,hs_or_less,high (>3.5x),4.38,360.0,0.0,0.0,45.0,0.0,1.0,8.0,23.8,4.9,58.0,0.0,0.0,0.0,0.0,0,51089.2267375
2015,50.0,0.0,Other Hispanic,hs_or_less,low (<1.3x poverty),0.43,0.0,720.0,0.0,0.0,180.0,0.0,0.25,41.2,4.8,54.0,0.0,0.0,1.0,0.0,0,12725.050049
2015,58.0,0.0,Mexican American,some_college,low (<1.3x poverty),0.08,0.0,480.0,80.0,0.0,120.0,0.0,10.0,36.2,6.1,26.0,0.0,1.0,1.0,1.0,0,15039.600377
2015,42.0,1.0,NH White,hs_or_less,high (>3.5x),4.95,480.0,0.0,0.0,120.0,0.0,2.0,12.0,29.5,5.4,53.0,0.0,0.0,0.0,1.0,0,59961.5477175
2015,53.0,1.0,NH White,college_plus,high (>3.5x),5.0,3000.0,1920.0,0.0,450.0,360.0,7.0,6.0,27.4,5.2,76.0,0.0,0.0,0.0,0.0,1,85866.2909255
2015,48.0,0.0,Mexican American,some_college,low (<1.3x poverty),0.8,0.0,360.0,0.0,0.0,90.0,0.0,1.0,32.6,5.7,31.0,1.0,1.0,1.0,1.0,0,15590.3138355
2015,52.0,0.0,NH Black,hs_or_less,high (>3.5x),5.0,0.0,0.0,0.0,0.0,0.0,0.0,4.0,36.3,6.2,38.0,0.0,1.0,1.0,1.0,0,14358.638939
2015,42.0,0.0,NH White,hs_or_less,low (<1.3x poverty),1.27,0.0,2160.0,0.0,0.0,540.0,0.0,12.0,25.6,5.3,46.0,0.0,0.0,0.0,0.0,0,13882.758255
2015,38.0,0.0,Other Hispanic,hs_or_less,middle (1.3-3.5x),2.11,540.0,12720.0,0.0,135.0,2640.0,3.0,8.0,30.0,5.8,38.0,0.0,1.0,1.0,0.0,0,14836.9240975
2015,36.0,1.0,NH White,some_college,low (<1.3x poverty),0.87,0.0,0.0,0.0,0.0,0.0,0.0,12.0,29.1,5.0,58.0,0.0,0.0,0.0,0.0,0,28071.7159095
2015,27.0,0.0,Mexican American,hs_or_less,middle (1.3-3.5x),2.85,0.0,3600.0,0.0,0.0,600.0,0.0,12.0,35.1,5.7,50.0,0.0,1.0,1.0,0.0,0,16379.324407
2015,35.0,1.0,NH Asian,hs_or_less,middle (1.3-3.5x),2.46,0.0,0.0,0.0,0.0,0.0,0.0,6.0,23.8,5.2,76.0,0.0,0.0,0.0,0.0,0,8518.5959465
2015,62.0,1.0,Mexican American,hs_or_less,low (<1.3x poverty),1.07,0.0,0.0,0.0,0.0,0.0,0.0,3.0,23.7,6.0,73.0,1.0,1.0,0.0,0.0,0,4611.764113
2015,21.0,1.0,NH Black,hs_or_less,middle (1.3-3.5x),1.47,240.0,0.0,1440.0,60.0,0.0,1.0,11.0,43.1,5.5,41.0,0.0,0.0,1.0,1.0,0,14153.789291
2015,44.0,1.0,NH White,some_college,high (>3.5x),5.0,0.0,0.0,0.0,0.0,0.0,0.0,14.0,23.1,5.4,74.0,0.0,0.0,0.0,0.0,0,60748.264085
2015,51.0,1.0,Other/Multi,hs_or_less,low (<1.3x poverty),0.2,0.0,720.0,0.0,0.0,120.0,0.0,6.0,36.8,4.9,59.0,0.0,0.0,1.0,1.0,0,22261.036926
2015,57.0,0.0,NH Black,some_college,high (>3.5x),5.0,1920.0,2400.0,0.0,240.0,600.0,2.0,6.0,36.1,5.7,46.0,0.0,1.0,1.0,0.0,1,8803.6070765
2015,23.0,0.0,Mexican American,hs_or_less,low (<1.3x poverty),1.22,1920.0,0.0,0.0,240.0,0.0,4.0,12.0,33.5,5.5,24.0,0.0,0.0,1.0,0.0,1,17252.1473625
2015,39.0,0.0,NH White,some_college,low (<1.3x poverty),0.74,1440.0,3840.0,0.0,240.0,480.0,7.0,4.0,34.5,5.1,47.0,0.0,0.0,1.0,0.0,1,16748.7465055
2015,30.0,1.0,NH White,college_plus,middle (1.3-3.5x),1.69,40.0,2400.0,0.0,10.0,600.0,1.0,3.0,29.9,5.0,47.0,0.0,0.0,0.0,0.0,0,27369.9749095
2015,59.0,0.0,NH White,college_plus,high (>3.5x),5.0,900.0,900.0,0.0,225.0,225.0,5.0,8.0,28.3,5.4,60.0,0.0,0.0,0.0,0.0,1,61434.6988245
2015,51.0,0.0,NH Asian,college_plus,high (>3.5x),4.46,1440.0,0.0,0.0,180.0,0.0,3.0,10.0,27.7,6.2,34.0,0.0,1.0,0.0,0.0,1,7838.0850815
2015,22.0,1.0,NH White,hs_or_less,low (<1.3x poverty),0.75,1440.0,2880.0,0.0,360.0,720.0,6.0,5.0,25.9,4.7,57.0,0.0,0.0,0.0,0.0,1,34024.6441985
2015,63.0,0.0,Other Hispanic,some_college,middle (1.3-3.5x),2.47,0.0,0.0,0.0,0.0,0.0,0.0,8.0,28.2,8.8,33.0,1.0,1.0,0.0,1.0,0,3428.7101005
2015,36.0,1.0,Other/Multi,college_plus,high (>3.5x),5.0,1560.0,360.0,0.0,255.0,90.0,5.0,3.0,33.5,5.0,39.0,0.0,0.0,1.0,0.0,1,13068.2572295
2015,36.0,1.0,Other Hispanic,some_college,high (>3.5x),3.72,0.0,0.0,0.0,0.0,0.0,0.0,8.0,20.3,5.0,81.0,0.0,0.0,0.0,0.0,0,15388.658769
2015,44.0,1.0,NH Black,college_plus,high (>3.5x),5.0,0.0,0.0,0.0,0.0,0.0,0.0,10.0,24.9,5.8,,0.0,1.0,0.0,0.0,0,19650.094282
2015,37.0,1.0,NH White,some_college,low (<1.3x poverty),0.6,0.0,2880.0,0.0,0.0,720.0,0.0,4.0,39.6,5.1,59.0,0.0,0.0,1.0,0.0,0,31276.961984
2015,23.0,1.0,Mexican American,college_plus,middle (1.3-3.5x),1.36,1920.0,0.0,480.0,240.0,0.0,4.0,9.0,23.2,4.9,58.0,0.0,0.0,0.0,0.0,1,14827.1397595
2015,30.0,1.0,NH White,college_plus,high (>3.5x),4.38,1320.0,0.0,240.0,210.0,0.0,5.0,8.0,27.8,5.1,82.0,0.0,0.0,0.0,0.0,1,52248.0565485
2015,62.0,1.0,Mexican American,hs_or_less,low (<1.3x poverty),0.82,0.0,0.0,120.0,0.0,0.0,0.0,8.0,40.2,6.0,40.0,0.0,1.0,1.0,1.0,0,5025.0167855
2015,65.0,0.0,Other Hispanic,hs_or_less,middle (1.3-3.5x),2.7,2160.0,0.0,0.0,360.0,0.0,6.0,7.0,25.3,7.4,57.0,1.0,1.0,0.0,0.0,1,4008.9107775
2015,22.0,0.0,NH Asian,some_college,high (>3.5x),4.03,6720.0,0.0,480.0,960.0,0.0,7.0,3.0,24.3,5.8,52.0,0.0,1.0,0.0,0.0,1,8059.7656105
2015,43.0,0.0,Other Hispanic,some_college,middle (1.3-3.5x),3.42,1920.0,0.0,0.0,480.0,0.0,4.0,6.0,29.9,5.6,50.0,0.0,0.0,0.0,0.0,1,18048.3080775
2015,44.0,1.0,NH White,college_plus,low (<1.3x poverty),0.74,680.0,0.0,0.0,110.0,0.0,6.0,3.0,28.0,5.1,46.0,0.0,0.0,0.0,0.0,1,24230.850063
2015,64.0,0.0,NH Black,some_college,high (>3.5x),4.27,0.0,0.0,0.0,0.0,0.0,0.0,6.0,39.6,5.5,63.0,0.0,0.0,1.0,0.0,0,5639.780479
2015,36.0,1.0,Other Hispanic,some_college,low (<1.3x poverty),1.1,0.0,1440.0,80.0,0.0,360.0,0.0,4.0,42.5,5.6,67.0,0.0,0.0,1.0,0.0,0,17247.8768165
2015,59.0,0.0,NH White,college_plus,high (>3.5x),4.06,0.0,0.0,0.0,0.0,0.0,0.0,4.0,18.2,5.5,51.0,0.0,0.0,0.0,1.0,0,87272.6520985
2015,44.0,0.0,NH White,hs_or_less,middle (1.3-3.5x),1.91,600.0,120.0,500.0,150.0,30.0,2.0,3.0,32.6,5.4,52.0,0.0,0.0,1.0,0.0,1,24132.422406
2015,25.0,0.0,Mexican American,hs_or_less,middle (1.3-3.5x),1.41,2400.0,2160.0,3600.0,300.0,270.0,5.0,6.0,38.3,5.7,23.0,0.0,1.0,1.0,0.0,1,17736.9111905
2015,26.0,0.0,NH Black,college_plus,middle (1.3-3.5x),1.64,2640.0,120.0,960.0,420.0,30.0,7.0,5.0,25.8,5.5,78.0,0.0,0.0,0.0,0.0,1,13878.667765
2015,50.0,0.0,Mexican American,hs_or_less,middle (1.3-3.5x),2.12,0.0,0.0,0.0,0.0,0.0,0.0,2.0,23.4,5.9,36.0,0.0,1.0,0.0,1.0,0,8302.1408965
2015,57.0,1.0,NH White,hs_or_less,low (<1.3x poverty),0.92,0.0,0.0,0.0,0.0,0.0,0.0,4.0,28.8,5.7,55.0,0.0,1.0,0.0,1.0,0,23886.464688
2015,32.0,0.0,NH Black,some_college,middle (1.3-3.5x),1.7,0.0,0.0,0.0,0.0,0.0,0.0,3.0,21.5,5.2,88.0,0.0,0.0,0.0,0.0,0,17509.423911
2015,37.0,1.0,NH Black,some_college,middle (1.3-3.5x),1.76,0.0,4800.0,0.0,0.0,720.0,0.0,1.0,23.9,5.6,39.0,0.0,0.0,0.0,0.0,0,12273.339074
2015,58.0,1.0,NH White,college_plus,low (<1.3x poverty),0.51,0.0,0.0,0.0,0.0,0.0,0.0,8.0,28.1,5.7,25.0,0.0,1.0,0.0,0.0,0,31127.134715
2015,43.0,1.0,NH Black,some_college,middle (1.3-3.5x),2.2,540.0,0.0,0.0,135.0,0.0,3.0,8.0,35.6,5.3,62.0,0.0,0.0,1.0,0.0,0,13121.024416
2015,43.0,0.0,Other Hispanic,hs_or_less,low (<1.3x poverty),0.56,6480.0,13200.0,240.0,1260.0,2100.0,7.0,1.0,32.0,5.5,39.0,0.0,0.0,1.0,1.0,1,15228.589495
2015,64.0,0.0,NH White,hs_or_less,high (>3.5x),3.75,480.0,0.0,0.0,120.0,0.0,1.0,4.0,34.4,5.4,53.0,0.0,0.0,1.0,1.0,0,79660.1056585
2015,25.0,0.0,NH Black,hs_or_less,low (<1.3x poverty),0.65,0.0,14400.0,0.0,0.0,2400.0,0.0,5.0,19.8,5.8,47.0,0.0,1.0,0.0,0.0,0,12281.9916945
2015,37.0,1.0,NH White,hs_or_less,low (<1.3x poverty),1.06,0.0,0.0,0.0,0.0,0.0,0.0,4.0,23.1,5.0,86.0,0.0,0.0,0.0,0.0,0,27460.0902935
2015,35.0,0.0,Mexican American,hs_or_less,high (>3.5x),4.18,480.0,180.0,720.0,60.0,45.0,2.0,6.0,58.8,5.6,53.0,0.0,0.0,1.0,0.0,0,17078.04514
2015,33.0,0.0,NH Black,hs_or_less,low (<1.3x poverty),1.09,0.0,25920.0,0.0,0.0,4680.0,0.0,6.0,28.8,5.2,49.0,0.0,0.0,0.0,0.0,0,13654.1059655
2015,52.0,1.0,Mexican American,some_college,middle (1.3-3.5x),2.58,0.0,7200.0,0.0,0.0,1200.0,0.0,2.0,37.9,5.7,49.0,0.0,1.0,1.0,1.0,0,9735.8684645
2015,60.0,0.0,NH Black,hs_or_less,middle (1.3-3.5x),1.68,2160.0,0.0,0.0,540.0,0.0,3.0,4.0,32.3,5.7,50.0,0.0,1.0,1.0,0.0,1,5327.386506
2015,58.0,0.0,NH Black,some_college,high (>3.5x),5.0,0.0,0.0,0.0,0.0,0.0,0.0,10.0,27.9,5.9,46.0,0.0,1.0,0.0,0.0,0,14561.0098125
2015,64.0,0.0,NH Black,college_plus,high (>3.5x),5.0,0.0,60.0,0.0,0.0,15.0,0.0,14.0,19.9,5.2,61.0,0.0,0.0,0.0,0.0,0,8073.56785
2015,40.0,1.0,NH Black,some_college,middle (1.3-3.5x),2.01,0.0,0.0,0.0,0.0,0.0,0.0,8.0,22.0,4.8,84.0,0.0,0.0,0.0,0.0,0,9164.8502165
2015,46.0,1.0,NH White,some_college,high (>3.5x),3.99,900.0,2400.0,200.0,225.0,600.0,5.0,5.0,23.2,5.3,68.0,0.0,0.0,0.0,0.0,1,43693.3903775
2015,23.0,0.0,Mexican American,some_college,middle (1.3-3.5x),3.12,2880.0,7200.0,0.0,360.0,1800.0,3.0,2.0,35.9,5.3,35.0,0.0,0.0,1.0,0.0,1,19569.475788
2015,40.0,1.0,NH Asian,some_college,low (<1.3x poverty),0.85,0.0,0.0,0.0,0.0,0.0,0.0,7.0,21.6,5.1,39.0,0.0,0.0,0.0,0.0,0,10391.5548205
2015,65.0,0.0,NH Asian,college_plus,middle (1.3-3.5x),1.52,5160.0,0.0,0.0,690.0,0.0,7.0,5.0,26.1,6.2,58.0,0.0,1.0,0.0,0.0,1,10587.9051595
2015,30.0,0.0,NH White,some_college,middle (1.3-3.5x),2.98,1920.0,480.0,0.0,240.0,120.0,2.0,6.0,42.2,5.4,38.0,0.0,0.0,1.0,0.0,1,48712.403641
2015,27.0,0.0,NH White,college_plus,low (<1.3x poverty),1.08,0.0,0.0,0.0,0.0,0.0,0.0,10.0,29.9,5.0,49.0,0.0,0.0,0.0,0.0,0,31196.3869895
2015,47.0,0.0,NH White,college_plus,high (>3.5x),5.0,1600.0,0.0,80.0,280.0,0.0,7.0,6.0,27.1,5.2,52.0,0.0,0.0,0.0,0.0,1,81827.0698285
2015,59.0,0.0,NH White,some_college,middle (1.3-3.5x),1.51,0.0,0.0,0.0,0.0,0.0,0.0,10.0,31.3,7.0,34.0,1.0,1.0,1.0,1.0,0,88532.027131
2015,65.0,0.0,NH White,some_college,high (>3.5x),5.0,720.0,3600.0,0.0,180.0,600.0,1.0,6.0,37.0,5.4,45.0,0.0,0.0,1.0,0.0,1,71944.0233465
2015,52.0,1.0,NH Black,hs_or_less,high (>3.5x),5.0,960.0,0.0,0.0,120.0,0.0,2.0,6.0,35.8,5.4,74.0,0.0,0.0,1.0,0.0,1,13086.097287
2015,65.0,0.0,Mexican American,hs_or_less,middle (1.3-3.5x),2.79,0.0,12000.0,0.0,0.0,2400.0,0.0,2.0,30.6,5.4,65.0,0.0,0.0,1.0,1.0,0,4154.301202
2015,42.0,1.0,Other/Multi,college_plus,high (>3.5x),4.08,240.0,960.0,0.0,60.0,240.0,2.0,10.0,36.9,5.9,37.0,0.0,1.0,1.0,0.0,0,14595.818124
2015,53.0,0.0,Other Hispanic,hs_or_less,low (<1.3x poverty),0.75,0.0,22800.0,0.0,0.0,3600.0,0.0,3.0,23.7,5.1,38.0,0.0,0.0,0.0,0.0,0,12133.9025935
2015,28.0,0.0,NH Black,some_college,high (>3.5x),4.37,1240.0,0.0,0.0,175.0,0.0,5.0,2.0,34.9,5.0,60.0,0.0,0.0,1.0,0.0,1,13912.9463805
2015,27.0,0.0,NH White,some_college,middle (1.3-3.5x),1.73,1920.0,4800.0,0.0,240.0,1200.0,4.0,6.0,21.3,5.3,65.0,0.0,0.0,0.0,0.0,1,40960.56996
2015,25.0,1.0,NH White,hs_or_less,low (<1.3x poverty),1.26,0.0,12480.0,1920.0,0.0,2400.0,0.0,8.0,23.6,5.4,61.0,0.0,0.0,0.0,0.0,0,31019.2222595
2015,30.0,1.0,NH Black,college_plus,middle (1.3-3.5x),3.4,1640.0,0.0,0.0,230.0,0.0,6.0,5.0,35.9,5.5,43.0,0.0,0.0,1.0,0.0,1,17441.793634
2015,33.0,0.0,NH Black,hs_or_less,low (<1.3x poverty),5.397605346934028e-79,0.0,0.0,0.0,0.0,0.0,0.0,8.0,28.0,4.5,50.0,0.0,0.0,0.0,0.0,0,12026.53761
2015,52.0,1.0,Mexican American,hs_or_less,middle (1.3-3.5x),2.7,0.0,0.0,0.0,0.0,0.0,0.0,5.0,31.5,11.0,44.0,1.0,1.0,1.0,1.0,0,9677.663672
2015,39.0,0.0,Mexican American,hs_or_less,low (<1.3x poverty),0.01,0.0,0.0,0.0,0.0,0.0,0.0,1.0,25.9,5.2,48.0,0.0,0.0,0.0,0.0,0,12731.6863285
2015,58.0,0.0,NH White,some_college,middle (1.3-3.5x),1.69,0.0,13200.0,0.0,0.0,2100.0,0.0,8.0,36.0,5.5,35.0,0.0,0.0,1.0,0.0,0,23044.841371
2015,48.0,0.0,NH White,hs_or_less,low (<1.3x poverty),0.76,0.0,960.0,0.0,0.0,180.0,0.0,6.0,48.5,5.2,34.0,0.0,0.0,1.0,1.0,0,20452.1336275
2015,51.0,0.0,NH White,college_plus,high (>3.5x),5.0,1440.0,360.0,0.0,180.0,90.0,3.0,4.0,28.0,5.3,91.0,0.0,0.0,0.0,0.0,1,68296.855664
2015,41.0,1.0,NH Asian,college_plus,high (>3.5x),4.96,0.0,0.0,0.0,0.0,0.0,0.0,6.0,31.3,6.0,31.0,0.0,1.0,1.0,0.0,0,9799.2731405
2015,23.0,1.0,NH White,college_plus,middle (1.3-3.5x),1.52,960.0,0.0,1080.0,120.0,0.0,4.0,8.0,25.1,5.1,72.0,0.0,0.0,0.0,0.0,1,54518.842319
2015,62.0,1.0,NH White,college_plus,middle (1.3-3.5x),1.69,240.0,0.0,0.0,60.0,0.0,3.0,12.0,43.1,5.9,42.0,0.0,1.0,1.0,0.0,0,20247.4130115
2015,40.0,1.0,NH Black,college_plus,high (>3.5x),4.23,1440.0,0.0,0.0,180.0,0.0,6.0,9.0,21.6,5.1,95.0,0.0,0.0,0.0,0.0,1,12178.67557
2015,39.0,0.0,Mexican American,hs_or_less,low (<1.3x poverty),0.68,0.0,5040.0,0.0,0.0,780.0,0.0,2.0,29.9,5.7,63.0,0.0,1.0,0.0,0.0,0,12476.28584
2015,46.0,1.0,NH Black,hs_or_less,low (<1.3x poverty),0.89,0.0,0.0,80.0,0.0,0.0,0.0,2.0,28.0,5.3,109.0,0.0,0.0,0.0,0.0,0,8022.011126
2015,59.0,0.0,NH White,hs_or_less,low (<1.3x poverty),0.75,60.0,60.0,0.0,15.0,15.0,1.0,5.0,24.5,5.0,87.0,0.0,0.0,0.0,1.0,0,12641.2129635
2015,59.0,1.0,NH White,hs_or_less,middle (1.3-3.5x),3.01,0.0,0.0,0.0,0.0,0.0,0.0,5.0,35.7,7.6,58.0,1.0,1.0,1.0,0.0,0,61048.857645
2015,32.0,1.0,Mexican American,hs_or_less,low (<1.3x poverty),0.17,480.0,0.0,0.0,120.0,0.0,2.0,13.0,54.0,5.5,36.0,0.0,0.0,1.0,1.0,0,12754.5309085
2015,62.0,0.0,Other Hispanic,hs_or_less,low (<1.3x poverty),0.42,0.0,0.0,0.0,0.0,0.0,0.0,4.0,27.3,5.7,41.0,0.0,1.0,0.0,1.0,0,4069.1951505
2015,40.0,0.0,Mexican American,college_plus,middle (1.3-3.5x),1.49,0.0,23040.0,0.0,0.0,2880.0,0.0,4.0,30.2,5.6,33.0,0.0,0.0,1.0,0.0,0,22045.238754
2015,37.0,0.0,Other Hispanic,some_college,middle (1.3-3.5x),1.49,8640.0,2880.0,2880.0,1440.0,480.0,6.0,9.0,23.8,5.7,38.0,0.0,1.0,0.0,0.0,1,12324.208857
2015,25.0,1.0,Mexican American,college_plus,low (<1.3x poverty),0.94,6720.0,1440.0,0.0,1080.0,360.0,7.0,5.0,25.4,5.2,74.0,0.0,0.0,0.0,0.0,1,15929.561463
2015,25.0,0.0,NH White,some_college,middle (1.3-3.5x),1.58,960.0,0.0,0.0,120.0,0.0,1.0,12.0,38.1,5.4,27.0,0.0,0.0,1.0,0.0,1,29176.886481
2015,62.0,0.0,NH White,college_plus,high (>3.5x),4.61,0.0,0.0,0.0,0.0,0.0,0.0,8.0,45.0,7.1,44.0,1.0,1.0,1.0,1.0,0,76232.4550805
2015,62.0,1.0,Other Hispanic,hs_or_less,middle (1.3-3.5x),2.64,0.0,0.0,0.0,0.0,0.0,0.0,3.0,38.3,5.5,43.0,0.0,0.0,1.0,1.0,0,3075.176378
2015,24.0,0.0,NH White,hs_or_less,middle (1.3-3.5x),1.83,1200.0,4320.0,0.0,300.0,1080.0,1.0,6.0,57.6,5.3,37.0,0.0,0.0,1.0,0.0,1,53459.781871
2015,23.0,0.0,NH White,some_college,high (>3.5x),4.61,7200.0,18000.0,0.0,1440.0,3300.0,7.0,4.0,30.3,5.3,55.0,0.0,0.0,1.0,0.0,1,20726.3442135
2015,63.0,0.0,NH Asian,hs_or_less,middle (1.3-3.5x),1.91,0.0,0.0,500.0,0.0,0.0,0.0,6.0,23.9,7.8,30.0,1.0,1.0,0.0,0.0,0,11621.3011775
2015,37.0,1.0,NH Black,college_plus,middle (1.3-3.5x),3.09,1680.0,0.0,0.0,240.0,0.0,4.0,10.0,33.9,5.2,93.0,0.0,0.0,1.0,0.0,1,18438.3429795
2015,53.0,1.0,NH Asian,some_college,high (>3.5x),5.0,240.0,1920.0,0.0,60.0,480.0,2.0,6.0,20.7,5.5,51.0,0.0,0.0,0.0,0.0,0,12035.8103335
2015,59.0,1.0,NH White,some_college,low (<1.3x poverty),0.63,0.0,15360.0,0.0,0.0,2400.0,0.0,8.0,33.7,6.6,45.0,1.0,1.0,1.0,0.0,0,18790.728486
2015,59.0,1.0,Mexican American,hs_or_less,low (<1.3x poverty),0.46,0.0,0.0,0.0,0.0,0.0,0.0,6.0,41.4,6.3,35.0,0.0,1.0,1.0,1.0,0,7762.665704
2015,33.0,0.0,NH Asian,college_plus,high (>3.5x),3.75,0.0,0.0,0.0,0.0,0.0,0.0,6.0,19.1,5.6,49.0,0.0,0.0,0.0,0.0,0,14813.9171105
2015,64.0,0.0,NH Asian,some_college,high (>3.5x),4.06,0.0,0.0,0.0,0.0,0.0,0.0,4.0,23.3,5.8,48.0,0.0,1.0,0.0,0.0,0,11529.1050115
2015,50.0,0.0,NH White,hs_or_less,middle (1.3-3.5x),1.77,0.0,4200.0,0.0,0.0,1005.0,0.0,6.0,29.1,5.9,32.0,0.0,1.0,0.0,1.0,0,81691.7504795
2015,62.0,1.0,NH White,hs_or_less,middle (1.3-3.5x),1.69,0.0,0.0,0.0,0.0,0.0,0.0,4.0,43.3,7.1,58.0,1.0,1.0,1.0,0.0,0,24760.7470175
2015,44.0,0.0,NH Black,hs_or_less,low (<1.3x poverty),1.19,0.0,1080.0,400.0,0.0,270.0,0.0,6.0,23.4,5.8,98.0,0.0,1.0,0.0,1.0,0,9236.409951
2015,62.0,0.0,NH Black,some_college,low (<1.3x poverty),0.94,1440.0,480.0,0.0,240.0,120.0,4.0,8.0,35.2,5.8,127.0,0.0,1.0,1.0,0.0,1,6197.308113
2015,32.0,1.0,Other Hispanic,some_college,low (<1.3x poverty),1.06,0.0,0.0,0.0,0.0,0.0,0.0,3.0,22.1,4.9,74.0,0.0,0.0,0.0,0.0,0,13818.085216
2015,35.0,0.0,NH White,college_plus,high (>3.5x),4.37,2880.0,8400.0,120.0,540.0,1500.0,4.0,4.0,24.6,5.3,50.0,0.0,0.0,0.0,0.0,1,64968.796387
2015,57.0,0.0,Other Hispanic,hs_or_less,middle (1.3-3.5x),3.14,0.0,0.0,0.0,0.0,0.0,0.0,8.0,26.8,6.3,28.0,1.0,1.0,0.0,0.0,0,9239.138875
2015,65.0,0.0,Other Hispanic,hs_or_less,low (<1.3x poverty),0.89,0.0,0.0,0.0,0.0,0.0,0.0,10.0,37.2,6.2,30.0,1.0,1.0,1.0,1.0,0,4069.1951505
2015,47.0,0.0,NH White,some_college,high (>3.5x),5.0,0.0,360.0,0.0,0.0,90.0,0.0,12.0,46.1,5.8,52.0,0.0,1.0,1.0,1.0,0,37723.093464
2015,35.0,1.0,NH White,hs_or_less,middle (1.3-3.5x),1.32,1920.0,0.0,0.0,240.0,0.0,4.0,2.0,24.7,5.0,65.0,0.0,0.0,0.0,0.0,1,26046.591506
2015,61.0,1.0,NH White,hs_or_less,low (<1.3x poverty),0.94,240.0,2160.0,0.0,60.0,540.0,3.0,8.0,27.6,5.0,55.0,0.0,0.0,0.0,0.0,0,77529.717816
2015,43.0,0.0,Mexican American,hs_or_less,middle (1.3-3.5x),1.32,480.0,0.0,240.0,120.0,0.0,2.0,8.0,35.3,5.7,45.0,0.0,1.0,1.0,1.0,0,12304.845429
2015,28.0,1.0,Mexican American,hs_or_less,middle (1.3-3.5x),1.86,1440.0,4800.0,0.0,240.0,600.0,7.0,6.0,28.5,5.0,45.0,0.0,0.0,0.0,0.0,1,11566.1745705
2015,49.0,1.0,Other Hispanic,hs_or_less,middle (1.3-3.5x),3.17,420.0,0.0,4800.0,75.0,0.0,5.0,6.0,33.5,5.5,44.0,0.0,0.0,1.0,0.0,0,7934.021878
2015,60.0,1.0,NH Asian,hs_or_less,low (<1.3x poverty),0.83,240.0,0.0,0.0,60.0,0.0,3.0,5.0,22.0,5.5,47.0,0.0,0.0,0.0,1.0,0,11369.8135175
2015,29.0,0.0,Other/Multi,some_college,high (>3.5x),4.28,0.0,14400.0,0.0,0.0,2880.0,0.0,3.0,33.8,5.6,38.0,0.0,0.0,1.0,0.0,0,40409.556227
2015,30.0,0.0,NH Black,hs_or_less,middle (1.3-3.5x),1.47,480.0,240.0,0.0,120.0,60.0,2.0,6.0,30.8,5.7,36.0,0.0,1.0,1.0,1.0,0,12587.095131
2015,30.0,1.0,NH Black,some_college,low (<1.3x poverty),1.1,0.0,1200.0,0.0,0.0,300.0,0.0,5.0,48.1,5.6,40.0,0.0,0.0,1.0,1.0,0,12566.859014
2015,59.0,0.0,NH White,some_college,high (>3.5x),5.0,3360.0,1200.0,0.0,780.0,300.0,7.0,10.0,23.5,5.8,33.0,0.0,1.0,0.0,0.0,1,16536.976511
2015,64.0,1.0,Mexican American,some_college,middle (1.3-3.5x),2.5,0.0,480.0,0.0,0.0,60.0,0.0,4.0,31.5,5.1,70.0,0.0,0.0,1.0,0.0,0,6340.292638
2015,33.0,0.0,Mexican American,hs_or_less,low (<1.3x poverty),0.91,0.0,0.0,0.0,0.0,0.0,0.0,4.0,25.6,5.2,58.0,0.0,0.0,0.0,1.0,0,13135.166352
2015,52.0,0.0,NH Asian,college_plus,high (>3.5x),5.0,0.0,0.0,0.0,0.0,0.0,0.0,8.0,23.5,5.7,80.0,0.0,1.0,0.0,0.0,0,8299.14891
2015,37.0,0.0,NH White,some_college,middle (1.3-3.5x),2.81,0.0,11040.0,0.0,0.0,1560.0,0.0,3.0,22.5,5.2,47.0,0.0,0.0,0.0,0.0,0,52250.345527
2015,26.0,1.0,NH White,college_plus,middle (1.3-3.5x),2.81,1200.0,0.0,0.0,300.0,0.0,5.0,10.0,27.0,5.1,66.0,0.0,0.0,0.0,0.0,1,39655.6435765
2015,57.0,0.0,NH White,hs_or_less,low (<1.3x poverty),1.24,480.0,20160.0,1080.0,120.0,2880.0,2.0,2.0,28.7,5.3,62.0,0.0,0.0,0.0,0.0,0,13629.4190715
2015,44.0,1.0,NH White,some_college,high (>3.5x),5.0,560.0,600.0,0.0,140.0,150.0,4.0,6.0,34.4,5.7,31.0,0.0,1.0,1.0,0.0,0,34478.9016285
2015,32.0,0.0,Mexican American,some_college,middle (1.3-3.5x),1.84,1200.0,2880.0,0.0,250.0,720.0,7.0,5.0,31.0,12.1,37.0,1.0,1.0,1.0,1.0,1,15500.34884
2015,58.0,0.0,NH Black,hs_or_less,low (<1.3x poverty),0.55,0.0,0.0,0.0,0.0,0.0,0.0,4.0,49.0,5.7,49.0,0.0,1.0,1.0,1.0,0,7526.9906385
2015,24.0,1.0,Mexican American,college_plus,high (>3.5x),5.0,1200.0,1440.0,0.0,300.0,360.0,5.0,3.0,28.7,5.2,37.0,0.0,0.0,0.0,0.0,1,16541.567587
2015,48.0,0.0,NH Asian,hs_or_less,low (<1.3x poverty),1.24,0.0,480.0,0.0,0.0,120.0,0.0,3.0,21.3,5.6,72.0,0.0,0.0,0.0,0.0,0,10397.9390975
2015,22.0,1.0,Other Hispanic,college_plus,middle (1.3-3.5x),2.6,1280.0,1440.0,640.0,200.0,180.0,4.0,6.0,18.1,5.4,72.0,0.0,0.0,0.0,0.0,1,14122.191429
2015,25.0,0.0,NH Black,hs_or_less,low (<1.3x poverty),0.35,8640.0,0.0,0.0,1080.0,0.0,3.0,10.0,26.7,5.2,53.0,0.0,0.0,0.0,0.0,1,11948.7812785
2015,40.0,0.0,NH White,college_plus,high (>3.5x),5.0,840.0,1200.0,0.0,150.0,300.0,5.0,10.0,29.1,5.2,32.0,0.0,0.0,0.0,0.0,1,106141.699703
2015,63.0,1.0,Other Hispanic,hs_or_less,low (<1.3x poverty),0.51,0.0,0.0,0.0,0.0,0.0,0.0,12.0,29.9,5.6,62.0,0.0,0.0,0.0,0.0,0,3833.4594855
2015,41.0,1.0,Mexican American,hs_or_less,middle (1.3-3.5x),2.74,0.0,5760.0,120.0,0.0,1440.0,0.0,0.5,37.1,11.7,41.0,1.0,1.0,1.0,0.0,0,12500.6552555
2015,52.0,0.0,Mexican American,hs_or_less,low (<1.3x poverty),1.02,240.0,0.0,0.0,30.0,0.0,1.0,5.0,27.6,5.5,42.0,0.0,0.0,0.0,0.0,0,13836.9756395
2015,58.0,0.0,Other Hispanic,hs_or_less,low (<1.3x poverty),0.34,120.0,480.0,0.0,30.0,120.0,3.0,6.0,30.2,5.9,26.0,0.0,1.0,1.0,0.0,0,13608.078894
2015,47.0,1.0,NH White,hs_or_less,low (<1.3x poverty),0.16,360.0,0.0,720.0,90.0,0.0,3.0,4.0,25.4,5.8,31.0,0.0,1.0,0.0,0.0,0,59206.8788085
2015,45.0,0.0,Mexican American,hs_or_less,middle (1.3-3.5x),1.54,0.0,14400.0,0.0,0.0,2400.0,0.0,10.0,31.4,5.4,50.0,0.0,0.0,1.0,1.0,0,15786.605512
2015,22.0,0.0,NH Black,hs_or_less,low (<1.3x poverty),0.77,5760.0,3360.0,0.0,900.0,480.0,5.0,4.0,20.5,5.8,49.0,0.0,1.0,0.0,0.0,1,14893.542677
2015,41.0,1.0,Mexican American,hs_or_less,high (>3.5x),5.0,960.0,0.0,0.0,240.0,0.0,4.0,8.0,26.5,5.2,35.0,0.0,0.0,0.0,0.0,1,16726.641122
2015,48.0,0.0,NH Asian,some_college,high (>3.5x),3.92,0.0,0.0,0.0,0.0,0.0,0.0,10.0,31.6,5.5,40.0,0.0,0.0,1.0,0.0,0,11175.826771
2015,38.0,0.0,Other Hispanic,hs_or_less,low (<1.3x poverty),0.88,960.0,9600.0,0.0,150.0,1800.0,3.0,7.0,39.4,4.5,45.0,0.0,0.0,1.0,0.0,1,13333.5805605
2015,25.0,0.0,NH White,college_plus,middle (1.3-3.5x),2.46,0.0,240.0,0.0,0.0,60.0,0.0,8.0,25.6,5.4,38.0,0.0,0.0,0.0,0.0,0,58707.406672
2015,51.0,1.0,NH Black,college_plus,middle (1.3-3.5x),1.77,600.0,0.0,0.0,150.0,0.0,5.0,5.0,37.0,5.8,67.0,0.0,1.0,1.0,1.0,1,11885.906595
2015,33.0,1.0,NH Asian,college_plus,high (>3.5x),5.0,240.0,0.0,1200.0,30.0,0.0,1.0,6.5,19.6,5.4,84.0,0.0,0.0,0.0,0.0,0,12407.753301
2015,52.0,0.0,NH White,hs_or_less,middle (1.3-3.5x),1.67,0.0,8640.0,2160.0,0.0,1440.0,0.0,5.0,30.3,5.4,84.0,0.0,0.0,1.0,1.0,0,13042.9403385
2015,52.0,0.0,NH White,some_college,high (>3.5x),3.93,480.0,6000.0,0.0,120.0,900.0,2.0,6.0,32.3,5.3,35.0,0.0,0.0,1.0,0.0,0,42163.7076795
2015,59.0,0.0,Other Hispanic,some_college,middle (1.3-3.5x),3.3,0.0,2400.0,0.0,0.0,360.0,0.0,2.0,35.8,5.8,38.0,1.0,1.0,1.0,0.0,0,8485.748627
2015,29.0,0.0,Mexican American,some_college,high (>3.5x),5.0,1800.0,0.0,0.0,270.0,0.0,4.0,14.0,27.6,5.3,66.0,0.0,0.0,0.0,0.0,1,15190.3536075
2015,64.0,0.0,NH Asian,college_plus,high (>3.5x),4.39,600.0,0.0,0.0,150.0,0.0,5.0,8.0,26.3,6.1,36.0,0.0,1.0,0.0,0.0,1,8355.4856385
2015,30.0,0.0,NH Asian,college_plus,middle (1.3-3.5x),2.88,0.0,0.0,0.0,0.0,0.0,0.0,9.0,21.2,5.5,46.0,0.0,0.0,0.0,0.0,0,10192.523852
2015,22.0,1.0,NH White,some_college,low (<1.3x poverty),0.64,0.0,0.0,0.0,0.0,0.0,0.0,10.0,24.2,4.8,59.0,0.0,0.0,0.0,0.0,0,50693.381008
2015,51.0,1.0,NH Asian,hs_or_less,high (>3.5x),4.99,2400.0,0.0,0.0,360.0,0.0,6.0,8.0,26.9,5.6,42.0,0.0,0.0,0.0,0.0,1,9336.924312
2015,25.0,1.0,Other Hispanic,hs_or_less,middle (1.3-3.5x),2.72,0.0,4800.0,0.0,0.0,840.0,0.0,8.0,45.2,5.4,61.0,0.0,0.0,1.0,0.0,0,18592.7779345
2015,41.0,0.0,NH White,college_plus,high (>3.5x),3.73,960.0,360.0,0.0,120.0,90.0,1.0,6.0,28.6,5.3,34.0,0.0,0.0,0.0,0.0,1,65603.4549235
2015,20.0,0.0,Other Hispanic,hs_or_less,high (>3.5x),3.83,0.0,0.0,2880.0,0.0,0.0,0.0,5.0,37.3,5.6,43.0,0.0,0.0,1.0,0.0,0,13747.6966315
2015,24.0,0.0,NH White,hs_or_less,high (>3.5x),4.46,0.0,18000.0,0.0,0.0,3000.0,0.0,4.0,31.8,5.1,32.0,0.0,0.0,1.0,0.0,0,61294.271267
2015,42.0,1.0,NH Black,college_plus,high (>3.5x),5.0,1800.0,0.0,0.0,270.0,0.0,6.0,1.0,24.3,5.4,81.0,0.0,0.0,0.0,0.0,1,21615.1037105
2015,47.0,0.0,Other Hispanic,hs_or_less,middle (1.3-3.5x),1.64,0.0,2400.0,0.0,0.0,375.0,0.0,1.3333333333333333,28.6,5.4,50.0,0.0,0.0,0.0,0.0,0,18151.927202
2015,54.0,0.0,NH Asian,college_plus,middle (1.3-3.5x),2.55,0.0,240.0,0.0,0.0,60.0,0.0,6.0,23.1,5.3,46.0,0.0,0.0,0.0,0.0,0,7415.7668445
2015,27.0,1.0,NH White,hs_or_less,low (<1.3x poverty),1.24,0.0,3840.0,0.0,0.0,600.0,0.0,4.0,20.9,4.8,60.0,0.0,0.0,0.0,0.0,0,36411.548619
2015,34.0,0.0,NH White,some_college,middle (1.3-3.5x),1.49,0.0,0.0,0.0,0.0,0.0,0.0,3.0,43.6,5.7,36.0,0.0,1.0,1.0,0.0,0,17270.2275845
2015,26.0,0.0,Mexican American,hs_or_less,low (<1.3x poverty),0.61,0.0,9600.0,0.0,0.0,2400.0,0.0,4.0,32.3,5.4,33.0,0.0,0.0,1.0,0.0,0,15695.247126
2015,35.0,1.0,NH White,college_plus,middle (1.3-3.5x),2.81,1440.0,0.0,0.0,240.0,0.0,6.0,10.0,28.9,4.9,73.0,0.0,0.0,0.0,0.0,1,48821.2115655
2015,23.0,0.0,NH White,college_plus,middle (1.3-3.5x),2.95,360.0,240.0,600.0,60.0,60.0,2.0,13.0,18.5,5.3,76.0,0.0,0.0,0.0,0.0,0,84310.6514775
2015,41.0,1.0,NH Asian,college_plus,high (>3.5x),4.95,960.0,0.0,0.0,120.0,0.0,2.0,10.0,21.9,5.2,49.0,0.0,0.0,0.0,0.0,1,13076.8920355
2015,64.0,0.0,NH Black,college_plus,high (>3.5x),3.75,0.0,12000.0,0.0,0.0,2100.0,0.0,5.0,31.2,5.6,78.0,0.0,0.0,1.0,0.0,0,5953.3555565
2015,64.0,1.0,NH White,hs_or_less,high (>3.5x),4.62,0.0,4320.0,0.0,0.0,720.0,0.0,5.0,32.1,5.5,85.0,0.0,0.0,1.0,0.0,0,104326.5165
2015,37.0,0.0,NH White,hs_or_less,middle (1.3-3.5x),1.84,0.0,9600.0,0.0,0.0,1800.0,0.0,8.0,29.0,5.1,48.0,0.0,0.0,0.0,0.0,0,20792.8449445
2015,31.0,1.0,Mexican American,some_college,middle (1.3-3.5x),1.35,0.0,3600.0,0.0,0.0,540.0,0.0,4.0,30.0,5.8,32.0,0.0,1.0,1.0,0.0,0,12327.874737
2015,45.0,1.0,NH White,some_college,middle (1.3-3.5x),3.09,0.0,4800.0,0.0,0.0,1200.0,0.0,4.0,39.4,7.7,33.0,1.0,1.0,1.0,0.0,0,58804.485978
2015,63.0,0.0,NH Black,some_college,high (>3.5x),3.87,0.0,4800.0,440.0,0.0,1200.0,0.0,5.0,26.0,5.9,41.0,0.0,1.0,0.0,0.0,0,6467.441785
2015,61.0,1.0,NH White,hs_or_less,middle (1.3-3.5x),1.49,360.0,0.0,0.0,90.0,0.0,3.0,12.0,32.0,5.4,47.0,0.0,0.0,1.0,0.0,0,19559.7724025
2015,53.0,1.0,Mexican American,hs_or_less,low (<1.3x poverty),0.84,0.0,0.0,0.0,0.0,0.0,0.0,5.0,26.0,5.9,59.0,1.0,1.0,0.0,1.0,0,7817.600653
2015,49.0,1.0,Other Hispanic,college_plus,high (>3.5x),3.63,320.0,0.0,0.0,80.0,0.0,4.0,10.0,29.2,5.6,51.0,0.0,0.0,0.0,0.0,0,10460.543024
2015,21.0,1.0,Mexican American,hs_or_less,low (<1.3x poverty),0.95,0.0,0.0,0.0,0.0,0.0,0.0,6.0,33.5,5.4,61.0,1.0,1.0,1.0,0.0,0,14568.1620365
2015,27.0,1.0,NH Black,some_college,low (<1.3x poverty),1.29,360.0,720.0,0.0,90.0,180.0,3.0,8.0,34.8,5.7,56.0,0.0,1.0,1.0,1.0,0,17066.127317
2015,48.0,1.0,NH White,college_plus,middle (1.3-3.5x),2.82,360.0,0.0,0.0,90.0,0.0,2.0,6.0,36.8,5.4,52.0,0.0,0.0,1.0,0.0,0,42360.539233
2015,22.0,0.0,NH Asian,some_college,high (>3.5x),4.94,3680.0,0.0,0.0,520.0,0.0,6.0,15.0,28.2,5.3,50.0,0.0,0.0,0.0,0.0,1,9635.993149
2015,32.0,1.0,NH Black,some_college,low (<1.3x poverty),1.1,0.0,0.0,160.0,0.0,0.0,0.0,10.0,27.5,5.2,67.0,0.0,0.0,0.0,1.0,0,8701.833656
2015,62.0,1.0,NH Black,some_college,high (>3.5x),4.06,0.0,0.0,240.0,0.0,0.0,0.0,5.0,28.0,5.8,109.0,0.0,1.0,0.0,1.0,0,12909.3152385
2015,46.0,1.0,Other/Multi,some_college,low (<1.3x poverty),0.75,0.0,0.0,80.0,0.0,0.0,0.0,12.0,46.0,15.0,53.0,1.0,1.0,1.0,1.0,0,11343.3705655
2015,34.0,1.0,Mexican American,hs_or_less,low (<1.3x poverty),1.28,1440.0,0.0,0.0,180.0,0.0,3.0,6.0,35.3,4.5,59.0,0.0,0.0,1.0,1.0,1,12203.0944725
2015,28.0,1.0,NH Asian,some_college,middle (1.3-3.5x),1.73,0.0,1680.0,0.0,0.0,300.0,0.0,2.0,23.0,5.9,68.0,0.0,1.0,0.0,0.0,0,9705.867329
2015,49.0,0.0,Mexican American,some_college,middle (1.3-3.5x),1.55,2880.0,0.0,0.0,360.0,0.0,3.0,10.0,40.1,5.5,41.0,0.0,0.0,1.0,0.0,1,21502.617727
2015,22.0,0.0,NH White,some_college,high (>3.5x),5.0,960.0,2160.0,600.0,240.0,420.0,4.0,6.0,38.7,4.8,50.0,0.0,0.0,1.0,0.0,1,78986.1547815
2015,63.0,1.0,Other Hispanic,hs_or_less,low (<1.3x poverty),1.24,0.0,3360.0,0.0,0.0,660.0,0.0,10.0,36.0,7.0,44.0,1.0,1.0,1.0,0.0,0,4037.8089175
2015,65.0,0.0,NH Black,hs_or_less,middle (1.3-3.5x),1.44,0.0,0.0,300.0,0.0,0.0,0.0,8.0,32.5,10.1,,1.0,1.0,1.0,0.0,0,8176.4538585
2015,58.0,1.0,NH Black,hs_or_less,middle (1.3-3.5x),2.45,0.0,0.0,0.0,0.0,0.0,0.0,8.0,31.4,5.8,42.0,0.0,1.0,1.0,0.0,0,10785.49059
2015,56.0,1.0,NH Black,hs_or_less,middle (1.3-3.5x),1.87,720.0,0.0,0.0,180.0,0.0,4.0,4.0,48.3,6.3,54.0,1.0,1.0,1.0,1.0,1,10821.4963125
2015,60.0,1.0,Mexican American,hs_or_less,low (<1.3x poverty),0.78,0.0,0.0,0.0,0.0,0.0,0.0,8.0,25.7,5.6,56.0,0.0,0.0,0.0,1.0,0,3605.2282965
2015,34.0,1.0,Other Hispanic,hs_or_less,middle (1.3-3.5x),2.2,0.0,0.0,0.0,0.0,0.0,0.0,5.0,32.1,5.0,54.0,0.0,0.0,1.0,0.0,0,17232.0689765
2015,23.0,1.0,NH Asian,some_college,middle (1.3-3.5x),1.85,1440.0,0.0,720.0,240.0,0.0,3.0,10.0,25.6,5.6,32.0,0.0,0.0,0.0,1.0,1,15414.7554755
2015,24.0,0.0,NH Asian,some_college,low (<1.3x poverty),0.2,0.0,0.0,0.0,0.0,0.0,0.0,2.0,21.5,5.6,46.0,0.0,0.0,0.0,0.0,0,9823.34581
2015,60.0,1.0,NH Black,hs_or_less,low (<1.3x poverty),0.1,0.0,0.0,0.0,0.0,0.0,0.0,9.0,28.8,5.5,69.0,0.0,0.0,0.0,0.0,0,10646.8972215
2015,60.0,0.0,Mexican American,hs_or_less,middle (1.3-3.5x),1.88,480.0,0.0,0.0,120.0,0.0,4.0,6.0,28.6,9.7,65.0,1.0,1.0,0.0,1.0,0,5048.707224
2015,21.0,1.0,NH White,some_college,high (>3.5x),5.0,540.0,0.0,0.0,135.0,0.0,3.0,7.0,19.3,5.3,66.0,0.0,0.0,0.0,0.0,0,41008.172103
2015,65.0,1.0,NH Black,hs_or_less,middle (1.3-3.5x),2.5,0.0,0.0,0.0,0.0,0.0,0.0,5.0,25.5,6.4,47.0,1.0,1.0,0.0,1.0,0,9323.7299655
2015,51.0,1.0,NH White,college_plus,middle (1.3-3.5x),2.24,0.0,0.0,0.0,0.0,0.0,0.0,5.0,35.1,5.3,40.0,0.0,0.0,1.0,1.0,0,47762.8920415
2015,28.0,1.0,NH Asian,college_plus,high (>3.5x),4.12,720.0,0.0,180.0,90.0,0.0,2.0,10.0,22.1,5.2,57.0,0.0,0.0,0.0,0.0,1,11697.8271265
2015,42.0,1.0,NH White,some_college,low (<1.3x poverty),0.86,0.0,1440.0,0.0,0.0,240.0,0.0,10.0,30.9,4.9,40.0,0.0,0.0,1.0,1.0,0,15818.9688495
2015,27.0,1.0,Other Hispanic,hs_or_less,middle (1.3-3.5x),1.49,0.0,0.0,0.0,0.0,0.0,0.0,11.0,31.0,5.1,56.0,0.0,0.0,1.0,0.0,0,14180.08896
2015,57.0,0.0,NH White,college_plus,middle (1.3-3.5x),2.95,0.0,0.0,0.0,0.0,0.0,0.0,14.0,44.5,5.9,58.0,1.0,1.0,1.0,1.0,0,16175.5852695
2015,45.0,0.0,NH White,college_plus,middle (1.3-3.5x),2.47,0.0,7200.0,0.0,0.0,1200.0,0.0,8.0,29.3,5.4,45.0,0.0,0.0,0.0,0.0,0,84435.6849405
2015,36.0,0.0,NH Asian,college_plus,high (>3.5x),4.25,1920.0,0.0,0.0,300.0,0.0,3.0,15.0,31.3,5.3,48.0,0.0,0.0,1.0,0.0,1,11240.69804
2015,37.0,0.0,NH White,college_plus,high (>3.5x),5.0,240.0,2880.0,180.0,30.0,480.0,1.0,8.0,30.3,4.8,54.0,0.0,0.0,1.0,0.0,0,56288.8153055
2015,20.0,1.0,Other/Multi,hs_or_less,low (<1.3x poverty),1.27,0.0,0.0,0.0,0.0,0.0,0.0,7.0,33.1,5.5,77.0,0.0,0.0,1.0,0.0,0,17970.8877545
2015,55.0,1.0,NH White,college_plus,high (>3.5x),5.0,0.0,0.0,0.0,0.0,0.0,0.0,8.0,25.2,5.3,48.0,0.0,0.0,0.0,0.0,0,67183.100672
2015,30.0,1.0,Mexican American,hs_or_less,low (<1.3x poverty),0.77,0.0,0.0,0.0,0.0,0.0,0.0,5.0,25.9,5.4,42.0,0.0,0.0,0.0,0.0,0,12173.8346455
2015,57.0,1.0,NH Black,hs_or_less,low (<1.3x poverty),0.51,0.0,0.0,300.0,0.0,0.0,0.0,4.0,36.0,6.0,71.0,0.0,1.0,1.0,0.0,0,11329.208892
2015,22.0,1.0,Mexican American,hs_or_less,low (<1.3x poverty),0.92,1920.0,0.0,480.0,300.0,0.0,4.0,1.0,32.9,6.3,37.0,1.0,1.0,1.0,0.0,1,11548.231049
2015,44.0,1.0,NH White,college_plus,middle (1.3-3.5x),2.06,0.0,0.0,0.0,0.0,0.0,0.0,10.0,43.5,5.6,54.0,0.0,0.0,1.0,0.0,0,58804.485978
2015,49.0,0.0,Other Hispanic,hs_or_less,middle (1.3-3.5x),1.6,0.0,0.0,0.0,0.0,0.0,0.0,0.25,26.9,4.9,34.0,0.0,0.0,0.0,0.0,0,26111.5555075
2015,39.0,1.0,NH White,college_plus,high (>3.5x),5.0,1440.0,0.0,0.0,225.0,0.0,5.0,8.0,21.4,5.3,64.0,0.0,0.0,0.0,0.0,1,51476.5799705
2015,50.0,0.0,Mexican American,hs_or_less,low (<1.3x poverty),0.21,1800.0,0.0,0.0,270.0,0.0,2.0,3.0,23.5,12.6,40.0,1.0,1.0,0.0,1.0,1,11665.7692695
2015,27.0,1.0,NH White,some_college,low (<1.3x poverty),0.62,0.0,0.0,0.0,0.0,0.0,0.0,3.0,21.3,5.3,73.0,0.0,0.0,0.0,0.0,0,39382.389292
2015,57.0,0.0,NH White,some_college,high (>3.5x),5.0,0.0,12480.0,0.0,0.0,2760.0,0.0,3.0,27.8,5.7,42.0,0.0,1.0,0.0,0.0,0,13330.235429
2015,34.0,1.0,Other Hispanic,hs_or_less,low (<1.3x poverty),1.26,0.0,0.0,0.0,0.0,0.0,0.0,3.0,39.4,5.7,97.0,0.0,1.0,1.0,1.0,0,16835.084396
2015,45.0,0.0,NH Asian,college_plus,high (>3.5x),3.87,0.0,0.0,0.0,0.0,0.0,0.0,10.0,26.9,5.4,39.0,0.0,0.0,0.0,0.0,0,10310.510983
2015,31.0,1.0,NH Black,college_plus,high (>3.5x),4.28,0.0,0.0,0.0,0.0,0.0,0.0,15.0,28.1,4.9,57.0,0.0,0.0,0.0,0.0,0,13272.550927
2015,33.0,0.0,Mexican American,some_college,low (<1.3x poverty),1.2,0.0,0.0,0.0,0.0,0.0,0.0,3.0,35.1,5.5,35.0,0.0,0.0,1.0,0.0,0,14300.464635
2015,55.0,0.0,Mexican American,hs_or_less,low (<1.3x poverty),1.2,0.0,0.0,0.0,0.0,0.0,0.0,6.0,32.9,5.3,48.0,0.0,0.0,1.0,1.0,0,11504.3251115
2015,28.0,1.0,NH White,college_plus,high (>3.5x),5.0,4080.0,5040.0,600.0,660.0,900.0,7.0,4.0,20.3,5.3,60.0,0.0,0.0,0.0,0.0,1,34553.677457
2015,39.0,0.0,NH Black,hs_or_less,middle (1.3-3.5x),3.37,1680.0,16800.0,0.0,300.0,3000.0,5.0,5.0,44.4,5.0,45.0,0.0,0.0,1.0,1.0,1,12053.0824735
2015,41.0,0.0,NH White,some_college,high (>3.5x),4.3,0.0,1440.0,0.0,0.0,300.0,0.0,5.0,30.5,6.7,35.0,1.0,1.0,1.0,0.0,0,63396.530808
2015,42.0,1.0,NH Black,hs_or_less,high (>3.5x),3.67,160.0,16800.0,0.0,40.0,2100.0,2.0,3.0,25.3,5.4,33.0,0.0,0.0,0.0,0.0,0,11239.4025135
2015,63.0,0.0,NH Black,some_college,high (>3.5x),5.0,0.0,4080.0,0.0,0.0,660.0,0.0,3.0,44.7,6.7,51.0,1.0,1.0,1.0,0.0,0,5973.634041
2015,55.0,1.0,NH Black,some_college,low (<1.3x poverty),0.5,0.0,1200.0,0.0,0.0,300.0,0.0,3.0,27.9,6.2,53.0,0.0,1.0,0.0,0.0,0,11675.7280535
2015,35.0,0.0,NH White,hs_or_less,middle (1.3-3.5x),1.64,0.0,0.0,0.0,0.0,0.0,0.0,8.0,28.9,5.5,26.0,0.0,0.0,0.0,1.0,0,59989.3915715
2015,41.0,1.0,NH Asian,hs_or_less,middle (1.3-3.5x),1.84,180.0,0.0,0.0,45.0,0.0,3.0,10.0,21.8,5.1,79.0,0.0,0.0,0.0,0.0,0,11776.8787445
2015,43.0,1.0,NH White,college_plus,high (>3.5x),3.71,840.0,0.0,0.0,180.0,0.0,6.0,5.0,24.5,5.3,61.0,0.0,0.0,0.0,0.0,1,58804.485978
2015,27.0,0.0,NH White,hs_or_less,middle (1.3-3.5x),1.49,0.0,1920.0,0.0,0.0,240.0,0.0,4.0,22.6,5.3,74.0,0.0,0.0,0.0,0.0,0,29419.742264
2015,57.0,0.0,Mexican American,some_college,middle (1.3-3.5x),2.13,1440.0,4800.0,0.0,180.0,1200.0,3.0,6.0,29.2,7.2,33.0,1.0,1.0,0.0,1.0,1,16480.400384
2015,35.0,0.0,NH Black,college_plus,high (>3.5x),4.02,0.0,0.0,0.0,0.0,0.0,0.0,5.0,37.0,6.7,41.0,1.0,1.0,1.0,1.0,0,13349.4071875
2015,65.0,1.0,NH White,some_college,high (>3.5x),3.68,3600.0,480.0,0.0,600.0,120.0,7.0,3.0,24.3,5.4,84.0,0.0,0.0,0.0,0.0,1,88493.9175495
2015,23.0,1.0,Mexican American,college_plus,middle (1.3-3.5x),2.5,480.0,0.0,0.0,120.0,0.0,2.0,9.0,23.3,4.6,75.0,0.0,0.0,0.0,0.0,0,19101.174206
2015,26.0,0.0,Mexican American,hs_or_less,middle (1.3-3.5x),1.41,1680.0,0.0,160.0,300.0,0.0,5.0,3.0,24.0,5.6,58.0,0.0,0.0,0.0,1.0,1,15833.3469265
2015,33.0,1.0,Other Hispanic,hs_or_less,low (<1.3x poverty),0.56,0.0,34560.0,0.0,0.0,5760.0,0.0,3.0,34.5,5.4,54.0,0.0,0.0,1.0,0.0,0,16423.4549615
2015,29.0,1.0,NH Asian,college_plus,high (>3.5x),4.39,360.0,1440.0,0.0,90.0,360.0,3.0,11.0,26.8,4.9,87.0,0.0,0.0,0.0,0.0,0,9060.0471245
2015,29.0,0.0,Mexican American,hs_or_less,low (<1.3x poverty),0.75,5760.0,28800.0,0.0,720.0,3600.0,4.0,4.0,38.1,5.5,29.0,0.0,0.0,1.0,0.0,1,17381.1047665
2015,58.0,0.0,NH Asian,hs_or_less,low (<1.3x poverty),1.03,0.0,0.0,0.0,0.0,0.0,0.0,6.0,25.3,7.7,52.0,1.0,1.0,0.0,1.0,0,10488.0828535
2015,55.0,0.0,NH White,some_college,high (>3.5x),5.0,0.0,1440.0,0.0,0.0,360.0,0.0,6.0,36.0,5.6,46.0,0.0,0.0,1.0,0.0,0,46802.8309835
2015,50.0,1.0,Mexican American,hs_or_less,low (<1.3x poverty),1.07,0.0,4800.0,0.0,0.0,1200.0,0.0,4.0,29.8,6.3,53.0,0.0,1.0,0.0,1.0,0,7400.0500755
2015,65.0,0.0,NH Black,hs_or_less,low (<1.3x poverty),0.83,0.0,80.0,240.0,0.0,20.0,0.0,4.0,28.4,5.4,76.0,0.0,0.0,0.0,1.0,0,5204.707299
2015,59.0,1.0,NH Asian,hs_or_less,low (<1.3x poverty),0.03,0.0,0.0,0.0,0.0,0.0,0.0,3.0,22.9,8.6,55.0,1.0,1.0,0.0,0.0,0,8450.425462
2015,30.0,1.0,Other Hispanic,some_college,middle (1.3-3.5x),2.59,1440.0,0.0,0.0,180.0,0.0,3.0,6.0,26.4,5.1,83.0,0.0,0.0,0.0,0.0,1,11380.1998585
2015,29.0,0.0,Mexican American,hs_or_less,low (<1.3x poverty),0.89,0.0,4800.0,0.0,0.0,1200.0,0.0,6.0,28.2,5.3,55.0,0.0,0.0,0.0,0.0,0,16513.820759
2015,38.0,0.0,Other/Multi,hs_or_less,low (<1.3x poverty),0.94,0.0,0.0,360.0,0.0,0.0,0.0,3.0,21.6,4.8,80.0,0.0,0.0,0.0,1.0,0,20889.6971315
2015,42.0,0.0,NH Asian,college_plus,low (<1.3x poverty),0.91,0.0,0.0,200.0,0.0,0.0,0.0,8.0,25.0,5.7,70.0,0.0,1.0,0.0,0.0,0,10901.4465915
2015,56.0,1.0,Other Hispanic,hs_or_less,high (>3.5x),5.0,160.0,80.0,0.0,40.0,20.0,2.0,6.0,26.0,5.5,50.0,0.0,0.0,0.0,1.0,0,12756.9172875
2015,63.0,0.0,NH White,college_plus,middle (1.3-3.5x),2.2,7680.0,120.0,0.0,1200.0,30.0,7.0,4.0,19.8,5.7,64.0,0.0,1.0,0.0,0.0,1,80285.3784615
2015,55.0,1.0,Other Hispanic,hs_or_less,low (<1.3x poverty),0.62,0.0,0.0,240.0,0.0,0.0,0.0,6.0,35.7,5.1,40.0,0.0,0.0,1.0,0.0,0,7928.531612
2015,44.0,1.0,Mexican American,hs_or_less,low (<1.3x poverty),1.23,0.0,0.0,0.0,0.0,0.0,0.0,9.0,29.2,5.0,63.0,0.0,0.0,0.0,0.0,0,7969.058738
2015,25.0,1.0,Mexican American,some_college,middle (1.3-3.5x),2.33,440.0,0.0,0.0,70.0,0.0,3.0,11.0,63.9,5.9,33.0,0.0,1.0,1.0,0.0,0,10899.6258735
2015,48.0,1.0,NH White,hs_or_less,middle (1.3-3.5x),1.62,0.0,20640.0,0.0,0.0,4200.0,0.0,4.0,22.4,5.9,36.0,0.0,1.0,0.0,0.0,0,22767.640814
2015,42.0,1.0,NH Black,hs_or_less,middle (1.3-3.5x),2.46,720.0,0.0,0.0,180.0,0.0,4.0,8.0,30.3,5.4,55.0,0.0,0.0,1.0,1.0,1,9068.5846955
2015,37.0,1.0,NH Black,hs_or_less,low (<1.3x poverty),1.19,0.0,0.0,480.0,0.0,0.0,0.0,5.0,19.3,4.9,48.0,0.0,0.0,0.0,0.0,0,7566.0492395
2015,62.0,1.0,Mexican American,hs_or_less,middle (1.3-3.5x),1.4,160.0,0.0,0.0,40.0,0.0,2.0,8.0,38.4,7.8,51.0,1.0,1.0,1.0,1.0,0,4128.279565
2015,39.0,0.0,Other Hispanic,hs_or_less,middle (1.3-3.5x),2.38,0.0,240.0,0.0,0.0,60.0,0.0,2.0,26.5,5.5,45.0,0.0,0.0,0.0,1.0,0,19702.830131
2015,41.0,0.0,NH Asian,college_plus,high (>3.5x),5.0,1200.0,0.0,0.0,180.0,0.0,4.0,13.0,25.0,5.3,65.0,0.0,0.0,0.0,0.0,1,10037.746142
2015,64.0,1.0,Mexican American,college_plus,high (>3.5x),4.96,480.0,0.0,0.0,120.0,0.0,4.0,11.0,23.5,5.8,82.0,0.0,1.0,0.0,0.0,0,3900.498565
2015,46.0,1.0,Other/Multi,college_plus,high (>3.5x),4.22,2640.0,0.0,0.0,480.0,0.0,7.0,10.0,30.9,5.3,91.0,0.0,0.0,1.0,0.0,1,13081.8840795
2015,28.0,0.0,NH White,hs_or_less,low (<1.3x poverty),0.98,0.0,1440.0,0.0,0.0,360.0,0.0,10.0,40.6,5.7,43.0,0.0,1.0,1.0,0.0,0,26048.90147
2015,40.0,1.0,Mexican American,college_plus,low (<1.3x poverty),1.19,0.0,0.0,0.0,0.0,0.0,0.0,4.0,23.1,5.5,43.0,0.0,0.0,0.0,0.0,0,13833.3210435
2015,29.0,0.0,NH Asian,college_plus,high (>3.5x),4.08,720.0,0.0,0.0,180.0,0.0,4.0,12.0,32.5,5.6,37.0,0.0,0.0,1.0,0.0,1,10125.152158
2015,47.0,1.0,NH White,college_plus,high (>3.5x),5.0,200.0,1920.0,0.0,50.0,240.0,5.0,9.0,23.1,4.8,83.0,0.0,0.0,0.0,0.0,0,67462.572751
2015,30.0,1.0,NH Asian,college_plus,high (>3.5x),5.0,120.0,0.0,0.0,30.0,0.0,1.0,6.0,30.5,5.5,77.0,0.0,0.0,1.0,0.0,0,11362.2027445
2015,30.0,1.0,NH Black,college_plus,low (<1.3x poverty),0.95,360.0,0.0,0.0,90.0,0.0,3.0,10.0,29.4,5.0,47.0,0.0,0.0,0.0,0.0,0,9134.665421
2015,52.0,1.0,NH Black,some_college,high (>3.5x),4.06,1920.0,0.0,0.0,300.0,0.0,7.0,6.0,34.9,5.6,72.0,0.0,0.0,1.0,0.0,1,11767.7125
2015,43.0,0.0,NH White,some_college,middle (1.3-3.5x),3.22,3840.0,6960.0,0.0,660.0,1020.0,7.0,3.0,33.2,5.3,27.0,0.0,0.0,1.0,0.0,1,48877.518397
2015,21.0,0.0,Other/Multi,some_college,high (>3.5x),3.92,1440.0,0.0,0.0,270.0,0.0,6.0,5.0,26.3,5.3,38.0,0.0,0.0,0.0,0.0,1,9823.34581
2015,52.0,1.0,Mexican American,hs_or_less,low (<1.3x poverty),1.28,720.0,720.0,0.0,90.0,180.0,3.0,1.5,29.0,6.0,53.0,0.0,1.0,0.0,0.0,1,7990.513377
2015,36.0,1.0,NH White,hs_or_less,low (<1.3x poverty),0.74,1920.0,0.0,360.0,300.0,0.0,5.0,3.0,26.6,5.1,67.0,0.0,0.0,0.0,0.0,1,23242.068447
2015,60.0,1.0,Mexican American,hs_or_less,high (>3.5x),3.68,0.0,2400.0,0.0,0.0,600.0,0.0,5.0,29.9,6.9,39.0,1.0,1.0,0.0,1.0,0,4110.148154
2015,62.0,1.0,Other/Multi,college_plus,low (<1.3x poverty),0.81,0.0,0.0,0.0,0.0,0.0,0.0,8.0,46.0,5.6,41.0,1.0,1.0,1.0,1.0,0,9967.3857065
2015,22.0,0.0,NH White,some_college,high (>3.5x),4.67,0.0,5760.0,0.0,0.0,1440.0,0.0,3.0,24.3,4.8,44.0,0.0,0.0,0.0,0.0,0,40409.556227
2015,52.0,1.0,NH White,hs_or_less,middle (1.3-3.5x),1.47,0.0,0.0,0.0,0.0,0.0,0.0,7.0,40.1,5.7,43.0,0.0,1.0,1.0,0.0,0,23832.5228825
2015,32.0,1.0,NH Black,hs_or_less,middle (1.3-3.5x),1.38,0.0,26400.0,0.0,0.0,3600.0,0.0,4.0,49.1,5.4,47.0,0.0,0.0,1.0,0.0,0,12006.527355
2015,25.0,0.0,NH White,college_plus,middle (1.3-3.5x),1.91,2160.0,0.0,0.0,270.0,0.0,6.0,8.0,23.5,5.0,29.0,0.0,0.0,0.0,0.0,1,43781.213358
2015,38.0,0.0,NH White,some_college,low (<1.3x poverty),0.42,360.0,0.0,180.0,90.0,0.0,1.0,14.0,31.5,5.6,52.0,1.0,1.0,1.0,1.0,0,21491.0920465
2015,30.0,1.0,Other/Multi,college_plus,high (>3.5x),4.96,2880.0,0.0,0.0,450.0,0.0,6.0,6.0,25.4,5.1,67.0,0.0,0.0,0.0,0.0,1,9360.169335
2015,36.0,0.0,NH Black,hs_or_less,low (<1.3x poverty),1.16,2880.0,6000.0,0.0,360.0,1020.0,3.0,4.0,40.5,5.0,34.0,0.0,0.0,1.0,0.0,1,9265.832433
2015,30.0,0.0,NH Black,college_plus,middle (1.3-3.5x),2.1,3240.0,0.0,0.0,540.0,0.0,6.0,7.0,43.9,5.3,42.0,0.0,0.0,1.0,1.0,1,12180.566575
2015,24.0,1.0,Other Hispanic,hs_or_less,middle (1.3-3.5x),1.34,0.0,0.0,0.0,0.0,0.0,0.0,5.0,23.3,5.3,65.0,0.0,0.0,0.0,0.0,0,15784.519882
2015,53.0,1.0,Mexican American,hs_or_less,high (>3.5x),5.0,0.0,0.0,360.0,0.0,0.0,0.0,4.0,28.3,5.6,41.0,0.0,0.0,0.0,0.0,0,7473.443574
2015,29.0,0.0,NH White,college_plus,high (>3.5x),5.0,4320.0,0.0,0.0,900.0,0.0,6.0,4.0,29.4,4.9,47.0,0.0,0.0,0.0,0.0,1,51843.560084
2015,40.0,0.0,NH White,hs_or_less,low (<1.3x poverty),5.397605346934028e-79,0.0,0.0,0.0,0.0,0.0,0.0,8.0,28.4,5.3,39.0,0.0,0.0,0.0,0.0,0,14067.904227
2015,40.0,1.0,NH White,college_plus,high (>3.5x),4.46,0.0,0.0,0.0,0.0,0.0,0.0,9.0,23.5,5.8,50.0,0.0,1.0,0.0,0.0,0,69182.4242645
2015,36.0,0.0,NH Black,some_college,middle (1.3-3.5x),1.32,0.0,3840.0,0.0,0.0,960.0,0.0,8.0,22.9,5.6,63.0,0.0,0.0,0.0,0.0,0,12180.566575
2015,63.0,0.0,NH Asian,hs_or_less,low (<1.3x poverty),0.89,0.0,0.0,600.0,0.0,0.0,0.0,7.0,23.3,7.7,36.0,1.0,1.0,0.0,1.0,0,8237.1583795
2015,40.0,0.0,Mexican American,hs_or_less,low (<1.3x poverty),0.98,480.0,8160.0,0.0,90.0,1320.0,2.0,3.0,28.8,5.2,36.0,0.0,0.0,0.0,0.0,0,25634.5564465
2015,56.0,1.0,Mexican American,hs_or_less,middle (1.3-3.5x),1.55,0.0,6480.0,0.0,0.0,1080.0,0.0,4.0,39.6,5.6,55.0,0.0,0.0,1.0,1.0,0,10135.856104
2015,41.0,0.0,NH Black,hs_or_less,high (>3.5x),4.73,360.0,240.0,0.0,90.0,60.0,3.0,6.0,34.0,4.7,42.0,0.0,0.0,1.0,1.0,0,9693.5404375
2015,59.0,0.0,NH White,college_plus,middle (1.3-3.5x),1.75,0.0,0.0,0.0,0.0,0.0,0.0,8.0,38.8,5.6,41.0,0.0,0.0,1.0,0.0,0,21572.755049
2015,60.0,0.0,NH Black,college_plus,high (>3.5x),4.36,0.0,5760.0,0.0,0.0,900.0,0.0,8.0,36.4,11.3,42.0,1.0,1.0,1.0,0.0,0,7785.226141
2015,31.0,1.0,NH White,hs_or_less,low (<1.3x poverty),0.52,8640.0,8640.0,2880.0,1440.0,1440.0,7.0,2.0,24.8,4.9,66.0,0.0,0.0,0.0,0.0,1,59239.859025
2015,22.0,1.0,Other Hispanic,some_college,low (<1.3x poverty),0.74,0.0,7920.0,0.0,0.0,1260.0,0.0,0.3333333333333333,33.6,5.5,44.0,0.0,0.0,1.0,0.0,0,12689.631018
2015,58.0,0.0,NH Black,some_college,high (>3.5x),5.0,0.0,0.0,0.0,0.0,0.0,0.0,10.0,26.4,6.1,46.0,0.0,1.0,0.0,0.0,0,16848.476398
2015,38.0,0.0,NH White,hs_or_less,middle (1.3-3.5x),1.83,0.0,19200.0,0.0,0.0,3000.0,0.0,2.0,28.9,5.3,47.0,0.0,0.0,0.0,0.0,0,40277.3567605
2015,36.0,1.0,Mexican American,hs_or_less,low (<1.3x poverty),1.07,0.0,0.0,0.0,0.0,0.0,0.0,1.0,28.7,5.1,54.0,0.0,0.0,0.0,1.0,0,11705.610236
2015,43.0,0.0,NH Asian,college_plus,high (>3.5x),5.0,480.0,0.0,0.0,120.0,0.0,4.0,8.0,27.0,5.8,51.0,0.0,1.0,0.0,0.0,0,10901.4465915
2015,37.0,1.0,Other Hispanic,college_plus,high (>3.5x),4.86,720.0,0.0,0.0,180.0,0.0,3.0,2.0,18.1,5.7,77.0,0.0,1.0,0.0,0.0,1,17417.8623885
2015,49.0,0.0,NH Black,hs_or_less,low (<1.3x poverty),0.31,0.0,22800.0,0.0,0.0,3300.0,0.0,5.0,28.4,5.6,43.0,1.0,1.0,0.0,1.0,0,10932.2698745
2015,22.0,0.0,NH Asian,some_college,middle (1.3-3.5x),2.06,0.0,0.0,160.0,0.0,0.0,0.0,8.0,21.1,5.2,57.0,0.0,0.0,0.0,0.0,0,6053.6305235
2015,22.0,0.0,NH White,hs_or_less,high (>3.5x),5.0,0.0,720.0,0.0,0.0,90.0,0.0,1.0,33.2,5.6,34.0,0.0,0.0,1.0,0.0,0,55410.9610755
2015,31.0,1.0,NH White,college_plus,high (>3.5x),3.79,0.0,2400.0,0.0,0.0,600.0,0.0,8.0,30.9,5.5,51.0,0.0,0.0,1.0,0.0,0,51865.5603215
2015,29.0,1.0,Mexican American,some_college,middle (1.3-3.5x),1.84,1440.0,4320.0,720.0,360.0,1080.0,6.0,6.0,33.7,5.4,45.0,0.0,0.0,1.0,0.0,1,13085.0286105
2015,46.0,0.0,Mexican American,hs_or_less,low (<1.3x poverty),0.69,3840.0,18000.0,0.0,600.0,3000.0,5.0,3.0,26.5,5.3,42.0,0.0,0.0,0.0,0.0,1,12610.870542
2015,43.0,1.0,Mexican American,some_college,middle (1.3-3.5x),1.74,720.0,480.0,0.0,120.0,120.0,4.0,10.0,30.8,7.3,55.0,1.0,1.0,1.0,0.0,1,13116.6782025
2015,44.0,0.0,NH Black,college_plus,middle (1.3-3.5x),1.82,160.0,0.0,0.0,40.0,0.0,2.0,10.0,28.7,7.9,54.0,1.0,1.0,0.0,0.0,0,10850.50625
2015,58.0,0.0,NH Black,some_college,high (>3.5x),4.06,0.0,7200.0,0.0,0.0,1800.0,0.0,4.0,24.9,5.9,75.0,0.0,1.0,0.0,0.0,0,11486.0200645
2015,59.0,0.0,Other Hispanic,hs_or_less,low (<1.3x poverty),1.07,0.0,0.0,0.0,0.0,0.0,0.0,4.0,26.5,5.8,61.0,0.0,1.0,0.0,1.0,0,10111.5854945
2015,36.0,1.0,NH Black,hs_or_less,middle (1.3-3.5x),2.61,3120.0,7920.0,0.0,420.0,1890.0,6.0,10.0,19.3,5.3,65.0,0.0,0.0,0.0,1.0,1,10642.236945
2015,52.0,0.0,NH Black,some_college,middle (1.3-3.5x),2.08,3600.0,900.0,0.0,900.0,225.0,5.0,7.0,26.7,5.9,47.0,0.0,1.0,0.0,0.0,1,9442.451822
2015,48.0,0.0,NH White,some_college,high (>3.5x),5.0,2160.0,0.0,0.0,390.0,0.0,7.0,2.0,27.7,5.4,42.0,0.0,0.0,0.0,0.0,1,73810.2670625
2015,62.0,0.0,NH White,hs_or_less,middle (1.3-3.5x),1.38,0.0,480.0,0.0,0.0,60.0,0.0,6.0,31.9,5.3,79.0,0.0,0.0,1.0,0.0,0,15210.2565795
2015,20.0,1.0,Mexican American,hs_or_less,low (<1.3x poverty),1.22,0.0,0.0,0.0,0.0,0.0,0.0,8.0,36.2,5.2,42.0,0.0,0.0,1.0,0.0,0,12316.177898
2015,29.0,1.0,NH White,college_plus,middle (1.3-3.5x),3.2,1120.0,4800.0,0.0,160.0,1200.0,6.0,4.0,22.6,5.0,69.0,0.0,0.0,0.0,0.0,1,26653.1432175
2015,56.0,1.0,Other Hispanic,hs_or_less,middle (1.3-3.5x),2.39,0.0,0.0,0.0,0.0,0.0,0.0,5.0,24.7,5.5,46.0,0.0,0.0,0.0,1.0,0,7475.6983075
2015,43.0,1.0,NH Black,some_college,low (<1.3x poverty),0.71,0.0,0.0,0.0,0.0,0.0,0.0,5.0,23.8,5.6,77.0,0.0,0.0,0.0,0.0,0,6688.468473
2015,39.0,1.0,Other Hispanic,college_plus,high (>3.5x),3.7,1320.0,2880.0,0.0,210.0,420.0,4.0,3.0,21.3,5.4,54.0,0.0,0.0,0.0,0.0,1,14624.8234285
2015,20.0,0.0,NH Asian,some_college,low (<1.3x poverty),0.92,3840.0,3840.0,0.0,480.0,480.0,4.0,10.0,22.7,5.0,46.0,0.0,0.0,0.0,0.0,1,9113.01802
2015,26.0,1.0,NH Black,college_plus,middle (1.3-3.5x),2.97,960.0,2400.0,0.0,120.0,600.0,4.0,8.0,20.8,5.2,82.0,0.0,0.0,0.0,0.0,1,22811.0359485
2015,33.0,0.0,NH White,some_college,middle (1.3-3.5x),2.22,0.0,0.0,0.0,0.0,0.0,0.0,8.0,36.2,5.0,61.0,0.0,0.0,1.0,1.0,0,45164.6539305
2015,31.0,1.0,Other Hispanic,hs_or_less,low (<1.3x poverty),1.25,0.0,0.0,0.0,0.0,0.0,0.0,5.0,16.6,5.4,71.0,0.0,0.0,0.0,0.0,0,15855.881316
2015,28.0,1.0,NH Asian,some_college,high (>3.5x),3.77,160.0,1080.0,0.0,40.0,270.0,2.0,4.0,38.7,5.4,74.0,0.0,0.0,1.0,0.0,0,11268.1800645
2015,27.0,0.0,Mexican American,hs_or_less,low (<1.3x poverty),0.75,3360.0,10800.0,360.0,600.0,2100.0,4.0,2.0,28.2,5.3,49.0,0.0,0.0,0.0,0.0,1,16537.0658825
2015,52.0,1.0,NH Asian,college_plus,middle (1.3-3.5x),2.76,0.0,0.0,480.0,0.0,0.0,0.0,10.0,19.3,5.5,45.0,0.0,0.0,0.0,1.0,0,11851.890407
2015,31.0,1.0,NH White,some_college,middle (1.3-3.5x),1.49,0.0,0.0,0.0,0.0,0.0,0.0,6.0,41.3,5.0,47.0,0.0,0.0,1.0,0.0,0,39615.554529
2015,65.0,0.0,NH Asian,hs_or_less,middle (1.3-3.5x),2.18,480.0,0.0,0.0,120.0,0.0,1.0,4.0,31.2,6.6,43.0,1.0,1.0,1.0,0.0,0,11044.967146
2015,58.0,1.0,NH Black,college_plus,high (>3.5x),5.0,0.0,0.0,0.0,0.0,0.0,0.0,7.0,22.8,5.7,47.0,0.0,1.0,0.0,0.0,0,11949.0390445
2015,55.0,0.0,Other/Multi,college_plus,middle (1.3-3.5x),2.3,0.0,360.0,0.0,0.0,60.0,0.0,3.0,24.5,5.2,55.0,0.0,0.0,0.0,0.0,0,6881.864571
2015,57.0,1.0,NH Black,hs_or_less,middle (1.3-3.5x),1.79,0.0,0.0,0.0,0.0,0.0,0.0,4.0,17.9,5.1,83.0,0.0,0.0,0.0,0.0,0,13351.1892635
2015,51.0,1.0,NH Asian,some_college,middle (1.3-3.5x),1.84,4920.0,0.0,0.0,630.0,0.0,7.0,10.0,23.6,5.4,58.0,0.0,0.0,0.0,0.0,1,10385.6808795
2015,61.0,0.0,NH Black,hs_or_less,low (<1.3x poverty),1.28,0.0,0.0,0.0,0.0,0.0,0.0,4.0,25.7,6.3,59.0,0.0,1.0,0.0,0.0,0,5330.618331
2015,51.0,1.0,NH White,hs_or_less,middle (1.3-3.5x),2.73,0.0,0.0,0.0,0.0,0.0,0.0,6.0,34.6,7.8,27.0,1.0,1.0,1.0,0.0,0,29876.83536
2015,54.0,0.0,NH Asian,some_college,high (>3.5x),3.62,960.0,0.0,0.0,120.0,0.0,1.0,4.0,23.7,5.4,54.0,0.0,0.0,0.0,0.0,1,4561.243401
2015,47.0,0.0,NH Asian,college_plus,low (<1.3x poverty),1.24,720.0,2880.0,0.0,180.0,360.0,3.0,5.0,29.1,5.4,38.0,0.0,0.0,0.0,0.0,1,10697.7149165
2015,38.0,0.0,NH White,hs_or_less,high (>3.5x),5.0,720.0,2880.0,0.0,180.0,540.0,1.0,8.0,21.1,5.5,80.0,0.0,0.0,0.0,0.0,1,38727.247181
2015,60.0,1.0,NH White,college_plus,high (>3.5x),5.0,2400.0,480.0,480.0,300.0,120.0,4.0,6.0,18.0,5.3,142.0,0.0,0.0,0.0,0.0,1,65111.4796555
2015,30.0,1.0,NH White,some_college,middle (1.3-3.5x),2.53,0.0,0.0,0.0,0.0,0.0,0.0,15.0,37.2,5.2,46.0,0.0,0.0,1.0,1.0,0,51357.174694
2015,53.0,0.0,NH Black,college_plus,high (>3.5x),5.0,1600.0,4800.0,0.0,260.0,1200.0,7.0,3.0,28.2,5.3,57.0,0.0,0.0,0.0,0.0,1,12188.7623365
2015,43.0,0.0,Other Hispanic,college_plus,high (>3.5x),4.94,0.0,120.0,120.0,0.0,30.0,0.0,10.0,26.8,5.6,57.0,0.0,0.0,0.0,0.0,0,16796.889803
2015,63.0,0.0,Mexican American,hs_or_less,low (<1.3x poverty),0.82,0.0,0.0,360.0,0.0,0.0,0.0,8.0,34.2,7.6,37.0,1.0,1.0,1.0,1.0,0,5048.707224
2015,54.0,0.0,NH White,college_plus,low (<1.3x poverty),0.17,0.0,7200.0,0.0,0.0,900.0,0.0,10.0,36.3,7.2,32.0,1.0,1.0,1.0,1.0,0,22638.487763
2015,38.0,1.0,NH White,hs_or_less,middle (1.3-3.5x),2.96,240.0,1800.0,0.0,60.0,450.0,1.0,4.0,19.8,4.8,78.0,0.0,0.0,0.0,0.0,0,36060.4965425
2015,30.0,1.0,NH White,college_plus,high (>3.5x),5.0,240.0,5760.0,0.0,30.0,1440.0,1.0,4.0,26.5,4.8,58.0,0.0,0.0,0.0,0.0,0,57887.0533435
2015,42.0,1.0,NH Black,some_college,low (<1.3x poverty),1.23,0.0,6720.0,0.0,0.0,1200.0,0.0,2.0,43.7,6.0,61.0,0.0,1.0,1.0,0.0,0,9557.2070485
2015,52.0,1.0,Other Hispanic,hs_or_less,low (<1.3x poverty),0.85,0.0,0.0,0.0,0.0,0.0,0.0,3.0,31.1,6.2,,0.0,1.0,1.0,1.0,0,5744.9295865
2015,37.0,1.0,Other Hispanic,hs_or_less,middle (1.3-3.5x),1.42,0.0,0.0,0.0,0.0,0.0,0.0,10.0,29.5,5.4,40.0,0.0,0.0,0.0,0.0,0,11964.488104
2015,42.0,1.0,NH White,hs_or_less,middle (1.3-3.5x),2.67,240.0,0.0,0.0,60.0,0.0,3.0,10.0,38.8,6.0,38.0,1.0,1.0,1.0,1.0,0,56264.665699
2015,39.0,1.0,NH White,college_plus,high (>3.5x),5.0,1980.0,0.0,0.0,255.0,0.0,5.0,12.0,23.4,5.2,78.0,0.0,0.0,0.0,0.0,1,52011.752709
2015,37.0,1.0,Other Hispanic,hs_or_less,low (<1.3x poverty),1.23,0.0,0.0,0.0,0.0,0.0,0.0,2.0,27.9,6.0,52.0,0.0,1.0,0.0,1.0,0,13949.2301635
2015,50.0,0.0,NH White,some_college,high (>3.5x),5.0,0.0,2400.0,0.0,0.0,600.0,0.0,5.0,30.8,5.4,70.0,0.0,0.0,1.0,0.0,0,59197.866082
2015,34.0,1.0,NH White,some_college,middle (1.3-3.5x),1.49,960.0,0.0,0.0,120.0,0.0,4.0,10.0,32.1,5.7,84.0,0.0,1.0,1.0,0.0,1,35012.610591
2015,49.0,1.0,NH Black,college_plus,middle (1.3-3.5x),1.39,600.0,0.0,0.0,150.0,0.0,5.0,10.0,43.6,6.8,34.0,1.0,1.0,1.0,0.0,1,8769.081725
2015,37.0,0.0,NH White,hs_or_less,middle (1.3-3.5x),2.02,3840.0,0.0,0.0,480.0,0.0,4.0,4.0,25.3,5.3,44.0,0.0,0.0,0.0,0.0,1,22333.530398
2015,44.0,0.0,NH White,college_plus,high (>3.5x),5.0,120.0,0.0,0.0,30.0,0.0,1.0,13.0,40.6,5.4,54.0,0.0,0.0,1.0,1.0,0,64178.229831
2015,55.0,0.0,NH Asian,hs_or_less,middle (1.3-3.5x),1.59,360.0,0.0,240.0,90.0,0.0,2.0,5.0,28.7,6.0,43.0,0.0,1.0,0.0,0.0,0,5414.112147
2015,62.0,0.0,Other Hispanic,college_plus,high (>3.5x),3.61,960.0,5760.0,240.0,240.0,960.0,2.0,5.0,26.9,5.8,65.0,0.0,1.0,0.0,0.0,1,3109.4533615
2015,46.0,1.0,Mexican American,college_plus,high (>3.5x),4.74,0.0,0.0,0.0,0.0,0.0,0.0,5.0,37.0,5.1,84.0,0.0,0.0,1.0,0.0,0,13135.908065
2015,33.0,1.0,NH Black,hs_or_less,low (<1.3x poverty),0.77,360.0,0.0,0.0,60.0,0.0,2.0,4.0,22.5,5.4,53.0,0.0,0.0,0.0,0.0,0,9590.03163
2015,36.0,1.0,NH White,some_college,middle (1.3-3.5x),2.46,1440.0,960.0,0.0,300.0,240.0,3.0,3.0,28.8,4.8,62.0,0.0,0.0,0.0,0.0,1,46098.396801
2015,27.0,1.0,NH Black,hs_or_less,high (>3.5x),4.39,0.0,7680.0,0.0,0.0,960.0,0.0,3.0,28.8,5.6,59.0,0.0,0.0,0.0,0.0,0,16835.1815195
2015,26.0,1.0,Other/Multi,college_plus,low (<1.3x poverty),0.94,0.0,0.0,0.0,0.0,0.0,0.0,8.0,18.4,4.5,74.0,0.0,0.0,0.0,0.0,0,9046.2987525
2015,41.0,1.0,Other Hispanic,some_college,middle (1.3-3.5x),1.56,0.0,0.0,0.0,0.0,0.0,0.0,9.0,24.8,5.6,47.0,0.0,0.0,0.0,0.0,0,11138.116745
2015,57.0,1.0,Other Hispanic,some_college,high (>3.5x),5.0,1680.0,0.0,0.0,240.0,0.0,7.0,8.0,32.0,5.4,48.0,0.0,0.0,1.0,0.0,1,9822.028566
2015,49.0,0.0,NH White,some_college,middle (1.3-3.5x),2.06,0.0,4320.0,0.0,0.0,1080.0,0.0,9.0,29.0,5.3,48.0,0.0,0.0,0.0,0.0,0,64337.5228295
2015,51.0,0.0,NH White,hs_or_less,middle (1.3-3.5x),3.3,0.0,6720.0,0.0,0.0,1680.0,0.0,4.0,29.8,5.7,51.0,0.0,1.0,0.0,0.0,0,63532.1434885
2015,37.0,1.0,Other/Multi,hs_or_less,middle (1.3-3.5x),1.36,0.0,0.0,320.0,0.0,0.0,0.0,14.0,37.7,5.7,50.0,0.0,1.0,1.0,0.0,0,15063.75828
2015,36.0,1.0,Mexican American,hs_or_less,low (<1.3x poverty),0.48,0.0,0.0,0.0,0.0,0.0,0.0,8.0,25.1,5.4,54.0,0.0,0.0,0.0,1.0,0,12754.5309085
2015,53.0,0.0,Other Hispanic,hs_or_less,high (>3.5x),5.0,0.0,0.0,0.0,0.0,0.0,0.0,7.0,28.2,5.9,50.0,0.0,1.0,0.0,0.0,0,10568.0146535
2015,24.0,0.0,NH White,hs_or_less,middle (1.3-3.5x),1.83,1920.0,480.0,0.0,480.0,120.0,2.0,7.0,29.6,5.5,35.0,0.0,0.0,0.0,0.0,1,53459.781871
2015,56.0,1.0,NH White,some_college,middle (1.3-3.5x),1.88,600.0,2400.0,0.0,150.0,600.0,5.0,4.0,18.8,5.2,91.0,0.0,0.0,0.0,0.0,1,33893.2880645
2015,27.0,1.0,NH Asian,college_plus,low (<1.3x poverty),1.26,120.0,0.0,0.0,30.0,0.0,2.0,10.0,33.5,5.3,,0.0,0.0,1.0,0.0,0,9528.856465
2015,59.0,1.0,Other Hispanic,some_college,middle (1.3-3.5x),1.57,480.0,0.0,0.0,120.0,0.0,4.0,12.0,21.7,5.7,103.0,0.0,1.0,0.0,0.0,0,7395.4633735
2015,24.0,1.0,NH Asian,some_college,middle (1.3-3.5x),2.66,0.0,0.0,0.0,0.0,0.0,0.0,5.0,20.8,5.2,95.0,0.0,0.0,0.0,0.0,0,9345.9555105
2015,53.0,0.0,Mexican American,some_college,middle (1.3-3.5x),2.47,0.0,0.0,0.0,0.0,0.0,0.0,10.0,32.9,5.5,32.0,0.0,0.0,1.0,0.0,0,14733.3094245
2015,30.0,1.0,NH Black,college_plus,low (<1.3x poverty),0.74,0.0,0.0,200.0,0.0,0.0,0.0,5.0,21.2,5.5,63.0,0.0,0.0,0.0,0.0,0,12432.2148955
2015,36.0,0.0,Mexican American,hs_or_less,low (<1.3x poverty),1.24,1200.0,0.0,0.0,150.0,0.0,1.0,4.0,31.0,5.9,57.0,0.0,1.0,1.0,1.0,1,13027.772057
2015,48.0,1.0,Other Hispanic,college_plus,high (>3.5x),4.72,0.0,3840.0,0.0,0.0,960.0,0.0,10.0,38.5,5.6,59.0,0.0,0.0,1.0,1.0,0,10714.729296
2015,42.0,0.0,NH White,hs_or_less,middle (1.3-3.5x),2.67,360.0,16800.0,0.0,90.0,3600.0,3.0,3.0,26.4,5.0,37.0,0.0,0.0,0.0,0.0,0,61558.725558
2015,62.0,0.0,NH Black,hs_or_less,low (<1.3x poverty),1.1,2880.0,960.0,0.0,720.0,120.0,6.0,5.0,28.1,6.2,72.0,0.0,1.0,0.0,0.0,1,5602.8529925
2015,53.0,1.0,NH Asian,college_plus,high (>3.5x),5.0,0.0,0.0,0.0,0.0,0.0,0.0,5.0,20.5,5.7,92.0,0.0,1.0,0.0,0.0,0,11131.769233
2015,35.0,1.0,NH White,college_plus,high (>3.5x),3.82,960.0,11520.0,400.0,240.0,1800.0,2.0,4.0,24.6,4.7,65.0,0.0,0.0,0.0,0.0,1,69087.72133
2015,20.0,1.0,Mexican American,hs_or_less,middle (1.3-3.5x),2.18,0.0,0.0,0.0,0.0,0.0,0.0,4.0,21.1,5.2,50.0,0.0,0.0,0.0,0.0,0,12411.817708
2015,48.0,0.0,NH White,some_college,high (>3.5x),4.28,960.0,360.0,0.0,180.0,60.0,5.0,15.0,27.5,5.2,58.0,0.0,0.0,0.0,0.0,1,71593.444883
2015,37.0,0.0,Other Hispanic,hs_or_less,middle (1.3-3.5x),2.74,480.0,8640.0,2400.0,120.0,1320.0,1.0,5.0,28.7,5.3,47.0,0.0,0.0,0.0,0.0,0,15540.379688
2015,20.0,1.0,NH White,some_college,low (<1.3x poverty),0.82,1560.0,1200.0,0.0,255.0,300.0,5.0,6.0,33.2,5.2,52.0,0.0,0.0,1.0,0.0,1,27941.373595
2015,27.0,0.0,Other Hispanic,hs_or_less,high (>3.5x),4.72,0.0,0.0,0.0,0.0,0.0,0.0,10.0,31.0,5.2,40.0,0.0,0.0,1.0,0.0,0,21027.202385
2015,61.0,0.0,NH White,hs_or_less,middle (1.3-3.5x),3.01,0.0,9600.0,0.0,0.0,2400.0,0.0,8.0,19.9,5.4,59.0,0.0,0.0,0.0,0.0,0,83926.25955
2015,62.0,1.0,NH White,hs_or_less,low (<1.3x poverty),1.0,0.0,0.0,0.0,0.0,0.0,0.0,6.0,24.0,5.8,77.0,0.0,1.0,0.0,0.0,0,19454.6202315
2015,50.0,1.0,Other Hispanic,some_college,middle (1.3-3.5x),1.49,240.0,3600.0,0.0,60.0,900.0,3.0,8.0,45.9,9.5,46.0,1.0,1.0,1.0,1.0,0,14646.3022155
2015,49.0,0.0,Mexican American,hs_or_less,low (<1.3x poverty),1.18,0.0,21600.0,0.0,0.0,3600.0,0.0,2.0,27.8,6.9,45.0,1.0,1.0,0.0,0.0,0,15192.2125155
2015,28.0,1.0,NH Asian,college_plus,high (>3.5x),3.75,360.0,28800.0,0.0,90.0,5760.0,3.0,6.0,23.8,5.5,51.0,0.0,0.0,0.0,0.0,0,13696.120423
2015,24.0,0.0,NH White,some_college,middle (1.3-3.5x),3.33,0.0,1200.0,0.0,0.0,225.0,0.0,8.0,37.1,5.7,26.0,0.0,1.0,1.0,0.0,0,36574.096359
2015,48.0,1.0,NH White,college_plus,high (>3.5x),5.0,2600.0,300.0,0.0,325.0,75.0,5.0,4.0,24.6,5.7,54.0,0.0,1.0,0.0,0.0,1,92270.3275285
2015,23.0,0.0,NH Asian,hs_or_less,high (>3.5x),5.0,2160.0,0.0,360.0,360.0,0.0,6.0,6.0,21.7,4.8,60.0,0.0,0.0,0.0,0.0,1,7783.652993
2015,46.0,0.0,Other Hispanic,college_plus,high (>3.5x),5.0,1800.0,0.0,0.0,270.0,0.0,6.0,8.0,31.3,5.5,42.0,0.0,0.0,1.0,0.0,1,21388.838937
2015,56.0,1.0,NH White,hs_or_less,low (<1.3x poverty),0.82,0.0,0.0,0.0,0.0,0.0,0.0,5.0,23.3,5.5,48.0,0.0,0.0,0.0,0.0,0,25939.5341405
2015,55.0,1.0,Mexican American,hs_or_less,low (<1.3x poverty),0.94,900.0,3840.0,240.0,225.0,480.0,5.0,3.0,36.2,10.5,61.0,1.0,1.0,1.0,1.0,1,9678.6526515
2015,52.0,0.0,Other Hispanic,hs_or_less,low (<1.3x poverty),1.26,0.0,400.0,1440.0,0.0,50.0,0.0,3.0,27.9,5.2,47.0,0.0,0.0,0.0,1.0,0,9929.3830825
2015,46.0,1.0,NH Black,hs_or_less,middle (1.3-3.5x),3.4,0.0,0.0,0.0,0.0,0.0,0.0,13.0,32.2,11.3,28.0,1.0,1.0,1.0,1.0,0,7637.869058
2015,27.0,0.0,NH White,college_plus,high (>3.5x),5.0,1440.0,0.0,500.0,360.0,0.0,6.0,13.0,39.0,4.7,68.0,0.0,0.0,1.0,0.0,1,61857.110988
2015,32.0,1.0,NH White,college_plus,middle (1.3-3.5x),3.4,0.0,0.0,0.0,0.0,0.0,0.0,6.0,21.7,5.1,53.0,0.0,0.0,0.0,0.0,0,62391.022927
2015,28.0,0.0,NH Black,some_college,middle (1.3-3.5x),1.36,0.0,34560.0,0.0,0.0,5760.0,0.0,3.0,26.6,4.8,51.0,0.0,0.0,0.0,0.0,0,17767.277761
2015,42.0,1.0,NH White,hs_or_less,low (<1.3x poverty),0.34,0.0,0.0,0.0,0.0,0.0,0.0,8.0,29.0,5.2,63.0,0.0,0.0,0.0,0.0,0,19936.8352655
2015,29.0,1.0,NH Black,some_college,middle (1.3-3.5x),1.87,0.0,14400.0,0.0,0.0,2400.0,0.0,8.0,32.1,5.4,60.0,0.0,0.0,1.0,0.0,0,15713.4154485
2015,50.0,0.0,NH White,college_plus,high (>3.5x),5.0,0.0,0.0,0.0,0.0,0.0,0.0,10.0,42.7,5.6,34.0,0.0,0.0,1.0,1.0,0,78414.908355
2015,54.0,0.0,Other/Multi,hs_or_less,low (<1.3x poverty),0.6,0.0,0.0,0.0,0.0,0.0,0.0,12.0,57.4,7.7,42.0,1.0,1.0,1.0,1.0,0,14506.4326725
2015,42.0,1.0,Mexican American,hs_or_less,low (<1.3x poverty),0.45,0.0,10800.0,0.0,0.0,2700.0,0.0,4.0,32.3,6.0,31.0,0.0,1.0,1.0,1.0,0,11760.035563
2015,22.0,1.0,NH Black,some_college,middle (1.3-3.5x),1.62,1440.0,0.0,0.0,270.0,0.0,6.0,10.0,30.4,5.2,62.0,0.0,0.0,1.0,0.0,1,16683.3333275
2015,49.0,0.0,NH Black,hs_or_less,high (>3.5x),5.0,6720.0,0.0,0.0,960.0,0.0,7.0,6.0,34.3,5.7,43.0,0.0,1.0,1.0,0.0,1,10523.5343775
2015,50.0,1.0,NH White,some_college,low (<1.3x poverty),0.81,0.0,960.0,0.0,0.0,240.0,0.0,3.0,49.8,8.5,56.0,1.0,1.0,1.0,1.0,0,31552.7800615
2015,26.0,1.0,NH White,hs_or_less,middle (1.3-3.5x),2.76,0.0,0.0,300.0,0.0,0.0,0.0,8.0,26.6,5.2,56.0,0.0,0.0,0.0,0.0,0,27353.404707
2015,33.0,1.0,Other Hispanic,some_college,low (<1.3x poverty),0.84,0.0,0.0,0.0,0.0,0.0,0.0,1.0,28.0,5.3,51.0,0.0,0.0,0.0,0.0,0,19208.6649435
2015,59.0,0.0,NH White,college_plus,middle (1.3-3.5x),3.43,3420.0,0.0,0.0,495.0,0.0,6.0,12.0,27.8,5.4,47.0,0.0,0.0,0.0,0.0,1,71022.7307335
2015,61.0,0.0,Mexican American,hs_or_less,low (<1.3x poverty),1.09,0.0,1440.0,0.0,0.0,360.0,0.0,10.0,40.9,6.0,40.0,0.0,1.0,1.0,0.0,0,4515.400623
2015,27.0,0.0,NH Asian,college_plus,middle (1.3-3.5x),2.51,0.0,0.0,200.0,0.0,0.0,0.0,10.0,22.9,5.3,57.0,0.0,0.0,0.0,0.0,0,10783.0985955
2015,25.0,0.0,NH Black,some_college,middle (1.3-3.5x),2.82,5040.0,360.0,0.0,720.0,90.0,6.0,5.0,40.4,8.3,43.0,1.0,1.0,1.0,0.0,1,18813.5069825
2015,52.0,1.0,NH White,college_plus,high (>3.5x),5.0,1840.0,0.0,160.0,260.0,0.0,7.0,7.0,24.9,5.8,68.0,0.0,1.0,0.0,0.0,1,97085.923548
2015,30.0,0.0,Other/Multi,hs_or_less,middle (1.3-3.5x),1.69,4680.0,0.0,0.0,720.0,0.0,6.0,6.0,21.1,5.5,58.0,0.0,0.0,0.0,0.0,1,9603.5700925
2015,55.0,0.0,Other Hispanic,hs_or_less,middle (1.3-3.5x),1.76,0.0,0.0,0.0,0.0,0.0,0.0,4.0,29.4,6.8,58.0,1.0,1.0,0.0,0.0,0,14629.7063155
2015,36.0,0.0,Other Hispanic,some_college,middle (1.3-3.5x),2.11,720.0,7200.0,0.0,180.0,1200.0,3.0,14.0,49.0,6.7,49.0,1.0,1.0,1.0,0.0,1,13872.552009
2015,21.0,0.0,NH White,hs_or_less,high (>3.5x),5.0,0.0,0.0,0.0,0.0,0.0,0.0,5.0,25.7,4.8,69.0,0.0,0.0,0.0,0.0,0,57358.823966
2015,33.0,0.0,NH Black,hs_or_less,middle (1.3-3.5x),1.87,2400.0,9600.0,0.0,300.0,2400.0,5.0,3.0,29.0,5.8,40.0,0.0,1.0,0.0,0.0,1,14423.6044155
2015,44.0,1.0,Other Hispanic,hs_or_less,middle (1.3-3.5x),1.48,160.0,0.0,0.0,20.0,0.0,1.0,1.0,33.2,5.5,48.0,0.0,0.0,1.0,0.0,0,9733.556312
2015,34.0,1.0,NH White,college_plus,high (>3.5x),5.0,1500.0,0.0,160.0,225.0,0.0,7.0,10.0,22.9,5.3,60.0,0.0,0.0,0.0,0.0,1,65044.151129
2015,27.0,0.0,NH White,some_college,middle (1.3-3.5x),1.7,0.0,10080.0,0.0,0.0,1560.0,0.0,5.0,28.0,5.0,47.0,0.0,0.0,0.0,0.0,0,30186.6548675
2015,38.0,1.0,Mexican American,college_plus,high (>3.5x),5.0,720.0,120.0,0.0,180.0,30.0,6.0,1.0,35.0,5.3,54.0,0.0,0.0,1.0,0.0,1,17886.8764635
2015,23.0,1.0,NH Black,hs_or_less,low (<1.3x poverty),0.08,0.0,11520.0,0.0,0.0,1440.0,0.0,3.0,21.4,5.2,55.0,0.0,0.0,0.0,1.0,0,13867.2730235
2015,53.0,1.0,Other Hispanic,hs_or_less,middle (1.3-3.5x),2.59,0.0,0.0,0.0,0.0,0.0,0.0,8.0,31.8,5.2,40.0,0.0,0.0,1.0,0.0,0,7558.157824
2015,61.0,1.0,Mexican American,hs_or_less,middle (1.3-3.5x),1.76,600.0,0.0,0.0,150.0,0.0,5.0,3.0,30.1,5.9,37.0,0.0,1.0,1.0,1.0,1,4792.877641
2015,38.0,0.0,NH White,some_college,middle (1.3-3.5x),1.84,0.0,22800.0,0.0,0.0,3300.0,0.0,4.0,29.0,5.3,38.0,0.0,0.0,0.0,0.0,0,15037.25447
2015,37.0,1.0,NH Black,college_plus,high (>3.5x),4.58,1120.0,12000.0,0.0,190.0,3000.0,7.0,1.0,27.9,5.6,62.0,0.0,0.0,0.0,0.0,1,13279.601243
2015,54.0,1.0,NH White,some_college,low (<1.3x poverty),1.19,0.0,0.0,0.0,0.0,0.0,0.0,8.0,31.5,5.8,,0.0,1.0,1.0,0.0,0,31191.4275415
2015,43.0,1.0,Mexican American,hs_or_less,low (<1.3x poverty),0.31,0.0,0.0,1440.0,0.0,0.0,0.0,10.0,48.7,6.8,39.0,1.0,1.0,1.0,1.0,0,12589.3171205
2015,63.0,0.0,Mexican American,hs_or_less,high (>3.5x),4.22,0.0,0.0,0.0,0.0,0.0,0.0,8.0,27.2,5.2,51.0,0.0,0.0,0.0,0.0,0,5043.9203655
2015,21.0,1.0,Mexican American,hs_or_less,low (<1.3x poverty),0.03,0.0,0.0,0.0,0.0,0.0,0.0,14.0,34.7,5.0,51.0,0.0,0.0,1.0,1.0,0,16401.2280955
2015,60.0,0.0,Mexican American,hs_or_less,low (<1.3x poverty),0.95,0.0,0.0,0.0,0.0,0.0,0.0,12.0,33.5,5.7,41.0,0.0,1.0,1.0,1.0,0,5048.707224
2015,60.0,1.0,NH Black,some_college,middle (1.3-3.5x),3.4,3360.0,1440.0,0.0,540.0,360.0,7.0,8.0,23.2,5.8,65.0,0.0,1.0,0.0,0.0,1,7818.0053835
2015,20.0,1.0,Mexican American,hs_or_less,middle (1.3-3.5x),2.27,1800.0,1440.0,0.0,270.0,180.0,6.0,11.0,32.3,5.6,49.0,0.0,0.0,1.0,1.0,1,15107.4737655
2015,27.0,0.0,Mexican American,hs_or_less,middle (1.3-3.5x),1.86,960.0,0.0,0.0,120.0,0.0,1.0,5.0,29.1,4.8,54.0,0.0,0.0,0.0,0.0,1,20442.4331115
2015,32.0,0.0,Other Hispanic,some_college,middle (1.3-3.5x),1.74,0.0,10560.0,0.0,0.0,1560.0,0.0,4.0,36.9,5.5,32.0,0.0,0.0,1.0,0.0,0,16763.2078965
2015,51.0,1.0,NH Black,hs_or_less,middle (1.3-3.5x),2.47,480.0,0.0,0.0,60.0,0.0,2.0,4.0,27.1,5.5,59.0,0.0,0.0,0.0,0.0,0,12480.216036
2015,29.0,1.0,Mexican American,hs_or_less,middle (1.3-3.5x),1.49,0.0,0.0,0.0,0.0,0.0,0.0,8.0,27.6,5.2,59.0,0.0,0.0,0.0,0.0,0,14180.08896
2015,20.0,1.0,NH White,some_college,low (<1.3x poverty),0.85,960.0,2160.0,0.0,240.0,540.0,4.0,6.0,38.2,5.2,47.0,0.0,0.0,1.0,0.0,1,27115.9038945
2015,58.0,1.0,NH Asian,hs_or_less,middle (1.3-3.5x),1.72,0.0,0.0,0.0,0.0,0.0,0.0,3.0,18.5,5.8,75.0,0.0,1.0,0.0,0.0,0,6050.1141275
2015,62.0,0.0,Other Hispanic,some_college,high (>3.5x),4.04,1800.0,2880.0,0.0,225.0,720.0,5.0,6.0,27.8,5.8,42.0,0.0,1.0,0.0,0.0,1,4128.339267
2015,26.0,1.0,NH Asian,college_plus,low (<1.3x poverty),0.42,240.0,0.0,0.0,30.0,0.0,1.0,8.0,20.0,5.1,83.0,0.0,0.0,0.0,0.0,0,11976.0281135
2015,41.0,1.0,Mexican American,hs_or_less,middle (1.3-3.5x),1.3,0.0,0.0,360.0,0.0,0.0,0.0,3.0,27.0,5.8,32.0,0.0,1.0,0.0,0.0,0,11137.6524215
2015,23.0,1.0,NH White,some_college,middle (1.3-3.5x),2.12,1440.0,0.0,300.0,360.0,0.0,2.0,3.0,19.6,5.0,49.0,0.0,0.0,0.0,0.0,1,37090.647796
2015,35.0,0.0,NH Black,hs_or_less,low (<1.3x poverty),0.87,0.0,0.0,0.0,0.0,0.0,0.0,12.0,38.1,4.2,38.0,0.0,0.0,1.0,0.0,0,8961.673919
2015,26.0,1.0,Other Hispanic,college_plus,high (>3.5x),3.72,0.0,80.0,200.0,0.0,20.0,0.0,10.0,20.3,5.1,65.0,0.0,0.0,0.0,0.0,0,16299.134269
2015,20.0,1.0,NH Black,some_college,middle (1.3-3.5x),2.46,6720.0,0.0,2880.0,1140.0,0.0,7.0,1.0,25.6,5.5,55.0,0.0,0.0,0.0,0.0,1,10199.3858715
2015,31.0,1.0,NH White,some_college,middle (1.3-3.5x),3.14,0.0,8640.0,0.0,0.0,1800.0,0.0,4.0,21.9,5.3,77.0,0.0,0.0,0.0,0.0,0,46733.390707
2015,41.0,0.0,Other Hispanic,hs_or_less,low (<1.3x poverty),0.35,0.0,0.0,0.0,0.0,0.0,0.0,4.0,26.5,5.4,54.0,0.0,0.0,0.0,0.0,0,17361.39403
2015,36.0,1.0,NH Black,college_plus,middle (1.3-3.5x),2.09,0.0,0.0,0.0,0.0,0.0,0.0,17.0,32.5,6.0,25.0,0.0,1.0,1.0,1.0,0,11404.0541495
2015,44.0,1.0,NH White,some_college,high (>3.5x),3.73,3360.0,3360.0,0.0,480.0,720.0,5.0,9.0,37.7,5.8,42.0,0.0,1.0,1.0,0.0,1,84392.493393
2015,31.0,0.0,Other Hispanic,hs_or_less,middle (1.3-3.5x),1.76,1920.0,240.0,960.0,240.0,60.0,2.0,4.0,25.2,5.1,56.0,0.0,0.0,0.0,0.0,1,13332.603031
2015,40.0,0.0,Mexican American,hs_or_less,low (<1.3x poverty),1.22,0.0,0.0,0.0,0.0,0.0,0.0,2.0,31.0,5.3,42.0,0.0,0.0,1.0,0.0,0,15874.523164
2015,42.0,1.0,Other Hispanic,hs_or_less,low (<1.3x poverty),0.55,480.0,0.0,0.0,120.0,0.0,2.0,6.0,31.4,5.3,50.0,0.0,0.0,1.0,1.0,0,7926.2098705
2015,52.0,0.0,Mexican American,college_plus,high (>3.5x),5.0,1440.0,1200.0,0.0,180.0,300.0,3.0,10.0,28.3,5.6,86.0,0.0,0.0,0.0,0.0,1,14461.210421
2015,62.0,0.0,NH Black,hs_or_less,high (>3.5x),3.64,0.0,0.0,960.0,0.0,0.0,0.0,1.0,31.1,8.1,29.0,1.0,1.0,1.0,0.0,0,6579.5699765
2015,61.0,1.0,NH Black,hs_or_less,middle (1.3-3.5x),1.52,0.0,0.0,0.0,0.0,0.0,0.0,6.0,28.2,5.8,110.0,0.0,1.0,0.0,1.0,0,8848.2922265
2015,20.0,0.0,Mexican American,some_college,low (<1.3x poverty),0.59,6960.0,7200.0,1440.0,1020.0,1200.0,7.0,5.0,35.1,5.0,37.0,0.0,0.0,1.0,1.0,1,19684.3985075
2015,32.0,1.0,Mexican American,some_college,middle (1.3-3.5x),1.49,960.0,0.0,0.0,240.0,0.0,4.0,8.0,31.2,4.6,43.0,0.0,0.0,1.0,0.0,1,14684.7816285
2015,65.0,1.0,NH Asian,some_college,high (>3.5x),5.0,0.0,0.0,400.0,0.0,0.0,0.0,3.0,20.2,5.5,62.0,0.0,0.0,0.0,0.0,0,10187.331991
2015,35.0,0.0,NH White,some_college,low (<1.3x poverty),0.74,880.0,0.0,420.0,200.0,0.0,5.0,7.0,24.1,5.2,74.0,0.0,0.0,0.0,0.0,1,62401.863317
2015,64.0,0.0,Mexican American,hs_or_less,low (<1.3x poverty),0.94,480.0,0.0,0.0,120.0,0.0,4.0,4.0,35.8,6.5,38.0,1.0,1.0,1.0,1.0,0,4915.361083
2015,57.0,0.0,NH White,some_college,middle (1.3-3.5x),1.86,960.0,360.0,0.0,240.0,90.0,4.0,12.0,46.7,4.7,42.0,0.0,0.0,1.0,1.0,1,16276.9696135
2015,41.0,1.0,NH White,college_plus,high (>3.5x),5.0,640.0,160.0,800.0,80.0,40.0,2.0,5.0,24.4,4.9,64.0,0.0,0.0,0.0,0.0,1,74789.929247
2015,26.0,1.0,NH White,college_plus,middle (1.3-3.5x),2.0,180.0,480.0,0.0,45.0,120.0,1.0,9.0,22.1,5.1,66.0,0.0,0.0,0.0,0.0,0,46283.5132275
2015,61.0,0.0,NH Black,hs_or_less,middle (1.3-3.5x),2.45,0.0,960.0,0.0,0.0,240.0,0.0,5.0,31.4,6.1,60.0,0.0,1.0,1.0,0.0,0,7132.3254305
2015,45.0,0.0,Other Hispanic,some_college,middle (1.3-3.5x),3.3,240.0,0.0,0.0,60.0,0.0,1.0,3.0,27.6,5.3,53.0,0.0,0.0,0.0,0.0,0,14818.015957
2015,57.0,1.0,NH Black,hs_or_less,middle (1.3-3.5x),1.77,0.0,0.0,0.0,0.0,0.0,0.0,4.0,28.8,5.0,87.0,0.0,0.0,0.0,1.0,0,11289.8473055
2015,39.0,0.0,NH White,hs_or_less,middle (1.3-3.5x),2.29,1080.0,600.0,0.0,270.0,150.0,6.0,8.0,30.0,5.5,37.0,0.0,0.0,1.0,0.0,1,41434.8599125
2015,42.0,0.0,NH White,college_plus,middle (1.3-3.5x),2.37,3840.0,0.0,0.0,480.0,0.0,4.0,7.0,44.3,13.7,57.0,1.0,1.0,1.0,0.0,1,19736.945512
2015,44.0,1.0,Other Hispanic,college_plus,high (>3.5x),4.42,2160.0,0.0,0.0,300.0,0.0,6.0,12.0,35.3,5.3,82.0,0.0,0.0,1.0,0.0,1,14649.0538275
2015,25.0,0.0,NH White,some_college,low (<1.3x poverty),0.17,2880.0,12000.0,900.0,360.0,2400.0,3.0,8.0,21.8,4.9,59.0,0.0,0.0,0.0,0.0,1,32636.535297
2015,28.0,0.0,NH White,some_college,middle (1.3-3.5x),2.49,3360.0,6000.0,0.0,480.0,1200.0,4.0,5.0,17.1,5.2,45.0,0.0,0.0,0.0,0.0,1,66623.777561
2015,29.0,0.0,Other Hispanic,college_plus,high (>3.5x),4.07,2160.0,0.0,0.0,300.0,0.0,6.0,6.0,26.2,5.4,44.0,0.0,0.0,0.0,0.0,1,20037.0838425
2015,63.0,1.0,Other Hispanic,hs_or_less,middle (1.3-3.5x),1.57,360.0,0.0,0.0,90.0,0.0,3.0,3.0,27.4,5.4,65.0,0.0,0.0,0.0,0.0,0,3412.621299
2015,45.0,1.0,Other Hispanic,some_college,high (>3.5x),3.52,0.0,0.0,0.0,0.0,0.0,0.0,10.0,39.3,5.9,37.0,1.0,1.0,1.0,0.0,0,8433.737012
2015,38.0,1.0,NH White,hs_or_less,low (<1.3x poverty),0.08,0.0,960.0,0.0,0.0,240.0,0.0,5.0,22.9,5.3,65.0,0.0,0.0,0.0,0.0,0,31158.536631
2015,29.0,0.0,Mexican American,some_college,middle (1.3-3.5x),3.14,0.0,0.0,0.0,0.0,0.0,0.0,5.0,27.5,5.4,33.0,0.0,0.0,0.0,0.0,0,23616.7436955
2015,64.0,0.0,NH White,hs_or_less,low (<1.3x poverty),0.67,2400.0,0.0,200.0,600.0,0.0,5.0,2.0,24.3,5.3,39.0,0.0,0.0,0.0,1.0,1,19597.38969
2015,55.0,1.0,NH Asian,some_college,middle (1.3-3.5x),3.12,0.0,0.0,0.0,0.0,0.0,0.0,3.0,22.0,5.4,141.0,0.0,0.0,0.0,0.0,0,9633.339672
2015,29.0,0.0,Other Hispanic,hs_or_less,middle (1.3-3.5x),2.3,1440.0,18240.0,0.0,180.0,2400.0,1.0,5.0,27.9,5.5,49.0,0.0,0.0,0.0,0.0,1,12439.227905
2015,39.0,0.0,NH Black,hs_or_less,middle (1.3-3.5x),2.29,0.0,0.0,0.0,0.0,0.0,0.0,10.0,41.8,6.0,46.0,0.0,1.0,1.0,1.0,0,12053.0824735
2015,38.0,1.0,Other/Multi,some_college,middle (1.3-3.5x),1.56,0.0,9600.0,0.0,0.0,2400.0,0.0,2.0,43.3,5.0,42.0,0.0,0.0,1.0,0.0,0,28816.3338195
2015,23.0,1.0,NH White,hs_or_less,high (>3.5x),5.0,1080.0,2880.0,0.0,135.0,720.0,3.0,14.0,28.4,5.7,57.0,0.0,1.0,0.0,0.0,1,34107.7818505
2015,31.0,0.0,NH White,some_college,low (<1.3x poverty),0.97,0.0,0.0,0.0,0.0,0.0,0.0,8.0,31.8,5.3,36.0,0.0,0.0,1.0,1.0,0,17857.108953
2015,51.0,0.0,Other Hispanic,hs_or_less,low (<1.3x poverty),0.83,0.0,1080.0,0.0,0.0,255.0,0.0,3.0,28.8,5.4,35.0,0.0,0.0,0.0,1.0,0,8302.1408965
2015,20.0,0.0,Other Hispanic,hs_or_less,middle (1.3-3.5x),1.49,1600.0,2400.0,0.0,320.0,600.0,3.0,1.0,32.1,5.5,28.0,0.0,0.0,1.0,0.0,1,24248.738119
2015,63.0,0.0,Mexican American,hs_or_less,low (<1.3x poverty),0.63,0.0,0.0,0.0,0.0,0.0,0.0,4.0,31.9,6.3,34.0,0.0,1.0,1.0,0.0,0,4056.8451655
2015,29.0,1.0,NH Black,hs_or_less,low (<1.3x poverty),1.23,240.0,0.0,0.0,60.0,0.0,2.0,8.0,34.1,14.4,56.0,1.0,1.0,1.0,1.0,0,14070.5700905
2015,28.0,0.0,NH Black,some_college,low (<1.3x poverty),1.1,0.0,3840.0,0.0,0.0,960.0,0.0,5.0,42.6,5.5,32.0,0.0,0.0,1.0,0.0,0,11350.2751165
2015,64.0,0.0,Mexican American,hs_or_less,low (<1.3x poverty),1.07,0.0,0.0,0.0,0.0,0.0,0.0,6.0,36.3,5.6,46.0,0.0,0.0,1.0,1.0,0,4633.506272
2015,23.0,1.0,Mexican American,hs_or_less,low (<1.3x poverty),0.17,0.0,15120.0,0.0,0.0,2340.0,0.0,5.0,42.9,5.1,57.0,0.0,0.0,1.0,1.0,0,13638.879168
2015,65.0,1.0,NH White,hs_or_less,high (>3.5x),5.0,0.0,720.0,0.0,0.0,180.0,0.0,4.0,26.5,6.0,72.0,0.0,1.0,0.0,0.0,0,94794.1816905
2015,36.0,0.0,Mexican American,some_college,middle (1.3-3.5x),3.2,720.0,0.0,0.0,180.0,0.0,3.0,9.0,34.0,5.8,38.0,0.0,1.0,1.0,0.0,1,17247.766724
2015,44.0,1.0,NH Black,hs_or_less,low (<1.3x poverty),0.56,0.0,1440.0,0.0,0.0,360.0,0.0,6.0,48.5,6.6,39.0,1.0,1.0,1.0,1.0,0,8953.210381
2015,22.0,1.0,NH White,hs_or_less,middle (1.3-3.5x),1.85,2160.0,0.0,0.0,360.0,0.0,6.0,5.0,16.8,4.9,69.0,0.0,0.0,0.0,0.0,1,39602.2688645
2015,54.0,0.0,NH White,some_college,high (>3.5x),5.0,0.0,40.0,600.0,0.0,10.0,0.0,6.0,34.2,5.8,39.0,1.0,1.0,1.0,0.0,0,23280.8918355
2015,44.0,0.0,NH White,hs_or_less,low (<1.3x poverty),1.09,0.0,28800.0,160.0,0.0,4800.0,0.0,8.0,24.3,5.1,66.0,0.0,0.0,0.0,0.0,0,15167.6395865
2015,20.0,0.0,NH White,hs_or_less,middle (1.3-3.5x),1.85,3840.0,13200.0,0.0,480.0,2400.0,4.0,6.0,21.9,4.8,39.0,0.0,0.0,0.0,0.0,1,65951.765829
2015,25.0,0.0,NH White,some_college,low (<1.3x poverty),1.24,240.0,0.0,240.0,60.0,0.0,3.0,4.0,17.7,4.4,73.0,0.0,0.0,0.0,0.0,0,56308.631196
2015,42.0,1.0,NH White,some_college,middle (1.3-3.5x),3.33,0.0,0.0,0.0,0.0,0.0,0.0,12.0,24.9,5.1,69.0,0.0,0.0,0.0,0.0,0,14100.4185345
2015,62.0,1.0,NH Black,some_college,middle (1.3-3.5x),1.83,540.0,540.0,0.0,135.0,135.0,3.0,10.0,19.7,5.3,59.0,0.0,0.0,0.0,0.0,0,12091.7307545
2015,51.0,0.0,NH Asian,hs_or_less,middle (1.3-3.5x),1.32,0.0,0.0,0.0,0.0,0.0,0.0,3.0,18.3,5.9,79.0,0.0,1.0,0.0,0.0,0,8465.97871
2015,48.0,0.0,NH White,college_plus,middle (1.3-3.5x),2.39,600.0,240.0,0.0,90.0,60.0,3.0,12.0,37.1,5.6,34.0,0.0,0.0,1.0,0.0,1,19791.6177525
2015,54.0,1.0,Mexican American,hs_or_less,high (>3.5x),4.57,240.0,0.0,0.0,60.0,0.0,2.0,1.0,26.0,5.8,55.0,0.0,1.0,0.0,1.0,0,8637.5645065
2015,57.0,1.0,NH White,some_college,high (>3.5x),5.0,0.0,0.0,0.0,0.0,0.0,0.0,4.0,29.9,5.6,55.0,0.0,0.0,0.0,0.0,0,83894.8009815
2015,61.0,0.0,NH Black,hs_or_less,low (<1.3x poverty),0.8,0.0,1440.0,0.0,0.0,360.0,0.0,7.0,23.8,5.3,81.0,0.0,0.0,0.0,0.0,0,5198.902471
2015,62.0,1.0,Other Hispanic,some_college,low (<1.3x poverty),1.1,0.0,0.0,0.0,0.0,0.0,0.0,3.0,21.5,5.6,69.0,0.0,0.0,0.0,0.0,0,4037.8089175
2015,64.0,1.0,Other Hispanic,hs_or_less,low (<1.3x poverty),0.75,960.0,0.0,0.0,240.0,0.0,4.0,3.0,29.8,5.7,42.0,0.0,1.0,0.0,0.0,1,4870.1038315
2015,51.0,1.0,Mexican American,some_college,middle (1.3-3.5x),2.58,720.0,1920.0,720.0,180.0,240.0,3.0,3.0,30.3,5.7,26.0,1.0,1.0,1.0,0.0,1,9735.8684645
2015,31.0,1.0,Other Hispanic,hs_or_less,low (<1.3x poverty),0.37,1440.0,960.0,360.0,240.0,240.0,4.0,1.0,29.9,6.2,57.0,0.0,1.0,0.0,0.0,1,12333.0259915
2015,41.0,1.0,NH White,college_plus,high (>3.5x),4.37,1440.0,0.0,360.0,270.0,0.0,6.0,5.0,19.8,5.0,78.0,0.0,0.0,0.0,0.0,1,61446.501125
2015,26.0,0.0,NH Asian,college_plus,middle (1.3-3.5x),1.64,0.0,0.0,0.0,0.0,0.0,0.0,10.0,28.8,5.5,46.0,0.0,0.0,0.0,1.0,0,10664.094201
2015,43.0,1.0,NH White,some_college,high (>3.5x),3.51,0.0,0.0,0.0,0.0,0.0,0.0,3.0,28.3,5.6,61.0,0.0,0.0,0.0,0.0,0,15914.285446
2015,60.0,0.0,NH Black,hs_or_less,low (<1.3x poverty),0.02,0.0,0.0,0.0,0.0,0.0,0.0,12.0,22.5,5.4,80.0,0.0,0.0,0.0,0.0,0,6309.6064685
2015,41.0,1.0,NH Black,college_plus,middle (1.3-3.5x),2.69,0.0,800.0,0.0,0.0,200.0,0.0,7.0,25.4,5.3,62.0,0.0,0.0,0.0,0.0,0,12109.1753245
2015,63.0,1.0,NH White,some_college,low (<1.3x poverty),0.37,0.0,2400.0,0.0,0.0,600.0,0.0,7.0,57.4,7.0,42.0,1.0,1.0,1.0,1.0,0,76136.3849575
2015,38.0,0.0,Other/Multi,some_college,high (>3.5x),5.0,0.0,9600.0,0.0,0.0,2400.0,0.0,3.0,25.4,5.5,38.0,0.0,0.0,0.0,0.0,0,11989.201257
2015,44.0,1.0,NH Black,some_college,middle (1.3-3.5x),2.79,600.0,0.0,0.0,120.0,0.0,5.0,8.0,30.5,5.9,69.0,1.0,1.0,1.0,0.0,1,9769.960096
2015,65.0,0.0,Other/Multi,college_plus,middle (1.3-3.5x),2.81,720.0,320.0,0.0,180.0,80.0,3.0,4.0,33.2,6.6,52.0,1.0,1.0,1.0,0.0,1,6889.150058
2015,65.0,1.0,Other Hispanic,hs_or_less,low (<1.3x poverty),0.54,0.0,0.0,0.0,0.0,0.0,0.0,4.0,19.9,7.4,107.0,1.0,1.0,0.0,0.0,0,4951.3519415
2015,23.0,0.0,Other Hispanic,college_plus,low (<1.3x poverty),0.85,480.0,0.0,0.0,120.0,0.0,4.0,9.0,35.9,5.4,52.0,0.0,0.0,1.0,0.0,0,15935.229649
2015,29.0,0.0,NH Asian,some_college,middle (1.3-3.5x),1.68,3600.0,4800.0,0.0,540.0,1200.0,3.0,3.0,25.9,5.8,60.0,0.0,1.0,0.0,1.0,1,8829.9841075
2015,60.0,0.0,NH Black,hs_or_less,high (>3.5x),3.67,360.0,0.0,0.0,90.0,0.0,3.0,4.0,22.3,5.7,38.0,0.0,1.0,0.0,0.0,0,6263.6600865
2015,51.0,0.0,Mexican American,hs_or_less,high (>3.5x),4.25,0.0,8160.0,0.0,0.0,1560.0,0.0,4.0,27.6,5.3,22.0,0.0,0.0,0.0,1.0,0,10813.685131
2015,62.0,0.0,Other Hispanic,hs_or_less,low (<1.3x poverty),0.37,0.0,160.0,0.0,0.0,20.0,0.0,6.0,20.6,5.9,40.0,0.0,1.0,0.0,0.0,0,4559.6782675
2015,43.0,1.0,NH Black,some_college,high (>3.5x),3.62,0.0,19200.0,0.0,0.0,3000.0,0.0,3.0,31.7,6.1,52.0,0.0,1.0,1.0,0.0,0,11391.175912
2015,39.0,1.0,NH Black,some_college,middle (1.3-3.5x),1.77,360.0,360.0,0.0,45.0,90.0,1.0,8.0,42.4,8.3,33.0,1.0,1.0,1.0,1.0,0,7978.02027
2015,33.0,1.0,NH Asian,hs_or_less,low (<1.3x poverty),0.93,2160.0,720.0,400.0,360.0,120.0,6.0,9.0,23.0,5.7,73.0,0.0,1.0,0.0,0.0,1,10303.631005
2015,28.0,1.0,NH White,some_college,high (>3.5x),3.72,960.0,1200.0,0.0,120.0,300.0,4.0,10.0,37.1,5.6,37.0,0.0,0.0,1.0,1.0,1,35363.352747
2015,43.0,1.0,NH White,some_college,high (>3.5x),4.12,540.0,5760.0,0.0,135.0,720.0,3.0,2.0,34.7,5.2,71.0,0.0,0.0,1.0,0.0,0,58804.485978
2015,35.0,0.0,Mexican American,college_plus,high (>3.5x),3.91,0.0,0.0,0.0,0.0,0.0,0.0,7.0,29.2,5.1,38.0,0.0,0.0,0.0,0.0,0,22855.468438
2015,45.0,0.0,NH Black,hs_or_less,high (>3.5x),5.0,0.0,0.0,0.0,0.0,0.0,0.0,6.0,33.1,10.5,75.0,1.0,1.0,1.0,0.0,0,11865.6684145
2015,41.0,1.0,NH White,some_college,low (<1.3x poverty),1.24,0.0,0.0,0.0,0.0,0.0,0.0,5.0,39.3,5.3,46.0,0.0,0.0,1.0,1.0,0,15215.7216975
2015,27.0,1.0,Mexican American,hs_or_less,low (<1.3x poverty),0.04,0.0,0.0,0.0,0.0,0.0,0.0,0.5,35.2,9.3,48.0,1.0,1.0,1.0,0.0,0,11756.81783
2015,20.0,1.0,Mexican American,hs_or_less,middle (1.3-3.5x),2.97,0.0,1200.0,0.0,0.0,300.0,0.0,6.0,28.7,5.3,52.0,0.0,0.0,0.0,1.0,0,18805.4519995
2015,36.0,0.0,Other Hispanic,some_college,low (<1.3x poverty),0.42,0.0,13200.0,0.0,0.0,2400.0,0.0,4.0,33.4,4.9,40.0,0.0,0.0,1.0,1.0,0,13927.3330175
2015,42.0,1.0,Mexican American,hs_or_less,low (<1.3x poverty),1.22,0.0,0.0,0.0,0.0,0.0,0.0,8.0,28.4,5.5,40.0,0.0,0.0,0.0,1.0,0,10280.9099275
2015,37.0,1.0,NH White,some_college,middle (1.3-3.5x),2.0,1920.0,0.0,0.0,240.0,0.0,4.0,0.5,28.7,5.3,49.0,0.0,0.0,0.0,0.0,1,19787.7179525
2015,38.0,1.0,NH Asian,some_college,high (>3.5x),5.0,0.0,0.0,0.0,0.0,0.0,0.0,5.0,21.0,5.8,78.0,0.0,1.0,0.0,0.0,0,10947.0220565
2015,55.0,0.0,NH White,college_plus,middle (1.3-3.5x),2.76,80.0,1920.0,0.0,20.0,480.0,1.0,8.0,28.0,5.5,24.0,0.0,0.0,0.0,0.0,0,57839.357896
2015,42.0,1.0,NH Asian,hs_or_less,middle (1.3-3.5x),1.41,0.0,0.0,0.0,0.0,0.0,0.0,5.0,22.6,5.5,57.0,0.0,0.0,0.0,0.0,0,15224.2072715
2015,60.0,1.0,Other Hispanic,some_college,high (>3.5x),3.54,0.0,0.0,640.0,0.0,0.0,0.0,9.0,31.9,5.7,59.0,0.0,1.0,1.0,1.0,0,2960.5201175
2015,58.0,1.0,NH White,college_plus,high (>3.5x),5.0,0.0,0.0,0.0,0.0,0.0,0.0,4.0,21.3,5.5,79.0,0.0,0.0,0.0,0.0,0,69049.297913
2015,25.0,1.0,NH White,some_college,low (<1.3x poverty),0.51,0.0,0.0,0.0,0.0,0.0,0.0,13.0,19.9,4.6,34.0,0.0,0.0,0.0,1.0,0,31879.9761185
2015,59.0,0.0,NH Asian,college_plus,middle (1.3-3.5x),3.23,4320.0,0.0,0.0,540.0,0.0,3.0,6.0,22.2,5.7,77.0,0.0,1.0,0.0,0.0,1,7387.506591
2015,62.0,0.0,Other Hispanic,some_college,middle (1.3-3.5x),1.94,1920.0,20400.0,0.0,240.0,2700.0,2.0,4.0,38.5,10.1,32.0,1.0,1.0,1.0,0.0,1,3897.750006
2015,45.0,0.0,NH White,hs_or_less,high (>3.5x),4.94,2080.0,480.0,0.0,280.0,120.0,4.0,3.0,30.4,5.6,36.0,0.0,0.0,1.0,1.0,1,77303.8165465
2015,30.0,0.0,Mexican American,hs_or_less,middle (1.3-3.5x),2.11,0.0,17280.0,0.0,0.0,2880.0,0.0,4.0,28.0,5.2,28.0,0.0,0.0,0.0,1.0,0,9994.291681
2015,47.0,0.0,NH White,hs_or_less,middle (1.3-3.5x),1.54,0.0,4800.0,0.0,0.0,960.0,0.0,2.0,22.5,5.6,39.0,0.0,0.0,0.0,0.0,0,36317.3736915
2015,64.0,1.0,Other Hispanic,some_college,high (>3.5x),4.78,720.0,7200.0,0.0,180.0,1800.0,4.0,4.0,32.0,5.0,50.0,0.0,0.0,1.0,0.0,1,3833.4594855
2015,33.0,0.0,NH Asian,college_plus,high (>3.5x),5.0,2280.0,0.0,0.0,330.0,0.0,7.0,10.0,26.6,5.5,56.0,0.0,0.0,0.0,0.0,1,16672.8170345
2015,22.0,1.0,NH White,hs_or_less,high (>3.5x),4.54,1200.0,2400.0,0.0,300.0,300.0,5.0,4.0,21.0,4.9,64.0,0.0,0.0,0.0,0.0,1,45270.671236
2015,61.0,0.0,NH White,college_plus,high (>3.5x),5.0,240.0,5760.0,0.0,60.0,1200.0,2.0,10.0,27.3,5.6,66.0,0.0,0.0,0.0,0.0,0,82243.558424
2015,39.0,1.0,NH White,hs_or_less,middle (1.3-3.5x),2.82,720.0,12480.0,240.0,180.0,1920.0,3.0,4.0,31.7,5.9,39.0,0.0,1.0,1.0,0.0,1,38700.1767765
2015,31.0,1.0,NH White,college_plus,high (>3.5x),4.04,0.0,0.0,0.0,0.0,0.0,0.0,12.0,34.5,5.4,65.0,0.0,0.0,1.0,1.0,0,60674.1717015
2015,49.0,0.0,NH Asian,hs_or_less,middle (1.3-3.5x),2.06,0.0,0.0,0.0,0.0,0.0,0.0,12.0,25.6,11.6,34.0,1.0,1.0,0.0,1.0,0,6385.2551325
2015,34.0,1.0,Mexican American,hs_or_less,low (<1.3x poverty),0.68,960.0,23040.0,0.0,240.0,3360.0,4.0,3.0,32.8,5.4,41.0,0.0,0.0,1.0,0.0,1,11470.7930645
2015,59.0,1.0,Mexican American,some_college,low (<1.3x poverty),0.9,0.0,0.0,0.0,0.0,0.0,0.0,8.0,27.9,8.6,45.0,1.0,1.0,0.0,1.0,0,7574.2908695
2015,58.0,0.0,NH Black,college_plus,middle (1.3-3.5x),3.18,1440.0,0.0,0.0,180.0,0.0,3.0,5.0,25.1,7.9,55.0,1.0,1.0,0.0,0.0,1,13716.6662035
2015,38.0,0.0,Mexican American,hs_or_less,low (<1.3x poverty),1.23,0.0,12000.0,0.0,0.0,1800.0,0.0,4.0,30.1,6.6,45.0,1.0,1.0,1.0,1.0,0,13999.6338245
2015,46.0,1.0,NH White,hs_or_less,high (>3.5x),4.54,1920.0,0.0,0.0,240.0,0.0,4.0,10.0,37.8,5.3,41.0,0.0,0.0,1.0,0.0,1,61792.2427745
2015,27.0,0.0,NH Asian,college_plus,middle (1.3-3.5x),2.1,960.0,0.0,720.0,120.0,0.0,2.0,10.0,29.3,5.5,40.0,0.0,0.0,0.0,0.0,1,10227.1992545
2015,51.0,1.0,Mexican American,hs_or_less,low (<1.3x poverty),0.49,0.0,0.0,0.0,0.0,0.0,0.0,0.3333333333333333,27.0,5.7,57.0,0.0,1.0,0.0,0.0,0,8059.9414675
2015,38.0,0.0,NH Black,college_plus,high (>3.5x),5.0,2760.0,0.0,0.0,390.0,0.0,7.0,7.0,36.8,5.6,24.0,0.0,0.0,1.0,0.0,1,10568.4197575
2015,33.0,0.0,NH Black,some_college,high (>3.5x),4.46,0.0,1920.0,0.0,0.0,480.0,0.0,3.0,40.4,5.7,44.0,0.0,1.0,1.0,0.0,0,11065.5151665
2015,35.0,1.0,NH White,hs_or_less,high (>3.5x),5.0,0.0,0.0,0.0,0.0,0.0,0.0,2.0,28.7,5.2,77.0,0.0,0.0,0.0,0.0,0,39124.7868665
2015,47.0,0.0,Mexican American,some_college,middle (1.3-3.5x),2.33,2880.0,2400.0,0.0,540.0,600.0,6.0,5.0,22.4,5.5,51.0,0.0,0.0,0.0,0.0,1,23100.043704
2015,22.0,1.0,Other/Multi,some_college,low (<1.3x poverty),1.15,0.0,0.0,360.0,0.0,0.0,0.0,7.0,55.4,5.9,48.0,0.0,1.0,1.0,0.0,0,17704.055332
2015,58.0,1.0,NH White,college_plus,high (>3.5x),5.0,0.0,0.0,0.0,0.0,0.0,0.0,5.0,29.2,5.8,60.0,0.0,1.0,0.0,0.0,0,85866.2909255
2015,50.0,1.0,NH Asian,college_plus,high (>3.5x),4.98,2940.0,1680.0,0.0,435.0,240.0,7.0,3.0,26.5,5.4,49.0,0.0,0.0,0.0,0.0,1,12300.8001425
2015,37.0,1.0,NH White,some_college,middle (1.3-3.5x),1.83,780.0,0.0,0.0,120.0,0.0,6.0,5.0,40.4,5.4,50.0,0.0,0.0,1.0,0.0,1,37633.9971705
2015,42.0,1.0,NH White,some_college,middle (1.3-3.5x),1.44,480.0,0.0,0.0,60.0,0.0,2.0,12.0,42.3,5.2,45.0,0.0,0.0,1.0,0.0,0,64784.8594345
2015,31.0,0.0,Other Hispanic,some_college,middle (1.3-3.5x),1.58,360.0,6000.0,160.0,90.0,1500.0,3.0,4.0,29.8,5.1,38.0,0.0,0.0,0.0,0.0,0,15724.8591025
2015,32.0,1.0,Other Hispanic,hs_or_less,low (<1.3x poverty),0.28,0.0,19440.0,200.0,0.0,2460.0,0.0,0.6666666666666666,25.9,5.7,45.0,0.0,1.0,0.0,0.0,0,16266.6711005
2015,62.0,1.0,NH White,hs_or_less,middle (1.3-3.5x),1.82,0.0,0.0,0.0,0.0,0.0,0.0,18.0,41.0,9.7,36.0,1.0,1.0,1.0,0.0,0,20324.6970125
2015,54.0,0.0,NH White,hs_or_less,high (>3.5x),5.0,0.0,3600.0,0.0,0.0,900.0,0.0,4.0,29.0,5.5,65.0,0.0,0.0,0.0,0.0,0,66433.8005615
2015,24.0,0.0,Other/Multi,some_college,low (<1.3x poverty),1.11,0.0,0.0,0.0,0.0,0.0,0.0,12.0,16.2,5.4,48.0,0.0,0.0,0.0,0.0,0,23842.4679085
2015,35.0,1.0,Other Hispanic,hs_or_less,low (<1.3x poverty),0.61,1920.0,0.0,0.0,360.0,0.0,6.0,11.0,43.3,6.1,77.0,0.0,1.0,1.0,1.0,1,18829.4472065
2015,49.0,1.0,NH White,hs_or_less,high (>3.5x),3.89,0.0,4800.0,0.0,0.0,900.0,0.0,3.0,27.5,5.4,55.0,0.0,0.0,0.0,0.0,0,44674.0443025
2015,40.0,1.0,NH Black,hs_or_less,low (<1.3x poverty),0.69,0.0,0.0,0.0,0.0,0.0,0.0,3.0,44.0,5.1,58.0,0.0,0.0,1.0,0.0,0,9234.0727895
2015,34.0,1.0,NH Asian,some_college,high (>3.5x),3.95,720.0,0.0,480.0,180.0,0.0,3.0,2.0,20.3,5.1,85.0,0.0,0.0,0.0,0.0,1,11002.548998
2015,35.0,1.0,NH Black,some_college,low (<1.3x poverty),1.01,600.0,9600.0,0.0,150.0,2400.0,5.0,3.0,49.8,11.5,36.0,1.0,1.0,1.0,1.0,1,17352.685412
2015,45.0,0.0,NH Black,hs_or_less,middle (1.3-3.5x),3.12,0.0,0.0,0.0,0.0,0.0,0.0,4.0,26.5,4.4,73.0,0.0,0.0,0.0,0.0,0,10778.7555925
2015,28.0,1.0,NH Black,college_plus,high (>3.5x),3.98,2400.0,0.0,1080.0,600.0,0.0,5.0,11.0,21.5,5.1,59.0,0.0,0.0,0.0,0.0,1,19177.8506195
2015,46.0,0.0,NH Black,hs_or_less,middle (1.3-3.5x),1.79,240.0,0.0,0.0,60.0,0.0,3.0,4.0,24.3,4.7,43.0,0.0,0.0,0.0,0.0,0,12623.2017665
2015,26.0,0.0,Other/Multi,hs_or_less,low (<1.3x poverty),1.15,0.0,0.0,0.0,0.0,0.0,0.0,8.0,19.0,5.2,47.0,0.0,0.0,0.0,0.0,0,20680.6979665
2015,46.0,0.0,NH White,college_plus,middle (1.3-3.5x),1.54,2640.0,960.0,0.0,390.0,240.0,5.0,9.0,31.6,5.7,33.0,0.0,1.0,1.0,0.0,1,19965.178065
2015,45.0,0.0,NH White,hs_or_less,low (<1.3x poverty),0.87,0.0,0.0,0.0,0.0,0.0,0.0,8.0,53.1,5.7,35.0,0.0,1.0,1.0,1.0,0,21699.4580915
2015,46.0,1.0,NH White,some_college,low (<1.3x poverty),1.09,0.0,0.0,0.0,0.0,0.0,0.0,2.0,35.5,5.3,48.0,0.0,0.0,1.0,0.0,0,16079.4441705
2015,29.0,1.0,NH White,some_college,high (>3.5x),5.0,960.0,1920.0,240.0,150.0,450.0,3.0,10.0,26.1,5.2,58.0,0.0,0.0,0.0,0.0,1,36042.5539955
2015,34.0,1.0,Other Hispanic,hs_or_less,middle (1.3-3.5x),2.11,0.0,0.0,0.0,0.0,0.0,0.0,10.0,29.7,5.3,36.0,0.0,0.0,0.0,1.0,0,12754.5309085
2015,29.0,0.0,NH White,college_plus,high (>3.5x),5.0,0.0,5760.0,400.0,0.0,1440.0,0.0,9.0,31.5,5.4,34.0,0.0,0.0,1.0,0.0,0,49677.3823875
2015,48.0,0.0,NH White,some_college,high (>3.5x),5.0,0.0,4320.0,0.0,0.0,900.0,0.0,3.0,30.3,5.6,53.0,0.0,0.0,1.0,0.0,0,73810.2670625
2015,33.0,0.0,NH Black,some_college,middle (1.3-3.5x),2.57,5040.0,0.0,0.0,900.0,0.0,5.0,6.0,32.0,13.7,56.0,1.0,1.0,1.0,1.0,1,12513.0875295
2015,48.0,0.0,Other Hispanic,hs_or_less,low (<1.3x poverty),0.63,0.0,17280.0,0.0,0.0,2880.0,0.0,3.0,27.8,5.8,45.0,1.0,1.0,0.0,1.0,0,14632.993867
2015,50.0,1.0,Mexican American,hs_or_less,low (<1.3x poverty),0.02,0.0,8400.0,0.0,0.0,2100.0,0.0,2.0,35.2,5.8,45.0,1.0,1.0,1.0,0.0,0,9299.12817
2015,37.0,1.0,NH Black,some_college,middle (1.3-3.5x),3.09,600.0,0.0,0.0,150.0,0.0,5.0,15.0,41.7,5.8,44.0,1.0,1.0,1.0,1.0,1,13691.0643805
2015,41.0,0.0,Other/Multi,college_plus,high (>3.5x),5.0,0.0,3600.0,0.0,0.0,900.0,0.0,10.0,49.4,6.1,43.0,0.0,1.0,1.0,0.0,0,17817.8027225
2015,59.0,0.0,NH Asian,some_college,low (<1.3x poverty),5.397605346934028e-79,0.0,0.0,160.0,0.0,0.0,0.0,4.0,27.4,5.9,27.0,0.0,1.0,0.0,0.0,0,5538.1591325
2015,24.0,1.0,Mexican American,hs_or_less,low (<1.3x poverty),0.6,0.0,7200.0,240.0,0.0,1800.0,0.0,8.0,26.3,5.3,38.0,0.0,0.0,0.0,0.0,0,11783.6934585
2015,38.0,0.0,Other Hispanic,college_plus,low (<1.3x poverty),5.397605346934028e-79,160.0,0.0,0.0,40.0,0.0,1.0,3.0,33.4,5.1,49.0,0.0,0.0,1.0,0.0,0,13748.246159
2015,28.0,1.0,NH Black,hs_or_less,low (<1.3x poverty),0.63,2880.0,0.0,0.0,480.0,0.0,4.0,0.5,20.9,5.0,56.0,0.0,0.0,0.0,0.0,1,17256.297518
2015,35.0,1.0,Other Hispanic,some_college,low (<1.3x poverty),1.19,2160.0,0.0,0.0,360.0,0.0,6.0,3.0,28.2,5.5,54.0,1.0,1.0,0.0,0.0,1,20219.0933465
2015,64.0,1.0,Mexican American,hs_or_less,low (<1.3x poverty),0.84,0.0,0.0,0.0,0.0,0.0,0.0,3.0,48.9,7.8,54.0,1.0,1.0,1.0,1.0,0,5681.5609355
2015,33.0,1.0,NH Black,some_college,middle (1.3-3.5x),2.99,1920.0,0.0,0.0,300.0,0.0,5.0,8.0,39.2,5.2,51.0,0.0,0.0,1.0,0.0,1,14276.692873
2015,32.0,0.0,NH White,college_plus,high (>3.5x),5.0,3120.0,0.0,0.0,420.0,0.0,7.0,11.0,21.0,5.4,59.0,0.0,0.0,0.0,0.0,1,75664.5136135
2015,42.0,1.0,NH Black,college_plus,middle (1.3-3.5x),1.49,0.0,6480.0,0.0,0.0,1260.0,0.0,5.0,26.2,5.5,61.0,0.0,0.0,0.0,0.0,0,8769.081725
2015,59.0,0.0,NH White,hs_or_less,middle (1.3-3.5x),1.88,0.0,0.0,0.0,0.0,0.0,0.0,5.0,31.4,6.0,38.0,0.0,1.0,1.0,0.0,0,23441.427945
2015,49.0,0.0,NH White,college_plus,high (>3.5x),4.88,360.0,0.0,0.0,90.0,0.0,2.0,8.0,34.1,6.1,52.0,0.0,1.0,1.0,0.0,0,70640.39046
2015,58.0,0.0,Other/Multi,hs_or_less,low (<1.3x poverty),1.11,0.0,0.0,0.0,0.0,0.0,0.0,0.75,34.5,9.2,40.0,1.0,1.0,1.0,1.0,0,12679.1492055
2015,55.0,1.0,NH Asian,college_plus,high (>3.5x),4.34,1440.0,0.0,0.0,180.0,0.0,3.0,8.0,23.7,5.3,42.0,0.0,0.0,0.0,0.0,1,11639.0253775
2015,33.0,0.0,NH White,some_college,high (>3.5x),5.0,1980.0,480.0,0.0,315.0,120.0,6.0,6.0,23.4,5.1,37.0,0.0,0.0,0.0,0.0,1,65791.4258685
2015,52.0,1.0,NH Black,some_college,middle (1.3-3.5x),1.65,0.0,0.0,0.0,0.0,0.0,0.0,2.0,26.3,5.4,74.0,0.0,0.0,0.0,0.0,0,12585.4033165
2015,31.0,1.0,Mexican American,college_plus,high (>3.5x),5.0,1860.0,0.0,0.0,345.0,0.0,7.0,8.0,49.9,5.6,41.0,0.0,0.0,1.0,0.0,1,17674.2177235
2015,61.0,1.0,Mexican American,hs_or_less,middle (1.3-3.5x),1.38,0.0,0.0,0.0,0.0,0.0,0.0,3.0,40.3,6.1,44.0,0.0,1.0,1.0,1.0,0,5025.0167855
2015,48.0,0.0,NH White,college_plus,high (>3.5x),4.88,360.0,120.0,240.0,60.0,30.0,2.0,10.0,27.1,5.1,40.0,0.0,0.0,0.0,0.0,0,72609.3590855
2015,63.0,0.0,NH Black,college_plus,middle (1.3-3.5x),2.29,1920.0,0.0,0.0,480.0,0.0,2.0,8.0,34.7,6.7,44.0,1.0,1.0,1.0,0.0,1,5619.903463
2015,54.0,0.0,NH White,some_college,high (>3.5x),5.0,0.0,10320.0,0.0,0.0,2040.0,0.0,3.0,27.0,7.2,40.0,1.0,1.0,0.0,0.0,0,49643.9670365
2015,40.0,0.0,NH White,college_plus,high (>3.5x),4.12,720.0,4800.0,0.0,180.0,840.0,3.0,10.0,29.6,5.2,54.0,0.0,0.0,0.0,0.0,1,64337.5228295
2015,51.0,0.0,NH Asian,hs_or_less,low (<1.3x poverty),0.92,0.0,0.0,0.0,0.0,0.0,0.0,12.0,19.0,11.9,32.0,1.0,1.0,0.0,1.0,0,4853.1163705
2015,28.0,1.0,NH White,some_college,middle (1.3-3.5x),2.88,960.0,720.0,0.0,120.0,180.0,3.0,8.0,28.4,4.8,66.0,0.0,0.0,0.0,0.0,1,36447.409471
2015,26.0,1.0,NH Asian,college_plus,middle (1.3-3.5x),2.11,0.0,0.0,0.0,0.0,0.0,0.0,4.0,22.0,5.0,46.0,0.0,0.0,0.0,0.0,0,9479.636053
2015,27.0,1.0,NH Black,hs_or_less,low (<1.3x poverty),0.08,0.0,10800.0,0.0,0.0,1800.0,0.0,3.0,44.3,5.8,56.0,0.0,1.0,1.0,1.0,0,13523.460136
2015,31.0,1.0,Mexican American,some_college,high (>3.5x),5.0,360.0,0.0,0.0,90.0,0.0,3.0,3.0,35.9,4.9,71.0,0.0,0.0,1.0,0.0,0,23653.3234355
2015,38.0,1.0,NH Black,some_college,middle (1.3-3.5x),1.92,0.0,0.0,0.0,0.0,0.0,0.0,4.0,20.2,5.1,88.0,0.0,0.0,0.0,0.0,0,14389.8409675
2015,28.0,1.0,Mexican American,hs_or_less,middle (1.3-3.5x),2.24,0.0,1920.0,0.0,0.0,480.0,0.0,5.0,39.1,5.3,57.0,0.0,0.0,1.0,1.0,0,14526.3694545
2015,26.0,0.0,NH Asian,college_plus,middle (1.3-3.5x),2.12,1600.0,0.0,120.0,220.0,0.0,7.0,9.0,26.8,5.3,46.0,0.0,0.0,0.0,0.0,1,10830.798438
2015,35.0,0.0,Other Hispanic,hs_or_less,low (<1.3x poverty),0.37,0.0,35520.0,0.0,0.0,5640.0,0.0,1.0,32.0,5.6,30.0,0.0,0.0,1.0,1.0,0,13414.0993285
2015,42.0,1.0,Mexican American,hs_or_less,low (<1.3x poverty),0.61,0.0,0.0,40.0,0.0,0.0,0.0,0.6666666666666666,36.2,5.6,54.0,0.0,0.0,1.0,0.0,0,10536.5991715
2015,21.0,1.0,Mexican American,hs_or_less,low (<1.3x poverty),0.25,0.0,0.0,360.0,0.0,0.0,0.0,4.0,36.3,5.0,34.0,0.0,0.0,1.0,0.0,0,10932.0900785
2015,20.0,1.0,NH White,hs_or_less,middle (1.3-3.5x),1.86,3600.0,0.0,0.0,450.0,0.0,5.0,5.0,32.9,5.3,45.0,0.0,0.0,1.0,0.0,1,26072.984514
2015,47.0,1.0,NH Black,some_college,high (>3.5x),3.55,1440.0,0.0,200.0,240.0,0.0,4.0,5.0,27.7,5.4,76.0,0.0,0.0,0.0,0.0,1,11111.667867
2015,29.0,1.0,NH White,some_college,low (<1.3x poverty),0.71,0.0,0.0,0.0,0.0,0.0,0.0,10.0,20.3,5.1,67.0,0.0,0.0,0.0,0.0,0,39382.389292
2015,61.0,0.0,Mexican American,hs_or_less,high (>3.5x),4.87,0.0,4320.0,0.0,0.0,1080.0,0.0,8.0,30.3,5.7,58.0,0.0,1.0,1.0,0.0,0,3098.8298525
2015,49.0,1.0,NH Asian,hs_or_less,low (<1.3x poverty),0.68,0.0,0.0,0.0,0.0,0.0,0.0,14.0,23.6,5.3,47.0,0.0,0.0,0.0,0.0,0,5842.7436285
2015,51.0,1.0,NH White,some_college,high (>3.5x),5.0,1440.0,1440.0,0.0,360.0,360.0,2.0,6.0,26.3,5.5,48.0,0.0,0.0,0.0,0.0,1,111693.193862
2015,61.0,0.0,Mexican American,hs_or_less,middle (1.3-3.5x),1.99,0.0,0.0,0.0,0.0,0.0,0.0,7.0,33.0,7.0,31.0,1.0,1.0,1.0,0.0,0,4147.742337
2015,42.0,1.0,NH Black,college_plus,middle (1.3-3.5x),1.76,240.0,960.0,0.0,60.0,120.0,2.0,3.0,38.8,7.1,51.0,1.0,1.0,1.0,0.0,0,9076.987483
2015,31.0,0.0,Mexican American,hs_or_less,low (<1.3x poverty),1.02,0.0,0.0,0.0,0.0,0.0,0.0,3.0,29.9,5.5,43.0,0.0,0.0,0.0,0.0,0,18875.2440935
2015,52.0,1.0,Mexican American,some_college,middle (1.3-3.5x),2.97,0.0,0.0,0.0,0.0,0.0,0.0,12.0,40.2,7.0,61.0,1.0,1.0,1.0,1.0,0,12129.5291825
2015,22.0,0.0,Mexican American,some_college,middle (1.3-3.5x),2.61,0.0,2400.0,2880.0,0.0,360.0,0.0,6.0,20.1,11.7,43.0,1.0,1.0,0.0,0.0,0,20847.0173845
2015,58.0,1.0,NH Black,college_plus,high (>3.5x),5.0,2160.0,0.0,0.0,360.0,0.0,6.0,4.0,36.9,6.1,60.0,1.0,1.0,1.0,0.0,1,10774.7424775
2015,24.0,0.0,NH White,hs_or_less,middle (1.3-3.5x),2.56,0.0,14400.0,0.0,0.0,1800.0,0.0,5.0,16.9,5.4,60.0,0.0,0.0,0.0,0.0,0,39654.412129
2015,65.0,0.0,NH Asian,college_plus,high (>3.5x),5.0,40.0,0.0,0.0,10.0,0.0,1.0,12.0,23.9,5.9,56.0,1.0,1.0,0.0,0.0,0,9811.7047535
2015,38.0,1.0,NH Black,some_college,middle (1.3-3.5x),2.98,0.0,0.0,80.0,0.0,0.0,0.0,15.0,43.3,6.0,34.0,0.0,1.0,1.0,0.0,0,19234.2469915
2015,37.0,0.0,Mexican American,some_college,middle (1.3-3.5x),2.06,240.0,720.0,4800.0,60.0,150.0,3.0,8.0,34.5,5.3,37.0,0.0,0.0,1.0,0.0,0,15656.9876975
2015,63.0,1.0,NH Black,hs_or_less,low (<1.3x poverty),0.97,0.0,0.0,480.0,0.0,0.0,0.0,1.5,37.2,5.8,87.0,1.0,1.0,1.0,0.0,0,12091.7307545
2015,58.0,1.0,NH Black,some_college,low (<1.3x poverty),0.77,0.0,7200.0,1200.0,0.0,1800.0,0.0,2.0,27.9,5.0,33.0,0.0,0.0,0.0,0.0,0,13034.3849725
2015,48.0,1.0,NH Asian,college_plus,high (>3.5x),5.0,0.0,0.0,0.0,0.0,0.0,0.0,12.0,35.8,5.7,55.0,0.0,1.0,1.0,0.0,0,13414.8774925
2015,53.0,0.0,NH White,college_plus,high (>3.5x),5.0,0.0,0.0,0.0,0.0,0.0,0.0,10.0,32.2,8.0,34.0,1.0,1.0,1.0,0.0,0,49643.9670365
2015,43.0,1.0,NH Black,hs_or_less,low (<1.3x poverty),1.19,0.0,21600.0,300.0,0.0,3600.0,0.0,4.0,42.7,8.4,31.0,1.0,1.0,1.0,0.0,0,9091.667528
2015,31.0,1.0,NH Asian,college_plus,high (>3.5x),3.72,80.0,5760.0,360.0,20.0,1440.0,1.0,6.0,19.7,5.6,76.0,0.0,0.0,0.0,0.0,0,10615.796464
2015,30.0,1.0,Mexican American,hs_or_less,low (<1.3x poverty),0.54,0.0,0.0,0.0,0.0,0.0,0.0,6.0,29.2,5.4,58.0,0.0,0.0,0.0,0.0,0,13550.7462815
2015,64.0,1.0,NH White,some_college,high (>3.5x),5.0,160.0,0.0,0.0,40.0,0.0,2.0,4.0,40.6,5.5,53.0,0.0,0.0,1.0,0.0,0,69783.7584025
2015,21.0,1.0,NH White,some_college,low (<1.3x poverty),1.03,0.0,0.0,2160.0,0.0,0.0,0.0,6.0,17.6,5.2,75.0,0.0,0.0,0.0,1.0,0,41062.306656
2015,55.0,0.0,NH White,hs_or_less,middle (1.3-3.5x),2.73,0.0,2400.0,0.0,0.0,600.0,0.0,4.0,26.7,5.4,31.0,0.0,0.0,0.0,1.0,0,20663.550907
2015,30.0,0.0,Mexican American,college_plus,middle (1.3-3.5x),2.99,0.0,0.0,0.0,0.0,0.0,0.0,10.0,24.3,5.4,54.0,0.0,0.0,0.0,0.0,0,11254.666765
2015,41.0,1.0,NH Asian,college_plus,high (>3.5x),5.0,1440.0,0.0,0.0,240.0,0.0,4.0,12.0,20.1,5.1,47.0,0.0,0.0,0.0,0.0,1,9337.2051355
2015,28.0,1.0,NH White,college_plus,middle (1.3-3.5x),2.89,0.0,3600.0,40.0,0.0,900.0,0.0,4.0,40.7,5.6,72.0,0.0,0.0,1.0,0.0,0,40749.7735115
2015,62.0,1.0,Other Hispanic,some_college,low (<1.3x poverty),1.24,0.0,0.0,0.0,0.0,0.0,0.0,3.0,42.5,5.4,55.0,0.0,0.0,1.0,1.0,0,3412.621299
2015,26.0,1.0,NH Asian,college_plus,high (>3.5x),5.0,0.0,0.0,0.0,0.0,0.0,0.0,7.0,34.2,5.7,36.0,0.0,1.0,1.0,1.0,0,15339.537086
2015,28.0,1.0,Mexican American,hs_or_less,low (<1.3x poverty),1.23,0.0,0.0,0.0,0.0,0.0,0.0,3.0,25.3,5.1,91.0,0.0,0.0,0.0,1.0,0,10611.55654
2015,62.0,1.0,NH White,college_plus,high (>3.5x),5.0,1920.0,0.0,160.0,300.0,0.0,5.0,8.0,29.4,6.4,39.0,0.0,1.0,0.0,0.0,1,58329.033858
2015,60.0,1.0,Mexican American,hs_or_less,high (>3.5x),5.0,0.0,0.0,0.0,0.0,0.0,0.0,2.0,25.7,6.0,60.0,1.0,1.0,0.0,0.0,0,4239.6993635
2015,56.0,1.0,NH Asian,college_plus,high (>3.5x),5.0,4320.0,0.0,0.0,720.0,0.0,6.0,3.0,20.2,5.2,82.0,0.0,0.0,0.0,0.0,1,13544.7188765
2015,54.0,1.0,NH White,hs_or_less,low (<1.3x poverty),5.397605346934028e-79,0.0,720.0,0.0,0.0,180.0,0.0,6.0,31.1,5.7,56.0,0.0,1.0,1.0,1.0,0,29276.189776
2015,51.0,1.0,NH Black,some_college,high (>3.5x),5.0,0.0,0.0,0.0,0.0,0.0,0.0,8.0,32.1,5.2,56.0,0.0,0.0,1.0,0.0,0,12607.594044
2015,50.0,0.0,NH White,some_college,low (<1.3x poverty),1.27,0.0,0.0,0.0,0.0,0.0,0.0,5.0,33.2,8.9,68.0,1.0,1.0,1.0,0.0,0,48945.3424505
2015,28.0,1.0,NH White,college_plus,middle (1.3-3.5x),2.88,120.0,0.0,0.0,30.0,0.0,1.0,8.0,27.9,4.7,92.0,0.0,0.0,0.0,0.0,0,37565.683444
2015,38.0,1.0,NH Black,hs_or_less,low (<1.3x poverty),0.95,0.0,20400.0,0.0,0.0,2700.0,0.0,5.0,34.8,6.9,66.0,1.0,1.0,1.0,1.0,0,12550.5652605
2015,61.0,0.0,NH Asian,hs_or_less,high (>3.5x),5.0,0.0,0.0,60.0,0.0,0.0,0.0,6.0,23.7,5.7,33.0,0.0,1.0,0.0,0.0,0,11872.7018845
2015,53.0,0.0,Other Hispanic,hs_or_less,low (<1.3x poverty),0.62,0.0,0.0,0.0,0.0,0.0,0.0,8.0,28.7,5.4,56.0,0.0,0.0,0.0,0.0,0,11211.5435705
2015,32.0,1.0,NH Black,hs_or_less,low (<1.3x poverty),0.42,0.0,0.0,600.0,0.0,0.0,0.0,4.0,32.9,5.1,95.0,0.0,0.0,1.0,0.0,0,13288.115543
2015,54.0,1.0,NH Black,some_college,high (>3.5x),4.37,1800.0,0.0,0.0,270.0,0.0,4.0,4.0,33.8,6.9,70.0,1.0,1.0,1.0,0.0,1,11400.37279
2015,24.0,0.0,NH Asian,some_college,middle (1.3-3.5x),2.99,0.0,0.0,0.0,0.0,0.0,0.0,6.0,29.4,5.4,45.0,0.0,0.0,0.0,0.0,0,8255.4835205
2015,40.0,0.0,NH White,some_college,low (<1.3x poverty),0.21,1440.0,0.0,320.0,240.0,0.0,7.0,5.0,25.6,5.3,35.0,0.0,0.0,0.0,0.0,1,19516.5656435
2015,21.0,1.0,NH White,hs_or_less,middle (1.3-3.5x),1.83,0.0,0.0,0.0,0.0,0.0,0.0,6.0,45.6,5.7,40.0,0.0,1.0,1.0,0.0,0,34569.361844
2015,31.0,0.0,NH White,hs_or_less,high (>3.5x),4.67,480.0,0.0,1200.0,120.0,0.0,1.0,3.0,30.3,5.3,56.0,0.0,0.0,1.0,0.0,0,77656.7440705
2015,30.0,0.0,NH White,hs_or_less,middle (1.3-3.5x),2.85,0.0,12000.0,0.0,0.0,2100.0,0.0,3.0,49.8,5.5,45.0,0.0,0.0,1.0,0.0,0,63781.6801515
2015,49.0,1.0,Other Hispanic,some_college,high (>3.5x),3.7,2160.0,0.0,0.0,540.0,0.0,3.0,5.0,43.5,5.6,73.0,0.0,0.0,1.0,0.0,1,9887.7077085
2015,22.0,1.0,NH White,college_plus,high (>3.5x),4.04,0.0,0.0,300.0,0.0,0.0,0.0,12.0,16.7,5.1,65.0,0.0,0.0,0.0,0.0,0,54518.842319
2015,29.0,0.0,Mexican American,some_college,high (>3.5x),4.25,6240.0,9120.0,0.0,840.0,1320.0,7.0,8.0,28.0,5.3,56.0,0.0,0.0,0.0,0.0,1,27220.5929615
2015,44.0,1.0,Mexican American,some_college,middle (1.3-3.5x),1.55,1440.0,0.0,0.0,180.0,0.0,3.0,2.0,22.3,12.4,54.0,1.0,1.0,0.0,1.0,1,13925.865601
2015,34.0,0.0,NH White,college_plus,middle (1.3-3.5x),2.06,1680.0,0.0,0.0,240.0,0.0,6.0,13.0,26.0,4.9,45.0,0.0,0.0,0.0,0.0,1,22109.77729
2015,27.0,0.0,NH Black,hs_or_less,middle (1.3-3.5x),1.74,180.0,0.0,600.0,45.0,0.0,1.0,11.0,26.6,5.4,52.0,0.0,0.0,0.0,0.0,0,21668.0876885
2015,25.0,0.0,NH White,college_plus,middle (1.3-3.5x),1.56,240.0,0.0,400.0,30.0,0.0,1.0,10.0,26.4,4.7,53.0,0.0,0.0,0.0,0.0,0,43243.5232295
2015,37.0,0.0,Mexican American,hs_or_less,low (<1.3x poverty),0.57,12480.0,5760.0,0.0,2160.0,960.0,7.0,3.0,31.3,5.7,48.0,0.0,1.0,1.0,0.0,1,15687.2844495
2015,33.0,1.0,NH Asian,college_plus,high (>3.5x),5.0,800.0,0.0,0.0,140.0,0.0,5.0,10.0,27.4,5.6,63.0,0.0,0.0,0.0,0.0,1,10916.718979
2015,34.0,0.0,NH Asian,college_plus,low (<1.3x poverty),5.397605346934028e-79,3840.0,0.0,120.0,480.0,0.0,4.0,8.0,23.6,5.3,59.0,0.0,0.0,0.0,0.0,1,11600.5885945
2015,24.0,0.0,NH White,college_plus,middle (1.3-3.5x),1.37,480.0,6000.0,0.0,120.0,1500.0,2.0,3.0,27.5,5.2,43.0,0.0,0.0,0.0,0.0,0,33233.9329515
2015,38.0,1.0,Other Hispanic,some_college,low (<1.3x poverty),1.18,0.0,2880.0,0.0,0.0,720.0,0.0,8.0,29.6,5.1,70.0,0.0,0.0,0.0,0.0,0,12416.289723
2015,48.0,1.0,NH Black,some_college,middle (1.3-3.5x),3.29,0.0,2880.0,0.0,0.0,720.0,0.0,4.0,34.9,5.5,78.0,0.0,0.0,1.0,1.0,0,11504.554838
2015,31.0,0.0,Other Hispanic,college_plus,high (>3.5x),5.0,1440.0,240.0,0.0,270.0,60.0,5.0,11.0,35.1,5.0,32.0,0.0,0.0,1.0,0.0,1,11935.322535
2015,57.0,0.0,NH White,hs_or_less,middle (1.3-3.5x),2.97,0.0,480.0,0.0,0.0,60.0,0.0,6.0,34.4,6.5,34.0,1.0,1.0,1.0,0.0,0,49643.9670365
2015,20.0,1.0,NH Black,some_college,high (>3.5x),3.55,0.0,0.0,0.0,0.0,0.0,0.0,4.0,24.4,5.2,63.0,0.0,0.0,0.0,0.0,0,16161.9390475
2015,30.0,0.0,NH White,some_college,middle (1.3-3.5x),1.69,1080.0,20640.0,0.0,180.0,3660.0,4.0,2.0,27.7,5.0,48.0,0.0,0.0,0.0,0.0,1,19723.4068335
2015,20.0,1.0,NH White,some_college,high (>3.5x),5.0,0.0,0.0,600.0,0.0,0.0,0.0,10.0,23.0,5.1,70.0,0.0,0.0,0.0,0.0,0,51075.7969775
2015,54.0,0.0,NH Black,hs_or_less,low (<1.3x poverty),0.85,0.0,19200.0,0.0,0.0,2400.0,0.0,8.0,26.5,7.0,81.0,1.0,1.0,0.0,0.0,0,11058.013241
2015,22.0,0.0,Other/Multi,some_college,high (>3.5x),3.92,0.0,0.0,40.0,0.0,0.0,0.0,6.0,17.1,5.5,50.0,0.0,0.0,0.0,0.0,0,9823.34581
2015,36.0,0.0,Mexican American,college_plus,middle (1.3-3.5x),2.99,240.0,0.0,0.0,60.0,0.0,2.0,6.0,30.5,5.1,39.0,0.0,0.0,1.0,0.0,0,14228.9102355
2015,23.0,1.0,NH Asian,college_plus,high (>3.5x),5.0,1440.0,6720.0,0.0,240.0,1560.0,4.0,5.0,21.8,5.1,46.0,0.0,0.0,0.0,0.0,1,14759.856747
2015,22.0,0.0,Other Hispanic,some_college,middle (1.3-3.5x),2.74,240.0,3000.0,0.0,60.0,450.0,1.0,4.0,25.7,5.6,46.0,0.0,0.0,0.0,0.0,0,23473.5823945
2015,46.0,1.0,NH Asian,college_plus,low (<1.3x poverty),0.92,0.0,0.0,0.0,0.0,0.0,0.0,1.0,29.5,5.7,62.0,0.0,1.0,0.0,0.0,0,12648.9337485
2015,51.0,1.0,NH White,college_plus,high (>3.5x),5.0,2160.0,0.0,0.0,300.0,0.0,6.0,3.0,26.3,5.4,74.0,0.0,0.0,0.0,0.0,1,51039.317254
2015,59.0,1.0,NH White,college_plus,high (>3.5x),5.0,540.0,0.0,0.0,135.0,0.0,3.0,12.0,24.3,5.2,80.0,0.0,0.0,0.0,0.0,0,51039.317254
2015,29.0,0.0,Mexican American,hs_or_less,middle (1.3-3.5x),2.75,5400.0,7200.0,0.0,900.0,1080.0,7.0,13.0,23.8,5.3,45.0,0.0,0.0,0.0,0.0,1,18987.15311
2015,58.0,1.0,Mexican American,hs_or_less,low (<1.3x poverty),0.95,360.0,0.0,0.0,90.0,0.0,3.0,6.0,27.5,6.1,61.0,0.0,1.0,0.0,0.0,0,9274.971806
2015,22.0,1.0,Other Hispanic,college_plus,middle (1.3-3.5x),1.6,0.0,0.0,4800.0,0.0,0.0,0.0,9.0,33.5,5.4,51.0,0.0,0.0,1.0,1.0,0,22820.583117
2015,65.0,1.0,NH White,some_college,middle (1.3-3.5x),3.48,280.0,960.0,0.0,70.0,240.0,2.0,9.0,34.4,5.6,60.0,0.0,0.0,1.0,0.0,0,58885.1681355
2015,27.0,1.0,NH White,college_plus,high (>3.5x),4.28,0.0,0.0,0.0,0.0,0.0,0.0,5.0,43.0,5.3,44.0,0.0,0.0,1.0,0.0,0,26130.532566
2015,32.0,0.0,Mexican American,hs_or_less,low (<1.3x poverty),0.92,0.0,21600.0,0.0,0.0,3000.0,0.0,7.0,23.5,15.6,32.0,1.0,1.0,0.0,0.0,0,16034.2198645
2015,33.0,0.0,Other/Multi,some_college,high (>3.5x),3.74,0.0,5760.0,0.0,0.0,1440.0,0.0,5.0,22.6,5.2,41.0,0.0,0.0,0.0,0.0,0,13064.566871
2015,52.0,0.0,NH White,some_college,high (>3.5x),3.64,1440.0,7200.0,0.0,270.0,1200.0,6.0,6.0,31.5,5.4,37.0,0.0,0.0,1.0,0.0,1,71204.00238
2015,50.0,0.0,NH Asian,hs_or_less,low (<1.3x poverty),1.03,1440.0,25920.0,0.0,360.0,3600.0,2.0,1.5,22.1,5.6,53.0,0.0,0.0,0.0,0.0,1,10488.0828535
2015,54.0,1.0,Other Hispanic,some_college,high (>3.5x),5.0,600.0,0.0,0.0,150.0,0.0,5.0,7.0,32.6,5.3,50.0,0.0,0.0,1.0,0.0,1,6882.1353655
2015,57.0,1.0,NH White,some_college,high (>3.5x),4.7,0.0,240.0,0.0,0.0,60.0,0.0,8.0,31.6,7.0,40.0,1.0,1.0,1.0,1.0,0,47480.7558125
2015,48.0,1.0,NH Asian,hs_or_less,low (<1.3x poverty),5.397605346934028e-79,0.0,0.0,0.0,0.0,0.0,0.0,2.0,28.9,6.2,54.0,0.0,1.0,0.0,1.0,0,12395.445696
2015,54.0,1.0,Other Hispanic,some_college,middle (1.3-3.5x),2.24,0.0,0.0,0.0,0.0,0.0,0.0,4.0,23.7,5.5,75.0,0.0,0.0,0.0,0.0,0,9179.385955
2015,41.0,1.0,Other/Multi,some_college,high (>3.5x),3.92,0.0,0.0,480.0,0.0,0.0,0.0,2.0,29.2,4.9,78.0,0.0,0.0,0.0,0.0,0,10834.014931
2015,46.0,1.0,NH White,college_plus,middle (1.3-3.5x),2.39,720.0,400.0,0.0,90.0,100.0,3.0,7.0,29.5,5.4,41.0,0.0,0.0,0.0,0.0,1,20765.884669
2015,25.0,1.0,NH White,some_college,middle (1.3-3.5x),2.23,1080.0,0.0,0.0,210.0,0.0,7.0,2.0,27.0,4.8,63.0,0.0,0.0,0.0,0.0,1,36019.074531
2015,48.0,1.0,NH White,hs_or_less,middle (1.3-3.5x),2.76,0.0,0.0,0.0,0.0,0.0,0.0,18.0,25.3,5.7,38.0,0.0,1.0,0.0,0.0,0,70416.8527155
2015,20.0,0.0,Other/Multi,hs_or_less,low (<1.3x poverty),5.397605346934028e-79,3600.0,0.0,360.0,600.0,0.0,7.0,5.0,26.5,5.0,59.0,0.0,0.0,0.0,0.0,1,26852.19229
2015,30.0,0.0,NH White,college_plus,high (>3.5x),5.0,1200.0,0.0,0.0,180.0,0.0,5.0,11.0,33.0,5.5,56.0,0.0,0.0,1.0,0.0,1,82102.6065485
2015,24.0,0.0,NH White,hs_or_less,high (>3.5x),3.54,0.0,6000.0,0.0,0.0,900.0,0.0,5.0,30.0,5.5,32.0,0.0,0.0,1.0,0.0,0,30978.495803
2015,59.0,1.0,Mexican American,hs_or_less,middle (1.3-3.5x),3.09,960.0,4800.0,0.0,120.0,600.0,4.0,2.0,33.1,6.2,41.0,0.0,1.0,1.0,1.0,1,6440.207391
2015,63.0,0.0,Mexican American,hs_or_less,middle (1.3-3.5x),1.59,0.0,0.0,0.0,0.0,0.0,0.0,5.0,26.4,6.0,44.0,0.0,1.0,0.0,1.0,0,5485.695064
2015,39.0,1.0,Mexican American,hs_or_less,low (<1.3x poverty),1.25,0.0,0.0,0.0,0.0,0.0,0.0,3.0,21.6,5.7,78.0,0.0,1.0,0.0,1.0,0,16485.23051
2015,61.0,1.0,NH Black,some_college,low (<1.3x poverty),0.88,0.0,0.0,60.0,0.0,0.0,0.0,4.0,30.3,7.9,60.0,1.0,1.0,1.0,0.0,0,10143.380554
2015,53.0,0.0,NH Black,hs_or_less,middle (1.3-3.5x),1.79,0.0,0.0,0.0,0.0,0.0,0.0,2.0,26.2,5.7,40.0,0.0,1.0,0.0,0.0,0,11017.46849
2015,43.0,0.0,NH Black,hs_or_less,low (<1.3x poverty),5.397605346934028e-79,0.0,0.0,0.0,0.0,0.0,0.0,1.0,25.0,5.7,66.0,0.0,1.0,0.0,1.0,0,9068.533877
2015,41.0,0.0,NH Black,hs_or_less,middle (1.3-3.5x),2.26,0.0,0.0,360.0,0.0,0.0,0.0,3.0,29.0,6.4,46.0,0.0,1.0,0.0,0.0,0,12777.685888
2015,56.0,1.0,NH White,college_plus,high (>3.5x),5.0,0.0,0.0,0.0,0.0,0.0,0.0,11.0,30.6,7.4,41.0,1.0,1.0,1.0,0.0,0,82743.7499365
2015,57.0,1.0,NH White,hs_or_less,low (<1.3x poverty),5.397605346934028e-79,0.0,0.0,0.0,0.0,0.0,0.0,6.0,29.5,4.5,40.0,0.0,0.0,0.0,0.0,0,22707.0436425
2015,59.0,0.0,NH Black,hs_or_less,middle (1.3-3.5x),2.93,120.0,0.0,0.0,30.0,0.0,1.0,8.0,25.1,5.5,41.0,0.0,0.0,0.0,0.0,0,15801.9791085
2015,64.0,0.0,Mexican American,hs_or_less,middle (1.3-3.5x),2.23,720.0,0.0,0.0,90.0,0.0,3.0,2.0,31.8,9.6,42.0,1.0,1.0,1.0,1.0,1,4828.368213
2015,44.0,1.0,NH Black,college_plus,high (>3.5x),3.52,480.0,0.0,0.0,120.0,0.0,4.0,6.0,42.4,5.6,52.0,0.0,0.0,1.0,0.0,0,9539.8175895
2015,28.0,0.0,NH White,college_plus,high (>3.5x),5.0,1320.0,12960.0,0.0,210.0,2160.0,5.0,4.0,30.8,5.6,68.0,0.0,0.0,1.0,0.0,1,87975.767159
2015,27.0,1.0,NH White,college_plus,middle (1.3-3.5x),2.97,1580.0,960.0,0.0,220.0,240.0,6.0,5.0,24.7,5.0,54.0,0.0,0.0,0.0,0.0,1,46886.0840685
2015,50.0,1.0,Other Hispanic,hs_or_less,high (>3.5x),4.25,720.0,5760.0,0.0,180.0,1440.0,3.0,0.5,26.5,5.1,42.0,0.0,0.0,0.0,0.0,1,7391.4249705
2015,22.0,0.0,NH Black,hs_or_less,low (<1.3x poverty),0.87,2880.0,14400.0,320.0,360.0,2100.0,4.0,3.0,24.7,5.3,62.0,0.0,0.0,0.0,0.0,1,20044.649463
2015,58.0,1.0,Other Hispanic,hs_or_less,middle (1.3-3.5x),1.96,0.0,0.0,480.0,0.0,0.0,0.0,3.0,31.9,6.0,47.0,0.0,1.0,1.0,1.0,0,9830.1974505
2015,29.0,0.0,NH White,hs_or_less,low (<1.3x poverty),0.87,120.0,0.0,80.0,30.0,0.0,1.0,3.0,27.0,5.2,46.0,0.0,0.0,0.0,0.0,0,34620.171991
2015,39.0,0.0,NH White,hs_or_less,middle (1.3-3.5x),1.62,960.0,16800.0,0.0,240.0,3300.0,2.0,5.0,21.8,5.6,52.0,0.0,0.0,0.0,0.0,1,27093.4038245
2015,28.0,0.0,NH White,some_college,high (>3.5x),3.72,3120.0,0.0,0.0,540.0,0.0,7.0,12.0,18.1,4.8,72.0,0.0,0.0,0.0,0.0,1,54687.648925
2015,37.0,0.0,NH White,some_college,middle (1.3-3.5x),2.67,480.0,1200.0,0.0,120.0,300.0,2.0,5.0,29.5,5.1,45.0,0.0,0.0,0.0,0.0,0,62776.907484
2015,45.0,0.0,NH White,some_college,middle (1.3-3.5x),2.7,0.0,7200.0,0.0,0.0,1500.0,0.0,5.0,27.9,5.3,43.0,0.0,0.0,0.0,0.0,0,55378.7281195
2015,42.0,1.0,Other Hispanic,some_college,middle (1.3-3.5x),1.65,240.0,0.0,0.0,60.0,0.0,2.0,2.0,23.5,5.3,43.0,0.0,0.0,0.0,0.0,0,10419.7561405
2015,20.0,1.0,Mexican American,college_plus,low (<1.3x poverty),0.59,0.0,0.0,0.0,0.0,0.0,0.0,2.0,29.0,5.3,45.0,0.0,0.0,0.0,0.0,0,12839.6110415
2015,51.0,0.0,Mexican American,hs_or_less,middle (1.3-3.5x),1.41,0.0,320.0,0.0,0.0,40.0,0.0,5.0,35.2,6.2,28.0,0.0,1.0,1.0,0.0,0,13023.1442185
2015,56.0,1.0,NH Black,hs_or_less,low (<1.3x poverty),1.01,0.0,0.0,0.0,0.0,0.0,0.0,9.0,23.6,5.9,51.0,0.0,1.0,0.0,1.0,0,12361.74845
2015,44.0,0.0,Mexican American,hs_or_less,low (<1.3x poverty),1.07,0.0,12960.0,0.0,0.0,2520.0,0.0,5.0,32.8,5.4,42.0,0.0,0.0,1.0,0.0,0,15509.341846
2015,32.0,0.0,NH White,some_college,low (<1.3x poverty),1.17,480.0,14400.0,0.0,120.0,3600.0,2.0,2.0,35.1,5.5,34.0,0.0,0.0,1.0,0.0,0,14945.1894825
2015,63.0,0.0,NH Black,college_plus,high (>3.5x),5.0,0.0,1440.0,0.0,0.0,360.0,0.0,2.0,27.5,6.3,,1.0,1.0,0.0,0.0,0,9298.8255465
2015,30.0,1.0,NH Asian,college_plus,middle (1.3-3.5x),3.25,720.0,0.0,400.0,180.0,0.0,4.0,6.0,22.3,5.4,63.0,0.0,0.0,0.0,0.0,1,11727.326002
2015,44.0,1.0,Mexican American,hs_or_less,high (>3.5x),4.52,0.0,0.0,0.0,0.0,0.0,0.0,3.0,31.2,5.3,46.0,0.0,0.0,1.0,0.0,0,12311.188017
2015,62.0,0.0,NH White,college_plus,high (>3.5x),5.0,720.0,240.0,360.0,120.0,60.0,5.0,8.0,22.8,5.8,54.0,0.0,1.0,0.0,0.0,1,59535.13573
2015,21.0,0.0,NH Black,hs_or_less,low (<1.3x poverty),0.93,1440.0,22800.0,600.0,360.0,3300.0,3.0,4.0,23.1,5.5,78.0,0.0,0.0,0.0,0.0,1,17745.6792445
2015,58.0,0.0,NH Asian,college_plus,high (>3.5x),5.0,600.0,0.0,0.0,150.0,0.0,5.0,4.0,21.8,5.4,52.0,0.0,0.0,0.0,0.0,1,7107.745835
2015,55.0,1.0,NH Asian,hs_or_less,middle (1.3-3.5x),2.11,0.0,0.0,0.0,0.0,0.0,0.0,0.8333333333333334,29.0,5.6,43.0,0.0,0.0,0.0,0.0,0,10502.8424565
2015,24.0,1.0,Mexican American,some_college,low (<1.3x poverty),0.77,0.0,4800.0,0.0,0.0,600.0,0.0,4.0,48.2,5.6,42.0,0.0,0.0,1.0,0.0,0,11303.3069665
2015,24.0,0.0,NH White,college_plus,high (>3.5x),4.61,0.0,9600.0,0.0,0.0,1500.0,0.0,4.0,28.8,4.8,49.0,0.0,0.0,0.0,0.0,0,60512.7857265
2015,48.0,1.0,NH Black,some_college,middle (1.3-3.5x),3.45,0.0,0.0,0.0,0.0,0.0,0.0,5.0,34.4,5.5,45.0,0.0,0.0,1.0,1.0,0,13360.284913
2015,47.0,0.0,NH Black,some_college,middle (1.3-3.5x),1.77,3360.0,7200.0,0.0,480.0,1800.0,4.0,8.0,27.9,4.8,64.0,1.0,1.0,0.0,0.0,1,8230.020579
2015,44.0,0.0,Other Hispanic,hs_or_less,middle (1.3-3.5x),1.47,0.0,0.0,0.0,0.0,0.0,0.0,12.0,36.0,5.6,40.0,0.0,0.0,1.0,0.0,0,14875.9462425
2015,49.0,0.0,NH White,hs_or_less,high (>3.5x),5.0,2160.0,1920.0,0.0,540.0,480.0,2.0,4.0,36.7,5.7,50.0,0.0,1.0,1.0,0.0,1,83224.366126
2015,47.0,1.0,NH Asian,some_college,high (>3.5x),4.12,240.0,0.0,0.0,60.0,0.0,2.0,6.0,30.3,6.0,44.0,0.0,1.0,1.0,0.0,0,12556.8750725
2015,50.0,0.0,NH White,hs_or_less,middle (1.3-3.5x),3.25,720.0,21600.0,0.0,180.0,3000.0,3.0,3.0,24.9,6.7,63.0,1.0,1.0,0.0,0.0,1,18990.589767
2015,45.0,0.0,Mexican American,hs_or_less,middle (1.3-3.5x),1.78,0.0,4320.0,0.0,0.0,720.0,0.0,3.0,28.7,5.7,48.0,0.0,1.0,0.0,0.0,0,19386.742681
2015,57.0,0.0,NH Black,some_college,low (<1.3x poverty),0.87,0.0,0.0,0.0,0.0,0.0,0.0,6.0,21.8,5.8,72.0,0.0,1.0,0.0,1.0,0,15601.081942
2015,29.0,1.0,NH White,hs_or_less,high (>3.5x),3.81,0.0,0.0,0.0,0.0,0.0,0.0,6.0,31.9,5.3,42.0,0.0,0.0,1.0,0.0,0,24437.805432
2015,53.0,1.0,Mexican American,hs_or_less,middle (1.3-3.5x),1.3,0.0,960.0,0.0,0.0,240.0,0.0,1.0,28.0,5.4,48.0,0.0,0.0,0.0,0.0,0,5871.072625
2015,43.0,1.0,NH White,some_college,middle (1.3-3.5x),3.22,0.0,0.0,0.0,0.0,0.0,0.0,7.0,36.6,6.5,59.0,1.0,1.0,1.0,0.0,0,44674.0443025
2015,31.0,1.0,NH White,some_college,middle (1.3-3.5x),2.22,640.0,360.0,0.0,80.0,90.0,4.0,7.0,35.5,4.8,48.0,0.0,0.0,1.0,0.0,1,37490.7525715
2015,44.0,1.0,NH Black,college_plus,high (>3.5x),5.0,160.0,0.0,0.0,40.0,0.0,2.0,12.0,50.8,6.0,45.0,0.0,1.0,1.0,1.0,0,13543.806495
2015,49.0,1.0,NH Black,college_plus,high (>3.5x),3.72,1240.0,5520.0,0.0,175.0,1140.0,5.0,3.0,34.1,5.7,59.0,0.0,1.0,1.0,1.0,1,10747.189585
2015,49.0,0.0,NH White,college_plus,high (>3.5x),4.04,0.0,2280.0,0.0,0.0,330.0,0.0,10.0,29.7,5.1,35.0,0.0,0.0,0.0,0.0,0,75941.9184125
2015,57.0,1.0,NH White,college_plus,high (>3.5x),5.0,2400.0,1200.0,0.0,360.0,300.0,6.0,7.0,31.9,5.4,71.0,0.0,0.0,1.0,0.0,1,82588.3827275
2015,54.0,1.0,NH Black,some_college,middle (1.3-3.5x),1.34,0.0,0.0,0.0,0.0,0.0,0.0,6.0,35.3,5.7,72.0,0.0,1.0,1.0,0.0,0,10660.5770225
2015,55.0,1.0,Mexican American,hs_or_less,low (<1.3x poverty),0.88,0.0,10800.0,0.0,0.0,2550.0,0.0,4.0,41.7,5.6,54.0,0.0,0.0,1.0,1.0,0,5348.4662955
2015,35.0,0.0,Other/Multi,some_college,high (>3.5x),3.73,5760.0,0.0,160.0,960.0,0.0,7.0,7.0,44.4,5.7,31.0,0.0,1.0,1.0,0.0,1,12951.707542
2015,38.0,0.0,Other/Multi,some_college,middle (1.3-3.5x),2.35,0.0,3600.0,0.0,0.0,900.0,0.0,2.0,35.4,5.9,40.0,0.0,1.0,1.0,1.0,0,10351.484313
2015,52.0,1.0,NH Black,college_plus,middle (1.3-3.5x),2.87,2400.0,0.0,0.0,300.0,0.0,5.0,12.0,30.7,6.6,56.0,1.0,1.0,1.0,0.0,1,11985.633102
2015,26.0,0.0,NH Asian,college_plus,low (<1.3x poverty),0.76,1080.0,0.0,0.0,180.0,0.0,4.0,9.0,23.1,5.2,55.0,0.0,0.0,0.0,0.0,1,10830.798438
2015,25.0,0.0,NH White,some_college,high (>3.5x),4.71,0.0,0.0,300.0,0.0,0.0,0.0,14.0,42.6,5.4,37.0,0.0,0.0,1.0,0.0,0,34171.801808
2015,34.0,0.0,Mexican American,college_plus,middle (1.3-3.5x),2.82,3600.0,0.0,0.0,600.0,0.0,7.0,8.0,30.6,5.1,83.0,0.0,0.0,1.0,0.0,1,16763.2078965
2015,25.0,1.0,Mexican American,hs_or_less,low (<1.3x poverty),0.91,0.0,0.0,0.0,0.0,0.0,0.0,6.0,28.2,4.9,48.0,0.0,0.0,0.0,0.0,0,11661.5202025
2015,57.0,0.0,NH White,some_college,middle (1.3-3.5x),2.24,480.0,4800.0,0.0,120.0,1200.0,2.0,5.0,42.5,6.1,59.0,0.0,1.0,1.0,0.0,0,46457.115135
2015,45.0,1.0,Mexican American,hs_or_less,middle (1.3-3.5x),1.54,2880.0,0.0,1200.0,480.0,0.0,7.0,3.0,26.5,5.5,46.0,0.0,0.0,0.0,1.0,1,10223.9713065
2015,25.0,1.0,NH White,hs_or_less,high (>3.5x),5.0,1080.0,0.0,0.0,135.0,0.0,3.0,3.0,32.4,5.0,50.0,0.0,0.0,1.0,0.0,1,42707.414662
2015,57.0,0.0,NH Black,hs_or_less,middle (1.3-3.5x),2.69,360.0,0.0,0.0,90.0,0.0,3.0,6.0,24.1,5.5,87.0,0.0,0.0,0.0,0.0,0,9850.106091
2015,42.0,1.0,Mexican American,hs_or_less,low (<1.3x poverty),0.83,1080.0,0.0,0.0,210.0,0.0,6.0,2.0,34.5,5.7,42.0,0.0,1.0,1.0,1.0,1,7969.058738
2015,53.0,1.0,NH Asian,hs_or_less,low (<1.3x poverty),1.03,400.0,0.0,0.0,100.0,0.0,5.0,4.0,21.5,5.0,61.0,0.0,0.0,0.0,1.0,0,13911.579073
2015,36.0,0.0,Mexican American,some_college,middle (1.3-3.5x),2.06,240.0,0.0,0.0,30.0,0.0,1.0,12.0,57.8,6.4,43.0,0.0,1.0,1.0,0.0,0,14206.1902005
2015,63.0,1.0,Mexican American,college_plus,high (>3.5x),3.73,0.0,120.0,0.0,0.0,30.0,0.0,6.0,32.6,5.8,45.0,0.0,1.0,1.0,1.0,0,4000.836817
2015,32.0,1.0,NH Black,some_college,middle (1.3-3.5x),1.98,0.0,0.0,0.0,0.0,0.0,0.0,8.0,28.0,5.4,55.0,1.0,1.0,0.0,0.0,0,9478.094423
2015,60.0,0.0,Mexican American,hs_or_less,low (<1.3x poverty),1.28,2160.0,7280.0,0.0,360.0,920.0,5.0,2.0,27.9,5.5,39.0,0.0,0.0,0.0,0.0,1,3936.916817
2015,39.0,1.0,NH Black,some_college,low (<1.3x poverty),0.91,720.0,0.0,0.0,180.0,0.0,3.0,5.0,36.2,9.9,45.0,1.0,1.0,1.0,0.0,1,11760.938265
2015,61.0,1.0,NH White,some_college,middle (1.3-3.5x),1.75,0.0,960.0,0.0,0.0,240.0,0.0,12.0,27.0,5.7,48.0,1.0,1.0,0.0,0.0,0,53518.0936625
2015,24.0,0.0,NH Black,some_college,low (<1.3x poverty),0.84,720.0,7680.0,120.0,120.0,1200.0,2.0,5.0,17.5,5.5,43.0,0.0,0.0,0.0,1.0,1,14060.102054
2015,44.0,0.0,NH White,some_college,middle (1.3-3.5x),3.33,80.0,0.0,0.0,20.0,0.0,2.0,10.0,50.6,7.8,31.0,1.0,1.0,1.0,0.0,0,13438.873336
2015,54.0,0.0,NH Black,hs_or_less,low (<1.3x poverty),0.56,0.0,80.0,0.0,0.0,10.0,0.0,2.0,22.9,5.4,51.0,1.0,1.0,0.0,0.0,0,16196.4930985
2015,43.0,1.0,NH Black,some_college,low (<1.3x poverty),0.25,0.0,0.0,2400.0,0.0,0.0,0.0,12.0,22.2,5.1,108.0,0.0,0.0,0.0,1.0,0,10883.3475405
2015,35.0,0.0,NH White,some_college,middle (1.3-3.5x),3.3,2160.0,0.0,2400.0,360.0,0.0,6.0,8.0,26.9,5.6,41.0,0.0,0.0,0.0,0.0,1,38812.725606
2015,37.0,0.0,NH Black,hs_or_less,middle (1.3-3.5x),1.85,0.0,240.0,0.0,0.0,30.0,0.0,12.0,29.5,6.0,50.0,0.0,1.0,0.0,0.0,0,17418.408032
2015,24.0,1.0,Mexican American,college_plus,middle (1.3-3.5x),1.98,3600.0,0.0,0.0,600.0,0.0,7.0,8.0,26.1,4.9,54.0,0.0,0.0,0.0,0.0,1,19658.3051165
2015,48.0,0.0,Mexican American,hs_or_less,high (>3.5x),5.0,0.0,0.0,0.0,0.0,0.0,0.0,8.0,28.5,6.0,40.0,0.0,1.0,0.0,0.0,0,26294.6198005
2015,43.0,1.0,NH Black,some_college,middle (1.3-3.5x),1.41,320.0,0.0,0.0,40.0,0.0,2.0,7.0,26.9,5.3,84.0,0.0,0.0,0.0,0.0,0,11078.839022
2015,36.0,0.0,Mexican American,some_college,low (<1.3x poverty),0.98,960.0,2640.0,0.0,120.0,420.0,2.0,5.0,23.5,5.3,68.0,0.0,0.0,0.0,1.0,1,12731.6863285
2015,42.0,0.0,NH White,hs_or_less,high (>3.5x),3.51,0.0,6720.0,0.0,0.0,1200.0,0.0,4.0,25.1,5.5,68.0,0.0,0.0,0.0,0.0,0,15167.6395865
2015,30.0,1.0,NH White,some_college,low (<1.3x poverty),0.86,0.0,0.0,0.0,0.0,0.0,0.0,6.0,29.8,5.5,49.0,0.0,0.0,0.0,0.0,0,24381.338977
2015,41.0,1.0,NH White,college_plus,high (>3.5x),5.0,1600.0,2400.0,0.0,200.0,480.0,4.0,10.0,46.8,5.8,59.0,0.0,1.0,1.0,0.0,1,83980.1859795
2015,23.0,1.0,NH Black,hs_or_less,high (>3.5x),5.0,6720.0,0.0,0.0,960.0,0.0,7.0,10.0,28.2,4.7,52.0,0.0,0.0,0.0,0.0,1,14748.6580265
2015,58.0,0.0,NH White,hs_or_less,middle (1.3-3.5x),2.97,2400.0,4800.0,0.0,600.0,1200.0,2.0,6.0,29.5,5.1,51.0,0.0,0.0,0.0,0.0,1,82795.6577265
2015,63.0,0.0,NH Black,hs_or_less,low (<1.3x poverty),0.17,720.0,0.0,600.0,180.0,0.0,3.0,2.0,48.9,6.0,54.0,1.0,1.0,1.0,0.0,1,8668.6210845
2015,63.0,1.0,NH Black,hs_or_less,middle (1.3-3.5x),2.53,360.0,0.0,0.0,90.0,0.0,2.0,4.0,32.1,5.6,98.0,0.0,0.0,1.0,0.0,0,12355.647748
2015,65.0,1.0,NH White,some_college,middle (1.3-3.5x),1.33,300.0,300.0,0.0,75.0,75.0,3.0,2.0,21.1,5.5,93.0,0.0,0.0,0.0,0.0,0,17691.552845
2015,55.0,0.0,NH White,some_college,middle (1.3-3.5x),3.37,720.0,2880.0,0.0,180.0,720.0,1.0,3.0,27.1,12.1,28.0,1.0,1.0,0.0,0.0,1,52788.0667655
2015,52.0,1.0,Other Hispanic,some_college,low (<1.3x poverty),0.75,240.0,480.0,0.0,60.0,120.0,3.0,4.0,32.4,4.7,38.0,0.0,0.0,1.0,1.0,0,7510.854578
2015,52.0,0.0,Mexican American,hs_or_less,low (<1.3x poverty),1.02,0.0,0.0,0.0,0.0,0.0,0.0,4.0,27.5,6.0,41.0,0.0,1.0,0.0,1.0,0,13836.9756395
2015,30.0,1.0,NH Asian,college_plus,high (>3.5x),5.0,2820.0,0.0,0.0,465.0,0.0,7.0,6.0,24.0,5.3,91.0,0.0,0.0,0.0,0.0,1,15813.291271
2015,55.0,1.0,Other Hispanic,hs_or_less,middle (1.3-3.5x),2.48,0.0,0.0,0.0,0.0,0.0,0.0,4.0,30.2,10.3,51.0,1.0,1.0,1.0,0.0,0,8632.1958745
2015,32.0,1.0,NH Asian,some_college,middle (1.3-3.5x),2.47,0.0,0.0,0.0,0.0,0.0,0.0,9.0,18.7,5.5,38.0,0.0,0.0,0.0,0.0,0,11194.3368995
2015,50.0,0.0,Mexican American,hs_or_less,middle (1.3-3.5x),2.27,0.0,0.0,0.0,0.0,0.0,0.0,1.0,32.1,6.6,32.0,1.0,1.0,1.0,1.0,0,13653.3564555
2015,62.0,1.0,NH Black,hs_or_less,low (<1.3x poverty),0.76,0.0,2000.0,480.0,0.0,260.0,0.0,2.0,35.3,5.5,68.0,0.0,0.0,1.0,0.0,0,10956.3560745
2015,48.0,1.0,NH Asian,hs_or_less,middle (1.3-3.5x),1.85,0.0,0.0,0.0,0.0,0.0,0.0,4.0,25.8,6.6,67.0,1.0,1.0,0.0,0.0,0,15562.4306065
2015,36.0,0.0,NH White,college_plus,middle (1.3-3.5x),2.06,720.0,240.0,0.0,120.0,60.0,2.0,13.0,32.6,5.0,43.0,0.0,0.0,1.0,1.0,1,67242.3394445
2015,29.0,0.0,NH White,hs_or_less,low (<1.3x poverty),0.8,0.0,2160.0,0.0,0.0,360.0,0.0,10.0,39.3,5.5,44.0,0.0,0.0,1.0,1.0,0,25431.965769
2015,46.0,1.0,NH Asian,college_plus,middle (1.3-3.5x),2.02,1440.0,5760.0,0.0,180.0,1440.0,3.0,2.0,23.8,5.2,93.0,0.0,0.0,0.0,0.0,1,10937.5290515
2015,46.0,1.0,NH White,college_plus,middle (1.3-3.5x),1.42,0.0,0.0,0.0,0.0,0.0,0.0,6.0,28.7,5.2,56.0,0.0,0.0,0.0,0.0,0,37074.392693
2015,33.0,0.0,NH Asian,some_college,middle (1.3-3.5x),2.99,0.0,0.0,0.0,0.0,0.0,0.0,4.0,25.4,5.2,24.0,0.0,0.0,0.0,0.0,0,6743.892187
2015,48.0,1.0,Mexican American,hs_or_less,low (<1.3x poverty),0.52,0.0,0.0,0.0,0.0,0.0,0.0,6.0,31.1,5.7,83.0,0.0,1.0,1.0,0.0,0,14193.0985325
2015,32.0,0.0,NH White,some_college,low (<1.3x poverty),1.2,80.0,0.0,0.0,20.0,0.0,1.0,5.0,24.4,5.4,47.0,0.0,0.0,0.0,0.0,0,25840.068373
2015,61.0,1.0,Other/Multi,hs_or_less,low (<1.3x poverty),1.14,0.0,0.0,0.0,0.0,0.0,0.0,0.5,38.7,6.1,49.0,0.0,1.0,1.0,0.0,0,10445.989466
2015,25.0,1.0,NH White,hs_or_less,middle (1.3-3.5x),2.19,0.0,5760.0,0.0,0.0,1320.0,0.0,10.0,35.5,5.2,40.0,0.0,0.0,1.0,0.0,0,41162.0520285
2015,65.0,0.0,Mexican American,hs_or_less,low (<1.3x poverty),0.2,0.0,0.0,0.0,0.0,0.0,0.0,1.0,25.2,9.0,60.0,1.0,1.0,0.0,1.0,0,3889.446083
2015,48.0,1.0,NH White,college_plus,high (>3.5x),5.0,0.0,1440.0,320.0,0.0,360.0,0.0,5.0,22.4,5.1,62.0,0.0,0.0,0.0,0.0,0,84978.0342505
2015,29.0,0.0,NH Asian,college_plus,high (>3.5x),5.0,1620.0,0.0,400.0,270.0,0.0,6.0,6.0,25.3,5.5,55.0,0.0,0.0,0.0,0.0,1,13434.9626345
2015,46.0,1.0,NH Black,some_college,middle (1.3-3.5x),3.36,1320.0,0.0,0.0,195.0,0.0,6.0,9.0,21.4,4.9,54.0,0.0,0.0,0.0,0.0,1,11751.8831325
2015,29.0,1.0,NH White,college_plus,high (>3.5x),4.71,1920.0,4800.0,0.0,330.0,900.0,7.0,6.0,41.1,5.5,63.0,0.0,0.0,1.0,0.0,1,43684.5252715
2015,46.0,1.0,NH Black,college_plus,middle (1.3-3.5x),2.18,1880.0,0.0,0.0,310.0,0.0,7.0,7.0,26.2,5.4,59.0,0.0,0.0,0.0,0.0,1,11249.181846
2015,44.0,1.0,NH Black,some_college,middle (1.3-3.5x),2.1,600.0,0.0,800.0,150.0,0.0,5.0,9.0,40.5,5.9,63.0,0.0,1.0,1.0,0.0,1,7867.408787
2015,31.0,0.0,NH White,college_plus,high (>3.5x),5.0,840.0,0.0,0.0,150.0,0.0,5.0,10.0,28.0,4.8,56.0,0.0,0.0,0.0,0.0,1,73940.346735
2015,56.0,1.0,Mexican American,hs_or_less,middle (1.3-3.5x),2.97,0.0,0.0,0.0,0.0,0.0,0.0,8.0,34.3,5.7,54.0,0.0,1.0,1.0,1.0,0,5871.072625
2015,35.0,0.0,NH Black,hs_or_less,high (>3.5x),3.77,4800.0,20400.0,6000.0,1200.0,3300.0,5.0,4.0,28.4,6.0,73.0,0.0,1.0,0.0,0.0,1,15177.0641515
2015,49.0,0.0,NH Black,some_college,high (>3.5x),5.0,4320.0,14400.0,0.0,720.0,2880.0,7.0,2.0,39.3,6.0,37.0,0.0,1.0,1.0,0.0,1,14777.9524245
2015,49.0,1.0,NH Black,hs_or_less,low (<1.3x poverty),0.6,200.0,240.0,160.0,50.0,60.0,5.0,5.0,36.3,5.9,47.0,0.0,1.0,1.0,0.0,0,8495.3469665
2015,48.0,1.0,NH Asian,college_plus,low (<1.3x poverty),1.03,0.0,0.0,0.0,0.0,0.0,0.0,1.5,21.1,5.6,53.0,0.0,0.0,0.0,0.0,0,15775.0831925
2015,63.0,1.0,Other Hispanic,college_plus,high (>3.5x),4.65,0.0,0.0,0.0,0.0,0.0,0.0,6.0,25.8,5.6,43.0,0.0,0.0,0.0,0.0,0,4127.128469
2015,45.0,1.0,NH White,some_college,low (<1.3x poverty),0.97,0.0,240.0,0.0,0.0,60.0,0.0,8.0,37.2,5.7,54.0,0.0,1.0,1.0,0.0,0,54204.3367655
2015,27.0,0.0,Other Hispanic,some_college,high (>3.5x),4.22,0.0,0.0,0.0,0.0,0.0,0.0,4.0,27.7,5.6,31.0,0.0,0.0,0.0,0.0,0,20172.305707
2015,57.0,1.0,NH Black,hs_or_less,low (<1.3x poverty),0.72,720.0,2400.0,1200.0,180.0,600.0,3.0,8.0,40.0,5.6,45.0,0.0,0.0,1.0,1.0,1,8407.6957675
2015,65.0,0.0,Mexican American,hs_or_less,low (<1.3x poverty),0.82,4560.0,12480.0,0.0,690.0,2760.0,7.0,8.0,25.9,9.3,37.0,1.0,1.0,0.0,1.0,1,4001.1624145
2015,54.0,0.0,Mexican American,hs_or_less,low (<1.3x poverty),0.94,720.0,10560.0,720.0,180.0,1920.0,3.0,5.0,37.5,5.5,49.0,0.0,0.0,1.0,0.0,1,13686.3471345
2015,41.0,1.0,NH Asian,college_plus,high (>3.5x),5.0,480.0,0.0,0.0,60.0,0.0,3.0,4.0,18.1,5.2,104.0,0.0,0.0,0.0,0.0,0,9337.2051355
2015,38.0,0.0,NH White,some_college,high (>3.5x),5.0,720.0,1920.0,0.0,180.0,480.0,3.0,2.0,34.2,5.8,49.0,0.0,1.0,1.0,0.0,1,79108.6346405
2015,47.0,1.0,NH White,hs_or_less,middle (1.3-3.5x),2.53,1440.0,0.0,0.0,270.0,0.0,4.0,14.0,26.7,5.3,70.0,0.0,0.0,0.0,0.0,1,51896.3257555
2015,44.0,0.0,NH Black,hs_or_less,low (<1.3x poverty),5.397605346934028e-79,60.0,720.0,0.0,15.0,120.0,1.0,3.0,35.3,5.8,37.0,0.0,1.0,1.0,0.0,0,13155.9174555
2015,62.0,0.0,NH Black,some_college,middle (1.3-3.5x),2.95,0.0,22800.0,0.0,0.0,3900.0,0.0,4.0,29.7,6.3,26.0,0.0,1.0,0.0,0.0,0,6844.868112
2015,41.0,1.0,Other Hispanic,hs_or_less,low (<1.3x poverty),0.56,1500.0,0.0,0.0,195.0,0.0,4.0,2.0,23.7,5.6,48.0,0.0,0.0,0.0,0.0,1,9985.599635
2015,49.0,0.0,Mexican American,hs_or_less,low (<1.3x poverty),1.23,0.0,0.0,0.0,0.0,0.0,0.0,3.0,31.1,6.0,50.0,0.0,1.0,1.0,0.0,0,12610.870542
2015,55.0,0.0,NH White,hs_or_less,high (>3.5x),5.0,0.0,0.0,0.0,0.0,0.0,0.0,6.0,29.2,5.3,50.0,0.0,0.0,0.0,0.0,0,60322.396734
2015,34.0,1.0,NH Black,hs_or_less,low (<1.3x poverty),0.1,0.0,320.0,160.0,0.0,40.0,0.0,7.0,39.0,5.1,50.0,0.0,0.0,1.0,0.0,0,13778.8879475
2015,55.0,1.0,NH White,some_college,middle (1.3-3.5x),3.14,0.0,960.0,0.0,0.0,180.0,0.0,8.0,29.1,6.3,41.0,1.0,1.0,0.0,1.0,0,61356.720725
2015,56.0,0.0,Other/Multi,some_college,middle (1.3-3.5x),2.72,0.0,15120.0,0.0,0.0,2340.0,0.0,8.0,31.2,10.4,29.0,1.0,1.0,1.0,1.0,0,88532.027131
2015,61.0,1.0,NH Black,hs_or_less,middle (1.3-3.5x),1.87,480.0,0.0,0.0,120.0,0.0,4.0,1.0,32.1,5.9,53.0,0.0,1.0,1.0,0.0,0,12909.3152385
2015,63.0,0.0,Other Hispanic,some_college,middle (1.3-3.5x),2.82,0.0,0.0,0.0,0.0,0.0,0.0,4.0,30.7,5.7,45.0,0.0,1.0,1.0,1.0,0,4621.8387935
2015,25.0,1.0,Other Hispanic,some_college,middle (1.3-3.5x),1.85,1080.0,0.0,0.0,270.0,0.0,3.0,6.0,30.8,5.3,60.0,0.0,0.0,1.0,0.0,1,15929.561463
2015,38.0,0.0,NH Asian,college_plus,high (>3.5x),5.0,1680.0,0.0,480.0,240.0,0.0,4.0,6.0,24.0,5.2,41.0,0.0,0.0,0.0,0.0,1,10778.325275
2015,34.0,0.0,NH White,some_college,middle (1.3-3.5x),1.72,0.0,0.0,80.0,0.0,0.0,0.0,14.0,29.4,5.5,69.0,0.0,0.0,0.0,0.0,0,19001.7800895
2015,39.0,0.0,NH Asian,college_plus,high (>3.5x),5.0,0.0,0.0,0.0,0.0,0.0,0.0,12.0,19.2,5.3,51.0,0.0,0.0,0.0,0.0,0,12481.033572
2015,53.0,0.0,NH White,college_plus,high (>3.5x),5.0,0.0,0.0,0.0,0.0,0.0,0.0,12.0,33.8,5.4,29.0,0.0,0.0,1.0,0.0,0,58127.054897
2015,38.0,0.0,NH White,hs_or_less,middle (1.3-3.5x),2.97,0.0,7200.0,0.0,0.0,1260.0,0.0,4.0,24.7,5.2,67.0,0.0,0.0,0.0,0.0,0,23208.992205
2015,23.0,1.0,Mexican American,some_college,middle (1.3-3.5x),1.3,400.0,0.0,600.0,100.0,0.0,5.0,8.0,27.4,5.2,42.0,0.0,0.0,0.0,0.0,0,13342.5260565
2015,22.0,0.0,Other/Multi,hs_or_less,middle (1.3-3.5x),1.74,2160.0,26880.0,320.0,270.0,3720.0,6.0,4.0,33.1,5.3,35.0,0.0,0.0,1.0,0.0,1,19515.5825235
2015,62.0,1.0,NH White,some_college,middle (1.3-3.5x),3.45,0.0,720.0,0.0,0.0,180.0,0.0,8.0,23.2,5.0,91.0,0.0,0.0,0.0,0.0,0,46818.7647
2015,30.0,1.0,Other/Multi,college_plus,middle (1.3-3.5x),2.53,720.0,0.0,600.0,180.0,0.0,3.0,3.0,21.1,5.0,76.0,0.0,0.0,0.0,0.0,1,47955.623495
2015,39.0,0.0,NH Black,hs_or_less,low (<1.3x poverty),1.1,0.0,0.0,0.0,0.0,0.0,0.0,4.0,26.8,5.7,80.0,0.0,1.0,0.0,0.0,0,12615.58681
2015,21.0,0.0,NH White,hs_or_less,low (<1.3x poverty),0.84,1920.0,0.0,600.0,240.0,0.0,2.0,8.0,24.1,5.3,54.0,0.0,0.0,0.0,0.0,1,34352.5256855
2015,51.0,1.0,Mexican American,hs_or_less,high (>3.5x),5.0,320.0,0.0,0.0,40.0,0.0,2.0,10.0,25.5,5.6,51.0,0.0,0.0,0.0,0.0,0,7568.5377205
2015,62.0,0.0,Mexican American,hs_or_less,low (<1.3x poverty),1.1,2880.0,0.0,0.0,720.0,0.0,6.0,4.0,29.3,5.7,87.0,1.0,1.0,0.0,0.0,1,5571.3228185
2015,22.0,0.0,Other Hispanic,hs_or_less,low (<1.3x poverty),0.92,960.0,2400.0,0.0,120.0,300.0,1.0,3.0,28.7,5.6,28.0,0.0,0.0,0.0,0.0,1,16176.429529
2015,20.0,0.0,Mexican American,some_college,low (<1.3x poverty),0.02,960.0,0.0,0.0,120.0,0.0,2.0,10.0,25.1,4.8,28.0,0.0,0.0,0.0,0.0,1,15616.525056
2015,61.0,1.0,Mexican American,hs_or_less,middle (1.3-3.5x),1.32,0.0,7680.0,0.0,0.0,960.0,0.0,2.0,34.7,5.8,56.0,0.0,1.0,1.0,0.0,0,3699.5273105
2015,32.0,0.0,NH White,some_college,high (>3.5x),5.0,1440.0,120.0,300.0,180.0,15.0,4.0,8.5,38.1,5.4,28.0,0.0,0.0,1.0,0.0,1,48120.925801
2015,56.0,1.0,Mexican American,some_college,middle (1.3-3.5x),2.74,600.0,17400.0,600.0,150.0,2250.0,5.0,4.0,33.7,5.6,96.0,0.0,0.0,1.0,0.0,1,9677.663672
2015,28.0,0.0,NH White,hs_or_less,high (>3.5x),5.0,0.0,13200.0,0.0,0.0,2400.0,0.0,1.0,32.7,5.7,38.0,0.0,1.0,1.0,0.0,0,42093.2877365
2015,31.0,0.0,NH White,college_plus,high (>3.5x),5.0,240.0,1200.0,900.0,60.0,210.0,1.0,3.0,28.4,4.8,44.0,0.0,0.0,0.0,0.0,0,51093.403733
2015,27.0,1.0,Other/Multi,hs_or_less,low (<1.3x poverty),0.68,0.0,6000.0,0.0,0.0,1500.0,0.0,9.0,35.6,5.1,38.0,0.0,0.0,1.0,1.0,0,48926.6683045
2015,46.0,1.0,NH White,college_plus,high (>3.5x),5.0,720.0,0.0,0.0,90.0,0.0,2.0,8.0,21.7,5.1,70.0,0.0,0.0,0.0,0.0,1,53288.24534
2015,61.0,1.0,NH Black,college_plus,middle (1.3-3.5x),2.97,360.0,40.0,0.0,90.0,10.0,2.0,5.0,25.3,6.0,104.0,1.0,1.0,0.0,0.0,0,10351.001284
2015,65.0,1.0,NH Black,hs_or_less,middle (1.3-3.5x),1.78,360.0,0.0,0.0,90.0,0.0,3.0,9.0,26.5,5.5,45.0,0.0,0.0,0.0,0.0,0,12987.9935275
2015,40.0,1.0,Mexican American,hs_or_less,low (<1.3x poverty),0.11,0.0,8640.0,0.0,0.0,2160.0,0.0,2.0,27.5,5.2,43.0,0.0,0.0,0.0,1.0,0,9292.4088235
2015,29.0,1.0,NH White,college_plus,middle (1.3-3.5x),2.44,1080.0,12720.0,400.0,270.0,1740.0,6.0,8.0,35.3,9.5,40.0,1.0,1.0,1.0,1.0,1,26072.984514
2015,48.0,1.0,NH Asian,hs_or_less,low (<1.3x poverty),1.02,240.0,0.0,0.0,45.0,0.0,2.0,5.0,19.8,5.5,65.0,0.0,0.0,0.0,1.0,0,8888.748206
2015,62.0,0.0,NH White,college_plus,middle (1.3-3.5x),2.97,0.0,0.0,0.0,0.0,0.0,0.0,5.0,33.1,6.7,24.0,1.0,1.0,1.0,0.0,0,65085.004229
2015,37.0,1.0,NH White,some_college,high (>3.5x),5.0,0.0,0.0,0.0,0.0,0.0,0.0,8.0,36.3,5.0,69.0,0.0,0.0,1.0,0.0,0,52580.350278
2015,39.0,0.0,NH Black,hs_or_less,middle (1.3-3.5x),2.0,0.0,0.0,0.0,0.0,0.0,0.0,14.0,20.7,5.5,,0.0,0.0,0.0,0.0,0,14035.0230675
2015,54.0,1.0,NH Black,college_plus,middle (1.3-3.5x),2.26,480.0,0.0,0.0,120.0,0.0,4.0,12.0,39.8,6.0,79.0,0.0,1.0,1.0,0.0,0,16656.135804
2015,47.0,1.0,NH White,some_college,middle (1.3-3.5x),1.36,160.0,9600.0,0.0,40.0,1500.0,2.0,3.0,35.9,5.7,63.0,0.0,1.0,1.0,1.0,0,11655.228231
2015,55.0,0.0,NH Asian,college_plus,high (>3.5x),5.0,720.0,0.0,0.0,180.0,0.0,3.0,8.0,26.8,5.3,50.0,0.0,0.0,0.0,0.0,1,9073.9214665
2015,60.0,0.0,NH White,some_college,high (>3.5x),4.38,0.0,0.0,0.0,0.0,0.0,0.0,10.0,41.6,6.0,30.0,0.0,1.0,1.0,0.0,0,63535.361271
2015,62.0,0.0,NH Black,hs_or_less,middle (1.3-3.5x),2.79,0.0,7200.0,0.0,0.0,1260.0,0.0,5.0,36.4,7.9,62.0,1.0,1.0,1.0,1.0,0,8085.2222125
2015,50.0,1.0,NH Black,college_plus,middle (1.3-3.5x),1.68,0.0,720.0,0.0,0.0,180.0,0.0,6.0,61.7,6.3,84.0,0.0,1.0,1.0,0.0,0,12239.9217665
2015,39.0,0.0,NH Asian,hs_or_less,high (>3.5x),3.95,480.0,2400.0,0.0,120.0,600.0,2.0,2.0,23.0,5.1,53.0,0.0,0.0,0.0,0.0,0,11600.5885945
2015,59.0,0.0,NH White,college_plus,middle (1.3-3.5x),2.21,960.0,7200.0,0.0,240.0,1200.0,1.0,6.0,20.8,5.6,35.0,0.0,0.0,0.0,0.0,1,16312.6237815
2015,52.0,0.0,Other Hispanic,hs_or_less,middle (1.3-3.5x),3.3,0.0,0.0,0.0,0.0,0.0,0.0,5.0,30.1,5.5,39.0,0.0,0.0,1.0,0.0,0,9997.7896505
2015,38.0,0.0,Other Hispanic,college_plus,middle (1.3-3.5x),2.87,0.0,0.0,0.0,0.0,0.0,0.0,8.0,23.3,5.4,49.0,0.0,0.0,0.0,0.0,0,10002.455488
2015,20.0,0.0,NH Black,some_college,middle (1.3-3.5x),2.38,4800.0,0.0,0.0,600.0,0.0,5.0,5.0,22.7,5.7,61.0,0.0,1.0,0.0,1.0,1,14060.102054
2015,31.0,0.0,NH Black,some_college,high (>3.5x),3.79,0.0,15600.0,0.0,0.0,2700.0,0.0,5.0,34.1,5.5,34.0,0.0,0.0,1.0,1.0,0,13990.3918355
2015,60.0,1.0,NH Black,some_college,high (>3.5x),4.98,0.0,0.0,0.0,0.0,0.0,0.0,8.0,32.2,5.6,57.0,0.0,0.0,1.0,0.0,0,8390.482071
2015,60.0,0.0,Mexican American,hs_or_less,middle (1.3-3.5x),1.63,0.0,0.0,0.0,0.0,0.0,0.0,5.0,26.7,5.9,36.0,0.0,1.0,0.0,0.0,0,4147.742337
2015,42.0,1.0,Other Hispanic,some_college,middle (1.3-3.5x),2.06,0.0,0.0,0.0,0.0,0.0,0.0,10.0,25.2,4.9,68.0,0.0,0.0,0.0,0.0,0,11228.3498425
2015,41.0,1.0,Mexican American,hs_or_less,middle (1.3-3.5x),2.84,0.0,0.0,0.0,0.0,0.0,0.0,2.0,34.0,5.4,54.0,0.0,0.0,1.0,1.0,0,12787.5531615
2015,52.0,1.0,NH Black,some_college,middle (1.3-3.5x),1.64,480.0,0.0,0.0,120.0,0.0,2.0,8.0,32.8,5.4,65.0,0.0,0.0,1.0,0.0,0,14552.942839
2015,25.0,0.0,NH White,hs_or_less,high (>3.5x),4.23,4320.0,6000.0,0.0,540.0,900.0,6.0,4.0,31.1,5.2,50.0,0.0,0.0,1.0,0.0,1,52676.1335115
2015,34.0,1.0,NH Black,some_college,middle (1.3-3.5x),1.51,720.0,0.0,0.0,120.0,0.0,4.0,3.0,31.6,5.5,78.0,0.0,0.0,1.0,0.0,1,13903.8147505
2015,35.0,0.0,Other Hispanic,hs_or_less,middle (1.3-3.5x),1.53,560.0,3600.0,0.0,70.0,900.0,2.0,3.0,34.4,5.1,30.0,0.0,0.0,1.0,0.0,0,10593.606092
2015,26.0,0.0,NH White,college_plus,middle (1.3-3.5x),2.81,1440.0,0.0,180.0,270.0,0.0,6.0,10.0,28.1,5.1,52.0,0.0,0.0,0.0,0.0,1,61325.4611155
2015,36.0,1.0,NH White,college_plus,high (>3.5x),4.54,1200.0,0.0,0.0,150.0,0.0,5.0,8.0,34.4,5.1,69.0,0.0,0.0,1.0,0.0,1,59296.155515
2015,34.0,0.0,Mexican American,hs_or_less,low (<1.3x poverty),1.14,0.0,9600.0,0.0,0.0,1440.0,0.0,2.0,25.1,5.6,51.0,0.0,0.0,0.0,1.0,0,13170.709995
2015,31.0,0.0,Mexican American,hs_or_less,middle (1.3-3.5x),1.86,0.0,9600.0,0.0,0.0,1200.0,0.0,9.0,24.7,5.2,53.0,0.0,0.0,0.0,0.0,0,13027.772057
2015,48.0,1.0,NH Black,some_college,high (>3.5x),4.12,4200.0,0.0,0.0,600.0,0.0,7.0,10.0,37.0,6.2,57.0,0.0,1.0,1.0,0.0,1,13177.144502
2015,40.0,1.0,NH Black,some_college,middle (1.3-3.5x),3.09,0.0,0.0,900.0,0.0,0.0,0.0,1.0,36.5,6.0,72.0,0.0,1.0,1.0,0.0,0,11989.056764
2015,57.0,1.0,NH Black,some_college,high (>3.5x),5.0,0.0,19200.0,0.0,0.0,2400.0,0.0,3.0,26.9,5.7,67.0,0.0,1.0,0.0,0.0,0,11292.234412
2015,43.0,0.0,NH Asian,hs_or_less,middle (1.3-3.5x),1.84,720.0,10800.0,0.0,120.0,1800.0,2.0,3.0,29.7,6.3,32.0,0.0,1.0,0.0,1.0,1,9010.630068
2015,50.0,0.0,Other Hispanic,college_plus,high (>3.5x),5.0,1440.0,1920.0,0.0,360.0,480.0,4.0,10.0,33.7,5.5,45.0,0.0,0.0,1.0,0.0,1,12871.3561415
2015,32.0,1.0,NH Black,some_college,low (<1.3x poverty),0.33,120.0,0.0,0.0,30.0,0.0,1.0,10.0,35.4,5.9,42.0,0.0,1.0,1.0,0.0,0,11963.282643
2015,24.0,0.0,NH Asian,college_plus,high (>3.5x),5.0,3600.0,0.0,240.0,480.0,0.0,7.0,4.0,23.9,5.5,53.0,0.0,0.0,0.0,0.0,1,10000.802147
2015,41.0,0.0,NH White,some_college,middle (1.3-3.5x),2.95,0.0,0.0,0.0,0.0,0.0,0.0,5.0,23.1,5.6,58.0,0.0,0.0,0.0,0.0,0,62379.5085655
2015,41.0,1.0,NH White,college_plus,high (>3.5x),5.0,1920.0,0.0,0.0,300.0,0.0,5.0,8.0,22.1,5.3,61.0,0.0,0.0,0.0,0.0,1,74956.0487375
2015,20.0,1.0,Other Hispanic,hs_or_less,middle (1.3-3.5x),1.55,240.0,0.0,0.0,60.0,0.0,2.0,4.0,21.6,5.4,41.0,0.0,0.0,0.0,0.0,0,14433.312077
2015,54.0,0.0,NH White,some_college,middle (1.3-3.5x),1.84,0.0,7680.0,0.0,0.0,1440.0,0.0,5.0,33.6,5.8,59.0,0.0,1.0,1.0,0.0,0,24161.1023965
2015,62.0,0.0,NH White,hs_or_less,high (>3.5x),3.77,0.0,960.0,0.0,0.0,240.0,0.0,5.0,30.0,5.6,34.0,0.0,0.0,1.0,1.0,0,21257.9312505
2015,62.0,1.0,Mexican American,hs_or_less,middle (1.3-3.5x),3.45,0.0,0.0,0.0,0.0,0.0,0.0,4.0,34.4,5.8,56.0,0.0,1.0,1.0,0.0,0,4611.764113
2015,57.0,1.0,Mexican American,hs_or_less,low (<1.3x poverty),0.95,0.0,0.0,0.0,0.0,0.0,0.0,8.0,32.9,5.7,55.0,0.0,1.0,1.0,1.0,0,9746.669268
2015,28.0,0.0,NH Black,hs_or_less,low (<1.3x poverty),1.22,0.0,0.0,0.0,0.0,0.0,0.0,2.0,42.0,4.5,46.0,0.0,0.0,1.0,0.0,0,14607.5297515
2015,23.0,0.0,Other Hispanic,college_plus,middle (1.3-3.5x),2.06,0.0,0.0,0.0,0.0,0.0,0.0,9.0,24.2,5.0,60.0,0.0,0.0,0.0,0.0,0,15856.66575
2015,30.0,1.0,Mexican American,some_college,high (>3.5x),5.0,960.0,0.0,0.0,240.0,0.0,4.0,2.0,30.4,5.1,41.0,0.0,0.0,1.0,0.0,1,11321.181129
2015,52.0,0.0,Other Hispanic,college_plus,high (>3.5x),5.0,400.0,0.0,0.0,100.0,0.0,5.0,8.0,34.1,5.2,34.0,0.0,0.0,1.0,0.0,0,18039.246231
2015,59.0,1.0,Mexican American,hs_or_less,low (<1.3x poverty),1.24,240.0,0.0,0.0,60.0,0.0,2.0,2.0,28.9,6.0,43.0,0.0,1.0,0.0,0.0,0,10355.5430355
2015,60.0,1.0,NH Black,college_plus,high (>3.5x),3.54,0.0,0.0,0.0,0.0,0.0,0.0,10.0,34.6,7.3,62.0,1.0,1.0,1.0,0.0,0,7154.5652075
2015,61.0,0.0,Mexican American,hs_or_less,middle (1.3-3.5x),2.11,0.0,0.0,2400.0,0.0,0.0,0.0,2.0,25.8,9.4,78.0,1.0,1.0,0.0,1.0,0,4773.610456
2015,48.0,1.0,NH White,some_college,middle (1.3-3.5x),3.37,0.0,0.0,0.0,0.0,0.0,0.0,8.0,36.1,5.4,50.0,0.0,0.0,1.0,0.0,0,47503.3840785
2015,40.0,1.0,NH White,some_college,middle (1.3-3.5x),2.26,1560.0,2400.0,0.0,255.0,600.0,7.0,6.0,32.3,6.2,36.0,1.0,1.0,1.0,0.0,1,70391.217281
2015,26.0,1.0,Mexican American,hs_or_less,low (<1.3x poverty),0.75,480.0,0.0,0.0,60.0,0.0,2.0,3.0,23.5,5.3,57.0,0.0,0.0,0.0,0.0,0,11805.686622
2015,35.0,1.0,Mexican American,college_plus,middle (1.3-3.5x),2.82,480.0,0.0,0.0,60.0,0.0,2.0,9.0,27.2,5.1,83.0,0.0,0.0,0.0,0.0,0,17348.3899165
2015,60.0,0.0,Mexican American,some_college,middle (1.3-3.5x),3.45,0.0,0.0,0.0,0.0,0.0,0.0,7.0,38.3,6.6,,1.0,1.0,1.0,0.0,0,4557.909088
2015,21.0,1.0,NH White,some_college,middle (1.3-3.5x),2.76,2160.0,22080.0,0.0,360.0,3120.0,6.0,9.0,25.6,4.9,70.0,0.0,0.0,0.0,0.0,1,36042.5539955
2015,60.0,1.0,Mexican American,hs_or_less,high (>3.5x),3.7,0.0,0.0,0.0,0.0,0.0,0.0,5.0,27.2,6.4,41.0,0.0,1.0,0.0,0.0,0,4084.1294275
2015,39.0,1.0,Mexican American,hs_or_less,low (<1.3x poverty),0.49,60.0,0.0,0.0,15.0,0.0,1.0,1.0,31.7,5.5,63.0,0.0,0.0,1.0,0.0,0,12096.6580435
2015,26.0,1.0,Mexican American,college_plus,middle (1.3-3.5x),1.7,3600.0,2880.0,0.0,540.0,720.0,7.0,7.0,22.5,5.5,72.0,0.0,0.0,0.0,0.0,1,21873.80269
2015,36.0,1.0,NH White,some_college,middle (1.3-3.5x),2.46,2400.0,1800.0,600.0,600.0,450.0,5.0,1.0,30.1,5.2,48.0,0.0,0.0,1.0,0.0,1,46349.535588
2015,57.0,0.0,NH Black,some_college,low (<1.3x poverty),1.24,240.0,0.0,0.0,60.0,0.0,2.0,4.0,36.4,6.1,58.0,0.0,1.0,1.0,0.0,0,10642.0882095
2015,28.0,0.0,NH Black,some_college,low (<1.3x poverty),0.95,1440.0,0.0,4800.0,240.0,0.0,4.0,8.0,24.5,4.7,42.0,0.0,0.0,0.0,0.0,1,12456.600197
2015,44.0,0.0,NH White,college_plus,middle (1.3-3.5x),1.65,0.0,0.0,0.0,0.0,0.0,0.0,2.0,43.7,9.0,41.0,1.0,1.0,1.0,0.0,0,45469.681817
2015,37.0,1.0,Mexican American,college_plus,low (<1.3x poverty),0.02,7200.0,10800.0,900.0,1350.0,1800.0,7.0,3.0,32.8,5.4,47.0,0.0,0.0,1.0,0.0,1,12175.2622965
2015,59.0,0.0,NH White,college_plus,low (<1.3x poverty),0.59,0.0,0.0,0.0,0.0,0.0,0.0,8.0,35.1,6.2,31.0,0.0,1.0,1.0,0.0,0,75807.6828455
2015,60.0,1.0,NH Black,some_college,middle (1.3-3.5x),3.06,0.0,0.0,0.0,0.0,0.0,0.0,12.0,54.2,8.0,51.0,1.0,1.0,1.0,1.0,0,11390.5722695
2015,20.0,0.0,Mexican American,hs_or_less,low (<1.3x poverty),0.3,2880.0,0.0,600.0,480.0,0.0,4.0,4.0,20.9,5.0,41.0,0.0,0.0,0.0,0.0,1,15697.144474
2015,25.0,1.0,NH White,college_plus,high (>3.5x),5.0,1200.0,0.0,1080.0,240.0,0.0,3.0,10.0,21.3,5.3,82.0,0.0,0.0,0.0,0.0,1,37646.523226
2015,47.0,0.0,NH Asian,hs_or_less,low (<1.3x poverty),0.68,240.0,0.0,360.0,60.0,0.0,4.0,0.5,23.0,5.4,42.0,0.0,0.0,0.0,1.0,0,4838.18562
2015,38.0,1.0,NH White,college_plus,high (>3.5x),4.49,720.0,0.0,0.0,120.0,0.0,4.0,10.0,39.7,5.7,44.0,0.0,1.0,1.0,0.0,1,69425.9728185
2015,54.0,1.0,NH Asian,college_plus,high (>3.5x),4.96,0.0,0.0,0.0,0.0,0.0,0.0,4.0,21.0,4.6,87.0,0.0,0.0,0.0,1.0,0,12961.3077765
2015,48.0,0.0,NH White,hs_or_less,high (>3.5x),5.0,0.0,0.0,0.0,0.0,0.0,0.0,15.0,25.9,5.4,55.0,0.0,0.0,0.0,0.0,0,64178.229831
2015,42.0,1.0,Mexican American,hs_or_less,low (<1.3x poverty),0.6,0.0,0.0,0.0,0.0,0.0,0.0,2.0,30.0,5.5,33.0,0.0,0.0,1.0,0.0,0,8167.251565
2015,26.0,0.0,NH Asian,hs_or_less,middle (1.3-3.5x),2.11,2400.0,0.0,0.0,300.0,0.0,5.0,4.0,24.6,4.9,57.0,0.0,0.0,0.0,0.0,1,7882.0874295
2015,36.0,1.0,Mexican American,hs_or_less,low (<1.3x poverty),1.23,0.0,0.0,0.0,0.0,0.0,0.0,9.0,28.0,5.5,59.0,0.0,0.0,0.0,0.0,0,14035.758528
2015,30.0,1.0,NH Asian,hs_or_less,high (>3.5x),4.0,0.0,0.0,0.0,0.0,0.0,0.0,6.0,20.1,5.0,64.0,0.0,0.0,0.0,0.0,0,11876.0126885
2015,32.0,1.0,Other Hispanic,college_plus,high (>3.5x),5.0,600.0,0.0,240.0,150.0,0.0,5.0,6.0,37.9,5.1,61.0,0.0,0.0,1.0,0.0,1,17303.6516515
2015,65.0,0.0,NH Asian,hs_or_less,middle (1.3-3.5x),3.06,720.0,0.0,0.0,140.0,0.0,7.0,6.0,23.5,10.6,49.0,1.0,1.0,0.0,0.0,1,13187.629523
2015,42.0,0.0,NH Black,some_college,high (>3.5x),5.0,4320.0,10800.0,0.0,720.0,1800.0,6.0,11.0,28.4,5.8,35.0,0.0,1.0,0.0,1.0,1,12603.1490085
2015,37.0,0.0,NH White,college_plus,high (>3.5x),4.49,0.0,0.0,0.0,0.0,0.0,0.0,10.0,37.6,5.2,45.0,0.0,0.0,1.0,0.0,0,85840.0612455
2015,31.0,1.0,NH Black,some_college,low (<1.3x poverty),1.02,2880.0,14400.0,0.0,480.0,2400.0,4.0,4.0,38.1,5.4,52.0,0.0,0.0,1.0,1.0,1,11492.053316
2015,31.0,0.0,NH White,hs_or_less,low (<1.3x poverty),0.35,0.0,25920.0,0.0,0.0,3600.0,0.0,5.0,24.6,5.4,66.0,0.0,0.0,0.0,0.0,0,19994.666724
2015,27.0,0.0,NH Asian,college_plus,middle (1.3-3.5x),1.59,0.0,0.0,0.0,0.0,0.0,0.0,8.0,22.3,5.6,45.0,0.0,0.0,0.0,0.0,0,6891.03384
2015,42.0,0.0,NH Asian,college_plus,high (>3.5x),5.0,1600.0,360.0,0.0,320.0,90.0,5.0,11.0,27.5,5.2,43.0,0.0,0.0,0.0,0.0,1,10372.4214995
2015,28.0,0.0,NH White,some_college,middle (1.3-3.5x),3.48,2400.0,0.0,0.0,300.0,0.0,1.0,3.0,21.1,5.3,52.0,0.0,0.0,0.0,0.0,1,60903.08895
2015,61.0,0.0,NH Asian,hs_or_less,middle (1.3-3.5x),2.11,0.0,240.0,0.0,0.0,60.0,0.0,12.0,31.1,5.9,44.0,0.0,1.0,1.0,0.0,0,10236.2867845
2015,26.0,1.0,NH Black,college_plus,middle (1.3-3.5x),2.95,600.0,0.0,0.0,150.0,0.0,5.0,8.0,19.9,5.2,85.0,0.0,0.0,0.0,0.0,1,17315.6562165
2015,21.0,0.0,NH Black,some_college,middle (1.3-3.5x),1.47,0.0,0.0,0.0,0.0,0.0,0.0,6.0,27.9,5.3,36.0,0.0,0.0,0.0,0.0,0,14529.360438
2015,33.0,1.0,NH Asian,hs_or_less,middle (1.3-3.5x),2.66,0.0,0.0,960.0,0.0,0.0,0.0,6.0,28.5,5.2,45.0,0.0,0.0,0.0,0.0,0,9587.587486
2015,32.0,1.0,NH White,college_plus,middle (1.3-3.5x),3.29,120.0,0.0,0.0,30.0,0.0,3.0,5.0,24.2,5.1,63.0,0.0,0.0,0.0,0.0,0,51408.8345875
2015,20.0,0.0,NH Black,some_college,middle (1.3-3.5x),2.23,6720.0,2400.0,0.0,1080.0,600.0,7.0,18.0,19.6,4.6,85.0,0.0,0.0,0.0,0.0,1,15439.3557865
2015,63.0,1.0,Other Hispanic,some_college,high (>3.5x),5.0,0.0,0.0,0.0,0.0,0.0,0.0,4.0,23.1,5.9,39.0,0.0,1.0,0.0,0.0,0,3998.221434
2015,54.0,0.0,NH White,hs_or_less,low (<1.3x poverty),0.42,0.0,3360.0,0.0,0.0,600.0,0.0,6.0,28.5,5.0,,0.0,0.0,0.0,0.0,0,22538.896537
2015,26.0,0.0,NH White,hs_or_less,middle (1.3-3.5x),1.76,0.0,0.0,0.0,0.0,0.0,0.0,8.0,34.4,5.3,29.0,0.0,0.0,1.0,0.0,0,30708.4112605
2015,46.0,1.0,NH Black,college_plus,low (<1.3x poverty),1.09,480.0,2400.0,2880.0,120.0,600.0,6.0,4.0,42.5,8.0,42.0,1.0,1.0,1.0,0.0,0,10371.20547
2015,26.0,0.0,NH Asian,some_college,middle (1.3-3.5x),2.48,720.0,1920.0,0.0,90.0,390.0,3.0,8.0,18.1,5.4,69.0,0.0,0.0,0.0,0.0,1,8731.892893
2015,51.0,1.0,NH White,hs_or_less,high (>3.5x),5.0,320.0,0.0,0.0,80.0,0.0,4.0,3.0,39.9,5.2,62.0,0.0,0.0,1.0,0.0,0,35887.892447
2015,45.0,1.0,Other Hispanic,hs_or_less,middle (1.3-3.5x),1.6,0.0,1920.0,200.0,0.0,480.0,0.0,3.0,34.1,5.6,42.0,0.0,0.0,1.0,1.0,0,16910.7788295
2015,29.0,0.0,NH Asian,hs_or_less,middle (1.3-3.5x),2.66,4800.0,3600.0,0.0,600.0,900.0,5.0,3.0,30.7,5.7,32.0,0.0,1.0,1.0,1.0,1,7770.935301
2015,25.0,0.0,NH Asian,college_plus,high (>3.5x),5.0,0.0,0.0,0.0,0.0,0.0,0.0,8.0,23.5,5.3,60.0,0.0,0.0,0.0,0.0,0,14733.8695555
2015,59.0,1.0,Mexican American,hs_or_less,middle (1.3-3.5x),2.89,600.0,0.0,0.0,120.0,0.0,4.0,10.0,23.9,5.9,89.0,0.0,1.0,0.0,0.0,1,5871.072625
2015,42.0,0.0,Other/Multi,college_plus,high (>3.5x),4.33,2880.0,0.0,0.0,360.0,0.0,3.0,6.0,32.2,5.5,24.0,0.0,0.0,1.0,0.0,1,17657.6706495
2015,20.0,0.0,NH Black,some_college,low (<1.3x poverty),0.87,0.0,0.0,800.0,0.0,0.0,0.0,10.0,20.1,5.2,59.0,0.0,0.0,0.0,0.0,0,20044.649463
2015,43.0,0.0,NH Asian,some_college,low (<1.3x poverty),0.85,480.0,14400.0,0.0,60.0,2400.0,1.0,6.0,23.2,5.1,38.0,0.0,0.0,0.0,0.0,0,8604.907951
2015,33.0,1.0,Other Hispanic,some_college,low (<1.3x poverty),0.45,1200.0,2160.0,1920.0,300.0,360.0,5.0,6.0,43.0,5.7,51.0,0.0,1.0,1.0,1.0,1,12850.8536565
2015,64.0,0.0,NH Asian,college_plus,high (>3.5x),5.0,0.0,0.0,0.0,0.0,0.0,0.0,8.0,24.0,7.9,33.0,1.0,1.0,0.0,0.0,0,12705.4861915
2015,51.0,0.0,NH White,some_college,middle (1.3-3.5x),2.82,0.0,7200.0,0.0,0.0,1200.0,0.0,8.0,39.5,6.0,58.0,0.0,1.0,1.0,0.0,0,66632.1830675
2015,43.0,1.0,Mexican American,hs_or_less,low (<1.3x poverty),0.7,0.0,0.0,0.0,0.0,0.0,0.0,5.0,28.6,5.4,73.0,0.0,0.0,0.0,1.0,0,8709.389618
2015,36.0,1.0,NH Asian,college_plus,high (>3.5x),5.0,0.0,0.0,0.0,0.0,0.0,0.0,7.0,31.4,5.5,71.0,0.0,0.0,1.0,0.0,0,8851.2266825
2015,61.0,0.0,Other Hispanic,hs_or_less,low (<1.3x poverty),1.17,0.0,14400.0,0.0,0.0,2400.0,0.0,4.0,23.6,5.9,59.0,0.0,1.0,0.0,0.0,0,3642.696057
2015,46.0,0.0,Mexican American,hs_or_less,middle (1.3-3.5x),1.38,0.0,0.0,0.0,0.0,0.0,0.0,2.0,29.2,5.3,39.0,0.0,0.0,0.0,0.0,0,22195.9784365
2015,23.0,0.0,NH Black,some_college,middle (1.3-3.5x),3.29,7680.0,9600.0,0.0,960.0,1440.0,4.0,4.0,23.9,5.5,42.0,0.0,0.0,0.0,0.0,1,13055.1777145
2015,45.0,1.0,Other Hispanic,hs_or_less,middle (1.3-3.5x),1.38,0.0,0.0,0.0,0.0,0.0,0.0,2.5,33.5,5.4,62.0,0.0,0.0,1.0,1.0,0,12150.4621225
2015,63.0,1.0,Other/Multi,college_plus,high (>3.5x),5.0,80.0,0.0,0.0,20.0,0.0,1.0,4.0,26.7,8.7,47.0,1.0,1.0,0.0,1.0,0,13371.54136
2015,62.0,1.0,Other Hispanic,some_college,middle (1.3-3.5x),1.32,0.0,0.0,0.0,0.0,0.0,0.0,3.0,19.2,5.7,79.0,0.0,1.0,0.0,0.0,0,4107.27802
2015,40.0,1.0,NH Black,college_plus,high (>3.5x),5.0,1440.0,0.0,0.0,360.0,0.0,3.0,8.0,33.5,11.9,47.0,1.0,1.0,1.0,0.0,1,11734.8124165
2015,36.0,0.0,Mexican American,hs_or_less,middle (1.3-3.5x),2.15,1080.0,0.0,180.0,150.0,0.0,3.0,4.0,28.1,5.6,40.0,0.0,0.0,0.0,1.0,1,9586.853832
2015,52.0,1.0,Other Hispanic,hs_or_less,low (<1.3x poverty),1.27,0.0,0.0,0.0,0.0,0.0,0.0,3.0,23.7,8.0,28.0,1.0,1.0,0.0,1.0,0,5837.967929
2015,58.0,1.0,NH Black,some_college,low (<1.3x poverty),0.31,0.0,2640.0,0.0,0.0,510.0,0.0,5.0,27.8,5.7,39.0,0.0,1.0,0.0,0.0,0,10643.520044
2015,54.0,0.0,NH Black,hs_or_less,middle (1.3-3.5x),1.68,160.0,0.0,0.0,20.0,0.0,1.0,5.0,23.6,5.4,114.0,0.0,0.0,0.0,1.0,0,9235.97466
2015,60.0,0.0,Mexican American,hs_or_less,middle (1.3-3.5x),1.55,0.0,0.0,0.0,0.0,0.0,0.0,6.0,33.6,6.1,47.0,0.0,1.0,1.0,0.0,0,4815.47366
2015,31.0,0.0,NH White,hs_or_less,low (<1.3x poverty),0.02,0.0,480.0,0.0,0.0,120.0,0.0,9.0,21.2,5.0,31.0,0.0,0.0,0.0,0.0,0,20514.627395
2015,34.0,0.0,NH Asian,college_plus,high (>3.5x),4.99,1080.0,0.0,0.0,180.0,0.0,6.0,13.0,28.7,5.3,35.0,0.0,0.0,0.0,0.0,1,16763.962026
2015,54.0,1.0,Other Hispanic,some_college,middle (1.3-3.5x),2.24,240.0,0.0,0.0,60.0,0.0,2.0,8.0,29.3,5.3,58.0,0.0,0.0,0.0,0.0,0,10877.6939355
2015,24.0,1.0,Mexican American,some_college,middle (1.3-3.5x),1.36,120.0,0.0,0.0,30.0,0.0,3.0,10.0,48.7,5.8,47.0,0.0,1.0,1.0,1.0,0,11203.9160145
2015,22.0,0.0,Mexican American,hs_or_less,low (<1.3x poverty),0.75,0.0,0.0,0.0,0.0,0.0,0.0,3.0,18.5,5.6,87.0,0.0,0.0,0.0,1.0,0,16811.6251985
2015,51.0,0.0,NH Asian,college_plus,middle (1.3-3.5x),1.65,1440.0,0.0,0.0,240.0,0.0,3.0,3.0,28.8,6.7,43.0,1.0,1.0,0.0,0.0,1,6558.896658
2015,50.0,0.0,NH Black,hs_or_less,middle (1.3-3.5x),1.36,0.0,0.0,0.0,0.0,0.0,0.0,9.0,27.9,5.9,46.0,0.0,1.0,0.0,0.0,0,7425.984032
2015,22.0,0.0,Other Hispanic,some_college,high (>3.5x),4.74,0.0,0.0,0.0,0.0,0.0,0.0,6.0,49.9,5.5,43.0,0.0,0.0,1.0,0.0,0,19326.2869205
2015,49.0,0.0,NH Asian,college_plus,high (>3.5x),5.0,1200.0,0.0,480.0,165.0,0.0,6.0,8.0,25.2,5.8,45.0,1.0,1.0,0.0,0.0,1,13039.861308
2015,52.0,1.0,Other Hispanic,hs_or_less,low (<1.3x poverty),0.4,0.0,0.0,0.0,0.0,0.0,0.0,12.0,56.7,6.3,55.0,1.0,1.0,1.0,0.0,0,9421.045927
2015,58.0,0.0,Mexican American,some_college,high (>3.5x),3.7,0.0,0.0,0.0,0.0,0.0,0.0,16.0,26.7,6.9,45.0,1.0,1.0,0.0,0.0,0,12922.3792995
2015,36.0,1.0,NH White,college_plus,middle (1.3-3.5x),1.72,0.0,0.0,0.0,0.0,0.0,0.0,5.0,21.1,5.5,56.0,0.0,0.0,0.0,0.0,0,21092.641648
2015,27.0,1.0,NH Black,some_college,middle (1.3-3.5x),2.8,0.0,0.0,0.0,0.0,0.0,0.0,10.0,39.0,11.9,44.0,1.0,1.0,1.0,0.0,0,15531.87972
2015,44.0,1.0,NH White,college_plus,high (>3.5x),4.41,240.0,0.0,80.0,60.0,0.0,3.0,8.0,45.2,5.9,57.0,0.0,1.0,1.0,0.0,0,73778.8273845
2015,33.0,0.0,NH Black,college_plus,middle (1.3-3.5x),3.3,0.0,0.0,0.0,0.0,0.0,0.0,13.0,32.2,5.5,44.0,0.0,0.0,1.0,0.0,0,17966.525906
2015,29.0,0.0,NH Black,college_plus,high (>3.5x),5.0,0.0,0.0,0.0,0.0,0.0,0.0,6.0,28.8,5.5,50.0,0.0,0.0,0.0,0.0,0,16707.402399
2015,39.0,1.0,Mexican American,college_plus,middle (1.3-3.5x),1.84,720.0,0.0,0.0,90.0,0.0,1.0,5.0,41.4,5.2,45.0,0.0,0.0,1.0,1.0,1,12241.4132955
2015,53.0,0.0,Mexican American,hs_or_less,low (<1.3x poverty),0.83,0.0,0.0,0.0,0.0,0.0,0.0,6.0,22.3,5.0,51.0,0.0,0.0,0.0,1.0,0,9651.8378115
2015,51.0,0.0,NH Black,hs_or_less,middle (1.3-3.5x),3.47,480.0,0.0,0.0,120.0,0.0,2.0,4.0,30.1,5.3,51.0,0.0,0.0,1.0,0.0,0,11018.6045115
2015,46.0,0.0,Mexican American,hs_or_less,middle (1.3-3.5x),2.76,0.0,15600.0,0.0,0.0,2700.0,0.0,3.0,33.6,5.7,48.0,0.0,1.0,1.0,0.0,0,11995.69885
2015,24.0,0.0,Other Hispanic,hs_or_less,high (>3.5x),5.0,0.0,0.0,0.0,0.0,0.0,0.0,5.0,33.6,5.2,43.0,0.0,0.0,1.0,1.0,0,19555.7087345
2015,34.0,1.0,NH Black,hs_or_less,low (<1.3x poverty),0.04,0.0,9600.0,120.0,0.0,2400.0,0.0,4.0,27.6,7.2,52.0,1.0,1.0,0.0,1.0,0,11963.282643
2015,34.0,1.0,Mexican American,hs_or_less,low (<1.3x poverty),1.04,4800.0,0.0,0.0,600.0,0.0,5.0,3.0,31.1,5.0,52.0,0.0,0.0,1.0,0.0,1,12750.746258
2015,61.0,0.0,Other Hispanic,college_plus,high (>3.5x),5.0,720.0,360.0,480.0,120.0,90.0,2.0,8.0,28.0,8.1,61.0,1.0,1.0,0.0,0.0,1,4146.585814
2015,51.0,1.0,NH Asian,college_plus,high (>3.5x),4.99,0.0,0.0,0.0,0.0,0.0,0.0,10.0,19.7,5.6,83.0,0.0,0.0,0.0,1.0,0,9627.359185
2015,46.0,1.0,NH White,hs_or_less,middle (1.3-3.5x),2.53,0.0,0.0,0.0,0.0,0.0,0.0,15.0,34.9,5.5,46.0,0.0,0.0,1.0,0.0,0,54427.640238
2015,59.0,1.0,NH White,hs_or_less,middle (1.3-3.5x),2.81,0.0,0.0,0.0,0.0,0.0,0.0,12.0,36.9,5.9,65.0,0.0,1.0,1.0,0.0,0,65138.4855915
2015,49.0,1.0,NH White,college_plus,high (>3.5x),5.0,240.0,80.0,0.0,60.0,20.0,2.0,15.0,22.4,5.0,63.0,0.0,0.0,0.0,0.0,0,69565.207314
2015,41.0,0.0,NH Black,hs_or_less,middle (1.3-3.5x),1.87,0.0,1200.0,0.0,0.0,300.0,0.0,4.0,33.6,5.8,31.0,0.0,1.0,1.0,0.0,0,9472.2645755
2015,55.0,1.0,NH Asian,college_plus,high (>3.5x),5.0,240.0,0.0,600.0,60.0,0.0,2.0,9.0,24.3,6.0,59.0,0.0,1.0,0.0,0.0,0,12190.843826
2015,20.0,0.0,NH White,hs_or_less,middle (1.3-3.5x),1.65,0.0,8640.0,0.0,0.0,1440.0,0.0,6.0,53.0,6.3,45.0,0.0,1.0,1.0,0.0,0,46484.9728255
2015,36.0,1.0,NH Black,some_college,low (<1.3x poverty),0.89,0.0,0.0,0.0,0.0,0.0,0.0,8.0,31.1,5.6,60.0,0.0,0.0,1.0,0.0,0,13579.011439
2015,46.0,1.0,NH Asian,college_plus,high (>3.5x),5.0,0.0,0.0,0.0,0.0,0.0,0.0,16.0,32.3,5.8,55.0,0.0,1.0,1.0,0.0,0,10159.1021745
2015,48.0,1.0,NH Black,hs_or_less,middle (1.3-3.5x),2.53,0.0,9600.0,0.0,0.0,2400.0,0.0,5.0,32.3,5.1,64.0,0.0,0.0,1.0,1.0,0,11391.175912
2015,54.0,1.0,NH White,college_plus,high (>3.5x),5.0,1440.0,0.0,800.0,225.0,0.0,5.0,10.0,30.6,5.7,46.0,0.0,1.0,1.0,0.0,1,63816.1589025
2015,23.0,1.0,Mexican American,hs_or_less,middle (1.3-3.5x),1.59,2880.0,1920.0,0.0,360.0,360.0,4.0,8.0,21.1,4.6,53.0,0.0,0.0,0.0,0.0,1,12239.301421
2015,46.0,1.0,Mexican American,hs_or_less,middle (1.3-3.5x),2.47,0.0,0.0,0.0,0.0,0.0,0.0,4.0,36.6,5.6,46.0,0.0,0.0,1.0,0.0,0,12780.3469685
2015,62.0,1.0,NH Black,hs_or_less,middle (1.3-3.5x),1.86,0.0,0.0,0.0,0.0,0.0,0.0,9.0,28.6,6.2,54.0,0.0,1.0,0.0,0.0,0,12664.1146695
2015,58.0,0.0,NH White,hs_or_less,low (<1.3x poverty),0.79,0.0,0.0,0.0,0.0,0.0,0.0,6.0,27.3,6.6,35.0,1.0,1.0,0.0,1.0,0,12659.977636
2015,44.0,0.0,NH White,college_plus,middle (1.3-3.5x),1.7,4800.0,12000.0,0.0,750.0,1500.0,7.0,5.0,28.8,5.5,43.0,0.0,0.0,0.0,0.0,1,10827.5029615
2015,39.0,0.0,NH White,college_plus,middle (1.3-3.5x),2.0,3360.0,0.0,0.0,480.0,0.0,5.0,8.0,27.4,5.2,39.0,0.0,0.0,0.0,0.0,1,14259.465446
2015,53.0,1.0,NH Black,hs_or_less,high (>3.5x),5.0,480.0,0.0,0.0,120.0,0.0,2.0,2.0,49.0,6.3,46.0,0.0,1.0,1.0,0.0,0,14710.781801
2015,26.0,0.0,NH Black,college_plus,middle (1.3-3.5x),1.74,10080.0,1200.0,0.0,1440.0,300.0,7.0,6.0,22.5,5.3,60.0,0.0,0.0,0.0,0.0,1,23416.3273475
2015,48.0,0.0,NH White,hs_or_less,low (<1.3x poverty),1.07,0.0,7920.0,9600.0,0.0,1740.0,0.0,3.0,29.0,5.5,54.0,0.0,0.0,0.0,1.0,0,23583.9582605
2015,51.0,0.0,Mexican American,hs_or_less,middle (1.3-3.5x),1.67,0.0,0.0,0.0,0.0,0.0,0.0,2.0,28.5,5.5,39.0,0.0,0.0,0.0,0.0,0,8980.6095545
2015,53.0,0.0,Mexican American,hs_or_less,low (<1.3x poverty),0.52,0.0,0.0,2880.0,0.0,0.0,0.0,3.0,23.6,11.7,35.0,1.0,1.0,0.0,0.0,0,14786.326422
2015,54.0,1.0,NH White,college_plus,middle (1.3-3.5x),1.36,480.0,0.0,0.0,120.0,0.0,4.0,2.0,17.3,5.9,62.0,0.0,1.0,0.0,0.0,0,69049.297913
2015,53.0,1.0,NH White,college_plus,high (>3.5x),5.0,960.0,7200.0,200.0,120.0,1800.0,1.0,5.0,37.9,5.9,56.0,0.0,1.0,1.0,0.0,1,51039.317254
2015,63.0,0.0,NH White,some_college,low (<1.3x poverty),0.99,1920.0,240.0,0.0,480.0,40.0,2.0,7.0,32.5,6.4,45.0,0.0,1.0,1.0,0.0,1,84499.6405495
2015,23.0,1.0,Other/Multi,college_plus,high (>3.5x),4.63,1440.0,0.0,0.0,180.0,0.0,3.0,4.0,21.7,5.1,92.0,0.0,0.0,0.0,0.0,1,10789.5855885
2015,51.0,0.0,Other Hispanic,college_plus,high (>3.5x),4.94,0.0,21600.0,0.0,0.0,3600.0,0.0,6.0,28.9,12.0,69.0,1.0,1.0,0.0,0.0,0,18219.1813695
2015,45.0,1.0,NH Black,college_plus,high (>3.5x),5.0,1200.0,720.0,480.0,180.0,180.0,4.0,9.0,32.2,5.4,59.0,0.0,0.0,1.0,0.0,1,10743.4537475
2015,30.0,1.0,Other Hispanic,some_college,middle (1.3-3.5x),3.17,240.0,0.0,0.0,60.0,0.0,2.0,9.0,25.6,5.1,89.0,0.0,0.0,0.0,0.0,0,15423.216327
2015,33.0,1.0,Mexican American,hs_or_less,low (<1.3x poverty),0.4,0.0,14640.0,0.0,0.0,2460.0,0.0,2.0,23.5,5.4,54.0,0.0,0.0,0.0,1.0,0,11321.181129
2015,22.0,1.0,Mexican American,hs_or_less,low (<1.3x poverty),0.21,4320.0,0.0,240.0,840.0,0.0,3.0,8.0,32.1,5.4,40.0,0.0,0.0,1.0,0.0,1,12689.631018
2015,45.0,0.0,NH White,college_plus,high (>3.5x),3.52,840.0,1200.0,0.0,150.0,240.0,6.0,8.0,32.4,5.8,26.0,0.0,1.0,1.0,0.0,1,36317.3736915
2015,46.0,1.0,Mexican American,college_plus,low (<1.3x poverty),0.59,0.0,0.0,0.0,0.0,0.0,0.0,4.0,29.6,9.5,34.0,1.0,1.0,0.0,0.0,0,11659.369152
2015,49.0,1.0,Mexican American,hs_or_less,low (<1.3x poverty),5.397605346934028e-79,0.0,0.0,120.0,0.0,0.0,0.0,5.0,31.6,9.9,31.0,1.0,1.0,1.0,1.0,0,11745.155945
2015,62.0,1.0,NH Black,hs_or_less,low (<1.3x poverty),0.7,1200.0,0.0,0.0,300.0,0.0,5.0,3.0,34.7,6.1,64.0,1.0,1.0,1.0,0.0,1,10888.724247
2015,36.0,1.0,NH Black,some_college,low (<1.3x poverty),0.77,1920.0,5760.0,0.0,300.0,1440.0,5.0,6.0,24.7,5.5,62.0,0.0,0.0,0.0,0.0,1,10168.0946915
2015,24.0,0.0,NH Black,college_plus,low (<1.3x poverty),0.94,720.0,0.0,0.0,90.0,0.0,2.0,7.0,29.1,4.4,53.0,0.0,0.0,0.0,0.0,1,13878.667765
2015,48.0,1.0,NH Black,hs_or_less,middle (1.3-3.5x),2.47,0.0,2640.0,0.0,0.0,420.0,0.0,5.0,30.0,7.0,55.0,1.0,1.0,1.0,0.0,0,11614.807594
2015,48.0,1.0,NH Black,college_plus,high (>3.5x),3.52,5040.0,7680.0,0.0,1230.0,1920.0,7.0,4.0,29.3,5.8,41.0,0.0,1.0,0.0,0.0,1,12598.6299
2015,21.0,1.0,NH Black,some_college,low (<1.3x poverty),0.63,0.0,0.0,0.0,0.0,0.0,0.0,4.0,22.6,5.4,56.0,0.0,0.0,0.0,1.0,0,17256.297518
2015,48.0,1.0,NH Asian,some_college,high (>3.5x),4.46,2100.0,0.0,0.0,375.0,0.0,7.0,10.0,21.2,5.4,70.0,0.0,0.0,0.0,0.0,1,11789.2322135
2015,54.0,0.0,NH White,some_college,low (<1.3x poverty),0.51,360.0,2400.0,0.0,90.0,480.0,3.0,3.0,24.8,5.7,38.0,0.0,1.0,0.0,0.0,0,91526.814898
2015,65.0,1.0,NH White,hs_or_less,high (>3.5x),4.08,80.0,0.0,0.0,20.0,0.0,2.0,4.0,38.3,7.2,51.0,1.0,1.0,1.0,0.0,0,62690.12797
2015,56.0,0.0,NH White,some_college,high (>3.5x),3.57,0.0,0.0,0.0,0.0,0.0,0.0,16.0,50.6,7.3,54.0,1.0,1.0,1.0,1.0,0,65346.3998855
2015,42.0,1.0,NH Black,some_college,high (>3.5x),5.0,360.0,0.0,0.0,90.0,0.0,2.0,7.0,44.0,5.9,38.0,0.0,1.0,1.0,1.0,0,8394.078888
2015,26.0,0.0,NH Black,hs_or_less,low (<1.3x poverty),1.28,0.0,0.0,0.0,0.0,0.0,0.0,9.0,23.8,5.6,68.0,0.0,0.0,0.0,0.0,0,18069.9329185
2015,45.0,1.0,Mexican American,hs_or_less,high (>3.5x),3.52,480.0,0.0,0.0,105.0,0.0,3.0,12.0,30.9,5.0,73.0,0.0,0.0,1.0,0.0,0,10280.9099275
2015,25.0,0.0,NH White,hs_or_less,high (>3.5x),5.0,0.0,0.0,0.0,0.0,0.0,0.0,12.0,22.6,5.0,37.0,0.0,0.0,0.0,0.0,0,55410.9610755
2015,60.0,1.0,Other/Multi,some_college,high (>3.5x),5.0,0.0,12960.0,0.0,0.0,2160.0,0.0,6.0,23.6,5.5,46.0,0.0,0.0,0.0,0.0,0,78747.837582
2015,35.0,1.0,Mexican American,college_plus,middle (1.3-3.5x),1.47,0.0,0.0,0.0,0.0,0.0,0.0,3.0,32.8,5.8,34.0,0.0,1.0,1.0,0.0,0,11964.488104
2015,52.0,1.0,NH Asian,college_plus,high (>3.5x),5.0,480.0,0.0,0.0,120.0,0.0,4.0,15.0,24.5,5.9,61.0,1.0,1.0,0.0,0.0,0,12984.140468
2015,61.0,1.0,Mexican American,hs_or_less,middle (1.3-3.5x),1.55,240.0,0.0,0.0,60.0,0.0,3.0,0.5,31.0,5.7,58.0,0.0,1.0,1.0,0.0,0,5387.3117895
2015,65.0,1.0,NH Black,some_college,high (>3.5x),3.79,240.0,0.0,0.0,60.0,0.0,4.0,5.0,21.2,5.5,78.0,0.0,0.0,0.0,0.0,0,11172.3788555
2015,50.0,0.0,NH White,hs_or_less,low (<1.3x poverty),1.01,0.0,80.0,0.0,0.0,20.0,0.0,6.0,35.0,6.0,45.0,0.0,1.0,1.0,1.0,0,18750.4448715
2015,43.0,1.0,Mexican American,hs_or_less,low (<1.3x poverty),1.07,1080.0,0.0,0.0,180.0,0.0,6.0,3.0,25.9,5.2,54.0,0.0,0.0,0.0,0.0,1,10044.405423
2015,22.0,1.0,NH White,some_college,low (<1.3x poverty),0.75,1200.0,2400.0,0.0,300.0,600.0,5.0,4.0,24.9,5.0,89.0,0.0,0.0,0.0,0.0,1,31205.7923795
2015,28.0,1.0,NH Black,hs_or_less,low (<1.3x poverty),0.93,0.0,0.0,0.0,0.0,0.0,0.0,4.0,33.9,5.9,41.0,0.0,1.0,1.0,0.0,0,13523.460136
2015,61.0,0.0,Other Hispanic,college_plus,low (<1.3x poverty),0.98,0.0,0.0,0.0,0.0,0.0,0.0,7.0,29.1,6.1,26.0,1.0,1.0,0.0,1.0,0,3851.532328
2015,40.0,1.0,NH Black,some_college,middle (1.3-3.5x),1.77,0.0,0.0,0.0,0.0,0.0,0.0,10.0,29.5,5.5,77.0,0.0,0.0,0.0,0.0,0,16253.2908515
2015,51.0,0.0,NH Asian,hs_or_less,middle (1.3-3.5x),2.69,0.0,7200.0,0.0,0.0,900.0,0.0,10.0,25.9,4.8,56.0,0.0,0.0,0.0,0.0,0,5533.590822
2015,22.0,0.0,NH Black,hs_or_less,middle (1.3-3.5x),2.18,0.0,0.0,200.0,0.0,0.0,0.0,2.0,22.3,5.4,82.0,0.0,0.0,0.0,0.0,0,13316.783185
2015,42.0,0.0,NH White,some_college,middle (1.3-3.5x),2.26,720.0,960.0,180.0,120.0,240.0,5.0,3.0,31.5,5.4,31.0,0.0,0.0,1.0,0.0,1,77014.47387
2015,33.0,0.0,Other Hispanic,hs_or_less,low (<1.3x poverty),1.09,0.0,0.0,0.0,0.0,0.0,0.0,0.5,31.8,5.5,36.0,0.0,0.0,1.0,1.0,0,17021.4155475
2015,36.0,0.0,Mexican American,hs_or_less,middle (1.3-3.5x),2.0,0.0,0.0,0.0,0.0,0.0,0.0,3.0,36.0,5.2,44.0,0.0,0.0,1.0,1.0,0,12958.566174
2015,48.0,0.0,NH Asian,college_plus,high (>3.5x),4.95,4200.0,0.0,360.0,570.0,0.0,5.0,6.0,22.0,5.3,54.0,0.0,0.0,0.0,0.0,1,10828.5482
2015,60.0,1.0,NH White,some_college,high (>3.5x),4.67,0.0,0.0,0.0,0.0,0.0,0.0,2.0,34.3,6.6,62.0,1.0,1.0,1.0,0.0,0,83474.3904635
2015,23.0,1.0,NH White,some_college,middle (1.3-3.5x),2.51,7200.0,21600.0,0.0,1080.0,3600.0,7.0,3.0,22.0,5.1,76.0,0.0,0.0,0.0,0.0,1,41712.223834
2015,62.0,1.0,NH Asian,hs_or_less,high (>3.5x),5.0,720.0,0.0,0.0,180.0,0.0,3.0,8.0,20.1,5.3,67.0,0.0,0.0,0.0,0.0,1,10698.295646
2015,23.0,1.0,NH White,some_college,middle (1.3-3.5x),2.49,2400.0,0.0,0.0,360.0,0.0,2.0,9.0,25.1,5.0,73.0,0.0,0.0,0.0,0.0,1,43081.7596575
2015,55.0,1.0,Mexican American,hs_or_less,low (<1.3x poverty),0.71,0.0,180.0,0.0,0.0,45.0,0.0,9.0,46.9,5.4,67.0,0.0,0.0,1.0,1.0,0,10010.0420155
2015,37.0,0.0,NH White,some_college,high (>3.5x),4.12,0.0,1680.0,0.0,0.0,360.0,0.0,6.0,36.8,5.2,33.0,0.0,0.0,1.0,1.0,0,63991.06149
2015,57.0,0.0,NH Black,hs_or_less,high (>3.5x),3.52,960.0,0.0,2400.0,120.0,0.0,1.0,9.0,24.8,6.2,51.0,0.0,1.0,0.0,0.0,1,13213.288655
2015,42.0,0.0,NH Black,college_plus,high (>3.5x),5.0,1440.0,0.0,0.0,180.0,0.0,3.0,8.0,30.4,4.9,24.0,0.0,0.0,1.0,0.0,1,14163.0352875
2015,35.0,1.0,Mexican American,hs_or_less,low (<1.3x poverty),0.02,720.0,0.0,0.0,90.0,0.0,3.0,0.5,26.4,5.9,47.0,0.0,1.0,0.0,0.0,1,9188.828564
2015,59.0,0.0,NH Black,hs_or_less,high (>3.5x),4.08,0.0,0.0,0.0,0.0,0.0,0.0,5.0,19.2,6.6,71.0,1.0,1.0,0.0,1.0,0,10268.8199625
2015,31.0,0.0,NH Black,some_college,middle (1.3-3.5x),1.38,540.0,0.0,0.0,90.0,0.0,2.0,4.0,54.0,8.7,32.0,1.0,1.0,1.0,0.0,0,12053.0824735
2015,62.0,1.0,NH Black,some_college,high (>3.5x),3.83,0.0,1440.0,0.0,0.0,360.0,0.0,12.0,23.1,5.2,79.0,0.0,0.0,0.0,0.0,0,12355.647748
2015,20.0,1.0,NH White,hs_or_less,low (<1.3x poverty),1.04,960.0,0.0,0.0,240.0,0.0,2.0,14.0,32.0,5.0,37.0,0.0,0.0,1.0,0.0,1,35592.317421
2015,57.0,0.0,NH White,college_plus,high (>3.5x),5.0,240.0,0.0,0.0,60.0,0.0,2.0,15.0,21.8,5.4,44.0,0.0,0.0,0.0,0.0,0,49643.9670365
2015,44.0,1.0,NH White,some_college,low (<1.3x poverty),1.1,0.0,12240.0,0.0,0.0,1980.0,0.0,5.0,18.9,5.5,61.0,0.0,0.0,0.0,0.0,0,46403.2218565
2015,41.0,0.0,Mexican American,hs_or_less,low (<1.3x poverty),0.87,1920.0,15600.0,240.0,300.0,3900.0,7.0,10.0,31.3,5.9,31.0,0.0,1.0,1.0,0.0,1,12304.845429
2015,44.0,1.0,Mexican American,hs_or_less,middle (1.3-3.5x),2.33,0.0,0.0,0.0,0.0,0.0,0.0,3.0,41.8,6.1,45.0,0.0,1.0,1.0,1.0,0,14960.415894
2015,61.0,0.0,NH White,hs_or_less,middle (1.3-3.5x),1.57,0.0,0.0,0.0,0.0,0.0,0.0,1.5,25.7,5.4,46.0,0.0,0.0,0.0,0.0,0,25354.3461915
2015,63.0,1.0,Mexican American,some_college,high (>3.5x),5.0,0.0,0.0,0.0,0.0,0.0,0.0,4.0,29.9,6.0,52.0,0.0,1.0,0.0,0.0,0,4174.786244
2015,55.0,1.0,Other Hispanic,hs_or_less,low (<1.3x poverty),1.23,0.0,0.0,0.0,0.0,0.0,0.0,2.0,31.6,5.6,45.0,0.0,0.0,1.0,1.0,0,7990.940745
2015,46.0,0.0,Other Hispanic,hs_or_less,low (<1.3x poverty),1.23,0.0,0.0,80.0,0.0,0.0,0.0,3.0,28.3,5.8,41.0,0.0,1.0,0.0,1.0,0,18830.445451
2015,42.0,0.0,Mexican American,hs_or_less,middle (1.3-3.5x),2.49,0.0,0.0,0.0,0.0,0.0,0.0,12.0,20.1,5.8,56.0,0.0,1.0,0.0,1.0,0,16269.327209
2015,64.0,0.0,NH Black,hs_or_less,high (>3.5x),4.98,0.0,0.0,0.0,0.0,0.0,0.0,0.06666666666666667,22.9,7.0,53.0,1.0,1.0,0.0,0.0,0,5042.041946
2015,60.0,0.0,NH White,college_plus,high (>3.5x),5.0,160.0,1200.0,0.0,40.0,300.0,2.0,15.0,31.7,7.8,27.0,1.0,1.0,1.0,0.0,0,59558.268184
2015,28.0,1.0,Other Hispanic,hs_or_less,high (>3.5x),3.7,3840.0,7200.0,0.0,960.0,1500.0,4.0,5.0,29.1,4.8,106.0,0.0,0.0,0.0,0.0,1,10804.622925
2015,40.0,0.0,NH Asian,hs_or_less,low (<1.3x poverty),0.93,0.0,0.0,0.0,0.0,0.0,0.0,8.0,23.8,5.4,39.0,0.0,0.0,0.0,0.0,0,8403.1513355
2015,48.0,0.0,NH White,some_college,high (>3.5x),3.54,0.0,4320.0,0.0,0.0,1080.0,0.0,5.0,27.3,5.2,78.0,0.0,0.0,0.0,0.0,0,22653.7422615
2015,40.0,0.0,Mexican American,hs_or_less,middle (1.3-3.5x),2.72,480.0,0.0,0.0,60.0,0.0,1.0,9.0,27.0,12.8,45.0,1.0,1.0,0.0,1.0,0,20508.185608
2015,60.0,1.0,Other Hispanic,college_plus,high (>3.5x),5.0,240.0,1200.0,0.0,60.0,300.0,2.0,6.0,34.2,5.0,79.0,0.0,0.0,1.0,0.0,0,4000.131637
2015,40.0,1.0,NH White,some_college,middle (1.3-3.5x),1.65,0.0,0.0,0.0,0.0,0.0,0.0,3.0,38.8,5.0,58.0,0.0,0.0,1.0,0.0,0,12254.7539685
2015,36.0,0.0,Other Hispanic,hs_or_less,low (<1.3x poverty),0.61,0.0,0.0,0.0,0.0,0.0,0.0,4.0,31.5,4.9,39.0,0.0,0.0,1.0,0.0,0,18194.307346
2015,24.0,1.0,NH Black,some_college,low (<1.3x poverty),0.95,300.0,0.0,0.0,75.0,0.0,5.0,12.0,20.0,4.9,79.0,0.0,0.0,0.0,0.0,0,12134.6080735
2015,27.0,1.0,NH Black,some_college,middle (1.3-3.5x),3.25,780.0,2400.0,0.0,135.0,600.0,7.0,6.0,22.1,5.2,70.0,0.0,0.0,0.0,0.0,1,12788.5355295
2015,34.0,1.0,NH Black,college_plus,low (<1.3x poverty),0.51,2880.0,3600.0,0.0,720.0,900.0,6.0,8.0,37.3,5.4,45.0,0.0,0.0,1.0,0.0,1,14190.015646
2015,60.0,0.0,NH White,some_college,high (>3.5x),5.0,480.0,0.0,0.0,120.0,0.0,4.0,3.0,26.8,5.8,76.0,0.0,1.0,0.0,0.0,0,57323.965275
2015,29.0,0.0,NH Black,hs_or_less,low (<1.3x poverty),0.87,9600.0,0.0,2400.0,1440.0,0.0,7.0,2.0,39.9,5.8,40.0,0.0,1.0,1.0,1.0,1,17480.3948575
2015,24.0,1.0,Mexican American,hs_or_less,middle (1.3-3.5x),1.41,0.0,25920.0,0.0,0.0,3240.0,0.0,2.0,25.0,5.4,38.0,0.0,0.0,0.0,0.0,0,11303.3069665
2015,28.0,1.0,Mexican American,hs_or_less,middle (1.3-3.5x),3.14,0.0,0.0,240.0,0.0,0.0,0.0,4.0,31.9,5.8,50.0,0.0,1.0,1.0,0.0,0,16427.039228
2015,34.0,0.0,Other Hispanic,hs_or_less,low (<1.3x poverty),0.78,0.0,16800.0,1200.0,0.0,2100.0,0.0,3.0,33.7,5.5,66.0,0.0,0.0,1.0,1.0,0,15023.7767815
2015,36.0,0.0,NH White,some_college,middle (1.3-3.5x),1.69,0.0,900.0,0.0,0.0,135.0,0.0,12.0,29.6,4.8,24.0,0.0,0.0,0.0,0.0,0,14736.296402
2015,28.0,0.0,Other Hispanic,hs_or_less,low (<1.3x poverty),5.397605346934028e-79,720.0,0.0,0.0,90.0,0.0,1.0,3.0,29.1,5.2,48.0,0.0,0.0,0.0,0.0,1,17342.2328945
2015,36.0,1.0,Mexican American,hs_or_less,low (<1.3x poverty),0.78,0.0,11520.0,0.0,0.0,1440.0,0.0,8.0,42.1,5.4,53.0,0.0,0.0,1.0,0.0,0,11248.441136
2015,58.0,1.0,Other Hispanic,hs_or_less,middle (1.3-3.5x),2.08,0.0,0.0,0.0,0.0,0.0,0.0,14.0,34.8,5.9,40.0,1.0,1.0,1.0,1.0,0,9469.8829075
2015,39.0,0.0,NH White,hs_or_less,middle (1.3-3.5x),1.65,0.0,0.0,0.0,0.0,0.0,0.0,2.0,31.4,5.7,33.0,0.0,1.0,1.0,0.0,0,14777.991462
2015,34.0,1.0,NH White,hs_or_less,middle (1.3-3.5x),2.67,480.0,0.0,0.0,60.0,0.0,2.0,6.0,23.2,5.1,66.0,0.0,0.0,0.0,0.0,0,58656.926587
2015,44.0,0.0,NH White,college_plus,high (>3.5x),4.94,440.0,0.0,0.0,70.0,0.0,2.0,14.0,30.1,6.3,45.0,0.0,1.0,1.0,0.0,0,55378.7281195
2015,41.0,0.0,Mexican American,hs_or_less,middle (1.3-3.5x),1.47,0.0,0.0,0.0,0.0,0.0,0.0,4.0,23.8,5.2,43.0,0.0,0.0,0.0,1.0,0,15663.163083
2015,24.0,1.0,NH Black,some_college,low (<1.3x poverty),1.28,0.0,0.0,0.0,0.0,0.0,0.0,16.0,47.8,5.3,72.0,0.0,0.0,1.0,0.0,0,17602.8410975
2015,35.0,1.0,Mexican American,hs_or_less,low (<1.3x poverty),0.57,0.0,0.0,0.0,0.0,0.0,0.0,3.0,33.8,5.4,56.0,0.0,0.0,1.0,0.0,0,14423.0098585
2015,61.0,1.0,NH Asian,college_plus,high (>3.5x),4.03,600.0,240.0,0.0,90.0,60.0,2.0,3.0,20.1,5.5,86.0,0.0,0.0,0.0,0.0,1,11387.448285
2015,20.0,0.0,NH White,hs_or_less,low (<1.3x poverty),0.56,1920.0,7200.0,0.0,240.0,900.0,1.0,5.0,50.1,5.1,49.0,0.0,0.0,1.0,1.0,1,25955.5723335
2015,49.0,1.0,NH Black,some_college,middle (1.3-3.5x),1.94,0.0,6000.0,0.0,0.0,1500.0,0.0,4.0,43.3,6.1,64.0,0.0,1.0,1.0,0.0,0,16948.5140245
2015,63.0,0.0,NH White,college_plus,low (<1.3x poverty),1.27,0.0,0.0,80.0,0.0,0.0,0.0,1.0,22.8,5.6,46.0,0.0,0.0,0.0,0.0,0,20790.599664
2015,40.0,1.0,NH Asian,hs_or_less,low (<1.3x poverty),1.24,0.0,0.0,0.0,0.0,0.0,0.0,6.0,19.5,4.7,65.0,0.0,0.0,0.0,0.0,0,12556.8750725
2015,27.0,1.0,NH White,college_plus,high (>3.5x),5.0,1680.0,0.0,0.0,240.0,0.0,5.0,10.0,22.5,5.3,76.0,0.0,0.0,0.0,0.0,1,37476.258176
2015,43.0,1.0,NH Black,college_plus,high (>3.5x),3.72,1160.0,80.0,0.0,155.0,20.0,5.0,8.0,27.7,5.5,59.0,0.0,0.0,0.0,0.0,1,14237.834256
2015,57.0,0.0,NH Asian,hs_or_less,high (>3.5x),5.0,0.0,0.0,0.0,0.0,0.0,0.0,9.0,25.5,5.6,39.0,0.0,0.0,0.0,0.0,0,6908.100568
2015,23.0,1.0,NH White,hs_or_less,middle (1.3-3.5x),1.74,0.0,480.0,0.0,0.0,120.0,0.0,6.0,30.1,4.6,72.0,0.0,0.0,1.0,0.0,0,38173.2433475
2015,65.0,1.0,NH White,some_college,middle (1.3-3.5x),2.74,0.0,44.0,0.0,0.0,11.0,0.0,12.0,24.9,5.9,64.0,0.0,1.0,0.0,0.0,0,73391.0008665
2015,34.0,1.0,NH Asian,college_plus,high (>3.5x),5.0,0.0,0.0,0.0,0.0,0.0,0.0,8.0,23.2,4.9,60.0,0.0,0.0,0.0,0.0,0,11837.604817
2015,31.0,0.0,Mexican American,college_plus,middle (1.3-3.5x),2.12,1920.0,960.0,0.0,420.0,240.0,6.0,6.0,20.0,5.3,53.0,0.0,0.0,0.0,0.0,1,17078.04514
2015,44.0,1.0,NH White,college_plus,high (>3.5x),5.0,0.0,14400.0,0.0,0.0,3240.0,0.0,3.0,22.6,5.7,84.0,0.0,1.0,0.0,0.0,0,15564.9459865
2015,28.0,0.0,Mexican American,hs_or_less,high (>3.5x),4.57,0.0,3600.0,0.0,0.0,600.0,0.0,8.0,30.9,5.9,45.0,0.0,1.0,1.0,0.0,0,23402.220528
2015,42.0,1.0,Mexican American,some_college,low (<1.3x poverty),0.89,1560.0,0.0,0.0,270.0,0.0,7.0,10.0,49.5,5.6,39.0,0.0,0.0,1.0,0.0,1,13620.8186175
2015,34.0,0.0,NH Black,hs_or_less,middle (1.3-3.5x),2.81,0.0,8400.0,0.0,0.0,2100.0,0.0,3.0,27.3,4.3,77.0,0.0,0.0,0.0,0.0,0,10208.3193105
2015,41.0,0.0,NH Black,hs_or_less,middle (1.3-3.5x),2.04,240.0,14400.0,480.0,60.0,3600.0,1.0,6.0,23.3,5.8,44.0,0.0,1.0,0.0,1.0,0,12397.179591
2015,41.0,1.0,NH White,some_college,middle (1.3-3.5x),1.86,540.0,0.0,0.0,135.0,0.0,3.0,12.0,32.7,5.1,52.0,0.0,0.0,1.0,0.0,0,46403.2218565
2015,42.0,1.0,NH Black,hs_or_less,middle (1.3-3.5x),1.48,0.0,0.0,0.0,0.0,0.0,0.0,9.0,19.6,5.6,55.0,0.0,0.0,0.0,0.0,0,8240.5024275
2015,57.0,0.0,NH White,some_college,high (>3.5x),5.0,720.0,23040.0,0.0,150.0,4320.0,2.0,3.0,30.0,5.9,65.0,0.0,1.0,1.0,0.0,1,51791.8440505
2015,44.0,1.0,NH Asian,college_plus,high (>3.5x),5.0,800.0,0.0,0.0,200.0,0.0,5.0,4.0,24.6,5.5,109.0,0.0,0.0,0.0,0.0,1,13852.0154035
2015,56.0,1.0,Other Hispanic,some_college,middle (1.3-3.5x),2.82,0.0,0.0,0.0,0.0,0.0,0.0,6.0,20.5,5.4,61.0,0.0,0.0,0.0,1.0,0,8484.2331435
2015,58.0,0.0,NH White,some_college,middle (1.3-3.5x),2.04,0.0,17280.0,0.0,0.0,2880.0,0.0,4.0,20.9,5.2,78.0,0.0,0.0,0.0,1.0,0,12957.7014945
2015,27.0,0.0,Mexican American,hs_or_less,middle (1.3-3.5x),2.23,0.0,7200.0,0.0,0.0,1800.0,0.0,4.0,58.0,5.8,36.0,0.0,1.0,1.0,0.0,0,17661.31406
2015,34.0,1.0,NH White,some_college,low (<1.3x poverty),0.42,0.0,3600.0,0.0,0.0,900.0,0.0,3.0,25.3,5.3,53.0,0.0,0.0,0.0,0.0,0,30014.5278785
2015,24.0,0.0,Other Hispanic,hs_or_less,low (<1.3x poverty),1.23,3600.0,0.0,1200.0,600.0,0.0,7.0,8.0,27.8,5.3,43.0,0.0,0.0,0.0,1.0,1,14377.0127045
2015,53.0,0.0,NH Black,hs_or_less,low (<1.3x poverty),0.04,0.0,0.0,160.0,0.0,0.0,0.0,1.0,30.6,6.0,46.0,0.0,1.0,1.0,1.0,0,11960.9490015
2015,55.0,1.0,NH Black,college_plus,high (>3.5x),4.96,240.0,0.0,0.0,60.0,0.0,2.0,6.0,46.5,5.6,73.0,0.0,0.0,1.0,0.0,0,18211.33194
2015,55.0,0.0,NH White,college_plus,high (>3.5x),5.0,760.0,7200.0,5760.0,145.0,1800.0,6.0,4.0,28.5,5.8,38.0,0.0,1.0,0.0,0.0,1,62071.5060345
2015,30.0,0.0,NH Black,hs_or_less,low (<1.3x poverty),0.93,2400.0,0.0,0.0,300.0,0.0,5.0,7.0,27.3,5.6,59.0,0.0,0.0,0.0,0.0,1,12926.7490495
2015,55.0,0.0,NH Asian,college_plus,high (>3.5x),4.96,2400.0,0.0,0.0,600.0,0.0,2.0,8.0,26.7,5.8,38.0,0.0,1.0,0.0,0.0,1,9771.663528
2015,61.0,1.0,NH White,hs_or_less,middle (1.3-3.5x),1.82,0.0,0.0,0.0,0.0,0.0,0.0,8.0,25.8,5.7,57.0,0.0,1.0,0.0,0.0,0,77531.969523
2015,61.0,0.0,NH White,hs_or_less,middle (1.3-3.5x),3.37,0.0,0.0,0.0,0.0,0.0,0.0,14.0,34.6,5.4,37.0,0.0,0.0,1.0,1.0,0,62131.35491
2015,44.0,0.0,NH Asian,college_plus,high (>3.5x),5.0,700.0,0.0,0.0,175.0,0.0,5.0,6.0,31.7,6.2,43.0,0.0,1.0,1.0,0.0,1,6553.594926
2015,61.0,0.0,Other Hispanic,some_college,middle (1.3-3.5x),1.49,0.0,0.0,0.0,0.0,0.0,0.0,5.0,30.6,4.7,38.0,0.0,0.0,1.0,0.0,0,5012.447915
2015,40.0,1.0,NH Black,college_plus,middle (1.3-3.5x),2.28,160.0,0.0,320.0,40.0,0.0,2.0,8.0,35.2,10.7,60.0,1.0,1.0,1.0,1.0,0,10947.692979
2015,57.0,1.0,NH Black,hs_or_less,low (<1.3x poverty),1.27,0.0,0.0,0.0,0.0,0.0,0.0,4.0,16.7,5.7,102.0,0.0,1.0,0.0,1.0,0,11329.208892
2015,35.0,1.0,NH Asian,some_college,middle (1.3-3.5x),1.72,0.0,0.0,0.0,0.0,0.0,0.0,4.0,20.2,5.0,66.0,0.0,0.0,0.0,0.0,0,6803.400036
2015,50.0,0.0,NH White,some_college,low (<1.3x poverty),0.85,80.0,0.0,0.0,20.0,0.0,1.0,10.0,44.2,6.7,42.0,1.0,1.0,1.0,0.0,0,14811.3904185
2015,30.0,0.0,Mexican American,college_plus,middle (1.3-3.5x),2.53,0.0,0.0,0.0,0.0,0.0,0.0,11.0,28.9,5.7,42.0,0.0,1.0,0.0,0.0,0,13727.3719295
2015,20.0,0.0,NH Asian,some_college,low (<1.3x poverty),0.94,1560.0,0.0,600.0,255.0,0.0,7.0,4.0,25.0,5.2,59.0,0.0,0.0,0.0,1.0,1,9873.5510885
2015,31.0,1.0,NH Asian,college_plus,high (>3.5x),3.73,0.0,0.0,0.0,0.0,0.0,0.0,8.0,28.4,5.1,50.0,0.0,0.0,0.0,0.0,0,7411.23835
2015,44.0,1.0,Other Hispanic,some_college,high (>3.5x),4.78,0.0,0.0,0.0,0.0,0.0,0.0,3.0,31.3,5.5,43.0,0.0,0.0,1.0,1.0,0,9596.6780095
2015,43.0,1.0,NH Asian,some_college,middle (1.3-3.5x),2.97,0.0,0.0,600.0,0.0,0.0,0.0,5.0,29.1,5.4,47.0,0.0,0.0,0.0,0.0,0,16406.672995
2015,56.0,1.0,Other Hispanic,hs_or_less,middle (1.3-3.5x),2.8,3360.0,0.0,0.0,540.0,0.0,7.0,12.0,32.0,5.1,73.0,0.0,0.0,1.0,0.0,1,15974.7224395
2015,28.0,0.0,NH White,hs_or_less,low (<1.3x poverty),0.85,960.0,7200.0,0.0,240.0,1800.0,2.0,5.0,33.7,4.8,42.0,0.0,0.0,1.0,0.0,1,34993.821708
2015,27.0,1.0,NH Asian,some_college,high (>3.5x),5.0,1440.0,720.0,0.0,180.0,180.0,3.0,5.0,17.9,5.2,68.0,0.0,0.0,0.0,0.0,1,12177.327173
2015,20.0,1.0,NH White,some_college,middle (1.3-3.5x),1.99,0.0,0.0,0.0,0.0,0.0,0.0,4.0,29.0,5.1,40.0,0.0,0.0,0.0,1.0,0,38630.0605155
2015,32.0,1.0,NH White,some_college,high (>3.5x),3.99,360.0,4800.0,0.0,90.0,1200.0,3.0,12.0,46.2,6.9,47.0,1.0,1.0,1.0,0.0,0,53245.136017
2015,35.0,1.0,Other Hispanic,college_plus,high (>3.5x),5.0,1200.0,0.0,400.0,165.0,0.0,4.0,4.0,26.0,5.5,40.0,0.0,0.0,0.0,0.0,1,12719.0588425
2015,61.0,1.0,Mexican American,college_plus,middle (1.3-3.5x),1.51,0.0,360.0,600.0,0.0,90.0,0.0,10.0,32.5,8.4,34.0,1.0,1.0,1.0,0.0,0,3844.81541
2015,61.0,1.0,Other Hispanic,hs_or_less,low (<1.3x poverty),0.85,240.0,0.0,240.0,60.0,0.0,2.0,4.0,27.0,5.4,61.0,0.0,0.0,0.0,0.0,0,4177.9988765
2015,40.0,1.0,Mexican American,hs_or_less,low (<1.3x poverty),0.98,1080.0,720.0,0.0,150.0,180.0,3.0,3.0,29.6,5.4,42.0,0.0,0.0,0.0,0.0,1,16601.8571485
2015,48.0,1.0,Other Hispanic,college_plus,middle (1.3-3.5x),3.3,360.0,0.0,0.0,90.0,0.0,3.0,9.0,32.9,5.7,34.0,0.0,1.0,1.0,0.0,0,12676.5296765
2015,29.0,0.0,NH Asian,hs_or_less,middle (1.3-3.5x),2.47,3840.0,0.0,0.0,480.0,0.0,2.0,6.0,29.8,5.3,56.0,0.0,0.0,0.0,0.0,1,5750.9489975
2015,53.0,1.0,Mexican American,some_college,low (<1.3x poverty),0.75,0.0,0.0,0.0,0.0,0.0,0.0,3.0,35.9,10.9,80.0,1.0,1.0,1.0,0.0,0,10558.1834415
2015,47.0,0.0,NH Black,hs_or_less,middle (1.3-3.5x),1.76,720.0,240.0,0.0,120.0,60.0,2.0,16.0,43.7,7.3,48.0,1.0,1.0,1.0,1.0,1,9221.496195
2015,53.0,1.0,Other Hispanic,some_college,middle (1.3-3.5x),1.76,0.0,6000.0,0.0,0.0,1500.0,0.0,7.0,37.1,5.9,46.0,0.0,1.0,1.0,0.0,0,7571.428511
2015,33.0,1.0,NH Asian,hs_or_less,low (<1.3x poverty),0.95,0.0,0.0,0.0,0.0,0.0,0.0,5.0,22.7,5.3,53.0,0.0,0.0,0.0,0.0,0,11402.074137
2015,28.0,0.0,NH White,some_college,middle (1.3-3.5x),3.3,0.0,6000.0,0.0,0.0,1200.0,0.0,8.0,34.0,5.4,36.0,0.0,0.0,1.0,0.0,0,40409.556227
2015,62.0,1.0,Mexican American,hs_or_less,low (<1.3x poverty),1.26,0.0,0.0,0.0,0.0,0.0,0.0,7.0,43.1,6.3,39.0,0.0,1.0,1.0,0.0,0,4792.877641
2015,32.0,0.0,Other Hispanic,hs_or_less,middle (1.3-3.5x),3.4,840.0,0.0,0.0,150.0,0.0,5.0,1.0,27.0,5.6,62.0,0.0,0.0,0.0,0.0,1,18875.2440935
2015,27.0,1.0,NH Black,some_college,middle (1.3-3.5x),1.77,0.0,5760.0,0.0,0.0,900.0,0.0,5.0,42.6,5.6,56.0,0.0,0.0,1.0,1.0,0,16140.5207205
2015,22.0,1.0,NH Black,hs_or_less,high (>3.5x),5.0,540.0,0.0,0.0,135.0,0.0,3.0,15.0,40.8,4.4,74.0,0.0,0.0,1.0,0.0,0,14748.6580265
2015,48.0,1.0,NH White,some_college,middle (1.3-3.5x),2.08,360.0,14400.0,0.0,90.0,2700.0,3.0,1.0,22.6,5.3,74.0,0.0,0.0,0.0,0.0,0,18581.394036
2015,64.0,1.0,Other Hispanic,hs_or_less,low (<1.3x poverty),0.75,0.0,0.0,0.0,0.0,0.0,0.0,2.0,28.2,6.0,59.0,0.0,1.0,0.0,1.0,0,3833.4594855
2015,47.0,0.0,NH White,hs_or_less,high (>3.5x),5.0,0.0,1200.0,0.0,0.0,300.0,0.0,6.0,29.4,5.2,34.0,0.0,0.0,0.0,1.0,0,79640.645272
2015,44.0,0.0,NH Asian,college_plus,high (>3.5x),5.0,720.0,0.0,0.0,90.0,0.0,3.0,8.0,19.4,5.4,50.0,0.0,0.0,0.0,0.0,1,5501.551773
2015,22.0,0.0,NH Black,some_college,low (<1.3x poverty),1.03,1920.0,0.0,320.0,360.0,0.0,3.0,8.0,31.7,5.6,47.0,0.0,0.0,1.0,0.0,1,11896.1918945
2015,61.0,0.0,NH Black,some_college,low (<1.3x poverty),0.99,0.0,0.0,0.0,0.0,0.0,0.0,10.0,22.4,6.0,63.0,0.0,1.0,0.0,0.0,0,4840.1416865
2015,65.0,0.0,NH Black,some_college,high (>3.5x),5.0,0.0,0.0,0.0,0.0,0.0,0.0,6.0,25.8,6.0,40.0,0.0,1.0,0.0,0.0,0,7272.672369
2015,65.0,0.0,NH White,college_plus,middle (1.3-3.5x),3.3,0.0,80.0,0.0,0.0,20.0,0.0,14.0,28.9,5.5,29.0,0.0,0.0,0.0,0.0,0,63293.7701225
2015,25.0,1.0,NH White,some_college,middle (1.3-3.5x),1.61,120.0,1200.0,180.0,30.0,300.0,1.0,6.0,33.5,5.0,47.0,0.0,0.0,1.0,0.0,0,46893.513288
2015,63.0,0.0,Other Hispanic,hs_or_less,middle (1.3-3.5x),1.87,0.0,0.0,0.0,0.0,0.0,0.0,8.0,38.0,6.3,49.0,0.0,1.0,1.0,1.0,0,4056.8451655
2015,45.0,0.0,NH Asian,college_plus,middle (1.3-3.5x),2.55,360.0,2400.0,0.0,90.0,600.0,3.0,10.0,29.4,7.8,31.0,1.0,1.0,0.0,1.0,0,7809.1712855
2015,62.0,1.0,Other Hispanic,hs_or_less,middle (1.3-3.5x),1.49,360.0,720.0,0.0,90.0,180.0,3.0,8.0,41.2,6.0,61.0,0.0,1.0,1.0,1.0,0,4611.764113
2015,34.0,1.0,NH Asian,college_plus,high (>3.5x),5.0,0.0,0.0,0.0,0.0,0.0,0.0,8.0,26.3,5.5,38.0,0.0,0.0,0.0,0.0,0,12011.964725
2015,42.0,1.0,Other Hispanic,college_plus,middle (1.3-3.5x),2.6,3240.0,0.0,0.0,450.0,0.0,6.0,5.0,20.6,5.2,71.0,0.0,0.0,0.0,0.0,1,10282.871632
2015,52.0,1.0,NH Black,college_plus,middle (1.3-3.5x),3.22,720.0,0.0,0.0,180.0,0.0,3.0,5.0,28.8,5.4,,0.0,0.0,0.0,0.0,1,13303.063396
2015,53.0,1.0,NH Black,hs_or_less,middle (1.3-3.5x),2.29,0.0,2160.0,0.0,0.0,540.0,0.0,6.0,25.0,5.8,57.0,0.0,1.0,0.0,0.0,0,10692.122367
2015,36.0,1.0,NH White,college_plus,high (>3.5x),5.0,240.0,0.0,240.0,60.0,0.0,2.0,9.0,29.0,6.0,86.0,1.0,1.0,0.0,0.0,0,54033.52872
2015,55.0,1.0,NH White,hs_or_less,middle (1.3-3.5x),2.56,0.0,0.0,0.0,0.0,0.0,0.0,9.0,24.6,5.8,49.0,0.0,1.0,0.0,0.0,0,31408.2497785
2015,46.0,1.0,NH Black,college_plus,high (>3.5x),5.0,5760.0,0.0,0.0,900.0,0.0,6.0,9.0,24.2,5.1,66.0,0.0,0.0,0.0,0.0,1,12964.394012
2015,46.0,0.0,NH Black,some_college,low (<1.3x poverty),1.01,1080.0,0.0,0.0,135.0,0.0,3.0,7.0,25.2,5.7,72.0,0.0,1.0,0.0,0.0,1,11959.4356315
2015,64.0,0.0,Other Hispanic,hs_or_less,middle (1.3-3.5x),1.33,0.0,720.0,0.0,0.0,180.0,0.0,8.0,33.4,5.9,43.0,0.0,1.0,1.0,0.0,0,4357.352215
2015,23.0,1.0,Mexican American,some_college,low (<1.3x poverty),0.51,1200.0,1080.0,0.0,150.0,270.0,5.0,4.0,38.7,5.7,42.0,0.0,1.0,1.0,0.0,1,16202.761489
2015,20.0,0.0,NH White,hs_or_less,middle (1.3-3.5x),2.36,720.0,34560.0,480.0,135.0,6120.0,4.0,3.0,25.1,5.0,36.0,0.0,0.0,0.0,0.0,1,71575.1286505
2015,28.0,0.0,Other/Multi,hs_or_less,low (<1.3x poverty),0.75,0.0,16800.0,720.0,0.0,2400.0,0.0,6.0,21.5,5.2,45.0,0.0,0.0,0.0,0.0,0,23842.4679085
2015,47.0,1.0,NH White,some_college,high (>3.5x),5.0,0.0,0.0,0.0,0.0,0.0,0.0,9.0,33.9,5.8,38.0,0.0,1.0,1.0,0.0,0,72361.727072
2015,27.0,0.0,NH Black,hs_or_less,low (<1.3x poverty),0.25,1920.0,480.0,0.0,360.0,120.0,3.0,0.3333333333333333,20.6,5.6,58.0,0.0,0.0,0.0,0.0,1,14694.4427915
2015,49.0,1.0,NH Asian,hs_or_less,low (<1.3x poverty),1.03,0.0,0.0,0.0,0.0,0.0,0.0,1.0,22.9,5.3,84.0,0.0,0.0,0.0,1.0,0,15775.0831925
2015,23.0,0.0,Mexican American,some_college,low (<1.3x poverty),0.75,0.0,2880.0,0.0,0.0,420.0,0.0,5.0,30.6,5.3,73.0,0.0,0.0,1.0,0.0,0,21238.554466
2015,31.0,0.0,NH Asian,hs_or_less,middle (1.3-3.5x),1.55,0.0,2880.0,0.0,0.0,720.0,0.0,3.0,31.7,5.6,63.0,0.0,0.0,1.0,0.0,0,9255.290979
2015,24.0,0.0,NH White,hs_or_less,middle (1.3-3.5x),1.74,1920.0,3600.0,0.0,300.0,720.0,5.0,8.0,24.4,5.1,44.0,0.0,0.0,0.0,0.0,1,29860.654269
2015,61.0,1.0,NH Black,some_college,middle (1.3-3.5x),1.35,0.0,1440.0,0.0,0.0,360.0,0.0,9.0,39.3,6.8,44.0,1.0,1.0,1.0,1.0,0,10499.841238
2015,25.0,0.0,NH Asian,college_plus,middle (1.3-3.5x),3.06,1440.0,120.0,160.0,180.0,30.0,3.0,6.0,25.2,5.0,81.0,0.0,0.0,0.0,0.0,1,7666.23842
2015,23.0,1.0,NH White,college_plus,middle (1.3-3.5x),1.56,1440.0,0.0,0.0,240.0,0.0,7.0,5.0,17.9,5.0,58.0,0.0,0.0,0.0,0.0,1,55281.62647
2015,49.0,0.0,NH White,college_plus,high (>3.5x),5.0,0.0,0.0,0.0,0.0,0.0,0.0,8.0,24.9,5.6,43.0,0.0,0.0,0.0,0.0,0,44567.05088
2015,28.0,1.0,Mexican American,hs_or_less,low (<1.3x poverty),0.18,0.0,0.0,480.0,0.0,0.0,0.0,8.0,25.7,4.7,78.0,0.0,0.0,0.0,0.0,0,12132.294401
2015,59.0,0.0,NH Black,some_college,high (>3.5x),4.46,0.0,0.0,0.0,0.0,0.0,0.0,8.0,46.9,7.8,59.0,1.0,1.0,1.0,1.0,0,10676.560934
2015,63.0,1.0,NH White,some_college,middle (1.3-3.5x),2.2,0.0,4800.0,0.0,0.0,720.0,0.0,6.0,34.0,5.5,66.0,0.0,0.0,1.0,0.0,0,77874.6474435
2015,33.0,1.0,NH Asian,college_plus,middle (1.3-3.5x),2.43,480.0,2880.0,0.0,120.0,720.0,4.0,6.0,30.5,5.0,46.0,0.0,0.0,1.0,0.0,0,14672.132393
2015,28.0,1.0,NH Asian,college_plus,high (>3.5x),5.0,360.0,480.0,0.0,90.0,120.0,3.0,5.0,36.3,5.9,56.0,0.0,1.0,1.0,0.0,0,12234.216883
2015,65.0,1.0,Other/Multi,some_college,middle (1.3-3.5x),1.71,0.0,1440.0,0.0,0.0,360.0,0.0,4.0,35.6,6.6,55.0,1.0,1.0,1.0,1.0,0,24913.329236
2015,35.0,1.0,Mexican American,college_plus,middle (1.3-3.5x),2.53,0.0,0.0,0.0,0.0,0.0,0.0,11.0,37.8,5.1,45.0,0.0,0.0,1.0,1.0,0,19474.768939
2015,45.0,1.0,NH White,some_college,high (>3.5x),5.0,1440.0,160.0,0.0,240.0,40.0,5.0,10.0,26.2,5.2,105.0,0.0,0.0,0.0,0.0,1,54027.927028
2015,23.0,0.0,NH White,some_college,middle (1.3-3.5x),2.81,4200.0,1440.0,0.0,600.0,360.0,7.0,6.5,22.7,5.3,47.0,0.0,0.0,0.0,0.0,1,29642.0511605
2015,55.0,0.0,NH White,hs_or_less,low (<1.3x poverty),1.01,0.0,0.0,0.0,0.0,0.0,0.0,8.0,35.7,8.8,40.0,1.0,1.0,1.0,1.0,0,12225.0320355
2015,65.0,0.0,NH White,hs_or_less,middle (1.3-3.5x),1.82,720.0,3600.0,600.0,180.0,900.0,3.0,2.0,29.6,5.7,43.0,0.0,1.0,0.0,0.0,1,15092.5051355
2015,25.0,0.0,NH Asian,college_plus,middle (1.3-3.5x),2.1,1240.0,0.0,180.0,170.0,0.0,6.0,10.0,24.0,5.4,47.0,0.0,0.0,0.0,0.0,1,21748.692395
2015,36.0,0.0,NH Asian,college_plus,high (>3.5x),5.0,0.0,0.0,0.0,0.0,0.0,0.0,10.0,27.7,5.6,35.0,0.0,0.0,0.0,1.0,0,13879.3521295
2015,55.0,0.0,Other/Multi,hs_or_less,middle (1.3-3.5x),3.09,0.0,240.0,0.0,0.0,30.0,0.0,4.0,39.5,6.1,58.0,0.0,1.0,1.0,1.0,0,65346.3998855
2015,61.0,0.0,Mexican American,some_college,middle (1.3-3.5x),2.74,4800.0,28800.0,0.0,1200.0,4800.0,5.0,4.0,30.7,5.8,31.0,0.0,1.0,1.0,0.0,1,4147.742337
2015,58.0,0.0,NH White,some_college,high (>3.5x),5.0,0.0,12000.0,0.0,0.0,2100.0,0.0,5.0,25.1,5.4,44.0,0.0,0.0,0.0,0.0,0,61566.0420085
2015,39.0,0.0,NH White,some_college,middle (1.3-3.5x),2.44,0.0,11520.0,0.0,0.0,1680.0,0.0,4.0,25.3,5.4,42.0,0.0,0.0,0.0,0.0,0,38727.247181
2015,31.0,1.0,NH White,college_plus,high (>3.5x),5.0,2640.0,0.0,0.0,360.0,0.0,7.0,6.0,25.9,5.0,74.0,0.0,0.0,0.0,0.0,1,62829.2970515
2015,46.0,1.0,Mexican American,hs_or_less,middle (1.3-3.5x),1.41,0.0,0.0,0.0,0.0,0.0,0.0,3.0,37.7,5.7,48.0,0.0,1.0,1.0,1.0,0,12500.6552555
2015,40.0,0.0,NH Black,college_plus,middle (1.3-3.5x),1.84,1160.0,0.0,0.0,170.0,0.0,5.0,12.0,34.7,5.6,31.0,0.0,0.0,1.0,0.0,1,8956.711638
2015,38.0,1.0,NH Black,hs_or_less,low (<1.3x poverty),0.52,5040.0,0.0,80.0,720.0,0.0,7.0,4.0,26.2,5.7,50.0,0.0,1.0,0.0,1.0,1,8701.833656
2015,62.0,1.0,Mexican American,hs_or_less,middle (1.3-3.5x),2.01,0.0,0.0,0.0,0.0,0.0,0.0,8.0,51.6,6.2,43.0,0.0,1.0,1.0,0.0,0,4792.877641
2015,32.0,0.0,Other/Multi,college_plus,middle (1.3-3.5x),3.29,240.0,480.0,0.0,30.0,60.0,1.0,4.0,33.5,5.0,32.0,0.0,0.0,1.0,0.0,0,55019.7195895
2015,21.0,1.0,NH White,hs_or_less,middle (1.3-3.5x),1.68,720.0,3360.0,600.0,120.0,660.0,4.0,6.0,22.1,5.2,55.0,0.0,0.0,0.0,0.0,1,42806.6555505
2015,61.0,0.0,NH Black,some_college,middle (1.3-3.5x),1.58,240.0,0.0,0.0,60.0,0.0,1.0,8.0,28.4,5.8,37.0,0.0,1.0,0.0,0.0,0,7757.5171935
2015,59.0,0.0,Other Hispanic,hs_or_less,high (>3.5x),3.7,1680.0,240.0,0.0,300.0,60.0,5.0,5.0,28.8,6.1,64.0,1.0,1.0,0.0,0.0,1,10300.983496
2015,63.0,0.0,NH Black,hs_or_less,middle (1.3-3.5x),3.28,0.0,7200.0,0.0,0.0,900.0,0.0,5.0,21.4,4.9,70.0,0.0,0.0,0.0,0.0,0,7811.7370935
2015,27.0,1.0,Mexican American,some_college,low (<1.3x poverty),1.24,3360.0,0.0,0.0,600.0,0.0,4.0,2.0,24.6,5.3,58.0,0.0,0.0,0.0,0.0,1,11566.1745705
2015,55.0,1.0,NH White,hs_or_less,low (<1.3x poverty),1.03,240.0,5760.0,0.0,60.0,720.0,1.0,4.0,28.9,5.4,60.0,0.0,0.0,0.0,0.0,0,64361.299708
2015,50.0,1.0,Mexican American,college_plus,high (>3.5x),4.46,3600.0,0.0,0.0,540.0,0.0,7.0,5.0,19.4,5.0,81.0,0.0,0.0,0.0,0.0,1,10361.037764
2015,22.0,0.0,NH Asian,college_plus,middle (1.3-3.5x),1.49,0.0,0.0,400.0,0.0,0.0,0.0,11.0,24.1,4.3,38.0,0.0,0.0,0.0,0.0,0,6269.3403545
2015,48.0,1.0,Other Hispanic,hs_or_less,high (>3.5x),4.22,0.0,0.0,0.0,0.0,0.0,0.0,4.0,37.9,5.9,23.0,1.0,1.0,1.0,1.0,0,10494.1975015
2015,45.0,1.0,NH Black,college_plus,middle (1.3-3.5x),2.56,360.0,0.0,240.0,90.0,0.0,2.0,10.0,27.3,4.7,44.0,0.0,0.0,0.0,0.0,0,10587.176519
2015,54.0,0.0,NH White,hs_or_less,high (>3.5x),5.0,0.0,7200.0,0.0,0.0,1260.0,0.0,6.0,26.4,5.9,58.0,0.0,1.0,0.0,0.0,0,51629.725718
2015,61.0,0.0,NH Black,hs_or_less,high (>3.5x),5.0,240.0,12000.0,0.0,60.0,1500.0,1.0,2.0,40.2,6.2,42.0,0.0,1.0,1.0,0.0,0,4592.3887935
2015,56.0,1.0,NH White,college_plus,high (>3.5x),5.0,1560.0,0.0,0.0,240.0,0.0,6.0,3.0,33.4,5.3,78.0,0.0,0.0,1.0,0.0,1,48299.5036535
2015,22.0,0.0,NH Black,hs_or_less,middle (1.3-3.5x),3.45,0.0,0.0,0.0,0.0,0.0,0.0,8.0,20.8,4.4,74.0,0.0,0.0,0.0,0.0,0,18398.3877745
2015,38.0,0.0,Mexican American,hs_or_less,middle (1.3-3.5x),1.31,2160.0,0.0,80.0,360.0,0.0,6.0,6.0,38.9,5.7,40.0,0.0,1.0,1.0,1.0,1,20541.7331525
2015,44.0,1.0,NH White,some_college,middle (1.3-3.5x),2.2,0.0,0.0,600.0,0.0,0.0,0.0,15.0,26.9,5.6,47.0,0.0,0.0,0.0,0.0,0,91482.178254
2015,52.0,1.0,NH White,college_plus,high (>3.5x),5.0,1200.0,0.0,0.0,300.0,0.0,5.0,10.0,24.1,5.8,44.0,1.0,1.0,0.0,0.0,1,80652.7697425
2015,37.0,0.0,Other Hispanic,hs_or_less,low (<1.3x poverty),0.17,0.0,0.0,0.0,0.0,0.0,0.0,6.0,24.7,5.5,47.0,0.0,0.0,0.0,0.0,0,13793.9571845
2015,52.0,1.0,NH White,some_college,high (>3.5x),3.77,0.0,2400.0,0.0,0.0,600.0,0.0,8.0,25.7,5.7,46.0,0.0,1.0,0.0,0.0,0,23055.37782
2015,37.0,1.0,NH Asian,hs_or_less,middle (1.3-3.5x),2.02,240.0,0.0,0.0,60.0,0.0,2.0,7.0,28.8,5.0,104.0,0.0,0.0,0.0,0.0,0,11516.3492815
2015,27.0,0.0,NH Black,some_college,low (<1.3x poverty),1.22,2880.0,720.0,0.0,360.0,180.0,2.0,6.0,21.2,5.9,62.0,0.0,1.0,0.0,0.0,1,14854.709153
2015,65.0,0.0,Other Hispanic,hs_or_less,low (<1.3x poverty),0.7,360.0,0.0,0.0,90.0,0.0,3.0,8.0,35.9,6.1,21.0,0.0,1.0,1.0,0.0,0,4126.64178
2015,58.0,1.0,NH White,hs_or_less,high (>3.5x),5.0,0.0,160.0,0.0,0.0,40.0,0.0,10.0,20.3,5.3,71.0,0.0,0.0,0.0,0.0,0,53080.8899445
2015,52.0,1.0,Other Hispanic,some_college,middle (1.3-3.5x),1.95,0.0,16320.0,0.0,0.0,2280.0,0.0,2.0,36.8,8.0,40.0,1.0,1.0,1.0,0.0,0,8055.738484
2015,45.0,0.0,NH Black,college_plus,middle (1.3-3.5x),1.31,0.0,3840.0,0.0,0.0,720.0,0.0,8.0,25.7,5.4,43.0,0.0,0.0,0.0,0.0,0,17528.8300815
2015,24.0,1.0,NH Asian,some_college,high (>3.5x),5.0,0.0,0.0,0.0,0.0,0.0,0.0,3.0,23.9,5.1,58.0,0.0,0.0,0.0,0.0,0,11814.350441
2015,51.0,0.0,Other/Multi,college_plus,middle (1.3-3.5x),3.43,0.0,0.0,0.0,0.0,0.0,0.0,8.0,33.7,5.3,39.0,1.0,1.0,1.0,1.0,0,73668.8669985
2015,61.0,0.0,Other Hispanic,hs_or_less,middle (1.3-3.5x),1.9,0.0,18240.0,0.0,0.0,2640.0,0.0,2.0,30.8,6.0,39.0,0.0,1.0,1.0,0.0,0,4294.440366
2015,36.0,1.0,NH White,hs_or_less,middle (1.3-3.5x),1.41,0.0,1080.0,0.0,0.0,210.0,0.0,6.0,17.7,4.7,69.0,0.0,0.0,0.0,1.0,0,23732.52925
2015,29.0,1.0,NH Black,college_plus,high (>3.5x),5.0,6240.0,0.0,0.0,840.0,0.0,7.0,11.0,32.6,5.1,52.0,0.0,0.0,1.0,0.0,1,15010.935137
2015,22.0,1.0,NH Black,some_college,low (<1.3x poverty),0.84,0.0,6000.0,0.0,0.0,1350.0,0.0,8.0,44.0,5.4,63.0,0.0,0.0,1.0,1.0,0,13696.6608225
2015,21.0,0.0,NH White,some_college,high (>3.5x),5.0,0.0,7680.0,0.0,0.0,1920.0,0.0,8.0,33.2,5.0,39.0,0.0,0.0,1.0,0.0,0,50454.334136
2015,37.0,0.0,NH White,some_college,middle (1.3-3.5x),3.22,1080.0,3360.0,1920.0,180.0,720.0,6.0,7.0,44.0,5.2,49.0,0.0,0.0,1.0,0.0,1,56026.543237
2015,63.0,0.0,NH Black,hs_or_less,middle (1.3-3.5x),1.74,0.0,0.0,0.0,0.0,0.0,0.0,6.0,24.1,5.2,76.0,0.0,0.0,0.0,0.0,0,5822.5355615
2015,54.0,0.0,NH Asian,college_plus,middle (1.3-3.5x),1.99,160.0,200.0,0.0,40.0,50.0,2.0,2.0,26.3,5.6,42.0,0.0,0.0,0.0,0.0,0,7161.446167
2015,32.0,0.0,NH Black,college_plus,middle (1.3-3.5x),1.65,2160.0,0.0,360.0,360.0,0.0,6.0,3.0,35.7,5.0,40.0,0.0,0.0,1.0,0.0,1,14111.5428905
2015,64.0,1.0,NH White,hs_or_less,low (<1.3x poverty),1.06,0.0,0.0,0.0,0.0,0.0,0.0,12.0,27.8,4.8,49.0,0.0,0.0,0.0,0.0,0,25783.7567005
2015,24.0,0.0,NH Asian,college_plus,high (>3.5x),4.55,2120.0,240.0,400.0,305.0,30.0,7.0,12.0,27.5,5.5,44.0,0.0,0.0,0.0,0.0,1,11731.5306595
2015,39.0,1.0,NH Asian,hs_or_less,middle (1.3-3.5x),1.44,1800.0,720.0,240.0,450.0,180.0,5.0,6.0,25.6,5.7,33.0,0.0,1.0,0.0,0.0,1,6780.879896
2015,56.0,0.0,NH White,some_college,low (<1.3x poverty),1.19,0.0,0.0,0.0,0.0,0.0,0.0,4.0,40.1,6.8,33.0,1.0,1.0,1.0,0.0,0,17940.4169735
2015,44.0,1.0,NH Black,hs_or_less,middle (1.3-3.5x),1.86,0.0,0.0,0.0,0.0,0.0,0.0,8.0,39.1,5.9,60.0,0.0,1.0,1.0,0.0,0,14410.9999585
2015,54.0,1.0,Mexican American,some_college,middle (1.3-3.5x),2.76,0.0,0.0,0.0,0.0,0.0,0.0,5.0,32.1,5.5,64.0,0.0,0.0,1.0,0.0,0,5723.567967
2015,60.0,0.0,NH Black,hs_or_less,low (<1.3x poverty),0.59,720.0,4320.0,0.0,180.0,1080.0,1.0,4.0,25.6,6.1,58.0,0.0,1.0,0.0,1.0,1,6133.76027
2015,41.0,0.0,NH Black,college_plus,high (>3.5x),5.0,1120.0,0.0,0.0,140.0,0.0,4.0,6.0,26.2,5.6,47.0,0.0,0.0,0.0,0.0,1,21959.223475
2015,24.0,1.0,NH Asian,college_plus,low (<1.3x poverty),0.4,840.0,0.0,600.0,150.0,0.0,3.0,10.0,19.7,5.1,64.0,0.0,0.0,0.0,0.0,1,13320.4826365
2015,35.0,1.0,NH Black,some_college,middle (1.3-3.5x),1.69,0.0,0.0,0.0,0.0,0.0,0.0,5.0,38.8,5.7,76.0,0.0,1.0,1.0,0.0,0,13962.737256
2015,30.0,1.0,Mexican American,some_college,low (<1.3x poverty),0.2,0.0,7680.0,0.0,0.0,1920.0,0.0,2.0,32.0,4.9,56.0,0.0,0.0,1.0,1.0,0,11938.1383545
2015,53.0,1.0,NH White,hs_or_less,low (<1.3x poverty),0.89,240.0,5760.0,480.0,60.0,1440.0,4.0,2.0,24.5,5.8,64.0,0.0,1.0,0.0,0.0,0,27496.265321
2015,22.0,0.0,NH White,some_college,low (<1.3x poverty),1.09,0.0,40.0,240.0,0.0,10.0,0.0,11.0,26.6,5.3,60.0,0.0,0.0,0.0,1.0,0,34352.5256855
2015,44.0,1.0,NH Black,college_plus,high (>3.5x),5.0,240.0,0.0,0.0,60.0,0.0,2.0,7.0,38.2,5.0,59.0,0.0,0.0,1.0,0.0,0,12119.088215
2015,29.0,1.0,NH Asian,college_plus,middle (1.3-3.5x),3.47,0.0,0.0,0.0,0.0,0.0,0.0,8.0,31.0,5.7,52.0,0.0,1.0,1.0,0.0,0,11387.716753
2015,28.0,1.0,NH Black,some_college,middle (1.3-3.5x),2.0,720.0,0.0,0.0,180.0,0.0,3.0,4.0,23.1,4.9,80.0,0.0,0.0,0.0,0.0,1,9005.81581
2015,28.0,1.0,Mexican American,some_college,middle (1.3-3.5x),1.69,720.0,480.0,0.0,90.0,120.0,3.0,8.0,25.3,4.9,64.0,0.0,0.0,0.0,0.0,1,11076.560089
2015,26.0,0.0,Other Hispanic,some_college,low (<1.3x poverty),0.74,0.0,5920.0,0.0,0.0,760.0,0.0,10.0,43.2,5.7,42.0,0.0,1.0,1.0,1.0,0,17344.00979
2015,65.0,0.0,NH White,some_college,high (>3.5x),3.68,480.0,16800.0,720.0,120.0,2400.0,4.0,3.0,32.0,6.2,33.0,1.0,1.0,1.0,0.0,0,91233.3846155
2015,62.0,0.0,Mexican American,college_plus,middle (1.3-3.5x),1.55,0.0,0.0,0.0,0.0,0.0,0.0,4.0,27.5,5.8,41.0,0.0,1.0,0.0,0.0,0,5412.710268
2015,55.0,0.0,NH White,some_college,high (>3.5x),5.0,2880.0,360.0,0.0,360.0,90.0,2.0,12.0,31.1,5.8,53.0,0.0,1.0,1.0,0.0,1,66632.1830675
2015,26.0,1.0,Other Hispanic,college_plus,high (>3.5x),4.07,1200.0,0.0,0.0,210.0,0.0,7.0,3.0,18.7,4.7,81.0,0.0,0.0,0.0,0.0,1,16101.31047
2015,34.0,0.0,NH White,hs_or_less,middle (1.3-3.5x),1.69,720.0,17280.0,800.0,180.0,2160.0,4.0,4.5,23.2,5.2,54.0,0.0,0.0,0.0,0.0,1,18579.5425585
2015,52.0,0.0,NH Black,some_college,high (>3.5x),5.0,960.0,0.0,0.0,240.0,0.0,4.0,14.0,41.1,6.2,57.0,1.0,1.0,1.0,1.0,1,13249.309165
2015,46.0,0.0,Mexican American,hs_or_less,low (<1.3x poverty),0.31,0.0,19680.0,0.0,0.0,2520.0,0.0,1.0,31.3,5.5,52.0,0.0,0.0,1.0,1.0,0,15626.8905035
2015,59.0,0.0,NH Black,hs_or_less,middle (1.3-3.5x),3.05,0.0,2160.0,0.0,0.0,540.0,0.0,6.0,30.1,11.2,77.0,1.0,1.0,1.0,1.0,0,11017.46849
2015,63.0,0.0,NH White,some_college,low (<1.3x poverty),1.01,320.0,2400.0,0.0,80.0,600.0,2.0,6.0,35.3,7.3,40.0,1.0,1.0,1.0,0.0,0,14321.4811115
2015,46.0,0.0,NH Black,hs_or_less,middle (1.3-3.5x),2.38,0.0,14400.0,0.0,0.0,2400.0,0.0,4.0,34.6,6.5,41.0,1.0,1.0,1.0,1.0,0,10916.8036845
2015,21.0,0.0,Mexican American,some_college,middle (1.3-3.5x),1.54,1800.0,600.0,240.0,270.0,150.0,6.0,2.0,22.9,5.4,51.0,0.0,0.0,0.0,0.0,1,16229.297899
2015,59.0,1.0,Other Hispanic,some_college,middle (1.3-3.5x),3.42,500.0,480.0,0.0,125.0,120.0,5.0,3.0,32.3,5.8,42.0,0.0,1.0,1.0,0.0,0,8611.47977
2015,38.0,1.0,NH Black,some_college,middle (1.3-3.5x),2.62,0.0,28800.0,0.0,0.0,4800.0,0.0,5.0,40.4,5.7,49.0,0.0,1.0,1.0,1.0,0,12133.519048
2015,38.0,0.0,Other Hispanic,some_college,middle (1.3-3.5x),2.2,60.0,360.0,0.0,15.0,90.0,1.0,8.0,29.4,5.3,42.0,0.0,0.0,0.0,0.0,0,16650.8106015
2015,40.0,1.0,Mexican American,some_college,middle (1.3-3.5x),2.68,3600.0,3600.0,0.0,600.0,600.0,7.0,8.0,52.8,8.6,39.0,1.0,1.0,1.0,1.0,1,10885.669335
2015,43.0,1.0,Mexican American,hs_or_less,low (<1.3x poverty),1.13,0.0,4800.0,0.0,0.0,1200.0,0.0,4.0,37.1,6.0,51.0,0.0,1.0,1.0,0.0,0,7969.058738
2015,29.0,1.0,Other/Multi,college_plus,high (>3.5x),5.0,720.0,0.0,0.0,120.0,0.0,4.0,10.0,34.0,5.3,42.0,0.0,0.0,1.0,0.0,1,11539.361128
2015,65.0,0.0,NH Asian,college_plus,low (<1.3x poverty),0.68,1200.0,0.0,0.0,300.0,0.0,5.0,6.0,23.9,9.5,44.0,1.0,1.0,0.0,0.0,1,11030.0095565
2015,48.0,1.0,NH White,college_plus,high (>3.5x),5.0,1080.0,0.0,0.0,180.0,0.0,6.0,4.0,29.9,5.4,51.0,0.0,0.0,0.0,0.0,1,65514.6690675
2015,53.0,1.0,NH Black,some_college,low (<1.3x poverty),0.63,180.0,0.0,0.0,45.0,0.0,1.0,3.0,35.5,5.9,85.0,0.0,1.0,1.0,0.0,0,10860.620678
2015,31.0,1.0,NH Black,hs_or_less,low (<1.3x poverty),0.54,2880.0,4800.0,2880.0,720.0,1200.0,2.0,9.0,20.2,5.6,47.0,0.0,0.0,0.0,0.0,1,11980.085021
2015,26.0,0.0,Other Hispanic,some_college,middle (1.3-3.5x),2.31,120.0,0.0,0.0,15.0,0.0,1.0,8.0,21.1,4.8,43.0,0.0,0.0,0.0,0.0,0,18731.2494525
2015,39.0,1.0,Other Hispanic,some_college,middle (1.3-3.5x),1.47,0.0,0.0,0.0,0.0,0.0,0.0,11.0,33.0,5.2,44.0,0.0,0.0,1.0,0.0,0,10247.171577
2015,60.0,0.0,Other Hispanic,some_college,low (<1.3x poverty),1.0,0.0,0.0,720.0,0.0,0.0,0.0,5.0,35.7,6.1,26.0,0.0,1.0,1.0,0.0,0,3454.0635795
2015,30.0,0.0,NH White,hs_or_less,high (>3.5x),4.88,4560.0,2880.0,2160.0,690.0,480.0,7.0,2.0,28.2,4.9,33.0,0.0,0.0,0.0,0.0,1,13930.1085585
2015,51.0,1.0,NH Black,college_plus,high (>3.5x),4.98,0.0,400.0,0.0,0.0,100.0,0.0,10.0,32.5,5.7,55.0,0.0,1.0,1.0,0.0,0,16656.135804
2015,29.0,1.0,NH White,college_plus,high (>3.5x),5.0,480.0,1200.0,600.0,120.0,210.0,2.0,4.0,22.1,4.3,86.0,0.0,0.0,0.0,0.0,0,55275.2943965
2015,42.0,0.0,Other Hispanic,hs_or_less,low (<1.3x poverty),1.26,0.0,0.0,0.0,0.0,0.0,0.0,3.0,37.0,5.7,22.0,0.0,1.0,1.0,0.0,0,21061.3669315
2015,44.0,1.0,NH White,hs_or_less,middle (1.3-3.5x),2.64,0.0,0.0,0.0,0.0,0.0,0.0,4.0,38.6,5.4,53.0,0.0,0.0,1.0,0.0,0,49916.5712975
2015,41.0,0.0,NH White,hs_or_less,high (>3.5x),3.52,480.0,0.0,0.0,60.0,0.0,2.0,3.0,23.3,4.7,57.0,0.0,0.0,0.0,0.0,0,45213.340595
2015,44.0,1.0,NH White,college_plus,low (<1.3x poverty),1.02,160.0,0.0,0.0,40.0,0.0,1.0,2.0,31.7,5.2,59.0,0.0,0.0,1.0,0.0,0,21529.877278
2015,23.0,0.0,NH Asian,college_plus,low (<1.3x poverty),5.397605346934028e-79,3680.0,0.0,500.0,470.0,0.0,6.0,8.0,26.3,5.2,31.0,0.0,0.0,0.0,0.0,1,7521.777976
2015,44.0,1.0,NH White,hs_or_less,middle (1.3-3.5x),1.59,720.0,0.0,0.0,90.0,0.0,1.0,9.0,28.6,5.7,41.0,0.0,1.0,0.0,0.0,1,15353.954311
2015,50.0,0.0,NH White,hs_or_less,high (>3.5x),5.0,0.0,0.0,0.0,0.0,0.0,0.0,8.0,24.8,5.8,48.0,0.0,1.0,0.0,0.0,0,83644.849515
2015,29.0,1.0,NH White,some_college,high (>3.5x),4.42,480.0,0.0,480.0,120.0,0.0,2.0,8.0,25.3,5.1,66.0,0.0,0.0,0.0,0.0,0,28755.8099725
2015,32.0,0.0,NH Black,hs_or_less,middle (1.3-3.5x),2.99,1920.0,0.0,0.0,240.0,0.0,1.0,3.0,19.3,5.3,58.0,0.0,0.0,0.0,0.0,1,17421.890059
2015,39.0,1.0,NH Asian,college_plus,low (<1.3x poverty),0.91,0.0,0.0,0.0,0.0,0.0,0.0,5.0,26.9,5.0,52.0,0.0,0.0,0.0,0.0,0,11002.548998
2015,62.0,0.0,Other Hispanic,some_college,high (>3.5x),5.0,480.0,720.0,0.0,120.0,180.0,2.0,7.0,37.2,5.7,53.0,0.0,1.0,1.0,0.0,0,3955.035706
2015,65.0,0.0,NH White,college_plus,high (>3.5x),5.0,2160.0,0.0,0.0,390.0,0.0,6.0,3.0,27.0,5.6,57.0,0.0,0.0,0.0,0.0,1,59720.0982225
2015,65.0,1.0,Other Hispanic,hs_or_less,middle (1.3-3.5x),1.58,0.0,0.0,0.0,0.0,0.0,0.0,2.3333333333333335,40.2,5.6,46.0,0.0,0.0,1.0,0.0,0,3813.27454
2015,31.0,0.0,Mexican American,hs_or_less,low (<1.3x poverty),0.6,0.0,0.0,0.0,0.0,0.0,0.0,1.0,27.1,5.3,44.0,0.0,0.0,0.0,1.0,0,13272.778431
2015,61.0,0.0,NH White,some_college,low (<1.3x poverty),1.18,0.0,480.0,160.0,0.0,120.0,0.0,8.0,33.4,5.9,27.0,0.0,1.0,1.0,1.0,0,19706.3764765
2015,26.0,1.0,NH Black,some_college,middle (1.3-3.5x),2.0,720.0,180.0,0.0,180.0,45.0,3.0,5.0,31.5,4.8,46.0,0.0,0.0,1.0,0.0,1,15808.575135
2015,43.0,1.0,NH White,some_college,middle (1.3-3.5x),2.09,0.0,9120.0,0.0,0.0,1740.0,0.0,3.0,27.6,5.0,65.0,0.0,0.0,0.0,1.0,0,20947.988703
2015,26.0,0.0,NH White,hs_or_less,low (<1.3x poverty),1.27,0.0,960.0,0.0,0.0,120.0,0.0,7.0,31.6,5.4,27.0,0.0,0.0,1.0,0.0,0,55343.682904
2015,34.0,0.0,Mexican American,hs_or_less,low (<1.3x poverty),1.06,4800.0,4800.0,0.0,1200.0,1200.0,5.0,2.0,33.9,5.9,36.0,0.0,1.0,1.0,0.0,1,12313.559404
2015,45.0,1.0,Other/Multi,college_plus,high (>3.5x),5.0,1560.0,0.0,360.0,210.0,0.0,6.0,10.0,25.3,5.4,54.0,0.0,0.0,0.0,0.0,1,12119.088215
2015,39.0,1.0,NH Asian,college_plus,high (>3.5x),5.0,1260.0,120.0,0.0,225.0,30.0,5.0,12.0,19.7,5.3,61.0,0.0,0.0,0.0,0.0,1,8749.111301
2015,25.0,1.0,NH White,some_college,low (<1.3x poverty),0.51,0.0,19200.0,0.0,0.0,3600.0,0.0,3.0,29.9,4.7,41.0,0.0,0.0,0.0,0.0,0,45452.356908
2015,51.0,0.0,Other/Multi,some_college,middle (1.3-3.5x),1.98,240.0,35280.0,480.0,60.0,5670.0,2.0,3.0,29.4,5.0,43.0,0.0,0.0,0.0,0.0,0,22413.453174
2015,55.0,0.0,NH White,hs_or_less,high (>3.5x),4.21,0.0,28800.0,0.0,0.0,4800.0,0.0,5.0,22.4,5.6,67.0,0.0,0.0,0.0,0.0,0,85349.3877935
2015,63.0,0.0,NH Black,hs_or_less,middle (1.3-3.5x),2.99,0.0,0.0,120.0,0.0,0.0,0.0,2.0,34.9,6.7,48.0,1.0,1.0,1.0,1.0,0,5125.120333
2015,21.0,0.0,Mexican American,hs_or_less,low (<1.3x poverty),0.45,0.0,1440.0,1200.0,0.0,240.0,0.0,10.0,28.9,5.5,27.0,0.0,0.0,0.0,0.0,0,17815.6323855
2015,61.0,0.0,Mexican American,hs_or_less,low (<1.3x poverty),0.56,0.0,2400.0,0.0,0.0,600.0,0.0,4.0,33.5,6.6,36.0,1.0,1.0,1.0,1.0,0,4387.543599
2015,23.0,0.0,Mexican American,hs_or_less,low (<1.3x poverty),1.07,0.0,17280.0,0.0,0.0,2160.0,0.0,2.0,40.2,5.6,42.0,0.0,0.0,1.0,0.0,0,16685.561984
2015,25.0,1.0,NH White,college_plus,low (<1.3x poverty),1.26,1440.0,0.0,600.0,270.0,0.0,4.0,9.0,20.4,5.5,74.0,0.0,0.0,0.0,0.0,1,31198.4896295
2015,57.0,0.0,NH Black,college_plus,middle (1.3-3.5x),2.46,0.0,0.0,0.0,0.0,0.0,0.0,14.0,34.9,5.8,27.0,0.0,1.0,1.0,0.0,0,13228.4006425
2015,52.0,0.0,NH Black,some_college,high (>3.5x),5.0,0.0,14400.0,0.0,0.0,1800.0,0.0,6.0,35.7,11.3,33.0,1.0,1.0,1.0,0.0,0,12710.351212
2015,53.0,1.0,Other Hispanic,hs_or_less,low (<1.3x poverty),5.397605346934028e-79,0.0,0.0,0.0,0.0,0.0,0.0,1.0,19.6,14.1,65.0,1.0,1.0,0.0,1.0,0,9137.5735445
2015,41.0,0.0,NH Asian,college_plus,middle (1.3-3.5x),2.02,1200.0,0.0,0.0,300.0,0.0,5.0,4.0,23.1,5.2,49.0,0.0,0.0,0.0,0.0,1,9218.4498835
2015,40.0,1.0,Mexican American,hs_or_less,low (<1.3x poverty),1.14,0.0,0.0,0.0,0.0,0.0,0.0,4.0,29.0,5.4,29.0,0.0,0.0,0.0,0.0,0,8243.8538665
2015,41.0,0.0,NH White,some_college,high (>3.5x),4.46,1200.0,960.0,0.0,300.0,240.0,5.0,4.0,18.6,5.6,61.0,0.0,0.0,0.0,0.0,1,75691.942995
2015,28.0,1.0,Mexican American,some_college,middle (1.3-3.5x),2.23,0.0,600.0,0.0,0.0,150.0,0.0,5.0,31.2,5.2,47.0,0.0,0.0,1.0,0.0,0,14192.199984
2015,63.0,1.0,NH Black,some_college,middle (1.3-3.5x),2.17,0.0,0.0,0.0,0.0,0.0,0.0,11.0,43.0,5.6,41.0,0.0,0.0,1.0,1.0,0,11390.5722695
2015,54.0,1.0,Mexican American,hs_or_less,middle (1.3-3.5x),3.07,900.0,0.0,0.0,225.0,0.0,5.0,4.0,41.8,6.4,60.0,0.0,1.0,1.0,0.0,1,14153.711369
2015,57.0,0.0,NH Black,college_plus,middle (1.3-3.5x),3.37,0.0,0.0,0.0,0.0,0.0,0.0,12.0,42.6,6.0,41.0,1.0,1.0,1.0,1.0,0,12482.1229765
2015,31.0,0.0,NH Black,some_college,high (>3.5x),4.16,180.0,0.0,0.0,45.0,0.0,3.0,10.0,36.4,5.9,29.0,0.0,1.0,1.0,1.0,0,16542.331711
2015,36.0,1.0,NH White,some_college,high (>3.5x),4.12,0.0,1200.0,0.0,0.0,300.0,0.0,4.0,27.0,5.2,62.0,0.0,0.0,0.0,1.0,0,59791.3969715
2015,49.0,1.0,Other Hispanic,college_plus,low (<1.3x poverty),1.26,0.0,0.0,0.0,0.0,0.0,0.0,7.0,32.2,5.6,51.0,0.0,0.0,1.0,0.0,0,11455.031237
2015,51.0,1.0,NH White,college_plus,high (>3.5x),5.0,900.0,240.0,0.0,225.0,60.0,5.0,6.0,31.5,6.9,58.0,1.0,1.0,1.0,0.0,1,63161.452859
2015,46.0,1.0,NH Black,college_plus,low (<1.3x poverty),1.12,0.0,1440.0,0.0,0.0,360.0,0.0,4.0,40.1,6.3,70.0,0.0,1.0,1.0,1.0,0,10433.5679025
2015,34.0,1.0,NH Asian,college_plus,high (>3.5x),4.95,1200.0,0.0,0.0,180.0,0.0,4.0,6.0,25.6,5.4,51.0,0.0,0.0,0.0,0.0,1,12221.025301
2015,60.0,1.0,Mexican American,hs_or_less,low (<1.3x poverty),0.75,0.0,360.0,0.0,0.0,90.0,0.0,10.0,48.1,6.2,42.0,1.0,1.0,1.0,1.0,0,4595.1073815
2015,40.0,0.0,NH Black,college_plus,middle (1.3-3.5x),3.3,960.0,480.0,0.0,240.0,60.0,2.0,18.0,36.3,4.8,29.0,0.0,0.0,1.0,1.0,1,7603.515004
2015,59.0,1.0,NH Black,some_college,high (>3.5x),4.39,0.0,10560.0,0.0,0.0,1440.0,0.0,3.0,32.1,5.5,95.0,0.0,0.0,1.0,0.0,0,11949.0390445
2015,39.0,1.0,NH Black,college_plus,high (>3.5x),5.0,600.0,0.0,0.0,100.0,0.0,4.0,10.0,31.9,6.7,26.0,1.0,1.0,1.0,0.0,1,16122.3049395
2015,56.0,1.0,NH White,some_college,middle (1.3-3.5x),2.15,0.0,0.0,0.0,0.0,0.0,0.0,10.0,31.7,6.0,58.0,0.0,1.0,1.0,0.0,0,43579.71978
2015,41.0,1.0,NH Black,hs_or_less,low (<1.3x poverty),0.82,0.0,3600.0,0.0,0.0,900.0,0.0,8.0,49.5,5.5,42.0,0.0,0.0,1.0,0.0,0,14458.4509105
2015,46.0,1.0,NH White,hs_or_less,middle (1.3-3.5x),2.07,0.0,0.0,0.0,0.0,0.0,0.0,5.0,39.8,5.5,33.0,0.0,0.0,1.0,0.0,0,22646.006623
2015,36.0,0.0,NH Black,hs_or_less,middle (1.3-3.5x),1.8,0.0,14400.0,0.0,0.0,3600.0,0.0,3.0,19.6,5.8,61.0,0.0,1.0,0.0,0.0,0,15245.259327
2015,22.0,0.0,NH White,hs_or_less,middle (1.3-3.5x),1.99,480.0,24480.0,0.0,120.0,3120.0,1.0,2.0,34.7,4.6,47.0,0.0,0.0,1.0,1.0,0,59739.448421
2015,64.0,1.0,Mexican American,hs_or_less,low (<1.3x poverty),0.58,0.0,0.0,0.0,0.0,0.0,0.0,8.0,39.2,12.3,60.0,1.0,1.0,1.0,1.0,0,4693.5030265
2015,22.0,1.0,Mexican American,hs_or_less,low (<1.3x poverty),0.21,1440.0,0.0,0.0,360.0,0.0,6.0,3.0,22.8,5.3,48.0,0.0,0.0,0.0,0.0,1,10932.0900785
2015,38.0,1.0,Mexican American,hs_or_less,low (<1.3x poverty),1.25,0.0,0.0,0.0,0.0,0.0,0.0,2.0,23.6,5.6,50.0,0.0,0.0,0.0,1.0,0,16485.23051
2015,25.0,1.0,NH Black,hs_or_less,low (<1.3x poverty),0.54,0.0,0.0,0.0,0.0,0.0,0.0,5.0,24.6,5.5,62.0,0.0,0.0,0.0,0.0,0,13523.460136
2015,50.0,1.0,Mexican American,hs_or_less,low (<1.3x poverty),0.62,0.0,9600.0,0.0,0.0,1200.0,0.0,4.0,34.7,6.0,64.0,0.0,1.0,1.0,1.0,0,10806.2543105
2015,65.0,0.0,NH White,hs_or_less,low (<1.3x poverty),0.71,0.0,0.0,0.0,0.0,0.0,0.0,10.0,25.5,5.7,61.0,0.0,1.0,0.0,0.0,0,19597.38969
2015,20.0,0.0,Other/Multi,hs_or_less,low (<1.3x poverty),0.28,4320.0,16800.0,1920.0,720.0,2280.0,4.0,3.0,20.0,5.5,44.0,0.0,0.0,0.0,0.0,1,14643.401714
2015,41.0,0.0,NH White,hs_or_less,low (<1.3x poverty),0.54,280.0,5760.0,360.0,70.0,720.0,2.0,5.0,23.3,4.9,47.0,0.0,0.0,0.0,0.0,0,18187.644997
2015,62.0,1.0,Mexican American,hs_or_less,low (<1.3x poverty),0.51,0.0,0.0,0.0,0.0,0.0,0.0,8.996008911556713e-81,24.5,5.5,71.0,0.0,0.0,0.0,0.0,0,4037.8089175
2015,35.0,1.0,Mexican American,some_college,middle (1.3-3.5x),1.58,0.0,0.0,0.0,0.0,0.0,0.0,12.0,44.9,5.3,55.0,0.0,0.0,1.0,1.0,0,12175.2622965
2015,42.0,0.0,Other Hispanic,college_plus,middle (1.3-3.5x),2.6,5040.0,0.0,0.0,720.0,0.0,7.0,4.0,25.7,5.1,78.0,0.0,0.0,0.0,0.0,1,15877.552188
2015,37.0,1.0,NH Black,hs_or_less,low (<1.3x poverty),0.35,0.0,0.0,0.0,0.0,0.0,0.0,10.0,30.9,5.6,56.0,0.0,0.0,1.0,1.0,0,11772.269214
2015,21.0,0.0,NH Black,some_college,high (>3.5x),4.83,2760.0,2880.0,0.0,390.0,720.0,7.0,9.0,26.9,5.1,81.0,0.0,0.0,0.0,0.0,1,15079.714301
2015,37.0,1.0,NH White,college_plus,high (>3.5x),4.33,2160.0,0.0,160.0,300.0,0.0,5.0,5.0,22.0,5.2,68.0,0.0,0.0,0.0,0.0,1,48021.557935
2015,37.0,0.0,NH White,hs_or_less,high (>3.5x),3.73,0.0,10560.0,0.0,0.0,1920.0,0.0,6.0,32.1,5.4,53.0,0.0,0.0,1.0,0.0,0,70494.297799
2015,55.0,0.0,Other Hispanic,hs_or_less,high (>3.5x),5.0,2400.0,3600.0,1200.0,600.0,900.0,5.0,8.0,38.8,7.1,46.0,1.0,1.0,1.0,0.0,1,13889.091526
2015,31.0,1.0,Mexican American,college_plus,high (>3.5x),5.0,1680.0,0.0,0.0,220.0,0.0,6.0,10.0,22.4,5.4,63.0,0.0,0.0,0.0,0.0,1,18505.636694
2015,36.0,0.0,Other Hispanic,hs_or_less,middle (1.3-3.5x),2.06,1440.0,3120.0,1200.0,240.0,540.0,6.0,2.0,30.8,5.2,36.0,0.0,0.0,1.0,0.0,1,20437.5165005
2015,53.0,1.0,NH Black,hs_or_less,low (<1.3x poverty),0.55,0.0,240.0,0.0,0.0,60.0,0.0,0.5,45.6,6.6,62.0,1.0,1.0,1.0,1.0,0,11780.3852165
2015,53.0,0.0,NH White,college_plus,high (>3.5x),5.0,480.0,540.0,0.0,120.0,135.0,2.0,10.0,48.2,6.1,61.0,0.0,1.0,1.0,0.0,0,49643.9670365
2015,60.0,1.0,Mexican American,hs_or_less,middle (1.3-3.5x),2.11,0.0,0.0,0.0,0.0,0.0,0.0,2.0,28.6,5.4,58.0,0.0,0.0,0.0,0.0,0,4972.3336275
2015,38.0,1.0,NH White,some_college,middle (1.3-3.5x),2.24,1920.0,3600.0,0.0,300.0,900.0,6.0,5.0,22.2,4.3,73.0,0.0,0.0,0.0,0.0,1,73916.820061
2015,30.0,0.0,NH White,college_plus,high (>3.5x),5.0,600.0,180.0,0.0,90.0,45.0,3.0,8.0,23.4,5.3,69.0,0.0,0.0,0.0,0.0,1,75940.698188
2015,29.0,1.0,NH Asian,some_college,high (>3.5x),4.03,3600.0,0.0,0.0,540.0,0.0,4.0,6.0,20.6,5.0,78.0,0.0,0.0,0.0,0.0,1,9693.3262085
2015,41.0,1.0,NH White,some_college,low (<1.3x poverty),1.0,0.0,0.0,0.0,0.0,0.0,0.0,6.0,25.6,5.0,49.0,0.0,0.0,0.0,1.0,0,14789.1049155
2015,26.0,1.0,NH Black,some_college,middle (1.3-3.5x),3.29,1800.0,0.0,300.0,225.0,0.0,5.0,5.0,34.4,6.5,68.0,1.0,1.0,1.0,0.0,1,12717.7128905
2015,22.0,0.0,NH White,some_college,low (<1.3x poverty),0.64,1440.0,0.0,0.0,180.0,0.0,1.0,8.0,30.6,5.1,62.0,0.0,0.0,1.0,0.0,1,39654.412129
2015,43.0,0.0,Other/Multi,some_college,low (<1.3x poverty),1.07,240.0,0.0,0.0,60.0,0.0,1.0,1.0,36.6,5.9,37.0,0.0,1.0,1.0,0.0,0,9424.332438
2015,35.0,1.0,Other Hispanic,college_plus,middle (1.3-3.5x),2.87,0.0,0.0,0.0,0.0,0.0,0.0,8.0,26.0,5.1,90.0,0.0,0.0,0.0,0.0,0,10351.62834
2015,60.0,0.0,NH Black,hs_or_less,low (<1.3x poverty),0.59,80.0,0.0,0.0,20.0,0.0,2.0,2.0,32.4,6.0,40.0,0.0,1.0,1.0,1.0,0,6552.2836405
2015,46.0,0.0,NH Black,hs_or_less,low (<1.3x poverty),0.56,3600.0,0.0,3600.0,900.0,0.0,5.0,3.0,21.0,5.0,86.0,0.0,0.0,0.0,0.0,1,9095.7485195
2015,41.0,0.0,NH Black,hs_or_less,middle (1.3-3.5x),2.56,0.0,12960.0,0.0,0.0,3240.0,0.0,5.0,22.0,5.6,72.0,0.0,0.0,0.0,0.0,0,14163.0352875
2015,59.0,0.0,NH Black,college_plus,high (>3.5x),5.0,0.0,1440.0,0.0,0.0,240.0,0.0,10.0,39.2,6.0,56.0,0.0,1.0,1.0,0.0,0,11663.0060615
2015,25.0,1.0,NH White,some_college,middle (1.3-3.5x),1.63,1320.0,0.0,0.0,195.0,0.0,6.0,8.0,46.4,5.5,51.0,0.0,0.0,1.0,0.0,1,26645.5894695
2015,35.0,1.0,NH White,college_plus,high (>3.5x),5.0,1560.0,0.0,0.0,255.0,0.0,7.0,10.0,30.8,4.8,63.0,0.0,0.0,1.0,0.0,1,61784.443537
2015,46.0,1.0,NH Asian,some_college,middle (1.3-3.5x),2.47,0.0,0.0,0.0,0.0,0.0,0.0,6.0,31.1,7.4,59.0,1.0,1.0,1.0,1.0,0,11061.7907845
2015,42.0,0.0,NH Black,hs_or_less,middle (1.3-3.5x),3.31,0.0,0.0,0.0,0.0,0.0,0.0,18.0,30.5,6.4,38.0,0.0,1.0,1.0,0.0,0,15256.3564875
2015,55.0,1.0,NH White,hs_or_less,middle (1.3-3.5x),2.12,0.0,240.0,0.0,0.0,60.0,0.0,3.0,23.6,5.7,80.0,0.0,1.0,0.0,1.0,0,52830.170491
2015,25.0,1.0,NH Black,hs_or_less,high (>3.5x),3.79,0.0,0.0,0.0,0.0,0.0,0.0,11.0,40.1,5.7,70.0,0.0,1.0,1.0,0.0,0,15731.7519315
2015,42.0,1.0,NH Black,hs_or_less,low (<1.3x poverty),1.15,0.0,0.0,0.0,0.0,0.0,0.0,7.0,32.1,4.7,83.0,0.0,0.0,1.0,0.0,0,9088.771669
2015,23.0,1.0,NH White,college_plus,high (>3.5x),5.0,1920.0,0.0,0.0,240.0,0.0,2.0,8.0,24.8,4.7,54.0,0.0,0.0,0.0,0.0,1,46385.6697735
2015,60.0,0.0,Mexican American,hs_or_less,middle (1.3-3.5x),1.96,0.0,20160.0,0.0,0.0,2880.0,0.0,2.0,32.8,7.7,35.0,1.0,1.0,1.0,1.0,0,4001.1624145
2015,47.0,1.0,NH Asian,hs_or_less,low (<1.3x poverty),0.64,0.0,0.0,600.0,0.0,0.0,0.0,5.0,24.3,5.0,44.0,0.0,0.0,0.0,0.0,0,13444.298517
2015,33.0,0.0,NH White,college_plus,high (>3.5x),5.0,0.0,0.0,0.0,0.0,0.0,0.0,12.0,43.9,5.2,57.0,0.0,0.0,1.0,0.0,0,92000.763634
2015,47.0,0.0,Other Hispanic,college_plus,high (>3.5x),5.0,1440.0,0.0,0.0,240.0,0.0,4.0,12.0,24.7,5.2,32.0,0.0,0.0,0.0,0.0,1,16975.191335
2015,60.0,1.0,Mexican American,hs_or_less,middle (1.3-3.5x),2.79,0.0,0.0,0.0,0.0,0.0,0.0,3.0,32.7,7.2,42.0,1.0,1.0,1.0,1.0,0,4134.807654
2015,20.0,0.0,NH Black,hs_or_less,middle (1.3-3.5x),2.18,5760.0,2880.0,0.0,720.0,360.0,4.0,9.0,19.8,5.2,46.0,0.0,0.0,0.0,1.0,1,13634.105292
2015,51.0,1.0,NH Asian,hs_or_less,low (<1.3x poverty),0.2,0.0,0.0,120.0,0.0,0.0,0.0,1.0,22.8,5.9,53.0,0.0,1.0,0.0,0.0,0,12470.472374
2015,34.0,1.0,Mexican American,hs_or_less,low (<1.3x poverty),0.74,0.0,0.0,0.0,0.0,0.0,0.0,6.0,39.3,5.5,35.0,0.0,0.0,1.0,0.0,0,20357.9765
2015,39.0,0.0,Mexican American,hs_or_less,low (<1.3x poverty),0.62,0.0,0.0,0.0,0.0,0.0,0.0,3.0,21.7,11.1,49.0,1.0,1.0,0.0,1.0,0,19113.778953
2015,41.0,0.0,NH White,hs_or_less,middle (1.3-3.5x),2.46,960.0,17280.0,0.0,240.0,2880.0,1.0,4.0,30.6,5.1,44.0,0.0,0.0,1.0,0.0,1,68103.6290555
2015,48.0,1.0,NH White,hs_or_less,high (>3.5x),5.0,0.0,1440.0,0.0,0.0,180.0,0.0,6.0,32.2,5.4,58.0,0.0,0.0,1.0,0.0,0,19892.43436
2015,31.0,0.0,NH Asian,college_plus,high (>3.5x),5.0,7200.0,0.0,0.0,1200.0,0.0,7.0,11.0,32.2,5.4,57.0,0.0,0.0,1.0,0.0,1,11979.791191
2015,58.0,0.0,NH White,hs_or_less,low (<1.3x poverty),0.92,0.0,4320.0,0.0,0.0,720.0,0.0,8.0,25.4,5.9,66.0,0.0,1.0,0.0,1.0,0,16520.4638685
2015,60.0,0.0,Mexican American,hs_or_less,low (<1.3x poverty),1.1,0.0,4320.0,0.0,0.0,720.0,0.0,10.0,34.7,6.0,37.0,1.0,1.0,1.0,1.0,0,5024.84208
2015,51.0,1.0,Mexican American,hs_or_less,low (<1.3x poverty),1.29,1200.0,960.0,0.0,200.0,240.0,7.0,10.0,33.7,5.6,47.0,0.0,0.0,1.0,1.0,1,7316.8546715
2015,55.0,0.0,NH White,college_plus,high (>3.5x),5.0,2040.0,2880.0,0.0,330.0,480.0,7.0,5.0,26.2,5.7,61.0,0.0,1.0,0.0,0.0,1,64108.8594435
2015,47.0,0.0,Mexican American,some_college,middle (1.3-3.5x),2.18,1080.0,4800.0,0.0,180.0,1200.0,4.0,8.0,30.8,8.4,33.0,1.0,1.0,1.0,0.0,1,12616.595972
2015,59.0,1.0,NH White,college_plus,high (>3.5x),5.0,960.0,0.0,600.0,240.0,0.0,4.0,6.0,26.5,5.2,52.0,0.0,0.0,0.0,0.0,1,91177.8233655
2015,57.0,0.0,NH Black,hs_or_less,middle (1.3-3.5x),2.89,720.0,160.0,360.0,90.0,40.0,3.0,3.0,23.8,4.7,85.0,0.0,0.0,0.0,0.0,1,18343.735549
2015,58.0,1.0,Mexican American,hs_or_less,high (>3.5x),5.0,0.0,5760.0,0.0,0.0,900.0,0.0,4.0,29.8,5.3,45.0,0.0,0.0,0.0,0.0,0,12926.117445
2015,64.0,1.0,NH Asian,some_college,middle (1.3-3.5x),1.9,0.0,720.0,0.0,0.0,180.0,0.0,2.0,22.5,5.7,72.0,0.0,1.0,0.0,0.0,0,10802.419936
2015,44.0,0.0,NH Black,college_plus,high (>3.5x),5.0,160.0,0.0,0.0,40.0,0.0,2.0,9.0,32.5,4.6,57.0,0.0,0.0,1.0,0.0,0,19962.930432
2015,46.0,1.0,NH Asian,hs_or_less,low (<1.3x poverty),0.88,0.0,0.0,0.0,0.0,0.0,0.0,12.0,24.5,5.3,60.0,0.0,0.0,0.0,1.0,0,8457.677921
2015,33.0,0.0,Mexican American,college_plus,middle (1.3-3.5x),2.82,3600.0,0.0,0.0,450.0,0.0,5.0,6.0,22.8,4.5,41.0,0.0,0.0,0.0,0.0,1,18243.8618245
2015,48.0,0.0,NH White,some_college,low (<1.3x poverty),0.95,0.0,6480.0,0.0,0.0,1080.0,0.0,6.0,31.6,8.1,32.0,1.0,1.0,1.0,1.0,0,23540.0750515
2015,36.0,0.0,NH White,hs_or_less,high (>3.5x),4.53,0.0,600.0,0.0,0.0,90.0,0.0,2.0,26.0,5.8,59.0,0.0,1.0,0.0,0.0,0,23575.4037875
2015,26.0,0.0,NH Black,hs_or_less,high (>3.5x),3.62,360.0,17760.0,0.0,90.0,2340.0,3.0,7.0,22.2,5.4,74.0,0.0,0.0,0.0,0.0,0,19561.6098115
2015,63.0,1.0,NH White,some_college,high (>3.5x),4.78,0.0,0.0,0.0,0.0,0.0,0.0,8.0,35.4,5.8,58.0,0.0,1.0,1.0,0.0,0,67698.475398
2015,48.0,1.0,Other Hispanic,some_college,low (<1.3x poverty),0.65,0.0,0.0,0.0,0.0,0.0,0.0,3.0,31.9,5.7,34.0,0.0,1.0,1.0,0.0,0,9502.5506995
2015,59.0,1.0,NH Black,college_plus,high (>3.5x),5.0,0.0,0.0,0.0,0.0,0.0,0.0,8.0,23.4,6.0,76.0,0.0,1.0,0.0,0.0,0,17261.6820455
2015,29.0,0.0,NH Black,college_plus,high (>3.5x),4.28,1440.0,0.0,0.0,360.0,0.0,3.0,8.0,25.6,5.6,38.0,0.0,0.0,0.0,0.0,1,15379.9915595
2015,59.0,1.0,Mexican American,hs_or_less,middle (1.3-3.5x),1.42,0.0,0.0,0.0,0.0,0.0,0.0,8.0,38.9,5.6,58.0,0.0,0.0,1.0,1.0,0,12449.824297
2015,35.0,0.0,NH White,college_plus,high (>3.5x),5.0,1680.0,480.0,0.0,240.0,90.0,3.0,12.0,21.6,4.9,35.0,0.0,0.0,0.0,0.0,1,61913.0102845
2015,34.0,1.0,Other/Multi,college_plus,high (>3.5x),4.12,960.0,0.0,0.0,240.0,0.0,4.0,2.0,35.9,5.3,38.0,0.0,0.0,1.0,0.0,1,13745.7078075
2015,35.0,0.0,NH White,hs_or_less,high (>3.5x),5.0,1440.0,720.0,0.0,360.0,180.0,3.0,6.0,26.0,5.4,27.0,0.0,0.0,0.0,0.0,1,61956.8351305
2015,55.0,1.0,Other Hispanic,some_college,middle (1.3-3.5x),2.31,480.0,720.0,0.0,120.0,120.0,2.0,5.0,30.5,8.5,48.0,1.0,1.0,1.0,0.0,0,7574.2908695
2015,25.0,1.0,NH White,hs_or_less,middle (1.3-3.5x),1.65,960.0,2400.0,720.0,240.0,600.0,2.0,6.0,30.1,4.9,61.0,0.0,0.0,1.0,0.0,1,35812.470479
2015,57.0,1.0,NH White,some_college,high (>3.5x),3.99,0.0,0.0,0.0,0.0,0.0,0.0,12.0,33.2,5.7,45.0,0.0,1.0,1.0,0.0,0,72628.879284
2015,53.0,0.0,Other Hispanic,hs_or_less,middle (1.3-3.5x),1.76,2880.0,3840.0,0.0,360.0,720.0,3.0,8.0,28.4,11.2,23.0,1.0,1.0,0.0,1.0,1,10706.5727675
2015,55.0,1.0,NH White,some_college,middle (1.3-3.5x),3.3,720.0,1800.0,0.0,180.0,225.0,3.0,10.0,39.3,5.2,43.0,0.0,0.0,1.0,0.0,1,65317.850706
2015,64.0,0.0,Mexican American,hs_or_less,middle (1.3-3.5x),1.51,720.0,240.0,0.0,180.0,60.0,4.0,4.0,30.7,7.7,50.0,1.0,1.0,1.0,1.0,1,5236.217911
2015,36.0,1.0,NH Black,some_college,middle (1.3-3.5x),2.06,2160.0,6000.0,7200.0,300.0,1500.0,3.0,5.0,30.6,5.4,56.0,0.0,0.0,1.0,0.0,1,7315.684814
2015,51.0,0.0,Mexican American,some_college,high (>3.5x),4.52,0.0,0.0,0.0,0.0,0.0,0.0,14.0,35.4,5.8,34.0,0.0,1.0,1.0,0.0,0,14192.4583805
2015,49.0,1.0,NH White,college_plus,high (>3.5x),4.93,600.0,240.0,0.0,150.0,60.0,5.0,2.0,21.9,5.4,82.0,0.0,0.0,0.0,0.0,1,84366.3351375
2015,34.0,0.0,Other Hispanic,some_college,low (<1.3x poverty),0.67,720.0,0.0,0.0,180.0,0.0,6.0,3.0,28.1,5.4,42.0,0.0,0.0,0.0,0.0,1,9994.291681
2015,63.0,1.0,Mexican American,some_college,middle (1.3-3.5x),2.18,480.0,120.0,0.0,90.0,20.0,3.0,4.0,25.2,5.8,56.0,0.0,1.0,0.0,0.0,0,5539.046865
2015,60.0,0.0,Other Hispanic,hs_or_less,middle (1.3-3.5x),2.09,0.0,720.0,0.0,0.0,90.0,0.0,4.0,21.8,5.5,41.0,0.0,0.0,0.0,1.0,0,4210.759312
2015,39.0,1.0,Mexican American,hs_or_less,low (<1.3x poverty),0.61,1200.0,0.0,1200.0,300.0,0.0,5.0,2.0,29.6,6.7,43.0,1.0,1.0,0.0,1.0,1,11603.5129065
2015,48.0,0.0,NH Black,college_plus,middle (1.3-3.5x),2.88,0.0,180.0,0.0,0.0,45.0,0.0,4.0,34.5,5.7,48.0,0.0,1.0,1.0,0.0,0,10425.5875415
2015,24.0,0.0,NH Black,hs_or_less,low (<1.3x poverty),0.72,0.0,10080.0,0.0,0.0,1680.0,0.0,9.0,26.8,5.3,53.0,0.0,0.0,0.0,0.0,0,18447.7457025
2015,34.0,1.0,Other/Multi,college_plus,middle (1.3-3.5x),3.14,2880.0,0.0,0.0,480.0,0.0,7.0,7.0,24.3,5.0,78.0,0.0,0.0,0.0,0.0,1,10381.705263
2015,42.0,1.0,Mexican American,college_plus,middle (1.3-3.5x),2.82,1440.0,0.0,0.0,180.0,0.0,3.0,4.0,38.4,5.3,45.0,0.0,0.0,1.0,0.0,1,10280.9099275
2015,20.0,1.0,Other/Multi,some_college,high (>3.5x),5.0,1440.0,2400.0,0.0,300.0,600.0,6.0,4.0,18.9,5.0,72.0,0.0,0.0,0.0,0.0,1,37168.386199
2015,44.0,1.0,NH White,hs_or_less,middle (1.3-3.5x),1.83,0.0,0.0,0.0,0.0,0.0,0.0,5.0,23.2,5.6,63.0,0.0,0.0,0.0,1.0,0,65522.848937
2015,25.0,1.0,Mexican American,hs_or_less,low (<1.3x poverty),1.07,720.0,720.0,0.0,90.0,180.0,3.0,10.0,21.6,5.3,74.0,0.0,0.0,0.0,0.0,1,16672.1539465
2015,37.0,1.0,NH White,hs_or_less,high (>3.5x),3.73,240.0,0.0,0.0,60.0,0.0,4.0,11.0,41.3,5.6,53.0,0.0,0.0,1.0,0.0,0,57672.6067915
2015,45.0,1.0,NH White,some_college,middle (1.3-3.5x),1.58,0.0,0.0,0.0,0.0,0.0,0.0,9.0,34.5,6.0,39.0,0.0,1.0,1.0,1.0,0,31269.835811
2015,23.0,0.0,NH Black,college_plus,high (>3.5x),3.72,2040.0,0.0,0.0,330.0,0.0,7.0,6.0,26.2,4.3,84.0,0.0,0.0,0.0,0.0,1,14443.9330135
2015,49.0,0.0,NH Black,hs_or_less,low (<1.3x poverty),0.52,0.0,0.0,0.0,0.0,0.0,0.0,10.0,31.2,6.2,44.0,0.0,1.0,1.0,1.0,0,10269.39349
2015,62.0,1.0,Mexican American,hs_or_less,middle (1.3-3.5x),1.93,900.0,1400.0,0.0,225.0,250.0,5.0,8.0,29.6,6.3,53.0,0.0,1.0,0.0,0.0,1,4792.877641
2015,59.0,0.0,NH White,college_plus,high (>3.5x),5.0,960.0,3600.0,0.0,240.0,900.0,2.0,4.0,23.0,5.6,76.0,0.0,0.0,0.0,0.0,1,79562.6101685
2015,47.0,1.0,NH Asian,hs_or_less,middle (1.3-3.5x),2.06,0.0,28800.0,0.0,0.0,4800.0,0.0,2.0,22.5,5.5,76.0,0.0,0.0,0.0,0.0,0,7711.0329515
2015,60.0,1.0,Other Hispanic,college_plus,low (<1.3x poverty),0.31,720.0,0.0,120.0,180.0,0.0,3.0,8.0,30.1,5.3,64.0,0.0,0.0,1.0,0.0,1,3075.176378
2015,60.0,0.0,NH Black,college_plus,high (>3.5x),5.0,1440.0,0.0,640.0,270.0,0.0,4.0,4.0,24.9,6.0,60.0,0.0,1.0,0.0,0.0,1,5425.862198
2015,44.0,0.0,Mexican American,college_plus,middle (1.3-3.5x),2.64,480.0,0.0,0.0,120.0,0.0,1.0,6.0,25.2,5.6,45.0,0.0,0.0,0.0,0.0,0,27277.76017
2015,30.0,0.0,NH Black,college_plus,high (>3.5x),3.98,0.0,0.0,0.0,0.0,0.0,0.0,12.0,27.0,5.9,35.0,0.0,1.0,0.0,0.0,0,17055.039127
2015,27.0,1.0,Other Hispanic,college_plus,high (>3.5x),5.0,3600.0,0.0,960.0,630.0,0.0,7.0,6.0,21.2,5.2,69.0,0.0,0.0,0.0,0.0,1,13718.319295
2015,39.0,1.0,NH Black,some_college,middle (1.3-3.5x),2.59,2160.0,0.0,0.0,270.0,0.0,3.0,10.0,35.5,5.4,66.0,0.0,0.0,1.0,0.0,1,10729.312523
2015,23.0,1.0,Other Hispanic,some_college,high (>3.5x),4.12,240.0,4560.0,0.0,60.0,1110.0,2.0,4.0,26.2,5.9,61.0,1.0,1.0,0.0,0.0,0,17481.1483905
2015,47.0,1.0,NH White,college_plus,high (>3.5x),5.0,1440.0,0.0,0.0,360.0,0.0,4.0,2.0,22.6,5.1,84.0,0.0,0.0,0.0,0.0,1,67757.741055
2015,35.0,1.0,NH Black,college_plus,middle (1.3-3.5x),1.4,480.0,0.0,0.0,75.0,0.0,2.0,9.0,27.3,5.0,68.0,0.0,0.0,0.0,0.0,0,16122.3049395
2015,49.0,1.0,Mexican American,hs_or_less,low (<1.3x poverty),0.42,540.0,0.0,0.0,135.0,0.0,3.0,3.0,30.1,6.1,46.0,1.0,1.0,1.0,1.0,0,9600.2598305
2015,38.0,0.0,Other/Multi,college_plus,low (<1.3x poverty),1.03,3840.0,0.0,480.0,480.0,0.0,4.0,8.0,21.7,5.3,79.0,0.0,0.0,0.0,0.0,1,15091.3395715
2015,56.0,1.0,NH Black,college_plus,high (>3.5x),5.0,0.0,0.0,0.0,0.0,0.0,0.0,14.0,30.6,8.6,37.0,1.0,1.0,1.0,0.0,0,12361.74845
2015,41.0,0.0,NH Black,hs_or_less,middle (1.3-3.5x),2.18,0.0,0.0,0.0,0.0,0.0,0.0,8.0,25.7,5.9,44.0,0.0,1.0,0.0,0.0,0,8915.0725415
2015,64.0,1.0,NH White,hs_or_less,high (>3.5x),5.0,480.0,0.0,0.0,120.0,0.0,3.0,8.0,26.4,5.4,73.0,0.0,0.0,0.0,0.0,0,74914.586943
2015,63.0,1.0,Mexican American,hs_or_less,low (<1.3x poverty),0.89,0.0,40.0,0.0,0.0,10.0,0.0,2.0,40.5,6.3,58.0,0.0,1.0,1.0,1.0,0,5366.3032935
2015,58.0,1.0,NH White,some_college,middle (1.3-3.5x),1.43,800.0,0.0,0.0,200.0,0.0,5.0,9.0,37.2,5.5,46.0,0.0,0.0,1.0,0.0,1,25698.4373095
2015,33.0,0.0,Mexican American,hs_or_less,low (<1.3x poverty),0.17,0.0,480.0,0.0,0.0,120.0,0.0,4.0,45.5,5.6,38.0,0.0,0.0,1.0,1.0,0,13872.552009
2015,58.0,1.0,NH White,college_plus,high (>3.5x),5.0,1440.0,480.0,0.0,180.0,120.0,3.0,5.0,27.6,5.8,61.0,0.0,1.0,0.0,0.0,1,51039.317254
2015,20.0,0.0,NH White,hs_or_less,low (<1.3x poverty),1.27,0.0,24000.0,0.0,0.0,3000.0,0.0,4.0,21.0,5.2,92.0,0.0,0.0,0.0,0.0,0,34993.821708
2015,57.0,0.0,NH White,some_college,middle (1.3-3.5x),1.31,0.0,8400.0,4800.0,0.0,1800.0,0.0,4.0,36.0,6.1,37.0,0.0,1.0,1.0,0.0,0,15906.181574
2015,25.0,1.0,Mexican American,some_college,middle (1.3-3.5x),1.49,360.0,0.0,0.0,60.0,0.0,2.0,6.0,18.3,5.4,74.0,0.0,0.0,0.0,1.0,0,16124.74836
2015,55.0,1.0,NH Black,college_plus,high (>3.5x),5.0,3600.0,0.0,0.0,540.0,0.0,7.0,10.0,25.8,5.7,100.0,0.0,1.0,0.0,0.0,1,14552.942839
2015,28.0,1.0,Mexican American,hs_or_less,low (<1.3x poverty),0.67,2880.0,2880.0,0.0,720.0,720.0,4.0,3.0,48.6,5.2,45.0,0.0,0.0,1.0,0.0,1,8873.0230915
2015,45.0,1.0,NH White,college_plus,high (>3.5x),4.04,0.0,0.0,0.0,0.0,0.0,0.0,4.0,23.7,5.0,72.0,0.0,0.0,0.0,0.0,0,69410.9017575
2015,60.0,0.0,NH White,college_plus,middle (1.3-3.5x),2.18,0.0,0.0,0.0,0.0,0.0,0.0,5.0,33.0,5.9,,0.0,1.0,1.0,0.0,0,51753.262171
2015,25.0,0.0,NH Asian,college_plus,high (>3.5x),4.94,4800.0,360.0,0.0,600.0,90.0,5.0,6.0,25.9,5.3,25.0,0.0,0.0,0.0,0.0,1,9635.993149
2015,57.0,1.0,NH Black,hs_or_less,middle (1.3-3.5x),1.98,0.0,3840.0,0.0,0.0,960.0,0.0,6.0,37.5,6.0,53.0,0.0,1.0,1.0,0.0,0,10018.5356645
2015,61.0,0.0,NH Black,some_college,middle (1.3-3.5x),2.55,720.0,0.0,400.0,120.0,0.0,7.0,8.0,25.2,4.9,41.0,0.0,0.0,0.0,0.0,1,6190.507056
2015,48.0,1.0,NH Asian,college_plus,high (>3.5x),5.0,2880.0,6000.0,0.0,480.0,1500.0,7.0,5.0,21.0,5.6,85.0,1.0,1.0,0.0,0.0,1,8444.1519195
2015,46.0,1.0,Mexican American,college_plus,high (>3.5x),5.0,0.0,0.0,0.0,0.0,0.0,0.0,14.0,36.6,5.8,57.0,0.0,1.0,1.0,0.0,0,22040.5910585
2015,50.0,1.0,NH Black,hs_or_less,middle (1.3-3.5x),2.49,1440.0,7200.0,0.0,180.0,1800.0,3.0,3.0,31.9,6.2,56.0,0.0,1.0,1.0,0.0,1,10448.788238
2015,29.0,0.0,NH Asian,college_plus,middle (1.3-3.5x),2.27,720.0,0.0,1200.0,180.0,0.0,3.0,8.0,19.1,4.8,62.0,0.0,0.0,0.0,0.0,1,9177.766731
2015,54.0,0.0,NH White,college_plus,high (>3.5x),5.0,2400.0,0.0,0.0,300.0,0.0,5.0,8.0,29.1,5.5,52.0,0.0,0.0,0.0,0.0,1,88685.137285
2015,41.0,0.0,Other Hispanic,hs_or_less,low (<1.3x poverty),0.99,2160.0,3840.0,0.0,360.0,600.0,6.0,3.0,55.4,6.2,29.0,1.0,1.0,1.0,1.0,1,15418.541143
2015,35.0,1.0,NH White,some_college,high (>3.5x),5.0,2400.0,1680.0,0.0,300.0,360.0,5.0,8.0,20.6,5.5,65.0,0.0,0.0,0.0,0.0,1,53720.576487
2015,43.0,0.0,Other Hispanic,college_plus,middle (1.3-3.5x),2.67,480.0,480.0,0.0,120.0,90.0,4.0,9.0,27.6,5.7,60.0,0.0,1.0,0.0,0.0,0,20791.0595525
2015,39.0,1.0,NH Black,some_college,low (<1.3x poverty),1.16,0.0,4560.0,200.0,0.0,1020.0,0.0,8.0,44.3,5.5,43.0,0.0,0.0,1.0,0.0,0,8199.923747
2015,24.0,1.0,NH White,college_plus,high (>3.5x),3.77,480.0,720.0,0.0,120.0,180.0,4.0,9.0,25.8,4.8,51.0,0.0,0.0,0.0,0.0,0,40660.029068
2015,38.0,1.0,NH Black,hs_or_less,low (<1.3x poverty),0.26,3360.0,0.0,480.0,600.0,0.0,7.0,3.0,24.4,5.2,47.0,0.0,0.0,0.0,0.0,1,11963.282643
2015,34.0,0.0,Other Hispanic,college_plus,middle (1.3-3.5x),2.87,0.0,0.0,0.0,0.0,0.0,0.0,5.0,20.2,5.7,55.0,0.0,1.0,0.0,0.0,0,10002.455488
2015,39.0,1.0,Other Hispanic,college_plus,middle (1.3-3.5x),1.38,0.0,0.0,0.0,0.0,0.0,0.0,8.0,44.7,6.7,29.0,1.0,1.0,1.0,0.0,0,15720.453982
2015,61.0,0.0,NH White,some_college,low (<1.3x poverty),0.93,0.0,0.0,0.0,0.0,0.0,0.0,15.0,27.7,5.0,45.0,1.0,1.0,0.0,0.0,0,81327.3709365
2015,42.0,0.0,Other Hispanic,hs_or_less,low (<1.3x poverty),0.74,2880.0,0.0,0.0,480.0,0.0,2.0,6.0,28.0,5.6,50.0,0.0,0.0,0.0,0.0,1,15154.860327
2015,63.0,0.0,Other Hispanic,hs_or_less,low (<1.3x poverty),0.88,0.0,0.0,0.0,0.0,0.0,0.0,10.0,29.0,8.5,70.0,1.0,1.0,0.0,1.0,0,5044.7819295
2015,40.0,0.0,NH White,hs_or_less,middle (1.3-3.5x),1.37,0.0,14400.0,3600.0,0.0,2400.0,0.0,2.0,21.6,5.8,38.0,0.0,1.0,0.0,1.0,0,13434.853084
2015,59.0,0.0,NH Asian,college_plus,middle (1.3-3.5x),2.93,0.0,0.0,0.0,0.0,0.0,0.0,10.0,25.5,6.6,51.0,1.0,1.0,0.0,0.0,0,7898.6875885
2015,40.0,0.0,NH White,hs_or_less,middle (1.3-3.5x),1.85,0.0,0.0,0.0,0.0,0.0,0.0,2.0,31.3,5.2,30.0,0.0,0.0,1.0,0.0,0,12534.6412655
2015,38.0,1.0,NH White,some_college,high (>3.5x),3.52,0.0,5760.0,320.0,0.0,1440.0,0.0,6.0,33.3,5.3,35.0,0.0,0.0,1.0,0.0,0,48801.06533
2015,49.0,1.0,Other/Multi,some_college,low (<1.3x poverty),0.84,720.0,14640.0,0.0,180.0,2580.0,3.0,8.0,22.4,5.3,49.0,0.0,0.0,0.0,0.0,1,27459.9900225
2015,25.0,0.0,Mexican American,hs_or_less,middle (1.3-3.5x),2.55,1440.0,0.0,180.0,180.0,0.0,2.0,10.0,28.9,5.2,54.0,0.0,0.0,0.0,1.0,1,19818.149582
2015,39.0,1.0,Mexican American,hs_or_less,high (>3.5x),4.14,0.0,14400.0,0.0,0.0,2400.0,0.0,6.0,46.0,8.6,44.0,1.0,1.0,1.0,0.0,0,17724.18636
2015,54.0,1.0,NH White,hs_or_less,high (>3.5x),4.22,360.0,2400.0,0.0,90.0,300.0,3.0,10.0,29.2,5.3,55.0,0.0,0.0,0.0,0.0,0,37772.132513
2015,33.0,1.0,NH White,some_college,high (>3.5x),5.0,2640.0,480.0,0.0,390.0,80.0,5.0,8.0,25.6,5.2,93.0,0.0,0.0,0.0,0.0,1,43039.049717
2015,34.0,0.0,NH White,some_college,middle (1.3-3.5x),1.8,160.0,1800.0,0.0,40.0,300.0,2.0,8.0,24.2,5.7,57.0,0.0,1.0,0.0,0.0,0,16739.1098575
2015,59.0,0.0,Mexican American,hs_or_less,high (>3.5x),3.98,0.0,0.0,0.0,0.0,0.0,0.0,3.0,26.2,5.4,36.0,0.0,0.0,0.0,1.0,0,12514.5180975
2015,31.0,0.0,NH White,some_college,low (<1.3x poverty),1.09,6080.0,1200.0,0.0,760.0,300.0,4.0,6.0,27.9,5.4,73.0,0.0,0.0,0.0,0.0,1,63935.3066055
2015,37.0,0.0,Mexican American,hs_or_less,low (<1.3x poverty),0.02,0.0,0.0,480.0,0.0,0.0,0.0,2.0,35.0,5.5,30.0,0.0,0.0,1.0,0.0,0,11764.576082
2015,51.0,1.0,Mexican American,hs_or_less,middle (1.3-3.5x),1.49,0.0,0.0,0.0,0.0,0.0,0.0,4.0,43.5,14.1,49.0,1.0,1.0,1.0,1.0,0,14646.4182395
2015,42.0,1.0,Mexican American,hs_or_less,middle (1.3-3.5x),1.44,120.0,0.0,400.0,30.0,0.0,2.0,10.0,28.6,5.5,65.0,0.0,0.0,0.0,0.0,0,9855.5851155
2015,26.0,1.0,NH Black,college_plus,high (>3.5x),3.79,0.0,0.0,0.0,0.0,0.0,0.0,15.0,28.6,5.1,80.0,0.0,0.0,0.0,0.0,0,12950.9747505
2015,39.0,0.0,NH White,some_college,middle (1.3-3.5x),2.72,160.0,0.0,0.0,40.0,0.0,2.0,12.0,34.8,5.1,36.0,0.0,0.0,1.0,1.0,0,61116.0789455
2015,56.0,1.0,NH Black,some_college,low (<1.3x poverty),1.26,0.0,0.0,0.0,0.0,0.0,0.0,8.0,29.0,6.2,61.0,0.0,1.0,0.0,0.0,0,12788.0328965
2015,61.0,1.0,Mexican American,hs_or_less,low (<1.3x poverty),0.99,0.0,0.0,0.0,0.0,0.0,0.0,4.0,20.9,5.5,83.0,0.0,0.0,0.0,0.0,0,4421.9163185
2015,36.0,1.0,Mexican American,hs_or_less,middle (1.3-3.5x),2.88,0.0,1200.0,0.0,0.0,300.0,0.0,5.0,29.1,5.0,55.0,0.0,0.0,0.0,1.0,0,8487.7742205
2015,61.0,0.0,Other Hispanic,some_college,low (<1.3x poverty),0.6,0.0,3600.0,360.0,0.0,600.0,0.0,8.0,31.8,5.6,47.0,0.0,0.0,1.0,0.0,0,3428.7101005
2015,65.0,0.0,NH Black,college_plus,middle (1.3-3.5x),3.43,0.0,0.0,0.0,0.0,0.0,0.0,5.0,31.8,5.8,58.0,1.0,1.0,1.0,0.0,0,8035.2799575
2015,65.0,0.0,NH Black,hs_or_less,low (<1.3x poverty),0.82,600.0,0.0,0.0,150.0,0.0,5.0,1.0,28.1,6.5,137.0,1.0,1.0,0.0,1.0,1,7670.746709
2015,40.0,1.0,Mexican American,college_plus,high (>3.5x),3.91,0.0,0.0,80.0,0.0,0.0,0.0,2.0,27.4,5.3,65.0,0.0,0.0,0.0,0.0,0,17545.173727
2015,27.0,0.0,NH White,college_plus,middle (1.3-3.5x),2.97,2400.0,0.0,0.0,360.0,0.0,6.0,11.0,24.1,5.3,37.0,0.0,0.0,0.0,0.0,1,72506.974193
2015,41.0,0.0,NH Black,hs_or_less,middle (1.3-3.5x),1.6,0.0,0.0,80.0,0.0,0.0,0.0,4.0,37.5,5.6,45.0,0.0,0.0,1.0,0.0,0,12036.7511895
2015,40.0,0.0,NH White,some_college,high (>3.5x),5.0,840.0,0.0,0.0,105.0,0.0,3.0,11.0,27.3,5.1,38.0,0.0,0.0,0.0,0.0,1,92333.159282
2015,59.0,0.0,NH White,hs_or_less,middle (1.3-3.5x),1.69,0.0,7200.0,0.0,0.0,1080.0,0.0,8.0,41.6,5.4,41.0,0.0,0.0,1.0,1.0,0,14294.984112
2015,49.0,1.0,Other Hispanic,hs_or_less,low (<1.3x poverty),1.24,120.0,0.0,0.0,30.0,0.0,1.0,3.0,28.5,5.2,28.0,0.0,0.0,0.0,0.0,0,9705.9083605
2015,35.0,0.0,NH White,some_college,low (<1.3x poverty),5.397605346934028e-79,0.0,0.0,0.0,0.0,0.0,0.0,6.0,23.6,5.4,42.0,0.0,0.0,0.0,0.0,0,14727.2916235
2015,56.0,1.0,NH White,some_college,high (>3.5x),5.0,0.0,0.0,540.0,0.0,0.0,0.0,9.0,30.6,6.0,64.0,0.0,1.0,1.0,0.0,0,67183.100672
2015,61.0,0.0,NH White,college_plus,high (>3.5x),5.0,0.0,0.0,0.0,0.0,0.0,0.0,10.0,32.2,4.8,91.0,0.0,0.0,1.0,0.0,0,115148.30207
2015,61.0,1.0,Other/Multi,hs_or_less,low (<1.3x poverty),0.74,0.0,0.0,0.0,0.0,0.0,0.0,8.0,42.6,5.8,53.0,0.0,1.0,1.0,0.0,0,25800.544606
2015,32.0,1.0,NH Asian,college_plus,middle (1.3-3.5x),2.88,0.0,0.0,0.0,0.0,0.0,0.0,5.0,23.5,4.8,66.0,0.0,0.0,0.0,0.0,0,9667.0735445
2015,63.0,0.0,Other/Multi,some_college,middle (1.3-3.5x),1.53,0.0,1440.0,0.0,0.0,300.0,0.0,6.0,29.0,6.0,39.0,0.0,1.0,0.0,0.0,0,4698.026972
2015,63.0,0.0,Mexican American,hs_or_less,low (<1.3x poverty),1.07,0.0,0.0,0.0,0.0,0.0,0.0,4.0,28.2,8.2,28.0,1.0,1.0,0.0,0.0,0,4244.201461
2015,22.0,0.0,Other Hispanic,hs_or_less,high (>3.5x),5.0,600.0,2880.0,400.0,150.0,480.0,5.0,5.0,28.4,4.8,61.0,0.0,0.0,0.0,0.0,1,15445.7385635
2015,20.0,0.0,NH White,some_college,high (>3.5x),5.0,1440.0,15600.0,240.0,180.0,2700.0,3.0,5.0,26.6,5.2,45.0,0.0,0.0,0.0,0.0,1,63417.0785525
2015,56.0,0.0,NH Black,hs_or_less,middle (1.3-3.5x),2.11,4320.0,3600.0,0.0,1080.0,900.0,6.0,4.0,24.3,5.9,62.0,0.0,1.0,0.0,0.0,1,12181.467876
2015,50.0,0.0,NH White,college_plus,middle (1.3-3.5x),2.69,0.0,0.0,0.0,0.0,0.0,0.0,12.0,28.2,5.2,30.0,0.0,0.0,0.0,0.0,0,16895.832771
2015,41.0,0.0,NH White,some_college,high (>3.5x),5.0,2080.0,0.0,0.0,320.0,0.0,7.0,8.0,35.1,4.6,45.0,0.0,0.0,1.0,0.0,1,72937.371629
2015,30.0,0.0,Mexican American,college_plus,middle (1.3-3.5x),1.5,2880.0,4800.0,0.0,480.0,600.0,6.0,4.0,25.0,4.8,33.0,0.0,0.0,0.0,1.0,1,12853.40708
2015,58.0,1.0,NH White,some_college,middle (1.3-3.5x),2.02,0.0,1440.0,0.0,0.0,360.0,0.0,15.0,35.8,5.5,59.0,0.0,0.0,1.0,0.0,0,46448.4571935
2015,23.0,0.0,NH White,some_college,low (<1.3x poverty),0.76,720.0,800.0,800.0,90.0,200.0,3.0,6.0,23.7,5.0,44.0,0.0,0.0,0.0,0.0,1,74495.0132265
2015,42.0,1.0,NH Black,some_college,middle (1.3-3.5x),1.58,0.0,40.0,0.0,0.0,10.0,0.0,7.0,43.4,5.8,50.0,0.0,1.0,1.0,0.0,0,10241.029698
2015,63.0,1.0,NH Black,hs_or_less,low (<1.3x poverty),1.18,600.0,160.0,0.0,150.0,40.0,5.0,6.0,36.1,5.6,67.0,0.0,0.0,1.0,0.0,1,10288.0412415
2015,26.0,1.0,NH White,some_college,middle (1.3-3.5x),3.4,1080.0,480.0,0.0,150.0,120.0,6.0,3.0,31.7,5.4,73.0,0.0,0.0,1.0,0.0,1,27219.3047565
2015,56.0,0.0,NH Black,college_plus,middle (1.3-3.5x),3.22,0.0,0.0,200.0,0.0,0.0,0.0,8.0,28.8,7.2,47.0,1.0,1.0,0.0,1.0,0,12984.6181305
2015,61.0,1.0,Mexican American,hs_or_less,low (<1.3x poverty),0.94,400.0,0.0,0.0,100.0,0.0,4.0,6.0,39.2,5.5,47.0,0.0,0.0,1.0,1.0,0,4892.2963545
2015,31.0,0.0,NH Black,some_college,middle (1.3-3.5x),2.89,2880.0,240.0,0.0,360.0,30.0,3.0,3.0,27.4,4.5,44.0,0.0,0.0,0.0,0.0,1,15392.1720335
2015,29.0,0.0,Other Hispanic,some_college,low (<1.3x poverty),0.68,1440.0,0.0,1800.0,180.0,0.0,3.0,4.0,23.1,5.4,73.0,0.0,0.0,0.0,0.0,1,20328.196607
2015,61.0,0.0,Mexican American,hs_or_less,middle (1.3-3.5x),1.93,360.0,1200.0,0.0,60.0,300.0,2.0,8.0,31.1,5.8,41.0,0.0,1.0,1.0,0.0,0,4815.47366
2015,48.0,1.0,NH White,some_college,middle (1.3-3.5x),1.46,0.0,0.0,400.0,0.0,0.0,0.0,8.0,27.6,4.9,41.0,0.0,0.0,0.0,0.0,0,18509.484616
2015,33.0,0.0,NH White,hs_or_less,middle (1.3-3.5x),1.44,0.0,25920.0,0.0,0.0,4320.0,0.0,6.0,22.3,5.2,49.0,0.0,0.0,0.0,0.0,0,20470.972717
2015,64.0,0.0,NH White,some_college,middle (1.3-3.5x),2.27,0.0,720.0,0.0,0.0,180.0,0.0,8.0,30.1,5.1,45.0,0.0,0.0,1.0,1.0,0,21898.291146
2015,24.0,1.0,Other Hispanic,some_college,middle (1.3-3.5x),3.14,480.0,0.0,0.0,120.0,0.0,2.0,10.0,23.7,4.7,70.0,0.0,0.0,0.0,1.0,0,19793.5647435
2015,50.0,0.0,NH Black,some_college,middle (1.3-3.5x),2.38,540.0,2400.0,0.0,135.0,600.0,3.0,12.0,35.5,5.7,32.0,0.0,1.0,1.0,0.0,0,9535.844881
2015,51.0,0.0,NH White,hs_or_less,middle (1.3-3.5x),1.51,0.0,0.0,0.0,0.0,0.0,0.0,13.0,18.9,5.4,29.0,0.0,0.0,0.0,1.0,0,15321.7047745
2015,59.0,1.0,NH White,college_plus,middle (1.3-3.5x),3.23,0.0,0.0,0.0,0.0,0.0,0.0,14.0,25.3,5.3,84.0,0.0,0.0,0.0,0.0,0,48618.1166625
2015,34.0,0.0,Mexican American,hs_or_less,middle (1.3-3.5x),1.76,0.0,0.0,0.0,0.0,0.0,0.0,7.0,46.3,6.2,29.0,0.0,1.0,1.0,1.0,0,13240.9537815
2015,55.0,0.0,NH Black,some_college,high (>3.5x),5.0,0.0,0.0,0.0,0.0,0.0,0.0,12.0,25.0,4.9,48.0,0.0,0.0,0.0,0.0,0,17775.393821
2015,64.0,0.0,NH White,hs_or_less,middle (1.3-3.5x),2.81,0.0,4320.0,0.0,0.0,1080.0,0.0,10.0,24.0,6.0,44.0,0.0,1.0,0.0,0.0,0,78880.292116
2015,29.0,0.0,Mexican American,some_college,high (>3.5x),4.29,0.0,1200.0,0.0,0.0,300.0,0.0,12.0,33.7,5.9,48.0,0.0,1.0,1.0,1.0,0,27006.334721
2015,37.0,1.0,NH Asian,college_plus,low (<1.3x poverty),1.03,0.0,0.0,0.0,0.0,0.0,0.0,1.0,21.6,5.3,48.0,0.0,0.0,0.0,0.0,0,12587.683949
2015,63.0,0.0,Mexican American,hs_or_less,low (<1.3x poverty),0.94,0.0,0.0,0.0,0.0,0.0,0.0,1.0,29.0,7.3,37.0,1.0,1.0,0.0,1.0,0,4253.3351735
2015,48.0,1.0,NH White,some_college,high (>3.5x),5.0,540.0,0.0,0.0,135.0,0.0,3.0,12.0,27.0,5.2,37.0,0.0,0.0,0.0,0.0,0,58804.485978
2015,27.0,1.0,Other/Multi,some_college,low (<1.3x poverty),0.92,4320.0,28800.0,0.0,720.0,4800.0,7.0,5.0,25.1,5.0,58.0,0.0,0.0,0.0,0.0,1,10960.052771
2015,47.0,1.0,NH Black,some_college,middle (1.3-3.5x),1.92,0.0,0.0,400.0,0.0,0.0,0.0,4.0,24.5,5.2,76.0,0.0,0.0,0.0,0.0,0,10564.37942
2015,47.0,0.0,Other Hispanic,some_college,high (>3.5x),3.72,0.0,840.0,0.0,0.0,180.0,0.0,12.0,16.0,4.9,70.0,1.0,1.0,0.0,0.0,0,22367.3942025
2015,40.0,1.0,Mexican American,hs_or_less,low (<1.3x poverty),0.21,0.0,0.0,0.0,0.0,0.0,0.0,6.0,41.9,5.6,37.0,0.0,0.0,1.0,1.0,0,11197.738233
2015,20.0,1.0,Mexican American,some_college,middle (1.3-3.5x),1.85,0.0,2160.0,0.0,0.0,540.0,0.0,7.0,18.0,5.2,68.0,0.0,0.0,0.0,1.0,0,17689.3823475
2015,30.0,1.0,NH Black,some_college,low (<1.3x poverty),0.4,0.0,0.0,0.0,0.0,0.0,0.0,10.0,27.6,11.5,69.0,1.0,1.0,0.0,1.0,0,11980.085021
2015,31.0,1.0,Other Hispanic,hs_or_less,high (>3.5x),3.63,0.0,0.0,1200.0,0.0,0.0,0.0,5.0,26.3,4.9,63.0,0.0,0.0,0.0,0.0,0,14681.715542
2015,64.0,1.0,NH Asian,college_plus,high (>3.5x),5.0,0.0,0.0,0.0,0.0,0.0,0.0,10.0,31.1,5.5,90.0,0.0,0.0,1.0,0.0,0,12828.4185725
2015,64.0,0.0,Mexican American,hs_or_less,low (<1.3x poverty),0.98,720.0,0.0,720.0,180.0,0.0,4.0,2.0,26.1,9.7,40.0,1.0,1.0,0.0,1.0,1,5840.902955
2015,39.0,1.0,NH Asian,college_plus,middle (1.3-3.5x),1.9,0.0,0.0,0.0,0.0,0.0,0.0,5.0,31.7,9.4,46.0,1.0,1.0,1.0,1.0,0,10164.220374
2015,42.0,1.0,Mexican American,college_plus,middle (1.3-3.5x),2.31,800.0,4320.0,0.0,200.0,720.0,5.0,8.0,35.3,5.3,36.0,0.0,0.0,1.0,0.0,1,10451.730507
2015,26.0,1.0,NH White,college_plus,middle (1.3-3.5x),2.86,960.0,0.0,500.0,150.0,0.0,4.0,9.0,27.5,4.8,86.0,0.0,0.0,0.0,0.0,1,41221.1113195
2015,29.0,0.0,NH Asian,college_plus,high (>3.5x),5.0,360.0,0.0,0.0,90.0,0.0,3.0,12.0,27.0,5.6,37.0,0.0,0.0,0.0,0.0,0,10385.7432575
2015,22.0,1.0,NH White,college_plus,middle (1.3-3.5x),3.33,0.0,6000.0,0.0,0.0,1500.0,0.0,4.0,37.4,5.1,52.0,0.0,0.0,1.0,0.0,0,46755.568982
2015,62.0,0.0,Mexican American,hs_or_less,low (<1.3x poverty),0.63,0.0,80.0,0.0,0.0,10.0,0.0,8.0,35.8,5.2,40.0,0.0,0.0,1.0,1.0,0,4233.229738
2015,57.0,1.0,NH White,college_plus,high (>3.5x),5.0,720.0,480.0,160.0,180.0,120.0,3.0,6.0,31.8,5.9,80.0,0.0,1.0,1.0,0.0,1,89291.577524
2015,57.0,0.0,Other/Multi,hs_or_less,middle (1.3-3.5x),2.74,6256.0,0.0,0.0,1084.0,0.0,7.0,5.0,28.7,5.6,57.0,0.0,0.0,0.0,0.0,1,14679.4534795
2015,63.0,1.0,NH Black,some_college,middle (1.3-3.5x),1.94,0.0,5760.0,0.0,0.0,1440.0,0.0,6.0,27.8,5.9,65.0,0.0,1.0,0.0,1.0,0,8054.4990455
2015,64.0,1.0,NH Asian,hs_or_less,low (<1.3x poverty),1.26,0.0,0.0,0.0,0.0,0.0,0.0,2.0,25.3,5.7,54.0,0.0,1.0,0.0,0.0,0,12828.4185725
2015,53.0,0.0,NH White,some_college,middle (1.3-3.5x),2.64,240.0,160.0,0.0,60.0,20.0,4.0,3.0,21.9,5.6,61.0,0.0,0.0,0.0,0.0,0,49643.9670365
2015,50.0,1.0,Other Hispanic,hs_or_less,middle (1.3-3.5x),2.31,200.0,480.0,0.0,35.0,60.0,3.0,8.0,29.1,4.7,61.0,0.0,0.0,0.0,1.0,0,10066.895875
2015,29.0,0.0,NH Asian,college_plus,middle (1.3-3.5x),2.99,0.0,0.0,720.0,0.0,0.0,0.0,3.0,24.1,5.5,44.0,0.0,0.0,0.0,0.0,0,5184.2729405
2015,63.0,0.0,NH White,some_college,low (<1.3x poverty),1.01,0.0,0.0,0.0,0.0,0.0,0.0,3.0,26.7,5.2,65.0,0.0,0.0,0.0,1.0,0,16031.7111245
2015,50.0,0.0,NH White,some_college,high (>3.5x),5.0,160.0,0.0,0.0,40.0,0.0,2.0,8.0,40.1,4.9,27.0,0.0,0.0,1.0,0.0,0,82043.137719
2015,42.0,0.0,Other Hispanic,college_plus,middle (1.3-3.5x),3.0,720.0,0.0,0.0,180.0,0.0,1.0,7.0,25.9,5.3,34.0,0.0,0.0,0.0,0.0,1,27638.3900225
2015,45.0,1.0,NH White,hs_or_less,low (<1.3x poverty),0.21,360.0,12960.0,0.0,90.0,3240.0,2.0,2.0,24.8,5.2,90.0,0.0,0.0,0.0,0.0,0,22442.7743335
2015,65.0,0.0,Other Hispanic,hs_or_less,middle (1.3-3.5x),1.49,0.0,0.0,0.0,0.0,0.0,0.0,1.0,25.8,9.0,76.0,1.0,1.0,0.0,1.0,0,4633.506272
2015,35.0,0.0,Mexican American,hs_or_less,high (>3.5x),4.54,0.0,0.0,4800.0,0.0,0.0,0.0,5.0,26.1,4.9,60.0,0.0,0.0,0.0,1.0,0,17733.3107495
2015,44.0,1.0,Mexican American,college_plus,middle (1.3-3.5x),2.61,720.0,0.0,0.0,180.0,0.0,3.0,10.0,25.2,5.3,68.0,0.0,0.0,0.0,0.0,1,14666.293777
2015,57.0,1.0,NH Black,some_college,low (<1.3x poverty),0.89,0.0,0.0,0.0,0.0,0.0,0.0,2.0,28.9,6.1,38.0,0.0,1.0,0.0,1.0,0,10769.158033
2015,24.0,1.0,NH Black,college_plus,low (<1.3x poverty),5.397605346934028e-79,0.0,5280.0,960.0,0.0,720.0,0.0,8.0,32.5,5.4,50.0,0.0,0.0,1.0,1.0,0,21129.069206
2015,62.0,0.0,Mexican American,hs_or_less,low (<1.3x poverty),0.17,0.0,0.0,0.0,0.0,0.0,0.0,6.0,29.1,7.4,32.0,1.0,1.0,0.0,1.0,0,4050.0402455
2015,40.0,1.0,NH Asian,some_college,high (>3.5x),5.0,240.0,0.0,0.0,60.0,0.0,3.0,6.0,25.1,5.9,57.0,0.0,1.0,0.0,0.0,0,7914.3253285
2015,29.0,1.0,NH White,some_college,low (<1.3x poverty),5.397605346934028e-79,720.0,0.0,0.0,180.0,0.0,3.0,11.0,24.3,4.5,64.0,0.0,0.0,0.0,0.0,1,35044.929278
2015,57.0,0.0,Mexican American,hs_or_less,low (<1.3x poverty),1.03,0.0,0.0,0.0,0.0,0.0,0.0,4.0,29.3,5.8,36.0,0.0,1.0,0.0,1.0,0,10295.293666
2015,40.0,0.0,NH Black,some_college,low (<1.3x poverty),0.26,0.0,12000.0,0.0,0.0,3000.0,0.0,5.0,21.0,5.4,112.0,0.0,0.0,0.0,0.0,0,12341.1647265
2015,55.0,1.0,NH White,hs_or_less,low (<1.3x poverty),1.01,0.0,0.0,0.0,0.0,0.0,0.0,4.0,33.1,5.7,48.0,1.0,1.0,1.0,1.0,0,75034.109878
2015,27.0,1.0,NH Asian,college_plus,low (<1.3x poverty),0.68,2400.0,0.0,2400.0,360.0,0.0,4.0,8.0,25.3,5.2,69.0,0.0,0.0,0.0,0.0,1,10671.1165505
2015,46.0,0.0,NH Black,some_college,middle (1.3-3.5x),3.43,720.0,2880.0,0.0,180.0,720.0,3.0,12.0,47.2,12.5,43.0,1.0,1.0,1.0,0.0,1,12154.107238
2015,41.0,1.0,NH White,hs_or_less,high (>3.5x),5.0,1080.0,0.0,0.0,270.0,0.0,3.0,3.0,34.7,5.1,94.0,0.0,0.0,1.0,0.0,1,54556.7993275
2015,47.0,1.0,NH White,some_college,middle (1.3-3.5x),2.82,0.0,0.0,600.0,0.0,0.0,0.0,4.0,44.7,6.0,49.0,0.0,1.0,1.0,1.0,0,48057.7881575
2015,54.0,0.0,NH Black,hs_or_less,middle (1.3-3.5x),2.88,0.0,5760.0,0.0,0.0,1440.0,0.0,2.0,33.0,8.8,30.0,1.0,1.0,1.0,0.0,0,13062.494508
2015,21.0,1.0,NH White,some_college,high (>3.5x),4.21,0.0,1440.0,0.0,0.0,360.0,0.0,5.0,21.8,5.1,38.0,0.0,0.0,0.0,0.0,0,46283.5132275
2015,29.0,1.0,Other/Multi,hs_or_less,high (>3.5x),4.46,0.0,0.0,0.0,0.0,0.0,0.0,10.0,19.3,5.6,79.0,0.0,0.0,0.0,0.0,0,12442.820876
2015,25.0,0.0,NH White,some_college,middle (1.3-3.5x),1.94,1920.0,6240.0,2400.0,360.0,1200.0,3.0,5.0,26.2,5.1,40.0,0.0,0.0,0.0,0.0,1,34352.5256855
2015,49.0,0.0,NH White,hs_or_less,high (>3.5x),4.54,960.0,0.0,0.0,120.0,0.0,2.0,5.0,33.4,5.8,33.0,0.0,1.0,1.0,0.0,1,67606.4039005
2015,54.0,1.0,Other Hispanic,hs_or_less,middle (1.3-3.5x),2.11,720.0,0.0,0.0,180.0,0.0,3.0,5.0,31.3,5.5,46.0,0.0,0.0,1.0,0.0,1,7574.2908695
2015,26.0,0.0,Other Hispanic,college_plus,low (<1.3x poverty),1.06,0.0,0.0,0.0,0.0,0.0,0.0,15.0,26.6,5.3,29.0,0.0,0.0,0.0,0.0,0,16604.7606785
2015,28.0,0.0,Mexican American,hs_or_less,middle (1.3-3.5x),1.58,0.0,13200.0,0.0,0.0,2400.0,0.0,5.0,34.4,5.5,36.0,0.0,0.0,1.0,0.0,0,15892.8087715
2015,58.0,1.0,Other/Multi,hs_or_less,middle (1.3-3.5x),3.14,0.0,120.0,0.0,0.0,30.0,0.0,8.0,24.8,5.8,36.0,0.0,1.0,0.0,0.0,0,9850.0784555
2015,24.0,0.0,Other Hispanic,hs_or_less,low (<1.3x poverty),0.62,0.0,0.0,720.0,0.0,0.0,0.0,7.0,30.8,5.4,43.0,0.0,0.0,1.0,0.0,0,19970.6824355
2015,47.0,0.0,NH Black,hs_or_less,middle (1.3-3.5x),1.34,0.0,12000.0,0.0,0.0,2100.0,0.0,4.0,24.8,5.8,55.0,0.0,1.0,0.0,1.0,0,8802.337277
2015,42.0,0.0,NH Black,some_college,high (>3.5x),5.0,720.0,2880.0,0.0,90.0,720.0,2.0,6.0,31.4,5.3,72.0,0.0,0.0,1.0,0.0,1,10821.083937
2015,59.0,1.0,NH White,college_plus,middle (1.3-3.5x),1.58,0.0,0.0,0.0,0.0,0.0,0.0,8.0,32.0,5.9,58.0,0.0,1.0,1.0,1.0,0,19653.0443965
2015,23.0,0.0,Other Hispanic,some_college,low (<1.3x poverty),0.59,0.0,0.0,0.0,0.0,0.0,0.0,2.0,41.0,5.3,28.0,0.0,0.0,1.0,0.0,0,28531.619028
2015,57.0,1.0,NH White,college_plus,high (>3.5x),5.0,3240.0,9600.0,0.0,450.0,2100.0,7.0,4.0,24.8,4.7,53.0,0.0,0.0,0.0,1.0,1,87151.325724
2015,22.0,0.0,NH Asian,some_college,high (>3.5x),4.96,4560.0,0.0,0.0,660.0,0.0,7.0,10.0,24.4,5.0,65.0,0.0,0.0,0.0,0.0,1,10931.5388725
2015,25.0,0.0,NH Asian,college_plus,high (>3.5x),5.0,0.0,0.0,900.0,0.0,0.0,0.0,5.0,23.4,5.3,53.0,0.0,0.0,0.0,0.0,0,13434.9626345
2015,54.0,1.0,Mexican American,hs_or_less,middle (1.3-3.5x),2.11,0.0,0.0,600.0,0.0,0.0,0.0,1.0,41.3,6.6,47.0,1.0,1.0,1.0,1.0,0,7275.200292
2015,24.0,0.0,NH White,college_plus,low (<1.3x poverty),0.63,0.0,0.0,0.0,0.0,0.0,0.0,8.0,24.4,5.0,61.0,0.0,0.0,0.0,0.0,0,22805.250913
2015,59.0,1.0,NH Black,some_college,low (<1.3x poverty),1.23,0.0,0.0,0.0,0.0,0.0,0.0,7.0,32.1,5.6,79.0,1.0,1.0,1.0,0.0,0,10192.758334
2015,45.0,1.0,Mexican American,some_college,high (>3.5x),5.0,600.0,0.0,0.0,150.0,0.0,5.0,12.0,33.8,5.9,56.0,0.0,1.0,1.0,0.0,1,18509.016082
2015,41.0,0.0,NH Black,college_plus,middle (1.3-3.5x),1.39,0.0,24000.0,0.0,0.0,3600.0,0.0,4.0,33.2,5.5,39.0,0.0,0.0,1.0,0.0,0,8908.688473
2015,48.0,0.0,NH Asian,hs_or_less,low (<1.3x poverty),0.95,0.0,720.0,160.0,0.0,120.0,0.0,4.0,18.6,5.4,75.0,0.0,0.0,0.0,0.0,0,4838.18562
2015,45.0,1.0,NH White,some_college,middle (1.3-3.5x),1.65,0.0,3840.0,0.0,0.0,960.0,0.0,5.0,41.6,5.6,45.0,0.0,0.0,1.0,0.0,0,41559.2821925
2015,37.0,1.0,Mexican American,some_college,low (<1.3x poverty),0.42,0.0,18000.0,0.0,0.0,3000.0,0.0,3.0,50.9,5.6,33.0,0.0,0.0,1.0,1.0,0,16273.793702
2015,65.0,0.0,Mexican American,hs_or_less,low (<1.3x poverty),0.51,0.0,0.0,12000.0,0.0,0.0,0.0,3.0,30.7,9.1,33.0,1.0,1.0,1.0,1.0,0,4733.69193
2015,33.0,1.0,NH Asian,college_plus,high (>3.5x),5.0,840.0,900.0,0.0,135.0,150.0,7.0,8.0,26.7,5.2,42.0,0.0,0.0,0.0,0.0,1,13294.658712
2015,52.0,1.0,NH White,some_college,middle (1.3-3.5x),2.64,0.0,0.0,240.0,0.0,0.0,0.0,6.0,26.5,5.4,64.0,0.0,0.0,0.0,0.0,0,51039.317254
2015,65.0,0.0,Other Hispanic,hs_or_less,low (<1.3x poverty),0.57,0.0,17280.0,0.0,0.0,2520.0,0.0,6.0,36.7,6.0,43.0,1.0,1.0,1.0,0.0,0,4621.8387935
2015,62.0,1.0,Mexican American,hs_or_less,middle (1.3-3.5x),2.13,0.0,0.0,0.0,0.0,0.0,0.0,6.0,25.6,5.8,44.0,0.0,1.0,0.0,0.0,0,4792.877641
2015,50.0,0.0,NH White,college_plus,high (>3.5x),5.0,720.0,1920.0,0.0,180.0,480.0,3.0,6.0,31.4,10.3,44.0,1.0,1.0,1.0,0.0,1,65346.3998855
2015,34.0,1.0,Other Hispanic,some_college,middle (1.3-3.5x),3.17,360.0,0.0,0.0,90.0,0.0,3.0,5.0,17.9,5.3,62.0,0.0,0.0,0.0,1.0,0,15423.216327
2015,56.0,0.0,NH White,hs_or_less,middle (1.3-3.5x),1.48,240.0,2400.0,0.0,60.0,600.0,2.0,7.0,29.5,5.8,32.0,0.0,1.0,0.0,1.0,0,18573.0930615
2015,26.0,0.0,Mexican American,hs_or_less,low (<1.3x poverty),0.97,0.0,0.0,160.0,0.0,0.0,0.0,3.0,37.0,5.3,,0.0,0.0,1.0,0.0,0,21298.600213
2015,65.0,1.0,Other Hispanic,hs_or_less,low (<1.3x poverty),1.01,6480.0,960.0,0.0,900.0,120.0,7.0,1.0,24.5,5.7,86.0,0.0,1.0,0.0,0.0,1,4197.932778
2015,58.0,0.0,NH White,college_plus,high (>3.5x),4.68,240.0,0.0,600.0,60.0,0.0,2.0,10.0,37.0,5.5,36.0,0.0,0.0,1.0,0.0,0,89049.2604595
2015,31.0,0.0,NH Asian,college_plus,high (>3.5x),5.0,0.0,0.0,1200.0,0.0,0.0,0.0,5.0,41.8,5.7,35.0,0.0,1.0,1.0,1.0,0,13510.155351
2015,27.0,0.0,NH Asian,some_college,middle (1.3-3.5x),3.22,360.0,360.0,0.0,90.0,90.0,3.0,4.0,27.1,5.1,54.0,0.0,0.0,0.0,0.0,0,10172.4545715
2015,20.0,1.0,Other Hispanic,some_college,middle (1.3-3.5x),3.42,0.0,1200.0,0.0,0.0,200.0,0.0,3.0,48.3,5.8,34.0,0.0,1.0,1.0,1.0,0,14229.4029335
2015,30.0,1.0,Mexican American,hs_or_less,low (<1.3x poverty),0.78,0.0,0.0,0.0,0.0,0.0,0.0,4.0,25.4,5.2,56.0,0.0,0.0,0.0,1.0,0,15548.2374995
2015,40.0,0.0,Other/Multi,college_plus,high (>3.5x),5.0,2520.0,2520.0,0.0,495.0,390.0,7.0,4.0,27.2,5.3,33.0,0.0,0.0,0.0,0.0,1,51543.564855
2015,63.0,0.0,Other Hispanic,some_college,middle (1.3-3.5x),2.78,0.0,0.0,0.0,0.0,0.0,0.0,3.0,25.3,4.0,35.0,0.0,0.0,0.0,0.0,0,3793.900433
2015,56.0,1.0,NH Asian,college_plus,high (>3.5x),5.0,80.0,5760.0,480.0,20.0,1080.0,1.0,8.0,32.1,7.2,53.0,1.0,1.0,1.0,0.0,0,9351.395448
2015,27.0,0.0,NH White,college_plus,high (>3.5x),5.0,240.0,8640.0,0.0,60.0,2040.0,2.0,6.0,21.1,5.6,59.0,0.0,0.0,0.0,0.0,0,63532.907788
2015,33.0,1.0,NH White,some_college,low (<1.3x poverty),1.23,2160.0,4320.0,0.0,360.0,1080.0,6.0,10.0,39.8,5.5,35.0,0.0,0.0,1.0,0.0,1,54179.887221
2015,36.0,0.0,Other Hispanic,hs_or_less,low (<1.3x poverty),0.28,0.0,13440.0,0.0,0.0,2400.0,0.0,3.0,28.2,5.5,23.0,0.0,0.0,0.0,0.0,0,15717.976755
2015,65.0,0.0,NH Black,hs_or_less,middle (1.3-3.5x),2.47,720.0,0.0,0.0,90.0,0.0,2.0,2.0,28.5,5.9,52.0,0.0,1.0,0.0,0.0,1,5952.410631
2015,29.0,1.0,NH Black,some_college,low (<1.3x poverty),0.88,0.0,9600.0,0.0,0.0,2400.0,0.0,10.0,36.5,5.1,39.0,0.0,0.0,1.0,0.0,0,10927.4743315
2015,22.0,1.0,NH Asian,college_plus,low (<1.3x poverty),5.397605346934028e-79,240.0,0.0,240.0,60.0,0.0,2.0,9.0,34.4,5.5,36.0,0.0,0.0,1.0,0.0,0,14505.378192
2015,55.0,1.0,Other Hispanic,hs_or_less,middle (1.3-3.5x),2.46,0.0,0.0,0.0,0.0,0.0,0.0,15.0,37.0,5.8,60.0,0.0,1.0,1.0,0.0,0,6060.961808
2015,55.0,0.0,NH Black,some_college,low (<1.3x poverty),0.34,480.0,2160.0,1800.0,60.0,360.0,1.0,5.0,26.6,5.7,111.0,0.0,1.0,0.0,0.0,0,11168.030371
2015,55.0,0.0,Other/Multi,hs_or_less,low (<1.3x poverty),1.14,1920.0,0.0,0.0,480.0,0.0,4.0,3.0,28.1,9.7,49.0,1.0,1.0,0.0,0.0,1,10180.892493
2015,52.0,1.0,Mexican American,hs_or_less,low (<1.3x poverty),0.72,0.0,0.0,0.0,0.0,0.0,0.0,2.0,31.1,5.8,52.0,0.0,1.0,1.0,0.0,0,6017.0879225
2015,62.0,0.0,NH Black,hs_or_less,middle (1.3-3.5x),2.4,1440.0,0.0,0.0,180.0,0.0,2.0,5.0,27.3,6.0,36.0,0.0,1.0,0.0,0.0,1,5789.614759
2015,25.0,1.0,Other Hispanic,some_college,middle (1.3-3.5x),1.94,1440.0,0.0,0.0,180.0,0.0,3.0,6.0,22.1,4.7,65.0,0.0,0.0,0.0,0.0,1,15929.561463
2015,26.0,0.0,Mexican American,hs_or_less,middle (1.3-3.5x),1.59,5400.0,0.0,0.0,900.0,0.0,7.0,5.0,30.4,5.2,32.0,0.0,0.0,1.0,1.0,1,17144.461007
2015,50.0,1.0,Mexican American,some_college,middle (1.3-3.5x),2.99,640.0,4800.0,0.0,130.0,1200.0,7.0,5.0,31.7,5.6,49.0,0.0,0.0,1.0,0.0,1,9079.48554
2015,36.0,1.0,NH White,college_plus,high (>3.5x),5.0,240.0,0.0,0.0,60.0,0.0,2.0,7.0,29.8,4.6,66.0,0.0,0.0,0.0,0.0,0,62829.2970515
2015,62.0,0.0,Mexican American,hs_or_less,middle (1.3-3.5x),2.44,0.0,0.0,0.0,0.0,0.0,0.0,3.0,31.1,5.5,64.0,0.0,0.0,1.0,0.0,0,4411.3054745
2015,25.0,1.0,NH Black,college_plus,high (>3.5x),5.0,1200.0,28800.0,0.0,240.0,4800.0,4.0,8.0,30.4,5.4,52.0,0.0,0.0,1.0,0.0,1,12643.246168
2015,55.0,0.0,Mexican American,hs_or_less,middle (1.3-3.5x),1.51,0.0,0.0,0.0,0.0,0.0,0.0,3.0,26.6,5.5,56.0,0.0,0.0,0.0,0.0,0,12392.9962365
2015,56.0,1.0,NH Black,college_plus,high (>3.5x),5.0,0.0,1000.0,0.0,0.0,250.0,0.0,8.0,30.2,5.1,70.0,0.0,0.0,1.0,0.0,0,23303.707145
2015,30.0,0.0,NH White,hs_or_less,low (<1.3x poverty),0.75,0.0,4800.0,480.0,0.0,1200.0,0.0,11.0,34.4,5.6,55.0,0.0,0.0,1.0,1.0,0,24075.3114165
2015,41.0,0.0,NH Asian,hs_or_less,middle (1.3-3.5x),1.67,4500.0,4500.0,0.0,675.0,675.0,7.0,2.0,23.9,5.6,57.0,0.0,0.0,0.0,0.0,1,6273.1385365
2015,51.0,1.0,NH Asian,hs_or_less,low (<1.3x poverty),1.03,0.0,0.0,0.0,0.0,0.0,0.0,5.0,22.5,4.9,71.0,0.0,0.0,0.0,1.0,0,13911.579073
2015,55.0,1.0,Mexican American,hs_or_less,middle (1.3-3.5x),3.3,1200.0,600.0,0.0,150.0,150.0,5.0,3.0,27.1,5.7,67.0,0.0,1.0,0.0,0.0,1,6000.9155575
2015,42.0,1.0,NH White,hs_or_less,low (<1.3x poverty),1.25,120.0,0.0,0.0,30.0,0.0,3.0,2.0,41.9,8.0,46.0,1.0,1.0,1.0,1.0,0,18097.264454
2015,63.0,0.0,Other Hispanic,hs_or_less,high (>3.5x),5.0,0.0,7200.0,0.0,0.0,1620.0,0.0,3.0,53.6,6.2,54.0,0.0,1.0,1.0,0.0,0,3405.9798535
2015,36.0,1.0,NH Black,some_college,high (>3.5x),5.0,0.0,0.0,0.0,0.0,0.0,0.0,10.0,48.2,5.3,40.0,0.0,0.0,1.0,1.0,0,13980.812689
2015,64.0,1.0,NH White,hs_or_less,low (<1.3x poverty),1.06,0.0,0.0,180.0,0.0,0.0,0.0,4.0,34.6,5.4,38.0,0.0,0.0,1.0,1.0,0,24851.7791755
2015,26.0,0.0,Other Hispanic,some_college,high (>3.5x),5.0,1920.0,0.0,0.0,240.0,0.0,4.0,12.0,31.7,5.2,55.0,0.0,0.0,1.0,0.0,1,24390.0215135
2015,37.0,0.0,NH Asian,hs_or_less,low (<1.3x poverty),0.63,0.0,0.0,0.0,0.0,0.0,0.0,4.0,29.2,5.7,35.0,0.0,1.0,0.0,0.0,0,10865.479876
2015,23.0,1.0,NH Black,hs_or_less,low (<1.3x poverty),0.56,0.0,0.0,0.0,0.0,0.0,0.0,7.0,28.9,5.1,50.0,0.0,0.0,0.0,0.0,0,12689.7042915
2015,38.0,1.0,Other/Multi,some_college,middle (1.3-3.5x),2.29,0.0,0.0,0.0,0.0,0.0,0.0,4.0,31.4,5.4,36.0,0.0,0.0,1.0,0.0,0,38715.5346355
2015,34.0,1.0,NH White,college_plus,high (>3.5x),5.0,300.0,1440.0,120.0,75.0,360.0,5.0,12.0,28.3,4.7,78.0,0.0,0.0,0.0,0.0,0,44962.8012135
2015,23.0,1.0,NH Asian,college_plus,high (>3.5x),5.0,960.0,0.0,0.0,120.0,0.0,4.0,11.0,26.0,5.8,47.0,0.0,1.0,0.0,0.0,1,15338.3452575
2015,56.0,1.0,Mexican American,hs_or_less,middle (1.3-3.5x),2.27,0.0,0.0,0.0,0.0,0.0,0.0,4.0,36.8,8.7,40.0,1.0,1.0,1.0,1.0,0,9655.3224435
2015,65.0,1.0,Mexican American,hs_or_less,middle (1.3-3.5x),1.59,0.0,0.0,80.0,0.0,0.0,0.0,2.0,30.3,9.6,36.0,1.0,1.0,1.0,1.0,0,5459.9541135
2015,56.0,0.0,Other/Multi,some_college,low (<1.3x poverty),0.81,80.0,960.0,160.0,20.0,240.0,2.0,8.0,30.1,9.5,26.0,1.0,1.0,1.0,1.0,0,17974.47768
2015,49.0,0.0,NH Black,some_college,high (>3.5x),3.54,0.0,1440.0,0.0,0.0,180.0,0.0,10.0,47.0,8.6,85.0,1.0,1.0,1.0,1.0,0,10899.560327
2015,30.0,0.0,Other Hispanic,hs_or_less,high (>3.5x),5.0,4800.0,7200.0,0.0,600.0,1500.0,5.0,0.3333333333333333,23.1,5.2,56.0,0.0,0.0,0.0,0.0,1,12525.352502
2015,24.0,1.0,Mexican American,hs_or_less,low (<1.3x poverty),1.24,0.0,28800.0,0.0,0.0,4680.0,0.0,4.0,26.5,5.1,51.0,0.0,0.0,0.0,0.0,0,11303.3069665
2015,60.0,1.0,NH White,college_plus,middle (1.3-3.5x),3.43,4320.0,0.0,0.0,720.0,0.0,6.0,10.0,21.8,5.9,79.0,0.0,1.0,0.0,0.0,1,74914.586943
2015,59.0,1.0,NH White,college_plus,middle (1.3-3.5x),1.76,160.0,0.0,0.0,40.0,0.0,1.0,9.0,25.8,5.2,74.0,0.0,0.0,0.0,0.0,0,36331.962342
2015,54.0,0.0,NH White,hs_or_less,high (>3.5x),3.74,0.0,0.0,0.0,0.0,0.0,0.0,5.0,24.9,5.6,41.0,0.0,0.0,0.0,0.0,0,51712.465663
2015,60.0,1.0,NH White,college_plus,middle (1.3-3.5x),1.87,480.0,1920.0,0.0,120.0,480.0,2.0,2.0,19.5,5.3,78.0,0.0,0.0,0.0,0.0,0,76913.037071
2015,45.0,1.0,NH Black,college_plus,middle (1.3-3.5x),1.31,0.0,0.0,0.0,0.0,0.0,0.0,3.0,24.7,5.5,48.0,0.0,0.0,0.0,0.0,0,17254.1383605
2015,45.0,1.0,Mexican American,hs_or_less,low (<1.3x poverty),0.74,720.0,180.0,720.0,180.0,45.0,4.0,1.6666666666666667,27.1,7.8,54.0,1.0,1.0,0.0,1.0,1,9814.8304915
2015,30.0,1.0,Mexican American,some_college,middle (1.3-3.5x),2.75,480.0,480.0,0.0,120.0,120.0,2.0,2.0,22.9,5.3,73.0,0.0,0.0,0.0,0.0,0,15800.655292
2015,42.0,0.0,NH Black,college_plus,high (>3.5x),3.6,900.0,0.0,0.0,135.0,0.0,6.0,11.0,30.2,16.5,63.0,1.0,1.0,1.0,0.0,1,7991.808998
2015,34.0,0.0,NH White,hs_or_less,middle (1.3-3.5x),1.44,0.0,12000.0,0.0,0.0,1500.0,0.0,5.0,45.4,11.0,39.0,1.0,1.0,1.0,1.0,0,22379.073551
2015,25.0,1.0,Other Hispanic,college_plus,middle (1.3-3.5x),1.57,0.0,0.0,0.0,0.0,0.0,0.0,11.0,21.3,4.9,52.0,0.0,0.0,0.0,0.0,0,21699.031493
2015,44.0,0.0,NH White,hs_or_less,high (>3.5x),3.89,0.0,7200.0,1800.0,0.0,1200.0,0.0,3.0,31.8,8.5,42.0,1.0,1.0,1.0,0.0,0,48877.518397
2015,61.0,1.0,NH Black,college_plus,low (<1.3x poverty),0.73,0.0,240.0,0.0,0.0,60.0,0.0,4.0,29.9,6.0,90.0,0.0,1.0,0.0,0.0,0,10564.891435
2015,34.0,0.0,NH Black,some_college,high (>3.5x),4.46,5040.0,0.0,0.0,900.0,0.0,6.0,6.0,21.4,5.7,69.0,0.0,1.0,0.0,0.0,1,11065.5151665
2015,21.0,1.0,NH Black,some_college,low (<1.3x poverty),0.69,0.0,0.0,0.0,0.0,0.0,0.0,5.0,32.6,5.2,55.0,0.0,0.0,1.0,1.0,0,17602.8410975
2015,49.0,0.0,NH Asian,college_plus,high (>3.5x),5.0,480.0,0.0,400.0,120.0,0.0,2.0,14.0,25.9,5.6,28.0,0.0,0.0,0.0,0.0,0,10988.7144825
2015,38.0,0.0,Other/Multi,college_plus,middle (1.3-3.5x),2.23,0.0,0.0,4320.0,0.0,0.0,0.0,3.0,38.1,5.1,32.0,0.0,0.0,1.0,0.0,0,10884.905584
2015,51.0,1.0,NH White,hs_or_less,middle (1.3-3.5x),1.75,0.0,0.0,0.0,0.0,0.0,0.0,8.0,33.0,5.8,54.0,0.0,1.0,1.0,1.0,0,28042.1605275
2015,65.0,0.0,NH Black,college_plus,middle (1.3-3.5x),2.62,160.0,0.0,0.0,40.0,0.0,2.0,10.0,26.5,6.0,41.0,0.0,1.0,0.0,0.0,0,6360.5716445
2015,22.0,1.0,NH Black,hs_or_less,low (<1.3x poverty),1.23,4320.0,0.0,4800.0,600.0,0.0,4.0,4.0,30.8,5.6,52.0,0.0,0.0,1.0,0.0,1,10135.6424945
2015,36.0,0.0,NH White,college_plus,high (>3.5x),5.0,3840.0,0.0,0.0,600.0,0.0,5.0,4.0,26.3,5.3,62.0,0.0,0.0,0.0,0.0,1,57378.774624
2015,61.0,1.0,NH Asian,college_plus,high (>3.5x),5.0,0.0,0.0,0.0,0.0,0.0,0.0,13.0,21.7,5.4,66.0,0.0,0.0,0.0,0.0,0,11118.510995
2015,24.0,0.0,Mexican American,hs_or_less,middle (1.3-3.5x),2.04,960.0,0.0,0.0,120.0,0.0,1.0,3.0,27.4,5.3,35.0,0.0,0.0,0.0,0.0,1,23473.5823945
2015,31.0,0.0,NH White,hs_or_less,middle (1.3-3.5x),1.77,0.0,0.0,2400.0,0.0,0.0,0.0,3.0,28.0,5.7,35.0,0.0,1.0,0.0,0.0,0,52168.5280495
2015,38.0,0.0,Mexican American,hs_or_less,low (<1.3x poverty),0.49,0.0,0.0,0.0,0.0,0.0,0.0,8.0,31.8,5.2,47.0,0.0,0.0,1.0,0.0,0,14659.758456
2015,64.0,0.0,NH White,hs_or_less,high (>3.5x),3.62,0.0,480.0,0.0,0.0,120.0,0.0,6.0,28.7,5.5,62.0,0.0,0.0,0.0,0.0,0,21474.387808
2015,57.0,0.0,NH White,hs_or_less,middle (1.3-3.5x),2.23,0.0,0.0,0.0,0.0,0.0,0.0,2.0,21.2,5.7,34.0,0.0,1.0,0.0,1.0,0,50388.609185
2015,27.0,1.0,NH Asian,college_plus,high (>3.5x),3.82,2880.0,0.0,240.0,480.0,0.0,7.0,4.0,22.1,5.2,89.0,0.0,0.0,0.0,0.0,1,10671.1165505
2015,22.0,1.0,Mexican American,some_college,low (<1.3x poverty),0.62,1440.0,0.0,0.0,360.0,0.0,4.0,5.0,33.7,5.5,66.0,0.0,0.0,1.0,0.0,1,13760.633487
2015,54.0,1.0,Other/Multi,college_plus,high (>3.5x),5.0,240.0,0.0,0.0,60.0,0.0,3.0,9.0,37.7,6.0,39.0,0.0,1.0,1.0,0.0,0,121193.330383
2015,63.0,0.0,NH White,some_college,middle (1.3-3.5x),1.75,0.0,0.0,0.0,0.0,0.0,0.0,13.0,32.4,5.2,46.0,0.0,0.0,1.0,0.0,0,55636.1970935
2015,23.0,1.0,Mexican American,some_college,low (<1.3x poverty),1.07,0.0,0.0,0.0,0.0,0.0,0.0,6.0,26.8,4.8,62.0,0.0,0.0,0.0,1.0,0,11911.6968695
2015,41.0,1.0,NH Black,some_college,low (<1.3x poverty),1.19,0.0,0.0,0.0,0.0,0.0,0.0,10.0,26.6,5.7,71.0,0.0,1.0,0.0,0.0,0,8457.1392075
2015,53.0,1.0,NH White,hs_or_less,middle (1.3-3.5x),1.35,0.0,720.0,0.0,0.0,180.0,0.0,6.0,32.2,6.5,55.0,1.0,1.0,1.0,0.0,0,27634.368711
2015,54.0,1.0,Other Hispanic,hs_or_less,high (>3.5x),3.92,0.0,13920.0,0.0,0.0,2040.0,0.0,3.0,22.8,5.5,37.0,1.0,1.0,0.0,0.0,0,10071.588067
2015,41.0,0.0,NH Asian,some_college,middle (1.3-3.5x),1.34,240.0,0.0,0.0,30.0,0.0,1.0,10.0,21.3,5.6,79.0,0.0,0.0,0.0,1.0,0,5927.9959505
2015,26.0,1.0,NH White,some_college,high (>3.5x),5.0,2160.0,14400.0,0.0,360.0,2400.0,6.0,5.0,38.7,5.6,44.0,0.0,0.0,1.0,0.0,1,38739.611052
2015,47.0,1.0,NH Asian,college_plus,high (>3.5x),5.0,0.0,0.0,0.0,0.0,0.0,0.0,10.0,31.1,5.8,42.0,0.0,1.0,1.0,0.0,0,13262.505031
2015,48.0,0.0,NH Asian,college_plus,high (>3.5x),5.0,1920.0,0.0,0.0,360.0,0.0,6.0,15.0,26.4,5.6,30.0,0.0,0.0,0.0,0.0,1,10450.265904
2015,34.0,1.0,Other Hispanic,hs_or_less,low (<1.3x poverty),0.55,0.0,0.0,0.0,0.0,0.0,0.0,2.0,36.7,5.8,32.0,0.0,1.0,1.0,1.0,0,17615.6112645
2015,26.0,1.0,Other Hispanic,hs_or_less,middle (1.3-3.5x),1.36,0.0,0.0,0.0,0.0,0.0,0.0,8.0,26.2,5.2,88.0,0.0,0.0,0.0,1.0,0,11203.9160145
2015,53.0,1.0,Other Hispanic,college_plus,high (>3.5x),4.04,1440.0,0.0,0.0,180.0,0.0,2.0,2.5,21.7,5.4,48.0,0.0,0.0,0.0,0.0,1,6620.7041685
2015,47.0,0.0,Mexican American,hs_or_less,middle (1.3-3.5x),2.48,720.0,7200.0,0.0,180.0,1800.0,3.0,4.0,26.2,6.4,48.0,0.0,1.0,0.0,0.0,1,13497.662444
2015,60.0,1.0,Other Hispanic,hs_or_less,low (<1.3x poverty),1.09,0.0,0.0,0.0,0.0,0.0,0.0,4.0,33.4,5.8,60.0,0.0,1.0,1.0,1.0,0,6515.238554
2015,48.0,0.0,NH White,hs_or_less,low (<1.3x poverty),1.26,0.0,0.0,0.0,0.0,0.0,0.0,4.0,34.2,5.5,36.0,0.0,0.0,1.0,1.0,0,13882.758255
2015,31.0,1.0,NH White,hs_or_less,middle (1.3-3.5x),2.98,960.0,0.0,600.0,240.0,0.0,4.0,10.0,34.8,5.1,57.0,0.0,0.0,1.0,0.0,1,48638.323111
2015,57.0,0.0,NH White,hs_or_less,middle (1.3-3.5x),2.1,0.0,7920.0,0.0,0.0,1260.0,0.0,10.0,21.9,5.4,126.0,0.0,0.0,0.0,1.0,0,77190.734907
2015,28.0,0.0,NH Black,some_college,middle (1.3-3.5x),1.51,720.0,720.0,0.0,120.0,180.0,3.0,12.0,39.6,5.7,39.0,0.0,1.0,1.0,0.0,1,16111.4886415
2015,57.0,0.0,Other Hispanic,college_plus,high (>3.5x),5.0,3600.0,240.0,600.0,450.0,60.0,5.0,3.0,29.0,5.8,60.0,0.0,1.0,0.0,0.0,1,9929.3830825
2015,38.0,1.0,NH White,some_college,high (>3.5x),5.0,240.0,960.0,0.0,60.0,240.0,3.0,3.0,45.6,5.6,58.0,0.0,0.0,1.0,1.0,0,32470.101285
2015,37.0,1.0,NH Black,some_college,middle (1.3-3.5x),2.47,3120.0,7200.0,0.0,420.0,1800.0,6.0,4.0,39.0,5.1,56.0,0.0,0.0,1.0,0.0,1,18378.2779765
2015,34.0,0.0,Mexican American,hs_or_less,middle (1.3-3.5x),1.47,0.0,0.0,0.0,0.0,0.0,0.0,5.0,32.4,5.3,25.0,0.0,0.0,1.0,0.0,0,13013.256596
2015,37.0,1.0,Mexican American,some_college,middle (1.3-3.5x),1.76,0.0,0.0,0.0,0.0,0.0,0.0,2.0,41.3,5.6,42.0,1.0,1.0,1.0,1.0,0,12173.8346455
2015,56.0,1.0,NH White,some_college,low (<1.3x poverty),1.03,0.0,0.0,720.0,0.0,0.0,0.0,2.0,24.6,5.5,46.0,0.0,0.0,0.0,0.0,0,24838.141254
2015,22.0,1.0,Other Hispanic,hs_or_less,middle (1.3-3.5x),1.49,0.0,5760.0,0.0,0.0,1440.0,0.0,2.0,35.6,5.4,51.0,0.0,0.0,1.0,0.0,0,19485.69283
2015,32.0,0.0,Mexican American,hs_or_less,high (>3.5x),5.0,0.0,10800.0,0.0,0.0,1800.0,0.0,3.0,21.7,5.3,89.0,0.0,0.0,0.0,0.0,0,12843.923446
2015,44.0,0.0,Mexican American,hs_or_less,low (<1.3x poverty),0.59,0.0,0.0,0.0,0.0,0.0,0.0,10.0,26.3,9.3,42.0,1.0,1.0,0.0,0.0,0,16269.327209
2015,34.0,0.0,Other Hispanic,hs_or_less,high (>3.5x),3.79,960.0,0.0,0.0,120.0,0.0,4.0,4.0,28.1,5.4,49.0,0.0,0.0,0.0,0.0,1,13612.00919
2015,60.0,1.0,NH Asian,hs_or_less,low (<1.3x poverty),0.68,1000.0,0.0,0.0,250.0,0.0,5.0,3.0,27.8,5.2,72.0,0.0,0.0,0.0,0.0,1,11136.7308045
2015,60.0,0.0,Other Hispanic,hs_or_less,low (<1.3x poverty),1.13,6720.0,0.0,0.0,960.0,0.0,6.0,3.0,25.8,6.2,65.0,1.0,1.0,0.0,1.0,1,4071.9742845
2015,45.0,0.0,NH Asian,some_college,middle (1.3-3.5x),2.55,0.0,0.0,0.0,0.0,0.0,0.0,3.0,29.1,6.0,46.0,0.0,1.0,0.0,1.0,0,8467.727761
2015,61.0,0.0,NH White,hs_or_less,low (<1.3x poverty),0.02,0.0,0.0,0.0,0.0,0.0,0.0,7.0,24.5,5.9,46.0,0.0,1.0,0.0,1.0,0,15210.2565795
2015,31.0,0.0,NH White,some_college,low (<1.3x poverty),1.06,0.0,1920.0,0.0,0.0,480.0,0.0,4.0,21.5,5.0,44.0,0.0,0.0,0.0,0.0,0,19788.345964
2015,47.0,1.0,Mexican American,hs_or_less,low (<1.3x poverty),0.99,2160.0,15840.0,1920.0,360.0,2880.0,6.0,1.0,30.0,5.4,45.0,0.0,0.0,1.0,1.0,1,9985.599635
2015,60.0,1.0,NH Asian,some_college,high (>3.5x),3.98,400.0,0.0,0.0,100.0,0.0,5.0,8.0,31.5,7.2,48.0,1.0,1.0,1.0,0.0,0,8436.3294355
2015,42.0,0.0,NH White,hs_or_less,middle (1.3-3.5x),1.86,0.0,8640.0,0.0,0.0,2040.0,0.0,16.0,30.1,4.9,51.0,0.0,0.0,1.0,0.0,0,75998.994252
2015,23.0,1.0,NH White,hs_or_less,middle (1.3-3.5x),1.77,0.0,0.0,0.0,0.0,0.0,0.0,8.0,39.1,5.4,46.0,0.0,0.0,1.0,1.0,0,35122.2801245
2015,58.0,0.0,NH Asian,college_plus,high (>3.5x),5.0,560.0,0.0,0.0,100.0,0.0,3.0,10.0,26.6,6.2,51.0,0.0,1.0,0.0,0.0,0,9771.663528
2015,57.0,1.0,NH White,some_college,high (>3.5x),4.28,3840.0,0.0,0.0,600.0,0.0,7.0,3.0,21.8,5.3,141.0,0.0,0.0,0.0,0.0,1,74759.944174
2015,31.0,1.0,Other/Multi,some_college,low (<1.3x poverty),0.19,2640.0,640.0,480.0,360.0,160.0,6.0,10.0,28.8,5.4,69.0,0.0,0.0,0.0,0.0,1,58711.3256845
2015,36.0,1.0,NH Black,some_college,low (<1.3x poverty),0.99,0.0,0.0,0.0,0.0,0.0,0.0,7.0,27.1,5.6,70.0,0.0,0.0,0.0,0.0,0,14346.391262
2015,55.0,1.0,Mexican American,some_college,low (<1.3x poverty),0.97,0.0,2400.0,0.0,0.0,600.0,0.0,5.0,34.5,5.8,36.0,0.0,1.0,1.0,1.0,0,9223.604358
2015,45.0,0.0,Mexican American,some_college,middle (1.3-3.5x),3.45,0.0,22080.0,0.0,0.0,3120.0,0.0,7.0,39.8,8.0,31.0,1.0,1.0,1.0,1.0,0,20282.8619575
2015,62.0,0.0,NH White,hs_or_less,middle (1.3-3.5x),3.4,0.0,2400.0,0.0,0.0,450.0,0.0,5.0,26.2,5.9,61.0,0.0,1.0,0.0,1.0,0,12819.9478175
2015,63.0,1.0,NH White,hs_or_less,high (>3.5x),4.94,216.0,80.0,0.0,54.0,20.0,3.0,10.0,45.4,6.1,66.0,0.0,1.0,1.0,0.0,0,80744.0742015
2015,38.0,0.0,Mexican American,hs_or_less,middle (1.3-3.5x),1.73,0.0,2880.0,0.0,0.0,720.0,0.0,2.0,30.7,5.9,34.0,0.0,1.0,1.0,0.0,0,19098.070408
2015,49.0,1.0,NH Black,college_plus,high (>3.5x),5.0,0.0,0.0,0.0,0.0,0.0,0.0,10.0,23.5,5.4,,0.0,0.0,0.0,0.0,0,13941.088442
2015,26.0,0.0,Mexican American,some_college,middle (1.3-3.5x),1.36,960.0,960.0,360.0,120.0,240.0,4.0,12.0,30.8,5.1,46.0,0.0,0.0,1.0,1.0,1,18451.457293
2015,52.0,0.0,NH Asian,hs_or_less,low (<1.3x poverty),0.94,0.0,2880.0,0.0,0.0,360.0,0.0,9.0,24.1,5.8,66.0,0.0,1.0,0.0,0.0,0,7080.6624185
2015,60.0,0.0,Other Hispanic,college_plus,low (<1.3x poverty),1.26,0.0,8640.0,0.0,0.0,1560.0,0.0,5.0,25.3,5.4,45.0,0.0,0.0,0.0,0.0,0,4026.6019795
2015,64.0,0.0,Mexican American,hs_or_less,low (<1.3x poverty),0.88,1000.0,0.0,0.0,250.0,0.0,5.0,10.0,25.2,5.4,46.0,0.0,0.0,0.0,1.0,1,5048.707224
2015,54.0,1.0,NH White,hs_or_less,low (<1.3x poverty),0.75,960.0,0.0,0.0,240.0,0.0,4.0,10.0,23.9,5.3,61.0,0.0,0.0,0.0,0.0,1,19706.3859685
2015,51.0,1.0,NH White,college_plus,high (>3.5x),4.38,0.0,0.0,0.0,0.0,0.0,0.0,10.0,48.2,5.9,58.0,0.0,1.0,1.0,0.0,0,81798.8880495
2015,65.0,1.0,NH White,college_plus,middle (1.3-3.5x),2.12,240.0,4080.0,400.0,60.0,660.0,1.0,6.0,31.9,5.7,48.0,0.0,1.0,1.0,0.0,0,49372.515502
2015,45.0,0.0,Mexican American,college_plus,middle (1.3-3.5x),2.82,960.0,0.0,0.0,240.0,0.0,1.0,10.0,25.8,5.7,47.0,0.0,1.0,0.0,0.0,1,15874.523164
2015,55.0,1.0,NH Black,some_college,low (<1.3x poverty),1.23,840.0,0.0,40.0,105.0,0.0,3.0,5.0,35.1,4.8,57.0,0.0,0.0,1.0,0.0,1,10827.5406755
2015,30.0,1.0,NH Black,hs_or_less,low (<1.3x poverty),0.85,0.0,0.0,0.0,0.0,0.0,0.0,6.0,42.6,7.8,35.0,1.0,1.0,1.0,1.0,0,13101.9510385
2015,29.0,0.0,NH Black,some_college,low (<1.3x poverty),1.23,1440.0,2400.0,0.0,360.0,600.0,3.0,3.0,23.7,4.7,83.0,0.0,0.0,0.0,0.0,1,11008.530679
2015,40.0,0.0,Mexican American,hs_or_less,middle (1.3-3.5x),2.79,480.0,14400.0,0.0,60.0,2100.0,2.0,4.0,33.6,5.3,44.0,0.0,0.0,1.0,0.0,0,11995.69885
2015,61.0,1.0,NH White,some_college,high (>3.5x),5.0,720.0,0.0,0.0,180.0,0.0,4.0,8.0,36.4,5.5,72.0,0.0,0.0,1.0,0.0,1,74184.1699585
2015,33.0,0.0,Mexican American,some_college,middle (1.3-3.5x),1.63,720.0,0.0,0.0,100.0,0.0,3.0,7.0,30.5,5.2,52.0,0.0,0.0,1.0,0.0,1,18658.2557315
2015,52.0,1.0,Other Hispanic,college_plus,middle (1.3-3.5x),1.76,0.0,1560.0,80.0,0.0,210.0,0.0,4.0,31.3,5.6,55.0,0.0,0.0,1.0,1.0,0,10345.7733775
2015,24.0,1.0,NH Black,college_plus,high (>3.5x),4.76,480.0,0.0,0.0,120.0,0.0,2.0,9.0,32.7,4.9,47.0,0.0,0.0,1.0,0.0,0,18199.315595
2015,46.0,0.0,NH White,college_plus,high (>3.5x),4.41,3780.0,0.0,0.0,495.0,0.0,6.0,10.0,28.1,4.9,76.0,0.0,0.0,0.0,0.0,1,80720.8312805
2015,52.0,0.0,Other Hispanic,hs_or_less,high (>3.5x),5.0,360.0,3600.0,0.0,90.0,600.0,3.0,4.0,32.6,5.7,52.0,0.0,1.0,1.0,0.0,0,7377.8114715
2015,38.0,1.0,Mexican American,some_college,low (<1.3x poverty),0.02,900.0,0.0,0.0,225.0,0.0,5.0,4.0,20.3,5.3,55.0,0.0,0.0,0.0,0.0,1,12995.699136
2015,64.0,0.0,NH White,college_plus,high (>3.5x),5.0,0.0,0.0,0.0,0.0,0.0,0.0,9.0,54.0,5.2,48.0,0.0,0.0,1.0,0.0,0,81265.5720205
2015,64.0,1.0,NH White,hs_or_less,middle (1.3-3.5x),3.12,480.0,2400.0,0.0,120.0,480.0,2.0,3.0,26.9,5.8,60.0,0.0,1.0,0.0,0.0,0,71472.9178075
2015,22.0,1.0,Other Hispanic,some_college,middle (1.3-3.5x),2.68,0.0,0.0,0.0,0.0,0.0,0.0,2.0,23.1,5.1,43.0,0.0,0.0,0.0,0.0,0,14177.1282505
2015,23.0,0.0,Other Hispanic,some_college,middle (1.3-3.5x),1.65,1392.0,14400.0,0.0,188.0,2400.0,6.0,5.0,30.4,4.9,36.0,0.0,0.0,1.0,0.0,1,16887.1436005
2015,40.0,0.0,Other Hispanic,hs_or_less,high (>3.5x),3.79,0.0,0.0,0.0,0.0,0.0,0.0,5.0,25.1,5.8,54.0,0.0,1.0,0.0,0.0,0,16328.933064500001
2015,51.0,1.0,NH Black,some_college,middle (1.3-3.5x),2.38,0.0,1920.0,0.0,0.0,480.0,0.0,8.0,64.5,6.8,61.0,1.0,1.0,1.0,1.0,0,9769.709645
2015,65.0,0.0,Other Hispanic,hs_or_less,middle (1.3-3.5x),2.23,0.0,0.0,0.0,0.0,0.0,0.0,4.0,41.5,7.4,51.0,1.0,1.0,1.0,1.0,0,4647.854196
2015,23.0,0.0,NH Black,hs_or_less,low (<1.3x poverty),0.66,80.0,0.0,0.0,20.0,0.0,2.0,12.0,30.3,5.6,76.0,0.0,0.0,1.0,1.0,0,14190.8011605
2015,32.0,0.0,NH Asian,college_plus,middle (1.3-3.5x),2.16,960.0,0.0,0.0,240.0,0.0,1.0,12.0,22.5,5.2,52.0,0.0,0.0,0.0,0.0,1,12667.251642
2015,54.0,0.0,NH White,college_plus,high (>3.5x),5.0,1200.0,120.0,0.0,210.0,30.0,7.0,8.0,31.7,8.2,33.0,1.0,1.0,1.0,0.0,1,73336.0314485
2015,39.0,1.0,Other Hispanic,some_college,high (>3.5x),5.0,0.0,600.0,0.0,0.0,150.0,0.0,14.0,33.9,5.0,54.0,0.0,0.0,1.0,0.0,0,11964.488104
2015,30.0,1.0,NH White,college_plus,high (>3.5x),5.0,1080.0,80.0,0.0,150.0,20.0,4.0,7.0,19.8,5.1,113.0,0.0,0.0,0.0,0.0,1,60704.964179
2015,60.0,0.0,Mexican American,hs_or_less,middle (1.3-3.5x),1.99,1440.0,0.0,0.0,360.0,0.0,2.0,3.0,34.6,6.1,40.0,0.0,1.0,1.0,0.0,1,4056.8451655
2015,61.0,0.0,NH Black,hs_or_less,low (<1.3x poverty),0.41,0.0,0.0,0.0,0.0,0.0,0.0,4.0,28.4,6.1,42.0,0.0,1.0,0.0,1.0,0,6133.76027
2015,22.0,0.0,Mexican American,some_college,middle (1.3-3.5x),1.99,4320.0,0.0,0.0,540.0,0.0,6.0,11.0,31.7,5.5,40.0,0.0,0.0,1.0,0.0,1,22987.09773
2015,53.0,1.0,NH White,some_college,high (>3.5x),5.0,600.0,2400.0,0.0,150.0,600.0,5.0,8.0,30.5,5.6,77.0,0.0,0.0,1.0,0.0,1,95278.782492
2015,51.0,1.0,Other Hispanic,college_plus,high (>3.5x),5.0,540.0,720.0,0.0,135.0,180.0,3.0,5.0,20.9,4.5,59.0,0.0,0.0,0.0,0.0,0,6120.4072445
2015,52.0,1.0,NH Asian,hs_or_less,low (<1.3x poverty),1.03,0.0,0.0,0.0,0.0,0.0,0.0,8.0,22.3,5.4,,0.0,0.0,0.0,1.0,0,13911.579073
2015,40.0,1.0,NH Black,college_plus,middle (1.3-3.5x),3.3,0.0,0.0,0.0,0.0,0.0,0.0,10.0,28.2,11.1,53.0,1.0,1.0,0.0,0.0,0,7484.3614375
2015,42.0,1.0,Mexican American,college_plus,high (>3.5x),5.0,2560.0,480.0,0.0,340.0,120.0,7.0,4.0,24.5,5.7,92.0,0.0,1.0,0.0,0.0,1,21831.181389
2015,49.0,1.0,Mexican American,hs_or_less,low (<1.3x poverty),0.98,0.0,0.0,0.0,0.0,0.0,0.0,3.75,30.6,5.6,36.0,0.0,0.0,1.0,1.0,0,10044.5218415
2015,35.0,0.0,NH White,college_plus,high (>3.5x),5.0,0.0,0.0,0.0,0.0,0.0,0.0,10.0,29.2,5.3,40.0,0.0,0.0,0.0,0.0,0,69612.76179
2015,41.0,0.0,NH Black,some_college,middle (1.3-3.5x),3.14,0.0,14400.0,0.0,0.0,2400.0,0.0,6.0,36.6,5.6,51.0,0.0,0.0,1.0,0.0,0,17102.9448445
2015,59.0,0.0,Mexican American,hs_or_less,middle (1.3-3.5x),2.11,0.0,7200.0,4800.0,0.0,1200.0,0.0,3.0,29.1,5.2,42.0,0.0,0.0,0.0,0.0,0,12214.1697285
2015,20.0,1.0,NH Black,some_college,low (<1.3x poverty),1.19,0.0,960.0,360.0,0.0,240.0,0.0,10.0,27.7,5.1,47.0,0.0,0.0,0.0,0.0,0,9721.0333895
2015,43.0,0.0,NH White,hs_or_less,high (>3.5x),3.62,0.0,9600.0,0.0,0.0,1500.0,0.0,6.0,42.0,5.2,24.0,0.0,0.0,1.0,1.0,0,56667.7563085
2015,42.0,0.0,NH Black,hs_or_less,middle (1.3-3.5x),2.19,160.0,1440.0,0.0,20.0,180.0,1.0,6.0,27.9,5.9,34.0,0.0,1.0,0.0,1.0,0,9648.8608255
2015,59.0,0.0,Other Hispanic,college_plus,middle (1.3-3.5x),1.61,0.0,0.0,0.0,0.0,0.0,0.0,2.0,28.5,5.9,27.0,0.0,1.0,0.0,1.0,0,12671.290388
2015,56.0,1.0,NH White,college_plus,high (>3.5x),5.0,160.0,0.0,0.0,40.0,0.0,1.0,11.0,29.6,6.4,66.0,0.0,1.0,0.0,0.0,0,81152.589724
2015,55.0,1.0,NH White,college_plus,high (>3.5x),4.39,900.0,5760.0,0.0,225.0,1440.0,5.0,4.0,29.6,5.3,71.0,0.0,0.0,0.0,0.0,1,81522.940827
2015,33.0,1.0,Other Hispanic,college_plus,middle (1.3-3.5x),1.63,0.0,0.0,0.0,0.0,0.0,0.0,2.0,21.5,5.1,70.0,0.0,0.0,0.0,0.0,0,18678.7783705
2015,49.0,1.0,NH Asian,college_plus,middle (1.3-3.5x),3.49,0.0,0.0,0.0,0.0,0.0,0.0,12.0,23.1,5.5,51.0,0.0,0.0,0.0,0.0,0,12424.594105
2015,50.0,0.0,NH White,some_college,middle (1.3-3.5x),3.27,0.0,480.0,0.0,0.0,100.0,0.0,5.0,29.3,5.5,46.0,0.0,0.0,0.0,0.0,0,49738.465972
2015,54.0,0.0,NH Asian,some_college,low (<1.3x poverty),1.0,0.0,0.0,1920.0,0.0,0.0,0.0,3.0,28.3,11.0,33.0,1.0,1.0,0.0,1.0,0,5356.340759
2015,30.0,0.0,NH White,college_plus,high (>3.5x),4.68,240.0,0.0,0.0,60.0,0.0,2.0,11.0,32.7,5.3,24.0,0.0,0.0,1.0,0.0,0,68843.3475265
2015,56.0,0.0,NH Black,college_plus,high (>3.5x),5.0,2160.0,160.0,0.0,360.0,20.0,6.0,6.0,31.5,5.6,30.0,0.0,0.0,1.0,0.0,1,13076.9610735
2015,48.0,1.0,NH White,college_plus,high (>3.5x),5.0,900.0,0.0,0.0,225.0,0.0,5.0,5.0,23.4,4.8,60.0,0.0,0.0,0.0,0.0,1,61459.567754
2015,22.0,0.0,NH White,hs_or_less,high (>3.5x),5.0,7200.0,120.0,0.0,900.0,30.0,6.0,10.0,26.7,5.1,38.0,0.0,0.0,0.0,0.0,1,61811.7642695
2015,45.0,1.0,NH White,some_college,middle (1.3-3.5x),1.75,0.0,0.0,160.0,0.0,0.0,0.0,14.0,44.6,5.1,54.0,0.0,0.0,1.0,0.0,0,25189.2600785
2015,56.0,0.0,NH White,hs_or_less,low (<1.3x poverty),0.7,0.0,0.0,0.0,0.0,0.0,0.0,3.0,27.0,5.7,40.0,0.0,1.0,0.0,1.0,0,13190.8309185
2015,30.0,1.0,NH Black,college_plus,middle (1.3-3.5x),2.06,0.0,0.0,0.0,0.0,0.0,0.0,12.0,21.6,4.8,63.0,0.0,0.0,0.0,0.0,0,10963.142761
2015,59.0,0.0,Mexican American,hs_or_less,low (<1.3x poverty),1.26,120.0,0.0,0.0,30.0,0.0,2.0,5.0,26.8,6.8,55.0,1.0,1.0,0.0,1.0,0,8302.1408965
2015,56.0,1.0,Mexican American,hs_or_less,high (>3.5x),3.98,2640.0,0.0,0.0,360.0,0.0,7.0,3.0,30.0,5.2,41.0,0.0,0.0,1.0,1.0,1,8849.963586
2015,36.0,0.0,Mexican American,some_college,middle (1.3-3.5x),1.94,0.0,0.0,0.0,0.0,0.0,0.0,11.0,46.8,5.6,43.0,0.0,0.0,1.0,1.0,0,12731.6863285
2015,40.0,1.0,Other Hispanic,hs_or_less,low (<1.3x poverty),0.58,0.0,0.0,0.0,0.0,0.0,0.0,2.0,29.9,5.2,52.0,0.0,0.0,0.0,0.0,0,10518.130026
2015,63.0,1.0,Mexican American,hs_or_less,low (<1.3x poverty),0.4,0.0,0.0,0.0,0.0,0.0,0.0,4.0,38.3,5.9,47.0,0.0,1.0,1.0,0.0,0,3844.81541
2015,56.0,1.0,NH White,hs_or_less,high (>3.5x),5.0,0.0,2400.0,0.0,0.0,600.0,0.0,9.0,33.7,5.5,62.0,0.0,0.0,1.0,0.0,0,77526.8373265
2015,28.0,1.0,Mexican American,hs_or_less,low (<1.3x poverty),0.63,1800.0,0.0,600.0,300.0,0.0,7.0,2.0,29.3,5.2,73.0,0.0,0.0,0.0,1.0,1,11548.231049
2015,47.0,1.0,NH Black,some_college,middle (1.3-3.5x),2.38,720.0,10800.0,0.0,180.0,1800.0,2.0,6.0,20.0,5.6,,0.0,0.0,0.0,0.0,1,11091.9739835
2015,30.0,1.0,NH White,college_plus,middle (1.3-3.5x),2.97,960.0,720.0,0.0,140.0,180.0,3.0,12.0,35.6,5.8,33.0,0.0,1.0,1.0,0.0,1,32552.426679
2015,58.0,0.0,NH White,some_college,high (>3.5x),4.71,0.0,12240.0,0.0,0.0,2580.0,0.0,2.0,32.0,5.6,45.0,0.0,0.0,1.0,0.0,0,64135.2455445
2015,63.0,1.0,Other Hispanic,college_plus,middle (1.3-3.5x),2.65,0.0,0.0,0.0,0.0,0.0,0.0,7.0,22.2,5.1,94.0,0.0,0.0,0.0,0.0,0,4421.9163185
2015,20.0,0.0,NH White,hs_or_less,low (<1.3x poverty),1.07,1440.0,3360.0,1200.0,180.0,720.0,3.0,7.0,28.6,5.2,32.0,0.0,0.0,0.0,0.0,1,27255.683953
2015,64.0,1.0,NH Black,hs_or_less,low (<1.3x poverty),1.1,0.0,0.0,0.0,0.0,0.0,0.0,7.0,67.3,5.8,,1.0,1.0,1.0,1.0,0,10005.3753765
2015,62.0,1.0,NH White,some_college,middle (1.3-3.5x),1.95,0.0,0.0,0.0,0.0,0.0,0.0,9.0,21.5,5.6,79.0,0.0,0.0,0.0,0.0,0,67137.080545
2015,61.0,1.0,Mexican American,hs_or_less,low (<1.3x poverty),1.0,960.0,0.0,0.0,240.0,0.0,4.0,6.0,26.7,5.3,98.0,1.0,1.0,0.0,1.0,1,5025.0167855
2015,51.0,1.0,NH White,some_college,high (>3.5x),4.96,0.0,0.0,0.0,0.0,0.0,0.0,3.0,28.1,5.5,63.0,0.0,0.0,0.0,0.0,0,57840.365497
2015,27.0,1.0,NH Asian,college_plus,middle (1.3-3.5x),2.51,0.0,0.0,0.0,0.0,0.0,0.0,12.0,20.9,5.3,69.0,0.0,0.0,0.0,0.0,0,12968.6267905
2015,27.0,1.0,Other Hispanic,college_plus,high (>3.5x),5.0,40.0,0.0,0.0,10.0,0.0,1.0,10.0,26.4,4.9,75.0,0.0,0.0,0.0,0.0,0,12517.0925495
2015,33.0,0.0,NH Asian,college_plus,middle (1.3-3.5x),2.43,720.0,0.0,0.0,90.0,0.0,3.0,10.0,27.1,5.4,33.0,0.0,0.0,0.0,0.0,1,15469.630876
2015,23.0,1.0,Mexican American,some_college,middle (1.3-3.5x),2.48,360.0,6000.0,0.0,90.0,1500.0,3.0,1.0,24.4,5.0,67.0,0.0,0.0,0.0,0.0,0,19979.4026595
2015,37.0,0.0,NH Black,some_college,middle (1.3-3.5x),1.74,1440.0,12480.0,0.0,180.0,1920.0,3.0,12.0,39.9,6.0,42.0,0.0,1.0,1.0,0.0,1,12806.4698305
2015,46.0,1.0,Mexican American,hs_or_less,high (>3.5x),4.96,360.0,0.0,0.0,90.0,0.0,3.0,12.0,30.2,5.2,53.0,0.0,0.0,1.0,0.0,0,6841.650459
2015,28.0,0.0,NH White,college_plus,middle (1.3-3.5x),1.68,180.0,0.0,0.0,45.0,0.0,3.0,11.0,25.3,4.8,41.0,0.0,0.0,0.0,0.0,0,66976.1296985
2015,44.0,1.0,NH Black,some_college,middle (1.3-3.5x),3.37,240.0,4320.0,0.0,60.0,1080.0,2.0,4.0,44.1,6.5,46.0,1.0,1.0,1.0,0.0,0,10609.8432975
2015,47.0,1.0,Mexican American,hs_or_less,middle (1.3-3.5x),1.64,0.0,10080.0,0.0,0.0,2520.0,0.0,2.0,32.5,5.2,76.0,0.0,0.0,1.0,0.0,0,11755.838374
2015,48.0,0.0,NH Asian,some_college,middle (1.3-3.5x),1.84,0.0,2880.0,0.0,0.0,660.0,0.0,4.0,24.1,5.8,41.0,0.0,1.0,0.0,0.0,0,9752.049553
2015,33.0,0.0,Other Hispanic,college_plus,low (<1.3x poverty),0.92,0.0,28800.0,0.0,0.0,3600.0,0.0,1.0,33.9,5.8,59.0,0.0,1.0,1.0,0.0,0,13007.561044
2015,52.0,1.0,NH White,some_college,middle (1.3-3.5x),1.99,0.0,6000.0,0.0,0.0,1500.0,0.0,3.0,40.9,6.2,62.0,0.0,1.0,1.0,0.0,0,25939.5341405
2015,20.0,0.0,Mexican American,hs_or_less,low (<1.3x poverty),0.31,4380.0,1440.0,540.0,615.0,360.0,7.0,2.0,26.2,5.2,54.0,0.0,0.0,0.0,0.0,1,19036.0800745
2015,44.0,1.0,Other Hispanic,some_college,low (<1.3x poverty),1.26,0.0,0.0,0.0,0.0,0.0,0.0,0.08333333333333333,33.2,5.2,71.0,0.0,0.0,1.0,0.0,0,16405.3123355
2015,59.0,1.0,NH White,hs_or_less,low (<1.3x poverty),1.11,0.0,0.0,0.0,0.0,0.0,0.0,12.0,28.6,5.5,49.0,0.0,0.0,0.0,0.0,0,18332.418035
2015,60.0,1.0,Mexican American,hs_or_less,low (<1.3x poverty),1.1,0.0,0.0,0.0,0.0,0.0,0.0,2.0,27.2,5.7,55.0,0.0,1.0,0.0,0.0,0,5001.2636255
2015,55.0,1.0,NH White,some_college,middle (1.3-3.5x),1.6,480.0,2160.0,0.0,120.0,540.0,2.0,3.0,22.0,5.8,44.0,0.0,1.0,0.0,0.0,0,19288.2259435
2015,32.0,1.0,Mexican American,hs_or_less,low (<1.3x poverty),1.24,720.0,10560.0,0.0,180.0,2520.0,3.0,4.0,28.3,5.2,61.0,0.0,0.0,0.0,0.0,1,12076.57287
2015,34.0,0.0,NH White,hs_or_less,low (<1.3x poverty),1.09,3360.0,1920.0,480.0,600.0,480.0,3.0,7.0,26.1,6.3,52.0,0.0,1.0,0.0,0.0,1,26099.7981865
2015,51.0,1.0,Mexican American,some_college,middle (1.3-3.5x),1.49,0.0,0.0,160.0,0.0,0.0,0.0,9.0,27.6,5.9,36.0,0.0,1.0,0.0,0.0,0,8151.959306
2015,37.0,1.0,NH Asian,college_plus,low (<1.3x poverty),1.26,960.0,0.0,0.0,120.0,0.0,4.0,12.0,18.6,5.3,77.0,0.0,0.0,0.0,0.0,1,9112.4906045
2015,63.0,1.0,NH Black,some_college,low (<1.3x poverty),1.23,0.0,0.0,0.0,0.0,0.0,0.0,5.0,18.4,5.9,84.0,0.0,1.0,0.0,0.0,0,10908.8751935
2015,28.0,0.0,NH Black,hs_or_less,high (>3.5x),5.0,0.0,7200.0,0.0,0.0,1800.0,0.0,6.0,30.1,4.7,87.0,0.0,0.0,1.0,0.0,0,12778.609895
2015,37.0,0.0,Other Hispanic,hs_or_less,low (<1.3x poverty),0.46,960.0,9600.0,0.0,120.0,2400.0,1.0,5.0,23.4,5.5,59.0,0.0,0.0,0.0,1.0,1,19702.830131
2015,27.0,0.0,Mexican American,some_college,low (<1.3x poverty),0.18,0.0,0.0,0.0,0.0,0.0,0.0,10.0,33.3,5.5,27.0,0.0,0.0,1.0,0.0,0,16994.568655
2015,51.0,1.0,Other Hispanic,hs_or_less,middle (1.3-3.5x),2.82,1800.0,11280.0,0.0,450.0,1860.0,5.0,2.0,27.7,5.8,48.0,0.0,1.0,0.0,0.0,1,6882.1353655
2015,24.0,1.0,NH Asian,college_plus,low (<1.3x poverty),0.46,1200.0,0.0,400.0,150.0,0.0,5.0,12.0,17.5,5.0,65.0,0.0,0.0,0.0,1.0,1,9046.2987525
2015,40.0,0.0,NH Asian,college_plus,high (>3.5x),4.12,1680.0,0.0,0.0,240.0,0.0,5.0,6.0,28.9,5.6,40.0,0.0,0.0,0.0,0.0,1,15311.336985
2015,46.0,1.0,NH Asian,hs_or_less,low (<1.3x poverty),1.19,0.0,3600.0,240.0,0.0,900.0,0.0,10.0,24.6,5.4,39.0,0.0,0.0,0.0,1.0,0,7633.062116
2015,35.0,1.0,NH White,college_plus,high (>3.5x),4.22,1920.0,480.0,0.0,255.0,90.0,6.0,10.0,21.3,5.3,85.0,0.0,0.0,0.0,0.0,1,57849.726031
2015,62.0,1.0,NH Asian,some_college,middle (1.3-3.5x),2.55,0.0,0.0,0.0,0.0,0.0,0.0,8.0,20.1,5.9,62.0,0.0,1.0,0.0,0.0,0,9261.817945
2015,53.0,0.0,Mexican American,hs_or_less,high (>3.5x),5.0,7200.0,5760.0,0.0,1200.0,960.0,7.0,4.0,29.9,5.2,51.0,0.0,0.0,0.0,0.0,1,17652.340749
2015,23.0,1.0,NH White,some_college,low (<1.3x poverty),0.08,1440.0,120.0,0.0,180.0,30.0,3.0,9.0,41.5,5.4,47.0,0.0,0.0,1.0,0.0,1,44312.287526
2015,40.0,1.0,NH White,college_plus,high (>3.5x),3.75,0.0,0.0,0.0,0.0,0.0,0.0,8.0,27.6,5.0,68.0,0.0,0.0,0.0,0.0,0,54027.927028
2015,40.0,1.0,Mexican American,hs_or_less,middle (1.3-3.5x),1.94,0.0,0.0,0.0,0.0,0.0,0.0,5.0,36.2,5.6,57.0,0.0,0.0,1.0,0.0,0,8424.3911385
2015,32.0,0.0,NH Asian,college_plus,high (>3.5x),5.0,40.0,0.0,0.0,10.0,0.0,1.0,11.0,22.1,4.9,52.0,0.0,0.0,0.0,1.0,0,10810.0542265
2015,47.0,0.0,Other Hispanic,hs_or_less,high (>3.5x),5.0,0.0,4800.0,0.0,0.0,1200.0,0.0,10.0,27.1,5.2,42.0,0.0,0.0,0.0,0.0,0,11934.677856
2015,56.0,1.0,Mexican American,some_college,middle (1.3-3.5x),1.5,720.0,0.0,0.0,180.0,0.0,2.0,4.0,27.8,7.7,43.0,1.0,1.0,0.0,1.0,1,8986.558013
2015,25.0,1.0,Mexican American,some_college,middle (1.3-3.5x),1.5,0.0,18000.0,0.0,0.0,3000.0,0.0,3.0,32.7,5.4,43.0,0.0,0.0,1.0,1.0,0,12844.930789
2015,43.0,1.0,NH Asian,some_college,middle (1.3-3.5x),3.47,0.0,0.0,0.0,0.0,0.0,0.0,3.0,26.8,5.6,51.0,0.0,0.0,0.0,0.0,0,13880.487295
2015,31.0,0.0,NH Black,college_plus,middle (1.3-3.5x),1.82,720.0,3840.0,0.0,120.0,960.0,7.0,3.0,24.3,5.6,48.0,0.0,0.0,0.0,0.0,1,13900.932442
2015,25.0,0.0,NH Asian,college_plus,middle (1.3-3.5x),2.18,1640.0,360.0,0.0,230.0,90.0,7.0,2.0,23.0,5.2,48.0,0.0,0.0,0.0,0.0,1,8204.1400295
2015,21.0,0.0,NH Black,hs_or_less,low (<1.3x poverty),0.71,5760.0,0.0,0.0,720.0,0.0,3.0,13.0,27.0,5.5,62.0,0.0,0.0,0.0,0.0,1,13879.678946
2015,23.0,1.0,NH White,some_college,middle (1.3-3.5x),1.62,0.0,4800.0,0.0,0.0,1200.0,0.0,7.0,30.4,5.6,41.0,0.0,0.0,1.0,0.0,0,38001.8440835
2015,28.0,1.0,NH White,some_college,middle (1.3-3.5x),3.48,0.0,0.0,0.0,0.0,0.0,0.0,6.0,41.7,5.7,58.0,0.0,1.0,1.0,0.0,0,38630.0605155
2015,30.0,1.0,NH Asian,some_college,middle (1.3-3.5x),2.99,0.0,0.0,0.0,0.0,0.0,0.0,3.0,22.6,5.8,65.0,0.0,1.0,0.0,0.0,0,5682.376299
2015,43.0,1.0,Mexican American,hs_or_less,high (>3.5x),4.99,0.0,0.0,0.0,0.0,0.0,0.0,4.0,36.6,5.6,53.0,0.0,0.0,1.0,0.0,0,10032.870302
2015,53.0,0.0,NH Black,hs_or_less,middle (1.3-3.5x),2.34,4320.0,14400.0,0.0,540.0,2400.0,3.0,5.0,22.0,5.7,88.0,0.0,1.0,0.0,0.0,1,16652.440577
2015,25.0,0.0,NH Black,some_college,low (<1.3x poverty),0.95,0.0,14400.0,0.0,0.0,2400.0,0.0,8.0,20.7,5.7,59.0,0.0,1.0,0.0,1.0,0,15164.941967
2015,23.0,0.0,NH Black,hs_or_less,middle (1.3-3.5x),1.47,0.0,0.0,0.0,0.0,0.0,0.0,5.0,23.6,5.6,33.0,0.0,0.0,0.0,0.0,0,14529.360438
2015,36.0,1.0,NH Black,college_plus,middle (1.3-3.5x),3.03,240.0,0.0,0.0,60.0,0.0,2.0,13.0,62.7,5.9,59.0,0.0,1.0,1.0,1.0,0,10484.453397
2015,27.0,0.0,Mexican American,college_plus,middle (1.3-3.5x),3.06,720.0,1080.0,0.0,120.0,180.0,7.0,12.0,24.8,5.0,84.0,0.0,0.0,0.0,0.0,1,16059.4364115
2015,40.0,1.0,NH Asian,college_plus,middle (1.3-3.5x),1.84,0.0,0.0,0.0,0.0,0.0,0.0,8.0,23.1,5.4,53.0,0.0,0.0,0.0,0.0,0,11132.4871655
2015,64.0,1.0,Other Hispanic,some_college,low (<1.3x poverty),1.06,1440.0,0.0,0.0,360.0,0.0,2.0,1.0,17.7,7.8,89.0,1.0,1.0,0.0,1.0,1,3560.9961385
2015,35.0,0.0,Other Hispanic,college_plus,high (>3.5x),5.0,960.0,0.0,0.0,120.0,0.0,2.0,12.0,32.3,5.2,35.0,0.0,0.0,1.0,0.0,1,16719.9787065
2015,26.0,1.0,NH White,some_college,middle (1.3-3.5x),3.2,1440.0,1200.0,0.0,360.0,300.0,6.0,10.0,22.0,4.9,88.0,0.0,0.0,0.0,0.0,1,39999.430928
2015,38.0,0.0,NH White,some_college,high (>3.5x),5.0,1440.0,640.0,0.0,360.0,140.0,2.0,10.0,38.0,6.7,35.0,1.0,1.0,1.0,0.0,1,56273.5209115
2015,30.0,0.0,NH Asian,some_college,middle (1.3-3.5x),2.11,0.0,9600.0,0.0,0.0,1200.0,0.0,4.0,28.5,5.0,31.0,0.0,0.0,0.0,0.0,0,10253.308119
2015,44.0,0.0,NH Asian,hs_or_less,high (>3.5x),5.0,0.0,0.0,0.0,0.0,0.0,0.0,6.0,27.7,5.9,46.0,0.0,1.0,0.0,0.0,0,6174.482315
2015,50.0,1.0,NH Asian,college_plus,high (>3.5x),4.12,1440.0,1080.0,160.0,225.0,180.0,6.0,3.0,20.5,5.7,81.0,0.0,1.0,0.0,0.0,1,13724.04705
2015,36.0,1.0,NH White,hs_or_less,low (<1.3x poverty),0.92,0.0,19200.0,640.0,0.0,2400.0,0.0,2.0,17.9,5.4,64.0,0.0,0.0,0.0,1.0,0,27433.872038
2015,50.0,1.0,NH Black,some_college,middle (1.3-3.5x),1.62,80.0,0.0,0.0,20.0,0.0,1.0,3.0,35.4,6.1,63.0,0.0,1.0,1.0,1.0,0,10827.5406755
2015,60.0,0.0,NH Asian,hs_or_less,middle (1.3-3.5x),1.59,0.0,0.0,0.0,0.0,0.0,0.0,11.0,26.6,4.8,37.0,0.0,0.0,0.0,0.0,0,11641.9715285
2015,59.0,1.0,NH White,college_plus,high (>3.5x),4.6,0.0,0.0,0.0,0.0,0.0,0.0,6.0,38.8,6.0,47.0,0.0,1.0,1.0,0.0,0,49664.8237785
2015,60.0,0.0,NH White,hs_or_less,high (>3.5x),5.0,5520.0,3600.0,0.0,930.0,900.0,7.0,9.0,35.3,5.3,53.0,0.0,0.0,1.0,0.0,1,75846.4347265
2015,57.0,1.0,Other Hispanic,college_plus,middle (1.3-3.5x),2.87,1320.0,0.0,0.0,210.0,0.0,4.0,2.0,23.6,5.6,53.0,0.0,0.0,0.0,0.0,1,7913.263754
2015,51.0,1.0,NH White,some_college,low (<1.3x poverty),1.26,0.0,0.0,0.0,0.0,0.0,0.0,12.0,49.7,5.6,41.0,0.0,0.0,1.0,1.0,0,24997.3207395
2015,22.0,0.0,NH White,college_plus,high (>3.5x),5.0,720.0,13200.0,0.0,180.0,2100.0,3.0,7.0,32.7,5.2,57.0,0.0,0.0,1.0,0.0,1,71307.462041
2015,28.0,0.0,NH White,some_college,high (>3.5x),4.67,0.0,15840.0,0.0,0.0,2880.0,0.0,6.0,22.4,5.5,78.0,0.0,0.0,0.0,0.0,0,69520.463542
2015,30.0,1.0,Mexican American,hs_or_less,low (<1.3x poverty),0.3,100.0,0.0,100.0,25.0,0.0,1.0,0.16666666666666666,29.3,5.9,52.0,0.0,1.0,0.0,1.0,0,14670.220027
2015,26.0,1.0,Mexican American,hs_or_less,low (<1.3x poverty),1.0,0.0,0.0,0.0,0.0,0.0,0.0,3.0,18.7,5.5,60.0,0.0,0.0,0.0,0.0,0,13614.09647
2015,26.0,1.0,NH White,some_college,low (<1.3x poverty),0.78,2040.0,0.0,0.0,330.0,0.0,7.0,6.0,21.8,5.4,65.0,0.0,0.0,0.0,0.0,1,43588.317537
2015,36.0,1.0,NH Black,hs_or_less,low (<1.3x poverty),1.2,0.0,0.0,0.0,0.0,0.0,0.0,9.0,22.1,4.5,89.0,0.0,0.0,0.0,0.0,0,12284.660003
2015,52.0,0.0,NH Asian,college_plus,high (>3.5x),5.0,480.0,0.0,0.0,60.0,0.0,2.0,12.0,29.1,7.2,49.0,1.0,1.0,0.0,0.0,0,9788.87733
2015,51.0,1.0,Mexican American,hs_or_less,middle (1.3-3.5x),1.41,0.0,0.0,0.0,0.0,0.0,0.0,4.0,25.2,5.7,64.0,0.0,1.0,0.0,0.0,0,9128.0898245
2015,38.0,0.0,NH Black,some_college,low (<1.3x poverty),0.69,240.0,1440.0,0.0,60.0,240.0,2.0,1.0,52.3,5.4,29.0,0.0,0.0,1.0,1.0,0,11877.838404
2015,48.0,0.0,NH White,hs_or_less,low (<1.3x poverty),0.98,0.0,0.0,0.0,0.0,0.0,0.0,16.0,24.5,6.0,35.0,0.0,1.0,0.0,1.0,0,12935.294945
2015,59.0,0.0,Other Hispanic,hs_or_less,low (<1.3x poverty),0.78,0.0,0.0,0.0,0.0,0.0,0.0,4.0,26.9,5.8,36.0,0.0,1.0,0.0,1.0,0,7284.113251
2015,25.0,1.0,NH Black,some_college,low (<1.3x poverty),0.94,240.0,960.0,240.0,60.0,240.0,2.0,4.0,29.0,4.7,72.0,0.0,0.0,0.0,0.0,0,13025.513953
2015,22.0,0.0,NH Black,some_college,low (<1.3x poverty),0.95,9600.0,0.0,0.0,1200.0,0.0,5.0,1.0,27.5,5.5,55.0,0.0,0.0,0.0,0.0,1,12456.600197
2015,29.0,0.0,NH Black,hs_or_less,low (<1.3x poverty),1.22,0.0,0.0,0.0,0.0,0.0,0.0,1.0,26.4,5.2,44.0,0.0,0.0,0.0,0.0,0,14607.5297515
2015,60.0,1.0,NH Black,college_plus,high (>3.5x),5.0,40.0,0.0,0.0,10.0,0.0,1.0,9.0,41.6,5.7,80.0,1.0,1.0,1.0,0.0,0,9940.748184
2015,47.0,1.0,NH Black,some_college,high (>3.5x),5.0,480.0,180.0,0.0,120.0,45.0,4.0,8.0,23.2,5.8,56.0,0.0,1.0,0.0,0.0,0,10358.6216165
2015,65.0,1.0,NH White,some_college,high (>3.5x),3.54,0.0,640.0,0.0,0.0,100.0,0.0,5.0,31.1,5.5,87.0,0.0,0.0,1.0,0.0,0,71513.9342305
2015,30.0,1.0,NH Black,college_plus,middle (1.3-3.5x),2.95,1200.0,0.0,0.0,300.0,0.0,5.0,4.0,27.3,5.1,73.0,0.0,0.0,0.0,0.0,1,14070.3585535
2015,37.0,0.0,NH Asian,college_plus,low (<1.3x poverty),0.64,0.0,0.0,120.0,0.0,0.0,0.0,8.0,24.1,5.0,65.0,0.0,0.0,0.0,0.0,0,10166.3309035
2015,53.0,1.0,NH White,college_plus,high (>3.5x),5.0,5040.0,0.0,0.0,900.0,0.0,7.0,4.0,25.4,4.9,124.0,0.0,0.0,0.0,0.0,1,70404.2328665
2015,21.0,1.0,Mexican American,some_college,low (<1.3x poverty),0.49,1920.0,0.0,0.0,240.0,0.0,4.0,3.0,20.8,5.2,49.0,0.0,0.0,0.0,0.0,1,14130.340528
2015,40.0,1.0,NH Black,hs_or_less,low (<1.3x poverty),0.99,0.0,0.0,600.0,0.0,0.0,0.0,2.0,35.3,12.2,43.0,1.0,1.0,1.0,0.0,0,10347.069115
2015,47.0,0.0,NH White,some_college,low (<1.3x poverty),0.08,960.0,880.0,240.0,240.0,200.0,4.0,4.0,25.0,4.4,71.0,0.0,0.0,0.0,0.0,1,18001.1669005
2015,56.0,1.0,Mexican American,hs_or_less,low (<1.3x poverty),0.21,2000.0,0.0,240.0,250.0,0.0,5.0,4.0,29.8,5.5,47.0,0.0,0.0,0.0,1.0,1,5871.072625
2015,52.0,0.0,NH White,college_plus,middle (1.3-3.5x),1.76,0.0,2880.0,0.0,0.0,720.0,0.0,8.0,41.9,6.0,40.0,1.0,1.0,1.0,0.0,0,25128.0747895
2015,64.0,0.0,Other Hispanic,some_college,middle (1.3-3.5x),1.52,0.0,2400.0,720.0,0.0,600.0,0.0,4.0,34.1,5.2,39.0,0.0,0.0,1.0,0.0,0,5265.801805
2015,26.0,1.0,Mexican American,some_college,middle (1.3-3.5x),2.99,360.0,4800.0,0.0,90.0,900.0,3.0,4.0,44.3,5.4,52.0,0.0,0.0,1.0,0.0,0,14381.10576
2015,27.0,0.0,NH Black,hs_or_less,low (<1.3x poverty),0.85,4320.0,12000.0,1200.0,840.0,1800.0,6.0,1.0,25.1,5.3,51.0,0.0,0.0,0.0,1.0,1,11812.399786
2015,59.0,1.0,NH White,some_college,middle (1.3-3.5x),1.62,0.0,0.0,0.0,0.0,0.0,0.0,12.0,29.2,5.5,71.0,0.0,0.0,0.0,1.0,0,79457.207317
2015,52.0,1.0,Other Hispanic,college_plus,middle (1.3-3.5x),1.49,0.0,0.0,0.0,0.0,0.0,0.0,2.0,24.9,5.5,86.0,0.0,0.0,0.0,0.0,0,10672.266999
2015,53.0,0.0,NH Black,hs_or_less,low (<1.3x poverty),0.85,0.0,0.0,0.0,0.0,0.0,0.0,7.0,29.1,9.0,34.0,1.0,1.0,0.0,1.0,0,9465.4676245
2015,31.0,1.0,Other Hispanic,hs_or_less,low (<1.3x poverty),0.88,0.0,0.0,0.0,0.0,0.0,0.0,3.0,47.7,5.6,54.0,0.0,0.0,1.0,0.0,0,13799.038703
2015,48.0,0.0,NH Black,some_college,middle (1.3-3.5x),2.49,480.0,0.0,0.0,120.0,0.0,4.0,8.0,42.8,5.2,35.0,0.0,0.0,1.0,0.0,0,13507.59167
2015,54.0,0.0,Other/Multi,some_college,high (>3.5x),4.98,360.0,0.0,0.0,90.0,0.0,3.0,8.0,33.7,5.8,63.0,0.0,1.0,1.0,0.0,0,16257.425565
2015,21.0,1.0,NH Black,hs_or_less,low (<1.3x poverty),0.52,9200.0,0.0,360.0,1150.0,0.0,5.0,6.0,29.6,5.5,68.0,0.0,0.0,0.0,1.0,1,9822.876912
2015,55.0,0.0,NH White,college_plus,high (>3.5x),5.0,0.0,3600.0,0.0,0.0,900.0,0.0,5.0,27.7,5.8,36.0,0.0,1.0,0.0,0.0,0,102535.267845
2015,59.0,0.0,NH Black,hs_or_less,middle (1.3-3.5x),1.77,480.0,0.0,160.0,120.0,0.0,4.0,6.0,25.2,5.4,58.0,0.0,0.0,0.0,1.0,0,11019.593882
2015,60.0,0.0,NH White,college_plus,high (>3.5x),5.0,1040.0,0.0,0.0,140.0,0.0,4.0,6.0,22.3,5.8,46.0,0.0,1.0,0.0,0.0,1,67127.106933
2015,64.0,1.0,Other Hispanic,hs_or_less,low (<1.3x poverty),0.68,0.0,960.0,0.0,0.0,240.0,0.0,5.0,26.2,7.3,46.0,1.0,1.0,0.0,1.0,0,4124.9908715
2015,65.0,0.0,NH Black,college_plus,high (>3.5x),5.0,2160.0,0.0,0.0,360.0,0.0,4.0,6.0,29.5,7.6,51.0,1.0,1.0,0.0,0.0,1,5780.4721335
2015,50.0,0.0,NH White,college_plus,middle (1.3-3.5x),2.82,3600.0,240.0,0.0,720.0,60.0,6.0,9.0,22.3,5.5,41.0,0.0,0.0,0.0,0.0,1,47073.0878785
2015,29.0,0.0,NH Black,some_college,middle (1.3-3.5x),3.16,2520.0,800.0,1200.0,450.0,160.0,7.0,6.0,31.5,7.5,43.0,1.0,1.0,1.0,0.0,1,20889.3534565
2015,36.0,0.0,Mexican American,hs_or_less,low (<1.3x poverty),1.28,2520.0,7200.0,0.0,360.0,1080.0,6.0,4.0,28.6,5.3,57.0,0.0,0.0,0.0,0.0,1,13272.778431
2015,22.0,1.0,NH White,hs_or_less,middle (1.3-3.5x),3.01,3840.0,11280.0,2880.0,600.0,1860.0,5.0,5.0,18.9,5.1,87.0,0.0,0.0,0.0,0.0,1,41555.0984
2015,50.0,0.0,Other Hispanic,some_college,high (>3.5x),5.0,300.0,0.0,960.0,75.0,0.0,5.0,8.0,33.6,7.1,33.0,1.0,1.0,1.0,0.0,0,12699.6118805
2015,36.0,1.0,NH Asian,college_plus,high (>3.5x),3.7,0.0,0.0,0.0,0.0,0.0,0.0,3.0,24.9,5.6,45.0,0.0,0.0,0.0,0.0,0,12853.318788
2015,60.0,1.0,NH White,hs_or_less,middle (1.3-3.5x),1.49,0.0,0.0,0.0,0.0,0.0,0.0,12.0,55.1,9.2,58.0,1.0,1.0,1.0,1.0,0,22161.057169
2015,25.0,0.0,Mexican American,some_college,middle (1.3-3.5x),1.82,2880.0,360.0,0.0,480.0,90.0,7.0,2.0,27.3,5.3,46.0,0.0,0.0,0.0,0.0,1,22731.9753175
2015,48.0,0.0,NH White,hs_or_less,high (>3.5x),5.0,1440.0,6720.0,0.0,300.0,840.0,6.0,6.0,32.8,5.2,68.0,0.0,0.0,1.0,0.0,1,66464.1950765
2015,64.0,1.0,NH Black,hs_or_less,low (<1.3x poverty),0.2,0.0,0.0,0.0,0.0,0.0,0.0,1.0,41.1,6.5,63.0,1.0,1.0,1.0,1.0,0,8637.5324655
2015,62.0,0.0,Mexican American,hs_or_less,middle (1.3-3.5x),3.27,320.0,10080.0,0.0,80.0,1800.0,2.0,6.0,25.1,5.6,39.0,0.0,0.0,0.0,1.0,0,4147.742337
2015,27.0,1.0,Other Hispanic,some_college,low (<1.3x poverty),0.74,480.0,2880.0,0.0,120.0,720.0,2.0,8.0,41.0,6.1,42.0,0.0,1.0,1.0,0.0,0,12381.7577925
2015,43.0,0.0,Mexican American,hs_or_less,low (<1.3x poverty),1.07,0.0,0.0,0.0,0.0,0.0,0.0,3.0,24.1,5.0,52.0,0.0,0.0,0.0,1.0,0,12304.845429
2015,39.0,0.0,Mexican American,hs_or_less,high (>3.5x),4.93,960.0,0.0,0.0,120.0,0.0,1.0,2.0,26.0,5.4,53.0,0.0,0.0,0.0,0.0,1,13027.772057
2015,45.0,0.0,NH Black,college_plus,high (>3.5x),5.0,2640.0,2160.0,0.0,420.0,270.0,7.0,13.0,29.3,6.1,59.0,0.0,1.0,0.0,0.0,1,10644.7742085
2015,63.0,1.0,Other Hispanic,hs_or_less,low (<1.3x poverty),0.2,240.0,480.0,0.0,60.0,120.0,1.0,5.0,37.6,6.9,33.0,1.0,1.0,1.0,1.0,0,4797.2731885
2015,38.0,0.0,NH Asian,college_plus,high (>3.5x),5.0,360.0,0.0,0.0,90.0,0.0,3.0,12.0,24.2,5.1,46.0,0.0,0.0,0.0,1.0,0,15291.48378
2015,34.0,1.0,NH White,college_plus,middle (1.3-3.5x),1.76,1440.0,0.0,320.0,300.0,0.0,5.0,7.0,22.2,5.2,63.0,0.0,0.0,0.0,0.0,1,69352.484094
2015,34.0,0.0,NH Black,college_plus,middle (1.3-3.5x),2.81,1600.0,0.0,0.0,220.0,0.0,5.0,6.0,30.9,6.0,43.0,0.0,1.0,1.0,1.0,1,15654.6811235
2015,53.0,0.0,Mexican American,hs_or_less,low (<1.3x poverty),0.49,600.0,6960.0,0.0,150.0,1020.0,5.0,3.75,32.0,8.8,56.0,1.0,1.0,1.0,1.0,1,11397.367049
2015,32.0,0.0,Other Hispanic,hs_or_less,high (>3.5x),5.0,800.0,36000.0,0.0,100.0,6000.0,5.0,8.0,32.9,5.2,40.0,0.0,0.0,1.0,0.0,1,22855.468438
2015,25.0,0.0,NH Asian,college_plus,middle (1.3-3.5x),1.59,0.0,0.0,0.0,0.0,0.0,0.0,4.0,21.0,5.8,49.0,0.0,1.0,0.0,0.0,0,6891.03384
2015,24.0,1.0,NH White,college_plus,high (>3.5x),3.54,960.0,0.0,1200.0,240.0,0.0,4.0,10.0,21.4,4.6,73.0,0.0,0.0,0.0,0.0,1,52540.222597
2017,56.0,0.0,NH Asian,college_plus,high (>3.5x),5.0,2160.0,0.0,1200.0,300.0,0.0,6.0,7.0,21.3,5.7,72.0,0.0,1.0,0.0,0.0,1,6195.4598622226695
2017,54.0,1.0,NH Black,some_college,middle (1.3-3.5x),1.86,0.0,0.0,0.0,0.0,0.0,0.0,6.0,39.9,12.7,42.0,1.0,1.0,1.0,0.0,0,7739.790599012959
2017,61.0,0.0,NH Asian,college_plus,high (>3.5x),5.0,3840.0,0.0,0.0,600.0,0.0,3.0,5.0,30.7,5.6,39.0,0.0,0.0,1.0,0.0,1,5790.616770004883
2017,45.0,0.0,NH Black,hs_or_less,low (<1.3x poverty),1.18,1200.0,0.0,0.0,300.0,0.0,5.0,4.0,22.0,5.7,63.0,0.0,1.0,0.0,0.0,1,9823.62527124741
2017,60.0,1.0,Mexican American,hs_or_less,middle (1.3-3.5x),3.04,0.0,0.0,0.0,0.0,0.0,0.0,2.0,35.9,5.2,45.0,0.0,0.0,1.0,0.0,0,4294.525667475464
2017,60.0,1.0,NH White,some_college,middle (1.3-3.5x),2.07,0.0,0.0,0.0,0.0,0.0,0.0,4.0,23.8,5.8,78.0,0.0,1.0,0.0,0.0,0,63154.91163780962
2017,64.0,0.0,NH White,college_plus,high (>3.5x),3.69,960.0,3120.0,0.0,120.0,660.0,2.0,2.0,22.4,5.3,54.0,0.0,0.0,0.0,0.0,1,114564.6184651825
2017,53.0,0.0,NH Black,college_plus,high (>3.5x),5.0,0.0,0.0,180.0,0.0,0.0,0.0,8.0,33.4,5.3,62.0,0.0,0.0,1.0,0.0,0,15766.452254340085
2017,42.0,0.0,NH Black,hs_or_less,low (<1.3x poverty),0.83,0.0,0.0,0.0,0.0,0.0,0.0,8.0,27.6,5.3,49.0,0.0,0.0,0.0,1.0,0,6051.941676825868
2017,20.0,0.0,Mexican American,some_college,high (>3.5x),5.0,3360.0,4800.0,0.0,480.0,1200.0,5.0,6.0,27.6,4.9,40.0,0.0,0.0,0.0,0.0,1,14040.566936102112
2017,26.0,0.0,Other Hispanic,some_college,high (>3.5x),5.0,2880.0,26640.0,0.0,360.0,3780.0,6.0,3.0,33.7,5.6,41.0,0.0,0.0,1.0,0.0,1,29547.049699748837
2017,25.0,1.0,NH Black,college_plus,middle (1.3-3.5x),3.4,0.0,0.0,0.0,0.0,0.0,0.0,9.0,24.8,5.7,71.0,0.0,1.0,0.0,0.0,0,14400.817949905606
2017,26.0,1.0,NH Black,some_college,middle (1.3-3.5x),2.07,1920.0,0.0,0.0,300.0,0.0,5.0,8.0,29.4,5.7,48.0,0.0,1.0,0.0,0.0,1,16634.963684453458
2017,63.0,0.0,NH White,some_college,middle (1.3-3.5x),2.59,0.0,1440.0,0.0,0.0,240.0,0.0,5.0,34.9,5.7,48.0,0.0,1.0,1.0,0.0,0,49634.978900269765
2017,55.0,1.0,NH White,hs_or_less,low (<1.3x poverty),0.75,0.0,0.0,0.0,0.0,0.0,0.0,4.0,30.8,6.5,49.0,1.0,1.0,1.0,1.0,0,11969.25443618845
2017,44.0,0.0,NH Asian,some_college,low (<1.3x poverty),1.0,0.0,16800.0,0.0,0.0,2100.0,0.0,5.0,29.0,5.8,53.0,0.0,1.0,0.0,0.0,0,9955.046601235183
2017,36.0,1.0,Other Hispanic,hs_or_less,low (<1.3x poverty),0.52,2880.0,240.0,0.0,360.0,60.0,3.0,0.5,27.1,5.7,50.0,1.0,1.0,0.0,1.0,1,9210.094952863412
2017,61.0,0.0,Other Hispanic,college_plus,low (<1.3x poverty),1.18,0.0,240.0,0.0,0.0,60.0,0.0,2.0,31.9,7.5,40.0,1.0,1.0,1.0,1.0,0,12843.766737230571
2017,55.0,0.0,Other Hispanic,hs_or_less,low (<1.3x poverty),0.8,1920.0,0.0,0.0,480.0,0.0,4.0,1.0,26.0,5.5,44.0,0.0,0.0,0.0,1.0,1,8389.542036002787
2017,55.0,1.0,NH Black,hs_or_less,low (<1.3x poverty),0.7,0.0,0.0,0.0,0.0,0.0,0.0,3.0,30.7,5.5,41.0,0.0,0.0,1.0,1.0,0,10100.304663240566
2017,46.0,1.0,Other/Multi,hs_or_less,low (<1.3x poverty),1.22,0.0,0.0,0.0,0.0,0.0,0.0,17.0,33.5,5.3,46.0,0.0,0.0,1.0,0.0,0,21551.281203853185
2017,32.0,0.0,Other Hispanic,hs_or_less,middle (1.3-3.5x),1.65,0.0,0.0,0.0,0.0,0.0,0.0,3.0,25.4,5.4,43.0,0.0,0.0,0.0,1.0,0,14295.66498320974
2017,25.0,1.0,NH Black,some_college,high (>3.5x),4.65,0.0,3600.0,0.0,0.0,900.0,0.0,13.0,24.0,5.3,37.0,0.0,0.0,0.0,0.0,0,18016.276234048662
2017,21.0,1.0,Other Hispanic,hs_or_less,low (<1.3x poverty),0.41,480.0,19200.0,0.0,120.0,2400.0,2.0,0.3333333333333333,24.3,5.7,54.0,0.0,1.0,0.0,0.0,0,29583.15044516785
2017,34.0,1.0,NH White,college_plus,high (>3.5x),5.0,3360.0,720.0,0.0,480.0,120.0,7.0,4.0,23.6,4.9,94.0,0.0,0.0,0.0,0.0,1,134804.716897745
2017,20.0,0.0,Other/Multi,some_college,middle (1.3-3.5x),2.94,1920.0,12480.0,0.0,240.0,1920.0,2.0,8.0,36.9,5.1,38.0,0.0,0.0,1.0,1.0,1,11988.155438319698
2017,64.0,0.0,NH Black,hs_or_less,middle (1.3-3.5x),2.43,0.0,1200.0,0.0,0.0,300.0,0.0,6.0,15.7,5.6,61.0,0.0,0.0,0.0,0.0,0,2289.790500883472
2017,52.0,1.0,NH White,college_plus,high (>3.5x),4.93,600.0,0.0,0.0,150.0,0.0,5.0,8.0,32.0,5.8,59.0,0.0,1.0,1.0,0.0,1,61398.337553414545
2017,59.0,0.0,Other Hispanic,college_plus,high (>3.5x),5.0,0.0,0.0,0.0,0.0,0.0,0.0,10.0,24.7,6.2,35.0,0.0,1.0,0.0,0.0,0,20633.459385820504
2017,44.0,0.0,NH Asian,college_plus,middle (1.3-3.5x),1.35,1080.0,0.0,0.0,135.0,0.0,3.0,16.0,28.4,5.7,35.0,0.0,1.0,0.0,1.0,1,6605.280640383884
2017,24.0,0.0,NH Asian,some_college,middle (1.3-3.5x),2.94,480.0,3840.0,0.0,60.0,960.0,2.0,5.0,29.5,5.3,43.0,0.0,0.0,0.0,0.0,0,12488.893903782953
2017,41.0,1.0,NH Black,college_plus,high (>3.5x),5.0,720.0,0.0,0.0,180.0,0.0,3.0,2.0,27.8,4.6,50.0,0.0,0.0,0.0,0.0,1,13878.165485760555
2017,55.0,0.0,NH Asian,college_plus,high (>3.5x),5.0,0.0,2400.0,300.0,0.0,600.0,0.0,8.0,24.3,5.8,42.0,0.0,1.0,0.0,0.0,0,6176.6516216462205
2017,38.0,1.0,NH Black,college_plus,high (>3.5x),5.0,1920.0,1200.0,0.0,360.0,300.0,6.0,2.0,31.7,5.6,62.0,0.0,0.0,1.0,0.0,1,26280.6319218481
2017,61.0,0.0,Other Hispanic,hs_or_less,middle (1.3-3.5x),2.08,0.0,9600.0,0.0,0.0,2400.0,0.0,3.0,25.3,6.5,51.0,1.0,1.0,0.0,1.0,0,5419.782252890199
2017,63.0,0.0,NH Asian,some_college,high (>3.5x),5.0,720.0,0.0,0.0,180.0,0.0,2.0,11.0,27.0,5.4,52.0,0.0,0.0,0.0,0.0,1,5660.711899834277
2017,35.0,1.0,NH White,hs_or_less,low (<1.3x poverty),1.03,0.0,8640.0,0.0,0.0,2160.0,0.0,6.0,39.1,5.2,41.0,0.0,0.0,1.0,0.0,0,18560.683205243025
2017,48.0,1.0,Other/Multi,college_plus,high (>3.5x),5.0,160.0,0.0,0.0,40.0,0.0,2.0,10.0,32.8,5.7,67.0,0.0,1.0,1.0,0.0,0,68825.66345907215
2017,28.0,1.0,NH White,hs_or_less,middle (1.3-3.5x),1.93,0.0,1800.0,0.0,0.0,450.0,0.0,2.0,24.8,5.2,54.0,0.0,0.0,0.0,1.0,0,68942.25473706129
2017,29.0,1.0,NH Black,some_college,low (<1.3x poverty),0.87,0.0,0.0,0.0,0.0,0.0,0.0,6.0,19.8,5.8,65.0,0.0,1.0,0.0,0.0,0,11377.065244795302
2017,43.0,1.0,Mexican American,hs_or_less,low (<1.3x poverty),0.1,0.0,7200.0,0.0,0.0,900.0,0.0,5.0,40.9,5.8,54.0,0.0,1.0,1.0,1.0,0,12640.003493994458
2017,40.0,1.0,NH White,college_plus,high (>3.5x),5.0,960.0,720.0,0.0,150.0,180.0,3.0,9.0,22.7,5.2,47.0,0.0,0.0,0.0,0.0,1,126714.73578752452
2017,45.0,1.0,Other/Multi,some_college,middle (1.3-3.5x),2.9,300.0,0.0,1200.0,75.0,0.0,5.0,10.0,27.2,5.3,70.0,0.0,0.0,0.0,1.0,0,7883.515527630551
2017,20.0,1.0,NH White,some_college,high (>3.5x),3.79,0.0,9600.0,0.0,0.0,2400.0,0.0,4.0,19.0,5.0,62.0,0.0,0.0,0.0,0.0,0,35482.02984309188
2017,55.0,1.0,Mexican American,hs_or_less,low (<1.3x poverty),0.67,0.0,0.0,0.0,0.0,0.0,0.0,12.0,21.4,5.3,89.0,0.0,0.0,0.0,0.0,0,7152.427887770185
2017,37.0,0.0,NH Black,hs_or_less,low (<1.3x poverty),0.58,7200.0,13440.0,2400.0,1260.0,2880.0,7.0,6.0,24.9,5.8,66.0,0.0,1.0,0.0,0.0,1,11249.402830056499
2017,64.0,0.0,NH White,hs_or_less,middle (1.3-3.5x),2.6,720.0,16800.0,4800.0,180.0,2700.0,1.0,4.0,24.7,5.6,40.0,0.0,0.0,0.0,0.0,1,17972.27978649408
2017,59.0,1.0,NH Black,hs_or_less,low (<1.3x poverty),0.79,0.0,0.0,0.0,0.0,0.0,0.0,4.0,24.1,5.2,67.0,0.0,0.0,0.0,0.0,0,5071.4669068155945
2017,37.0,1.0,NH White,some_college,middle (1.3-3.5x),3.21,1920.0,0.0,0.0,240.0,0.0,4.0,3.0,21.3,5.3,80.0,0.0,0.0,0.0,0.0,1,5787.204526845884
2017,27.0,0.0,NH Asian,college_plus,middle (1.3-3.5x),3.4,3180.0,0.0,0.0,435.0,0.0,7.0,10.0,23.8,5.4,53.0,0.0,0.0,0.0,0.0,1,7417.105418058481
2017,55.0,0.0,NH Black,some_college,high (>3.5x),3.79,960.0,21600.0,0.0,120.0,3600.0,1.0,4.0,28.2,5.6,53.0,0.0,0.0,0.0,1.0,1,4558.739026018758
2017,48.0,0.0,Mexican American,hs_or_less,low (<1.3x poverty),1.29,0.0,960.0,0.0,0.0,240.0,0.0,4.0,30.9,6.6,50.0,1.0,1.0,1.0,0.0,0,28902.94877632385
2017,62.0,0.0,NH White,hs_or_less,middle (1.3-3.5x),1.4,0.0,240.0,0.0,0.0,60.0,0.0,8.0,32.2,7.1,29.0,1.0,1.0,1.0,1.0,0,14613.434449701816
2017,39.0,0.0,Mexican American,hs_or_less,high (>3.5x),4.07,1440.0,0.0,0.0,180.0,0.0,3.0,6.0,29.1,5.3,53.0,0.0,0.0,0.0,0.0,1,19063.016687487765
2017,41.0,1.0,NH Black,hs_or_less,middle (1.3-3.5x),2.49,0.0,12000.0,2400.0,0.0,2100.0,0.0,4.0,26.7,5.0,34.0,0.0,0.0,0.0,0.0,0,25153.575769678308
2017,41.0,0.0,NH Asian,college_plus,high (>3.5x),5.0,1080.0,0.0,0.0,180.0,0.0,6.0,12.0,24.8,5.4,34.0,0.0,0.0,0.0,0.0,1,6525.94425380445
2017,41.0,0.0,NH Asian,some_college,high (>3.5x),5.0,0.0,0.0,0.0,0.0,0.0,0.0,10.0,34.6,5.9,38.0,0.0,1.0,1.0,1.0,0,8655.873835293134
2017,36.0,0.0,NH White,hs_or_less,middle (1.3-3.5x),1.63,80.0,0.0,0.0,20.0,0.0,1.0,8.0,30.8,5.8,50.0,0.0,1.0,1.0,1.0,0,19071.62218691922
2017,61.0,1.0,NH Asian,college_plus,high (>3.5x),5.0,360.0,0.0,0.0,90.0,0.0,3.0,9.0,20.9,5.8,67.0,0.0,1.0,0.0,0.0,0,6286.321632659121
2017,31.0,0.0,Other/Multi,hs_or_less,middle (1.3-3.5x),2.03,640.0,400.0,0.0,160.0,100.0,4.0,2.0,36.1,5.3,41.0,0.0,0.0,1.0,0.0,1,62900.44400681445
2017,54.0,1.0,NH White,hs_or_less,low (<1.3x poverty),1.0,0.0,0.0,1200.0,0.0,0.0,0.0,2.0,24.5,5.6,72.0,0.0,0.0,0.0,0.0,0,14890.701860368437
2017,35.0,1.0,NH White,college_plus,high (>3.5x),5.0,0.0,2160.0,0.0,0.0,540.0,0.0,3.0,27.0,5.2,93.0,0.0,0.0,0.0,0.0,0,62214.727687709164
2017,24.0,0.0,Other/Multi,hs_or_less,low (<1.3x poverty),1.21,7200.0,3600.0,240.0,900.0,900.0,3.0,4.0,35.2,5.1,39.0,0.0,0.0,1.0,0.0,1,12407.556119362187
2017,54.0,1.0,NH Asian,college_plus,high (>3.5x),5.0,1920.0,0.0,0.0,240.0,0.0,4.0,5.0,31.3,6.2,53.0,0.0,1.0,1.0,0.0,1,7194.791561476864
2017,30.0,0.0,NH White,some_college,high (>3.5x),3.94,960.0,2400.0,0.0,240.0,600.0,2.0,4.0,32.6,5.4,41.0,0.0,0.0,1.0,0.0,1,32727.415975551616
2017,40.0,1.0,NH Black,some_college,middle (1.3-3.5x),2.97,0.0,0.0,480.0,0.0,0.0,0.0,10.0,28.8,5.8,44.0,0.0,1.0,0.0,0.0,0,7344.571276908915
2017,42.0,0.0,Other/Multi,college_plus,middle (1.3-3.5x),3.21,1440.0,0.0,0.0,180.0,0.0,3.0,5.0,28.3,5.6,55.0,0.0,0.0,0.0,0.0,1,5704.714447243144
2017,52.0,1.0,NH White,college_plus,high (>3.5x),5.0,120.0,0.0,0.0,30.0,0.0,3.0,4.0,34.0,6.0,39.0,0.0,1.0,1.0,0.0,0,129737.37779502582
2017,22.0,0.0,Mexican American,hs_or_less,middle (1.3-3.5x),1.88,0.0,0.0,0.0,0.0,0.0,0.0,4.0,21.7,5.6,46.0,0.0,0.0,0.0,1.0,0,21105.118028785055
2017,53.0,1.0,NH Asian,college_plus,middle (1.3-3.5x),2.46,480.0,0.0,0.0,120.0,0.0,2.0,1.0,25.7,5.2,90.0,0.0,0.0,0.0,0.0,0,13097.935408064273
2017,49.0,1.0,NH Asian,some_college,high (>3.5x),5.0,0.0,0.0,0.0,0.0,0.0,0.0,5.0,24.6,8.0,40.0,1.0,1.0,0.0,0.0,0,3462.8360212692232
2017,30.0,0.0,Other Hispanic,hs_or_less,middle (1.3-3.5x),3.32,960.0,14400.0,0.0,120.0,3600.0,2.0,0.3333333333333333,34.9,5.6,43.0,0.0,0.0,1.0,0.0,1,32088.819333314186
2017,26.0,0.0,Other/Multi,hs_or_less,middle (1.3-3.5x),2.04,2880.0,0.0,600.0,360.0,0.0,2.0,8.0,40.2,9.7,33.0,1.0,1.0,1.0,1.0,1,7078.438766308522
2017,61.0,1.0,NH Black,some_college,middle (1.3-3.5x),1.52,480.0,0.0,0.0,120.0,0.0,3.0,10.0,25.5,5.8,78.0,0.0,1.0,0.0,0.0,0,8974.798180640419
2017,60.0,0.0,NH Black,some_college,low (<1.3x poverty),0.85,240.0,600.0,0.0,60.0,150.0,3.0,6.0,41.3,6.9,43.0,1.0,1.0,1.0,1.0,0,4303.960151878206
2017,52.0,0.0,NH Asian,college_plus,high (>3.5x),4.81,360.0,0.0,320.0,90.0,0.0,3.0,12.0,28.9,6.4,42.0,0.0,1.0,0.0,0.0,0,6373.098717281437
2017,30.0,1.0,Other Hispanic,college_plus,high (>3.5x),4.25,4320.0,0.0,400.0,720.0,0.0,7.0,0.5,22.6,5.2,72.0,0.0,0.0,0.0,0.0,1,33489.45702446797
2017,57.0,0.0,NH Black,hs_or_less,middle (1.3-3.5x),2.99,0.0,0.0,0.0,0.0,0.0,0.0,5.0,26.1,6.0,57.0,0.0,1.0,0.0,1.0,0,7198.751417261612
2017,33.0,1.0,NH White,college_plus,low (<1.3x poverty),0.6,320.0,1200.0,0.0,80.0,300.0,4.0,5.0,22.4,5.1,50.0,0.0,0.0,0.0,0.0,0,31146.278850680785
2017,33.0,0.0,NH Asian,college_plus,high (>3.5x),3.66,0.0,0.0,0.0,0.0,0.0,0.0,1.0,25.1,5.2,46.0,0.0,0.0,0.0,0.0,0,7481.0381357967735
2017,40.0,0.0,NH Black,college_plus,high (>3.5x),3.82,0.0,0.0,0.0,0.0,0.0,0.0,7.0,38.2,5.9,50.0,0.0,1.0,1.0,0.0,0,12864.633128674312
2017,35.0,0.0,NH White,some_college,high (>3.5x),3.92,0.0,34800.0,0.0,0.0,5700.0,0.0,8.0,29.6,5.0,60.0,0.0,0.0,0.0,0.0,0,77158.32736404717
2017,59.0,0.0,NH White,college_plus,middle (1.3-3.5x),1.66,1920.0,480.0,0.0,300.0,120.0,4.0,12.0,29.3,5.1,39.0,0.0,0.0,0.0,0.0,1,31827.66914454069
2017,54.0,1.0,NH White,hs_or_less,middle (1.3-3.5x),1.68,480.0,2400.0,0.0,120.0,600.0,2.0,10.0,27.2,5.8,71.0,0.0,1.0,0.0,0.0,0,38739.54737315451
2017,29.0,1.0,NH White,college_plus,high (>3.5x),5.0,1680.0,0.0,0.0,240.0,0.0,5.0,12.0,19.2,4.8,62.0,0.0,0.0,0.0,0.0,1,79781.85216948934
2017,57.0,1.0,NH White,college_plus,low (<1.3x poverty),5.397605346934028e-79,3960.0,0.0,1200.0,630.0,0.0,7.0,1.0,20.5,5.3,80.0,0.0,0.0,0.0,0.0,1,47515.78087209852
2017,61.0,1.0,Other Hispanic,some_college,low (<1.3x poverty),0.81,0.0,0.0,0.0,0.0,0.0,0.0,5.0,26.9,5.7,,0.0,1.0,0.0,0.0,0,4789.347300061207
2017,35.0,0.0,Mexican American,hs_or_less,low (<1.3x poverty),1.16,0.0,14400.0,0.0,0.0,2400.0,0.0,4.0,39.2,5.4,32.0,0.0,0.0,1.0,0.0,0,11415.892848933785
2017,32.0,1.0,NH White,hs_or_less,low (<1.3x poverty),0.65,2160.0,0.0,720.0,360.0,0.0,6.0,3.0,18.3,5.1,64.0,0.0,0.0,0.0,0.0,1,52218.69880465962
2017,64.0,1.0,NH White,college_plus,middle (1.3-3.5x),1.85,1200.0,15360.0,0.0,300.0,3360.0,5.0,3.0,37.3,5.5,82.0,0.0,0.0,1.0,0.0,1,61704.15426930435
2017,24.0,1.0,NH White,hs_or_less,middle (1.3-3.5x),1.83,360.0,7680.0,960.0,90.0,1440.0,3.0,2.0,20.3,5.5,50.0,0.0,0.0,0.0,0.0,0,44403.95893266868
2017,23.0,1.0,NH Black,some_college,high (>3.5x),4.98,1440.0,0.0,0.0,180.0,0.0,3.0,2.0,24.9,4.9,59.0,0.0,0.0,0.0,0.0,1,17264.45921966516
2017,25.0,1.0,NH Asian,college_plus,high (>3.5x),3.82,2420.0,120.0,0.0,365.0,30.0,7.0,10.0,30.1,5.4,48.0,0.0,0.0,1.0,0.0,1,16570.01692981092
2017,25.0,1.0,Other/Multi,some_college,middle (1.3-3.5x),2.15,960.0,7680.0,0.0,240.0,1440.0,4.0,8.0,25.2,5.4,53.0,0.0,0.0,0.0,0.0,1,62665.801811984384
2017,56.0,0.0,NH White,some_college,high (>3.5x),3.85,0.0,21600.0,160.0,0.0,3600.0,0.0,1.0,22.4,5.7,53.0,0.0,1.0,0.0,0.0,0,16058.463061586597
2017,30.0,1.0,NH White,hs_or_less,low (<1.3x poverty),1.18,0.0,0.0,0.0,0.0,0.0,0.0,1.0,26.2,4.8,41.0,0.0,0.0,0.0,0.0,0,25776.353924168703
2017,54.0,0.0,NH White,some_college,high (>3.5x),5.0,1760.0,8400.0,0.0,320.0,1500.0,7.0,10.0,31.8,5.8,49.0,0.0,1.0,1.0,0.0,1,66531.98915806328
2017,38.0,1.0,NH White,hs_or_less,low (<1.3x poverty),0.09,0.0,1680.0,0.0,0.0,360.0,0.0,10.0,34.5,4.9,57.0,0.0,0.0,1.0,0.0,0,19139.454038489395
2017,45.0,0.0,NH White,hs_or_less,high (>3.5x),3.98,4320.0,0.0,0.0,720.0,0.0,6.0,7.0,28.8,5.2,57.0,0.0,0.0,0.0,0.0,1,61301.21533653636
2017,54.0,1.0,Other Hispanic,hs_or_less,low (<1.3x poverty),0.41,0.0,0.0,0.0,0.0,0.0,0.0,4.0,31.8,6.7,51.0,1.0,1.0,1.0,0.0,0,10242.962226665832
2017,59.0,0.0,NH Asian,college_plus,high (>3.5x),5.0,720.0,0.0,120.0,180.0,0.0,6.0,12.0,26.4,8.1,49.0,1.0,1.0,0.0,0.0,1,4903.726503194699
2017,59.0,1.0,Mexican American,college_plus,low (<1.3x poverty),0.91,0.0,0.0,0.0,0.0,0.0,0.0,6.0,30.3,5.7,45.0,0.0,1.0,1.0,0.0,0,23963.176178078702
2017,60.0,0.0,NH Asian,college_plus,high (>3.5x),5.0,960.0,0.0,480.0,120.0,0.0,2.0,3.0,29.6,5.5,49.0,0.0,0.0,0.0,0.0,1,6135.679819930751
2017,60.0,1.0,Other Hispanic,some_college,high (>3.5x),5.0,0.0,0.0,0.0,0.0,0.0,0.0,3.0,22.5,5.4,85.0,0.0,0.0,0.0,0.0,0,12608.711670546016
2017,64.0,0.0,NH Asian,college_plus,high (>3.5x),5.0,0.0,0.0,0.0,0.0,0.0,0.0,8.0,22.2,6.9,41.0,1.0,1.0,0.0,1.0,0,5418.518073925206
2017,34.0,1.0,Other Hispanic,hs_or_less,high (>3.5x),5.0,9120.0,10560.0,0.0,1380.0,2040.0,7.0,2.0,21.8,5.1,62.0,0.0,0.0,0.0,0.0,1,24805.260305466712
2017,46.0,0.0,Other Hispanic,hs_or_less,middle (1.3-3.5x),1.39,1440.0,10560.0,0.0,180.0,1560.0,2.0,0.5,28.7,5.7,29.0,0.0,1.0,0.0,0.0,1,13725.75427355359
2017,45.0,1.0,Mexican American,hs_or_less,middle (1.3-3.5x),2.72,0.0,0.0,0.0,0.0,0.0,0.0,3.0,35.6,6.0,34.0,0.0,1.0,1.0,0.0,0,19559.548682808865
2017,62.0,1.0,NH White,hs_or_less,middle (1.3-3.5x),3.15,0.0,240.0,0.0,0.0,60.0,0.0,2.0,32.2,5.7,40.0,0.0,1.0,1.0,0.0,0,17538.68615670472
2017,61.0,1.0,NH White,some_college,middle (1.3-3.5x),2.34,0.0,5760.0,0.0,0.0,1440.0,0.0,10.0,44.8,5.3,39.0,0.0,0.0,1.0,0.0,0,40316.371533251135
2017,54.0,1.0,Mexican American,hs_or_less,low (<1.3x poverty),0.72,0.0,0.0,0.0,0.0,0.0,0.0,0.5,31.1,5.4,,0.0,0.0,1.0,0.0,0,4377.320207286679
2017,59.0,0.0,NH White,some_college,middle (1.3-3.5x),2.2,0.0,0.0,0.0,0.0,0.0,0.0,16.0,41.0,5.8,33.0,0.0,1.0,1.0,0.0,0,13950.700096513972
2017,36.0,1.0,Mexican American,hs_or_less,low (<1.3x poverty),0.87,0.0,0.0,0.0,0.0,0.0,0.0,3.0,32.9,6.0,39.0,1.0,1.0,1.0,1.0,0,15155.480290795836
2017,44.0,0.0,Mexican American,hs_or_less,low (<1.3x poverty),1.22,0.0,6000.0,0.0,0.0,1500.0,0.0,6.0,35.8,5.8,48.0,0.0,1.0,1.0,0.0,0,10240.23315374397
2017,61.0,0.0,NH White,hs_or_less,middle (1.3-3.5x),2.65,0.0,0.0,0.0,0.0,0.0,0.0,4.0,31.3,7.0,41.0,1.0,1.0,1.0,0.0,0,108518.17739383578
2017,29.0,0.0,NH White,some_college,high (>3.5x),5.0,0.0,0.0,0.0,0.0,0.0,0.0,2.0,20.6,5.2,39.0,0.0,0.0,0.0,0.0,0,84975.51087029919
2017,62.0,1.0,NH White,hs_or_less,low (<1.3x poverty),1.18,2400.0,4800.0,0.0,480.0,1200.0,5.0,4.0,35.7,5.4,50.0,0.0,0.0,1.0,1.0,1,22659.781591484483
2017,23.0,1.0,NH Black,some_college,middle (1.3-3.5x),1.54,400.0,0.0,0.0,100.0,0.0,5.0,12.0,30.3,5.2,51.0,0.0,0.0,1.0,1.0,0,13120.918546829136
2017,64.0,1.0,NH Asian,some_college,high (>3.5x),5.0,2400.0,480.0,1200.0,600.0,120.0,5.0,4.0,29.7,6.3,43.0,0.0,1.0,0.0,0.0,1,11647.134447693663
2017,46.0,1.0,Mexican American,some_college,high (>3.5x),5.0,2880.0,0.0,0.0,450.0,0.0,6.0,12.0,28.0,5.3,65.0,0.0,0.0,0.0,0.0,1,13694.808671488563
2017,64.0,0.0,Mexican American,hs_or_less,middle (1.3-3.5x),1.72,0.0,0.0,1440.0,0.0,0.0,0.0,2.0,26.4,5.8,39.0,0.0,1.0,0.0,1.0,0,5163.807543943419
2017,60.0,1.0,NH White,hs_or_less,middle (1.3-3.5x),2.02,0.0,0.0,0.0,0.0,0.0,0.0,3.0,23.4,8.6,54.0,1.0,1.0,0.0,0.0,0,36388.652495990784
2017,57.0,1.0,NH White,hs_or_less,middle (1.3-3.5x),1.88,0.0,0.0,0.0,0.0,0.0,0.0,8.0,74.8,6.9,42.0,1.0,1.0,1.0,1.0,0,13160.479722513182
2017,57.0,0.0,NH Black,some_college,middle (1.3-3.5x),2.64,0.0,0.0,0.0,0.0,0.0,0.0,8.0,23.5,6.1,32.0,0.0,1.0,0.0,0.0,0,8347.552782450442
2017,55.0,0.0,Other Hispanic,hs_or_less,low (<1.3x poverty),1.1,0.0,5760.0,0.0,0.0,1440.0,0.0,4.0,27.8,5.7,31.0,0.0,1.0,0.0,0.0,0,13359.683185772275
2017,62.0,1.0,NH Black,hs_or_less,middle (1.3-3.5x),1.54,1800.0,1200.0,0.0,450.0,300.0,5.0,6.0,33.6,9.4,68.0,1.0,1.0,1.0,0.0,1,4132.485782510128
2017,39.0,1.0,NH White,some_college,middle (1.3-3.5x),3.05,0.0,0.0,0.0,0.0,0.0,0.0,5.0,45.1,6.7,58.0,1.0,1.0,1.0,1.0,0,25108.477246762144
2017,61.0,1.0,Other Hispanic,college_plus,low (<1.3x poverty),1.02,0.0,0.0,0.0,0.0,0.0,0.0,3.0,28.7,5.7,39.0,0.0,1.0,0.0,0.0,0,13009.820347340139
2017,37.0,1.0,Other Hispanic,some_college,middle (1.3-3.5x),3.04,0.0,0.0,0.0,0.0,0.0,0.0,10.0,26.0,5.6,52.0,0.0,0.0,0.0,0.0,0,19058.452324250065
2017,49.0,1.0,NH Black,college_plus,high (>3.5x),4.86,0.0,0.0,0.0,0.0,0.0,0.0,11.0,24.5,5.6,64.0,0.0,0.0,0.0,0.0,0,23224.364484436126
2017,49.0,1.0,Other Hispanic,some_college,low (<1.3x poverty),1.15,0.0,0.0,400.0,0.0,0.0,0.0,2.0,32.0,5.3,64.0,0.0,0.0,1.0,1.0,0,10128.461030874554
2017,23.0,0.0,Other Hispanic,college_plus,high (>3.5x),5.0,2000.0,960.0,640.0,275.0,240.0,7.0,8.0,27.9,5.2,48.0,0.0,0.0,0.0,0.0,1,49046.349164445826
2017,56.0,0.0,NH Asian,college_plus,high (>3.5x),5.0,2880.0,0.0,0.0,480.0,0.0,7.0,10.0,38.0,6.0,48.0,1.0,1.0,1.0,0.0,1,3940.0354819392605
2017,60.0,1.0,NH Asian,hs_or_less,high (>3.5x),5.0,0.0,0.0,0.0,0.0,0.0,0.0,3.0,18.3,5.7,52.0,0.0,1.0,0.0,0.0,0,7568.579518136573
2017,22.0,1.0,NH White,some_college,high (>3.5x),4.04,5760.0,4800.0,0.0,720.0,1200.0,6.0,5.0,23.1,5.0,59.0,0.0,0.0,0.0,0.0,1,47837.44903815546
2017,64.0,0.0,Other Hispanic,hs_or_less,low (<1.3x poverty),0.48,0.0,0.0,120.0,0.0,0.0,0.0,2.0,24.0,6.0,65.0,0.0,1.0,0.0,1.0,0,4223.590473590986
2017,28.0,0.0,NH White,some_college,low (<1.3x poverty),0.99,480.0,560.0,0.0,60.0,100.0,1.0,6.0,31.6,5.1,48.0,0.0,0.0,1.0,0.0,0,63219.25534600598
2017,24.0,1.0,NH White,some_college,middle (1.3-3.5x),3.48,3840.0,10800.0,0.0,600.0,1800.0,4.0,7.0,27.7,5.2,58.0,0.0,0.0,0.0,0.0,1,72837.26914017003
2017,59.0,1.0,Mexican American,college_plus,middle (1.3-3.5x),1.64,0.0,0.0,0.0,0.0,0.0,0.0,4.0,25.9,5.5,71.0,0.0,0.0,0.0,0.0,0,11161.664399838744
2017,49.0,0.0,NH White,some_college,high (>3.5x),5.0,0.0,0.0,0.0,0.0,0.0,0.0,10.0,44.5,5.9,48.0,0.0,1.0,1.0,0.0,0,56857.376104975985
2017,54.0,1.0,NH Asian,college_plus,high (>3.5x),5.0,0.0,0.0,0.0,0.0,0.0,0.0,1.0,29.6,5.4,63.0,0.0,0.0,0.0,0.0,0,13225.682647459644
2017,21.0,1.0,Mexican American,hs_or_less,middle (1.3-3.5x),1.49,0.0,0.0,0.0,0.0,0.0,0.0,2.0,40.1,5.3,48.0,0.0,0.0,1.0,1.0,0,23603.48249245106
2017,43.0,0.0,NH Asian,some_college,high (>3.5x),4.07,240.0,1020.0,0.0,60.0,195.0,1.0,3.0,25.7,5.2,54.0,0.0,0.0,0.0,1.0,0,14021.42486735599
2017,54.0,1.0,NH White,hs_or_less,high (>3.5x),5.0,0.0,1920.0,0.0,0.0,480.0,0.0,4.0,41.8,6.9,44.0,1.0,1.0,1.0,0.0,0,126222.70585561742
2017,58.0,1.0,NH Black,some_college,middle (1.3-3.5x),1.68,720.0,0.0,0.0,90.0,0.0,2.0,10.0,41.1,6.0,46.0,0.0,1.0,1.0,0.0,1,13220.426315028482
2017,63.0,1.0,Mexican American,hs_or_less,high (>3.5x),4.93,0.0,0.0,0.0,0.0,0.0,0.0,5.0,28.4,5.7,85.0,0.0,1.0,0.0,0.0,0,5676.5346572269855
2017,26.0,1.0,Other Hispanic,some_college,high (>3.5x),3.59,0.0,0.0,0.0,0.0,0.0,0.0,4.0,37.8,5.0,54.0,0.0,0.0,1.0,0.0,0,13408.844933138766
2017,62.0,0.0,NH Black,hs_or_less,low (<1.3x poverty),0.76,0.0,1440.0,0.0,0.0,360.0,0.0,10.0,30.8,5.5,57.0,0.0,0.0,1.0,0.0,0,7192.796897203624
2017,45.0,1.0,NH Black,college_plus,high (>3.5x),3.67,1440.0,0.0,0.0,240.0,0.0,7.0,12.0,46.0,6.1,46.0,0.0,1.0,1.0,1.0,1,6193.078346179213
2017,23.0,1.0,NH White,college_plus,middle (1.3-3.5x),2.97,760.0,0.0,0.0,110.0,0.0,7.0,6.0,18.6,5.1,66.0,0.0,0.0,0.0,0.0,1,52184.06092336135
2017,43.0,1.0,Other Hispanic,some_college,low (<1.3x poverty),0.94,0.0,200.0,0.0,0.0,50.0,0.0,3.0,29.3,5.6,35.0,0.0,0.0,0.0,1.0,0,11340.251907305801
2017,62.0,0.0,Mexican American,hs_or_less,middle (1.3-3.5x),2.45,0.0,0.0,360.0,0.0,0.0,0.0,4.0,24.7,5.9,49.0,0.0,1.0,0.0,0.0,0,5342.74009321834
2017,63.0,0.0,NH White,college_plus,high (>3.5x),5.0,960.0,720.0,0.0,240.0,180.0,4.0,10.0,36.4,5.4,36.0,0.0,0.0,1.0,1.0,1,138033.82929432296
2017,30.0,1.0,NH Asian,college_plus,middle (1.3-3.5x),2.66,7200.0,12000.0,1200.0,1200.0,1500.0,7.0,8.0,30.1,4.5,54.0,0.0,0.0,1.0,0.0,1,15163.498574960275
2017,60.0,0.0,NH Black,hs_or_less,low (<1.3x poverty),0.07,0.0,240.0,600.0,0.0,60.0,0.0,4.0,25.0,6.8,54.0,1.0,1.0,0.0,1.0,0,4005.4124004544256
2017,31.0,1.0,NH White,college_plus,middle (1.3-3.5x),2.88,1440.0,1200.0,0.0,360.0,300.0,3.0,4.0,26.6,4.8,73.0,0.0,0.0,0.0,0.0,1,25391.950030364194
2017,27.0,0.0,NH White,hs_or_less,middle (1.3-3.5x),2.13,0.0,1800.0,0.0,0.0,225.0,0.0,8.0,45.7,5.4,30.0,0.0,0.0,1.0,0.0,0,30259.96767396277
2017,38.0,1.0,NH Black,hs_or_less,low (<1.3x poverty),0.87,0.0,0.0,0.0,0.0,0.0,0.0,3.0,32.0,5.4,79.0,0.0,0.0,1.0,0.0,0,10419.910891745496
2017,23.0,1.0,NH White,college_plus,middle (1.3-3.5x),3.37,240.0,3600.0,0.0,60.0,900.0,4.0,1.0,42.4,5.1,55.0,0.0,0.0,1.0,0.0,0,21266.501724913593
2017,22.0,1.0,NH White,hs_or_less,middle (1.3-3.5x),2.79,360.0,3600.0,0.0,90.0,900.0,3.0,6.0,24.8,5.1,48.0,0.0,0.0,0.0,0.0,0,43055.68990389469
2017,43.0,0.0,Mexican American,college_plus,high (>3.5x),3.88,960.0,0.0,0.0,180.0,0.0,7.0,4.0,31.6,5.2,35.0,0.0,0.0,1.0,0.0,1,32945.31093216386
2017,50.0,1.0,NH Asian,hs_or_less,middle (1.3-3.5x),2.09,0.0,2400.0,120.0,0.0,600.0,0.0,1.0,23.0,5.8,100.0,0.0,1.0,0.0,0.0,0,11096.402921859386
2017,63.0,1.0,NH Asian,college_plus,middle (1.3-3.5x),3.39,0.0,0.0,0.0,0.0,0.0,0.0,2.0,23.0,7.1,48.0,1.0,1.0,0.0,0.0,0,9955.183977495646
2017,22.0,0.0,Mexican American,hs_or_less,middle (1.3-3.5x),1.37,7920.0,19680.0,0.0,1260.0,2820.0,7.0,5.0,19.4,5.3,61.0,0.0,0.0,0.0,0.0,1,40390.782186971664
2017,54.0,0.0,Mexican American,some_college,high (>3.5x),3.85,0.0,0.0,0.0,0.0,0.0,0.0,3.0,31.0,5.1,73.0,0.0,0.0,1.0,0.0,0,9576.927120120006
2017,41.0,1.0,Other Hispanic,hs_or_less,low (<1.3x poverty),0.62,0.0,0.0,600.0,0.0,0.0,0.0,1.0,28.3,5.2,43.0,0.0,0.0,0.0,0.0,0,4844.092540565546
2017,39.0,0.0,NH Asian,college_plus,high (>3.5x),4.81,3360.0,0.0,1440.0,540.0,0.0,7.0,4.0,24.2,5.4,38.0,0.0,0.0,0.0,0.0,1,9947.760588504187
2017,60.0,1.0,NH Black,hs_or_less,low (<1.3x poverty),0.31,600.0,4800.0,360.0,150.0,1200.0,5.0,5.0,45.4,11.1,41.0,1.0,1.0,1.0,0.0,1,11900.986761228434
2017,43.0,0.0,Other Hispanic,hs_or_less,middle (1.3-3.5x),2.04,0.0,1080.0,0.0,0.0,180.0,0.0,7.0,43.7,12.0,30.0,1.0,1.0,1.0,1.0,0,24051.475925926457
2017,20.0,0.0,NH White,hs_or_less,high (>3.5x),5.0,7200.0,0.0,0.0,900.0,0.0,5.0,6.0,35.3,4.6,35.0,0.0,0.0,1.0,0.0,1,115539.21442471114
2017,35.0,1.0,NH Asian,college_plus,middle (1.3-3.5x),3.03,480.0,0.0,0.0,120.0,0.0,2.0,8.0,33.3,5.2,68.0,0.0,0.0,1.0,0.0,0,10199.857433180516
2017,48.0,1.0,NH Asian,hs_or_less,high (>3.5x),3.82,600.0,0.0,0.0,150.0,0.0,6.0,8.0,32.8,5.3,50.0,0.0,0.0,1.0,0.0,1,11509.623392535032
2017,64.0,1.0,NH Asian,college_plus,middle (1.3-3.5x),1.79,0.0,0.0,0.0,0.0,0.0,0.0,12.0,26.0,5.6,106.0,0.0,0.0,0.0,0.0,0,2786.602576016181
2017,65.0,0.0,Other Hispanic,hs_or_less,low (<1.3x poverty),0.7,2400.0,2400.0,240.0,600.0,420.0,5.0,2.0,21.0,8.5,38.0,1.0,1.0,0.0,0.0,1,2833.3861880530853
2017,40.0,0.0,NH Asian,college_plus,middle (1.3-3.5x),3.47,0.0,0.0,0.0,0.0,0.0,0.0,15.0,23.4,5.3,51.0,0.0,0.0,0.0,0.0,0,5912.4835377885765
2017,22.0,1.0,NH White,some_college,middle (1.3-3.5x),1.73,1440.0,11520.0,720.0,240.0,2640.0,4.0,1.0,18.5,5.1,74.0,0.0,0.0,0.0,0.0,1,59122.95582920874
2017,54.0,1.0,NH Asian,hs_or_less,high (>3.5x),5.0,360.0,14400.0,0.0,90.0,2400.0,3.0,3.0,31.6,6.9,,1.0,1.0,1.0,1.0,0,8578.25825333822
2017,41.0,1.0,NH Black,some_college,middle (1.3-3.5x),3.28,0.0,0.0,0.0,0.0,0.0,0.0,15.0,28.6,5.5,66.0,0.0,0.0,0.0,0.0,0,6804.040595668543
2017,48.0,0.0,NH Asian,hs_or_less,middle (1.3-3.5x),1.79,0.0,0.0,0.0,0.0,0.0,0.0,1.0,23.7,5.5,50.0,0.0,0.0,0.0,0.0,0,13741.887402312523
2017,44.0,0.0,NH White,college_plus,high (>3.5x),5.0,2880.0,0.0,360.0,600.0,0.0,4.0,8.0,26.4,5.1,52.0,0.0,0.0,0.0,0.0,1,112517.26353012597
2017,60.0,0.0,NH Black,hs_or_less,low (<1.3x poverty),0.74,0.0,0.0,0.0,0.0,0.0,0.0,5.0,33.2,6.2,59.0,0.0,1.0,1.0,1.0,0,5964.3996539756845
2017,60.0,0.0,NH Asian,college_plus,high (>3.5x),5.0,0.0,0.0,0.0,0.0,0.0,0.0,5.0,28.8,4.9,44.0,0.0,0.0,0.0,0.0,0,4925.390397618249
2017,62.0,1.0,NH Asian,some_college,low (<1.3x poverty),1.11,0.0,0.0,0.0,0.0,0.0,0.0,4.0,44.6,5.6,67.0,0.0,0.0,1.0,0.0,0,11703.556770457226
2017,29.0,1.0,NH Asian,college_plus,middle (1.3-3.5x),2.38,440.0,0.0,0.0,85.0,0.0,4.0,8.0,19.2,5.1,96.0,0.0,0.0,0.0,0.0,0,11012.794981345165
2017,57.0,1.0,NH White,hs_or_less,middle (1.3-3.5x),2.65,600.0,720.0,0.0,150.0,90.0,5.0,4.0,37.3,7.5,56.0,1.0,1.0,1.0,1.0,1,168522.12347494034
2017,44.0,0.0,Other/Multi,some_college,low (<1.3x poverty),1.13,0.0,720.0,0.0,0.0,120.0,0.0,8.0,46.2,5.8,48.0,0.0,1.0,1.0,1.0,0,15801.804527343085
2017,37.0,0.0,Other Hispanic,college_plus,middle (1.3-3.5x),2.28,0.0,480.0,80.0,0.0,90.0,0.0,3.0,31.6,5.6,35.0,0.0,0.0,1.0,0.0,0,37430.64640766809
2017,25.0,0.0,NH White,hs_or_less,high (>3.5x),4.68,480.0,11760.0,0.0,60.0,2220.0,1.0,1.0,34.4,5.1,42.0,0.0,0.0,1.0,0.0,0,73713.35300214968
2017,24.0,0.0,Mexican American,hs_or_less,middle (1.3-3.5x),1.7,360.0,8640.0,120.0,45.0,1080.0,3.0,7.0,29.7,5.7,57.0,0.0,1.0,0.0,1.0,0,20837.1931764889
2017,57.0,1.0,NH Black,college_plus,high (>3.5x),5.0,0.0,960.0,0.0,0.0,240.0,0.0,6.0,34.6,5.7,52.0,0.0,1.0,1.0,0.0,0,14503.1880343944
2017,65.0,0.0,NH White,hs_or_less,middle (1.3-3.5x),1.69,0.0,4800.0,0.0,0.0,1200.0,0.0,5.0,43.6,8.4,45.0,1.0,1.0,1.0,0.0,0,15318.216789651151
2017,58.0,0.0,NH Black,some_college,middle (1.3-3.5x),2.24,0.0,0.0,480.0,0.0,0.0,0.0,2.0,27.5,5.0,89.0,0.0,0.0,0.0,0.0,0,9397.121493255418
2017,36.0,0.0,Mexican American,hs_or_less,low (<1.3x poverty),0.87,0.0,0.0,0.0,0.0,0.0,0.0,2.0,30.9,5.7,41.0,0.0,1.0,1.0,0.0,0,20888.867960233274
2017,44.0,0.0,Other Hispanic,hs_or_less,middle (1.3-3.5x),1.4,0.0,2880.0,0.0,0.0,600.0,0.0,8.0,31.7,5.0,35.0,0.0,0.0,1.0,1.0,0,54992.69289752642
2017,25.0,0.0,NH Asian,college_plus,middle (1.3-3.5x),1.32,1600.0,0.0,0.0,200.0,0.0,5.0,11.0,25.3,5.1,59.0,0.0,0.0,0.0,0.0,1,9778.528130386003
2017,52.0,1.0,Mexican American,some_college,middle (1.3-3.5x),2.47,0.0,0.0,0.0,0.0,0.0,0.0,2.0,34.5,5.4,53.0,0.0,0.0,1.0,1.0,0,17381.95128421331
2017,30.0,1.0,Other/Multi,some_college,middle (1.3-3.5x),3.18,0.0,21600.0,0.0,0.0,3600.0,0.0,4.0,21.7,5.1,71.0,0.0,0.0,0.0,0.0,0,11810.966207138077
2017,33.0,0.0,NH White,some_college,middle (1.3-3.5x),2.24,0.0,0.0,0.0,0.0,0.0,0.0,6.0,50.0,5.9,61.0,0.0,1.0,1.0,0.0,0,19367.248002848402
2017,24.0,1.0,NH White,hs_or_less,middle (1.3-3.5x),2.55,2880.0,3600.0,0.0,720.0,900.0,6.0,2.0,28.8,5.4,41.0,0.0,0.0,0.0,0.0,1,5983.216428958553
2017,63.0,0.0,NH Black,hs_or_less,low (<1.3x poverty),0.15,0.0,1920.0,0.0,0.0,300.0,0.0,2.0,28.6,5.9,37.0,0.0,1.0,0.0,1.0,0,4307.651807474456
2017,32.0,1.0,NH White,some_college,low (<1.3x poverty),1.0,480.0,240.0,480.0,120.0,60.0,4.0,6.0,19.0,4.8,79.0,0.0,0.0,0.0,0.0,0,46305.113121690214
2017,48.0,1.0,NH Asian,hs_or_less,middle (1.3-3.5x),2.45,0.0,7200.0,0.0,0.0,1800.0,0.0,4.0,26.4,5.4,52.0,0.0,0.0,0.0,0.0,0,7953.315805146082
2017,39.0,1.0,NH Black,hs_or_less,high (>3.5x),4.12,0.0,3600.0,0.0,0.0,900.0,0.0,4.0,49.3,5.8,54.0,0.0,1.0,1.0,0.0,0,19852.86501623767
2017,25.0,0.0,NH Black,some_college,middle (1.3-3.5x),3.23,5760.0,2880.0,480.0,1080.0,720.0,7.0,4.0,25.1,5.2,49.0,0.0,0.0,0.0,0.0,1,19959.947733877412
2017,39.0,1.0,NH Black,hs_or_less,low (<1.3x poverty),0.81,0.0,0.0,0.0,0.0,0.0,0.0,3.0,30.3,6.1,48.0,0.0,1.0,1.0,1.0,0,14736.400051005407
2017,62.0,1.0,Other Hispanic,some_college,middle (1.3-3.5x),3.09,0.0,0.0,0.0,0.0,0.0,0.0,7.0,34.5,10.0,44.0,1.0,1.0,1.0,1.0,0,8050.708348489781
2017,57.0,0.0,NH White,some_college,middle (1.3-3.5x),3.43,1440.0,23040.0,0.0,360.0,3240.0,2.0,3.0,25.5,5.9,47.0,0.0,1.0,0.0,0.0,1,118815.06979180715
2017,39.0,1.0,NH White,hs_or_less,low (<1.3x poverty),0.78,0.0,0.0,0.0,0.0,0.0,0.0,2.0,31.1,4.7,50.0,1.0,1.0,1.0,1.0,0,27357.982402015845
2017,32.0,0.0,NH Black,hs_or_less,low (<1.3x poverty),0.12,0.0,0.0,1440.0,0.0,0.0,0.0,5.0,41.0,6.3,42.0,0.0,1.0,1.0,0.0,0,10557.569181298708
2017,37.0,0.0,Other Hispanic,some_college,low (<1.3x poverty),1.22,0.0,12960.0,0.0,0.0,2520.0,0.0,2.0,23.1,5.5,42.0,0.0,0.0,0.0,0.0,0,27827.903535627258
2017,28.0,1.0,NH White,hs_or_less,middle (1.3-3.5x),1.96,0.0,7200.0,0.0,0.0,1800.0,0.0,8.0,33.4,5.1,34.0,0.0,0.0,1.0,1.0,0,44403.95893266868
2017,49.0,1.0,NH Asian,college_plus,middle (1.3-3.5x),1.94,360.0,0.0,0.0,90.0,0.0,3.0,8.0,37.3,5.5,34.0,0.0,0.0,1.0,0.0,0,8189.919721265726
2017,60.0,0.0,Other Hispanic,some_college,middle (1.3-3.5x),2.07,0.0,0.0,0.0,0.0,0.0,0.0,2.0,42.0,12.8,45.0,1.0,1.0,1.0,1.0,0,6275.909307218847
2017,25.0,1.0,Other/Multi,some_college,middle (1.3-3.5x),2.2,0.0,2000.0,0.0,0.0,400.0,0.0,5.0,52.5,6.9,30.0,1.0,1.0,1.0,0.0,0,12946.177282978593
2017,47.0,0.0,NH White,some_college,middle (1.3-3.5x),2.55,640.0,4800.0,0.0,80.0,840.0,4.0,10.0,55.3,7.6,42.0,1.0,1.0,1.0,0.0,1,6592.782318522615
2017,46.0,0.0,NH Black,hs_or_less,low (<1.3x poverty),1.06,0.0,9600.0,1200.0,0.0,2400.0,0.0,0.5,36.2,9.2,43.0,1.0,1.0,1.0,0.0,0,18875.76757435933
2017,26.0,1.0,NH Asian,some_college,middle (1.3-3.5x),2.43,0.0,0.0,8400.0,0.0,0.0,0.0,4.0,27.3,5.2,52.0,0.0,0.0,0.0,0.0,0,8918.947489596196
2017,32.0,0.0,Mexican American,hs_or_less,middle (1.3-3.5x),2.39,0.0,34560.0,0.0,0.0,5760.0,0.0,2.0,30.2,5.4,55.0,0.0,0.0,1.0,0.0,0,23342.134016286458
2017,53.0,0.0,NH White,hs_or_less,middle (1.3-3.5x),2.47,0.0,11520.0,0.0,0.0,2640.0,0.0,4.0,24.6,5.3,44.0,0.0,0.0,0.0,0.0,0,7900.145320358102
2017,28.0,1.0,Other Hispanic,hs_or_less,low (<1.3x poverty),0.73,0.0,0.0,0.0,0.0,0.0,0.0,2.0,31.8,5.3,51.0,0.0,0.0,1.0,0.0,0,13206.125601679581
2017,41.0,0.0,NH White,hs_or_less,middle (1.3-3.5x),3.06,0.0,0.0,0.0,0.0,0.0,0.0,8.0,34.0,5.8,27.0,0.0,1.0,1.0,1.0,0,70224.31198924671
2017,20.0,1.0,NH White,some_college,middle (1.3-3.5x),1.77,480.0,4800.0,0.0,120.0,1200.0,2.0,1.0,31.0,5.0,44.0,0.0,0.0,1.0,0.0,0,38309.8472857009
2017,46.0,1.0,NH White,college_plus,high (>3.5x),4.81,0.0,0.0,0.0,0.0,0.0,0.0,8.0,25.0,5.6,67.0,0.0,0.0,0.0,0.0,0,153187.79053803187
2017,52.0,1.0,NH Black,hs_or_less,low (<1.3x poverty),1.09,0.0,0.0,0.0,0.0,0.0,0.0,5.0,50.4,6.8,34.0,1.0,1.0,1.0,1.0,0,16319.330406304829
2017,61.0,1.0,NH Black,college_plus,high (>3.5x),5.0,720.0,0.0,0.0,90.0,0.0,2.0,5.0,28.6,5.4,58.0,0.0,0.0,0.0,0.0,1,3675.011925892268
2017,37.0,1.0,Other/Multi,college_plus,high (>3.5x),5.0,1600.0,2880.0,0.0,250.0,720.0,7.0,3.0,38.7,5.4,59.0,0.0,0.0,1.0,0.0,1,36897.270856345494
2017,26.0,1.0,Mexican American,hs_or_less,middle (1.3-3.5x),2.72,0.0,0.0,0.0,0.0,0.0,0.0,3.0,18.7,5.0,76.0,0.0,0.0,0.0,0.0,0,23662.639090176508
2017,58.0,1.0,NH Black,hs_or_less,high (>3.5x),3.92,0.0,0.0,0.0,0.0,0.0,0.0,5.0,17.1,5.7,,0.0,1.0,0.0,0.0,0,13852.686797992379
2017,37.0,1.0,NH Black,some_college,low (<1.3x poverty),0.91,600.0,0.0,0.0,90.0,0.0,2.0,6.0,22.6,5.6,85.0,0.0,0.0,0.0,0.0,1,14317.099388852766
2017,64.0,1.0,NH White,hs_or_less,low (<1.3x poverty),0.91,0.0,0.0,0.0,0.0,0.0,0.0,6.0,33.0,5.3,46.0,0.0,0.0,1.0,0.0,0,15530.428438436917
2017,31.0,1.0,Other/Multi,hs_or_less,middle (1.3-3.5x),1.7,0.0,240.0,0.0,0.0,60.0,0.0,5.0,33.1,6.0,47.0,0.0,1.0,1.0,0.0,0,12095.401477310825
2017,29.0,0.0,NH Black,some_college,low (<1.3x poverty),1.05,2520.0,0.0,0.0,495.0,0.0,7.0,8.0,30.2,5.3,62.0,0.0,0.0,1.0,0.0,1,9073.438245368197
2017,64.0,1.0,NH White,hs_or_less,low (<1.3x poverty),1.17,360.0,0.0,0.0,45.0,0.0,3.0,2.0,24.0,5.5,72.0,0.0,0.0,0.0,0.0,0,16630.11112578786
2017,63.0,0.0,Mexican American,hs_or_less,middle (1.3-3.5x),2.19,0.0,0.0,0.0,0.0,0.0,0.0,3.0,27.7,6.2,50.0,0.0,1.0,0.0,0.0,0,4060.8105389193747
2017,45.0,0.0,Other/Multi,hs_or_less,low (<1.3x poverty),0.4,0.0,25920.0,0.0,0.0,3240.0,0.0,2.0,28.9,6.1,48.0,0.0,1.0,0.0,0.0,0,15149.601978726714
2017,62.0,0.0,NH Black,hs_or_less,middle (1.3-3.5x),2.65,0.0,3600.0,0.0,0.0,600.0,0.0,2.0,22.4,5.1,67.0,0.0,0.0,0.0,0.0,0,7123.551214291519
2017,60.0,1.0,NH Black,some_college,middle (1.3-3.5x),1.32,720.0,0.0,0.0,180.0,0.0,3.0,10.0,35.5,6.6,43.0,1.0,1.0,1.0,0.0,1,4188.700383818727
2017,41.0,1.0,NH Asian,some_college,high (>3.5x),4.08,1440.0,18000.0,0.0,360.0,3000.0,3.0,6.0,35.3,6.0,55.0,0.0,1.0,1.0,0.0,1,16139.415789265695
2017,52.0,1.0,NH Black,hs_or_less,middle (1.3-3.5x),2.16,0.0,21600.0,0.0,0.0,3000.0,0.0,8.0,19.2,5.3,84.0,0.0,0.0,0.0,1.0,0,26065.492459859375
2017,34.0,0.0,NH Black,hs_or_less,low (<1.3x poverty),1.26,0.0,0.0,0.0,0.0,0.0,0.0,4.0,45.4,5.3,40.0,0.0,0.0,1.0,0.0,0,11757.557542936196
2017,34.0,1.0,NH Black,college_plus,high (>3.5x),4.86,720.0,7200.0,0.0,90.0,1800.0,3.0,4.0,30.8,5.6,60.0,0.0,0.0,1.0,0.0,1,24645.393052847478
2017,53.0,1.0,NH White,college_plus,high (>3.5x),4.78,2400.0,3840.0,0.0,300.0,960.0,5.0,8.0,26.3,5.6,63.0,0.0,0.0,0.0,0.0,1,7867.185197025264
2017,49.0,1.0,NH White,hs_or_less,high (>3.5x),5.0,0.0,360.0,0.0,0.0,45.0,0.0,4.0,32.6,5.6,50.0,0.0,0.0,1.0,0.0,0,101771.59842307381
2017,43.0,1.0,Mexican American,hs_or_less,low (<1.3x poverty),1.22,0.0,0.0,240.0,0.0,0.0,0.0,3.0,25.3,7.9,60.0,1.0,1.0,0.0,1.0,0,6536.944784559629
2017,59.0,0.0,NH White,college_plus,high (>3.5x),3.67,120.0,1920.0,0.0,30.0,480.0,1.0,5.0,29.6,5.8,45.0,0.0,1.0,0.0,0.0,0,189872.2238473648
2017,65.0,1.0,NH Black,college_plus,middle (1.3-3.5x),2.46,0.0,0.0,1000.0,0.0,0.0,0.0,4.0,26.5,5.8,48.0,0.0,1.0,0.0,0.0,0,11389.337752643522
2017,34.0,0.0,NH Asian,hs_or_less,low (<1.3x poverty),1.02,0.0,4800.0,0.0,0.0,1200.0,0.0,8.0,60.6,5.0,41.0,0.0,0.0,1.0,1.0,0,13161.981938189707
2017,58.0,0.0,NH Black,some_college,middle (1.3-3.5x),1.64,0.0,0.0,0.0,0.0,0.0,0.0,12.0,21.5,5.8,,0.0,1.0,0.0,0.0,0,11166.73064958977
2017,22.0,0.0,NH Black,some_college,middle (1.3-3.5x),3.4,960.0,0.0,40.0,120.0,0.0,1.0,5.0,26.1,5.1,49.0,0.0,0.0,0.0,0.0,1,22544.042663995828
2017,34.0,1.0,Mexican American,some_college,middle (1.3-3.5x),1.52,0.0,1320.0,0.0,0.0,240.0,0.0,2.0,29.6,5.7,47.0,0.0,1.0,0.0,1.0,0,20571.21303676012
2017,36.0,1.0,Mexican American,some_college,low (<1.3x poverty),0.8,0.0,0.0,0.0,0.0,0.0,0.0,4.0,30.2,5.0,43.0,0.0,0.0,1.0,0.0,0,12761.933368888149
2017,55.0,1.0,NH White,some_college,low (<1.3x poverty),0.09,360.0,34560.0,0.0,90.0,5760.0,3.0,4.0,30.4,5.5,54.0,0.0,0.0,1.0,0.0,0,78718.10915098219
2017,35.0,1.0,NH Black,some_college,middle (1.3-3.5x),1.71,0.0,28800.0,2880.0,0.0,3960.0,0.0,2.0,34.7,5.5,48.0,0.0,0.0,1.0,0.0,0,7938.904267101313
2017,41.0,0.0,Mexican American,hs_or_less,high (>3.5x),5.0,6720.0,5760.0,0.0,1680.0,1440.0,4.0,3.0,36.8,5.3,29.0,0.0,0.0,1.0,1.0,1,32929.70053862337
2017,24.0,1.0,NH White,some_college,middle (1.3-3.5x),2.13,0.0,28800.0,0.0,0.0,4800.0,0.0,8.0,35.8,5.9,36.0,0.0,1.0,1.0,0.0,0,32591.04057983357
2017,45.0,1.0,Other Hispanic,hs_or_less,low (<1.3x poverty),0.1,120.0,5520.0,720.0,30.0,840.0,2.0,0.75,33.3,5.1,52.0,0.0,0.0,1.0,1.0,0,26317.031220728903
2017,27.0,1.0,NH White,some_college,high (>3.5x),4.04,960.0,9600.0,0.0,120.0,2400.0,1.0,10.0,25.2,4.7,56.0,0.0,0.0,0.0,0.0,1,31513.775527194135
2017,48.0,0.0,NH White,hs_or_less,low (<1.3x poverty),1.15,0.0,0.0,0.0,0.0,0.0,0.0,15.0,33.7,8.9,23.0,1.0,1.0,1.0,1.0,0,9614.843238686011
2017,33.0,1.0,Mexican American,hs_or_less,low (<1.3x poverty),0.58,0.0,0.0,0.0,0.0,0.0,0.0,2.0,37.1,5.3,50.0,0.0,0.0,1.0,0.0,0,16628.897591251065
2017,30.0,1.0,NH White,college_plus,high (>3.5x),5.0,960.0,400.0,0.0,165.0,100.0,6.0,10.0,19.6,4.8,67.0,0.0,0.0,0.0,0.0,1,56489.55678703411
2017,52.0,0.0,NH Black,hs_or_less,low (<1.3x poverty),0.62,0.0,0.0,480.0,0.0,0.0,0.0,1.0,27.8,6.3,41.0,0.0,1.0,0.0,0.0,0,14942.718970866992
2017,33.0,0.0,NH White,college_plus,middle (1.3-3.5x),2.85,0.0,1920.0,0.0,0.0,360.0,0.0,5.0,30.4,5.5,35.0,0.0,0.0,1.0,0.0,0,47033.530064952094
2017,65.0,1.0,Other Hispanic,hs_or_less,low (<1.3x poverty),0.23,720.0,12960.0,720.0,180.0,3240.0,2.0,1.5,34.1,5.7,45.0,0.0,1.0,1.0,1.0,1,10140.042352047365
2017,28.0,0.0,NH Asian,college_plus,low (<1.3x poverty),1.24,2720.0,0.0,0.0,380.0,0.0,7.0,7.0,21.7,5.0,43.0,0.0,0.0,0.0,0.0,1,7842.518810810665
2017,45.0,0.0,NH White,college_plus,middle (1.3-3.5x),3.1,2080.0,0.0,0.0,340.0,0.0,7.0,13.0,24.1,5.3,53.0,0.0,0.0,0.0,0.0,1,29429.007704526284
2017,57.0,1.0,NH White,some_college,high (>3.5x),5.0,0.0,0.0,0.0,0.0,0.0,0.0,3.0,25.7,9.5,73.0,1.0,1.0,0.0,0.0,0,6360.471958721439
2017,38.0,0.0,NH White,some_college,high (>3.5x),4.25,0.0,6240.0,180.0,0.0,1380.0,0.0,5.0,29.8,5.1,59.0,0.0,0.0,0.0,0.0,0,47555.71552863187
2017,62.0,0.0,Mexican American,some_college,low (<1.3x poverty),0.7,0.0,0.0,0.0,0.0,0.0,0.0,3.0,37.9,6.7,38.0,1.0,1.0,1.0,1.0,0,4599.8383750273515
2017,49.0,0.0,NH White,some_college,high (>3.5x),4.94,1680.0,400.0,0.0,240.0,100.0,4.0,12.0,32.7,5.4,42.0,0.0,0.0,1.0,0.0,1,98852.46420889311
2017,38.0,0.0,NH Asian,college_plus,high (>3.5x),4.62,0.0,3600.0,480.0,0.0,900.0,0.0,3.0,25.7,6.0,46.0,0.0,1.0,0.0,0.0,0,9279.561827278654
2017,22.0,0.0,NH Black,hs_or_less,low (<1.3x poverty),1.2,0.0,11520.0,2400.0,0.0,2880.0,0.0,2.0,22.2,5.6,52.0,0.0,0.0,0.0,1.0,0,16181.232895650825
2017,59.0,0.0,Other Hispanic,some_college,middle (1.3-3.5x),1.72,0.0,0.0,0.0,0.0,0.0,0.0,10.0,37.4,7.5,41.0,1.0,1.0,1.0,0.0,0,25568.66899448671
2017,21.0,1.0,NH Black,hs_or_less,middle (1.3-3.5x),2.37,600.0,9600.0,0.0,150.0,2400.0,5.0,13.0,25.9,5.4,69.0,0.0,0.0,0.0,0.0,1,33335.949346815105
2017,55.0,1.0,NH Asian,college_plus,high (>3.5x),5.0,0.0,0.0,360.0,0.0,0.0,0.0,10.0,31.8,5.4,43.0,0.0,0.0,1.0,0.0,0,6285.527731469242
2017,62.0,1.0,NH White,hs_or_less,middle (1.3-3.5x),2.04,0.0,1380.0,0.0,0.0,285.0,0.0,0.75,36.1,7.7,50.0,1.0,1.0,1.0,1.0,0,16902.422480007925
2017,24.0,0.0,NH White,hs_or_less,low (<1.3x poverty),1.2,0.0,300.0,1200.0,0.0,75.0,0.0,7.0,18.9,4.7,39.0,0.0,0.0,0.0,0.0,0,28749.32809199937
2017,57.0,1.0,NH White,hs_or_less,low (<1.3x poverty),1.27,1440.0,4320.0,0.0,360.0,1080.0,6.0,12.0,41.0,5.8,35.0,0.0,1.0,1.0,1.0,1,23965.87370707923
2017,40.0,1.0,Mexican American,some_college,high (>3.5x),5.0,0.0,0.0,0.0,0.0,0.0,0.0,10.0,32.7,5.1,79.0,0.0,0.0,1.0,0.0,0,14866.72304941925
2017,41.0,0.0,NH Asian,college_plus,high (>3.5x),4.55,360.0,0.0,1200.0,90.0,0.0,3.0,10.0,21.7,5.7,61.0,0.0,1.0,0.0,0.0,0,4907.286087569007
2017,38.0,1.0,NH Black,some_college,low (<1.3x poverty),1.14,0.0,240.0,0.0,0.0,60.0,0.0,8.0,31.5,6.0,36.0,0.0,1.0,1.0,1.0,0,8934.267740572064
2017,60.0,0.0,NH Black,hs_or_less,low (<1.3x poverty),0.81,0.0,0.0,960.0,0.0,0.0,0.0,3.0,29.1,6.2,33.0,0.0,1.0,0.0,0.0,0,3923.7256983839993
2017,29.0,1.0,NH White,college_plus,high (>3.5x),5.0,240.0,480.0,0.0,60.0,60.0,1.0,10.0,35.7,5.5,53.0,0.0,0.0,1.0,0.0,0,72314.85696909281
2017,63.0,0.0,Mexican American,some_college,high (>3.5x),4.31,160.0,10560.0,0.0,40.0,1680.0,2.0,4.0,31.2,5.7,54.0,0.0,1.0,1.0,0.0,0,8485.602666029497
2017,60.0,0.0,NH White,hs_or_less,middle (1.3-3.5x),1.47,960.0,0.0,0.0,240.0,0.0,2.0,3.0,43.0,5.4,36.0,0.0,0.0,1.0,0.0,1,21343.389904730644
2017,38.0,1.0,NH White,hs_or_less,low (<1.3x poverty),1.02,0.0,1920.0,0.0,0.0,480.0,0.0,5.0,29.2,6.0,50.0,0.0,1.0,0.0,0.0,0,21851.58883002769
2017,47.0,1.0,NH Black,some_college,middle (1.3-3.5x),2.02,0.0,0.0,0.0,0.0,0.0,0.0,3.0,38.5,5.4,46.0,0.0,0.0,1.0,0.0,0,7653.86404350954
2017,33.0,1.0,NH White,hs_or_less,middle (1.3-3.5x),3.48,360.0,0.0,240.0,90.0,0.0,3.0,3.0,25.6,5.0,53.0,0.0,0.0,0.0,0.0,0,75723.77584809496
2017,61.0,0.0,NH White,college_plus,high (>3.5x),5.0,120.0,0.0,0.0,30.0,0.0,1.0,9.0,31.7,5.3,49.0,0.0,0.0,1.0,0.0,0,110071.75574957264
2017,22.0,0.0,Other Hispanic,some_college,low (<1.3x poverty),0.41,0.0,12960.0,0.0,0.0,2160.0,0.0,3.0,30.9,5.0,34.0,0.0,0.0,1.0,1.0,0,12861.932194378465
2017,59.0,0.0,NH White,hs_or_less,low (<1.3x poverty),1.25,0.0,0.0,600.0,0.0,0.0,0.0,6.0,36.6,5.3,106.0,0.0,0.0,1.0,0.0,0,12496.546449463942
2017,43.0,1.0,NH White,some_college,middle (1.3-3.5x),2.06,8400.0,0.0,0.0,1500.0,0.0,7.0,6.0,22.2,5.2,48.0,0.0,0.0,0.0,0.0,1,16600.988194749527
2017,23.0,1.0,NH White,college_plus,middle (1.3-3.5x),3.34,760.0,480.0,480.0,110.0,120.0,3.0,3.0,18.4,5.4,60.0,0.0,0.0,0.0,0.0,1,52184.06092336135
2017,62.0,1.0,Other/Multi,college_plus,high (>3.5x),5.0,0.0,0.0,0.0,0.0,0.0,0.0,7.0,36.5,5.8,89.0,0.0,1.0,1.0,0.0,0,11986.390372880553
2017,43.0,1.0,NH Asian,college_plus,high (>3.5x),3.73,1200.0,28800.0,0.0,300.0,4800.0,5.0,5.0,27.1,5.5,64.0,0.0,0.0,0.0,0.0,1,10206.75395378079
2017,41.0,0.0,NH White,some_college,high (>3.5x),5.0,0.0,4800.0,1440.0,0.0,1200.0,0.0,6.0,30.9,5.7,46.0,0.0,1.0,1.0,0.0,0,45922.79812498848
2017,64.0,1.0,NH White,some_college,middle (1.3-3.5x),2.17,720.0,9360.0,0.0,180.0,1620.0,3.0,4.0,41.4,6.7,40.0,1.0,1.0,1.0,0.0,1,17347.054118031192
2017,56.0,1.0,Mexican American,hs_or_less,middle (1.3-3.5x),2.27,0.0,4800.0,0.0,0.0,1200.0,0.0,0.3333333333333333,31.8,5.5,47.0,0.0,0.0,1.0,0.0,0,9215.78160684623
2017,22.0,0.0,NH Black,college_plus,low (<1.3x poverty),0.61,7200.0,9600.0,0.0,1080.0,1200.0,6.0,9.0,33.9,4.7,38.0,0.0,0.0,1.0,1.0,1,9512.128982500815
2017,30.0,0.0,Other Hispanic,hs_or_less,middle (1.3-3.5x),1.7,960.0,20400.0,0.0,120.0,3300.0,1.0,8.0,44.6,5.3,29.0,0.0,0.0,1.0,1.0,1,34528.36261990827
2017,46.0,1.0,NH White,college_plus,high (>3.5x),5.0,720.0,13680.0,0.0,90.0,1800.0,3.0,2.0,29.4,8.1,60.0,1.0,1.0,0.0,0.0,1,60881.383047059426
2017,37.0,0.0,NH Black,hs_or_less,middle (1.3-3.5x),2.31,0.0,10800.0,0.0,0.0,2700.0,0.0,9.0,33.3,5.8,51.0,0.0,1.0,1.0,1.0,0,11133.497107243285
2017,44.0,1.0,NH Black,some_college,middle (1.3-3.5x),2.03,0.0,0.0,0.0,0.0,0.0,0.0,4.0,26.6,5.0,42.0,0.0,0.0,0.0,0.0,0,12327.441280592291
2017,51.0,0.0,NH Asian,college_plus,high (>3.5x),3.88,400.0,0.0,160.0,80.0,0.0,2.0,8.0,25.6,7.2,41.0,1.0,1.0,0.0,0.0,0,6797.971965100198
2017,46.0,1.0,NH Asian,college_plus,middle (1.3-3.5x),2.49,0.0,0.0,0.0,0.0,0.0,0.0,2.0,21.9,5.6,41.0,0.0,0.0,0.0,0.0,0,4608.450326804728
2017,43.0,0.0,NH Black,some_college,low (<1.3x poverty),1.14,0.0,0.0,0.0,0.0,0.0,0.0,6.0,27.2,7.7,41.0,1.0,1.0,0.0,0.0,0,23268.200492645312
2017,51.0,1.0,NH Black,some_college,low (<1.3x poverty),5.397605346934028e-79,480.0,720.0,480.0,120.0,180.0,6.0,5.0,24.5,6.0,57.0,0.0,1.0,0.0,1.0,0,6414.752677578907
2017,65.0,1.0,NH White,hs_or_less,high (>3.5x),5.0,0.0,0.0,0.0,0.0,0.0,0.0,8.0,35.0,6.6,44.0,1.0,1.0,1.0,0.0,0,36089.32162850864
2017,24.0,0.0,NH Asian,some_college,middle (1.3-3.5x),2.41,1440.0,480.0,0.0,240.0,120.0,2.0,8.0,27.6,5.8,41.0,0.0,1.0,0.0,0.0,1,6184.399914674608
2017,43.0,0.0,NH Black,hs_or_less,high (>3.5x),4.85,480.0,0.0,0.0,60.0,0.0,1.0,8.0,35.7,5.2,56.0,1.0,1.0,1.0,0.0,0,26979.043068388408
2017,43.0,1.0,NH Black,some_college,middle (1.3-3.5x),3.4,0.0,9600.0,0.0,0.0,1800.0,0.0,4.0,41.5,5.9,28.0,0.0,1.0,1.0,1.0,0,10372.183698513092
2017,32.0,0.0,Mexican American,college_plus,high (>3.5x),5.0,1800.0,0.0,720.0,270.0,0.0,6.0,7.0,30.8,5.1,51.0,0.0,0.0,1.0,1.0,1,45281.49891480014
2017,26.0,1.0,NH Black,some_college,low (<1.3x poverty),1.22,960.0,0.0,0.0,120.0,0.0,2.0,17.0,32.0,5.0,48.0,0.0,0.0,1.0,0.0,1,16023.478909333675
2017,28.0,1.0,NH Asian,some_college,middle (1.3-3.5x),1.5,0.0,0.0,0.0,0.0,0.0,0.0,6.0,23.6,5.5,46.0,0.0,0.0,0.0,0.0,0,7215.6840958696375
2017,55.0,0.0,NH Asian,college_plus,middle (1.3-3.5x),3.08,4800.0,0.0,0.0,600.0,0.0,5.0,5.0,26.6,5.7,44.0,0.0,1.0,0.0,0.0,1,4747.103492555684
2017,53.0,1.0,NH Asian,some_college,high (>3.5x),5.0,0.0,240.0,0.0,0.0,30.0,0.0,3.5,21.5,5.6,72.0,0.0,0.0,0.0,0.0,0,10516.262182177225
2017,40.0,0.0,Mexican American,some_college,middle (1.3-3.5x),1.91,0.0,18000.0,0.0,0.0,2700.0,0.0,5.0,32.9,5.1,42.0,0.0,0.0,1.0,0.0,0,19635.856443302688
2017,27.0,1.0,Mexican American,some_college,high (>3.5x),5.0,4320.0,0.0,0.0,720.0,0.0,7.0,10.0,21.0,5.3,81.0,0.0,0.0,0.0,0.0,1,15775.353034837954
2017,45.0,0.0,NH Black,college_plus,high (>3.5x),4.32,1440.0,0.0,0.0,180.0,0.0,3.0,7.0,30.9,5.1,36.0,0.0,0.0,1.0,0.0,1,18785.043036156803
2017,22.0,0.0,Other Hispanic,hs_or_less,middle (1.3-3.5x),3.29,2700.0,0.0,0.0,405.0,0.0,6.0,10.0,31.2,5.5,66.0,0.0,0.0,1.0,0.0,1,18872.347090243
2017,55.0,0.0,Other Hispanic,hs_or_less,middle (1.3-3.5x),1.82,120.0,0.0,0.0,30.0,0.0,1.0,2.0,29.4,5.3,41.0,0.0,0.0,0.0,0.0,0,9249.884134726535
2017,41.0,1.0,NH Black,some_college,middle (1.3-3.5x),1.46,0.0,0.0,0.0,0.0,0.0,0.0,8.0,32.4,6.1,44.0,0.0,1.0,1.0,0.0,0,6683.949812042363
2017,46.0,0.0,NH Asian,college_plus,high (>3.5x),4.58,360.0,0.0,1200.0,60.0,0.0,2.0,7.0,27.6,5.7,45.0,0.0,1.0,0.0,0.0,0,7474.613329155338
2017,62.0,1.0,NH Asian,college_plus,middle (1.3-3.5x),2.39,0.0,0.0,0.0,0.0,0.0,0.0,2.0,26.7,5.3,55.0,0.0,0.0,0.0,0.0,0,4182.934083321875
2017,64.0,1.0,NH White,hs_or_less,middle (1.3-3.5x),2.65,0.0,0.0,0.0,0.0,0.0,0.0,3.0,20.3,5.1,54.0,0.0,0.0,0.0,0.0,0,14479.834542382574
2017,62.0,1.0,NH White,some_college,high (>3.5x),5.0,0.0,180.0,0.0,0.0,45.0,0.0,10.0,36.1,6.0,66.0,1.0,1.0,1.0,0.0,0,33253.92053378314
2017,59.0,1.0,NH White,hs_or_less,low (<1.3x poverty),0.74,120.0,0.0,0.0,30.0,0.0,3.0,12.0,32.2,5.9,58.0,0.0,1.0,1.0,1.0,0,37670.10331342323
2017,32.0,1.0,Other Hispanic,some_college,middle (1.3-3.5x),2.65,1440.0,0.0,0.0,240.0,0.0,7.0,8.0,29.0,5.0,41.0,0.0,0.0,0.0,0.0,1,16160.36796701754
2017,46.0,0.0,NH White,hs_or_less,middle (1.3-3.5x),1.75,0.0,480.0,200.0,0.0,60.0,0.0,4.0,21.2,5.4,54.0,0.0,0.0,0.0,0.0,0,19886.069800328336
2017,33.0,0.0,Mexican American,hs_or_less,low (<1.3x poverty),0.49,600.0,28800.0,3600.0,150.0,4800.0,5.0,4.0,35.8,5.2,37.0,0.0,0.0,1.0,1.0,1,16315.558408994653
2017,35.0,1.0,Other Hispanic,some_college,middle (1.3-3.5x),1.57,0.0,720.0,480.0,0.0,90.0,0.0,0.08333333333333333,46.8,5.1,46.0,0.0,0.0,1.0,1.0,0,19257.720211129053
2017,44.0,1.0,NH White,hs_or_less,low (<1.3x poverty),0.78,180.0,360.0,0.0,45.0,90.0,3.0,6.0,38.8,5.5,76.0,0.0,0.0,1.0,1.0,0,28553.606880369698
2017,33.0,1.0,NH Black,some_college,low (<1.3x poverty),1.26,0.0,0.0,0.0,0.0,0.0,0.0,4.0,37.2,5.0,60.0,0.0,0.0,1.0,0.0,0,6334.46480925314
2017,56.0,1.0,NH Black,hs_or_less,middle (1.3-3.5x),1.79,0.0,4800.0,0.0,0.0,1200.0,0.0,2.0,37.6,6.0,54.0,0.0,1.0,1.0,0.0,0,9069.927011859785
2017,53.0,1.0,NH Asian,college_plus,high (>3.5x),5.0,1440.0,0.0,0.0,240.0,0.0,7.0,8.0,19.6,5.1,83.0,0.0,0.0,0.0,0.0,1,10307.315396415252
2017,51.0,0.0,Other Hispanic,some_college,low (<1.3x poverty),0.83,0.0,0.0,0.0,0.0,0.0,0.0,3.0,32.9,7.3,39.0,1.0,1.0,1.0,0.0,0,11628.954062750288
2017,55.0,0.0,NH White,hs_or_less,high (>3.5x),5.0,480.0,1680.0,0.0,120.0,360.0,1.0,9.0,31.9,5.6,52.0,0.0,0.0,1.0,0.0,0,72351.91283206394
2017,59.0,0.0,Other Hispanic,some_college,high (>3.5x),4.31,0.0,1920.0,0.0,0.0,360.0,0.0,10.0,36.9,5.4,43.0,0.0,0.0,1.0,1.0,0,15931.066900810714
2017,48.0,1.0,Other/Multi,some_college,high (>3.5x),4.08,160.0,0.0,120.0,40.0,0.0,2.0,11.0,32.3,5.4,53.0,0.0,0.0,1.0,0.0,0,4207.358737802654
2017,59.0,0.0,NH Black,hs_or_less,high (>3.5x),3.92,0.0,14400.0,0.0,0.0,2400.0,0.0,3.0,24.6,5.5,45.0,0.0,0.0,0.0,0.0,0,5538.412442450204
2017,64.0,0.0,NH Black,some_college,middle (1.3-3.5x),2.64,1080.0,0.0,0.0,180.0,0.0,6.0,5.0,36.7,5.4,32.0,1.0,1.0,1.0,0.0,1,5249.38130068204
2017,57.0,0.0,NH White,hs_or_less,low (<1.3x poverty),1.22,0.0,0.0,0.0,0.0,0.0,0.0,2.0,25.2,5.6,35.0,0.0,0.0,0.0,0.0,0,121200.50890728424
2017,40.0,1.0,NH Black,some_college,middle (1.3-3.5x),3.32,0.0,0.0,0.0,0.0,0.0,0.0,9.0,27.2,5.5,58.0,0.0,0.0,0.0,0.0,0,15176.030528671281
2017,61.0,0.0,NH White,some_college,low (<1.3x poverty),1.04,0.0,1440.0,0.0,0.0,360.0,0.0,7.0,19.2,5.3,57.0,0.0,0.0,0.0,1.0,0,22192.636874756012
2017,48.0,1.0,Other/Multi,college_plus,high (>3.5x),3.92,0.0,0.0,0.0,0.0,0.0,0.0,3.0,32.4,5.3,59.0,0.0,0.0,1.0,0.0,0,6923.853164584614
2017,50.0,0.0,NH White,some_college,high (>3.5x),5.0,480.0,0.0,0.0,100.0,0.0,5.0,10.0,38.5,5.1,56.0,0.0,0.0,1.0,0.0,0,134132.72528386526
2017,50.0,1.0,NH Black,hs_or_less,low (<1.3x poverty),0.6,0.0,1920.0,9600.0,0.0,240.0,0.0,3.0,34.2,5.5,57.0,0.0,0.0,1.0,0.0,0,17053.18359632954
2017,32.0,1.0,NH Black,hs_or_less,middle (1.3-3.5x),1.74,0.0,1440.0,0.0,0.0,360.0,0.0,5.0,31.4,5.2,57.0,0.0,0.0,1.0,0.0,0,13572.596423224868
2017,46.0,0.0,NH White,hs_or_less,middle (1.3-3.5x),3.23,600.0,14400.0,0.0,150.0,2400.0,5.0,12.0,27.7,5.3,38.0,0.0,0.0,0.0,0.0,1,16648.945706300103
2017,56.0,1.0,NH Black,some_college,middle (1.3-3.5x),2.49,0.0,0.0,0.0,0.0,0.0,0.0,3.0,38.4,6.6,39.0,1.0,1.0,1.0,0.0,0,7852.157169068004
2017,26.0,1.0,NH Black,hs_or_less,low (<1.3x poverty),0.64,2040.0,7200.0,144.0,390.0,1200.0,4.0,2.0,33.1,5.2,49.0,0.0,0.0,1.0,0.0,1,14850.387330196258
2017,58.0,1.0,NH Black,some_college,high (>3.5x),3.69,900.0,0.0,900.0,225.0,0.0,5.0,5.0,37.8,6.3,50.0,0.0,1.0,1.0,0.0,1,16362.004535323756
2017,63.0,1.0,NH White,hs_or_less,low (<1.3x poverty),1.02,0.0,240.0,0.0,0.0,60.0,0.0,6.0,32.5,5.1,48.0,0.0,0.0,1.0,0.0,0,18658.313012046907
2017,54.0,1.0,Mexican American,hs_or_less,low (<1.3x poverty),0.41,0.0,720.0,180.0,0.0,180.0,0.0,2.0,40.8,7.2,66.0,1.0,1.0,1.0,1.0,0,16290.256125443091
2017,61.0,0.0,NH Black,hs_or_less,middle (1.3-3.5x),2.31,0.0,1200.0,0.0,0.0,300.0,0.0,10.0,31.8,5.2,41.0,0.0,0.0,1.0,0.0,0,6009.769112683628
2017,31.0,0.0,Other/Multi,some_college,middle (1.3-3.5x),1.69,0.0,25200.0,0.0,0.0,4200.0,0.0,8.0,20.8,4.7,50.0,0.0,0.0,0.0,0.0,0,12924.566952492429
2017,28.0,0.0,NH Black,some_college,middle (1.3-3.5x),2.83,3240.0,0.0,0.0,540.0,0.0,6.0,3.0,33.5,5.7,61.0,0.0,1.0,1.0,0.0,1,8808.962811333864
2017,23.0,0.0,NH White,some_college,low (<1.3x poverty),1.0,1200.0,3600.0,0.0,180.0,600.0,2.0,5.0,35.7,10.2,33.0,1.0,1.0,1.0,1.0,1,29482.7688855939
2017,63.0,1.0,NH White,college_plus,high (>3.5x),5.0,0.0,0.0,0.0,0.0,0.0,0.0,8.0,38.2,6.0,93.0,0.0,1.0,1.0,0.0,0,29171.84027334792
2017,59.0,1.0,NH White,some_college,low (<1.3x poverty),5.397605346934028e-79,0.0,0.0,160.0,0.0,0.0,0.0,8.0,52.0,5.7,57.0,0.0,1.0,1.0,1.0,0,13115.906564522687
2017,34.0,0.0,NH Black,college_plus,high (>3.5x),4.56,2880.0,17280.0,0.0,480.0,2880.0,7.0,3.0,26.0,5.7,93.0,0.0,1.0,0.0,0.0,1,20783.427209140737
2017,43.0,0.0,NH White,some_college,middle (1.3-3.5x),2.99,480.0,0.0,240.0,120.0,0.0,4.0,10.0,33.0,5.4,53.0,0.0,0.0,1.0,1.0,0,99303.00524951877
2017,58.0,1.0,NH Asian,college_plus,high (>3.5x),5.0,400.0,0.0,500.0,100.0,0.0,5.0,5.0,21.2,5.5,67.0,0.0,0.0,0.0,0.0,0,8558.641387205169
2017,48.0,0.0,NH Black,some_college,high (>3.5x),5.0,0.0,0.0,600.0,0.0,0.0,0.0,5.0,31.2,5.0,44.0,0.0,0.0,1.0,0.0,0,19402.650852875246
2017,57.0,1.0,NH Asian,college_plus,high (>3.5x),5.0,900.0,0.0,0.0,225.0,0.0,5.0,6.0,19.9,5.6,91.0,0.0,0.0,0.0,0.0,1,11887.38638832334
2017,48.0,0.0,Mexican American,hs_or_less,middle (1.3-3.5x),1.47,0.0,3840.0,0.0,0.0,480.0,0.0,2.0,29.4,5.8,57.0,0.0,1.0,0.0,1.0,0,24770.71862706062
2017,44.0,0.0,Other/Multi,hs_or_less,low (<1.3x poverty),1.22,400.0,0.0,0.0,100.0,0.0,5.0,1.0,27.5,7.3,29.0,1.0,1.0,0.0,1.0,0,12987.781089739632
2017,40.0,1.0,NH Black,college_plus,high (>3.5x),5.0,2400.0,0.0,320.0,300.0,0.0,5.0,5.0,34.8,5.1,60.0,0.0,0.0,1.0,0.0,1,11136.555334661358
2017,55.0,0.0,Mexican American,hs_or_less,middle (1.3-3.5x),1.98,0.0,0.0,0.0,0.0,0.0,0.0,5.0,29.0,5.0,48.0,0.0,0.0,0.0,1.0,0,10657.650221508959
2017,39.0,1.0,NH White,hs_or_less,middle (1.3-3.5x),1.5,1800.0,5760.0,0.0,300.0,1440.0,7.0,3.0,30.8,5.2,34.0,0.0,0.0,1.0,0.0,1,21995.608825267773
2017,32.0,1.0,NH Black,some_college,middle (1.3-3.5x),1.82,2880.0,2160.0,60.0,360.0,360.0,3.0,3.0,20.8,5.4,37.0,0.0,0.0,0.0,0.0,1,13002.082176156373
2017,62.0,0.0,NH White,college_plus,high (>3.5x),5.0,1200.0,0.0,0.0,300.0,0.0,3.0,8.0,35.3,5.7,41.0,0.0,1.0,1.0,0.0,1,63885.50537598523
2017,63.0,1.0,NH White,hs_or_less,middle (1.3-3.5x),2.19,0.0,0.0,0.0,0.0,0.0,0.0,8.0,49.1,7.1,36.0,1.0,1.0,1.0,1.0,0,21048.220405562857
2017,35.0,0.0,Other/Multi,hs_or_less,middle (1.3-3.5x),1.68,960.0,4800.0,0.0,240.0,660.0,4.0,10.0,25.1,5.5,50.0,0.0,0.0,0.0,1.0,1,14761.830860445003
2017,58.0,0.0,Other/Multi,some_college,high (>3.5x),4.93,1920.0,5760.0,0.0,240.0,900.0,3.0,3.0,29.1,6.7,51.0,1.0,1.0,0.0,0.0,1,7489.2076288496155
2017,44.0,1.0,Other Hispanic,college_plus,low (<1.3x poverty),0.25,0.0,7200.0,0.0,0.0,1800.0,0.0,2.0,19.6,5.8,72.0,0.0,1.0,0.0,0.0,0,12319.003702233374
2017,45.0,0.0,NH White,college_plus,low (<1.3x poverty),0.66,0.0,0.0,0.0,0.0,0.0,0.0,15.0,27.3,5.2,41.0,0.0,0.0,0.0,0.0,0,15068.645827748762
2017,26.0,0.0,Mexican American,hs_or_less,middle (1.3-3.5x),1.46,0.0,14400.0,0.0,0.0,2400.0,0.0,2.0,28.9,5.2,36.0,0.0,0.0,0.0,1.0,0,9145.633111542864
2017,56.0,0.0,NH White,some_college,high (>3.5x),5.0,1920.0,0.0,0.0,480.0,0.0,2.0,6.0,33.4,6.3,51.0,1.0,1.0,1.0,0.0,1,73241.19844738512
2017,35.0,0.0,Mexican American,college_plus,high (>3.5x),3.65,0.0,24000.0,0.0,0.0,3300.0,0.0,2.0,33.5,5.5,38.0,0.0,0.0,1.0,0.0,0,28470.744424109023
2017,40.0,0.0,NH White,hs_or_less,low (<1.3x poverty),0.88,0.0,6720.0,0.0,0.0,1320.0,0.0,1.0,24.3,5.3,77.0,0.0,0.0,0.0,0.0,0,12671.344989960638
2017,57.0,0.0,NH White,some_college,high (>3.5x),5.0,0.0,7200.0,0.0,0.0,900.0,0.0,9.0,37.4,5.8,46.0,0.0,1.0,1.0,0.0,0,113804.62143081683
2017,30.0,0.0,NH White,hs_or_less,low (<1.3x poverty),0.98,0.0,0.0,120.0,0.0,0.0,0.0,2.0,30.4,4.3,42.0,0.0,0.0,1.0,0.0,0,20526.982101385856
2017,43.0,1.0,NH Black,some_college,middle (1.3-3.5x),1.44,440.0,0.0,0.0,110.0,0.0,5.0,0.26666666666666666,32.9,5.4,52.0,0.0,0.0,1.0,1.0,0,9186.71432365777
2017,63.0,0.0,Other/Multi,some_college,middle (1.3-3.5x),1.3,0.0,480.0,0.0,0.0,120.0,0.0,8.0,25.1,5.8,38.0,0.0,1.0,0.0,0.0,0,4744.389260530009
2017,54.0,1.0,NH White,hs_or_less,high (>3.5x),5.0,0.0,2880.0,0.0,0.0,720.0,0.0,4.0,43.8,6.6,54.0,1.0,1.0,1.0,1.0,0,52082.670353647256
2017,61.0,1.0,NH White,college_plus,middle (1.3-3.5x),3.08,600.0,0.0,0.0,150.0,0.0,5.0,5.0,23.7,5.2,65.0,0.0,0.0,0.0,0.0,1,151690.57368268908
2017,20.0,1.0,Mexican American,hs_or_less,low (<1.3x poverty),1.11,960.0,0.0,0.0,240.0,0.0,2.0,5.0,26.2,5.5,66.0,0.0,0.0,0.0,0.0,1,31105.417266583714
2017,26.0,1.0,NH White,some_college,middle (1.3-3.5x),2.43,360.0,1440.0,0.0,90.0,360.0,2.0,5.0,50.6,5.4,71.0,0.0,0.0,1.0,0.0,0,8400.858894885514
2017,65.0,1.0,Other Hispanic,hs_or_less,low (<1.3x poverty),0.93,0.0,0.0,200.0,0.0,0.0,0.0,0.5,32.0,8.1,45.0,1.0,1.0,1.0,1.0,0,4691.440283116521
2017,23.0,0.0,NH White,college_plus,high (>3.5x),4.62,0.0,0.0,0.0,0.0,0.0,0.0,12.0,26.5,5.2,41.0,0.0,0.0,0.0,0.0,0,134417.82309143126
2017,52.0,0.0,NH Black,some_college,middle (1.3-3.5x),3.34,2880.0,0.0,0.0,720.0,0.0,3.0,12.0,47.0,9.4,28.0,1.0,1.0,1.0,1.0,1,9715.115141906886
2017,40.0,1.0,NH Asian,hs_or_less,low (<1.3x poverty),0.79,0.0,0.0,0.0,0.0,0.0,0.0,2.0,31.8,5.3,51.0,0.0,0.0,1.0,0.0,0,12427.732464297515
2017,36.0,1.0,NH White,hs_or_less,high (>3.5x),4.81,0.0,2160.0,0.0,0.0,300.0,0.0,6.0,63.4,5.8,38.0,1.0,1.0,1.0,0.0,0,49980.54015454794
2017,44.0,1.0,NH Asian,some_college,middle (1.3-3.5x),1.96,0.0,0.0,0.0,0.0,0.0,0.0,2.0,24.3,5.0,62.0,0.0,0.0,0.0,1.0,0,10816.6671294567
2017,45.0,0.0,Mexican American,hs_or_less,middle (1.3-3.5x),2.79,0.0,10800.0,0.0,0.0,2100.0,0.0,8.0,25.3,6.2,59.0,0.0,1.0,0.0,0.0,0,26311.769462387165
2017,61.0,0.0,NH Black,some_college,low (<1.3x poverty),0.74,0.0,0.0,80.0,0.0,0.0,0.0,10.0,24.0,5.9,53.0,0.0,1.0,0.0,0.0,0,3573.88098537442
2017,46.0,1.0,NH White,hs_or_less,low (<1.3x poverty),0.29,0.0,0.0,960.0,0.0,0.0,0.0,2.0,29.5,5.1,48.0,0.0,0.0,0.0,0.0,0,20111.487686979606
2017,55.0,1.0,NH Black,hs_or_less,middle (1.3-3.5x),2.79,720.0,0.0,0.0,90.0,0.0,1.0,14.0,51.2,6.0,60.0,0.0,1.0,1.0,1.0,1,11263.671367242185
2017,26.0,0.0,NH White,hs_or_less,middle (1.3-3.5x),1.96,320.0,25920.0,160.0,40.0,3240.0,2.0,8.0,24.4,5.4,47.0,0.0,0.0,0.0,0.0,0,62167.16137460379
2017,47.0,0.0,NH Asian,some_college,high (>3.5x),3.86,1280.0,0.0,0.0,200.0,0.0,3.0,8.0,25.0,5.7,42.0,0.0,1.0,0.0,0.0,1,14021.42486735599
2017,37.0,0.0,NH White,hs_or_less,middle (1.3-3.5x),1.63,0.0,21600.0,0.0,0.0,3600.0,0.0,3.0,42.9,5.4,35.0,0.0,0.0,1.0,0.0,0,40333.43246626395
2017,50.0,1.0,Mexican American,some_college,middle (1.3-3.5x),2.43,1800.0,3600.0,0.0,270.0,720.0,6.0,2.0,33.1,5.9,36.0,0.0,1.0,1.0,0.0,1,10501.495163188763
2017,51.0,1.0,Mexican American,hs_or_less,low (<1.3x poverty),0.96,0.0,28800.0,320.0,0.0,4800.0,0.0,4.0,28.9,5.8,65.0,0.0,1.0,0.0,0.0,0,7395.827842000899
2017,37.0,1.0,Other Hispanic,hs_or_less,low (<1.3x poverty),0.48,0.0,0.0,0.0,0.0,0.0,0.0,5.0,28.4,6.0,43.0,0.0,1.0,0.0,1.0,0,15210.014723798711
2017,39.0,0.0,Other Hispanic,college_plus,high (>3.5x),5.0,960.0,0.0,0.0,150.0,0.0,5.0,10.0,28.9,5.2,48.0,0.0,0.0,0.0,0.0,1,45918.64340627619
2017,34.0,0.0,Mexican American,college_plus,high (>3.5x),3.52,0.0,480.0,0.0,0.0,120.0,0.0,3.0,35.7,5.7,24.0,0.0,1.0,1.0,0.0,0,21572.79525675165
2017,33.0,1.0,NH Black,hs_or_less,middle (1.3-3.5x),1.63,0.0,0.0,0.0,0.0,0.0,0.0,4.0,20.9,5.2,63.0,0.0,0.0,0.0,0.0,0,13109.05096688723
2017,57.0,0.0,NH Asian,college_plus,high (>3.5x),5.0,0.0,0.0,0.0,0.0,0.0,0.0,8.0,26.3,6.2,42.0,0.0,1.0,0.0,0.0,0,5404.698177557064
2017,50.0,1.0,Other Hispanic,college_plus,high (>3.5x),5.0,1440.0,0.0,0.0,270.0,0.0,6.0,8.0,35.2,5.9,57.0,0.0,1.0,1.0,0.0,1,14865.203380569754
2017,60.0,0.0,Mexican American,hs_or_less,low (<1.3x poverty),1.18,80.0,0.0,120.0,20.0,0.0,2.0,3.0,56.3,6.1,38.0,1.0,1.0,1.0,1.0,0,3482.475173416464
2017,60.0,0.0,NH White,hs_or_less,middle (1.3-3.5x),1.82,0.0,0.0,0.0,0.0,0.0,0.0,3.0,25.2,5.8,48.0,0.0,1.0,0.0,0.0,0,13220.42610390905
2017,53.0,1.0,NH White,some_college,high (>3.5x),5.0,0.0,0.0,200.0,0.0,0.0,0.0,5.0,22.1,5.4,62.0,0.0,0.0,0.0,0.0,0,57205.494829543815
2017,42.0,1.0,Mexican American,some_college,high (>3.5x),4.07,0.0,480.0,0.0,0.0,120.0,0.0,6.0,29.8,5.1,99.0,0.0,0.0,0.0,0.0,0,17051.19608248988
2017,51.0,1.0,Mexican American,hs_or_less,middle (1.3-3.5x),1.89,360.0,400.0,0.0,90.0,100.0,3.0,7.0,21.5,5.6,56.0,0.0,0.0,0.0,1.0,0,15987.20762101413
2017,48.0,1.0,NH White,hs_or_less,middle (1.3-3.5x),1.96,0.0,2400.0,0.0,0.0,600.0,0.0,8.0,44.9,5.8,45.0,0.0,1.0,1.0,0.0,0,110610.4139706689
2017,59.0,0.0,NH Black,some_college,low (<1.3x poverty),0.41,960.0,2880.0,4800.0,120.0,480.0,1.0,4.0,26.6,5.9,65.0,0.0,1.0,0.0,0.0,1,10168.189566778505
2017,23.0,1.0,NH White,hs_or_less,middle (1.3-3.5x),1.59,0.0,0.0,0.0,0.0,0.0,0.0,4.0,43.4,4.9,58.0,0.0,0.0,1.0,0.0,0,38240.091320758045
2017,39.0,1.0,NH Black,some_college,high (>3.5x),4.57,0.0,0.0,0.0,0.0,0.0,0.0,3.0,27.5,5.5,,0.0,0.0,0.0,0.0,0,21679.372891238305
2017,59.0,1.0,NH Black,some_college,middle (1.3-3.5x),2.64,0.0,0.0,0.0,0.0,0.0,0.0,3.0,24.7,6.6,50.0,1.0,1.0,0.0,0.0,0,6847.403076672158
2017,41.0,1.0,NH White,hs_or_less,middle (1.3-3.5x),1.67,0.0,0.0,400.0,0.0,0.0,0.0,6.0,40.2,7.0,41.0,1.0,1.0,1.0,1.0,0,20656.51650953729
2017,25.0,1.0,Other/Multi,some_college,low (<1.3x poverty),1.05,720.0,8400.0,0.0,180.0,2100.0,3.0,2.0,29.4,5.2,42.0,0.0,0.0,0.0,0.0,1,38309.8472857009
2017,31.0,1.0,NH White,some_college,low (<1.3x poverty),0.91,0.0,7200.0,0.0,0.0,1800.0,0.0,6.0,47.0,5.2,66.0,0.0,0.0,1.0,0.0,0,23817.82660504355
2017,39.0,0.0,NH White,college_plus,high (>3.5x),5.0,2040.0,0.0,120.0,285.0,0.0,7.0,4.0,21.3,5.4,97.0,0.0,0.0,0.0,0.0,1,12554.72233027627
2017,56.0,0.0,Other Hispanic,some_college,high (>3.5x),5.0,0.0,480.0,0.0,0.0,60.0,0.0,5.0,34.7,5.3,39.0,0.0,0.0,1.0,0.0,0,20698.44632887019
2017,28.0,1.0,NH Asian,college_plus,high (>3.5x),4.86,600.0,0.0,0.0,150.0,0.0,5.0,5.0,27.2,5.9,47.0,0.0,1.0,0.0,0.0,1,10089.948832700558
2017,28.0,1.0,Mexican American,some_college,middle (1.3-3.5x),1.66,1440.0,6720.0,240.0,300.0,1200.0,3.0,6.0,19.0,5.2,71.0,0.0,0.0,0.0,0.0,1,23403.530782257978
2017,54.0,1.0,Mexican American,hs_or_less,low (<1.3x poverty),0.51,0.0,0.0,0.0,0.0,0.0,0.0,2.0,35.3,6.5,45.0,1.0,1.0,1.0,1.0,0,14674.566474625697
2017,61.0,1.0,NH Black,hs_or_less,middle (1.3-3.5x),2.45,0.0,0.0,0.0,0.0,0.0,0.0,2.0,38.6,6.5,66.0,1.0,1.0,1.0,0.0,0,5498.072877563797
2017,23.0,1.0,NH White,college_plus,high (>3.5x),5.0,1200.0,0.0,0.0,150.0,0.0,5.0,5.0,25.1,4.8,66.0,0.0,0.0,0.0,0.0,1,39198.280078848795
2017,54.0,0.0,NH Black,some_college,middle (1.3-3.5x),1.59,1440.0,0.0,480.0,240.0,0.0,4.0,4.0,25.4,5.3,60.0,0.0,0.0,0.0,0.0,1,7583.298542666471
2017,47.0,0.0,NH Black,some_college,middle (1.3-3.5x),2.37,0.0,0.0,0.0,0.0,0.0,0.0,1.0,19.2,6.0,57.0,0.0,1.0,0.0,0.0,0,10624.2506623476
2017,44.0,1.0,NH White,some_college,high (>3.5x),5.0,0.0,0.0,0.0,0.0,0.0,0.0,6.0,28.1,5.0,60.0,0.0,0.0,0.0,0.0,0,56929.156516356605
2017,25.0,0.0,Mexican American,hs_or_less,high (>3.5x),5.0,360.0,18000.0,0.0,60.0,3600.0,2.0,5.0,23.8,5.8,62.0,0.0,1.0,0.0,0.0,0,22592.787015486923
2017,52.0,1.0,NH White,some_college,low (<1.3x poverty),0.21,0.0,0.0,0.0,0.0,0.0,0.0,3.0,37.1,7.8,40.0,1.0,1.0,1.0,1.0,0,31626.644816316963
2017,61.0,1.0,Mexican American,hs_or_less,middle (1.3-3.5x),1.59,0.0,0.0,0.0,0.0,0.0,0.0,3.0,29.3,5.4,58.0,0.0,0.0,0.0,0.0,0,4207.798850843517
2017,22.0,0.0,NH Asian,college_plus,high (>3.5x),3.85,720.0,60.0,600.0,180.0,15.0,3.0,6.0,26.9,5.5,48.0,0.0,0.0,0.0,0.0,1,17908.460593341966
2017,21.0,1.0,Mexican American,hs_or_less,low (<1.3x poverty),1.22,0.0,2400.0,0.0,0.0,300.0,0.0,4.0,38.2,5.7,29.0,0.0,1.0,1.0,1.0,0,12257.88498548379
2017,29.0,0.0,NH White,college_plus,middle (1.3-3.5x),1.48,1600.0,0.0,0.0,280.0,0.0,7.0,11.0,22.6,5.5,72.0,0.0,0.0,0.0,0.0,1,58436.99394664305
2017,23.0,1.0,Mexican American,hs_or_less,low (<1.3x poverty),0.48,480.0,1440.0,960.0,120.0,360.0,4.0,4.0,30.7,6.4,43.0,1.0,1.0,1.0,0.0,0,22021.107558105472
2017,58.0,1.0,NH Black,college_plus,low (<1.3x poverty),1.22,1440.0,240.0,800.0,240.0,40.0,4.0,6.0,28.1,5.8,63.0,0.0,1.0,0.0,0.0,1,30073.718530391558
2017,48.0,1.0,NH Black,hs_or_less,middle (1.3-3.5x),1.46,0.0,0.0,0.0,0.0,0.0,0.0,2.0,27.8,7.4,41.0,1.0,1.0,0.0,1.0,0,5353.927926049278
2017,64.0,1.0,NH Asian,some_college,low (<1.3x poverty),0.88,0.0,0.0,240.0,0.0,0.0,0.0,8.0,36.1,9.4,45.0,1.0,1.0,1.0,1.0,0,12003.67282668719
2017,38.0,1.0,NH White,hs_or_less,low (<1.3x poverty),1.22,0.0,19200.0,0.0,0.0,3000.0,0.0,4.0,40.6,5.5,33.0,0.0,0.0,1.0,1.0,0,40800.573044787656
2017,24.0,1.0,NH White,hs_or_less,high (>3.5x),5.0,2640.0,0.0,0.0,360.0,0.0,6.0,7.0,26.4,5.4,67.0,0.0,0.0,0.0,0.0,1,51100.13505478061
2017,39.0,1.0,NH Black,some_college,middle (1.3-3.5x),3.47,0.0,19200.0,0.0,0.0,2400.0,0.0,0.5,26.9,5.7,65.0,0.0,1.0,0.0,0.0,0,10741.045926488689
2017,62.0,0.0,Other Hispanic,some_college,middle (1.3-3.5x),1.74,0.0,0.0,0.0,0.0,0.0,0.0,10.0,37.4,7.3,22.0,1.0,1.0,1.0,0.0,0,4614.038155743953
2017,26.0,0.0,NH White,college_plus,high (>3.5x),4.39,1200.0,5760.0,0.0,240.0,1260.0,5.0,4.0,24.2,5.4,48.0,0.0,0.0,0.0,0.0,1,72688.25032418307
2017,24.0,1.0,Other/Multi,hs_or_less,low (<1.3x poverty),0.98,0.0,0.0,0.0,0.0,0.0,0.0,6.0,29.1,5.4,63.0,0.0,0.0,0.0,0.0,0,23447.827329242285
2017,58.0,1.0,NH White,hs_or_less,high (>3.5x),5.0,480.0,720.0,360.0,120.0,180.0,4.0,4.0,34.5,5.3,64.0,0.0,0.0,1.0,0.0,0,71237.98502117736
2017,62.0,0.0,Mexican American,college_plus,low (<1.3x poverty),1.22,1200.0,240.0,0.0,210.0,60.0,5.0,3.0,30.9,5.4,52.0,0.0,0.0,1.0,0.0,1,11784.147081624673
2017,48.0,1.0,NH White,hs_or_less,middle (1.3-3.5x),3.03,0.0,2400.0,0.0,0.0,600.0,0.0,6.0,43.6,6.3,39.0,1.0,1.0,1.0,0.0,0,94503.92965175494
2017,41.0,1.0,Other/Multi,college_plus,high (>3.5x),5.0,0.0,480.0,0.0,0.0,120.0,0.0,17.0,21.4,4.7,56.0,0.0,0.0,0.0,0.0,0,13886.109573076323
2017,43.0,1.0,Other Hispanic,hs_or_less,middle (1.3-3.5x),2.95,0.0,0.0,0.0,0.0,0.0,0.0,8.0,33.2,6.5,38.0,1.0,1.0,1.0,0.0,0,9762.956089311287
2017,61.0,1.0,NH Black,college_plus,middle (1.3-3.5x),3.48,1440.0,2640.0,0.0,270.0,420.0,6.0,3.0,33.4,7.3,37.0,1.0,1.0,1.0,1.0,1,4858.81469197608
2017,41.0,1.0,Other Hispanic,some_college,low (<1.3x poverty),0.34,0.0,0.0,0.0,0.0,0.0,0.0,2.0,36.9,5.3,42.0,0.0,0.0,1.0,0.0,0,3896.627920336962
2017,56.0,1.0,NH Asian,some_college,high (>3.5x),5.0,0.0,0.0,0.0,0.0,0.0,0.0,8.0,20.8,5.8,54.0,0.0,1.0,0.0,0.0,0,16022.073267145637
2017,34.0,0.0,NH White,college_plus,middle (1.3-3.5x),1.6,0.0,0.0,0.0,0.0,0.0,0.0,5.0,29.6,5.1,68.0,0.0,0.0,0.0,0.0,0,34658.163597060804
2017,56.0,1.0,Mexican American,some_college,high (>3.5x),3.95,240.0,9600.0,0.0,60.0,2400.0,3.0,2.0,32.5,5.6,64.0,0.0,0.0,1.0,0.0,0,17547.109854280236
2017,40.0,0.0,NH Asian,college_plus,high (>3.5x),5.0,3120.0,360.0,0.0,420.0,90.0,5.0,5.0,27.4,5.2,43.0,0.0,0.0,0.0,0.0,1,11951.007058056313
2017,45.0,1.0,Mexican American,hs_or_less,middle (1.3-3.5x),2.79,0.0,3600.0,0.0,0.0,810.0,0.0,2.5,29.3,5.4,58.0,0.0,0.0,0.0,1.0,0,8429.6612766238
2017,64.0,1.0,NH Black,some_college,middle (1.3-3.5x),2.13,1080.0,0.0,0.0,270.0,0.0,3.0,10.0,27.4,6.2,42.0,0.0,1.0,0.0,0.0,1,4715.01985431406
2017,54.0,1.0,NH White,college_plus,high (>3.5x),5.0,2160.0,240.0,0.0,300.0,60.0,7.0,12.0,23.6,5.3,73.0,0.0,0.0,0.0,0.0,1,150490.37859897237
2017,63.0,1.0,Other/Multi,some_college,middle (1.3-3.5x),2.0,0.0,0.0,0.0,0.0,0.0,0.0,18.0,45.0,5.0,56.0,0.0,0.0,1.0,0.0,0,30207.023407762452
2017,43.0,0.0,NH White,some_college,middle (1.3-3.5x),2.19,0.0,600.0,0.0,0.0,150.0,0.0,10.0,41.8,5.3,33.0,0.0,0.0,1.0,1.0,0,8091.127016665531
2017,55.0,1.0,Mexican American,hs_or_less,middle (1.3-3.5x),1.36,0.0,0.0,0.0,0.0,0.0,0.0,3.0,29.4,5.5,52.0,0.0,0.0,0.0,0.0,0,6458.399863678261
2017,21.0,0.0,NH Asian,some_college,high (>3.5x),3.82,3120.0,1920.0,300.0,480.0,480.0,7.0,4.0,20.4,5.1,50.0,0.0,0.0,0.0,0.0,1,18483.9054409919
2017,47.0,0.0,NH Asian,college_plus,middle (1.3-3.5x),1.99,2400.0,0.0,0.0,420.0,0.0,4.0,6.0,24.5,5.5,55.0,0.0,0.0,0.0,0.0,1,6275.52987827427
2017,61.0,1.0,NH Black,college_plus,middle (1.3-3.5x),1.4,0.0,0.0,0.0,0.0,0.0,0.0,2.0,30.0,5.6,68.0,0.0,0.0,1.0,0.0,0,10233.700487946971
2017,39.0,1.0,Other Hispanic,some_college,middle (1.3-3.5x),2.65,0.0,400.0,0.0,0.0,100.0,0.0,7.0,33.3,6.3,34.0,0.0,1.0,1.0,0.0,0,27032.180425398397
2017,25.0,1.0,NH Asian,college_plus,high (>3.5x),5.0,240.0,1440.0,0.0,60.0,360.0,1.0,7.0,31.9,5.3,43.0,0.0,0.0,1.0,0.0,0,11474.134159855446
2017,50.0,1.0,NH White,hs_or_less,middle (1.3-3.5x),1.41,360.0,1920.0,0.0,90.0,300.0,3.0,2.0,22.3,6.3,71.0,0.0,1.0,0.0,1.0,0,11969.25443618845
2017,39.0,1.0,Mexican American,some_college,low (<1.3x poverty),0.4,0.0,360.0,0.0,0.0,90.0,0.0,4.0,36.2,6.4,40.0,0.0,1.0,1.0,0.0,0,14285.303730976868
2017,56.0,1.0,NH Black,hs_or_less,low (<1.3x poverty),0.67,1200.0,0.0,0.0,300.0,0.0,5.0,4.0,36.1,5.2,54.0,0.0,0.0,1.0,1.0,1,20678.01363869103
2017,44.0,1.0,Mexican American,some_college,high (>3.5x),4.78,5760.0,960.0,0.0,960.0,240.0,7.0,6.0,49.1,5.3,47.0,0.0,0.0,1.0,1.0,1,4357.895326907061
2017,27.0,0.0,Mexican American,hs_or_less,low (<1.3x poverty),1.12,0.0,0.0,0.0,0.0,0.0,0.0,2.0,24.7,5.1,63.0,0.0,0.0,0.0,0.0,0,16933.815181062415
2017,56.0,0.0,Other/Multi,some_college,high (>3.5x),5.0,7920.0,1440.0,0.0,1080.0,240.0,7.0,1.0,26.3,6.1,83.0,0.0,1.0,0.0,0.0,1,9911.479933721717
2017,28.0,1.0,NH Asian,college_plus,high (>3.5x),3.82,2120.0,0.0,0.0,290.0,0.0,6.0,9.0,24.3,5.3,64.0,0.0,0.0,0.0,0.0,1,16570.01692981092
2017,44.0,1.0,Mexican American,hs_or_less,low (<1.3x poverty),0.01,400.0,0.0,240.0,70.0,0.0,3.0,0.5,26.4,5.4,66.0,0.0,0.0,0.0,1.0,0,6813.104972926174
2017,28.0,1.0,NH Asian,college_plus,high (>3.5x),5.0,320.0,0.0,600.0,60.0,0.0,3.0,12.0,34.2,5.6,54.0,0.0,0.0,1.0,0.0,0,12718.83181102527
2017,47.0,0.0,Mexican American,hs_or_less,middle (1.3-3.5x),1.96,0.0,0.0,0.0,0.0,0.0,0.0,6.0,29.0,5.5,53.0,0.0,0.0,0.0,0.0,0,21050.371348971417
2017,49.0,1.0,NH White,college_plus,low (<1.3x poverty),1.22,0.0,0.0,0.0,0.0,0.0,0.0,12.0,23.9,5.5,57.0,0.0,0.0,0.0,1.0,0,16670.58821011716
2017,60.0,0.0,NH Black,hs_or_less,low (<1.3x poverty),0.75,0.0,0.0,0.0,0.0,0.0,0.0,6.0,33.6,5.8,68.0,0.0,1.0,1.0,1.0,0,5774.1294534756325
2017,51.0,1.0,NH White,some_college,low (<1.3x poverty),1.0,400.0,8400.0,0.0,100.0,2100.0,5.0,5.0,28.6,5.2,88.0,0.0,0.0,0.0,0.0,0,15248.641538878257
2017,27.0,0.0,Mexican American,hs_or_less,low (<1.3x poverty),0.01,0.0,25920.0,4320.0,0.0,4320.0,0.0,3.0,29.4,5.6,43.0,0.0,0.0,0.0,0.0,0,9159.308205243624
2017,36.0,1.0,NH White,college_plus,high (>3.5x),5.0,2640.0,0.0,0.0,360.0,0.0,7.0,11.0,22.4,5.2,62.0,0.0,0.0,0.0,0.0,1,135903.28336332535
2017,36.0,1.0,NH Asian,college_plus,high (>3.5x),5.0,1440.0,200.0,0.0,180.0,40.0,3.0,4.0,19.4,5.4,95.0,0.0,0.0,0.0,0.0,1,10281.070549671842
2017,59.0,0.0,NH Black,some_college,middle (1.3-3.5x),2.37,0.0,0.0,0.0,0.0,0.0,0.0,4.0,26.2,4.8,56.0,0.0,0.0,0.0,0.0,0,19480.415488788265
2017,39.0,1.0,NH White,college_plus,high (>3.5x),4.47,480.0,0.0,480.0,120.0,0.0,2.0,6.0,32.6,5.1,60.0,0.0,0.0,1.0,0.0,0,56824.64335564623
2017,33.0,1.0,NH Asian,college_plus,low (<1.3x poverty),1.22,0.0,4800.0,0.0,0.0,1200.0,0.0,5.0,26.3,5.7,50.0,0.0,1.0,0.0,0.0,0,5789.991712721408
2017,40.0,0.0,NH White,college_plus,high (>3.5x),4.76,1920.0,480.0,0.0,240.0,120.0,4.0,13.0,33.8,5.1,49.0,0.0,0.0,1.0,0.0,1,186524.55071997785
2017,22.0,0.0,Mexican American,hs_or_less,low (<1.3x poverty),0.17,1440.0,0.0,0.0,240.0,0.0,4.0,6.0,22.3,5.0,66.0,0.0,0.0,0.0,0.0,1,7858.856709034863
2017,62.0,0.0,NH Black,hs_or_less,low (<1.3x poverty),0.83,0.0,0.0,0.0,0.0,0.0,0.0,1.0,25.6,5.1,39.0,0.0,0.0,0.0,0.0,0,4164.476974730777
2017,43.0,1.0,Mexican American,hs_or_less,middle (1.3-3.5x),1.74,5400.0,0.0,0.0,750.0,0.0,7.0,1.0,24.0,5.5,69.0,0.0,0.0,0.0,0.0,1,9918.63664458904
2017,23.0,0.0,NH Asian,some_college,middle (1.3-3.5x),1.79,0.0,0.0,0.0,0.0,0.0,0.0,10.0,28.0,5.4,41.0,0.0,0.0,0.0,1.0,0,8827.712223647897
2017,42.0,0.0,Mexican American,college_plus,high (>3.5x),3.65,480.0,0.0,0.0,120.0,0.0,4.0,10.0,25.9,5.9,59.0,0.0,1.0,0.0,0.0,0,21248.746082441634
2017,55.0,0.0,Other Hispanic,hs_or_less,high (>3.5x),5.0,480.0,0.0,0.0,120.0,0.0,4.0,5.0,31.0,5.6,29.0,0.0,0.0,1.0,0.0,0,16723.88405553043
2017,38.0,0.0,NH Black,hs_or_less,low (<1.3x poverty),0.6,0.0,9600.0,0.0,0.0,2400.0,0.0,13.0,21.1,5.4,78.0,0.0,0.0,0.0,1.0,0,16503.366686100362
2017,38.0,0.0,NH White,some_college,low (<1.3x poverty),1.04,0.0,12000.0,0.0,0.0,1800.0,0.0,4.0,39.9,5.7,39.0,0.0,1.0,1.0,0.0,0,8237.246622426712
2017,60.0,0.0,Mexican American,some_college,high (>3.5x),4.23,0.0,2400.0,0.0,0.0,360.0,0.0,4.0,29.2,5.9,46.0,0.0,1.0,0.0,0.0,0,8217.229883716112
2017,47.0,0.0,Other Hispanic,hs_or_less,low (<1.3x poverty),1.24,0.0,0.0,0.0,0.0,0.0,0.0,4.0,33.5,5.8,43.0,0.0,1.0,1.0,0.0,0,13709.523354510797
2017,56.0,1.0,Mexican American,hs_or_less,middle (1.3-3.5x),1.45,0.0,0.0,0.0,0.0,0.0,0.0,6.0,32.3,5.8,73.0,0.0,1.0,1.0,1.0,0,10747.681431104
2017,52.0,0.0,NH White,college_plus,middle (1.3-3.5x),1.39,3600.0,1200.0,0.0,450.0,300.0,5.0,8.0,30.6,5.2,45.0,0.0,0.0,1.0,0.0,1,19331.992683565804
2017,63.0,0.0,NH White,some_college,high (>3.5x),5.0,0.0,0.0,0.0,0.0,0.0,0.0,5.0,25.3,5.3,49.0,0.0,0.0,0.0,0.0,0,38330.1051439908
2017,28.0,0.0,NH White,college_plus,middle (1.3-3.5x),2.18,240.0,2880.0,0.0,30.0,720.0,1.0,9.0,18.7,5.1,66.0,0.0,0.0,0.0,0.0,0,209881.418243788
2017,34.0,0.0,NH White,college_plus,high (>3.5x),5.0,3600.0,0.0,0.0,540.0,0.0,7.0,12.0,28.0,5.2,48.0,0.0,0.0,0.0,0.0,1,96100.79253329299
2017,34.0,1.0,NH Black,some_college,low (<1.3x poverty),0.62,0.0,0.0,0.0,0.0,0.0,0.0,5.0,40.5,5.7,50.0,0.0,1.0,1.0,0.0,0,6667.183447556555
2017,57.0,1.0,NH White,some_college,high (>3.5x),5.0,640.0,10800.0,0.0,160.0,2700.0,4.0,3.0,22.5,5.0,72.0,0.0,0.0,0.0,0.0,1,55305.01574525351
2017,21.0,1.0,NH White,hs_or_less,middle (1.3-3.5x),2.08,360.0,960.0,0.0,90.0,240.0,3.0,6.0,38.1,4.6,63.0,0.0,0.0,1.0,0.0,0,46568.93796073618
2017,25.0,0.0,NH White,hs_or_less,middle (1.3-3.5x),2.43,0.0,360.0,0.0,0.0,90.0,0.0,4.0,32.1,5.3,46.0,0.0,0.0,1.0,0.0,0,58401.35417616857
2017,25.0,1.0,NH White,hs_or_less,low (<1.3x poverty),0.81,0.0,9600.0,0.0,0.0,2400.0,0.0,4.0,38.5,5.5,47.0,0.0,0.0,1.0,1.0,0,39050.7422212589
2017,52.0,0.0,Mexican American,some_college,high (>3.5x),5.0,2100.0,1200.0,0.0,375.0,240.0,7.0,9.0,42.1,6.0,30.0,0.0,1.0,1.0,0.0,1,17782.38985552697
2017,61.0,1.0,NH White,hs_or_less,low (<1.3x poverty),1.25,0.0,1800.0,0.0,0.0,300.0,0.0,6.0,55.5,6.6,67.0,1.0,1.0,1.0,0.0,0,34159.29974370476
2017,29.0,0.0,NH White,college_plus,high (>3.5x),3.76,1920.0,4800.0,0.0,300.0,900.0,5.0,2.0,23.7,5.3,76.0,0.0,0.0,0.0,0.0,1,96040.77362562472
2017,48.0,0.0,NH Asian,college_plus,high (>3.5x),5.0,2400.0,0.0,160.0,600.0,0.0,2.0,7.0,27.9,5.5,51.0,0.0,0.0,0.0,1.0,1,5928.831418538223
2017,63.0,0.0,NH Black,hs_or_less,low (<1.3x poverty),1.2,0.0,960.0,0.0,0.0,120.0,0.0,3.0,25.3,5.7,57.0,0.0,1.0,0.0,0.0,0,3427.401191614973
2017,51.0,1.0,NH White,some_college,middle (1.3-3.5x),2.79,0.0,2400.0,0.0,0.0,600.0,0.0,5.0,28.0,5.3,66.0,0.0,0.0,0.0,0.0,0,38869.369676258706
2017,51.0,1.0,NH Asian,hs_or_less,high (>3.5x),4.57,0.0,0.0,0.0,0.0,0.0,0.0,2.0,23.8,5.2,72.0,0.0,0.0,0.0,0.0,0,6374.477329054084
2017,53.0,1.0,NH White,some_college,middle (1.3-3.5x),1.41,0.0,0.0,0.0,0.0,0.0,0.0,6.0,30.2,6.0,52.0,0.0,1.0,1.0,0.0,0,25227.415442503152
2017,22.0,1.0,NH White,some_college,low (<1.3x poverty),0.33,1520.0,1680.0,0.0,200.0,390.0,2.0,6.0,28.2,5.2,65.0,0.0,0.0,0.0,0.0,1,72837.26914017003
2017,58.0,0.0,NH White,college_plus,high (>3.5x),5.0,600.0,2160.0,120.0,150.0,360.0,5.0,8.0,31.3,5.4,72.0,0.0,0.0,1.0,0.0,1,133037.83626367734
2017,46.0,0.0,Other/Multi,some_college,low (<1.3x poverty),1.06,0.0,2880.0,0.0,0.0,720.0,0.0,4.0,40.5,5.3,27.0,0.0,0.0,1.0,1.0,0,6889.20709303598
2017,48.0,0.0,NH Asian,college_plus,middle (1.3-3.5x),3.43,0.0,0.0,0.0,0.0,0.0,0.0,10.0,29.0,5.7,40.0,0.0,1.0,0.0,0.0,0,6210.854798897444
2017,65.0,1.0,Mexican American,hs_or_less,middle (1.3-3.5x),2.41,2880.0,3360.0,0.0,540.0,660.0,6.0,4.0,41.2,6.2,41.0,0.0,1.0,1.0,1.0,1,4091.538557481998
2017,56.0,1.0,NH Black,some_college,middle (1.3-3.5x),3.18,2160.0,14400.0,0.0,360.0,2400.0,6.0,5.0,27.9,5.2,84.0,0.0,0.0,0.0,0.0,1,7956.258408403496
2017,28.0,1.0,NH Asian,college_plus,high (>3.5x),5.0,480.0,0.0,0.0,120.0,0.0,1.0,8.0,24.2,5.6,48.0,0.0,0.0,0.0,0.0,0,15151.72853247857
2017,29.0,0.0,NH White,some_college,high (>3.5x),5.0,2160.0,6000.0,0.0,360.0,900.0,6.0,4.0,34.9,4.3,41.0,0.0,0.0,1.0,0.0,1,91990.68845607138
2017,53.0,1.0,Mexican American,college_plus,high (>3.5x),5.0,1920.0,0.0,0.0,240.0,0.0,4.0,4.0,40.6,5.8,39.0,1.0,1.0,1.0,0.0,1,10765.827719448496
2017,62.0,0.0,NH White,hs_or_less,low (<1.3x poverty),1.06,0.0,0.0,600.0,0.0,0.0,0.0,14.0,30.7,9.9,35.0,1.0,1.0,1.0,0.0,0,28893.768080235164
2017,41.0,0.0,Other Hispanic,some_college,high (>3.5x),4.81,2280.0,4800.0,540.0,330.0,1200.0,4.0,10.0,25.2,5.8,60.0,0.0,1.0,0.0,0.0,1,30455.691615585998
2017,42.0,1.0,NH White,college_plus,low (<1.3x poverty),0.92,0.0,1440.0,0.0,0.0,360.0,0.0,3.0,29.9,5.7,45.0,0.0,1.0,0.0,0.0,0,21841.948003010843
2017,63.0,0.0,NH Black,hs_or_less,low (<1.3x poverty),0.52,2880.0,0.0,0.0,360.0,0.0,3.0,7.0,38.4,5.4,67.0,0.0,0.0,1.0,0.0,1,5467.455226196325
2017,46.0,1.0,NH White,some_college,high (>3.5x),5.0,720.0,480.0,0.0,90.0,120.0,3.0,10.0,23.4,5.0,90.0,0.0,0.0,0.0,0.0,1,44046.361160506
2017,29.0,0.0,NH Asian,hs_or_less,low (<1.3x poverty),0.79,480.0,960.0,0.0,60.0,240.0,1.0,3.0,26.9,5.6,35.0,0.0,0.0,0.0,0.0,0,31526.917943564997
2017,23.0,1.0,NH Black,college_plus,high (>3.5x),3.92,0.0,7680.0,0.0,0.0,960.0,0.0,4.0,30.3,5.5,54.0,0.0,0.0,1.0,1.0,0,11751.45648266332
2017,64.0,0.0,NH Black,hs_or_less,middle (1.3-3.5x),3.29,0.0,0.0,0.0,0.0,0.0,0.0,8.0,20.8,5.9,59.0,0.0,1.0,0.0,0.0,0,8436.701354031264
2017,63.0,1.0,NH White,hs_or_less,middle (1.3-3.5x),1.79,0.0,0.0,0.0,0.0,0.0,0.0,6.0,29.8,5.7,66.0,0.0,1.0,0.0,0.0,0,35360.974174984025
2017,62.0,1.0,NH Asian,college_plus,high (>3.5x),5.0,960.0,0.0,0.0,240.0,0.0,4.0,12.0,22.7,5.7,80.0,0.0,1.0,0.0,0.0,1,3430.5819300710355
2017,26.0,1.0,NH Black,some_college,low (<1.3x poverty),0.96,1620.0,200.0,0.0,315.0,50.0,7.0,8.0,19.6,5.4,57.0,0.0,0.0,0.0,0.0,1,7707.839924974836
2017,29.0,1.0,NH White,some_college,high (>3.5x),3.67,540.0,0.0,0.0,135.0,0.0,3.0,13.0,35.9,6.0,50.0,0.0,1.0,1.0,0.0,0,25147.880689603004
2017,63.0,1.0,NH Black,hs_or_less,high (>3.5x),4.9,360.0,8640.0,360.0,90.0,2160.0,3.0,1.0,26.1,7.1,51.0,1.0,1.0,0.0,0.0,0,7650.274487543575
2017,61.0,0.0,Other Hispanic,hs_or_less,high (>3.5x),5.0,0.0,8640.0,2880.0,0.0,1440.0,0.0,2.0,27.8,5.9,36.0,0.0,1.0,0.0,1.0,0,14027.878297603651
2017,36.0,1.0,NH Asian,college_plus,high (>3.5x),4.62,0.0,4320.0,0.0,0.0,720.0,0.0,2.0,21.0,5.1,84.0,0.0,0.0,0.0,0.0,0,8848.225211260973
2017,43.0,1.0,NH White,hs_or_less,low (<1.3x poverty),1.04,0.0,0.0,0.0,0.0,0.0,0.0,8.0,51.0,6.1,44.0,0.0,1.0,1.0,0.0,0,17849.56671926407
2017,22.0,0.0,Other Hispanic,hs_or_less,middle (1.3-3.5x),1.79,1920.0,0.0,0.0,360.0,0.0,4.0,1.0,28.9,5.5,36.0,0.0,0.0,0.0,0.0,1,27320.28566311484
2017,21.0,0.0,Mexican American,hs_or_less,low (<1.3x poverty),1.11,0.0,8640.0,0.0,0.0,1080.0,0.0,8.0,32.9,5.1,29.0,0.0,0.0,1.0,0.0,0,21913.495194500305
2017,22.0,1.0,NH White,college_plus,high (>3.5x),5.0,160.0,0.0,0.0,20.0,0.0,1.0,9.0,32.5,4.9,60.0,0.0,0.0,1.0,0.0,0,71901.01907074531
2017,41.0,1.0,Other Hispanic,some_college,high (>3.5x),5.0,540.0,3840.0,0.0,90.0,480.0,2.0,5.0,29.6,5.2,56.0,0.0,0.0,0.0,0.0,0,16665.333982886346
2017,53.0,0.0,Other/Multi,hs_or_less,low (<1.3x poverty),0.25,2400.0,3000.0,2400.0,600.0,675.0,5.0,8.0,18.6,5.0,69.0,0.0,0.0,0.0,1.0,1,29998.7090082724
2017,60.0,0.0,NH Black,some_college,high (>3.5x),4.17,480.0,0.0,0.0,120.0,0.0,4.0,1.0,29.8,5.2,,0.0,0.0,0.0,0.0,0,5398.112106504095
2017,60.0,1.0,NH Asian,college_plus,high (>3.5x),3.65,0.0,720.0,0.0,0.0,180.0,0.0,4.0,23.1,5.8,42.0,0.0,1.0,0.0,0.0,0,7511.831418126844
2017,43.0,0.0,NH Asian,some_college,high (>3.5x),4.08,2880.0,0.0,0.0,480.0,0.0,7.0,4.0,22.2,5.2,97.0,0.0,0.0,0.0,0.0,1,5743.128872225044
2017,51.0,1.0,Other Hispanic,hs_or_less,high (>3.5x),4.1,960.0,0.0,0.0,240.0,0.0,4.0,1.0,28.2,5.5,57.0,0.0,0.0,0.0,0.0,1,28105.363144066487
2017,31.0,0.0,Mexican American,some_college,high (>3.5x),5.0,5760.0,0.0,0.0,1080.0,0.0,7.0,4.0,25.2,4.9,48.0,0.0,0.0,0.0,0.0,1,18670.43741455612
2017,48.0,0.0,NH Black,some_college,high (>3.5x),5.0,0.0,0.0,40.0,0.0,0.0,0.0,11.0,31.3,9.6,31.0,1.0,1.0,1.0,1.0,0,11506.66600927572
2017,44.0,1.0,Mexican American,some_college,high (>3.5x),5.0,380.0,4800.0,0.0,55.0,1200.0,3.0,4.0,23.0,5.3,72.0,0.0,0.0,0.0,0.0,0,29276.747091416484
2017,22.0,0.0,NH White,college_plus,middle (1.3-3.5x),2.79,0.0,1200.0,0.0,0.0,300.0,0.0,8.0,31.2,5.4,41.0,0.0,0.0,1.0,0.0,0,62862.651059715274
2017,31.0,0.0,NH White,some_college,middle (1.3-3.5x),3.45,60.0,6000.0,480.0,15.0,1500.0,1.0,6.0,21.6,4.6,68.0,0.0,0.0,0.0,0.0,0,55396.28012740874
2017,29.0,0.0,NH White,some_college,high (>3.5x),5.0,0.0,11760.0,0.0,0.0,2220.0,0.0,4.0,27.8,5.4,29.0,0.0,0.0,0.0,0.0,0,41300.389695507336
2017,46.0,0.0,NH Black,hs_or_less,low (<1.3x poverty),0.04,0.0,0.0,0.0,0.0,0.0,0.0,4.0,26.6,5.7,,0.0,1.0,0.0,0.0,0,3263.270286975669
2017,43.0,0.0,Mexican American,hs_or_less,middle (1.3-3.5x),1.5,720.0,0.0,0.0,120.0,0.0,4.0,2.0,28.0,5.2,52.0,0.0,0.0,0.0,1.0,1,26600.548297473
2017,47.0,0.0,NH White,some_college,low (<1.3x poverty),1.08,0.0,15600.0,1200.0,0.0,2400.0,0.0,3.0,29.8,5.3,26.0,0.0,0.0,0.0,0.0,0,15122.525607786169
2017,23.0,0.0,NH White,college_plus,low (<1.3x poverty),1.24,4080.0,6000.0,600.0,570.0,1050.0,7.0,8.0,27.5,5.2,48.0,0.0,0.0,0.0,0.0,1,51792.4316747399
2017,33.0,0.0,NH White,hs_or_less,middle (1.3-3.5x),1.65,0.0,1440.0,0.0,0.0,360.0,0.0,2.0,42.6,5.2,43.0,0.0,0.0,1.0,0.0,0,42758.580263163836
2017,56.0,1.0,NH White,some_college,middle (1.3-3.5x),2.65,360.0,0.0,0.0,90.0,0.0,3.0,11.0,27.4,5.4,76.0,0.0,0.0,0.0,0.0,0,62616.686227672886
2017,49.0,0.0,NH Black,college_plus,high (>3.5x),5.0,960.0,7680.0,720.0,150.0,1200.0,4.0,16.0,26.1,6.4,42.0,0.0,1.0,0.0,0.0,1,14479.064410934892
2017,34.0,0.0,NH Black,some_college,high (>3.5x),3.92,4800.0,0.0,0.0,660.0,0.0,7.0,4.0,28.5,5.9,59.0,0.0,1.0,0.0,0.0,1,25670.068217472697
2017,45.0,1.0,NH White,hs_or_less,low (<1.3x poverty),1.15,0.0,0.0,0.0,0.0,0.0,0.0,2.0,31.8,5.1,39.0,0.0,0.0,1.0,0.0,0,19116.049398073108
2017,30.0,0.0,NH White,college_plus,high (>3.5x),4.86,1960.0,0.0,0.0,265.0,0.0,7.0,12.0,27.7,5.4,59.0,0.0,0.0,0.0,0.0,1,113408.32123438011
2017,30.0,0.0,NH White,hs_or_less,low (<1.3x poverty),0.91,0.0,2880.0,0.0,0.0,660.0,0.0,16.0,44.9,5.6,37.0,0.0,0.0,1.0,1.0,0,26357.403851586307
2017,60.0,1.0,NH Black,college_plus,low (<1.3x poverty),0.21,4560.0,960.0,0.0,660.0,120.0,7.0,6.0,36.0,6.0,50.0,0.0,1.0,1.0,0.0,1,4942.8163530956435
2017,54.0,0.0,NH Asian,hs_or_less,middle (1.3-3.5x),1.97,0.0,0.0,0.0,0.0,0.0,0.0,17.0,26.2,7.4,30.0,1.0,1.0,0.0,0.0,0,4288.825727045956
2017,50.0,1.0,NH Asian,some_college,high (>3.5x),3.66,720.0,0.0,600.0,90.0,0.0,3.0,8.0,29.5,5.2,91.0,0.0,0.0,0.0,0.0,1,16298.428433481027
2017,55.0,1.0,NH Asian,college_plus,middle (1.3-3.5x),1.48,0.0,0.0,0.0,0.0,0.0,0.0,5.0,33.9,5.8,62.0,0.0,1.0,1.0,0.0,0,8659.183293507203
2017,22.0,1.0,NH Black,some_college,middle (1.3-3.5x),1.79,2880.0,0.0,0.0,480.0,0.0,7.0,2.0,25.0,5.4,50.0,0.0,0.0,0.0,0.0,1,2572.070875456351
2017,52.0,0.0,NH White,hs_or_less,high (>3.5x),5.0,0.0,19200.0,0.0,0.0,3360.0,0.0,3.0,31.9,5.4,45.0,0.0,0.0,1.0,0.0,0,14984.11703493373
2017,61.0,0.0,NH Asian,college_plus,middle (1.3-3.5x),1.7,0.0,0.0,240.0,0.0,0.0,0.0,3.0,33.4,7.4,41.0,1.0,1.0,1.0,0.0,0,6678.5377600542315
2017,54.0,0.0,Mexican American,hs_or_less,middle (1.3-3.5x),1.3,120.0,0.0,0.0,30.0,0.0,3.0,1.0,27.5,5.9,60.0,0.0,1.0,0.0,1.0,0,11426.613087564654
2017,64.0,0.0,NH Black,some_college,middle (1.3-3.5x),1.65,0.0,200.0,0.0,0.0,50.0,0.0,1.5,33.7,7.5,49.0,1.0,1.0,1.0,0.0,0,3562.9922743042575
2017,63.0,1.0,NH Black,college_plus,high (>3.5x),5.0,0.0,0.0,0.0,0.0,0.0,0.0,6.0,49.3,6.6,52.0,1.0,1.0,1.0,1.0,0,4418.8941015845
2017,63.0,0.0,NH White,hs_or_less,low (<1.3x poverty),1.22,0.0,1680.0,0.0,0.0,300.0,0.0,4.0,26.9,5.7,41.0,0.0,1.0,0.0,1.0,0,8440.876006427963
2017,22.0,0.0,NH White,some_college,middle (1.3-3.5x),1.35,0.0,3600.0,0.0,0.0,750.0,0.0,4.0,20.5,5.2,46.0,0.0,0.0,0.0,0.0,0,21781.960292216452
2017,59.0,1.0,NH White,some_college,middle (1.3-3.5x),3.22,560.0,480.0,0.0,110.0,90.0,6.0,4.0,21.9,5.5,78.0,0.0,0.0,0.0,0.0,0,3302.42591209599
2017,32.0,1.0,NH Black,college_plus,low (<1.3x poverty),0.99,960.0,0.0,0.0,120.0,0.0,4.0,3.0,24.5,5.6,60.0,0.0,0.0,0.0,0.0,1,24670.15213992127
2017,52.0,0.0,NH White,hs_or_less,low (<1.3x poverty),1.23,720.0,0.0,0.0,180.0,0.0,3.0,8.0,25.0,5.7,49.0,0.0,1.0,0.0,0.0,1,12201.563852724747
2017,57.0,1.0,NH Asian,college_plus,high (>3.5x),5.0,960.0,0.0,0.0,240.0,0.0,4.0,7.0,26.0,6.1,56.0,0.0,1.0,0.0,0.0,1,8203.262228066622
2017,60.0,1.0,NH Black,some_college,middle (1.3-3.5x),2.09,1920.0,12480.0,720.0,480.0,2160.0,4.0,1.5,33.6,5.2,68.0,0.0,0.0,1.0,0.0,1,3474.920101706095
2017,43.0,0.0,NH Black,college_plus,high (>3.5x),5.0,1360.0,0.0,0.0,190.0,0.0,7.0,6.0,27.4,5.6,46.0,0.0,0.0,0.0,0.0,1,15189.911980842558
2017,33.0,0.0,NH White,hs_or_less,low (<1.3x poverty),0.72,0.0,16800.0,0.0,0.0,2400.0,0.0,6.0,36.4,5.4,44.0,0.0,0.0,1.0,0.0,0,50144.51868109098
2017,63.0,1.0,NH Black,college_plus,low (<1.3x poverty),1.24,0.0,0.0,0.0,0.0,0.0,0.0,8.0,45.1,5.6,65.0,0.0,0.0,1.0,0.0,0,5110.847372492994
2017,60.0,0.0,NH White,hs_or_less,low (<1.3x poverty),1.0,0.0,0.0,0.0,0.0,0.0,0.0,12.0,54.6,6.1,30.0,1.0,1.0,1.0,0.0,0,11526.67957779573
2017,23.0,0.0,Other Hispanic,some_college,middle (1.3-3.5x),3.19,0.0,27360.0,1080.0,0.0,3600.0,0.0,0.75,25.0,4.8,68.0,0.0,0.0,0.0,0.0,0,39321.68786732007
2017,63.0,1.0,NH Black,college_plus,high (>3.5x),4.16,480.0,0.0,0.0,120.0,0.0,4.0,10.0,38.6,6.9,43.0,1.0,1.0,1.0,0.0,0,9650.43515311869
2017,64.0,1.0,NH Asian,some_college,middle (1.3-3.5x),3.13,0.0,3360.0,0.0,0.0,780.0,0.0,0.5,27.4,5.8,51.0,0.0,1.0,0.0,1.0,0,5841.780851093338
2017,51.0,0.0,NH White,some_college,low (<1.3x poverty),0.28,0.0,2400.0,600.0,0.0,360.0,0.0,2.0,24.7,5.1,58.0,0.0,0.0,0.0,0.0,0,11523.654632505853
2017,48.0,1.0,NH White,some_college,high (>3.5x),3.65,0.0,0.0,0.0,0.0,0.0,0.0,8.0,28.5,5.2,63.0,0.0,0.0,0.0,0.0,0,63241.65476676977
2017,33.0,0.0,Other Hispanic,hs_or_less,low (<1.3x poverty),0.25,720.0,0.0,0.0,120.0,0.0,2.0,3.3333333333333335,35.8,5.2,38.0,0.0,0.0,1.0,0.0,1,12854.03093095189
2017,23.0,0.0,NH White,some_college,middle (1.3-3.5x),2.49,2880.0,8160.0,0.0,480.0,1080.0,7.0,4.0,28.7,5.3,37.0,0.0,0.0,0.0,0.0,1,78304.23698032302
2017,26.0,1.0,Mexican American,hs_or_less,low (<1.3x poverty),5.397605346934028e-79,0.0,0.0,0.0,0.0,0.0,0.0,8.0,18.7,5.3,55.0,0.0,0.0,0.0,0.0,0,17204.52229489132
2017,63.0,0.0,NH Asian,college_plus,middle (1.3-3.5x),3.39,240.0,0.0,0.0,60.0,0.0,3.0,8.0,24.0,6.0,65.0,0.0,1.0,0.0,1.0,0,6800.8643393398415
2017,25.0,1.0,NH White,some_college,middle (1.3-3.5x),1.63,0.0,0.0,0.0,0.0,0.0,0.0,7.0,24.8,5.2,100.0,0.0,0.0,0.0,0.0,0,33108.638322489554
2017,38.0,0.0,NH White,some_college,high (>3.5x),5.0,180.0,0.0,0.0,45.0,0.0,1.0,12.0,31.1,5.8,41.0,0.0,1.0,1.0,0.0,0,51149.53237592415
2017,34.0,1.0,NH White,college_plus,high (>3.5x),5.0,960.0,0.0,0.0,150.0,0.0,5.0,10.0,45.5,5.6,69.0,0.0,0.0,1.0,0.0,1,36816.81677729117
2017,59.0,1.0,Other Hispanic,hs_or_less,middle (1.3-3.5x),1.59,0.0,0.0,240.0,0.0,0.0,0.0,3.0,33.1,6.5,69.0,1.0,1.0,1.0,0.0,0,11786.008903217416
2017,63.0,1.0,NH Black,some_college,middle (1.3-3.5x),1.35,640.0,1800.0,360.0,80.0,300.0,4.0,2.0,24.3,5.9,64.0,0.0,1.0,0.0,0.0,1,7231.23077348544
2017,45.0,0.0,NH Black,college_plus,high (>3.5x),5.0,240.0,0.0,0.0,60.0,0.0,2.0,7.0,39.4,9.6,35.0,1.0,1.0,1.0,1.0,0,12297.07365873104
2017,45.0,1.0,NH White,some_college,low (<1.3x poverty),1.06,240.0,28800.0,0.0,60.0,4800.0,2.0,4.0,32.7,4.1,62.0,1.0,1.0,1.0,1.0,0,15547.793957615093
2017,61.0,0.0,Other Hispanic,some_college,middle (1.3-3.5x),2.32,560.0,40.0,0.0,100.0,10.0,4.0,2.0,29.4,6.0,41.0,0.0,1.0,0.0,0.0,0,14135.587127665323
2017,48.0,1.0,Other Hispanic,hs_or_less,low (<1.3x poverty),0.52,0.0,0.0,0.0,0.0,0.0,0.0,3.0,31.0,6.0,53.0,0.0,1.0,1.0,0.0,0,16491.136771848476
2017,55.0,1.0,NH White,hs_or_less,middle (1.3-3.5x),1.46,0.0,6000.0,0.0,0.0,1500.0,0.0,8.0,39.4,5.5,57.0,0.0,0.0,1.0,0.0,0,17617.044100685733
2017,44.0,0.0,NH Black,hs_or_less,middle (1.3-3.5x),2.78,0.0,0.0,0.0,0.0,0.0,0.0,10.0,29.0,4.5,49.0,0.0,0.0,0.0,0.0,0,17898.436617871084
2017,27.0,0.0,Mexican American,hs_or_less,middle (1.3-3.5x),1.97,0.0,5760.0,0.0,0.0,1080.0,0.0,1.0,32.9,5.2,35.0,0.0,0.0,1.0,0.0,0,12122.819096476152
2017,27.0,1.0,NH Black,some_college,middle (1.3-3.5x),3.25,480.0,14400.0,0.0,60.0,2160.0,1.0,3.0,40.4,6.1,24.0,0.0,1.0,1.0,0.0,0,21348.19187778739
2017,28.0,0.0,Mexican American,college_plus,low (<1.3x poverty),1.2,0.0,12480.0,0.0,0.0,2160.0,0.0,5.0,31.0,5.8,44.0,0.0,1.0,1.0,0.0,0,20703.842230706417
2017,28.0,0.0,NH White,college_plus,high (>3.5x),5.0,1080.0,3960.0,900.0,180.0,630.0,2.0,8.0,38.8,5.1,35.0,0.0,0.0,1.0,0.0,1,72688.25032418307
2017,47.0,1.0,NH Black,some_college,middle (1.3-3.5x),1.63,0.0,600.0,0.0,0.0,150.0,0.0,5.0,38.2,5.4,71.0,0.0,0.0,1.0,1.0,0,14598.83544926564
2017,34.0,1.0,NH White,some_college,low (<1.3x poverty),1.27,480.0,11760.0,0.0,120.0,2220.0,1.0,3.0,48.4,5.7,25.0,0.0,1.0,1.0,0.0,0,10588.40830693414
2017,20.0,1.0,NH Black,hs_or_less,low (<1.3x poverty),0.74,0.0,0.0,0.0,0.0,0.0,0.0,7.0,36.8,5.2,43.0,0.0,0.0,1.0,1.0,0,40536.66967476937
2017,64.0,1.0,Mexican American,some_college,middle (1.3-3.5x),3.29,912.0,960.0,560.0,184.0,240.0,7.0,4.0,25.1,5.1,84.0,0.0,0.0,0.0,0.0,1,12190.66920772552
2017,31.0,1.0,Mexican American,college_plus,high (>3.5x),4.56,0.0,480.0,180.0,0.0,90.0,0.0,6.0,46.7,5.4,41.0,0.0,0.0,1.0,1.0,0,38788.807116704476
2017,32.0,1.0,NH Black,college_plus,middle (1.3-3.5x),2.11,0.0,0.0,0.0,0.0,0.0,0.0,10.0,21.1,4.8,69.0,0.0,0.0,0.0,1.0,0,11940.781525394283
2017,62.0,0.0,NH Asian,college_plus,high (>3.5x),5.0,0.0,0.0,0.0,0.0,0.0,0.0,6.0,29.1,5.4,46.0,0.0,0.0,0.0,0.0,0,6800.109954600232
2017,31.0,0.0,NH White,some_college,high (>3.5x),4.56,960.0,0.0,0.0,120.0,0.0,3.0,12.0,29.4,4.9,46.0,0.0,0.0,0.0,0.0,1,63719.80006207259
2017,61.0,1.0,NH Black,hs_or_less,middle (1.3-3.5x),2.37,0.0,0.0,0.0,0.0,0.0,0.0,4.0,35.0,5.6,49.0,0.0,0.0,1.0,0.0,0,5226.065391628194
2017,53.0,1.0,NH Asian,college_plus,high (>3.5x),5.0,720.0,0.0,0.0,120.0,0.0,6.0,10.0,23.9,5.4,88.0,0.0,0.0,0.0,0.0,1,9018.900971863342
2017,50.0,0.0,NH Asian,some_college,middle (1.3-3.5x),1.54,0.0,240.0,0.0,0.0,60.0,0.0,8.0,27.7,5.8,48.0,0.0,1.0,0.0,0.0,0,7236.190333128534
2017,50.0,0.0,NH White,some_college,high (>3.5x),5.0,240.0,0.0,0.0,60.0,0.0,4.0,6.0,27.1,5.4,47.0,0.0,0.0,0.0,0.0,0,61025.073227342604
2017,47.0,1.0,NH White,hs_or_less,middle (1.3-3.5x),2.77,0.0,3840.0,0.0,0.0,960.0,0.0,3.0,49.0,5.6,49.0,0.0,0.0,1.0,0.0,0,18322.37791168815
2017,57.0,0.0,NH White,some_college,high (>3.5x),4.48,480.0,9600.0,0.0,120.0,1800.0,1.0,6.0,35.2,5.6,41.0,0.0,0.0,1.0,0.0,0,38194.93494120556
2017,47.0,0.0,NH White,some_college,low (<1.3x poverty),0.63,160.0,1440.0,240.0,20.0,300.0,1.0,4.0,47.7,5.3,33.0,0.0,0.0,1.0,1.0,0,10039.010972366515
2017,65.0,1.0,NH Black,some_college,middle (1.3-3.5x),3.08,320.0,1980.0,0.0,80.0,315.0,4.0,3.0,36.9,6.3,47.0,0.0,1.0,1.0,0.0,0,5496.059503604164
2017,54.0,0.0,NH Asian,some_college,middle (1.3-3.5x),2.94,0.0,12000.0,0.0,0.0,1800.0,0.0,3.0,42.8,7.5,40.0,1.0,1.0,1.0,1.0,0,7418.133782166334
2017,45.0,0.0,NH White,some_college,middle (1.3-3.5x),1.78,0.0,6000.0,0.0,0.0,1500.0,0.0,3.0,22.8,5.1,59.0,0.0,0.0,0.0,0.0,0,55922.12406148832
2017,22.0,1.0,NH White,hs_or_less,middle (1.3-3.5x),1.47,0.0,8400.0,0.0,0.0,2100.0,0.0,10.0,38.0,5.2,48.0,0.0,0.0,1.0,0.0,0,43658.09077067522
2017,32.0,0.0,NH White,some_college,high (>3.5x),3.67,0.0,4200.0,0.0,0.0,1050.0,0.0,6.0,57.7,5.4,38.0,0.0,0.0,1.0,0.0,0,34237.04108802925
2017,49.0,1.0,NH Asian,college_plus,middle (1.3-3.5x),1.67,240.0,0.0,240.0,60.0,0.0,2.0,8.0,20.2,5.7,71.0,0.0,1.0,0.0,0.0,0,8295.447058406271
2017,48.0,0.0,NH White,some_college,middle (1.3-3.5x),1.49,0.0,0.0,0.0,0.0,0.0,0.0,8.0,37.6,5.5,34.0,0.0,0.0,1.0,0.0,0,10455.43983016957
2017,21.0,1.0,Other Hispanic,hs_or_less,middle (1.3-3.5x),1.39,0.0,1440.0,0.0,0.0,180.0,0.0,1.0,25.4,5.5,49.0,0.0,0.0,0.0,0.0,0,15167.520378998446
2017,57.0,0.0,Other/Multi,hs_or_less,low (<1.3x poverty),0.06,0.0,0.0,720.0,0.0,0.0,0.0,1.0,21.7,8.4,35.0,1.0,1.0,0.0,0.0,0,12723.416345840902
2017,62.0,0.0,NH White,some_college,high (>3.5x),3.52,0.0,0.0,0.0,0.0,0.0,0.0,4.0,24.1,10.5,42.0,1.0,1.0,0.0,0.0,0,6625.761618867582
2017,28.0,1.0,NH White,some_college,middle (1.3-3.5x),3.28,840.0,0.0,120.0,180.0,0.0,6.0,4.0,21.3,4.7,64.0,0.0,0.0,0.0,0.0,1,31818.91311650689
2017,43.0,0.0,NH Asian,some_college,middle (1.3-3.5x),1.67,0.0,0.0,0.0,0.0,0.0,0.0,0.5,27.3,6.3,41.0,0.0,1.0,0.0,0.0,0,10200.217049925897
2017,29.0,0.0,NH Black,hs_or_less,low (<1.3x poverty),1.05,0.0,4800.0,0.0,0.0,1200.0,0.0,8.0,18.8,5.5,73.0,0.0,0.0,0.0,0.0,0,14515.673760265892
2017,49.0,1.0,Mexican American,hs_or_less,low (<1.3x poverty),1.02,0.0,28800.0,0.0,0.0,4800.0,0.0,10.0,31.6,5.0,40.0,0.0,0.0,1.0,0.0,0,11242.683598629374
2017,32.0,1.0,Mexican American,hs_or_less,low (<1.3x poverty),0.61,2400.0,6000.0,0.0,300.0,1200.0,5.0,1.0,24.2,4.8,64.0,0.0,0.0,0.0,1.0,1,16370.312547844527
2017,36.0,1.0,NH Asian,college_plus,high (>3.5x),5.0,0.0,0.0,0.0,0.0,0.0,0.0,8.0,17.9,5.0,69.0,0.0,0.0,0.0,0.0,0,9808.06801805075
2017,64.0,0.0,Other Hispanic,college_plus,high (>3.5x),4.1,2160.0,15600.0,0.0,270.0,2400.0,3.0,4.0,24.3,5.5,72.0,0.0,0.0,0.0,0.0,1,11772.075102491255
2017,56.0,0.0,Mexican American,hs_or_less,high (>3.5x),4.45,0.0,0.0,360.0,0.0,0.0,0.0,3.0,28.8,6.0,25.0,0.0,1.0,0.0,0.0,0,28712.46409369116
2017,59.0,0.0,NH Black,hs_or_less,low (<1.3x poverty),1.06,0.0,0.0,0.0,0.0,0.0,0.0,12.0,26.1,5.6,46.0,0.0,0.0,0.0,0.0,0,7198.751417261612
2017,24.0,1.0,Other Hispanic,some_college,middle (1.3-3.5x),2.43,3840.0,8640.0,160.0,720.0,2160.0,7.0,2.0,23.4,5.4,60.0,0.0,0.0,0.0,1.0,1,17814.165660963186
2017,60.0,1.0,NH Black,some_college,low (<1.3x poverty),0.73,0.0,480.0,0.0,0.0,120.0,0.0,1.0,34.7,5.5,32.0,0.0,0.0,1.0,1.0,0,5562.097585487114
2017,57.0,0.0,NH White,college_plus,middle (1.3-3.5x),1.96,1200.0,6480.0,80.0,240.0,900.0,6.0,6.0,25.4,5.4,67.0,0.0,0.0,0.0,0.0,1,22480.803278000356
2017,60.0,0.0,NH White,some_college,low (<1.3x poverty),0.69,0.0,0.0,0.0,0.0,0.0,0.0,11.0,41.4,6.7,33.0,1.0,1.0,1.0,1.0,0,11664.911548755646
2017,55.0,1.0,NH Asian,college_plus,high (>3.5x),5.0,800.0,0.0,0.0,200.0,0.0,5.0,3.0,22.4,7.9,46.0,1.0,1.0,0.0,0.0,1,9342.315255836802
2017,61.0,1.0,NH Black,college_plus,high (>3.5x),3.69,80.0,0.0,0.0,20.0,0.0,2.0,5.0,42.8,7.0,43.0,1.0,1.0,1.0,0.0,0,6545.2295809966145
2017,47.0,0.0,Other Hispanic,hs_or_less,low (<1.3x poverty),0.29,0.0,22080.0,0.0,0.0,3120.0,0.0,3.0,27.5,4.2,34.0,0.0,0.0,0.0,1.0,0,19671.288542601575
2017,46.0,1.0,NH White,college_plus,middle (1.3-3.5x),3.1,2760.0,160.0,0.0,390.0,40.0,7.0,5.0,31.2,5.3,76.0,0.0,0.0,1.0,0.0,1,32565.539566913623
2017,20.0,0.0,Mexican American,some_college,low (<1.3x poverty),0.67,6720.0,0.0,960.0,1080.0,0.0,7.0,6.0,24.4,5.1,,0.0,0.0,0.0,0.0,1,16132.03800725521
2017,27.0,1.0,NH Asian,some_college,low (<1.3x poverty),0.58,2880.0,360.0,600.0,480.0,90.0,4.0,12.0,20.0,5.1,99.0,0.0,0.0,0.0,0.0,1,13610.78016305219
2017,49.0,0.0,NH Asian,college_plus,high (>3.5x),5.0,540.0,0.0,0.0,135.0,0.0,3.0,9.0,24.8,5.5,46.0,0.0,0.0,0.0,0.0,0,5820.378188385678
2017,42.0,1.0,NH White,some_college,low (<1.3x poverty),1.08,0.0,0.0,0.0,0.0,0.0,0.0,4.0,56.6,5.1,49.0,0.0,0.0,1.0,1.0,0,16152.636627810582
2017,34.0,1.0,NH White,college_plus,high (>3.5x),4.78,1040.0,480.0,0.0,180.0,120.0,7.0,7.0,38.1,4.9,55.0,0.0,0.0,1.0,0.0,1,56836.99713201595
2017,37.0,0.0,NH White,college_plus,high (>3.5x),3.56,0.0,0.0,0.0,0.0,0.0,0.0,8.0,33.5,5.3,40.0,0.0,0.0,1.0,0.0,0,88532.81922457604
2017,34.0,1.0,NH Black,hs_or_less,middle (1.3-3.5x),1.65,0.0,0.0,0.0,0.0,0.0,0.0,4.0,54.6,6.3,44.0,0.0,1.0,1.0,0.0,0,19988.611101818777
2017,25.0,0.0,NH White,hs_or_less,low (<1.3x poverty),0.51,0.0,5760.0,0.0,0.0,720.0,0.0,2.0,31.4,5.5,32.0,0.0,0.0,1.0,0.0,0,31306.482761426116
2017,63.0,0.0,NH White,college_plus,low (<1.3x poverty),0.3,480.0,960.0,720.0,120.0,240.0,4.0,4.0,32.9,5.6,44.0,0.0,0.0,1.0,0.0,0,22201.22132908495
2017,54.0,1.0,Other Hispanic,hs_or_less,middle (1.3-3.5x),1.83,240.0,0.0,0.0,60.0,0.0,2.0,3.0,33.2,5.6,35.0,0.0,0.0,1.0,0.0,0,10422.603198829293
2017,22.0,0.0,Other Hispanic,hs_or_less,low (<1.3x poverty),0.52,7680.0,0.0,480.0,1200.0,0.0,7.0,2.0,19.0,5.2,41.0,0.0,0.0,0.0,0.0,1,30699.642378629396
2017,58.0,0.0,NH White,hs_or_less,low (<1.3x poverty),5.397605346934028e-79,720.0,8400.0,1200.0,180.0,1500.0,3.0,8.0,26.2,5.2,45.0,0.0,0.0,0.0,1.0,1,12496.546449463942
2017,42.0,0.0,Mexican American,hs_or_less,middle (1.3-3.5x),2.89,0.0,0.0,0.0,0.0,0.0,0.0,5.0,37.8,6.9,41.0,1.0,1.0,1.0,1.0,0,9578.437556816394
2017,63.0,0.0,NH Asian,hs_or_less,low (<1.3x poverty),0.41,0.0,0.0,600.0,0.0,0.0,0.0,5.0,23.4,5.2,33.0,0.0,0.0,0.0,0.0,0,5131.544217897818
2017,47.0,1.0,Mexican American,hs_or_less,middle (1.3-3.5x),1.38,960.0,720.0,0.0,240.0,180.0,4.0,3.0,37.6,5.4,48.0,0.0,0.0,1.0,1.0,1,24032.398706345306
2017,65.0,1.0,NH White,college_plus,middle (1.3-3.5x),2.92,0.0,2880.0,0.0,0.0,720.0,0.0,6.0,31.3,5.5,54.0,0.0,0.0,1.0,0.0,0,68867.1934783006
2017,35.0,1.0,Mexican American,college_plus,high (>3.5x),4.34,2040.0,480.0,0.0,375.0,120.0,7.0,6.0,36.0,5.5,35.0,0.0,0.0,1.0,0.0,1,23692.521643985954
2017,52.0,1.0,NH Asian,hs_or_less,low (<1.3x poverty),0.08,0.0,0.0,0.0,0.0,0.0,0.0,3.0,27.5,9.9,52.0,1.0,1.0,0.0,0.0,0,15417.826726886155
2017,28.0,1.0,NH White,college_plus,high (>3.5x),3.69,1120.0,0.0,0.0,160.0,0.0,4.0,10.0,22.2,5.0,63.0,0.0,0.0,0.0,0.0,1,62930.434311085366
2017,61.0,0.0,NH Asian,hs_or_less,low (<1.3x poverty),0.79,0.0,0.0,0.0,0.0,0.0,0.0,3.0,26.7,5.8,41.0,0.0,1.0,0.0,0.0,0,6445.209087946231
2017,65.0,1.0,NH Asian,college_plus,high (>3.5x),5.0,720.0,0.0,0.0,180.0,0.0,4.0,5.0,26.8,6.2,72.0,1.0,1.0,0.0,0.0,1,8078.067039526934
2017,48.0,1.0,NH White,some_college,low (<1.3x poverty),0.53,0.0,0.0,0.0,0.0,0.0,0.0,1.0,36.6,6.4,32.0,1.0,1.0,1.0,1.0,0,13741.324157928517
2017,60.0,0.0,Other Hispanic,some_college,high (>3.5x),5.0,3600.0,0.0,0.0,600.0,0.0,7.0,1.0,28.8,5.3,37.0,0.0,0.0,0.0,0.0,1,7571.3767241191445
2017,55.0,0.0,NH Asian,college_plus,high (>3.5x),4.62,0.0,0.0,0.0,0.0,0.0,0.0,8.0,30.4,6.2,44.0,0.0,1.0,1.0,0.0,0,5515.418985762112
2017,23.0,0.0,NH White,some_college,middle (1.3-3.5x),1.66,0.0,2880.0,0.0,0.0,720.0,0.0,12.0,17.7,5.0,63.0,0.0,0.0,0.0,1.0,0,41792.90123283727
2017,57.0,0.0,NH White,college_plus,high (>3.5x),5.0,720.0,0.0,0.0,90.0,0.0,2.0,12.0,29.1,6.5,36.0,1.0,1.0,0.0,0.0,1,136624.96921806544
2017,26.0,0.0,NH Black,hs_or_less,middle (1.3-3.5x),2.02,360.0,0.0,0.0,45.0,0.0,3.0,3.0,41.1,4.8,48.0,0.0,0.0,1.0,0.0,0,17085.073420521625
2017,61.0,1.0,NH Black,hs_or_less,low (<1.3x poverty),0.28,480.0,480.0,0.0,120.0,120.0,2.0,5.0,45.8,6.0,52.0,0.0,1.0,1.0,1.0,0,7151.7678397374175
2017,58.0,1.0,Mexican American,college_plus,high (>3.5x),4.86,2880.0,9600.0,0.0,420.0,2400.0,7.0,8.0,23.7,5.6,58.0,0.0,0.0,0.0,0.0,1,11893.136631483954
2017,60.0,1.0,Other Hispanic,hs_or_less,low (<1.3x poverty),1.06,0.0,0.0,0.0,0.0,0.0,0.0,7.0,34.3,4.6,39.0,0.0,0.0,1.0,0.0,0,4375.935889649738
2017,64.0,1.0,NH Asian,college_plus,high (>3.5x),5.0,480.0,0.0,0.0,120.0,0.0,4.0,4.0,25.8,6.9,56.0,1.0,1.0,0.0,0.0,0,10376.278292913647
2017,64.0,1.0,NH Asian,hs_or_less,low (<1.3x poverty),0.76,0.0,0.0,320.0,0.0,0.0,0.0,1.0,29.8,6.5,40.0,1.0,1.0,0.0,0.0,0,6153.478809921411
2017,63.0,1.0,NH Black,hs_or_less,low (<1.3x poverty),0.76,0.0,0.0,0.0,0.0,0.0,0.0,6.0,26.3,7.4,51.0,1.0,1.0,0.0,1.0,0,8672.498272713463
2017,39.0,0.0,NH Black,hs_or_less,middle (1.3-3.5x),1.65,480.0,5280.0,0.0,60.0,780.0,1.0,4.0,33.4,6.0,48.0,0.0,1.0,1.0,1.0,0,14322.629362973756
2017,63.0,0.0,NH Black,college_plus,high (>3.5x),5.0,0.0,0.0,0.0,0.0,0.0,0.0,10.0,26.3,5.8,55.0,0.0,1.0,0.0,0.0,0,5428.280248202123
2017,64.0,0.0,NH White,hs_or_less,high (>3.5x),5.0,960.0,3600.0,0.0,240.0,900.0,1.0,7.0,28.6,5.4,50.0,0.0,0.0,0.0,0.0,1,103926.45604075861
2017,55.0,1.0,NH Black,college_plus,high (>3.5x),3.79,1120.0,0.0,0.0,200.0,0.0,3.0,7.0,32.2,5.2,55.0,0.0,0.0,1.0,1.0,1,6654.51881667345
2017,50.0,0.0,Other/Multi,hs_or_less,middle (1.3-3.5x),3.49,0.0,80.0,0.0,0.0,20.0,0.0,12.0,43.7,6.0,32.0,1.0,1.0,1.0,1.0,0,91593.10762715699
2017,54.0,0.0,NH Asian,college_plus,high (>3.5x),5.0,0.0,0.0,0.0,0.0,0.0,0.0,5.0,22.8,5.7,66.0,0.0,1.0,0.0,0.0,0,8259.441388232786
2017,29.0,1.0,NH Black,college_plus,low (<1.3x poverty),0.73,0.0,0.0,240.0,0.0,0.0,0.0,1.0,19.7,5.6,48.0,0.0,0.0,0.0,1.0,0,10606.296878537463
2017,52.0,0.0,NH Black,hs_or_less,middle (1.3-3.5x),2.62,0.0,0.0,0.0,0.0,0.0,0.0,2.0,26.1,6.2,56.0,0.0,1.0,0.0,0.0,0,11999.930393368884
2017,56.0,1.0,NH Black,college_plus,high (>3.5x),5.0,5760.0,4800.0,0.0,960.0,1200.0,7.0,4.0,26.8,5.5,82.0,0.0,0.0,0.0,0.0,1,20190.721908674484
2017,41.0,1.0,NH Black,some_college,middle (1.3-3.5x),2.02,1920.0,0.0,0.0,360.0,0.0,6.0,2.0,42.2,5.8,80.0,0.0,1.0,1.0,0.0,1,8940.486090352822
2017,40.0,1.0,NH White,some_college,low (<1.3x poverty),0.73,0.0,0.0,0.0,0.0,0.0,0.0,6.0,26.3,5.4,69.0,0.0,0.0,0.0,0.0,0,24249.62273439601
2017,59.0,1.0,NH White,college_plus,low (<1.3x poverty),1.23,1248.0,320.0,240.0,276.0,80.0,7.0,8.0,23.4,5.5,52.0,0.0,0.0,0.0,0.0,1,35090.004941016356
2017,31.0,0.0,NH Black,some_college,middle (1.3-3.5x),2.89,5040.0,23040.0,0.0,900.0,2880.0,6.0,3.0,31.2,5.7,59.0,0.0,1.0,1.0,0.0,1,12345.45854575513
2017,60.0,0.0,NH White,hs_or_less,high (>3.5x),5.0,300.0,0.0,0.0,75.0,0.0,3.0,11.0,39.3,5.3,35.0,0.0,0.0,1.0,0.0,0,42188.68622262871
2017,40.0,0.0,Other/Multi,hs_or_less,middle (1.3-3.5x),2.21,1920.0,34560.0,0.0,240.0,5760.0,3.0,5.0,39.3,6.1,51.0,0.0,1.0,1.0,0.0,1,8981.874815205065
2017,58.0,1.0,NH White,hs_or_less,middle (1.3-3.5x),1.37,0.0,0.0,0.0,0.0,0.0,0.0,7.0,21.8,5.5,122.0,0.0,0.0,0.0,1.0,0,21240.29575303862
2017,42.0,1.0,NH Asian,some_college,middle (1.3-3.5x),1.35,1080.0,0.0,0.0,135.0,0.0,3.0,10.0,27.9,5.3,38.0,0.0,0.0,0.0,0.0,1,8937.906021736084
2017,29.0,1.0,NH White,some_college,high (>3.5x),3.94,720.0,2880.0,0.0,90.0,720.0,3.0,3.0,26.3,4.8,90.0,0.0,0.0,0.0,0.0,1,24039.026915791062
2017,38.0,1.0,Mexican American,hs_or_less,low (<1.3x poverty),0.33,1800.0,0.0,0.0,300.0,0.0,7.0,0.16666666666666666,25.1,4.8,66.0,0.0,0.0,0.0,1.0,1,10085.928273058407
2017,60.0,1.0,Mexican American,hs_or_less,high (>3.5x),5.0,480.0,0.0,0.0,120.0,0.0,3.0,3.0,33.0,7.8,48.0,1.0,1.0,1.0,1.0,0,5466.4921034965755
2017,42.0,0.0,NH White,college_plus,high (>3.5x),5.0,0.0,0.0,0.0,0.0,0.0,0.0,3.0,32.6,5.4,50.0,0.0,0.0,1.0,1.0,0,110009.16726903399
2017,47.0,1.0,NH White,college_plus,high (>3.5x),3.98,900.0,0.0,0.0,225.0,0.0,5.0,8.0,31.1,5.0,60.0,0.0,0.0,1.0,0.0,1,77274.6377551343
2017,32.0,1.0,Mexican American,hs_or_less,middle (1.3-3.5x),1.42,0.0,0.0,0.0,0.0,0.0,0.0,5.0,28.4,5.9,42.0,1.0,1.0,0.0,1.0,0,7845.119264837016
2017,53.0,1.0,NH Asian,hs_or_less,middle (1.3-3.5x),1.32,160.0,0.0,0.0,40.0,0.0,2.0,1.0,24.0,10.1,42.0,1.0,1.0,0.0,0.0,0,7494.925772845705
2017,33.0,1.0,Mexican American,hs_or_less,low (<1.3x poverty),0.49,0.0,0.0,0.0,0.0,0.0,0.0,4.0,28.8,5.7,47.0,0.0,1.0,0.0,0.0,0,8077.3402752109405
2017,25.0,0.0,Other Hispanic,some_college,middle (1.3-3.5x),2.32,1440.0,2400.0,0.0,180.0,300.0,3.0,4.0,26.8,5.3,48.0,0.0,0.0,0.0,0.0,1,29596.52184372989
2017,31.0,1.0,NH White,college_plus,high (>3.5x),5.0,1360.0,720.0,240.0,250.0,180.0,7.0,13.0,26.5,4.2,60.0,0.0,0.0,0.0,0.0,1,79541.91836170571
2017,49.0,0.0,NH Black,some_college,middle (1.3-3.5x),1.97,720.0,1200.0,0.0,180.0,300.0,4.0,12.0,38.3,10.3,46.0,1.0,1.0,1.0,0.0,1,14945.853093984857
2017,54.0,1.0,NH White,some_college,low (<1.3x poverty),1.06,0.0,0.0,0.0,0.0,0.0,0.0,12.0,33.4,9.5,52.0,1.0,1.0,1.0,1.0,0,16769.130723718565
2017,49.0,0.0,NH White,some_college,middle (1.3-3.5x),1.46,0.0,0.0,0.0,0.0,0.0,0.0,5.0,35.8,6.2,52.0,0.0,1.0,1.0,0.0,0,79330.19986576433
2017,53.0,1.0,NH Black,some_college,low (<1.3x poverty),1.04,0.0,1800.0,400.0,0.0,450.0,0.0,5.0,49.8,5.7,78.0,0.0,1.0,1.0,0.0,0,10142.95164158098
2017,54.0,0.0,NH Black,college_plus,high (>3.5x),5.0,0.0,0.0,0.0,0.0,0.0,0.0,12.0,27.7,5.7,41.0,0.0,1.0,0.0,0.0,0,15037.214691040512
2017,60.0,1.0,NH Black,college_plus,middle (1.3-3.5x),2.36,0.0,0.0,0.0,0.0,0.0,0.0,12.0,36.2,6.3,31.0,0.0,1.0,1.0,1.0,0,6567.022222397038
2017,53.0,0.0,Mexican American,hs_or_less,low (<1.3x poverty),0.12,0.0,0.0,0.0,0.0,0.0,0.0,1.0,30.9,5.7,38.0,0.0,1.0,1.0,1.0,0,6616.280825809116
2017,54.0,0.0,NH Asian,college_plus,middle (1.3-3.5x),2.12,720.0,7200.0,0.0,180.0,1800.0,3.0,4.0,27.2,5.9,29.0,0.0,1.0,0.0,0.0,1,2727.0042640592656
2017,31.0,1.0,NH White,some_college,middle (1.3-3.5x),2.08,0.0,540.0,0.0,0.0,105.0,0.0,5.0,27.7,4.8,45.0,0.0,0.0,0.0,0.0,0,34405.27555820451
2017,29.0,1.0,NH Asian,hs_or_less,high (>3.5x),4.81,0.0,0.0,0.0,0.0,0.0,0.0,5.0,23.7,5.2,61.0,0.0,0.0,0.0,0.0,0,17569.307417147567
2017,46.0,0.0,NH White,hs_or_less,low (<1.3x poverty),0.29,0.0,14400.0,960.0,0.0,2400.0,0.0,3.0,30.2,5.5,40.0,0.0,0.0,1.0,1.0,0,12120.096109218055
2017,63.0,0.0,NH Black,college_plus,middle (1.3-3.5x),3.31,0.0,0.0,0.0,0.0,0.0,0.0,9.0,27.9,7.8,59.0,1.0,1.0,0.0,0.0,0,4392.130497006183
2017,26.0,1.0,Other/Multi,some_college,middle (1.3-3.5x),2.38,1800.0,600.0,0.0,315.0,150.0,6.0,4.0,33.3,5.3,47.0,0.0,0.0,1.0,0.0,1,5244.132374826942
2017,42.0,1.0,Mexican American,hs_or_less,middle (1.3-3.5x),1.92,0.0,0.0,0.0,0.0,0.0,0.0,0.25,23.4,5.4,66.0,0.0,0.0,0.0,0.0,0,15172.434584477627
2017,64.0,0.0,Other/Multi,some_college,middle (1.3-3.5x),1.79,0.0,0.0,0.0,0.0,0.0,0.0,4.0,28.1,5.6,38.0,1.0,1.0,0.0,0.0,0,18727.30239447525
2017,49.0,0.0,NH White,hs_or_less,middle (1.3-3.5x),1.99,1440.0,3840.0,80.0,360.0,840.0,2.0,3.0,18.3,5.5,42.0,0.0,0.0,0.0,0.0,1,24770.456051556168
2017,60.0,1.0,Other Hispanic,some_college,low (<1.3x poverty),0.56,2400.0,960.0,0.0,600.0,240.0,5.0,1.0,26.1,9.1,49.0,1.0,1.0,0.0,1.0,1,4461.141716411721
2017,20.0,0.0,Mexican American,some_college,middle (1.3-3.5x),3.4,1920.0,18000.0,0.0,240.0,2700.0,1.0,4.0,29.4,5.2,32.0,0.0,0.0,0.0,0.0,1,10201.680294001026
2017,49.0,0.0,NH White,some_college,high (>3.5x),5.0,0.0,480.0,0.0,0.0,120.0,0.0,14.0,30.2,9.8,35.0,1.0,1.0,1.0,0.0,0,36513.085441053845
2017,42.0,1.0,Mexican American,hs_or_less,low (<1.3x poverty),0.04,0.0,0.0,0.0,0.0,0.0,0.0,12.0,36.4,4.4,46.0,0.0,0.0,1.0,1.0,0,10981.236971871378
2017,29.0,0.0,NH Black,hs_or_less,middle (1.3-3.5x),1.62,0.0,15600.0,0.0,0.0,2400.0,0.0,8.0,37.1,5.8,41.0,0.0,1.0,1.0,1.0,0,15453.360913071763
2017,54.0,0.0,Other/Multi,hs_or_less,low (<1.3x poverty),1.27,0.0,0.0,0.0,0.0,0.0,0.0,3.0,20.4,5.4,44.0,0.0,0.0,0.0,1.0,0,10561.753455805834
2017,60.0,0.0,NH White,college_plus,middle (1.3-3.5x),3.18,2400.0,25200.0,0.0,600.0,4200.0,5.0,2.5,26.8,5.1,80.0,0.0,0.0,0.0,0.0,1,10763.366097250775
2017,20.0,1.0,Mexican American,hs_or_less,low (<1.3x poverty),0.45,0.0,0.0,2880.0,0.0,0.0,0.0,6.0,17.5,5.1,60.0,0.0,0.0,0.0,0.0,0,21026.716178783758
2017,48.0,1.0,NH White,some_college,middle (1.3-3.5x),1.66,0.0,0.0,0.0,0.0,0.0,0.0,6.0,29.1,5.9,49.0,0.0,1.0,0.0,0.0,0,10276.52963502434
2017,61.0,1.0,Other Hispanic,some_college,low (<1.3x poverty),1.24,0.0,1440.0,0.0,0.0,360.0,0.0,6.0,49.6,10.5,48.0,1.0,1.0,1.0,1.0,0,6681.816861625358
2017,31.0,1.0,Other/Multi,some_college,high (>3.5x),5.0,2400.0,720.0,0.0,300.0,180.0,5.0,8.0,41.7,5.4,47.0,0.0,0.0,1.0,0.0,1,7803.612405108173
2017,53.0,0.0,NH Black,some_college,middle (1.3-3.5x),1.46,1200.0,5760.0,600.0,300.0,900.0,5.0,2.0,34.7,6.1,43.0,0.0,1.0,1.0,0.0,1,13172.588760053448
2017,52.0,1.0,NH Asian,hs_or_less,middle (1.3-3.5x),1.52,1800.0,0.0,0.0,300.0,0.0,7.0,8.0,21.5,5.0,76.0,0.0,0.0,0.0,0.0,1,5305.953307144092
2017,21.0,1.0,Mexican American,some_college,high (>3.5x),4.31,720.0,0.0,120.0,180.0,0.0,3.0,10.0,23.4,5.0,47.0,0.0,0.0,0.0,0.0,1,25275.54139819895
2017,43.0,0.0,NH Black,some_college,high (>3.5x),5.0,0.0,11520.0,2400.0,0.0,1920.0,0.0,6.0,32.2,5.8,35.0,0.0,1.0,1.0,1.0,0,23163.34087456277
2017,29.0,0.0,NH Black,some_college,middle (1.3-3.5x),2.99,720.0,20160.0,0.0,180.0,3600.0,3.0,3.0,22.0,5.2,93.0,0.0,0.0,0.0,1.0,1,10656.369489855293
2017,46.0,0.0,Mexican American,some_college,high (>3.5x),5.0,4800.0,2400.0,0.0,720.0,450.0,7.0,6.0,28.5,5.5,54.0,0.0,0.0,0.0,0.0,1,30312.98295419688
2017,28.0,1.0,Mexican American,hs_or_less,high (>3.5x),3.52,0.0,0.0,240.0,0.0,0.0,0.0,8.0,30.3,5.0,48.0,0.0,0.0,1.0,1.0,0,16662.97621281433
2017,32.0,0.0,NH Black,college_plus,middle (1.3-3.5x),1.77,3120.0,9600.0,0.0,420.0,2400.0,4.0,3.0,27.0,5.6,66.0,0.0,0.0,0.0,0.0,1,10599.13492991175
2017,42.0,0.0,Other/Multi,some_college,middle (1.3-3.5x),3.04,0.0,320.0,0.0,0.0,40.0,0.0,5.0,39.0,5.7,35.0,0.0,1.0,1.0,0.0,0,57418.08272454106
2017,32.0,0.0,NH White,hs_or_less,middle (1.3-3.5x),1.59,360.0,0.0,0.0,90.0,0.0,3.0,13.0,28.7,5.0,46.0,0.0,0.0,0.0,0.0,0,39715.38981509565
2017,23.0,0.0,Mexican American,hs_or_less,middle (1.3-3.5x),2.72,0.0,12000.0,240.0,0.0,1500.0,0.0,2.0,21.1,5.2,46.0,0.0,0.0,0.0,0.0,0,16947.626097533444
2017,44.0,1.0,NH Black,college_plus,high (>3.5x),5.0,0.0,6720.0,0.0,0.0,1440.0,0.0,4.0,44.6,4.9,78.0,0.0,0.0,1.0,1.0,0,12141.147759194224
2017,60.0,1.0,NH Black,some_college,high (>3.5x),5.0,0.0,0.0,0.0,0.0,0.0,0.0,12.0,25.3,5.6,67.0,0.0,0.0,0.0,0.0,0,7453.500817124777
2017,36.0,0.0,Other Hispanic,college_plus,middle (1.3-3.5x),2.39,960.0,3840.0,240.0,180.0,600.0,3.0,3.0,28.6,5.1,41.0,0.0,0.0,0.0,0.0,1,33607.07724309105
2017,42.0,1.0,NH White,hs_or_less,low (<1.3x poverty),0.96,0.0,0.0,0.0,0.0,0.0,0.0,1.0,23.5,5.0,68.0,0.0,0.0,0.0,0.0,0,16475.782485936674
2017,33.0,1.0,NH Asian,college_plus,high (>3.5x),4.78,300.0,720.0,0.0,75.0,180.0,3.0,3.0,22.2,5.0,43.0,0.0,0.0,0.0,0.0,0,13332.69908027306
2017,60.0,0.0,NH Asian,college_plus,high (>3.5x),5.0,1440.0,0.0,0.0,180.0,0.0,3.0,12.0,24.0,5.7,61.0,0.0,1.0,0.0,0.0,1,4110.837246083183
2017,37.0,1.0,Other/Multi,college_plus,high (>3.5x),5.0,0.0,0.0,0.0,0.0,0.0,0.0,6.0,26.6,5.5,60.0,0.0,0.0,0.0,0.0,0,126809.67800104483
2017,47.0,0.0,Mexican American,hs_or_less,middle (1.3-3.5x),2.64,0.0,2800.0,0.0,0.0,650.0,0.0,6.0,38.8,8.8,38.0,1.0,1.0,1.0,1.0,0,16772.19672361202
2017,47.0,1.0,Other/Multi,college_plus,high (>3.5x),5.0,720.0,0.0,720.0,180.0,0.0,3.0,3.0,21.8,5.7,47.0,0.0,1.0,0.0,0.0,1,52516.192406505754
2017,62.0,1.0,NH White,college_plus,high (>3.5x),4.53,360.0,2880.0,0.0,60.0,540.0,2.0,15.0,32.2,5.1,81.0,0.0,0.0,1.0,1.0,0,4951.825767410082
2017,50.0,1.0,Mexican American,some_college,high (>3.5x),5.0,1320.0,3840.0,240.0,210.0,960.0,5.0,1.25,26.8,5.7,75.0,0.0,1.0,0.0,0.0,1,9980.888332631368
2017,53.0,1.0,NH White,hs_or_less,low (<1.3x poverty),0.7,0.0,0.0,0.0,0.0,0.0,0.0,10.0,32.3,6.2,34.0,0.0,1.0,1.0,1.0,0,18412.426945098316
2017,34.0,0.0,NH White,college_plus,high (>3.5x),4.06,2400.0,840.0,1200.0,480.0,150.0,3.0,8.0,42.1,5.4,26.0,0.0,0.0,1.0,0.0,1,69876.51107656406
2017,58.0,0.0,Mexican American,hs_or_less,middle (1.3-3.5x),1.83,0.0,1200.0,0.0,0.0,300.0,0.0,3.0,29.9,5.6,29.0,0.0,0.0,0.0,0.0,0,14960.38484301537
2017,26.0,0.0,Mexican American,hs_or_less,middle (1.3-3.5x),1.64,480.0,0.0,0.0,120.0,0.0,2.0,3.0,19.9,5.1,55.0,0.0,0.0,0.0,0.0,0,12173.689213984795
2017,31.0,1.0,NH Black,some_college,low (<1.3x poverty),0.52,0.0,0.0,0.0,0.0,0.0,0.0,3.0,20.8,5.5,89.0,0.0,0.0,0.0,0.0,0,9574.616174723715
2017,42.0,1.0,Mexican American,college_plus,high (>3.5x),4.63,0.0,0.0,0.0,0.0,0.0,0.0,6.0,26.4,5.5,46.0,0.0,0.0,0.0,0.0,0,26126.320179783725
2017,47.0,0.0,NH White,some_college,middle (1.3-3.5x),1.65,0.0,17280.0,5760.0,0.0,2880.0,0.0,2.0,28.2,6.0,37.0,0.0,1.0,0.0,1.0,0,8127.355589151026
2017,37.0,1.0,NH Asian,college_plus,middle (1.3-3.5x),2.38,0.0,0.0,0.0,0.0,0.0,0.0,10.0,21.5,5.5,54.0,0.0,0.0,0.0,1.0,0,8492.465648633666
2017,51.0,0.0,NH Black,hs_or_less,low (<1.3x poverty),0.04,0.0,0.0,0.0,0.0,0.0,0.0,4.0,33.7,5.7,41.0,1.0,1.0,1.0,0.0,0,7545.867559973572
2017,65.0,0.0,NH Black,some_college,low (<1.3x poverty),1.08,2400.0,0.0,1200.0,400.0,0.0,7.0,8.0,39.4,5.6,41.0,0.0,0.0,1.0,0.0,1,3573.88098537442
2017,56.0,1.0,NH White,some_college,high (>3.5x),4.93,1440.0,1080.0,0.0,180.0,210.0,3.0,13.0,32.4,5.8,73.0,0.0,1.0,1.0,0.0,1,73778.640368997
2017,65.0,0.0,Other/Multi,some_college,low (<1.3x poverty),1.25,240.0,0.0,0.0,60.0,0.0,1.0,5.0,20.1,6.1,66.0,0.0,1.0,0.0,0.0,0,18861.67013547407
2017,29.0,0.0,Mexican American,hs_or_less,middle (1.3-3.5x),1.71,0.0,6720.0,0.0,0.0,1120.0,0.0,6.0,25.7,5.1,32.0,0.0,0.0,0.0,0.0,0,23980.318088472937
2017,21.0,1.0,NH White,some_college,low (<1.3x poverty),0.96,2160.0,8640.0,480.0,360.0,1260.0,2.0,4.0,31.4,5.1,54.0,0.0,0.0,1.0,0.0,1,45442.68959243028
2017,62.0,0.0,Other Hispanic,some_college,low (<1.3x poverty),1.09,0.0,4960.0,4800.0,0.0,1220.0,0.0,5.0,29.2,5.4,29.0,0.0,0.0,0.0,0.0,0,7788.765895257217
2017,57.0,1.0,Mexican American,hs_or_less,middle (1.3-3.5x),1.32,0.0,0.0,0.0,0.0,0.0,0.0,5.0,41.7,6.2,69.0,1.0,1.0,1.0,1.0,0,12993.338520746003
2017,39.0,1.0,NH Asian,college_plus,high (>3.5x),5.0,240.0,0.0,360.0,60.0,0.0,2.0,4.0,22.0,6.3,54.0,1.0,1.0,0.0,0.0,0,15163.498574960275
2017,22.0,0.0,NH Black,hs_or_less,high (>3.5x),3.88,0.0,0.0,0.0,0.0,0.0,0.0,6.0,23.1,5.3,48.0,0.0,0.0,0.0,1.0,0,15777.60414918939
2017,50.0,0.0,Other Hispanic,hs_or_less,middle (1.3-3.5x),1.96,0.0,720.0,0.0,0.0,180.0,0.0,4.0,42.4,8.8,56.0,1.0,1.0,1.0,0.0,0,11711.691635141935
2017,60.0,1.0,NH White,some_college,low (<1.3x poverty),0.97,1080.0,0.0,0.0,270.0,0.0,3.0,7.0,27.5,5.5,81.0,0.0,0.0,0.0,1.0,1,11817.210508114245
2017,40.0,1.0,Other/Multi,hs_or_less,low (<1.3x poverty),0.59,0.0,5760.0,0.0,0.0,840.0,0.0,4.0,42.8,5.2,53.0,0.0,0.0,1.0,1.0,0,31876.50542980717
2017,46.0,1.0,Mexican American,hs_or_less,middle (1.3-3.5x),1.7,0.0,0.0,180.0,0.0,0.0,0.0,2.0,28.3,5.2,66.0,0.0,0.0,0.0,0.0,0,11938.034067162098
2017,32.0,1.0,NH White,some_college,low (<1.3x poverty),0.85,2160.0,4320.0,0.0,270.0,1080.0,6.0,1.0,29.1,5.4,53.0,0.0,0.0,0.0,0.0,1,29934.560552931733
2017,41.0,0.0,NH Black,college_plus,middle (1.3-3.5x),2.32,0.0,1440.0,0.0,0.0,360.0,0.0,4.0,28.5,5.7,71.0,0.0,1.0,0.0,1.0,0,10056.075409055351
2017,64.0,0.0,NH White,some_college,middle (1.3-3.5x),1.85,0.0,1200.0,0.0,0.0,300.0,0.0,5.0,33.5,5.9,54.0,0.0,1.0,1.0,1.0,0,13483.2891948051
2017,33.0,1.0,NH Black,hs_or_less,low (<1.3x poverty),1.18,0.0,1200.0,0.0,0.0,300.0,0.0,8.0,22.6,5.1,48.0,0.0,0.0,0.0,1.0,0,10869.772718177135
2017,62.0,0.0,NH White,hs_or_less,middle (1.3-3.5x),1.44,0.0,400.0,0.0,0.0,100.0,0.0,12.0,27.1,6.0,38.0,0.0,1.0,0.0,0.0,0,15119.012274121835
2017,52.0,1.0,NH White,college_plus,high (>3.5x),5.0,0.0,0.0,0.0,0.0,0.0,0.0,8.0,18.2,5.9,61.0,0.0,1.0,0.0,0.0,0,167875.44339462387
2017,21.0,1.0,Other Hispanic,college_plus,high (>3.5x),4.74,1080.0,720.0,0.0,135.0,180.0,3.0,7.0,38.2,5.4,73.0,0.0,0.0,1.0,0.0,1,41108.69058274867
2017,45.0,1.0,NH White,some_college,low (<1.3x poverty),1.14,1680.0,15840.0,0.0,240.0,2160.0,6.0,3.0,40.1,6.1,54.0,0.0,1.0,1.0,1.0,1,12773.363297329492
2017,46.0,1.0,NH Black,college_plus,high (>3.5x),5.0,720.0,0.0,0.0,90.0,0.0,2.0,12.0,24.9,5.7,57.0,0.0,1.0,0.0,0.0,1,21902.743525087775
2017,44.0,1.0,NH White,college_plus,high (>3.5x),5.0,300.0,0.0,0.0,75.0,0.0,5.0,6.0,30.3,5.2,77.0,1.0,1.0,1.0,0.0,0,90999.8382297945
2017,36.0,1.0,Other/Multi,some_college,middle (1.3-3.5x),1.42,360.0,0.0,0.0,90.0,0.0,3.0,5.0,37.3,6.1,43.0,0.0,1.0,1.0,0.0,0,34851.439768378266
2017,43.0,0.0,NH Black,college_plus,middle (1.3-3.5x),3.03,1440.0,0.0,0.0,180.0,0.0,4.0,8.0,27.3,5.5,45.0,0.0,0.0,0.0,0.0,1,19697.086357581862
2017,58.0,0.0,NH Asian,some_college,high (>3.5x),3.65,120.0,480.0,0.0,30.0,120.0,2.0,7.0,28.0,5.9,45.0,0.0,1.0,0.0,0.0,0,6242.9936739994255
2017,46.0,0.0,NH Black,hs_or_less,middle (1.3-3.5x),3.4,0.0,0.0,0.0,0.0,0.0,0.0,3.0,25.2,16.2,61.0,1.0,1.0,0.0,0.0,0,12500.925610072823
2017,38.0,0.0,NH Black,hs_or_less,low (<1.3x poverty),0.52,0.0,0.0,0.0,0.0,0.0,0.0,3.0,27.1,5.9,33.0,0.0,1.0,0.0,1.0,0,14383.464493451811
2017,23.0,0.0,NH White,some_college,low (<1.3x poverty),5.397605346934028e-79,3840.0,480.0,600.0,480.0,120.0,4.0,10.0,27.9,5.1,44.0,0.0,0.0,0.0,0.0,1,42498.84633976572
2017,46.0,1.0,NH White,college_plus,high (>3.5x),5.0,1680.0,3840.0,160.0,300.0,960.0,3.0,9.0,27.4,5.3,73.0,0.0,0.0,0.0,0.0,1,87539.52653840296
2017,39.0,1.0,NH White,some_college,middle (1.3-3.5x),3.06,720.0,80.0,0.0,180.0,20.0,3.0,3.0,24.1,4.9,69.0,0.0,0.0,0.0,0.0,1,30010.27358091636
2017,56.0,0.0,NH White,hs_or_less,low (<1.3x poverty),0.86,480.0,8400.0,0.0,120.0,1500.0,1.0,5.0,31.1,6.2,34.0,0.0,1.0,1.0,1.0,0,13731.832818490004
2017,54.0,0.0,NH Black,some_college,high (>3.5x),5.0,1920.0,10800.0,0.0,480.0,1800.0,4.0,3.0,32.1,6.9,45.0,1.0,1.0,1.0,0.0,1,5922.647729820852
2017,27.0,0.0,NH White,some_college,middle (1.3-3.5x),2.14,1200.0,24000.0,0.0,300.0,4200.0,5.0,4.0,31.8,5.2,53.0,0.0,0.0,1.0,0.0,1,52230.465816915035
2017,30.0,0.0,NH Black,some_college,low (<1.3x poverty),1.11,240.0,0.0,300.0,60.0,0.0,1.0,5.0,61.9,13.5,37.0,1.0,1.0,1.0,1.0,0,23016.81438989404
2017,27.0,1.0,Mexican American,hs_or_less,low (<1.3x poverty),0.59,5760.0,17280.0,0.0,720.0,2880.0,4.0,5.0,40.9,5.4,48.0,0.0,0.0,1.0,0.0,1,20520.12380508799
2017,30.0,0.0,NH White,some_college,high (>3.5x),5.0,0.0,4320.0,0.0,0.0,720.0,0.0,4.0,24.6,5.2,40.0,0.0,0.0,0.0,0.0,0,66838.07336185311
2017,35.0,0.0,Mexican American,hs_or_less,middle (1.3-3.5x),2.31,0.0,3000.0,0.0,0.0,675.0,0.0,6.0,28.7,5.7,49.0,0.0,1.0,0.0,0.0,0,54305.39673735644
2017,25.0,1.0,NH Black,some_college,middle (1.3-3.5x),2.73,3600.0,720.0,0.0,540.0,180.0,6.0,4.0,42.5,5.4,50.0,0.0,0.0,1.0,1.0,1,11197.294408205695
2017,51.0,0.0,NH Asian,hs_or_less,high (>3.5x),4.52,0.0,0.0,0.0,0.0,0.0,0.0,1.0,25.1,6.2,48.0,0.0,1.0,0.0,0.0,0,9609.550658077676
2017,36.0,1.0,NH White,hs_or_less,low (<1.3x poverty),0.2,240.0,0.0,0.0,60.0,0.0,1.0,2.0,20.6,5.3,58.0,0.0,0.0,0.0,0.0,0,18402.97711561991
2017,23.0,1.0,NH White,hs_or_less,low (<1.3x poverty),0.96,0.0,0.0,0.0,0.0,0.0,0.0,5.0,14.8,5.0,89.0,0.0,0.0,0.0,0.0,0,46658.603097350286
2017,36.0,0.0,NH Asian,hs_or_less,middle (1.3-3.5x),1.36,720.0,0.0,0.0,90.0,0.0,1.0,10.0,28.6,5.6,41.0,0.0,0.0,0.0,0.0,1,22136.479751054456
2017,26.0,0.0,NH Asian,college_plus,middle (1.3-3.5x),2.12,400.0,0.0,0.0,80.0,0.0,5.0,6.0,24.0,5.3,42.0,0.0,0.0,0.0,0.0,0,5067.320537540879
2017,23.0,0.0,NH Asian,some_college,low (<1.3x poverty),0.96,640.0,240.0,400.0,100.0,60.0,4.0,10.0,21.5,5.0,48.0,0.0,0.0,0.0,0.0,1,16649.642273860358
2017,32.0,0.0,NH White,college_plus,low (<1.3x poverty),1.06,0.0,0.0,0.0,0.0,0.0,0.0,3.0,35.7,4.9,36.0,0.0,0.0,1.0,0.0,0,19070.18902949659
2017,46.0,1.0,NH Black,some_college,middle (1.3-3.5x),3.08,0.0,1020.0,4800.0,0.0,195.0,0.0,1.0,29.7,5.6,51.0,0.0,0.0,0.0,0.0,0,13914.21487664353
2017,41.0,0.0,Other Hispanic,hs_or_less,low (<1.3x poverty),0.51,480.0,0.0,0.0,90.0,0.0,3.0,0.25,36.2,6.1,42.0,1.0,1.0,1.0,1.0,0,20072.280300590926
2017,37.0,0.0,Other Hispanic,college_plus,high (>3.5x),3.67,480.0,2400.0,0.0,120.0,600.0,2.0,5.0,33.2,5.1,44.0,0.0,0.0,1.0,0.0,0,41808.067384221154
2017,65.0,0.0,NH Black,hs_or_less,low (<1.3x poverty),0.15,0.0,720.0,0.0,0.0,180.0,0.0,8.0,27.6,5.3,58.0,0.0,0.0,0.0,1.0,0,3576.7407379803035
2017,59.0,0.0,Mexican American,hs_or_less,middle (1.3-3.5x),1.32,0.0,0.0,0.0,0.0,0.0,0.0,10.0,22.2,6.4,44.0,1.0,1.0,0.0,1.0,0,14573.8833033679
2017,44.0,0.0,Other Hispanic,hs_or_less,low (<1.3x poverty),0.41,0.0,0.0,0.0,0.0,0.0,0.0,1.0,26.6,4.4,35.0,0.0,0.0,0.0,0.0,0,11761.165720520594
2017,51.0,0.0,NH Black,hs_or_less,middle (1.3-3.5x),1.63,0.0,400.0,0.0,0.0,50.0,0.0,10.0,40.0,6.0,31.0,0.0,1.0,1.0,0.0,0,23232.83137712704
2017,63.0,0.0,Other Hispanic,hs_or_less,middle (1.3-3.5x),2.14,0.0,6240.0,0.0,0.0,1020.0,0.0,0.5,33.5,5.0,32.0,0.0,0.0,1.0,1.0,0,7994.820358678479
2017,58.0,1.0,NH White,some_college,high (>3.5x),5.0,1080.0,1440.0,0.0,270.0,360.0,3.0,8.0,22.5,5.9,95.0,0.0,1.0,0.0,0.0,1,86715.51863697899
2017,61.0,1.0,NH White,hs_or_less,high (>3.5x),5.0,2400.0,1440.0,0.0,600.0,360.0,5.0,6.0,26.0,5.4,60.0,0.0,0.0,0.0,0.0,1,50861.649535213735
2017,24.0,1.0,NH Asian,college_plus,middle (1.3-3.5x),2.49,960.0,0.0,0.0,120.0,0.0,1.0,14.0,19.8,4.7,74.0,0.0,0.0,0.0,0.0,1,7568.685674322433
2017,20.0,1.0,NH White,hs_or_less,low (<1.3x poverty),0.08,4320.0,0.0,600.0,600.0,0.0,6.0,10.0,21.5,5.3,53.0,0.0,0.0,0.0,0.0,1,57402.712005118294
2017,52.0,0.0,Mexican American,hs_or_less,low (<1.3x poverty),1.02,0.0,1920.0,0.0,0.0,360.0,0.0,2.0,44.1,5.7,42.0,0.0,1.0,1.0,0.0,0,17830.464089558125
2017,30.0,0.0,Other Hispanic,some_college,middle (1.3-3.5x),3.43,0.0,360.0,0.0,0.0,90.0,0.0,10.0,29.7,5.7,44.0,0.0,1.0,0.0,0.0,0,27851.55133707693
2017,30.0,1.0,NH White,some_college,middle (1.3-3.5x),1.89,1440.0,960.0,160.0,240.0,240.0,7.0,2.0,19.1,5.1,45.0,0.0,0.0,0.0,0.0,1,28595.67736432396
2017,33.0,1.0,Other/Multi,hs_or_less,middle (1.3-3.5x),2.2,0.0,780.0,0.0,0.0,120.0,0.0,6.0,32.5,5.3,50.0,0.0,0.0,1.0,0.0,0,115792.34765071291
2017,58.0,0.0,NH Black,some_college,middle (1.3-3.5x),2.46,480.0,2880.0,480.0,120.0,720.0,2.0,8.0,33.2,6.7,49.0,1.0,1.0,1.0,0.0,0,11347.509274493097
2017,29.0,0.0,Other Hispanic,college_plus,high (>3.5x),5.0,4440.0,0.0,480.0,570.0,0.0,7.0,10.0,26.2,5.1,48.0,0.0,0.0,0.0,0.0,1,52258.1146380752
2017,39.0,0.0,NH White,hs_or_less,low (<1.3x poverty),0.79,0.0,4320.0,0.0,0.0,720.0,0.0,6.0,23.0,5.6,34.0,0.0,0.0,0.0,0.0,0,27831.33575314935
2017,25.0,1.0,NH White,hs_or_less,high (>3.5x),4.93,2880.0,0.0,0.0,480.0,0.0,7.0,3.0,27.9,5.1,83.0,0.0,0.0,0.0,1.0,1,72821.01451533845
2017,40.0,0.0,NH White,hs_or_less,middle (1.3-3.5x),3.18,0.0,0.0,0.0,0.0,0.0,0.0,5.0,39.7,5.2,38.0,0.0,0.0,1.0,0.0,0,79751.82061380787
2017,59.0,1.0,NH White,hs_or_less,middle (1.3-3.5x),1.47,0.0,0.0,0.0,0.0,0.0,0.0,8.0,35.6,5.2,55.0,0.0,0.0,1.0,0.0,0,16356.315927673382
2017,40.0,0.0,NH White,college_plus,high (>3.5x),5.0,2040.0,0.0,600.0,285.0,0.0,6.0,10.0,27.5,5.6,56.0,0.0,0.0,0.0,0.0,1,131452.0862836339
2017,64.0,1.0,Other/Multi,some_college,middle (1.3-3.5x),1.64,0.0,0.0,0.0,0.0,0.0,0.0,6.0,25.4,5.8,57.0,0.0,1.0,0.0,0.0,0,3107.8446745621945
2017,52.0,1.0,NH White,some_college,high (>3.5x),5.0,480.0,0.0,0.0,120.0,0.0,4.0,8.0,29.2,4.8,90.0,0.0,0.0,0.0,0.0,0,20738.10735988325
2017,36.0,1.0,Mexican American,some_college,low (<1.3x poverty),0.68,0.0,4320.0,0.0,0.0,540.0,0.0,2.0,25.7,5.4,51.0,0.0,0.0,0.0,1.0,0,8693.252775760886
2017,50.0,1.0,NH Black,hs_or_less,low (<1.3x poverty),0.95,0.0,0.0,0.0,0.0,0.0,0.0,4.0,43.3,6.0,45.0,0.0,1.0,1.0,1.0,0,9404.926768214906
2017,32.0,1.0,Mexican American,hs_or_less,high (>3.5x),5.0,240.0,3600.0,0.0,60.0,900.0,3.0,7.0,51.8,6.6,32.0,1.0,1.0,1.0,0.0,0,28577.954471615387
2017,38.0,1.0,NH White,hs_or_less,low (<1.3x poverty),0.91,0.0,4800.0,0.0,0.0,1200.0,0.0,3.0,19.5,4.8,72.0,0.0,0.0,0.0,0.0,0,19327.344088446192
2017,61.0,1.0,NH Black,some_college,low (<1.3x poverty),0.97,0.0,2160.0,0.0,0.0,540.0,0.0,5.0,63.4,6.4,41.0,0.0,1.0,1.0,0.0,0,4992.206065738795
2017,57.0,0.0,NH White,some_college,high (>3.5x),5.0,0.0,1440.0,0.0,0.0,360.0,0.0,3.5,34.0,7.0,32.0,1.0,1.0,1.0,0.0,0,74909.95514294684
2017,34.0,1.0,NH Asian,college_plus,middle (1.3-3.5x),2.39,0.0,960.0,960.0,0.0,240.0,0.0,9.0,20.5,5.3,72.0,0.0,0.0,0.0,0.0,0,5779.716980326869
2017,33.0,0.0,NH White,hs_or_less,middle (1.3-3.5x),1.91,360.0,0.0,0.0,90.0,0.0,2.0,3.0,42.9,6.1,42.0,0.0,1.0,1.0,0.0,0,2687.1876597814608
2017,33.0,0.0,Mexican American,hs_or_less,middle (1.3-3.5x),1.94,3120.0,2400.0,0.0,480.0,360.0,7.0,7.0,47.9,6.6,36.0,1.0,1.0,1.0,1.0,1,2322.4952627485363
2017,37.0,1.0,Mexican American,hs_or_less,low (<1.3x poverty),0.7,1440.0,0.0,800.0,240.0,0.0,6.0,1.0,43.2,5.4,50.0,0.0,0.0,1.0,0.0,1,10085.928273058407
2017,53.0,1.0,NH White,hs_or_less,low (<1.3x poverty),0.71,0.0,0.0,240.0,0.0,0.0,0.0,8.0,37.6,6.0,32.0,0.0,1.0,1.0,0.0,0,15466.98462139248
2017,23.0,1.0,NH White,some_college,low (<1.3x poverty),1.2,600.0,160.0,0.0,150.0,40.0,5.0,2.0,33.1,5.0,80.0,0.0,0.0,1.0,0.0,1,45356.63836706671
2017,27.0,0.0,NH Asian,hs_or_less,middle (1.3-3.5x),1.6,0.0,720.0,0.0,0.0,180.0,0.0,4.0,20.9,5.3,69.0,0.0,0.0,0.0,1.0,0,6516.586315159987
2017,52.0,1.0,NH Black,some_college,low (<1.3x poverty),0.59,0.0,0.0,0.0,0.0,0.0,0.0,10.0,35.2,5.2,49.0,0.0,0.0,1.0,0.0,0,7607.6828603012455
2017,56.0,1.0,Other Hispanic,college_plus,high (>3.5x),5.0,1600.0,0.0,0.0,250.0,0.0,7.0,5.0,26.0,5.9,75.0,0.0,1.0,0.0,0.0,1,16799.81098044072
2017,28.0,1.0,NH Asian,college_plus,middle (1.3-3.5x),2.69,0.0,0.0,0.0,0.0,0.0,0.0,9.0,22.1,5.0,81.0,0.0,0.0,0.0,0.0,0,7630.6680523901005
2017,29.0,1.0,NH Black,some_college,middle (1.3-3.5x),2.06,720.0,0.0,480.0,180.0,0.0,4.0,9.0,39.5,5.2,37.0,0.0,0.0,1.0,1.0,1,13179.175750604536
2017,61.0,1.0,NH Black,some_college,middle (1.3-3.5x),3.48,1200.0,0.0,0.0,240.0,0.0,6.0,9.0,26.5,6.0,50.0,0.0,1.0,0.0,0.0,1,5061.773908702434
2017,54.0,0.0,NH Black,hs_or_less,low (<1.3x poverty),0.94,0.0,0.0,0.0,0.0,0.0,0.0,4.0,34.9,5.7,72.0,0.0,1.0,1.0,0.0,0,15720.73419842717
2017,22.0,0.0,NH White,hs_or_less,high (>3.5x),4.45,0.0,2400.0,0.0,0.0,600.0,0.0,6.0,39.6,5.2,49.0,0.0,0.0,1.0,0.0,0,120164.90815505735
2017,53.0,0.0,NH Black,college_plus,middle (1.3-3.5x),1.58,1440.0,1440.0,0.0,360.0,360.0,3.0,4.0,30.6,5.6,56.0,0.0,0.0,1.0,0.0,1,10979.779746578035
2017,64.0,1.0,Other Hispanic,hs_or_less,low (<1.3x poverty),0.25,720.0,0.0,0.0,180.0,0.0,3.0,1.0,37.8,5.7,47.0,0.0,1.0,1.0,1.0,1,3774.6211044078327
2017,39.0,1.0,NH Asian,college_plus,middle (1.3-3.5x),2.89,1440.0,24480.0,0.0,360.0,3960.0,3.0,2.0,27.8,4.7,51.0,0.0,0.0,0.0,0.0,1,9364.129150024522
2017,49.0,0.0,NH Black,hs_or_less,low (<1.3x poverty),0.88,4320.0,15360.0,0.0,540.0,2040.0,3.0,5.0,22.8,5.0,68.0,0.0,0.0,0.0,1.0,1,7195.182341639057
2017,29.0,0.0,NH Asian,hs_or_less,middle (1.3-3.5x),2.43,240.0,0.0,0.0,30.0,0.0,3.0,2.0,27.5,5.2,36.0,0.0,0.0,0.0,0.0,0,20656.385983146673
2017,63.0,0.0,NH White,hs_or_less,middle (1.3-3.5x),1.6,0.0,17280.0,0.0,0.0,2880.0,0.0,5.0,30.4,5.4,48.0,0.0,0.0,1.0,0.0,0,9308.772336847529
2017,59.0,1.0,NH Black,hs_or_less,low (<1.3x poverty),1.18,0.0,0.0,0.0,0.0,0.0,0.0,4.0,40.4,8.7,50.0,1.0,1.0,1.0,0.0,0,11263.671367242185
2017,55.0,0.0,NH Asian,some_college,middle (1.3-3.5x),2.44,0.0,6480.0,0.0,0.0,1080.0,0.0,4.0,23.6,7.1,38.0,1.0,1.0,0.0,0.0,0,4113.06730087745
2017,44.0,1.0,NH Black,hs_or_less,middle (1.3-3.5x),2.78,0.0,0.0,0.0,0.0,0.0,0.0,4.0,20.6,5.8,69.0,0.0,1.0,0.0,1.0,0,24428.522716799198
2017,61.0,1.0,Other Hispanic,hs_or_less,middle (1.3-3.5x),2.78,0.0,0.0,0.0,0.0,0.0,0.0,2.0,28.9,7.3,53.0,1.0,1.0,0.0,1.0,0,5858.1758047225085
2017,22.0,1.0,NH White,college_plus,high (>3.5x),4.62,5040.0,0.0,0.0,660.0,0.0,7.0,10.0,27.8,5.0,48.0,0.0,0.0,0.0,0.0,1,67205.20048287291
2017,51.0,1.0,NH White,college_plus,high (>3.5x),5.0,0.0,0.0,0.0,0.0,0.0,0.0,4.0,34.7,5.5,52.0,0.0,0.0,1.0,0.0,0,72455.25751021174
2017,56.0,0.0,NH White,college_plus,high (>3.5x),5.0,360.0,480.0,0.0,90.0,90.0,3.0,7.0,30.9,5.5,45.0,0.0,0.0,1.0,0.0,0,60678.06167379592
2017,56.0,1.0,NH Black,college_plus,high (>3.5x),4.8,320.0,0.0,0.0,80.0,0.0,4.0,6.0,49.8,5.3,49.0,0.0,0.0,1.0,1.0,0,11087.070392896369
2017,60.0,1.0,NH Black,hs_or_less,low (<1.3x poverty),0.81,960.0,0.0,0.0,240.0,0.0,4.0,4.0,31.3,5.7,55.0,1.0,1.0,1.0,1.0,1,6279.916731542783
2017,60.0,0.0,NH Black,hs_or_less,middle (1.3-3.5x),2.47,1440.0,0.0,0.0,360.0,0.0,3.0,5.0,32.5,6.6,42.0,1.0,1.0,1.0,0.0,1,7574.040249314157
2017,25.0,1.0,NH White,college_plus,high (>3.5x),4.62,960.0,0.0,0.0,150.0,0.0,4.0,4.0,31.6,4.8,82.0,0.0,0.0,1.0,0.0,1,52640.261067563486
2017,44.0,1.0,NH Asian,college_plus,low (<1.3x poverty),0.32,0.0,0.0,0.0,0.0,0.0,0.0,3.0,35.6,6.4,43.0,0.0,1.0,1.0,0.0,0,6091.973774440494
2017,55.0,1.0,NH Asian,college_plus,high (>3.5x),5.0,0.0,0.0,0.0,0.0,0.0,0.0,10.0,27.3,5.8,54.0,0.0,1.0,0.0,0.0,0,7302.836148410149
2017,24.0,0.0,Mexican American,hs_or_less,low (<1.3x poverty),0.48,0.0,34560.0,0.0,0.0,5760.0,0.0,2.0,30.0,5.9,50.0,0.0,1.0,1.0,0.0,0,15204.119954917634
2017,57.0,1.0,NH White,hs_or_less,middle (1.3-3.5x),1.82,180.0,480.0,0.0,45.0,120.0,3.0,8.0,28.0,5.8,55.0,0.0,1.0,0.0,0.0,0,23005.68915831655
2017,20.0,0.0,NH Black,hs_or_less,low (<1.3x poverty),0.74,2880.0,9600.0,0.0,360.0,2400.0,3.0,3.0,21.6,4.2,49.0,0.0,0.0,0.0,1.0,1,13669.09542825705
2017,41.0,0.0,NH Black,some_college,middle (1.3-3.5x),2.47,240.0,2880.0,0.0,60.0,480.0,2.0,4.0,27.1,4.5,52.0,0.0,0.0,0.0,0.0,0,7274.2798889823325
2017,65.0,1.0,NH White,some_college,middle (1.3-3.5x),2.91,240.0,0.0,0.0,60.0,0.0,2.0,6.0,31.9,5.6,64.0,0.0,0.0,1.0,0.0,0,40432.067500609126
2017,60.0,1.0,Other Hispanic,hs_or_less,high (>3.5x),5.0,0.0,0.0,0.0,0.0,0.0,0.0,8.0,26.6,5.6,54.0,0.0,0.0,0.0,0.0,0,7197.630245261825
2017,56.0,0.0,Other Hispanic,hs_or_less,low (<1.3x poverty),0.87,1440.0,0.0,0.0,240.0,0.0,2.0,3.0,30.7,5.3,43.0,0.0,0.0,1.0,0.0,1,30120.4891095597
2017,35.0,1.0,NH White,some_college,high (>3.5x),3.92,3600.0,540.0,0.0,540.0,135.0,6.0,10.0,35.9,5.0,63.0,0.0,0.0,1.0,0.0,1,51257.43980709435
2017,50.0,0.0,NH Black,college_plus,high (>3.5x),5.0,3600.0,0.0,0.0,540.0,0.0,5.0,4.0,34.0,6.1,47.0,0.0,1.0,1.0,0.0,1,7563.507316956722
2017,49.0,0.0,NH White,college_plus,high (>3.5x),5.0,400.0,0.0,0.0,50.0,0.0,2.0,5.0,28.7,7.4,48.0,1.0,1.0,0.0,1.0,0,142494.72292585354
2017,57.0,0.0,NH White,college_plus,middle (1.3-3.5x),1.78,0.0,880.0,0.0,0.0,200.0,0.0,3.0,44.2,5.3,38.0,0.0,0.0,1.0,0.0,0,23181.79751574387
2017,57.0,0.0,NH White,some_college,high (>3.5x),5.0,1620.0,6240.0,0.0,225.0,1080.0,7.0,3.0,30.7,5.3,50.0,0.0,0.0,1.0,0.0,1,39359.72917491235
2017,59.0,0.0,NH White,college_plus,high (>3.5x),5.0,2400.0,3120.0,0.0,420.0,510.0,7.0,5.0,22.4,5.4,70.0,0.0,0.0,0.0,0.0,1,58507.25381337802
2017,59.0,0.0,NH White,some_college,low (<1.3x poverty),1.1,0.0,0.0,0.0,0.0,0.0,0.0,8.0,23.2,5.8,67.0,0.0,1.0,0.0,1.0,0,14203.461592422458
2017,41.0,0.0,NH White,some_college,middle (1.3-3.5x),1.88,0.0,0.0,0.0,0.0,0.0,0.0,8.0,38.7,5.8,48.0,0.0,1.0,1.0,1.0,0,16980.719069646548
2017,59.0,1.0,NH White,college_plus,high (>3.5x),3.69,1200.0,14400.0,0.0,180.0,3600.0,4.0,8.0,22.1,4.9,80.0,0.0,0.0,0.0,0.0,1,101333.30369273348
2017,39.0,1.0,NH Black,college_plus,high (>3.5x),5.0,0.0,0.0,0.0,0.0,0.0,0.0,15.0,37.1,4.9,66.0,0.0,0.0,1.0,0.0,0,30596.33097641284
2017,36.0,1.0,NH White,some_college,middle (1.3-3.5x),1.48,0.0,0.0,0.0,0.0,0.0,0.0,9.0,33.8,5.3,46.0,0.0,0.0,1.0,1.0,0,51937.628685070245
2017,64.0,0.0,NH Asian,hs_or_less,high (>3.5x),5.0,0.0,0.0,0.0,0.0,0.0,0.0,11.0,27.7,5.2,68.0,1.0,1.0,0.0,0.0,0,5680.69193223599
2017,24.0,1.0,NH Black,some_college,low (<1.3x poverty),1.21,5040.0,0.0,360.0,900.0,0.0,5.0,10.0,39.1,5.8,45.0,0.0,1.0,1.0,0.0,1,13743.176175590297
2017,33.0,0.0,NH Asian,college_plus,high (>3.5x),4.93,0.0,0.0,0.0,0.0,0.0,0.0,14.0,24.9,5.1,33.0,0.0,0.0,0.0,0.0,0,18145.644195324992
2017,65.0,1.0,NH Black,some_college,high (>3.5x),5.0,320.0,0.0,0.0,40.0,0.0,2.0,10.0,27.3,5.5,53.0,0.0,0.0,0.0,0.0,0,6090.215853446971
2017,52.0,0.0,Other Hispanic,college_plus,low (<1.3x poverty),0.81,0.0,0.0,0.0,0.0,0.0,0.0,4.0,30.6,5.5,40.0,0.0,0.0,1.0,1.0,0,30458.216245393378
2017,25.0,1.0,NH White,some_college,middle (1.3-3.5x),1.44,360.0,13440.0,240.0,90.0,2880.0,3.0,2.0,26.3,5.0,48.0,0.0,0.0,0.0,0.0,0,24275.24036178052
2017,21.0,1.0,NH Asian,hs_or_less,low (<1.3x poverty),0.64,0.0,0.0,360.0,0.0,0.0,0.0,5.0,19.3,5.3,66.0,0.0,0.0,0.0,0.0,0,8115.982718159902
2017,38.0,0.0,Mexican American,hs_or_less,low (<1.3x poverty),1.2,0.0,10560.0,0.0,0.0,1920.0,0.0,2.0,26.9,5.2,50.0,0.0,0.0,0.0,0.0,0,12040.5955760264
2017,49.0,1.0,NH Asian,hs_or_less,middle (1.3-3.5x),2.04,0.0,0.0,0.0,0.0,0.0,0.0,8.0,21.8,6.3,48.0,1.0,1.0,0.0,0.0,0,5232.599606628252
2017,62.0,1.0,NH Black,some_college,low (<1.3x poverty),1.21,0.0,3840.0,0.0,0.0,480.0,0.0,12.0,23.9,5.6,,0.0,0.0,0.0,0.0,0,3342.9422058888213
2017,63.0,0.0,NH White,hs_or_less,high (>3.5x),5.0,480.0,0.0,0.0,120.0,0.0,1.0,5.0,25.2,6.2,48.0,0.0,1.0,0.0,0.0,0,42203.19808097961
2017,60.0,0.0,NH Black,some_college,middle (1.3-3.5x),1.79,2160.0,0.0,360.0,360.0,0.0,6.0,5.0,25.8,5.9,71.0,0.0,1.0,0.0,0.0,1,3003.4017531891664
2017,34.0,1.0,Other Hispanic,some_college,middle (1.3-3.5x),3.33,0.0,0.0,0.0,0.0,0.0,0.0,7.0,33.5,5.6,52.0,0.0,0.0,1.0,0.0,0,15465.376027857992
2017,30.0,0.0,Other Hispanic,hs_or_less,low (<1.3x poverty),1.19,0.0,0.0,0.0,0.0,0.0,0.0,4.0,30.1,5.2,29.0,0.0,0.0,1.0,0.0,0,22661.551700602777
2017,28.0,0.0,NH Black,hs_or_less,middle (1.3-3.5x),2.6,120.0,17400.0,0.0,30.0,2250.0,2.0,2.0,28.0,5.5,57.0,0.0,0.0,0.0,0.0,0,31499.350299615704
2017,38.0,1.0,Other Hispanic,hs_or_less,middle (1.3-3.5x),2.29,160.0,1920.0,0.0,40.0,480.0,2.0,3.0,30.4,4.9,60.0,0.0,0.0,1.0,0.0,0,23229.868271515916
2017,26.0,1.0,NH White,some_college,high (>3.5x),5.0,0.0,1440.0,0.0,0.0,360.0,0.0,4.0,28.6,4.6,43.0,0.0,0.0,0.0,0.0,0,42640.26048103776
2017,50.0,0.0,Mexican American,hs_or_less,low (<1.3x poverty),0.1,0.0,0.0,0.0,0.0,0.0,0.0,8.0,32.8,5.3,73.0,0.0,0.0,1.0,1.0,0,13359.683185772275
2017,27.0,0.0,NH Black,hs_or_less,low (<1.3x poverty),1.02,1920.0,0.0,0.0,240.0,0.0,2.0,8.0,23.1,5.8,40.0,0.0,1.0,0.0,1.0,1,10347.313463240778
2017,27.0,0.0,NH White,hs_or_less,middle (1.3-3.5x),1.59,2400.0,5760.0,0.0,360.0,1260.0,4.0,2.0,26.8,5.4,35.0,0.0,0.0,0.0,0.0,1,26016.731134737172
2017,46.0,0.0,Other Hispanic,hs_or_less,low (<1.3x poverty),1.29,0.0,40.0,120.0,0.0,10.0,0.0,5.0,26.3,5.3,41.0,0.0,0.0,0.0,0.0,0,29685.325982907
2017,55.0,1.0,NH White,hs_or_less,middle (1.3-3.5x),1.93,0.0,0.0,0.0,0.0,0.0,0.0,2.0,23.2,5.3,58.0,0.0,0.0,0.0,0.0,0,62086.73583898976
2017,26.0,1.0,NH Asian,college_plus,low (<1.3x poverty),0.08,0.0,0.0,200.0,0.0,0.0,0.0,10.0,25.0,4.7,54.0,0.0,0.0,0.0,0.0,0,10089.948832700558
2017,55.0,0.0,NH Asian,college_plus,high (>3.5x),5.0,4320.0,0.0,0.0,600.0,0.0,4.0,7.0,25.8,5.8,38.0,0.0,1.0,0.0,0.0,1,6419.73473437062
2017,57.0,1.0,Other Hispanic,college_plus,high (>3.5x),5.0,480.0,4800.0,0.0,60.0,1200.0,3.0,1.0,32.9,5.8,48.0,0.0,1.0,1.0,0.0,0,16430.957121241907
2017,50.0,0.0,NH White,hs_or_less,high (>3.5x),5.0,1800.0,0.0,1440.0,315.0,0.0,6.0,8.0,26.5,5.3,41.0,0.0,0.0,0.0,0.0,1,10104.450684009485
2017,31.0,1.0,NH White,some_college,middle (1.3-3.5x),1.44,1920.0,7200.0,0.0,240.0,900.0,4.0,7.0,21.8,5.2,57.0,0.0,0.0,0.0,0.0,1,51582.64601639063
2017,36.0,1.0,NH Black,some_college,low (<1.3x poverty),0.73,0.0,0.0,0.0,0.0,0.0,0.0,5.0,30.7,5.2,44.0,0.0,0.0,1.0,0.0,0,6221.692432885533
2017,28.0,1.0,NH Black,college_plus,high (>3.5x),4.98,0.0,80.0,0.0,0.0,20.0,0.0,6.0,22.8,4.7,66.0,0.0,0.0,0.0,0.0,0,23969.138389295167
2017,58.0,1.0,NH Black,hs_or_less,low (<1.3x poverty),1.08,480.0,240.0,0.0,60.0,60.0,2.0,9.0,28.1,5.7,96.0,1.0,1.0,0.0,0.0,0,13934.265713925319
2017,26.0,1.0,NH Black,some_college,high (>3.5x),5.0,0.0,4800.0,0.0,0.0,1200.0,0.0,4.0,32.7,5.2,68.0,0.0,0.0,1.0,0.0,0,15685.904335065914
2017,33.0,1.0,NH White,college_plus,high (>3.5x),5.0,1800.0,0.0,0.0,225.0,0.0,5.0,3.0,22.6,5.1,73.0,0.0,0.0,0.0,0.0,1,47717.947679131474
2017,61.0,0.0,NH Black,some_college,middle (1.3-3.5x),1.82,0.0,0.0,0.0,0.0,0.0,0.0,8.0,29.9,6.3,63.0,0.0,1.0,0.0,0.0,0,4703.842928928726
2017,34.0,1.0,NH Black,some_college,low (<1.3x poverty),0.62,0.0,9600.0,0.0,0.0,1500.0,0.0,2.0,33.7,5.2,54.0,0.0,0.0,1.0,0.0,0,11152.001799791717
2017,52.0,0.0,NH Asian,college_plus,high (>3.5x),3.73,0.0,0.0,0.0,0.0,0.0,0.0,8.0,26.8,5.4,40.0,0.0,0.0,0.0,0.0,0,6797.971965100198
2017,53.0,0.0,Mexican American,some_college,low (<1.3x poverty),0.99,0.0,1440.0,0.0,0.0,240.0,0.0,7.0,33.6,5.4,47.0,0.0,0.0,1.0,0.0,0,22493.553478291968
2017,26.0,1.0,NH Asian,college_plus,high (>3.5x),4.78,240.0,0.0,300.0,60.0,0.0,2.0,6.0,22.3,5.1,65.0,0.0,0.0,0.0,0.0,0,10089.948832700558
2017,51.0,0.0,NH Black,hs_or_less,high (>3.5x),4.81,0.0,3360.0,0.0,0.0,600.0,0.0,10.0,18.2,5.5,54.0,0.0,0.0,0.0,0.0,0,14516.167389828137
2017,24.0,0.0,Mexican American,college_plus,middle (1.3-3.5x),1.82,1440.0,1920.0,0.0,225.0,480.0,6.0,8.0,32.1,5.3,48.0,0.0,0.0,1.0,0.0,1,31378.842918080987
2017,42.0,0.0,NH Black,hs_or_less,middle (1.3-3.5x),1.33,0.0,1440.0,0.0,0.0,180.0,0.0,3.0,33.0,7.0,42.0,1.0,1.0,1.0,0.0,0,10759.07382915164
2017,59.0,0.0,NH Asian,college_plus,high (>3.5x),5.0,600.0,0.0,0.0,75.0,0.0,3.0,9.0,24.7,5.9,59.0,0.0,1.0,0.0,0.0,1,5863.109279128934
2017,31.0,1.0,NH Black,some_college,middle (1.3-3.5x),1.52,0.0,0.0,0.0,0.0,0.0,0.0,10.0,34.8,5.2,29.0,0.0,0.0,1.0,0.0,0,12994.226944789312
2017,52.0,1.0,NH Black,some_college,middle (1.3-3.5x),1.66,240.0,0.0,0.0,60.0,0.0,3.0,12.0,49.0,6.3,51.0,0.0,1.0,1.0,0.0,0,10363.080926816598
2017,28.0,1.0,NH Black,some_college,low (<1.3x poverty),0.58,480.0,12000.0,160.0,60.0,2700.0,1.0,2.0,19.1,5.5,84.0,0.0,0.0,0.0,0.0,0,16023.478909333675
2017,60.0,0.0,NH White,some_college,low (<1.3x poverty),5.397605346934028e-79,0.0,0.0,0.0,0.0,0.0,0.0,6.0,26.7,5.7,54.0,0.0,1.0,0.0,0.0,0,10371.733005215554
2017,31.0,1.0,NH Black,some_college,high (>3.5x),5.0,240.0,0.0,0.0,60.0,0.0,2.0,7.0,53.2,5.3,54.0,0.0,0.0,1.0,0.0,0,8378.253033397206
2017,44.0,1.0,Other/Multi,some_college,middle (1.3-3.5x),3.49,540.0,0.0,0.0,135.0,0.0,3.0,8.0,29.2,5.6,55.0,0.0,0.0,0.0,1.0,0,54390.16511494647
2017,31.0,1.0,Other Hispanic,college_plus,middle (1.3-3.5x),2.39,240.0,0.0,0.0,60.0,0.0,2.0,5.0,40.5,4.9,43.0,0.0,0.0,1.0,1.0,0,28226.042185058435
2017,38.0,0.0,Mexican American,some_college,low (<1.3x poverty),1.09,0.0,7200.0,0.0,0.0,1800.0,0.0,3.0,32.5,5.7,48.0,0.0,1.0,1.0,1.0,0,49875.01737993844
2017,56.0,0.0,Other/Multi,college_plus,high (>3.5x),4.68,480.0,9600.0,0.0,120.0,1500.0,1.0,2.0,28.8,5.4,55.0,0.0,0.0,0.0,0.0,0,104200.70830026233
2017,20.0,1.0,NH White,some_college,low (<1.3x poverty),0.37,0.0,720.0,0.0,0.0,180.0,0.0,8.0,18.8,5.3,55.0,0.0,0.0,0.0,0.0,0,32059.411075425603
2017,51.0,0.0,NH Asian,college_plus,high (>3.5x),5.0,480.0,0.0,3600.0,120.0,0.0,2.0,12.0,30.7,6.0,46.0,0.0,1.0,1.0,0.0,0,4221.61155572968
2017,43.0,0.0,NH Asian,college_plus,low (<1.3x poverty),0.58,1920.0,0.0,0.0,300.0,0.0,5.0,10.0,27.9,5.5,38.0,0.0,0.0,0.0,0.0,1,11927.331793452433
2017,65.0,0.0,Mexican American,hs_or_less,middle (1.3-3.5x),1.95,0.0,0.0,720.0,0.0,0.0,0.0,4.0,30.0,6.0,51.0,1.0,1.0,1.0,0.0,0,7753.405162323584
2017,63.0,1.0,Mexican American,some_college,low (<1.3x poverty),0.82,0.0,0.0,0.0,0.0,0.0,0.0,3.0,24.5,6.8,53.0,1.0,1.0,0.0,1.0,0,5949.900920341576
2017,44.0,1.0,Other/Multi,some_college,low (<1.3x poverty),0.93,0.0,9200.0,2400.0,0.0,1900.0,0.0,2.0,35.0,5.0,54.0,0.0,0.0,1.0,0.0,0,19870.665769134335
2017,29.0,1.0,NH Black,some_college,middle (1.3-3.5x),1.7,0.0,5040.0,0.0,0.0,660.0,0.0,1.0,39.1,5.0,57.0,0.0,0.0,1.0,1.0,0,13223.041584318835
2017,45.0,1.0,NH Asian,hs_or_less,middle (1.3-3.5x),1.39,480.0,0.0,0.0,120.0,0.0,2.0,5.0,21.4,5.2,57.0,0.0,0.0,0.0,1.0,0,7599.196408007417
2017,40.0,1.0,NH Asian,college_plus,high (>3.5x),5.0,960.0,0.0,0.0,150.0,0.0,4.0,8.0,22.4,5.4,61.0,0.0,0.0,0.0,0.0,1,5207.307767018506
2017,53.0,1.0,NH Black,college_plus,high (>3.5x),5.0,120.0,0.0,0.0,30.0,0.0,1.0,11.0,28.6,6.0,60.0,0.0,1.0,0.0,0.0,0,20992.288290697288
2017,29.0,0.0,Mexican American,hs_or_less,low (<1.3x poverty),0.8,540.0,0.0,0.0,135.0,0.0,3.0,4.0,23.2,5.2,51.0,0.0,0.0,0.0,1.0,0,9613.978826358285
2017,44.0,1.0,Mexican American,hs_or_less,middle (1.3-3.5x),1.36,2400.0,19200.0,0.0,420.0,3840.0,7.0,2.0,32.5,6.5,48.0,1.0,1.0,1.0,1.0,1,6813.104972926174
2017,61.0,0.0,Mexican American,hs_or_less,high (>3.5x),5.0,0.0,960.0,480.0,0.0,240.0,0.0,8.0,34.4,9.0,55.0,1.0,1.0,1.0,1.0,0,3462.0807017579223
2017,58.0,0.0,NH Black,hs_or_less,middle (1.3-3.5x),1.86,0.0,4800.0,0.0,0.0,1200.0,0.0,3.0,28.0,5.7,95.0,0.0,1.0,0.0,0.0,0,7322.457801022389
2017,52.0,0.0,NH White,hs_or_less,middle (1.3-3.5x),1.32,0.0,19200.0,0.0,0.0,3000.0,0.0,3.0,34.4,5.2,56.0,0.0,0.0,1.0,1.0,0,11244.105830966113
2017,45.0,1.0,NH Asian,college_plus,high (>3.5x),4.69,1360.0,300.0,0.0,200.0,75.0,6.0,7.0,33.7,5.8,67.0,0.0,1.0,1.0,0.0,1,9568.83183166949
2017,55.0,0.0,NH Asian,hs_or_less,middle (1.3-3.5x),1.36,0.0,0.0,0.0,0.0,0.0,0.0,0.5,24.3,5.7,35.0,0.0,1.0,0.0,0.0,0,7907.514366851191
2017,40.0,1.0,Mexican American,hs_or_less,low (<1.3x poverty),1.09,0.0,0.0,1200.0,0.0,0.0,0.0,3.0,28.0,5.0,56.0,0.0,0.0,0.0,0.0,0,27088.89775295459
2017,54.0,0.0,NH White,hs_or_less,middle (1.3-3.5x),2.77,0.0,14400.0,0.0,0.0,3600.0,0.0,6.0,22.8,5.7,54.0,0.0,1.0,0.0,0.0,0,12416.636674079624
2017,26.0,1.0,Other/Multi,college_plus,high (>3.5x),5.0,240.0,0.0,0.0,60.0,0.0,1.0,3.0,21.9,5.2,42.0,0.0,0.0,0.0,0.0,0,19232.339398259428
2017,65.0,0.0,Other Hispanic,hs_or_less,middle (1.3-3.5x),1.87,2880.0,14400.0,0.0,480.0,3600.0,7.0,0.3333333333333333,28.8,6.1,38.0,1.0,1.0,0.0,0.0,1,3757.104736088434
2017,27.0,1.0,Other Hispanic,college_plus,high (>3.5x),4.12,2280.0,0.0,0.0,330.0,0.0,7.0,8.0,25.1,5.5,64.0,0.0,0.0,0.0,0.0,1,33986.16424840097
2017,61.0,1.0,NH Black,hs_or_less,high (>3.5x),5.0,1440.0,0.0,0.0,360.0,0.0,3.0,7.0,34.9,5.4,,0.0,0.0,1.0,0.0,1,10055.050928619185
2017,47.0,0.0,Mexican American,hs_or_less,low (<1.3x poverty),1.11,0.0,0.0,0.0,0.0,0.0,0.0,6.0,29.8,12.1,22.0,1.0,1.0,0.0,1.0,0,28444.22535472454
2017,26.0,0.0,NH Black,hs_or_less,high (>3.5x),4.16,1440.0,1920.0,1440.0,300.0,240.0,6.0,3.0,25.1,5.1,88.0,0.0,0.0,0.0,0.0,1,22727.030573919503
2017,27.0,1.0,NH Asian,some_college,middle (1.3-3.5x),2.94,1440.0,0.0,0.0,180.0,0.0,3.0,10.0,31.0,5.9,37.0,0.0,1.0,1.0,0.0,1,11310.459691138247
2017,32.0,1.0,Other/Multi,some_college,low (<1.3x poverty),0.28,0.0,15840.0,0.0,0.0,3480.0,0.0,3.0,35.0,5.3,36.0,0.0,0.0,1.0,1.0,0,21934.00079436375
2017,45.0,0.0,Mexican American,hs_or_less,middle (1.3-3.5x),3.38,1560.0,400.0,0.0,255.0,100.0,5.0,5.0,27.2,5.3,59.0,0.0,0.0,0.0,0.0,1,18618.472024452807
2017,20.0,1.0,NH Black,some_college,low (<1.3x poverty),1.14,960.0,14400.0,0.0,150.0,3600.0,4.0,10.0,32.0,5.3,41.0,0.0,0.0,1.0,0.0,1,20837.68905482317
2017,57.0,1.0,NH Black,hs_or_less,low (<1.3x poverty),0.12,720.0,1200.0,0.0,180.0,300.0,3.0,2.0,31.6,6.2,47.0,0.0,1.0,1.0,1.0,1,12597.223537215068
2017,29.0,0.0,NH Black,some_college,middle (1.3-3.5x),1.58,0.0,0.0,0.0,0.0,0.0,0.0,8.0,25.1,5.3,37.0,0.0,0.0,0.0,0.0,0,10316.973861293502
2017,26.0,1.0,Mexican American,hs_or_less,middle (1.3-3.5x),1.97,4320.0,0.0,0.0,720.0,0.0,6.0,3.0,41.0,5.5,51.0,0.0,0.0,1.0,0.0,1,24128.485307454735
2017,57.0,0.0,NH Black,hs_or_less,middle (1.3-3.5x),1.44,0.0,0.0,2160.0,0.0,0.0,0.0,3.0,24.5,5.5,121.0,0.0,0.0,0.0,1.0,0,13017.825700553747
2017,43.0,0.0,Other/Multi,some_college,low (<1.3x poverty),0.59,2880.0,23040.0,600.0,480.0,2880.0,6.0,2.0,26.7,5.6,54.0,0.0,0.0,0.0,1.0,1,21066.87775675495
2017,39.0,1.0,NH Black,hs_or_less,low (<1.3x poverty),1.07,0.0,0.0,0.0,0.0,0.0,0.0,5.0,20.9,5.3,89.0,0.0,0.0,0.0,0.0,0,26692.981474064953
2017,47.0,0.0,Mexican American,hs_or_less,low (<1.3x poverty),0.04,720.0,13200.0,600.0,120.0,2100.0,2.0,3.0,35.9,6.3,40.0,0.0,1.0,1.0,1.0,1,10124.450393192417
2017,27.0,1.0,NH Black,some_college,low (<1.3x poverty),0.85,0.0,0.0,0.0,0.0,0.0,0.0,14.0,31.9,5.9,55.0,0.0,1.0,1.0,0.0,0,17125.253522100513
2017,48.0,0.0,Mexican American,hs_or_less,middle (1.3-3.5x),1.89,0.0,6240.0,0.0,0.0,960.0,0.0,3.0,31.3,8.8,31.0,1.0,1.0,1.0,0.0,0,8179.2584841667995
2017,52.0,1.0,NH White,some_college,low (<1.3x poverty),0.75,240.0,0.0,0.0,60.0,0.0,3.0,10.0,27.7,5.3,71.0,0.0,0.0,0.0,1.0,0,98489.34218597697
2017,48.0,1.0,NH White,some_college,high (>3.5x),4.86,600.0,720.0,0.0,150.0,180.0,5.0,2.0,28.7,5.7,90.0,0.0,1.0,0.0,0.0,1,65901.14764849235
2017,27.0,1.0,Mexican American,college_plus,low (<1.3x poverty),1.2,0.0,0.0,0.0,0.0,0.0,0.0,4.0,28.3,5.6,59.0,0.0,0.0,0.0,0.0,0,24941.4853248451
2017,59.0,0.0,NH White,college_plus,middle (1.3-3.5x),2.47,0.0,8400.0,600.0,0.0,1500.0,0.0,4.0,27.8,5.7,32.0,0.0,1.0,0.0,0.0,0,102193.10940314461
2017,64.0,0.0,NH White,hs_or_less,high (>3.5x),5.0,0.0,3600.0,0.0,0.0,900.0,0.0,6.0,29.2,5.4,42.0,0.0,0.0,0.0,0.0,0,55897.76339386571
2017,51.0,1.0,NH White,some_college,middle (1.3-3.5x),3.29,0.0,160.0,0.0,0.0,40.0,0.0,6.0,32.9,5.8,40.0,0.0,1.0,1.0,0.0,0,33760.66827381391
2017,32.0,0.0,NH White,hs_or_less,low (<1.3x poverty),1.02,1440.0,0.0,0.0,360.0,0.0,2.0,14.0,33.1,5.2,38.0,0.0,0.0,1.0,0.0,1,19831.3538474543
2017,65.0,0.0,NH Black,some_college,middle (1.3-3.5x),2.16,0.0,0.0,0.0,0.0,0.0,0.0,4.0,17.7,5.5,86.0,0.0,0.0,0.0,0.0,0,5417.546305760236
2017,32.0,1.0,NH Black,some_college,middle (1.3-3.5x),2.28,4440.0,6000.0,6000.0,630.0,1500.0,7.0,10.0,36.2,5.9,49.0,0.0,1.0,1.0,1.0,1,13081.238854322955
2017,27.0,1.0,Mexican American,hs_or_less,middle (1.3-3.5x),1.54,0.0,9600.0,5760.0,0.0,1200.0,0.0,1.0,24.4,4.9,67.0,0.0,0.0,0.0,0.0,0,36728.50149529281
2017,64.0,0.0,NH Asian,some_college,middle (1.3-3.5x),1.79,0.0,0.0,0.0,0.0,0.0,0.0,5.0,25.4,6.1,40.0,0.0,1.0,0.0,0.0,0,2594.717522047318
2017,48.0,1.0,NH Asian,college_plus,high (>3.5x),3.85,360.0,0.0,960.0,90.0,0.0,3.0,3.0,20.7,5.4,60.0,0.0,0.0,0.0,0.0,0,10164.53513381131
2017,57.0,1.0,NH White,hs_or_less,high (>3.5x),5.0,320.0,0.0,0.0,80.0,0.0,4.0,4.0,28.3,5.6,54.0,0.0,0.0,0.0,0.0,0,197360.50490089098
2017,31.0,1.0,NH Asian,college_plus,middle (1.3-3.5x),2.79,0.0,0.0,0.0,0.0,0.0,0.0,10.0,29.5,5.7,41.0,0.0,1.0,0.0,0.0,0,7582.897427403713
2017,29.0,1.0,Mexican American,hs_or_less,low (<1.3x poverty),1.25,0.0,3600.0,0.0,0.0,600.0,0.0,4.0,35.7,5.0,46.0,0.0,0.0,1.0,0.0,0,47043.54671874345
2017,62.0,0.0,NH Black,hs_or_less,middle (1.3-3.5x),1.57,0.0,0.0,0.0,0.0,0.0,0.0,6.0,43.3,5.4,66.0,0.0,0.0,1.0,0.0,0,5127.98223453702
2017,54.0,0.0,Other/Multi,some_college,high (>3.5x),5.0,0.0,1200.0,0.0,0.0,210.0,0.0,4.0,31.5,5.6,36.0,0.0,0.0,1.0,0.0,0,6985.885285508835
2017,22.0,0.0,NH White,some_college,middle (1.3-3.5x),1.69,960.0,34560.0,0.0,120.0,5760.0,2.0,4.0,24.5,5.3,57.0,0.0,0.0,0.0,0.0,1,37136.813707713634
2017,33.0,1.0,NH Asian,hs_or_less,low (<1.3x poverty),1.02,0.0,1200.0,0.0,0.0,300.0,0.0,3.0,21.5,5.5,45.0,0.0,0.0,0.0,0.0,0,12193.154575060522
2017,49.0,1.0,NH White,hs_or_less,middle (1.3-3.5x),1.75,0.0,0.0,0.0,0.0,0.0,0.0,2.0,22.1,5.2,48.0,0.0,0.0,0.0,0.0,0,27252.322478733677
2017,61.0,1.0,NH White,hs_or_less,middle (1.3-3.5x),3.04,0.0,0.0,0.0,0.0,0.0,0.0,12.0,31.8,6.2,66.0,0.0,1.0,1.0,0.0,0,49357.548780433506
2017,62.0,1.0,Other Hispanic,college_plus,middle (1.3-3.5x),2.77,0.0,0.0,0.0,0.0,0.0,0.0,5.0,34.8,5.4,77.0,0.0,0.0,1.0,0.0,0,6816.173945740429
2017,57.0,1.0,NH White,college_plus,high (>3.5x),5.0,920.0,0.0,0.0,140.0,0.0,4.0,8.0,28.2,5.2,58.0,0.0,0.0,0.0,0.0,1,68859.75058124599
2017,65.0,0.0,NH White,hs_or_less,middle (1.3-3.5x),2.33,0.0,4320.0,0.0,0.0,720.0,0.0,8.0,43.3,5.6,36.0,0.0,0.0,1.0,0.0,0,32279.818511999296
2017,38.0,0.0,Other Hispanic,hs_or_less,middle (1.3-3.5x),2.67,2800.0,0.0,0.0,400.0,0.0,7.0,2.0,26.7,5.5,54.0,0.0,0.0,0.0,0.0,1,24945.471529886105
2017,36.0,0.0,NH Asian,college_plus,high (>3.5x),5.0,120.0,0.0,200.0,30.0,0.0,1.0,5.0,26.7,5.9,40.0,0.0,1.0,0.0,0.0,0,15505.104064731711
2017,60.0,0.0,Other/Multi,hs_or_less,low (<1.3x poverty),1.05,0.0,0.0,0.0,0.0,0.0,0.0,4.0,41.5,8.6,40.0,1.0,1.0,1.0,0.0,0,7036.709602482366
2017,47.0,0.0,NH Black,hs_or_less,low (<1.3x poverty),1.13,0.0,2880.0,80.0,0.0,360.0,0.0,7.0,24.2,5.6,38.0,0.0,0.0,0.0,0.0,0,9742.12769447217
2017,23.0,1.0,NH Asian,college_plus,low (<1.3x poverty),5.397605346934028e-79,480.0,0.0,600.0,120.0,0.0,2.0,8.0,19.6,5.2,61.0,0.0,0.0,0.0,0.0,0,12379.20839821376
2017,55.0,0.0,NH Black,some_college,middle (1.3-3.5x),2.24,0.0,7200.0,0.0,0.0,1800.0,0.0,3.0,40.8,6.0,52.0,0.0,1.0,1.0,1.0,0,11890.251898078714
2017,54.0,0.0,NH Asian,college_plus,high (>3.5x),5.0,5760.0,240.0,0.0,960.0,30.0,7.0,8.0,25.8,5.9,56.0,1.0,1.0,0.0,0.0,1,8366.721771467799
2017,55.0,1.0,NH Asian,college_plus,high (>3.5x),5.0,0.0,0.0,0.0,0.0,0.0,0.0,8.0,22.5,5.5,68.0,0.0,0.0,0.0,0.0,0,6914.401773263072
2017,32.0,1.0,Other Hispanic,hs_or_less,low (<1.3x poverty),0.87,0.0,0.0,0.0,0.0,0.0,0.0,2.0,39.3,5.7,41.0,0.0,1.0,1.0,0.0,0,24092.49310383616
2017,38.0,1.0,NH White,some_college,low (<1.3x poverty),1.19,0.0,0.0,0.0,0.0,0.0,0.0,18.0,38.1,5.8,39.0,0.0,1.0,1.0,0.0,0,16513.905445372086
2017,51.0,0.0,NH White,hs_or_less,low (<1.3x poverty),0.92,0.0,4800.0,0.0,0.0,900.0,0.0,1.0,24.9,6.1,66.0,0.0,1.0,0.0,0.0,0,17214.506469361844
2017,32.0,0.0,Mexican American,college_plus,high (>3.5x),5.0,0.0,0.0,0.0,0.0,0.0,0.0,14.0,33.4,5.7,49.0,0.0,1.0,1.0,0.0,0,22744.599307544282
2017,45.0,0.0,NH Asian,college_plus,low (<1.3x poverty),0.32,0.0,7920.0,0.0,0.0,1740.0,0.0,3.0,27.0,5.9,33.0,0.0,1.0,0.0,0.0,0,5053.485141979451
2017,48.0,0.0,NH Asian,college_plus,high (>3.5x),5.0,1080.0,0.0,0.0,210.0,0.0,7.0,10.0,26.5,5.4,42.0,0.0,0.0,0.0,0.0,1,10270.833624151748
2017,56.0,1.0,NH White,some_college,low (<1.3x poverty),0.16,240.0,0.0,0.0,60.0,0.0,2.0,6.0,29.7,5.6,90.0,0.0,0.0,0.0,0.0,0,22567.53740796092
2017,52.0,0.0,Mexican American,hs_or_less,middle (1.3-3.5x),2.02,0.0,18000.0,0.0,0.0,3000.0,0.0,4.0,26.1,5.6,46.0,0.0,0.0,0.0,1.0,0,5518.586702843221
2017,37.0,1.0,Other/Multi,some_college,low (<1.3x poverty),1.25,0.0,0.0,200.0,0.0,0.0,0.0,4.0,35.1,5.7,81.0,0.0,1.0,1.0,0.0,0,27538.43668789215
2017,27.0,1.0,NH Black,college_plus,high (>3.5x),3.98,5760.0,0.0,0.0,960.0,0.0,7.0,10.0,43.7,5.7,75.0,0.0,1.0,1.0,0.0,1,18079.550168593436
2017,38.0,1.0,NH Black,college_plus,low (<1.3x poverty),0.62,2880.0,0.0,0.0,450.0,0.0,5.0,5.0,26.5,5.4,78.0,0.0,0.0,0.0,0.0,1,14329.153315226547
2017,35.0,1.0,NH White,college_plus,middle (1.3-3.5x),2.64,2000.0,360.0,0.0,280.0,90.0,6.0,5.0,34.7,5.3,65.0,0.0,0.0,1.0,0.0,1,35225.003251025475
2017,50.0,0.0,Other Hispanic,some_college,high (>3.5x),5.0,1920.0,0.0,0.0,330.0,0.0,7.0,9.0,29.9,5.4,78.0,0.0,0.0,0.0,0.0,1,27621.345128395435
2017,55.0,0.0,NH White,hs_or_less,low (<1.3x poverty),0.55,0.0,120.0,0.0,0.0,30.0,0.0,0.25,39.8,8.9,43.0,1.0,1.0,1.0,1.0,0,12616.630543004356
2017,38.0,0.0,Mexican American,hs_or_less,low (<1.3x poverty),0.12,0.0,360.0,0.0,0.0,45.0,0.0,4.0,28.1,5.7,45.0,0.0,1.0,0.0,0.0,0,16900.09530586163
2017,46.0,0.0,NH White,some_college,middle (1.3-3.5x),2.41,0.0,4800.0,0.0,0.0,900.0,0.0,2.0,22.7,5.6,44.0,0.0,0.0,0.0,0.0,0,57457.654718774014
2017,28.0,1.0,NH Black,hs_or_less,low (<1.3x poverty),0.18,1440.0,0.0,160.0,180.0,0.0,3.0,3.0,25.4,5.4,58.0,0.0,0.0,0.0,0.0,1,15572.400238496797
2017,57.0,0.0,NH Asian,some_college,low (<1.3x poverty),0.2,0.0,240.0,240.0,0.0,60.0,0.0,2.0,21.7,5.6,34.0,0.0,0.0,0.0,0.0,0,6792.809519721863
2017,53.0,0.0,NH Asian,college_plus,high (>3.5x),3.92,360.0,0.0,240.0,90.0,0.0,3.0,5.0,21.1,5.7,80.0,0.0,1.0,0.0,0.0,0,7784.532183705517
2017,20.0,0.0,NH White,some_college,high (>3.5x),5.0,0.0,0.0,0.0,0.0,0.0,0.0,9.0,33.5,4.9,41.0,0.0,0.0,1.0,0.0,0,72622.66845247884
2017,47.0,1.0,Mexican American,hs_or_less,middle (1.3-3.5x),2.0,0.0,0.0,400.0,0.0,0.0,0.0,4.0,29.9,6.3,66.0,1.0,1.0,0.0,0.0,0,16116.865868446825
2017,33.0,1.0,NH White,college_plus,high (>3.5x),5.0,0.0,0.0,0.0,0.0,0.0,0.0,10.0,23.5,5.1,70.0,0.0,0.0,0.0,0.0,0,75894.23620380317
2017,53.0,1.0,NH Asian,hs_or_less,high (>3.5x),5.0,720.0,0.0,0.0,180.0,0.0,3.0,5.0,28.3,5.6,75.0,0.0,0.0,0.0,0.0,1,10346.938349162667
2017,45.0,0.0,NH White,hs_or_less,low (<1.3x poverty),1.11,200.0,28800.0,0.0,40.0,3600.0,2.0,1.0,21.8,5.3,48.0,1.0,1.0,0.0,0.0,0,12928.084744474045
2017,43.0,1.0,NH Black,some_college,low (<1.3x poverty),1.04,0.0,3600.0,0.0,0.0,900.0,0.0,15.0,64.2,5.9,64.0,0.0,1.0,1.0,0.0,0,9597.323251028494
2017,20.0,1.0,Other Hispanic,some_college,high (>3.5x),3.59,640.0,3600.0,0.0,80.0,900.0,2.0,4.0,21.6,4.9,54.0,0.0,0.0,0.0,0.0,1,13408.844933138766
2017,47.0,1.0,NH White,hs_or_less,middle (1.3-3.5x),2.47,720.0,9120.0,0.0,180.0,2040.0,3.0,3.0,39.1,4.9,47.0,0.0,0.0,1.0,0.0,1,8977.796384687335
2017,61.0,1.0,NH Black,some_college,middle (1.3-3.5x),1.57,0.0,3000.0,0.0,0.0,450.0,0.0,8.0,35.8,5.8,61.0,0.0,1.0,1.0,0.0,0,4347.697612333053
2017,62.0,1.0,Other Hispanic,hs_or_less,middle (1.3-3.5x),1.69,0.0,0.0,0.0,0.0,0.0,0.0,1.0,31.3,5.1,42.0,0.0,0.0,1.0,1.0,0,8314.984699245457
2017,57.0,1.0,NH Black,hs_or_less,middle (1.3-3.5x),3.11,0.0,0.0,0.0,0.0,0.0,0.0,9.0,46.3,5.7,50.0,0.0,1.0,1.0,0.0,0,12731.608871625136
2017,53.0,0.0,Mexican American,hs_or_less,high (>3.5x),5.0,0.0,1200.0,0.0,0.0,300.0,0.0,4.0,47.5,6.1,41.0,0.0,1.0,1.0,1.0,0,26691.84238431848
2017,20.0,1.0,Mexican American,some_college,low (<1.3x poverty),0.82,0.0,3600.0,0.0,0.0,900.0,0.0,5.0,21.9,5.2,54.0,0.0,0.0,0.0,0.0,0,18121.843961158436
2017,44.0,1.0,NH White,college_plus,low (<1.3x poverty),1.15,1920.0,0.0,0.0,300.0,0.0,5.0,2.0,20.2,5.4,51.0,0.0,0.0,0.0,0.0,1,36441.63450452733
2017,28.0,0.0,NH Black,hs_or_less,middle (1.3-3.5x),3.25,0.0,18000.0,0.0,0.0,3000.0,0.0,4.0,22.0,5.6,50.0,0.0,0.0,0.0,0.0,0,18825.59580667444
2017,30.0,0.0,NH Asian,college_plus,high (>3.5x),5.0,2400.0,0.0,0.0,360.0,0.0,6.0,10.0,23.4,5.0,48.0,0.0,0.0,0.0,0.0,1,8725.677341577597
2017,63.0,1.0,Other Hispanic,some_college,high (>3.5x),5.0,6480.0,0.0,0.0,1080.0,0.0,6.0,5.0,29.6,5.8,68.0,0.0,1.0,0.0,0.0,1,13544.642567617293
2017,39.0,1.0,Other Hispanic,some_college,low (<1.3x poverty),1.22,0.0,0.0,0.0,0.0,0.0,0.0,1.0,36.2,5.8,72.0,0.0,1.0,1.0,0.0,0,23572.29832797985
2017,54.0,1.0,Other Hispanic,college_plus,middle (1.3-3.5x),3.3,0.0,0.0,0.0,0.0,0.0,0.0,12.0,33.6,5.9,46.0,0.0,1.0,1.0,0.0,0,10999.927304277204
2017,41.0,0.0,NH White,some_college,middle (1.3-3.5x),3.05,0.0,1440.0,0.0,0.0,360.0,0.0,6.0,36.5,6.1,35.0,1.0,1.0,1.0,0.0,0,34904.83465275458
2017,50.0,1.0,Other/Multi,college_plus,middle (1.3-3.5x),2.16,0.0,0.0,0.0,0.0,0.0,0.0,8.0,24.4,5.7,60.0,0.0,1.0,0.0,0.0,0,5087.826281857445
2017,47.0,1.0,NH White,college_plus,high (>3.5x),4.17,2640.0,0.0,0.0,420.0,0.0,7.0,7.0,23.6,5.0,62.0,0.0,0.0,0.0,0.0,1,156317.15998497506
2017,49.0,0.0,NH White,hs_or_less,low (<1.3x poverty),1.19,0.0,0.0,0.0,0.0,0.0,0.0,16.0,25.4,5.5,53.0,0.0,0.0,0.0,1.0,0,13194.790060234864
2017,48.0,1.0,Mexican American,hs_or_less,middle (1.3-3.5x),1.99,0.0,0.0,0.0,0.0,0.0,0.0,5.0,29.8,5.0,41.0,0.0,0.0,0.0,0.0,0,32317.15559336405
2017,64.0,1.0,NH White,some_college,middle (1.3-3.5x),1.73,0.0,360.0,360.0,0.0,90.0,0.0,5.0,31.4,7.5,57.0,1.0,1.0,1.0,0.0,0,4162.907205895611
2017,56.0,1.0,NH White,hs_or_less,middle (1.3-3.5x),1.72,1200.0,1200.0,0.0,300.0,300.0,5.0,4.0,24.8,5.7,60.0,0.0,1.0,0.0,1.0,1,19548.230006327372
2017,55.0,0.0,Mexican American,some_college,middle (1.3-3.5x),3.31,60.0,5760.0,0.0,15.0,1440.0,1.0,3.0,26.5,5.2,36.0,0.0,0.0,0.0,0.0,0,27179.429388949146
2017,46.0,0.0,NH Black,college_plus,middle (1.3-3.5x),2.06,120.0,280.0,0.0,30.0,40.0,1.0,5.0,32.4,5.4,43.0,0.0,0.0,1.0,0.0,0,11564.616322212038
2017,41.0,0.0,Other Hispanic,college_plus,high (>3.5x),5.0,1080.0,0.0,1200.0,270.0,0.0,3.0,5.0,32.0,5.7,27.0,0.0,1.0,1.0,1.0,1,27471.369633266408
2017,42.0,0.0,NH Black,college_plus,high (>3.5x),5.0,1200.0,0.0,0.0,150.0,0.0,5.0,10.0,29.4,5.8,39.0,0.0,1.0,0.0,0.0,1,9818.741161255644
2017,50.0,1.0,NH Asian,college_plus,high (>3.5x),4.62,0.0,0.0,0.0,0.0,0.0,0.0,4.0,30.6,6.3,51.0,0.0,1.0,1.0,0.0,0,7302.836148410149
2017,62.0,1.0,NH Asian,hs_or_less,middle (1.3-3.5x),2.98,120.0,0.0,0.0,30.0,0.0,1.0,8.0,24.5,6.1,44.0,0.0,1.0,0.0,0.0,0,4199.672047417262
2017,44.0,1.0,NH Asian,hs_or_less,low (<1.3x poverty),1.0,0.0,0.0,480.0,0.0,0.0,0.0,2.0,22.8,5.3,53.0,0.0,0.0,0.0,0.0,0,9657.899654016866
2017,24.0,1.0,NH White,college_plus,middle (1.3-3.5x),2.57,960.0,0.0,0.0,240.0,0.0,4.0,10.0,18.7,5.4,75.0,0.0,0.0,0.0,0.0,1,5450.188439728129
2017,56.0,1.0,NH White,some_college,low (<1.3x poverty),5.397605346934028e-79,0.0,320.0,0.0,0.0,80.0,0.0,7.0,30.0,5.2,34.0,0.0,0.0,1.0,1.0,0,13147.197042704582
2017,26.0,0.0,Mexican American,some_college,middle (1.3-3.5x),2.99,960.0,5760.0,0.0,120.0,1440.0,2.0,6.0,25.6,5.0,72.0,0.0,0.0,0.0,0.0,1,21070.9579130351
2017,63.0,0.0,Mexican American,hs_or_less,low (<1.3x poverty),1.22,0.0,0.0,120.0,0.0,0.0,0.0,2.0,27.9,6.2,35.0,1.0,1.0,0.0,0.0,0,3667.0198346280736
2017,21.0,0.0,NH White,college_plus,high (>3.5x),5.0,240.0,6240.0,0.0,60.0,1500.0,2.0,6.0,26.6,5.1,51.0,0.0,0.0,0.0,0.0,0,153364.85512799575
2017,56.0,0.0,NH Asian,college_plus,middle (1.3-3.5x),3.25,840.0,0.0,0.0,150.0,0.0,5.0,6.0,24.1,6.5,31.0,1.0,1.0,0.0,0.0,1,4483.459070301183
2017,29.0,0.0,NH White,some_college,high (>3.5x),3.62,5400.0,25920.0,0.0,750.0,4320.0,7.0,4.0,24.3,4.9,72.0,0.0,0.0,0.0,0.0,1,74638.9420570753
2017,56.0,1.0,NH Asian,college_plus,middle (1.3-3.5x),2.11,0.0,0.0,0.0,0.0,0.0,0.0,4.0,19.7,5.2,68.0,0.0,0.0,0.0,1.0,0,8509.369500767103
2017,36.0,0.0,Other/Multi,college_plus,high (>3.5x),5.0,0.0,4800.0,0.0,0.0,1200.0,0.0,4.0,18.1,5.1,48.0,0.0,0.0,0.0,0.0,0,12846.67152959983
2017,40.0,1.0,NH Black,some_college,low (<1.3x poverty),1.14,0.0,0.0,0.0,0.0,0.0,0.0,10.0,30.6,5.7,42.0,0.0,1.0,1.0,1.0,0,9415.523318430012
2017,28.0,0.0,Other Hispanic,college_plus,low (<1.3x poverty),5.397605346934028e-79,2160.0,0.0,0.0,360.0,0.0,6.0,6.0,25.0,5.0,59.0,0.0,0.0,0.0,0.0,1,23357.21163395951
2017,64.0,0.0,Mexican American,college_plus,high (>3.5x),5.0,0.0,0.0,0.0,0.0,0.0,0.0,9.0,29.9,5.3,66.0,0.0,0.0,0.0,0.0,0,16295.545016692036
2017,65.0,0.0,NH White,some_college,high (>3.5x),3.69,0.0,2160.0,720.0,0.0,540.0,0.0,4.0,30.4,6.9,38.0,1.0,1.0,1.0,0.0,0,38307.30317781353
2017,41.0,1.0,Other/Multi,some_college,middle (1.3-3.5x),3.4,0.0,0.0,240.0,0.0,0.0,0.0,4.0,45.8,6.8,54.0,1.0,1.0,1.0,1.0,0,12807.534970540573
2017,32.0,1.0,NH Asian,college_plus,high (>3.5x),5.0,320.0,0.0,0.0,80.0,0.0,4.0,6.0,20.2,5.1,66.0,0.0,0.0,0.0,0.0,0,14258.204640311164
2017,34.0,1.0,NH White,some_college,middle (1.3-3.5x),3.47,840.0,900.0,0.0,150.0,225.0,6.0,6.0,52.2,5.8,35.0,0.0,1.0,1.0,1.0,1,69662.94178197732
2017,56.0,1.0,Other Hispanic,college_plus,high (>3.5x),4.08,0.0,0.0,0.0,0.0,0.0,0.0,4.0,29.5,5.4,55.0,0.0,0.0,0.0,0.0,0,28700.711045468695
2017,41.0,0.0,Mexican American,hs_or_less,middle (1.3-3.5x),2.2,960.0,13200.0,0.0,240.0,2100.0,2.0,3.0,33.7,5.4,35.0,0.0,0.0,1.0,1.0,1,31057.40137443157
2017,24.0,0.0,Other Hispanic,hs_or_less,low (<1.3x poverty),0.12,4320.0,21360.0,0.0,540.0,2940.0,3.0,0.08333333333333333,42.3,7.2,41.0,1.0,1.0,1.0,0.0,1,25873.828240270115
2017,32.0,1.0,NH White,college_plus,middle (1.3-3.5x),3.43,480.0,7680.0,0.0,120.0,1680.0,2.0,6.0,46.5,5.6,48.0,0.0,0.0,1.0,0.0,0,71630.30016840066
2017,60.0,0.0,NH Asian,college_plus,high (>3.5x),5.0,0.0,0.0,0.0,0.0,0.0,0.0,8.0,37.0,6.3,37.0,1.0,1.0,1.0,1.0,0,3973.6331333419876
2017,60.0,1.0,NH White,some_college,middle (1.3-3.5x),1.68,360.0,480.0,120.0,90.0,120.0,3.0,4.0,20.6,5.3,85.0,0.0,0.0,0.0,0.0,0,16501.07640690707
2017,46.0,0.0,Other Hispanic,hs_or_less,low (<1.3x poverty),0.1,0.0,0.0,0.0,0.0,0.0,0.0,1.5,27.9,5.6,38.0,0.0,0.0,0.0,0.0,0,38186.98833393033
2017,62.0,1.0,NH Black,hs_or_less,low (<1.3x poverty),0.87,0.0,0.0,0.0,0.0,0.0,0.0,5.0,43.8,6.0,45.0,0.0,1.0,1.0,1.0,0,5514.4675567763625
2017,27.0,1.0,Other/Multi,some_college,middle (1.3-3.5x),3.05,720.0,0.0,0.0,180.0,0.0,3.0,3.0,31.9,5.3,50.0,0.0,0.0,1.0,0.0,1,17913.166141252124
2017,45.0,1.0,Mexican American,hs_or_less,low (<1.3x poverty),0.48,0.0,25200.0,0.0,0.0,4200.0,0.0,2.0,33.2,5.7,47.0,0.0,1.0,1.0,1.0,0,10811.066949937638
2017,41.0,1.0,NH Black,hs_or_less,low (<1.3x poverty),0.55,0.0,960.0,0.0,0.0,240.0,0.0,2.0,26.1,5.1,63.0,0.0,0.0,0.0,1.0,0,24697.957946104587
2017,49.0,1.0,Mexican American,hs_or_less,high (>3.5x),4.45,0.0,0.0,0.0,0.0,0.0,0.0,5.0,27.6,5.0,50.0,0.0,0.0,0.0,1.0,0,11589.19809690923
2017,47.0,1.0,NH White,college_plus,high (>3.5x),3.61,0.0,0.0,0.0,0.0,0.0,0.0,10.0,50.8,5.9,34.0,0.0,1.0,1.0,1.0,0,7539.572249743777
2017,23.0,0.0,Other Hispanic,some_college,middle (1.3-3.5x),2.55,480.0,8400.0,0.0,120.0,1500.0,2.0,4.0,39.2,5.6,38.0,0.0,0.0,1.0,0.0,0,28546.77903892735
2017,56.0,1.0,NH Black,some_college,middle (1.3-3.5x),3.32,720.0,480.0,0.0,180.0,120.0,2.0,7.0,43.2,9.5,48.0,1.0,1.0,1.0,1.0,1,6311.33376579682
2017,29.0,1.0,NH Black,some_college,low (<1.3x poverty),0.17,0.0,0.0,120.0,0.0,0.0,0.0,7.0,31.7,6.0,47.0,0.0,1.0,1.0,0.0,0,12612.72632933288
2017,52.0,1.0,NH Asian,some_college,middle (1.3-3.5x),1.97,0.0,0.0,80.0,0.0,0.0,0.0,4.0,28.7,5.8,48.0,1.0,1.0,0.0,1.0,0,7978.212555801681
2017,55.0,1.0,Mexican American,hs_or_less,middle (1.3-3.5x),3.31,0.0,0.0,0.0,0.0,0.0,0.0,5.0,26.6,5.3,55.0,0.0,0.0,0.0,0.0,0,22094.177845882576
2017,42.0,0.0,NH White,hs_or_less,high (>3.5x),5.0,0.0,0.0,360.0,0.0,0.0,0.0,9.0,41.8,5.9,52.0,0.0,1.0,1.0,1.0,0,154067.20266075275
2017,21.0,1.0,NH Black,some_college,middle (1.3-3.5x),3.4,0.0,14400.0,0.0,0.0,2400.0,0.0,2.0,31.5,5.3,53.0,0.0,0.0,1.0,0.0,0,13581.559227365222
2017,35.0,0.0,Other Hispanic,hs_or_less,middle (1.3-3.5x),1.82,1080.0,16320.0,0.0,270.0,2280.0,3.0,2.0,36.4,5.3,58.0,0.0,0.0,1.0,0.0,1,26792.659475837627
2017,50.0,0.0,Mexican American,some_college,middle (1.3-3.5x),2.72,960.0,0.0,0.0,120.0,0.0,1.0,4.0,30.8,7.3,41.0,1.0,1.0,1.0,0.0,1,18135.20352619819
2017,47.0,0.0,Other/Multi,some_college,high (>3.5x),5.0,0.0,2640.0,0.0,0.0,570.0,0.0,4.0,32.1,6.2,41.0,0.0,1.0,1.0,0.0,0,10049.600734924257
2017,29.0,1.0,NH White,hs_or_less,low (<1.3x poverty),1.17,1440.0,1920.0,1440.0,360.0,480.0,6.0,4.0,22.7,4.9,55.0,0.0,0.0,0.0,1.0,1,58222.60185622435
2017,53.0,0.0,NH Black,some_college,low (<1.3x poverty),1.0,0.0,320.0,0.0,0.0,80.0,0.0,8.0,45.3,5.8,45.0,0.0,1.0,1.0,1.0,0,12321.912657960203
2017,30.0,0.0,Mexican American,hs_or_less,middle (1.3-3.5x),1.98,0.0,1440.0,0.0,0.0,360.0,0.0,6.0,34.5,5.3,42.0,0.0,0.0,1.0,0.0,0,33699.23665368152
2017,57.0,0.0,NH White,some_college,high (>3.5x),5.0,2160.0,0.0,0.0,360.0,0.0,5.0,8.0,23.2,5.0,73.0,0.0,0.0,0.0,0.0,1,70654.3168878846
2017,36.0,1.0,NH Black,hs_or_less,low (<1.3x poverty),0.3,960.0,0.0,0.0,120.0,0.0,2.0,8.0,18.8,5.7,57.0,0.0,1.0,0.0,0.0,1,11272.19921875602
2017,36.0,1.0,NH White,some_college,middle (1.3-3.5x),1.91,0.0,0.0,0.0,0.0,0.0,0.0,10.0,22.8,5.3,63.0,0.0,0.0,0.0,0.0,0,33749.94800944995
2017,55.0,0.0,NH Asian,college_plus,high (>3.5x),5.0,320.0,0.0,0.0,40.0,0.0,2.0,4.0,21.1,5.3,64.0,0.0,0.0,0.0,0.0,0,8977.870411555403
2017,47.0,0.0,NH Black,college_plus,middle (1.3-3.5x),3.47,1200.0,0.0,0.0,300.0,0.0,5.0,10.0,26.1,5.5,73.0,0.0,0.0,0.0,0.0,1,8797.527855060462
2017,50.0,1.0,NH Asian,college_plus,high (>3.5x),4.57,720.0,120.0,0.0,90.0,30.0,2.0,6.0,22.2,5.8,72.0,0.0,1.0,0.0,0.0,1,8509.369500767103
2017,54.0,1.0,Other Hispanic,college_plus,high (>3.5x),3.59,0.0,0.0,0.0,0.0,0.0,0.0,4.0,26.8,5.8,52.0,0.0,1.0,0.0,0.0,0,10123.346407707915
2017,62.0,0.0,NH White,college_plus,high (>3.5x),5.0,720.0,2160.0,0.0,180.0,450.0,3.0,3.0,39.4,5.3,39.0,0.0,0.0,1.0,0.0,1,82771.2213125123
2017,23.0,1.0,Mexican American,hs_or_less,low (<1.3x poverty),0.42,1680.0,720.0,0.0,420.0,180.0,1.0,7.0,59.7,6.0,37.0,0.0,1.0,1.0,1.0,1,17668.243485544474
2017,54.0,1.0,NH Black,college_plus,low (<1.3x poverty),0.28,0.0,720.0,0.0,0.0,180.0,0.0,6.0,43.4,6.3,57.0,0.0,1.0,1.0,1.0,0,9665.639359971527
2017,56.0,1.0,NH Black,some_college,high (>3.5x),5.0,1740.0,0.0,0.0,285.0,0.0,7.0,3.0,25.3,5.0,55.0,0.0,0.0,0.0,1.0,1,14746.46025407914
2017,50.0,1.0,NH White,some_college,high (>3.5x),5.0,0.0,6000.0,0.0,0.0,1500.0,0.0,3.0,33.6,5.0,45.0,0.0,0.0,1.0,0.0,0,52620.19194635766
2017,21.0,1.0,NH White,some_college,middle (1.3-3.5x),2.72,720.0,10800.0,0.0,180.0,2700.0,3.0,0.03333333333333333,19.0,5.3,60.0,0.0,0.0,0.0,0.0,1,25930.571032013908
2017,53.0,1.0,NH Asian,hs_or_less,middle (1.3-3.5x),2.16,0.0,0.0,0.0,0.0,0.0,0.0,3.0,24.3,6.0,45.0,0.0,1.0,0.0,1.0,0,3398.162451267645
2017,65.0,0.0,Other/Multi,college_plus,high (>3.5x),4.0,0.0,0.0,0.0,0.0,0.0,0.0,5.0,31.9,5.8,50.0,0.0,1.0,1.0,1.0,0,2584.0645095611585
2017,56.0,1.0,Other/Multi,some_college,low (<1.3x poverty),1.18,0.0,160.0,0.0,0.0,40.0,0.0,4.0,28.0,5.3,56.0,0.0,0.0,0.0,0.0,0,17454.336512553356
2017,61.0,1.0,NH White,hs_or_less,low (<1.3x poverty),0.58,0.0,0.0,0.0,0.0,0.0,0.0,3.0,42.4,6.3,49.0,0.0,1.0,1.0,0.0,0,93481.64579158055
2017,31.0,1.0,NH White,college_plus,middle (1.3-3.5x),3.4,0.0,0.0,180.0,0.0,0.0,0.0,8.0,42.7,5.6,56.0,0.0,0.0,1.0,0.0,0,59092.37820002288
2017,60.0,0.0,NH Black,college_plus,high (>3.5x),5.0,1200.0,0.0,0.0,300.0,0.0,5.0,15.0,28.0,6.2,40.0,0.0,1.0,0.0,0.0,1,2584.0645095611585
2017,46.0,1.0,NH Black,some_college,middle (1.3-3.5x),2.73,0.0,0.0,0.0,0.0,0.0,0.0,3.0,46.4,5.7,70.0,0.0,1.0,1.0,1.0,0,7707.015877145024
2017,31.0,0.0,NH White,some_college,low (<1.3x poverty),0.81,0.0,14400.0,0.0,0.0,2400.0,0.0,2.0,26.9,5.3,33.0,0.0,0.0,0.0,0.0,0,16893.770436657476
2017,52.0,0.0,Other/Multi,some_college,middle (1.3-3.5x),1.99,0.0,6000.0,0.0,0.0,1500.0,0.0,2.0,23.4,5.9,61.0,0.0,1.0,0.0,1.0,0,10281.13803818535
2017,60.0,0.0,Mexican American,some_college,high (>3.5x),4.86,480.0,2880.0,0.0,80.0,360.0,3.0,3.0,29.1,5.5,35.0,0.0,0.0,0.0,0.0,0,7176.081148500777
2017,45.0,1.0,NH Asian,college_plus,middle (1.3-3.5x),3.15,1200.0,7680.0,0.0,300.0,1200.0,6.0,7.0,24.4,5.3,62.0,0.0,0.0,0.0,0.0,1,3075.3357259544423
2017,26.0,1.0,NH Black,some_college,low (<1.3x poverty),0.1,480.0,16320.0,160.0,120.0,2280.0,2.0,8.0,31.7,4.7,67.0,0.0,0.0,1.0,0.0,0,13223.041584318835
2017,60.0,1.0,NH White,some_college,middle (1.3-3.5x),1.79,480.0,1200.0,0.0,120.0,300.0,4.0,10.0,32.4,5.5,59.0,0.0,0.0,1.0,0.0,0,22174.14791164235
2017,64.0,1.0,NH Asian,hs_or_less,low (<1.3x poverty),0.35,0.0,0.0,0.0,0.0,0.0,0.0,4.0,19.3,5.6,90.0,0.0,0.0,0.0,0.0,0,7936.658197882444
2017,42.0,1.0,NH Black,college_plus,high (>3.5x),5.0,300.0,480.0,300.0,75.0,120.0,5.0,10.0,26.6,5.1,,0.0,0.0,0.0,0.0,0,25005.236446392268
2017,29.0,0.0,Other Hispanic,hs_or_less,middle (1.3-3.5x),3.3,2880.0,6240.0,160.0,720.0,1080.0,4.0,2.0,30.5,5.2,53.0,0.0,0.0,1.0,1.0,1,16548.165589824945
2017,50.0,0.0,NH Asian,college_plus,high (>3.5x),5.0,3360.0,0.0,0.0,600.0,0.0,6.0,10.0,27.4,6.1,49.0,0.0,1.0,0.0,0.0,1,8977.870411555403
2017,60.0,0.0,NH White,some_college,middle (1.3-3.5x),2.47,0.0,0.0,0.0,0.0,0.0,0.0,12.0,35.5,7.2,38.0,1.0,1.0,1.0,1.0,0,75489.54565052682
2017,44.0,1.0,NH White,some_college,high (>3.5x),5.0,0.0,0.0,0.0,0.0,0.0,0.0,9.0,33.4,5.5,66.0,0.0,0.0,1.0,0.0,0,98021.64521284355
2017,47.0,0.0,Other/Multi,some_college,low (<1.3x poverty),0.87,0.0,0.0,0.0,0.0,0.0,0.0,12.0,29.6,6.3,28.0,1.0,1.0,0.0,1.0,0,15059.225355426166
2017,65.0,1.0,NH White,some_college,high (>3.5x),4.62,240.0,0.0,0.0,60.0,0.0,2.0,3.0,23.3,5.2,86.0,0.0,0.0,0.0,0.0,0,80606.79234614638
2017,39.0,0.0,NH White,college_plus,high (>3.5x),4.22,480.0,0.0,2160.0,120.0,0.0,4.0,6.0,36.1,6.1,42.0,0.0,1.0,1.0,1.0,0,76816.07538352399
2017,64.0,1.0,Other Hispanic,some_college,high (>3.5x),5.0,0.0,0.0,0.0,0.0,0.0,0.0,6.0,36.2,9.7,44.0,1.0,1.0,1.0,0.0,0,10962.573019267042
2017,49.0,1.0,NH Black,some_college,high (>3.5x),4.07,3360.0,7440.0,0.0,540.0,1380.0,7.0,10.0,30.9,8.2,83.0,1.0,1.0,1.0,1.0,1,4470.268784587795
2017,54.0,1.0,NH Asian,some_college,middle (1.3-3.5x),3.48,0.0,0.0,1200.0,0.0,0.0,0.0,14.0,20.9,5.5,53.0,0.0,0.0,0.0,0.0,0,13275.028810380589
2017,57.0,1.0,Other/Multi,hs_or_less,middle (1.3-3.5x),2.03,0.0,11520.0,0.0,0.0,2880.0,0.0,4.0,22.1,6.0,35.0,0.0,1.0,0.0,0.0,0,46606.85019563246
2017,45.0,0.0,NH White,college_plus,middle (1.3-3.5x),1.77,400.0,120.0,0.0,100.0,30.0,5.0,5.0,24.5,4.8,49.0,0.0,0.0,0.0,0.0,0,10544.210764282829
2017,62.0,0.0,Other Hispanic,hs_or_less,low (<1.3x poverty),0.56,1800.0,0.0,0.0,450.0,0.0,5.0,3.0,27.3,10.5,39.0,1.0,1.0,0.0,1.0,1,2997.4881084593067
2017,34.0,0.0,NH Black,college_plus,middle (1.3-3.5x),2.53,5400.0,0.0,0.0,900.0,0.0,7.0,5.0,27.0,5.6,65.0,0.0,0.0,0.0,0.0,1,20212.74635129838
2017,64.0,1.0,NH Black,hs_or_less,middle (1.3-3.5x),3.14,0.0,0.0,0.0,0.0,0.0,0.0,6.0,31.4,9.3,61.0,1.0,1.0,1.0,1.0,0,5603.437017843039
2017,62.0,0.0,NH White,some_college,middle (1.3-3.5x),1.68,0.0,0.0,360.0,0.0,0.0,0.0,4.0,28.0,5.4,39.0,0.0,0.0,0.0,0.0,0,12870.082627379437
2017,45.0,1.0,NH Asian,some_college,high (>3.5x),4.33,0.0,0.0,0.0,0.0,0.0,0.0,8.0,34.2,5.9,41.0,0.0,1.0,1.0,0.0,0,9251.762443586736
2017,42.0,1.0,Mexican American,hs_or_less,low (<1.3x poverty),0.45,720.0,0.0,0.0,90.0,0.0,1.0,1.0,28.7,5.6,47.0,1.0,1.0,0.0,1.0,1,12278.764755392427
2017,43.0,1.0,NH White,hs_or_less,low (<1.3x poverty),0.79,0.0,200.0,0.0,0.0,50.0,0.0,5.0,19.4,4.4,83.0,0.0,0.0,0.0,1.0,0,47618.55445388826
2017,56.0,0.0,Mexican American,college_plus,high (>3.5x),5.0,1800.0,0.0,0.0,270.0,0.0,7.0,10.0,26.0,5.4,52.0,0.0,0.0,0.0,0.0,1,22351.332809044237
2017,32.0,0.0,Other/Multi,some_college,high (>3.5x),4.78,6000.0,1440.0,0.0,1500.0,360.0,5.0,6.0,29.0,6.3,46.0,0.0,1.0,0.0,0.0,1,15722.83917936176
2017,25.0,0.0,NH White,hs_or_less,high (>3.5x),5.0,0.0,15600.0,400.0,0.0,2100.0,0.0,2.0,24.5,5.4,44.0,0.0,0.0,0.0,0.0,0,142004.19316838114
2017,35.0,0.0,NH Black,some_college,middle (1.3-3.5x),2.49,2160.0,480.0,0.0,540.0,120.0,3.0,1.0,86.2,6.3,39.0,0.0,1.0,1.0,0.0,1,9414.60775310541
2017,28.0,1.0,Mexican American,college_plus,high (>3.5x),4.34,1200.0,320.0,0.0,180.0,80.0,6.0,5.0,27.7,5.3,63.0,0.0,0.0,0.0,0.0,1,22752.412342004387
2017,63.0,1.0,NH White,hs_or_less,high (>3.5x),3.69,0.0,0.0,0.0,0.0,0.0,0.0,6.0,26.3,5.8,50.0,0.0,1.0,0.0,0.0,0,82460.57237032967
2017,28.0,1.0,Mexican American,some_college,middle (1.3-3.5x),2.19,480.0,0.0,0.0,60.0,0.0,1.0,3.0,30.6,5.0,40.0,0.0,0.0,1.0,0.0,0,3809.009019273758
2017,34.0,1.0,NH White,some_college,middle (1.3-3.5x),2.59,0.0,10080.0,0.0,0.0,1620.0,0.0,4.0,31.1,5.1,89.0,0.0,0.0,1.0,0.0,0,38045.42208427601
2017,30.0,1.0,NH White,some_college,middle (1.3-3.5x),3.45,1440.0,0.0,180.0,180.0,0.0,3.0,10.0,22.4,5.0,75.0,0.0,0.0,0.0,0.0,1,47971.225713067106
2017,24.0,1.0,NH Asian,college_plus,high (>3.5x),5.0,780.0,0.0,0.0,105.0,0.0,3.0,2.0,21.5,5.2,69.0,0.0,0.0,0.0,0.0,1,12379.20839821376
2017,57.0,0.0,NH Asian,college_plus,high (>3.5x),5.0,0.0,0.0,360.0,0.0,0.0,0.0,8.0,27.3,6.5,43.0,1.0,1.0,0.0,0.0,0,4747.103492555684
2017,65.0,0.0,NH White,hs_or_less,middle (1.3-3.5x),1.45,2400.0,4320.0,0.0,600.0,780.0,2.0,3.0,27.5,6.0,72.0,0.0,1.0,0.0,0.0,1,118976.87767088799
2017,29.0,0.0,NH White,some_college,middle (1.3-3.5x),1.79,1080.0,25920.0,300.0,180.0,4320.0,6.0,4.0,26.5,4.6,47.0,0.0,0.0,0.0,0.0,1,29582.993670719345
2017,32.0,0.0,NH Asian,some_college,middle (1.3-3.5x),2.66,0.0,0.0,0.0,0.0,0.0,0.0,4.0,43.3,4.7,39.0,0.0,0.0,1.0,1.0,0,17503.217901760207
2017,54.0,1.0,NH White,some_college,low (<1.3x poverty),0.91,120.0,0.0,0.0,30.0,0.0,1.0,3.0,25.8,5.1,52.0,0.0,0.0,0.0,0.0,0,10476.54597700681
2017,61.0,1.0,NH Black,college_plus,low (<1.3x poverty),0.85,0.0,0.0,0.0,0.0,0.0,0.0,13.0,32.9,5.7,65.0,0.0,1.0,1.0,0.0,0,5903.381955401889
2017,64.0,0.0,Mexican American,hs_or_less,middle (1.3-3.5x),1.35,360.0,3840.0,720.0,90.0,600.0,3.0,5.0,27.9,7.0,41.0,1.0,1.0,0.0,1.0,0,5442.821621037336
2017,44.0,1.0,NH Asian,hs_or_less,middle (1.3-3.5x),1.97,0.0,0.0,0.0,0.0,0.0,0.0,12.0,24.5,5.5,54.0,0.0,0.0,0.0,0.0,0,3668.555072702442
2017,41.0,1.0,NH Black,college_plus,high (>3.5x),5.0,960.0,0.0,0.0,240.0,0.0,2.0,10.0,41.7,7.4,51.0,1.0,1.0,1.0,0.0,1,13645.135853973938
2017,61.0,0.0,Other Hispanic,some_college,high (>3.5x),4.93,960.0,9600.0,0.0,240.0,1440.0,4.0,7.0,33.5,8.4,58.0,1.0,1.0,1.0,1.0,1,5952.842770187943
2017,29.0,1.0,NH Black,some_college,middle (1.3-3.5x),2.89,480.0,0.0,0.0,120.0,0.0,4.0,8.0,44.2,5.7,31.0,0.0,1.0,1.0,0.0,0,12177.057668923693
2017,58.0,1.0,NH White,hs_or_less,high (>3.5x),5.0,600.0,0.0,0.0,150.0,0.0,5.0,12.0,21.5,5.5,59.0,0.0,0.0,0.0,0.0,1,84033.32066036866
2017,47.0,0.0,Mexican American,hs_or_less,middle (1.3-3.5x),2.39,0.0,0.0,0.0,0.0,0.0,0.0,2.0,29.9,5.7,37.0,0.0,1.0,0.0,0.0,0,12756.597360995484
2017,57.0,0.0,NH White,hs_or_less,middle (1.3-3.5x),1.4,1920.0,11520.0,0.0,480.0,1920.0,4.0,4.0,21.4,5.3,48.0,0.0,0.0,0.0,1.0,1,22179.35903927416
2017,27.0,1.0,NH Asian,college_plus,middle (1.3-3.5x),1.5,0.0,0.0,400.0,0.0,0.0,0.0,3.0,22.2,5.4,62.0,0.0,0.0,0.0,0.0,0,6428.357686496892
2017,59.0,1.0,NH White,college_plus,high (>3.5x),5.0,0.0,0.0,0.0,0.0,0.0,0.0,8.0,35.8,11.6,48.0,1.0,1.0,1.0,0.0,0,111049.54770799918
2017,49.0,0.0,NH Black,hs_or_less,low (<1.3x poverty),0.9,0.0,0.0,400.0,0.0,0.0,0.0,8.0,23.8,4.6,35.0,0.0,0.0,0.0,1.0,0,7820.781480653984
2017,22.0,0.0,NH Black,hs_or_less,low (<1.3x poverty),1.2,720.0,13440.0,0.0,120.0,1860.0,3.0,7.0,21.1,5.6,41.0,0.0,0.0,0.0,0.0,1,16181.232895650825
2017,24.0,1.0,NH Black,hs_or_less,low (<1.3x poverty),1.14,0.0,0.0,0.0,0.0,0.0,0.0,2.0,24.4,5.5,37.0,0.0,0.0,0.0,0.0,0,24797.11425566996
2017,31.0,0.0,Other/Multi,hs_or_less,low (<1.3x poverty),0.96,600.0,8400.0,0.0,150.0,1500.0,5.0,3.0,31.4,5.5,53.0,0.0,0.0,1.0,0.0,1,22387.800760657916
2017,42.0,1.0,NH Black,some_college,middle (1.3-3.5x),2.37,7200.0,0.0,0.0,1080.0,0.0,7.0,8.0,26.8,5.4,52.0,0.0,0.0,0.0,0.0,1,9996.14663577914
2017,55.0,1.0,Mexican American,hs_or_less,middle (1.3-3.5x),1.44,0.0,3840.0,0.0,0.0,960.0,0.0,2.0,36.0,5.3,54.0,0.0,0.0,1.0,0.0,0,23108.173769178702
2017,61.0,0.0,NH Black,college_plus,high (>3.5x),4.25,480.0,600.0,0.0,120.0,150.0,2.0,2.0,27.2,5.9,54.0,0.0,1.0,0.0,0.0,0,5508.960319667137
2017,40.0,1.0,NH Asian,college_plus,low (<1.3x poverty),0.58,4680.0,0.0,80.0,630.0,0.0,6.0,3.0,25.0,5.7,82.0,0.0,1.0,0.0,0.0,1,14378.392424896128
2017,49.0,1.0,NH White,hs_or_less,low (<1.3x poverty),0.64,0.0,0.0,0.0,0.0,0.0,0.0,3.0,38.0,5.9,43.0,0.0,1.0,1.0,1.0,0,15002.860045356356
2017,53.0,0.0,Mexican American,hs_or_less,middle (1.3-3.5x),1.41,720.0,0.0,0.0,90.0,0.0,1.0,4.0,27.8,4.9,31.0,0.0,0.0,0.0,1.0,1,26572.143709692897
2017,30.0,1.0,NH Asian,college_plus,middle (1.3-3.5x),3.4,360.0,680.0,0.0,90.0,125.0,3.0,8.0,20.9,5.2,,0.0,0.0,0.0,0.0,0,8054.922259712691
2017,34.0,1.0,NH White,hs_or_less,middle (1.3-3.5x),1.82,960.0,12000.0,960.0,120.0,2100.0,4.0,1.0,33.9,5.8,35.0,0.0,1.0,1.0,0.0,1,36416.66974400455
2017,61.0,1.0,NH White,college_plus,high (>3.5x),5.0,300.0,2400.0,0.0,75.0,600.0,3.0,4.0,23.7,5.2,54.0,0.0,0.0,0.0,0.0,0,108480.5420627297
2017,31.0,0.0,NH White,some_college,middle (1.3-3.5x),2.88,2520.0,360.0,0.0,330.0,70.0,7.0,2.0,25.2,4.6,,0.0,0.0,0.0,0.0,1,63788.61880540989
2017,46.0,1.0,NH White,some_college,low (<1.3x poverty),0.44,160.0,1920.0,0.0,40.0,480.0,2.0,10.0,34.9,10.9,33.0,1.0,1.0,1.0,1.0,0,18929.236233178017
2017,33.0,0.0,NH White,some_college,high (>3.5x),5.0,3360.0,5760.0,0.0,600.0,1440.0,5.0,6.0,30.1,5.1,48.0,0.0,0.0,1.0,0.0,1,51400.02648486984
2017,41.0,0.0,Mexican American,hs_or_less,middle (1.3-3.5x),2.89,240.0,2880.0,0.0,40.0,720.0,2.0,3.0,32.5,6.0,43.0,0.0,1.0,1.0,1.0,0,18390.566582907926
2017,45.0,1.0,Mexican American,hs_or_less,middle (1.3-3.5x),1.91,1280.0,0.0,600.0,200.0,0.0,7.0,6.0,38.9,6.7,54.0,1.0,1.0,1.0,1.0,1,22023.79314850847
2017,33.0,0.0,NH White,college_plus,high (>3.5x),5.0,0.0,0.0,0.0,0.0,0.0,0.0,6.0,39.5,5.4,41.0,0.0,0.0,1.0,1.0,0,108832.7341362866
2017,35.0,1.0,NH Asian,college_plus,high (>3.5x),3.86,0.0,360.0,360.0,0.0,90.0,0.0,6.0,29.1,5.6,46.0,0.0,0.0,0.0,0.0,0,9207.108030603797
2017,25.0,1.0,NH White,some_college,low (<1.3x poverty),0.91,0.0,0.0,0.0,0.0,0.0,0.0,8.0,44.3,5.3,69.0,0.0,0.0,1.0,1.0,0,45438.30032133313
2017,30.0,1.0,NH White,some_college,middle (1.3-3.5x),1.93,7200.0,8400.0,0.0,1080.0,2100.0,7.0,5.0,32.5,5.3,34.0,0.0,0.0,1.0,0.0,1,54861.88223351343
2017,41.0,1.0,NH White,college_plus,high (>3.5x),4.09,0.0,0.0,0.0,0.0,0.0,0.0,13.0,40.4,5.4,42.0,0.0,0.0,1.0,1.0,0,114399.0959449728
2017,31.0,0.0,NH White,hs_or_less,low (<1.3x poverty),1.17,3360.0,6480.0,1440.0,780.0,1530.0,7.0,4.0,24.8,5.1,49.0,0.0,0.0,0.0,0.0,1,34137.50983568055
2017,42.0,1.0,NH White,hs_or_less,low (<1.3x poverty),0.69,0.0,16320.0,0.0,0.0,2280.0,0.0,3.0,48.2,5.7,30.0,0.0,1.0,1.0,1.0,0,33057.12271092111
2017,45.0,1.0,NH White,some_college,middle (1.3-3.5x),2.43,120.0,0.0,0.0,30.0,0.0,2.0,4.0,23.5,5.4,47.0,0.0,0.0,0.0,0.0,0,81160.74619592234
2017,29.0,0.0,NH White,college_plus,low (<1.3x poverty),1.22,480.0,0.0,600.0,60.0,0.0,1.0,10.0,28.8,5.1,43.0,0.0,0.0,0.0,0.0,0,46121.63527563109
2017,46.0,1.0,Mexican American,hs_or_less,low (<1.3x poverty),1.1,0.0,0.0,540.0,0.0,0.0,0.0,0.5,30.2,5.4,31.0,0.0,0.0,1.0,0.0,0,8751.597336267883
2017,43.0,1.0,NH White,some_college,low (<1.3x poverty),1.08,720.0,0.0,720.0,180.0,0.0,3.0,10.0,35.5,5.2,61.0,0.0,0.0,1.0,0.0,1,53561.40341993767
2017,55.0,0.0,NH White,some_college,middle (1.3-3.5x),2.22,0.0,14400.0,0.0,0.0,2400.0,0.0,6.0,35.1,6.1,39.0,1.0,1.0,1.0,1.0,0,10475.41833230334
2017,55.0,1.0,Mexican American,college_plus,high (>3.5x),5.0,960.0,960.0,0.0,240.0,240.0,4.0,7.0,23.3,5.9,51.0,0.0,1.0,0.0,0.0,1,15703.078684327063
2017,28.0,1.0,Other Hispanic,some_college,low (<1.3x poverty),0.85,1560.0,18000.0,0.0,255.0,3000.0,7.0,3.0,32.2,5.1,62.0,0.0,0.0,1.0,0.0,1,21252.624308520964
2017,48.0,0.0,NH Black,hs_or_less,middle (1.3-3.5x),1.92,0.0,11520.0,0.0,0.0,2880.0,0.0,5.0,37.8,5.9,60.0,0.0,1.0,1.0,1.0,0,8981.874815205065
2017,47.0,0.0,NH White,college_plus,high (>3.5x),5.0,3136.0,0.0,0.0,424.0,0.0,7.0,8.0,26.6,4.9,64.0,0.0,0.0,0.0,0.0,1,132664.81628273096
2017,49.0,0.0,Mexican American,hs_or_less,middle (1.3-3.5x),1.73,0.0,960.0,0.0,0.0,240.0,0.0,0.5,39.3,10.0,31.0,1.0,1.0,1.0,1.0,0,8114.826483109388
2017,32.0,1.0,Other Hispanic,some_college,high (>3.5x),5.0,0.0,0.0,0.0,0.0,0.0,0.0,5.0,22.7,5.0,74.0,0.0,0.0,0.0,0.0,0,26797.48306721756
2017,28.0,0.0,NH Black,hs_or_less,middle (1.3-3.5x),2.62,720.0,7200.0,0.0,120.0,1200.0,2.0,2.0,22.5,5.7,61.0,0.0,1.0,0.0,0.0,1,18088.11516833158
2017,50.0,0.0,NH Black,hs_or_less,high (>3.5x),4.62,720.0,11520.0,0.0,180.0,1440.0,3.0,12.0,34.7,4.6,50.0,0.0,0.0,1.0,0.0,1,17745.06894800008
2017,35.0,0.0,NH White,college_plus,high (>3.5x),5.0,1200.0,0.0,0.0,240.0,0.0,3.0,12.0,27.4,5.7,48.0,0.0,1.0,0.0,0.0,1,124385.81632413657
2017,60.0,0.0,NH White,hs_or_less,middle (1.3-3.5x),1.98,0.0,0.0,0.0,0.0,0.0,0.0,6.0,21.7,5.4,57.0,0.0,0.0,0.0,0.0,0,15356.779357842765
2017,39.0,1.0,NH White,college_plus,high (>3.5x),4.07,120.0,1200.0,0.0,30.0,300.0,3.0,10.0,23.3,5.1,66.0,0.0,0.0,0.0,0.0,0,56302.911150764514
2017,51.0,1.0,NH White,hs_or_less,middle (1.3-3.5x),1.46,0.0,0.0,0.0,0.0,0.0,0.0,4.0,30.4,5.4,68.0,0.0,0.0,1.0,0.0,0,15365.717928596363
2017,47.0,0.0,Other Hispanic,college_plus,middle (1.3-3.5x),2.92,960.0,0.0,2400.0,240.0,0.0,2.0,3.0,27.4,5.5,44.0,0.0,0.0,0.0,0.0,1,22089.599849660477
2017,52.0,0.0,NH Black,some_college,middle (1.3-3.5x),2.9,1440.0,21600.0,0.0,360.0,3600.0,3.0,6.0,35.1,6.6,42.0,1.0,1.0,1.0,0.0,1,9397.121493255418
2017,26.0,0.0,NH Black,some_college,middle (1.3-3.5x),2.07,1680.0,0.0,0.0,240.0,0.0,5.0,10.0,37.0,4.1,41.0,0.0,0.0,1.0,0.0,1,20180.279623574905
2017,61.0,1.0,Mexican American,hs_or_less,middle (1.3-3.5x),2.95,0.0,25920.0,0.0,0.0,3480.0,0.0,0.5,28.5,5.3,54.0,0.0,0.0,0.0,1.0,0,3796.081607409412
2017,61.0,1.0,Other Hispanic,hs_or_less,low (<1.3x poverty),0.92,0.0,0.0,0.0,0.0,0.0,0.0,5.0,18.8,5.4,92.0,0.0,0.0,0.0,0.0,0,9136.09106386255
2017,44.0,1.0,Other/Multi,hs_or_less,low (<1.3x poverty),1.02,0.0,2400.0,0.0,0.0,600.0,0.0,2.0,30.9,5.4,67.0,0.0,0.0,1.0,0.0,0,13638.690939894068
2017,53.0,1.0,NH Black,college_plus,high (>3.5x),4.65,1800.0,0.0,0.0,270.0,0.0,7.0,12.0,30.7,6.5,38.0,1.0,1.0,1.0,0.0,1,20619.129677292512
2017,25.0,1.0,NH Black,hs_or_less,middle (1.3-3.5x),2.77,1440.0,14400.0,0.0,300.0,2400.0,4.0,5.0,28.5,4.8,62.0,0.0,0.0,0.0,1.0,1,39599.26591484848
2017,52.0,1.0,NH Black,college_plus,middle (1.3-3.5x),2.2,1440.0,0.0,0.0,360.0,0.0,3.0,10.0,67.7,7.4,57.0,1.0,1.0,1.0,1.0,1,14583.29958045132
2017,62.0,1.0,NH Black,hs_or_less,middle (1.3-3.5x),1.35,0.0,3120.0,0.0,0.0,660.0,0.0,7.0,43.2,5.7,80.0,1.0,1.0,1.0,1.0,0,11326.096777444041
2017,50.0,0.0,NH Asian,college_plus,high (>3.5x),5.0,180.0,0.0,0.0,45.0,0.0,3.0,0.18333333333333332,28.8,5.8,33.0,0.0,1.0,0.0,0.0,0,6797.971965100198
2017,31.0,1.0,NH Asian,college_plus,high (>3.5x),4.93,240.0,0.0,240.0,30.0,0.0,2.0,5.0,27.4,6.8,35.0,1.0,1.0,0.0,0.0,0,16358.323400592863
2017,38.0,1.0,NH White,some_college,low (<1.3x poverty),1.27,0.0,360.0,0.0,0.0,60.0,0.0,12.0,53.7,5.3,38.0,0.0,0.0,1.0,1.0,0,19263.955123996482
2017,24.0,1.0,NH Asian,some_college,high (>3.5x),5.0,1200.0,10800.0,0.0,180.0,2100.0,4.0,7.0,22.8,5.5,58.0,0.0,0.0,0.0,0.0,1,18369.94518289229
2017,52.0,1.0,NH Black,some_college,middle (1.3-3.5x),1.82,360.0,0.0,0.0,90.0,0.0,3.0,6.0,36.3,7.7,60.0,1.0,1.0,1.0,1.0,0,13492.580410199893
2017,23.0,1.0,Mexican American,some_college,high (>3.5x),4.34,0.0,5760.0,0.0,0.0,1440.0,0.0,5.0,27.1,4.7,50.0,0.0,0.0,0.0,0.0,0,18302.220945394383
2017,28.0,1.0,Other/Multi,college_plus,middle (1.3-3.5x),3.38,1120.0,6480.0,0.0,200.0,1560.0,4.0,6.0,44.1,5.4,51.0,0.0,0.0,1.0,0.0,1,30562.70649281791
2017,64.0,0.0,NH Asian,hs_or_less,middle (1.3-3.5x),1.54,0.0,0.0,0.0,0.0,0.0,0.0,10.0,28.9,6.4,,0.0,1.0,0.0,0.0,0,5626.742592574689
2017,29.0,0.0,Mexican American,hs_or_less,low (<1.3x poverty),0.81,0.0,0.0,0.0,0.0,0.0,0.0,3.0,31.3,5.1,63.0,0.0,0.0,1.0,0.0,0,17625.635642394493
2017,35.0,0.0,Mexican American,hs_or_less,middle (1.3-3.5x),3.05,480.0,12480.0,0.0,120.0,2160.0,2.0,2.0,25.5,5.6,47.0,0.0,0.0,0.0,0.0,0,28178.2537299875
2017,63.0,1.0,NH White,hs_or_less,high (>3.5x),5.0,0.0,0.0,0.0,0.0,0.0,0.0,8.0,31.6,5.5,97.0,0.0,0.0,1.0,0.0,0,89208.24704911048
2017,40.0,0.0,NH White,hs_or_less,low (<1.3x poverty),0.39,1080.0,10800.0,0.0,180.0,1800.0,6.0,5.0,34.5,5.3,28.0,0.0,0.0,1.0,1.0,1,8878.22687371348
2017,31.0,1.0,NH White,college_plus,middle (1.3-3.5x),1.6,840.0,6000.0,0.0,150.0,1500.0,5.0,2.0,19.9,5.1,54.0,0.0,0.0,0.0,0.0,1,26954.187017129647
2017,55.0,1.0,NH Black,college_plus,high (>3.5x),5.0,0.0,0.0,0.0,0.0,0.0,0.0,9.0,20.2,5.3,84.0,0.0,0.0,0.0,0.0,0,12803.911534934441
2017,64.0,1.0,NH Asian,some_college,middle (1.3-3.5x),2.38,720.0,0.0,0.0,180.0,0.0,6.0,3.0,19.0,5.6,62.0,0.0,0.0,0.0,1.0,1,5381.316932954985
2017,62.0,0.0,NH Asian,college_plus,high (>3.5x),4.56,1980.0,0.0,0.0,315.0,0.0,6.0,10.0,29.3,5.8,60.0,0.0,1.0,0.0,0.0,1,2922.3540237001566
2017,41.0,1.0,NH Black,college_plus,middle (1.3-3.5x),1.57,480.0,7200.0,0.0,120.0,1620.0,4.0,1.0,34.7,6.2,48.0,0.0,1.0,1.0,0.0,0,11653.006093399244
2017,54.0,0.0,NH White,hs_or_less,middle (1.3-3.5x),1.71,600.0,480.0,0.0,150.0,120.0,5.0,5.0,20.1,6.9,87.0,1.0,1.0,0.0,0.0,1,17469.39673569508
2017,31.0,1.0,NH Black,some_college,low (<1.3x poverty),1.18,80.0,0.0,0.0,20.0,0.0,2.0,5.0,22.8,6.6,50.0,1.0,1.0,0.0,0.0,0,6607.944490429204
2017,36.0,1.0,Mexican American,some_college,middle (1.3-3.5x),3.32,4800.0,0.0,0.0,600.0,0.0,5.0,12.0,41.8,8.6,43.0,1.0,1.0,1.0,0.0,1,19440.710393794518
2017,38.0,1.0,Mexican American,some_college,middle (1.3-3.5x),2.92,2160.0,0.0,0.0,360.0,0.0,6.0,4.0,25.7,5.5,72.0,0.0,0.0,0.0,0.0,1,18960.521488743874
2017,57.0,1.0,NH Black,some_college,high (>3.5x),5.0,1680.0,1200.0,0.0,300.0,300.0,5.0,3.0,43.7,6.0,71.0,0.0,1.0,1.0,0.0,1,7739.790599012959
2017,33.0,0.0,NH Black,some_college,middle (1.3-3.5x),1.7,480.0,4800.0,0.0,60.0,1200.0,1.0,4.0,26.4,5.9,61.0,0.0,1.0,0.0,0.0,0,11081.402132941526
2017,37.0,0.0,NH White,college_plus,high (>3.5x),5.0,1440.0,360.0,0.0,180.0,90.0,2.0,8.0,30.8,5.2,35.0,0.0,0.0,1.0,0.0,1,89729.41903725515
2017,62.0,1.0,NH White,college_plus,high (>3.5x),5.0,1920.0,0.0,0.0,240.0,0.0,4.0,8.0,30.2,5.4,89.0,0.0,0.0,1.0,0.0,1,81574.66821555965
2017,42.0,1.0,NH White,hs_or_less,low (<1.3x poverty),0.58,0.0,480.0,240.0,0.0,120.0,0.0,5.0,34.6,5.6,29.0,0.0,0.0,1.0,1.0,0,13953.085309824657
2017,63.0,1.0,NH Black,some_college,low (<1.3x poverty),1.0,120.0,0.0,0.0,30.0,0.0,3.0,17.0,37.8,7.6,35.0,1.0,1.0,1.0,0.0,0,4735.984231138433
2017,54.0,1.0,Mexican American,hs_or_less,high (>3.5x),5.0,0.0,0.0,0.0,0.0,0.0,0.0,4.0,24.9,5.3,80.0,0.0,0.0,0.0,0.0,0,10560.601359577671
2017,38.0,1.0,Other Hispanic,some_college,middle (1.3-3.5x),3.42,2400.0,0.0,0.0,420.0,0.0,7.0,2.0,25.0,5.1,92.0,0.0,0.0,0.0,0.0,1,37027.188062491776
2017,54.0,0.0,NH Asian,college_plus,high (>3.5x),5.0,600.0,80.0,0.0,150.0,20.0,5.0,8.0,27.5,5.8,57.0,0.0,1.0,0.0,0.0,1,4176.382164985898
2017,41.0,0.0,NH Black,some_college,high (>3.5x),5.0,2880.0,0.0,0.0,360.0,0.0,4.0,5.0,29.2,5.3,64.0,0.0,0.0,0.0,0.0,1,10000.716062083025
2017,27.0,0.0,NH Asian,hs_or_less,high (>3.5x),3.82,3360.0,12960.0,0.0,480.0,3240.0,7.0,4.0,25.4,5.2,41.0,0.0,0.0,0.0,0.0,1,26110.652826618563
2017,25.0,1.0,NH Asian,college_plus,low (<1.3x poverty),0.66,960.0,0.0,0.0,240.0,0.0,6.0,6.0,20.7,5.2,65.0,0.0,0.0,0.0,0.0,1,9229.647318726984
2017,27.0,1.0,NH White,college_plus,high (>3.5x),5.0,1920.0,120.0,240.0,420.0,30.0,7.0,8.0,20.0,5.0,97.0,0.0,0.0,0.0,0.0,1,70764.09656578797
2017,21.0,1.0,NH Black,some_college,low (<1.3x poverty),1.2,960.0,4800.0,160.0,240.0,1080.0,4.0,3.0,24.5,5.2,64.0,0.0,0.0,0.0,0.0,1,10412.00504437501
2017,36.0,0.0,NH Black,college_plus,middle (1.3-3.5x),3.39,0.0,600.0,0.0,0.0,150.0,0.0,15.0,28.0,5.8,42.0,0.0,1.0,0.0,1.0,0,14659.42101571186
2017,32.0,1.0,NH Black,some_college,low (<1.3x poverty),0.6,0.0,10320.0,1200.0,0.0,2490.0,0.0,3.0,25.2,5.0,59.0,0.0,0.0,0.0,0.0,0,8952.20953318588
2017,62.0,1.0,Mexican American,hs_or_less,middle (1.3-3.5x),1.63,0.0,0.0,0.0,0.0,0.0,0.0,2.0,35.9,5.6,67.0,1.0,1.0,1.0,1.0,0,9647.191648977636
2017,22.0,0.0,NH White,some_college,low (<1.3x poverty),1.1,0.0,480.0,0.0,0.0,120.0,0.0,8.0,53.8,5.0,41.0,0.0,0.0,1.0,1.0,0,23290.0541090559
2017,21.0,1.0,NH White,hs_or_less,low (<1.3x poverty),1.19,0.0,720.0,0.0,0.0,180.0,0.0,4.0,24.0,5.4,55.0,0.0,0.0,0.0,0.0,0,71562.43229921475
2017,32.0,0.0,NH White,some_college,middle (1.3-3.5x),2.64,0.0,21600.0,0.0,0.0,3000.0,0.0,6.0,53.5,5.8,48.0,0.0,1.0,1.0,0.0,0,29167.93204361862
2017,24.0,1.0,NH Black,some_college,middle (1.3-3.5x),2.06,480.0,1440.0,0.0,60.0,360.0,1.0,6.0,43.0,5.8,,0.0,1.0,1.0,0.0,0,18420.692438877122
2017,52.0,0.0,NH Asian,hs_or_less,middle (1.3-3.5x),3.04,0.0,13440.0,0.0,0.0,3180.0,0.0,4.0,22.1,5.8,147.0,0.0,1.0,0.0,1.0,0,14600.899487871542
2017,36.0,0.0,NH Black,hs_or_less,low (<1.3x poverty),0.65,0.0,0.0,0.0,0.0,0.0,0.0,1.0,22.0,5.3,37.0,0.0,0.0,0.0,0.0,0,16138.978021675832
2017,41.0,0.0,NH Asian,college_plus,high (>3.5x),5.0,1800.0,0.0,1800.0,450.0,0.0,5.0,8.0,28.0,5.2,35.0,0.0,0.0,0.0,0.0,1,7458.6270555265455
2017,65.0,1.0,Other Hispanic,college_plus,low (<1.3x poverty),0.38,1380.0,0.0,200.0,195.0,0.0,6.0,2.0,35.5,6.2,55.0,0.0,1.0,1.0,0.0,1,10750.907652487736
2017,27.0,0.0,NH Asian,college_plus,high (>3.5x),5.0,2400.0,0.0,900.0,360.0,0.0,3.0,8.0,24.3,5.7,40.0,0.0,1.0,0.0,0.0,1,14560.132183672074
2017,26.0,1.0,NH White,some_college,low (<1.3x poverty),0.61,320.0,7200.0,0.0,50.0,1800.0,3.0,2.0,20.7,5.2,45.0,0.0,0.0,0.0,0.0,0,38298.597575862885
2017,21.0,0.0,Other/Multi,hs_or_less,low (<1.3x poverty),0.21,0.0,24000.0,0.0,0.0,3600.0,0.0,3.0,22.0,4.9,47.0,0.0,0.0,0.0,0.0,0,18271.945891361087
2017,55.0,1.0,NH Black,hs_or_less,middle (1.3-3.5x),2.77,0.0,0.0,0.0,0.0,0.0,0.0,8.0,35.1,6.7,92.0,1.0,1.0,1.0,0.0,0,13738.965970520538
2017,24.0,0.0,NH White,hs_or_less,high (>3.5x),5.0,1440.0,0.0,0.0,180.0,0.0,3.0,10.0,32.2,5.0,31.0,0.0,0.0,1.0,0.0,1,106793.89390771567
2017,61.0,1.0,NH White,hs_or_less,middle (1.3-3.5x),1.88,0.0,2400.0,0.0,0.0,400.0,0.0,6.0,58.8,5.8,72.0,0.0,1.0,1.0,1.0,0,20177.940353230006
2017,25.0,1.0,Other/Multi,college_plus,high (>3.5x),5.0,1680.0,0.0,0.0,240.0,0.0,5.0,7.0,23.6,5.6,58.0,0.0,0.0,0.0,0.0,1,30891.28234096794
2017,56.0,1.0,Other Hispanic,some_college,low (<1.3x poverty),0.59,0.0,0.0,0.0,0.0,0.0,0.0,3.0,28.8,6.1,55.0,0.0,1.0,0.0,1.0,0,13338.28602812275
2017,62.0,0.0,NH Asian,college_plus,high (>3.5x),5.0,2880.0,0.0,0.0,480.0,0.0,7.0,7.0,26.0,6.2,53.0,0.0,1.0,0.0,0.0,1,3366.9719175233613
2017,28.0,1.0,NH White,hs_or_less,low (<1.3x poverty),0.72,0.0,0.0,0.0,0.0,0.0,0.0,6.0,33.6,11.3,39.0,1.0,1.0,1.0,1.0,0,46014.80071267314
2017,32.0,1.0,NH Black,some_college,low (<1.3x poverty),0.06,240.0,25920.0,480.0,60.0,4320.0,1.0,3.0,41.7,8.4,61.0,1.0,1.0,1.0,1.0,0,12214.932303220552
2017,32.0,0.0,NH White,some_college,middle (1.3-3.5x),3.33,960.0,0.0,0.0,120.0,0.0,4.0,6.0,40.2,5.8,39.0,0.0,1.0,1.0,0.0,1,32754.91809720547
2017,30.0,1.0,NH Black,hs_or_less,low (<1.3x poverty),0.02,0.0,0.0,0.0,0.0,0.0,0.0,3.0,19.9,5.4,59.0,0.0,0.0,0.0,0.0,0,9782.343558569732
2017,32.0,0.0,NH White,some_college,middle (1.3-3.5x),2.46,0.0,0.0,0.0,0.0,0.0,0.0,11.0,33.6,5.1,43.0,0.0,0.0,1.0,1.0,0,67287.85768261467
2017,60.0,0.0,NH Asian,some_college,high (>3.5x),4.57,640.0,0.0,0.0,80.0,0.0,4.0,2.0,33.0,7.5,43.0,1.0,1.0,1.0,1.0,1,7558.798786117216
2017,20.0,1.0,NH White,hs_or_less,middle (1.3-3.5x),1.49,2160.0,2400.0,0.0,540.0,600.0,3.0,4.0,21.1,5.1,92.0,0.0,0.0,0.0,0.0,1,76967.10696337667
2017,59.0,1.0,Mexican American,hs_or_less,high (>3.5x),5.0,0.0,0.0,0.0,0.0,0.0,0.0,9.0,32.0,5.9,41.0,0.0,1.0,1.0,0.0,0,8092.117391923757
2017,54.0,1.0,NH Black,college_plus,middle (1.3-3.5x),2.45,3120.0,0.0,0.0,480.0,0.0,7.0,6.0,31.7,6.0,69.0,0.0,1.0,1.0,0.0,1,17638.341539755063
2017,36.0,1.0,Other Hispanic,hs_or_less,middle (1.3-3.5x),2.67,0.0,160.0,0.0,0.0,20.0,0.0,4.0,24.3,5.1,67.0,0.0,0.0,0.0,0.0,0,17508.211717931183
2017,43.0,0.0,Other Hispanic,some_college,low (<1.3x poverty),0.68,360.0,13440.0,360.0,90.0,2160.0,2.0,4.0,29.1,6.0,35.0,0.0,1.0,0.0,0.0,0,43250.61467442104
2017,63.0,1.0,Mexican American,hs_or_less,middle (1.3-3.5x),2.45,0.0,0.0,480.0,0.0,0.0,0.0,20.0,30.6,6.1,49.0,0.0,1.0,1.0,1.0,0,5858.1758047225085
2017,40.0,0.0,NH Black,college_plus,high (>3.5x),5.0,180.0,0.0,0.0,45.0,0.0,1.0,7.0,40.8,5.5,53.0,0.0,0.0,1.0,0.0,0,14955.583940383305
2017,48.0,0.0,NH Asian,college_plus,high (>3.5x),5.0,2400.0,0.0,0.0,360.0,0.0,4.0,5.0,23.6,5.7,55.0,0.0,1.0,0.0,0.0,1,5504.930149186762
2017,63.0,1.0,NH Black,some_college,middle (1.3-3.5x),1.84,0.0,0.0,0.0,0.0,0.0,0.0,3.0,28.3,6.5,61.0,1.0,1.0,0.0,0.0,0,6271.58620377625
2017,44.0,0.0,NH Black,college_plus,high (>3.5x),5.0,480.0,33600.0,200.0,120.0,5400.0,1.0,3.0,36.1,5.7,67.0,0.0,1.0,1.0,0.0,0,13501.162121148456
2017,57.0,1.0,NH White,some_college,middle (1.3-3.5x),1.47,0.0,0.0,0.0,0.0,0.0,0.0,9.0,22.1,5.7,48.0,0.0,1.0,0.0,0.0,0,15588.158868724031
2017,65.0,0.0,Other Hispanic,hs_or_less,middle (1.3-3.5x),2.12,0.0,0.0,0.0,0.0,0.0,0.0,7.0,21.8,6.1,56.0,0.0,1.0,0.0,0.0,0,3195.5823524865245
2017,56.0,1.0,NH Black,hs_or_less,high (>3.5x),5.0,0.0,0.0,0.0,0.0,0.0,0.0,10.0,25.1,5.5,80.0,0.0,0.0,0.0,0.0,0,13738.965970520538
2017,51.0,1.0,Mexican American,some_college,high (>3.5x),3.7,0.0,0.0,0.0,0.0,0.0,0.0,1.0,19.0,4.9,67.0,0.0,0.0,0.0,1.0,0,4392.2775181625275
2017,38.0,1.0,Mexican American,college_plus,high (>3.5x),3.85,600.0,0.0,0.0,150.0,0.0,5.0,12.0,43.0,5.1,39.0,0.0,0.0,1.0,0.0,1,7068.638332790996
2017,65.0,0.0,NH Black,hs_or_less,low (<1.3x poverty),0.7,0.0,0.0,0.0,0.0,0.0,0.0,2.0,22.1,6.0,45.0,0.0,1.0,0.0,1.0,0,4147.699613016349
2017,41.0,1.0,NH Black,some_college,low (<1.3x poverty),1.22,0.0,7200.0,0.0,0.0,1200.0,0.0,3.0,29.5,6.2,39.0,0.0,1.0,0.0,0.0,0,4906.80722238999
2017,64.0,1.0,Mexican American,college_plus,low (<1.3x poverty),0.99,0.0,0.0,0.0,0.0,0.0,0.0,6.0,33.8,9.7,38.0,1.0,1.0,1.0,1.0,0,4717.924825145651
2017,59.0,1.0,Other Hispanic,hs_or_less,middle (1.3-3.5x),2.9,0.0,30240.0,0.0,0.0,5040.0,0.0,3.0,27.1,6.1,72.0,0.0,1.0,0.0,1.0,0,14030.757442350692
2017,60.0,0.0,NH Black,some_college,low (<1.3x poverty),1.24,400.0,240.0,1200.0,100.0,60.0,5.0,7.0,29.7,8.6,47.0,1.0,1.0,0.0,0.0,0,4747.8863086846395
2017,44.0,1.0,NH Asian,college_plus,high (>3.5x),5.0,0.0,0.0,0.0,0.0,0.0,0.0,8.0,19.4,5.4,70.0,0.0,0.0,0.0,0.0,0,9139.605369961098
2017,55.0,1.0,Other/Multi,college_plus,high (>3.5x),3.95,0.0,2400.0,0.0,0.0,420.0,0.0,0.05,30.6,5.5,88.0,0.0,0.0,1.0,0.0,0,53623.89526056397
2017,59.0,1.0,NH Black,some_college,middle (1.3-3.5x),2.36,0.0,720.0,0.0,0.0,180.0,0.0,8.0,33.7,5.7,74.0,0.0,1.0,1.0,0.0,0,14753.796744410149
2017,53.0,0.0,NH Black,hs_or_less,high (>3.5x),4.33,2160.0,2400.0,0.0,540.0,600.0,6.0,7.0,31.3,5.3,62.0,0.0,0.0,1.0,0.0,1,12121.730049199448
2017,45.0,0.0,NH White,hs_or_less,middle (1.3-3.5x),1.64,0.0,28800.0,0.0,0.0,4800.0,0.0,3.0,27.4,5.4,51.0,0.0,0.0,0.0,0.0,0,10418.467668252631
2017,64.0,0.0,NH Black,college_plus,middle (1.3-3.5x),3.03,0.0,0.0,0.0,0.0,0.0,0.0,8.0,36.0,6.2,43.0,0.0,1.0,1.0,0.0,0,5047.634577767351
2017,43.0,1.0,NH White,hs_or_less,middle (1.3-3.5x),1.67,0.0,25200.0,0.0,0.0,4200.0,0.0,4.0,25.9,5.0,72.0,0.0,0.0,0.0,0.0,0,21399.81291650709
2017,65.0,0.0,NH Black,hs_or_less,middle (1.3-3.5x),1.49,0.0,0.0,0.0,0.0,0.0,0.0,10.0,23.6,7.0,29.0,1.0,1.0,0.0,1.0,0,5264.7087607295725
2017,43.0,1.0,Mexican American,hs_or_less,low (<1.3x poverty),0.76,0.0,1440.0,0.0,0.0,360.0,0.0,2.0,30.7,5.4,43.0,0.0,0.0,1.0,0.0,0,12503.34299554732
2017,57.0,0.0,NH Black,some_college,high (>3.5x),5.0,480.0,8640.0,0.0,60.0,1440.0,2.0,15.0,35.6,8.5,49.0,1.0,1.0,1.0,1.0,0,16806.42558313761
2017,54.0,0.0,NH White,hs_or_less,middle (1.3-3.5x),2.67,0.0,480.0,0.0,0.0,90.0,0.0,5.0,31.5,8.8,34.0,1.0,1.0,1.0,0.0,0,64435.7162024973
2017,55.0,0.0,Other Hispanic,some_college,high (>3.5x),5.0,2880.0,0.0,480.0,480.0,0.0,7.0,8.0,26.4,5.2,61.0,0.0,0.0,0.0,0.0,1,14679.255390871509
2017,31.0,1.0,NH Black,hs_or_less,middle (1.3-3.5x),2.43,540.0,0.0,0.0,135.0,0.0,3.0,9.0,15.7,4.9,57.0,0.0,0.0,0.0,1.0,0,7110.34323832495
2017,63.0,0.0,NH White,some_college,high (>3.5x),4.86,0.0,0.0,0.0,0.0,0.0,0.0,2.0,35.8,5.9,46.0,1.0,1.0,1.0,0.0,0,58244.12768313413
2017,61.0,0.0,NH Asian,college_plus,high (>3.5x),5.0,480.0,1920.0,0.0,120.0,480.0,4.0,3.0,22.9,7.0,87.0,1.0,1.0,0.0,0.0,0,4294.488249922524
2017,23.0,0.0,NH White,hs_or_less,middle (1.3-3.5x),3.09,0.0,14400.0,0.0,0.0,1800.0,0.0,3.0,38.8,5.1,45.0,0.0,0.0,1.0,0.0,0,30625.3299913976
2017,37.0,1.0,NH Black,some_college,middle (1.3-3.5x),2.07,1860.0,0.0,0.0,345.0,0.0,7.0,11.0,42.0,5.5,66.0,0.0,0.0,1.0,0.0,1,12992.06681699787
2017,64.0,1.0,Other/Multi,some_college,middle (1.3-3.5x),1.74,1440.0,2400.0,0.0,240.0,600.0,6.0,12.0,28.0,6.9,38.0,1.0,1.0,0.0,1.0,1,8660.664360297907
2017,56.0,0.0,Other Hispanic,hs_or_less,low (<1.3x poverty),0.58,0.0,0.0,0.0,0.0,0.0,0.0,2.0,29.1,5.7,48.0,0.0,1.0,0.0,1.0,0,21376.83832957022
2017,25.0,0.0,NH Black,some_college,high (>3.5x),3.79,160.0,3840.0,160.0,40.0,720.0,4.0,8.0,23.9,4.6,54.0,0.0,0.0,0.0,0.0,0,6355.521812306969
2017,56.0,1.0,Mexican American,hs_or_less,middle (1.3-3.5x),3.11,0.0,0.0,960.0,0.0,0.0,0.0,1.0,30.7,5.3,45.0,0.0,0.0,1.0,1.0,0,12805.847648980334
2017,27.0,1.0,NH Asian,college_plus,high (>3.5x),5.0,1200.0,3600.0,0.0,180.0,900.0,3.0,4.0,20.7,5.6,53.0,0.0,0.0,0.0,0.0,1,17912.64154497851
2017,63.0,1.0,NH Black,some_college,high (>3.5x),4.25,0.0,320.0,0.0,0.0,80.0,0.0,10.0,25.9,5.9,63.0,0.0,1.0,0.0,0.0,0,7358.466870458881
2017,43.0,0.0,NH White,college_plus,middle (1.3-3.5x),2.88,0.0,6000.0,0.0,0.0,900.0,0.0,4.0,19.0,5.4,137.0,0.0,0.0,0.0,0.0,0,63157.49125491163
2017,53.0,0.0,Other/Multi,some_college,middle (1.3-3.5x),1.57,3840.0,14400.0,0.0,960.0,2100.0,2.0,4.0,31.6,5.8,47.0,0.0,1.0,1.0,0.0,1,52533.791216765385
2017,59.0,1.0,Other/Multi,some_college,low (<1.3x poverty),0.23,0.0,1920.0,0.0,0.0,480.0,0.0,6.0,27.6,5.8,70.0,0.0,1.0,0.0,0.0,0,13092.63571752431
2017,35.0,1.0,Other Hispanic,hs_or_less,middle (1.3-3.5x),1.82,4320.0,0.0,0.0,720.0,0.0,7.0,1.5,28.2,5.3,57.0,0.0,0.0,0.0,0.0,1,28361.947352239335
2017,55.0,1.0,NH Black,hs_or_less,low (<1.3x poverty),0.96,480.0,1920.0,0.0,120.0,240.0,2.0,3.0,35.0,5.5,45.0,0.0,0.0,1.0,1.0,0,15201.387341076785
2017,57.0,1.0,NH Black,hs_or_less,low (<1.3x poverty),0.1,0.0,2160.0,0.0,0.0,540.0,0.0,12.0,48.4,8.9,35.0,1.0,1.0,1.0,1.0,0,17530.193021255378
2017,38.0,0.0,NH White,college_plus,high (>3.5x),5.0,3120.0,320.0,160.0,480.0,40.0,7.0,3.0,25.5,5.5,78.0,0.0,0.0,0.0,0.0,1,84658.32746917887
2017,36.0,1.0,NH White,some_college,middle (1.3-3.5x),2.15,660.0,120.0,0.0,120.0,30.0,6.0,3.0,30.0,5.3,47.0,0.0,0.0,1.0,0.0,1,38709.65178089779
2017,32.0,0.0,NH White,hs_or_less,middle (1.3-3.5x),1.98,0.0,0.0,0.0,0.0,0.0,0.0,4.0,35.0,5.6,34.0,0.0,0.0,1.0,0.0,0,32531.520356671503
2017,31.0,0.0,NH Asian,some_college,middle (1.3-3.5x),1.5,3840.0,0.0,600.0,480.0,0.0,2.0,6.0,26.3,6.1,35.0,0.0,1.0,0.0,0.0,1,8527.96684377235
2017,64.0,1.0,NH White,some_college,middle (1.3-3.5x),1.68,240.0,2040.0,0.0,60.0,270.0,1.0,2.0,35.1,6.6,54.0,1.0,1.0,1.0,0.0,0,24240.077883247668
2017,61.0,0.0,NH Asian,college_plus,high (>3.5x),5.0,440.0,0.0,800.0,70.0,0.0,3.0,6.0,28.0,5.8,56.0,1.0,1.0,0.0,0.0,0,6261.129150050842
2017,60.0,1.0,NH Black,college_plus,low (<1.3x poverty),1.0,180.0,0.0,0.0,45.0,0.0,3.0,4.0,23.9,11.7,49.0,1.0,1.0,0.0,1.0,0,4714.759023462521
2017,60.0,1.0,NH White,hs_or_less,high (>3.5x),4.56,0.0,0.0,0.0,0.0,0.0,0.0,9.0,33.5,5.6,27.0,1.0,1.0,1.0,1.0,0,13294.98774426236
2017,21.0,0.0,NH Black,hs_or_less,low (<1.3x poverty),1.07,2160.0,0.0,360.0,300.0,0.0,3.0,2.0,21.7,5.8,64.0,0.0,1.0,0.0,0.0,1,21953.047352242786
2017,37.0,0.0,NH White,hs_or_less,low (<1.3x poverty),0.73,240.0,240.0,1440.0,60.0,60.0,2.0,8.0,31.0,5.1,41.0,0.0,0.0,1.0,1.0,0,15325.16611088154
2017,42.0,0.0,NH Asian,hs_or_less,middle (1.3-3.5x),2.24,0.0,0.0,400.0,0.0,0.0,0.0,5.0,21.1,5.1,52.0,0.0,0.0,0.0,0.0,0,11973.971925177993
2017,41.0,0.0,NH White,hs_or_less,middle (1.3-3.5x),3.47,0.0,3360.0,0.0,0.0,480.0,0.0,4.0,27.2,5.3,50.0,0.0,0.0,0.0,0.0,0,77461.69692895746
2017,28.0,0.0,NH White,some_college,middle (1.3-3.5x),2.09,0.0,21600.0,0.0,0.0,3240.0,0.0,6.0,35.3,5.3,26.0,0.0,0.0,1.0,0.0,0,33489.551988006075
2017,63.0,1.0,NH Asian,college_plus,high (>3.5x),5.0,0.0,0.0,0.0,0.0,0.0,0.0,7.0,24.8,6.0,88.0,0.0,1.0,0.0,0.0,0,7540.715339295448
2017,41.0,0.0,NH Asian,college_plus,high (>3.5x),5.0,0.0,1200.0,0.0,0.0,300.0,0.0,3.0,25.2,5.2,51.0,0.0,0.0,0.0,0.0,0,11927.331793452433
2017,46.0,1.0,NH Black,some_college,high (>3.5x),3.88,0.0,0.0,0.0,0.0,0.0,0.0,10.0,52.4,6.3,64.0,0.0,1.0,1.0,0.0,0,11698.889984440752
2017,26.0,0.0,Other/Multi,college_plus,high (>3.5x),5.0,3240.0,240.0,0.0,585.0,60.0,7.0,9.0,30.6,5.0,60.0,0.0,0.0,1.0,0.0,1,9702.01151538295
2017,45.0,1.0,NH White,some_college,middle (1.3-3.5x),1.49,0.0,0.0,0.0,0.0,0.0,0.0,7.0,42.6,5.1,52.0,0.0,0.0,1.0,0.0,0,11847.451050556681
2017,45.0,0.0,NH Black,hs_or_less,low (<1.3x poverty),0.36,0.0,10800.0,0.0,0.0,1800.0,0.0,4.0,38.1,6.0,32.0,0.0,1.0,1.0,1.0,0,20861.23872418995
2017,55.0,1.0,NH White,some_college,middle (1.3-3.5x),1.52,0.0,0.0,0.0,0.0,0.0,0.0,5.0,35.4,5.3,55.0,0.0,0.0,1.0,1.0,0,19675.0597471082
2017,43.0,1.0,NH Black,some_college,middle (1.3-3.5x),2.65,0.0,8640.0,0.0,0.0,1440.0,0.0,2.0,29.3,5.5,72.0,0.0,0.0,0.0,1.0,0,8926.946184841376
2017,40.0,1.0,NH White,some_college,middle (1.3-3.5x),1.49,900.0,3680.0,0.0,225.0,820.0,5.0,3.0,44.2,6.8,59.0,1.0,1.0,1.0,1.0,1,17547.1921821229
2017,25.0,1.0,Other/Multi,hs_or_less,low (<1.3x poverty),0.83,240.0,1440.0,0.0,60.0,180.0,2.0,8.0,35.4,5.4,47.0,0.0,0.0,1.0,0.0,0,41612.11478039957
2017,20.0,1.0,Mexican American,some_college,middle (1.3-3.5x),2.72,1440.0,0.0,0.0,180.0,0.0,3.0,4.0,37.9,5.2,38.0,0.0,0.0,1.0,0.0,1,18821.687882810947
2017,54.0,0.0,NH White,college_plus,high (>3.5x),3.98,1680.0,0.0,0.0,300.0,0.0,7.0,10.0,21.6,5.1,41.0,0.0,0.0,0.0,0.0,1,128363.72022868863
2017,46.0,1.0,NH Asian,college_plus,high (>3.5x),5.0,0.0,0.0,0.0,0.0,0.0,0.0,9.0,22.9,5.5,57.0,0.0,0.0,0.0,0.0,0,6338.500755664047
2017,55.0,1.0,NH White,some_college,high (>3.5x),3.82,0.0,0.0,0.0,0.0,0.0,0.0,5.0,22.2,5.8,51.0,0.0,1.0,0.0,0.0,0,49924.068868242015
2017,32.0,1.0,NH White,college_plus,high (>3.5x),5.0,1080.0,1200.0,1080.0,210.0,300.0,7.0,10.0,43.5,5.4,41.0,0.0,0.0,1.0,0.0,1,55768.24703648809
2017,39.0,1.0,NH Asian,college_plus,low (<1.3x poverty),1.1,0.0,0.0,0.0,0.0,0.0,0.0,8.0,31.4,5.3,35.0,0.0,0.0,1.0,1.0,0,14174.882060217244
2017,29.0,1.0,Mexican American,some_college,middle (1.3-3.5x),2.38,3600.0,0.0,160.0,450.0,0.0,5.0,3.0,30.0,5.3,45.0,0.0,0.0,1.0,0.0,1,12136.28806282489
2017,55.0,1.0,NH Black,some_college,middle (1.3-3.5x),3.16,0.0,0.0,0.0,0.0,0.0,0.0,10.0,38.1,5.9,67.0,0.0,1.0,1.0,0.0,0,15011.483292449728
2017,31.0,1.0,NH Asian,hs_or_less,low (<1.3x poverty),0.79,0.0,0.0,0.0,0.0,0.0,0.0,2.0,23.4,5.4,59.0,0.0,0.0,0.0,0.0,0,13666.034894069498
2017,21.0,1.0,NH White,some_college,high (>3.5x),4.29,1680.0,0.0,0.0,300.0,0.0,7.0,5.0,19.8,4.9,71.0,0.0,0.0,0.0,0.0,1,41567.66512977149
2017,58.0,1.0,NH Black,hs_or_less,low (<1.3x poverty),0.49,0.0,0.0,0.0,0.0,0.0,0.0,5.0,46.1,6.6,48.0,1.0,1.0,1.0,1.0,0,22602.396990507317
2017,39.0,0.0,NH White,some_college,low (<1.3x poverty),1.24,2160.0,0.0,0.0,360.0,0.0,6.0,5.0,28.1,5.3,50.0,0.0,0.0,0.0,0.0,1,33284.1369590689
2017,24.0,0.0,Other/Multi,hs_or_less,middle (1.3-3.5x),1.5,0.0,0.0,0.0,0.0,0.0,0.0,4.0,30.8,5.6,32.0,0.0,0.0,1.0,0.0,0,20433.140948629054
2017,29.0,1.0,NH Black,some_college,low (<1.3x poverty),0.61,2400.0,10800.0,400.0,360.0,2100.0,4.0,4.0,39.0,5.2,49.0,0.0,0.0,1.0,0.0,1,10642.25055370622
2017,48.0,1.0,NH Black,college_plus,middle (1.3-3.5x),1.96,4560.0,0.0,0.0,660.0,0.0,7.0,6.0,26.9,5.6,51.0,0.0,0.0,0.0,0.0,1,9350.080443418858
2017,55.0,1.0,NH White,some_college,low (<1.3x poverty),0.7,0.0,0.0,0.0,0.0,0.0,0.0,8.0,20.4,5.0,58.0,0.0,0.0,0.0,0.0,0,17144.467680773538
2017,50.0,1.0,Other/Multi,college_plus,low (<1.3x poverty),1.22,0.0,360.0,0.0,0.0,90.0,0.0,2.0,35.1,5.2,55.0,0.0,0.0,1.0,1.0,0,17948.505634350706
2017,56.0,0.0,NH White,hs_or_less,low (<1.3x poverty),0.62,960.0,10800.0,480.0,240.0,2100.0,4.0,2.0,22.6,6.4,41.0,0.0,1.0,0.0,0.0,1,50575.95126279028
2017,47.0,1.0,NH White,hs_or_less,low (<1.3x poverty),0.58,0.0,720.0,0.0,0.0,180.0,0.0,5.0,29.1,5.4,58.0,0.0,0.0,0.0,1.0,0,12482.45782733895
2017,52.0,0.0,NH White,some_college,middle (1.3-3.5x),1.57,360.0,15360.0,0.0,90.0,2040.0,3.0,6.0,35.3,5.0,41.0,0.0,0.0,1.0,0.0,0,11581.284462551253
2017,23.0,1.0,Other/Multi,some_college,high (>3.5x),3.95,360.0,2400.0,0.0,90.0,600.0,3.0,8.0,21.6,5.3,51.0,0.0,0.0,0.0,0.0,0,42636.908293977205
2017,58.0,0.0,NH Asian,college_plus,high (>3.5x),5.0,0.0,0.0,600.0,0.0,0.0,0.0,0.75,24.3,6.1,47.0,0.0,1.0,0.0,0.0,0,5414.296799437348
2017,36.0,0.0,NH White,college_plus,high (>3.5x),5.0,1200.0,0.0,200.0,300.0,0.0,5.0,12.0,22.3,4.9,79.0,0.0,0.0,0.0,0.0,1,57671.54808599619
2017,60.0,0.0,NH Black,some_college,high (>3.5x),5.0,960.0,0.0,0.0,120.0,0.0,1.0,6.0,29.2,5.4,88.0,0.0,0.0,0.0,0.0,1,7768.046068161961
2017,20.0,0.0,NH Black,hs_or_less,middle (1.3-3.5x),2.65,4320.0,7200.0,0.0,540.0,900.0,3.0,4.0,23.5,5.4,53.0,0.0,0.0,0.0,0.0,1,10900.550038872698
2017,44.0,1.0,NH Black,college_plus,middle (1.3-3.5x),3.4,0.0,0.0,0.0,0.0,0.0,0.0,4.0,39.7,5.5,68.0,0.0,0.0,1.0,0.0,0,18911.366440918297
2017,22.0,0.0,NH Black,some_college,low (<1.3x poverty),1.08,1200.0,16320.0,0.0,180.0,2400.0,4.0,2.0,22.0,6.0,71.0,0.0,1.0,0.0,0.0,1,13309.731895036584
2017,39.0,0.0,NH Asian,hs_or_less,high (>3.5x),4.17,1920.0,0.0,960.0,240.0,0.0,2.0,4.0,23.0,5.4,34.0,0.0,0.0,0.0,0.0,1,17564.997209204143
2017,42.0,1.0,Mexican American,hs_or_less,low (<1.3x poverty),1.04,2160.0,4320.0,0.0,360.0,720.0,6.0,2.0,30.3,5.2,52.0,0.0,0.0,1.0,0.0,1,11258.07815128325
2017,38.0,0.0,NH Black,college_plus,middle (1.3-3.5x),1.43,12960.0,4320.0,0.0,2160.0,720.0,7.0,1.0,32.9,5.9,34.0,0.0,1.0,1.0,0.0,1,16576.285578170824
2017,36.0,0.0,NH White,some_college,high (>3.5x),4.12,1920.0,1440.0,0.0,240.0,360.0,4.0,3.0,26.7,5.0,57.0,0.0,0.0,0.0,0.0,1,61880.750095543015
2017,56.0,1.0,NH Asian,college_plus,high (>3.5x),5.0,400.0,0.0,600.0,100.0,0.0,4.0,6.0,18.9,5.4,97.0,0.0,0.0,0.0,0.0,0,7763.204662462335
2017,51.0,1.0,NH White,college_plus,high (>3.5x),5.0,840.0,0.0,0.0,210.0,0.0,6.0,5.0,19.1,5.2,87.0,0.0,0.0,0.0,0.0,1,208436.76918925374
2017,63.0,0.0,NH White,hs_or_less,middle (1.3-3.5x),1.44,0.0,1440.0,0.0,0.0,240.0,0.0,7.0,25.4,5.2,51.0,0.0,0.0,0.0,1.0,0,10724.87569436143
2017,33.0,0.0,Other Hispanic,hs_or_less,middle (1.3-3.5x),2.65,0.0,0.0,0.0,0.0,0.0,0.0,1.0,23.8,5.0,50.0,0.0,0.0,0.0,0.0,0,13622.279188119213
2017,56.0,0.0,Mexican American,college_plus,middle (1.3-3.5x),1.69,640.0,1440.0,0.0,160.0,360.0,4.0,3.0,24.6,5.7,48.0,0.0,1.0,0.0,0.0,1,16227.798052855316
2017,22.0,0.0,NH Black,some_college,middle (1.3-3.5x),2.45,240.0,2880.0,400.0,60.0,720.0,1.0,4.0,21.6,5.4,43.0,0.0,0.0,0.0,0.0,0,15003.210837860883
2017,63.0,1.0,NH White,some_college,high (>3.5x),3.81,0.0,0.0,0.0,0.0,0.0,0.0,3.0,30.2,5.8,70.0,0.0,1.0,1.0,0.0,0,44609.44605616995
2017,56.0,1.0,NH White,some_college,high (>3.5x),5.0,540.0,0.0,0.0,135.0,0.0,3.0,3.0,28.9,5.4,66.0,0.0,0.0,0.0,0.0,0,57508.91260372836
2017,23.0,0.0,NH White,some_college,low (<1.3x poverty),0.71,0.0,28800.0,0.0,0.0,4800.0,0.0,8.0,28.9,5.5,44.0,0.0,0.0,0.0,0.0,0,21543.003911498217
2017,48.0,1.0,NH Black,some_college,low (<1.3x poverty),0.4,0.0,0.0,320.0,0.0,0.0,0.0,13.0,41.0,5.8,57.0,0.0,1.0,1.0,0.0,0,5969.938172549699
2017,60.0,0.0,Other Hispanic,some_college,middle (1.3-3.5x),2.82,0.0,0.0,0.0,0.0,0.0,0.0,5.0,22.5,4.8,78.0,0.0,0.0,0.0,0.0,0,4680.0872458903405
2017,62.0,0.0,Mexican American,some_college,middle (1.3-3.5x),2.22,0.0,13920.0,0.0,0.0,1980.0,0.0,3.0,34.9,5.9,30.0,1.0,1.0,1.0,1.0,0,8395.716042054179
2017,45.0,0.0,Other Hispanic,hs_or_less,middle (1.3-3.5x),3.32,720.0,0.0,0.0,180.0,0.0,3.0,0.5,35.1,6.0,36.0,0.0,1.0,1.0,0.0,1,13566.19875916543
2017,46.0,1.0,NH White,college_plus,high (>3.5x),5.0,2640.0,0.0,0.0,420.0,0.0,7.0,8.0,19.7,5.5,71.0,0.0,0.0,0.0,0.0,1,53482.47139220505
2017,25.0,0.0,NH Black,college_plus,middle (1.3-3.5x),2.9,1080.0,720.0,0.0,135.0,180.0,3.0,9.0,37.4,4.7,47.0,0.0,0.0,1.0,0.0,1,27443.40905895435
2017,27.0,0.0,NH White,hs_or_less,low (<1.3x poverty),0.81,0.0,10080.0,0.0,0.0,1680.0,0.0,2.0,19.6,5.3,66.0,0.0,0.0,0.0,1.0,0,20522.06744701216
2017,59.0,1.0,NH Asian,hs_or_less,low (<1.3x poverty),0.19,0.0,0.0,480.0,0.0,0.0,0.0,3.0,23.6,5.9,60.0,0.0,1.0,0.0,0.0,0,6174.1986172697725
2017,27.0,0.0,NH White,some_college,middle (1.3-3.5x),1.42,1800.0,18000.0,0.0,300.0,2400.0,7.0,2.0,37.6,5.3,38.0,0.0,0.0,1.0,0.0,1,24839.238894102007
2017,43.0,0.0,NH White,hs_or_less,low (<1.3x poverty),1.06,0.0,0.0,0.0,0.0,0.0,0.0,6.0,39.0,5.4,27.0,0.0,0.0,1.0,1.0,0,12854.187529793648
2017,48.0,0.0,NH Asian,hs_or_less,low (<1.3x poverty),0.88,1920.0,0.0,0.0,480.0,0.0,2.0,4.0,23.4,5.1,,0.0,0.0,0.0,0.0,1,6008.679478545775
2017,33.0,0.0,NH White,some_college,high (>3.5x),3.79,3840.0,1520.0,0.0,960.0,370.0,2.0,12.0,34.9,5.4,49.0,0.0,0.0,1.0,0.0,1,98237.3570076407
2017,24.0,0.0,NH Asian,college_plus,high (>3.5x),5.0,600.0,2880.0,0.0,150.0,720.0,5.0,6.0,29.1,10.1,35.0,1.0,1.0,0.0,1.0,1,11722.914441949124
2017,23.0,1.0,NH White,hs_or_less,middle (1.3-3.5x),1.35,0.0,2400.0,0.0,0.0,600.0,0.0,8.0,17.9,4.1,51.0,0.0,0.0,0.0,0.0,0,38817.128588407075
2017,33.0,0.0,NH White,some_college,low (<1.3x poverty),1.18,0.0,11520.0,0.0,0.0,2880.0,0.0,4.0,36.0,5.1,39.0,0.0,0.0,1.0,1.0,0,43060.31653646444
2017,28.0,1.0,NH Black,some_college,low (<1.3x poverty),5.397605346934028e-79,1440.0,0.0,320.0,240.0,0.0,7.0,1.0,32.8,5.5,61.0,0.0,0.0,1.0,0.0,1,8983.687860323342
2017,54.0,0.0,Mexican American,hs_or_less,high (>3.5x),4.35,0.0,17280.0,60.0,0.0,3600.0,0.0,3.0,31.6,5.4,56.0,0.0,0.0,1.0,0.0,0,26639.45415495233
2017,25.0,1.0,NH Black,some_college,middle (1.3-3.5x),2.06,0.0,0.0,0.0,0.0,0.0,0.0,2.0,21.4,5.2,76.0,0.0,0.0,0.0,0.0,0,10376.72208459316
2017,31.0,1.0,NH Asian,college_plus,high (>3.5x),5.0,240.0,0.0,0.0,60.0,0.0,2.0,4.0,18.8,5.3,66.0,0.0,0.0,0.0,0.0,0,8544.447610431076
2017,59.0,1.0,Mexican American,hs_or_less,low (<1.3x poverty),0.4,0.0,0.0,240.0,0.0,0.0,0.0,1.0,37.4,12.2,41.0,1.0,1.0,1.0,0.0,0,10829.215520492524
2017,56.0,0.0,Mexican American,college_plus,low (<1.3x poverty),1.08,1680.0,1680.0,0.0,300.0,300.0,5.0,0.3333333333333333,42.6,5.6,41.0,0.0,0.0,1.0,0.0,1,19380.632664967863
2017,30.0,0.0,Other/Multi,some_college,middle (1.3-3.5x),3.18,0.0,17280.0,0.0,0.0,2880.0,0.0,12.0,34.1,5.3,41.0,0.0,0.0,1.0,0.0,0,15271.202882228075
2017,55.0,1.0,Other Hispanic,college_plus,middle (1.3-3.5x),2.73,6240.0,3840.0,0.0,840.0,960.0,6.0,4.0,26.0,5.5,66.0,0.0,0.0,0.0,0.0,1,9712.424143213053
2017,51.0,1.0,NH Black,some_college,middle (1.3-3.5x),1.58,720.0,0.0,0.0,120.0,0.0,6.0,8.0,38.0,6.0,43.0,0.0,1.0,1.0,0.0,1,8957.007209330337
2017,37.0,0.0,Other/Multi,college_plus,high (>3.5x),5.0,0.0,6000.0,0.0,0.0,900.0,0.0,3.0,28.4,5.4,59.0,0.0,0.0,0.0,0.0,0,13627.758036549005
2017,26.0,0.0,NH White,hs_or_less,middle (1.3-3.5x),1.67,240.0,720.0,0.0,60.0,180.0,1.0,3.0,27.4,5.0,50.0,0.0,0.0,0.0,0.0,0,25929.88768670103
2017,38.0,1.0,NH White,some_college,middle (1.3-3.5x),1.34,2600.0,0.0,0.0,475.0,0.0,7.0,4.0,27.1,4.8,64.0,0.0,0.0,0.0,0.0,1,17239.231294408317
2017,51.0,1.0,Other Hispanic,hs_or_less,low (<1.3x poverty),0.58,480.0,12960.0,0.0,120.0,2520.0,1.0,1.5,26.7,5.6,45.0,0.0,0.0,0.0,0.0,0,12550.345576706315
2017,41.0,1.0,Mexican American,hs_or_less,middle (1.3-3.5x),2.49,0.0,0.0,0.0,0.0,0.0,0.0,17.0,46.5,6.1,42.0,0.0,1.0,1.0,1.0,0,24010.185257290792
2017,32.0,0.0,NH White,college_plus,high (>3.5x),5.0,0.0,2160.0,120.0,0.0,540.0,0.0,7.0,23.8,4.9,54.0,0.0,0.0,0.0,0.0,0,141404.37353896594
2017,38.0,1.0,NH Asian,college_plus,high (>3.5x),5.0,2400.0,0.0,400.0,300.0,0.0,5.0,9.0,23.2,5.0,57.0,0.0,0.0,0.0,0.0,1,6688.010081251304
2017,45.0,1.0,NH White,some_college,high (>3.5x),5.0,0.0,0.0,0.0,0.0,0.0,0.0,1.0,22.0,5.4,60.0,0.0,0.0,0.0,0.0,0,103816.10853417664
2017,42.0,1.0,Mexican American,some_college,low (<1.3x poverty),1.22,0.0,0.0,400.0,0.0,0.0,0.0,18.0,35.1,5.4,64.0,0.0,0.0,1.0,0.0,0,16228.7838298781
2017,46.0,0.0,NH Black,hs_or_less,middle (1.3-3.5x),1.63,560.0,0.0,0.0,110.0,0.0,3.0,1.0,23.9,6.7,31.0,1.0,1.0,0.0,0.0,0,16948.365136810364
2017,56.0,0.0,NH White,some_college,middle (1.3-3.5x),1.52,360.0,7200.0,0.0,90.0,1800.0,3.0,0.5,28.2,5.6,38.0,0.0,0.0,0.0,0.0,0,40572.68123816772
2017,27.0,1.0,NH Black,hs_or_less,low (<1.3x poverty),0.18,0.0,9600.0,0.0,0.0,2400.0,0.0,2.0,33.8,5.1,54.0,0.0,0.0,1.0,1.0,0,11523.529127328493
2017,63.0,0.0,NH Black,hs_or_less,low (<1.3x poverty),0.75,0.0,600.0,360.0,0.0,90.0,0.0,6.0,20.1,4.9,80.0,0.0,0.0,0.0,1.0,0,6032.9685567880815
2017,64.0,1.0,NH Asian,hs_or_less,middle (1.3-3.5x),2.08,0.0,0.0,240.0,0.0,0.0,0.0,1.0,21.0,5.4,54.0,0.0,0.0,0.0,0.0,0,6895.554350403624
2017,60.0,1.0,Other/Multi,hs_or_less,low (<1.3x poverty),0.06,0.0,0.0,480.0,0.0,0.0,0.0,8.0,33.8,6.5,47.0,1.0,1.0,1.0,1.0,0,18187.872370507375
2017,39.0,0.0,NH White,college_plus,middle (1.3-3.5x),1.61,0.0,240.0,0.0,0.0,60.0,0.0,9.0,21.8,5.2,47.0,0.0,0.0,0.0,0.0,0,23829.955432449475
2017,25.0,1.0,NH Black,college_plus,high (>3.5x),3.81,1680.0,0.0,360.0,240.0,0.0,6.0,9.0,24.5,4.7,58.0,0.0,0.0,0.0,0.0,1,14400.817949905606
2017,47.0,1.0,NH Asian,college_plus,high (>3.5x),5.0,1320.0,0.0,300.0,210.0,0.0,7.0,2.0,19.6,5.3,89.0,0.0,0.0,0.0,0.0,1,6270.591493141161
2017,50.0,0.0,Mexican American,hs_or_less,low (<1.3x poverty),0.96,0.0,0.0,0.0,0.0,0.0,0.0,3.0,29.5,5.5,36.0,0.0,0.0,0.0,1.0,0,9062.5598307403
2017,39.0,0.0,NH Asian,college_plus,middle (1.3-3.5x),2.82,1860.0,360.0,0.0,345.0,90.0,7.0,5.0,27.2,5.5,32.0,0.0,0.0,0.0,0.0,1,9330.376735479833
2017,39.0,1.0,NH Asian,college_plus,high (>3.5x),5.0,0.0,60.0,0.0,0.0,15.0,0.0,5.0,23.6,6.0,36.0,0.0,1.0,0.0,1.0,0,10182.580269072112
2017,51.0,0.0,NH White,some_college,middle (1.3-3.5x),1.92,0.0,2400.0,0.0,0.0,600.0,0.0,5.0,25.8,5.1,87.0,0.0,0.0,0.0,0.0,0,17756.83580969102
2017,20.0,1.0,Mexican American,hs_or_less,low (<1.3x poverty),0.58,2640.0,2880.0,960.0,420.0,480.0,7.0,6.0,20.1,5.3,61.0,0.0,0.0,0.0,0.0,1,25092.827963250278
2017,48.0,1.0,NH Black,hs_or_less,low (<1.3x poverty),0.88,0.0,0.0,0.0,0.0,0.0,0.0,4.0,24.2,5.1,118.0,0.0,0.0,0.0,1.0,0,7049.370049033432
2017,53.0,1.0,NH Asian,college_plus,middle (1.3-3.5x),3.25,480.0,0.0,0.0,60.0,0.0,1.0,6.0,20.3,5.7,70.0,0.0,1.0,0.0,0.0,0,5936.442372380998
2017,20.0,1.0,Mexican American,some_college,low (<1.3x poverty),0.49,0.0,0.0,0.0,0.0,0.0,0.0,1.5,33.1,5.7,34.0,0.0,1.0,1.0,1.0,0,10528.699734797852
2017,20.0,1.0,NH Asian,some_college,high (>3.5x),5.0,1920.0,0.0,0.0,240.0,0.0,4.0,6.0,22.1,4.9,58.0,0.0,0.0,0.0,0.0,1,14910.198523908603
2017,59.0,0.0,NH Black,hs_or_less,high (>3.5x),4.25,0.0,0.0,0.0,0.0,0.0,0.0,5.0,40.7,6.1,,0.0,1.0,1.0,0.0,0,21851.318119994656
2017,56.0,1.0,NH White,some_college,low (<1.3x poverty),0.74,0.0,1080.0,0.0,0.0,180.0,0.0,8.0,52.6,6.5,97.0,1.0,1.0,1.0,0.0,0,18188.43388374664
2017,40.0,0.0,NH Black,some_college,middle (1.3-3.5x),1.63,400.0,0.0,1200.0,100.0,0.0,5.0,5.0,26.6,6.0,56.0,0.0,1.0,0.0,0.0,0,9976.282597808282
2017,31.0,0.0,NH Black,some_college,low (<1.3x poverty),0.41,2400.0,0.0,1920.0,360.0,0.0,4.0,4.0,23.8,4.8,52.0,0.0,0.0,0.0,1.0,1,12439.895691773967
2017,62.0,1.0,NH Black,some_college,high (>3.5x),5.0,0.0,0.0,0.0,0.0,0.0,0.0,8.0,29.5,6.1,47.0,0.0,1.0,0.0,0.0,0,3500.1212988049183
2017,22.0,1.0,NH White,some_college,low (<1.3x poverty),1.24,920.0,1800.0,180.0,130.0,450.0,7.0,10.0,26.3,4.9,54.0,0.0,0.0,0.0,0.0,1,6144.402073654226
2017,53.0,1.0,Other/Multi,some_college,middle (1.3-3.5x),1.79,0.0,0.0,0.0,0.0,0.0,0.0,8.0,22.6,5.0,95.0,1.0,1.0,0.0,0.0,0,15335.85027989952
2017,28.0,0.0,NH Black,hs_or_less,low (<1.3x poverty),0.6,720.0,0.0,0.0,90.0,0.0,2.0,2.0,23.8,5.2,56.0,0.0,0.0,0.0,0.0,1,8146.502822944139
2017,61.0,0.0,NH Asian,hs_or_less,high (>3.5x),4.76,0.0,0.0,0.0,0.0,0.0,0.0,2.3333333333333335,22.4,5.4,63.0,0.0,0.0,0.0,0.0,0,3291.8564753393275
2017,62.0,1.0,NH Asian,hs_or_less,high (>3.5x),4.93,0.0,0.0,0.0,0.0,0.0,0.0,7.0,21.0,6.8,77.0,1.0,1.0,0.0,0.0,0,6355.338194850238
2017,57.0,1.0,NH White,some_college,high (>3.5x),5.0,0.0,0.0,0.0,0.0,0.0,0.0,14.0,25.5,5.6,102.0,0.0,0.0,0.0,0.0,0,98962.01347328027
2017,43.0,1.0,Other/Multi,some_college,middle (1.3-3.5x),2.16,0.0,8640.0,0.0,0.0,1680.0,0.0,3.0,30.2,5.1,47.0,0.0,0.0,1.0,0.0,0,11416.332589734919
2017,50.0,1.0,NH Black,some_college,high (>3.5x),5.0,300.0,0.0,0.0,75.0,0.0,5.0,6.0,30.7,5.6,82.0,0.0,0.0,1.0,1.0,0,6094.9451795409295
2017,37.0,0.0,Other Hispanic,hs_or_less,low (<1.3x poverty),1.22,0.0,5280.0,8400.0,0.0,960.0,0.0,2.0,28.4,5.3,49.0,0.0,0.0,0.0,0.0,0,33268.77761130144
2017,65.0,1.0,Mexican American,hs_or_less,low (<1.3x poverty),0.96,0.0,0.0,0.0,0.0,0.0,0.0,3.0,32.0,5.8,55.0,0.0,1.0,1.0,1.0,0,5471.624139765319
2017,63.0,1.0,NH Asian,hs_or_less,high (>3.5x),5.0,1920.0,0.0,0.0,480.0,0.0,4.0,6.0,25.2,6.6,70.0,1.0,1.0,0.0,0.0,1,6597.233580254047
2017,29.0,0.0,NH White,some_college,low (<1.3x poverty),0.58,0.0,0.0,0.0,0.0,0.0,0.0,1.0,23.9,4.9,41.0,0.0,0.0,0.0,0.0,0,30518.417619774402
2017,26.0,0.0,Mexican American,hs_or_less,middle (1.3-3.5x),1.96,0.0,9600.0,0.0,0.0,1500.0,0.0,4.0,31.9,5.0,45.0,0.0,0.0,1.0,0.0,0,14673.3688744108
2017,44.0,1.0,NH Asian,some_college,high (>3.5x),4.52,1920.0,1920.0,0.0,360.0,240.0,4.0,2.0,37.3,6.0,45.0,0.0,1.0,1.0,1.0,1,8411.328869407918
2017,30.0,1.0,NH Black,some_college,middle (1.3-3.5x),2.16,0.0,12000.0,0.0,0.0,1800.0,0.0,6.0,31.8,6.0,66.0,0.0,1.0,1.0,0.0,0,9006.406169797008
2017,28.0,1.0,Other Hispanic,hs_or_less,low (<1.3x poverty),1.19,0.0,2880.0,0.0,0.0,720.0,0.0,6.0,22.6,5.1,50.0,0.0,0.0,0.0,0.0,0,28245.318578290262
2017,65.0,1.0,Mexican American,hs_or_less,middle (1.3-3.5x),2.77,360.0,320.0,0.0,90.0,80.0,3.0,0.5,28.4,6.5,45.0,1.0,1.0,0.0,0.0,0,6954.160061229725
2017,24.0,1.0,NH Black,hs_or_less,low (<1.3x poverty),1.18,0.0,0.0,0.0,0.0,0.0,0.0,8.0,29.6,5.3,72.0,0.0,0.0,0.0,0.0,0,15236.945877087732
2017,41.0,0.0,Mexican American,college_plus,high (>3.5x),4.63,3240.0,0.0,0.0,540.0,0.0,6.0,8.0,29.1,5.0,41.0,0.0,0.0,0.0,0.0,1,31747.486309965294
2017,33.0,0.0,NH Black,college_plus,middle (1.3-3.5x),2.89,0.0,5400.0,300.0,0.0,750.0,0.0,2.0,25.1,5.5,64.0,0.0,0.0,0.0,0.0,0,23954.173097803774
2017,46.0,1.0,NH Black,some_college,middle (1.3-3.5x),2.03,480.0,0.0,480.0,120.0,0.0,4.0,2.0,35.9,5.4,58.0,0.0,0.0,1.0,1.0,0,7837.361057514347
2017,52.0,0.0,Mexican American,hs_or_less,low (<1.3x poverty),0.99,0.0,5760.0,0.0,0.0,720.0,0.0,3.0,30.9,5.3,41.0,0.0,0.0,1.0,1.0,0,7627.226590723816
2017,37.0,1.0,NH White,hs_or_less,high (>3.5x),5.0,0.0,0.0,0.0,0.0,0.0,0.0,5.0,29.7,4.7,55.0,0.0,0.0,0.0,0.0,0,63886.22513086951
2017,30.0,0.0,NH White,hs_or_less,middle (1.3-3.5x),2.47,0.0,0.0,0.0,0.0,0.0,0.0,3.0,37.9,5.5,41.0,0.0,0.0,1.0,0.0,0,13032.83487347412
2017,20.0,1.0,Mexican American,hs_or_less,middle (1.3-3.5x),3.32,0.0,7680.0,0.0,0.0,1560.0,0.0,4.0,20.8,5.3,61.0,0.0,0.0,0.0,0.0,0,13225.935380076435
2017,33.0,0.0,NH White,some_college,middle (1.3-3.5x),2.59,2880.0,9600.0,0.0,450.0,1800.0,6.0,4.0,33.0,5.4,43.0,0.0,0.0,1.0,0.0,1,23500.162815471438
2017,46.0,1.0,Mexican American,hs_or_less,middle (1.3-3.5x),1.73,720.0,0.0,0.0,180.0,0.0,2.0,1.0,27.0,5.5,23.0,0.0,0.0,0.0,0.0,1,23414.224662319044
2017,39.0,1.0,NH Black,college_plus,high (>3.5x),4.74,0.0,0.0,0.0,0.0,0.0,0.0,10.0,31.3,5.4,49.0,0.0,0.0,1.0,1.0,0,16401.426165532223
2017,23.0,0.0,NH White,hs_or_less,low (<1.3x poverty),0.8,0.0,0.0,0.0,0.0,0.0,0.0,2.0,33.0,4.9,56.0,0.0,0.0,1.0,0.0,0,22754.26254227909
2017,45.0,0.0,NH White,college_plus,high (>3.5x),4.08,960.0,960.0,0.0,120.0,240.0,1.0,6.0,29.3,5.4,39.0,0.0,0.0,0.0,0.0,1,166392.93311588684
2017,56.0,1.0,NH Black,hs_or_less,middle (1.3-3.5x),1.44,0.0,480.0,0.0,0.0,120.0,0.0,6.0,57.2,5.1,83.0,0.0,0.0,1.0,0.0,0,13274.833745907144
2017,49.0,1.0,Mexican American,hs_or_less,middle (1.3-3.5x),1.78,360.0,0.0,0.0,90.0,0.0,3.0,2.0,32.8,5.8,47.0,0.0,1.0,1.0,1.0,0,20446.087971922905
2017,49.0,0.0,NH Black,college_plus,high (>3.5x),5.0,640.0,0.0,240.0,100.0,0.0,5.0,6.0,34.4,5.6,58.0,0.0,0.0,1.0,0.0,1,13825.306055430201
2017,48.0,1.0,NH White,some_college,high (>3.5x),4.62,0.0,720.0,0.0,0.0,180.0,0.0,6.0,39.6,6.4,54.0,1.0,1.0,1.0,1.0,0,58892.23087898959
2017,63.0,0.0,NH Black,hs_or_less,high (>3.5x),3.71,0.0,80.0,0.0,0.0,10.0,0.0,1.0,25.5,5.9,44.0,0.0,1.0,0.0,0.0,0,4592.520434686173
2017,50.0,1.0,NH Asian,some_college,middle (1.3-3.5x),1.92,0.0,600.0,0.0,0.0,100.0,0.0,8.0,22.8,5.5,48.0,0.0,0.0,0.0,0.0,0,5641.147594334525
2017,62.0,1.0,Other/Multi,hs_or_less,middle (1.3-3.5x),3.41,0.0,28800.0,1440.0,0.0,5040.0,0.0,4.0,30.6,6.5,58.0,1.0,1.0,1.0,0.0,0,53091.3746264344
2017,58.0,0.0,Mexican American,hs_or_less,low (<1.3x poverty),5.397605346934028e-79,0.0,0.0,0.0,0.0,0.0,0.0,8.0,26.0,5.8,25.0,0.0,1.0,0.0,1.0,0,19039.747242628633
2017,35.0,0.0,NH Black,hs_or_less,high (>3.5x),5.0,4320.0,17280.0,0.0,600.0,2400.0,3.0,0.5,29.7,6.3,60.0,0.0,1.0,0.0,0.0,1,26840.948928613965
2017,34.0,1.0,Mexican American,hs_or_less,middle (1.3-3.5x),1.91,0.0,0.0,640.0,0.0,0.0,0.0,12.0,33.5,5.8,46.0,0.0,1.0,1.0,0.0,0,17760.186385892946
2017,31.0,0.0,NH White,some_college,high (>3.5x),4.09,0.0,5280.0,0.0,0.0,840.0,0.0,8.0,36.9,5.4,44.0,0.0,0.0,1.0,0.0,0,108364.17748966593
2017,42.0,1.0,NH Black,some_college,low (<1.3x poverty),0.96,0.0,960.0,120.0,0.0,240.0,0.0,6.0,39.5,5.7,40.0,1.0,1.0,1.0,1.0,0,13440.48401998778
2017,37.0,0.0,Other Hispanic,hs_or_less,low (<1.3x poverty),0.86,0.0,0.0,0.0,0.0,0.0,0.0,12.0,18.4,5.4,42.0,0.0,0.0,0.0,0.0,0,19932.80558211111
2017,61.0,1.0,Mexican American,hs_or_less,high (>3.5x),4.19,0.0,2160.0,0.0,0.0,540.0,0.0,4.0,33.6,7.1,46.0,1.0,1.0,1.0,0.0,0,7399.111378451228
2017,57.0,0.0,Mexican American,college_plus,high (>3.5x),4.31,480.0,7200.0,0.0,120.0,1500.0,1.0,7.0,38.8,6.4,38.0,1.0,1.0,1.0,1.0,0,19241.38778442999
2017,64.0,1.0,NH White,some_college,middle (1.3-3.5x),2.82,0.0,1920.0,3840.0,0.0,420.0,0.0,8.0,37.3,5.7,67.0,0.0,1.0,1.0,0.0,0,31202.551195062366
2017,61.0,0.0,NH White,hs_or_less,high (>3.5x),4.12,0.0,0.0,0.0,0.0,0.0,0.0,8.0,24.1,5.4,33.0,0.0,0.0,0.0,0.0,0,45069.361318322764
2017,29.0,0.0,NH White,hs_or_less,low (<1.3x poverty),0.87,0.0,10560.0,0.0,0.0,1560.0,0.0,3.0,16.4,5.4,52.0,0.0,0.0,0.0,0.0,0,40042.10976877827
2017,32.0,0.0,NH White,some_college,middle (1.3-3.5x),2.2,0.0,0.0,0.0,0.0,0.0,0.0,8.0,30.6,5.3,49.0,0.0,0.0,1.0,1.0,0,12869.282635268633
2017,29.0,0.0,Mexican American,hs_or_less,middle (1.3-3.5x),1.54,360.0,10320.0,240.0,60.0,2040.0,2.0,5.0,33.8,5.1,46.0,0.0,0.0,1.0,0.0,0,46538.6692976431
2017,50.0,0.0,Other Hispanic,some_college,middle (1.3-3.5x),2.73,0.0,5760.0,5760.0,0.0,1440.0,0.0,3.0,31.7,9.1,37.0,1.0,1.0,1.0,1.0,0,10313.6138216677
2017,26.0,0.0,NH Black,some_college,low (<1.3x poverty),0.08,0.0,33600.0,200.0,0.0,5400.0,0.0,2.0,22.5,4.7,65.0,0.0,0.0,0.0,0.0,0,11335.972328394837
2017,64.0,1.0,NH White,hs_or_less,middle (1.3-3.5x),2.57,0.0,0.0,0.0,0.0,0.0,0.0,5.0,24.6,5.9,66.0,0.0,1.0,0.0,0.0,0,6010.060908778941
2017,22.0,0.0,NH Black,some_college,middle (1.3-3.5x),2.03,1040.0,3600.0,0.0,170.0,900.0,5.0,4.0,20.9,6.9,55.0,1.0,1.0,0.0,0.0,1,19746.704721903734
2017,47.0,0.0,Mexican American,some_college,middle (1.3-3.5x),1.92,0.0,24000.0,0.0,0.0,3120.0,0.0,3.0,27.6,5.3,48.0,0.0,0.0,0.0,0.0,0,32945.24204010664
2017,45.0,0.0,NH Asian,college_plus,high (>3.5x),5.0,960.0,0.0,500.0,120.0,0.0,1.0,10.0,25.4,5.3,60.0,0.0,0.0,0.0,1.0,1,5711.075053356055
2017,35.0,1.0,NH Black,college_plus,high (>3.5x),3.73,0.0,0.0,0.0,0.0,0.0,0.0,11.0,31.1,5.5,48.0,0.0,0.0,1.0,0.0,0,20503.932179210056
2017,59.0,0.0,NH Black,hs_or_less,low (<1.3x poverty),0.99,0.0,0.0,0.0,0.0,0.0,0.0,6.0,38.2,6.6,35.0,1.0,1.0,1.0,0.0,0,9570.596839175105
2017,60.0,0.0,NH Asian,hs_or_less,middle (1.3-3.5x),2.46,600.0,0.0,0.0,75.0,0.0,5.0,2.0,26.5,5.1,41.0,0.0,0.0,0.0,0.0,1,8429.83430697673
2017,35.0,0.0,NH White,college_plus,middle (1.3-3.5x),2.64,3120.0,0.0,0.0,480.0,0.0,7.0,12.0,26.6,4.9,75.0,0.0,0.0,0.0,0.0,1,45086.99719591406
2017,63.0,1.0,Mexican American,college_plus,middle (1.3-3.5x),2.2,0.0,1440.0,720.0,0.0,360.0,0.0,3.0,34.6,8.9,50.0,1.0,1.0,1.0,0.0,0,8867.309150935793
2017,46.0,0.0,Other/Multi,some_college,middle (1.3-3.5x),2.55,0.0,19200.0,0.0,0.0,2400.0,0.0,1.0,24.0,5.2,80.0,0.0,0.0,0.0,1.0,0,13407.808033000016
2017,37.0,1.0,Mexican American,hs_or_less,low (<1.3x poverty),1.29,0.0,3600.0,0.0,0.0,900.0,0.0,5.0,26.5,5.2,51.0,0.0,0.0,0.0,0.0,0,26864.21112533303
2017,21.0,1.0,Mexican American,hs_or_less,middle (1.3-3.5x),2.72,0.0,14400.0,240.0,0.0,2100.0,0.0,2.0,36.8,5.1,50.0,0.0,0.0,1.0,1.0,0,30397.63463402351
2017,63.0,1.0,NH White,some_college,high (>3.5x),4.29,0.0,40.0,0.0,0.0,10.0,0.0,6.0,29.9,5.6,54.0,0.0,0.0,0.0,0.0,0,85110.37699133728
2017,52.0,0.0,Mexican American,hs_or_less,low (<1.3x poverty),1.04,0.0,0.0,0.0,0.0,0.0,0.0,4.0,31.0,5.4,40.0,0.0,0.0,1.0,1.0,0,8606.940189772704
2017,26.0,0.0,NH Asian,college_plus,high (>3.5x),5.0,0.0,0.0,720.0,0.0,0.0,0.0,10.0,23.2,5.0,59.0,0.0,0.0,0.0,0.0,0,13990.25014608837
2017,30.0,1.0,NH Black,some_college,middle (1.3-3.5x),2.49,0.0,9600.0,0.0,0.0,2400.0,0.0,6.0,48.9,5.5,48.0,0.0,0.0,1.0,1.0,0,17595.104191753646
2017,37.0,1.0,NH Asian,college_plus,high (>3.5x),4.58,0.0,0.0,1440.0,0.0,0.0,0.0,2.0,28.7,5.1,36.0,0.0,0.0,0.0,0.0,0,10731.237500729589
2017,52.0,0.0,Other/Multi,hs_or_less,low (<1.3x poverty),0.58,0.0,0.0,0.0,0.0,0.0,0.0,6.0,25.0,5.8,37.0,0.0,1.0,0.0,1.0,0,10138.81172397332
2017,47.0,1.0,Mexican American,some_college,high (>3.5x),5.0,0.0,0.0,0.0,0.0,0.0,0.0,4.0,40.6,6.0,48.0,0.0,1.0,1.0,0.0,0,23222.29366458383
2017,48.0,1.0,NH Black,some_college,low (<1.3x poverty),1.18,0.0,0.0,0.0,0.0,0.0,0.0,10.0,38.5,5.5,56.0,0.0,0.0,1.0,0.0,0,6372.587543887661
2017,53.0,0.0,Other/Multi,college_plus,high (>3.5x),5.0,0.0,0.0,0.0,0.0,0.0,0.0,8.0,33.2,7.7,35.0,1.0,1.0,1.0,0.0,0,10228.571714911586
2017,36.0,1.0,Mexican American,college_plus,high (>3.5x),5.0,1440.0,0.0,0.0,180.0,0.0,3.0,8.0,28.2,5.1,47.0,0.0,0.0,0.0,0.0,1,18112.225325217954
2017,55.0,1.0,NH Black,college_plus,high (>3.5x),5.0,0.0,0.0,0.0,0.0,0.0,0.0,6.0,48.9,8.9,59.0,1.0,1.0,1.0,1.0,0,8645.454485917524
2017,41.0,1.0,Other/Multi,hs_or_less,middle (1.3-3.5x),1.47,0.0,21600.0,300.0,0.0,3600.0,0.0,2.0,27.1,5.7,84.0,0.0,1.0,0.0,0.0,0,14363.112309155213
2017,22.0,1.0,Mexican American,some_college,middle (1.3-3.5x),1.52,200.0,0.0,0.0,30.0,0.0,2.0,5.0,32.9,5.7,40.0,0.0,1.0,1.0,1.0,0,15876.87292614867
2017,54.0,0.0,Other/Multi,hs_or_less,low (<1.3x poverty),0.93,0.0,0.0,0.0,0.0,0.0,0.0,5.0,42.8,5.7,45.0,0.0,1.0,1.0,1.0,0,26156.306330704898
2017,49.0,1.0,NH Black,some_college,middle (1.3-3.5x),3.25,0.0,0.0,0.0,0.0,0.0,0.0,12.0,49.9,6.0,49.0,0.0,1.0,1.0,0.0,0,9929.841502016396
2017,52.0,1.0,NH White,some_college,high (>3.5x),5.0,0.0,0.0,0.0,0.0,0.0,0.0,10.0,37.4,6.9,44.0,1.0,1.0,1.0,0.0,0,6938.979071931068
2017,61.0,1.0,NH Black,hs_or_less,middle (1.3-3.5x),2.03,0.0,180.0,0.0,0.0,45.0,0.0,6.0,25.2,5.8,71.0,0.0,1.0,0.0,0.0,0,13857.321176696023
2017,46.0,0.0,Mexican American,hs_or_less,low (<1.3x poverty),0.01,0.0,0.0,0.0,0.0,0.0,0.0,1.0,25.7,5.4,42.0,0.0,0.0,0.0,0.0,0,8994.20073359822
2017,61.0,0.0,NH Black,college_plus,high (>3.5x),5.0,0.0,480.0,0.0,0.0,120.0,0.0,12.0,40.8,6.2,44.0,0.0,1.0,1.0,1.0,0,3107.121187543156
2017,57.0,0.0,Other/Multi,some_college,high (>3.5x),5.0,2400.0,600.0,0.0,600.0,150.0,2.0,1.0,26.6,5.5,72.0,0.0,0.0,0.0,0.0,1,8390.028408502889
2017,57.0,1.0,NH Black,some_college,middle (1.3-3.5x),1.73,1200.0,0.0,0.0,300.0,0.0,5.0,8.0,35.5,7.7,46.0,1.0,1.0,1.0,0.0,1,6562.254455867619
2017,45.0,1.0,NH White,some_college,middle (1.3-3.5x),2.64,0.0,0.0,120.0,0.0,0.0,0.0,5.0,40.6,6.4,44.0,0.0,1.0,1.0,0.0,0,12476.343016796602
2017,62.0,1.0,NH Black,hs_or_less,middle (1.3-3.5x),2.55,11040.0,23040.0,0.0,1860.0,3360.0,7.0,6.0,32.0,6.4,,0.0,1.0,1.0,0.0,1,4985.727243166144
2017,36.0,0.0,Mexican American,hs_or_less,middle (1.3-3.5x),2.86,0.0,17280.0,5760.0,0.0,2880.0,0.0,4.0,37.2,5.8,37.0,0.0,1.0,1.0,1.0,0,39516.16733225032
2017,20.0,0.0,Other Hispanic,hs_or_less,low (<1.3x poverty),0.17,4080.0,120.0,600.0,660.0,30.0,7.0,8.0,24.1,5.3,48.0,0.0,0.0,0.0,0.0,1,27473.492060569257
2017,22.0,1.0,NH Black,some_college,middle (1.3-3.5x),1.58,0.0,0.0,0.0,0.0,0.0,0.0,5.0,33.5,5.7,62.0,0.0,1.0,1.0,1.0,0,11268.299776059304
2017,41.0,1.0,NH Asian,hs_or_less,low (<1.3x poverty),0.89,480.0,0.0,0.0,120.0,0.0,2.0,2.0,29.2,5.9,49.0,0.0,1.0,0.0,0.0,0,9447.101116510321
2017,55.0,1.0,NH Asian,hs_or_less,middle (1.3-3.5x),1.5,0.0,0.0,240.0,0.0,0.0,0.0,1.0,27.1,7.5,48.0,1.0,1.0,0.0,0.0,0,8346.932403541701
2017,35.0,1.0,NH White,some_college,low (<1.3x poverty),1.22,0.0,0.0,0.0,0.0,0.0,0.0,8.0,24.1,5.3,32.0,0.0,0.0,0.0,0.0,0,11953.18186535642
2017,57.0,0.0,NH White,college_plus,middle (1.3-3.5x),2.79,640.0,240.0,0.0,140.0,60.0,5.0,6.0,42.7,7.8,45.0,1.0,1.0,1.0,0.0,1,62442.228469252106
2017,52.0,0.0,Other/Multi,some_college,middle (1.3-3.5x),3.18,240.0,2520.0,2400.0,60.0,555.0,4.0,5.0,35.5,8.2,49.0,1.0,1.0,1.0,0.0,0,10994.486629823576
2017,29.0,1.0,NH White,college_plus,middle (1.3-3.5x),2.85,480.0,1440.0,0.0,120.0,360.0,1.0,9.0,25.3,5.3,90.0,0.0,0.0,0.0,0.0,0,32600.23278095666
2017,49.0,0.0,Other/Multi,hs_or_less,low (<1.3x poverty),0.61,0.0,600.0,2880.0,0.0,150.0,0.0,2.0,24.5,5.4,38.0,0.0,0.0,0.0,0.0,0,12250.377001131186
2017,41.0,0.0,NH Black,some_college,high (>3.5x),4.74,0.0,0.0,0.0,0.0,0.0,0.0,4.0,34.1,5.7,40.0,0.0,1.0,1.0,0.0,0,9264.898439020168
2017,63.0,1.0,NH White,hs_or_less,middle (1.3-3.5x),1.67,0.0,0.0,540.0,0.0,0.0,0.0,7.0,18.6,5.6,45.0,0.0,0.0,0.0,0.0,0,21125.658927113458
2017,29.0,1.0,Other Hispanic,hs_or_less,low (<1.3x poverty),0.25,0.0,0.0,400.0,0.0,0.0,0.0,4.0,24.0,5.5,52.0,0.0,0.0,0.0,0.0,0,9670.261029455563
2017,57.0,0.0,NH Black,hs_or_less,middle (1.3-3.5x),1.94,0.0,0.0,0.0,0.0,0.0,0.0,12.0,30.5,7.9,35.0,1.0,1.0,1.0,0.0,0,9274.815740995562
2017,26.0,0.0,NH Asian,college_plus,middle (1.3-3.5x),1.58,2160.0,0.0,480.0,360.0,0.0,6.0,4.0,24.3,5.8,46.0,0.0,1.0,0.0,0.0,1,6175.935255724703
2017,20.0,1.0,Other Hispanic,hs_or_less,low (<1.3x poverty),1.08,0.0,0.0,0.0,0.0,0.0,0.0,4.0,41.7,5.1,40.0,0.0,0.0,1.0,0.0,0,20538.36079782706
2017,30.0,0.0,Other Hispanic,hs_or_less,low (<1.3x poverty),0.12,960.0,0.0,0.0,120.0,0.0,1.0,2.0,24.1,5.4,46.0,0.0,0.0,0.0,0.0,1,18130.11356076329
2017,61.0,0.0,Mexican American,hs_or_less,high (>3.5x),5.0,480.0,14400.0,0.0,80.0,2400.0,4.0,2.0,23.5,4.6,64.0,0.0,0.0,0.0,0.0,0,4985.518957465986
2017,23.0,1.0,Other Hispanic,college_plus,low (<1.3x poverty),0.91,0.0,0.0,0.0,0.0,0.0,0.0,8.0,30.7,5.3,59.0,0.0,0.0,1.0,0.0,0,26953.29234987277
2017,29.0,1.0,Other Hispanic,hs_or_less,middle (1.3-3.5x),1.37,0.0,0.0,0.0,0.0,0.0,0.0,1.0,42.0,5.6,56.0,0.0,0.0,1.0,0.0,0,11295.855632591441
2017,56.0,1.0,NH Black,college_plus,high (>3.5x),5.0,0.0,0.0,0.0,0.0,0.0,0.0,10.0,49.2,7.5,54.0,1.0,1.0,1.0,1.0,0,10956.604285240832
2017,41.0,0.0,NH White,hs_or_less,middle (1.3-3.5x),2.89,3840.0,25920.0,0.0,660.0,4680.0,7.0,3.0,25.6,5.6,65.0,0.0,0.0,0.0,0.0,1,107043.46681293764
2017,63.0,1.0,NH White,some_college,low (<1.3x poverty),0.21,0.0,0.0,0.0,0.0,0.0,0.0,9.0,38.8,5.6,54.0,0.0,0.0,1.0,1.0,0,16567.240714042753
2017,60.0,0.0,NH Black,college_plus,high (>3.5x),4.98,2640.0,2040.0,600.0,480.0,330.0,7.0,2.0,30.1,5.9,37.0,0.0,1.0,1.0,0.0,1,3359.198224252599
2017,63.0,0.0,Mexican American,hs_or_less,low (<1.3x poverty),1.22,2640.0,0.0,0.0,360.0,0.0,7.0,0.25,28.5,5.6,38.0,0.0,0.0,0.0,0.0,1,5642.11364882764
2017,58.0,1.0,Mexican American,hs_or_less,middle (1.3-3.5x),3.32,960.0,0.0,0.0,240.0,0.0,4.0,10.0,42.8,7.6,46.0,1.0,1.0,1.0,1.0,1,6380.189412453313
2017,57.0,0.0,Mexican American,hs_or_less,middle (1.3-3.5x),2.88,240.0,10560.0,0.0,60.0,1920.0,1.0,2.0,24.8,5.6,60.0,0.0,0.0,0.0,0.0,0,18896.122782708822
2017,51.0,0.0,NH Asian,some_college,high (>3.5x),4.93,0.0,0.0,0.0,0.0,0.0,0.0,4.0,29.1,5.5,38.0,0.0,0.0,0.0,0.0,0,6133.123831984892
2017,43.0,1.0,NH White,some_college,middle (1.3-3.5x),2.08,480.0,21600.0,480.0,120.0,3600.0,1.0,3.0,20.3,5.1,60.0,0.0,0.0,0.0,0.0,0,41521.003950755854
2017,56.0,1.0,NH Asian,hs_or_less,middle (1.3-3.5x),3.4,3000.0,0.0,0.0,525.0,0.0,7.0,5.0,25.7,5.7,48.0,0.0,1.0,0.0,0.0,1,13925.965492314783
2017,32.0,0.0,NH Asian,some_college,middle (1.3-3.5x),3.05,4320.0,0.0,0.0,720.0,0.0,7.0,5.0,28.9,5.9,46.0,1.0,1.0,0.0,0.0,1,9216.73313111566
2017,61.0,1.0,NH Black,college_plus,middle (1.3-3.5x),2.46,360.0,3600.0,0.0,90.0,600.0,3.0,6.0,43.4,6.7,68.0,1.0,1.0,1.0,0.0,0,4683.978623864097
2017,55.0,1.0,NH White,hs_or_less,middle (1.3-3.5x),3.43,0.0,4800.0,0.0,0.0,1200.0,0.0,3.0,32.8,5.8,48.0,0.0,1.0,1.0,0.0,0,140647.99201413378
2017,65.0,1.0,NH Black,some_college,low (<1.3x poverty),1.2,0.0,0.0,0.0,0.0,0.0,0.0,3.0,18.2,5.7,55.0,0.0,1.0,0.0,1.0,0,3499.7006042985117
2017,39.0,1.0,Mexican American,some_college,middle (1.3-3.5x),2.64,0.0,0.0,0.0,0.0,0.0,0.0,11.0,31.5,5.3,45.0,0.0,0.0,1.0,0.0,0,19003.21500814352
2017,65.0,1.0,NH White,college_plus,high (>3.5x),4.53,960.0,1440.0,0.0,240.0,360.0,4.0,6.0,20.7,5.4,,0.0,0.0,0.0,0.0,1,68867.1934783006
2017,29.0,1.0,NH Asian,college_plus,high (>3.5x),5.0,720.0,0.0,80.0,180.0,0.0,4.0,3.0,41.6,6.1,41.0,0.0,1.0,1.0,0.0,1,11903.014045224152
2017,55.0,1.0,Mexican American,some_college,low (<1.3x poverty),1.11,0.0,0.0,1200.0,0.0,0.0,0.0,3.0,26.1,5.6,54.0,0.0,0.0,0.0,0.0,0,9109.04175050407
2017,22.0,0.0,NH Black,hs_or_less,low (<1.3x poverty),1.15,0.0,16800.0,0.0,0.0,3000.0,0.0,3.0,41.0,5.6,48.0,0.0,0.0,1.0,1.0,0,19562.799846864127
2017,57.0,0.0,Other/Multi,hs_or_less,low (<1.3x poverty),0.62,0.0,0.0,0.0,0.0,0.0,0.0,5.0,28.5,6.6,54.0,1.0,1.0,0.0,1.0,0,12602.901469467457
2017,43.0,0.0,NH Black,hs_or_less,middle (1.3-3.5x),3.32,0.0,0.0,240.0,0.0,0.0,0.0,8.0,34.9,5.9,47.0,0.0,1.0,1.0,0.0,0,19025.85362136082
2017,52.0,1.0,Other Hispanic,some_college,high (>3.5x),5.0,0.0,0.0,600.0,0.0,0.0,0.0,8.0,18.8,5.4,84.0,0.0,0.0,0.0,1.0,0,22322.425584400047
2017,25.0,0.0,NH Black,hs_or_less,middle (1.3-3.5x),2.76,3840.0,32400.0,0.0,600.0,5400.0,4.0,1.5,24.4,5.5,59.0,0.0,0.0,0.0,0.0,1,16823.147735988077
2017,63.0,0.0,NH White,college_plus,high (>3.5x),3.67,0.0,360.0,0.0,0.0,90.0,0.0,3.0,33.4,5.7,55.0,0.0,1.0,1.0,0.0,0,62609.24280353761
2017,27.0,1.0,NH White,college_plus,high (>3.5x),5.0,2160.0,6000.0,0.0,360.0,1500.0,6.0,5.0,30.5,5.4,77.0,0.0,0.0,1.0,0.0,1,4941.7291878503
2017,23.0,1.0,NH White,college_plus,low (<1.3x poverty),1.07,1440.0,0.0,0.0,180.0,0.0,4.0,2.0,20.5,5.0,52.0,0.0,0.0,0.0,0.0,1,52184.06092336135
2017,21.0,0.0,Mexican American,hs_or_less,low (<1.3x poverty),1.19,0.0,0.0,0.0,0.0,0.0,0.0,1.5,30.4,5.7,47.0,0.0,1.0,1.0,0.0,0,46220.09352871577
2017,54.0,1.0,NH White,college_plus,low (<1.3x poverty),0.54,0.0,0.0,360.0,0.0,0.0,0.0,10.0,35.9,5.1,56.0,0.0,0.0,1.0,1.0,0,18523.085841978365
2017,34.0,0.0,Other/Multi,college_plus,high (>3.5x),5.0,480.0,0.0,720.0,60.0,0.0,1.0,4.0,22.4,5.2,51.0,0.0,0.0,0.0,0.0,0,11140.311700759577
2017,48.0,0.0,NH Asian,some_college,middle (1.3-3.5x),2.59,0.0,0.0,0.0,0.0,0.0,0.0,16.0,28.4,5.6,46.0,0.0,0.0,0.0,0.0,0,11265.947896287946
2017,48.0,1.0,NH White,college_plus,high (>3.5x),5.0,360.0,0.0,0.0,90.0,0.0,2.0,8.0,27.8,5.8,66.0,0.0,1.0,0.0,0.0,0,127330.26043239816
2017,55.0,1.0,NH Black,hs_or_less,low (<1.3x poverty),0.08,0.0,6960.0,0.0,0.0,1620.0,0.0,2.0,29.4,5.0,49.0,0.0,0.0,0.0,1.0,0,15249.981993717787
2017,64.0,1.0,Mexican American,hs_or_less,high (>3.5x),3.69,0.0,8640.0,0.0,0.0,1440.0,0.0,6.0,41.8,6.9,55.0,1.0,1.0,1.0,0.0,0,4909.864941367013
2017,46.0,0.0,NH White,some_college,high (>3.5x),5.0,2280.0,4800.0,0.0,435.0,1200.0,7.0,8.0,42.2,8.2,42.0,1.0,1.0,1.0,0.0,1,50069.61600970492
2017,46.0,0.0,NH Black,hs_or_less,high (>3.5x),3.88,480.0,1440.0,0.0,120.0,240.0,1.0,11.0,42.2,4.8,37.0,0.0,0.0,1.0,1.0,0,14070.025062039756
2017,65.0,0.0,Other Hispanic,hs_or_less,middle (1.3-3.5x),1.37,0.0,0.0,0.0,0.0,0.0,0.0,1.0,34.7,7.8,34.0,1.0,1.0,1.0,1.0,0,4132.51864496056
2017,38.0,0.0,NH Black,college_plus,high (>3.5x),5.0,1380.0,240.0,0.0,210.0,60.0,7.0,4.0,27.6,5.9,78.0,0.0,1.0,0.0,0.0,1,27344.68954544857
2017,63.0,1.0,NH White,some_college,low (<1.3x poverty),0.4,0.0,0.0,0.0,0.0,0.0,0.0,10.0,44.7,6.6,53.0,1.0,1.0,1.0,1.0,0,16567.240714042753
2017,39.0,1.0,NH White,some_college,middle (1.3-3.5x),2.01,0.0,720.0,0.0,0.0,180.0,0.0,4.0,63.5,5.5,40.0,0.0,0.0,1.0,0.0,0,65892.33544142565
2017,46.0,0.0,NH Black,some_college,high (>3.5x),5.0,0.0,0.0,0.0,0.0,0.0,0.0,5.0,20.4,5.6,61.0,0.0,0.0,0.0,0.0,0,13652.245277380296
2017,61.0,1.0,NH White,college_plus,high (>3.5x),5.0,0.0,300.0,0.0,0.0,75.0,0.0,5.0,35.4,5.9,52.0,0.0,1.0,1.0,0.0,0,136038.39170976984
2017,45.0,0.0,NH White,hs_or_less,low (<1.3x poverty),0.42,0.0,1440.0,0.0,0.0,240.0,0.0,6.0,27.2,5.3,36.0,0.0,0.0,0.0,0.0,0,14833.137686577287
2017,60.0,0.0,Mexican American,some_college,middle (1.3-3.5x),1.35,600.0,480.0,0.0,150.0,120.0,5.0,10.0,36.7,5.7,44.0,0.0,1.0,1.0,0.0,1,7544.4311895889805
2017,53.0,1.0,Mexican American,hs_or_less,middle (1.3-3.5x),2.39,0.0,0.0,0.0,0.0,0.0,0.0,5.0,49.1,5.4,51.0,0.0,0.0,1.0,0.0,0,9698.145517009707
2017,30.0,0.0,NH Asian,college_plus,high (>3.5x),5.0,1500.0,240.0,0.0,225.0,60.0,7.0,10.0,27.1,6.2,38.0,0.0,1.0,0.0,0.0,1,8601.484202222697
2017,23.0,0.0,NH Black,some_college,middle (1.3-3.5x),2.36,6000.0,6240.0,0.0,750.0,1380.0,5.0,6.0,22.7,5.2,52.0,0.0,0.0,0.0,0.0,1,9811.850907651742
2017,53.0,0.0,Other Hispanic,hs_or_less,high (>3.5x),4.62,0.0,5040.0,0.0,0.0,1260.0,0.0,5.0,27.4,5.3,43.0,0.0,0.0,0.0,0.0,0,13930.437568662042
2017,38.0,0.0,NH Black,some_college,low (<1.3x poverty),0.17,0.0,0.0,1200.0,0.0,0.0,0.0,4.0,27.0,4.9,54.0,0.0,0.0,0.0,1.0,0,21251.34865276454
2017,41.0,1.0,NH Asian,hs_or_less,middle (1.3-3.5x),1.49,360.0,0.0,0.0,90.0,0.0,2.0,1.0,24.6,4.9,56.0,0.0,0.0,0.0,0.0,0,10123.452680147491
2017,65.0,1.0,NH Black,hs_or_less,middle (1.3-3.5x),2.43,0.0,0.0,0.0,0.0,0.0,0.0,4.0,36.1,5.8,41.0,1.0,1.0,1.0,0.0,0,7694.7513268707735
2017,63.0,0.0,NH Black,some_college,middle (1.3-3.5x),3.39,720.0,0.0,0.0,180.0,0.0,3.0,12.0,27.7,5.7,59.0,0.0,1.0,0.0,0.0,1,3982.940103826451
2017,53.0,1.0,NH White,some_college,high (>3.5x),3.71,0.0,0.0,0.0,0.0,0.0,0.0,10.0,45.1,6.3,58.0,1.0,1.0,1.0,0.0,0,126979.95521613756
2017,51.0,1.0,Other Hispanic,college_plus,middle (1.3-3.5x),1.71,0.0,0.0,0.0,0.0,0.0,0.0,3.0,25.6,5.2,63.0,0.0,0.0,0.0,0.0,0,18391.663921860127
2017,61.0,0.0,Other Hispanic,college_plus,high (>3.5x),5.0,360.0,11520.0,0.0,90.0,1680.0,3.0,3.0,30.1,5.6,78.0,0.0,0.0,1.0,0.0,0,8909.017754888973
2017,64.0,1.0,NH Asian,hs_or_less,high (>3.5x),4.08,0.0,0.0,0.0,0.0,0.0,0.0,4.0,23.9,5.5,41.0,0.0,0.0,0.0,1.0,0,8516.355256482082
2017,40.0,0.0,NH Black,hs_or_less,middle (1.3-3.5x),1.96,0.0,19200.0,40.0,0.0,2400.0,0.0,0.5,22.2,9.5,44.0,1.0,1.0,0.0,0.0,0,18091.297166341734
2017,44.0,1.0,Mexican American,college_plus,high (>3.5x),5.0,0.0,0.0,0.0,0.0,0.0,0.0,3.0,23.6,5.3,81.0,0.0,0.0,0.0,0.0,0,39820.341927812835
2017,48.0,0.0,NH White,some_college,high (>3.5x),5.0,0.0,480.0,0.0,0.0,120.0,0.0,7.0,32.8,7.3,48.0,1.0,1.0,1.0,1.0,0,88418.27203582099
2017,37.0,1.0,NH White,hs_or_less,middle (1.3-3.5x),2.15,240.0,0.0,0.0,60.0,0.0,1.0,10.0,48.9,5.6,46.0,0.0,0.0,1.0,0.0,0,42888.76442482604
2017,65.0,0.0,NH Black,hs_or_less,low (<1.3x poverty),0.7,840.0,720.0,360.0,150.0,180.0,5.0,0.5,20.2,6.2,45.0,0.0,1.0,0.0,0.0,1,4851.773626395311
2017,40.0,1.0,Other Hispanic,hs_or_less,low (<1.3x poverty),0.05,0.0,0.0,480.0,0.0,0.0,0.0,0.25,35.6,5.5,,0.0,0.0,1.0,1.0,0,16491.136771848476
2017,26.0,0.0,NH Asian,college_plus,middle (1.3-3.5x),1.65,2160.0,0.0,600.0,360.0,0.0,6.0,8.0,23.1,5.1,50.0,0.0,0.0,0.0,0.0,1,7790.744516615493
2017,30.0,1.0,Other/Multi,some_college,middle (1.3-3.5x),1.43,2880.0,4320.0,2880.0,480.0,1080.0,7.0,2.0,21.8,5.5,61.0,0.0,0.0,0.0,0.0,1,2460.301961396624
2017,58.0,1.0,NH Asian,some_college,middle (1.3-3.5x),3.2,0.0,0.0,0.0,0.0,0.0,0.0,4.0,28.0,8.7,52.0,1.0,1.0,0.0,1.0,0,4977.969976990124
2017,35.0,1.0,NH White,some_college,low (<1.3x poverty),1.18,480.0,0.0,0.0,120.0,0.0,4.0,1.0,37.2,5.3,44.0,0.0,0.0,1.0,0.0,0,35656.47061390908
2017,24.0,1.0,NH Black,hs_or_less,low (<1.3x poverty),1.06,0.0,1920.0,240.0,0.0,480.0,0.0,10.0,47.4,5.7,55.0,0.0,1.0,1.0,0.0,0,15056.373589627741
2017,35.0,0.0,Mexican American,hs_or_less,middle (1.3-3.5x),2.19,2160.0,26400.0,0.0,360.0,4500.0,6.0,4.0,29.1,5.5,39.0,0.0,0.0,0.0,0.0,1,3695.937639154604
2017,53.0,0.0,NH Asian,college_plus,high (>3.5x),5.0,600.0,0.0,160.0,150.0,0.0,5.0,10.0,25.7,10.7,48.0,1.0,1.0,0.0,1.0,1,6797.971965100198
2017,20.0,1.0,NH Black,some_college,middle (1.3-3.5x),1.46,0.0,1920.0,0.0,0.0,480.0,0.0,9.0,24.7,5.2,56.0,0.0,0.0,0.0,0.0,0,18286.624173517255
2017,62.0,0.0,NH Black,college_plus,high (>3.5x),5.0,0.0,0.0,0.0,0.0,0.0,0.0,7.0,31.4,7.6,67.0,1.0,1.0,1.0,0.0,0,4770.652009078713
2017,64.0,0.0,NH White,college_plus,high (>3.5x),5.0,480.0,720.0,0.0,120.0,180.0,2.0,16.0,21.9,5.5,58.0,0.0,0.0,0.0,0.0,0,59042.525929256786
2017,51.0,1.0,NH White,hs_or_less,middle (1.3-3.5x),2.79,0.0,0.0,0.0,0.0,0.0,0.0,5.0,22.6,5.6,52.0,0.0,0.0,0.0,0.0,0,42362.67365635077
2017,33.0,0.0,NH Asian,college_plus,high (>3.5x),5.0,3600.0,0.0,180.0,540.0,0.0,7.0,10.0,32.3,5.7,41.0,0.0,1.0,1.0,0.0,1,11506.033253678019
2017,33.0,1.0,NH Black,hs_or_less,low (<1.3x poverty),1.04,2880.0,0.0,0.0,360.0,0.0,3.0,7.0,39.5,5.2,75.0,0.0,0.0,1.0,1.0,1,15761.899990225209
2017,27.0,1.0,NH White,some_college,middle (1.3-3.5x),3.04,1200.0,3600.0,0.0,240.0,900.0,5.0,10.0,33.8,4.8,58.0,0.0,0.0,1.0,0.0,1,30225.98427507879
2017,50.0,0.0,Mexican American,hs_or_less,middle (1.3-3.5x),2.79,2880.0,0.0,0.0,480.0,0.0,6.0,3.0,38.2,6.8,37.0,1.0,1.0,1.0,1.0,1,6965.865473362259
2017,55.0,1.0,Mexican American,some_college,middle (1.3-3.5x),2.0,8280.0,0.0,3600.0,1110.0,0.0,7.0,4.0,28.1,4.9,52.0,0.0,0.0,0.0,0.0,1,10501.495163188763
2017,54.0,1.0,Mexican American,some_college,middle (1.3-3.5x),1.7,0.0,0.0,0.0,0.0,0.0,0.0,3.0,24.1,6.2,50.0,1.0,1.0,0.0,0.0,0,10089.424478247829
2017,46.0,1.0,Mexican American,hs_or_less,middle (1.3-3.5x),1.31,0.0,0.0,0.0,0.0,0.0,0.0,6.0,26.0,5.3,61.0,0.0,0.0,0.0,0.0,0,14171.380663182641
2017,49.0,0.0,NH Asian,college_plus,high (>3.5x),5.0,900.0,0.0,0.0,225.0,0.0,5.0,10.0,25.2,9.1,40.0,1.0,1.0,0.0,0.0,1,9036.408215697913
2017,28.0,1.0,NH White,college_plus,high (>3.5x),4.45,0.0,0.0,0.0,0.0,0.0,0.0,6.0,43.3,7.9,39.0,1.0,1.0,1.0,0.0,0,84581.32200059599
2017,43.0,1.0,NH Black,hs_or_less,middle (1.3-3.5x),2.92,0.0,0.0,0.0,0.0,0.0,0.0,9.0,51.3,5.6,59.0,0.0,0.0,1.0,0.0,0,10815.104425380996
2017,21.0,0.0,NH White,hs_or_less,middle (1.3-3.5x),2.79,1440.0,18000.0,0.0,180.0,3300.0,3.0,5.0,28.3,5.1,37.0,0.0,0.0,0.0,0.0,1,57910.847706275694
2017,53.0,1.0,Mexican American,college_plus,high (>3.5x),4.28,0.0,9600.0,0.0,0.0,2400.0,0.0,2.0,23.6,5.6,57.0,0.0,0.0,0.0,0.0,0,14613.247482451701
2017,35.0,0.0,Mexican American,some_college,middle (1.3-3.5x),2.89,1080.0,2080.0,480.0,180.0,500.0,2.0,3.0,34.1,9.8,29.0,1.0,1.0,1.0,0.0,1,37879.88716281641
2017,44.0,0.0,NH White,hs_or_less,low (<1.3x poverty),0.02,0.0,2880.0,3600.0,0.0,720.0,0.0,6.0,30.1,5.3,33.0,0.0,0.0,1.0,0.0,0,10456.54534920157
2017,24.0,0.0,NH Asian,college_plus,middle (1.3-3.5x),3.04,3360.0,0.0,0.0,480.0,0.0,7.0,8.0,24.8,4.7,54.0,0.0,0.0,0.0,0.0,1,14218.480238688957
2017,21.0,1.0,Other Hispanic,hs_or_less,low (<1.3x poverty),1.05,360.0,0.0,0.0,90.0,0.0,1.0,4.0,52.0,5.3,57.0,0.0,0.0,1.0,0.0,0,25938.295020434653
2017,29.0,0.0,NH White,hs_or_less,low (<1.3x poverty),0.89,0.0,18000.0,0.0,0.0,2400.0,0.0,0.5,36.7,5.7,,0.0,1.0,1.0,0.0,0,35278.94232495787
2017,61.0,0.0,NH White,hs_or_less,low (<1.3x poverty),1.23,0.0,120.0,0.0,0.0,30.0,0.0,5.0,29.0,5.5,33.0,0.0,0.0,0.0,1.0,0,24839.99083066153
2017,27.0,0.0,Mexican American,some_college,middle (1.3-3.5x),1.98,0.0,4800.0,0.0,0.0,1200.0,0.0,12.0,27.2,4.9,40.0,0.0,0.0,0.0,1.0,0,29461.864495858506
2017,55.0,1.0,NH White,some_college,middle (1.3-3.5x),3.48,0.0,4320.0,0.0,0.0,1080.0,0.0,6.0,41.6,5.2,72.0,0.0,0.0,1.0,0.0,0,90453.23184345239
2017,57.0,1.0,NH Black,some_college,middle (1.3-3.5x),3.37,480.0,1920.0,0.0,120.0,240.0,4.0,5.0,26.5,5.5,88.0,0.0,0.0,0.0,0.0,0,9289.202109206562
2017,50.0,0.0,NH White,hs_or_less,middle (1.3-3.5x),2.47,0.0,4800.0,0.0,0.0,1080.0,0.0,2.0,29.1,5.4,49.0,0.0,0.0,0.0,0.0,0,147261.2667462742
2017,33.0,1.0,NH Asian,college_plus,high (>3.5x),5.0,2160.0,1920.0,0.0,360.0,300.0,6.0,6.0,23.3,5.2,81.0,0.0,0.0,0.0,0.0,1,7394.135668934393
2017,44.0,0.0,NH Asian,college_plus,high (>3.5x),5.0,600.0,0.0,0.0,150.0,0.0,5.0,5.0,21.2,5.4,58.0,0.0,0.0,0.0,0.0,1,10270.833624151748
2017,48.0,1.0,NH White,college_plus,middle (1.3-3.5x),2.79,0.0,3840.0,360.0,0.0,960.0,0.0,8.0,36.0,5.4,39.0,0.0,0.0,1.0,1.0,0,32380.489140585763
2017,42.0,0.0,NH Black,some_college,high (>3.5x),4.98,1320.0,0.0,1200.0,210.0,0.0,5.0,8.0,30.5,5.2,60.0,0.0,0.0,1.0,0.0,1,8085.953216082157
2017,21.0,0.0,NH Asian,hs_or_less,low (<1.3x poverty),0.7,4320.0,0.0,160.0,540.0,0.0,3.0,8.0,29.7,5.1,37.0,0.0,0.0,0.0,0.0,1,13737.255906156586
2017,47.0,0.0,NH White,some_college,high (>3.5x),4.57,0.0,1440.0,0.0,0.0,180.0,0.0,6.0,31.4,5.4,39.0,0.0,0.0,1.0,0.0,0,75073.51951944786
2017,45.0,0.0,NH Black,some_college,middle (1.3-3.5x),3.18,1440.0,960.0,960.0,360.0,120.0,4.0,5.0,39.0,5.8,44.0,0.0,1.0,1.0,0.0,1,7345.649537969738
2017,39.0,1.0,NH White,some_college,low (<1.3x poverty),0.59,0.0,2400.0,0.0,0.0,600.0,0.0,3.0,23.8,5.3,60.0,0.0,0.0,0.0,0.0,0,26043.924537989653
2017,34.0,0.0,NH Black,college_plus,low (<1.3x poverty),0.8,0.0,4800.0,0.0,0.0,1200.0,0.0,5.0,38.9,5.6,48.0,0.0,0.0,1.0,1.0,0,9820.14079291184
2017,54.0,0.0,NH Black,college_plus,high (>3.5x),4.11,0.0,0.0,0.0,0.0,0.0,0.0,2.0,30.8,5.5,60.0,0.0,0.0,1.0,0.0,0,13280.834207015318
2017,36.0,1.0,Mexican American,hs_or_less,middle (1.3-3.5x),3.32,2520.0,0.0,0.0,360.0,0.0,4.0,8.0,36.8,7.9,38.0,1.0,1.0,1.0,0.0,1,23152.632846653065
2017,58.0,0.0,NH White,some_college,middle (1.3-3.5x),3.08,240.0,12000.0,0.0,60.0,1800.0,1.0,4.0,41.1,5.2,58.0,0.0,0.0,1.0,0.0,0,46958.655675492
2017,30.0,1.0,NH Asian,college_plus,middle (1.3-3.5x),2.65,2700.0,0.0,0.0,375.0,0.0,7.0,6.0,20.7,5.1,66.0,0.0,0.0,0.0,0.0,1,11578.75365819671
2017,36.0,1.0,NH White,some_college,middle (1.3-3.5x),1.51,0.0,0.0,0.0,0.0,0.0,0.0,5.0,43.9,5.4,41.0,0.0,0.0,1.0,0.0,0,24282.827744416245
2017,61.0,0.0,NH White,some_college,middle (1.3-3.5x),2.24,0.0,0.0,0.0,0.0,0.0,0.0,4.0,47.0,5.5,50.0,0.0,0.0,1.0,1.0,0,11589.827723927496
2017,29.0,0.0,NH White,some_college,high (>3.5x),3.73,0.0,7200.0,0.0,0.0,1800.0,0.0,2.0,23.8,5.0,54.0,0.0,0.0,0.0,0.0,0,55072.46088424242
2017,24.0,0.0,NH White,some_college,low (<1.3x poverty),0.96,0.0,12000.0,0.0,0.0,2400.0,0.0,6.0,25.5,5.3,49.0,0.0,0.0,0.0,0.0,0,23594.44520336212
2017,25.0,1.0,Mexican American,some_college,low (<1.3x poverty),0.71,960.0,2160.0,500.0,240.0,540.0,4.0,2.0,38.1,5.4,39.0,0.0,0.0,1.0,0.0,1,25582.795760640627
2017,31.0,1.0,NH White,some_college,middle (1.3-3.5x),1.67,0.0,1200.0,0.0,0.0,150.0,0.0,9.0,32.3,4.8,44.0,0.0,0.0,1.0,0.0,0,25165.960885097837
2017,25.0,0.0,NH White,hs_or_less,high (>3.5x),5.0,0.0,4320.0,0.0,0.0,720.0,0.0,4.0,30.6,5.1,60.0,0.0,0.0,1.0,0.0,0,55699.35493686993
2017,27.0,1.0,NH Black,hs_or_less,high (>3.5x),5.0,0.0,19200.0,0.0,0.0,2400.0,0.0,1.0,19.7,5.1,50.0,0.0,0.0,0.0,0.0,0,19729.26601955225
2017,55.0,1.0,NH Asian,hs_or_less,high (>3.5x),4.86,3240.0,4800.0,0.0,540.0,1200.0,6.0,5.0,20.4,5.1,124.0,0.0,0.0,0.0,0.0,1,11554.831949825608
2017,51.0,0.0,Other Hispanic,hs_or_less,middle (1.3-3.5x),2.54,360.0,7200.0,0.0,90.0,1080.0,3.0,5.0,29.2,5.8,40.0,0.0,1.0,0.0,1.0,0,26020.607546342784
2017,64.0,0.0,NH White,some_college,high (>3.5x),5.0,6720.0,720.0,0.0,1200.0,180.0,5.0,6.0,31.6,6.0,63.0,1.0,1.0,1.0,0.0,1,62579.37519182547
2017,63.0,1.0,NH White,hs_or_less,low (<1.3x poverty),0.62,0.0,240.0,0.0,0.0,60.0,0.0,5.0,25.4,5.6,53.0,0.0,0.0,0.0,0.0,0,21423.203419044636
2017,27.0,1.0,NH White,some_college,high (>3.5x),5.0,1440.0,4320.0,0.0,180.0,1080.0,3.0,3.0,26.1,5.5,74.0,0.0,0.0,0.0,0.0,1,25389.423275980575
2017,36.0,1.0,NH White,college_plus,high (>3.5x),5.0,0.0,720.0,0.0,0.0,120.0,0.0,5.0,20.6,5.4,60.0,0.0,0.0,0.0,0.0,0,60400.49340405698
2017,41.0,1.0,NH Black,some_college,middle (1.3-3.5x),1.64,0.0,1200.0,0.0,0.0,180.0,0.0,4.0,30.4,5.3,52.0,0.0,0.0,1.0,1.0,0,12959.710214651506
2017,33.0,0.0,NH White,hs_or_less,high (>3.5x),4.31,120.0,1920.0,360.0,30.0,420.0,1.0,10.0,40.6,5.3,48.0,0.0,0.0,1.0,1.0,0,90765.63362141531
2017,59.0,0.0,NH White,some_college,high (>3.5x),5.0,1200.0,4800.0,0.0,150.0,600.0,2.0,6.0,31.1,5.4,66.0,0.0,0.0,1.0,0.0,1,173562.86301958456
2017,36.0,1.0,NH Black,college_plus,middle (1.3-3.5x),2.2,0.0,0.0,0.0,0.0,0.0,0.0,8.0,43.7,4.8,55.0,0.0,0.0,1.0,0.0,0,9425.593599209278
2017,63.0,1.0,Mexican American,hs_or_less,middle (1.3-3.5x),1.35,0.0,0.0,0.0,0.0,0.0,0.0,6.0,31.6,5.5,59.0,0.0,0.0,1.0,1.0,0,5967.9126016730315
2017,42.0,0.0,Other Hispanic,hs_or_less,low (<1.3x poverty),0.34,0.0,12960.0,0.0,0.0,2520.0,0.0,4.0,27.8,5.3,48.0,0.0,0.0,0.0,0.0,0,8597.990421388626
2017,30.0,1.0,NH White,some_college,middle (1.3-3.5x),1.75,600.0,0.0,80.0,150.0,0.0,5.0,7.0,23.1,5.0,49.0,0.0,0.0,0.0,1.0,1,28620.207107580838
2017,33.0,1.0,NH Asian,college_plus,middle (1.3-3.5x),2.39,720.0,0.0,0.0,180.0,0.0,1.0,1.0,26.1,5.3,55.0,0.0,0.0,0.0,0.0,1,5779.716980326869
2017,36.0,1.0,NH White,some_college,low (<1.3x poverty),0.33,0.0,0.0,0.0,0.0,0.0,0.0,4.0,28.4,4.7,71.0,0.0,0.0,0.0,0.0,0,26892.81772942708
2017,21.0,1.0,NH Asian,some_college,high (>3.5x),5.0,1560.0,6000.0,600.0,210.0,900.0,6.0,5.0,21.3,5.0,85.0,0.0,0.0,0.0,0.0,1,13895.377562153644
2017,38.0,0.0,Other Hispanic,some_college,middle (1.3-3.5x),2.03,2160.0,5760.0,960.0,360.0,1440.0,5.0,5.0,27.7,5.5,48.0,0.0,0.0,0.0,0.0,1,36334.36143455816
2017,25.0,0.0,Mexican American,hs_or_less,low (<1.3x poverty),0.4,5760.0,14400.0,300.0,960.0,2400.0,7.0,3.0,47.6,6.3,41.0,0.0,1.0,1.0,0.0,1,22097.236753079214
2017,29.0,0.0,Mexican American,hs_or_less,middle (1.3-3.5x),2.89,0.0,0.0,0.0,0.0,0.0,0.0,12.0,45.0,5.0,35.0,0.0,0.0,1.0,1.0,0,20320.703683160926
2017,39.0,0.0,NH White,hs_or_less,low (<1.3x poverty),0.59,0.0,7680.0,0.0,0.0,1920.0,0.0,6.0,27.2,5.3,29.0,0.0,0.0,0.0,0.0,0,21143.458024885265
2017,63.0,1.0,NH Asian,college_plus,high (>3.5x),5.0,0.0,0.0,0.0,0.0,0.0,0.0,4.0,21.5,6.9,45.0,1.0,1.0,0.0,0.0,0,6313.229226349336
2017,20.0,1.0,NH Asian,hs_or_less,middle (1.3-3.5x),1.6,5760.0,0.0,0.0,900.0,0.0,6.0,1.0,24.1,4.8,50.0,0.0,0.0,0.0,0.0,1,5605.830960627084
2017,54.0,1.0,Other Hispanic,some_college,high (>3.5x),5.0,2320.0,0.0,0.0,340.0,0.0,7.0,12.0,27.5,6.1,42.0,1.0,1.0,0.0,0.0,1,15822.999161746575
2017,39.0,1.0,NH Black,some_college,middle (1.3-3.5x),2.43,0.0,0.0,600.0,0.0,0.0,0.0,8.0,24.1,5.5,60.0,0.0,0.0,0.0,0.0,0,15645.21701302111
2017,35.0,1.0,Mexican American,some_college,middle (1.3-3.5x),1.7,0.0,0.0,0.0,0.0,0.0,0.0,7.0,26.9,5.7,48.0,0.0,1.0,0.0,0.0,0,16160.36796701754
2017,56.0,1.0,NH Black,some_college,middle (1.3-3.5x),2.37,360.0,0.0,0.0,90.0,0.0,3.0,10.0,33.8,5.3,54.0,0.0,0.0,1.0,0.0,0,13083.51755741198
2017,21.0,1.0,NH Asian,hs_or_less,high (>3.5x),4.52,0.0,720.0,0.0,0.0,180.0,0.0,3.0,33.8,5.6,48.0,0.0,0.0,1.0,1.0,0,16578.993500157754
2017,38.0,1.0,Other Hispanic,some_college,middle (1.3-3.5x),2.03,0.0,0.0,0.0,0.0,0.0,0.0,3.0,27.0,5.1,34.0,0.0,0.0,0.0,0.0,0,24684.313371186872
2017,61.0,0.0,NH White,hs_or_less,high (>3.5x),4.81,0.0,0.0,0.0,0.0,0.0,0.0,5.0,30.9,5.8,44.0,0.0,1.0,1.0,0.0,0,88890.70337487957
2017,48.0,0.0,NH Black,some_college,middle (1.3-3.5x),2.92,0.0,4800.0,0.0,0.0,1200.0,0.0,4.0,37.9,6.1,37.0,0.0,1.0,1.0,0.0,0,6508.580648450058
2017,39.0,1.0,NH Asian,college_plus,high (>3.5x),4.94,1440.0,5760.0,0.0,240.0,1440.0,4.0,5.0,24.3,4.9,103.0,0.0,0.0,0.0,0.0,1,9511.561526469708
2017,21.0,1.0,Mexican American,some_college,low (<1.3x poverty),1.06,0.0,0.0,0.0,0.0,0.0,0.0,2.0,28.2,5.3,41.0,0.0,0.0,0.0,0.0,0,15378.2701469076
2017,46.0,1.0,NH Asian,college_plus,middle (1.3-3.5x),2.73,0.0,0.0,0.0,0.0,0.0,0.0,3.0,23.6,5.6,50.0,0.0,0.0,0.0,0.0,0,7725.571736620656
2017,26.0,1.0,NH White,hs_or_less,middle (1.3-3.5x),1.32,2400.0,0.0,960.0,300.0,0.0,5.0,1.0,20.4,5.5,48.0,0.0,0.0,0.0,1.0,1,44188.01801493931
2017,33.0,1.0,NH Black,some_college,low (<1.3x poverty),0.75,480.0,0.0,480.0,120.0,0.0,2.0,3.0,51.1,5.4,54.0,0.0,0.0,1.0,0.0,0,16504.62477728579
2017,54.0,1.0,Other Hispanic,college_plus,high (>3.5x),5.0,2520.0,0.0,0.0,330.0,0.0,6.0,9.0,32.3,5.2,61.0,0.0,0.0,1.0,0.0,1,12354.427527512831
2017,37.0,1.0,NH White,college_plus,middle (1.3-3.5x),2.99,1980.0,0.0,0.0,270.0,0.0,7.0,6.0,24.6,5.1,64.0,0.0,0.0,0.0,0.0,1,73423.7043681527
2017,31.0,1.0,Mexican American,hs_or_less,low (<1.3x poverty),0.81,0.0,0.0,0.0,0.0,0.0,0.0,2.0,38.7,5.2,75.0,0.0,0.0,1.0,0.0,0,12405.694854027093
2017,58.0,0.0,NH Asian,some_college,high (>3.5x),5.0,720.0,2400.0,0.0,180.0,480.0,3.0,4.0,33.1,5.8,46.0,0.0,1.0,1.0,0.0,1,6664.727374265296
2017,21.0,1.0,Mexican American,some_college,middle (1.3-3.5x),1.35,2640.0,0.0,600.0,420.0,0.0,5.0,10.0,32.3,5.3,54.0,0.0,0.0,1.0,0.0,1,17802.57956015858
2017,61.0,1.0,NH Black,hs_or_less,low (<1.3x poverty),0.75,320.0,0.0,0.0,80.0,0.0,4.0,10.0,37.1,5.8,45.0,0.0,1.0,1.0,0.0,0,6055.465655652274
2017,51.0,1.0,NH Black,some_college,low (<1.3x poverty),1.12,600.0,1200.0,300.0,150.0,300.0,5.0,3.0,31.4,6.8,72.0,1.0,1.0,1.0,1.0,1,6330.126123837154
2017,25.0,0.0,Mexican American,some_college,middle (1.3-3.5x),1.59,0.0,28800.0,0.0,0.0,4800.0,0.0,3.0,28.9,5.5,23.0,0.0,0.0,0.0,0.0,0,14040.566936102112
2017,21.0,1.0,NH Black,some_college,low (<1.3x poverty),1.08,0.0,0.0,0.0,0.0,0.0,0.0,3.0,30.4,5.7,42.0,0.0,1.0,1.0,0.0,0,10861.903415477722
2017,39.0,0.0,NH White,some_college,low (<1.3x poverty),0.49,0.0,760.0,0.0,0.0,145.0,0.0,12.0,30.9,5.4,48.0,0.0,0.0,1.0,1.0,0,76050.02065555067
2017,63.0,1.0,NH Black,some_college,high (>3.5x),4.15,4320.0,0.0,0.0,900.0,0.0,7.0,4.0,24.2,5.7,80.0,0.0,1.0,0.0,0.0,1,6823.622290154044
2017,27.0,0.0,NH White,hs_or_less,middle (1.3-3.5x),1.32,0.0,38880.0,0.0,0.0,6480.0,0.0,2.0,23.6,5.0,41.0,0.0,0.0,0.0,0.0,0,46028.78894650863
2017,36.0,0.0,NH Asian,college_plus,middle (1.3-3.5x),3.46,2160.0,0.0,1200.0,360.0,0.0,6.0,12.0,29.5,5.7,36.0,0.0,1.0,0.0,0.0,1,14553.06504604759
2017,22.0,0.0,NH White,hs_or_less,low (<1.3x poverty),1.08,0.0,0.0,0.0,0.0,0.0,0.0,5.0,21.1,5.7,41.0,0.0,1.0,0.0,0.0,0,41260.77585201902
2017,65.0,0.0,NH White,hs_or_less,middle (1.3-3.5x),1.46,480.0,2880.0,1920.0,120.0,360.0,1.0,3.0,37.9,9.9,35.0,1.0,1.0,1.0,0.0,0,11671.10458018012
2017,39.0,1.0,NH White,hs_or_less,middle (1.3-3.5x),2.28,0.0,0.0,0.0,0.0,0.0,0.0,1.0,31.5,5.3,47.0,0.0,0.0,1.0,0.0,0,26451.8154787396
2017,35.0,1.0,NH White,college_plus,low (<1.3x poverty),1.11,0.0,0.0,0.0,0.0,0.0,0.0,6.0,53.1,5.7,33.0,0.0,1.0,1.0,1.0,0,23423.961153921726
2017,22.0,1.0,Other/Multi,some_college,middle (1.3-3.5x),2.55,120.0,0.0,0.0,30.0,0.0,1.0,10.0,29.1,5.9,32.0,0.0,1.0,0.0,1.0,0,10360.067472305906
2017,20.0,1.0,Mexican American,hs_or_less,middle (1.3-3.5x),1.7,1800.0,1440.0,0.0,300.0,360.0,7.0,4.0,22.7,5.0,60.0,0.0,0.0,0.0,0.0,1,22444.17515178101
2017,27.0,1.0,NH Asian,college_plus,high (>3.5x),5.0,1080.0,0.0,240.0,180.0,0.0,5.0,4.0,20.6,5.2,66.0,0.0,0.0,0.0,0.0,1,14294.511545473442
2017,54.0,0.0,Mexican American,some_college,high (>3.5x),5.0,360.0,480.0,0.0,90.0,120.0,3.0,6.0,29.6,5.4,46.0,0.0,0.0,0.0,0.0,0,19960.20665868306
2017,24.0,0.0,Other/Multi,hs_or_less,middle (1.3-3.5x),3.35,0.0,23040.0,0.0,0.0,4320.0,0.0,3.0,34.3,5.3,49.0,0.0,0.0,1.0,0.0,0,44048.84597794838
2017,27.0,0.0,Mexican American,hs_or_less,middle (1.3-3.5x),2.39,4320.0,28800.0,0.0,540.0,4800.0,3.0,5.0,23.7,5.3,41.0,0.0,0.0,0.0,0.0,1,9109.953882965077
2017,51.0,0.0,Other/Multi,some_college,low (<1.3x poverty),1.17,0.0,6240.0,0.0,0.0,1380.0,0.0,6.0,34.2,5.7,48.0,0.0,1.0,1.0,1.0,0,10198.214294542113
2017,47.0,1.0,NH Asian,college_plus,high (>3.5x),5.0,960.0,0.0,0.0,140.0,0.0,4.0,10.0,32.4,6.2,66.0,0.0,1.0,1.0,1.0,1,8876.472043101505
2017,57.0,0.0,Mexican American,college_plus,high (>3.5x),5.0,80.0,0.0,80.0,20.0,0.0,2.0,10.0,36.9,6.2,56.0,0.0,1.0,1.0,0.0,0,26775.557052965145
2017,48.0,1.0,NH Asian,college_plus,high (>3.5x),3.59,0.0,0.0,0.0,0.0,0.0,0.0,5.0,28.2,5.3,78.0,0.0,0.0,0.0,0.0,0,8641.341217809946
2017,28.0,1.0,NH White,hs_or_less,middle (1.3-3.5x),3.04,480.0,20400.0,0.0,120.0,3000.0,2.0,3.0,22.5,4.9,58.0,0.0,0.0,0.0,0.0,0,42695.12857491624
2017,33.0,1.0,Mexican American,hs_or_less,middle (1.3-3.5x),1.89,0.0,240.0,240.0,0.0,60.0,0.0,0.08333333333333333,20.7,6.8,62.0,1.0,1.0,0.0,0.0,0,17915.397748555468
2017,64.0,0.0,NH White,hs_or_less,middle (1.3-3.5x),2.28,0.0,12960.0,0.0,0.0,2160.0,0.0,6.0,29.7,5.6,41.0,0.0,0.0,0.0,0.0,0,7911.385406050817
2017,30.0,1.0,NH White,some_college,middle (1.3-3.5x),2.43,0.0,0.0,0.0,0.0,0.0,0.0,11.0,36.6,5.1,34.0,0.0,0.0,1.0,1.0,0,52430.93132591568
2017,24.0,1.0,NH White,some_college,high (>3.5x),3.91,0.0,0.0,0.0,0.0,0.0,0.0,2.0,21.0,4.8,51.0,0.0,0.0,0.0,0.0,0,54069.694989058844
2017,22.0,0.0,Other/Multi,some_college,middle (1.3-3.5x),2.13,1920.0,14400.0,5760.0,240.0,3000.0,2.0,3.0,25.8,5.2,56.0,0.0,0.0,0.0,1.0,1,21920.91958261843
2017,27.0,1.0,Other Hispanic,college_plus,high (>3.5x),4.08,0.0,0.0,0.0,0.0,0.0,0.0,10.0,33.6,5.3,56.0,0.0,0.0,1.0,0.0,0,43074.778710718914
2017,61.0,0.0,NH Black,college_plus,high (>3.5x),5.0,2640.0,0.0,0.0,420.0,0.0,7.0,0.5,35.5,5.5,67.0,0.0,0.0,1.0,0.0,1,6311.123738212481
2017,45.0,0.0,NH White,some_college,high (>3.5x),5.0,960.0,4320.0,0.0,240.0,1020.0,2.0,5.0,31.4,5.5,34.0,0.0,0.0,1.0,0.0,1,61713.435485664355
2017,32.0,0.0,NH Black,hs_or_less,middle (1.3-3.5x),1.65,4320.0,3840.0,1440.0,720.0,960.0,7.0,2.0,22.6,5.3,55.0,0.0,0.0,0.0,0.0,1,12701.700534098118
2017,41.0,0.0,NH Asian,college_plus,high (>3.5x),4.78,0.0,14400.0,0.0,0.0,2160.0,0.0,4.0,32.5,4.6,39.0,0.0,0.0,1.0,0.0,0,5504.930149186762
2017,61.0,0.0,Other Hispanic,hs_or_less,high (>3.5x),4.07,0.0,0.0,0.0,0.0,0.0,0.0,4.0,33.5,6.1,29.0,0.0,1.0,1.0,0.0,0,6408.878898227319
2017,50.0,1.0,NH Black,some_college,high (>3.5x),4.62,0.0,2880.0,0.0,0.0,720.0,0.0,12.0,54.5,5.4,58.0,0.0,0.0,1.0,1.0,0,11814.533118564434
2017,23.0,0.0,NH Black,hs_or_less,low (<1.3x poverty),5.397605346934028e-79,0.0,0.0,1200.0,0.0,0.0,0.0,4.0,17.9,5.6,,0.0,0.0,0.0,0.0,0,19559.715250348076
2017,27.0,1.0,NH White,college_plus,high (>3.5x),4.86,1680.0,0.0,0.0,240.0,0.0,4.0,8.0,23.7,5.1,63.0,0.0,0.0,0.0,0.0,1,88879.24949145605
2017,26.0,0.0,Mexican American,some_college,middle (1.3-3.5x),3.31,2880.0,2400.0,0.0,480.0,600.0,6.0,4.0,22.4,4.8,53.0,0.0,0.0,0.0,0.0,1,41597.330573464875
2017,47.0,1.0,NH White,hs_or_less,middle (1.3-3.5x),3.33,0.0,0.0,0.0,0.0,0.0,0.0,9.0,28.4,5.4,72.0,0.0,0.0,0.0,0.0,0,65457.83676462046
2017,63.0,1.0,Other Hispanic,hs_or_less,middle (1.3-3.5x),2.77,0.0,0.0,0.0,0.0,0.0,0.0,6.0,24.7,5.0,34.0,0.0,0.0,0.0,0.0,0,3108.3364537073544
2017,29.0,1.0,NH Asian,some_college,low (<1.3x poverty),0.09,0.0,0.0,0.0,0.0,0.0,0.0,10.0,26.9,5.4,45.0,0.0,0.0,0.0,0.0,0,15469.192576033875
2017,47.0,1.0,NH White,college_plus,high (>3.5x),3.79,200.0,0.0,0.0,50.0,0.0,5.0,5.0,44.0,5.2,47.0,0.0,0.0,1.0,1.0,0,94194.18177510357
2017,65.0,0.0,NH Black,some_college,middle (1.3-3.5x),2.03,3600.0,7200.0,0.0,900.0,1800.0,5.0,10.0,28.1,5.7,53.0,0.0,1.0,0.0,0.0,1,8178.465452180919
2017,55.0,0.0,Other Hispanic,some_college,high (>3.5x),3.59,0.0,2880.0,0.0,0.0,480.0,0.0,2.0,33.5,6.1,44.0,0.0,1.0,1.0,0.0,0,11930.295081445705
2017,47.0,0.0,NH White,college_plus,middle (1.3-3.5x),3.46,1920.0,240.0,0.0,300.0,60.0,3.0,10.0,42.1,5.7,43.0,0.0,1.0,1.0,1.0,1,102672.60219694048
2017,43.0,1.0,Other Hispanic,hs_or_less,middle (1.3-3.5x),1.79,0.0,0.0,0.0,0.0,0.0,0.0,4.0,35.8,5.5,43.0,0.0,0.0,1.0,0.0,0,14487.742480127687
2017,45.0,1.0,Other Hispanic,some_college,low (<1.3x poverty),1.1,600.0,0.0,0.0,150.0,0.0,5.0,2.0,27.2,5.5,71.0,0.0,0.0,0.0,0.0,1,17156.843575473267
2017,51.0,1.0,Mexican American,hs_or_less,low (<1.3x poverty),0.67,240.0,8400.0,240.0,60.0,2100.0,3.0,0.16666666666666666,28.5,5.4,46.0,0.0,0.0,0.0,0.0,0,9871.841392797627
2017,61.0,0.0,NH Black,some_college,middle (1.3-3.5x),2.97,0.0,0.0,0.0,0.0,0.0,0.0,10.0,35.0,9.8,39.0,1.0,1.0,1.0,1.0,0,3562.9922743042575
2017,26.0,1.0,NH White,hs_or_less,middle (1.3-3.5x),1.5,0.0,0.0,0.0,0.0,0.0,0.0,6.0,33.4,5.7,47.0,0.0,1.0,1.0,0.0,0,36365.10924228814
2017,64.0,1.0,Other Hispanic,hs_or_less,low (<1.3x poverty),1.22,0.0,0.0,0.0,0.0,0.0,0.0,3.0,24.7,5.4,53.0,0.0,0.0,0.0,1.0,0,5024.65761144222
2017,51.0,0.0,Other Hispanic,hs_or_less,middle (1.3-3.5x),1.74,0.0,1920.0,0.0,0.0,240.0,0.0,4.0,27.3,5.5,48.0,0.0,0.0,0.0,0.0,0,19356.215122259404
2017,42.0,1.0,NH White,college_plus,high (>3.5x),5.0,540.0,0.0,180.0,135.0,0.0,3.0,10.0,31.6,5.4,52.0,0.0,0.0,1.0,0.0,0,160396.3630611156
2017,47.0,0.0,NH White,hs_or_less,low (<1.3x poverty),0.59,0.0,20400.0,0.0,0.0,2700.0,0.0,4.0,26.7,5.4,,0.0,0.0,0.0,0.0,0,23260.344598606323
2017,45.0,0.0,NH Black,some_college,high (>3.5x),5.0,2520.0,0.0,0.0,330.0,0.0,6.0,6.0,33.0,5.1,60.0,0.0,0.0,1.0,0.0,1,7164.944277805341
2017,37.0,1.0,Mexican American,some_college,middle (1.3-3.5x),2.46,300.0,0.0,0.0,75.0,0.0,5.0,8.0,36.7,5.6,52.0,0.0,0.0,1.0,0.0,0,4940.6764262745955
2017,63.0,0.0,Other/Multi,college_plus,middle (1.3-3.5x),3.16,0.0,0.0,0.0,0.0,0.0,0.0,4.0,27.8,5.4,28.0,0.0,0.0,0.0,1.0,0,147218.12369417897
2017,32.0,1.0,Other Hispanic,some_college,middle (1.3-3.5x),2.73,160.0,0.0,0.0,40.0,0.0,2.0,10.0,34.4,5.1,35.0,0.0,0.0,1.0,0.0,0,14571.937445263393
2017,42.0,1.0,NH White,some_college,low (<1.3x poverty),1.06,0.0,0.0,0.0,0.0,0.0,0.0,2.0,27.2,5.3,42.0,0.0,0.0,0.0,0.0,0,12471.001105849144
2017,56.0,0.0,Mexican American,hs_or_less,middle (1.3-3.5x),1.44,0.0,12000.0,0.0,0.0,1500.0,0.0,2.0,34.7,5.6,36.0,0.0,0.0,1.0,0.0,0,15062.215314069439
2017,32.0,1.0,NH Asian,college_plus,middle (1.3-3.5x),2.03,1680.0,0.0,0.0,240.0,0.0,5.0,12.0,22.3,5.2,66.0,0.0,0.0,0.0,0.0,1,6637.257457085657
2017,32.0,1.0,NH Black,hs_or_less,middle (1.3-3.5x),1.48,0.0,1440.0,0.0,0.0,360.0,0.0,9.0,23.0,5.4,85.0,0.0,0.0,0.0,0.0,0,9458.968846992606
2017,43.0,1.0,Other/Multi,some_college,low (<1.3x poverty),0.87,0.0,0.0,0.0,0.0,0.0,0.0,5.0,39.5,5.8,45.0,0.0,1.0,1.0,0.0,0,18929.236233178017
2017,22.0,1.0,Mexican American,some_college,low (<1.3x poverty),1.2,240.0,720.0,0.0,60.0,180.0,2.0,6.0,35.0,4.7,64.0,0.0,0.0,1.0,0.0,0,36163.70429940239
2017,39.0,0.0,NH Black,hs_or_less,high (>3.5x),4.77,360.0,0.0,0.0,90.0,0.0,3.0,7.0,18.9,5.4,57.0,0.0,0.0,0.0,1.0,0,23621.725979778366
2017,36.0,1.0,Other Hispanic,hs_or_less,low (<1.3x poverty),1.02,2520.0,0.0,0.0,450.0,0.0,6.0,2.0,28.9,5.2,36.0,0.0,0.0,0.0,1.0,1,8419.949031860117
2017,48.0,0.0,NH Black,college_plus,middle (1.3-3.5x),2.45,0.0,0.0,0.0,0.0,0.0,0.0,8.0,34.3,5.9,41.0,0.0,1.0,1.0,0.0,0,11153.799945168003
2017,62.0,1.0,Other Hispanic,hs_or_less,middle (1.3-3.5x),1.35,0.0,0.0,600.0,0.0,0.0,0.0,4.0,37.9,9.7,55.0,1.0,1.0,1.0,1.0,0,9047.565034479254
2017,60.0,1.0,NH White,hs_or_less,low (<1.3x poverty),0.59,0.0,7440.0,0.0,0.0,1380.0,0.0,3.0,37.2,5.7,73.0,0.0,1.0,1.0,1.0,0,50053.44437297702
2017,57.0,0.0,NH Black,hs_or_less,low (<1.3x poverty),0.79,360.0,0.0,0.0,90.0,0.0,3.0,8.0,52.8,6.3,51.0,0.0,1.0,1.0,0.0,0,21622.694024189204
2017,42.0,1.0,Mexican American,some_college,high (>3.5x),5.0,3480.0,0.0,0.0,510.0,0.0,7.0,10.0,21.2,5.2,76.0,0.0,0.0,0.0,0.0,1,14423.693618036854
2017,30.0,1.0,NH Black,some_college,middle (1.3-3.5x),2.07,2160.0,0.0,0.0,360.0,0.0,7.0,2.0,22.7,5.7,66.0,0.0,1.0,0.0,0.0,1,7921.782637190202
2017,65.0,1.0,NH Black,some_college,low (<1.3x poverty),1.04,0.0,0.0,0.0,0.0,0.0,0.0,4.0,34.4,7.4,48.0,1.0,1.0,1.0,1.0,0,3681.23436926482
2017,30.0,1.0,NH Asian,college_plus,middle (1.3-3.5x),2.71,0.0,0.0,0.0,0.0,0.0,0.0,10.0,21.5,5.2,56.0,0.0,0.0,0.0,0.0,0,8611.820873667984
2017,61.0,0.0,NH White,college_plus,middle (1.3-3.5x),1.89,0.0,0.0,0.0,0.0,0.0,0.0,8.0,36.1,5.6,40.0,0.0,0.0,1.0,0.0,0,24658.575160866436
2017,36.0,1.0,NH White,college_plus,high (>3.5x),5.0,480.0,6480.0,0.0,120.0,1080.0,2.0,5.0,21.3,5.2,67.0,0.0,0.0,0.0,0.0,0,72066.1232652406
2017,62.0,0.0,NH White,some_college,middle (1.3-3.5x),2.8,0.0,480.0,0.0,0.0,80.0,0.0,8.0,32.7,5.7,44.0,0.0,1.0,1.0,1.0,0,19856.765953566155
2017,61.0,1.0,Other Hispanic,college_plus,low (<1.3x poverty),0.91,360.0,1320.0,0.0,90.0,210.0,3.0,6.0,39.1,5.8,42.0,0.0,1.0,1.0,0.0,0,14010.660579183666
2017,28.0,0.0,NH Asian,college_plus,high (>3.5x),3.69,2640.0,480.0,0.0,360.0,75.0,7.0,8.0,25.1,5.8,47.0,0.0,1.0,0.0,0.0,1,8213.956554721026
2017,57.0,1.0,NH White,some_college,middle (1.3-3.5x),2.6,480.0,2160.0,0.0,120.0,540.0,2.0,5.0,26.2,5.0,57.0,0.0,0.0,0.0,0.0,0,11501.898815977172
2017,45.0,1.0,NH Black,college_plus,middle (1.3-3.5x),1.85,900.0,0.0,0.0,225.0,0.0,5.0,16.0,41.6,5.5,58.0,0.0,0.0,1.0,0.0,1,15383.07457146394
2017,30.0,0.0,Other Hispanic,college_plus,high (>3.5x),5.0,2160.0,0.0,600.0,360.0,0.0,6.0,8.0,29.0,4.8,46.0,0.0,0.0,0.0,0.0,1,55357.02315182113
2017,55.0,1.0,NH Asian,college_plus,low (<1.3x poverty),1.07,0.0,8640.0,240.0,0.0,1680.0,0.0,5.0,28.6,5.5,,0.0,0.0,0.0,0.0,0,5628.6987760172115
2017,55.0,1.0,NH Asian,college_plus,high (>3.5x),3.65,1200.0,0.0,1200.0,300.0,0.0,5.0,7.0,20.6,5.4,61.0,0.0,0.0,0.0,0.0,1,5529.849087216734
2017,60.0,1.0,NH Asian,college_plus,high (>3.5x),5.0,1440.0,21120.0,0.0,360.0,3360.0,3.0,4.0,28.3,5.6,73.0,0.0,0.0,0.0,0.0,1,11027.543721710485
2017,36.0,0.0,Other Hispanic,some_college,high (>3.5x),3.71,1920.0,0.0,0.0,240.0,0.0,2.0,13.0,28.7,5.7,41.0,0.0,1.0,0.0,1.0,1,25433.06604876428
2017,36.0,1.0,NH White,some_college,high (>3.5x),5.0,240.0,240.0,0.0,60.0,60.0,3.0,8.0,31.8,5.1,46.0,0.0,0.0,1.0,0.0,0,34289.58448070493
2017,33.0,1.0,NH White,hs_or_less,high (>3.5x),5.0,4800.0,0.0,0.0,750.0,0.0,7.0,10.0,39.0,5.6,48.0,0.0,0.0,1.0,0.0,1,77948.91204664325
2017,59.0,1.0,NH White,hs_or_less,high (>3.5x),5.0,0.0,0.0,0.0,0.0,0.0,0.0,2.0,41.8,5.6,38.0,0.0,0.0,1.0,0.0,0,78120.02866779143
2017,43.0,1.0,NH Asian,hs_or_less,low (<1.3x poverty),1.15,0.0,1440.0,400.0,0.0,360.0,0.0,2.0,40.4,5.8,51.0,0.0,1.0,1.0,0.0,0,7001.25387072762
2017,56.0,1.0,Other/Multi,hs_or_less,low (<1.3x poverty),0.61,360.0,0.0,0.0,90.0,0.0,2.0,8.0,52.2,6.2,52.0,0.0,1.0,1.0,0.0,0,26021.963498269815
2017,47.0,1.0,NH Black,college_plus,middle (1.3-3.5x),3.34,240.0,6000.0,0.0,60.0,1500.0,2.0,7.0,36.4,5.3,71.0,0.0,0.0,1.0,0.0,0,29877.056803142514
2017,27.0,1.0,NH Black,some_college,middle (1.3-3.5x),2.6,0.0,1680.0,0.0,0.0,300.0,0.0,4.0,40.8,5.4,50.0,0.0,0.0,1.0,1.0,0,22866.582417765272
2017,53.0,1.0,Other/Multi,some_college,middle (1.3-3.5x),2.89,1200.0,0.0,0.0,150.0,0.0,5.0,8.0,36.8,5.6,73.0,0.0,0.0,1.0,1.0,1,5453.426129051749
2017,60.0,0.0,Mexican American,hs_or_less,middle (1.3-3.5x),1.92,0.0,2400.0,4800.0,0.0,600.0,0.0,2.0,27.2,5.4,79.0,0.0,0.0,0.0,0.0,0,6602.490291295504
2017,48.0,0.0,NH Asian,college_plus,middle (1.3-3.5x),1.52,0.0,17280.0,0.0,0.0,2880.0,0.0,4.0,38.8,5.0,33.0,0.0,0.0,1.0,1.0,0,6712.478836056919
2017,35.0,1.0,NH White,some_college,low (<1.3x poverty),1.21,0.0,240.0,0.0,0.0,60.0,0.0,10.0,20.0,5.2,38.0,0.0,0.0,0.0,0.0,0,18775.71946892422
2017,47.0,1.0,NH White,hs_or_less,middle (1.3-3.5x),1.66,360.0,0.0,0.0,90.0,0.0,3.0,4.0,43.6,9.7,48.0,1.0,1.0,1.0,0.0,0,26738.125959618308
2017,46.0,1.0,Other Hispanic,hs_or_less,middle (1.3-3.5x),1.82,1440.0,2160.0,0.0,240.0,540.0,4.0,4.0,29.1,6.5,53.0,1.0,1.0,0.0,1.0,1,25860.373430436495
2017,35.0,1.0,NH Asian,hs_or_less,high (>3.5x),4.08,0.0,0.0,0.0,0.0,0.0,0.0,7.0,25.3,5.4,34.0,0.0,0.0,0.0,0.0,0,11788.400710335112
2017,21.0,1.0,NH Black,hs_or_less,low (<1.3x poverty),0.59,0.0,0.0,0.0,0.0,0.0,0.0,4.0,39.1,5.3,46.0,0.0,0.0,1.0,0.0,0,21421.123961711488
2017,27.0,1.0,Other Hispanic,hs_or_less,low (<1.3x poverty),0.85,0.0,0.0,0.0,0.0,0.0,0.0,3.0,33.6,5.8,49.0,0.0,1.0,1.0,1.0,0,15657.49809016642
2017,43.0,0.0,NH White,some_college,middle (1.3-3.5x),2.01,1440.0,20160.0,240.0,360.0,3600.0,2.0,2.0,24.0,5.7,50.0,0.0,1.0,0.0,0.0,1,69493.74044825509
2017,29.0,0.0,NH Asian,college_plus,high (>3.5x),5.0,2880.0,0.0,80.0,360.0,0.0,2.0,6.0,27.8,5.9,31.0,0.0,1.0,0.0,0.0,1,7977.943578351222
2017,45.0,0.0,NH White,college_plus,low (<1.3x poverty),0.35,1440.0,0.0,0.0,180.0,0.0,2.0,5.0,24.1,5.7,40.0,0.0,1.0,0.0,1.0,1,15710.197782640553
2017,57.0,0.0,Mexican American,college_plus,high (>3.5x),5.0,960.0,0.0,0.0,180.0,0.0,5.0,12.0,27.3,5.1,34.0,0.0,0.0,0.0,0.0,1,39810.90411555115
2017,49.0,1.0,NH Black,some_college,high (>3.5x),5.0,360.0,9600.0,0.0,90.0,2400.0,3.0,4.0,34.8,5.8,48.0,0.0,1.0,1.0,0.0,0,12141.872380434452
2017,39.0,1.0,NH Black,hs_or_less,low (<1.3x poverty),0.74,0.0,37440.0,0.0,0.0,4680.0,0.0,4.0,30.7,5.4,83.0,0.0,0.0,1.0,0.0,0,12437.160133820673
2017,63.0,1.0,NH Asian,hs_or_less,high (>3.5x),5.0,0.0,0.0,720.0,0.0,0.0,0.0,4.0,32.7,5.9,59.0,0.0,1.0,1.0,0.0,0,5895.23146858129
2017,57.0,0.0,Mexican American,hs_or_less,middle (1.3-3.5x),2.55,0.0,0.0,0.0,0.0,0.0,0.0,7.0,37.1,5.7,39.0,0.0,1.0,1.0,0.0,0,9249.884134726535
2017,63.0,0.0,Other Hispanic,college_plus,middle (1.3-3.5x),1.5,0.0,5280.0,0.0,0.0,840.0,0.0,6.0,29.7,6.6,45.0,1.0,1.0,0.0,0.0,0,4552.012186013092
2017,22.0,1.0,Mexican American,hs_or_less,low (<1.3x poverty),0.41,2160.0,1200.0,0.0,270.0,300.0,3.0,4.0,25.9,5.0,42.0,0.0,0.0,0.0,0.0,1,12178.510248050852
2017,55.0,1.0,NH Asian,some_college,middle (1.3-3.5x),2.94,0.0,5520.0,0.0,0.0,1290.0,0.0,5.0,28.2,5.6,69.0,0.0,0.0,0.0,0.0,0,8655.447506580875
2017,49.0,0.0,NH Black,college_plus,high (>3.5x),5.0,2880.0,3600.0,0.0,480.0,630.0,7.0,3.0,26.8,5.7,51.0,0.0,1.0,0.0,0.0,1,17966.370604565538
2017,47.0,0.0,NH Asian,college_plus,high (>3.5x),5.0,0.0,0.0,0.0,0.0,0.0,0.0,10.0,26.9,5.5,48.0,0.0,0.0,0.0,0.0,0,5211.7594849451925
2017,44.0,1.0,Other/Multi,some_college,middle (1.3-3.5x),3.49,3600.0,0.0,0.0,600.0,0.0,7.0,15.0,53.2,6.2,46.0,0.0,1.0,1.0,0.0,1,60142.099503293204
2017,45.0,0.0,Other/Multi,hs_or_less,middle (1.3-3.5x),1.34,0.0,720.0,0.0,0.0,180.0,0.0,8.0,48.5,10.0,29.0,1.0,1.0,1.0,1.0,0,10807.717875792365
2017,37.0,1.0,Mexican American,some_college,middle (1.3-3.5x),1.99,0.0,2880.0,0.0,0.0,720.0,0.0,4.0,39.6,5.3,67.0,0.0,0.0,1.0,0.0,0,11063.763898384423
2017,56.0,1.0,NH White,hs_or_less,middle (1.3-3.5x),2.13,0.0,240.0,0.0,0.0,60.0,0.0,7.0,42.5,6.4,54.0,0.0,1.0,1.0,1.0,0,16644.222647592112
2017,52.0,0.0,NH White,hs_or_less,high (>3.5x),5.0,0.0,0.0,0.0,0.0,0.0,0.0,7.0,34.9,6.7,27.0,1.0,1.0,1.0,0.0,0,80216.49010020154
2017,51.0,1.0,NH White,hs_or_less,low (<1.3x poverty),0.68,0.0,960.0,1440.0,0.0,240.0,0.0,5.0,28.9,8.0,35.0,1.0,1.0,0.0,1.0,0,50621.238377294176
2017,58.0,1.0,Mexican American,some_college,middle (1.3-3.5x),2.59,80.0,9600.0,0.0,20.0,1200.0,1.0,8.0,32.2,6.1,35.0,0.0,1.0,1.0,1.0,0,8238.49211183877
2017,49.0,1.0,NH Black,some_college,high (>3.5x),5.0,0.0,0.0,480.0,0.0,0.0,0.0,12.0,28.1,5.4,72.0,0.0,0.0,0.0,0.0,0,11473.340602931563
2017,50.0,1.0,Other Hispanic,college_plus,high (>3.5x),3.65,0.0,0.0,0.0,0.0,0.0,0.0,3.0,22.7,5.5,71.0,0.0,0.0,0.0,0.0,0,27750.1311390181
2017,38.0,1.0,Mexican American,hs_or_less,high (>3.5x),3.67,0.0,840.0,0.0,0.0,165.0,0.0,5.0,32.8,5.3,78.0,0.0,0.0,1.0,0.0,0,33627.151554576616
2017,29.0,1.0,NH White,some_college,middle (1.3-3.5x),2.89,2400.0,5760.0,0.0,600.0,1440.0,5.0,9.0,30.3,5.5,69.0,0.0,0.0,1.0,1.0,1,6144.872316358897
2017,33.0,0.0,Mexican American,hs_or_less,low (<1.3x poverty),0.04,0.0,0.0,0.0,0.0,0.0,0.0,1.0,30.1,5.7,26.0,0.0,1.0,1.0,0.0,0,33448.8339701079
2017,28.0,1.0,NH White,some_college,high (>3.5x),3.75,0.0,7680.0,0.0,0.0,1200.0,0.0,6.0,43.6,5.4,63.0,0.0,0.0,1.0,0.0,0,37688.34661785522
2017,32.0,1.0,Mexican American,some_college,middle (1.3-3.5x),1.82,480.0,0.0,0.0,120.0,0.0,2.0,2.0,44.9,5.3,56.0,0.0,0.0,1.0,1.0,0,23996.222814462024
2017,48.0,1.0,Mexican American,some_college,low (<1.3x poverty),0.93,0.0,0.0,0.0,0.0,0.0,0.0,8.0,50.3,5.0,48.0,0.0,0.0,1.0,1.0,0,31121.99515662595
2017,22.0,1.0,Mexican American,some_college,middle (1.3-3.5x),1.95,2080.0,2880.0,0.0,440.0,720.0,7.0,5.0,23.7,4.7,50.0,0.0,0.0,0.0,0.0,1,10236.005488687231
2017,60.0,0.0,Other Hispanic,some_college,high (>3.5x),5.0,0.0,0.0,0.0,0.0,0.0,0.0,8.0,35.2,5.9,33.0,0.0,1.0,1.0,0.0,0,5628.791060581551
2017,50.0,0.0,NH White,some_college,middle (1.3-3.5x),2.03,720.0,7920.0,600.0,180.0,1740.0,4.0,0.75,27.9,7.3,38.0,1.0,1.0,0.0,1.0,1,18912.312636183968
2017,40.0,1.0,NH Asian,some_college,middle (1.3-3.5x),1.79,960.0,0.0,720.0,240.0,0.0,6.0,1.0,24.2,5.3,70.0,0.0,0.0,0.0,0.0,1,13594.41365542624
2017,55.0,0.0,NH White,college_plus,low (<1.3x poverty),0.68,240.0,0.0,2400.0,60.0,0.0,3.0,8.0,25.7,7.1,47.0,1.0,1.0,0.0,0.0,0,40425.45411182225
2017,28.0,0.0,NH Black,hs_or_less,low (<1.3x poverty),1.05,3360.0,7200.0,0.0,480.0,1200.0,4.0,5.0,19.1,5.7,56.0,0.0,1.0,0.0,0.0,1,17266.155951973557
2017,52.0,1.0,NH Black,some_college,middle (1.3-3.5x),3.32,540.0,0.0,0.0,135.0,0.0,3.0,2.0,33.4,6.0,49.0,0.0,1.0,1.0,0.0,0,5272.408835474869
2017,59.0,1.0,NH Asian,college_plus,high (>3.5x),5.0,1500.0,0.0,0.0,375.0,0.0,5.0,7.0,28.5,5.5,44.0,0.0,0.0,0.0,0.0,1,7820.3560857061875
2017,51.0,1.0,Mexican American,hs_or_less,middle (1.3-3.5x),1.96,0.0,0.0,0.0,0.0,0.0,0.0,1.0,33.9,6.6,47.0,1.0,1.0,1.0,1.0,0,9251.89271609063
2017,55.0,1.0,NH White,hs_or_less,high (>3.5x),5.0,0.0,2880.0,0.0,0.0,600.0,0.0,16.0,33.6,5.1,77.0,0.0,0.0,1.0,1.0,0,26197.345052329667
2017,55.0,0.0,NH Black,hs_or_less,low (<1.3x poverty),1.21,0.0,5760.0,0.0,0.0,720.0,0.0,3.0,31.6,6.7,39.0,1.0,1.0,1.0,0.0,0,10684.804311811933
2017,29.0,0.0,NH Asian,college_plus,middle (1.3-3.5x),2.66,7920.0,2880.0,160.0,1260.0,720.0,7.0,7.0,33.3,5.8,45.0,0.0,1.0,1.0,0.0,1,13962.79986457269
2017,52.0,1.0,Other Hispanic,some_college,middle (1.3-3.5x),1.89,0.0,3600.0,200.0,0.0,540.0,0.0,4.0,51.3,5.4,61.0,0.0,0.0,1.0,1.0,0,7095.2671298590485
2017,37.0,1.0,NH Black,hs_or_less,low (<1.3x poverty),5.397605346934028e-79,0.0,0.0,0.0,0.0,0.0,0.0,4.0,32.7,4.2,62.0,0.0,0.0,1.0,1.0,0,11209.638249880405
2017,64.0,1.0,NH Black,college_plus,middle (1.3-3.5x),1.58,1920.0,0.0,160.0,280.0,0.0,7.0,1.0,33.6,5.6,64.0,0.0,0.0,1.0,0.0,1,8254.32040792653
2017,37.0,0.0,Mexican American,hs_or_less,middle (1.3-3.5x),1.91,0.0,6720.0,0.0,0.0,1440.0,0.0,6.0,35.4,6.1,42.0,1.0,1.0,1.0,0.0,0,34422.72415785653
2017,61.0,0.0,Other Hispanic,some_college,middle (1.3-3.5x),1.79,1920.0,1680.0,0.0,240.0,300.0,2.0,2.0,38.5,6.3,51.0,0.0,1.0,1.0,0.0,1,6176.262560590198
2017,39.0,0.0,NH White,college_plus,high (>3.5x),5.0,3600.0,0.0,0.0,540.0,0.0,7.0,10.0,25.4,6.0,41.0,0.0,1.0,0.0,0.0,1,84309.11539301927
2017,20.0,0.0,Mexican American,hs_or_less,high (>3.5x),5.0,2880.0,18000.0,0.0,360.0,3000.0,4.0,2.0,20.7,5.1,51.0,0.0,0.0,0.0,0.0,1,28206.07200490591
2017,47.0,1.0,NH White,some_college,high (>3.5x),4.9,320.0,600.0,0.0,80.0,150.0,4.0,8.0,47.7,5.5,55.0,0.0,0.0,1.0,0.0,0,144244.7024907596
2017,52.0,0.0,NH Asian,college_plus,high (>3.5x),5.0,0.0,1920.0,0.0,0.0,240.0,0.0,6.0,28.3,5.4,41.0,0.0,0.0,0.0,0.0,0,5102.749693098155
2017,46.0,1.0,NH Black,hs_or_less,middle (1.3-3.5x),2.45,0.0,0.0,0.0,0.0,0.0,0.0,3.0,34.2,6.2,36.0,0.0,1.0,1.0,0.0,0,13203.05688350376
2017,56.0,1.0,NH Asian,some_college,middle (1.3-3.5x),1.54,0.0,2880.0,0.0,0.0,720.0,0.0,8.0,27.8,6.4,64.0,0.0,1.0,0.0,0.0,0,7890.422837416441
2017,65.0,0.0,NH Black,some_college,high (>3.5x),4.05,720.0,720.0,0.0,180.0,180.0,3.0,8.0,37.8,9.2,54.0,1.0,1.0,1.0,0.0,1,2790.2030761245987
2017,65.0,1.0,NH White,hs_or_less,low (<1.3x poverty),1.27,0.0,0.0,0.0,0.0,0.0,0.0,12.0,17.5,12.0,61.0,1.0,1.0,0.0,1.0,0,16610.851054705086
2017,52.0,0.0,NH Black,college_plus,high (>3.5x),4.9,0.0,7680.0,0.0,0.0,960.0,0.0,5.0,26.0,6.3,39.0,0.0,1.0,0.0,0.0,0,13014.970419449686
2017,46.0,0.0,Mexican American,some_college,high (>3.5x),4.78,720.0,0.0,240.0,180.0,0.0,6.0,1.0,33.8,11.4,42.0,1.0,1.0,1.0,1.0,1,6944.796342702876
2017,41.0,0.0,NH White,some_college,low (<1.3x poverty),0.41,0.0,23040.0,0.0,0.0,2880.0,0.0,1.0,38.1,6.0,33.0,0.0,1.0,1.0,1.0,0,11167.867603117877
2017,53.0,1.0,Other Hispanic,hs_or_less,low (<1.3x poverty),0.49,0.0,0.0,0.0,0.0,0.0,0.0,3.0,38.5,6.4,48.0,0.0,1.0,1.0,1.0,0,5497.480385774043
2017,50.0,1.0,NH Asian,college_plus,high (>3.5x),5.0,2880.0,2880.0,0.0,720.0,720.0,4.0,2.0,25.8,6.3,37.0,0.0,1.0,0.0,0.0,1,5852.260034445073
2017,62.0,0.0,Other Hispanic,some_college,low (<1.3x poverty),1.0,0.0,0.0,240.0,0.0,0.0,0.0,1.0,35.5,6.9,58.0,1.0,1.0,1.0,0.0,0,7891.146650763892
2017,27.0,1.0,NH Black,hs_or_less,low (<1.3x poverty),0.14,0.0,3840.0,1440.0,0.0,960.0,0.0,5.0,22.2,5.4,65.0,0.0,0.0,0.0,1.0,0,20839.79731487891
2017,59.0,0.0,NH White,hs_or_less,middle (1.3-3.5x),1.97,0.0,16320.0,0.0,0.0,2640.0,0.0,3.0,34.1,5.6,92.0,0.0,0.0,1.0,0.0,0,134130.75673914974
2017,65.0,0.0,Other Hispanic,hs_or_less,low (<1.3x poverty),0.92,0.0,0.0,0.0,0.0,0.0,0.0,3.0,31.9,5.6,41.0,0.0,0.0,1.0,1.0,0,5104.455804083867
2017,54.0,0.0,NH Black,hs_or_less,low (<1.3x poverty),0.66,720.0,0.0,600.0,180.0,0.0,3.0,6.0,31.1,5.8,,0.0,1.0,1.0,1.0,1,5838.726249086215
2017,29.0,1.0,Mexican American,hs_or_less,low (<1.3x poverty),1.2,800.0,2880.0,600.0,200.0,720.0,5.0,2.0,27.7,5.1,75.0,0.0,0.0,0.0,1.0,1,9058.302628626132
2017,63.0,0.0,NH White,some_college,high (>3.5x),5.0,960.0,1200.0,0.0,120.0,210.0,4.0,12.0,26.8,5.6,42.0,0.0,0.0,0.0,0.0,1,53872.0055314738
2017,59.0,0.0,NH Black,some_college,low (<1.3x poverty),0.99,0.0,0.0,0.0,0.0,0.0,0.0,2.0,15.7,5.1,60.0,0.0,0.0,0.0,1.0,0,7933.752130705962
2017,54.0,0.0,Mexican American,hs_or_less,middle (1.3-3.5x),3.21,80.0,80.0,120.0,20.0,20.0,2.0,6.0,29.3,10.3,62.0,1.0,1.0,0.0,0.0,0,21930.332770976598
2017,64.0,1.0,Mexican American,some_college,low (<1.3x poverty),0.53,0.0,0.0,360.0,0.0,0.0,0.0,2.0,36.1,8.3,47.0,1.0,1.0,1.0,1.0,0,10141.194067858305
2017,41.0,1.0,NH Black,some_college,low (<1.3x poverty),1.24,0.0,0.0,0.0,0.0,0.0,0.0,5.0,21.7,5.0,54.0,0.0,0.0,0.0,0.0,0,7404.552158186189
2017,43.0,0.0,Mexican American,hs_or_less,middle (1.3-3.5x),2.15,0.0,15600.0,0.0,0.0,2100.0,0.0,3.0,26.7,5.3,46.0,0.0,0.0,0.0,0.0,0,11739.482994505608
2017,28.0,1.0,NH White,college_plus,middle (1.3-3.5x),2.88,3600.0,8640.0,0.0,540.0,2160.0,7.0,5.0,29.9,5.4,72.0,0.0,0.0,0.0,0.0,1,42326.984901807984
2017,40.0,0.0,Other/Multi,college_plus,high (>3.5x),5.0,240.0,0.0,0.0,60.0,0.0,2.0,2.0,27.8,6.0,54.0,0.0,1.0,0.0,0.0,0,155259.19424378735
2017,43.0,0.0,Other/Multi,hs_or_less,low (<1.3x poverty),1.22,0.0,80.0,0.0,0.0,20.0,0.0,7.0,17.4,4.7,54.0,0.0,0.0,0.0,0.0,0,27341.382086396636
2017,36.0,1.0,NH White,college_plus,high (>3.5x),5.0,120.0,0.0,0.0,30.0,0.0,2.0,9.0,24.3,4.9,55.0,0.0,0.0,0.0,0.0,0,64867.049034921976
2017,23.0,0.0,Mexican American,hs_or_less,low (<1.3x poverty),0.49,0.0,8400.0,1200.0,0.0,1200.0,0.0,1.0,29.5,5.4,43.0,0.0,0.0,0.0,1.0,0,17009.045392661323
2017,54.0,1.0,Mexican American,some_college,middle (1.3-3.5x),2.92,0.0,0.0,0.0,0.0,0.0,0.0,4.0,33.5,6.2,48.0,0.0,1.0,1.0,0.0,0,10501.495163188763
2017,33.0,0.0,NH Asian,college_plus,middle (1.3-3.5x),3.33,480.0,180.0,120.0,120.0,45.0,3.0,5.0,33.1,5.4,34.0,0.0,0.0,1.0,0.0,0,10520.687022575661
2017,39.0,0.0,NH White,hs_or_less,middle (1.3-3.5x),2.77,2280.0,0.0,0.0,330.0,0.0,7.0,2.0,37.2,5.4,38.0,0.0,0.0,1.0,0.0,1,19338.65558417701
2017,38.0,0.0,NH Black,hs_or_less,low (<1.3x poverty),1.14,0.0,240.0,0.0,0.0,30.0,0.0,4.0,28.5,9.3,40.0,1.0,1.0,0.0,0.0,0,17203.946596558737
2017,39.0,0.0,NH Asian,college_plus,high (>3.5x),5.0,240.0,720.0,400.0,60.0,180.0,4.0,10.0,32.0,5.4,42.0,0.0,0.0,1.0,1.0,0,13598.294525368154
2017,46.0,0.0,NH Black,some_college,low (<1.3x poverty),1.15,0.0,0.0,0.0,0.0,0.0,0.0,5.0,32.5,7.5,35.0,1.0,1.0,1.0,1.0,0,7538.3661687552085
2017,65.0,0.0,NH Black,college_plus,middle (1.3-3.5x),1.69,0.0,0.0,160.0,0.0,0.0,0.0,6.0,46.1,6.2,33.0,0.0,1.0,1.0,1.0,0,3139.909714141844
2017,33.0,0.0,NH White,hs_or_less,middle (1.3-3.5x),2.02,0.0,0.0,0.0,0.0,0.0,0.0,5.0,25.9,5.0,38.0,0.0,0.0,0.0,0.0,0,34290.81474175106
2017,43.0,0.0,NH White,hs_or_less,middle (1.3-3.5x),1.51,0.0,0.0,0.0,0.0,0.0,0.0,6.0,26.9,5.4,35.0,0.0,0.0,0.0,0.0,0,16223.039140297213
2017,25.0,0.0,NH Black,hs_or_less,low (<1.3x poverty),0.04,2160.0,0.0,0.0,540.0,0.0,3.0,8.0,28.8,5.4,37.0,0.0,0.0,0.0,1.0,1,19777.267969922766
2017,57.0,1.0,NH Black,hs_or_less,middle (1.3-3.5x),2.49,0.0,3000.0,0.0,0.0,450.0,0.0,4.0,55.1,6.1,55.0,1.0,1.0,1.0,0.0,0,11459.68108187497
2017,20.0,0.0,NH Black,hs_or_less,high (>3.5x),3.92,2880.0,23040.0,0.0,360.0,3840.0,4.0,5.0,21.6,5.6,51.0,0.0,0.0,0.0,0.0,1,14768.540433831533
2017,25.0,1.0,Mexican American,some_college,low (<1.3x poverty),1.0,0.0,0.0,0.0,0.0,0.0,0.0,4.0,30.5,5.3,39.0,0.0,0.0,1.0,0.0,0,16334.11641913241
2017,35.0,1.0,NH Black,hs_or_less,middle (1.3-3.5x),2.31,0.0,0.0,0.0,0.0,0.0,0.0,3.0,21.1,5.2,75.0,0.0,0.0,0.0,0.0,0,10261.134122541747
2017,21.0,1.0,NH Black,hs_or_less,middle (1.3-3.5x),1.54,0.0,0.0,0.0,0.0,0.0,0.0,10.0,29.7,4.9,51.0,0.0,0.0,0.0,1.0,0,22699.53706319548
2017,56.0,1.0,NH White,some_college,middle (1.3-3.5x),1.98,0.0,0.0,0.0,0.0,0.0,0.0,6.0,25.8,5.6,93.0,0.0,0.0,0.0,0.0,0,28721.50743252953
2017,35.0,1.0,NH Black,hs_or_less,middle (1.3-3.5x),3.34,240.0,6000.0,0.0,30.0,780.0,1.0,10.0,28.0,5.4,72.0,0.0,0.0,0.0,0.0,0,13627.51011103311
2017,62.0,0.0,NH White,hs_or_less,high (>3.5x),5.0,320.0,0.0,0.0,80.0,0.0,4.0,4.0,28.2,5.1,39.0,0.0,0.0,0.0,0.0,0,71000.70047904286
2017,49.0,1.0,NH Black,college_plus,high (>3.5x),4.98,0.0,180.0,0.0,0.0,45.0,0.0,4.0,36.2,8.0,68.0,1.0,1.0,1.0,0.0,0,13892.234201698795
2017,48.0,1.0,NH Asian,college_plus,high (>3.5x),5.0,2120.0,0.0,240.0,280.0,0.0,7.0,5.0,22.7,5.1,50.0,0.0,0.0,0.0,0.0,1,8126.689398549549
2017,33.0,1.0,NH Black,college_plus,high (>3.5x),5.0,1260.0,10320.0,204.0,225.0,2490.0,5.0,4.0,43.6,5.4,55.0,0.0,0.0,1.0,0.0,1,15439.035564022708
2017,56.0,1.0,NH White,hs_or_less,middle (1.3-3.5x),2.16,0.0,0.0,0.0,0.0,0.0,0.0,6.0,35.7,5.4,42.0,0.0,0.0,1.0,0.0,0,80362.9780137955
2017,34.0,1.0,NH White,some_college,high (>3.5x),3.56,0.0,0.0,0.0,0.0,0.0,0.0,3.0,25.1,4.9,47.0,0.0,0.0,0.0,0.0,0,57948.46625922467
2017,38.0,1.0,NH White,some_college,high (>3.5x),3.92,420.0,2880.0,0.0,105.0,720.0,3.0,6.0,25.0,5.6,65.0,0.0,0.0,0.0,0.0,0,62513.15904946296
2017,37.0,1.0,NH White,college_plus,middle (1.3-3.5x),1.63,60.0,1440.0,0.0,15.0,360.0,1.0,8.0,26.7,5.3,57.0,0.0,0.0,0.0,0.0,0,35225.003251025475
2017,51.0,1.0,NH White,hs_or_less,middle (1.3-3.5x),1.49,0.0,0.0,0.0,0.0,0.0,0.0,3.0,33.4,5.6,55.0,0.0,0.0,1.0,1.0,0,45212.43869099029
2017,49.0,1.0,NH White,some_college,low (<1.3x poverty),0.82,0.0,5760.0,0.0,0.0,1440.0,0.0,9.0,42.3,6.2,44.0,0.0,1.0,1.0,0.0,0,8000.568900140056
2017,26.0,0.0,NH White,some_college,middle (1.3-3.5x),2.55,0.0,0.0,0.0,0.0,0.0,0.0,8.0,26.4,5.3,36.0,0.0,0.0,0.0,0.0,0,5112.1046216215145
2017,35.0,0.0,NH Asian,hs_or_less,high (>3.5x),4.43,0.0,8640.0,960.0,0.0,2160.0,0.0,3.0,40.1,5.3,46.0,0.0,0.0,1.0,1.0,0,10217.381841870978
2017,44.0,1.0,NH Asian,some_college,middle (1.3-3.5x),3.04,0.0,28800.0,0.0,0.0,4800.0,0.0,2.0,33.6,6.2,44.0,0.0,1.0,1.0,0.0,0,13675.57873359852
2017,20.0,0.0,NH White,hs_or_less,high (>3.5x),4.74,0.0,1920.0,0.0,0.0,480.0,0.0,10.0,25.2,4.6,38.0,0.0,0.0,0.0,0.0,0,83164.79318237753
2017,34.0,0.0,NH Black,some_college,high (>3.5x),5.0,0.0,400.0,0.0,0.0,100.0,0.0,2.0,21.8,5.5,53.0,0.0,0.0,0.0,0.0,0,13640.192990685762
2017,52.0,1.0,Mexican American,some_college,high (>3.5x),5.0,0.0,0.0,300.0,0.0,0.0,0.0,8.0,27.7,5.9,61.0,0.0,1.0,0.0,0.0,0,16919.09475464324
2017,64.0,0.0,Mexican American,hs_or_less,low (<1.3x poverty),1.22,720.0,0.0,0.0,90.0,0.0,3.0,4.0,29.4,6.1,41.0,0.0,1.0,0.0,0.0,1,2967.889916033974
2017,55.0,1.0,Other/Multi,hs_or_less,low (<1.3x poverty),1.22,0.0,0.0,0.0,0.0,0.0,0.0,5.0,30.9,5.3,56.0,0.0,0.0,1.0,0.0,0,139360.49331046685
2017,62.0,1.0,NH Black,college_plus,middle (1.3-3.5x),1.85,720.0,9600.0,720.0,180.0,2400.0,3.0,0.5,25.4,5.3,83.0,0.0,0.0,0.0,0.0,1,7367.964342277036
2017,21.0,0.0,NH Asian,hs_or_less,middle (1.3-3.5x),1.36,2400.0,5760.0,600.0,300.0,960.0,5.0,9.0,32.2,5.2,42.0,0.0,0.0,1.0,0.0,1,23619.28574600432
2017,54.0,0.0,NH Black,some_college,high (>3.5x),4.31,0.0,1200.0,0.0,0.0,300.0,0.0,3.0,30.0,5.4,54.0,0.0,0.0,1.0,0.0,0,23651.269669757767
2017,60.0,0.0,NH Black,hs_or_less,middle (1.3-3.5x),2.92,360.0,0.0,0.0,90.0,0.0,3.0,8.0,22.7,6.2,75.0,0.0,1.0,0.0,0.0,0,4279.806452027871
2017,63.0,1.0,NH White,college_plus,high (>3.5x),5.0,720.0,720.0,0.0,180.0,180.0,3.0,5.0,22.4,5.6,95.0,0.0,0.0,0.0,0.0,1,51566.96424634585
2017,54.0,0.0,NH White,some_college,low (<1.3x poverty),1.22,0.0,960.0,0.0,0.0,240.0,0.0,8.0,28.5,5.7,67.0,0.0,1.0,0.0,1.0,0,14984.990675627461
2017,35.0,0.0,NH White,some_college,middle (1.3-3.5x),1.58,5760.0,34560.0,0.0,720.0,5760.0,6.0,4.0,27.2,4.7,24.0,0.0,0.0,0.0,0.0,1,19508.465353523257
2017,60.0,1.0,NH Black,college_plus,high (>3.5x),5.0,960.0,3360.0,0.0,120.0,480.0,2.0,19.0,27.3,5.5,63.0,0.0,0.0,0.0,0.0,1,4238.316742987576
2017,34.0,0.0,NH White,hs_or_less,low (<1.3x poverty),0.43,3840.0,8640.0,1200.0,960.0,2160.0,4.0,4.0,35.8,4.9,41.0,0.0,0.0,1.0,0.0,1,15083.988309298207
2017,51.0,1.0,NH Black,college_plus,high (>3.5x),5.0,640.0,0.0,0.0,160.0,0.0,4.0,8.0,37.5,9.7,33.0,1.0,1.0,1.0,0.0,1,14124.492928815202
2017,53.0,1.0,NH Black,hs_or_less,middle (1.3-3.5x),1.33,0.0,0.0,0.0,0.0,0.0,0.0,9.0,27.7,5.3,,0.0,0.0,0.0,0.0,0,27189.648513064894
2017,43.0,1.0,NH White,hs_or_less,low (<1.3x poverty),1.22,4800.0,4800.0,0.0,1200.0,1200.0,5.0,4.0,32.0,7.0,45.0,1.0,1.0,1.0,1.0,1,11639.343234708911
2017,27.0,1.0,NH Asian,college_plus,high (>3.5x),4.57,0.0,9360.0,0.0,0.0,1620.0,0.0,4.0,25.1,4.7,,0.0,0.0,0.0,0.0,0,10166.371757250869
2017,30.0,0.0,NH Black,some_college,low (<1.3x poverty),1.18,1440.0,600.0,600.0,180.0,150.0,3.0,12.0,22.0,5.4,78.0,0.0,0.0,0.0,0.0,1,8903.6251976327
2017,45.0,1.0,NH White,college_plus,high (>3.5x),4.08,0.0,0.0,0.0,0.0,0.0,0.0,8.0,28.5,5.0,,0.0,0.0,0.0,0.0,0,160396.3630611156
2017,43.0,0.0,NH Black,hs_or_less,low (<1.3x poverty),1.13,720.0,0.0,0.0,180.0,0.0,3.0,9.0,30.9,6.0,40.0,0.0,1.0,1.0,0.0,1,9974.991111733956
2017,36.0,1.0,NH White,hs_or_less,middle (1.3-3.5x),1.71,0.0,0.0,0.0,0.0,0.0,0.0,10.0,29.4,5.3,,0.0,0.0,0.0,1.0,0,34861.73883385461
2017,63.0,0.0,Other Hispanic,hs_or_less,high (>3.5x),5.0,120.0,3840.0,120.0,30.0,960.0,2.0,8.0,27.7,6.6,72.0,1.0,1.0,0.0,0.0,0,9290.878024015432
2017,37.0,1.0,NH White,some_college,low (<1.3x poverty),0.49,0.0,0.0,0.0,0.0,0.0,0.0,15.0,48.8,5.7,44.0,0.0,1.0,1.0,1.0,0,19263.955123996482
2017,41.0,1.0,NH Asian,college_plus,high (>3.5x),5.0,0.0,2880.0,0.0,0.0,720.0,0.0,3.0,21.9,5.4,86.0,0.0,0.0,0.0,0.0,0,7036.62521424128
2017,33.0,0.0,Other/Multi,hs_or_less,low (<1.3x poverty),0.56,0.0,4800.0,0.0,0.0,600.0,0.0,9.0,40.3,5.7,29.0,1.0,1.0,1.0,1.0,0,13560.076178382178
2017,36.0,1.0,NH Black,hs_or_less,low (<1.3x poverty),0.99,720.0,28800.0,2400.0,180.0,4800.0,3.0,3.0,42.9,6.8,41.0,1.0,1.0,1.0,1.0,1,20363.112639888637
2017,62.0,1.0,Other Hispanic,hs_or_less,high (>3.5x),4.62,0.0,4800.0,0.0,0.0,1200.0,0.0,5.0,32.8,5.7,44.0,0.0,1.0,1.0,0.0,0,5984.5066460868275
2017,46.0,0.0,NH White,some_college,middle (1.3-3.5x),2.64,2160.0,0.0,0.0,270.0,0.0,3.0,8.0,39.1,5.5,56.0,0.0,0.0,1.0,0.0,1,11010.440402414135
2017,55.0,0.0,NH Asian,college_plus,middle (1.3-3.5x),3.19,5040.0,1600.0,0.0,780.0,350.0,7.0,2.0,22.5,5.9,53.0,0.0,1.0,0.0,0.0,1,6001.843705124532
2017,25.0,0.0,NH Black,some_college,middle (1.3-3.5x),1.64,0.0,0.0,0.0,0.0,0.0,0.0,10.0,21.8,5.4,68.0,0.0,0.0,0.0,0.0,0,17371.690266972342
2017,46.0,0.0,NH White,hs_or_less,low (<1.3x poverty),1.27,0.0,14400.0,0.0,0.0,2700.0,0.0,2.0,29.1,5.9,32.0,0.0,1.0,0.0,1.0,0,15257.813421431907
2017,26.0,0.0,NH Black,hs_or_less,middle (1.3-3.5x),1.76,0.0,0.0,0.0,0.0,0.0,0.0,6.0,25.2,5.2,41.0,0.0,0.0,0.0,0.0,0,17187.15496992916
2017,64.0,1.0,NH Black,college_plus,low (<1.3x poverty),1.05,0.0,0.0,0.0,0.0,0.0,0.0,8.0,29.5,7.7,43.0,1.0,1.0,0.0,0.0,0,4382.3722208908375
2017,23.0,0.0,Mexican American,some_college,middle (1.3-3.5x),3.29,5040.0,0.0,0.0,780.0,0.0,7.0,9.0,28.3,5.2,64.0,0.0,0.0,0.0,0.0,1,26090.237281159
2017,52.0,1.0,NH Asian,hs_or_less,high (>3.5x),4.9,0.0,0.0,0.0,0.0,0.0,0.0,10.0,23.6,5.4,46.0,0.0,0.0,0.0,0.0,0,8336.125768510705
2017,41.0,0.0,NH White,hs_or_less,middle (1.3-3.5x),2.64,0.0,680.0,0.0,0.0,160.0,0.0,4.0,32.3,5.3,47.0,0.0,0.0,1.0,0.0,0,68620.39008904473
2017,23.0,1.0,NH Black,some_college,middle (1.3-3.5x),1.89,720.0,19200.0,0.0,180.0,2400.0,3.0,10.0,28.2,4.4,50.0,0.0,0.0,0.0,0.0,1,18868.440186442785
2017,61.0,1.0,NH White,hs_or_less,middle (1.3-3.5x),1.52,0.0,2880.0,0.0,0.0,720.0,0.0,6.0,28.0,5.2,60.0,0.0,0.0,0.0,1.0,0,38715.87767882466
2017,22.0,0.0,Other Hispanic,hs_or_less,low (<1.3x poverty),0.41,0.0,11520.0,3600.0,0.0,1440.0,0.0,4.0,26.9,5.1,31.0,0.0,0.0,0.0,0.0,0,17808.67116504223
2017,25.0,0.0,NH White,hs_or_less,middle (1.3-3.5x),2.08,0.0,29340.0,0.0,0.0,3735.0,0.0,6.0,19.0,5.2,47.0,0.0,0.0,0.0,0.0,0,71635.8190362816
2017,37.0,1.0,NH White,college_plus,high (>3.5x),5.0,1680.0,8400.0,0.0,240.0,1800.0,5.0,3.0,39.4,4.8,66.0,0.0,0.0,1.0,0.0,1,37583.66945776019
2017,20.0,0.0,NH Black,hs_or_less,low (<1.3x poverty),1.07,0.0,0.0,0.0,0.0,0.0,0.0,4.0,21.3,5.6,41.0,0.0,0.0,0.0,0.0,0,21090.40107365658
2017,55.0,0.0,Other Hispanic,hs_or_less,middle (1.3-3.5x),1.38,480.0,0.0,0.0,120.0,0.0,1.0,8.0,27.2,5.7,45.0,0.0,1.0,0.0,0.0,0,20535.84689116903
2017,51.0,1.0,NH Black,some_college,high (>3.5x),5.0,0.0,0.0,0.0,0.0,0.0,0.0,5.0,36.3,5.4,75.0,0.0,0.0,1.0,0.0,0,4329.406849723593
2017,61.0,1.0,NH Black,some_college,low (<1.3x poverty),0.04,0.0,9600.0,2400.0,0.0,2400.0,0.0,2.0,23.3,4.7,18.0,0.0,0.0,0.0,0.0,0,5474.661941953546
2017,62.0,0.0,NH White,hs_or_less,low (<1.3x poverty),0.61,0.0,0.0,1440.0,0.0,0.0,0.0,12.0,30.4,7.1,40.0,1.0,1.0,1.0,1.0,0,11729.48688335124
2017,21.0,0.0,NH White,some_college,high (>3.5x),4.19,1920.0,12480.0,0.0,480.0,2160.0,2.0,6.0,20.8,5.4,54.0,0.0,0.0,0.0,0.0,1,81447.8985746883
2017,47.0,0.0,NH Asian,some_college,low (<1.3x poverty),0.88,0.0,0.0,0.0,0.0,0.0,0.0,8.0,32.6,5.7,47.0,0.0,1.0,1.0,0.0,0,5811.814598809382
2017,64.0,0.0,NH Black,college_plus,low (<1.3x poverty),1.2,0.0,0.0,0.0,0.0,0.0,0.0,3.0,24.6,6.0,48.0,0.0,1.0,0.0,0.0,0,2966.808976010011
2017,37.0,1.0,NH White,some_college,middle (1.3-3.5x),1.61,0.0,0.0,0.0,0.0,0.0,0.0,3.0,21.8,5.5,48.0,0.0,0.0,0.0,0.0,0,23168.788548082353
2017,38.0,1.0,NH White,some_college,low (<1.3x poverty),1.24,0.0,0.0,0.0,0.0,0.0,0.0,3.0,27.9,5.2,54.0,0.0,0.0,0.0,0.0,0,32732.616470685414
2017,61.0,1.0,NH White,some_college,low (<1.3x poverty),0.94,0.0,1440.0,0.0,0.0,360.0,0.0,8.0,36.7,7.3,44.0,1.0,1.0,1.0,1.0,0,11400.700416115076
2017,22.0,1.0,NH Black,some_college,low (<1.3x poverty),5.397605346934028e-79,160.0,0.0,0.0,20.0,0.0,1.0,4.0,42.2,5.1,43.0,0.0,0.0,1.0,0.0,0,11038.3488104607
2017,57.0,0.0,Other/Multi,some_college,low (<1.3x poverty),0.49,0.0,420.0,0.0,0.0,75.0,0.0,1.5,30.5,5.6,62.0,0.0,0.0,1.0,0.0,0,13949.8918729984
2017,42.0,1.0,NH Asian,some_college,middle (1.3-3.5x),3.43,0.0,480.0,0.0,0.0,60.0,0.0,3.0,30.2,5.7,52.0,0.0,1.0,1.0,0.0,0,11210.89274234125
2017,23.0,0.0,NH White,hs_or_less,low (<1.3x poverty),1.22,2880.0,0.0,0.0,360.0,0.0,3.0,8.0,22.5,4.9,48.0,0.0,0.0,0.0,0.0,1,151216.60741741894
2017,50.0,1.0,Other Hispanic,hs_or_less,middle (1.3-3.5x),1.35,0.0,0.0,300.0,0.0,0.0,0.0,4.0,27.1,5.9,57.0,0.0,1.0,0.0,1.0,0,8308.27338897723
2017,60.0,0.0,NH Asian,hs_or_less,low (<1.3x poverty),0.7,0.0,0.0,200.0,0.0,0.0,0.0,6.0,28.9,5.7,38.0,0.0,1.0,0.0,0.0,0,9997.65795258899
2017,27.0,0.0,Other Hispanic,hs_or_less,high (>3.5x),5.0,5400.0,0.0,0.0,900.0,0.0,7.0,10.0,33.9,4.9,10.0,0.0,0.0,1.0,0.0,1,40455.873738705166
2017,28.0,0.0,Mexican American,hs_or_less,middle (1.3-3.5x),2.72,0.0,25920.0,0.0,0.0,3600.0,0.0,2.0,26.6,5.0,52.0,0.0,0.0,0.0,1.0,0,27205.19195097066
2017,52.0,0.0,NH White,some_college,high (>3.5x),5.0,1440.0,2400.0,0.0,300.0,600.0,3.0,5.0,29.9,5.5,41.0,0.0,0.0,0.0,0.0,1,92664.16562904017
2017,60.0,1.0,Other Hispanic,hs_or_less,low (<1.3x poverty),1.13,0.0,0.0,0.0,0.0,0.0,0.0,9.0,42.8,6.0,56.0,0.0,1.0,1.0,0.0,0,3729.5380444615375
2017,29.0,1.0,NH White,college_plus,middle (1.3-3.5x),2.41,480.0,0.0,0.0,120.0,0.0,4.0,13.0,32.9,4.7,48.0,0.0,0.0,1.0,0.0,0,23499.677062981507
2017,37.0,1.0,Other Hispanic,college_plus,high (>3.5x),4.81,0.0,2880.0,0.0,0.0,720.0,0.0,10.0,18.9,5.0,66.0,0.0,0.0,0.0,0.0,0,32578.515442353495
2017,29.0,0.0,NH White,some_college,low (<1.3x poverty),1.0,0.0,2160.0,100.0,0.0,360.0,0.0,8.0,18.6,5.2,62.0,0.0,0.0,0.0,0.0,0,37136.813707713634
2017,43.0,1.0,NH White,hs_or_less,low (<1.3x poverty),1.02,0.0,0.0,0.0,0.0,0.0,0.0,5.0,31.1,5.8,41.0,0.0,1.0,1.0,0.0,0,17227.090055422308
2017,21.0,1.0,Mexican American,hs_or_less,middle (1.3-3.5x),1.41,5280.0,0.0,0.0,780.0,0.0,7.0,5.0,49.4,5.5,36.0,0.0,0.0,1.0,0.0,1,32397.943391102173
2017,23.0,0.0,NH White,college_plus,high (>3.5x),4.41,7920.0,5280.0,0.0,1080.0,960.0,7.0,2.0,31.1,5.8,51.0,0.0,1.0,1.0,0.0,1,85918.08991183314
2017,42.0,1.0,NH White,hs_or_less,low (<1.3x poverty),0.63,0.0,0.0,0.0,0.0,0.0,0.0,3.0,20.4,5.3,49.0,0.0,0.0,0.0,1.0,0,19183.203861884664
2017,65.0,0.0,NH White,some_college,middle (1.3-3.5x),2.67,0.0,160.0,0.0,0.0,40.0,0.0,4.0,20.2,5.5,46.0,0.0,0.0,0.0,0.0,0,7400.92822589842
2017,61.0,0.0,NH Black,some_college,middle (1.3-3.5x),2.65,0.0,48.0,0.0,0.0,12.0,0.0,9.0,31.1,6.5,57.0,1.0,1.0,1.0,0.0,0,5589.026394727304
2017,23.0,1.0,NH Asian,college_plus,low (<1.3x poverty),1.24,1320.0,1440.0,0.0,225.0,360.0,5.0,5.0,24.5,5.3,76.0,0.0,0.0,0.0,0.0,1,16574.163672518884
2017,61.0,1.0,Other Hispanic,college_plus,middle (1.3-3.5x),1.83,720.0,0.0,0.0,180.0,0.0,3.0,6.0,26.8,5.9,57.0,0.0,1.0,0.0,0.0,1,4810.511215756002
2017,59.0,1.0,Other Hispanic,hs_or_less,middle (1.3-3.5x),1.72,0.0,4800.0,0.0,0.0,600.0,0.0,5.0,24.3,5.7,68.0,0.0,1.0,0.0,0.0,0,12090.998630882505
2017,30.0,1.0,NH Asian,college_plus,high (>3.5x),5.0,0.0,0.0,0.0,0.0,0.0,0.0,11.0,22.2,5.9,61.0,1.0,1.0,0.0,0.0,0,10831.907250661028
2017,27.0,0.0,NH Asian,college_plus,high (>3.5x),5.0,2640.0,0.0,0.0,390.0,0.0,5.0,13.0,30.9,5.4,24.0,0.0,0.0,1.0,0.0,1,11719.023406283708
2017,63.0,0.0,NH Black,some_college,high (>3.5x),4.35,0.0,0.0,0.0,0.0,0.0,0.0,3.0,26.1,6.5,49.0,1.0,1.0,0.0,0.0,0,8408.09917901535
2017,46.0,1.0,NH White,some_college,low (<1.3x poverty),1.02,320.0,0.0,0.0,40.0,0.0,2.0,7.0,32.1,4.9,57.0,0.0,0.0,1.0,1.0,0,18939.943581304004
2017,41.0,1.0,NH White,some_college,high (>3.5x),3.66,720.0,1920.0,360.0,90.0,360.0,3.0,2.0,44.4,5.6,66.0,0.0,0.0,1.0,0.0,1,68525.20501752287
2017,57.0,1.0,NH White,some_college,high (>3.5x),3.52,0.0,14400.0,0.0,0.0,2400.0,0.0,2.0,47.3,7.2,53.0,1.0,1.0,1.0,0.0,0,6716.817820783046
2017,28.0,0.0,Other/Multi,some_college,middle (1.3-3.5x),1.85,1680.0,2880.0,480.0,240.0,720.0,6.0,5.0,33.3,5.4,33.0,0.0,0.0,1.0,0.0,1,8650.734333435195
2017,55.0,1.0,NH White,some_college,middle (1.3-3.5x),2.59,1800.0,12000.0,0.0,270.0,1800.0,6.0,4.0,19.7,5.6,62.0,0.0,0.0,0.0,0.0,1,98962.01347328027
2017,32.0,0.0,NH Black,some_college,middle (1.3-3.5x),1.74,2160.0,8400.0,600.0,360.0,1500.0,6.0,2.0,30.6,5.9,48.0,0.0,1.0,1.0,0.0,1,9726.726688503002
2017,34.0,1.0,Mexican American,some_college,middle (1.3-3.5x),2.63,2160.0,0.0,0.0,360.0,0.0,6.0,7.0,32.1,5.4,48.0,0.0,0.0,1.0,0.0,1,17398.24422093495
2017,62.0,0.0,Mexican American,hs_or_less,low (<1.3x poverty),0.81,0.0,5760.0,0.0,0.0,720.0,0.0,1.0,23.5,5.5,41.0,0.0,0.0,0.0,0.0,0,3646.795663902999
2017,36.0,0.0,NH White,some_college,low (<1.3x poverty),0.83,1920.0,5760.0,0.0,480.0,720.0,4.0,3.0,21.9,5.1,42.0,0.0,0.0,0.0,1.0,1,19464.246565023077
2017,46.0,1.0,NH White,some_college,high (>3.5x),4.41,2400.0,0.0,0.0,300.0,0.0,5.0,13.0,22.9,5.0,43.0,0.0,0.0,0.0,0.0,1,109900.2579539443
2017,31.0,0.0,Other/Multi,some_college,middle (1.3-3.5x),2.79,960.0,11520.0,0.0,240.0,1800.0,2.0,16.0,40.0,5.2,36.0,0.0,0.0,1.0,0.0,1,53090.37769150253
2017,32.0,0.0,Other/Multi,some_college,middle (1.3-3.5x),2.1,4800.0,19440.0,0.0,600.0,2460.0,4.0,1.0,32.4,5.9,56.0,0.0,1.0,1.0,0.0,1,67063.23557282472
2017,51.0,1.0,NH White,hs_or_less,middle (1.3-3.5x),3.34,0.0,7200.0,0.0,0.0,900.0,0.0,2.0,18.7,6.7,59.0,1.0,1.0,0.0,1.0,0,62812.920761643516
2017,58.0,1.0,NH Black,some_college,middle (1.3-3.5x),2.77,0.0,0.0,0.0,0.0,0.0,0.0,10.0,37.8,5.4,34.0,0.0,0.0,1.0,0.0,0,18376.762405644116
2017,56.0,1.0,NH Asian,hs_or_less,middle (1.3-3.5x),2.46,320.0,0.0,0.0,80.0,0.0,4.0,3.0,17.7,5.3,54.0,0.0,0.0,0.0,0.0,0,10484.26071993175
2017,56.0,1.0,Other Hispanic,hs_or_less,middle (1.3-3.5x),1.82,0.0,0.0,0.0,0.0,0.0,0.0,2.0,33.3,5.8,69.0,0.0,1.0,1.0,1.0,0,11786.008903217416
2017,39.0,1.0,Other Hispanic,hs_or_less,low (<1.3x poverty),0.51,0.0,0.0,0.0,0.0,0.0,0.0,2.0,31.7,5.7,44.0,0.0,1.0,1.0,1.0,0,26582.329535651366
2017,23.0,1.0,NH White,hs_or_less,low (<1.3x poverty),0.54,0.0,0.0,240.0,0.0,0.0,0.0,13.0,35.6,4.6,57.0,0.0,0.0,1.0,1.0,0,41572.2846910514
2017,22.0,0.0,NH White,hs_or_less,high (>3.5x),5.0,0.0,0.0,0.0,0.0,0.0,0.0,2.0,26.4,5.0,56.0,0.0,0.0,0.0,0.0,0,40036.79900334833
2017,53.0,1.0,NH Black,college_plus,high (>3.5x),4.78,360.0,3600.0,0.0,60.0,900.0,2.0,4.0,31.8,7.9,46.0,1.0,1.0,1.0,0.0,0,20444.648448595104
2017,49.0,1.0,NH Black,some_college,high (>3.5x),5.0,120.0,0.0,360.0,30.0,0.0,2.0,7.0,39.3,5.7,64.0,0.0,1.0,1.0,0.0,0,5672.306901888593
2017,59.0,1.0,Other/Multi,some_college,high (>3.5x),5.0,0.0,0.0,0.0,0.0,0.0,0.0,10.0,22.7,5.2,54.0,0.0,0.0,0.0,1.0,0,6591.646023604955
2017,60.0,1.0,NH Black,some_college,middle (1.3-3.5x),2.07,0.0,0.0,0.0,0.0,0.0,0.0,10.0,47.0,7.3,62.0,1.0,1.0,1.0,1.0,0,7302.707303731883
2017,45.0,1.0,NH Asian,hs_or_less,high (>3.5x),4.76,120.0,0.0,0.0,30.0,0.0,1.0,2.0,19.4,5.5,90.0,0.0,0.0,0.0,0.0,0,6178.711586475851
2017,26.0,0.0,Mexican American,some_college,middle (1.3-3.5x),2.72,2640.0,0.0,600.0,390.0,0.0,5.0,6.0,35.5,5.1,41.0,0.0,0.0,1.0,0.0,1,16081.23241811904
2017,59.0,1.0,NH White,hs_or_less,middle (1.3-3.5x),2.59,0.0,1440.0,0.0,0.0,360.0,0.0,7.0,17.5,5.5,45.0,0.0,0.0,0.0,0.0,0,81167.51995462098
2017,33.0,1.0,NH White,hs_or_less,low (<1.3x poverty),0.04,3840.0,7200.0,0.0,960.0,1080.0,4.0,6.0,24.9,5.7,38.0,0.0,1.0,0.0,0.0,1,28096.22478023497
2017,33.0,1.0,NH White,college_plus,high (>3.5x),5.0,240.0,0.0,0.0,60.0,0.0,3.0,10.0,40.2,4.8,52.0,0.0,0.0,1.0,0.0,0,70316.5773397323
2017,33.0,1.0,NH White,some_college,high (>3.5x),5.0,0.0,0.0,0.0,0.0,0.0,0.0,8.0,26.2,5.1,42.0,0.0,0.0,0.0,0.0,0,32535.37212402372
2017,54.0,0.0,Mexican American,hs_or_less,low (<1.3x poverty),0.06,0.0,21600.0,0.0,0.0,3600.0,0.0,8.0,33.9,5.3,37.0,0.0,0.0,1.0,1.0,0,14311.082064487226
2017,59.0,0.0,NH White,hs_or_less,low (<1.3x poverty),0.93,1620.0,0.0,0.0,270.0,0.0,6.0,6.0,40.6,5.5,36.0,1.0,1.0,1.0,1.0,1,18440.976904405616
2017,60.0,1.0,NH Black,hs_or_less,low (<1.3x poverty),0.74,0.0,0.0,0.0,0.0,0.0,0.0,4.0,27.9,9.6,65.0,1.0,1.0,0.0,1.0,0,4375.407829655364
2017,26.0,1.0,NH Asian,college_plus,middle (1.3-3.5x),3.25,2400.0,0.0,0.0,300.0,0.0,5.0,12.0,20.4,5.5,73.0,0.0,0.0,0.0,0.0,1,10818.916891995683
2017,28.0,1.0,NH White,college_plus,middle (1.3-3.5x),1.69,480.0,0.0,240.0,120.0,0.0,2.0,12.0,18.4,5.0,66.0,0.0,0.0,0.0,0.0,0,41374.826344716275
2017,35.0,0.0,NH Black,some_college,middle (1.3-3.5x),1.84,640.0,0.0,0.0,80.0,0.0,4.0,6.0,25.8,5.7,60.0,0.0,1.0,0.0,0.0,1,10915.775847106244
2017,55.0,0.0,NH White,college_plus,middle (1.3-3.5x),1.58,0.0,0.0,0.0,0.0,0.0,0.0,8.0,30.3,5.5,58.0,0.0,0.0,1.0,0.0,0,12699.106807675396
2017,64.0,0.0,Mexican American,hs_or_less,low (<1.3x poverty),0.56,4320.0,1440.0,0.0,720.0,180.0,6.0,3.0,24.4,5.3,48.0,0.0,0.0,0.0,0.0,1,3449.021659244669
2017,62.0,1.0,Mexican American,some_college,low (<1.3x poverty),0.73,2520.0,0.0,0.0,450.0,0.0,6.0,2.0,23.3,5.3,55.0,0.0,0.0,0.0,0.0,1,11233.649859076282
2017,50.0,1.0,Other Hispanic,college_plus,high (>3.5x),4.74,2880.0,0.0,0.0,360.0,0.0,4.0,10.0,25.2,5.0,44.0,0.0,0.0,0.0,0.0,1,21554.21719351798
2017,58.0,0.0,NH Black,hs_or_less,middle (1.3-3.5x),3.13,960.0,20640.0,0.0,240.0,3480.0,4.0,4.0,28.8,8.0,72.0,1.0,1.0,0.0,0.0,1,15323.016457656795
2017,35.0,0.0,Other Hispanic,some_college,high (>3.5x),5.0,3600.0,0.0,0.0,450.0,0.0,5.0,5.0,32.8,5.0,48.0,0.0,0.0,1.0,0.0,1,39735.77206858173
2017,33.0,0.0,Mexican American,some_college,high (>3.5x),5.0,5760.0,0.0,9600.0,720.0,0.0,6.0,5.0,27.7,4.8,68.0,0.0,0.0,0.0,0.0,1,25288.102673235884
2017,63.0,0.0,Other Hispanic,college_plus,high (>3.5x),5.0,720.0,0.0,180.0,180.0,0.0,3.0,8.0,25.8,5.1,62.0,0.0,0.0,0.0,0.0,1,9250.534770342709
2017,48.0,1.0,NH White,college_plus,high (>3.5x),5.0,0.0,3600.0,0.0,0.0,900.0,0.0,8.0,32.4,5.0,63.0,0.0,0.0,1.0,0.0,0,44397.5272455841
2017,61.0,1.0,NH Black,college_plus,high (>3.5x),5.0,4080.0,0.0,0.0,540.0,0.0,6.0,10.0,32.3,6.2,56.0,0.0,1.0,1.0,0.0,1,10348.079270672537
2017,48.0,0.0,Other/Multi,college_plus,high (>3.5x),5.0,280.0,2880.0,0.0,50.0,720.0,2.0,4.0,34.1,5.7,36.0,0.0,1.0,1.0,0.0,0,6986.012329743615
2017,44.0,0.0,NH Asian,hs_or_less,low (<1.3x poverty),1.15,0.0,14400.0,0.0,0.0,3600.0,0.0,2.0,29.7,5.4,36.0,0.0,0.0,0.0,0.0,0,7242.135064553034
2017,60.0,0.0,NH Black,hs_or_less,middle (1.3-3.5x),3.32,1200.0,0.0,0.0,300.0,0.0,5.0,10.0,31.3,5.1,43.0,0.0,0.0,1.0,0.0,1,6848.125737862065
2017,30.0,1.0,NH White,hs_or_less,low (<1.3x poverty),0.8,0.0,0.0,0.0,0.0,0.0,0.0,2.0,25.8,5.4,30.0,0.0,0.0,0.0,0.0,0,23401.608975987914
2017,50.0,1.0,NH Black,some_college,low (<1.3x poverty),1.05,960.0,0.0,0.0,240.0,0.0,4.0,12.0,30.6,5.5,76.0,0.0,0.0,1.0,0.0,1,13668.72140702704
2017,65.0,0.0,NH White,some_college,middle (1.3-3.5x),1.54,360.0,720.0,0.0,90.0,180.0,3.0,18.0,29.2,5.8,35.0,0.0,1.0,0.0,1.0,0,12328.15864516795
2017,26.0,0.0,NH Black,hs_or_less,middle (1.3-3.5x),2.17,1440.0,24000.0,0.0,180.0,3000.0,1.0,10.0,21.2,5.5,56.0,0.0,0.0,0.0,0.0,1,19629.82600326108
2017,27.0,0.0,NH Asian,college_plus,high (>3.5x),5.0,5760.0,0.0,0.0,840.0,0.0,7.0,6.0,31.2,4.9,37.0,0.0,0.0,1.0,0.0,1,19491.969243181866
2017,57.0,1.0,NH White,hs_or_less,low (<1.3x poverty),0.81,0.0,0.0,0.0,0.0,0.0,0.0,10.0,27.5,5.6,68.0,0.0,0.0,0.0,1.0,0,17353.428316974743
2017,63.0,0.0,NH White,some_college,middle (1.3-3.5x),2.0,0.0,0.0,0.0,0.0,0.0,0.0,5.0,25.3,5.6,47.0,0.0,0.0,0.0,0.0,0,23560.092541742088
2017,54.0,0.0,NH Asian,hs_or_less,low (<1.3x poverty),0.87,0.0,5760.0,0.0,0.0,960.0,0.0,2.0,31.1,9.1,44.0,1.0,1.0,1.0,1.0,0,13443.469845377707
2017,38.0,0.0,NH Asian,college_plus,high (>3.5x),3.86,3360.0,0.0,240.0,480.0,0.0,6.0,10.0,23.0,5.7,44.0,0.0,1.0,0.0,0.0,1,8922.918846201246
2017,63.0,1.0,Other Hispanic,hs_or_less,middle (1.3-3.5x),2.82,0.0,0.0,0.0,0.0,0.0,0.0,6.0,30.3,5.8,63.0,0.0,1.0,1.0,0.0,0,3550.8286697241056
2017,57.0,0.0,NH Black,some_college,middle (1.3-3.5x),1.94,0.0,1680.0,0.0,0.0,240.0,0.0,5.0,31.0,5.7,43.0,0.0,1.0,1.0,1.0,0,6985.888337938128
2017,45.0,0.0,NH White,some_college,low (<1.3x poverty),0.91,0.0,0.0,0.0,0.0,0.0,0.0,6.0,39.6,5.7,32.0,1.0,1.0,1.0,1.0,0,23197.97817541163
2017,47.0,1.0,NH Black,college_plus,high (>3.5x),5.0,160.0,0.0,400.0,40.0,0.0,2.0,5.0,26.1,6.2,41.0,0.0,1.0,0.0,0.0,0,8045.957708536328
2017,44.0,0.0,NH Asian,hs_or_less,low (<1.3x poverty),1.22,1440.0,0.0,0.0,240.0,0.0,5.0,8.0,29.5,5.8,48.0,0.0,1.0,0.0,0.0,1,7860.50411848723
2017,56.0,1.0,NH Black,college_plus,high (>3.5x),4.62,1380.0,0.0,0.0,210.0,0.0,7.0,10.0,42.1,6.2,67.0,1.0,1.0,1.0,0.0,1,8762.349896317772
2017,65.0,1.0,NH Black,hs_or_less,low (<1.3x poverty),1.22,420.0,3840.0,180.0,75.0,960.0,5.0,6.0,30.8,8.1,56.0,1.0,1.0,1.0,0.0,0,7767.122447325183
2017,30.0,0.0,NH White,hs_or_less,middle (1.3-3.5x),2.43,0.0,12960.0,0.0,0.0,2160.0,0.0,7.0,34.2,5.8,59.0,0.0,1.0,1.0,0.0,0,74169.48103196187
2017,52.0,1.0,NH Black,hs_or_less,low (<1.3x poverty),0.74,0.0,720.0,0.0,0.0,180.0,0.0,8.0,38.3,5.5,53.0,0.0,0.0,1.0,1.0,0,7901.286277523706
2017,62.0,1.0,NH Black,college_plus,high (>3.5x),5.0,4920.0,0.0,0.0,750.0,0.0,7.0,6.0,25.1,5.4,75.0,0.0,0.0,0.0,0.0,1,13231.64201279075
2017,39.0,1.0,NH Black,some_college,low (<1.3x poverty),1.06,0.0,680.0,1200.0,0.0,95.0,0.0,3.0,36.5,5.7,54.0,1.0,1.0,1.0,0.0,0,15348.913204015476
2017,60.0,1.0,Other/Multi,some_college,middle (1.3-3.5x),1.7,0.0,2280.0,0.0,0.0,420.0,0.0,2.0,32.5,5.6,73.0,0.0,0.0,1.0,0.0,0,16123.195064339576
2017,35.0,1.0,Other Hispanic,college_plus,high (>3.5x),3.66,0.0,0.0,0.0,0.0,0.0,0.0,2.0,26.9,5.4,39.0,0.0,0.0,0.0,0.0,0,30686.312763688125
2017,47.0,1.0,NH Black,hs_or_less,low (<1.3x poverty),0.77,0.0,0.0,0.0,0.0,0.0,0.0,9.0,42.8,6.1,65.0,0.0,1.0,1.0,1.0,0,9696.938344780512
2017,25.0,1.0,NH White,college_plus,high (>3.5x),4.81,0.0,0.0,0.0,0.0,0.0,0.0,10.0,26.2,5.2,40.0,0.0,0.0,0.0,0.0,0,55205.26441311801
2017,30.0,0.0,NH Asian,some_college,middle (1.3-3.5x),2.89,5280.0,0.0,264.0,780.0,0.0,5.0,8.0,33.9,5.2,40.0,0.0,0.0,1.0,0.0,1,18252.010253034114
2017,22.0,0.0,NH Asian,some_college,high (>3.5x),3.66,8640.0,0.0,0.0,1440.0,0.0,7.0,9.0,21.6,5.5,45.0,0.0,0.0,0.0,0.0,1,25195.55449447518
2017,34.0,0.0,Mexican American,some_college,low (<1.3x poverty),1.06,4320.0,0.0,2400.0,840.0,0.0,7.0,6.0,40.9,5.0,43.0,0.0,0.0,1.0,0.0,1,31246.459707105
2017,35.0,0.0,NH Black,college_plus,low (<1.3x poverty),0.73,0.0,5600.0,0.0,0.0,1300.0,0.0,0.5,24.8,5.8,84.0,0.0,1.0,0.0,0.0,0,8429.589891602862
2017,52.0,1.0,NH White,hs_or_less,low (<1.3x poverty),0.92,0.0,2400.0,0.0,0.0,600.0,0.0,20.0,26.1,5.2,52.0,0.0,0.0,0.0,1.0,0,20728.071241971375
2017,22.0,1.0,NH White,some_college,middle (1.3-3.5x),1.71,720.0,0.0,0.0,120.0,0.0,4.0,2.0,21.7,5.2,72.0,0.0,0.0,0.0,0.0,1,37116.36641312765
2017,63.0,0.0,Mexican American,hs_or_less,low (<1.3x poverty),1.16,0.0,0.0,160.0,0.0,0.0,0.0,2.0,31.3,7.2,50.0,1.0,1.0,1.0,1.0,0,3482.475173416464
2017,41.0,1.0,NH White,college_plus,middle (1.3-3.5x),2.55,0.0,0.0,0.0,0.0,0.0,0.0,12.0,56.9,5.2,51.0,0.0,0.0,1.0,0.0,0,16090.89011455313
2017,29.0,1.0,NH Black,hs_or_less,low (<1.3x poverty),1.06,0.0,0.0,720.0,0.0,0.0,0.0,3.0,38.9,4.9,49.0,0.0,0.0,1.0,0.0,0,18157.203996340275
2017,46.0,0.0,NH White,hs_or_less,low (<1.3x poverty),0.2,0.0,8160.0,0.0,0.0,1080.0,0.0,2.0,41.7,5.9,52.0,0.0,1.0,1.0,0.0,0,12367.91045448308
2017,46.0,0.0,NH Black,hs_or_less,low (<1.3x poverty),1.2,0.0,7200.0,0.0,0.0,1080.0,0.0,5.0,28.0,4.7,39.0,0.0,0.0,0.0,0.0,0,11623.870885969947
2017,54.0,1.0,NH White,some_college,high (>3.5x),5.0,960.0,0.0,0.0,240.0,0.0,2.0,12.0,19.5,5.6,71.0,0.0,0.0,0.0,0.0,1,87478.47699703513
2017,52.0,1.0,Mexican American,hs_or_less,middle (1.3-3.5x),1.52,0.0,0.0,2400.0,0.0,0.0,0.0,2.0,31.3,5.3,45.0,0.0,0.0,1.0,1.0,0,11648.83128002959
2017,46.0,0.0,NH White,some_college,middle (1.3-3.5x),1.93,1440.0,1440.0,0.0,180.0,360.0,3.0,1.0,29.1,5.4,40.0,0.0,0.0,0.0,0.0,1,58030.23967869973
2017,30.0,0.0,NH Asian,some_college,high (>3.5x),5.0,0.0,0.0,0.0,0.0,0.0,0.0,14.0,29.8,5.7,49.0,0.0,1.0,0.0,0.0,0,19080.970373968496
2017,52.0,1.0,NH Asian,college_plus,high (>3.5x),4.93,360.0,0.0,0.0,90.0,0.0,3.0,6.0,23.5,6.1,46.0,0.0,1.0,0.0,1.0,0,13852.522880310402
2017,31.0,1.0,Other Hispanic,some_college,high (>3.5x),5.0,720.0,200.0,400.0,180.0,50.0,3.0,9.0,22.0,4.9,90.0,0.0,0.0,0.0,0.0,1,39352.86632441047
2017,29.0,1.0,NH Asian,hs_or_less,middle (1.3-3.5x),2.43,120.0,40.0,0.0,30.0,10.0,2.0,1.0,23.8,5.2,60.0,0.0,0.0,0.0,0.0,0,13368.37091956893
2017,34.0,1.0,NH Asian,college_plus,high (>3.5x),5.0,0.0,0.0,0.0,0.0,0.0,0.0,6.0,25.3,5.4,51.0,0.0,0.0,0.0,0.0,0,16456.84399195881
2017,64.0,1.0,NH White,college_plus,high (>3.5x),5.0,720.0,0.0,0.0,180.0,0.0,3.0,14.0,31.9,5.9,59.0,0.0,1.0,1.0,0.0,1,54885.53877437267
2017,22.0,0.0,NH Black,some_college,middle (1.3-3.5x),3.25,2880.0,1800.0,480.0,480.0,450.0,4.0,1.0,28.4,5.9,48.0,0.0,1.0,0.0,0.0,1,25313.951684374737
2017,49.0,1.0,Other Hispanic,some_college,middle (1.3-3.5x),1.37,0.0,0.0,0.0,0.0,0.0,0.0,3.0,25.6,5.7,35.0,0.0,1.0,0.0,0.0,0,9576.041177831981
2017,42.0,0.0,NH Asian,some_college,high (>3.5x),5.0,0.0,0.0,0.0,0.0,0.0,0.0,10.0,34.5,6.6,34.0,1.0,1.0,1.0,1.0,0,8120.3947399736735
2017,25.0,0.0,NH Black,hs_or_less,low (<1.3x poverty),0.66,4080.0,3600.0,0.0,540.0,600.0,4.0,5.0,34.9,4.7,44.0,0.0,0.0,1.0,1.0,1,20741.837084856194
2017,53.0,0.0,NH Asian,college_plus,low (<1.3x poverty),0.89,480.0,0.0,0.0,120.0,0.0,2.0,10.0,28.6,5.6,39.0,0.0,0.0,0.0,0.0,0,4983.669199812951
2017,56.0,1.0,NH Black,some_college,high (>3.5x),5.0,0.0,320.0,600.0,0.0,80.0,0.0,5.0,33.9,6.1,72.0,0.0,1.0,1.0,0.0,0,17223.162668761845
2017,65.0,1.0,NH White,some_college,high (>3.5x),5.0,0.0,0.0,0.0,0.0,0.0,0.0,4.0,26.6,6.0,67.0,0.0,1.0,0.0,0.0,0,76183.81568245811
2017,39.0,1.0,NH Asian,college_plus,high (>3.5x),3.67,0.0,3600.0,0.0,0.0,900.0,0.0,6.0,19.7,5.2,62.0,0.0,0.0,0.0,0.0,0,13365.266571928038
2017,38.0,1.0,NH White,some_college,high (>3.5x),4.25,0.0,360.0,0.0,0.0,90.0,0.0,5.0,20.7,5.0,79.0,0.0,0.0,0.0,0.0,0,38045.42208427601
2017,44.0,0.0,NH White,some_college,middle (1.3-3.5x),2.52,480.0,4800.0,0.0,120.0,1200.0,2.0,6.0,24.0,4.8,48.0,0.0,0.0,0.0,0.0,0,76116.87154889098
2017,41.0,1.0,NH Black,some_college,middle (1.3-3.5x),1.82,0.0,4800.0,0.0,0.0,1200.0,0.0,2.0,44.3,5.7,79.0,0.0,1.0,1.0,0.0,0,10625.431942341538
2017,42.0,1.0,NH Asian,college_plus,high (>3.5x),4.08,2400.0,0.0,0.0,420.0,0.0,5.0,2.0,21.5,5.5,96.0,0.0,0.0,0.0,0.0,1,5079.434502251987
2017,38.0,1.0,NH White,some_college,middle (1.3-3.5x),3.18,0.0,0.0,0.0,0.0,0.0,0.0,9.0,32.9,5.6,54.0,0.0,0.0,1.0,1.0,0,39883.34279747324
2017,59.0,0.0,NH Black,college_plus,middle (1.3-3.5x),2.89,0.0,0.0,0.0,0.0,0.0,0.0,6.0,35.8,6.1,38.0,0.0,1.0,1.0,1.0,0,11695.122766095523
2017,63.0,0.0,Mexican American,some_college,high (>3.5x),3.95,0.0,0.0,0.0,0.0,0.0,0.0,8.0,37.1,6.0,44.0,0.0,1.0,1.0,1.0,0,11507.348407577749
2017,30.0,1.0,Other/Multi,college_plus,high (>3.5x),3.73,1200.0,0.0,0.0,210.0,0.0,4.0,14.0,19.1,5.2,59.0,0.0,0.0,0.0,0.0,1,10303.230113984067
2017,49.0,0.0,Other/Multi,hs_or_less,low (<1.3x poverty),0.73,0.0,10800.0,0.0,0.0,2100.0,0.0,6.0,26.5,5.8,36.0,0.0,1.0,0.0,0.0,0,28697.104139979012
2017,59.0,1.0,NH Black,some_college,middle (1.3-3.5x),3.29,80.0,0.0,0.0,20.0,0.0,2.0,6.0,38.9,6.1,53.0,0.0,1.0,1.0,1.0,0,10751.838590557822
2017,23.0,1.0,NH White,college_plus,middle (1.3-3.5x),2.46,2160.0,480.0,0.0,360.0,60.0,6.0,8.0,60.3,5.3,43.0,0.0,0.0,1.0,1.0,1,38970.002927666326
2017,65.0,0.0,Mexican American,hs_or_less,high (>3.5x),4.93,0.0,8400.0,0.0,0.0,1500.0,0.0,5.0,26.8,8.7,29.0,1.0,1.0,0.0,0.0,0,9936.024191074852
2017,57.0,1.0,NH White,some_college,middle (1.3-3.5x),3.37,0.0,2400.0,0.0,0.0,600.0,0.0,6.0,32.1,5.6,43.0,0.0,0.0,1.0,0.0,0,12200.843315835058
2017,51.0,1.0,NH Asian,college_plus,high (>3.5x),5.0,360.0,0.0,0.0,90.0,0.0,3.0,5.0,28.9,5.5,58.0,0.0,0.0,0.0,0.0,0,9078.500180555098
2017,60.0,0.0,Other Hispanic,hs_or_less,low (<1.3x poverty),0.7,960.0,0.0,0.0,120.0,0.0,2.0,12.0,23.9,5.8,51.0,0.0,1.0,0.0,1.0,1,9796.639961505882
2017,64.0,0.0,NH Asian,college_plus,high (>3.5x),5.0,120.0,0.0,0.0,30.0,0.0,1.0,4.0,26.1,5.8,33.0,0.0,1.0,0.0,0.0,0,3329.1241461854133
2017,29.0,1.0,NH White,some_college,middle (1.3-3.5x),1.82,0.0,0.0,0.0,0.0,0.0,0.0,4.0,27.0,5.6,65.0,1.0,1.0,0.0,0.0,0,22621.59453566301
2017,49.0,0.0,NH White,college_plus,high (>3.5x),5.0,0.0,0.0,0.0,0.0,0.0,0.0,12.0,27.6,5.1,48.0,0.0,0.0,0.0,0.0,0,78152.5406719007
2017,60.0,1.0,NH Asian,hs_or_less,middle (1.3-3.5x),2.55,160.0,0.0,0.0,40.0,0.0,4.0,7.0,29.3,6.1,62.0,0.0,1.0,0.0,0.0,0,7086.003700488305
2017,64.0,1.0,Other Hispanic,some_college,high (>3.5x),5.0,0.0,0.0,400.0,0.0,0.0,0.0,3.0,33.0,5.6,66.0,0.0,0.0,1.0,0.0,0,8072.231820541968
2017,30.0,1.0,NH Asian,college_plus,high (>3.5x),5.0,2700.0,0.0,0.0,525.0,0.0,7.0,12.0,27.0,5.0,60.0,0.0,0.0,0.0,0.0,1,8262.700040455129
2017,64.0,0.0,Other Hispanic,some_college,middle (1.3-3.5x),2.99,1440.0,540.0,0.0,360.0,135.0,3.0,4.0,26.5,6.4,67.0,1.0,1.0,0.0,0.0,1,6521.389353491629
2017,35.0,0.0,NH White,hs_or_less,low (<1.3x poverty),1.23,0.0,0.0,100.0,0.0,0.0,0.0,12.0,22.4,5.1,52.0,0.0,0.0,0.0,0.0,0,32059.62899958035
2017,51.0,0.0,Other Hispanic,some_college,high (>3.5x),3.66,720.0,3920.0,0.0,180.0,970.0,3.0,7.0,31.0,5.4,29.0,0.0,0.0,1.0,0.0,1,16596.281537412746
2017,30.0,1.0,NH White,college_plus,high (>3.5x),5.0,1440.0,0.0,0.0,180.0,0.0,3.0,8.0,23.5,4.8,77.0,0.0,0.0,0.0,0.0,1,59040.98535266918
2017,34.0,1.0,Other Hispanic,college_plus,middle (1.3-3.5x),2.59,1600.0,120.0,0.0,220.0,30.0,7.0,10.0,26.2,5.5,66.0,0.0,0.0,0.0,0.0,1,41497.87771742929
2017,51.0,0.0,Other Hispanic,some_college,high (>3.5x),5.0,720.0,0.0,0.0,120.0,0.0,5.0,4.0,32.0,5.4,48.0,0.0,0.0,1.0,0.0,1,17987.681526799122
2017,33.0,0.0,NH White,college_plus,middle (1.3-3.5x),2.08,2400.0,960.0,0.0,300.0,240.0,2.0,7.0,32.7,5.0,25.0,0.0,0.0,1.0,0.0,1,52563.87680288883
2017,44.0,1.0,NH White,some_college,high (>3.5x),4.62,2400.0,0.0,0.0,300.0,0.0,5.0,5.0,27.0,5.0,70.0,0.0,0.0,0.0,0.0,1,49853.809591054705
2017,22.0,0.0,NH White,some_college,middle (1.3-3.5x),2.31,2880.0,10800.0,0.0,360.0,1800.0,3.0,5.0,31.2,5.4,58.0,0.0,0.0,1.0,0.0,1,61417.859774915174
2017,42.0,1.0,NH White,some_college,middle (1.3-3.5x),1.71,0.0,0.0,0.0,0.0,0.0,0.0,9.0,48.9,5.7,43.0,0.0,1.0,1.0,0.0,0,28138.306383589592
2017,43.0,1.0,NH Asian,college_plus,high (>3.5x),5.0,600.0,0.0,0.0,150.0,0.0,5.0,2.0,25.4,4.7,36.0,0.0,0.0,0.0,0.0,1,10805.297745357688
2017,53.0,0.0,NH Black,college_plus,middle (1.3-3.5x),3.23,7200.0,7200.0,0.0,900.0,900.0,5.0,5.0,34.8,5.8,51.0,0.0,1.0,1.0,0.0,1,11258.489751673615
2017,35.0,1.0,NH White,some_college,middle (1.3-3.5x),1.58,0.0,0.0,0.0,0.0,0.0,0.0,8.0,33.8,5.1,62.0,0.0,0.0,1.0,0.0,0,23114.918329346194
2017,35.0,0.0,NH Black,hs_or_less,middle (1.3-3.5x),1.52,1200.0,7200.0,0.0,300.0,1200.0,5.0,5.0,38.7,5.4,57.0,0.0,0.0,1.0,0.0,1,18040.478143233362
2017,54.0,0.0,Other Hispanic,hs_or_less,middle (1.3-3.5x),1.37,0.0,240.0,0.0,0.0,60.0,0.0,0.3333333333333333,26.0,5.4,38.0,0.0,0.0,0.0,1.0,0,11003.536828300992
2017,27.0,0.0,Mexican American,hs_or_less,middle (1.3-3.5x),1.52,0.0,3480.0,0.0,0.0,510.0,0.0,4.0,35.3,6.1,41.0,0.0,1.0,1.0,1.0,0,15532.71492314891
2017,21.0,0.0,NH Black,hs_or_less,middle (1.3-3.5x),1.63,0.0,9600.0,0.0,0.0,2400.0,0.0,5.0,38.7,4.9,38.0,0.0,0.0,1.0,1.0,0,37446.59928609848
2017,30.0,1.0,NH Black,college_plus,low (<1.3x poverty),0.99,0.0,0.0,0.0,0.0,0.0,0.0,3.0,22.8,4.8,59.0,0.0,0.0,0.0,0.0,0,14584.261716213434
2017,60.0,0.0,Mexican American,hs_or_less,middle (1.3-3.5x),3.19,180.0,14400.0,0.0,45.0,3240.0,1.0,3.0,29.0,5.8,45.0,0.0,1.0,0.0,0.0,0,12633.277820719586
2017,22.0,1.0,NH Black,some_college,low (<1.3x poverty),0.74,4320.0,0.0,0.0,540.0,0.0,3.0,8.0,18.0,5.1,69.0,0.0,0.0,0.0,0.0,1,9118.461247816807
2017,55.0,1.0,NH Asian,college_plus,high (>3.5x),5.0,1440.0,0.0,0.0,180.0,0.0,3.0,3.0,21.1,5.8,,0.0,1.0,0.0,0.0,1,8786.973398479584
2017,61.0,0.0,NH Black,college_plus,high (>3.5x),5.0,1200.0,0.0,0.0,300.0,0.0,5.0,5.0,27.5,7.8,41.0,1.0,1.0,0.0,0.0,1,4779.069840530291
2017,23.0,1.0,Other Hispanic,hs_or_less,middle (1.3-3.5x),2.69,0.0,0.0,0.0,0.0,0.0,0.0,0.5,19.8,4.7,63.0,0.0,0.0,0.0,0.0,0,19724.50329730857
2017,24.0,0.0,Mexican American,hs_or_less,high (>3.5x),5.0,0.0,6000.0,0.0,0.0,1500.0,0.0,5.0,32.4,4.3,39.0,0.0,0.0,1.0,0.0,0,18782.287944504853
2017,49.0,1.0,NH Asian,hs_or_less,low (<1.3x poverty),0.7,0.0,0.0,480.0,0.0,0.0,0.0,5.0,34.0,5.0,41.0,0.0,0.0,1.0,0.0,0,5140.645150554393
2017,43.0,1.0,NH White,some_college,high (>3.5x),4.41,240.0,0.0,0.0,60.0,0.0,2.0,2.0,28.0,4.8,68.0,0.0,0.0,0.0,0.0,0,63421.64621590408
2017,44.0,1.0,NH Black,college_plus,high (>3.5x),4.32,0.0,240.0,0.0,0.0,60.0,0.0,5.0,23.8,5.2,57.0,0.0,0.0,0.0,0.0,0,26144.648416380263
2017,22.0,0.0,NH White,some_college,low (<1.3x poverty),1.24,0.0,1200.0,0.0,0.0,300.0,0.0,12.0,32.5,5.4,41.0,0.0,0.0,1.0,0.0,0,31455.309961079925
2017,58.0,0.0,Other Hispanic,hs_or_less,low (<1.3x poverty),0.41,0.0,0.0,0.0,0.0,0.0,0.0,3.0,25.5,5.5,69.0,0.0,0.0,0.0,1.0,0,17947.523287953314
2017,62.0,0.0,NH Black,some_college,middle (1.3-3.5x),2.59,1200.0,2400.0,0.0,195.0,600.0,6.0,5.0,29.8,6.4,51.0,0.0,1.0,0.0,0.0,1,6699.5935327601865
2017,22.0,0.0,NH Asian,some_college,high (>3.5x),5.0,720.0,0.0,0.0,90.0,0.0,3.0,6.0,21.3,5.4,66.0,0.0,0.0,0.0,0.0,1,11727.688647095352
2017,53.0,0.0,NH Black,hs_or_less,middle (1.3-3.5x),1.85,240.0,840.0,1200.0,60.0,150.0,3.0,2.0,30.0,10.2,41.0,1.0,1.0,1.0,1.0,0,8474.148449795483
2017,56.0,0.0,Other/Multi,some_college,middle (1.3-3.5x),1.93,0.0,2640.0,0.0,0.0,360.0,0.0,2.0,24.3,5.5,60.0,0.0,0.0,0.0,0.0,0,74691.68200322281
2017,29.0,1.0,NH Asian,some_college,high (>3.5x),5.0,960.0,80.0,480.0,180.0,20.0,3.0,2.0,20.7,5.1,72.0,0.0,0.0,0.0,0.0,1,12979.121454130376
2017,62.0,0.0,NH Asian,college_plus,high (>3.5x),5.0,0.0,0.0,0.0,0.0,0.0,0.0,8.0,29.0,6.7,39.0,1.0,1.0,0.0,0.0,0,7088.534092073569
2017,21.0,0.0,NH Black,hs_or_less,high (>3.5x),4.62,0.0,0.0,0.0,0.0,0.0,0.0,8.0,35.1,5.8,41.0,0.0,1.0,1.0,0.0,0,11666.675310782282
2017,55.0,1.0,NH White,college_plus,high (>3.5x),4.57,360.0,0.0,360.0,90.0,0.0,2.0,8.0,22.1,5.4,72.0,0.0,0.0,0.0,0.0,0,93461.98896729008
2017,58.0,0.0,NH White,college_plus,high (>3.5x),4.9,2400.0,480.0,0.0,360.0,120.0,6.0,6.0,28.3,5.1,72.0,0.0,0.0,0.0,1.0,1,111290.66488489066
2017,55.0,1.0,Other/Multi,college_plus,high (>3.5x),3.92,0.0,40.0,0.0,0.0,10.0,0.0,12.0,32.1,6.7,41.0,1.0,1.0,1.0,0.0,0,6654.51881667345
2017,40.0,1.0,NH White,college_plus,high (>3.5x),3.59,960.0,960.0,0.0,120.0,240.0,2.0,5.0,26.5,5.5,48.0,0.0,0.0,0.0,0.0,1,87008.79368145177
2017,20.0,0.0,NH White,hs_or_less,middle (1.3-3.5x),2.47,240.0,7200.0,1080.0,60.0,1200.0,1.0,4.0,36.8,5.3,33.0,0.0,0.0,1.0,0.0,0,10209.335503699223
2017,60.0,1.0,Other Hispanic,college_plus,high (>3.5x),5.0,0.0,0.0,600.0,0.0,0.0,0.0,4.0,37.9,5.2,76.0,1.0,1.0,1.0,0.0,0,11653.65278381182
2017,28.0,0.0,NH White,hs_or_less,low (<1.3x poverty),1.2,960.0,14400.0,0.0,240.0,2400.0,4.0,2.0,22.6,5.8,75.0,0.0,1.0,0.0,0.0,1,34779.83505164255
2017,36.0,1.0,Other Hispanic,some_college,high (>3.5x),5.0,1800.0,240.0,0.0,315.0,60.0,7.0,9.0,21.3,5.4,76.0,0.0,0.0,0.0,0.0,1,49303.99040676369
2017,65.0,0.0,NH Black,some_college,high (>3.5x),5.0,0.0,0.0,0.0,0.0,0.0,0.0,5.0,27.3,7.9,44.0,1.0,1.0,0.0,0.0,0,5934.399989077748
2017,58.0,0.0,NH White,college_plus,high (>3.5x),5.0,2400.0,11520.0,0.0,300.0,1920.0,5.0,4.0,29.9,5.5,51.0,0.0,0.0,0.0,0.0,1,9039.49363065048
2017,64.0,1.0,Other Hispanic,hs_or_less,low (<1.3x poverty),0.37,0.0,0.0,480.0,0.0,0.0,0.0,12.0,33.9,6.3,44.0,0.0,1.0,1.0,1.0,0,3106.7343952134847
2017,38.0,0.0,NH Asian,college_plus,middle (1.3-3.5x),1.67,0.0,0.0,0.0,0.0,0.0,0.0,9.0,23.3,5.6,33.0,0.0,0.0,0.0,0.0,0,12160.443285243116
2017,36.0,1.0,NH Asian,college_plus,high (>3.5x),5.0,480.0,0.0,0.0,120.0,0.0,2.0,2.0,28.6,5.8,54.0,0.0,1.0,0.0,0.0,0,16456.84399195881
2017,55.0,1.0,Other Hispanic,hs_or_less,middle (1.3-3.5x),1.49,960.0,0.0,360.0,240.0,0.0,2.0,4.0,30.6,5.8,61.0,0.0,1.0,1.0,0.0,1,12090.998630882505
2017,55.0,0.0,NH Asian,hs_or_less,high (>3.5x),5.0,420.0,360.0,0.0,105.0,90.0,3.0,8.0,24.7,5.3,88.0,0.0,0.0,0.0,0.0,0,11372.022300623326
2017,25.0,0.0,NH White,some_college,middle (1.3-3.5x),2.16,0.0,15840.0,0.0,0.0,2880.0,0.0,6.0,32.6,5.3,50.0,0.0,0.0,1.0,0.0,0,47256.10660247299
2017,62.0,1.0,Other Hispanic,hs_or_less,low (<1.3x poverty),0.68,0.0,0.0,0.0,0.0,0.0,0.0,3.0,29.9,5.6,66.0,0.0,0.0,0.0,1.0,0,9806.825295993047
2017,31.0,1.0,NH Black,some_college,low (<1.3x poverty),0.93,0.0,3600.0,0.0,0.0,900.0,0.0,4.0,30.2,5.4,53.0,0.0,0.0,1.0,1.0,0,5750.289605697324
2017,45.0,1.0,NH White,some_college,middle (1.3-3.5x),2.61,0.0,240.0,0.0,0.0,60.0,0.0,7.0,45.4,5.4,59.0,0.0,0.0,1.0,1.0,0,11489.787096775563
2017,20.0,1.0,NH White,hs_or_less,middle (1.3-3.5x),3.4,0.0,21600.0,0.0,0.0,3600.0,0.0,4.0,20.3,5.0,42.0,0.0,0.0,0.0,0.0,0,89173.20237646482
2017,28.0,1.0,NH White,college_plus,middle (1.3-3.5x),2.11,1920.0,720.0,0.0,480.0,180.0,4.0,3.0,34.5,5.6,41.0,0.0,0.0,1.0,0.0,1,49569.729266682305
2017,45.0,1.0,Other/Multi,some_college,low (<1.3x poverty),0.79,0.0,0.0,0.0,0.0,0.0,0.0,0.16666666666666666,42.4,5.5,51.0,0.0,0.0,1.0,1.0,0,5337.830254924666
2017,60.0,1.0,NH White,some_college,high (>3.5x),5.0,720.0,0.0,0.0,180.0,0.0,3.0,3.0,27.6,6.4,54.0,1.0,1.0,0.0,0.0,1,49023.85396258644
2017,57.0,1.0,Mexican American,some_college,low (<1.3x poverty),0.67,0.0,0.0,0.0,0.0,0.0,0.0,10.0,21.4,5.7,89.0,0.0,1.0,0.0,0.0,0,9708.311118238966
2017,26.0,1.0,Other Hispanic,college_plus,high (>3.5x),3.65,540.0,0.0,0.0,135.0,0.0,3.0,8.0,28.4,5.3,52.0,0.0,0.0,0.0,0.0,0,58860.22121605077
2017,60.0,1.0,NH White,hs_or_less,middle (1.3-3.5x),3.18,0.0,360.0,0.0,0.0,90.0,0.0,3.0,23.7,5.8,58.0,0.0,1.0,0.0,1.0,0,11581.780155717732
2017,23.0,1.0,Other Hispanic,some_college,middle (1.3-3.5x),2.55,3360.0,0.0,1200.0,570.0,0.0,7.0,5.0,29.1,4.3,90.0,0.0,0.0,0.0,0.0,1,26589.440767692002
2017,43.0,0.0,Mexican American,hs_or_less,middle (1.3-3.5x),1.78,0.0,15600.0,0.0,0.0,2400.0,0.0,4.0,35.5,5.5,45.0,0.0,0.0,1.0,1.0,0,19813.75559263769
2017,36.0,0.0,NH Black,college_plus,middle (1.3-3.5x),3.4,0.0,2880.0,960.0,0.0,720.0,0.0,3.0,38.2,5.6,32.0,0.0,0.0,1.0,0.0,0,25855.161679076795
2017,33.0,1.0,Mexican American,some_college,middle (1.3-3.5x),1.47,0.0,0.0,0.0,0.0,0.0,0.0,13.0,37.5,5.5,36.0,0.0,0.0,1.0,1.0,0,11670.07631601069
2017,39.0,1.0,NH White,some_college,low (<1.3x poverty),0.8,0.0,480.0,0.0,0.0,60.0,0.0,5.0,35.7,5.2,44.0,0.0,0.0,1.0,1.0,0,17951.32710561749
2017,28.0,0.0,NH Asian,hs_or_less,middle (1.3-3.5x),2.15,3840.0,11520.0,300.0,720.0,1800.0,6.0,4.0,20.4,5.2,70.0,0.0,0.0,0.0,1.0,1,4900.7315684371
2017,60.0,0.0,NH Black,some_college,high (>3.5x),5.0,0.0,4080.0,9600.0,0.0,660.0,0.0,4.0,25.6,4.8,60.0,0.0,0.0,0.0,0.0,0,4956.438141761624
2017,59.0,1.0,NH Asian,college_plus,high (>3.5x),4.62,480.0,0.0,480.0,120.0,0.0,2.0,3.0,20.6,5.4,90.0,0.0,0.0,0.0,0.0,0,5852.260034445073
2017,61.0,0.0,NH Asian,hs_or_less,high (>3.5x),3.67,0.0,0.0,0.0,0.0,0.0,0.0,5.0,27.6,7.1,39.0,1.0,1.0,0.0,0.0,0,10515.625945862486
2017,65.0,0.0,NH Black,college_plus,low (<1.3x poverty),0.25,0.0,0.0,0.0,0.0,0.0,0.0,2.0,28.0,6.7,61.0,1.0,1.0,0.0,0.0,0,4501.869865034288
2017,46.0,0.0,Mexican American,hs_or_less,low (<1.3x poverty),0.8,0.0,1920.0,0.0,0.0,480.0,0.0,1.0,26.4,5.4,41.0,0.0,0.0,0.0,0.0,0,43756.22855628352
2017,39.0,0.0,NH White,college_plus,high (>3.5x),5.0,4200.0,0.0,0.0,570.0,0.0,7.0,3.0,24.6,5.6,63.0,1.0,1.0,0.0,0.0,1,63237.092165551585
2017,25.0,1.0,Other/Multi,some_college,middle (1.3-3.5x),1.46,720.0,0.0,0.0,180.0,0.0,4.0,6.0,22.6,5.4,49.0,0.0,0.0,0.0,0.0,1,16137.612512556181
2017,57.0,0.0,NH White,hs_or_less,low (<1.3x poverty),1.25,0.0,0.0,0.0,0.0,0.0,0.0,6.0,22.8,5.4,41.0,0.0,0.0,0.0,1.0,0,15131.207315047615
2017,59.0,1.0,NH Black,some_college,middle (1.3-3.5x),2.43,0.0,0.0,0.0,0.0,0.0,0.0,3.0,25.0,5.7,72.0,0.0,1.0,0.0,0.0,0,5272.408835474869
2017,37.0,0.0,NH White,college_plus,high (>3.5x),5.0,0.0,0.0,0.0,0.0,0.0,0.0,9.0,36.0,5.0,35.0,0.0,0.0,1.0,1.0,0,5670.850035537383
2017,44.0,0.0,Other/Multi,hs_or_less,low (<1.3x poverty),1.15,720.0,0.0,480.0,180.0,0.0,3.0,12.0,35.4,6.4,45.0,1.0,1.0,1.0,1.0,1,11520.199775335546
2017,54.0,1.0,NH White,some_college,middle (1.3-3.5x),1.48,720.0,480.0,0.0,180.0,120.0,3.0,12.0,28.0,6.3,59.0,0.0,1.0,0.0,1.0,1,20059.93277521252
2017,49.0,0.0,NH Black,some_college,high (>3.5x),5.0,0.0,0.0,200.0,0.0,0.0,0.0,7.0,30.5,5.7,56.0,0.0,1.0,1.0,1.0,0,10048.94845540751
2017,32.0,1.0,NH Black,hs_or_less,high (>3.5x),4.98,7920.0,25920.0,0.0,1260.0,4080.0,7.0,5.0,31.0,5.7,50.0,0.0,1.0,1.0,0.0,1,20776.496659428034
2017,55.0,1.0,NH Asian,college_plus,middle (1.3-3.5x),3.43,0.0,0.0,0.0,0.0,0.0,0.0,5.0,28.3,7.2,48.0,1.0,1.0,0.0,0.0,0,6602.724527703315
2017,36.0,0.0,NH Asian,college_plus,low (<1.3x poverty),0.5,0.0,0.0,120.0,0.0,0.0,0.0,4.0,23.5,5.5,52.0,0.0,0.0,0.0,0.0,0,10432.171626953028
2017,64.0,1.0,NH Asian,college_plus,high (>3.5x),5.0,720.0,0.0,0.0,180.0,0.0,3.0,6.0,18.6,6.0,72.0,0.0,1.0,0.0,0.0,1,10102.20588639516
2017,55.0,0.0,Other Hispanic,hs_or_less,middle (1.3-3.5x),2.88,1920.0,21600.0,0.0,300.0,3600.0,4.0,5.0,31.1,5.1,41.0,0.0,0.0,1.0,0.0,1,18685.360591454584
2017,51.0,0.0,NH White,hs_or_less,middle (1.3-3.5x),2.33,540.0,0.0,0.0,135.0,0.0,3.0,2.0,30.7,4.9,41.0,1.0,1.0,1.0,1.0,0,22765.559918611012
2017,30.0,0.0,NH Black,some_college,high (>3.5x),4.07,3360.0,0.0,0.0,480.0,0.0,7.0,2.0,34.2,4.6,53.0,0.0,0.0,1.0,0.0,1,10668.477204501998
2017,40.0,1.0,Mexican American,hs_or_less,low (<1.3x poverty),0.81,0.0,0.0,0.0,0.0,0.0,0.0,1.0,26.7,4.7,37.0,0.0,0.0,0.0,0.0,0,27825.31059693737
2017,28.0,1.0,NH White,college_plus,high (>3.5x),5.0,2640.0,720.0,0.0,420.0,180.0,7.0,8.0,16.5,5.1,73.0,0.0,0.0,0.0,0.0,1,4706.980925219748
2017,57.0,1.0,Other/Multi,college_plus,high (>3.5x),5.0,240.0,0.0,0.0,60.0,0.0,1.0,6.0,20.4,5.3,104.0,0.0,0.0,0.0,0.0,0,6187.611056659333
2017,61.0,0.0,NH White,some_college,high (>3.5x),4.56,0.0,800.0,0.0,0.0,100.0,0.0,6.0,39.4,6.0,23.0,1.0,1.0,1.0,0.0,0,9918.110847724896
2017,26.0,1.0,NH White,some_college,high (>3.5x),3.69,0.0,0.0,0.0,0.0,0.0,0.0,10.0,65.3,5.4,56.0,0.0,0.0,1.0,1.0,0,30157.195162197888
2017,53.0,1.0,Other Hispanic,college_plus,high (>3.5x),5.0,120.0,480.0,0.0,30.0,60.0,1.0,2.0,20.4,6.7,57.0,1.0,1.0,0.0,0.0,0,18541.182789392264
2017,40.0,0.0,NH White,hs_or_less,middle (1.3-3.5x),2.03,1440.0,9600.0,0.0,360.0,2400.0,3.0,2.0,29.6,5.5,37.0,0.0,0.0,0.0,0.0,1,42019.18704195022
2017,64.0,1.0,NH Black,hs_or_less,low (<1.3x poverty),1.13,0.0,0.0,0.0,0.0,0.0,0.0,8.0,37.9,6.3,,0.0,1.0,1.0,1.0,0,5902.189757244493
2017,45.0,1.0,NH Black,some_college,middle (1.3-3.5x),2.79,660.0,600.0,0.0,105.0,90.0,3.0,6.0,36.5,5.6,41.0,0.0,0.0,1.0,1.0,1,9950.9447038861
2017,59.0,1.0,NH White,some_college,middle (1.3-3.5x),3.39,480.0,480.0,0.0,120.0,120.0,2.0,6.0,30.1,5.3,78.0,0.0,0.0,1.0,0.0,0,68041.54834416257
2017,30.0,1.0,NH White,some_college,low (<1.3x poverty),1.22,0.0,720.0,0.0,0.0,180.0,0.0,3.0,27.2,9.4,52.0,1.0,1.0,0.0,1.0,0,15438.765138096753
2017,21.0,1.0,NH Asian,some_college,middle (1.3-3.5x),2.46,0.0,0.0,0.0,0.0,0.0,0.0,12.0,37.2,4.7,42.0,0.0,0.0,1.0,1.0,0,14980.797759484098
2017,38.0,1.0,Other/Multi,hs_or_less,middle (1.3-3.5x),1.34,0.0,8640.0,0.0,0.0,1440.0,0.0,15.0,33.5,5.1,35.0,0.0,0.0,1.0,1.0,0,19528.252055008565
2017,51.0,0.0,NH White,hs_or_less,high (>3.5x),5.0,0.0,7200.0,0.0,0.0,1500.0,0.0,4.0,23.1,4.9,56.0,0.0,0.0,0.0,0.0,0,112505.60936536243
2017,63.0,1.0,NH Black,some_college,middle (1.3-3.5x),3.03,0.0,4800.0,2400.0,0.0,1200.0,0.0,4.0,33.6,5.7,86.0,0.0,1.0,1.0,1.0,0,5170.6347979367865
2017,28.0,0.0,Mexican American,some_college,high (>3.5x),5.0,1320.0,15600.0,0.0,210.0,2700.0,5.0,6.0,30.2,5.5,31.0,0.0,0.0,1.0,0.0,1,18644.69720855603
2017,40.0,0.0,Other Hispanic,hs_or_less,middle (1.3-3.5x),2.31,0.0,3240.0,0.0,0.0,540.0,0.0,6.0,27.3,5.6,29.0,0.0,0.0,0.0,0.0,0,13709.523354510797
2017,30.0,0.0,Mexican American,hs_or_less,middle (1.3-3.5x),1.36,1440.0,12960.0,1440.0,240.0,2160.0,4.0,3.0,30.0,5.4,50.0,0.0,0.0,1.0,0.0,1,23640.567935040217
2017,64.0,1.0,Other/Multi,some_college,low (<1.3x poverty),0.74,900.0,360.0,0.0,135.0,90.0,6.0,5.0,30.2,5.6,53.0,0.0,0.0,1.0,0.0,1,6421.558266305233
2017,53.0,1.0,NH Black,some_college,low (<1.3x poverty),1.24,960.0,0.0,0.0,240.0,0.0,2.0,4.0,25.5,6.0,78.0,0.0,1.0,0.0,1.0,1,15998.22679944659
2017,52.0,0.0,NH Black,hs_or_less,middle (1.3-3.5x),1.52,0.0,7920.0,0.0,0.0,1260.0,0.0,7.0,32.4,6.4,36.0,0.0,1.0,1.0,1.0,0,15580.524127964543
2017,22.0,1.0,Other Hispanic,some_college,middle (1.3-3.5x),1.79,0.0,0.0,0.0,0.0,0.0,0.0,8.0,32.3,5.0,54.0,0.0,0.0,1.0,0.0,0,22311.960196985972
2017,63.0,1.0,NH Asian,college_plus,high (>3.5x),5.0,360.0,0.0,0.0,90.0,0.0,3.0,3.0,20.9,5.8,52.0,0.0,1.0,0.0,0.0,0,8091.938015696907
2017,49.0,1.0,NH Asian,college_plus,high (>3.5x),5.0,1200.0,0.0,0.0,300.0,0.0,5.0,6.0,28.6,5.6,69.0,0.0,0.0,0.0,0.0,1,10206.75395378079
2017,38.0,1.0,NH Black,college_plus,high (>3.5x),5.0,1920.0,2880.0,0.0,240.0,540.0,4.0,6.0,36.1,5.2,62.0,0.0,0.0,1.0,1.0,1,16401.426165532223
2017,56.0,1.0,Mexican American,some_college,high (>3.5x),4.23,0.0,0.0,0.0,0.0,0.0,0.0,5.0,24.3,5.0,75.0,0.0,0.0,0.0,0.0,0,19229.55656833127
2017,21.0,0.0,Other/Multi,some_college,low (<1.3x poverty),0.21,8640.0,23040.0,5760.0,2160.0,2880.0,6.0,8.0,34.1,5.1,48.0,0.0,0.0,1.0,0.0,1,12299.821677061376
2017,52.0,1.0,NH Black,hs_or_less,low (<1.3x poverty),1.18,0.0,240.0,0.0,0.0,60.0,0.0,3.0,27.3,5.6,57.0,0.0,0.0,0.0,0.0,0,14303.414137138143
2017,60.0,0.0,Other Hispanic,hs_or_less,high (>3.5x),3.69,0.0,3840.0,0.0,0.0,960.0,0.0,4.0,29.8,6.1,45.0,0.0,1.0,0.0,0.0,0,8736.008967890253
2017,23.0,0.0,Mexican American,hs_or_less,low (<1.3x poverty),1.11,720.0,14400.0,0.0,180.0,2160.0,3.0,3.0,38.3,5.3,45.0,0.0,0.0,1.0,0.0,1,21913.495194500305
2017,46.0,1.0,Other/Multi,college_plus,middle (1.3-3.5x),1.43,0.0,0.0,160.0,0.0,0.0,0.0,0.3333333333333333,21.4,4.9,178.0,0.0,0.0,0.0,0.0,0,3249.7285445690627
2017,31.0,1.0,NH Asian,some_college,high (>3.5x),4.17,0.0,0.0,0.0,0.0,0.0,0.0,3.0,20.6,5.1,58.0,0.0,0.0,0.0,0.0,0,17020.679439620286
2017,33.0,0.0,NH Asian,college_plus,middle (1.3-3.5x),2.44,0.0,40.0,0.0,0.0,10.0,0.0,1.0,27.4,5.6,,0.0,0.0,0.0,0.0,0,12617.654652733836
2017,48.0,0.0,NH Asian,college_plus,high (>3.5x),4.93,0.0,0.0,0.0,0.0,0.0,0.0,7.0,31.2,5.8,45.0,0.0,1.0,1.0,0.0,0,7370.77827203248
2017,64.0,1.0,Other/Multi,some_college,high (>3.5x),3.65,200.0,80.0,0.0,50.0,20.0,5.0,7.0,33.7,6.0,37.0,0.0,1.0,1.0,0.0,0,6951.353529745892
2017,44.0,1.0,NH Black,college_plus,middle (1.3-3.5x),3.3,0.0,0.0,0.0,0.0,0.0,0.0,8.0,43.3,6.0,77.0,0.0,1.0,1.0,0.0,0,8813.520584493583
2017,54.0,0.0,NH White,hs_or_less,low (<1.3x poverty),0.87,0.0,1440.0,0.0,0.0,360.0,0.0,10.0,35.7,5.9,56.0,0.0,1.0,1.0,1.0,0,18119.787561775516
2017,35.0,1.0,NH Asian,hs_or_less,high (>3.5x),4.09,9120.0,0.0,0.0,1320.0,0.0,6.0,4.0,26.1,5.2,83.0,0.0,0.0,0.0,0.0,1,11532.52824418229
2017,44.0,1.0,NH Asian,college_plus,middle (1.3-3.5x),3.39,0.0,640.0,120.0,0.0,140.0,0.0,5.0,28.5,5.7,26.0,0.0,1.0,0.0,1.0,0,14775.371574450855
2017,38.0,0.0,NH Asian,hs_or_less,low (<1.3x poverty),1.02,0.0,0.0,0.0,0.0,0.0,0.0,3.0,27.9,6.1,35.0,0.0,1.0,0.0,0.0,0,17573.867352762758
2017,44.0,1.0,NH Black,hs_or_less,low (<1.3x poverty),0.18,720.0,1920.0,180.0,180.0,480.0,3.0,2.0,35.1,5.7,64.0,0.0,1.0,1.0,0.0,1,17517.880324978403
2017,27.0,0.0,NH Black,college_plus,middle (1.3-3.5x),2.09,720.0,0.0,0.0,120.0,0.0,4.0,5.0,37.6,5.5,45.0,0.0,0.0,1.0,1.0,1,32685.87582957427
2017,59.0,0.0,NH White,some_college,high (>3.5x),4.81,0.0,1440.0,0.0,0.0,360.0,0.0,14.0,35.8,7.0,45.0,1.0,1.0,1.0,0.0,0,111409.3138530235
2017,63.0,1.0,NH Black,some_college,high (>3.5x),3.69,960.0,0.0,0.0,120.0,0.0,2.0,16.0,26.1,4.9,62.0,0.0,0.0,0.0,0.0,1,3441.054807729488
2017,63.0,0.0,Other Hispanic,hs_or_less,middle (1.3-3.5x),1.39,720.0,0.0,0.0,90.0,0.0,2.0,10.0,31.7,5.2,44.0,0.0,0.0,1.0,0.0,1,8494.386317713626
2017,25.0,0.0,Other/Multi,college_plus,high (>3.5x),5.0,3600.0,0.0,0.0,540.0,0.0,7.0,8.0,23.1,5.0,,0.0,0.0,0.0,0.0,1,10960.856671469792
2017,36.0,1.0,NH White,some_college,middle (1.3-3.5x),2.64,480.0,9120.0,0.0,120.0,2100.0,2.0,3.0,44.7,5.7,48.0,0.0,1.0,1.0,0.0,0,24082.074807624733
2017,55.0,1.0,NH Asian,hs_or_less,middle (1.3-3.5x),1.7,0.0,0.0,0.0,0.0,0.0,0.0,3.0,22.6,6.0,55.0,0.0,1.0,0.0,1.0,0,17086.007945425357
2017,47.0,1.0,NH White,college_plus,low (<1.3x poverty),1.23,320.0,7200.0,0.0,40.0,1200.0,2.0,6.0,20.2,5.6,78.0,0.0,0.0,0.0,0.0,0,54679.183072967026
2017,48.0,1.0,NH Black,hs_or_less,low (<1.3x poverty),0.12,0.0,0.0,0.0,0.0,0.0,0.0,1.0,54.7,6.8,45.0,1.0,1.0,1.0,1.0,0,8743.378356987341
2017,20.0,1.0,NH White,hs_or_less,low (<1.3x poverty),1.0,0.0,0.0,0.0,0.0,0.0,0.0,5.0,26.3,5.6,49.0,0.0,0.0,0.0,0.0,0,52540.5618053275
2017,65.0,1.0,NH Asian,hs_or_less,middle (1.3-3.5x),1.54,120.0,0.0,40.0,30.0,0.0,1.0,2.0,28.6,6.6,81.0,1.0,1.0,0.0,0.0,0,7868.539331776971
2017,46.0,0.0,NH White,hs_or_less,high (>3.5x),4.98,0.0,0.0,0.0,0.0,0.0,0.0,10.0,31.0,5.6,38.0,0.0,0.0,1.0,1.0,0,83096.76128274198
2017,37.0,0.0,NH White,hs_or_less,middle (1.3-3.5x),2.46,0.0,24960.0,0.0,0.0,3360.0,0.0,2.0,36.2,5.9,39.0,0.0,1.0,1.0,1.0,0,5513.013659786704
2017,24.0,1.0,NH White,college_plus,middle (1.3-3.5x),1.32,3000.0,0.0,0.0,450.0,0.0,7.0,4.0,19.1,5.2,75.0,0.0,0.0,0.0,0.0,1,77401.5486407162
2017,50.0,1.0,Mexican American,college_plus,middle (1.3-3.5x),1.41,0.0,0.0,0.0,0.0,0.0,0.0,1.0,34.8,6.9,50.0,1.0,1.0,1.0,1.0,0,20828.51044432945
2017,61.0,1.0,NH White,some_college,middle (1.3-3.5x),3.49,0.0,14400.0,0.0,0.0,3000.0,0.0,2.0,31.8,5.5,65.0,0.0,0.0,1.0,0.0,0,81154.24106072035
2017,21.0,1.0,Mexican American,hs_or_less,low (<1.3x poverty),1.24,0.0,0.0,0.0,0.0,0.0,0.0,9.0,21.6,5.1,60.0,0.0,0.0,0.0,0.0,0,43068.640551646466
2017,33.0,1.0,NH Black,college_plus,middle (1.3-3.5x),2.06,1920.0,960.0,0.0,240.0,240.0,2.0,5.0,26.5,5.4,80.0,0.0,0.0,0.0,0.0,1,10903.359471329972
2017,62.0,1.0,Other Hispanic,some_college,middle (1.3-3.5x),1.43,560.0,2160.0,0.0,90.0,540.0,7.0,5.0,26.6,5.2,99.0,0.0,0.0,0.0,0.0,0,6822.000733428559
2017,47.0,0.0,NH Black,some_college,high (>3.5x),3.54,0.0,13200.0,0.0,0.0,2100.0,0.0,3.0,33.5,5.5,61.0,0.0,0.0,1.0,0.0,0,12831.4768837751
2017,55.0,0.0,NH White,hs_or_less,low (<1.3x poverty),0.58,0.0,6720.0,0.0,0.0,1200.0,0.0,10.0,26.9,5.2,42.0,1.0,1.0,0.0,1.0,0,46536.330784661266
2017,65.0,1.0,NH Asian,hs_or_less,high (>3.5x),5.0,0.0,0.0,0.0,0.0,0.0,0.0,6.0,35.4,6.7,72.0,1.0,1.0,1.0,0.0,0,5108.7843270604035
2017,50.0,1.0,Mexican American,hs_or_less,low (<1.3x poverty),0.94,0.0,0.0,0.0,0.0,0.0,0.0,0.25,35.1,6.9,37.0,1.0,1.0,1.0,1.0,0,6210.413950855249
2017,43.0,0.0,NH White,hs_or_less,low (<1.3x poverty),1.05,0.0,16800.0,0.0,0.0,2700.0,0.0,12.0,29.4,5.4,34.0,0.0,0.0,0.0,1.0,0,15073.098062040135
2017,61.0,0.0,NH Black,some_college,low (<1.3x poverty),0.98,9000.0,0.0,0.0,1500.0,0.0,7.0,5.0,23.6,6.3,69.0,0.0,1.0,0.0,0.0,1,3554.4493517215183
2017,60.0,1.0,NH Black,hs_or_less,low (<1.3x poverty),0.98,600.0,0.0,0.0,150.0,0.0,5.0,4.0,33.6,5.4,86.0,0.0,0.0,1.0,0.0,1,6022.541338726246
2017,49.0,1.0,NH White,hs_or_less,low (<1.3x poverty),1.27,0.0,1640.0,0.0,0.0,230.0,0.0,8.0,40.1,5.5,54.0,0.0,0.0,1.0,0.0,0,18606.45394185414
2017,58.0,0.0,Other/Multi,some_college,middle (1.3-3.5x),1.64,240.0,1200.0,0.0,60.0,300.0,1.0,5.0,48.1,7.1,50.0,1.0,1.0,1.0,0.0,0,17756.83580969102
2017,29.0,1.0,NH White,some_college,low (<1.3x poverty),1.21,0.0,960.0,0.0,0.0,240.0,0.0,6.0,31.7,5.5,56.0,0.0,0.0,1.0,0.0,0,31041.699959931608
2017,60.0,0.0,Other Hispanic,college_plus,middle (1.3-3.5x),1.39,1440.0,14400.0,7200.0,240.0,1800.0,2.0,4.0,27.7,5.2,38.0,0.0,0.0,0.0,0.0,1,12638.790882226276
2017,21.0,1.0,Other Hispanic,hs_or_less,low (<1.3x poverty),0.12,7200.0,11520.0,0.0,900.0,1440.0,5.0,0.5,29.0,5.4,54.0,0.0,0.0,0.0,0.0,1,15512.236751248414
2017,20.0,0.0,Other Hispanic,some_college,middle (1.3-3.5x),2.43,0.0,7200.0,0.0,0.0,1800.0,0.0,3.0,27.7,5.2,31.0,0.0,0.0,0.0,0.0,0,16822.10482280541
2017,32.0,1.0,NH White,hs_or_less,middle (1.3-3.5x),1.91,900.0,0.0,120.0,225.0,0.0,5.0,13.0,48.4,5.5,55.0,0.0,0.0,1.0,0.0,1,3244.5729162478106
2017,20.0,0.0,Mexican American,hs_or_less,high (>3.5x),5.0,180.0,14400.0,480.0,45.0,2100.0,3.0,10.0,29.9,4.9,49.0,0.0,0.0,0.0,0.0,0,29194.702852623734
2017,24.0,1.0,NH Black,college_plus,low (<1.3x poverty),1.04,3120.0,0.0,0.0,540.0,0.0,7.0,6.0,40.6,5.7,53.0,0.0,1.0,1.0,1.0,1,22176.544602987327
2017,64.0,0.0,NH Black,hs_or_less,middle (1.3-3.5x),1.73,4320.0,6720.0,0.0,600.0,1080.0,7.0,6.0,34.1,5.2,49.0,0.0,0.0,1.0,0.0,1,3859.8611008611515
2017,53.0,0.0,Other Hispanic,some_college,middle (1.3-3.5x),1.71,0.0,7200.0,0.0,0.0,1800.0,0.0,8.0,27.0,5.4,49.0,0.0,0.0,0.0,0.0,0,21674.451193283818
2017,33.0,1.0,NH Black,some_college,middle (1.3-3.5x),2.36,0.0,4320.0,0.0,0.0,1080.0,0.0,2.5,16.2,5.2,59.0,0.0,0.0,0.0,1.0,0,9152.710075587822
2017,23.0,1.0,Other Hispanic,some_college,middle (1.3-3.5x),2.68,480.0,4320.0,480.0,120.0,720.0,2.0,4.0,23.5,5.5,64.0,0.0,0.0,0.0,0.0,0,34061.02840425284
2017,21.0,0.0,NH Black,some_college,middle (1.3-3.5x),2.13,3360.0,28800.0,2880.0,480.0,4800.0,6.0,4.0,18.8,5.3,66.0,0.0,0.0,0.0,0.0,1,11883.972848262743
2017,34.0,0.0,Mexican American,hs_or_less,middle (1.3-3.5x),2.39,0.0,13200.0,0.0,0.0,2400.0,0.0,4.0,32.9,5.4,54.0,0.0,0.0,1.0,0.0,0,10865.25427072155
2017,56.0,0.0,NH White,college_plus,high (>3.5x),4.15,5760.0,0.0,0.0,720.0,0.0,6.0,8.0,32.0,5.2,71.0,0.0,0.0,1.0,0.0,1,136940.4314603252
2017,42.0,1.0,NH White,hs_or_less,low (<1.3x poverty),0.42,2400.0,960.0,0.0,600.0,240.0,2.0,4.0,29.3,5.0,44.0,0.0,0.0,0.0,0.0,1,24268.185808787257
2017,31.0,0.0,Other/Multi,college_plus,high (>3.5x),5.0,520.0,160.0,120.0,70.0,40.0,4.0,14.0,29.9,5.1,38.0,0.0,0.0,0.0,0.0,0,6904.12994460405
2017,55.0,1.0,Other/Multi,some_college,middle (1.3-3.5x),2.15,288.0,0.0,0.0,72.0,0.0,6.0,8.0,22.3,7.9,51.0,1.0,1.0,0.0,0.0,0,6101.070733630457
2017,27.0,1.0,NH Black,hs_or_less,low (<1.3x poverty),5.397605346934028e-79,0.0,0.0,0.0,0.0,0.0,0.0,10.0,32.7,5.2,62.0,0.0,0.0,1.0,1.0,0,15092.35463858625
2017,44.0,1.0,NH Asian,some_college,middle (1.3-3.5x),1.67,0.0,0.0,0.0,0.0,0.0,0.0,3.0,22.3,5.7,64.0,0.0,1.0,0.0,0.0,0,10126.36771686631
2017,44.0,0.0,NH Asian,college_plus,high (>3.5x),5.0,480.0,0.0,0.0,60.0,0.0,1.0,8.0,23.9,5.9,,0.0,1.0,0.0,0.0,0,7995.733818202734
2017,64.0,0.0,NH Black,some_college,middle (1.3-3.5x),2.06,6000.0,0.0,6000.0,1500.0,0.0,5.0,7.0,22.8,6.0,48.0,1.0,1.0,0.0,1.0,1,4947.1123876447755
2017,64.0,1.0,NH White,hs_or_less,low (<1.3x poverty),1.19,0.0,0.0,0.0,0.0,0.0,0.0,8.0,25.8,6.4,31.0,0.0,1.0,0.0,0.0,0,34536.35215936052
2017,61.0,1.0,NH Black,some_college,low (<1.3x poverty),0.94,0.0,480.0,0.0,0.0,120.0,0.0,3.0,34.1,9.3,68.0,1.0,1.0,1.0,0.0,0,4369.342979572345
2017,43.0,1.0,NH Black,college_plus,low (<1.3x poverty),1.14,2600.0,0.0,0.0,350.0,0.0,7.0,6.0,32.1,4.9,151.0,0.0,0.0,1.0,0.0,1,21229.760672701905
2017,25.0,1.0,NH Asian,some_college,middle (1.3-3.5x),2.39,0.0,0.0,0.0,0.0,0.0,0.0,5.0,38.1,5.0,67.0,0.0,0.0,1.0,0.0,0,4798.459764983677
2017,45.0,0.0,NH Black,college_plus,high (>3.5x),4.25,0.0,0.0,0.0,0.0,0.0,0.0,12.0,41.9,11.3,38.0,1.0,1.0,1.0,1.0,0,5294.403881833864
2017,20.0,0.0,NH Black,hs_or_less,middle (1.3-3.5x),1.69,1920.0,7200.0,1080.0,240.0,1800.0,2.0,5.0,27.4,5.2,50.0,0.0,0.0,0.0,0.0,1,12402.587452361939
2017,58.0,0.0,NH White,college_plus,middle (1.3-3.5x),3.37,240.0,0.0,0.0,60.0,0.0,3.0,10.0,33.7,5.9,36.0,0.0,1.0,1.0,0.0,0,11528.163886712293
2017,65.0,0.0,NH White,hs_or_less,middle (1.3-3.5x),2.34,0.0,0.0,0.0,0.0,0.0,0.0,8.0,35.0,7.3,33.0,1.0,1.0,1.0,1.0,0,46658.57377145507
2017,36.0,0.0,NH Asian,college_plus,middle (1.3-3.5x),2.71,1080.0,120.0,0.0,135.0,30.0,3.0,2.0,26.5,5.5,41.0,0.0,0.0,0.0,0.0,1,10406.306483681794
2017,36.0,1.0,Mexican American,some_college,middle (1.3-3.5x),2.86,320.0,0.0,0.0,80.0,0.0,4.0,4.0,40.9,5.3,48.0,0.0,0.0,1.0,0.0,0,24104.497529847893
2017,38.0,1.0,NH White,college_plus,high (>3.5x),5.0,0.0,0.0,0.0,0.0,0.0,0.0,8.0,26.0,5.0,59.0,0.0,0.0,0.0,0.0,0,53489.02710529072
2017,63.0,1.0,Mexican American,hs_or_less,high (>3.5x),4.62,0.0,0.0,0.0,0.0,0.0,0.0,5.0,39.5,6.1,47.0,0.0,1.0,1.0,0.0,0,8872.072539538505
2017,57.0,0.0,Other Hispanic,hs_or_less,high (>3.5x),5.0,0.0,7200.0,0.0,0.0,1800.0,0.0,4.0,37.3,5.6,37.0,0.0,0.0,1.0,0.0,0,37040.42842385966
2017,47.0,1.0,NH Black,hs_or_less,low (<1.3x poverty),0.6,0.0,11520.0,0.0,0.0,1440.0,0.0,5.0,20.7,5.2,55.0,0.0,0.0,0.0,1.0,0,7122.594955281401
2017,23.0,1.0,Other/Multi,some_college,middle (1.3-3.5x),2.29,3360.0,6720.0,0.0,480.0,1680.0,7.0,5.0,21.4,5.2,58.0,0.0,0.0,0.0,0.0,1,10887.273327960576
2017,31.0,1.0,NH White,some_college,low (<1.3x poverty),1.22,240.0,4800.0,0.0,60.0,1200.0,2.0,4.0,24.7,5.4,37.0,0.0,0.0,0.0,0.0,0,28957.97369003268
2017,48.0,0.0,NH White,hs_or_less,high (>3.5x),5.0,320.0,15840.0,360.0,80.0,3420.0,4.0,10.0,30.3,5.2,44.0,0.0,0.0,1.0,0.0,0,89110.81208073087
2017,27.0,0.0,NH Black,college_plus,high (>3.5x),3.92,4320.0,0.0,0.0,720.0,0.0,7.0,11.0,27.7,5.5,39.0,0.0,0.0,0.0,0.0,1,28703.134858271
2017,48.0,1.0,NH Black,some_college,middle (1.3-3.5x),1.54,0.0,0.0,0.0,0.0,0.0,0.0,15.0,22.4,5.0,58.0,0.0,0.0,0.0,0.0,0,8291.22328401854
2017,54.0,0.0,NH Black,some_college,middle (1.3-3.5x),2.22,0.0,0.0,1200.0,0.0,0.0,0.0,8.0,26.1,5.5,67.0,0.0,0.0,0.0,1.0,0,9881.318641090678
2017,36.0,1.0,NH White,college_plus,high (>3.5x),5.0,360.0,960.0,1200.0,90.0,240.0,3.0,5.0,23.1,5.2,66.0,0.0,0.0,0.0,0.0,0,54905.132324588085
2017,41.0,0.0,NH White,college_plus,high (>3.5x),5.0,0.0,0.0,0.0,0.0,0.0,0.0,12.0,27.8,5.2,42.0,0.0,0.0,0.0,0.0,0,78152.5406719007
2017,26.0,0.0,NH Asian,college_plus,high (>3.5x),4.93,1800.0,960.0,240.0,300.0,240.0,7.0,6.0,27.3,5.2,40.0,0.0,0.0,0.0,0.0,1,27675.459486172324
2017,57.0,0.0,Mexican American,hs_or_less,low (<1.3x poverty),0.67,0.0,4800.0,0.0,0.0,1200.0,0.0,1.25,29.1,5.5,50.0,0.0,0.0,0.0,1.0,0,11072.678836026289
2017,41.0,0.0,NH White,college_plus,middle (1.3-3.5x),1.34,480.0,960.0,0.0,60.0,180.0,1.0,5.0,44.6,5.8,35.0,0.0,1.0,1.0,0.0,0,18711.701685492782
2017,49.0,1.0,NH White,some_college,low (<1.3x poverty),0.82,0.0,6480.0,0.0,0.0,1080.0,0.0,6.0,56.5,5.6,49.0,0.0,0.0,1.0,1.0,0,18929.236233178017
2017,60.0,0.0,NH White,hs_or_less,low (<1.3x poverty),5.397605346934028e-79,0.0,960.0,0.0,0.0,240.0,0.0,8.0,34.3,5.7,43.0,0.0,1.0,1.0,0.0,0,110845.83139216506
2017,23.0,0.0,NH White,hs_or_less,low (<1.3x poverty),0.8,0.0,5520.0,120.0,0.0,780.0,0.0,2.0,19.4,5.2,59.0,0.0,0.0,0.0,1.0,0,44289.36246373108
2017,64.0,1.0,Other/Multi,hs_or_less,low (<1.3x poverty),0.33,0.0,0.0,0.0,0.0,0.0,0.0,6.0,19.0,5.4,45.0,0.0,0.0,0.0,1.0,0,29143.288268680855
2017,48.0,0.0,NH Asian,college_plus,middle (1.3-3.5x),3.38,3360.0,960.0,0.0,540.0,120.0,7.0,2.0,25.5,5.2,60.0,0.0,0.0,0.0,0.0,1,7692.975535272685
2017,22.0,0.0,NH White,hs_or_less,middle (1.3-3.5x),2.73,0.0,1920.0,800.0,0.0,240.0,0.0,2.0,21.6,4.9,80.0,0.0,0.0,0.0,0.0,0,39241.89106229469
2017,34.0,0.0,NH White,college_plus,high (>3.5x),5.0,1200.0,0.0,0.0,150.0,0.0,5.0,6.0,27.4,5.5,58.0,0.0,0.0,0.0,0.0,1,61256.883861484464
2017,24.0,1.0,NH White,college_plus,high (>3.5x),3.62,2400.0,0.0,0.0,330.0,0.0,7.0,1.0,26.9,5.1,51.0,0.0,0.0,0.0,0.0,1,97632.96602495182
2017,40.0,0.0,Other Hispanic,hs_or_less,low (<1.3x poverty),0.05,0.0,0.0,240.0,0.0,0.0,0.0,2.0,25.8,4.7,34.0,0.0,0.0,0.0,1.0,0,25833.641109053005
2017,65.0,1.0,NH White,college_plus,high (>3.5x),5.0,600.0,0.0,0.0,150.0,0.0,5.0,6.0,26.4,6.2,49.0,0.0,1.0,0.0,0.0,1,46929.556389397
2017,54.0,1.0,NH Black,college_plus,middle (1.3-3.5x),3.08,1020.0,2880.0,200.0,135.0,480.0,3.0,9.0,37.2,5.9,69.0,0.0,1.0,1.0,1.0,1,10394.890375151985
2017,26.0,1.0,NH White,some_college,middle (1.3-3.5x),3.29,1920.0,0.0,0.0,240.0,0.0,4.0,3.0,25.9,4.8,57.0,0.0,0.0,0.0,0.0,1,12103.771429406115
2017,36.0,1.0,Mexican American,some_college,middle (1.3-3.5x),3.04,1080.0,0.0,0.0,135.0,0.0,3.0,2.0,39.1,7.9,,1.0,1.0,1.0,0.0,1,16013.686497322573
2017,54.0,1.0,NH Asian,some_college,high (>3.5x),5.0,1560.0,1080.0,200.0,210.0,210.0,5.0,8.0,27.8,6.6,52.0,1.0,1.0,0.0,1.0,1,10176.461499170373
2017,22.0,1.0,NH White,some_college,middle (1.3-3.5x),3.35,480.0,18240.0,0.0,120.0,2460.0,4.0,3.0,31.3,5.4,45.0,0.0,0.0,1.0,0.0,0,6337.305908795585
2017,37.0,0.0,NH Black,some_college,middle (1.3-3.5x),1.62,0.0,0.0,0.0,0.0,0.0,0.0,13.0,19.3,5.4,70.0,0.0,0.0,0.0,0.0,0,13043.446713228355
2017,62.0,1.0,NH Black,hs_or_less,middle (1.3-3.5x),3.23,0.0,0.0,0.0,0.0,0.0,0.0,7.0,27.9,7.2,58.0,1.0,1.0,0.0,1.0,0,7921.861201894726
2017,55.0,1.0,NH White,some_college,high (>3.5x),4.74,0.0,240.0,0.0,0.0,60.0,0.0,8.0,38.6,5.3,58.0,0.0,0.0,1.0,0.0,0,106292.52872919556
2017,59.0,0.0,NH White,some_college,middle (1.3-3.5x),1.83,0.0,0.0,0.0,0.0,0.0,0.0,4.0,36.1,8.1,32.0,1.0,1.0,1.0,0.0,0,18377.925990493808
2017,63.0,1.0,NH Black,hs_or_less,middle (1.3-3.5x),1.59,960.0,3840.0,180.0,240.0,960.0,4.0,0.5833333333333334,28.9,5.7,87.0,0.0,1.0,0.0,0.0,1,7941.692034168199
2017,56.0,0.0,Mexican American,hs_or_less,middle (1.3-3.5x),1.37,0.0,0.0,0.0,0.0,0.0,0.0,3.0,29.6,6.8,,1.0,1.0,0.0,1.0,0,14311.082064487226
2017,28.0,1.0,Mexican American,college_plus,high (>3.5x),5.0,1440.0,3600.0,1440.0,180.0,900.0,3.0,4.0,28.9,5.6,43.0,0.0,0.0,0.0,0.0,1,29434.1788975846
2017,25.0,0.0,NH White,hs_or_less,low (<1.3x poverty),0.81,1200.0,0.0,600.0,300.0,0.0,5.0,3.0,30.6,5.5,46.0,0.0,0.0,1.0,0.0,1,22772.797759215588
2017,33.0,0.0,NH White,college_plus,high (>3.5x),5.0,0.0,0.0,0.0,0.0,0.0,0.0,10.0,26.2,4.9,58.0,0.0,0.0,0.0,0.0,0,116986.20292486555
2017,54.0,0.0,NH White,some_college,high (>3.5x),4.74,1200.0,1520.0,400.0,180.0,340.0,2.0,7.0,28.9,5.0,39.0,0.0,0.0,0.0,0.0,1,135370.18590097103
2017,33.0,0.0,NH White,hs_or_less,low (<1.3x poverty),1.16,0.0,24480.0,0.0,0.0,3240.0,0.0,3.0,21.6,5.4,54.0,0.0,0.0,0.0,0.0,0,32086.39530658326
2017,34.0,1.0,NH Asian,some_college,middle (1.3-3.5x),2.15,0.0,4560.0,80.0,0.0,1020.0,0.0,2.0,18.7,5.2,55.0,0.0,0.0,0.0,0.0,0,4054.224257888879
2017,39.0,1.0,NH Black,college_plus,high (>3.5x),4.9,1200.0,2400.0,0.0,180.0,600.0,6.0,4.0,41.4,5.9,84.0,0.0,1.0,1.0,0.0,1,14329.153315226547
2017,37.0,1.0,NH White,hs_or_less,low (<1.3x poverty),0.09,0.0,0.0,0.0,0.0,0.0,0.0,10.0,50.7,10.9,29.0,1.0,1.0,1.0,1.0,0,19139.454038489395
2017,27.0,1.0,Mexican American,hs_or_less,middle (1.3-3.5x),1.7,0.0,0.0,0.0,0.0,0.0,0.0,6.0,43.4,5.2,40.0,0.0,0.0,1.0,1.0,0,23994.497987668754
2017,36.0,0.0,Mexican American,hs_or_less,middle (1.3-3.5x),1.37,0.0,10080.0,0.0,0.0,1620.0,0.0,2.0,27.4,5.4,37.0,0.0,0.0,0.0,0.0,0,12621.789120190138
2017,31.0,0.0,NH White,hs_or_less,low (<1.3x poverty),1.0,0.0,13200.0,0.0,0.0,1800.0,0.0,4.0,24.7,5.3,41.0,0.0,0.0,0.0,0.0,0,24414.875331186846
2017,64.0,0.0,NH White,hs_or_less,middle (1.3-3.5x),1.91,0.0,3840.0,0.0,0.0,960.0,0.0,4.0,25.5,6.7,42.0,1.0,1.0,0.0,1.0,0,12666.035843191681
2017,31.0,0.0,Mexican American,some_college,middle (1.3-3.5x),1.59,2160.0,0.0,0.0,300.0,0.0,7.0,9.0,30.0,5.4,28.0,0.0,0.0,1.0,1.0,1,13266.010746500948
2017,59.0,1.0,Mexican American,hs_or_less,middle (1.3-3.5x),1.44,1200.0,8640.0,0.0,300.0,2160.0,5.0,1.5,27.3,5.7,36.0,0.0,1.0,0.0,0.0,1,8843.029283747679
2017,40.0,1.0,Mexican American,hs_or_less,low (<1.3x poverty),0.91,0.0,4800.0,160.0,0.0,1200.0,0.0,3.0,28.9,5.4,37.0,0.0,0.0,0.0,0.0,0,4844.092540565546
2017,26.0,1.0,NH Black,hs_or_less,middle (1.3-3.5x),1.62,720.0,3600.0,0.0,180.0,900.0,3.0,4.0,29.2,5.3,51.0,0.0,0.0,0.0,1.0,1,22252.71587458736
2017,42.0,0.0,NH White,some_college,low (<1.3x poverty),0.95,840.0,8640.0,0.0,150.0,1440.0,4.0,4.0,33.4,5.3,41.0,0.0,0.0,1.0,0.0,1,13642.100051313268
2017,44.0,0.0,Other/Multi,college_plus,high (>3.5x),5.0,1640.0,0.0,0.0,230.0,0.0,7.0,10.0,24.9,5.3,48.0,0.0,0.0,0.0,0.0,1,18568.34581755796
2017,26.0,1.0,Mexican American,hs_or_less,low (<1.3x poverty),0.58,0.0,0.0,0.0,0.0,0.0,0.0,2.5,24.6,5.5,60.0,0.0,0.0,0.0,0.0,0,15969.069923173289
2017,27.0,1.0,NH Asian,some_college,middle (1.3-3.5x),1.6,0.0,6000.0,0.0,0.0,1500.0,0.0,3.0,31.6,5.3,58.0,0.0,0.0,1.0,0.0,0,5530.742903802606
2017,20.0,1.0,NH White,some_college,low (<1.3x poverty),0.41,2880.0,3600.0,0.0,420.0,900.0,7.0,6.0,18.0,5.4,63.0,0.0,0.0,0.0,0.0,1,40638.20694131697
2017,25.0,0.0,Mexican American,hs_or_less,middle (1.3-3.5x),3.32,4800.0,0.0,0.0,750.0,0.0,7.0,6.0,32.7,5.0,48.0,0.0,0.0,1.0,0.0,1,30990.786131222
2017,44.0,1.0,Other Hispanic,hs_or_less,low (<1.3x poverty),0.41,0.0,0.0,0.0,0.0,0.0,0.0,2.0,19.8,5.4,66.0,0.0,0.0,0.0,1.0,0,15523.076554465932
2017,49.0,0.0,Mexican American,hs_or_less,middle (1.3-3.5x),2.88,720.0,0.0,0.0,120.0,0.0,2.0,2.0,31.9,5.6,55.0,0.0,0.0,1.0,0.0,1,41339.707627029864
2017,44.0,0.0,Mexican American,some_college,middle (1.3-3.5x),3.42,3600.0,2880.0,0.0,540.0,660.0,7.0,2.0,36.1,5.6,59.0,0.0,0.0,1.0,0.0,1,48853.60005785819
2017,54.0,1.0,Other Hispanic,hs_or_less,low (<1.3x poverty),1.08,0.0,2160.0,0.0,0.0,540.0,0.0,3.0,38.5,12.1,57.0,1.0,1.0,1.0,1.0,0,5806.9758985797425
2017,63.0,0.0,NH White,some_college,high (>3.5x),5.0,600.0,1940.0,0.0,150.0,305.0,6.0,12.0,29.0,6.0,42.0,0.0,1.0,0.0,0.0,1,37750.254723862396
2017,57.0,1.0,Other Hispanic,hs_or_less,low (<1.3x poverty),0.86,0.0,0.0,0.0,0.0,0.0,0.0,4.0,23.1,5.7,72.0,0.0,1.0,0.0,1.0,0,14701.401742882961
2017,62.0,1.0,NH Black,hs_or_less,low (<1.3x poverty),0.91,0.0,0.0,0.0,0.0,0.0,0.0,8.0,33.2,5.6,56.0,0.0,0.0,1.0,0.0,0,6055.465655652274
2017,37.0,0.0,NH Asian,college_plus,high (>3.5x),5.0,480.0,0.0,0.0,60.0,0.0,1.0,4.0,22.7,5.3,59.0,0.0,0.0,0.0,0.0,0,15980.267556736078
2017,33.0,0.0,Other/Multi,hs_or_less,low (<1.3x poverty),0.74,0.0,9600.0,480.0,0.0,1680.0,0.0,3.0,36.9,5.0,41.0,0.0,0.0,1.0,0.0,0,17494.2402009891
2017,63.0,0.0,Mexican American,hs_or_less,middle (1.3-3.5x),2.59,0.0,0.0,0.0,0.0,0.0,0.0,1.0,32.7,5.5,47.0,0.0,0.0,1.0,0.0,0,4478.646598618577
2017,41.0,0.0,NH White,some_college,middle (1.3-3.5x),2.13,0.0,0.0,0.0,0.0,0.0,0.0,2.0,46.1,7.2,37.0,1.0,1.0,1.0,1.0,0,14749.202616791828
2017,38.0,1.0,Mexican American,hs_or_less,middle (1.3-3.5x),2.03,0.0,0.0,0.0,0.0,0.0,0.0,5.0,36.1,9.3,38.0,1.0,1.0,1.0,1.0,0,18827.860936960886
2017,44.0,1.0,NH Black,hs_or_less,high (>3.5x),5.0,6480.0,14400.0,720.0,900.0,2400.0,7.0,6.0,40.7,5.2,81.0,0.0,0.0,1.0,0.0,1,16622.710343848
2017,56.0,1.0,NH White,hs_or_less,high (>3.5x),5.0,2240.0,720.0,0.0,320.0,180.0,6.0,10.0,23.2,5.5,36.0,0.0,0.0,0.0,0.0,1,43654.56741334439
2017,62.0,1.0,NH White,some_college,high (>3.5x),5.0,0.0,0.0,0.0,0.0,0.0,0.0,10.0,28.9,5.2,84.0,0.0,0.0,0.0,0.0,0,54952.6664538663
2017,56.0,1.0,NH White,college_plus,middle (1.3-3.5x),1.83,1920.0,0.0,120.0,300.0,0.0,7.0,5.0,19.8,5.5,83.0,0.0,0.0,0.0,0.0,1,21641.17962843448
2017,58.0,0.0,NH White,hs_or_less,low (<1.3x poverty),0.58,0.0,0.0,0.0,0.0,0.0,0.0,6.0,40.9,6.9,48.0,1.0,1.0,1.0,1.0,0,46536.330784661266
2017,39.0,0.0,NH White,hs_or_less,middle (1.3-3.5x),2.15,0.0,0.0,0.0,0.0,0.0,0.0,14.0,56.1,6.4,29.0,1.0,1.0,1.0,1.0,0,41580.17970944288
2017,34.0,1.0,Mexican American,hs_or_less,middle (1.3-3.5x),2.52,4800.0,6480.0,0.0,840.0,1260.0,7.0,8.0,23.5,5.6,55.0,0.0,0.0,0.0,0.0,1,26141.32681754262
2017,29.0,1.0,Other/Multi,hs_or_less,middle (1.3-3.5x),1.8,0.0,0.0,600.0,0.0,0.0,0.0,2.0,42.7,6.6,47.0,1.0,1.0,1.0,1.0,0,12077.102265479227
2017,58.0,0.0,NH White,some_college,middle (1.3-3.5x),2.43,0.0,0.0,120.0,0.0,0.0,0.0,5.0,24.7,4.8,45.0,0.0,0.0,0.0,0.0,0,60132.50247818402
2017,34.0,0.0,NH Black,hs_or_less,low (<1.3x poverty),1.11,0.0,0.0,0.0,0.0,0.0,0.0,8.0,20.4,4.7,44.0,0.0,0.0,0.0,0.0,0,27963.129820546885
2017,25.0,1.0,NH White,hs_or_less,middle (1.3-3.5x),1.75,480.0,1440.0,720.0,120.0,360.0,2.0,8.0,21.3,5.5,40.0,0.0,0.0,0.0,0.0,0,50092.02118600614
2017,28.0,1.0,NH Asian,college_plus,high (>3.5x),3.69,1680.0,0.0,0.0,240.0,0.0,3.0,5.0,24.5,5.3,54.0,0.0,0.0,0.0,0.0,1,10567.829462763328
2017,46.0,0.0,NH White,some_college,high (>3.5x),4.41,0.0,0.0,0.0,0.0,0.0,0.0,8.0,26.3,5.1,35.0,0.0,0.0,0.0,0.0,0,64250.70762111468
2017,34.0,0.0,NH White,college_plus,high (>3.5x),5.0,0.0,0.0,0.0,0.0,0.0,0.0,11.0,23.4,5.3,69.0,0.0,0.0,0.0,0.0,0,140880.83752848583
2017,58.0,1.0,NH Black,college_plus,high (>3.5x),3.92,0.0,0.0,0.0,0.0,0.0,0.0,2.0,34.9,6.5,64.0,1.0,1.0,1.0,0.0,0,18390.031339969173
2017,33.0,0.0,NH White,college_plus,high (>3.5x),4.29,0.0,0.0,0.0,0.0,0.0,0.0,12.0,30.8,5.3,32.0,0.0,0.0,1.0,0.0,0,41628.65551045008
2017,62.0,1.0,Other Hispanic,hs_or_less,low (<1.3x poverty),1.06,0.0,0.0,0.0,0.0,0.0,0.0,4.0,26.3,6.4,36.0,0.0,1.0,0.0,1.0,0,6874.344261456612
2017,41.0,0.0,NH Black,some_college,high (>3.5x),5.0,3600.0,0.0,180.0,540.0,0.0,6.0,3.0,32.3,6.0,45.0,0.0,1.0,1.0,0.0,1,10178.103191714375
2017,41.0,1.0,Other Hispanic,some_college,high (>3.5x),5.0,2040.0,6960.0,0.0,285.0,1620.0,7.0,6.0,26.4,5.5,63.0,0.0,0.0,0.0,0.0,1,17063.04309854281
2017,38.0,0.0,Mexican American,hs_or_less,low (<1.3x poverty),0.49,0.0,0.0,0.0,0.0,0.0,0.0,3.0,28.3,10.7,26.0,1.0,1.0,0.0,1.0,0,11918.44985850102
2017,60.0,0.0,NH Black,hs_or_less,middle (1.3-3.5x),3.49,0.0,0.0,0.0,0.0,0.0,0.0,2.0,33.2,5.7,33.0,1.0,1.0,1.0,0.0,0,4974.611047767339
2017,36.0,0.0,NH White,college_plus,high (>3.5x),5.0,1680.0,0.0,0.0,240.0,0.0,3.0,12.0,32.8,5.2,46.0,0.0,0.0,1.0,0.0,1,49699.12730064188
2017,60.0,1.0,NH White,some_college,low (<1.3x poverty),1.21,0.0,1560.0,0.0,0.0,270.0,0.0,4.0,36.6,5.5,36.0,0.0,0.0,1.0,0.0,0,15957.211531120663
2017,29.0,0.0,Other Hispanic,hs_or_less,low (<1.3x poverty),0.73,960.0,960.0,4320.0,120.0,240.0,1.0,3.0,28.5,5.4,53.0,0.0,0.0,0.0,0.0,1,11937.017541512632
2017,31.0,0.0,NH Black,some_college,high (>3.5x),5.0,7200.0,21600.0,0.0,1080.0,3600.0,6.0,6.0,30.2,5.3,67.0,0.0,0.0,1.0,0.0,1,10894.827315331971
2017,33.0,0.0,NH White,some_college,middle (1.3-3.5x),1.49,180.0,6000.0,0.0,45.0,900.0,1.0,3.0,25.3,5.7,48.0,0.0,1.0,0.0,0.0,0,15342.057549815398
2017,45.0,0.0,NH White,some_college,middle (1.3-3.5x),1.67,300.0,4320.0,0.0,75.0,1080.0,5.0,4.0,36.6,6.1,28.0,0.0,1.0,1.0,0.0,0,12905.552289692849
2017,62.0,0.0,Mexican American,hs_or_less,middle (1.3-3.5x),1.45,0.0,0.0,0.0,0.0,0.0,0.0,2.0,19.5,14.3,60.0,1.0,1.0,0.0,1.0,0,3168.4633923284337
2017,59.0,1.0,NH White,some_college,low (<1.3x poverty),1.02,0.0,5280.0,0.0,0.0,1020.0,0.0,8.0,31.0,5.6,63.0,0.0,0.0,1.0,1.0,0,17545.011277717054
2017,33.0,0.0,Other/Multi,hs_or_less,middle (1.3-3.5x),1.6,0.0,1920.0,0.0,0.0,300.0,0.0,3.0,31.2,5.7,41.0,0.0,1.0,1.0,0.0,0,17813.47641744775
2017,56.0,0.0,NH White,some_college,low (<1.3x poverty),0.56,240.0,720.0,0.0,60.0,180.0,1.0,6.0,24.9,4.9,47.0,0.0,0.0,0.0,0.0,0,37898.864179654265
2017,46.0,0.0,NH White,some_college,low (<1.3x poverty),1.15,960.0,2400.0,0.0,240.0,600.0,4.0,8.0,40.2,5.5,44.0,0.0,0.0,1.0,0.0,1,26107.45743345677
2017,63.0,0.0,Other Hispanic,college_plus,high (>3.5x),5.0,1440.0,2640.0,0.0,225.0,570.0,6.0,5.0,31.1,6.3,43.0,0.0,1.0,1.0,1.0,1,5349.878827400772
2017,60.0,0.0,Mexican American,hs_or_less,low (<1.3x poverty),0.05,0.0,0.0,320.0,0.0,0.0,0.0,0.6666666666666666,28.7,8.0,41.0,1.0,1.0,0.0,0.0,0,3449.021659244669
2017,63.0,0.0,Mexican American,hs_or_less,middle (1.3-3.5x),1.52,0.0,0.0,0.0,0.0,0.0,0.0,12.0,28.7,5.6,37.0,0.0,0.0,0.0,1.0,0,5312.227670852772
2017,42.0,0.0,NH Black,some_college,middle (1.3-3.5x),3.03,1200.0,17280.0,0.0,240.0,2520.0,4.0,5.0,38.6,5.5,63.0,0.0,0.0,1.0,0.0,1,9347.147964301972
2017,64.0,0.0,NH White,hs_or_less,middle (1.3-3.5x),1.49,0.0,1080.0,0.0,0.0,180.0,0.0,3.0,28.5,6.0,54.0,0.0,1.0,0.0,1.0,0,13284.940408819832
2017,34.0,1.0,NH Black,some_college,middle (1.3-3.5x),1.73,2400.0,0.0,0.0,360.0,0.0,6.0,5.0,31.9,5.3,63.0,0.0,0.0,1.0,0.0,1,8275.00137629645
2017,26.0,0.0,Other/Multi,hs_or_less,low (<1.3x poverty),0.49,0.0,1440.0,1440.0,0.0,360.0,0.0,12.0,22.5,5.2,32.0,0.0,0.0,0.0,0.0,0,42706.296384428104
2017,28.0,1.0,Other/Multi,college_plus,low (<1.3x poverty),1.2,960.0,720.0,0.0,150.0,120.0,5.0,4.0,32.8,5.2,49.0,0.0,0.0,1.0,0.0,1,20175.235993273585
2017,50.0,0.0,NH Asian,college_plus,high (>3.5x),4.98,0.0,0.0,720.0,0.0,0.0,0.0,8.0,26.3,6.0,66.0,0.0,1.0,0.0,0.0,0,7684.142306973057
2017,50.0,0.0,Other Hispanic,some_college,middle (1.3-3.5x),1.47,0.0,0.0,0.0,0.0,0.0,0.0,9.0,33.1,5.6,48.0,0.0,0.0,1.0,0.0,0,11480.075949865233
2017,33.0,0.0,Other/Multi,some_college,middle (1.3-3.5x),1.79,0.0,300.0,0.0,0.0,75.0,0.0,10.0,68.2,5.9,41.0,0.0,1.0,1.0,1.0,0,18294.2122784657
2017,23.0,0.0,Other Hispanic,some_college,low (<1.3x poverty),0.41,0.0,19200.0,0.0,0.0,2400.0,0.0,2.0,20.0,5.4,75.0,0.0,0.0,0.0,0.0,0,22773.191858633065
2017,54.0,0.0,NH Black,college_plus,high (>3.5x),5.0,0.0,0.0,0.0,0.0,0.0,0.0,12.0,30.5,10.6,44.0,1.0,1.0,1.0,0.0,0,13168.827826618819
2017,60.0,0.0,NH Black,college_plus,high (>3.5x),5.0,0.0,240.0,0.0,0.0,60.0,0.0,8.0,28.2,13.1,60.0,1.0,1.0,0.0,0.0,0,6020.9854724920315
2017,63.0,1.0,NH White,some_college,high (>3.5x),5.0,0.0,0.0,0.0,0.0,0.0,0.0,5.0,43.0,6.0,47.0,0.0,1.0,1.0,0.0,0,74317.82695374923
2017,50.0,0.0,NH Black,some_college,high (>3.5x),5.0,1440.0,720.0,0.0,240.0,180.0,4.0,8.0,21.7,6.4,48.0,0.0,1.0,0.0,0.0,1,12434.977992017495
2017,24.0,1.0,NH Black,hs_or_less,low (<1.3x poverty),0.6,0.0,14400.0,0.0,0.0,2100.0,0.0,2.0,38.8,5.4,73.0,0.0,0.0,1.0,0.0,0,10608.03953106624
2017,59.0,1.0,NH White,some_college,high (>3.5x),4.45,0.0,0.0,0.0,0.0,0.0,0.0,0.13333333333333333,31.4,5.3,93.0,0.0,0.0,1.0,0.0,0,69888.71438029721
2017,39.0,0.0,NH Asian,college_plus,high (>3.5x),5.0,300.0,2880.0,0.0,45.0,720.0,2.0,3.0,22.7,5.5,50.0,0.0,0.0,0.0,0.0,0,11867.01524296019
2017,34.0,0.0,NH Asian,college_plus,high (>3.5x),5.0,2160.0,4800.0,0.0,315.0,1200.0,7.0,3.0,27.9,5.0,64.0,0.0,0.0,0.0,0.0,1,8573.537181898506
2017,57.0,1.0,NH Black,some_college,middle (1.3-3.5x),1.85,0.0,0.0,0.0,0.0,0.0,0.0,8.0,34.7,11.1,121.0,1.0,1.0,1.0,0.0,0,10522.26134412532
2017,65.0,0.0,NH Black,hs_or_less,middle (1.3-3.5x),2.82,0.0,1440.0,0.0,0.0,360.0,0.0,0.5,20.6,5.8,76.0,0.0,1.0,0.0,0.0,0,4843.372747866383
2017,64.0,0.0,NH White,hs_or_less,middle (1.3-3.5x),2.0,0.0,0.0,0.0,0.0,0.0,0.0,6.0,29.9,12.4,33.0,1.0,1.0,0.0,1.0,0,22463.820118446256
2017,33.0,0.0,NH White,hs_or_less,low (<1.3x poverty),1.21,0.0,1680.0,0.0,0.0,300.0,0.0,3.0,29.4,5.0,28.0,0.0,0.0,0.0,1.0,0,18507.734506578654
2017,56.0,1.0,NH White,some_college,high (>3.5x),4.41,960.0,0.0,0.0,240.0,0.0,4.0,14.0,23.2,5.6,60.0,0.0,0.0,0.0,0.0,1,96042.26731523922
2017,63.0,1.0,NH White,some_college,high (>3.5x),3.95,240.0,5760.0,0.0,60.0,1440.0,1.0,3.0,33.5,5.6,41.0,0.0,0.0,1.0,0.0,0,59260.715301597724
2017,61.0,1.0,NH White,hs_or_less,high (>3.5x),5.0,400.0,600.0,0.0,100.0,150.0,5.0,4.0,34.0,5.6,35.0,1.0,1.0,1.0,0.0,0,130537.02484868295
2017,32.0,1.0,NH Black,hs_or_less,low (<1.3x poverty),1.18,0.0,0.0,0.0,0.0,0.0,0.0,8.0,23.1,5.2,72.0,0.0,0.0,0.0,0.0,0,11939.602828383862
2017,46.0,0.0,NH White,some_college,middle (1.3-3.5x),1.82,0.0,20160.0,15840.0,0.0,3240.0,0.0,2.0,30.6,5.5,46.0,0.0,0.0,1.0,0.0,0,16343.167347170664
2017,33.0,0.0,Other/Multi,college_plus,high (>3.5x),5.0,0.0,0.0,0.0,0.0,0.0,0.0,8.0,33.7,5.1,50.0,0.0,0.0,1.0,0.0,0,10513.981032072024
2017,46.0,0.0,Mexican American,some_college,middle (1.3-3.5x),1.74,4080.0,7200.0,1200.0,660.0,1200.0,7.0,3.0,27.0,5.2,54.0,0.0,0.0,0.0,0.0,1,16272.391017017675
2017,22.0,0.0,NH Black,some_college,high (>3.5x),4.93,2880.0,1200.0,0.0,480.0,300.0,7.0,10.0,30.5,5.3,110.0,0.0,0.0,1.0,0.0,1,16745.064864334556
2017,40.0,1.0,NH Asian,college_plus,high (>3.5x),5.0,2640.0,0.0,0.0,420.0,0.0,7.0,8.0,21.6,5.0,72.0,0.0,0.0,0.0,0.0,1,6884.6980789337995
2017,64.0,0.0,NH Black,college_plus,high (>3.5x),3.55,180.0,0.0,0.0,45.0,0.0,3.0,3.0,32.3,6.4,68.0,1.0,1.0,1.0,1.0,0,3081.441027144763
2017,26.0,1.0,NH White,college_plus,middle (1.3-3.5x),3.32,2800.0,0.0,0.0,400.0,0.0,7.0,4.0,22.3,5.1,64.0,0.0,0.0,0.0,0.0,1,64027.05789808691
2017,34.0,0.0,NH White,hs_or_less,low (<1.3x poverty),0.96,0.0,0.0,0.0,0.0,0.0,0.0,3.0,32.1,5.0,31.0,0.0,0.0,1.0,1.0,0,27107.84583624116
2017,44.0,1.0,NH Asian,college_plus,high (>3.5x),5.0,900.0,0.0,0.0,225.0,0.0,5.0,7.0,28.3,7.3,42.0,1.0,1.0,0.0,0.0,1,13479.742898340122
2017,53.0,0.0,NH White,hs_or_less,high (>3.5x),4.81,2880.0,5760.0,0.0,420.0,1440.0,7.0,12.0,29.6,6.0,41.0,0.0,1.0,0.0,0.0,1,71274.50978859334
2017,25.0,1.0,Other Hispanic,college_plus,high (>3.5x),4.08,0.0,0.0,0.0,0.0,0.0,0.0,10.0,21.1,5.2,56.0,0.0,0.0,0.0,0.0,0,43074.778710718914
2017,59.0,1.0,NH White,some_college,middle (1.3-3.5x),2.92,0.0,0.0,0.0,0.0,0.0,0.0,13.0,48.1,5.6,46.0,0.0,0.0,1.0,0.0,0,122767.97701098236
2017,44.0,1.0,NH White,college_plus,middle (1.3-3.5x),2.89,1320.0,0.0,0.0,240.0,0.0,7.0,8.0,28.5,5.2,78.0,0.0,0.0,0.0,0.0,1,60817.834836032984
2017,50.0,0.0,Mexican American,hs_or_less,middle (1.3-3.5x),1.7,1120.0,5760.0,600.0,160.0,1440.0,3.0,1.0,29.7,5.8,27.0,0.0,1.0,0.0,0.0,1,12617.745958220527
2017,21.0,1.0,NH Black,college_plus,high (>3.5x),5.0,120.0,360.0,720.0,30.0,90.0,1.0,5.0,21.9,4.8,54.0,0.0,0.0,0.0,0.0,0,21177.648010424422
2017,22.0,0.0,NH Black,some_college,low (<1.3x poverty),1.16,9360.0,2160.0,0.0,1620.0,540.0,7.0,3.0,22.3,5.3,75.0,0.0,0.0,0.0,0.0,1,27613.329044178852
2017,22.0,0.0,Other/Multi,hs_or_less,high (>3.5x),5.0,3600.0,0.0,0.0,540.0,0.0,6.0,12.0,24.0,5.3,32.0,0.0,0.0,0.0,0.0,1,10904.912280761007
2017,60.0,0.0,NH White,hs_or_less,middle (1.3-3.5x),1.54,0.0,0.0,240.0,0.0,0.0,0.0,9.0,24.2,5.6,40.0,1.0,1.0,0.0,0.0,0,12398.260425040622
2017,65.0,0.0,Mexican American,hs_or_less,low (<1.3x poverty),1.0,0.0,0.0,0.0,0.0,0.0,0.0,4.0,32.3,6.6,40.0,1.0,1.0,1.0,1.0,0,2860.040938579238
2017,51.0,1.0,NH White,some_college,low (<1.3x poverty),0.8,160.0,0.0,0.0,40.0,0.0,2.0,1.0,28.9,6.7,54.0,1.0,1.0,0.0,1.0,0,17907.21297182902
2017,64.0,1.0,NH Black,some_college,middle (1.3-3.5x),2.24,160.0,0.0,0.0,40.0,0.0,2.0,2.0,26.3,6.2,73.0,0.0,1.0,0.0,0.0,0,3099.8307556508844
2017,53.0,1.0,NH White,some_college,low (<1.3x poverty),0.86,240.0,11040.0,0.0,60.0,2460.0,2.0,5.0,28.0,5.9,60.0,0.0,1.0,0.0,0.0,0,13147.197042704582
2017,24.0,0.0,NH White,some_college,low (<1.3x poverty),1.2,0.0,0.0,0.0,0.0,0.0,0.0,6.0,16.3,5.4,48.0,0.0,0.0,0.0,0.0,0,21781.960292216452
2017,55.0,1.0,NH White,some_college,middle (1.3-3.5x),1.32,0.0,0.0,0.0,0.0,0.0,0.0,5.0,33.4,5.7,70.0,0.0,1.0,1.0,0.0,0,30307.712926373973
2017,61.0,1.0,NH White,hs_or_less,middle (1.3-3.5x),3.05,480.0,12960.0,0.0,120.0,2160.0,4.0,9.0,23.6,5.7,60.0,0.0,1.0,0.0,0.0,0,189101.38840261288
2017,40.0,0.0,NH Asian,college_plus,high (>3.5x),4.78,0.0,480.0,240.0,0.0,120.0,0.0,5.0,24.1,5.6,38.0,0.0,0.0,0.0,0.0,0,9621.89370569506
2017,23.0,1.0,NH Black,some_college,low (<1.3x poverty),0.37,1360.0,960.0,0.0,200.0,180.0,7.0,5.0,23.6,5.2,58.0,0.0,0.0,0.0,0.0,1,10966.159515572777
2017,20.0,0.0,Mexican American,hs_or_less,middle (1.3-3.5x),1.49,960.0,8640.0,960.0,120.0,1680.0,1.0,3.0,32.7,5.5,37.0,0.0,0.0,1.0,1.0,1,11417.840011764305
2017,59.0,0.0,NH White,some_college,high (>3.5x),5.0,0.0,0.0,0.0,0.0,0.0,0.0,6.0,29.7,6.1,66.0,1.0,1.0,0.0,0.0,0,69327.42787594584
2017,62.0,1.0,Mexican American,hs_or_less,low (<1.3x poverty),0.58,0.0,0.0,0.0,0.0,0.0,0.0,3.0,28.7,6.7,69.0,1.0,1.0,0.0,0.0,0,2587.7917849715423
2017,63.0,1.0,NH Asian,hs_or_less,low (<1.3x poverty),0.8,1760.0,3120.0,0.0,400.0,420.0,7.0,0.5,31.4,5.8,94.0,1.0,1.0,1.0,1.0,1,6766.317676189882
2017,43.0,0.0,Mexican American,hs_or_less,middle (1.3-3.5x),2.47,0.0,5760.0,0.0,0.0,1320.0,0.0,2.0,31.0,6.3,38.0,0.0,1.0,1.0,1.0,0,12450.118795474777
2017,62.0,0.0,NH Black,hs_or_less,low (<1.3x poverty),0.94,0.0,0.0,0.0,0.0,0.0,0.0,7.0,31.6,4.9,34.0,0.0,0.0,1.0,0.0,0,3723.033976839833
2017,61.0,1.0,NH White,some_college,low (<1.3x poverty),1.29,0.0,0.0,0.0,0.0,0.0,0.0,5.0,20.8,4.7,66.0,0.0,0.0,0.0,1.0,0,35675.979239418164
2017,54.0,0.0,NH Asian,some_college,middle (1.3-3.5x),1.92,0.0,1920.0,0.0,0.0,480.0,0.0,2.0,32.6,10.9,58.0,1.0,1.0,1.0,1.0,0,5173.413203701083
2017,50.0,1.0,NH White,some_college,middle (1.3-3.5x),1.92,240.0,1200.0,0.0,60.0,300.0,1.0,2.0,29.9,5.5,66.0,0.0,0.0,0.0,0.0,0,19856.201588715794
2017,23.0,0.0,NH White,hs_or_less,middle (1.3-3.5x),2.29,3600.0,14400.0,0.0,900.0,3600.0,5.0,2.0,19.6,5.2,57.0,0.0,0.0,0.0,0.0,1,89635.74959528793
2017,57.0,1.0,NH White,some_college,middle (1.3-3.5x),1.71,540.0,0.0,0.0,135.0,0.0,3.0,4.0,24.3,5.4,71.0,0.0,0.0,0.0,0.0,0,18250.817894958953
2017,50.0,0.0,NH White,college_plus,high (>3.5x),3.65,480.0,0.0,0.0,120.0,0.0,2.0,1.5,30.6,5.4,54.0,0.0,0.0,1.0,0.0,0,104018.86593737689
2017,50.0,0.0,NH Black,some_college,high (>3.5x),5.0,720.0,720.0,0.0,120.0,180.0,4.0,9.0,31.0,7.5,70.0,1.0,1.0,1.0,0.0,1,13533.45576624016
2017,34.0,0.0,NH White,hs_or_less,middle (1.3-3.5x),1.81,0.0,0.0,0.0,0.0,0.0,0.0,5.0,26.6,5.7,35.0,0.0,1.0,0.0,0.0,0,26913.86161119649
2017,47.0,1.0,NH White,some_college,high (>3.5x),5.0,5760.0,0.0,0.0,900.0,0.0,7.0,3.0,21.7,5.4,126.0,0.0,0.0,0.0,0.0,1,54185.16774296701
2017,25.0,0.0,NH Black,some_college,middle (1.3-3.5x),1.43,0.0,0.0,0.0,0.0,0.0,0.0,10.0,26.2,5.4,57.0,0.0,0.0,0.0,0.0,0,15220.666191492275
2017,20.0,0.0,NH White,hs_or_less,low (<1.3x poverty),0.49,120.0,2400.0,640.0,30.0,600.0,1.0,8.0,39.4,5.6,37.0,0.0,0.0,1.0,1.0,0,29686.336133213343
2017,62.0,0.0,Other Hispanic,college_plus,high (>3.5x),4.56,720.0,0.0,720.0,180.0,0.0,3.0,2.0,29.1,4.9,38.0,0.0,0.0,0.0,0.0,1,8349.475049558812
2017,46.0,1.0,NH Asian,hs_or_less,low (<1.3x poverty),0.88,0.0,0.0,0.0,0.0,0.0,0.0,4.0,20.7,5.2,67.0,0.0,0.0,0.0,0.0,0,5808.82434284268
2017,49.0,0.0,NH White,college_plus,high (>3.5x),5.0,360.0,1320.0,0.0,90.0,240.0,3.0,10.0,32.1,5.4,44.0,0.0,0.0,1.0,0.0,0,145281.16900438757
2017,60.0,1.0,Mexican American,some_college,high (>3.5x),4.25,120.0,0.0,0.0,30.0,0.0,3.0,16.0,40.8,7.4,52.0,1.0,1.0,1.0,0.0,0,3795.136148889342
2017,63.0,1.0,NH White,college_plus,middle (1.3-3.5x),2.31,720.0,2880.0,0.0,180.0,720.0,4.0,1.5,18.8,5.4,71.0,0.0,0.0,0.0,0.0,1,59042.67957872745
2017,58.0,0.0,NH White,hs_or_less,low (<1.3x poverty),0.61,0.0,960.0,480.0,0.0,120.0,0.0,12.0,41.0,10.7,30.0,1.0,1.0,1.0,1.0,0,13614.707291228899
2017,60.0,1.0,NH White,hs_or_less,low (<1.3x poverty),0.82,0.0,1920.0,0.0,0.0,480.0,0.0,6.0,32.7,5.6,48.0,0.0,0.0,1.0,0.0,0,25182.523623957844
2017,57.0,0.0,NH White,some_college,high (>3.5x),5.0,600.0,1200.0,0.0,150.0,300.0,5.0,10.0,31.9,5.2,33.0,0.0,0.0,1.0,0.0,1,101093.89678201573
2017,54.0,1.0,NH White,some_college,high (>3.5x),5.0,0.0,240.0,0.0,0.0,60.0,0.0,4.0,24.6,5.3,56.0,0.0,0.0,0.0,0.0,0,92818.11906498564
2017,61.0,0.0,Mexican American,hs_or_less,low (<1.3x poverty),1.19,0.0,0.0,0.0,0.0,0.0,0.0,0.8333333333333334,30.8,5.8,58.0,0.0,1.0,1.0,0.0,0,2609.9917632544175
2017,47.0,0.0,NH White,some_college,middle (1.3-3.5x),3.03,1080.0,120.0,0.0,150.0,30.0,6.0,10.0,28.6,5.2,49.0,0.0,0.0,0.0,0.0,1,90436.42741644586
2017,61.0,0.0,NH Black,hs_or_less,low (<1.3x poverty),0.99,0.0,0.0,80.0,0.0,0.0,0.0,0.75,30.0,5.6,69.0,0.0,0.0,1.0,1.0,0,5766.660868624405
2017,61.0,0.0,NH White,hs_or_less,middle (1.3-3.5x),1.72,0.0,2400.0,0.0,0.0,600.0,0.0,6.0,29.8,5.7,37.0,0.0,1.0,0.0,1.0,0,13050.80044741119
2017,30.0,1.0,NH White,some_college,middle (1.3-3.5x),2.06,0.0,0.0,0.0,0.0,0.0,0.0,5.0,43.9,5.1,48.0,0.0,0.0,1.0,0.0,0,17413.775344356967
2017,57.0,1.0,Other Hispanic,some_college,low (<1.3x poverty),0.82,0.0,0.0,0.0,0.0,0.0,0.0,6.0,32.6,5.8,47.0,0.0,1.0,1.0,1.0,0,16491.160406206996
2017,65.0,0.0,NH White,hs_or_less,high (>3.5x),5.0,0.0,960.0,0.0,0.0,240.0,0.0,5.0,23.6,7.2,40.0,1.0,1.0,0.0,0.0,0,45812.27431734414
2017,25.0,0.0,NH Asian,college_plus,high (>3.5x),5.0,120.0,0.0,0.0,30.0,0.0,1.0,12.0,22.6,5.4,57.0,0.0,0.0,0.0,0.0,0,16550.216355577624
2017,62.0,0.0,NH Black,hs_or_less,middle (1.3-3.5x),1.84,0.0,2880.0,0.0,0.0,480.0,0.0,10.0,34.6,5.7,51.0,0.0,1.0,1.0,1.0,0,6142.023120988452
2017,41.0,1.0,Mexican American,hs_or_less,low (<1.3x poverty),0.96,1920.0,0.0,0.0,240.0,0.0,4.0,4.0,24.3,5.1,65.0,0.0,0.0,0.0,0.0,1,12804.084496556277
2017,42.0,1.0,Other Hispanic,hs_or_less,middle (1.3-3.5x),1.96,0.0,7200.0,0.0,0.0,1200.0,0.0,10.0,32.5,5.4,60.0,0.0,0.0,1.0,0.0,0,15426.0206402768
2017,57.0,1.0,Mexican American,some_college,high (>3.5x),3.85,1920.0,0.0,0.0,240.0,0.0,4.0,2.0,26.7,5.4,83.0,0.0,0.0,0.0,0.0,1,6536.954153016078
2017,35.0,1.0,NH Black,some_college,middle (1.3-3.5x),2.22,0.0,8640.0,0.0,0.0,1440.0,0.0,5.0,25.2,5.3,63.0,0.0,0.0,0.0,0.0,0,12917.776755992221
2017,55.0,1.0,Other Hispanic,some_college,middle (1.3-3.5x),1.46,0.0,18720.0,0.0,0.0,2880.0,0.0,2.0,25.0,6.0,49.0,0.0,1.0,0.0,0.0,0,40182.61484275508
2017,51.0,1.0,NH Asian,hs_or_less,middle (1.3-3.5x),2.71,0.0,0.0,0.0,0.0,0.0,0.0,4.0,27.5,5.8,49.0,0.0,1.0,0.0,0.0,0,6901.9158938452565
2017,29.0,0.0,NH White,hs_or_less,low (<1.3x poverty),0.65,0.0,3600.0,0.0,0.0,750.0,0.0,2.0,21.7,5.1,52.0,0.0,0.0,0.0,0.0,0,61139.05734070355
2017,25.0,0.0,NH Black,hs_or_less,low (<1.3x poverty),0.1,6240.0,43200.0,240.0,840.0,5760.0,5.0,1.0,27.1,5.8,78.0,0.0,1.0,0.0,1.0,1,14708.414664613663
2017,57.0,0.0,NH Black,hs_or_less,high (>3.5x),4.25,0.0,0.0,0.0,0.0,0.0,0.0,4.0,34.0,6.2,75.0,0.0,1.0,1.0,0.0,0,21851.318119994656
2017,40.0,0.0,Mexican American,hs_or_less,middle (1.3-3.5x),1.45,0.0,2400.0,0.0,0.0,300.0,0.0,6.0,34.3,7.4,42.0,1.0,1.0,1.0,0.0,0,24453.665018370637
2017,41.0,0.0,Other/Multi,some_college,high (>3.5x),4.28,0.0,0.0,0.0,0.0,0.0,0.0,0.5,31.6,5.4,41.0,1.0,1.0,1.0,0.0,0,12505.32644702267
2017,63.0,0.0,NH Black,some_college,middle (1.3-3.5x),1.32,0.0,1920.0,500.0,0.0,240.0,0.0,7.0,21.8,5.1,35.0,0.0,0.0,0.0,0.0,0,3810.315976752389
2017,61.0,1.0,NH White,hs_or_less,high (>3.5x),3.86,0.0,0.0,0.0,0.0,0.0,0.0,15.0,25.4,5.9,69.0,0.0,1.0,0.0,0.0,0,117680.23340869976
2017,30.0,1.0,NH White,some_college,low (<1.3x poverty),0.15,0.0,6480.0,0.0,0.0,1260.0,0.0,6.0,25.9,5.1,42.0,0.0,0.0,0.0,1.0,0,14786.304108261289
2017,29.0,0.0,NH Asian,hs_or_less,low (<1.3x poverty),0.24,3120.0,26400.0,0.0,540.0,4200.0,7.0,4.0,23.8,5.6,54.0,0.0,0.0,0.0,0.0,1,20901.529383366396
2017,58.0,0.0,Mexican American,some_college,high (>3.5x),5.0,0.0,0.0,0.0,0.0,0.0,0.0,4.0,31.5,5.9,58.0,0.0,1.0,1.0,0.0,0,20452.321561712448
2017,61.0,0.0,NH Asian,some_college,high (>3.5x),4.93,0.0,0.0,0.0,0.0,0.0,0.0,5.0,26.5,7.3,49.0,1.0,1.0,0.0,0.0,0,4687.190844768621
2017,63.0,0.0,NH Asian,college_plus,high (>3.5x),5.0,0.0,0.0,0.0,0.0,0.0,0.0,4.0,25.9,7.0,56.0,1.0,1.0,0.0,0.0,0,5151.424841575688
2017,41.0,1.0,NH Black,hs_or_less,low (<1.3x poverty),1.24,360.0,0.0,0.0,90.0,0.0,3.0,3.0,57.7,5.7,42.0,0.0,1.0,1.0,0.0,0,35846.157937594115
2017,51.0,1.0,NH Asian,college_plus,high (>3.5x),5.0,0.0,0.0,0.0,0.0,0.0,0.0,2.0,26.4,5.4,61.0,0.0,0.0,0.0,0.0,0,8178.358680480444
2017,61.0,0.0,NH White,hs_or_less,middle (1.3-3.5x),1.74,0.0,6000.0,0.0,0.0,1500.0,0.0,10.0,25.6,5.8,40.0,1.0,1.0,0.0,0.0,0,9308.772336847529
2017,65.0,0.0,Other Hispanic,college_plus,high (>3.5x),5.0,2400.0,0.0,0.0,360.0,0.0,5.0,6.0,27.4,5.8,36.0,0.0,1.0,0.0,0.0,1,10624.316612073617
2017,61.0,0.0,Mexican American,hs_or_less,high (>3.5x),4.19,0.0,18000.0,0.0,0.0,3000.0,0.0,6.0,34.8,7.2,40.0,1.0,1.0,1.0,1.0,0,4174.483606466507
2017,21.0,0.0,NH White,hs_or_less,low (<1.3x poverty),0.04,0.0,80.0,120.0,0.0,20.0,0.0,5.0,42.5,4.4,38.0,0.0,0.0,1.0,0.0,0,48392.27098355783
2017,51.0,1.0,NH Asian,college_plus,high (>3.5x),5.0,0.0,0.0,0.0,0.0,0.0,0.0,8.0,25.7,5.5,59.0,0.0,0.0,0.0,0.0,0,8543.468380344282
2017,32.0,0.0,Mexican American,hs_or_less,middle (1.3-3.5x),2.49,1440.0,7200.0,0.0,240.0,1200.0,2.0,3.0,31.7,5.4,59.0,0.0,0.0,1.0,0.0,1,41677.35277972168
2017,37.0,1.0,NH Black,some_college,middle (1.3-3.5x),2.79,0.0,10080.0,0.0,0.0,1800.0,0.0,5.0,30.1,5.4,60.0,0.0,0.0,1.0,0.0,0,10634.483951013191
2017,60.0,1.0,NH Black,some_college,middle (1.3-3.5x),2.57,120.0,0.0,0.0,30.0,0.0,3.0,2.0,37.2,5.5,50.0,0.0,0.0,1.0,0.0,0,3889.837879629557
2017,47.0,0.0,Mexican American,some_college,low (<1.3x poverty),0.21,0.0,2400.0,0.0,0.0,600.0,0.0,6.0,31.6,5.6,46.0,0.0,0.0,1.0,0.0,0,15286.108182341999
2017,42.0,1.0,Mexican American,hs_or_less,low (<1.3x poverty),0.91,0.0,120.0,0.0,0.0,30.0,0.0,2.0,43.5,5.9,35.0,0.0,1.0,1.0,1.0,0,13760.871902297597
2017,44.0,1.0,NH White,some_college,middle (1.3-3.5x),1.57,2400.0,0.0,240.0,480.0,0.0,5.0,4.0,27.2,5.7,47.0,0.0,1.0,0.0,0.0,1,40288.441168731275
2017,20.0,1.0,NH White,some_college,middle (1.3-3.5x),1.68,2880.0,0.0,0.0,360.0,0.0,2.0,10.0,23.4,5.0,64.0,0.0,0.0,0.0,0.0,1,46008.900804395416
2017,51.0,0.0,NH White,hs_or_less,middle (1.3-3.5x),2.24,1440.0,0.0,0.0,360.0,0.0,3.0,3.0,24.7,13.2,41.0,1.0,1.0,0.0,0.0,1,18352.98436135949
2017,55.0,1.0,Other/Multi,hs_or_less,low (<1.3x poverty),1.17,0.0,0.0,0.0,0.0,0.0,0.0,4.0,19.8,5.8,44.0,0.0,1.0,0.0,1.0,0,16108.407277590166
2017,39.0,1.0,NH White,college_plus,high (>3.5x),5.0,0.0,0.0,0.0,0.0,0.0,0.0,8.0,38.2,6.2,63.0,0.0,1.0,1.0,0.0,0,89678.26736982987
2017,33.0,0.0,NH White,hs_or_less,middle (1.3-3.5x),2.04,0.0,25200.0,720.0,0.0,4200.0,0.0,3.0,22.4,5.2,49.0,0.0,0.0,0.0,0.0,0,17404.52906676824
2017,62.0,1.0,Other Hispanic,some_college,high (>3.5x),5.0,0.0,0.0,0.0,0.0,0.0,0.0,4.0,28.7,5.2,66.0,0.0,0.0,0.0,0.0,0,13827.552282211438
2017,43.0,1.0,NH White,hs_or_less,low (<1.3x poverty),0.95,0.0,0.0,0.0,0.0,0.0,0.0,5.0,35.1,5.9,39.0,1.0,1.0,1.0,1.0,0,33364.65054326801
2017,24.0,1.0,NH Black,some_college,middle (1.3-3.5x),1.66,2160.0,0.0,1200.0,360.0,0.0,7.0,5.0,18.0,5.3,93.0,0.0,0.0,0.0,0.0,1,9376.503839101177
2017,48.0,0.0,NH Black,hs_or_less,middle (1.3-3.5x),2.89,0.0,16800.0,0.0,0.0,2100.0,0.0,2.0,26.3,5.2,45.0,0.0,0.0,0.0,1.0,0,7556.021249362383
2017,48.0,1.0,Mexican American,some_college,high (>3.5x),4.31,0.0,10800.0,0.0,0.0,2100.0,0.0,1.0,37.4,5.7,58.0,0.0,1.0,1.0,1.0,0,14759.90945304229
2017,55.0,0.0,NH Asian,hs_or_less,high (>3.5x),3.59,0.0,1200.0,0.0,0.0,300.0,0.0,10.0,29.6,5.4,50.0,0.0,0.0,0.0,0.0,0,11081.462957080646
2017,41.0,1.0,NH Black,college_plus,low (<1.3x poverty),1.18,240.0,0.0,0.0,60.0,0.0,2.0,10.0,26.1,5.2,54.0,0.0,0.0,0.0,0.0,0,8847.39167290896
2017,38.0,0.0,NH White,some_college,middle (1.3-3.5x),1.56,0.0,0.0,0.0,0.0,0.0,0.0,12.0,36.1,5.4,34.0,0.0,0.0,1.0,0.0,0,19713.149973782965
