lineId,season,name,team,position,situation,games_played,icetime,iceTimeRank,xGoalsPercentage,corsiPercentage,fenwickPercentage,xOnGoalFor,xGoalsFor,xReboundsFor,xFreezeFor,xPlayStoppedFor,xPlayContinuedInZoneFor,xPlayContinuedOutsideZoneFor,flurryAdjustedxGoalsFor,scoreVenueAdjustedxGoalsFor,flurryScoreVenueAdjustedxGoalsFor,shotsOnGoalFor,missedShotsFor,blockedShotAttemptsFor,shotAttemptsFor,goalsFor,reboundsFor,reboundGoalsFor,freezeFor,playStoppedFor,playContinuedInZoneFor,playContinuedOutsideZoneFor,savedShotsOnGoalFor,savedUnblockedShotAttemptsFor,penaltiesFor,penalityMinutesFor,faceOffsWonFor,hitsFor,takeawaysFor,giveawaysFor,lowDangerShotsFor,mediumDangerShotsFor,highDangerShotsFor,lowDangerxGoalsFor,mediumDangerxGoalsFor,highDangerxGoalsFor,lowDangerGoalsFor,mediumDangerGoalsFor,highDangerGoalsFor,scoreAdjustedShotsAttemptsFor,unblockedShotAttemptsFor,scoreAdjustedUnblockedShotAttemptsFor,dZoneGiveawaysFor,xGoalsFromxReboundsOfShotsFor,xGoalsFromActualReboundsOfShotsFor,reboundxGoalsFor,totalShotCreditFor,scoreAdjustedTotalShotCreditFor,scoreFlurryAdjustedTotalShotCreditFor,xOnGoalAgainst,xGoalsAgainst,xReboundsAgainst,xFreezeAgainst,xPlayStoppedAgainst,xPlayContinuedInZoneAgainst,xPlayContinuedOutsideZoneAgainst,flurryAdjustedxGoalsAgainst,scoreVenueAdjustedxGoalsAgainst,flurryScoreVenueAdjustedxGoalsAgainst,shotsOnGoalAgainst,missedShotsAgainst,blockedShotAttemptsAgainst,shotAttemptsAgainst,goalsAgainst,reboundsAgainst,reboundGoalsAgainst,freezeAgainst,playStoppedAgainst,playContinuedInZoneAgainst,playContinuedOutsideZoneAgainst,savedShotsOnGoalAgainst,savedUnblockedShotAttemptsAgainst,penaltiesAgainst,penalityMinutesAgainst,faceOffsWonAgainst,hitsAgainst,takeawaysAgainst,giveawaysAgainst,lowDangerShotsAgainst,mediumDangerShotsAgainst,highDangerShotsAgainst,lowDangerxGoalsAgainst,mediumDangerxGoalsAgainst,highDangerxGoalsAgainst,lowDangerGoalsAgainst,mediumDangerGoalsAgainst,highDangerGoalsAgainst,scoreAdjustedShotsAttemptsAgainst,unblockedShotAttemptsAgainst,scoreAdjustedUnblockedShotAttemptsAgainst,dZoneGiveawaysAgainst,xGoalsFromxReboundsOfShotsAgainst,xGoalsFromActualReboundsOfShotsAgainst,reboundxGoalsAgainst,totalShotCreditAgainst,scoreAdjustedTotalShotCreditAgainst,scoreFlurryAdjustedTotalShotCreditAgainst,season_label,xGF60,xGA60,SOGF60,HDF60,HITS60,TK60,GV60,FINISH,FOshare,NETPEN60,xGshare,corsi,cluster
847793384801858482113,2023,Luostarinen-Lundell-Reinhart,FLA,line,5on5,24,7819.0,172.0,0.6,0.58,0.58,72.48,5.84,4.77,19.32,2.8,39.84,28.43,5.61,5.76,5.55,60.0,41.0,48.0,149.0,4.0,9.0,1.0,16.0,0.0,39.0,33.0,56.0,97.0,11.0,22.0,80.0,48.0,18.0,24.0,79.0,17.0,5.0,2.34,2.24,1.25,0.0,4.0,0.0,146.89,101.0,100.28,14.0,1.0,1.6,1.6,5.24,5.21,5.07,53.41,3.93,3.35,13.63,1.81,29.21,22.08,3.83,4.0,3.9,49.0,25.0,33.0,107.0,4.0,2.0,1.0,14.0,0.0,22.0,32.0,45.0,70.0,10.0,20.0,67.0,81.0,10.0,21.0,60.0,12.0,2.0,1.65,1.54,0.73,2.0,1.0,1.0,107.37,74.0,74.65,13.0,0.7,0.63,0.63,3.99,4.05,4.01,2023,2.6888348893720426,1.809438547128789,27.62501598669907,2.302084665558256,22.100012789359255,8.28750479600972,11.050006394679627,0.684931506849315,0.54421768707483,0.46041693311165116,0.6,0.58,2
847515184757548478115,2023,Engvall-Nelson-Palmieri,NYI,line,5on5,55,33812.0,100.0,0.55,0.5,0.51,328.92,31.26,21.88,84.8,11.62,172.85,126.59,29.38,31.64,29.72,325.0,124.0,165.0,614.0,23.0,46.0,6.0,62.0,1.0,155.0,162.0,302.0,426.0,32.0,64.0,266.0,149.0,44.0,90.0,325.0,85.0,39.0,9.27,10.75,11.25,9.0,8.0,6.0,617.99,449.0,453.28,40.0,4.59,10.2,10.18,25.67,25.79,25.21,313.64,25.26,19.7,80.81,10.5,166.92,124.8,24.48,25.02,24.26,288.0,140.0,178.0,606.0,18.0,38.0,3.0,53.0,1.0,150.0,168.0,270.0,410.0,31.0,62.0,310.0,201.0,52.0,95.0,337.0,61.0,30.0,8.96,7.41,8.88,6.0,9.0,3.0,600.26,428.0,423.93,51.0,4.07,7.96,7.96,21.37,21.24,20.97,2023,3.3282858156867388,2.689459363539572,34.60309949130487,4.152371938956584,15.864190228321307,4.6847273157458895,9.582396782207502,0.7357645553422905,0.4618055555555556,0.10647107535786113,0.55,0.5,0
847351284784728482116,2023,Sttzle-Giroux-Joseph,OTT,line,5on5,38,18311.0,158.0,0.54,0.54,0.54,166.85,12.9,10.06,43.18,5.42,89.34,67.1,12.38,12.98,12.46,155.0,73.0,108.0,336.0,17.0,15.0,2.0,32.0,1.0,94.0,69.0,138.0,211.0,9.0,18.0,159.0,96.0,39.0,55.0,178.0,36.0,14.0,4.59,4.52,3.79,9.0,7.0,1.0,333.92,228.0,227.47,37.0,2.08,2.69,2.69,12.29,12.38,12.2,141.23,11.0,8.67,35.55,4.76,75.73,59.29,10.48,11.08,10.58,137.0,58.0,87.0,282.0,20.0,13.0,1.0,18.0,1.0,63.0,80.0,117.0,175.0,27.0,54.0,137.0,117.0,44.0,56.0,150.0,35.0,10.0,4.07,4.32,2.61,11.0,8.0,1.0,285.92,195.0,198.11,33.0,1.8,2.57,2.57,10.24,10.39,10.19,2023,2.5361804379880946,2.162634482005352,30.473485882802684,2.7524438861886296,18.87390093386489,7.667522254382611,10.813172410026759,1.317829457364341,0.5371621621621622,-3.5388564250996666,0.54,0.54,2
847790384800688480220,2023,Cates-Poehling-Hathaway,PHI,line,5on5,35,9608.0,238.0,0.67,0.58,0.65,104.31,9.17,7.75,27.88,3.79,55.84,39.57,8.65,9.3,8.76,104.0,40.0,62.0,206.0,7.0,20.0,3.0,23.0,0.0,51.0,43.0,97.0,137.0,5.0,10.0,101.0,113.0,13.0,12.0,108.0,25.0,11.0,2.96,3.1,3.12,3.0,2.0,2.0,205.05,144.0,144.33,7.0,1.62,3.7,3.7,7.08,7.1,6.91,57.08,4.54,3.5,14.6,1.76,31.07,23.54,4.49,4.58,4.53,48.0,31.0,68.0,147.0,7.0,3.0,0.0,10.0,0.0,33.0,26.0,41.0,72.0,9.0,18.0,103.0,90.0,10.0,23.0,62.0,14.0,3.0,1.72,1.86,0.96,6.0,1.0,0.0,148.26,79.0,79.26,16.0,0.72,0.71,0.71,4.55,4.6,4.56,2023,3.4358867610324726,1.701082431307244,38.96752706078268,4.121565362198168,42.33971690258118,4.870940882597835,4.496253122398001,0.7633587786259542,0.4950980392156863,-1.4987510407993339,0.67,0.58,0
847854284801858482113,2023,Luostarinen-Lundell-Rodrigues,FLA,line,5on5,40,13351.0,204.0,0.66,0.62,0.6,141.45,11.3,8.74,37.69,4.99,74.21,56.06,10.71,11.74,11.11,138.0,55.0,83.0,276.0,10.0,20.0,3.0,33.0,0.0,74.0,56.0,128.0,183.0,16.0,37.0,126.0,111.0,21.0,31.0,157.0,24.0,12.0,4.4,3.31,3.59,5.0,3.0,2.0,289.13,193.0,201.15,20.0,1.83,4.27,4.27,8.85,9.13,8.87,90.06,5.85,5.25,24.13,3.19,49.92,38.66,5.79,5.75,5.7,78.0,49.0,45.0,172.0,2.0,7.0,0.0,14.0,0.0,47.0,57.0,76.0,125.0,15.0,33.0,91.0,120.0,24.0,33.0,105.0,16.0,6.0,2.66,1.76,1.43,2.0,0.0,0.0,165.75,127.0,123.39,18.0,1.09,0.9,0.9,6.03,5.92,5.87,2023,3.0469627743240206,1.5774099318403114,37.21069582802786,3.2357126806980747,29.930342296457194,5.662497191221631,8.358924425136694,0.8849557522123893,0.5806451612903226,0.26964272339150624,0.66,0.62,0
847692784780578478856,2023,Joshua-Blueger-Garland,VAN,line,5on5,43,21632.0,127.0,0.58,0.55,0.55,187.42,17.38,12.94,45.19,6.23,100.26,73.01,16.73,17.56,16.94,175.0,80.0,89.0,344.0,21.0,17.0,2.0,38.0,0.0,89.0,90.0,154.0,234.0,34.0,77.0,221.0,224.0,48.0,38.0,185.0,51.0,19.0,5.47,6.72,5.19,9.0,8.0,4.0,352.2,255.0,261.24,23.0,2.69,3.9,3.9,16.17,16.48,16.25,149.48,12.35,9.65,39.89,5.08,79.35,59.68,12.1,12.17,11.92,147.0,59.0,80.0,286.0,10.0,13.0,1.0,24.0,0.0,78.0,81.0,137.0,196.0,32.0,73.0,193.0,174.0,30.0,37.0,163.0,28.0,15.0,4.62,3.4,4.32,4.0,3.0,3.0,279.61,206.0,201.49,17.0,2.02,2.65,2.65,11.71,11.44,11.28,2023,2.8923816568047336,2.0552884615384617,29.123520710059175,3.1619822485207103,37.278106508875744,7.988165680473373,6.323964497041421,1.2082853855005755,0.533816425120773,0.33284023668639057,0.58,0.55,2
847591384769058481032,2023,Cotter-Stephenson-Stone,VGK,line,5on5,26,7712.0,145.0,0.39,0.41,0.39,54.6,4.65,3.57,14.02,1.83,29.95,21.97,4.56,4.71,4.62,54.0,22.0,35.0,111.0,3.0,6.0,0.0,15.0,0.0,25.0,27.0,51.0,73.0,4.0,11.0,63.0,59.0,24.0,11.0,56.0,15.0,5.0,1.65,1.72,1.28,2.0,1.0,0.0,113.4,76.0,76.68,3.0,0.74,0.99,0.86,4.54,4.6,4.52,86.69,7.42,5.68,22.15,3.07,45.97,33.72,7.19,7.47,7.25,81.0,37.0,43.0,161.0,6.0,10.0,0.0,19.0,0.0,45.0,38.0,75.0,112.0,3.0,6.0,63.0,55.0,9.0,20.0,89.0,21.0,8.0,2.7,2.5,2.21,6.0,0.0,0.0,159.83,118.0,117.92,11.0,1.19,1.91,1.91,6.69,6.75,6.64,2023,2.1706431535269712,3.4636929460580914,25.20746887966805,2.3340248962655603,27.54149377593361,11.203319502074688,5.134854771784232,0.6451612903225806,0.5,0.46680497925311204,0.39,0.41,1
847794684793378482078,2023,Raymond-Larkin-Debrincat,DET,line,5on5,47,18425.0,280.0,0.51,0.54,0.54,198.64,14.43,12.62,50.26,6.62,109.88,81.19,14.17,14.41,14.15,184.0,91.0,98.0,373.0,24.0,18.0,2.0,25.0,1.0,87.0,120.0,160.0,251.0,16.0,35.0,159.0,102.0,38.0,39.0,221.0,41.0,13.0,6.17,4.94,3.33,14.0,6.0,4.0,368.37,275.0,272.02,18.0,2.59,3.04,3.04,13.99,14.0,13.87,168.58,14.13,10.57,43.73,5.77,92.83,68.96,13.42,14.25,13.53,168.0,68.0,76.0,312.0,17.0,18.0,2.0,31.0,0.0,88.0,82.0,151.0,219.0,29.0,64.0,145.0,114.0,34.0,42.0,184.0,38.0,14.0,5.08,4.49,4.57,9.0,6.0,2.0,315.51,236.0,237.28,25.0,2.18,4.25,4.25,12.07,12.21,11.97,2023,2.8194301221166893,2.760814111261873,35.95115332428765,2.5400271370420624,19.929443690637722,7.424694708276798,7.620081411126187,1.6632016632016633,0.5230263157894737,-2.5400271370420624,0.51,0.54,2
847747684774928478420,2023,Lehkonen-Mackinnon-Rantanen,COL,line,5on5,34,9645.0,229.0,0.57,0.58,0.57,96.15,7.97,6.4,22.73,3.12,52.86,38.92,7.78,7.96,7.78,99.0,33.0,53.0,185.0,13.0,7.0,1.0,26.0,2.0,48.0,36.0,86.0,119.0,14.0,28.0,82.0,29.0,15.0,21.0,92.0,37.0,3.0,2.73,4.47,0.77,5.0,7.0,1.0,187.61,132.0,133.09,9.0,1.32,0.85,0.85,8.44,8.45,8.29,72.73,6.06,4.47,18.96,2.5,37.89,28.12,5.88,6.1,5.91,58.0,40.0,34.0,132.0,5.0,7.0,0.0,10.0,0.0,30.0,46.0,53.0,93.0,9.0,20.0,110.0,46.0,16.0,11.0,76.0,15.0,7.0,1.93,2.1,2.03,2.0,3.0,0.0,131.9,98.0,98.79,5.0,0.93,1.37,1.37,5.63,5.64,5.59,2023,2.974805598755832,2.2618973561430793,36.951788491446344,1.119751166407465,10.824261275272162,5.598755832037325,7.838258164852255,1.631116687578419,0.4270833333333333,1.8662519440124417,0.57,0.58,2
847795184793438480849,2023,Schmaltz-Hayton-Keller,ARI,line,5on5,27,14665.0,65.0,0.56,0.54,0.53,127.09,11.29,8.87,30.62,4.24,69.19,50.8,10.78,11.33,10.83,119.0,56.0,66.0,241.0,8.0,13.0,1.0,25.0,0.0,73.0,56.0,111.0,167.0,22.0,44.0,116.0,44.0,19.0,39.0,130.0,33.0,12.0,4.1,4.14,3.05,2.0,3.0,3.0,242.7,175.0,175.87,19.0,1.86,2.26,2.26,10.88,10.97,10.62,112.11,9.02,6.75,28.41,3.79,60.1,45.93,8.74,9.05,8.76,116.0,38.0,53.0,207.0,14.0,12.0,3.0,27.0,1.0,45.0,55.0,102.0,140.0,19.0,38.0,137.0,106.0,28.0,29.0,124.0,19.0,11.0,3.38,2.23,3.41,6.0,3.0,5.0,207.2,154.0,154.77,15.0,1.4,2.47,2.39,8.04,8.01,7.87,2023,2.7714967609955674,2.214251619502216,29.212410501193318,2.9457892942379815,10.801227412205932,4.6641663825434705,9.57381520627344,0.70859167404783,0.45849802371541504,0.7364473235594954,0.56,0.54,2
847653984779648478403,2023,Barbashev-Eichel-Marchessault,VGK,line,5on5,50,26926.0,159.0,0.53,0.49,0.52,259.66,22.17,16.2,63.69,8.62,142.32,105.99,21.1,22.35,21.28,267.0,92.0,122.0,481.0,21.0,29.0,3.0,61.0,0.0,140.0,108.0,246.0,338.0,25.0,55.0,210.0,189.0,69.0,70.0,273.0,65.0,21.0,7.98,7.75,6.44,13.0,4.0,4.0,486.43,359.0,362.75,35.0,3.34,6.99,6.99,18.53,18.77,18.41,234.55,20.04,15.46,58.26,8.14,129.0,95.11,19.26,19.95,19.18,241.0,85.0,173.0,499.0,14.0,21.0,2.0,59.0,0.0,123.0,109.0,227.0,312.0,24.0,51.0,255.0,191.0,62.0,48.0,238.0,72.0,16.0,6.52,8.95,4.58,5.0,5.0,4.0,496.65,326.0,325.23,27.0,3.21,4.15,4.15,19.1,19.07,18.72,2023,2.9641238951199584,2.67934338557528,35.69783852038921,2.8076951645249943,25.26925648072495,9.225284112010696,9.358983881749982,0.9472259810554803,0.45161290322580644,0.13369976973928543,0.53,0.49,2
847576084784748481711,2023,Crouse-Bjugstad-Maccelli,ARI,line,5on5,58,29335.0,204.0,0.52,0.51,0.52,276.58,22.5,18.32,69.47,9.29,149.65,108.77,21.5,22.23,21.24,259.0,119.0,138.0,516.0,20.0,36.0,3.0,57.0,0.0,129.0,136.0,239.0,358.0,19.0,47.0,277.0,223.0,34.0,84.0,291.0,66.0,21.0,8.19,8.43,5.88,9.0,8.0,3.0,505.93,378.0,370.18,51.0,3.8,6.4,6.58,19.72,19.5,19.09,254.7,21.15,16.54,64.9,8.43,138.18,102.8,20.35,21.35,20.55,234.0,118.0,151.0,503.0,16.0,17.0,2.0,59.0,2.0,124.0,134.0,218.0,336.0,33.0,77.0,285.0,175.0,48.0,55.0,271.0,60.0,21.0,8.01,7.13,6.01,7.0,6.0,3.0,509.61,352.0,357.62,24.0,3.44,3.87,3.87,20.73,20.93,20.51,2023,2.761206749616499,2.595534344639509,31.78455769558548,2.577126299642066,27.366626896199083,4.172490199420488,10.308505198568264,0.8888888888888888,0.4928825622775801,-1.7180841997613774,0.52,0.51,3
847629284794078480002,2023,Palat-Hischier-Bratt,NJD,line,5on5,38,15948.0,167.0,0.65,0.62,0.6,178.85,19.97,12.49,43.89,6.38,96.85,68.43,19.07,19.87,18.99,169.0,79.0,117.0,365.0,21.0,28.0,5.0,34.0,0.0,89.0,76.0,148.0,227.0,14.0,34.0,184.0,83.0,39.0,42.0,164.0,58.0,26.0,4.73,7.38,7.85,8.0,9.0,4.0,361.37,248.0,244.86,15.0,2.63,6.79,6.69,15.91,15.75,15.46,121.58,10.91,7.76,30.91,4.03,63.83,48.57,10.47,11.05,10.6,120.0,46.0,62.0,228.0,13.0,9.0,3.0,29.0,0.0,59.0,56.0,107.0,153.0,17.0,43.0,140.0,122.0,36.0,33.0,119.0,32.0,15.0,3.09,3.99,3.83,3.0,7.0,3.0,229.41,166.0,167.63,21.0,1.62,2.21,2.21,10.32,10.44,10.22,2023,4.507900677200903,2.4627539503386005,38.1489841986456,5.869074492099323,18.73589164785553,8.803611738148986,9.480812641083523,1.0515773660490737,0.5679012345679012,-0.6772009029345373,0.65,0.62,0
847353384758558476921,2023,Martinook-Staal-Fast,CAR,line,5on5,63,23379.0,270.0,0.62,0.65,0.63,246.54,19.28,15.67,67.03,8.95,136.3,98.77,18.57,19.19,18.49,214.0,132.0,172.0,518.0,11.0,29.0,2.0,58.0,0.0,147.0,101.0,203.0,335.0,25.0,50.0,315.0,111.0,42.0,42.0,266.0,62.0,18.0,6.29,7.96,5.03,4.0,4.0,3.0,520.79,346.0,347.79,18.0,3.27,4.41,4.41,18.14,18.11,17.84,147.51,11.98,9.26,36.76,4.97,79.46,60.56,11.57,12.0,11.58,138.0,65.0,74.0,277.0,17.0,12.0,1.0,29.0,0.0,68.0,77.0,121.0,186.0,17.0,32.0,199.0,154.0,40.0,49.0,159.0,32.0,12.0,4.29,4.41,3.29,7.0,9.0,1.0,276.14,203.0,202.38,39.0,1.94,2.27,2.27,11.65,11.64,11.43,2023,2.9688181701527014,1.844732452200693,32.95264981393559,2.7717182086487875,17.092262286667523,6.467342486847171,6.467342486847171,0.5705394190871369,0.6128404669260701,1.231874759399461,0.62,0.65,0
847646184784398482159,2023,Foerster-Couturier-Konecny,PHI,line,5on5,40,13746.0,259.0,0.6,0.6,0.61,146.21,10.55,9.3,37.74,4.81,82.76,58.84,10.34,10.47,10.26,142.0,62.0,91.0,295.0,10.0,9.0,0.0,30.0,1.0,75.0,79.0,132.0,194.0,16.0,35.0,148.0,68.0,32.0,30.0,159.0,38.0,7.0,3.9,4.83,1.82,5.0,5.0,0.0,290.44,204.0,200.68,20.0,1.92,1.45,1.45,11.02,10.92,10.79,95.64,6.91,6.02,26.29,3.28,52.21,38.28,6.8,7.02,6.91,96.0,37.0,67.0,200.0,9.0,7.0,1.0,29.0,1.0,42.0,45.0,87.0,124.0,11.0,25.0,138.0,78.0,30.0,49.0,106.0,23.0,4.0,2.99,2.95,0.97,4.0,4.0,1.0,202.29,133.0,134.34,31.0,1.26,0.91,0.91,7.26,7.38,7.29,2023,2.76298559580969,1.8096900916630292,37.189000436490616,1.8332605848974246,17.808817110432127,8.380619816673942,7.85683107813182,0.947867298578199,0.5174825174825175,1.3094718463553034,0.6,0.6,2
847514984784938481557,2023,Boldy-Eriksson Ek-Johansson,MIN,line,5on5,36,13552.0,224.0,0.53,0.52,0.51,118.82,9.15,7.76,29.75,3.75,63.1,47.49,8.75,9.21,8.82,115.0,46.0,71.0,232.0,7.0,10.0,0.0,22.0,1.0,66.0,55.0,108.0,154.0,18.0,38.0,107.0,85.0,24.0,27.0,121.0,32.0,8.0,3.35,3.55,2.25,4.0,3.0,0.0,233.27,161.0,161.86,13.0,1.62,2.22,2.22,8.54,8.58,8.45,110.73,8.11,7.02,28.21,3.62,60.09,45.95,7.82,8.14,7.87,107.0,46.0,60.0,213.0,9.0,8.0,1.0,25.0,0.0,50.0,61.0,98.0,144.0,22.0,42.0,139.0,84.0,17.0,23.0,120.0,25.0,8.0,3.01,3.0,2.1,4.0,3.0,2.0,212.5,153.0,154.05,14.0,1.47,1.21,1.1,8.47,8.55,8.35,2023,2.430637544273908,2.154368358913813,30.548996458087366,2.125147579693034,22.57969303423849,6.375442739079102,7.1723730814639906,0.7650273224043715,0.4349593495934959,-1.062573789846517,0.53,0.52,2
847692584785088482062,2023,Smith-Sissons-Trenin,NSH,line,5on5,36,8479.0,255.0,0.39,0.43,0.42,59.6,3.94,3.52,15.96,1.93,31.81,23.85,3.87,3.93,3.87,51.0,30.0,29.0,110.0,4.0,3.0,0.0,14.0,1.0,30.0,29.0,47.0,77.0,14.0,37.0,77.0,130.0,11.0,19.0,67.0,11.0,3.0,1.77,1.35,0.82,3.0,1.0,0.0,112.57,81.0,83.37,8.0,0.73,0.79,0.79,3.87,3.92,3.87,79.49,6.06,4.99,20.68,2.72,43.86,31.69,5.68,6.07,5.7,84.0,26.0,34.0,144.0,7.0,9.0,1.0,20.0,0.0,40.0,34.0,77.0,103.0,9.0,27.0,84.0,78.0,11.0,27.0,85.0,19.0,6.0,2.18,2.27,1.62,3.0,3.0,1.0,143.45,110.0,110.06,19.0,1.04,1.79,1.79,5.32,5.33,5.2,2023,1.6728387781578016,2.5729449227503243,21.653496874631443,1.2737351102724377,55.195188111805635,4.670362070998938,8.06698903172544,1.015228426395939,0.4782608695652174,2.122891850454063,0.39,0.43,4
847940084815608482155,2023,Laferriere-Dubois-Kaliyev,LAK,line,5on5,20,7790.0,123.0,0.57,0.57,0.6,88.64,7.72,5.75,22.42,3.03,48.74,36.33,7.23,7.86,7.36,79.0,45.0,28.0,152.0,3.0,18.0,1.0,14.0,0.0,46.0,43.0,76.0,121.0,10.0,23.0,72.0,53.0,7.0,16.0,94.0,22.0,8.0,2.72,2.59,2.41,0.0,3.0,0.0,155.68,124.0,125.59,9.0,1.2,3.08,3.08,5.84,5.89,5.73,59.28,5.77,3.96,15.32,1.96,31.34,22.66,5.57,5.83,5.63,58.0,23.0,35.0,116.0,3.0,9.0,1.0,6.0,0.0,33.0,30.0,55.0,78.0,9.0,21.0,57.0,70.0,16.0,15.0,60.0,14.0,7.0,1.58,1.85,2.34,0.0,1.0,2.0,115.01,81.0,80.6,10.0,0.83,2.4,2.4,4.2,4.21,4.1,2023,3.567650834403081,2.6664955070603336,36.50834403080873,3.697047496790758,24.49293966623877,3.234916559691913,7.394094993581516,0.4,0.5581395348837209,0.46213093709884473,0.57,0.57,0
848007484808938482705,2023,Texier-Sillinger-Marchenko,CBJ,line,5on5,23,12253.0,106.0,0.38,0.46,0.44,102.42,6.92,5.83,26.93,3.49,56.56,43.26,6.79,6.85,6.73,100.0,43.0,62.0,205.0,9.0,6.0,0.0,24.0,0.0,53.0,51.0,91.0,134.0,14.0,28.0,112.0,60.0,33.0,18.0,120.0,19.0,4.0,3.27,2.63,1.02,6.0,3.0,0.0,200.31,143.0,141.01,6.0,1.2,0.93,0.93,7.2,7.13,7.03,131.91,11.14,8.75,33.1,4.44,71.52,54.04,10.56,11.28,10.71,125.0,58.0,54.0,237.0,10.0,16.0,0.0,29.0,0.0,62.0,66.0,115.0,173.0,8.0,16.0,115.0,42.0,31.0,32.0,145.0,26.0,12.0,4.57,3.41,3.16,3.0,5.0,2.0,242.16,183.0,185.3,18.0,1.81,3.17,3.17,9.79,9.93,9.67,2023,2.0331347425120376,3.2729943687260263,29.38055986289072,1.1752223945156288,17.628335917734432,9.695584754753938,5.28850077532033,1.300578034682081,0.4933920704845815,1.7628335917734432,0.38,0.46,1
847804784800398480835,2023,Bunting-Drury-Necas,CAR,line,5on5,31,9453.0,198.0,0.6,0.61,0.58,104.05,8.22,6.35,27.38,3.67,56.92,42.46,7.84,8.37,7.98,95.0,50.0,68.0,213.0,6.0,7.0,1.0,23.0,1.0,64.0,44.0,89.0,139.0,15.0,30.0,75.0,36.0,12.0,27.0,117.0,22.0,6.0,3.16,3.12,1.94,5.0,0.0,1.0,217.28,145.0,146.84,15.0,1.32,1.8,2.16,7.38,7.48,7.31,76.12,5.53,4.82,19.43,2.75,42.59,31.89,5.38,5.47,5.33,75.0,32.0,27.0,134.0,6.0,7.0,0.0,13.0,0.0,42.0,39.0,69.0,101.0,13.0,26.0,65.0,83.0,17.0,20.0,84.0,21.0,2.0,2.49,2.47,0.57,4.0,2.0,0.0,132.57,107.0,106.16,11.0,0.99,0.72,0.72,5.8,5.75,5.68,2023,3.130434782608696,2.1059980958425895,36.17899079657251,2.284988892415106,13.709933354490637,4.569977784830212,10.282450015867978,0.7299270072992701,0.5357142857142857,0.7616629641383688,0.6,0.61,0
847350484747098481237,2023,Martin-Maclean-Clutterbuck,NYI,line,5on5,28,11767.0,100.0,0.47,0.4,0.45,82.38,6.99,4.95,21.99,2.99,41.92,32.16,6.64,7.18,6.82,71.0,40.0,29.0,140.0,6.0,11.0,1.0,16.0,0.0,38.0,40.0,65.0,105.0,14.0,37.0,87.0,164.0,11.0,19.0,85.0,16.0,10.0,2.04,1.93,3.02,4.0,1.0,1.0,144.9,111.0,114.53,7.0,1.04,2.89,2.89,5.15,5.34,5.25,98.45,7.93,6.5,26.48,3.43,52.53,40.12,7.36,7.95,7.37,92.0,45.0,69.0,206.0,4.0,17.0,0.0,19.0,0.0,46.0,51.0,88.0,133.0,12.0,35.0,127.0,80.0,30.0,27.0,110.0,18.0,9.0,2.78,2.28,2.87,2.0,2.0,0.0,204.13,137.0,135.7,15.0,1.34,3.28,3.28,5.99,6.02,5.87,2023,2.138522988017337,2.426106909152715,21.721764255970086,3.059403416333815,50.174216027874564,3.3653437579671968,5.8128664910342485,0.8583690987124464,0.40654205607476634,0.611880683266763,0.47,0.4,4
847414184779468479337,2023,Kane-Larkin-Debrincat,DET,line,5on5,28,9134.0,169.0,0.47,0.52,0.54,90.03,6.51,5.95,21.74,3.07,50.89,38.82,6.43,6.5,6.41,89.0,38.0,33.0,160.0,14.0,8.0,4.0,18.0,1.0,32.0,54.0,75.0,113.0,5.0,10.0,86.0,44.0,10.0,20.0,104.0,18.0,5.0,3.25,2.04,1.22,8.0,4.0,2.0,160.87,127.0,126.75,10.0,1.21,1.21,1.21,6.53,6.53,6.47,81.01,7.24,5.23,19.4,2.58,43.39,32.16,6.85,7.25,6.86,72.0,38.0,40.0,150.0,6.0,7.0,1.0,20.0,1.0,36.0,40.0,66.0,104.0,11.0,22.0,60.0,46.0,18.0,12.0,80.0,21.0,9.0,2.18,2.48,2.59,2.0,3.0,1.0,150.12,110.0,110.91,6.0,1.09,2.02,2.02,6.31,6.3,6.17,2023,2.5657981169257718,2.8535143420188307,35.07773155244143,1.9706590759798555,17.34179986862273,3.941318151959711,7.882636303919422,1.8,0.589041095890411,-2.3647908911758266,0.47,0.52,3
84808798482105,2023,Sanderson-Bernard-Docker,OTT,pairing,5on5,33,8521.0,223.0,0.48,0.53,0.51,63.15,5.0,3.79,16.54,2.04,31.19,24.43,4.81,4.96,4.76,60.0,23.0,52.0,135.0,6.0,7.0,1.0,12.0,0.0,30.0,28.0,54.0,77.0,13.0,29.0,79.0,53.0,18.0,28.0,65.0,13.0,5.0,1.71,1.71,1.58,5.0,0.0,1.0,133.31,83.0,82.21,21.0,0.79,1.27,1.27,4.52,4.52,4.39,58.13,5.32,3.81,14.59,1.86,30.9,22.53,5.22,5.37,5.27,49.0,30.0,41.0,120.0,2.0,3.0,0.0,6.0,2.0,38.0,28.0,47.0,77.0,7.0,17.0,66.0,69.0,15.0,21.0,57.0,17.0,5.0,1.68,2.32,1.32,0.0,2.0,0.0,122.45,79.0,80.43,15.0,0.8,0.48,0.48,5.64,5.73,5.66,2023,2.1124281187654033,2.247623518366389,25.349137425184836,2.1124281187654033,22.391738058913273,7.604741227555451,11.829597465086257,1.2,0.5448275862068965,2.5349137425184836,0.48,0.53,4
847843984800158480028,2023,Konecny-Frost-Tippett,PHI,line,5on5,33,7609.0,320.0,0.65,0.52,0.59,86.68,8.01,5.45,23.09,2.93,42.77,31.74,7.68,8.14,7.81,83.0,31.0,37.0,151.0,15.0,7.0,2.0,22.0,0.0,33.0,37.0,68.0,99.0,9.0,18.0,73.0,54.0,17.0,11.0,84.0,23.0,7.0,2.48,3.2,2.33,8.0,5.0,2.0,155.29,114.0,117.38,5.0,1.15,2.29,1.91,7.25,7.44,7.27,57.62,4.29,3.43,15.51,1.95,31.11,23.71,4.16,4.21,4.08,59.0,21.0,62.0,142.0,5.0,5.0,1.0,9.0,0.0,30.0,31.0,54.0,75.0,5.0,10.0,79.0,46.0,18.0,17.0,61.0,15.0,4.0,1.45,1.9,0.94,1.0,3.0,1.0,138.45,80.0,78.25,9.0,0.71,1.1,1.1,3.9,3.78,3.73,2023,3.7897226968064133,2.0297016690760943,39.26928637140229,3.311867525298988,25.548692338020764,8.043106847154686,5.204363254041267,1.8,0.48026315789473684,1.8924957287422788,0.65,0.52,2
847843884807488482146,2023,Sherwood-Novak-Evangelista,NSH,line,5on5,21,7545.0,91.0,0.55,0.53,0.54,63.34,4.89,3.79,15.81,2.2,34.47,26.84,4.86,5.01,4.99,64.0,24.0,36.0,124.0,6.0,1.0,0.0,17.0,0.0,32.0,32.0,58.0,82.0,10.0,28.0,45.0,57.0,18.0,22.0,66.0,17.0,5.0,1.66,1.93,1.3,2.0,3.0,1.0,124.99,88.0,88.99,11.0,0.79,0.05,0.05,5.62,5.76,5.74,55.43,3.93,3.42,14.22,1.91,29.93,22.58,3.83,3.86,3.77,57.0,19.0,35.0,111.0,2.0,5.0,0.0,13.0,0.0,24.0,32.0,55.0,74.0,9.0,24.0,56.0,78.0,17.0,28.0,64.0,7.0,5.0,1.76,1.01,1.16,2.0,0.0,0.0,111.56,76.0,75.63,17.0,0.71,0.82,0.82,3.82,3.77,3.72,2023,2.333200795228628,1.8751491053677933,30.53677932405567,2.385685884691849,27.19681908548708,8.588469184890657,10.497017892644136,1.2269938650306749,0.44554455445544555,0.4771371769383698,0.55,0.53,2
847689784775738480281,2023,Walker-Sundqvist-Toropchenko,STL,line,5on5,26,8049.0,165.0,0.37,0.36,0.41,49.53,3.56,3.06,12.73,1.71,27.04,20.89,3.47,3.55,3.46,52.0,17.0,18.0,87.0,2.0,6.0,1.0,16.0,0.0,24.0,21.0,50.0,67.0,13.0,29.0,57.0,85.0,10.0,15.0,53.0,13.0,3.0,1.06,1.64,0.86,1.0,0.0,1.0,85.93,69.0,68.18,14.0,0.63,1.29,1.29,2.91,2.93,2.91,73.16,6.02,4.72,18.56,2.5,39.55,29.65,5.79,5.86,5.64,71.0,30.0,56.0,157.0,3.0,4.0,0.0,11.0,0.0,44.0,39.0,68.0,98.0,10.0,23.0,64.0,73.0,23.0,18.0,75.0,21.0,5.0,1.82,2.64,1.56,1.0,2.0,0.0,155.83,101.0,100.68,10.0,0.99,1.13,1.13,5.88,5.74,5.62,2023,1.5922474841595229,2.6925083861349233,23.257547521431235,1.3417815877748789,38.017144986954904,4.472605292582929,6.708907938874394,0.5617977528089888,0.47107438016528924,1.3417815877748789,0.37,0.36,1
847060484784248478569,2023,Harkins-Acciari-Carter,PIT,line,5on5,24,8435.0,95.0,0.45,0.49,0.49,72.44,5.14,4.28,17.69,2.46,37.32,30.1,4.9,5.17,4.93,71.0,26.0,38.0,135.0,4.0,6.0,0.0,13.0,0.0,42.0,32.0,67.0,93.0,9.0,18.0,91.0,87.0,17.0,16.0,76.0,15.0,6.0,1.69,1.76,1.68,2.0,1.0,1.0,135.53,97.0,97.24,12.0,0.88,1.3,1.3,4.72,4.74,4.68,72.89,6.28,4.7,18.17,2.48,38.98,29.39,6.06,6.36,6.15,62.0,38.0,41.0,141.0,3.0,8.0,0.0,14.0,0.0,31.0,44.0,59.0,97.0,5.0,13.0,56.0,61.0,13.0,19.0,75.0,17.0,8.0,1.96,2.15,2.17,1.0,2.0,0.0,141.48,100.0,101.03,14.0,0.98,1.44,1.44,5.81,5.92,5.79,2023,2.193716656787196,2.6802608180201544,30.302311796087732,2.5607587433313577,37.131001778304686,7.255483106105513,6.828689982216954,0.7782101167315175,0.6190476190476191,1.7071724955542384,0.45,0.49,4
847516684774798477939,2023,Bertuzzi-Tavares-Nylander,TOR,line,5on5,55,21799.0,346.0,0.57,0.54,0.54,225.99,20.4,15.47,56.63,7.62,118.82,86.07,19.06,20.72,19.36,221.0,84.0,129.0,434.0,16.0,23.0,2.0,40.0,1.0,117.0,108.0,205.0,289.0,18.0,37.0,246.0,136.0,51.0,53.0,218.0,66.0,21.0,6.31,8.52,5.57,8.0,6.0,2.0,442.46,305.0,309.47,34.0,3.25,4.54,4.54,19.11,19.42,18.74,185.23,15.65,11.84,48.28,6.57,101.12,73.54,14.96,15.42,14.73,182.0,75.0,111.0,368.0,12.0,22.0,3.0,31.0,0.0,91.0,101.0,170.0,245.0,22.0,47.0,167.0,163.0,48.0,39.0,199.0,41.0,17.0,5.33,5.21,5.12,6.0,4.0,2.0,361.07,257.0,254.61,23.0,2.47,4.76,4.76,13.36,13.14,12.94,2023,3.3689618789852744,2.584522225790174,36.49708702234047,3.4680489930730767,22.45974585990183,8.422404697463186,8.752695077755861,0.7843137254901962,0.5956416464891041,-0.660580760585348,0.57,0.54,2
847528784757268481559,2023,Hughes-Haula-Toffoli,NJD,line,5on5,20,7951.0,109.0,0.54,0.57,0.58,84.83,6.14,5.4,22.4,2.88,47.6,34.57,6.03,6.33,6.22,89.0,30.0,44.0,163.0,6.0,7.0,1.0,19.0,1.0,38.0,48.0,83.0,113.0,8.0,16.0,73.0,49.0,26.0,28.0,98.0,15.0,6.0,2.65,1.93,1.56,2.0,2.0,2.0,165.06,119.0,120.34,14.0,1.11,1.1,1.1,6.16,6.32,6.25,62.44,5.23,3.9,15.1,2.04,34.22,25.51,5.04,5.25,5.07,56.0,30.0,39.0,125.0,7.0,6.0,2.0,15.0,0.0,28.0,30.0,49.0,79.0,3.0,6.0,53.0,58.0,23.0,18.0,64.0,17.0,5.0,1.99,2.01,1.23,1.0,4.0,2.0,124.97,86.0,86.61,8.0,0.81,0.83,0.83,5.21,5.23,5.17,2023,2.7800276694755373,2.3680040246509875,40.29681801031317,2.7166394164256067,22.185888567475786,11.772104137844295,12.677650609986165,0.977198697068404,0.5793650793650794,2.2638661803546722,0.54,0.57,2
847121484757448476880,2023,Ovechkin-Kuznetsov-Wilson,WSH,line,5on5,18,7544.0,99.0,0.25,0.4,0.37,45.71,2.94,2.76,12.89,1.71,25.94,18.76,2.85,3.01,2.91,49.0,16.0,32.0,97.0,3.0,1.0,0.0,11.0,0.0,21.0,29.0,46.0,62.0,9.0,18.0,49.0,60.0,16.0,24.0,52.0,12.0,1.0,1.22,1.42,0.31,2.0,1.0,0.0,99.49,65.0,66.13,15.0,0.58,0.01,0.01,3.51,3.59,3.48,81.5,8.93,5.45,20.5,2.69,40.85,30.58,8.56,8.87,8.51,76.0,33.0,38.0,147.0,9.0,14.0,4.0,16.0,0.0,38.0,32.0,67.0,100.0,6.0,15.0,87.0,39.0,21.0,22.0,70.0,25.0,14.0,2.03,3.22,3.67,0.0,4.0,5.0,145.05,109.0,107.23,10.0,1.15,3.13,3.13,6.95,6.87,6.8,2023,1.4029692470837754,4.261399787910923,23.38282078472959,0.47720042417815484,28.63202545068929,7.635206786850477,11.452810180275717,1.0204081632653061,0.3602941176470588,1.4316012725344647,0.25,0.4,1
847403484752208477919,2023,Foligno-Gaudreau-Maroon,MIN,line,5on5,17,7529.0,61.0,0.4,0.45,0.45,48.02,3.64,2.88,11.61,1.54,27.95,21.38,3.56,3.69,3.61,40.0,29.0,31.0,100.0,4.0,4.0,1.0,5.0,0.0,30.0,26.0,36.0,65.0,12.0,33.0,70.0,80.0,10.0,18.0,56.0,11.0,2.0,1.56,1.41,0.67,1.0,2.0,1.0,102.44,69.0,70.33,13.0,0.59,0.91,0.68,3.55,3.6,3.57,61.19,5.46,3.98,15.76,2.07,32.12,23.62,5.16,5.47,5.17,55.0,28.0,40.0,123.0,6.0,6.0,0.0,18.0,0.0,28.0,25.0,49.0,77.0,8.0,25.0,72.0,44.0,8.0,20.0,62.0,13.0,8.0,1.68,1.59,2.19,1.0,3.0,2.0,122.99,83.0,82.48,14.0,0.83,1.46,1.46,4.83,4.83,4.68,2023,1.7404701819630761,2.610705272944614,19.126045955638197,0.9563022977819099,38.252091911276395,4.781511488909549,8.606720680037188,1.0989010989010988,0.49295774647887325,1.9126045955638198,0.4,0.45,1
847341984757458477956,2023,Marchand-Coyle-Pastrnak,BOS,line,5on5,61,8844.0,635.0,0.52,0.49,0.48,76.58,8.37,5.42,18.06,2.6,40.84,28.7,7.9,8.4,7.92,68.0,36.0,40.0,144.0,9.0,10.0,1.0,11.0,0.0,44.0,30.0,59.0,95.0,12.0,27.0,81.0,60.0,29.0,30.0,67.0,28.0,9.0,2.18,3.45,2.75,5.0,3.0,1.0,145.09,104.0,104.88,16.0,1.14,2.44,2.44,7.07,7.08,6.91,83.79,7.64,5.49,21.39,2.84,42.85,32.79,7.14,7.62,7.11,76.0,37.0,34.0,147.0,9.0,13.0,4.0,22.0,0.0,39.0,30.0,67.0,104.0,14.0,31.0,84.0,67.0,29.0,28.0,77.0,26.0,10.0,1.91,3.2,2.52,2.0,4.0,3.0,143.18,113.0,110.65,16.0,1.15,2.38,2.38,6.4,6.43,6.27,2023,3.407055630936228,3.1099050203527816,27.6797829036635,3.6635006784260518,24.423337856173678,11.804613297150611,12.211668928086839,1.0752688172043012,0.4909090909090909,-0.814111261872456,0.52,0.49,2
847517084764388482089,2023,Saad-Schenn-Neighbours,STL,line,5on5,26,10842.0,123.0,0.43,0.42,0.43,83.89,7.59,5.57,21.86,2.88,45.38,32.72,7.11,7.63,7.14,82.0,34.0,48.0,164.0,6.0,8.0,1.0,20.0,0.0,37.0,45.0,76.0,110.0,5.0,10.0,74.0,77.0,23.0,20.0,82.0,26.0,8.0,2.09,3.08,2.42,3.0,1.0,2.0,164.65,116.0,116.0,13.0,1.16,1.64,1.64,7.11,7.12,6.85,108.84,10.19,7.42,27.96,3.93,59.65,42.84,9.86,10.15,9.83,107.0,45.0,71.0,223.0,10.0,12.0,2.0,28.0,1.0,48.0,53.0,97.0,142.0,11.0,24.0,85.0,55.0,36.0,26.0,106.0,37.0,9.0,2.79,4.61,2.79,5.0,2.0,3.0,223.25,152.0,152.25,10.0,1.55,2.66,2.66,9.08,9.04,8.91,2023,2.5201992252351966,3.3835085777531817,27.227448810182622,2.6563364692861096,25.567238516878803,7.6369673491975645,6.640841173215274,0.7905138339920948,0.46540880503144655,-1.992252351964582,0.43,0.42,1
847939384801448482259,2023,Mcmann-Kampf-Gregor,TOR,line,5on5,25,9448.0,108.0,0.46,0.49,0.49,74.19,4.75,4.38,18.9,2.6,41.26,31.1,4.52,4.93,4.69,70.0,33.0,44.0,147.0,5.0,4.0,0.0,14.0,1.0,39.0,40.0,65.0,98.0,11.0,28.0,80.0,111.0,14.0,15.0,88.0,10.0,5.0,1.75,1.43,1.57,4.0,1.0,0.0,152.9,103.0,106.68,11.0,0.91,0.93,0.93,4.73,4.88,4.75,76.25,5.66,5.34,19.8,2.58,42.89,30.73,5.35,5.5,5.2,75.0,32.0,43.0,150.0,4.0,6.0,0.0,17.0,0.0,46.0,34.0,71.0,103.0,12.0,27.0,61.0,96.0,14.0,16.0,87.0,15.0,5.0,2.57,1.87,1.22,3.0,1.0,0.0,144.59,107.0,104.01,9.0,1.11,0.95,0.95,5.83,5.65,5.44,2023,1.8099068585944116,2.1566469093988148,26.6723116003387,1.9051651143099069,42.29466553767993,5.33446232006774,5.715495342929721,1.0526315789473684,0.5673758865248227,-0.3810330228619814,0.46,0.49,4
847750084784458481601,2023,Barzal-Horvat-Holmstrom,NYI,line,5on5,29,7817.0,223.0,0.45,0.53,0.54,75.5,5.06,4.57,19.22,2.51,41.81,31.82,4.93,5.2,5.07,72.0,33.0,41.0,146.0,4.0,3.0,0.0,23.0,0.0,39.0,36.0,68.0,101.0,10.0,20.0,73.0,41.0,18.0,29.0,90.0,9.0,6.0,2.37,1.22,1.47,3.0,0.0,1.0,149.54,105.0,107.83,10.0,0.95,0.56,0.56,5.45,5.55,5.42,64.53,6.16,4.42,16.81,2.13,33.86,24.63,5.82,6.3,5.93,61.0,27.0,43.0,131.0,4.0,8.0,2.0,15.0,0.0,31.0,30.0,57.0,84.0,10.0,20.0,80.0,43.0,15.0,21.0,68.0,10.0,10.0,1.94,1.42,2.8,2.0,0.0,2.0,130.17,88.0,88.16,13.0,0.94,1.74,1.74,5.36,5.41,5.33,2023,2.3303057438915182,2.8368939490853267,33.158500703594726,2.763208391966227,18.881924011769218,8.289625175898681,13.355507227836766,0.790513833992095,0.477124183006536,0.0,0.45,0.53,2
847531484775008478445,2023,Lee-Horvat-Barzal,NYI,line,5on5,59,28957.0,261.0,0.58,0.54,0.56,339.22,27.98,21.89,87.29,11.51,184.29,136.04,26.77,27.8,26.61,327.0,142.0,145.0,614.0,28.0,44.0,3.0,61.0,0.0,183.0,153.0,299.0,441.0,30.0,66.0,239.0,183.0,69.0,89.0,371.0,65.0,33.0,10.33,8.58,9.07,16.0,9.0,3.0,613.47,469.0,468.84,41.0,4.55,8.88,8.88,23.66,23.59,23.0,263.59,20.48,16.96,68.64,9.3,145.98,107.65,19.75,20.61,19.88,248.0,121.0,157.0,526.0,21.0,22.0,3.0,47.0,0.0,163.0,116.0,227.0,348.0,25.0,58.0,233.0,162.0,60.0,78.0,297.0,55.0,17.0,8.59,6.95,4.93,12.0,6.0,3.0,529.44,369.0,371.59,46.0,3.51,4.43,4.43,19.55,19.72,19.33,2023,3.478537141278447,2.5461201091273264,40.653382601788856,4.10263494146493,22.750975584487342,8.57823669579031,11.064682114859965,1.0007147962830594,0.5063559322033898,0.6216113547674137,0.58,0.54,2
847398684788738484153,2023,Killorn-Carlsson-Terry,ANA,line,5on5,32,20934.0,59.0,0.51,0.55,0.54,189.72,13.78,11.71,47.34,6.55,109.0,80.61,13.33,13.61,13.17,177.0,92.0,109.0,378.0,11.0,14.0,1.0,40.0,0.0,98.0,106.0,166.0,258.0,21.0,42.0,113.0,92.0,55.0,49.0,227.0,29.0,13.0,6.64,3.47,3.68,5.0,5.0,1.0,365.41,269.0,261.28,17.0,2.4,2.78,3.05,13.12,12.8,12.55,161.83,13.48,10.54,41.06,5.38,89.03,66.52,13.01,13.81,13.32,147.0,79.0,87.0,313.0,13.0,16.0,4.0,36.0,0.0,81.0,80.0,134.0,213.0,21.0,42.0,210.0,132.0,40.0,53.0,176.0,36.0,14.0,5.23,4.42,3.83,6.0,3.0,4.0,326.06,226.0,233.29,26.0,2.19,3.33,3.6,12.07,12.36,12.12,2023,2.3697334479793635,2.3181427343078247,30.43852106620808,2.2355975924333618,15.82115219260533,9.458297506448838,8.426483233018056,0.7982583454281568,0.3498452012383901,0.0,0.51,0.55,2
847627884774508479315,2023,Blackwell-Dickinson-Anderson,CHI,line,5on5,29,15843.0,83.0,0.56,0.53,0.53,123.46,10.5,7.1,33.19,4.08,65.59,48.55,9.99,10.28,9.78,123.0,46.0,80.0,249.0,7.0,16.0,1.0,17.0,0.0,65.0,64.0,116.0,162.0,11.0,22.0,171.0,92.0,43.0,27.0,129.0,24.0,16.0,2.73,2.75,5.02,0.0,4.0,3.0,238.47,169.0,163.7,16.0,1.48,4.22,4.22,7.76,7.52,7.36,104.65,8.2,6.68,26.78,3.52,58.69,43.12,7.96,8.38,8.15,101.0,46.0,70.0,217.0,9.0,7.0,1.0,18.0,2.0,52.0,59.0,92.0,138.0,8.0,16.0,136.0,105.0,30.0,34.0,116.0,25.0,6.0,3.46,3.19,1.56,4.0,4.0,1.0,230.71,147.0,153.87,11.0,1.39,1.46,1.46,8.13,8.39,8.28,2023,2.3859117591365275,1.8632834690399545,27.949252035599322,3.635675061541375,20.905131603862905,9.770876727892446,6.135201666351071,0.6666666666666666,0.5570032573289903,0.6816890740390078,0.56,0.53,2
847522584768898479351,2023,Steel-Faksa-Smith,DAL,line,5on5,52,22713.0,204.0,0.53,0.57,0.57,195.21,13.94,11.94,49.84,6.93,111.64,80.7,13.54,14.21,13.81,184.0,91.0,117.0,392.0,13.0,17.0,3.0,32.0,1.0,115.0,97.0,171.0,262.0,27.0,61.0,175.0,140.0,41.0,50.0,229.0,34.0,12.0,6.09,4.36,3.49,5.0,2.0,6.0,401.51,275.0,280.55,19.0,2.45,3.09,3.09,13.29,13.55,13.39,153.93,12.45,9.18,40.35,5.09,78.72,61.21,11.87,12.34,11.76,129.0,78.0,89.0,296.0,11.0,13.0,2.0,35.0,0.0,76.0,72.0,118.0,196.0,14.0,29.0,179.0,299.0,36.0,34.0,157.0,37.0,13.0,3.81,4.98,3.67,4.0,5.0,2.0,292.63,207.0,204.49,16.0,1.91,2.4,2.4,11.96,11.9,11.69,2023,2.2094835556729624,1.9733192444855367,29.163914938581428,1.90199445251618,22.189935279355435,6.498481046096948,7.924976885484083,0.9325681492109039,0.4943502824858757,2.060493990225862,0.53,0.57,2
847418984751918481703,2023,Puustinen-Eller-Smith,PIT,line,5on5,30,9794.0,157.0,0.59,0.55,0.58,100.46,7.31,6.06,26.73,3.37,54.38,41.14,7.05,7.2,6.95,98.0,41.0,55.0,194.0,7.0,12.0,1.0,13.0,0.0,56.0,51.0,91.0,132.0,4.0,8.0,77.0,53.0,27.0,25.0,114.0,17.0,8.0,2.91,2.17,2.23,4.0,3.0,0.0,194.88,139.0,139.27,11.0,1.25,2.01,2.01,6.56,6.54,6.48,72.4,5.03,4.41,19.48,2.51,39.97,29.61,4.9,5.0,4.87,66.0,35.0,59.0,160.0,3.0,8.0,0.0,11.0,0.0,33.0,46.0,63.0,98.0,9.0,18.0,82.0,58.0,21.0,24.0,84.0,12.0,5.0,2.16,1.48,1.39,2.0,1.0,0.0,158.63,101.0,100.76,13.0,0.92,1.62,1.62,4.33,4.3,4.2,2023,2.686951194608944,1.8488870737186034,36.0220543189708,2.9405758627731267,19.481315090871963,9.924443536859302,9.189299571166021,0.957592339261286,0.48427672955974843,-1.8378599142332042,0.59,0.55,2
847841484794078480002,2023,Bratt-Hischier-Meier,NJD,line,5on5,30,10476.0,190.0,0.55,0.54,0.53,104.12,10.75,7.36,26.06,3.71,56.24,39.89,10.19,10.8,10.23,93.0,51.0,47.0,191.0,13.0,21.0,1.0,16.0,0.0,46.0,48.0,80.0,131.0,11.0,25.0,133.0,49.0,27.0,19.0,102.0,29.0,13.0,3.22,3.64,3.89,6.0,5.0,2.0,191.56,144.0,144.29,13.0,1.54,4.3,4.3,7.99,8.0,7.88,94.09,8.9,6.15,23.44,3.13,49.19,36.19,8.31,9.15,8.54,89.0,38.0,39.0,166.0,11.0,16.0,3.0,18.0,1.0,34.0,47.0,78.0,116.0,11.0,28.0,88.0,54.0,23.0,19.0,93.0,23.0,11.0,2.64,3.14,3.11,5.0,4.0,2.0,170.19,127.0,129.6,4.0,1.29,3.37,3.37,6.82,6.99,6.72,2023,3.6941580756013743,3.058419243986254,31.95876288659794,4.4673539518900345,16.83848797250859,9.278350515463917,6.529209621993127,1.2093023255813953,0.6018099547511312,0.0,0.55,0.54,2
847742584795258481186,2023,Wood-Colton-O'Connor,COL,line,5on5,42,16924.0,233.0,0.56,0.56,0.57,183.79,17.83,12.47,46.21,6.19,98.66,72.63,17.17,18.11,17.45,168.0,86.0,114.0,368.0,13.0,21.0,1.0,36.0,0.0,110.0,74.0,155.0,241.0,14.0,28.0,151.0,145.0,45.0,35.0,175.0,59.0,20.0,5.05,6.96,5.83,3.0,8.0,2.0,374.24,254.0,257.78,17.0,2.61,4.57,4.57,15.87,16.12,15.88,144.16,13.85,9.92,35.21,4.76,75.95,55.32,13.15,13.75,13.05,133.0,62.0,90.0,285.0,11.0,20.0,3.0,26.0,1.0,61.0,76.0,122.0,184.0,22.0,44.0,139.0,112.0,21.0,45.0,142.0,36.0,17.0,4.49,4.23,5.13,4.0,4.0,3.0,278.92,195.0,192.51,30.0,2.08,4.26,4.18,11.74,11.58,11.36,2023,3.79272039706925,2.946112030252895,35.73623256913259,4.254313401087213,30.843772157882295,9.57220515244623,7.445048451902623,0.7291082445316882,0.5206896551724138,-1.7017253604348852,0.56,0.56,2
847795684780468478401,2023,Heinen-Zacha-Pastrnak,BOS,line,5on5,37,11076.0,357.0,0.53,0.5,0.53,100.88,8.99,6.75,23.82,3.36,56.59,41.5,8.8,9.26,9.07,97.0,44.0,34.0,175.0,17.0,11.0,2.0,17.0,0.0,51.0,45.0,80.0,124.0,8.0,16.0,94.0,85.0,22.0,34.0,111.0,20.0,10.0,3.69,2.75,2.56,8.0,4.0,5.0,179.93,141.0,144.24,19.0,1.39,1.9,1.9,8.48,8.69,8.58,91.54,8.01,6.22,24.12,3.34,49.1,36.21,7.72,8.03,7.75,86.0,41.0,50.0,177.0,6.0,10.0,0.0,18.0,1.0,52.0,40.0,80.0,121.0,13.0,28.0,81.0,102.0,32.0,47.0,96.0,20.0,11.0,2.6,2.64,2.77,2.0,4.0,0.0,175.79,127.0,127.09,25.0,1.3,1.92,1.92,7.4,7.42,7.32,2023,2.921993499458288,2.6034669555796315,31.52762730227519,3.2502708559046587,27.6273022751896,7.150595882990249,11.05092091007584,1.8,0.5371428571428571,-1.6251354279523293,0.53,0.5,2
847569284774518478864,2023,Kaprizov-Hartman-Zuccarello,MIN,line,5on5,29,8551.0,225.0,0.48,0.5,0.49,69.42,6.95,4.84,15.97,2.3,36.92,28.02,6.78,6.96,6.79,57.0,38.0,53.0,148.0,7.0,5.0,1.0,10.0,0.0,38.0,35.0,50.0,88.0,8.0,19.0,62.0,31.0,15.0,28.0,68.0,22.0,5.0,2.4,3.09,1.45,0.0,5.0,2.0,145.52,95.0,93.27,15.0,1.0,1.01,1.01,6.93,6.92,6.8,74.11,7.44,5.13,17.36,2.4,39.05,28.6,7.36,7.59,7.5,75.0,25.0,46.0,146.0,12.0,4.0,0.0,11.0,1.0,38.0,34.0,63.0,88.0,14.0,31.0,85.0,53.0,22.0,24.0,66.0,26.0,8.0,2.05,3.23,2.16,4.0,4.0,4.0,151.43,100.0,103.08,19.0,1.07,0.96,0.96,7.55,7.75,7.69,2023,2.92597357034265,3.1322652321365925,23.99719331072389,2.1050169570810433,13.051105133902468,6.3150508712431295,11.788094959653842,1.0071942446043165,0.4217687074829932,-2.526020348497252,0.48,0.5,1
847647984779428479675,2023,Moore-Danault-Fiala,LAK,line,5on5,54,35407.0,83.0,0.58,0.57,0.59,372.35,30.34,23.98,94.49,12.71,199.99,150.49,28.97,30.57,29.19,366.0,146.0,176.0,688.0,28.0,44.0,1.0,69.0,0.0,212.0,159.0,338.0,484.0,31.0,66.0,288.0,214.0,61.0,84.0,402.0,74.0,36.0,11.08,9.15,10.11,9.0,13.0,6.0,694.3,512.0,517.11,51.0,4.97,7.62,7.62,27.7,27.86,27.36,256.16,22.07,16.71,63.48,8.39,135.71,102.64,21.17,22.01,21.1,243.0,106.0,169.0,518.0,22.0,24.0,5.0,51.0,1.0,116.0,135.0,221.0,327.0,27.0,54.0,291.0,251.0,70.0,83.0,264.0,62.0,23.0,7.72,7.9,6.46,10.0,7.0,5.0,513.29,349.0,347.11,50.0,3.5,5.54,5.54,20.04,20.0,19.68,2023,3.08481373739656,2.243963058152343,37.212980484085065,3.660293162369023,21.758409354082527,6.202163414014178,8.54068404552772,0.922874093605801,0.49740932642487046,0.4066992402632248,0.58,0.57,2
847410284779468482078,2023,Perron-Larkin-Raymond,DET,line,5on5,30,12353.0,146.0,0.45,0.49,0.47,95.27,6.36,5.78,23.6,3.1,52.76,39.39,6.23,6.28,6.16,88.0,43.0,67.0,198.0,7.0,3.0,0.0,22.0,0.0,49.0,50.0,81.0,124.0,15.0,33.0,148.0,54.0,30.0,26.0,108.0,18.0,5.0,2.9,2.06,1.41,6.0,0.0,1.0,196.8,131.0,130.21,15.0,1.19,0.69,0.69,6.86,6.8,6.72,104.35,7.86,6.57,27.88,3.48,56.7,42.51,7.65,7.91,7.7,110.0,35.0,60.0,205.0,12.0,5.0,1.0,23.0,0.0,52.0,53.0,98.0,133.0,18.0,39.0,108.0,78.0,21.0,22.0,116.0,22.0,7.0,3.23,2.87,1.75,6.0,4.0,2.0,206.4,145.0,146.08,10.0,1.38,0.97,0.97,8.26,8.33,8.13,2023,1.8534768882052943,2.2906176637254108,25.64559216384684,1.4571359184003887,15.737067918724197,8.742815510402332,7.5771067756820205,1.10062893081761,0.578125,-0.8742815510402332,0.45,0.49,1
84800738480879,2023,Brannstrom-Bernard-Docker,OTT,pairing,5on5,54,16310.0,318.0,0.53,0.49,0.51,127.69,10.49,7.79,31.56,4.22,67.97,52.03,10.17,10.5,10.18,132.0,43.0,66.0,241.0,12.0,12.0,2.0,28.0,0.0,58.0,65.0,120.0,163.0,24.0,48.0,108.0,138.0,39.0,37.0,130.0,34.0,11.0,3.6,3.9,2.99,5.0,5.0,2.0,239.87,175.0,175.18,24.0,1.61,2.31,2.69,9.34,9.39,9.26,119.95,9.18,7.33,30.65,4.14,65.7,50.01,8.88,9.23,8.93,119.0,48.0,86.0,253.0,12.0,8.0,2.0,29.0,0.0,65.0,53.0,107.0,155.0,27.0,54.0,120.0,129.0,27.0,39.0,135.0,24.0,8.0,3.98,3.1,2.11,7.0,5.0,0.0,256.18,167.0,168.23,22.0,1.52,1.35,1.35,9.35,9.34,9.18,2023,2.3153893316983445,2.026241569589209,29.135499693439606,2.427958307786634,30.459840588595952,8.608215818516246,8.166768853464133,1.1439466158245948,0.47368421052631576,-0.6621704475781729,0.53,0.49,2
847688284784278480830,2023,Teravainen-Aho-Svechnikov,CAR,line,5on5,26,13586.0,97.0,0.55,0.59,0.57,145.34,11.27,9.07,39.19,5.03,80.33,58.12,10.61,11.41,10.72,126.0,77.0,69.0,272.0,12.0,14.0,0.0,31.0,1.0,72.0,73.0,114.0,191.0,18.0,36.0,123.0,79.0,37.0,40.0,158.0,34.0,11.0,4.25,3.98,3.04,5.0,6.0,1.0,278.11,203.0,207.44,16.0,1.88,1.97,1.97,11.18,11.33,10.98,112.38,9.23,7.36,29.18,3.81,60.78,43.65,8.99,9.17,8.94,111.0,43.0,36.0,190.0,6.0,12.0,2.0,17.0,0.0,52.0,67.0,105.0,148.0,7.0,16.0,117.0,76.0,31.0,37.0,117.0,30.0,7.0,3.28,3.89,2.05,2.0,2.0,2.0,186.87,154.0,152.41,21.0,1.53,2.39,2.39,8.37,8.32,8.2,2023,2.986309436184307,2.4457529810098633,33.38731046665685,2.9147651994700428,20.933313705284853,9.804210216399234,10.599146179891063,1.064773735581189,0.5125,2.9147651994700428,0.55,0.59,2
847634684764328480893,2023,Gaudreau-Jenner-Marchenko,CBJ,line,5on5,26,8177.0,165.0,0.48,0.44,0.46,66.2,5.35,4.56,15.72,2.18,36.67,27.52,5.13,5.41,5.19,63.0,29.0,39.0,131.0,8.0,3.0,1.0,19.0,0.0,31.0,31.0,55.0,84.0,9.0,21.0,71.0,40.0,11.0,8.0,73.0,10.0,9.0,1.94,1.17,2.25,3.0,3.0,2.0,133.32,92.0,93.52,2.0,0.95,0.49,0.49,5.8,5.87,5.71,76.77,5.8,5.1,18.37,2.49,43.08,31.15,5.65,5.85,5.7,76.0,30.0,58.0,164.0,2.0,6.0,0.0,19.0,0.0,42.0,37.0,74.0,104.0,7.0,17.0,59.0,46.0,12.0,14.0,82.0,19.0,5.0,2.35,2.19,1.27,1.0,1.0,0.0,160.83,106.0,104.9,2.0,1.05,1.13,0.93,5.92,5.98,5.86,2023,2.3553870612694143,2.5535037299743184,27.73633361868656,3.96233337409808,17.610370551547025,4.842851901675432,3.5220741103094046,1.4953271028037385,0.5461538461538461,0.8805185275773512,0.48,0.44,3
848006484802088480801,2023,Tkachuk-Norris-Batherson,OTT,line,5on5,31,8273.0,268.0,0.42,0.49,0.5,80.08,5.27,4.46,20.22,2.51,42.71,32.83,5.17,5.16,5.07,76.0,32.0,40.0,148.0,4.0,5.0,0.0,14.0,0.0,42.0,43.0,72.0,104.0,7.0,14.0,76.0,89.0,20.0,29.0,89.0,14.0,5.0,2.25,1.46,1.56,0.0,3.0,1.0,142.59,108.0,104.68,14.0,0.92,0.93,1.2,5.0,4.9,4.82,77.87,7.25,5.11,20.25,2.65,39.88,30.86,7.02,7.31,7.08,77.0,29.0,47.0,153.0,7.0,10.0,2.0,11.0,1.0,32.0,45.0,70.0,99.0,7.0,14.0,69.0,57.0,15.0,20.0,79.0,17.0,10.0,2.06,2.56,2.63,3.0,2.0,2.0,156.06,106.0,107.61,13.0,1.07,1.95,1.95,6.37,6.44,6.31,2023,2.2932430798984647,3.1548410491961802,33.071437205366855,2.1757524477215036,38.728393569442765,8.703009790886014,12.619364196784721,0.7590132827324478,0.5241379310344828,0.0,0.42,0.49,1
847849384788648481557,2023,Boldy-Eriksson Ek-Kaprizov,MIN,line,5on5,49,22494.0,206.0,0.63,0.56,0.57,241.27,22.65,16.51,58.1,7.96,128.59,95.19,21.99,22.83,22.16,229.0,100.0,113.0,442.0,29.0,29.0,4.0,45.0,0.0,106.0,120.0,200.0,300.0,27.0,59.0,226.0,107.0,51.0,39.0,235.0,72.0,22.0,6.87,8.85,6.94,12.0,14.0,3.0,445.43,329.0,332.69,16.0,3.45,6.84,6.96,19.14,19.28,18.97,178.42,13.42,11.28,44.26,5.81,100.2,74.05,13.16,13.39,13.13,166.0,83.0,92.0,341.0,18.0,8.0,1.0,37.0,1.0,88.0,97.0,148.0,231.0,26.0,57.0,235.0,130.0,32.0,38.0,199.0,36.0,14.0,5.53,4.38,3.5,11.0,5.0,2.0,340.58,249.0,248.66,21.0,2.35,1.33,1.33,14.43,14.43,14.23,2023,3.6249666577754067,2.1477727393971726,36.649773272872764,3.5209389170445453,17.12456655108029,8.162176580421447,6.241664443851694,1.2803532008830023,0.49023861171366595,0.16004267804747935,0.63,0.56,2
847579984763928478891,2023,Appleton-Lowry-Niederreiter,WPG,line,5on5,72,40922.0,200.0,0.59,0.53,0.53,374.06,34.65,24.04,95.57,12.91,200.8,151.03,33.07,35.07,33.47,346.0,173.0,196.0,715.0,23.0,52.0,8.0,77.0,0.0,194.0,173.0,323.0,496.0,40.0,103.0,386.0,377.0,64.0,66.0,383.0,94.0,42.0,9.8,12.42,12.43,7.0,7.0,9.0,724.68,519.0,526.88,55.0,5.02,11.92,11.92,27.75,28.07,27.56,331.28,24.32,20.84,89.78,11.42,178.31,134.33,23.51,24.3,23.48,319.0,140.0,185.0,644.0,15.0,30.0,1.0,64.0,0.0,178.0,172.0,304.0,444.0,40.0,99.0,390.0,309.0,50.0,101.0,363.0,74.0,22.0,8.97,9.0,6.35,7.0,5.0,3.0,635.22,459.0,453.53,72.0,4.36,5.68,5.68,23.0,22.97,22.53,2023,3.0482381115292503,2.139484873662089,30.43839499535702,3.6948340745809096,33.165534431357216,5.630223351742339,5.806167831484287,0.6637806637806638,0.49742268041237114,0.0,0.59,0.53,2
847414184774568479337,2023,Debrincat-Compher-Kane,DET,line,5on5,35,10930.0,245.0,0.52,0.47,0.46,86.11,7.89,5.46,21.11,2.84,44.1,34.61,7.53,7.74,7.4,80.0,36.0,58.0,174.0,8.0,8.0,1.0,15.0,0.0,40.0,45.0,72.0,108.0,9.0,21.0,66.0,55.0,19.0,27.0,85.0,23.0,8.0,2.47,2.99,2.42,3.0,4.0,1.0,170.6,116.0,114.36,14.0,1.14,2.0,2.0,7.02,6.95,6.83,99.11,7.43,6.12,25.24,3.45,54.15,41.63,7.17,7.54,7.28,93.0,45.0,60.0,198.0,8.0,9.0,3.0,16.0,0.0,60.0,45.0,85.0,130.0,8.0,19.0,101.0,61.0,20.0,26.0,113.0,21.0,4.0,3.32,2.66,1.44,3.0,2.0,3.0,202.32,138.0,140.86,17.0,1.27,1.88,1.88,6.81,6.89,6.73,2023,2.59871912168344,2.4472095150960658,26.34949679780421,2.634949679780421,18.115279048490393,6.2580054894785,8.89295516925892,1.0139416983523448,0.39520958083832336,0.32936870997255263,0.52,0.47,3
847751184815808481656,2023,Protas-Mcmichael-Mantha,WSH,line,5on5,42,19203.0,153.0,0.58,0.51,0.53,159.26,15.08,10.88,39.55,5.59,84.4,63.5,13.99,15.09,13.99,150.0,69.0,76.0,295.0,13.0,25.0,3.0,24.0,1.0,72.0,84.0,137.0,206.0,16.0,34.0,137.0,77.0,40.0,50.0,158.0,43.0,18.0,4.44,5.44,5.19,5.0,5.0,3.0,294.83,219.0,218.42,29.0,2.28,5.27,5.27,12.09,12.1,11.77,143.35,11.01,8.94,36.17,4.71,77.93,59.24,10.41,11.33,10.68,138.0,60.0,88.0,286.0,15.0,15.0,4.0,30.0,0.0,58.0,80.0,123.0,183.0,12.0,24.0,161.0,125.0,45.0,48.0,150.0,39.0,9.0,4.0,4.85,2.17,5.0,8.0,2.0,291.48,198.0,201.14,36.0,1.85,2.61,2.61,10.25,10.46,10.21,2023,2.8270582721449773,2.0640524917981566,28.120606155288236,3.3744727386345885,14.435244493047962,7.498828308076863,9.37353538509608,0.8620689655172413,0.4597315436241611,0.7498828308076864,0.58,0.51,2
847458684751938482665,2023,Tatar-Beniers-Eberle,SEA,line,5on5,29,12002.0,112.0,0.56,0.52,0.52,109.86,9.55,7.31,26.87,3.55,60.32,44.4,9.25,9.82,9.52,109.0,43.0,61.0,213.0,13.0,11.0,1.0,23.0,0.0,51.0,54.0,96.0,139.0,7.0,17.0,101.0,68.0,30.0,17.0,114.0,28.0,10.0,3.25,3.34,2.96,7.0,5.0,1.0,220.16,152.0,156.95,5.0,1.52,2.53,2.53,8.54,8.8,8.68,100.09,7.65,6.2,25.81,3.4,55.37,41.58,7.3,7.49,7.14,99.0,41.0,59.0,199.0,2.0,12.0,1.0,26.0,2.0,54.0,44.0,97.0,138.0,10.0,23.0,109.0,79.0,31.0,25.0,111.0,21.0,8.0,2.55,2.62,2.48,0.0,1.0,1.0,194.16,140.0,137.21,13.0,1.28,3.08,3.08,5.85,5.71,5.58,2023,2.864522579570072,2.294617563739377,32.694550908181974,2.9995000833194467,20.39660056657224,8.99850024995834,5.09915014164306,1.3612565445026177,0.48095238095238096,-0.8998500249958341,0.56,0.52,2
847793484779988480802,2023,Foegele-Mcleod-Draisaitl,EDM,line,5on5,21,8606.0,127.0,0.53,0.54,0.56,92.81,8.37,6.12,21.17,3.03,49.58,38.74,7.98,8.8,8.41,91.0,36.0,38.0,165.0,12.0,12.0,1.0,17.0,0.0,39.0,47.0,79.0,115.0,13.0,26.0,80.0,39.0,16.0,21.0,102.0,16.0,9.0,3.68,2.06,2.63,6.0,5.0,1.0,176.05,127.0,133.92,9.0,1.26,2.72,2.72,6.91,7.3,7.19,72.4,7.4,4.69,17.2,2.31,38.35,28.06,7.12,7.03,6.76,68.0,30.0,40.0,138.0,4.0,8.0,1.0,11.0,0.0,41.0,34.0,64.0,94.0,5.0,14.0,52.0,58.0,22.0,25.0,65.0,25.0,8.0,1.63,3.23,2.54,2.0,1.0,1.0,131.55,98.0,93.73,14.0,0.98,2.17,2.17,6.21,5.89,5.75,2023,3.5012781780153377,3.095514757146177,38.06646525679758,3.7648152451777825,16.31419939577039,6.693004880316058,8.784568905414826,1.4336917562724016,0.6060606060606061,3.346502440158029,0.53,0.54,2
847350484747098475231,2023,Cizikas-Martin-Clutterbuck,NYI,line,5on5,28,8951.0,138.0,0.48,0.42,0.45,61.73,5.92,3.85,16.4,2.25,31.43,24.15,5.49,5.95,5.54,59.0,25.0,29.0,113.0,6.0,12.0,2.0,11.0,0.0,27.0,28.0,53.0,78.0,14.0,37.0,84.0,156.0,21.0,17.0,59.0,16.0,9.0,1.38,2.06,2.48,1.0,2.0,3.0,113.06,84.0,84.27,12.0,0.8,2.48,2.48,4.24,4.27,4.22,75.17,6.5,5.14,19.13,2.6,40.58,30.05,6.27,6.35,6.13,69.0,35.0,53.0,157.0,3.0,10.0,0.0,19.0,1.0,45.0,26.0,66.0,101.0,14.0,37.0,59.0,72.0,13.0,27.0,77.0,22.0,5.0,2.18,3.05,1.27,1.0,2.0,0.0,155.5,104.0,102.57,12.0,1.07,1.69,1.69,5.88,5.77,5.62,2023,2.3809630208915205,2.6142330465869734,23.72919226902022,3.619707295274271,62.741593118087366,8.445983688973298,6.837224891073623,1.0135135135135136,0.5874125874125874,0.0,0.48,0.42,4
847647484800398480835,2023,Necas-Drury-Noesen,CAR,line,5on5,31,8391.0,203.0,0.68,0.67,0.68,99.56,7.85,6.42,26.8,3.56,54.16,39.21,7.5,8.01,7.65,86.0,52.0,47.0,185.0,7.0,12.0,2.0,22.0,1.0,52.0,44.0,79.0,131.0,12.0,27.0,75.0,51.0,21.0,39.0,114.0,18.0,6.0,3.55,2.34,1.96,1.0,2.0,4.0,189.47,138.0,140.54,18.0,1.34,2.33,2.42,6.77,6.87,6.76,46.77,3.66,3.14,11.54,1.67,25.18,19.81,3.52,3.61,3.48,41.0,24.0,25.0,90.0,4.0,3.0,0.0,8.0,0.0,19.0,31.0,37.0,61.0,13.0,29.0,65.0,66.0,18.0,30.0,51.0,11.0,3.0,1.39,1.47,0.8,2.0,1.0,1.0,87.68,65.0,63.65,19.0,0.65,0.5,0.53,3.78,3.73,3.67,2023,3.3678941723274933,1.5702538434036466,36.896675008938146,2.574186628530568,21.88058634250983,9.009653199856988,16.732213085448695,0.89171974522293,0.5357142857142857,-0.4290311047550947,0.68,0.67,0
847883184790668479981,2023,Gadjovich-Stenlund-Lomberg,FLA,line,5on5,29,10142.0,141.0,0.49,0.49,0.47,74.37,6.52,4.77,18.67,2.44,38.63,28.97,5.98,6.73,6.18,72.0,28.0,49.0,149.0,4.0,13.0,1.0,13.0,0.0,43.0,27.0,68.0,96.0,31.0,76.0,77.0,166.0,13.0,22.0,74.0,19.0,7.0,1.88,2.67,1.96,0.0,4.0,0.0,156.41,100.0,104.42,15.0,0.99,2.72,2.72,4.79,4.93,4.74,79.24,6.87,5.06,19.85,2.73,43.7,33.79,6.69,6.69,6.52,69.0,43.0,46.0,158.0,4.0,8.0,0.0,16.0,0.0,43.0,41.0,65.0,108.0,24.0,60.0,92.0,118.0,14.0,34.0,81.0,23.0,8.0,1.93,2.73,2.21,1.0,2.0,1.0,154.54,112.0,108.88,19.0,1.05,1.44,1.44,6.48,6.3,6.21,2023,2.3143364227962926,2.438572273713272,25.557089331492804,2.484717018339578,58.92328929205285,4.614474462630645,7.809110629067246,0.6134969325153374,0.4556213017751479,2.484717018339578,0.49,0.49,4
847467984751588476887,2023,Forsberg-O'Reilly-Nyquist,NSH,line,5on5,78,45988.0,117.0,0.55,0.54,0.54,477.73,39.9,31.3,125.34,16.15,255.96,188.33,38.17,40.27,38.52,453.0,204.0,263.0,920.0,46.0,51.0,13.0,99.0,0.0,221.0,240.0,407.0,611.0,47.0,109.0,512.0,259.0,122.0,125.0,504.0,112.0,41.0,13.83,14.32,11.74,17.0,17.0,12.0,929.05,657.0,663.56,73.0,6.54,10.5,10.5,35.93,36.24,35.54,406.55,33.3,26.02,103.53,14.16,218.86,164.13,32.25,33.56,32.51,394.0,166.0,224.0,784.0,31.0,31.0,2.0,76.0,2.0,211.0,209.0,363.0,529.0,51.0,117.0,420.0,262.0,107.0,144.0,420.0,110.0,30.0,11.17,13.75,8.37,11.0,14.0,6.0,784.89,560.0,560.11,93.0,5.42,6.51,6.51,32.2,32.44,31.8,2023,3.1234235017830736,2.6067669826911364,35.461424719492044,3.20953292163173,20.274854309819954,9.550317474123684,9.785161346438201,1.1528822055137844,0.5493562231759657,-0.31312516308602245,0.55,0.54,2
848089384817168482475,2023,Chinakhov-Voronkov-Marchenko,CBJ,line,5on5,30,15775.0,128.0,0.42,0.49,0.47,124.93,9.9,8.18,30.76,4.27,67.52,50.36,9.22,10.04,9.37,120.0,51.0,88.0,259.0,13.0,11.0,1.0,27.0,1.0,55.0,64.0,107.0,158.0,9.0,18.0,127.0,71.0,27.0,25.0,136.0,29.0,6.0,4.52,3.69,1.69,7.0,3.0,3.0,263.04,171.0,174.05,14.0,1.7,1.67,1.67,9.92,10.05,9.84,141.42,13.61,9.37,36.47,4.78,74.45,55.33,12.83,13.53,12.77,137.0,57.0,75.0,269.0,8.0,22.0,1.0,23.0,0.0,67.0,74.0,129.0,186.0,10.0,20.0,182.0,87.0,20.0,20.0,142.0,31.0,21.0,3.9,4.13,5.59,3.0,5.0,0.0,267.13,194.0,192.53,9.0,1.97,5.33,5.33,10.25,10.24,9.98,2023,2.259270998415214,3.105927099841521,27.385103011093502,1.369255150554675,16.202852614896987,6.161648177496038,5.7052297939778125,1.3131313131313131,0.4110032362459547,-0.2282091917591125,0.42,0.49,1
847534384779798479359,2023,Malenstyn-Dowd-Aube-Kubel,WSH,line,5on5,50,25560.0,133.0,0.42,0.41,0.41,150.05,11.37,9.22,38.39,5.07,84.46,63.5,11.13,11.27,11.05,144.0,68.0,101.0,313.0,16.0,10.0,1.0,26.0,2.0,70.0,88.0,128.0,196.0,31.0,70.0,252.0,290.0,61.0,66.0,169.0,34.0,9.0,4.54,4.42,2.41,11.0,3.0,2.0,310.72,212.0,211.95,43.0,1.88,2.08,2.08,11.18,11.15,11.02,217.59,15.94,13.67,58.89,7.41,118.43,87.66,15.31,16.25,15.6,195.0,107.0,150.0,452.0,12.0,13.0,0.0,51.0,0.0,118.0,108.0,183.0,290.0,26.0,58.0,250.0,240.0,53.0,36.0,249.0,40.0,13.0,7.03,5.18,3.73,4.0,7.0,1.0,454.93,302.0,304.51,19.0,2.85,2.86,2.86,15.93,16.16,15.58,2023,1.6014084507042252,2.2450704225352114,20.281690140845072,1.267605633802817,40.845070422535215,8.591549295774648,9.295774647887324,1.4072119613016711,0.50199203187251,0.7042253521126761,0.42,0.41,1
847646884768588478444,2023,Di Giuseppe-Miller-Boeser,VAN,line,5on5,29,13133.0,103.0,0.45,0.48,0.44,101.89,8.11,6.52,27.32,3.4,55.02,39.63,7.69,8.26,7.82,99.0,41.0,68.0,208.0,11.0,14.0,3.0,23.0,1.0,44.0,47.0,88.0,129.0,16.0,35.0,144.0,116.0,10.0,33.0,114.0,15.0,11.0,2.96,2.01,3.13,4.0,4.0,3.0,211.87,140.0,142.14,20.0,1.35,2.91,2.91,6.55,6.67,6.55,126.76,10.03,8.46,33.35,4.45,67.81,50.9,9.65,9.89,9.51,111.0,64.0,53.0,228.0,8.0,22.0,1.0,19.0,0.0,61.0,65.0,103.0,167.0,14.0,31.0,121.0,68.0,17.0,22.0,136.0,28.0,11.0,3.41,3.52,3.1,5.0,2.0,1.0,221.45,175.0,171.38,14.0,1.77,3.43,3.43,8.37,8.25,8.1,2023,2.2231021091905885,2.749409883499581,27.13774461280743,3.0153049569786035,31.797761364501635,2.7411863245260033,9.04591487093581,1.3563501849568436,0.5433962264150943,0.5482372649052006,0.45,0.48,4
847578684779348478402,2023,Hyman-Draisaitl-Mcdavid,EDM,line,5on5,64,17620.0,338.0,0.66,0.59,0.58,208.31,21.9,14.53,47.55,6.7,109.18,82.14,20.94,21.65,20.7,203.0,79.0,95.0,377.0,27.0,21.0,3.0,43.0,0.0,99.0,92.0,176.0,255.0,14.0,28.0,166.0,90.0,51.0,57.0,199.0,60.0,23.0,6.76,7.53,7.6,7.0,13.0,7.0,372.01,282.0,278.59,24.0,3.03,5.57,5.57,19.36,19.13,18.74,144.96,11.4,9.43,38.12,5.13,79.26,58.65,11.05,11.54,11.19,150.0,52.0,57.0,259.0,11.0,13.0,2.0,32.0,0.0,62.0,84.0,139.0,191.0,23.0,46.0,137.0,117.0,66.0,46.0,156.0,35.0,11.0,4.28,4.26,2.86,4.0,5.0,2.0,261.44,202.0,203.9,35.0,1.96,2.33,2.33,11.04,11.19,11.06,2023,4.474460839954596,2.329171396140749,41.47559591373439,4.699205448354142,18.388195232690123,10.419977298524403,11.645856980703744,1.2328767123287672,0.5478547854785478,-1.8388195232690123,0.66,0.59,0
847639384801858482113,2023,Luostarinen-Lundell-Cousins,FLA,line,5on5,29,9902.0,161.0,0.49,0.6,0.54,93.82,7.68,6.2,26.18,3.64,50.64,36.67,7.43,7.74,7.49,86.0,45.0,82.0,213.0,3.0,11.0,0.0,20.0,1.0,44.0,52.0,83.0,128.0,12.0,24.0,85.0,88.0,29.0,29.0,104.0,20.0,7.0,3.03,2.63,2.01,2.0,1.0,0.0,217.22,131.0,133.08,18.0,1.31,2.26,2.26,6.72,6.79,6.7,81.09,7.94,5.29,20.4,2.74,42.61,32.03,7.61,7.88,7.56,66.0,45.0,31.0,142.0,5.0,9.0,1.0,14.0,0.0,36.0,47.0,61.0,106.0,9.0,18.0,85.0,98.0,7.0,20.0,75.0,27.0,9.0,1.8,3.42,2.71,1.0,3.0,1.0,137.72,111.0,108.14,15.0,1.11,1.87,1.87,7.18,7.12,6.98,2023,2.7921631993536655,2.886689557665118,31.266410826095736,2.54494041607756,31.993536659260755,10.54332458089275,10.54332458089275,0.4,0.5,1.0906887497475257,0.49,0.6,2
847399484741498482740,2023,Benn-Johnston-Dadonov,DAL,line,5on5,40,18862.0,136.0,0.51,0.5,0.5,162.1,12.53,10.51,40.72,5.39,88.16,64.7,12.19,12.58,12.24,154.0,68.0,111.0,333.0,10.0,14.0,1.0,42.0,1.0,72.0,83.0,144.0,212.0,15.0,35.0,222.0,103.0,41.0,49.0,172.0,37.0,13.0,4.73,4.21,3.6,6.0,2.0,2.0,334.81,222.0,222.53,24.0,2.17,2.98,2.98,11.73,11.79,11.68,161.38,11.91,9.71,41.89,5.42,88.57,66.51,11.6,11.87,11.59,162.0,62.0,103.0,327.0,16.0,15.0,5.0,33.0,0.0,77.0,83.0,146.0,208.0,19.0,41.0,155.0,135.0,34.0,36.0,177.0,35.0,12.0,4.33,4.16,3.41,7.0,4.0,5.0,323.43,224.0,222.18,16.0,2.0,2.63,2.63,11.28,11.29,11.14,2023,2.391474923125861,2.273141766514686,29.392429222775952,2.4811790902343334,19.658572791856642,7.825257130739052,9.352136570883257,0.7980845969672786,0.5888594164456233,-0.7634397200721026,0.51,0.5,2
847168584779608482124,2023,Kempe-Kopitar-Byfield,LAK,line,5on5,71,38321.0,194.0,0.55,0.54,0.53,342.27,29.93,21.47,87.86,11.23,180.84,135.67,28.8,30.26,29.11,325.0,142.0,212.0,679.0,30.0,35.0,2.0,80.0,1.0,171.0,150.0,295.0,437.0,37.0,77.0,417.0,181.0,80.0,71.0,347.0,86.0,34.0,8.81,11.24,9.88,9.0,16.0,5.0,693.65,467.0,474.56,53.0,4.49,7.31,7.3,27.11,27.57,27.0,300.77,24.62,19.8,76.11,10.05,164.91,121.52,23.88,24.35,23.62,282.0,135.0,154.0,571.0,15.0,25.0,1.0,73.0,2.0,141.0,161.0,267.0,402.0,43.0,89.0,339.0,247.0,67.0,83.0,315.0,80.0,22.0,8.11,9.99,6.51,6.0,8.0,1.0,560.6,417.0,410.98,59.0,4.11,5.79,5.92,22.81,22.6,22.2,2023,2.8117220323060463,2.3128832754886353,30.53156232874925,3.194071135930691,17.003731635395734,7.515461496307507,6.669972077972913,1.002338790511193,0.5515873015873016,-0.563659612223063,0.55,0.54,2
847794984794208482175,2023,Thompson-Tuch-Peterka,BUF,line,5on5,20,9343.0,102.0,0.44,0.53,0.53,96.74,7.38,5.91,23.45,3.05,52.73,39.49,7.2,7.31,7.13,105.0,27.0,53.0,185.0,13.0,6.0,2.0,25.0,0.0,36.0,52.0,92.0,119.0,9.0,21.0,74.0,60.0,17.0,13.0,104.0,21.0,7.0,3.0,2.5,1.89,5.0,7.0,1.0,184.77,132.0,131.71,4.0,1.22,1.38,1.25,7.36,7.31,7.23,86.78,9.31,6.24,21.1,2.96,46.07,32.32,8.56,9.51,8.73,74.0,44.0,47.0,165.0,5.0,15.0,0.0,8.0,0.0,43.0,47.0,69.0,113.0,6.0,12.0,112.0,62.0,22.0,16.0,75.0,33.0,10.0,2.26,4.15,2.9,2.0,2.0,1.0,166.04,118.0,118.82,10.0,1.31,3.04,3.04,7.58,7.67,7.42,2023,2.84362624424703,3.587284598094831,40.45809697099433,2.6972064647329552,23.118912554853903,6.550358557208606,5.009097720218346,1.7615176151761518,0.3978494623655914,1.1559456277426952,0.44,0.53,2
847456484764538478010,2023,Stamkos-Point-Kucherov,TBL,line,5on5,49,18840.0,256.0,0.48,0.52,0.52,180.26,15.38,12.34,44.35,6.04,100.74,73.16,14.92,15.31,14.86,173.0,79.0,100.0,352.0,16.0,15.0,2.0,28.0,1.0,86.0,106.0,157.0,236.0,15.0,33.0,151.0,73.0,41.0,55.0,190.0,47.0,15.0,5.56,5.86,3.95,9.0,4.0,3.0,353.69,252.0,253.74,18.0,2.57,2.81,2.81,15.13,15.11,14.84,169.08,16.46,11.43,41.48,5.79,88.27,66.57,15.51,16.58,15.59,171.0,59.0,89.0,319.0,20.0,24.0,2.0,31.0,0.0,78.0,77.0,151.0,210.0,12.0,27.0,135.0,108.0,45.0,25.0,159.0,51.0,20.0,4.56,6.22,5.68,8.0,7.0,5.0,317.05,230.0,228.99,12.0,2.38,5.18,4.91,13.94,14.0,13.81,2023,2.9388535031847134,3.1452229299363057,33.05732484076433,2.8662420382165603,13.949044585987261,7.834394904458598,10.509554140127388,1.0403120936280883,0.527972027972028,0.5732484076433121,0.48,0.52,2
847638984785508482109,2023,Lafrenire-Trocheck-Panarin,NYR,line,5on5,74,51785.0,97.0,0.56,0.58,0.58,564.31,45.04,36.43,140.67,18.39,313.69,227.78,43.66,45.1,43.72,530.0,252.0,295.0,1077.0,54.0,43.0,6.0,107.0,2.0,287.0,289.0,476.0,728.0,53.0,102.0,358.0,318.0,111.0,117.0,614.0,129.0,39.0,19.31,15.24,10.48,33.0,16.0,5.0,1080.34,782.0,783.76,51.0,7.58,8.33,8.33,44.29,44.46,43.7,418.19,35.89,26.86,105.44,14.29,220.35,168.17,34.22,35.96,34.3,416.0,155.0,200.0,771.0,39.0,51.0,7.0,59.0,3.0,187.0,232.0,377.0,532.0,57.0,114.0,313.0,331.0,106.0,105.0,430.0,104.0,37.0,11.98,13.76,10.15,12.0,19.0,8.0,771.47,571.0,571.75,65.0,5.55,9.75,9.75,31.7,31.85,31.3,2023,3.131099739306749,2.495008207009752,36.84464613305011,2.7112098097904798,22.106787679830067,7.716520227865211,8.133629429371439,1.1989342806394316,0.533532041728763,-0.27807280100415177,0.56,0.58,2
847578484779498479999,2023,Skinner-Mittelstadt-Tuch,BUF,line,5on5,25,8566.0,182.0,0.45,0.56,0.59,95.25,7.39,6.29,23.4,3.15,52.7,39.06,7.18,7.35,7.13,89.0,43.0,33.0,165.0,10.0,7.0,1.0,16.0,0.0,53.0,46.0,79.0,122.0,9.0,24.0,85.0,45.0,16.0,17.0,102.0,25.0,5.0,3.12,3.08,1.2,6.0,3.0,1.0,162.27,132.0,129.97,8.0,1.31,1.03,1.03,7.68,7.64,7.51,70.7,8.91,4.94,17.5,2.29,33.7,24.66,8.21,9.26,8.52,70.0,22.0,38.0,130.0,9.0,14.0,4.0,15.0,1.0,25.0,28.0,61.0,83.0,6.0,18.0,84.0,46.0,17.0,23.0,53.0,25.0,14.0,1.75,3.17,4.0,1.0,4.0,4.0,136.48,92.0,95.15,12.0,1.06,3.18,3.18,6.79,7.05,6.93,2023,3.1057669857576466,3.74457156198926,37.40368900303526,2.1013308428671493,18.911977585804344,6.724258697174878,7.144524865748308,1.3531799729364007,0.5029585798816568,1.2607985057202895,0.45,0.56,2
847079484784498480027,2023,Robertson-Pavelski-Hintz,DAL,line,5on5,75,43125.0,188.0,0.55,0.55,0.55,400.76,31.69,25.74,106.45,14.14,221.6,162.38,30.74,31.94,30.99,374.0,188.0,233.0,795.0,41.0,31.0,3.0,82.0,0.0,219.0,189.0,333.0,521.0,23.0,49.0,484.0,218.0,76.0,127.0,442.0,92.0,28.0,13.43,11.09,7.17,23.0,14.0,4.0,805.34,562.0,566.5,55.0,5.36,5.54,5.54,31.51,31.72,31.22,338.44,26.17,19.84,88.71,11.05,178.91,136.32,25.37,25.91,25.11,307.0,154.0,202.0,663.0,33.0,31.0,5.0,80.0,0.0,151.0,166.0,274.0,428.0,43.0,92.0,401.0,326.0,100.0,74.0,356.0,82.0,23.0,8.87,10.32,6.98,13.0,14.0,6.0,652.17,461.0,456.06,37.0,4.13,6.03,6.03,24.26,24.04,23.69,2023,2.645426086956522,2.184626086956522,31.22086956521739,2.3373913043478263,18.198260869565217,6.344347826086957,10.601739130434783,1.2937835279267906,0.5468926553672316,-1.6695652173913045,0.55,0.55,2
847167584764838477404,2023,Guentzel-Crosby-Rakell,PIT,line,5on5,28,11664.0,167.0,0.6,0.57,0.55,121.83,10.72,8.32,30.75,4.27,66.96,47.99,10.41,10.78,10.47,118.0,51.0,83.0,252.0,10.0,6.0,2.0,25.0,0.0,73.0,55.0,108.0,159.0,6.0,12.0,146.0,71.0,27.0,36.0,124.0,39.0,6.0,3.91,5.21,1.6,6.0,2.0,2.0,253.34,169.0,169.74,20.0,1.74,1.35,1.18,11.27,11.31,11.11,98.38,7.26,6.03,25.01,3.24,53.3,41.17,7.17,7.23,7.14,97.0,39.0,51.0,187.0,6.0,9.0,2.0,31.0,0.0,40.0,50.0,91.0,130.0,18.0,36.0,102.0,60.0,26.0,23.0,106.0,27.0,3.0,2.81,3.36,1.1,2.0,2.0,2.0,185.74,136.0,134.88,12.0,1.25,1.76,1.76,6.75,6.75,6.71,2023,3.308641975308642,2.2407407407407405,36.41975308641975,1.8518518518518516,21.91358024691358,8.333333333333332,11.11111111111111,0.9328358208955223,0.5887096774193549,-3.7037037037037033,0.6,0.57,2
847578484779498479420,2023,Skinner-Thompson-Tuch,BUF,line,5on5,38,14190.0,222.0,0.53,0.55,0.54,140.07,10.14,9.22,35.82,4.81,77.07,56.95,9.93,10.15,9.94,138.0,56.0,78.0,272.0,8.0,13.0,1.0,38.0,0.0,61.0,74.0,130.0,186.0,14.0,30.0,109.0,84.0,23.0,27.0,157.0,30.0,7.0,4.46,3.71,1.96,3.0,4.0,1.0,270.24,194.0,192.36,15.0,1.9,1.94,2.02,10.03,10.04,9.92,122.43,9.15,7.96,30.24,3.94,67.04,48.67,8.9,9.09,8.85,108.0,59.0,56.0,223.0,10.0,9.0,1.0,23.0,0.0,62.0,63.0,98.0,157.0,10.0,20.0,143.0,76.0,23.0,32.0,134.0,22.0,11.0,3.88,2.53,2.75,4.0,4.0,2.0,221.66,167.0,166.32,15.0,1.65,1.47,1.47,9.33,9.31,9.15,2023,2.5725158562367865,2.321353065539112,35.01057082452431,1.7758985200845665,21.3107822410148,5.835095137420718,6.849894291754756,0.7889546351084812,0.43253968253968256,1.014799154334038,0.53,0.55,2
847415084763998476456,2023,Coleman-Backlund-Huberdeau,CGY,line,5on5,43,16203.0,287.0,0.52,0.54,0.52,142.61,12.45,9.39,38.76,4.94,76.05,55.4,11.87,12.22,11.65,139.0,58.0,105.0,302.0,9.0,20.0,2.0,39.0,1.0,60.0,68.0,130.0,188.0,18.0,36.0,159.0,114.0,56.0,45.0,154.0,30.0,13.0,4.42,4.26,3.77,4.0,3.0,2.0,296.89,197.0,193.92,20.0,1.96,3.4,3.4,11.02,10.82,10.68,131.12,11.69,8.79,33.18,4.55,71.21,52.58,10.98,11.78,11.07,117.0,65.0,74.0,256.0,10.0,12.0,2.0,27.0,0.0,55.0,78.0,107.0,172.0,13.0,26.0,153.0,99.0,39.0,35.0,133.0,38.0,11.0,3.71,4.57,3.41,4.0,3.0,3.0,259.96,182.0,185.08,17.0,1.83,2.52,2.52,11.01,11.11,10.69,2023,2.7661544158489164,2.5972967968894647,30.88316978337345,2.888354008516941,25.32864284391779,12.44214034438067,9.998148491020181,0.7228915662650602,0.5096153846153846,1.1109053878911312,0.52,0.54,2
847458684779558482665,2023,Mccann-Beniers-Eberle,SEA,line,5on5,39,16047.0,182.0,0.56,0.54,0.53,144.97,10.82,8.94,37.59,4.83,82.0,57.83,10.51,10.87,10.56,149.0,53.0,86.0,288.0,10.0,12.0,3.0,32.0,0.0,73.0,75.0,139.0,192.0,16.0,38.0,135.0,83.0,49.0,27.0,163.0,32.0,7.0,4.62,3.86,2.33,6.0,3.0,1.0,285.61,202.0,200.51,8.0,1.84,2.31,2.31,10.35,10.32,10.19,130.34,8.53,8.05,34.38,4.36,72.48,53.21,8.37,8.72,8.57,120.0,61.0,65.0,246.0,11.0,8.0,1.0,37.0,0.0,60.0,65.0,109.0,170.0,25.0,58.0,161.0,107.0,57.0,37.0,143.0,32.0,6.0,3.31,3.74,1.48,4.0,5.0,2.0,250.2,181.0,184.07,15.0,1.66,0.91,0.91,9.28,9.49,9.33,2023,2.4273696017947284,1.9136287156477847,33.426808749298935,1.5703869882220978,18.62030286034773,10.992708917554685,6.057206954570948,0.9242144177449167,0.4560810810810811,-2.019068984856983,0.56,0.54,2
847639384779358479314,2023,Tkachuk-Bennett-Cousins,FLA,line,5on5,28,12229.0,129.0,0.58,0.58,0.57,128.08,11.61,8.87,31.99,4.43,74.29,52.81,11.17,11.74,11.3,123.0,61.0,78.0,262.0,10.0,9.0,0.0,33.0,0.0,88.0,44.0,113.0,174.0,23.0,49.0,89.0,138.0,26.0,26.0,134.0,39.0,11.0,3.81,4.65,3.16,4.0,6.0,0.0,272.06,184.0,189.56,14.0,1.84,1.92,2.3,11.14,11.36,11.04,100.53,8.49,6.43,24.81,3.32,54.43,41.53,8.26,8.22,7.99,99.0,40.0,53.0,192.0,4.0,6.0,0.0,16.0,0.0,61.0,52.0,95.0,135.0,27.0,63.0,106.0,87.0,27.0,49.0,104.0,26.0,9.0,3.26,2.98,2.25,3.0,0.0,1.0,182.33,139.0,133.07,31.0,1.34,1.23,1.23,8.6,8.33,8.14,2023,3.417777414342955,2.4993049309019546,36.20901136642407,3.2382042685419905,40.62474445989042,7.6539373620083415,7.6539373620083415,0.8613264427217916,0.4564102564102564,-1.17752882492436,0.58,0.58,2
847702184779518479343,2023,Schmaltz-Kerfoot-Keller,ARI,line,5on5,42,12297.0,341.0,0.51,0.6,0.58,111.81,9.1,7.43,28.56,3.9,61.34,45.67,8.89,9.14,8.92,102.0,54.0,68.0,224.0,6.0,10.0,0.0,37.0,0.0,52.0,51.0,96.0,150.0,15.0,30.0,89.0,39.0,26.0,27.0,120.0,28.0,8.0,3.43,3.63,2.05,3.0,1.0,2.0,219.61,156.0,154.11,10.0,1.55,0.97,0.97,9.68,9.71,9.52,82.02,8.62,5.52,20.41,2.72,42.07,31.65,8.14,8.77,8.28,77.0,34.0,41.0,152.0,9.0,8.0,1.0,11.0,0.0,39.0,44.0,68.0,102.0,9.0,18.0,118.0,75.0,18.0,24.0,74.0,26.0,11.0,2.21,3.2,3.22,4.0,4.0,1.0,155.44,111.0,112.38,12.0,1.17,2.03,2.03,7.76,7.89,7.71,2023,2.6640644059526712,2.5235423273969255,29.860941693095874,2.342034642595755,11.417418882654305,7.611612588436204,7.904366918760673,0.6593406593406593,0.42995169082125606,1.7565259819468162,0.51,0.6,2
847576584802088482116,2023,Tarasenko-Sttzle-Batherson,OTT,line,5on5,24,9291.0,150.0,0.51,0.51,0.5,92.32,9.05,6.37,21.8,2.97,48.5,35.29,8.66,9.06,8.66,93.0,31.0,56.0,180.0,10.0,11.0,4.0,22.0,0.0,44.0,37.0,83.0,114.0,12.0,24.0,58.0,29.0,33.0,26.0,88.0,25.0,11.0,2.7,3.23,3.12,4.0,3.0,3.0,181.98,124.0,125.4,14.0,1.34,2.64,2.64,7.75,7.72,7.54,94.13,8.59,6.27,23.62,3.03,48.76,35.72,8.38,8.69,8.47,94.0,32.0,45.0,171.0,9.0,12.0,1.0,21.0,0.0,32.0,52.0,85.0,117.0,11.0,22.0,90.0,68.0,23.0,22.0,90.0,28.0,8.0,2.76,3.63,2.2,3.0,5.0,1.0,172.9,126.0,126.8,12.0,1.32,2.21,2.21,7.7,7.78,7.71,2023,3.5066193090087183,3.3283823054568935,36.03487245721666,4.2621892153697125,11.23668065870197,12.786567646109138,10.074265418146593,1.1049723756906076,0.3918918918918919,0.38747174685179203,0.51,0.51,2
847341984779568478401,2023,Marchand-Zacha-Pastrnak,BOS,line,5on5,57,11569.0,591.0,0.49,0.55,0.52,111.63,8.73,7.26,27.51,3.83,62.77,45.9,8.57,8.93,8.77,96.0,60.0,54.0,210.0,13.0,9.0,1.0,18.0,2.0,49.0,65.0,83.0,143.0,11.0,25.0,89.0,49.0,19.0,38.0,125.0,23.0,8.0,3.78,2.58,2.37,7.0,4.0,2.0,215.15,156.0,160.41,11.0,1.5,1.54,1.54,8.69,8.88,8.78,104.15,9.09,6.94,26.15,3.47,55.85,40.51,8.71,9.03,8.64,105.0,37.0,32.0,174.0,8.0,16.0,4.0,27.0,1.0,40.0,50.0,97.0,134.0,15.0,33.0,90.0,75.0,49.0,41.0,108.0,21.0,13.0,3.16,2.68,3.25,2.0,1.0,5.0,171.7,142.0,140.11,25.0,1.44,2.52,2.52,8.0,7.91,7.72,2023,2.7165701443512837,2.828593655458553,29.872936295271845,2.4894113579393204,15.247644567378337,5.912351975105886,11.824703950211772,1.4891179839633446,0.4972067039106145,-1.2447056789696602,0.49,0.55,3
847644884780208481032,2023,Cotter-Karlsson-Amadio,VGK,line,5on5,31,8389.0,225.0,0.58,0.5,0.54,79.53,7.23,5.41,19.49,2.91,42.04,31.93,6.96,7.07,6.8,78.0,31.0,43.0,152.0,4.0,12.0,0.0,18.0,1.0,37.0,37.0,74.0,105.0,8.0,16.0,72.0,79.0,15.0,17.0,76.0,25.0,8.0,2.19,2.91,2.13,4.0,0.0,0.0,149.19,109.0,107.58,11.0,1.13,1.8,1.8,6.56,6.44,6.36,69.18,5.14,4.41,18.62,2.47,36.37,26.99,4.89,5.17,4.92,70.0,24.0,60.0,154.0,6.0,7.0,2.0,20.0,1.0,33.0,27.0,64.0,88.0,11.0,22.0,60.0,83.0,18.0,15.0,75.0,15.0,4.0,1.94,2.02,1.17,2.0,2.0,2.0,156.27,94.0,95.1,9.0,0.92,1.6,1.6,4.46,4.47,4.42,2023,3.1026344021933485,2.205745619263321,33.47240433901538,3.4330671116938847,33.901537727977114,6.437000834426033,7.295267612349505,0.553250345781466,0.5454545454545454,-1.2874001668852069,0.58,0.5,2
847121484768808478440,2023,Ovechkin-Strome-Wilson,WSH,line,5on5,47,17855.0,269.0,0.55,0.55,0.54,180.49,15.78,12.19,49.77,6.65,96.3,69.31,14.98,15.65,14.87,178.0,72.0,100.0,350.0,12.0,28.0,2.0,32.0,0.0,92.0,86.0,166.0,238.0,23.0,52.0,167.0,158.0,41.0,51.0,183.0,53.0,14.0,5.02,6.53,4.24,4.0,7.0,1.0,345.57,250.0,247.3,32.0,2.56,5.28,5.28,13.06,12.93,12.63,151.39,12.88,9.72,38.7,5.14,82.56,60.99,12.28,13.03,12.42,142.0,68.0,81.0,291.0,20.0,15.0,2.0,27.0,0.0,62.0,86.0,122.0,190.0,22.0,48.0,168.0,103.0,47.0,35.0,161.0,37.0,12.0,4.56,4.81,3.51,10.0,10.0,0.0,291.89,210.0,211.02,21.0,2.01,2.95,2.95,11.94,12.03,11.72,2023,3.181629795575469,2.596919630355643,35.88910669280314,2.8227387286474377,31.85662279473537,8.266591991038926,10.282833940072809,0.7604562737642586,0.49850746268656715,0.2016241949033884,0.55,0.55,2
847641984793288481601,2023,Holmstrom-Pageau-Gauthier,NYI,line,5on5,21,9257.0,76.0,0.31,0.33,0.31,46.42,3.55,2.72,11.51,1.46,24.16,18.61,3.49,3.53,3.48,42.0,20.0,36.0,98.0,5.0,6.0,0.0,6.0,0.0,15.0,30.0,37.0,57.0,8.0,16.0,95.0,100.0,10.0,20.0,46.0,11.0,5.0,0.97,1.26,1.32,1.0,3.0,1.0,98.02,62.0,62.37,16.0,0.56,1.72,1.08,3.03,3.05,3.03,97.06,7.78,5.85,25.71,3.36,53.21,40.09,7.58,7.8,7.6,95.0,41.0,66.0,202.0,8.0,11.0,1.0,20.0,0.0,54.0,43.0,87.0,128.0,7.0,14.0,91.0,60.0,10.0,17.0,107.0,19.0,10.0,2.66,2.31,2.8,4.0,2.0,2.0,203.28,136.0,136.81,4.0,1.21,2.31,2.31,6.68,6.72,6.61,2023,1.3805768607540239,3.0256022469482553,16.33358539483634,1.944474451766231,38.889489035324615,3.888948903532462,7.777897807064924,1.4084507042253522,0.510752688172043,0.3888948903532462,0.31,0.33,1
84793458480879,2023,Chychrun-Bernard-Docker,OTT,pairing,5on5,59,25863.0,286.0,0.42,0.46,0.46,203.89,14.31,11.87,52.74,6.81,107.64,84.62,14.09,14.29,14.06,186.0,92.0,130.0,408.0,15.0,19.0,0.0,41.0,0.0,102.0,101.0,171.0,263.0,28.0,59.0,190.0,217.0,39.0,81.0,230.0,31.0,17.0,5.98,3.81,4.52,8.0,7.0,0.0,401.56,278.0,272.93,53.0,2.45,3.97,3.57,13.19,13.05,12.97,237.5,20.07,15.58,58.89,8.01,128.25,97.21,19.47,20.55,19.94,225.0,103.0,142.0,470.0,25.0,21.0,2.0,41.0,0.0,118.0,123.0,200.0,303.0,35.0,73.0,195.0,213.0,57.0,67.0,246.0,61.0,21.0,6.67,7.8,5.6,14.0,10.0,1.0,481.88,328.0,334.88,39.0,3.25,4.18,4.18,19.13,19.6,19.34,2023,1.9918802923094767,2.7936434288365617,25.890267950353785,2.3663148126667437,30.205312608746084,5.428604570235471,11.274794107412133,1.0482180293501049,0.4935064935064935,-0.9743649228627769,0.42,0.46,1
847645384774078478010,2023,Duclair-Point-Kucherov,TBL,line,5on5,15,8608.0,29.0,0.58,0.53,0.54,88.84,9.55,6.48,21.02,2.84,47.54,33.57,9.0,9.65,9.09,83.0,38.0,39.0,160.0,11.0,12.0,1.0,17.0,1.0,47.0,33.0,72.0,110.0,9.0,18.0,53.0,35.0,21.0,29.0,69.0,43.0,9.0,2.06,5.18,2.31,1.0,8.0,2.0,160.88,121.0,121.79,14.0,1.35,2.33,2.33,8.58,8.73,8.39,73.12,6.88,4.96,16.94,2.34,40.97,30.91,6.75,6.77,6.64,74.0,29.0,37.0,140.0,9.0,6.0,1.0,14.0,0.0,32.0,42.0,65.0,94.0,8.0,16.0,73.0,66.0,15.0,20.0,83.0,12.0,8.0,2.79,1.5,2.59,3.0,3.0,3.0,137.74,103.0,101.99,10.0,1.02,1.11,1.11,6.79,6.7,6.6,2023,3.993959107806692,2.8773234200743496,34.71189591078067,3.7639405204460967,14.637546468401489,8.782527881040894,12.12825278810409,1.1518324607329842,0.42063492063492064,0.41821561338289964,0.58,0.53,2
847742684785198479542,2023,Hagel-Paul-Cirelli,TBL,line,5on5,25,8131.0,181.0,0.55,0.54,0.55,73.11,5.97,4.72,18.12,2.45,40.12,29.63,5.69,6.07,5.79,65.0,36.0,42.0,143.0,10.0,9.0,3.0,13.0,0.0,34.0,35.0,55.0,91.0,7.0,14.0,79.0,61.0,14.0,11.0,77.0,18.0,6.0,2.04,2.36,1.56,4.0,4.0,2.0,147.14,101.0,104.16,7.0,0.98,1.62,1.62,5.32,5.42,5.26,61.57,4.98,4.04,15.57,2.01,33.36,24.03,4.87,4.93,4.82,60.0,24.0,36.0,120.0,9.0,5.0,2.0,11.0,0.0,36.0,23.0,51.0,75.0,7.0,16.0,57.0,68.0,15.0,14.0,63.0,17.0,4.0,1.68,2.24,1.06,2.0,6.0,1.0,118.34,84.0,82.55,9.0,0.84,0.81,0.81,5.01,4.96,4.93,2023,2.6432173164432418,2.2048948468823024,28.778748001475833,2.656499815520846,27.007748124461937,6.198499569548641,4.870249661788218,1.6750418760469012,0.5808823529411765,0.0,0.55,0.54,2
848001284816248483808,2023,Kuzmenko-Pettersson-Mikheyev,VAN,line,5on5,22,10889.0,55.0,0.51,0.55,0.55,103.23,9.45,6.85,26.8,3.55,57.04,40.32,8.98,9.48,9.02,101.0,43.0,54.0,198.0,13.0,12.0,0.0,23.0,0.0,39.0,57.0,88.0,131.0,6.0,12.0,80.0,54.0,26.0,21.0,107.0,27.0,10.0,2.97,3.61,2.87,8.0,5.0,0.0,200.01,144.0,144.66,15.0,1.42,2.44,2.44,8.43,8.53,8.39,88.26,9.11,5.5,21.69,2.98,45.22,34.49,8.69,9.23,8.79,95.0,24.0,44.0,163.0,16.0,10.0,1.0,13.0,0.0,39.0,41.0,79.0,103.0,16.0,34.0,96.0,97.0,16.0,24.0,83.0,22.0,14.0,2.06,3.01,4.04,6.0,6.0,4.0,164.52,119.0,120.05,15.0,1.15,2.38,2.38,7.88,7.94,7.82,2023,3.1242538341445494,3.011846817889613,33.391496005142805,3.306088713380476,17.85287905225457,8.595830654789237,6.942786298099,1.3756613756613758,0.45454545454545453,-3.306088713380476,0.51,0.55,2
847584884769818478133,2023,Anderson-Evans-Gallagher,MTL,line,5on5,26,10679.0,135.0,0.53,0.48,0.51,101.27,9.1,6.42,27.46,3.56,52.6,38.85,8.38,9.24,8.49,96.0,42.0,56.0,194.0,8.0,14.0,0.0,23.0,0.0,48.0,45.0,88.0,130.0,15.0,36.0,93.0,75.0,19.0,32.0,104.0,24.0,10.0,2.68,3.26,3.16,4.0,4.0,0.0,194.83,138.0,138.72,18.0,1.35,3.13,3.13,7.32,7.39,7.12,94.36,8.22,5.85,25.04,3.25,51.12,37.52,7.8,8.18,7.76,100.0,31.0,75.0,206.0,10.0,16.0,3.0,25.0,0.0,36.0,44.0,90.0,121.0,8.0,22.0,93.0,73.0,27.0,28.0,105.0,16.0,10.0,2.99,2.18,3.05,2.0,6.0,2.0,203.8,131.0,130.34,18.0,1.22,3.43,3.43,6.01,6.01,5.94,2023,3.0677029684427377,2.771045978087836,32.36258076598932,3.3711021631238878,25.28326622342916,6.405094109935387,10.787526921996442,0.8791208791208791,0.5,2.3597715141867215,0.53,0.48,2
84751718478055,2023,Forsling-Ekman-Larsson,FLA,pairing,5on5,54,22869.0,285.0,0.54,0.57,0.55,214.45,17.53,14.41,54.26,7.28,118.75,86.76,16.77,17.74,16.97,228.0,71.0,140.0,439.0,24.0,22.0,3.0,43.0,2.0,112.0,96.0,204.0,275.0,24.0,48.0,200.0,164.0,49.0,66.0,230.0,56.0,13.0,6.49,7.17,3.87,14.0,6.0,4.0,443.37,299.0,302.1,41.0,2.99,4.34,4.18,16.35,16.48,16.11,182.63,14.94,11.43,47.91,6.41,95.96,72.33,14.37,14.88,14.3,171.0,78.0,87.0,336.0,15.0,22.0,3.0,36.0,1.0,75.0,100.0,156.0,234.0,30.0,63.0,191.0,186.0,35.0,59.0,189.0,46.0,14.0,5.11,5.79,4.04,7.0,5.0,3.0,330.11,249.0,245.22,33.0,2.37,4.47,4.47,12.84,12.75,12.58,2023,2.7595434868162143,2.3518299881936247,35.8913813459268,2.046438410074774,25.816607634789452,7.7134986225895315,10.38961038961039,1.3690815744438105,0.5115089514066496,-0.9445100354191264,0.54,0.57,2
847794284794008482155,2023,Fiala-Dubois-Laferriere,LAK,line,5on5,36,10585.0,305.0,0.57,0.53,0.53,93.39,8.38,6.25,22.28,3.1,51.89,38.1,8.1,8.53,8.25,89.0,41.0,47.0,177.0,8.0,10.0,3.0,21.0,1.0,43.0,47.0,81.0,122.0,14.0,34.0,82.0,62.0,17.0,21.0,94.0,30.0,6.0,2.88,3.54,1.96,2.0,3.0,3.0,181.01,130.0,133.21,14.0,1.3,2.36,2.36,7.32,7.49,7.4,81.93,6.32,5.34,19.89,2.66,46.27,34.52,6.2,6.24,6.11,80.0,35.0,45.0,160.0,9.0,7.0,2.0,16.0,0.0,47.0,36.0,71.0,106.0,23.0,54.0,91.0,80.0,10.0,21.0,90.0,18.0,7.0,2.66,2.05,1.61,3.0,2.0,4.0,155.98,115.0,112.69,15.0,1.1,1.28,1.28,6.15,6.06,5.95,2023,2.8500708549834672,2.149456778460085,30.26924893717525,2.040623523854511,21.086443079829948,5.7817666509211145,7.142182333490789,0.954653937947494,0.47398843930635837,-3.060935285781767,0.57,0.53,2
847747984775038479318,2023,Bertuzzi-Matthews-Domi,TOR,line,5on5,17,8843.0,59.0,0.66,0.62,0.61,106.09,10.44,7.3,27.64,3.59,55.05,39.97,10.13,10.48,10.17,101.0,43.0,61.0,205.0,16.0,12.0,0.0,12.0,0.0,53.0,51.0,85.0,128.0,9.0,21.0,85.0,72.0,20.0,29.0,98.0,33.0,13.0,2.87,4.18,3.39,7.0,5.0,4.0,207.49,144.0,146.31,15.0,1.54,2.33,2.33,9.64,9.76,9.52,66.33,5.43,4.39,15.84,2.03,36.57,26.74,5.33,5.57,5.47,59.0,32.0,35.0,126.0,11.0,2.0,1.0,15.0,1.0,21.0,41.0,48.0,80.0,9.0,23.0,73.0,82.0,10.0,34.0,70.0,16.0,5.0,2.25,1.89,1.29,8.0,2.0,1.0,127.8,91.0,91.79,29.0,0.91,0.1,0.1,6.24,6.4,6.31,2023,4.250141354743866,2.210562026461608,41.11726789551058,5.292321610313243,29.311319687888727,8.142033246635757,11.80594820762185,1.5325670498084292,0.5379746835443038,0.0,0.66,0.62,0
847121884751848476459,2023,Kreider-Zibanejad-Wheeler,NYR,line,5on5,34,17342.0,108.0,0.46,0.49,0.49,150.77,12.14,10.09,39.19,5.18,83.95,61.45,11.69,12.09,11.62,157.0,55.0,73.0,285.0,17.0,13.0,1.0,32.0,0.0,67.0,83.0,140.0,195.0,21.0,48.0,158.0,91.0,34.0,47.0,168.0,32.0,12.0,5.28,3.84,3.01,10.0,5.0,2.0,284.15,212.0,212.33,20.0,2.11,1.79,1.76,12.49,12.44,12.11,166.42,14.06,10.94,42.79,5.75,85.81,65.65,13.67,14.27,13.88,149.0,76.0,68.0,293.0,12.0,16.0,2.0,25.0,1.0,82.0,89.0,137.0,213.0,21.0,48.0,153.0,89.0,23.0,36.0,174.0,36.0,15.0,5.02,4.75,4.29,5.0,3.0,4.0,293.52,225.0,225.82,18.0,2.28,2.89,2.89,13.45,13.67,13.5,2023,2.5201245531080616,2.918694498904394,32.591396609387616,2.4910621612270787,18.890554722638683,7.058009456810057,9.756660131472726,1.400329489291598,0.5080385852090032,0.0,0.46,0.49,2
847648084801138482149,2023,Iafallo-Namestnikov-Perfetti,WPG,line,5on5,26,9176.0,152.0,0.61,0.58,0.59,91.33,6.8,6.12,22.49,3.12,53.08,39.39,6.57,6.77,6.54,83.0,48.0,47.0,178.0,8.0,11.0,1.0,17.0,0.0,51.0,44.0,75.0,123.0,4.0,8.0,49.0,49.0,21.0,13.0,107.0,18.0,6.0,2.92,2.19,1.68,4.0,3.0,1.0,181.15,131.0,131.97,10.0,1.26,1.94,1.94,6.11,6.13,6.0,67.73,4.36,3.81,18.31,2.23,35.46,27.83,4.21,4.34,4.19,65.0,27.0,37.0,129.0,3.0,7.0,1.0,13.0,0.0,32.0,37.0,62.0,89.0,6.0,12.0,81.0,78.0,7.0,33.0,77.0,11.0,4.0,1.56,1.67,1.13,0.0,2.0,1.0,126.63,92.0,90.68,28.0,0.79,1.47,1.47,3.68,3.67,3.62,2023,2.6678291194420227,1.7105492589363558,32.56320836965998,2.353966870095902,19.22406277244987,8.238884045335658,5.100261551874455,1.1764705882352942,0.3769230769230769,-0.7846556233653007,0.61,0.58,2
847584884764698481618,2023,Armia-Newhook-Gallagher,MTL,line,5on5,19,7685.0,87.0,0.55,0.46,0.48,71.07,8.25,4.61,17.53,2.22,35.63,26.77,8.0,8.36,8.11,68.0,27.0,36.0,131.0,12.0,8.0,2.0,18.0,0.0,25.0,32.0,56.0,83.0,11.0,25.0,64.0,43.0,17.0,21.0,60.0,26.0,9.0,1.83,3.33,3.09,3.0,6.0,3.0,136.18,95.0,98.05,16.0,0.98,2.61,2.61,6.62,6.73,6.68,73.96,6.63,4.8,18.2,2.47,40.28,29.62,6.4,6.57,6.35,64.0,38.0,54.0,156.0,7.0,6.0,2.0,9.0,1.0,40.0,39.0,57.0,95.0,6.0,17.0,68.0,41.0,16.0,16.0,76.0,20.0,6.0,2.27,2.68,1.67,3.0,3.0,1.0,153.24,102.0,100.34,10.0,1.0,1.36,1.36,6.26,6.2,6.14,2023,3.8646714378659723,3.105790500975927,31.854261548471044,4.216005204944697,20.14313597918022,7.963565387117761,9.837345478204293,1.4545454545454546,0.48484848484848486,2.342225113858165,0.55,0.46,2
847345384793368481481,2023,Lizotte-Lewis-Grundstrom,LAK,line,5on5,32,11560.0,149.0,0.57,0.57,0.57,112.71,8.9,6.95,29.46,3.89,60.51,46.28,8.52,9.1,8.7,111.0,45.0,79.0,235.0,7.0,18.0,1.0,22.0,0.0,51.0,58.0,104.0,149.0,8.0,16.0,103.0,116.0,14.0,19.0,122.0,24.0,10.0,2.95,2.91,3.03,4.0,2.0,1.0,241.56,156.0,160.09,14.0,1.44,3.42,3.42,6.93,7.1,6.93,84.81,6.72,5.42,21.46,3.05,46.5,35.85,6.48,6.66,6.43,84.0,35.0,59.0,178.0,6.0,6.0,1.0,24.0,0.0,46.0,37.0,78.0,113.0,9.0,18.0,99.0,112.0,19.0,27.0,94.0,19.0,6.0,2.64,2.4,1.67,3.0,1.0,2.0,173.64,119.0,117.55,18.0,1.12,1.07,1.07,6.77,6.71,6.56,2023,2.7716262975778547,2.0927335640138405,34.567474048442904,3.1141868512110724,36.12456747404844,4.359861591695502,5.916955017301038,0.7865168539325842,0.5099009900990099,-0.31141868512110726,0.57,0.57,2
847341984757458478498,2023,Marchand-Coyle-Debrusk,BOS,line,5on5,50,20801.0,235.0,0.49,0.46,0.44,141.37,13.2,9.52,34.66,4.7,73.96,55.96,12.75,13.37,12.91,135.0,57.0,110.0,302.0,14.0,12.0,2.0,29.0,0.0,69.0,68.0,121.0,178.0,37.0,77.0,199.0,162.0,42.0,53.0,137.0,36.0,19.0,3.85,4.6,4.75,5.0,5.0,4.0,309.69,192.0,196.02,21.0,2.0,2.78,2.78,12.42,12.55,12.36,179.43,13.66,11.48,44.88,5.91,97.83,73.25,13.22,13.56,13.12,164.0,83.0,107.0,354.0,9.0,8.0,1.0,34.0,0.0,103.0,93.0,155.0,238.0,21.0,45.0,196.0,192.0,50.0,45.0,193.0,48.0,6.0,5.59,6.45,1.61,5.0,3.0,1.0,348.16,247.0,243.58,23.0,2.38,1.37,1.36,14.68,14.57,14.19,2023,2.2845055526176625,2.3641171097543388,23.36426133358973,3.2883034469496657,28.037113600307677,7.268881303783472,9.172635930964857,1.0606060606060606,0.5037974683544304,2.769097639536561,0.49,0.46,4
847350484752318477392,2023,Fasching-Cizikas-Clutterbuck,NYI,line,5on5,18,8611.0,72.0,0.45,0.37,0.4,49.11,3.73,3.14,11.9,1.71,26.27,20.25,3.69,3.74,3.7,43.0,24.0,26.0,93.0,4.0,5.0,0.0,7.0,0.0,23.0,28.0,39.0,63.0,8.0,16.0,84.0,91.0,17.0,11.0,51.0,12.0,4.0,1.15,1.55,1.04,0.0,4.0,0.0,93.93,67.0,67.27,9.0,0.65,0.31,0.31,4.07,4.1,4.07,72.82,4.54,4.37,19.09,2.35,39.73,29.92,4.45,4.5,4.41,72.0,28.0,60.0,160.0,4.0,3.0,0.0,13.0,0.0,45.0,35.0,68.0,96.0,6.0,12.0,83.0,52.0,11.0,21.0,86.0,11.0,3.0,2.04,1.41,1.09,2.0,2.0,0.0,157.95,100.0,98.39,12.0,0.9,0.76,0.76,4.68,4.61,4.51,2023,1.5594007664615028,1.8980373940308908,17.97700615491813,1.6722796423179653,38.044361862733716,7.107188479851353,4.598769016374405,1.0723860589812333,0.5029940119760479,0.8361398211589827,0.45,0.37,4
847646984816188482749,2023,Armia-Newhook-Roy,MTL,line,5on5,16,7974.0,55.0,0.49,0.48,0.49,70.8,5.48,4.2,18.74,2.26,37.86,27.47,5.3,5.4,5.23,68.0,28.0,33.0,129.0,8.0,6.0,0.0,17.0,0.0,36.0,29.0,60.0,88.0,8.0,22.0,65.0,49.0,18.0,29.0,76.0,13.0,7.0,2.12,1.51,1.85,4.0,3.0,1.0,127.13,96.0,94.9,19.0,0.88,1.17,1.17,5.19,5.15,5.02,71.55,5.77,4.35,17.54,2.31,38.75,29.27,5.64,5.76,5.63,71.0,27.0,44.0,142.0,8.0,5.0,0.0,14.0,1.0,40.0,30.0,63.0,90.0,6.0,18.0,59.0,51.0,24.0,32.0,76.0,17.0,5.0,2.14,2.23,1.4,6.0,2.0,0.0,141.26,98.0,97.27,20.0,0.9,1.1,1.1,5.58,5.56,5.47,2023,2.4740406320541766,2.604966139954853,30.69977426636569,3.160270880361174,22.12189616252822,8.126410835214447,13.09255079006772,1.4598540145985401,0.5241935483870968,0.9029345372460498,0.49,0.48,3
847749684782338481068,2023,Mangiapane-Lindholm-Sharangovich,CGY,line,5on5,25,10511.0,142.0,0.47,0.46,0.5,88.99,6.91,5.58,23.25,3.09,50.44,36.73,6.72,6.82,6.63,98.0,28.0,36.0,162.0,7.0,5.0,0.0,22.0,0.0,40.0,52.0,91.0,119.0,8.0,16.0,105.0,53.0,25.0,32.0,103.0,18.0,5.0,3.08,2.44,1.39,5.0,1.0,1.0,157.03,126.0,122.31,22.0,1.16,1.15,1.15,6.92,6.82,6.67,92.82,7.86,5.92,22.81,3.03,50.37,38.01,7.64,8.1,7.88,88.0,40.0,65.0,193.0,8.0,8.0,2.0,23.0,0.0,44.0,45.0,80.0,120.0,6.0,12.0,94.0,50.0,21.0,31.0,100.0,19.0,9.0,2.58,2.53,2.74,3.0,3.0,2.0,197.17,128.0,130.69,14.0,1.22,1.86,1.86,7.22,7.36,7.25,2023,2.3666634953857866,2.6920369137094475,33.564836837598705,1.712491675387689,18.152411759109505,8.562458376938446,10.959946722481211,1.0130246020260492,0.5276381909547738,0.6849966701550757,0.47,0.46,2
847121484716988481580,2023,Ovechkin-Mcmichael-Oshie,WSH,line,5on5,19,8180.0,84.0,0.36,0.43,0.36,46.22,3.58,2.95,12.1,1.57,24.55,18.25,3.53,3.71,3.65,43.0,20.0,56.0,119.0,5.0,0.0,0.0,5.0,0.0,33.0,20.0,38.0,58.0,1.0,2.0,60.0,67.0,13.0,15.0,46.0,15.0,2.0,1.16,1.93,0.49,2.0,3.0,0.0,121.18,63.0,64.78,10.0,0.62,0.0,0.0,4.2,4.34,4.28,78.61,6.28,4.74,20.26,2.75,43.29,32.68,6.15,6.2,6.07,80.0,30.0,50.0,160.0,4.0,7.0,0.0,15.0,1.0,39.0,44.0,76.0,106.0,5.0,10.0,101.0,62.0,22.0,14.0,91.0,13.0,6.0,2.41,1.81,2.06,2.0,1.0,1.0,159.21,110.0,109.56,10.0,0.98,2.1,2.1,5.16,5.14,5.09,2023,1.5755501222493888,2.7638141809290957,18.924205378973106,0.880195599022005,29.486552567237165,5.721271393643032,6.601466992665037,1.3966480446927374,0.37267080745341613,-1.76039119804401,0.36,0.43,1
847687384784388482146,2023,Novak-Jankowski-Evangelista,NSH,line,5on5,24,10827.0,76.0,0.68,0.63,0.63,127.21,12.89,8.92,31.7,4.35,69.27,49.87,12.38,13.33,12.8,120.0,57.0,68.0,245.0,9.0,15.0,1.0,27.0,0.0,68.0,58.0,111.0,168.0,7.0,17.0,70.0,47.0,22.0,32.0,132.0,29.0,16.0,4.05,3.82,5.01,6.0,1.0,2.0,252.02,177.0,181.93,19.0,1.87,3.76,3.76,11.0,11.3,11.05,74.28,6.06,4.41,19.76,2.54,39.09,30.14,5.82,5.98,5.75,77.0,25.0,43.0,145.0,3.0,8.0,0.0,13.0,0.0,32.0,46.0,74.0,99.0,10.0,23.0,107.0,90.0,25.0,36.0,79.0,15.0,8.0,2.09,1.85,2.12,2.0,1.0,0.0,141.23,102.0,99.54,30.0,0.92,1.55,1.55,5.43,5.34,5.31,2023,4.2859517871986705,2.0149625935162097,39.900249376558605,5.320033250207814,15.627597672485454,7.315045719035744,10.640066500415628,0.6982156710628393,0.3954802259887006,-0.9975062344139651,0.68,0.63,0
847167584758108477404,2023,Guentzel-Crosby-Rust,PIT,line,5on5,34,21865.0,103.0,0.59,0.57,0.55,258.88,25.97,17.54,66.09,8.99,137.45,100.98,24.52,26.04,24.61,248.0,109.0,128.0,485.0,27.0,31.0,3.0,47.0,2.0,118.0,132.0,221.0,330.0,24.0,48.0,265.0,93.0,50.0,53.0,254.0,69.0,34.0,7.53,8.17,10.26,13.0,10.0,4.0,485.85,357.0,356.42,24.0,3.7,6.59,6.76,22.9,23.01,22.37,214.94,17.88,14.1,53.41,7.14,115.66,84.81,17.14,17.93,17.22,202.0,91.0,75.0,368.0,20.0,25.0,3.0,40.0,2.0,97.0,109.0,182.0,273.0,17.0,36.0,184.0,111.0,42.0,37.0,230.0,42.0,21.0,6.79,5.13,5.96,10.0,6.0,4.0,367.73,293.0,294.14,18.0,2.92,4.8,4.8,16.0,16.13,15.79,2023,4.275874685570546,2.943882917905328,40.83238051680768,5.597987651497828,15.312142693802882,8.232334781614453,8.72627486851132,1.0396611474778592,0.5902004454342984,1.1525268694260233,0.59,0.57,0
847634684799418484166,2023,Gaudreau-Fantilli-Danforth,CBJ,line,5on5,16,8051.0,64.0,0.48,0.43,0.44,56.5,5.71,3.82,13.5,1.81,29.22,21.94,5.4,5.68,5.39,60.0,16.0,30.0,106.0,5.0,7.0,1.0,13.0,0.0,24.0,27.0,55.0,71.0,10.0,20.0,70.0,50.0,6.0,20.0,56.0,13.0,7.0,1.74,1.71,2.25,2.0,3.0,0.0,104.61,76.0,74.63,14.0,0.81,1.83,1.83,4.68,4.64,4.55,68.23,6.31,4.39,16.75,2.35,38.6,28.59,6.18,6.41,6.29,65.0,32.0,41.0,138.0,11.0,4.0,1.0,20.0,1.0,36.0,25.0,54.0,86.0,7.0,16.0,78.0,32.0,22.0,12.0,77.0,14.0,6.0,2.53,1.68,2.09,5.0,4.0,2.0,137.62,97.0,97.13,5.0,0.91,1.02,1.02,6.19,6.24,6.16,2023,2.553223202086697,2.821512855545895,26.82896534591976,3.130045957023972,22.3574711215998,2.682896534591976,8.94298844863992,0.8756567425569177,0.47297297297297297,1.341448267295988,0.48,0.43,4
847415084763998478233,2023,Mangiapane-Backlund-Coleman,CGY,line,5on5,51,28968.0,162.0,0.54,0.54,0.55,294.81,24.25,18.85,75.52,9.8,159.46,117.13,23.49,23.91,23.18,270.0,135.0,164.0,569.0,23.0,41.0,3.0,54.0,0.0,140.0,147.0,247.0,382.0,28.0,56.0,302.0,172.0,61.0,93.0,314.0,69.0,22.0,8.97,9.03,6.24,9.0,10.0,4.0,565.38,405.0,402.74,46.0,3.94,7.21,7.42,20.76,20.51,20.2,244.97,20.46,15.62,62.52,8.12,130.36,97.92,19.65,20.75,19.94,230.0,105.0,145.0,480.0,22.0,26.0,3.0,53.0,0.0,106.0,128.0,208.0,313.0,21.0,44.0,287.0,151.0,63.0,73.0,250.0,69.0,16.0,7.31,8.3,4.85,9.0,8.0,5.0,481.79,335.0,336.76,39.0,3.28,4.8,4.8,18.94,19.18,18.73,2023,3.013670256835128,2.542667771333886,33.554266777133385,2.7340513670256836,21.375310687655343,7.580778790389395,11.557580778790388,0.9484536082474226,0.5127334465195246,0.8699254349627175,0.54,0.54,2
847653984779648478462,2023,Barbashev-Roy-Marchessault,VGK,line,5on5,31,11051.0,217.0,0.48,0.49,0.48,94.33,8.38,6.08,23.89,3.08,50.25,38.33,7.94,8.45,8.01,96.0,34.0,61.0,191.0,15.0,8.0,4.0,16.0,0.0,53.0,38.0,81.0,115.0,11.0,22.0,89.0,74.0,23.0,16.0,103.0,15.0,12.0,3.28,1.8,3.3,5.0,4.0,6.0,193.99,130.0,131.38,4.0,1.26,2.05,2.05,7.6,7.65,7.44,102.56,9.1,6.51,24.93,3.47,55.77,42.22,8.81,9.02,8.73,97.0,45.0,53.0,195.0,8.0,10.0,1.0,17.0,0.0,43.0,64.0,89.0,134.0,9.0,18.0,97.0,67.0,27.0,19.0,108.0,27.0,7.0,3.28,3.19,2.64,4.0,4.0,0.0,195.26,142.0,142.16,10.0,1.35,2.63,2.63,7.82,7.79,7.68,2023,2.7298886978553982,2.9644376074563388,31.27318794679215,3.9091484933490186,24.106415708985615,7.492534612252285,5.212197991132024,1.7899761336515512,0.478494623655914,0.651524748891503,0.48,0.49,2
847351284808018482116,2023,Tkachuk-Giroux-Sttzle,OTT,line,5on5,58,9487.0,530.0,0.53,0.59,0.62,119.49,8.82,7.6,31.42,4.16,62.08,48.92,8.41,8.69,8.3,118.0,45.0,52.0,215.0,9.0,16.0,1.0,20.0,0.0,55.0,63.0,109.0,154.0,13.0,32.0,90.0,75.0,18.0,28.0,128.0,27.0,8.0,3.34,3.43,2.05,4.0,5.0,0.0,210.58,163.0,160.74,16.0,1.59,2.48,2.08,8.33,8.2,8.02,75.88,7.76,5.07,19.31,2.53,37.85,29.47,7.12,7.81,7.18,75.0,27.0,46.0,148.0,9.0,7.0,0.0,10.0,1.0,34.0,41.0,66.0,93.0,20.0,48.0,80.0,72.0,12.0,32.0,73.0,22.0,7.0,2.31,3.0,2.45,5.0,4.0,0.0,153.01,102.0,104.35,21.0,1.07,2.35,2.35,6.47,6.62,6.53,2023,3.3468957520817963,2.944661115210288,44.77706334984716,3.0357331084642145,28.45999789185201,6.8303994940444825,10.625065879624751,1.0204081632653061,0.5294117647058824,-2.6562664699061878,0.53,0.59,2
847740284793858480023,2023,Buchnevich-Thomas-Kyrou,STL,line,5on5,59,29872.0,198.0,0.51,0.54,0.54,285.37,21.58,18.14,71.51,9.46,158.64,117.65,21.18,21.57,21.17,273.0,124.0,144.0,541.0,24.0,21.0,2.0,58.0,0.0,134.0,160.0,249.0,373.0,26.0,50.0,253.0,70.0,84.0,83.0,318.0,66.0,13.0,9.57,8.35,3.66,15.0,7.0,2.0,539.44,397.0,397.58,36.0,3.75,3.33,3.33,22.0,21.99,21.76,247.67,20.82,16.0,61.88,8.27,133.22,99.81,20.21,20.79,20.19,222.0,118.0,118.0,458.0,21.0,25.0,4.0,56.0,0.0,109.0,129.0,201.0,319.0,20.0,40.0,256.0,167.0,97.0,55.0,258.0,64.0,18.0,7.76,7.76,5.3,9.0,7.0,5.0,459.04,340.0,340.86,28.0,3.32,4.57,4.57,19.57,19.58,19.28,2023,2.600696304231387,2.509105516871987,32.900374933047665,1.5666845206213176,8.435993572576326,10.123192287091591,10.002678093197643,1.1121408711770158,0.49705304518664045,0.723085163363685,0.51,0.54,2
847740284800238482089,2023,Buchnevich-Thomas-Neighbours,STL,line,5on5,31,8776.0,260.0,0.54,0.51,0.52,88.83,9.46,6.15,21.84,3.12,46.55,34.86,8.77,9.52,8.84,92.0,30.0,40.0,162.0,8.0,15.0,2.0,14.0,0.0,43.0,42.0,84.0,114.0,9.0,18.0,76.0,37.0,17.0,15.0,81.0,30.0,11.0,2.46,3.96,3.04,2.0,4.0,2.0,159.69,122.0,121.26,9.0,1.3,3.17,3.17,7.59,7.61,7.37,84.34,7.95,5.44,19.85,2.7,43.47,33.59,7.32,7.99,7.37,80.0,33.0,41.0,154.0,3.0,10.0,0.0,20.0,0.0,30.0,50.0,77.0,110.0,10.0,20.0,77.0,54.0,28.0,23.0,79.0,23.0,11.0,2.12,2.75,3.07,1.0,2.0,0.0,154.89,113.0,114.2,14.0,1.13,2.33,2.33,6.75,6.86,6.77,2023,3.8805834092980858,3.2611668185961715,37.73928896991796,4.5123062898814945,15.177757520510482,6.973564266180492,6.153144940747493,0.8456659619450316,0.49673202614379086,-0.41020966271649956,0.54,0.51,2
847456484785198479542,2023,Hagel-Cirelli-Stamkos,TBL,line,5on5,34,14640.0,132.0,0.46,0.47,0.47,114.57,10.16,7.76,27.0,3.71,63.92,46.46,9.9,10.06,9.82,116.0,43.0,72.0,231.0,11.0,5.0,1.0,24.0,2.0,62.0,55.0,105.0,148.0,21.0,45.0,156.0,99.0,30.0,40.0,117.0,32.0,10.0,3.71,4.04,2.4,5.0,6.0,0.0,232.3,159.0,159.84,26.0,1.62,0.99,1.3,10.47,10.39,10.31,131.9,12.15,8.48,34.56,4.56,68.42,50.81,11.63,12.15,11.65,120.0,59.0,78.0,257.0,17.0,21.0,2.0,24.0,0.0,67.0,50.0,103.0,162.0,28.0,59.0,121.0,122.0,36.0,35.0,132.0,33.0,14.0,4.17,4.01,3.97,10.0,3.0,4.0,254.81,179.0,178.41,18.0,1.78,4.02,4.02,9.91,9.97,9.78,2023,2.498360655737705,2.987704918032787,28.524590163934427,2.459016393442623,24.34426229508197,7.3770491803278695,9.836065573770492,1.0826771653543308,0.5631768953068592,-1.7213114754098362,0.46,0.47,1
847516884757948478975,2023,Marchment-Seguin-Duchene,DAL,line,5on5,64,39783.0,125.0,0.51,0.49,0.49,360.05,31.68,23.69,89.44,12.02,194.25,143.92,30.26,32.09,30.66,329.0,166.0,191.0,686.0,42.0,29.0,5.0,61.0,0.0,180.0,183.0,287.0,453.0,38.0,82.0,425.0,204.0,84.0,113.0,374.0,91.0,30.0,12.17,11.26,8.24,17.0,14.0,11.0,694.74,495.0,501.55,47.0,4.96,6.23,6.52,30.13,30.59,29.85,380.67,29.88,23.21,97.33,12.75,204.85,155.98,28.65,29.98,28.74,352.0,172.0,185.0,709.0,21.0,36.0,5.0,100.0,2.0,181.0,184.0,331.0,503.0,29.0,62.0,322.0,324.0,88.0,86.0,411.0,86.0,27.0,11.45,10.6,7.83,7.0,10.0,4.0,699.24,524.0,519.11,45.0,4.81,7.34,7.34,27.36,27.37,26.84,2023,2.866752130306915,2.7038684865394766,29.771510444159567,2.7147273961239726,18.460146293643014,7.601236709147123,10.225473192066964,1.3257575757575757,0.5689424364123159,0.8144182188371918,0.51,0.49,2
847645684774968481068,2023,Sharangovich-Lindholm-Huberdeau,CGY,line,5on5,23,8631.0,132.0,0.47,0.51,0.51,84.75,6.78,5.12,22.17,2.86,45.85,33.22,6.64,6.8,6.65,79.0,37.0,45.0,161.0,6.0,4.0,0.0,18.0,1.0,38.0,49.0,73.0,110.0,4.0,11.0,102.0,41.0,12.0,31.0,95.0,13.0,8.0,2.81,1.65,2.32,3.0,3.0,0.0,165.34,116.0,118.68,13.0,1.07,1.29,1.29,6.55,6.64,6.56,81.73,7.63,5.66,19.57,2.66,44.29,32.18,7.27,7.59,7.24,79.0,33.0,40.0,152.0,10.0,6.0,1.0,24.0,0.0,43.0,29.0,69.0,102.0,10.0,23.0,79.0,55.0,13.0,21.0,84.0,19.0,9.0,2.44,2.55,2.65,5.0,4.0,1.0,147.45,112.0,109.85,11.0,1.18,1.01,1.01,7.8,7.75,7.53,2023,2.8279457768508864,3.1824817518248176,32.95099061522419,3.3368091762252345,17.101147028154326,5.005213764337852,12.930135557872784,0.8849557522123893,0.56353591160221,-2.502606882168926,0.47,0.51,3
848001884815408483515,2023,Slafkovsky-Suzuki-Caufield,MTL,line,5on5,64,45044.0,142.0,0.52,0.51,0.52,425.42,35.85,27.49,109.72,14.35,228.61,170.99,34.53,36.08,34.75,409.0,178.0,199.0,786.0,40.0,41.0,5.0,71.0,3.0,235.0,197.0,369.0,547.0,42.0,92.0,392.0,256.0,89.0,131.0,455.0,99.0,33.0,13.69,11.89,10.27,20.0,15.0,5.0,785.24,587.0,587.61,84.0,5.72,9.06,9.05,32.52,32.63,32.02,402.84,33.29,26.31,102.17,13.44,217.56,159.23,32.03,33.2,31.96,368.0,184.0,211.0,763.0,34.0,38.0,4.0,83.0,2.0,207.0,188.0,334.0,518.0,36.0,81.0,379.0,295.0,91.0,163.0,421.0,98.0,33.0,12.16,12.74,8.39,18.0,13.0,3.0,766.95,552.0,553.77,125.0,5.45,6.7,6.7,32.05,31.93,31.09,2023,2.8651984726045647,2.6605985258858005,32.68803836249001,2.6374211881715657,20.459994671876387,7.113045022644525,10.469762898499246,1.1157601115760112,0.5084306095979247,0.47953112512210283,0.52,0.51,2
847747884784348478462,2023,Carrier-Roy-Kolesar,VGK,line,5on5,23,9909.0,85.0,0.66,0.58,0.59,87.27,8.44,6.17,20.62,2.94,48.22,35.61,7.92,8.65,8.12,85.0,37.0,61.0,183.0,5.0,9.0,0.0,18.0,0.0,51.0,39.0,80.0,117.0,10.0,20.0,89.0,124.0,15.0,13.0,88.0,25.0,9.0,2.59,3.16,2.69,3.0,2.0,0.0,186.52,122.0,124.04,7.0,1.28,2.22,2.22,7.5,7.64,7.42,59.89,4.34,3.74,16.86,2.19,34.02,24.86,4.23,4.27,4.16,55.0,31.0,45.0,131.0,3.0,4.0,0.0,21.0,0.0,26.0,32.0,52.0,83.0,8.0,16.0,98.0,95.0,18.0,19.0,75.0,8.0,3.0,2.23,1.16,0.95,3.0,0.0,0.0,130.26,86.0,85.57,7.0,0.78,1.0,1.0,4.12,4.07,4.01,2023,3.0663033605812897,1.5767484105358764,30.881017257039055,3.2697547683923704,45.04995458673933,5.4495912806539515,4.722979109900091,0.5924170616113744,0.47593582887700536,0.7266121707538601,0.66,0.58,0
847591384779648478403,2023,Barbashev-Eichel-Stone,VGK,line,5on5,23,11154.0,115.0,0.57,0.49,0.52,98.56,8.33,6.5,23.35,3.23,52.94,41.65,8.13,8.26,8.06,98.0,38.0,51.0,187.0,13.0,10.0,0.0,23.0,0.0,43.0,47.0,85.0,123.0,5.0,13.0,88.0,61.0,32.0,27.0,101.0,26.0,9.0,2.84,3.13,2.35,5.0,7.0,1.0,185.44,136.0,136.5,11.0,1.34,1.87,1.52,8.16,8.15,8.04,89.29,6.25,5.36,23.65,3.1,49.79,37.85,6.07,6.39,6.21,88.0,38.0,66.0,192.0,8.0,8.0,0.0,9.0,0.0,52.0,49.0,80.0,118.0,18.0,39.0,109.0,73.0,26.0,21.0,102.0,19.0,5.0,2.56,2.32,1.37,5.0,1.0,2.0,194.87,126.0,128.2,8.0,1.11,1.32,1.32,6.03,6.13,6.0,2023,2.6885422270037656,2.0172135556750943,31.629908552985476,2.904787520172136,19.68800430338892,10.328133405056482,8.714362560516408,1.56062424969988,0.4467005076142132,-4.195804195804196,0.57,0.49,2
847569284788648482079,2023,Kaprizov-Rossi-Zuccarello,MIN,line,5on5,49,18808.0,264.0,0.54,0.5,0.49,142.93,12.31,9.36,33.33,4.69,80.26,60.04,12.07,12.41,12.16,137.0,63.0,74.0,274.0,19.0,9.0,2.0,30.0,1.0,54.0,87.0,118.0,181.0,25.0,64.0,126.0,44.0,31.0,52.0,145.0,49.0,6.0,4.13,6.25,1.94,4.0,11.0,4.0,276.07,200.0,201.63,19.0,1.94,2.19,2.36,11.89,11.89,11.75,148.17,10.59,9.85,37.41,5.12,83.32,59.71,10.32,10.45,10.18,144.0,62.0,69.0,275.0,13.0,10.0,0.0,32.0,1.0,69.0,81.0,131.0,193.0,32.0,76.0,186.0,100.0,31.0,37.0,166.0,34.0,6.0,4.67,4.46,1.47,7.0,6.0,0.0,269.85,206.0,202.92,18.0,2.03,1.35,1.35,11.27,11.13,10.93,2023,2.3562313908974906,2.027009783071034,26.222883879200342,1.1484474691620588,8.421948107188431,5.933645257337304,9.953211399404509,1.5434606011372867,0.40384615384615385,-1.3398553806890685,0.54,0.5,3
847517084764388479385,2023,Saad-Schenn-Kyrou,STL,line,5on5,30,8007.0,246.0,0.5,0.47,0.51,73.76,5.82,4.58,18.33,2.32,37.97,28.96,5.78,5.74,5.7,76.0,22.0,30.0,128.0,11.0,4.0,0.0,17.0,0.0,30.0,36.0,65.0,87.0,3.0,6.0,64.0,37.0,25.0,28.0,68.0,28.0,2.0,1.85,3.38,0.58,4.0,7.0,0.0,126.58,98.0,97.29,14.0,0.96,0.43,0.43,6.35,6.27,6.23,70.49,5.75,4.18,17.86,2.24,36.07,28.9,5.52,5.85,5.61,69.0,26.0,51.0,146.0,7.0,4.0,0.0,14.0,0.0,31.0,39.0,62.0,88.0,4.0,8.0,63.0,33.0,25.0,20.0,74.0,16.0,5.0,1.97,2.33,1.45,3.0,4.0,0.0,148.35,95.0,96.58,9.0,0.87,0.88,0.88,5.74,5.83,5.71,2023,2.6167103784188837,2.58523791682278,34.1701011614837,0.8992131884600975,16.635443986511802,11.240164855751217,12.588984638441364,1.8,0.5039370078740157,-0.44960659423004873,0.5,0.47,2
847167584758108482055,2023,O'Connor-Crosby-Rust,PIT,line,5on5,23,11434.0,124.0,0.54,0.51,0.53,125.13,12.55,8.71,32.75,4.52,67.14,49.33,11.51,12.65,11.6,116.0,59.0,53.0,228.0,13.0,24.0,2.0,15.0,1.0,60.0,62.0,103.0,162.0,12.0,24.0,135.0,46.0,35.0,22.0,122.0,37.0,16.0,3.26,4.66,4.62,8.0,3.0,2.0,232.05,175.0,177.28,5.0,1.82,4.68,4.68,9.69,9.78,9.52,114.41,10.61,7.56,28.45,3.77,61.96,44.66,10.09,10.48,9.99,104.0,53.0,60.0,217.0,14.0,12.0,2.0,13.0,2.0,67.0,49.0,90.0,143.0,14.0,36.0,103.0,70.0,33.0,22.0,116.0,28.0,13.0,3.36,3.55,3.7,5.0,4.0,5.0,214.55,157.0,155.42,9.0,1.57,2.82,2.82,9.36,9.35,9.18,2023,3.9513730977785553,3.340563232464579,36.5226517404233,5.03760713661011,14.483120517754067,11.019765611334616,6.926709812838902,1.0358565737051793,0.5672268907563025,-0.6297008920762638,0.54,0.51,2
847744684807488482062,2023,Sherwood-Mccarron-Smith,NSH,line,5on5,39,15411.0,212.0,0.56,0.53,0.54,141.92,12.44,8.88,35.99,4.97,75.35,57.37,11.88,12.85,12.29,121.0,74.0,69.0,264.0,12.0,16.0,2.0,32.0,0.0,77.0,58.0,109.0,183.0,25.0,62.0,171.0,216.0,33.0,27.0,145.0,37.0,13.0,3.55,5.04,3.85,6.0,2.0,4.0,273.48,195.0,201.79,19.0,1.85,3.3,3.3,10.99,11.39,11.28,121.87,9.96,8.04,31.33,4.24,64.74,48.7,9.53,9.89,9.44,124.0,43.0,64.0,231.0,7.0,17.0,0.0,22.0,0.0,64.0,57.0,117.0,160.0,20.0,52.0,117.0,152.0,29.0,45.0,126.0,31.0,10.0,3.48,4.01,2.48,5.0,2.0,0.0,225.95,167.0,164.33,27.0,1.67,2.98,2.98,8.65,8.55,8.38,2023,2.9059762507299975,2.326649795600545,28.265524625267663,3.0367919018882614,50.4574654467588,7.708779443254818,6.30718318084485,0.9646302250803859,0.59375,1.167996885341639,0.56,0.53,4
847682684774168480009,2023,Tolvanen-Gourde-Bjorkstrand,SEA,line,5on5,56,31008.0,145.0,0.56,0.55,0.53,297.11,23.61,19.37,79.2,10.22,163.62,118.99,22.86,23.86,23.1,261.0,154.0,198.0,613.0,16.0,31.0,5.0,66.0,3.0,157.0,142.0,245.0,399.0,26.0,57.0,238.0,270.0,96.0,56.0,334.0,53.0,28.0,9.2,7.22,7.2,4.0,7.0,5.0,614.47,415.0,415.36,20.0,4.02,5.98,5.98,21.65,21.86,21.5,264.6,18.35,16.61,69.15,9.23,148.83,110.83,17.89,18.44,17.97,253.0,120.0,129.0,502.0,21.0,25.0,3.0,53.0,0.0,132.0,142.0,232.0,352.0,23.0,46.0,289.0,228.0,72.0,69.0,310.0,51.0,12.0,8.7,6.27,3.38,9.0,8.0,4.0,503.88,373.0,374.6,38.0,3.41,3.32,3.32,18.44,18.51,18.23,2023,2.7410990712074303,2.130417956656347,30.30185758513932,3.2507739938080498,31.346749226006192,11.145510835913313,6.5015479876160995,0.6776789495976281,0.45161290322580644,0.34829721362229105,0.56,0.55,2
847351284800648480801,2023,Tkachuk-Norris-Giroux,OTT,line,5on5,21,9515.0,83.0,0.54,0.55,0.56,97.59,8.6,6.06,25.6,3.22,50.08,37.5,8.19,8.55,8.14,100.0,32.0,51.0,183.0,9.0,12.0,2.0,23.0,0.0,49.0,39.0,91.0,123.0,11.0,22.0,116.0,61.0,17.0,36.0,94.0,30.0,8.0,2.25,3.9,2.44,1.0,7.0,1.0,183.82,132.0,132.59,27.0,1.27,2.14,2.14,7.67,7.72,7.4,77.86,7.26,4.91,20.61,2.61,39.19,30.41,6.88,7.32,6.94,79.0,26.0,45.0,150.0,8.0,9.0,1.0,13.0,0.0,29.0,46.0,71.0,97.0,11.0,22.0,106.0,77.0,21.0,25.0,78.0,16.0,11.0,2.29,2.0,2.97,3.0,3.0,2.0,150.16,105.0,104.75,17.0,1.03,1.55,1.55,6.75,6.79,6.57,2023,3.2538097740409877,2.746820809248555,37.834997372569624,3.02679978980557,23.07934839726747,6.431949553336836,13.620599054125066,1.0465116279069768,0.5225225225225225,0.0,0.54,0.55,2
847645884783668482745,2023,Strome-Mctavish-Vatrano,ANA,line,5on5,35,18793.0,100.0,0.46,0.44,0.45,161.97,14.25,10.16,42.53,5.75,82.0,63.31,13.5,13.99,13.24,160.0,58.0,79.0,297.0,18.0,20.0,4.0,26.0,1.0,88.0,65.0,142.0,200.0,43.0,89.0,193.0,145.0,39.0,42.0,162.0,37.0,19.0,4.67,4.54,5.03,9.0,5.0,4.0,290.28,218.0,212.72,21.0,2.13,4.0,4.0,12.38,12.09,11.75,192.79,16.88,12.92,48.95,6.53,103.44,78.28,16.23,17.32,16.67,185.0,82.0,104.0,371.0,22.0,10.0,2.0,42.0,2.0,104.0,87.0,163.0,245.0,27.0,57.0,172.0,105.0,29.0,35.0,197.0,54.0,16.0,5.42,7.23,4.23,8.0,9.0,5.0,381.03,267.0,274.45,17.0,2.71,2.49,2.49,17.09,17.56,17.05,2023,2.7297397967328263,3.2335444048315862,30.64970999840366,3.639653062310435,27.776299686053317,7.470866812110892,8.04554887458096,1.263157894736842,0.5287671232876713,3.0649709998403663,0.46,0.44,2
847576084779518479343,2023,Schmaltz-Bjugstad-Keller,ARI,line,5on5,34,9635.0,245.0,0.42,0.5,0.48,77.91,5.92,4.94,20.05,2.61,42.94,31.56,5.78,5.84,5.71,68.0,40.0,41.0,149.0,11.0,7.0,0.0,10.0,0.0,33.0,47.0,57.0,97.0,17.0,37.0,83.0,36.0,20.0,26.0,85.0,20.0,3.0,2.52,2.59,0.81,6.0,5.0,0.0,145.76,108.0,106.43,11.0,1.03,1.15,1.15,5.79,5.73,5.68,85.73,8.14,6.13,21.46,2.93,46.22,34.12,7.87,8.42,8.15,78.0,41.0,32.0,151.0,8.0,11.0,1.0,20.0,0.0,45.0,35.0,70.0,111.0,13.0,29.0,84.0,74.0,25.0,20.0,90.0,20.0,9.0,3.23,2.34,2.56,4.0,3.0,1.0,155.08,119.0,122.59,8.0,1.28,2.07,2.07,7.35,7.59,7.5,2023,2.211935651271406,3.0414115204981838,25.407368967306695,1.1209133367929425,13.450960041515309,7.472755578619616,9.714582252205501,1.8,0.49700598802395207,1.494551115723923,0.42,0.5,1
847648084779408482149,2023,Ehlers-Perfetti-Namestnikov,WPG,line,5on5,34,11682.0,228.0,0.52,0.52,0.53,96.68,7.11,5.68,24.55,3.26,53.1,41.31,6.8,7.15,6.83,100.0,35.0,45.0,180.0,11.0,10.0,2.0,25.0,1.0,39.0,49.0,89.0,124.0,18.0,39.0,65.0,53.0,20.0,32.0,109.0,18.0,8.0,2.48,2.03,2.6,6.0,3.0,2.0,182.42,135.0,136.99,22.0,1.16,2.4,2.4,5.87,5.94,5.8,86.39,6.5,5.53,21.23,2.75,47.99,36.01,6.32,6.4,6.22,78.0,42.0,44.0,164.0,6.0,6.0,1.0,17.0,0.0,44.0,47.0,72.0,114.0,14.0,31.0,103.0,75.0,26.0,23.0,93.0,21.0,6.0,2.46,2.66,1.39,1.0,4.0,1.0,161.98,120.0,118.69,14.0,1.14,1.03,1.03,6.62,6.5,6.39,2023,2.1910631741140216,2.0030816640986133,30.816640986132512,2.4653312788906008,16.332819722650232,6.163328197226502,9.861325115562403,1.5471167369901546,0.3869047619047619,1.2326656394453004,0.52,0.52,3
847637484799418480074,2023,Texier-Kuraly-Danforth,CBJ,line,5on5,19,8568.0,72.0,0.54,0.54,0.55,84.09,7.08,5.65,22.66,3.15,46.02,33.45,6.84,7.0,6.77,75.0,43.0,42.0,160.0,6.0,15.0,2.0,16.0,1.0,43.0,37.0,69.0,112.0,13.0,24.0,67.0,73.0,14.0,15.0,96.0,13.0,9.0,2.87,1.72,2.48,3.0,1.0,2.0,155.78,118.0,115.29,11.0,1.18,2.71,2.71,5.54,5.48,5.35,70.61,6.11,4.6,17.71,2.46,38.15,27.97,5.74,6.11,5.76,65.0,32.0,40.0,137.0,6.0,4.0,0.0,14.0,1.0,39.0,33.0,59.0,91.0,11.0,22.0,64.0,57.0,12.0,19.0,71.0,21.0,5.0,2.15,2.49,1.46,4.0,2.0,0.0,139.09,97.0,98.81,11.0,0.96,1.2,1.2,5.86,5.92,5.66,2023,2.9747899159663866,2.5672268907563027,31.51260504201681,3.781512605042017,30.672268907563026,5.882352941176471,6.302521008403362,0.847457627118644,0.5114503816793893,0.8403361344537815,0.54,0.54,2
847646084779408478398,2023,Ehlers-Scheifele-Connor,WPG,line,5on5,30,8571.0,219.0,0.58,0.59,0.57,89.46,7.67,6.15,20.95,3.06,50.98,38.2,7.45,7.63,7.42,90.0,37.0,48.0,175.0,6.0,7.0,0.0,25.0,0.0,41.0,48.0,84.0,121.0,6.0,15.0,74.0,29.0,24.0,24.0,96.0,26.0,5.0,3.17,3.33,1.18,2.0,4.0,0.0,175.83,127.0,128.62,16.0,1.28,0.96,0.95,8.0,8.01,7.89,69.82,5.56,4.45,18.01,2.44,37.95,28.58,5.16,5.61,5.2,70.0,27.0,27.0,124.0,2.0,11.0,1.0,12.0,0.0,29.0,43.0,68.0,95.0,8.0,22.0,81.0,43.0,21.0,20.0,78.0,13.0,6.0,2.16,1.69,1.72,0.0,2.0,0.0,122.59,97.0,95.92,16.0,0.92,2.09,2.1,4.39,4.41,4.27,2023,3.221561078053903,2.3353167658382916,37.80189009450473,2.1001050052502626,12.180609030451523,10.08050402520126,10.08050402520126,0.7822685788787483,0.4774193548387097,-0.840042002100105,0.58,0.59,2
847584884768718477497,2023,Pearson-Monahan-Gallagher,MTL,line,5on5,17,7553.0,59.0,0.46,0.53,0.51,72.0,6.33,5.04,17.87,2.52,38.5,28.74,6.05,6.2,5.93,66.0,33.0,47.0,146.0,6.0,5.0,1.0,14.0,0.0,41.0,33.0,60.0,93.0,12.0,29.0,78.0,45.0,10.0,26.0,71.0,20.0,8.0,1.9,2.36,2.07,1.0,2.0,3.0,142.11,99.0,96.82,21.0,1.06,1.23,1.23,6.16,6.03,5.91,68.24,7.4,4.81,16.98,2.37,36.11,26.31,7.04,7.48,7.11,61.0,33.0,33.0,127.0,8.0,8.0,1.0,11.0,1.0,31.0,35.0,53.0,86.0,12.0,27.0,61.0,49.0,16.0,31.0,65.0,20.0,9.0,2.12,2.69,2.6,3.0,4.0,1.0,130.2,94.0,95.78,26.0,1.01,1.96,1.96,6.46,6.61,6.42,2023,3.017079306235933,3.5270753343042505,31.45769892757845,3.8130544154640544,21.448431086985305,4.766318019330068,12.392426850258177,0.9478672985781991,0.5611510791366906,0.0,0.46,0.53,3
847848384793188482720,2023,Knies-Matthews-Marner,TOR,line,5on5,43,24260.0,166.0,0.59,0.55,0.58,239.56,21.3,15.97,59.21,8.1,132.18,95.24,20.6,21.43,20.74,212.0,120.0,114.0,446.0,23.0,18.0,1.0,42.0,3.0,124.0,122.0,189.0,309.0,28.0,60.0,234.0,165.0,56.0,76.0,243.0,71.0,18.0,7.69,8.9,4.73,12.0,9.0,2.0,453.64,332.0,336.08,45.0,3.34,3.64,3.64,21.0,21.14,20.6,175.67,14.95,11.7,46.49,6.14,94.01,67.71,14.35,14.9,14.31,149.0,92.0,120.0,361.0,12.0,23.0,1.0,28.0,0.0,91.0,87.0,137.0,229.0,21.0,48.0,202.0,208.0,46.0,68.0,190.0,31.0,20.0,5.35,3.87,5.72,7.0,2.0,3.0,355.5,241.0,238.47,45.0,2.44,4.68,4.68,12.72,12.67,12.47,2023,3.1607584501236605,2.218466611706513,31.45919208573784,2.671063478977741,24.484748557295962,8.309975267930751,11.277823577906018,1.07981220657277,0.536697247706422,1.0387469084913439,0.59,0.55,2
847572684794078481559,2023,Bratt-Toffoli-Hughes,NJD,line,5on5,23,8594.0,121.0,0.6,0.63,0.59,96.91,7.58,6.23,25.08,3.3,53.77,40.04,7.43,7.44,7.29,90.0,46.0,57.0,193.0,6.0,7.0,0.0,17.0,1.0,50.0,55.0,84.0,130.0,9.0,18.0,41.0,40.0,25.0,32.0,110.0,19.0,7.0,3.02,2.33,2.24,3.0,2.0,1.0,188.47,136.0,134.18,13.0,1.29,1.1,1.1,7.77,7.61,7.53,68.43,5.03,4.06,16.83,2.24,35.74,29.1,4.98,5.21,5.16,71.0,22.0,21.0,114.0,6.0,4.0,1.0,14.0,0.0,34.0,35.0,65.0,87.0,11.0,22.0,76.0,53.0,19.0,15.0,70.0,20.0,3.0,1.96,2.4,0.66,1.0,3.0,2.0,118.33,93.0,96.06,5.0,0.84,0.55,0.55,5.31,5.48,5.46,2023,3.175238538515243,2.1070514312310915,37.70072143355829,2.9322783337212006,16.755876192692575,10.472422620432859,13.40470095415406,0.7915567282321899,0.3504273504273504,-0.8377938096346288,0.6,0.63,2
84751718475179,2023,Ekman-Larsson-Kulikov,FLA,pairing,5on5,58,27903.0,236.0,0.55,0.55,0.53,250.03,21.24,16.53,64.83,8.49,135.54,97.38,20.26,21.42,20.42,228.0,116.0,144.0,488.0,17.0,30.0,3.0,57.0,1.0,128.0,111.0,211.0,327.0,52.0,112.0,255.0,306.0,55.0,76.0,260.0,66.0,18.0,6.98,8.71,5.55,9.0,6.0,2.0,497.63,344.0,350.86,46.0,3.45,6.49,6.65,18.04,18.17,17.77,219.26,17.56,14.0,56.04,7.54,119.82,91.04,16.77,17.44,16.67,193.0,113.0,91.0,397.0,17.0,23.0,2.0,45.0,0.0,117.0,104.0,176.0,289.0,49.0,109.0,249.0,269.0,33.0,63.0,234.0,56.0,16.0,5.64,6.9,5.01,7.0,7.0,3.0,392.62,306.0,303.21,39.0,2.92,4.67,4.67,15.8,15.78,15.41,2023,2.740350499946242,2.2655628427050853,29.416191807332545,2.3223309321578323,39.47962584668315,7.096011181593377,9.805397269110848,0.800376647834275,0.5059523809523809,0.38705515535963875,0.55,0.55,4
847517284810288482074,2023,Zary-Kadri-Pospisil,CGY,line,5on5,41,22885.0,98.0,0.53,0.54,0.53,211.01,17.35,13.12,53.58,7.12,114.63,87.21,16.84,17.3,16.79,193.0,100.0,142.0,435.0,19.0,20.0,2.0,37.0,0.0,115.0,102.0,174.0,274.0,32.0,68.0,199.0,205.0,57.0,63.0,231.0,41.0,21.0,6.11,5.08,6.16,7.0,8.0,4.0,436.23,293.0,292.91,26.0,2.72,4.73,4.62,15.45,15.49,15.22,189.18,15.26,11.72,47.96,6.45,100.72,77.89,14.52,15.17,14.4,185.0,75.0,111.0,371.0,10.0,21.0,1.0,39.0,0.0,97.0,93.0,175.0,250.0,37.0,77.0,205.0,177.0,52.0,54.0,202.0,41.0,17.0,5.33,5.07,4.86,6.0,3.0,1.0,369.25,260.0,258.94,25.0,2.42,4.28,4.28,13.41,13.22,13.08,2023,2.72929866724929,2.4005243609351106,30.360498142888357,3.303473891195106,32.24819750928556,8.966571990386717,9.910421673585319,1.095100864553314,0.49257425742574257,-0.7865414026655014,0.53,0.54,2
847579884774078480188,2023,Zetterlund-Granlund-Duclair,SJS,line,5on5,31,18472.0,66.0,0.44,0.44,0.43,147.43,13.22,10.14,37.23,5.1,76.88,56.43,12.64,13.02,12.46,139.0,60.0,80.0,279.0,16.0,15.0,1.0,29.0,1.0,70.0,68.0,123.0,183.0,23.0,44.0,166.0,107.0,44.0,35.0,143.0,45.0,11.0,4.08,5.85,3.3,5.0,9.0,2.0,272.69,199.0,195.49,16.0,2.13,2.51,2.51,12.83,12.7,12.34,189.67,17.14,12.65,47.48,6.48,105.7,76.55,16.21,17.62,16.66,172.0,94.0,94.0,360.0,14.0,23.0,2.0,42.0,0.0,101.0,86.0,158.0,252.0,13.0,26.0,210.0,99.0,36.0,36.0,200.0,47.0,19.0,6.05,5.5,5.59,8.0,3.0,3.0,371.53,266.0,273.45,15.0,2.63,5.49,5.49,14.27,14.69,14.33,2023,2.5764400173235167,3.3404071026418363,27.089649198787352,2.143785188393244,20.853183196188827,8.575140753572976,6.82113469034214,1.210287443267776,0.44148936170212766,1.9488956258120398,0.44,0.44,1
847645384780108479542,2023,Hagel-Point-Kucherov,TBL,line,5on5,60,20687.0,304.0,0.58,0.58,0.57,211.04,19.08,14.25,50.91,6.83,114.53,85.38,17.67,19.4,18.01,198.0,93.0,111.0,402.0,22.0,16.0,2.0,47.0,0.0,96.0,110.0,176.0,269.0,24.0,50.0,118.0,78.0,24.0,55.0,224.0,49.0,18.0,7.36,6.37,5.35,14.0,5.0,3.0,407.73,291.0,295.58,21.0,2.95,4.69,4.69,17.34,17.71,17.18,161.04,13.61,10.56,41.03,5.65,84.89,63.27,13.09,13.6,13.07,162.0,57.0,75.0,294.0,19.0,20.0,2.0,25.0,0.0,68.0,87.0,143.0,200.0,20.0,40.0,151.0,117.0,61.0,38.0,168.0,37.0,14.0,5.11,4.73,3.77,12.0,5.0,2.0,293.81,219.0,219.08,21.0,2.19,3.76,3.76,12.03,12.09,11.95,2023,3.3203461110842554,2.368443950306956,34.45642190747812,3.1324019915889205,13.573741963551988,4.176535988785227,9.571228307632813,1.1530398322851154,0.43866171003717475,0.6960893314642045,0.58,0.58,0
847399484827028482740,2023,Benn-Johnston-Stankoven,DAL,line,5on5,24,13599.0,61.0,0.63,0.56,0.58,148.76,14.85,10.51,38.94,5.28,78.91,56.51,13.97,15.05,14.15,142.0,63.0,82.0,287.0,15.0,25.0,2.0,29.0,1.0,83.0,52.0,127.0,190.0,9.0,18.0,148.0,76.0,34.0,31.0,136.0,55.0,14.0,4.45,6.99,3.4,7.0,6.0,2.0,292.24,205.0,208.62,15.0,2.22,3.98,3.98,13.09,13.27,12.92,109.04,8.72,6.73,29.11,3.76,56.59,44.1,8.32,8.67,8.27,99.0,50.0,75.0,224.0,9.0,12.0,0.0,23.0,0.0,53.0,52.0,90.0,140.0,16.0,37.0,127.0,119.0,28.0,32.0,112.0,27.0,10.0,2.99,3.15,2.57,5.0,3.0,1.0,219.08,149.0,146.4,19.0,1.42,1.91,1.91,8.23,8.14,7.94,2023,3.931171409662475,2.3084050297816017,37.590999338186634,3.7061548643282594,20.11912640635341,9.00066181336863,8.206485771012575,1.0101010101010102,0.5381818181818182,-1.8530774321641297,0.63,0.56,2
847518484764598481554,2023,Kreider-Zibanejad-Kakko,NYR,line,5on5,36,13336.0,232.0,0.52,0.52,0.53,106.7,8.57,6.9,27.79,3.55,59.47,42.72,8.23,8.71,8.37,91.0,58.0,59.0,208.0,5.0,11.0,2.0,21.0,0.0,51.0,61.0,86.0,144.0,12.0,24.0,122.0,85.0,26.0,17.0,112.0,31.0,6.0,2.96,3.79,1.83,2.0,2.0,1.0,209.59,149.0,151.21,9.0,1.43,2.46,2.46,7.55,7.65,7.44,95.71,8.03,6.26,24.35,3.09,51.57,37.7,7.83,7.85,7.66,90.0,41.0,62.0,193.0,2.0,9.0,0.0,14.0,0.0,53.0,53.0,88.0,129.0,16.0,32.0,110.0,83.0,15.0,27.0,103.0,18.0,10.0,2.92,2.39,2.72,1.0,1.0,0.0,189.77,131.0,128.97,14.0,1.3,1.9,1.9,7.44,7.32,7.26,2023,2.3134373125374927,2.1676664667066583,24.56508698260348,1.6196760647870425,22.945410917816435,7.018596280743851,4.589082183563288,0.5834305717619603,0.5258620689655172,-1.0797840431913617,0.52,0.52,4
847698184774978478133,2023,Monahan-Evans-Anderson,MTL,line,5on5,16,8063.0,70.0,0.48,0.44,0.42,62.75,5.99,4.19,15.39,2.09,33.12,24.22,5.64,6.05,5.71,60.0,25.0,45.0,130.0,8.0,6.0,2.0,19.0,0.0,25.0,27.0,52.0,77.0,4.0,8.0,97.0,50.0,7.0,24.0,62.0,14.0,9.0,1.77,1.79,2.42,1.0,3.0,4.0,129.8,85.0,84.45,21.0,0.88,1.51,1.51,5.35,5.38,5.27,85.33,6.55,5.45,22.11,2.92,46.57,35.4,6.33,6.58,6.36,87.0,32.0,47.0,166.0,6.0,12.0,2.0,31.0,0.0,38.0,32.0,81.0,113.0,7.0,14.0,62.0,60.0,22.0,33.0,91.0,23.0,5.0,2.18,2.89,1.47,1.0,3.0,2.0,166.28,119.0,119.41,26.0,1.13,2.04,2.04,5.63,5.66,5.55,2023,2.6744387944933647,2.9244698003224605,26.7890363388317,4.018355450824755,22.324196949026415,3.125387572863698,10.71561453553268,1.335559265442404,0.610062893081761,-1.339451816941585,0.48,0.44,3
847795684784018478498,2023,Debrusk-Zacha-Pastrnak,BOS,line,5on5,33,7627.0,325.0,0.54,0.5,0.51,81.68,6.82,5.81,20.19,2.72,44.34,32.12,6.57,6.94,6.69,79.0,33.0,32.0,144.0,6.0,10.0,2.0,13.0,0.0,43.0,40.0,73.0,106.0,7.0,14.0,62.0,52.0,13.0,27.0,89.0,15.0,8.0,2.79,1.83,2.2,2.0,2.0,2.0,147.24,112.0,113.94,15.0,1.2,2.04,2.24,5.78,5.82,5.73,78.05,5.92,4.94,19.76,2.53,41.74,31.11,5.55,5.89,5.51,71.0,35.0,37.0,143.0,4.0,4.0,0.0,14.0,0.0,47.0,37.0,67.0,102.0,5.0,10.0,64.0,60.0,23.0,21.0,81.0,21.0,4.0,2.34,2.56,1.02,1.0,3.0,0.0,140.5,106.0,104.6,12.0,1.02,0.65,0.65,6.29,6.24,5.96,2023,3.2190900747344964,2.794283466631703,37.288580044578474,3.776058738691491,24.54438180149469,6.136095450373673,12.744198243083781,0.8797653958944281,0.49206349206349204,0.9440146846728728,0.54,0.5,2
847637484796718479941,2023,Olivier-Kuraly-Danforth,CBJ,line,5on5,17,7668.0,65.0,0.53,0.49,0.52,69.05,5.8,4.3,16.98,2.29,36.16,27.46,5.59,5.79,5.57,60.0,33.0,37.0,130.0,6.0,9.0,3.0,14.0,1.0,36.0,27.0,54.0,87.0,13.0,37.0,52.0,91.0,11.0,9.0,71.0,15.0,7.0,1.9,1.86,2.04,1.0,2.0,3.0,130.82,93.0,93.27,6.0,0.89,1.9,1.9,4.79,4.77,4.71,61.61,5.18,3.95,16.07,2.12,32.9,24.78,5.04,5.11,4.99,63.0,22.0,50.0,135.0,6.0,8.0,1.0,18.0,0.0,26.0,27.0,57.0,79.0,9.0,27.0,62.0,44.0,14.0,8.0,67.0,11.0,7.0,1.8,1.49,1.89,3.0,2.0,1.0,134.6,85.0,85.02,4.0,0.83,1.58,1.58,4.42,4.43,4.39,2023,2.723004694835681,2.431924882629108,28.169014084507044,3.286384976525822,42.72300469483568,5.164319248826291,4.225352112676057,1.0344827586206897,0.45614035087719296,1.8779342723004695,0.53,0.49,4
847646084783988480113,2023,Iafallo-Scheifele-Connor,WPG,line,5on5,36,17996.0,159.0,0.44,0.45,0.46,143.28,11.78,9.53,35.13,4.75,78.53,59.28,11.39,12.17,11.78,144.0,55.0,66.0,265.0,13.0,11.0,1.0,35.0,1.0,67.0,72.0,131.0,186.0,15.0,36.0,143.0,79.0,31.0,43.0,149.0,43.0,7.0,4.38,5.54,1.86,6.0,6.0,1.0,272.16,199.0,204.77,31.0,1.99,2.06,2.07,11.7,12.07,11.91,167.65,14.89,11.31,41.6,5.63,90.72,65.84,13.69,14.62,13.46,160.0,70.0,95.0,325.0,11.0,24.0,3.0,39.0,0.0,78.0,78.0,149.0,219.0,16.0,38.0,149.0,121.0,26.0,40.0,174.0,41.0,15.0,5.32,5.06,4.52,4.0,4.0,3.0,317.63,230.0,224.87,29.0,2.36,5.31,5.31,11.94,11.77,11.45,2023,2.356523671927095,2.978661924872194,28.806401422538343,1.4003111802622805,15.803511891531452,6.201378084018671,8.601911535896866,1.1035653650254669,0.4897260273972603,-0.20004445432318294,0.44,0.45,1
847749284775018478420,2023,Nichushkin-Mackinnon-Rantanen,COL,line,5on5,43,22920.0,135.0,0.55,0.57,0.56,241.41,21.1,15.87,61.95,8.0,132.24,96.84,20.37,21.3,20.57,228.0,108.0,140.0,476.0,24.0,17.0,2.0,47.0,0.0,119.0,129.0,204.0,312.0,22.0,42.0,238.0,115.0,58.0,67.0,257.0,59.0,20.0,8.05,7.12,5.93,16.0,4.0,4.0,486.88,336.0,341.73,30.0,3.3,3.83,3.83,20.57,20.83,20.34,198.75,17.36,12.81,50.06,6.56,103.84,78.37,16.68,17.3,16.6,193.0,76.0,88.0,357.0,16.0,15.0,1.0,42.0,0.0,92.0,104.0,177.0,253.0,25.0,50.0,237.0,130.0,57.0,48.0,202.0,48.0,19.0,5.64,6.57,5.15,7.0,7.0,2.0,353.72,269.0,267.13,30.0,2.68,3.32,3.32,16.72,16.65,16.18,2023,3.314136125654451,2.7267015706806284,35.811518324607334,3.141361256544503,18.062827225130892,9.109947643979059,10.523560209424085,1.1374407582938388,0.5010526315789474,-0.47120418848167545,0.55,0.57,2
847646084783988480014,2023,Connor-Scheifele-Vilardi,WPG,line,5on5,20,11751.0,55.0,0.35,0.42,0.41,88.53,6.71,5.65,23.36,2.99,48.42,36.87,6.52,6.89,6.71,85.0,39.0,43.0,167.0,11.0,4.0,0.0,24.0,0.0,41.0,44.0,74.0,113.0,8.0,25.0,95.0,68.0,22.0,27.0,95.0,26.0,3.0,2.82,3.03,0.86,4.0,6.0,1.0,171.18,124.0,127.88,16.0,1.18,0.95,0.95,6.94,7.13,6.97,124.64,12.32,8.6,31.92,4.47,68.77,48.93,11.46,12.05,11.22,119.0,56.0,58.0,233.0,13.0,21.0,0.0,17.0,0.0,59.0,65.0,106.0,162.0,20.0,49.0,101.0,87.0,31.0,33.0,124.0,35.0,16.0,3.63,4.24,4.44,6.0,3.0,4.0,227.76,175.0,170.98,28.0,1.79,3.65,3.65,10.45,10.23,9.89,2023,2.0556548378861375,3.7743170793974983,26.040336992596377,0.9190707173857544,20.8322695940771,6.739851927495533,8.27163645647179,1.639344262295082,0.4846938775510204,-3.6762828695430176,0.35,0.42,1
847749284774948478420,2023,Drouin-Mackinnon-Rantanen,COL,line,5on5,62,29126.0,257.0,0.57,0.56,0.56,315.9,28.68,20.82,78.37,10.42,170.62,127.09,27.48,28.96,27.74,309.0,127.0,168.0,604.0,33.0,24.0,3.0,72.0,1.0,157.0,149.0,276.0,403.0,25.0,50.0,257.0,82.0,63.0,69.0,318.0,90.0,28.0,10.32,11.22,7.15,13.0,16.0,4.0,606.93,436.0,438.5,25.0,4.35,4.94,4.94,28.09,28.32,27.69,244.74,21.42,15.88,61.47,8.28,131.81,98.15,20.25,21.17,19.99,239.0,98.0,138.0,475.0,21.0,28.0,5.0,50.0,2.0,117.0,119.0,218.0,316.0,29.0,62.0,322.0,127.0,80.0,53.0,257.0,57.0,23.0,6.88,7.52,7.02,7.0,9.0,5.0,469.15,337.0,334.16,29.0,3.31,6.01,6.01,18.71,18.58,18.15,2023,3.5448739957426354,2.6475314152303784,38.19268007965392,3.4608253793861157,10.135274325345053,7.78685710361876,8.528462542058643,1.1506276150627615,0.4438687392055268,-0.4944036256265879,0.57,0.56,2
847121584751918482055,2023,O'Connor-Malkin-Smith,PIT,line,5on5,19,7971.0,126.0,0.5,0.49,0.48,73.0,6.36,4.94,18.33,2.33,38.09,27.95,6.05,6.57,6.25,74.0,24.0,37.0,135.0,5.0,9.0,0.0,10.0,0.0,42.0,32.0,69.0,93.0,5.0,10.0,54.0,34.0,18.0,21.0,66.0,27.0,5.0,1.72,3.38,1.26,2.0,3.0,0.0,139.63,98.0,101.15,7.0,1.04,1.6,1.6,5.8,5.99,5.84,75.95,6.33,4.66,18.81,2.55,41.02,31.63,6.04,6.25,5.97,71.0,34.0,33.0,138.0,3.0,9.0,0.0,18.0,0.0,33.0,42.0,68.0,102.0,8.0,16.0,52.0,62.0,24.0,20.0,82.0,18.0,5.0,2.34,2.22,1.77,2.0,1.0,0.0,135.27,105.0,103.11,15.0,0.95,2.03,2.03,5.25,5.18,5.03,2023,2.8724124952954457,2.8588633797515994,33.421151674821225,2.258185923974407,15.355664283025968,8.129469326307865,9.484380880692509,0.7861635220125786,0.5094339622641509,-1.3549115543846442,0.5,0.49,2
847342284807988484144,2023,Foligno-Bedard-Kurashev,CHI,line,5on5,47,18955.0,215.0,0.39,0.41,0.39,128.43,10.51,8.32,32.48,4.36,68.25,51.09,10.06,10.34,9.9,118.0,57.0,89.0,264.0,14.0,17.0,2.0,25.0,1.0,61.0,57.0,104.0,161.0,23.0,55.0,148.0,131.0,51.0,52.0,134.0,34.0,7.0,3.98,4.5,2.04,5.0,8.0,1.0,256.98,175.0,172.18,29.0,1.73,3.29,3.29,8.95,8.83,8.6,194.06,16.75,12.88,48.66,6.59,106.97,79.16,15.95,17.1,16.28,190.0,81.0,108.0,379.0,23.0,19.0,2.0,38.0,3.0,90.0,98.0,167.0,248.0,12.0,33.0,200.0,101.0,50.0,41.0,198.0,59.0,14.0,6.07,6.88,3.8,13.0,7.0,3.0,389.36,271.0,277.55,15.0,2.69,3.65,3.65,15.79,16.11,15.71,2023,1.9960960168820892,3.181218675811132,22.410973357953047,1.3294645212345029,24.879978897388554,9.686098654708521,9.876022157742021,1.3320647002854424,0.42528735632183906,2.0891585333685043,0.39,0.41,1
847518484764598478458,2023,Kreider-Zibanejad-Roslovic,NYR,line,5on5,19,10598.0,47.0,0.55,0.59,0.59,109.14,7.56,6.87,29.03,3.69,61.39,45.45,7.32,7.46,7.23,104.0,50.0,67.0,221.0,9.0,7.0,0.0,14.0,0.0,63.0,61.0,95.0,145.0,5.0,10.0,89.0,58.0,18.0,30.0,130.0,16.0,8.0,3.52,1.9,2.14,4.0,4.0,1.0,222.01,154.0,154.77,13.0,1.42,0.88,0.88,8.1,8.05,7.83,79.28,6.29,5.2,21.39,2.79,41.83,31.51,6.19,6.24,6.14,74.0,35.0,45.0,154.0,8.0,8.0,0.0,11.0,0.0,34.0,48.0,66.0,101.0,5.0,10.0,100.0,67.0,32.0,17.0,81.0,24.0,4.0,2.27,2.92,1.1,1.0,7.0,0.0,152.57,109.0,108.12,7.0,1.09,1.04,1.04,6.34,6.33,6.26,2023,2.568031704095112,2.1366295527458012,35.327420267975086,2.7174938667673145,19.70183053406303,6.114361200226457,10.19060200037743,1.1904761904761905,0.4708994708994709,0.0,0.55,0.59,2
847847484826998483431,2023,Crouse-Cooley-Guenther,ARI,line,5on5,21,11579.0,64.0,0.47,0.47,0.48,112.03,7.85,6.71,30.24,3.77,60.25,44.17,7.58,7.74,7.48,109.0,44.0,49.0,202.0,6.0,9.0,1.0,23.0,0.0,54.0,61.0,103.0,147.0,8.0,22.0,62.0,82.0,26.0,27.0,120.0,29.0,4.0,3.05,3.59,1.21,3.0,2.0,1.0,201.96,153.0,152.15,16.0,1.39,1.51,1.51,7.74,7.67,7.5,120.02,9.0,7.61,30.91,4.03,64.29,49.16,8.45,8.9,8.38,110.0,55.0,62.0,227.0,11.0,12.0,2.0,28.0,0.0,50.0,64.0,99.0,154.0,7.0,20.0,134.0,100.0,27.0,31.0,132.0,22.0,11.0,3.24,2.91,2.85,7.0,3.0,1.0,225.33,165.0,164.72,21.0,1.58,2.54,2.54,8.03,8.01,7.73,2023,2.4406252698851367,2.7981690992313673,33.88893686846878,1.2436307107694964,25.494429570774678,8.083599620001728,8.394507297694101,0.7643312101910829,0.3163265306122449,0.3109076776923741,0.47,0.47,1
847742984784328479992,2023,Rasmussen-Copp-Fischer,DET,line,5on5,45,14651.0,273.0,0.52,0.45,0.44,108.25,9.35,6.73,27.97,3.45,56.38,41.12,8.75,9.27,8.69,109.0,36.0,59.0,204.0,11.0,11.0,2.0,19.0,1.0,48.0,55.0,98.0,134.0,23.0,46.0,157.0,116.0,14.0,39.0,107.0,29.0,9.0,3.02,3.71,2.62,3.0,5.0,3.0,201.35,145.0,143.97,21.0,1.41,2.21,2.56,8.2,8.16,7.95,126.74,8.71,7.84,34.96,4.45,72.26,52.78,8.55,8.84,8.66,119.0,62.0,69.0,250.0,10.0,12.0,3.0,26.0,0.0,79.0,54.0,109.0,171.0,13.0,26.0,137.0,103.0,21.0,37.0,151.0,24.0,6.0,4.13,2.9,1.69,4.0,4.0,2.0,251.71,181.0,182.41,25.0,1.63,1.74,1.74,8.59,8.63,8.51,2023,2.2974540986963343,2.14019520851819,26.78315473346529,2.2114531431301616,28.50317384478875,3.440038222646918,9.5829636202307,1.1764705882352942,0.5340136054421769,2.457170159033513,0.52,0.45,4
847121584751918476483,2023,Smith-Malkin-Rakell,PIT,line,5on5,35,11325.0,249.0,0.55,0.56,0.54,110.49,9.51,7.33,27.5,3.6,60.1,43.96,9.13,9.7,9.31,104.0,48.0,65.0,217.0,10.0,6.0,0.0,21.0,1.0,61.0,53.0,94.0,142.0,9.0,23.0,90.0,50.0,24.0,21.0,112.0,31.0,9.0,3.49,3.7,2.32,5.0,3.0,2.0,221.4,152.0,155.1,11.0,1.53,1.15,1.18,9.86,10.07,9.79,97.39,7.86,6.28,23.76,3.2,52.06,38.83,7.78,7.83,7.75,94.0,38.0,41.0,173.0,8.0,7.0,1.0,20.0,0.0,50.0,47.0,86.0,124.0,14.0,31.0,91.0,70.0,16.0,24.0,105.0,18.0,9.0,2.9,2.33,2.63,2.0,1.0,5.0,170.59,132.0,130.11,17.0,1.29,1.11,1.11,8.04,8.05,8.03,2023,3.0230463576158937,2.4985430463576157,33.05960264900662,2.8609271523178808,15.894039735099337,7.629139072847682,6.675496688741721,1.0515247108307046,0.4972375690607735,-1.5894039735099337,0.55,0.56,2
847121584764838478047,2023,Bunting-Malkin-Rakell,PIT,line,5on5,19,11578.0,48.0,0.6,0.57,0.57,121.84,11.14,7.71,31.36,4.23,64.13,47.43,10.63,11.41,10.87,109.0,57.0,68.0,234.0,15.0,20.0,3.0,17.0,0.0,56.0,58.0,94.0,151.0,12.0,24.0,75.0,61.0,36.0,21.0,125.0,25.0,16.0,3.42,3.04,4.69,9.0,2.0,4.0,237.38,166.0,168.13,15.0,1.6,4.48,4.48,8.26,8.39,8.25,92.02,7.39,6.03,22.75,3.09,49.36,37.38,7.1,7.41,7.12,80.0,46.0,50.0,176.0,9.0,14.0,2.0,12.0,0.0,51.0,40.0,71.0,117.0,12.0,24.0,92.0,77.0,24.0,28.0,94.0,26.0,6.0,2.71,3.26,1.42,4.0,4.0,1.0,172.56,126.0,124.1,17.0,1.25,1.99,1.99,6.65,6.63,6.54,2023,3.463810675418898,2.2978061841423387,33.89186387977198,4.9749524961133185,18.967006391432026,11.193643116254966,6.52962515114873,1.3464991023339317,0.4491017964071856,0.0,0.6,0.57,2
847749384779338478542,2023,Reinhart-Barkov-Rodrigues,FLA,line,5on5,44,23367.0,127.0,0.61,0.58,0.58,241.45,19.72,15.71,62.15,8.21,131.31,95.9,18.88,19.73,18.9,226.0,107.0,141.0,474.0,28.0,30.0,7.0,42.0,0.0,121.0,112.0,198.0,305.0,24.0,50.0,245.0,134.0,43.0,54.0,259.0,55.0,19.0,6.94,7.12,5.66,11.0,11.0,6.0,479.73,333.0,337.09,26.0,3.27,6.38,6.38,16.61,16.67,16.37,174.2,12.53,11.12,46.17,5.93,95.66,71.59,12.21,12.53,12.22,157.0,86.0,105.0,348.0,10.0,13.0,3.0,22.0,0.0,85.0,113.0,147.0,233.0,20.0,44.0,220.0,160.0,34.0,50.0,198.0,35.0,10.0,5.35,4.41,2.77,5.0,2.0,3.0,345.27,243.0,241.41,30.0,2.31,2.6,2.6,12.24,12.23,11.99,2023,3.038130697136988,1.9304146873796377,34.81833354731031,2.927205032738477,20.64449865194505,6.624727179355501,8.319424829888304,1.4198782961460448,0.5268817204301075,0.6162536911028373,0.61,0.58,2
847646084779408480014,2023,Ehlers-Scheifele-Vilardi,WPG,line,5on5,22,12469.0,67.0,0.57,0.55,0.54,132.68,12.44,9.17,32.54,4.43,71.58,52.84,11.82,12.66,12.04,126.0,57.0,66.0,249.0,16.0,20.0,5.0,19.0,0.0,59.0,69.0,110.0,167.0,14.0,28.0,111.0,70.0,23.0,26.0,134.0,37.0,12.0,4.2,4.77,3.46,8.0,5.0,3.0,256.14,183.0,187.56,20.0,1.92,4.13,4.13,10.22,10.4,10.11,111.3,9.27,7.42,27.64,3.69,60.63,44.36,8.56,9.29,8.57,103.0,50.0,51.0,204.0,6.0,14.0,1.0,25.0,0.0,54.0,54.0,97.0,147.0,12.0,24.0,120.0,88.0,30.0,34.0,122.0,21.0,10.0,3.64,2.69,2.94,3.0,1.0,2.0,199.72,153.0,151.63,24.0,1.55,3.11,3.11,7.71,7.65,7.5,2023,3.5916272355441494,2.676397465714973,36.37821798059187,3.464592188627797,20.210121100328816,6.640468361536611,7.50661640869356,1.2861736334405145,0.4805194805194805,0.5774320314379662,0.57,0.55,2
847514984756928482079,2023,Johansson-Rossi-Zuccarello,MIN,line,5on5,28,8657.0,186.0,0.55,0.52,0.54,78.95,5.91,5.04,19.39,2.65,44.62,33.39,5.7,5.87,5.67,76.0,35.0,43.0,154.0,2.0,5.0,0.0,10.0,0.0,57.0,37.0,74.0,109.0,9.0,18.0,49.0,34.0,17.0,18.0,90.0,18.0,3.0,2.71,2.4,0.79,1.0,1.0,0.0,155.25,111.0,111.65,9.0,1.04,0.78,0.78,6.17,6.16,6.01,67.71,4.86,4.1,17.28,2.19,37.49,28.07,4.8,4.94,4.88,65.0,29.0,50.0,144.0,7.0,4.0,0.0,14.0,0.0,32.0,37.0,58.0,87.0,13.0,26.0,70.0,42.0,19.0,16.0,79.0,11.0,4.0,1.96,1.44,1.46,4.0,2.0,1.0,146.52,94.0,95.37,9.0,0.84,0.56,0.56,5.13,5.26,5.21,2023,2.4576643178930344,2.0210234492318353,31.604481922143925,1.247545339031997,14.138847175695968,7.069423587847984,7.485272034191983,0.4,0.4117647058823529,-1.6633937853759961,0.55,0.52,2
847571484775038481582,2023,Robertson-Domi-Jarnkrok,TOR,line,5on5,26,11012.0,89.0,0.54,0.56,0.58,107.66,8.06,6.43,28.1,3.58,59.71,43.12,7.81,8.13,7.88,115.0,34.0,47.0,196.0,11.0,8.0,1.0,32.0,0.0,50.0,48.0,104.0,138.0,11.0,28.0,93.0,90.0,20.0,26.0,120.0,22.0,7.0,3.2,2.76,2.1,4.0,4.0,3.0,198.45,149.0,150.15,10.0,1.33,1.49,1.49,7.9,7.97,7.85,80.6,6.83,5.0,20.3,2.57,42.48,31.81,6.42,6.8,6.42,71.0,38.0,47.0,156.0,8.0,7.0,1.0,10.0,2.0,42.0,40.0,63.0,101.0,11.0,28.0,79.0,101.0,28.0,28.0,87.0,12.0,10.0,2.19,1.52,3.12,5.0,1.0,2.0,157.39,109.0,109.57,16.0,1.04,1.9,1.9,5.98,5.97,5.89,2023,2.6349436977842355,2.2328369051943335,37.59535052669815,2.2884126407555394,29.422448238285508,6.538321830730113,8.499818379949147,1.3647642679900744,0.5406976744186046,0.0,0.54,0.56,2
847634684764328478458,2023,Gaudreau-Jenner-Roslovic,CBJ,line,5on5,24,14253.0,70.0,0.52,0.5,0.5,146.76,13.2,10.25,36.45,5.1,77.43,58.56,12.83,13.4,13.03,139.0,62.0,81.0,282.0,18.0,22.0,2.0,27.0,0.0,67.0,67.0,121.0,183.0,9.0,18.0,128.0,47.0,31.0,23.0,142.0,48.0,11.0,4.15,6.09,2.96,10.0,6.0,2.0,285.69,201.0,203.13,14.0,2.13,2.82,2.82,12.51,12.7,12.45,144.39,12.1,9.23,35.47,4.8,78.84,58.56,11.53,12.23,11.63,143.0,56.0,84.0,283.0,15.0,15.0,4.0,31.0,0.0,69.0,69.0,128.0,184.0,18.0,36.0,134.0,64.0,34.0,25.0,154.0,32.0,13.0,4.62,4.26,3.21,6.0,6.0,3.0,284.79,199.0,200.02,14.0,1.91,3.01,3.01,10.99,11.06,10.84,2023,3.334034940012629,3.0561986950115765,35.10839823195117,2.7783624500105244,11.87118501368133,7.82993054093875,5.80930330456746,1.3636363636363638,0.48854961832061067,-2.2732056409177015,0.52,0.5,2
847740984774938477933,2023,Verhaeghe-Barkov-Reinhart,FLA,line,5on5,46,12563.0,304.0,0.66,0.61,0.61,124.91,10.96,8.06,31.34,4.17,68.67,49.81,9.93,11.49,10.38,118.0,55.0,82.0,255.0,10.0,16.0,1.0,36.0,1.0,61.0,49.0,108.0,163.0,13.0,31.0,129.0,82.0,21.0,20.0,133.0,28.0,12.0,3.83,3.37,3.76,4.0,3.0,3.0,263.43,173.0,178.34,11.0,1.67,3.51,3.5,9.13,9.45,9.21,81.48,5.59,5.03,20.12,2.69,44.6,33.98,5.5,5.4,5.32,73.0,39.0,50.0,162.0,4.0,5.0,0.0,25.0,0.0,37.0,41.0,69.0,108.0,12.0,27.0,101.0,94.0,11.0,28.0,86.0,23.0,3.0,2.0,2.79,0.8,2.0,1.0,1.0,155.86,112.0,108.52,19.0,1.04,0.8,0.8,5.83,5.65,5.58,2023,3.1406511183634485,1.6018466926689483,33.81357955902252,3.438669107697206,23.497572235930907,6.01767093847011,5.731115179495343,0.9124087591240875,0.5608695652173913,0.28655575897476715,0.66,0.61,0
847575284766248476918,2023,Vesey-Goodrow-Pitlick,NYR,line,5on5,30,14056.0,100.0,0.51,0.46,0.46,100.09,8.63,6.47,26.04,3.6,53.86,41.4,8.37,8.66,8.4,93.0,47.0,59.0,199.0,5.0,10.0,2.0,19.0,1.0,57.0,48.0,88.0,135.0,11.0,31.0,108.0,160.0,26.0,27.0,108.0,24.0,8.0,3.27,2.99,2.36,2.0,2.0,1.0,201.41,140.0,141.31,18.0,1.33,2.06,2.06,7.89,7.91,7.75,117.54,8.21,7.39,30.31,3.87,65.23,48.0,7.96,8.2,7.95,103.0,60.0,67.0,230.0,12.0,10.0,2.0,23.0,1.0,65.0,52.0,91.0,151.0,14.0,37.0,112.0,101.0,18.0,26.0,130.0,25.0,8.0,3.37,3.0,1.85,3.0,6.0,3.0,226.16,163.0,160.77,14.0,1.53,1.67,1.67,8.06,8.04,7.9,2023,2.2103016505406945,2.1027319294251567,23.81900967558338,2.0489470688673874,40.97894137734775,6.659077973819009,6.915196357427432,0.5793742757821552,0.4909090909090909,-0.7683551508252703,0.51,0.46,4
847517284810288483808,2023,Kuzmenko-Kadri-Pospisil,CGY,line,5on5,13,8084.0,23.0,0.59,0.58,0.58,92.02,8.38,6.07,23.9,3.02,48.32,35.31,7.89,8.45,7.95,79.0,46.0,42.0,167.0,10.0,13.0,1.0,18.0,1.0,48.0,35.0,69.0,115.0,14.0,36.0,77.0,63.0,20.0,32.0,88.0,27.0,10.0,2.16,3.43,2.79,5.0,3.0,2.0,166.17,125.0,124.02,17.0,1.27,3.02,3.02,6.63,6.6,6.45,65.16,5.93,4.55,16.59,2.36,35.73,26.84,5.57,6.13,5.78,65.0,27.0,27.0,119.0,6.0,5.0,0.0,15.0,0.0,26.0,40.0,59.0,86.0,15.0,30.0,76.0,45.0,25.0,10.0,65.0,21.0,6.0,1.81,2.6,1.52,5.0,1.0,0.0,122.58,92.0,94.58,7.0,0.95,0.83,0.83,6.05,6.24,6.07,2023,3.731815932706581,2.6407718951014347,35.18060366155368,4.453240969816922,28.05541810984661,8.906481939633844,14.25037110341415,1.1933174224343674,0.5032679738562091,-0.4453240969816922,0.59,0.58,0
84784698480879,2023,Chabot-Bernard-Docker,OTT,pairing,5on5,30,8740.0,164.0,0.4,0.46,0.46,63.78,4.72,3.72,16.19,2.01,33.0,26.36,4.65,4.7,4.63,54.0,32.0,40.0,126.0,6.0,5.0,0.0,10.0,0.0,28.0,37.0,48.0,80.0,5.0,13.0,58.0,63.0,20.0,23.0,65.0,17.0,4.0,1.67,2.07,0.98,3.0,3.0,0.0,126.14,86.0,85.63,13.0,0.78,0.77,0.77,4.74,4.71,4.66,73.93,7.06,4.81,19.2,2.58,37.94,28.41,6.68,7.14,6.74,69.0,31.0,46.0,146.0,9.0,13.0,4.0,15.0,0.0,29.0,34.0,60.0,91.0,10.0,23.0,54.0,79.0,16.0,20.0,75.0,17.0,8.0,2.06,2.38,2.63,4.0,2.0,3.0,144.66,100.0,99.73,11.0,1.0,3.25,3.25,4.81,4.77,4.68,2023,1.9441647597254006,2.908009153318078,22.242562929061787,1.6475972540045767,25.949656750572085,8.237986270022883,9.473684210526317,1.2711864406779663,0.5178571428571429,-2.059496567505721,0.4,0.46,1
848152884821758484145,2023,Benson-Cozens-Peterka,BUF,line,5on5,30,11649.0,189.0,0.51,0.56,0.58,122.49,9.59,8.1,30.35,4.09,67.24,49.63,9.32,9.45,9.19,123.0,46.0,65.0,234.0,4.0,10.0,1.0,29.0,0.0,67.0,59.0,119.0,165.0,5.0,10.0,81.0,67.0,23.0,18.0,131.0,31.0,7.0,3.63,4.06,1.91,3.0,1.0,0.0,228.08,169.0,165.75,10.0,1.68,2.06,2.06,9.21,9.05,8.87,92.5,9.21,5.96,22.91,3.15,46.91,35.86,8.92,9.37,9.07,84.0,40.0,59.0,183.0,5.0,7.0,0.0,23.0,0.0,47.0,42.0,79.0,119.0,8.0,16.0,97.0,110.0,19.0,18.0,81.0,34.0,9.0,2.05,4.65,2.51,1.0,4.0,0.0,189.22,124.0,126.87,9.0,1.25,1.77,1.77,8.7,8.89,8.73,2023,2.963687870203451,2.846252897244399,38.01184651043008,2.1632758176667526,20.705639969096058,7.107906258047901,5.562709245428792,0.4171011470281543,0.4550561797752809,-0.9271182075714653,0.51,0.56,2
847646884784448480459,2023,Suter-Miller-Boeser,VAN,line,5on5,27,11541.0,131.0,0.65,0.6,0.6,118.27,11.39,8.55,30.62,4.14,66.82,46.48,10.69,11.41,10.73,109.0,59.0,63.0,231.0,16.0,14.0,1.0,27.0,0.0,59.0,52.0,93.0,152.0,11.0,22.0,118.0,103.0,15.0,16.0,119.0,36.0,13.0,3.73,4.24,3.42,11.0,4.0,1.0,232.8,168.0,168.92,10.0,1.8,2.81,2.81,10.37,10.47,10.11,78.43,6.17,4.98,20.04,2.66,43.83,32.34,5.97,6.17,5.96,68.0,42.0,41.0,151.0,4.0,4.0,0.0,17.0,0.0,46.0,39.0,64.0,106.0,9.0,18.0,84.0,60.0,19.0,20.0,86.0,15.0,9.0,2.43,1.57,2.17,1.0,2.0,1.0,149.9,110.0,109.51,13.0,1.03,0.74,0.74,6.46,6.44,6.34,2023,3.552898362360281,1.9246165843514424,34.00051988562516,4.055107876267221,32.12893163504029,4.678970626462178,4.990902001559657,1.404741000877963,0.5841584158415841,0.6238627501949571,0.65,0.6,0
847353384769218482093,2023,Martinook-Staal-Jarvis,CAR,line,5on5,45,17793.0,287.0,0.61,0.61,0.6,172.14,13.04,10.92,47.07,5.94,95.0,66.03,12.6,13.22,12.77,142.0,96.0,122.0,360.0,13.0,20.0,1.0,38.0,1.0,96.0,70.0,129.0,225.0,18.0,36.0,221.0,117.0,32.0,39.0,184.0,43.0,11.0,4.95,5.08,3.01,4.0,4.0,5.0,370.29,238.0,243.81,17.0,2.28,2.31,2.31,13.01,13.22,12.9,116.85,8.19,6.93,32.35,3.86,61.33,46.34,7.84,8.14,7.81,110.0,49.0,74.0,233.0,14.0,9.0,0.0,23.0,0.0,52.0,61.0,96.0,145.0,20.0,40.0,170.0,147.0,34.0,48.0,130.0,22.0,7.0,3.42,2.79,1.98,8.0,5.0,1.0,229.81,159.0,157.4,31.0,1.44,1.52,1.55,8.08,8.05,7.91,2023,2.6383409205867476,1.6570561456752655,28.730399595346483,2.225594334850784,23.672230652503796,6.474456246838645,7.890743550834598,0.9969325153374233,0.5652173913043478,-0.4046535154274153,0.61,0.61,2
848152884820978482175,2023,Peterka-Cozens-Quinn,BUF,line,5on5,23,7737.0,131.0,0.57,0.52,0.52,76.93,7.4,5.22,19.32,2.71,41.08,30.26,7.08,7.31,7.0,81.0,25.0,42.0,148.0,10.0,13.0,2.0,18.0,0.0,31.0,34.0,71.0,96.0,7.0,14.0,60.0,61.0,11.0,14.0,75.0,22.0,9.0,2.22,2.9,2.28,5.0,4.0,1.0,146.37,106.0,105.43,9.0,1.09,2.29,2.29,6.2,6.13,6.02,69.77,5.66,4.34,18.12,2.43,37.58,27.86,5.34,5.68,5.36,64.0,32.0,41.0,137.0,8.0,8.0,1.0,13.0,0.0,31.0,36.0,56.0,88.0,10.0,20.0,66.0,42.0,14.0,15.0,77.0,10.0,9.0,2.1,1.34,2.22,4.0,3.0,1.0,138.02,96.0,97.07,9.0,0.91,1.55,1.55,5.01,5.03,4.96,2023,3.4431950368359834,2.633578906552928,37.68902675455603,4.187669639395115,28.38309422256689,5.1182628925940294,6.514152772392401,1.3513513513513513,0.47619047619047616,-1.3958898797983716,0.57,0.52,2
848020884808018481596,2023,Tkachuk-Pinto-Batherson,OTT,line,5on5,32,16308.0,127.0,0.57,0.54,0.54,161.35,12.36,9.55,42.32,5.34,85.6,64.83,11.92,12.36,11.92,137.0,83.0,88.0,308.0,10.0,13.0,1.0,33.0,0.0,86.0,78.0,127.0,210.0,18.0,36.0,143.0,123.0,37.0,46.0,178.0,25.0,17.0,4.91,2.89,4.56,5.0,4.0,1.0,305.03,220.0,218.53,28.0,1.98,3.02,3.02,11.32,11.34,11.15,135.78,9.49,8.37,36.02,4.75,73.57,56.8,9.03,9.69,9.22,129.0,60.0,73.0,262.0,10.0,16.0,0.0,29.0,0.0,75.0,59.0,119.0,179.0,12.0,24.0,157.0,109.0,46.0,47.0,151.0,31.0,7.0,3.98,3.91,1.6,3.0,6.0,1.0,271.13,189.0,194.19,24.0,1.73,2.2,2.2,9.03,9.21,8.9,2023,2.7284768211920527,2.094922737306843,30.242825607064017,3.7527593818984544,27.1523178807947,8.167770419426049,10.154525386313464,0.8090614886731392,0.4766666666666667,1.324503311258278,0.57,0.54,2
847740984779358479314,2023,Tkachuk-Bennett-Verhaeghe,FLA,line,5on5,57,28256.0,196.0,0.58,0.59,0.55,296.35,25.97,20.14,74.33,9.71,159.71,115.14,24.8,26.27,25.06,283.0,122.0,199.0,604.0,30.0,34.0,4.0,78.0,2.0,148.0,113.0,253.0,375.0,48.0,104.0,221.0,274.0,69.0,75.0,304.0,74.0,27.0,9.25,9.24,7.48,16.0,11.0,3.0,608.64,405.0,408.73,42.0,4.2,6.96,6.96,23.21,23.24,22.77,243.56,18.48,15.58,61.79,8.23,133.61,100.31,18.03,18.41,17.96,249.0,89.0,88.0,426.0,21.0,24.0,4.0,54.0,0.0,123.0,116.0,228.0,317.0,45.0,99.0,290.0,193.0,56.0,78.0,263.0,58.0,17.0,6.5,7.54,4.44,10.0,8.0,3.0,424.5,338.0,337.99,37.0,3.21,3.95,3.95,17.74,17.84,17.63,2023,3.3087485843714606,2.3544733861834652,36.05605889014723,3.4399773499433746,34.90939977349943,8.79105322763307,9.555492638731597,1.155179052753177,0.4324853228962818,0.3822197055492639,0.58,0.59,2
847740484784278482093,2023,Guentzel-Aho-Jarvis,CAR,line,5on5,15,10900.0,15.0,0.65,0.61,0.62,124.36,9.09,7.37,31.92,4.25,67.66,51.71,8.81,9.34,9.05,112.0,60.0,55.0,227.0,12.0,14.0,3.0,27.0,1.0,57.0,61.0,100.0,160.0,10.0,20.0,91.0,40.0,29.0,35.0,141.0,21.0,10.0,4.15,2.56,2.38,6.0,4.0,2.0,234.64,172.0,176.41,15.0,1.52,1.76,1.76,8.85,9.06,8.86,76.44,4.94,4.27,20.5,2.51,40.3,31.48,4.87,4.82,4.75,68.0,36.0,40.0,144.0,3.0,3.0,1.0,14.0,0.0,37.0,47.0,65.0,101.0,12.0,24.0,96.0,64.0,25.0,42.0,84.0,18.0,2.0,2.28,2.2,0.46,2.0,1.0,0.0,140.13,104.0,101.23,18.0,0.88,0.53,0.53,5.29,5.18,5.13,2023,3.0022018348623853,1.631559633027523,36.99082568807339,3.302752293577982,13.211009174311927,9.577981651376147,11.559633027522937,1.3201320132013201,0.48663101604278075,-0.6605504587155964,0.65,0.61,2
847578684764548478402,2023,Hyman-Mcdavid-Nugent-Hopkins,EDM,line,5on5,49,28075.0,161.0,0.67,0.62,0.63,342.45,34.47,24.11,80.95,11.1,177.85,135.53,32.81,35.12,33.43,336.0,128.0,155.0,619.0,34.0,37.0,3.0,56.0,2.0,184.0,151.0,302.0,430.0,28.0,56.0,237.0,154.0,61.0,79.0,319.0,108.0,37.0,10.16,13.89,10.43,10.0,21.0,3.0,634.22,464.0,474.41,40.0,5.05,8.45,8.45,31.07,31.73,30.81,197.58,17.29,12.57,49.86,6.71,104.32,77.25,16.67,16.96,16.37,190.0,78.0,117.0,385.0,20.0,24.0,2.0,35.0,0.0,107.0,82.0,170.0,248.0,27.0,57.0,212.0,225.0,72.0,77.0,197.0,54.0,17.0,5.75,6.56,4.98,9.0,9.0,2.0,376.06,268.0,263.43,42.0,2.62,5.26,5.26,14.64,14.46,14.2,2023,4.420017809439003,2.2170614425645594,43.08459483526269,4.744434550311666,19.747105966162067,7.821905609973286,10.130008904719501,0.9863649550333624,0.5278396436525612,0.1282279608192342,0.67,0.62,0
847688284774508481624,2024,Teravainen-Dickinson-Mikheyev,CHI,line,5on5,29,11379.0,160.0,0.47,0.44,0.45,70.78,6.3,4.57,18.62,2.37,38.17,27.96,6.02,6.16,5.9,65.0,33.0,38.0,136.0,4.0,11.0,0.0,15.0,1.0,25.0,42.0,61.0,94.0,8.0,19.0,106.0,71.0,10.0,50.0,74.0,16.0,8.0,1.82,2.17,2.31,3.0,1.0,0.0,131.36,98.0,95.13,25.0,0.96,2.24,2.24,5.01,4.95,4.77,85.71,7.06,5.88,21.57,2.85,46.62,34.03,6.71,7.07,6.72,78.0,40.0,58.0,176.0,9.0,11.0,0.0,17.0,0.0,32.0,49.0,69.0,109.0,3.0,9.0,114.0,80.0,12.0,57.0,89.0,23.0,6.0,2.53,3.1,1.43,5.0,4.0,0.0,177.86,118.0,118.92,22.0,1.23,1.67,1.67,6.62,6.63,6.49,2024,1.9931452675982073,2.2335881887687847,20.56419720537833,2.530978117585025,22.462430793567098,3.1637226469812814,15.818613234906408,0.6349206349206349,0.4818181818181818,1.5818613234906407,0.47,0.44,4
847569284788648482079,2024,Kaprizov-Rossi-Zuccarello,MIN,line,5on5,27,17165.0,57.0,0.53,0.51,0.51,144.77,12.49,9.44,35.89,4.91,78.81,58.46,11.67,12.77,11.92,135.0,65.0,83.0,283.0,17.0,18.0,2.0,24.0,1.0,59.0,81.0,118.0,183.0,11.0,25.0,131.0,48.0,21.0,82.0,151.0,34.0,15.0,4.23,4.1,4.17,8.0,9.0,0.0,288.83,200.0,204.36,34.0,1.96,4.08,4.08,10.37,10.53,10.33,140.2,11.11,9.04,34.71,4.63,77.02,56.5,10.73,11.04,10.67,126.0,67.0,78.0,271.0,12.0,15.0,2.0,27.0,0.0,61.0,78.0,114.0,181.0,17.0,37.0,141.0,111.0,23.0,75.0,151.0,30.0,12.0,4.07,3.79,3.25,4.0,6.0,2.0,267.6,193.0,190.71,26.0,1.86,3.66,3.66,9.3,9.18,9.08,2024,2.6195164579085346,2.330090300029129,28.31342848820274,3.145936498689193,10.066996795805418,4.40431109816487,17.197786192834254,1.3610888710968774,0.48161764705882354,-1.2583745994756772,0.53,0.51,3
847647984779428479675,2024,Fiala-Danault-Moore,LAK,line,5on5,33,10454.0,236.0,0.58,0.57,0.62,114.63,7.72,7.0,30.6,3.75,62.24,46.69,7.53,7.89,7.69,108.0,50.0,44.0,202.0,6.0,7.0,1.0,28.0,0.0,69.0,48.0,102.0,152.0,16.0,37.0,107.0,57.0,17.0,46.0,132.0,17.0,9.0,3.42,2.09,2.22,3.0,2.0,1.0,206.87,158.0,160.81,18.0,1.44,1.53,1.53,7.64,7.75,7.62,71.08,5.69,4.51,17.94,2.42,38.0,29.44,5.28,5.7,5.29,71.0,27.0,52.0,150.0,8.0,6.0,1.0,9.0,1.0,32.0,42.0,63.0,90.0,10.0,21.0,86.0,63.0,19.0,58.0,75.0,16.0,7.0,1.87,1.82,2.0,7.0,0.0,1.0,147.3,98.0,97.62,25.0,0.93,1.51,1.51,5.12,5.1,5.03,2024,2.6585039219437534,1.9594413621580258,37.191505643772715,3.09929213698106,19.628850200880045,5.854218480964224,15.840826477903194,0.7772020725388601,0.5544041450777202,2.066194757987373,0.58,0.57,0
847849384788648481557,2024,Kaprizov-Eriksson Ek-Boldy,MIN,line,5on5,22,8162.0,140.0,0.66,0.64,0.64,90.42,6.82,5.51,24.38,3.01,48.25,36.01,6.53,6.79,6.5,80.0,44.0,43.0,167.0,6.0,11.0,0.0,13.0,0.0,39.0,55.0,74.0,118.0,9.0,21.0,84.0,37.0,14.0,36.0,98.0,21.0,5.0,2.7,2.52,1.6,4.0,2.0,0.0,165.4,124.0,122.51,20.0,1.14,2.14,2.14,5.82,5.79,5.72,49.24,3.45,2.9,12.78,1.68,27.32,20.87,3.23,3.64,3.39,48.0,21.0,23.0,92.0,2.0,3.0,0.0,10.0,0.0,23.0,31.0,46.0,67.0,9.0,21.0,77.0,41.0,11.0,47.0,59.0,5.0,5.0,1.49,0.6,1.36,1.0,0.0,1.0,93.58,69.0,70.5,20.0,0.6,0.66,0.66,3.38,3.53,3.44,2024,3.0080862533692723,1.521685861308503,35.285469247733396,2.205341827983337,16.319529527076696,6.174957118353345,15.878461161480029,0.8797653958944281,0.5217391304347826,0.0,0.66,0.64,0
847569284815578482079,2024,Boldy-Rossi-Zuccarello,MIN,line,5on5,35,17724.0,110.0,0.48,0.48,0.49,157.21,14.37,11.18,35.83,5.33,88.62,64.67,13.46,14.28,13.38,145.0,75.0,71.0,291.0,17.0,18.0,0.0,20.0,0.0,79.0,86.0,128.0,203.0,16.0,32.0,136.0,54.0,29.0,91.0,161.0,49.0,10.0,5.47,5.79,3.1,10.0,7.0,0.0,291.46,220.0,220.19,36.0,2.32,4.04,4.04,12.65,12.57,12.24,166.62,15.29,10.82,42.57,5.76,89.93,65.63,14.6,15.62,14.92,145.0,85.0,84.0,314.0,12.0,25.0,3.0,37.0,0.0,73.0,83.0,133.0,218.0,16.0,32.0,142.0,98.0,15.0,87.0,170.0,42.0,18.0,5.06,5.22,5.01,5.0,4.0,3.0,320.09,230.0,234.42,35.0,2.25,4.81,4.81,12.73,13.04,12.78,2024,2.91875423155044,3.105619498984428,29.451591062965473,2.031144211238998,10.96817874069059,5.890318212593095,18.483412322274884,1.1830201809324983,0.4892086330935252,0.0,0.48,0.48,3
847572284784138480802,2024,Greenway-Mcleod-Zucker,BUF,line,5on5,20,8894.0,75.0,0.47,0.51,0.53,81.09,6.4,5.17,21.46,2.8,45.29,31.87,6.23,6.36,6.19,64.0,49.0,38.0,151.0,11.0,6.0,1.0,15.0,0.0,33.0,48.0,53.0,102.0,12.0,27.0,106.0,82.0,20.0,40.0,87.0,19.0,7.0,2.34,2.36,1.7,6.0,5.0,0.0,153.06,113.0,113.81,24.0,1.08,1.18,1.18,6.31,6.32,6.24,73.04,7.26,4.96,18.03,2.47,40.55,28.73,6.96,7.2,6.92,78.0,24.0,41.0,143.0,9.0,10.0,1.0,16.0,0.0,30.0,37.0,69.0,93.0,11.0,25.0,82.0,58.0,12.0,40.0,72.0,24.0,6.0,2.25,3.36,1.65,3.0,5.0,1.0,142.86,102.0,101.98,16.0,1.03,2.22,2.22,6.07,6.09,5.99,2024,2.59051045648752,2.93861029907803,25.9051045648752,2.833370811783225,33.190915223746345,8.0953451765235,16.190690353047,1.71875,0.5638297872340425,0.404767258826175,0.47,0.51,3
847688984775738480281,2024,Walker-Faksa-Toropchenko,STL,line,5on5,56,27855.0,180.0,0.45,0.47,0.47,179.38,14.89,11.55,47.65,6.13,96.08,69.76,14.38,15.14,14.62,172.0,75.0,118.0,365.0,14.0,22.0,0.0,33.0,0.0,63.0,115.0,158.0,233.0,37.0,88.0,291.0,368.0,32.0,125.0,187.0,42.0,18.0,4.82,5.33,4.75,6.0,6.0,2.0,369.84,247.0,249.18,74.0,2.4,4.4,4.12,13.11,13.32,13.22,206.08,18.16,13.06,53.85,6.99,107.44,80.51,17.61,18.07,17.52,188.0,92.0,133.0,413.0,16.0,31.0,3.0,35.0,0.0,86.0,112.0,172.0,264.0,26.0,67.0,223.0,266.0,35.0,109.0,204.0,52.0,24.0,5.21,6.65,6.31,7.0,6.0,3.0,407.61,280.0,279.79,63.0,2.73,5.68,5.68,15.21,15.18,14.91,2024,1.924394184168013,2.3470113085621973,22.22940226171244,2.3263327948303716,47.56058158319871,4.135702746365105,16.15508885298869,0.9402283411685695,0.566147859922179,1.4216478190630049,0.45,0.47,4
847744484779558483524,2024,Burakovsky-Mccann-Wright,SEA,line,5on5,31,9570.0,200.0,0.55,0.52,0.52,92.53,7.4,5.91,24.15,3.03,50.68,36.84,7.08,7.31,7.02,86.0,42.0,55.0,183.0,12.0,9.0,0.0,22.0,0.0,42.0,43.0,74.0,116.0,9.0,20.0,66.0,43.0,15.0,46.0,101.0,20.0,7.0,2.89,2.58,1.92,6.0,4.0,2.0,180.78,128.0,126.25,18.0,1.23,1.54,1.46,7.16,7.18,7.03,84.15,5.95,5.1,23.82,3.03,46.62,34.49,5.67,5.95,5.67,65.0,54.0,53.0,172.0,7.0,9.0,1.0,16.0,0.0,35.0,52.0,58.0,112.0,8.0,16.0,110.0,69.0,12.0,41.0,97.0,19.0,3.0,2.46,2.55,0.93,5.0,1.0,1.0,173.6,119.0,120.6,28.0,1.06,1.16,1.16,5.85,5.85,5.71,2024,2.783699059561129,2.2382445141065834,32.35109717868339,2.633228840125392,16.175548589341695,5.6426332288401255,17.304075235109718,1.6216216216216215,0.375,0.3761755485893417,0.55,0.52,3
847644284785698481481,2024,Nieto-Lizotte-Acciari,PIT,line,5on5,19,10187.0,54.0,0.47,0.45,0.43,56.98,4.57,3.55,14.98,1.83,32.08,22.98,4.49,4.69,4.61,51.0,29.0,50.0,130.0,4.0,4.0,1.0,14.0,0.0,23.0,35.0,47.0,76.0,11.0,22.0,98.0,75.0,13.0,36.0,63.0,14.0,3.0,1.65,1.9,1.02,0.0,3.0,1.0,130.79,80.0,80.37,13.0,0.73,0.95,0.95,4.35,4.46,4.44,75.27,5.22,4.78,20.55,2.53,43.77,30.15,5.11,5.2,5.09,56.0,51.0,54.0,161.0,5.0,7.0,0.0,10.0,0.0,37.0,48.0,51.0,102.0,6.0,12.0,68.0,77.0,14.0,41.0,84.0,20.0,3.0,2.22,2.24,0.76,3.0,2.0,0.0,158.75,107.0,105.93,25.0,0.99,1.09,1.09,5.12,5.1,5.03,2024,1.6149995091783647,1.844704034553843,18.022970452537546,1.0601747325022086,26.50436831255522,4.594090507509571,12.722096790026503,0.87527352297593,0.5903614457831325,1.766957887503681,0.47,0.45,4
847646984781338482476,2024,Heineman-Evans-Armia,MTL,line,5on5,44,18794.0,184.0,0.51,0.53,0.52,134.96,10.32,8.39,35.0,4.63,76.2,56.47,10.16,10.44,10.27,116.0,75.0,96.0,287.0,14.0,7.0,1.0,32.0,0.0,58.0,80.0,102.0,177.0,13.0,26.0,180.0,200.0,32.0,79.0,153.0,31.0,7.0,4.39,3.76,2.17,9.0,4.0,1.0,291.09,191.0,192.21,29.0,1.73,1.38,1.38,10.67,10.77,10.64,125.03,9.81,8.03,32.13,4.38,70.09,50.57,9.52,9.76,9.47,99.0,76.0,77.0,252.0,13.0,7.0,1.0,23.0,0.0,46.0,86.0,86.0,162.0,12.0,24.0,149.0,164.0,33.0,85.0,132.0,38.0,5.0,3.71,4.86,1.23,9.0,4.0,0.0,248.94,175.0,173.14,38.0,1.67,1.39,1.39,10.09,10.04,9.84,2024,1.9768011067361926,1.8791103543684156,22.219857401298288,1.3408534638714484,38.31009896775567,6.129615834840907,15.132489092263489,1.3565891472868217,0.547112462006079,0.19155049483877834,0.51,0.53,4
847942084821758483468,2024,Thompson-Kulich-Peterka,BUF,line,5on5,31,9401.0,176.0,0.5,0.53,0.56,106.58,8.27,6.8,26.98,3.56,58.13,42.26,7.86,8.33,7.91,93.0,53.0,37.0,183.0,17.0,13.0,1.0,21.0,0.0,44.0,51.0,76.0,129.0,8.0,18.0,99.0,46.0,13.0,49.0,117.0,22.0,7.0,3.36,2.84,2.06,12.0,4.0,1.0,184.0,146.0,146.58,18.0,1.41,2.54,2.54,7.13,7.2,7.0,83.62,8.14,5.61,20.23,2.71,44.85,32.46,7.85,8.12,7.84,76.0,38.0,46.0,160.0,9.0,6.0,1.0,11.0,0.0,39.0,49.0,67.0,105.0,10.0,25.0,108.0,49.0,12.0,39.0,76.0,32.0,6.0,2.34,4.1,1.69,4.0,4.0,1.0,160.45,114.0,114.75,15.0,1.17,1.33,1.33,7.98,7.97,7.85,2024,3.166897138602276,3.117115200510584,35.61323263482608,2.680565897244974,17.615147324752684,4.9781938091692375,18.763961280714817,1.8,0.4782608695652174,-0.7658759706414211,0.5,0.53,3
847749784808938481716,2024,Voronkov-Monahan-Marchenko,CBJ,line,5on5,31,17591.0,112.0,0.58,0.54,0.56,182.15,17.47,11.79,46.22,6.23,95.72,72.58,16.54,17.31,16.39,175.0,75.0,90.0,340.0,29.0,22.0,5.0,46.0,1.0,74.0,78.0,146.0,221.0,19.0,40.0,196.0,62.0,23.0,95.0,177.0,56.0,17.0,4.75,6.87,5.84,16.0,10.0,3.0,339.35,250.0,248.92,49.0,2.45,5.63,5.63,14.29,14.16,13.8,143.32,12.58,8.96,37.17,5.14,75.6,57.56,12.09,12.72,12.23,122.0,75.0,88.0,285.0,12.0,19.0,2.0,21.0,0.0,54.0,91.0,110.0,185.0,13.0,28.0,191.0,96.0,20.0,74.0,161.0,22.0,14.0,4.91,2.72,4.94,7.0,2.0,3.0,287.21,197.0,198.64,30.0,1.88,4.0,4.07,10.39,10.55,10.35,2024,3.5752373372747424,2.5744983230060825,35.813768404297655,3.479051787846058,12.68830652037974,4.706952418850548,19.44175999090444,1.659988551803091,0.5064599483204134,1.2279006310044909,0.58,0.54,3
847647984779988479675,2024,Foegele-Danault-Moore,LAK,line,5on5,47,21956.0,249.0,0.55,0.55,0.55,220.87,18.54,14.46,55.21,7.27,118.21,87.3,17.88,18.61,17.95,194.0,107.0,120.0,421.0,19.0,21.0,2.0,41.0,0.0,104.0,116.0,175.0,282.0,16.0,33.0,194.0,117.0,27.0,110.0,230.0,55.0,16.0,6.44,6.88,5.22,12.0,5.0,2.0,427.01,301.0,304.74,53.0,3.01,5.25,5.25,16.31,16.43,16.16,181.13,14.97,11.68,47.49,6.24,97.78,72.84,14.53,15.01,14.58,156.0,95.0,90.0,341.0,8.0,17.0,2.0,32.0,0.0,82.0,112.0,148.0,243.0,21.0,43.0,218.0,130.0,31.0,115.0,187.0,51.0,13.0,5.15,6.15,3.66,2.0,4.0,2.0,337.16,251.0,249.37,45.0,2.44,3.27,3.27,14.14,14.1,13.86,2024,3.039897977773729,2.4545454545454546,31.809072690836217,2.623428675532884,19.183822189834213,4.427035889961742,18.036072144288575,1.0248112189859764,0.470873786407767,-0.8198214611040262,0.55,0.55,3
847750384815828482259,2024,Mcmann-Robertson-Domi,TOR,line,5on5,42,13223.0,242.0,0.44,0.48,0.5,111.3,6.92,6.71,29.91,3.7,62.46,45.3,6.81,7.04,6.93,101.0,54.0,55.0,210.0,10.0,9.0,2.0,29.0,0.0,42.0,65.0,91.0,145.0,17.0,37.0,93.0,115.0,20.0,67.0,130.0,24.0,1.0,3.57,3.07,0.28,5.0,5.0,0.0,215.11,155.0,158.24,39.0,1.39,1.01,1.01,7.3,7.44,7.35,113.41,8.72,7.17,28.53,3.88,61.83,46.88,8.17,8.57,8.05,97.0,60.0,72.0,229.0,7.0,13.0,0.0,11.0,0.0,47.0,79.0,90.0,150.0,16.0,35.0,100.0,103.0,22.0,56.0,127.0,21.0,9.0,3.64,2.56,2.52,5.0,2.0,0.0,226.56,157.0,155.21,21.0,1.48,2.36,2.36,7.84,7.74,7.62,2024,1.8839900173939348,2.3740452242305077,27.497542161385464,0.2722528926869848,31.309082659003252,5.445057853739696,18.240943810027982,1.4450867052023122,0.48186528497409326,0.2722528926869848,0.44,0.48,1
847639384780208481596,2024,Cousins-Pinto-Amadio,OTT,line,5on5,23,7763.0,144.0,0.52,0.49,0.46,59.61,6.29,3.79,14.8,1.96,30.75,23.4,6.03,6.37,6.1,53.0,28.0,45.0,126.0,5.0,7.0,0.0,8.0,0.0,20.0,41.0,48.0,76.0,7.0,17.0,84.0,58.0,13.0,32.0,56.0,16.0,9.0,1.78,2.11,2.4,3.0,1.0,1.0,129.82,81.0,82.87,19.0,0.8,1.65,1.97,5.13,5.2,5.11,68.44,5.82,4.34,18.73,2.22,36.34,26.55,5.41,5.73,5.33,62.0,32.0,35.0,129.0,3.0,8.0,1.0,22.0,1.0,28.0,32.0,59.0,91.0,8.0,19.0,66.0,83.0,9.0,44.0,68.0,22.0,4.0,1.73,2.71,1.38,1.0,1.0,1.0,124.68,94.0,91.46,14.0,0.92,1.73,1.73,5.01,4.94,4.8,2024,2.9169135643436817,2.698956588947572,24.5781270127528,4.17364420971274,26.89681824037099,6.028597191807291,14.839623856756408,0.794912559618442,0.56,-0.46373824552363774,0.52,0.49,4
848001884815408483515,2024,Slafkovsk-Suzuki-Caufield,MTL,line,5on5,66,42295.0,161.0,0.48,0.52,0.53,416.07,35.28,26.63,103.55,14.42,229.42,172.72,34.37,35.45,34.54,388.0,194.0,211.0,793.0,49.0,43.0,7.0,91.0,0.0,195.0,204.0,339.0,533.0,33.0,74.0,395.0,289.0,57.0,180.0,441.0,119.0,22.0,13.64,14.75,6.88,24.0,19.0,6.0,792.11,582.0,581.81,72.0,5.52,6.96,6.73,34.06,34.16,33.54,376.56,37.48,24.02,94.53,12.8,193.98,143.2,35.97,37.95,36.41,330.0,176.0,212.0,718.0,29.0,49.0,9.0,80.0,1.0,137.0,210.0,301.0,477.0,38.0,86.0,346.0,269.0,64.0,182.0,347.0,124.0,35.0,10.65,15.98,10.86,6.0,15.0,8.0,723.67,506.0,510.98,90.0,5.01,11.07,11.07,31.42,31.75,31.28,2024,3.002908145170824,3.1901643220238793,33.02518028135713,1.8725617685305591,24.598652322969617,4.85163730937463,15.320959924340938,1.3888888888888888,0.5330634278002699,-0.4255822201205816,0.48,0.52,3
847740284800238482089,2024,Neighbours-Thomas-Buchnevich,STL,line,5on5,43,21493.0,145.0,0.54,0.5,0.52,189.8,17.88,12.32,46.8,6.08,101.96,72.95,17.27,18.22,17.57,168.0,90.0,86.0,344.0,22.0,15.0,3.0,41.0,0.0,78.0,102.0,146.0,236.0,16.0,35.0,195.0,88.0,29.0,103.0,186.0,50.0,22.0,5.46,6.43,5.98,12.0,4.0,6.0,348.96,258.0,259.74,53.0,2.57,3.15,3.15,17.31,17.57,17.23,174.94,15.02,10.87,44.8,5.87,93.35,71.08,14.48,15.09,14.56,156.0,85.0,107.0,348.0,11.0,17.0,0.0,34.0,1.0,70.0,108.0,145.0,230.0,15.0,38.0,183.0,135.0,21.0,111.0,184.0,39.0,18.0,5.07,4.79,5.16,4.0,4.0,3.0,343.01,241.0,241.43,50.0,2.28,3.62,3.62,13.67,13.74,13.44,2024,2.9948355278462753,2.5157958405062115,28.139394221374403,3.684920671846648,14.739682687386592,4.857395431070581,17.252128600009307,1.2304250559284118,0.5158730158730159,0.16749639417484763,0.54,0.5,3
847645884783668478873,2024,Terry-Strome-Vatrano,ANA,line,5on5,70,44525.0,136.0,0.52,0.52,0.53,461.91,39.99,29.4,117.04,15.48,246.49,183.6,37.5,39.64,37.2,421.0,211.0,214.0,846.0,33.0,57.0,6.0,104.0,1.0,195.0,242.0,388.0,599.0,53.0,115.0,351.0,282.0,59.0,189.0,479.0,106.0,47.0,13.76,12.74,13.48,15.0,12.0,6.0,835.32,632.0,628.33,84.0,6.11,11.74,11.74,34.35,34.17,33.15,413.64,37.52,27.46,104.36,13.54,220.49,160.65,36.2,37.81,36.51,382.0,182.0,215.0,779.0,34.0,46.0,4.0,97.0,1.0,166.0,220.0,348.0,530.0,47.0,103.0,506.0,211.0,52.0,190.0,415.0,108.0,41.0,12.7,13.55,11.27,4.0,22.0,8.0,790.05,564.0,569.22,84.0,5.74,8.43,8.43,34.83,35.15,34.65,2024,3.2333295901179113,3.0336215609208312,34.0393037619315,3.8001122964626615,22.80067377877597,4.770353733857384,15.281302638966872,0.8252063015753938,0.40956826137689617,0.48512071869736106,0.52,0.52,3
847702184788318479619,2024,Carcone-Stenlund-Kerfoot,UTA,line,5on5,25,9858.0,106.0,0.51,0.5,0.53,88.31,7.16,5.58,21.92,2.98,48.47,35.88,6.77,7.3,6.9,77.0,45.0,46.0,168.0,10.0,9.0,1.0,17.0,1.0,35.0,50.0,67.0,112.0,6.0,12.0,86.0,40.0,21.0,57.0,95.0,20.0,7.0,2.75,2.42,1.99,5.0,3.0,2.0,172.59,122.0,125.22,32.0,1.16,1.71,1.71,6.61,6.8,6.7,78.81,6.93,4.94,19.53,2.59,41.23,31.79,6.56,6.83,6.49,69.0,38.0,58.0,165.0,11.0,10.0,2.0,14.0,0.0,35.0,37.0,58.0,96.0,10.0,20.0,76.0,88.0,19.0,32.0,76.0,26.0,5.0,1.98,3.58,1.38,6.0,4.0,1.0,163.54,107.0,105.96,14.0,1.03,1.98,1.98,5.98,5.97,5.82,2024,2.6147291539866098,2.5307364576993305,28.119293974437007,2.556299452221546,14.607425441265978,7.668898356664638,20.815581253804016,1.3966480446927374,0.5308641975308642,-1.4607425441265978,0.51,0.5,3
847740984774938477933,2024,Verhaeghe-Barkov-Reinhart,FLA,line,5on5,55,24541.0,256.0,0.62,0.62,0.62,252.62,20.21,16.24,64.15,8.55,146.06,103.8,19.51,20.09,19.41,229.0,130.0,134.0,493.0,14.0,22.0,0.0,45.0,0.0,151.0,127.0,215.0,345.0,13.0,26.0,202.0,154.0,53.0,119.0,280.0,65.0,14.0,7.92,8.22,4.07,8.0,5.0,1.0,496.98,359.0,360.21,54.0,3.34,3.98,3.98,19.56,19.52,19.08,155.77,12.63,9.52,40.6,5.34,84.41,63.5,12.03,12.56,11.98,139.0,77.0,87.0,303.0,10.0,16.0,3.0,36.0,0.0,70.0,84.0,129.0,206.0,12.0,24.0,214.0,138.0,36.0,120.0,169.0,34.0,13.0,4.64,4.27,3.73,5.0,3.0,2.0,301.2,216.0,214.45,60.0,1.97,3.74,3.74,10.86,10.89,10.72,2024,2.9646713662849926,1.852736237317143,33.592763131086755,2.053706042948535,22.590766472433888,7.774744305448026,17.45650136506255,0.6927263730826323,0.4855769230769231,0.14669328878203822,0.62,0.62,0
847415084763998482679,2024,Coleman-Backlund-Coronato,CGY,line,5on5,46,27472.0,121.0,0.54,0.55,0.57,260.16,20.99,16.09,69.19,9.1,145.53,107.1,20.48,21.14,20.62,244.0,124.0,153.0,521.0,24.0,21.0,3.0,58.0,1.0,127.0,137.0,220.0,344.0,32.0,69.0,287.0,130.0,49.0,127.0,289.0,57.0,22.0,8.32,7.07,5.6,16.0,5.0,3.0,522.65,368.0,370.9,54.0,3.34,4.08,4.08,20.26,20.4,20.06,197.87,17.64,12.9,51.6,6.62,106.75,77.49,17.1,17.75,17.21,198.0,75.0,150.0,423.0,13.0,19.0,2.0,57.0,0.0,88.0,96.0,185.0,260.0,27.0,57.0,280.0,161.0,48.0,148.0,208.0,47.0,18.0,6.55,5.65,5.44,5.0,5.0,3.0,424.42,273.0,275.0,71.0,2.7,4.47,4.49,15.85,15.93,15.65,2024,2.7505824111822945,2.3115899825276647,31.974373907979032,2.882935352358765,17.035527082119977,6.421083284799068,16.642399534071053,1.1434016198189616,0.5061728395061729,0.6552125800815376,0.54,0.55,3
847351284800648480208,2024,Batherson-Norris-Giroux,OTT,line,5on5,20,7564.0,144.0,0.4,0.49,0.47,60.2,4.34,3.93,14.97,2.02,34.04,24.7,4.28,4.45,4.39,56.0,28.0,40.0,124.0,5.0,4.0,0.0,14.0,0.0,32.0,29.0,51.0,79.0,1.0,2.0,92.0,69.0,14.0,34.0,68.0,12.0,4.0,1.82,1.48,1.04,3.0,1.0,1.0,128.22,84.0,85.95,17.0,0.82,0.65,0.65,4.51,4.59,4.54,68.79,6.56,4.44,17.51,2.27,36.99,26.24,6.27,6.4,6.11,65.0,29.0,33.0,127.0,6.0,7.0,2.0,15.0,1.0,25.0,40.0,59.0,88.0,6.0,12.0,77.0,39.0,10.0,32.0,72.0,13.0,9.0,2.31,1.69,2.56,4.0,0.0,2.0,123.01,94.0,92.07,16.0,0.92,1.82,1.82,5.66,5.52,5.45,2024,2.0655737704918034,3.122157588577472,26.6525647805394,1.9037546271813857,32.839767318878906,6.66314119513485,16.181914331041778,1.1520737327188941,0.5443786982248521,-2.379693283976732,0.4,0.49,1
847747684774928477501,2024,Lehkonen-Mackinnon-Nichushkin,COL,line,5on5,28,8256.0,207.0,0.55,0.59,0.57,97.3,8.78,6.32,23.95,3.09,54.35,38.51,8.52,8.88,8.62,96.0,39.0,50.0,185.0,11.0,8.0,3.0,18.0,0.0,58.0,40.0,85.0,124.0,5.0,10.0,74.0,27.0,12.0,34.0,104.0,24.0,7.0,3.39,2.97,2.42,5.0,3.0,3.0,184.73,135.0,134.96,15.0,1.31,2.23,2.23,7.86,7.92,7.73,75.69,7.23,4.51,19.87,2.46,37.3,28.62,6.77,7.05,6.61,64.0,36.0,30.0,130.0,5.0,12.0,1.0,16.0,0.0,27.0,40.0,59.0,95.0,7.0,14.0,80.0,35.0,10.0,40.0,71.0,17.0,12.0,1.74,2.11,3.38,2.0,1.0,2.0,128.24,100.0,97.91,21.0,0.94,2.93,2.93,5.25,5.17,5.07,2024,3.8284883720930227,3.1526162790697674,41.860465116279066,3.0523255813953485,11.773255813953488,5.232558139534883,14.825581395348836,1.2528473804100229,0.4805194805194805,-0.872093023255814,0.55,0.59,0
848035584810438481556,2024,Koepke-Kastelic-Beecher,BOS,line,5on5,44,13633.0,235.0,0.62,0.48,0.52,101.95,8.52,6.37,27.11,3.41,54.0,38.58,8.19,8.5,8.18,86.0,52.0,48.0,186.0,10.0,12.0,3.0,18.0,0.0,32.0,66.0,76.0,128.0,20.0,52.0,146.0,193.0,16.0,72.0,110.0,19.0,9.0,2.69,2.75,3.08,5.0,4.0,1.0,183.1,138.0,137.26,46.0,1.33,2.97,2.97,6.88,6.88,6.78,94.18,5.25,5.26,26.04,3.12,50.74,38.59,5.16,5.29,5.2,80.0,49.0,74.0,203.0,6.0,7.0,1.0,17.0,0.0,37.0,62.0,74.0,123.0,18.0,51.0,116.0,128.0,21.0,78.0,114.0,14.0,1.0,3.0,1.94,0.3,5.0,1.0,0.0,204.32,129.0,130.11,35.0,1.09,0.81,0.81,5.53,5.58,5.49,2024,2.249834959289958,1.3863419643512067,22.709601701753098,2.3765862246020686,50.96457126091102,4.225042177070344,19.01268979681655,1.1737089201877935,0.5572519083969466,0.528130272133793,0.62,0.48,4
847793584785428482713,2024,Rodrigues-Bennett-Samoskevich,FLA,line,5on5,26,8835.0,177.0,0.5,0.53,0.52,84.83,6.32,5.06,23.43,2.89,46.73,33.57,5.96,6.39,6.02,79.0,39.0,37.0,155.0,6.0,10.0,0.0,21.0,0.0,43.0,38.0,73.0,112.0,13.0,26.0,84.0,98.0,10.0,49.0,96.0,15.0,7.0,2.68,1.79,1.85,4.0,1.0,1.0,157.33,118.0,119.9,15.0,1.05,1.96,1.96,5.41,5.45,5.35,78.22,6.21,5.04,20.55,2.7,42.69,32.83,6.06,6.17,6.03,59.0,51.0,29.0,139.0,4.0,8.0,0.0,16.0,0.0,36.0,46.0,55.0,106.0,11.0,22.0,90.0,59.0,7.0,30.0,88.0,15.0,7.0,2.45,1.89,1.87,2.0,1.0,1.0,138.22,110.0,109.5,17.0,1.05,1.41,1.41,5.84,5.81,5.71,2024,2.575212224108659,2.530390492359932,32.19015280135824,2.8522920203735147,39.932088285229206,4.074702886247878,19.966044142614603,0.9493670886075949,0.4827586206896552,0.8149405772495756,0.5,0.53,4
847799884796618482124,2024,Foegele-Byfield-Jeannot,LAK,line,5on5,25,8770.0,166.0,0.55,0.51,0.53,71.0,6.21,4.87,16.74,2.27,38.67,28.23,6.01,6.39,6.18,64.0,33.0,37.0,134.0,13.0,6.0,4.0,9.0,0.0,32.0,37.0,51.0,84.0,13.0,32.0,61.0,59.0,10.0,39.0,71.0,21.0,5.0,2.17,2.51,1.53,4.0,4.0,5.0,138.34,97.0,99.86,15.0,1.01,1.41,1.41,5.81,5.97,5.93,62.19,5.09,4.08,15.7,2.18,34.05,25.9,4.91,4.99,4.82,52.0,35.0,44.0,131.0,4.0,6.0,0.0,11.0,0.0,24.0,42.0,48.0,83.0,10.0,26.0,72.0,72.0,11.0,40.0,66.0,17.0,4.0,2.1,1.87,1.12,2.0,2.0,0.0,129.32,87.0,86.18,19.0,0.85,1.17,1.17,4.77,4.71,4.63,2024,2.5491448118586093,2.0893956670467504,26.27137970353478,2.0524515393386547,24.218928164196125,4.104903078677309,16.00912200684151,1.8,0.45864661654135336,1.2314709236031929,0.55,0.51,3
847682684792938481789,2024,Kartye-Gourde-Tanev,SEA,line,5on5,29,11067.0,124.0,0.55,0.51,0.54,102.51,8.12,6.31,26.7,3.57,57.97,42.34,7.73,8.01,7.63,87.0,58.0,52.0,197.0,8.0,11.0,1.0,21.0,0.0,53.0,52.0,79.0,137.0,16.0,41.0,109.0,136.0,22.0,43.0,115.0,23.0,7.0,2.89,2.82,2.4,3.0,3.0,2.0,194.84,145.0,143.65,22.0,1.3,2.25,2.25,7.17,7.08,6.81,88.15,6.67,5.46,23.41,2.98,48.15,36.33,6.24,6.93,6.48,79.0,44.0,65.0,188.0,9.0,10.0,1.0,25.0,1.0,44.0,34.0,70.0,114.0,23.0,57.0,112.0,101.0,11.0,47.0,103.0,12.0,8.0,2.43,1.71,2.53,4.0,3.0,2.0,192.3,123.0,125.61,18.0,1.13,2.26,2.26,5.54,5.72,5.59,2024,2.641366223908918,2.169693683925183,28.300352399024124,2.2770398481973433,44.23963133640553,7.156410951477365,13.987530496069395,0.9852216748768474,0.49321266968325794,-2.2770398481973433,0.55,0.51,4
84751718481122,2024,Ekman-Larsson-Benoit,TOR,pairing,5on5,54,11525.0,397.0,0.46,0.42,0.45,87.64,6.72,5.36,21.63,2.85,47.49,35.96,6.52,6.84,6.64,81.0,39.0,29.0,149.0,12.0,7.0,2.0,16.0,0.0,29.0,56.0,69.0,108.0,17.0,40.0,79.0,106.0,15.0,62.0,98.0,14.0,8.0,2.54,1.81,2.37,6.0,4.0,2.0,154.0,120.0,123.31,29.0,1.1,1.39,1.39,6.43,6.55,6.49,101.99,7.89,6.62,26.79,3.56,57.73,42.41,7.64,7.97,7.71,90.0,55.0,58.0,203.0,10.0,12.0,2.0,18.0,0.0,46.0,59.0,80.0,135.0,16.0,38.0,61.0,77.0,21.0,55.0,118.0,18.0,9.0,3.27,2.29,2.32,5.0,2.0,3.0,199.7,145.0,144.46,30.0,1.36,2.22,2.22,7.03,7.08,6.94,2024,2.0990889370932755,2.4645553145336225,25.301518438177876,2.4989154013015185,33.11062906724512,4.685466377440347,19.36659436008677,1.7857142857142858,0.5642857142857143,0.3123644251626898,0.46,0.42,1
848022084815538482159,2024,Foerster-Cates-Brink,PHI,line,5on5,62,34251.0,166.0,0.58,0.5,0.5,262.99,28.82,18.44,64.5,8.93,138.25,97.06,27.51,29.08,27.74,224.0,132.0,138.0,494.0,30.0,36.0,6.0,44.0,0.0,104.0,142.0,194.0,326.0,20.0,42.0,312.0,197.0,54.0,170.0,233.0,81.0,42.0,7.02,10.22,11.59,12.0,10.0,8.0,493.4,356.0,356.56,85.0,3.85,7.77,7.57,25.09,25.16,24.68,255.33,20.63,16.54,67.17,8.73,139.46,101.47,19.64,20.67,19.67,229.0,125.0,141.0,495.0,23.0,31.0,3.0,44.0,1.0,95.0,160.0,206.0,331.0,27.0,54.0,368.0,256.0,43.0,149.0,275.0,57.0,22.0,7.67,6.95,6.01,12.0,7.0,4.0,494.89,354.0,354.69,74.0,3.46,5.96,5.96,18.13,18.15,17.81,2024,3.0291670316195147,2.16834544976789,23.543838136112814,4.414469650521153,20.705964789349217,5.675746693527197,17.86809144258562,1.040943789035392,0.4588235294117647,-0.7357449417535254,0.58,0.5,3
847576584774568481013,2024,Tarasenko-Compher-Berggren,DET,line,5on5,35,14546.0,168.0,0.47,0.42,0.43,102.89,8.17,6.25,26.99,3.88,54.48,40.23,7.87,8.25,7.95,88.0,52.0,52.0,192.0,7.0,11.0,2.0,19.0,0.0,39.0,64.0,81.0,133.0,10.0,20.0,106.0,84.0,15.0,56.0,105.0,30.0,5.0,2.86,3.91,1.4,2.0,3.0,2.0,193.1,140.0,140.75,37.0,1.3,1.78,1.79,7.67,7.74,7.6,131.48,9.36,7.71,36.05,4.66,73.57,53.64,9.02,9.13,8.8,119.0,66.0,80.0,265.0,4.0,15.0,0.0,21.0,0.0,68.0,77.0,115.0,181.0,9.0,18.0,150.0,105.0,18.0,57.0,147.0,29.0,9.0,3.35,3.55,2.47,2.0,1.0,1.0,257.35,185.0,180.33,26.0,1.59,2.88,2.88,8.07,7.9,7.82,2024,2.021999175030936,2.3165131307575964,21.779183280626977,1.237453595490169,20.78922040423484,3.7123607864705073,13.859480269489893,0.8567931456548348,0.4140625,0.24749071909803383,0.47,0.42,1
847795184793438480849,2024,Schmaltz-Hayton-Keller,UTA,line,5on5,54,21830.0,330.0,0.58,0.59,0.59,220.37,20.6,14.49,54.24,7.42,121.53,87.72,19.65,20.9,19.95,206.0,100.0,118.0,424.0,17.0,30.0,3.0,45.0,0.0,103.0,111.0,189.0,289.0,34.0,82.0,199.0,51.0,32.0,123.0,218.0,69.0,19.0,6.75,8.64,5.2,3.0,12.0,2.0,430.58,306.0,310.72,48.0,3.01,5.26,5.26,18.35,18.66,18.32,157.49,14.97,10.04,38.76,5.22,81.17,61.85,14.54,14.76,14.34,144.0,68.0,81.0,293.0,11.0,17.0,1.0,30.0,0.0,72.0,82.0,133.0,201.0,33.0,75.0,202.0,146.0,32.0,95.0,154.0,40.0,18.0,4.97,5.06,4.94,4.0,7.0,0.0,291.38,212.0,210.77,51.0,2.11,3.73,3.73,13.34,13.14,12.89,2024,3.397159871736143,2.4687127805771873,33.97159871736143,3.1333027943197433,8.410444342647732,5.277141548327989,20.284012826385705,0.8252427184466019,0.49625935162094764,0.16491067338524965,0.58,0.59,0
848085584826998483431,2024,Mcbain-Cooley-Guenther,UTA,line,5on5,30,15406.0,85.0,0.47,0.49,0.5,140.19,9.95,8.44,36.51,4.72,76.27,57.1,9.73,10.24,10.0,119.0,74.0,84.0,277.0,15.0,9.0,2.0,20.0,0.0,65.0,84.0,104.0,178.0,22.0,50.0,110.0,133.0,22.0,85.0,149.0,38.0,6.0,3.87,4.25,1.83,6.0,7.0,2.0,282.11,193.0,196.68,44.0,1.76,1.49,1.49,10.22,10.51,10.34,137.27,11.14,8.63,36.35,4.83,75.09,54.95,10.86,11.27,10.99,121.0,70.0,100.0,291.0,10.0,15.0,2.0,33.0,0.0,62.0,71.0,111.0,181.0,14.0,34.0,135.0,157.0,36.0,72.0,142.0,43.0,6.0,4.15,5.28,1.71,4.0,4.0,2.0,291.35,191.0,192.49,33.0,1.8,2.24,2.24,10.69,10.74,10.6,2024,2.3250681552641823,2.6031416331299493,27.807347786576656,1.4020511489030247,31.078800467350383,5.140854212644424,19.862391276126186,1.5075376884422111,0.4489795918367347,1.8694015318706996,0.47,0.49,3
84751718476853,2024,Ekman-Larsson-Rielly,TOR,pairing,5on5,77,31721.0,312.0,0.48,0.46,0.46,259.96,21.68,16.92,65.66,8.69,139.8,102.25,20.99,21.96,21.26,236.0,119.0,133.0,488.0,21.0,20.0,1.0,57.0,0.0,121.0,136.0,215.0,334.0,30.0,65.0,284.0,217.0,46.0,136.0,271.0,61.0,23.0,7.59,7.92,6.16,8.0,9.0,4.0,492.64,355.0,358.17,57.0,3.52,3.34,3.78,21.41,21.64,21.21,295.57,23.92,18.92,75.69,10.14,164.84,121.49,23.01,23.81,22.93,261.0,154.0,148.0,563.0,23.0,35.0,2.0,54.0,1.0,136.0,166.0,238.0,392.0,37.0,79.0,247.0,181.0,51.0,140.0,320.0,72.0,23.0,8.53,8.82,6.57,13.0,8.0,2.0,559.91,415.0,415.26,65.0,3.91,5.9,5.9,21.92,21.89,21.57,2024,2.4604520664543994,2.7146685161249646,26.783518804577408,2.610258188581697,24.62721856183601,5.220516377163394,15.434570158570033,0.9686346863468634,0.5348399246704332,-0.7944264052205164,0.48,0.46,3
847167584758108476483,2024,Rust-Crosby-Rakell,PIT,line,5on5,52,37283.0,103.0,0.52,0.52,0.51,364.49,32.23,24.93,95.09,12.66,194.13,139.97,30.62,32.14,30.53,309.0,190.0,184.0,683.0,38.0,44.0,3.0,69.0,0.0,155.0,193.0,271.0,461.0,27.0,56.0,448.0,193.0,51.0,178.0,366.0,97.0,36.0,10.33,12.46,9.44,18.0,16.0,4.0,680.23,499.0,496.66,84.0,5.23,7.34,7.34,30.12,30.04,29.24,345.08,29.46,22.85,88.48,11.68,189.6,136.94,28.44,29.89,28.86,310.0,169.0,163.0,642.0,39.0,37.0,7.0,71.0,1.0,145.0,186.0,271.0,440.0,24.0,50.0,342.0,203.0,56.0,160.0,365.0,86.0,28.0,10.68,11.09,7.69,15.0,13.0,11.0,648.84,479.0,483.62,77.0,4.75,6.85,6.85,27.36,27.71,27.19,2024,3.112088619478046,2.8446208727838425,29.836654775635008,3.4761151194914572,18.63583939060698,4.924496419279564,17.187458090818872,1.1790257524045922,0.5670886075949367,0.2896762599576214,0.52,0.52,3
847576084784748481711,2024,Maccelli-Bjugstad-Crouse,UTA,line,5on5,28,10601.0,162.0,0.53,0.52,0.53,95.5,7.27,5.72,23.5,3.12,53.23,39.17,6.87,7.49,7.09,85.0,47.0,51.0,183.0,4.0,10.0,0.0,16.0,1.0,46.0,55.0,81.0,128.0,12.0,27.0,93.0,63.0,14.0,58.0,105.0,20.0,7.0,2.95,2.43,1.89,0.0,4.0,0.0,187.5,132.0,134.79,24.0,1.17,1.96,1.96,6.48,6.65,6.43,86.34,6.45,4.94,21.3,2.79,46.71,35.8,6.35,6.31,6.21,81.0,37.0,52.0,170.0,6.0,5.0,1.0,16.0,0.0,41.0,50.0,75.0,112.0,7.0,17.0,96.0,93.0,14.0,38.0,92.0,21.0,5.0,2.67,2.38,1.41,2.0,3.0,1.0,166.56,118.0,116.45,18.0,1.02,1.31,1.31,6.16,6.1,6.05,2024,2.4688236958777474,2.1903594000565985,28.86520139609471,2.3771342326195644,21.39420809357608,4.754268465239129,19.69625507027639,0.5502063273727649,0.49206349206349204,1.697953023299689,0.53,0.52,4
847805784788568480459,2024,Joshua-Suter-Garland,VAN,line,5on5,31,11575.0,160.0,0.5,0.44,0.43,70.38,6.77,4.85,16.84,2.37,39.49,28.68,6.56,6.83,6.62,69.0,30.0,54.0,153.0,6.0,8.0,0.0,20.0,0.0,36.0,29.0,63.0,93.0,16.0,35.0,102.0,104.0,14.0,61.0,75.0,16.0,8.0,2.07,2.03,2.68,3.0,2.0,1.0,152.88,99.0,99.35,32.0,1.0,1.82,1.82,5.95,5.98,5.9,93.08,6.74,5.78,24.52,3.26,51.74,38.96,6.49,6.72,6.47,77.0,54.0,67.0,198.0,8.0,4.0,2.0,17.0,0.0,42.0,60.0,69.0,123.0,14.0,31.0,121.0,77.0,20.0,49.0,109.0,14.0,8.0,2.85,1.85,2.05,4.0,3.0,1.0,197.35,131.0,131.11,19.0,1.2,0.87,1.09,6.85,6.81,6.56,2024,2.105572354211663,2.0962419006479482,21.460043196544277,2.488120950323974,32.34557235421166,4.3542116630669545,18.971922246220302,0.8862629246676514,0.45739910313901344,0.6220302375809935,0.5,0.44,4
847842784784588482093,2024,Roslovic-Aho-Jarvis,CAR,line,5on5,22,10640.0,109.0,0.49,0.57,0.57,107.33,7.8,6.44,28.64,3.66,60.84,43.61,7.62,7.66,7.48,85.0,66.0,58.0,209.0,10.0,11.0,0.0,22.0,0.0,47.0,61.0,75.0,141.0,8.0,16.0,109.0,58.0,17.0,58.0,118.0,29.0,4.0,3.49,3.29,1.02,5.0,5.0,0.0,202.66,151.0,147.15,20.0,1.33,1.43,1.43,7.7,7.58,7.48,86.06,8.08,5.84,20.67,2.79,45.5,33.12,7.75,8.18,7.85,86.0,30.0,44.0,160.0,15.0,10.0,1.0,18.0,0.0,25.0,48.0,71.0,101.0,10.0,24.0,81.0,65.0,16.0,55.0,78.0,30.0,8.0,2.19,3.74,2.15,9.0,5.0,1.0,164.34,116.0,119.34,31.0,1.21,2.04,2.04,7.25,7.38,7.26,2024,2.6390977443609023,2.7338345864661653,28.7593984962406,1.3533834586466165,19.62406015037594,5.75187969924812,19.62406015037594,1.2820512820512822,0.5736842105263158,-0.6766917293233082,0.49,0.57,3
847414184793378483464,2024,Kane-Kasper-Debrincat,DET,line,5on5,30,11534.0,181.0,0.55,0.52,0.54,121.66,10.24,7.21,30.05,4.0,62.9,48.59,9.5,10.18,9.47,123.0,40.0,53.0,216.0,8.0,15.0,0.0,19.0,0.0,48.0,73.0,115.0,155.0,10.0,22.0,70.0,64.0,13.0,51.0,129.0,20.0,14.0,3.71,2.6,3.94,4.0,4.0,0.0,215.12,163.0,162.47,21.0,1.49,3.25,3.25,8.48,8.53,8.37,102.12,8.47,6.15,25.88,3.48,55.16,41.87,8.08,8.58,8.16,89.0,52.0,58.0,199.0,4.0,11.0,1.0,20.0,0.0,49.0,57.0,85.0,137.0,8.0,16.0,106.0,54.0,17.0,60.0,110.0,23.0,8.0,3.09,2.89,2.49,2.0,1.0,1.0,200.42,141.0,141.9,30.0,1.26,2.02,2.02,7.72,7.75,7.61,2024,3.1961158314548292,2.6436622160568755,38.39084445985781,4.369689613317149,19.975723946592684,4.057568926651639,15.918155019941045,0.78125,0.3977272727272727,0.6242413733310214,0.55,0.52,0
847646184800158484387,2024,Michkov-Couturier-Tippett,PHI,line,5on5,29,8005.0,233.0,0.51,0.52,0.55,82.2,5.85,5.31,20.5,2.72,45.61,33.0,5.72,5.82,5.68,77.0,36.0,37.0,150.0,10.0,7.0,2.0,16.0,1.0,35.0,44.0,67.0,103.0,4.0,8.0,70.0,43.0,13.0,50.0,90.0,18.0,5.0,2.41,2.21,1.24,5.0,4.0,1.0,145.49,113.0,110.63,24.0,1.09,1.15,1.15,5.78,5.69,5.65,66.41,5.58,4.2,16.41,2.15,35.89,26.75,5.41,5.88,5.7,54.0,37.0,46.0,137.0,8.0,5.0,0.0,10.0,0.0,29.0,39.0,46.0,83.0,5.0,10.0,54.0,56.0,12.0,44.0,77.0,8.0,6.0,2.45,1.14,2.0,5.0,2.0,1.0,146.27,91.0,95.91,16.0,0.87,1.65,1.65,4.81,5.09,5.0,2024,2.6308557151780136,2.509431605246721,34.62835727670206,2.2485946283572766,19.33791380387258,5.84634603372892,22.48594628357277,1.7094017094017095,0.5645161290322581,-0.4497189256714554,0.51,0.52,3
847464184770158477406,2024,Janmark-Henrique-Brown,EDM,line,5on5,46,13031.0,257.0,0.49,0.46,0.5,86.04,6.68,5.07,21.88,2.89,46.75,36.74,6.42,6.6,6.34,76.0,44.0,52.0,172.0,6.0,7.0,1.0,20.0,0.0,26.0,61.0,70.0,114.0,18.0,36.0,113.0,63.0,14.0,62.0,96.0,19.0,5.0,2.71,2.37,1.6,4.0,2.0,0.0,172.16,120.0,120.05,27.0,1.04,1.2,1.2,6.52,6.45,6.36,88.26,7.02,5.33,22.73,2.93,49.12,34.87,6.79,7.0,6.78,79.0,43.0,80.0,202.0,9.0,4.0,0.0,22.0,0.0,36.0,51.0,70.0,113.0,7.0,17.0,112.0,118.0,11.0,59.0,97.0,17.0,8.0,2.83,2.03,2.16,6.0,2.0,1.0,201.48,122.0,121.66,22.0,1.1,0.97,0.97,7.15,7.16,7.07,2024,1.8454454761722046,1.9393753357378558,20.99608625585143,1.381321464200752,17.404650448929477,3.867700099762106,17.128386156089324,0.8982035928143713,0.5022222222222222,3.0389072212416544,0.49,0.46,4
847638984785508482109,2024,Lafrenire-Trocheck-Panarin,NYR,line,5on5,73,39961.0,307.0,0.53,0.56,0.56,400.01,34.08,25.5,101.53,13.23,217.19,161.48,32.91,34.34,33.17,356.0,197.0,214.0,767.0,37.0,38.0,4.0,66.0,0.0,185.0,227.0,319.0,516.0,36.0,80.0,324.0,272.0,59.0,179.0,419.0,102.0,32.0,12.42,12.46,9.19,20.0,13.0,4.0,772.44,553.0,557.95,78.0,5.3,7.51,7.51,31.87,32.09,31.54,328.99,30.51,21.08,80.01,10.88,172.71,127.8,29.38,30.58,29.47,292.0,151.0,168.0,611.0,28.0,33.0,3.0,47.0,0.0,134.0,201.0,264.0,415.0,46.0,96.0,233.0,209.0,58.0,184.0,318.0,89.0,36.0,9.27,10.94,10.3,11.0,11.0,6.0,611.83,443.0,445.28,91.0,4.37,7.43,7.43,27.45,27.53,27.23,2024,3.070193438602637,2.7485798653687343,32.071269487750556,2.88281074047196,24.50389129401166,5.315182302745177,16.125722579515028,1.085680751173709,0.5816876122082585,-0.9008783563974875,0.53,0.56,3
848089384817168484166,2024,Voronkov-Fantilli-Marchenko,CBJ,line,5on5,50,22241.0,240.0,0.46,0.49,0.49,199.39,15.94,12.58,50.74,6.5,104.8,80.45,15.2,16.3,15.52,180.0,91.0,107.0,378.0,21.0,22.0,3.0,37.0,0.0,96.0,95.0,159.0,250.0,13.0,26.0,154.0,100.0,26.0,114.0,213.0,42.0,16.0,6.24,5.27,4.44,6.0,11.0,4.0,382.31,271.0,274.65,58.0,2.62,4.19,4.19,14.37,14.6,14.26,207.07,18.8,13.59,51.99,6.89,110.9,80.83,17.91,18.87,17.96,175.0,108.0,112.0,395.0,8.0,26.0,2.0,37.0,0.0,90.0,122.0,167.0,275.0,17.0,34.0,221.0,128.0,30.0,105.0,201.0,67.0,15.0,5.45,8.39,4.96,1.0,5.0,2.0,398.7,283.0,284.72,44.0,2.82,5.98,5.98,15.63,15.6,15.16,2024,2.5800998156557706,3.0430286407985254,29.135380603390136,2.5898116091902343,16.186322557438963,4.2084438649341305,18.45240771548042,1.3174404015056462,0.4106666666666667,-0.6474529022975586,0.46,0.49,3
847689784784728482737,2024,Bolduc-Sundqvist-Joseph,STL,line,5on5,23,10314.0,85.0,0.55,0.52,0.53,83.9,6.52,5.3,21.81,3.01,46.24,35.14,6.44,6.75,6.68,78.0,40.0,48.0,166.0,5.0,6.0,1.0,14.0,0.0,41.0,52.0,73.0,113.0,8.0,16.0,58.0,97.0,16.0,47.0,98.0,14.0,6.0,2.95,1.58,1.98,3.0,1.0,1.0,173.48,118.0,121.49,22.0,1.08,1.35,1.35,6.24,6.47,6.43,72.5,5.26,4.5,19.55,2.53,40.78,30.37,5.1,5.13,4.97,53.0,50.0,53.0,156.0,6.0,8.0,1.0,20.0,0.0,27.0,42.0,47.0,97.0,9.0,18.0,83.0,82.0,12.0,43.0,81.0,16.0,6.0,1.69,1.91,1.66,1.0,3.0,2.0,151.86,103.0,101.12,22.0,0.93,1.34,1.34,4.86,4.76,4.71,2024,2.2757417102966837,1.8359511343804535,27.225130890052355,2.094240837696335,33.85689354275741,5.5846422338568935,16.404886561954623,0.7668711656441718,0.41134751773049644,-0.34904013961605584,0.55,0.52,4
847842784784588480830,2024,Roslovic-Aho-Svechnikov,CAR,line,5on5,25,10574.0,114.0,0.58,0.6,0.58,118.74,10.42,7.79,33.11,4.29,64.87,44.53,9.97,10.75,10.29,91.0,74.0,62.0,227.0,8.0,16.0,2.0,18.0,0.0,54.0,69.0,83.0,157.0,13.0,28.0,108.0,50.0,14.0,65.0,126.0,27.0,12.0,3.63,3.65,3.14,6.0,1.0,1.0,238.03,165.0,172.3,30.0,1.66,2.06,2.06,10.01,10.35,10.16,88.55,7.53,5.47,22.14,3.15,46.64,36.07,7.3,7.47,7.24,83.0,38.0,33.0,154.0,10.0,8.0,1.0,18.0,0.0,35.0,50.0,73.0,111.0,11.0,22.0,88.0,58.0,27.0,56.0,88.0,25.0,8.0,2.34,2.93,2.26,3.0,5.0,2.0,149.3,121.0,118.39,21.0,1.13,2.14,2.14,6.53,6.47,6.39,2024,3.5475695101191604,2.563646680537167,30.981653111405333,4.085492717987517,17.022886324947986,4.766408170985436,22.12975222243238,0.7677543186180422,0.5510204081632653,0.6809154529979194,0.58,0.6,0
847942084834688484145,2024,Benson-Kulich-Thompson,BUF,line,5on5,19,9116.0,97.0,0.58,0.5,0.5,80.17,7.86,5.32,19.87,2.52,42.03,30.4,7.26,7.96,7.36,80.0,28.0,53.0,161.0,10.0,11.0,2.0,14.0,0.0,29.0,44.0,70.0,98.0,8.0,19.0,74.0,50.0,16.0,37.0,80.0,16.0,12.0,2.43,2.1,3.34,2.0,6.0,2.0,163.69,108.0,110.01,17.0,1.11,2.75,2.75,6.22,6.29,6.19,81.03,5.75,4.82,21.62,2.63,43.68,31.49,5.49,5.74,5.48,64.0,46.0,48.0,158.0,8.0,10.0,0.0,15.0,0.0,39.0,38.0,56.0,102.0,9.0,21.0,99.0,60.0,22.0,43.0,86.0,18.0,6.0,2.15,2.01,1.58,4.0,3.0,1.0,156.33,110.0,109.74,17.0,0.99,1.48,1.48,5.27,5.24,5.13,2024,3.1039929793769194,2.270732777534006,31.59280386134269,4.7389205792014035,19.74550241333918,6.318560772268539,14.611671785870994,1.272264631043257,0.4277456647398844,-0.39491004826678366,0.58,0.5,0
847523184781158481601,2024,Engvall-Cizikas-Holmstrom,NYI,line,5on5,19,7764.0,107.0,0.38,0.42,0.45,48.66,3.88,2.91,12.36,1.66,28.65,20.55,3.81,4.05,3.97,50.0,20.0,27.0,97.0,7.0,5.0,3.0,13.0,0.0,17.0,28.0,43.0,63.0,7.0,14.0,65.0,47.0,8.0,33.0,59.0,7.0,4.0,1.81,0.71,1.37,3.0,1.0,3.0,99.87,70.0,72.08,17.0,0.59,1.44,1.44,3.04,3.12,3.1,61.91,6.34,4.28,16.58,2.25,32.45,23.09,5.98,6.32,5.95,53.0,32.0,51.0,136.0,5.0,10.0,1.0,11.0,0.0,32.0,27.0,48.0,80.0,6.0,12.0,66.0,50.0,19.0,40.0,65.0,12.0,8.0,2.26,1.3,2.78,1.0,3.0,1.0,133.55,85.0,84.07,23.0,0.9,2.41,2.41,4.83,4.75,4.63,2024,1.7990726429675423,2.939721792890263,23.1839258114374,1.8547140649149922,21.792890262751158,3.7094281298299845,15.301391035548686,1.8,0.4961832061068702,0.46367851622874806,0.38,0.42,1
847645484780428481617,2024,Arvidsson-Nugent-Hopkins-Podkolzin,EDM,line,5on5,28,7872.0,218.0,0.57,0.59,0.61,81.13,5.69,4.86,20.32,2.65,44.14,34.34,5.46,5.69,5.47,68.0,44.0,44.0,156.0,6.0,5.0,0.0,15.0,0.0,35.0,51.0,62.0,106.0,12.0,26.0,53.0,46.0,9.0,34.0,92.0,16.0,4.0,2.36,2.1,1.24,4.0,2.0,0.0,155.69,112.0,112.35,12.0,1.0,1.1,1.1,5.59,5.61,5.49,52.21,4.26,3.21,13.19,1.8,27.78,20.76,3.95,4.36,4.02,53.0,18.0,38.0,109.0,6.0,6.0,2.0,14.0,0.0,17.0,28.0,47.0,65.0,6.0,12.0,59.0,63.0,11.0,38.0,54.0,11.0,6.0,1.46,1.44,1.36,1.0,3.0,2.0,111.77,71.0,71.98,25.0,0.67,1.22,1.22,3.71,3.77,3.68,2024,2.602134146341464,1.9481707317073171,31.097560975609756,1.829268292682927,21.03658536585366,4.115853658536586,15.548780487804878,1.054481546572935,0.4732142857142857,2.7439024390243905,0.57,0.59,3
847842084784498480027,2024,Robertson-Hintz-Rantanen,DAL,line,5on5,17,9402.0,42.0,0.46,0.48,0.47,80.37,6.9,4.91,21.13,2.68,41.31,31.09,6.61,7.06,6.76,68.0,40.0,46.0,154.0,9.0,8.0,1.0,10.0,1.0,40.0,40.0,59.0,99.0,9.0,18.0,90.0,47.0,10.0,52.0,82.0,18.0,8.0,2.5,2.3,2.09,3.0,4.0,2.0,156.37,108.0,109.13,24.0,1.02,1.2,1.2,6.72,6.83,6.7,91.01,7.95,5.65,23.72,3.09,48.21,35.37,7.55,7.98,7.59,80.0,44.0,42.0,166.0,3.0,16.0,1.0,13.0,0.0,44.0,48.0,77.0,121.0,6.0,12.0,84.0,62.0,18.0,42.0,93.0,23.0,8.0,2.87,2.91,2.18,0.0,1.0,2.0,164.84,124.0,123.2,18.0,1.17,2.36,2.36,6.77,6.77,6.61,2024,2.6419910657306955,3.044033184428845,26.037013401403954,3.0631780472239947,17.99617102744097,3.8289725590299932,19.910657306955965,1.3043478260869565,0.5172413793103449,1.148691767708998,0.46,0.48,3
847398684834458484153,2024,Gauthier-Carlsson-Killorn,ANA,line,5on5,34,12502.0,202.0,0.51,0.5,0.51,127.3,8.97,7.4,34.0,4.3,69.6,52.74,8.47,8.91,8.41,119.0,58.0,64.0,241.0,12.0,16.0,1.0,29.0,0.0,68.0,52.0,107.0,165.0,12.0,24.0,83.0,66.0,22.0,54.0,149.0,20.0,8.0,4.06,2.54,2.37,6.0,4.0,2.0,238.0,177.0,174.97,21.0,1.52,3.04,3.04,7.44,7.42,7.2,121.46,8.65,7.57,31.6,4.14,69.44,50.6,8.44,8.73,8.51,107.0,65.0,65.0,237.0,5.0,10.0,0.0,27.0,0.0,62.0,68.0,102.0,167.0,9.0,18.0,127.0,50.0,18.0,63.0,144.0,22.0,6.0,4.24,2.77,1.64,4.0,1.0,0.0,241.13,172.0,175.07,33.0,1.55,1.97,1.97,8.24,8.33,8.16,2024,2.5829467285234364,2.4908014717645175,34.266517357222845,2.303631418972964,19.004959206526955,6.334986402175652,15.549512078067508,1.3377926421404682,0.3952380952380952,0.8638617821148615,0.51,0.5,3
847934384826998483431,2024,Keller-Cooley-Guenther,UTA,line,5on5,37,10573.0,252.0,0.54,0.54,0.56,106.18,9.56,6.75,26.52,3.46,57.18,41.53,9.37,9.65,9.46,95.0,50.0,48.0,193.0,10.0,8.0,1.0,23.0,0.0,49.0,55.0,85.0,135.0,14.0,31.0,75.0,37.0,19.0,69.0,107.0,29.0,9.0,3.61,3.59,2.36,6.0,3.0,1.0,197.81,145.0,147.29,29.0,1.4,1.63,1.63,9.32,9.45,9.37,83.38,8.02,4.92,20.59,2.81,42.42,33.23,7.68,7.86,7.54,87.0,25.0,53.0,165.0,6.0,9.0,2.0,18.0,1.0,30.0,48.0,81.0,106.0,9.0,21.0,98.0,70.0,18.0,48.0,78.0,23.0,11.0,2.1,2.69,3.23,1.0,2.0,3.0,161.13,112.0,109.83,25.0,1.02,2.42,2.42,6.62,6.55,6.48,2024,3.2550837037737637,2.730729215927362,32.34654308143384,3.06440934455689,12.59812730540055,6.469308616286768,23.493804974936157,1.0460251046025104,0.43352601156069365,1.702449635864939,0.54,0.54,3
847795284827458483445,2024,Gauthier-Mctavish-Fabbri,ANA,line,5on5,27,16678.0,69.0,0.42,0.43,0.42,148.34,12.81,9.22,39.28,4.87,78.4,56.41,12.48,12.76,12.43,138.0,63.0,75.0,276.0,12.0,15.0,0.0,25.0,0.0,66.0,83.0,126.0,189.0,21.0,43.0,145.0,118.0,29.0,75.0,152.0,34.0,15.0,4.62,4.19,4.01,6.0,3.0,3.0,270.69,201.0,198.35,41.0,1.93,2.64,2.67,12.07,12.04,11.86,202.32,17.84,13.29,51.19,6.76,110.52,78.41,17.08,17.83,17.09,173.0,105.0,93.0,371.0,11.0,27.0,2.0,51.0,1.0,81.0,107.0,162.0,267.0,20.0,40.0,139.0,107.0,26.0,78.0,216.0,43.0,19.0,6.22,5.73,5.89,5.0,4.0,2.0,373.95,278.0,279.64,41.0,2.74,5.3,5.3,15.28,15.3,15.02,2024,2.765079745772874,3.8508214414198343,29.787744333852977,3.237798297157932,25.4706799376424,6.259743374505336,16.18899148578966,0.9367681498829039,0.5105633802816901,0.21585321981052882,0.42,0.43,1
847403484752258482117,2024,Maroon-Reichel-Smith,CHI,line,5on5,28,13049.0,89.0,0.44,0.44,0.45,103.98,8.79,6.91,26.29,3.43,55.92,40.66,8.61,8.97,8.79,102.0,40.0,50.0,192.0,9.0,14.0,2.0,16.0,0.0,48.0,55.0,93.0,133.0,16.0,38.0,73.0,72.0,20.0,56.0,103.0,31.0,8.0,2.7,4.0,2.1,6.0,2.0,1.0,197.4,142.0,145.18,23.0,1.44,2.31,2.31,7.92,8.08,7.96,128.2,11.32,8.54,32.56,4.43,69.37,49.78,10.67,11.38,10.73,119.0,57.0,64.0,240.0,7.0,17.0,1.0,21.0,0.0,70.0,61.0,112.0,169.0,14.0,34.0,124.0,103.0,27.0,58.0,127.0,34.0,15.0,3.23,4.31,3.79,4.0,1.0,2.0,238.26,176.0,176.09,27.0,1.78,3.24,3.24,9.85,9.9,9.54,2024,2.4250134109893478,3.1229979308759295,28.140087363016324,2.207065675530692,19.863591079776228,5.51766418882673,15.449459728714844,1.0238907849829353,0.37055837563451777,0.551766418882673,0.44,0.44,1
847629284794078481559,2024,Palat-Hughes-Bratt,NJD,line,5on5,55,31271.0,116.0,0.53,0.54,0.52,301.85,26.71,20.13,73.56,9.83,166.07,117.7,25.82,27.16,26.23,253.0,161.0,197.0,611.0,30.0,20.0,3.0,57.0,0.0,135.0,172.0,223.0,384.0,24.0,53.0,197.0,164.0,40.0,140.0,303.0,89.0,22.0,9.28,11.19,6.24,14.0,11.0,5.0,616.04,414.0,418.21,53.0,4.18,4.11,4.46,26.43,26.68,26.14,283.47,23.52,17.95,73.43,9.64,148.98,112.48,22.57,23.45,22.51,248.0,138.0,142.0,528.0,22.0,33.0,6.0,53.0,0.0,121.0,157.0,226.0,364.0,36.0,77.0,324.0,177.0,47.0,174.0,285.0,79.0,22.0,7.75,9.76,6.01,9.0,11.0,2.0,524.64,386.0,384.13,80.0,3.74,5.5,5.5,21.76,21.66,21.38,2024,3.074925649963225,2.7076844360589685,29.126027309647917,2.532698026925906,18.880112564356754,4.604905503501647,16.117169262255764,1.1231748408835642,0.3781190019193858,-1.381471651050494,0.53,0.54,3
847646184784398480797,2024,Farabee-Couturier-Konecny,PHI,line,5on5,28,9628.0,220.0,0.56,0.49,0.51,85.87,8.79,5.74,21.47,2.73,44.79,32.49,8.56,8.94,8.72,78.0,38.0,38.0,154.0,7.0,8.0,1.0,17.0,0.0,32.0,52.0,71.0,109.0,6.0,12.0,90.0,34.0,15.0,42.0,79.0,25.0,12.0,2.28,3.09,3.41,4.0,2.0,1.0,157.94,116.0,118.81,18.0,1.21,2.16,1.9,8.09,8.22,8.15,80.0,7.03,5.13,18.93,2.53,43.87,32.51,6.91,7.06,6.94,67.0,43.0,49.0,159.0,4.0,7.0,0.0,14.0,0.0,30.0,55.0,63.0,106.0,3.0,6.0,69.0,53.0,15.0,36.0,80.0,24.0,6.0,2.55,2.91,1.57,2.0,2.0,0.0,158.58,110.0,110.49,23.0,1.06,1.53,1.53,6.55,6.58,6.52,2024,3.2866638969671786,2.6285832987120896,29.16493560448691,4.486913169921063,12.712920648109678,5.608641462401329,15.704196094723722,0.7963594994311719,0.5660377358490566,1.1217282924802658,0.56,0.49,0
847516884757988478975,2024,Marchment-Duchene-Granlund,DAL,line,5on5,28,14841.0,96.0,0.37,0.44,0.44,123.31,9.43,7.59,33.22,4.66,69.53,51.58,9.31,9.73,9.6,111.0,65.0,63.0,239.0,13.0,9.0,1.0,23.0,1.0,56.0,74.0,98.0,163.0,21.0,44.0,137.0,77.0,17.0,85.0,141.0,29.0,6.0,4.42,3.29,1.72,7.0,5.0,1.0,245.95,176.0,181.28,40.0,1.57,1.07,1.07,9.92,10.18,10.05,160.94,16.01,10.53,42.21,5.8,85.1,60.34,14.87,15.56,14.45,141.0,79.0,83.0,303.0,12.0,27.0,5.0,22.0,0.0,75.0,84.0,129.0,208.0,8.0,18.0,109.0,122.0,30.0,66.0,158.0,37.0,25.0,4.43,4.51,7.08,1.0,6.0,5.0,294.91,220.0,214.3,25.0,2.18,5.56,5.78,12.41,12.07,11.82,2024,2.287446937537902,3.8835657974530027,26.925409338993333,1.4554275318374774,18.67798665858096,4.123711340206186,20.61855670103093,1.3785790031813363,0.556910569105691,3.153426318981201,0.37,0.44,1
847353384769218482093,2024,Martinook-Staal-Jarvis,CAR,line,5on5,36,15626.0,160.0,0.64,0.6,0.61,157.33,14.19,9.93,41.6,5.32,83.39,59.56,13.81,14.21,13.82,126.0,88.0,94.0,308.0,9.0,22.0,1.0,23.0,0.0,75.0,85.0,117.0,205.0,14.0,31.0,174.0,92.0,28.0,73.0,144.0,56.0,14.0,3.56,6.84,3.79,2.0,5.0,2.0,312.95,214.0,216.13,27.0,2.09,3.86,3.86,12.42,12.43,12.24,98.77,7.83,6.38,23.69,3.25,54.56,40.29,7.42,7.82,7.41,94.0,42.0,71.0,207.0,5.0,5.0,1.0,18.0,1.0,41.0,66.0,89.0,131.0,11.0,27.0,152.0,113.0,28.0,81.0,106.0,22.0,8.0,3.05,2.5,2.28,2.0,2.0,1.0,203.42,136.0,134.52,34.0,1.31,1.25,1.25,7.9,7.85,7.54,2024,3.269166773326507,1.8039165493408422,29.02854217330091,3.225393574811212,21.195443491616537,6.450787149622424,16.818123640087034,0.6342494714587739,0.5337423312883436,0.6911557660309741,0.64,0.6,0
847414984784498480027,2024,Robertson-Hintz-Dadonov,DAL,line,5on5,35,10447.0,241.0,0.51,0.49,0.46,86.54,8.15,5.67,22.07,2.92,45.9,33.29,7.95,8.39,8.18,80.0,38.0,62.0,180.0,9.0,9.0,1.0,18.0,0.0,37.0,45.0,71.0,109.0,7.0,14.0,112.0,35.0,14.0,52.0,81.0,31.0,6.0,2.43,4.09,1.63,2.0,5.0,2.0,184.02,118.0,120.84,24.0,1.19,1.55,1.55,7.79,7.99,7.92,98.71,7.93,5.75,24.31,3.21,53.75,41.05,7.62,7.85,7.53,81.0,55.0,48.0,184.0,8.0,11.0,3.0,16.0,0.0,44.0,57.0,73.0,128.0,4.0,6.0,93.0,95.0,19.0,60.0,109.0,19.0,8.0,3.03,2.14,2.77,4.0,1.0,3.0,179.72,136.0,133.35,20.0,1.18,2.77,2.77,6.34,6.23,6.14,2024,2.808461759356753,2.732650521680865,27.56772279123193,2.067579209342395,12.06087872116397,4.824351488465588,17.919019814300754,1.1042944785276072,0.5463414634146342,1.0337896046711974,0.51,0.49,3
847576884815548482665,2024,Schwartz-Beniers-Kakko,SEA,line,5on5,38,27541.0,48.0,0.49,0.53,0.52,253.3,19.67,16.38,64.99,8.8,142.57,104.59,19.01,19.45,18.82,225.0,132.0,134.0,491.0,24.0,27.0,2.0,48.0,1.0,114.0,143.0,201.0,333.0,20.0,51.0,236.0,112.0,43.0,102.0,287.0,55.0,15.0,8.59,6.8,4.28,16.0,7.0,1.0,482.78,357.0,352.74,33.0,3.39,4.39,4.39,18.68,18.51,18.19,236.66,20.67,15.72,60.05,7.82,128.86,92.88,19.57,21.25,20.11,222.0,104.0,103.0,429.0,24.0,27.0,2.0,61.0,1.0,106.0,107.0,198.0,302.0,13.0,29.0,257.0,152.0,33.0,121.0,245.0,60.0,21.0,7.3,7.55,5.81,13.0,7.0,4.0,440.34,326.0,332.99,50.0,3.26,5.44,5.76,18.16,18.53,18.07,2024,2.5711484695544824,2.701862677462692,29.410696779347152,1.9607131186231437,14.639991285719471,5.620710940053011,13.332849206637377,1.2201321809862735,0.4787018255578093,0.914999455357467,0.49,0.53,3
847121484784408481656,2024,Ovechkin-Strome-Protas,WSH,line,5on5,46,16892.0,245.0,0.46,0.53,0.52,160.06,13.63,9.68,42.32,5.46,85.83,64.07,13.1,13.7,13.17,137.0,84.0,94.0,315.0,22.0,13.0,1.0,30.0,0.0,63.0,93.0,115.0,199.0,18.0,38.0,146.0,91.0,18.0,80.0,167.0,42.0,12.0,4.84,5.39,3.41,11.0,8.0,3.0,322.49,221.0,225.88,47.0,2.02,2.97,2.97,12.68,12.73,12.39,151.13,15.77,9.71,36.14,5.02,79.14,59.23,15.12,15.74,15.1,136.0,69.0,71.0,276.0,14.0,18.0,1.0,34.0,0.0,57.0,82.0,122.0,191.0,8.0,16.0,147.0,104.0,31.0,84.0,143.0,40.0,22.0,3.9,5.65,6.22,4.0,6.0,4.0,269.28,205.0,202.52,50.0,2.01,4.36,4.24,13.54,13.53,13.42,2024,2.904807009235141,3.3608808903623015,29.19725313757992,2.557423632488752,19.39379587970637,3.836135448733128,17.049490883258347,1.6140865737344092,0.49829351535836175,2.1311863604072934,0.46,0.53,3
847646084783988480113,2024,Iafallo-Scheifele-Connor,WPG,line,5on5,34,9719.0,241.0,0.51,0.46,0.46,75.01,7.41,5.13,19.57,2.66,41.04,29.19,7.11,7.43,7.13,71.0,34.0,41.0,146.0,9.0,11.0,2.0,20.0,0.0,27.0,38.0,62.0,96.0,3.0,6.0,71.0,45.0,14.0,46.0,78.0,17.0,10.0,2.26,2.35,2.8,5.0,1.0,3.0,145.99,105.0,105.01,19.0,1.08,2.19,2.19,6.3,6.31,6.21,88.7,7.06,5.78,23.46,3.01,49.86,35.83,6.92,7.03,6.88,83.0,42.0,48.0,173.0,4.0,7.0,0.0,18.0,0.0,36.0,60.0,79.0,121.0,6.0,12.0,76.0,56.0,12.0,44.0,100.0,18.0,7.0,2.72,2.3,2.04,2.0,2.0,0.0,171.36,125.0,124.56,21.0,1.2,1.58,1.58,6.68,6.68,6.59,2024,2.744726823747299,2.6150838563638232,26.299001954933633,3.704084782385019,16.668381520732584,5.185718695339026,17.038789998971087,1.214574898785425,0.48299319727891155,-1.1112254347155057,0.51,0.46,3
847646084783988480014,2024,Connor-Scheifele-Vilardi,WPG,line,5on5,71,54446.0,86.0,0.53,0.49,0.48,470.68,41.95,31.25,119.51,15.64,256.07,186.58,40.24,43.1,41.33,423.0,228.0,257.0,908.0,48.0,44.0,6.0,109.0,2.0,195.0,253.0,375.0,603.0,46.0,97.0,412.0,220.0,87.0,251.0,469.0,147.0,35.0,13.95,17.56,10.44,14.0,28.0,6.0,929.1,651.0,666.16,113.0,6.52,9.62,9.62,38.85,39.87,38.99,501.94,37.93,31.78,126.28,17.14,281.02,208.85,36.63,37.71,36.4,473.0,230.0,260.0,963.0,36.0,45.0,7.0,104.0,1.0,253.0,264.0,437.0,667.0,47.0,97.0,438.0,365.0,70.0,231.0,568.0,106.0,29.0,16.2,13.37,8.36,17.0,10.0,9.0,948.89,703.0,696.32,112.0,6.55,8.7,8.7,35.79,35.56,34.9,2024,2.7737574844800355,2.5079528340006614,27.968996804172942,2.3142195937258934,14.54652316056276,5.752488704404364,16.596260515005692,1.1442193087008343,0.48470588235294115,-0.06612055982073982,0.53,0.49,3
847842784820938482809,2024,Jarvis-Aho-Blake,CAR,line,5on5,27,12232.0,124.0,0.67,0.64,0.63,135.21,12.62,8.65,32.55,4.43,72.0,52.76,12.14,12.63,12.17,115.0,68.0,82.0,265.0,13.0,7.0,0.0,25.0,1.0,76.0,61.0,102.0,170.0,10.0,20.0,106.0,33.0,27.0,63.0,130.0,44.0,9.0,4.18,5.81,2.63,4.0,8.0,1.0,265.9,183.0,183.22,23.0,1.8,1.16,1.16,13.26,13.29,12.95,79.24,6.27,4.71,20.03,2.61,42.3,32.08,6.05,6.21,5.99,66.0,42.0,41.0,149.0,5.0,9.0,2.0,16.0,0.0,27.0,51.0,61.0,103.0,14.0,28.0,87.0,92.0,16.0,78.0,85.0,16.0,7.0,2.31,1.94,2.02,3.0,0.0,2.0,147.96,108.0,108.1,43.0,0.97,1.83,1.83,5.41,5.38,5.29,2024,3.714192282537606,1.845323741007194,33.84565075212557,2.6487900588620015,9.712230215827338,7.9463701765860035,18.54153041203401,1.0301109350237718,0.5492227979274611,-1.1772400261608895,0.67,0.64,0
847687184784348478462,2024,Pearson-Roy-Kolesar,VGK,line,5on5,35,12081.0,214.0,0.49,0.48,0.48,93.73,9.08,6.05,24.3,3.3,49.78,36.49,8.35,9.15,8.43,86.0,43.0,55.0,184.0,6.0,13.0,0.0,19.0,0.0,46.0,45.0,80.0,123.0,9.0,21.0,121.0,95.0,15.0,57.0,98.0,16.0,15.0,2.77,1.93,4.39,4.0,2.0,0.0,185.53,129.0,130.21,24.0,1.26,3.87,3.87,6.47,6.58,6.37,104.7,9.57,6.59,27.58,3.39,52.56,39.32,9.14,9.42,8.99,85.0,54.0,60.0,199.0,4.0,14.0,0.0,26.0,0.0,47.0,48.0,81.0,135.0,11.0,23.0,109.0,118.0,16.0,64.0,105.0,21.0,13.0,3.21,2.82,3.54,3.0,1.0,0.0,197.17,139.0,138.23,34.0,1.38,2.99,2.99,7.96,7.83,7.74,2024,2.7057362801092624,2.851750682890489,25.62701763099081,4.469828656568165,28.30891482493171,4.469828656568165,16.985348894959024,0.6607929515418502,0.5260869565217391,-0.5959771542090886,0.49,0.48,4
848000384801858482113,2024,Boqvist-Lundell-Luostarinen,FLA,line,5on5,38,16747.0,141.0,0.51,0.54,0.53,124.27,9.17,7.76,33.91,4.42,68.72,49.01,8.72,9.13,8.69,107.0,66.0,76.0,249.0,9.0,11.0,1.0,30.0,0.0,65.0,58.0,98.0,164.0,20.0,45.0,168.0,156.0,21.0,75.0,141.0,26.0,6.0,4.13,3.25,1.79,7.0,1.0,1.0,251.98,173.0,173.91,39.0,1.62,2.14,2.27,8.51,8.47,8.29,110.61,8.94,6.94,29.55,3.8,58.81,45.97,8.71,9.02,8.78,92.0,62.0,55.0,209.0,9.0,10.0,0.0,23.0,0.0,53.0,59.0,83.0,145.0,24.0,51.0,134.0,142.0,18.0,77.0,118.0,28.0,8.0,3.15,3.59,2.2,4.0,5.0,0.0,207.34,154.0,153.36,39.0,1.45,1.64,1.64,8.75,8.76,8.63,2024,1.971218725741924,1.9217770346927807,23.00113453155789,1.2897832447602557,33.53436436376665,4.514241356660895,16.122290559503195,0.9814612868047983,0.5562913907284768,-0.8598554965068371,0.51,0.54,4
847168584779608483808,2024,Kuzmenko-Kopitar-Kempe,LAK,line,5on5,20,12120.0,46.0,0.57,0.52,0.53,107.38,9.2,6.87,28.35,3.69,58.95,42.94,8.93,9.33,9.06,90.0,60.0,61.0,211.0,16.0,8.0,1.0,21.0,1.0,43.0,61.0,74.0,134.0,14.0,28.0,112.0,55.0,15.0,72.0,116.0,25.0,9.0,3.34,3.1,2.76,7.0,7.0,2.0,217.11,150.0,153.41,36.0,1.43,1.95,1.95,8.68,8.82,8.66,97.03,6.96,6.13,23.87,3.21,53.39,40.44,6.79,6.96,6.79,69.0,65.0,58.0,192.0,5.0,9.0,0.0,20.0,0.0,46.0,54.0,64.0,129.0,13.0,26.0,92.0,76.0,15.0,73.0,102.0,29.0,3.0,2.34,3.69,0.93,4.0,1.0,0.0,186.11,134.0,131.03,38.0,1.26,1.72,1.72,6.5,6.48,6.4,2024,2.7326732673267324,2.0673267326732674,26.73267326732673,2.6732673267326734,16.336633663366335,4.455445544554456,21.386138613861387,1.7391304347826089,0.5490196078431373,0.297029702970297,0.57,0.52,3
847584884769818477989,2024,Gallagher-Dvorak-Anderson,MTL,line,5on5,69,32363.0,261.0,0.54,0.48,0.47,247.85,25.37,15.96,62.05,8.33,132.96,97.34,24.27,25.44,24.31,217.0,125.0,164.0,506.0,21.0,28.0,3.0,40.0,0.0,119.0,134.0,196.0,321.0,48.0,102.0,319.0,241.0,43.0,150.0,232.0,76.0,34.0,6.6,9.5,9.28,4.0,11.0,6.0,504.47,342.0,341.66,78.0,3.32,6.0,6.0,22.69,22.55,22.14,276.27,21.76,17.08,70.78,9.37,151.27,112.73,21.02,21.82,21.09,233.0,150.0,167.0,550.0,20.0,21.0,3.0,46.0,1.0,122.0,173.0,213.0,363.0,43.0,92.0,253.0,224.0,56.0,139.0,305.0,58.0,20.0,8.89,7.48,5.39,9.0,9.0,2.0,549.6,383.0,383.6,64.0,3.52,4.02,4.02,21.26,21.34,20.99,2024,2.822111670735099,2.4205419769489853,24.13867688409604,3.782096838982789,26.808392299848595,4.7832401198899985,16.685721348453484,0.8277493102089081,0.5576923076923077,0.556190711615116,0.54,0.48,4
847467984751588476887,2024,Forsberg-O'Reilly-Nyquist,NSH,line,5on5,38,12220.0,303.0,0.58,0.6,0.59,134.14,11.72,8.64,35.47,4.68,74.01,52.47,11.25,11.52,11.06,117.0,70.0,64.0,251.0,7.0,14.0,1.0,26.0,0.0,64.0,76.0,110.0,180.0,7.0,14.0,140.0,84.0,23.0,63.0,143.0,30.0,14.0,4.1,3.7,3.92,5.0,1.0,1.0,246.55,187.0,184.94,24.0,1.8,2.75,2.75,10.78,10.58,10.37,94.73,8.58,6.32,23.18,3.1,50.42,36.4,8.18,8.7,8.3,80.0,48.0,41.0,169.0,8.0,12.0,1.0,22.0,0.0,28.0,58.0,72.0,120.0,14.0,30.0,107.0,55.0,19.0,82.0,88.0,32.0,8.0,2.59,3.87,2.12,2.0,4.0,2.0,171.86,128.0,129.29,45.0,1.32,2.32,2.32,7.57,7.68,7.57,2024,3.4527004909983634,2.527659574468085,34.46808510638298,4.124386252045826,24.74631751227496,6.775777414075287,18.55973813420622,0.5972696245733788,0.5668016194331984,-2.062193126022913,0.58,0.6,0
847579884801888482667,2024,Zetterlund-Granlund-Eklund,SJS,line,5on5,27,10126.0,149.0,0.41,0.44,0.44,73.2,5.71,4.63,19.31,2.56,38.66,29.14,5.53,5.71,5.53,72.0,28.0,53.0,153.0,8.0,7.0,2.0,19.0,0.0,24.0,42.0,64.0,92.0,4.0,8.0,77.0,44.0,14.0,42.0,74.0,21.0,5.0,1.93,2.33,1.45,4.0,1.0,3.0,151.62,100.0,99.79,16.0,0.96,1.44,1.44,5.23,5.19,5.14,91.79,8.22,6.09,23.43,2.99,50.44,35.83,7.96,8.18,7.92,89.0,38.0,69.0,196.0,3.0,6.0,0.0,14.0,0.0,59.0,45.0,86.0,124.0,8.0,16.0,99.0,51.0,15.0,55.0,97.0,21.0,9.0,2.89,2.6,2.72,1.0,2.0,0.0,197.5,127.0,126.8,21.0,1.27,1.74,1.74,7.75,7.71,7.58,2024,2.0300217262492595,2.9223780367371126,25.597471854631642,1.7776022121271973,15.642899466719337,4.977286193956153,14.931858581868457,1.4010507880910683,0.4375,-1.4220817697017578,0.41,0.44,1
847692784780468480748,2024,Sherwood-Blueger-Heinen,VAN,line,5on5,30,10766.0,155.0,0.47,0.5,0.5,89.44,6.51,5.32,22.87,2.9,48.07,36.31,6.16,6.73,6.36,80.0,42.0,46.0,168.0,9.0,8.0,0.0,22.0,0.0,45.0,38.0,71.0,113.0,15.0,36.0,100.0,139.0,17.0,47.0,99.0,17.0,6.0,2.54,2.26,1.71,4.0,3.0,2.0,169.86,122.0,123.19,29.0,1.1,1.43,1.43,6.18,6.34,6.09,89.24,7.46,5.32,22.7,2.94,47.17,36.41,7.19,7.71,7.43,79.0,43.0,48.0,170.0,11.0,7.0,4.0,14.0,0.0,45.0,45.0,68.0,111.0,11.0,28.0,75.0,69.0,13.0,49.0,96.0,18.0,8.0,2.64,2.33,2.49,4.0,2.0,5.0,172.1,122.0,124.14,27.0,1.1,1.73,2.07,6.48,6.61,6.54,2024,2.176853055916775,2.494519784506781,26.750882407579418,2.006316180568456,46.47965818316924,5.684562511610626,15.716143414452908,1.3824884792626728,0.5714285714285714,1.3375441203789709,0.47,0.5,4
848007884815548482157,2024,Cuylle-Chytil-Kakko,NYR,line,5on5,21,11039.0,59.0,0.62,0.51,0.52,109.73,11.06,7.37,27.01,3.61,55.74,41.2,10.03,11.58,10.44,105.0,41.0,38.0,184.0,13.0,18.0,3.0,15.0,1.0,41.0,58.0,92.0,133.0,11.0,22.0,85.0,95.0,15.0,54.0,104.0,26.0,16.0,2.72,3.68,4.65,7.0,3.0,3.0,188.05,146.0,149.0,32.0,1.55,4.18,4.18,8.43,8.64,8.35,99.75,6.9,6.4,24.05,3.26,54.35,40.04,6.81,6.87,6.78,86.0,49.0,44.0,179.0,2.0,5.0,1.0,17.0,1.0,38.0,72.0,84.0,133.0,11.0,22.0,94.0,68.0,16.0,71.0,111.0,20.0,4.0,3.43,2.5,0.97,0.0,1.0,1.0,176.3,135.0,132.72,36.0,1.31,1.06,1.06,7.15,7.13,7.09,2024,3.606848446417248,2.250203822810037,34.242232086239696,5.217863936950811,30.98106712564544,4.891747440891385,17.610290787208985,1.1754068716094033,0.4748603351955307,0.0,0.62,0.51,0
847851984795428483447,2024,Hagel-Cirelli-Geekie,TBL,line,5on5,32,12526.0,144.0,0.57,0.52,0.5,116.02,11.93,8.2,28.45,3.94,59.51,43.95,11.29,12.11,11.44,105.0,51.0,75.0,231.0,10.0,15.0,2.0,30.0,0.0,49.0,52.0,95.0,146.0,12.0,24.0,126.0,67.0,21.0,55.0,101.0,41.0,14.0,2.78,5.1,4.05,3.0,4.0,3.0,234.15,156.0,158.24,25.0,1.74,3.35,3.35,10.33,10.43,10.23,116.87,8.85,7.16,29.63,3.91,61.15,47.31,8.31,8.82,8.31,106.0,52.0,57.0,215.0,12.0,9.0,1.0,24.0,0.0,51.0,62.0,94.0,146.0,18.0,39.0,124.0,100.0,15.0,56.0,123.0,27.0,8.0,3.22,3.46,2.17,7.0,2.0,3.0,211.85,158.0,156.4,26.0,1.48,1.73,1.73,8.6,8.62,8.47,2024,3.428708286763532,2.5435095002395016,30.177231358773753,4.0236308478365,19.25594762893182,6.035446271754751,15.807121187929107,0.8382229673093043,0.504,-1.7244132205013571,0.57,0.52,0
847531484764198477500,2024,Lee-Horvat-Pageau,NYI,line,5on5,18,10313.0,68.0,0.56,0.54,0.56,105.39,9.27,6.79,27.51,3.6,56.51,41.32,8.97,9.43,9.14,101.0,44.0,46.0,191.0,7.0,9.0,1.0,23.0,0.0,44.0,62.0,94.0,138.0,3.0,6.0,110.0,76.0,11.0,54.0,111.0,27.0,7.0,3.45,3.48,2.34,2.0,4.0,1.0,193.4,145.0,147.04,27.0,1.43,2.0,2.0,8.7,8.89,8.74,84.39,7.35,5.36,20.55,2.67,45.07,34.01,7.04,7.27,6.97,81.0,34.0,48.0,163.0,5.0,8.0,0.0,14.0,0.0,33.0,55.0,76.0,110.0,8.0,16.0,67.0,77.0,26.0,39.0,87.0,19.0,9.0,2.36,2.44,2.55,3.0,2.0,0.0,161.01,115.0,114.18,17.0,1.12,2.27,2.27,6.19,6.17,6.09,2024,3.2359158343837873,2.5656937845437793,35.25647241345874,2.443517890041695,26.529622806166973,3.8398138272083777,18.849995151750218,0.7551240560949299,0.6214689265536724,-1.7453699214583533,0.56,0.54,0
847410284802088481528,2024,Perron-Cozens-Batherson,OTT,line,5on5,19,10023.0,49.0,0.5,0.47,0.48,81.65,7.35,5.22,21.38,2.73,44.24,31.08,7.18,7.56,7.38,82.0,30.0,41.0,153.0,9.0,9.0,2.0,14.0,0.0,34.0,46.0,73.0,103.0,7.0,14.0,85.0,120.0,15.0,31.0,87.0,16.0,9.0,2.36,2.35,2.64,3.0,4.0,2.0,156.0,112.0,114.2,15.0,1.09,2.13,2.13,6.31,6.45,6.4,85.45,7.44,5.95,21.77,2.99,46.93,33.92,7.02,7.39,6.98,83.0,36.0,51.0,170.0,7.0,9.0,1.0,17.0,0.0,45.0,41.0,76.0,112.0,5.0,10.0,83.0,86.0,7.0,55.0,89.0,20.0,10.0,2.38,2.32,2.74,2.0,3.0,2.0,166.6,119.0,117.18,33.0,1.24,1.92,1.92,6.76,6.74,6.49,2024,2.639928165219994,2.672253816222688,29.452259802454353,3.2325651002693805,43.10086800359174,5.387608500448968,11.134390900927865,1.2244897959183674,0.5059523809523809,0.7183478000598623,0.5,0.47,4
847799884821248482155,2024,Foegele-Byfield-Laferriere,LAK,line,5on5,38,7502.0,350.0,0.57,0.55,0.53,63.0,5.66,4.22,15.65,2.14,34.48,24.85,5.43,5.66,5.44,55.0,32.0,36.0,123.0,6.0,5.0,1.0,14.0,0.0,35.0,27.0,49.0,81.0,6.0,15.0,54.0,52.0,18.0,30.0,66.0,15.0,6.0,2.25,1.81,1.59,3.0,2.0,1.0,123.99,87.0,87.33,12.0,0.87,0.99,0.99,5.54,5.56,5.44,54.59,4.19,3.33,13.33,1.73,30.48,22.94,4.07,4.21,4.09,48.0,28.0,25.0,101.0,5.0,3.0,0.0,10.0,1.0,24.0,33.0,43.0,71.0,5.0,13.0,63.0,62.0,15.0,41.0,59.0,14.0,3.0,1.66,1.79,0.74,1.0,4.0,0.0,100.34,76.0,75.91,21.0,0.69,0.38,0.38,4.5,4.52,4.46,2024,2.7160757131431623,2.010663822980539,26.392961876832846,2.8792322047454015,24.953345774460146,8.637696614236205,14.396161023727007,1.0600706713780919,0.46153846153846156,0.47987203412423357,0.57,0.55,2
847967184799418479944,2024,Aston-Reese-Danforth-Olivier,CBJ,line,5on5,39,17038.0,190.0,0.55,0.47,0.48,141.07,15.5,9.91,36.35,5.18,70.81,50.26,13.64,15.24,13.44,140.0,48.0,79.0,267.0,13.0,24.0,2.0,35.0,0.0,53.0,63.0,127.0,175.0,15.0,42.0,150.0,201.0,24.0,95.0,122.0,46.0,20.0,3.68,5.74,6.08,3.0,8.0,2.0,265.86,188.0,186.86,51.0,2.09,5.9,5.9,11.69,11.52,11.3,147.64,12.89,9.37,37.67,5.05,79.93,58.08,12.1,12.93,12.13,135.0,68.0,98.0,301.0,9.0,13.0,0.0,22.0,0.0,64.0,95.0,126.0,194.0,14.0,40.0,159.0,116.0,24.0,79.0,158.0,28.0,17.0,4.83,3.28,4.78,5.0,4.0,0.0,302.08,203.0,203.43,36.0,1.95,3.42,3.42,11.42,11.46,11.19,2024,3.2750322807841297,2.723559103181125,29.580936729663105,4.225848104237587,42.46977344758775,5.071017725085104,20.072778495128535,0.8387096774193549,0.4854368932038835,0.21129240521187934,0.55,0.47,4
847528784764748481032,2024,Cotter-Haula-Noesen,NJD,line,5on5,33,10984.0,192.0,0.42,0.44,0.43,72.38,6.19,4.83,18.19,2.43,37.02,27.34,6.03,6.22,6.06,70.0,26.0,42.0,138.0,6.0,3.0,0.0,17.0,0.0,24.0,46.0,64.0,90.0,12.0,30.0,112.0,120.0,20.0,50.0,71.0,19.0,6.0,2.18,2.5,1.51,4.0,1.0,1.0,138.62,96.0,95.88,25.0,1.01,0.63,0.63,6.58,6.62,6.59,93.74,8.53,6.04,22.53,2.99,51.77,37.14,8.24,8.38,8.09,78.0,51.0,44.0,173.0,8.0,9.0,1.0,19.0,0.0,38.0,55.0,70.0,121.0,12.0,30.0,88.0,78.0,16.0,45.0,96.0,24.0,9.0,2.89,2.94,2.7,3.0,3.0,2.0,169.54,129.0,125.82,20.0,1.26,2.2,2.2,7.58,7.41,7.3,2024,2.028769118718136,2.7957028404952657,22.942461762563727,1.9664967225054626,39.32993445010925,6.5549890750182085,16.38747268754552,0.9693053311793214,0.56,0.0,0.42,0.44,1
848011384802898480845,2024,Iafallo-Kupari-Barron,WPG,line,5on5,36,12335.0,165.0,0.52,0.54,0.53,93.36,6.91,5.71,22.69,3.22,50.01,39.46,6.73,7.08,6.89,90.0,38.0,53.0,181.0,3.0,10.0,1.0,16.0,1.0,51.0,47.0,87.0,125.0,11.0,25.0,100.0,112.0,27.0,55.0,103.0,20.0,5.0,3.16,2.53,1.22,2.0,0.0,1.0,185.23,128.0,131.32,31.0,1.18,1.46,1.46,6.63,6.81,6.72,82.33,6.37,5.16,22.11,2.83,44.92,32.61,6.18,6.35,6.17,74.0,40.0,41.0,155.0,4.0,7.0,1.0,15.0,1.0,43.0,44.0,70.0,110.0,12.0,27.0,81.0,111.0,22.0,59.0,84.0,25.0,5.0,1.9,3.05,1.41,1.0,3.0,0.0,151.38,114.0,111.84,28.0,1.08,1.22,1.22,6.23,6.21,6.11,2024,2.016700445885691,1.8591001216051886,26.266720713417104,1.4592622618565059,32.68747466558573,7.880016214025131,16.051884880421564,0.4341534008683068,0.5524861878453039,-0.2918524523713012,0.52,0.54,4
847578684779348478402,2024,Hyman-Draisaitl-Mcdavid,EDM,line,5on5,54,15496.0,279.0,0.69,0.67,0.66,198.68,19.03,13.68,46.58,6.62,107.22,79.87,18.32,19.11,18.38,178.0,95.0,88.0,361.0,24.0,22.0,2.0,36.0,0.0,99.0,92.0,154.0,249.0,11.0,22.0,143.0,46.0,28.0,83.0,192.0,65.0,16.0,6.24,8.31,4.47,10.0,12.0,2.0,355.57,273.0,270.41,30.0,2.85,3.97,3.97,17.91,17.92,17.57,102.06,8.62,6.56,26.53,3.4,53.79,39.09,8.44,8.64,8.46,92.0,46.0,39.0,177.0,9.0,10.0,1.0,23.0,0.0,37.0,59.0,83.0,129.0,12.0,24.0,147.0,84.0,16.0,72.0,100.0,31.0,7.0,2.87,4.1,1.65,2.0,6.0,1.0,181.17,138.0,140.18,37.0,1.37,1.87,1.87,8.13,8.14,8.05,2024,4.421011874032009,2.0025813113061437,41.35260712441921,3.7170882808466703,10.686628807434177,6.504904491481673,19.282395456892104,1.261166579085654,0.49310344827586206,-0.2323180175529169,0.69,0.67,0
847516884757948478975,2024,Marchment-Seguin-Duchene,DAL,line,5on5,19,12145.0,25.0,0.58,0.54,0.52,111.49,11.94,7.46,27.31,3.6,58.57,42.12,11.54,12.1,11.7,107.0,44.0,62.0,213.0,15.0,12.0,1.0,25.0,0.0,41.0,58.0,92.0,136.0,8.0,19.0,125.0,54.0,30.0,51.0,102.0,36.0,13.0,3.44,4.68,3.83,10.0,2.0,3.0,215.28,151.0,153.49,24.0,1.57,2.88,2.88,10.64,10.81,10.61,101.16,8.47,6.8,24.39,3.16,56.13,39.04,8.29,8.26,8.09,98.0,40.0,42.0,180.0,6.0,10.0,0.0,19.0,0.0,32.0,71.0,92.0,132.0,12.0,27.0,119.0,82.0,17.0,65.0,105.0,27.0,6.0,3.55,3.23,1.7,5.0,1.0,0.0,176.88,138.0,134.29,35.0,1.41,2.11,2.11,7.77,7.61,7.53,2024,3.5392342527789213,2.5106628242074933,31.716755866611777,3.8534376286537673,16.006587072869493,8.892548373816386,15.117332235487856,1.256281407035176,0.5122950819672131,-1.1856731165088514,0.58,0.54,2
847517284764568482679,2024,Huberdeau-Kadri-Coronato,CGY,line,5on5,36,7634.0,253.0,0.48,0.51,0.51,79.29,5.61,4.69,21.08,2.66,43.03,31.93,5.4,5.71,5.5,70.0,39.0,40.0,149.0,4.0,5.0,1.0,19.0,0.0,31.0,50.0,66.0,105.0,8.0,16.0,62.0,39.0,10.0,33.0,89.0,14.0,6.0,2.09,1.98,1.55,1.0,2.0,1.0,150.54,109.0,110.42,19.0,0.97,0.95,0.95,5.63,5.73,5.67,76.59,6.18,4.9,19.61,2.56,41.5,30.25,6.09,6.18,6.09,75.0,30.0,41.0,146.0,6.0,3.0,1.0,24.0,0.0,38.0,34.0,69.0,99.0,12.0,24.0,91.0,45.0,14.0,41.0,83.0,19.0,3.0,2.72,2.8,0.67,3.0,3.0,0.0,144.34,105.0,103.98,21.0,1.02,0.22,0.22,6.99,6.97,6.88,2024,2.6455331412103744,2.914330626146188,33.01021744825779,2.829447209850668,18.391406864029342,4.715745349751113,15.561959654178674,0.7130124777183601,0.40522875816993464,-1.8862981399004453,0.48,0.51,3
847647984779428482155,2024,Fiala-Danault-Laferriere,LAK,line,5on5,43,13208.0,328.0,0.6,0.56,0.59,136.17,13.06,9.41,32.86,4.56,70.95,53.17,12.22,13.48,12.59,107.0,77.0,61.0,245.0,12.0,20.0,2.0,22.0,1.0,54.0,75.0,95.0,172.0,9.0,18.0,101.0,66.0,18.0,57.0,135.0,32.0,17.0,4.12,4.12,4.81,8.0,1.0,3.0,251.8,184.0,189.26,24.0,1.97,4.72,4.72,10.3,10.56,10.34,95.39,8.57,6.2,24.16,3.28,50.52,37.27,8.21,8.56,8.2,79.0,51.0,63.0,193.0,8.0,14.0,2.0,9.0,0.0,38.0,61.0,71.0,122.0,6.0,12.0,96.0,79.0,13.0,57.0,95.0,27.0,8.0,2.51,3.71,2.35,3.0,5.0,0.0,190.85,130.0,129.24,22.0,1.29,2.53,2.53,7.32,7.3,7.22,2024,3.5596608116293154,2.3358570563294974,29.1641429436705,4.633555420956996,17.98909751665657,4.906117504542701,15.53603876438522,0.9188361408882082,0.5126903553299492,0.8176862507571169,0.6,0.56,0
847341984774968479638,2024,Marchand-Lindholm-Brazeau,BOS,line,5on5,26,9072.0,145.0,0.56,0.56,0.55,84.12,7.13,5.45,21.85,2.84,43.58,33.15,6.81,7.24,6.89,69.0,45.0,42.0,156.0,8.0,12.0,1.0,12.0,0.0,34.0,48.0,61.0,106.0,8.0,16.0,104.0,76.0,8.0,54.0,83.0,24.0,7.0,2.13,3.04,1.97,5.0,3.0,0.0,157.29,114.0,115.61,24.0,1.15,2.29,2.29,6.0,6.07,5.94,67.16,5.58,4.33,17.29,2.29,37.7,27.81,5.33,5.52,5.27,68.0,27.0,29.0,124.0,8.0,7.0,0.0,18.0,0.0,20.0,42.0,60.0,87.0,10.0,20.0,69.0,54.0,15.0,50.0,75.0,15.0,5.0,2.22,2.12,1.25,5.0,2.0,1.0,123.09,95.0,94.21,22.0,0.9,1.19,1.19,5.29,5.23,5.17,2024,2.829365079365079,2.2142857142857144,27.38095238095238,2.7777777777777777,30.158730158730158,3.1746031746031744,21.428571428571427,1.1220196353436185,0.6011560693641619,-0.7936507936507936,0.56,0.56,3
848006484802088480801,2024,Tkachuk-Norris-Batherson,OTT,line,5on5,28,9170.0,185.0,0.58,0.49,0.52,82.67,6.77,5.23,21.01,2.93,44.8,34.25,6.48,6.81,6.51,78.0,37.0,46.0,161.0,5.0,12.0,2.0,9.0,0.0,40.0,49.0,73.0,110.0,7.0,14.0,83.0,87.0,10.0,37.0,84.0,25.0,6.0,2.14,3.16,1.46,1.0,1.0,3.0,164.32,115.0,116.62,21.0,1.09,1.65,1.65,6.2,6.2,6.12,75.13,4.82,4.53,19.47,2.63,43.63,31.93,4.74,4.68,4.61,67.0,40.0,58.0,165.0,1.0,4.0,1.0,13.0,0.0,33.0,56.0,66.0,106.0,8.0,16.0,91.0,50.0,12.0,49.0,87.0,19.0,1.0,2.22,2.26,0.34,0.0,0.0,1.0,158.19,107.0,103.16,29.0,0.93,0.74,0.74,5.02,4.88,4.83,2024,2.6577971646673935,1.8922573609596514,30.62159214830971,2.355507088331516,34.15485278080698,3.925845147219193,14.525627044711015,0.7385524372230429,0.47701149425287354,-0.39258451472191935,0.58,0.49,4
847415084763998482074,2024,Coleman-Backlund-Zary,CGY,line,5on5,17,7620.0,84.0,0.5,0.48,0.48,62.31,5.63,4.37,16.23,2.13,32.93,23.71,5.24,5.68,5.27,55.0,30.0,37.0,122.0,3.0,7.0,0.0,11.0,0.0,31.0,33.0,52.0,82.0,8.0,16.0,77.0,67.0,11.0,42.0,63.0,13.0,9.0,1.83,1.44,2.37,2.0,1.0,0.0,119.55,85.0,84.17,17.0,0.93,1.59,1.59,4.96,4.91,4.82,67.92,5.7,4.09,18.62,2.28,34.59,26.71,5.53,5.76,5.58,57.0,35.0,42.0,134.0,2.0,10.0,2.0,14.0,1.0,27.0,38.0,55.0,90.0,9.0,18.0,82.0,46.0,8.0,42.0,68.0,18.0,6.0,1.78,2.19,1.72,0.0,1.0,1.0,133.45,92.0,91.72,26.0,0.86,1.98,1.98,4.58,4.61,4.55,2024,2.6598425196850393,2.6929133858267718,25.984251968503937,4.251968503937007,31.653543307086615,5.196850393700787,19.84251968503937,0.5328596802841918,0.48427672955974843,-0.47244094488188976,0.5,0.48,4
848044884811868481641,2024,Kiviranta-Kelly-O'Connor,COL,line,5on5,56,18667.0,283.0,0.57,0.53,0.51,143.58,11.46,9.17,38.07,4.77,79.43,56.09,11.28,11.56,11.37,131.0,68.0,102.0,301.0,1.0,7.0,0.0,32.0,0.0,72.0,87.0,130.0,198.0,18.0,39.0,141.0,150.0,21.0,68.0,153.0,34.0,12.0,3.94,4.22,3.3,0.0,1.0,0.0,306.39,199.0,201.89,32.0,1.89,1.48,1.48,11.88,12.03,11.94,140.45,8.79,8.14,35.56,4.66,76.98,59.88,8.62,8.74,8.57,130.0,64.0,77.0,271.0,10.0,7.0,1.0,30.0,0.0,60.0,87.0,120.0,184.0,16.0,35.0,180.0,157.0,22.0,83.0,165.0,23.0,6.0,4.36,2.8,1.63,6.0,2.0,2.0,268.16,194.0,192.64,37.0,1.68,1.46,1.46,9.01,9.03,8.93,2024,2.210103391010875,1.6951840145711683,25.263834574382603,2.3142443884930626,28.928054856163286,4.04992767986286,13.114051534794022,0.4,0.4392523364485981,0.38570739808217713,0.57,0.53,4
847687384784388482146,2024,Jankowski-Novak-Evangelista,NSH,line,5on5,22,7742.0,108.0,0.61,0.59,0.62,86.86,8.15,5.89,22.35,3.12,45.83,32.65,7.23,8.03,7.12,79.0,39.0,35.0,153.0,2.0,15.0,0.0,18.0,0.0,34.0,49.0,77.0,116.0,12.0,30.0,45.0,52.0,11.0,27.0,80.0,27.0,11.0,2.13,3.21,2.81,1.0,1.0,0.0,150.27,118.0,116.72,14.0,1.23,3.15,3.15,6.23,6.14,5.94,53.13,5.11,3.59,13.95,1.82,27.29,20.23,4.93,5.09,4.91,49.0,23.0,36.0,108.0,4.0,9.0,1.0,9.0,0.0,21.0,29.0,45.0,68.0,11.0,28.0,73.0,64.0,13.0,37.0,48.0,16.0,8.0,1.01,1.92,2.19,1.0,1.0,2.0,108.65,72.0,72.08,16.0,0.75,1.88,1.88,3.99,3.98,3.96,2024,3.789718419013175,2.376130198915009,36.734693877551024,5.114957375355205,24.17979850167915,5.114957375355205,12.554895375871867,0.4,0.3813559322033898,0.4649961250322914,0.61,0.59,0
847688084794008481580,2024,Mcmichael-Dubois-Wilson,WSH,line,5on5,59,23746.0,291.0,0.56,0.51,0.53,233.77,22.66,15.2,59.11,8.0,123.11,90.91,21.5,22.79,21.64,209.0,110.0,114.0,433.0,27.0,30.0,7.0,37.0,0.0,96.0,129.0,182.0,292.0,36.0,75.0,212.0,152.0,35.0,122.0,227.0,68.0,24.0,6.8,8.98,6.88,9.0,11.0,7.0,439.67,319.0,322.93,53.0,3.19,6.26,6.09,19.76,19.87,19.47,207.56,18.08,13.03,53.34,6.68,108.2,81.67,17.34,18.11,17.38,174.0,107.0,143.0,424.0,23.0,16.0,3.0,24.0,0.0,94.0,124.0,151.0,258.0,32.0,67.0,234.0,150.0,36.0,101.0,212.0,44.0,25.0,5.97,5.35,6.75,15.0,4.0,4.0,417.28,281.0,279.1,54.0,2.72,4.11,4.41,16.4,16.47,16.17,2024,3.4353575339004463,2.7410090120441337,31.685336477722565,3.638507538111682,23.04388107470732,5.306156826412869,18.495746652067716,1.1915269196822595,0.47533632286995514,0.6064179230186136,0.56,0.51,3
847794284821248482155,2024,Fiala-Byfield-Laferriere,LAK,line,5on5,48,20738.0,284.0,0.58,0.57,0.58,192.71,15.71,12.45,47.87,6.47,108.0,79.5,15.15,15.86,15.29,172.0,98.0,121.0,391.0,20.0,19.0,3.0,40.0,0.0,87.0,104.0,152.0,250.0,14.0,28.0,158.0,112.0,18.0,87.0,208.0,50.0,12.0,6.04,6.23,3.45,12.0,5.0,3.0,397.27,270.0,274.18,40.0,2.58,3.51,3.51,14.77,14.86,14.64,146.75,11.53,9.22,36.85,4.76,77.3,59.34,11.27,11.61,11.35,132.0,67.0,92.0,291.0,6.0,15.0,2.0,33.0,0.0,59.0,86.0,126.0,193.0,16.0,32.0,193.0,162.0,28.0,108.0,158.0,28.0,13.0,4.38,3.25,3.9,2.0,2.0,2.0,287.81,199.0,196.93,42.0,1.92,3.19,3.19,10.26,10.29,10.23,2024,2.7271675185649533,2.001543061047353,29.858231266274473,2.083132413926126,19.44256919664384,3.124698620889189,15.102710000964413,1.273074474856779,0.45014245014245013,-0.3471887356543543,0.58,0.57,3
847528784810328482110,2024,Cotter-Haula-Mercer,NJD,line,5on5,35,8625.0,301.0,0.48,0.51,0.47,67.87,5.57,4.41,18.32,2.58,35.87,26.26,5.43,5.76,5.62,57.0,36.0,44.0,137.0,4.0,11.0,0.0,16.0,0.0,22.0,40.0,53.0,89.0,17.0,40.0,91.0,80.0,15.0,39.0,67.0,21.0,5.0,1.52,2.83,1.22,1.0,3.0,0.0,140.23,93.0,94.62,24.0,0.92,1.24,1.27,5.21,5.38,5.31,76.72,6.06,4.97,20.39,2.63,42.57,30.38,5.88,6.02,5.85,67.0,40.0,24.0,131.0,8.0,6.0,0.0,16.0,0.0,35.0,42.0,59.0,99.0,10.0,26.0,69.0,62.0,8.0,30.0,85.0,14.0,8.0,2.48,1.48,2.1,6.0,2.0,0.0,128.81,107.0,105.58,10.0,1.05,1.27,1.27,5.83,5.72,5.59,2024,2.324869565217391,2.5293913043478256,23.791304347826085,2.0869565217391304,33.391304347826086,6.260869565217391,16.278260869565216,0.718132854578097,0.56875,2.9217391304347826,0.48,0.51,4
847415084810688482679,2024,Sharangovich-Backlund-Coronato,CGY,line,5on5,19,7689.0,119.0,0.52,0.56,0.55,78.29,4.92,4.42,21.86,2.68,41.38,31.74,4.61,4.88,4.58,77.0,30.0,46.0,153.0,2.0,9.0,0.0,21.0,1.0,36.0,38.0,75.0,105.0,7.0,14.0,83.0,16.0,20.0,33.0,92.0,11.0,4.0,2.37,1.37,1.18,1.0,0.0,1.0,150.81,107.0,106.18,20.0,0.92,1.68,1.68,4.15,4.14,4.02,61.49,4.46,3.79,17.13,2.14,33.52,24.95,4.33,4.53,4.39,56.0,30.0,33.0,119.0,1.0,3.0,0.0,10.0,1.0,38.0,33.0,55.0,85.0,4.0,11.0,78.0,40.0,10.0,51.0,69.0,14.0,3.0,1.78,1.88,0.8,1.0,0.0,0.0,120.76,86.0,86.8,27.0,0.79,0.69,0.69,4.56,4.61,4.54,2024,2.3035505267264926,2.088177916504097,36.05150214592275,1.8728053062817012,7.491221225126805,9.364026531408506,15.450643776824036,0.4065040650406504,0.515527950310559,1.404603979711276,0.52,0.56,2
847682284768788479591,2024,Eyssimont-Glendening-Girgensons,TBL,line,5on5,40,10982.0,243.0,0.59,0.52,0.55,89.04,7.45,5.92,22.6,2.94,46.01,35.08,7.04,7.57,7.17,82.0,38.0,47.0,167.0,4.0,11.0,0.0,19.0,0.0,40.0,46.0,78.0,116.0,13.0,32.0,99.0,104.0,14.0,40.0,93.0,18.0,9.0,2.77,2.25,2.42,4.0,0.0,0.0,172.77,120.0,122.59,22.0,1.24,2.25,2.25,6.43,6.59,6.39,72.1,5.11,3.92,18.61,2.28,38.66,29.41,5.0,5.05,4.93,58.0,40.0,57.0,155.0,4.0,4.0,0.0,20.0,0.0,27.0,43.0,54.0,94.0,15.0,36.0,92.0,120.0,16.0,52.0,80.0,12.0,6.0,1.91,1.44,1.76,2.0,2.0,0.0,149.79,98.0,95.84,23.0,0.81,1.21,1.21,4.72,4.6,4.53,2024,2.4421781096339465,1.6751047168093245,26.88034966308505,2.9502822800947004,34.09215079220543,4.589327991258423,13.11236568930978,0.5369127516778524,0.518324607329843,-0.655618284465489,0.59,0.52,4
847168584779608481532,2024,Turcotte-Kopitar-Kempe,LAK,line,5on5,44,19189.0,183.0,0.54,0.51,0.52,169.9,14.98,11.02,43.86,5.94,92.66,67.55,14.36,15.28,14.65,150.0,86.0,101.0,337.0,16.0,18.0,1.0,37.0,1.0,85.0,79.0,134.0,220.0,12.0,24.0,204.0,79.0,15.0,69.0,180.0,38.0,18.0,5.21,4.83,4.94,10.0,4.0,2.0,341.5,236.0,238.48,33.0,2.3,3.85,3.85,13.43,13.7,13.5,161.66,12.62,10.18,42.19,5.5,85.92,64.58,11.99,12.52,11.89,147.0,74.0,98.0,319.0,10.0,16.0,1.0,32.0,0.0,59.0,104.0,137.0,211.0,7.0,14.0,153.0,119.0,27.0,82.0,172.0,38.0,11.0,4.5,4.82,3.3,8.0,2.0,0.0,315.62,221.0,219.2,43.0,2.13,3.24,3.24,11.51,11.43,11.16,2024,2.810360102141852,2.367606441190265,28.141122518109334,3.37693470217312,14.820991192870915,2.814112251810933,12.944916358330293,1.0680907877169559,0.5714285714285714,0.9380374172703111,0.54,0.51,3
847747684774928480039,2024,Lehkonen-Mackinnon-Necas,COL,line,5on5,22,13076.0,58.0,0.68,0.64,0.63,149.47,15.46,10.05,38.17,5.1,82.82,58.4,14.71,15.69,14.94,138.0,72.0,72.0,282.0,13.0,24.0,2.0,28.0,0.0,70.0,75.0,125.0,197.0,7.0,14.0,124.0,40.0,20.0,72.0,152.0,39.0,19.0,5.04,5.12,5.29,7.0,4.0,2.0,286.48,210.0,211.98,21.0,2.09,5.4,5.4,12.15,12.3,11.94,89.32,7.35,5.67,23.44,3.06,49.48,35.01,7.08,7.37,7.08,77.0,47.0,33.0,157.0,4.0,11.0,2.0,17.0,0.0,39.0,53.0,73.0,120.0,13.0,24.0,112.0,68.0,25.0,77.0,93.0,23.0,8.0,2.28,2.89,2.18,1.0,1.0,2.0,155.16,124.0,123.25,37.0,1.17,2.17,2.17,6.35,6.32,6.24,2024,4.25634750688284,2.02355460385439,37.993270113184465,5.230957479351484,11.012542061792598,5.506271030896299,19.822575711226676,0.8408796895213454,0.5254237288135594,-1.6518813092688898,0.68,0.64,0
847591384779648478403,2024,Barbashev-Eichel-Stone,VGK,line,5on5,48,27761.0,137.0,0.51,0.5,0.51,248.91,21.18,16.02,60.71,8.27,135.0,100.82,20.43,21.41,20.67,219.0,123.0,141.0,483.0,27.0,16.0,2.0,53.0,0.0,134.0,112.0,192.0,315.0,11.0,22.0,240.0,104.0,50.0,169.0,255.0,71.0,16.0,8.09,8.94,4.15,11.0,12.0,4.0,489.29,342.0,345.5,72.0,3.33,3.1,3.1,21.41,21.64,21.13,240.46,20.17,14.97,60.72,8.01,130.66,96.47,19.24,20.24,19.29,210.0,121.0,143.0,474.0,19.0,21.0,1.0,43.0,0.0,119.0,129.0,191.0,312.0,23.0,48.0,282.0,138.0,49.0,133.0,259.0,47.0,25.0,6.79,6.22,7.17,11.0,4.0,4.0,471.48,331.0,329.46,63.0,3.1,4.66,4.66,18.61,18.62,18.19,2024,2.7465869385108603,2.6156118295450455,28.399553330211447,2.074853211339649,13.486545873707719,6.483916285436403,21.915637044775043,1.274787535410765,0.45977011494252873,-1.556139908504737,0.51,0.5,3
847579984763928478891,2024,Appleton-Lowry-Niederreiter,WPG,line,5on5,57,32661.0,154.0,0.54,0.51,0.5,296.9,25.92,18.59,77.36,10.03,159.8,119.3,24.67,26.68,25.41,271.0,140.0,152.0,563.0,22.0,38.0,4.0,77.0,0.0,130.0,144.0,249.0,389.0,27.0,63.0,348.0,278.0,47.0,137.0,310.0,65.0,36.0,7.26,7.95,10.72,11.0,5.0,6.0,581.56,411.0,423.4,69.0,3.87,8.47,8.47,21.32,21.94,21.53,289.11,22.09,18.5,77.56,9.96,158.76,116.12,21.01,21.85,20.74,247.0,156.0,133.0,536.0,12.0,38.0,2.0,62.0,0.0,146.0,145.0,235.0,391.0,31.0,71.0,299.0,302.0,46.0,152.0,327.0,56.0,20.0,9.25,7.32,5.52,9.0,1.0,2.0,521.58,403.0,395.83,74.0,3.85,6.63,6.63,19.31,19.02,18.54,2024,2.8569853954257374,2.4348305318269494,29.87048773766878,3.968035271424635,30.642050151556905,5.180490493248829,15.100578671810416,0.8487654320987654,0.5378670788253478,-0.44089280793607055,0.54,0.51,0
847794684820788483464,2024,Raymond-Kasper-Larkin,DET,line,5on5,26,16360.0,69.0,0.54,0.55,0.56,165.22,15.04,11.0,40.94,5.68,89.77,65.56,14.48,15.06,14.49,153.0,75.0,81.0,309.0,11.0,21.0,1.0,39.0,1.0,81.0,75.0,142.0,217.0,10.0,20.0,150.0,105.0,26.0,80.0,167.0,44.0,17.0,4.69,5.33,5.02,3.0,5.0,3.0,308.65,228.0,228.81,32.0,2.29,4.6,4.6,12.73,12.7,12.44,133.42,12.82,8.2,34.71,4.64,68.08,50.55,12.02,13.02,12.22,117.0,62.0,69.0,248.0,11.0,14.0,2.0,30.0,0.0,54.0,70.0,106.0,168.0,20.0,40.0,144.0,93.0,27.0,79.0,129.0,32.0,18.0,3.24,3.98,5.61,5.0,3.0,3.0,249.92,179.0,180.9,40.0,1.72,4.04,4.05,10.49,10.69,10.44,2024,3.3095354523227383,2.821026894865526,33.66748166259169,3.740831295843521,23.105134474327627,5.721271393643032,17.6039119804401,0.7313829787234043,0.5102040816326531,-2.2004889975550124,0.54,0.55,0
847399484741498482740,2024,Benn-Johnston-Dadonov,DAL,line,5on5,36,12636.0,229.0,0.4,0.39,0.37,80.75,7.55,5.42,20.63,2.8,43.65,30.94,7.39,7.69,7.53,71.0,40.0,60.0,171.0,12.0,6.0,2.0,15.0,0.0,27.0,51.0,59.0,99.0,15.0,32.0,135.0,56.0,17.0,81.0,75.0,29.0,7.0,2.31,3.62,1.63,5.0,6.0,1.0,176.87,111.0,114.81,37.0,1.13,0.71,0.71,7.98,8.15,8.05,136.42,11.21,8.55,35.37,4.45,74.49,53.93,10.88,10.97,10.65,115.0,73.0,74.0,262.0,10.0,14.0,1.0,34.0,1.0,60.0,69.0,105.0,178.0,8.0,16.0,128.0,97.0,22.0,62.0,145.0,32.0,11.0,4.13,3.86,3.22,3.0,5.0,2.0,252.55,188.0,182.1,27.0,1.78,2.5,2.5,10.48,10.28,10.14,2024,2.150997150997151,3.193732193732194,20.22792022792023,1.9943019943019944,15.954415954415955,4.843304843304844,23.076923076923077,1.589403973509934,0.5133079847908745,1.9943019943019944,0.4,0.39,1
848001584800288484387,2024,Michkov-Frost-Tippett,PHI,line,5on5,36,9457.0,255.0,0.51,0.5,0.53,81.28,7.29,5.49,21.05,2.83,44.17,32.16,6.81,7.45,6.94,75.0,38.0,44.0,157.0,9.0,10.0,1.0,17.0,0.0,22.0,55.0,66.0,104.0,6.0,12.0,100.0,55.0,16.0,40.0,83.0,23.0,7.0,2.34,2.83,2.13,4.0,4.0,1.0,159.06,113.0,114.4,23.0,1.14,1.9,1.9,6.53,6.61,6.36,74.26,6.92,4.97,18.45,2.36,38.46,28.84,6.72,7.08,6.86,82.0,18.0,58.0,158.0,6.0,7.0,1.0,24.0,0.0,26.0,37.0,76.0,94.0,9.0,18.0,78.0,89.0,16.0,45.0,73.0,17.0,10.0,1.81,2.08,3.03,1.0,2.0,3.0,159.55,100.0,100.95,24.0,1.03,1.99,1.99,5.96,6.07,6.02,2024,2.775087236967326,2.6342391879031406,28.55028021571323,2.6646928201332347,20.9368721581897,6.090726446018822,15.226816115047056,1.2345679012345678,0.5617977528089888,-1.1420112086285292,0.51,0.5,3
847847484808558482659,2024,Crouse-Mcbain-Doan,UTA,line,5on5,29,15410.0,86.0,0.66,0.58,0.58,157.95,15.18,9.63,41.69,5.38,82.21,59.92,14.6,15.06,14.5,135.0,79.0,82.0,296.0,15.0,18.0,1.0,26.0,0.0,86.0,69.0,120.0,199.0,11.0,28.0,141.0,198.0,22.0,82.0,151.0,45.0,18.0,4.54,5.62,5.01,10.0,3.0,2.0,295.11,214.0,213.71,41.0,2.02,3.65,3.65,13.55,13.41,13.15,111.11,7.68,6.39,28.96,3.71,60.6,45.66,7.56,7.67,7.55,98.0,55.0,61.0,214.0,6.0,5.0,0.0,24.0,0.0,49.0,69.0,92.0,147.0,10.0,26.0,136.0,116.0,15.0,91.0,124.0,22.0,7.0,3.26,2.52,1.9,3.0,2.0,1.0,214.6,153.0,152.76,44.0,1.31,0.66,0.66,8.33,8.34,8.24,2024,3.5462686567164177,1.7941596365996104,31.53796236210253,4.205061648280337,46.255678131083705,5.139519792342634,19.15639195327709,0.9881422924901186,0.5090252707581228,0.23361453601557428,0.66,0.58,0
847645384785198479542,2024,Hagel-Cirelli-Kucherov,TBL,line,5on5,64,14815.0,381.0,0.72,0.63,0.64,164.54,16.04,10.32,41.03,5.39,86.28,63.94,15.25,16.4,15.58,144.0,79.0,90.0,313.0,13.0,15.0,2.0,35.0,0.0,82.0,78.0,131.0,210.0,16.0,40.0,128.0,40.0,18.0,88.0,165.0,40.0,18.0,5.23,5.35,5.47,3.0,8.0,2.0,317.03,223.0,225.17,39.0,2.15,3.94,3.94,14.24,14.49,14.23,89.88,6.15,5.42,24.27,3.02,50.69,37.45,6.09,6.08,6.02,88.0,39.0,57.0,184.0,8.0,3.0,0.0,22.0,0.0,37.0,57.0,80.0,119.0,15.0,36.0,113.0,82.0,28.0,71.0,109.0,15.0,3.0,3.37,1.74,1.04,6.0,2.0,0.0,181.68,127.0,126.62,43.0,1.11,0.54,0.54,6.72,6.68,6.61,2024,3.897671279109011,1.4944313196085048,34.99156260546743,4.373945325683429,9.71987850151873,4.373945325683429,21.383732703341206,0.8104738154613467,0.5311203319502075,0.24299696253796826,0.72,0.63,0
847415784751668477939,2024,Pacioretty-Tavares-Nylander,TOR,line,5on5,28,10730.0,145.0,0.49,0.46,0.46,95.22,9.47,6.36,24.32,3.12,49.64,36.1,9.0,9.83,9.34,89.0,40.0,44.0,173.0,11.0,7.0,0.0,16.0,1.0,42.0,52.0,78.0,118.0,15.0,33.0,112.0,79.0,10.0,55.0,91.0,26.0,12.0,2.64,3.48,3.35,4.0,5.0,2.0,179.95,129.0,133.96,24.0,1.34,1.89,1.89,8.92,9.28,9.01,107.94,9.83,6.89,27.24,3.79,60.31,44.94,9.53,9.84,9.54,92.0,61.0,47.0,200.0,8.0,12.0,4.0,21.0,0.0,45.0,67.0,84.0,145.0,8.0,19.0,78.0,90.0,18.0,41.0,114.0,31.0,8.0,2.99,4.11,2.74,2.0,2.0,4.0,198.29,153.0,152.57,25.0,1.42,2.41,2.6,8.66,8.64,8.57,2024,3.177260018639329,3.2980428704566633,29.860205032618826,4.026095060577819,26.50512581547064,3.3550792171481825,18.452935694315006,1.1615628299894403,0.5894736842105263,2.348555452003728,0.49,0.46,3
847517084793858482077,2024,Holloway-Schenn-Kyrou,STL,line,5on5,56,29946.0,193.0,0.58,0.53,0.54,253.5,21.8,15.66,62.71,8.25,137.05,100.52,21.23,22.02,21.45,244.0,102.0,150.0,496.0,29.0,21.0,4.0,50.0,1.0,113.0,132.0,215.0,317.0,26.0,67.0,240.0,218.0,39.0,152.0,262.0,59.0,25.0,7.47,7.38,6.95,16.0,6.0,7.0,502.94,346.0,348.2,59.0,3.23,4.54,4.54,20.49,20.67,20.4,212.31,16.02,12.95,54.05,7.05,116.48,87.45,15.2,15.98,15.15,196.0,98.0,139.0,433.0,14.0,20.0,3.0,47.0,0.0,93.0,120.0,182.0,280.0,32.0,79.0,207.0,168.0,35.0,154.0,232.0,43.0,19.0,5.84,5.05,5.13,6.0,5.0,3.0,427.28,294.0,291.97,79.0,2.68,3.91,3.91,14.79,14.77,14.47,2024,2.6207172911240235,1.9258665598076536,29.332799038268885,3.0054097375275495,26.20717291124023,4.688439190542978,18.2728912041675,1.3302752293577982,0.5369127516778524,-0.721298337006612,0.58,0.53,3
847517284764568481028,2024,Huberdeau-Kadri-Pospisil,CGY,line,5on5,49,17487.0,303.0,0.52,0.58,0.58,179.46,12.44,10.88,48.77,6.09,99.17,71.65,12.09,12.38,12.03,171.0,78.0,104.0,353.0,15.0,13.0,0.0,47.0,0.0,79.0,95.0,156.0,234.0,27.0,69.0,188.0,155.0,32.0,91.0,203.0,35.0,11.0,5.13,4.22,3.09,8.0,5.0,2.0,349.27,249.0,247.21,42.0,2.27,2.37,2.37,12.34,12.32,12.05,130.86,11.72,8.74,31.58,4.25,71.4,51.31,11.34,12.03,11.64,122.0,57.0,73.0,252.0,11.0,7.0,0.0,29.0,1.0,50.0,81.0,111.0,168.0,25.0,60.0,224.0,110.0,27.0,83.0,122.0,46.0,11.0,3.1,5.95,2.67,2.0,9.0,0.0,256.0,179.0,182.45,47.0,1.83,1.09,1.09,12.46,12.76,12.52,2024,2.5609881626351,2.4127637673700466,35.203293875450335,2.2645393721049922,31.9094184251158,6.587750900669069,18.733916623777663,1.2057877813504823,0.4563106796116505,0.4117344312918168,0.52,0.58,3
847844484784988480012,2024,Debrusk-Pettersson-Boeser,VAN,line,5on5,35,9587.0,289.0,0.49,0.48,0.46,74.25,5.19,4.31,18.69,2.38,41.41,32.02,4.92,5.2,4.93,74.0,30.0,49.0,153.0,5.0,6.0,2.0,14.0,0.0,37.0,42.0,69.0,99.0,6.0,12.0,71.0,59.0,14.0,41.0,87.0,9.0,8.0,1.96,1.08,2.15,4.0,0.0,1.0,151.62,104.0,103.56,21.0,0.88,1.29,1.29,4.77,4.75,4.69,86.86,5.46,5.23,23.11,2.97,48.37,35.87,5.35,5.62,5.5,70.0,51.0,48.0,169.0,9.0,6.0,2.0,18.0,0.0,39.0,49.0,61.0,112.0,8.0,20.0,87.0,44.0,12.0,45.0,102.0,16.0,3.0,2.52,2.12,0.82,7.0,2.0,0.0,171.4,121.0,122.61,16.0,1.08,0.73,0.73,5.81,5.92,5.86,2024,1.94888912068426,2.050276415979973,27.78762908104725,3.0040680087618647,22.155001564618754,5.257119015333264,15.395848544904558,0.9633911368015413,0.44936708860759494,-0.7510170021904662,0.49,0.48,3
847414184779468479337,2024,Debrincat-Larkin-Kane,DET,line,5on5,44,10578.0,322.0,0.51,0.51,0.53,97.33,7.46,6.14,24.49,3.41,54.11,40.39,7.26,7.68,7.46,88.0,48.0,42.0,178.0,7.0,8.0,2.0,17.0,0.0,43.0,61.0,81.0,129.0,6.0,15.0,87.0,54.0,12.0,64.0,106.0,24.0,6.0,3.21,2.73,1.53,1.0,5.0,1.0,179.8,136.0,137.93,30.0,1.26,1.27,1.27,7.45,7.61,7.52,86.73,7.12,5.51,21.51,2.93,47.66,35.27,6.97,7.24,7.09,82.0,38.0,48.0,168.0,4.0,8.0,0.0,16.0,0.0,40.0,52.0,78.0,116.0,14.0,31.0,68.0,64.0,14.0,53.0,88.0,27.0,5.0,2.27,3.58,1.26,1.0,3.0,0.0,171.66,120.0,121.44,27.0,1.14,1.25,1.25,7.01,7.14,7.07,2024,2.53885422575156,2.423142370958593,29.94895065229722,2.041973908111174,18.377765173000565,4.083947816222348,21.781055019852523,0.938337801608579,0.5612903225806452,-2.7226318774815654,0.51,0.51,3
847643884768818481604,2024,Saad-Hertl-Dorofeyev,VGK,line,5on5,16,9792.0,44.0,0.62,0.59,0.59,111.23,9.86,7.33,28.74,3.7,59.28,44.09,9.4,9.96,9.48,94.0,59.0,54.0,207.0,10.0,17.0,1.0,18.0,2.0,58.0,48.0,84.0,143.0,6.0,14.0,83.0,37.0,21.0,50.0,112.0,31.0,10.0,3.5,3.82,2.54,5.0,5.0,0.0,213.23,153.0,155.75,23.0,1.54,2.56,2.22,9.19,9.28,9.1,77.37,6.15,4.78,19.59,2.67,42.24,31.57,5.59,6.11,5.57,74.0,33.0,34.0,141.0,6.0,8.0,0.0,22.0,0.0,30.0,41.0,68.0,101.0,7.0,14.0,89.0,67.0,10.0,58.0,86.0,14.0,7.0,2.52,1.58,2.05,4.0,2.0,0.0,138.41,107.0,105.97,29.0,0.98,1.84,1.84,5.29,5.3,5.25,2024,3.6249999999999996,2.261029411764706,34.55882352941176,3.676470588235294,13.602941176470587,7.720588235294117,18.38235294117647,1.0141987829614605,0.48255813953488375,-0.3676470588235294,0.62,0.59,0
847515184757548484958,2024,Palmieri-Nelson-Tsyplakov,NYI,line,5on5,47,24976.0,144.0,0.55,0.5,0.5,229.24,21.12,15.55,58.39,7.83,124.27,88.83,20.43,21.16,20.47,198.0,118.0,118.0,434.0,21.0,23.0,3.0,47.0,0.0,99.0,126.0,177.0,295.0,25.0,53.0,223.0,151.0,44.0,120.0,241.0,45.0,30.0,7.59,5.55,7.98,8.0,8.0,5.0,432.97,316.0,315.68,64.0,3.25,5.43,5.43,18.93,19.0,18.73,224.16,17.1,13.87,56.0,7.81,123.2,92.02,16.71,17.18,16.78,201.0,109.0,117.0,427.0,18.0,18.0,1.0,33.0,1.0,104.0,136.0,183.0,292.0,23.0,49.0,193.0,179.0,47.0,102.0,241.0,55.0,14.0,6.34,7.04,3.72,10.0,8.0,0.0,425.34,310.0,309.53,42.0,2.87,3.64,3.64,16.34,16.34,16.17,2024,3.0442024343369636,2.4647661755285077,28.53939782190903,4.324151185137732,21.764894298526585,6.342088404868674,17.29660474055093,0.9943181818181818,0.5360576923076923,0.2882767456758488,0.55,0.5,0
847645984764688482157,2024,Cuylle-Miller-Zibanejad,NYR,line,5on5,17,7738.0,95.0,0.54,0.54,0.54,67.65,5.39,4.18,18.66,2.62,38.65,27.49,5.3,5.42,5.33,62.0,35.0,39.0,136.0,8.0,3.0,1.0,18.0,0.0,30.0,38.0,54.0,89.0,9.0,18.0,82.0,76.0,14.0,40.0,75.0,18.0,4.0,2.1,2.05,1.24,5.0,2.0,1.0,136.95,97.0,97.13,15.0,0.87,1.0,1.0,5.27,5.25,5.18,60.38,4.67,3.88,14.89,2.05,32.77,23.73,4.56,4.71,4.6,50.0,32.0,34.0,116.0,8.0,6.0,1.0,12.0,1.0,26.0,29.0,42.0,74.0,7.0,16.0,83.0,44.0,10.0,40.0,61.0,19.0,2.0,1.74,2.42,0.51,2.0,6.0,0.0,114.44,82.0,81.56,19.0,0.8,0.89,0.89,4.57,4.61,4.55,2024,2.5076247092271906,2.172654432669941,28.84466270354097,1.8609459808736108,35.35797363659861,6.513310933057638,18.60945980873611,1.4842300556586272,0.49696969696969695,0.9304729904368054,0.54,0.54,3
848003984807628480829,2024,Robinson-Kotkaniemi-Necas,CAR,line,5on5,37,14495.0,195.0,0.55,0.58,0.58,155.72,14.1,9.8,38.8,5.17,82.35,59.77,13.66,14.42,13.97,138.0,72.0,68.0,278.0,20.0,22.0,6.0,30.0,0.0,63.0,75.0,118.0,190.0,11.0,26.0,123.0,75.0,19.0,69.0,155.0,40.0,15.0,4.67,5.15,4.29,9.0,5.0,6.0,286.06,210.0,215.32,29.0,2.03,4.64,4.64,11.49,11.79,11.63,112.2,11.6,7.38,26.79,3.81,58.26,44.16,11.0,11.57,10.96,109.0,43.0,47.0,199.0,13.0,14.0,1.0,12.0,0.0,41.0,72.0,96.0,139.0,14.0,28.0,121.0,123.0,18.0,61.0,104.0,34.0,14.0,3.37,4.58,3.66,6.0,5.0,2.0,195.3,152.0,150.39,26.0,1.54,3.17,3.17,9.97,9.91,9.76,2024,3.5018972059330804,2.8809934460158675,34.27388754743015,3.7254225595032775,18.627112797516386,4.718868575370818,17.136943773715075,1.4184397163120568,0.5040983606557377,-0.7450845119006555,0.55,0.58,0
847572684826678484801,2024,Eklund-Celebrini-Toffoli,SJS,line,5on5,30,13997.0,161.0,0.54,0.56,0.58,131.22,10.91,8.89,32.16,4.6,74.28,53.16,10.67,10.77,10.54,116.0,68.0,84.0,268.0,11.0,11.0,2.0,18.0,0.0,67.0,77.0,105.0,173.0,16.0,32.0,98.0,47.0,20.0,88.0,140.0,35.0,9.0,3.97,4.31,2.63,4.0,4.0,3.0,260.2,184.0,180.07,39.0,1.83,2.12,2.12,10.62,10.42,10.23,94.82,9.42,6.22,24.2,3.18,50.76,37.22,8.87,9.62,9.05,95.0,36.0,81.0,212.0,15.0,10.0,1.0,13.0,0.0,43.0,50.0,80.0,116.0,9.0,18.0,139.0,81.0,19.0,62.0,93.0,29.0,9.0,2.66,3.77,2.99,8.0,4.0,3.0,217.17,131.0,133.32,28.0,1.31,2.7,2.7,8.02,8.19,8.01,2024,2.8060298635421876,2.422804886761449,29.83496463527899,2.3147817389440597,12.088304636707866,5.143959419875688,22.633421447453028,1.008249312557287,0.41350210970464135,1.8003857969564907,0.54,0.56,3
847414184774298479337,2024,Kane-Copp-Debrincat,DET,line,5on5,25,10524.0,129.0,0.49,0.5,0.53,92.02,8.38,5.89,21.98,2.94,50.72,36.08,7.98,8.18,7.79,81.0,45.0,41.0,167.0,10.0,10.0,1.0,22.0,0.0,36.0,48.0,71.0,116.0,7.0,14.0,89.0,27.0,14.0,44.0,92.0,24.0,10.0,2.61,2.74,3.03,4.0,4.0,2.0,165.2,126.0,124.29,20.0,1.22,2.53,2.53,7.08,6.94,6.87,83.45,8.61,5.36,21.62,2.95,41.35,31.11,8.18,8.69,8.27,75.0,36.0,56.0,167.0,10.0,7.0,1.0,12.0,0.0,27.0,55.0,65.0,101.0,10.0,20.0,73.0,69.0,13.0,45.0,78.0,22.0,11.0,2.3,2.92,3.38,4.0,4.0,2.0,167.24,111.0,111.03,17.0,1.13,2.0,2.0,7.73,7.86,7.67,2024,2.866590649942988,2.945267958950969,27.708095781071837,3.420752565564424,9.236031927023944,4.789053591790194,15.051311288483467,1.1933174224343674,0.5493827160493827,-1.0262257696693273,0.49,0.5,3
847121484768808478440,2024,Ovechkin-Strome-Wilson,WSH,line,5on5,27,7904.0,214.0,0.44,0.47,0.49,69.9,5.51,4.07,18.46,2.6,36.96,28.4,5.21,5.45,5.15,67.0,29.0,30.0,126.0,6.0,7.0,1.0,18.0,0.0,22.0,43.0,61.0,90.0,8.0,16.0,69.0,44.0,5.0,38.0,79.0,10.0,7.0,1.88,1.38,2.24,3.0,2.0,1.0,124.26,96.0,94.58,10.0,0.84,1.62,1.62,4.73,4.73,4.62,74.92,7.04,4.82,16.78,2.35,39.8,30.21,6.95,7.1,7.01,73.0,28.0,40.0,141.0,8.0,9.0,1.0,12.0,0.0,26.0,46.0,65.0,93.0,6.0,12.0,68.0,29.0,15.0,43.0,73.0,19.0,9.0,1.99,2.41,2.64,1.0,2.0,5.0,144.05,101.0,102.73,21.0,1.0,1.49,1.49,6.54,6.58,6.56,2024,2.5096153846153846,3.2064777327935223,30.516194331983808,3.188259109311741,20.040485829959515,2.2773279352226723,17.307692307692307,1.088929219600726,0.5036496350364964,0.9109311740890689,0.44,0.47,3
847802084815968482092,2024,Greig-Pinto-Amadio,OTT,line,5on5,32,12543.0,144.0,0.53,0.46,0.49,98.83,8.4,6.56,25.93,3.46,55.19,38.47,8.17,8.35,8.13,103.0,35.0,44.0,182.0,10.0,12.0,2.0,24.0,1.0,44.0,47.0,93.0,128.0,16.0,35.0,128.0,77.0,28.0,51.0,103.0,27.0,8.0,2.92,3.36,2.13,2.0,6.0,2.0,182.34,138.0,138.0,27.0,1.36,2.23,2.23,7.53,7.49,7.41,102.08,7.59,6.25,27.3,3.82,55.89,42.16,7.22,7.69,7.33,99.0,44.0,68.0,211.0,10.0,9.0,2.0,24.0,0.0,46.0,54.0,89.0,133.0,18.0,39.0,111.0,77.0,16.0,48.0,116.0,20.0,7.0,2.99,2.52,2.07,7.0,1.0,2.0,211.39,143.0,144.27,17.0,1.3,1.95,1.95,6.93,7.04,6.93,2024,2.4109064817029418,2.178426213824444,29.562305668500358,2.296101411145659,22.099976082276967,8.036354939009806,14.637646496053575,1.1904761904761905,0.5355648535564853,-0.5740253527864148,0.53,0.46,3
847522084779198478508,2024,Foligno-Gaudreau-Trenin,MIN,line,5on5,39,11453.0,309.0,0.56,0.5,0.49,87.3,7.55,5.54,23.39,2.98,45.26,33.27,7.26,7.75,7.45,85.0,33.0,52.0,170.0,9.0,12.0,2.0,13.0,0.0,36.0,48.0,76.0,109.0,13.0,34.0,98.0,133.0,17.0,64.0,84.0,26.0,8.0,2.0,3.33,2.22,2.0,5.0,2.0,172.58,118.0,120.33,37.0,1.16,2.41,2.41,6.31,6.42,6.35,89.1,5.85,5.4,22.6,2.98,50.4,36.77,5.74,5.77,5.66,79.0,45.0,47.0,171.0,6.0,8.0,0.0,22.0,0.0,36.0,52.0,73.0,118.0,8.0,25.0,96.0,77.0,14.0,78.0,103.0,17.0,4.0,2.85,2.09,0.91,1.0,5.0,0.0,165.96,124.0,121.1,32.0,1.11,0.93,0.93,6.04,5.97,5.93,2024,2.373177333449751,1.8388195232690123,26.717890509036934,2.514624989085829,41.80564044355191,5.3435781018073865,20.116999912686634,1.1920529801324504,0.5051546391752577,1.571640618178643,0.56,0.5,4
847341984757458477496,2024,Marchand-Coyle-Lindholm,BOS,line,5on5,36,12941.0,226.0,0.5,0.47,0.47,114.24,10.72,7.47,27.72,3.72,61.18,44.2,10.42,10.53,10.22,98.0,57.0,73.0,228.0,9.0,13.0,1.0,22.0,0.0,49.0,62.0,89.0,146.0,17.0,34.0,146.0,89.0,22.0,72.0,114.0,26.0,15.0,3.18,3.36,4.18,3.0,3.0,3.0,225.41,155.0,153.87,41.0,1.56,2.55,2.55,9.74,9.6,9.46,127.68,10.84,7.96,34.44,4.32,68.55,50.89,10.53,11.08,10.76,97.0,80.0,76.0,253.0,6.0,11.0,1.0,26.0,0.0,61.0,73.0,91.0,171.0,19.0,38.0,120.0,66.0,19.0,63.0,135.0,30.0,12.0,3.88,3.97,3.0,3.0,2.0,1.0,258.05,177.0,179.9,30.0,1.67,2.26,2.26,10.25,10.43,10.27,2024,2.98214975658759,3.015532029982227,27.26218993895371,4.172784174329649,24.75851943435592,6.120083455683487,20.02936403678232,0.8395522388059701,0.5488721804511278,-0.5563712232439533,0.5,0.47,3
847741684800098483524,2024,Bjorkstrand-Wright-Tolvanen,SEA,line,5on5,36,11391.0,224.0,0.6,0.52,0.54,112.62,9.12,7.0,28.46,3.83,61.17,45.41,8.6,9.09,8.59,93.0,62.0,55.0,210.0,10.0,10.0,0.0,20.0,1.0,60.0,54.0,83.0,145.0,4.0,11.0,90.0,110.0,16.0,46.0,114.0,34.0,7.0,2.98,4.24,1.9,5.0,4.0,1.0,209.3,155.0,154.88,19.0,1.46,1.73,1.49,9.09,9.13,8.94,94.37,6.16,5.75,24.94,3.28,54.13,39.73,6.03,6.3,6.17,84.0,50.0,59.0,193.0,6.0,11.0,0.0,23.0,0.0,37.0,57.0,78.0,128.0,14.0,33.0,88.0,69.0,20.0,42.0,115.0,14.0,5.0,3.29,1.56,1.31,4.0,2.0,0.0,197.41,134.0,136.89,23.0,1.17,1.52,1.52,5.81,5.92,5.83,2024,2.8822754806426123,1.9468001053463262,29.391624967079274,2.2122728469844617,34.76428759547011,5.056623650250198,14.537792994469319,1.0964912280701755,0.5056179775280899,-3.1603897814063737,0.6,0.52,3
847534384793908479520,2024,Raddysh-Dowd-Duhaime,WSH,line,5on5,57,19443.0,374.0,0.52,0.49,0.47,136.68,12.76,8.81,34.02,4.73,76.94,55.74,12.5,12.97,12.72,116.0,77.0,109.0,302.0,10.0,15.0,1.0,26.0,0.0,52.0,90.0,106.0,183.0,24.0,60.0,204.0,157.0,25.0,74.0,142.0,37.0,14.0,3.95,4.88,3.93,5.0,4.0,1.0,309.16,193.0,197.18,44.0,1.82,3.05,3.05,11.53,11.71,11.65,159.55,11.9,10.14,42.32,5.74,85.76,66.15,11.62,11.75,11.47,143.0,79.0,98.0,320.0,16.0,12.0,3.0,29.0,0.0,80.0,85.0,127.0,206.0,20.0,54.0,172.0,143.0,21.0,77.0,177.0,36.0,9.0,4.73,4.7,2.48,4.0,9.0,3.0,314.87,222.0,219.46,33.0,2.11,1.9,1.9,12.12,11.99,11.84,2024,2.362598364449931,2.203363678444685,21.478166949544825,2.5921925628761,29.069588026539115,4.628915290850178,13.701589260916526,0.7836990595611285,0.5425531914893617,0.7406264465360285,0.52,0.49,4
847795184793438483431,2024,Cooley-Schmaltz-Keller,UTA,line,5on5,43,16292.0,245.0,0.55,0.53,0.52,138.13,12.2,8.85,34.61,4.72,75.31,54.32,11.69,12.09,11.58,125.0,65.0,92.0,282.0,19.0,17.0,2.0,26.0,0.0,64.0,64.0,106.0,171.0,18.0,37.0,121.0,44.0,19.0,90.0,136.0,46.0,8.0,4.19,5.86,2.15,6.0,10.0,3.0,281.23,190.0,190.38,38.0,1.84,2.47,2.47,11.57,11.5,11.26,123.35,10.07,7.5,31.25,4.39,67.76,52.04,9.78,10.17,9.87,105.0,68.0,75.0,248.0,10.0,9.0,2.0,24.0,0.0,66.0,64.0,95.0,163.0,19.0,41.0,145.0,106.0,21.0,89.0,135.0,34.0,4.0,4.16,4.5,1.4,7.0,2.0,1.0,249.26,173.0,174.22,44.0,1.56,1.54,1.54,10.09,10.19,9.97,2024,2.6958016204272033,2.2251411735821263,27.620918242082002,1.767738767493248,9.722563221212864,4.198379572796464,19.887061134299042,1.557377049180328,0.4548872180451128,-0.220967345936656,0.55,0.53,3
847933984815238481618,2024,Laine-Newhook-Dach,MTL,line,5on5,21,12606.0,47.0,0.41,0.46,0.45,93.51,7.64,5.81,23.46,3.22,51.19,37.68,7.54,7.8,7.7,83.0,46.0,56.0,185.0,9.0,6.0,0.0,19.0,1.0,45.0,49.0,74.0,120.0,13.0,26.0,72.0,81.0,25.0,48.0,97.0,26.0,6.0,2.83,3.25,1.56,6.0,3.0,0.0,186.58,129.0,130.69,25.0,1.2,1.07,1.07,7.77,7.91,7.86,112.78,10.9,7.37,27.51,3.72,60.39,45.11,10.7,11.0,10.8,105.0,50.0,61.0,216.0,10.0,11.0,1.0,22.0,0.0,56.0,56.0,95.0,145.0,7.0,14.0,118.0,73.0,18.0,64.0,110.0,32.0,13.0,2.95,4.2,3.75,3.0,5.0,2.0,216.16,155.0,155.72,31.0,1.52,2.35,2.35,10.08,10.18,10.09,2024,2.1818181818181817,3.112803426939553,23.70299857210852,1.7134697762970015,23.131841980009522,7.1394574012375065,13.707758210376012,1.1780104712041886,0.37894736842105264,1.7134697762970015,0.41,0.46,1
847848384793188482720,2024,Knies-Matthews-Marner,TOR,line,5on5,64,35901.0,173.0,0.58,0.52,0.54,339.93,32.97,23.16,84.7,11.27,179.54,129.35,31.46,33.34,31.81,317.0,144.0,162.0,623.0,36.0,39.0,5.0,54.0,2.0,150.0,180.0,281.0,425.0,36.0,83.0,367.0,229.0,61.0,194.0,322.0,105.0,34.0,10.26,13.49,9.23,12.0,19.0,5.0,632.57,461.0,468.2,92.0,4.85,7.17,7.1,30.72,30.96,30.24,282.65,23.46,17.9,74.42,9.76,153.28,114.17,22.48,23.4,22.43,274.0,119.0,176.0,569.0,23.0,34.0,2.0,52.0,0.0,132.0,152.0,251.0,370.0,34.0,77.0,284.0,194.0,43.0,175.0,298.0,67.0,28.0,7.61,8.15,7.7,14.0,7.0,2.0,562.03,393.0,390.57,86.0,3.71,5.91,5.91,21.27,21.22,20.89,2024,3.306091752318877,2.35246929054901,31.787415392328903,3.409375783404362,22.963148658811733,6.116821258460767,19.453497117071947,1.091901728844404,0.5637480798771122,0.2005515166708448,0.58,0.52,0
847514984784938481557,2024,Johansson-Eriksson Ek-Boldy,MIN,line,5on5,20,8675.0,89.0,0.58,0.59,0.61,83.55,6.6,5.08,20.0,2.76,44.67,35.89,6.38,6.86,6.63,80.0,35.0,44.0,159.0,7.0,9.0,0.0,12.0,0.0,41.0,46.0,73.0,108.0,6.0,12.0,74.0,32.0,14.0,21.0,87.0,24.0,4.0,2.38,2.94,1.29,5.0,2.0,0.0,166.24,115.0,119.54,11.0,1.04,1.6,1.6,6.04,6.32,6.24,53.42,4.71,3.52,14.17,1.85,28.68,22.07,4.26,4.63,4.18,47.0,28.0,37.0,112.0,3.0,7.0,1.0,11.0,0.0,19.0,35.0,44.0,72.0,8.0,16.0,81.0,59.0,10.0,34.0,59.0,9.0,7.0,1.52,1.1,2.09,0.0,1.0,2.0,109.09,75.0,73.32,18.0,0.74,1.47,1.47,3.98,3.89,3.8,2024,2.7389048991354463,1.9545821325648414,33.19884726224784,1.659942363112392,13.279538904899136,5.8097982708933715,8.714697406340058,1.0606060606060606,0.4774193548387097,-0.829971181556196,0.58,0.59,2
847514984756928477919,2024,Johansson-Gaudreau-Zuccarello,MIN,line,5on5,22,8789.0,133.0,0.47,0.45,0.45,72.63,5.08,4.38,18.39,2.31,38.52,29.32,5.0,5.1,5.02,72.0,26.0,36.0,134.0,5.0,5.0,0.0,16.0,1.0,33.0,38.0,67.0,93.0,4.0,8.0,58.0,43.0,18.0,39.0,81.0,13.0,4.0,2.13,1.6,1.35,3.0,2.0,0.0,132.38,98.0,96.81,20.0,0.9,1.34,1.34,4.64,4.62,4.58,85.48,5.79,5.09,22.22,2.73,48.41,35.76,5.57,5.79,5.56,71.0,49.0,45.0,165.0,5.0,7.0,1.0,20.0,0.0,36.0,52.0,66.0,115.0,5.0,10.0,95.0,48.0,15.0,37.0,101.0,12.0,7.0,2.42,1.51,1.87,4.0,0.0,1.0,165.88,120.0,120.92,16.0,1.04,1.24,1.24,5.59,5.54,5.44,2024,2.0807827966776653,2.37160086471726,29.491409716691315,1.6384116509272955,17.612925247468425,7.372852429172829,15.97451359654113,0.984251968503937,0.3790849673202614,-0.40960291273182386,0.47,0.45,1
847645384774048478010,2024,Guentzel-Point-Kucherov,TBL,line,5on5,67,39603.0,132.0,0.51,0.51,0.5,368.81,32.1,24.78,88.98,11.93,197.17,146.02,30.98,32.44,31.31,342.0,159.0,199.0,700.0,44.0,38.0,6.0,72.0,3.0,170.0,174.0,298.0,457.0,26.0,58.0,330.0,88.0,49.0,211.0,369.0,107.0,25.0,12.24,13.31,6.54,20.0,19.0,5.0,717.19,501.0,509.93,89.0,5.19,6.46,6.46,30.83,31.15,30.64,365.45,30.93,23.32,93.63,12.31,195.53,145.27,29.41,30.56,29.06,350.0,151.0,182.0,683.0,26.0,46.0,1.0,90.0,0.0,143.0,196.0,324.0,475.0,37.0,79.0,380.0,214.0,42.0,161.0,379.0,87.0,35.0,11.21,10.1,9.63,20.0,4.0,2.0,669.98,501.0,496.04,72.0,4.85,8.85,8.85,26.94,26.65,26.06,2024,2.9179607605484437,2.8116051814256497,31.088553897432014,2.2725551094614045,7.9993939853041445,4.454208014544353,19.180365123854255,1.3707165109034267,0.4647887323943662,-0.9999242481630181,0.51,0.51,3
847688184781098481604,2024,Olofsson-Hertl-Dorofeyev,VGK,line,5on5,23,8131.0,148.0,0.63,0.56,0.59,78.76,6.25,4.81,20.89,2.67,43.01,30.36,6.01,6.27,6.04,69.0,39.0,33.0,141.0,9.0,8.0,1.0,18.0,0.0,34.0,39.0,60.0,99.0,6.0,18.0,66.0,44.0,12.0,32.0,86.0,14.0,8.0,2.4,1.66,2.19,4.0,4.0,1.0,141.12,108.0,107.91,16.0,1.0,1.83,2.0,5.25,5.26,5.2,54.02,3.66,3.28,13.75,1.84,29.84,22.64,3.49,3.69,3.51,44.0,31.0,37.0,112.0,5.0,4.0,1.0,10.0,0.0,31.0,25.0,39.0,70.0,8.0,22.0,68.0,61.0,10.0,38.0,62.0,10.0,3.0,1.65,1.11,0.89,3.0,1.0,1.0,112.4,75.0,75.58,16.0,0.68,0.57,0.57,3.76,3.78,3.73,2024,2.767187307834215,1.620464887467716,30.54974787848973,3.541999754027795,19.480998647152873,5.312999631041692,14.16799901611118,1.44,0.4925373134328358,-0.8854999385069487,0.63,0.56,0
847398684815338484153,2024,Killorn-Carlsson-Zegras,ANA,line,5on5,28,12961.0,140.0,0.38,0.49,0.48,106.81,7.62,6.63,27.13,3.65,61.63,45.34,7.46,7.67,7.5,100.0,52.0,57.0,209.0,10.0,5.0,0.0,23.0,0.0,49.0,65.0,90.0,142.0,14.0,28.0,80.0,77.0,16.0,52.0,130.0,17.0,5.0,4.1,2.17,1.35,7.0,3.0,0.0,211.86,152.0,154.07,27.0,1.36,0.89,0.89,8.1,8.16,8.1,120.61,12.6,7.91,28.39,3.94,62.54,48.63,12.02,12.54,11.98,113.0,51.0,50.0,214.0,11.0,12.0,3.0,25.0,0.0,43.0,73.0,102.0,153.0,8.0,16.0,103.0,75.0,22.0,53.0,109.0,39.0,16.0,3.35,5.05,4.19,3.0,5.0,3.0,211.24,164.0,163.04,24.0,1.66,2.65,2.65,11.6,11.54,11.28,2024,2.1165033562225135,3.4997299591080933,27.77563459609598,1.3887817298047989,21.387238638993903,4.444101535375356,14.443329989969909,1.3123359580052494,0.4371584699453552,1.6665380757657589,0.38,0.49,1
847353384769218477478,2024,Martinook-Staal-Carrier,CAR,line,5on5,35,13983.0,138.0,0.66,0.66,0.65,162.73,14.98,10.77,44.68,5.69,88.66,62.23,14.49,15.03,14.54,135.0,92.0,91.0,318.0,8.0,26.0,3.0,28.0,0.0,88.0,77.0,127.0,219.0,14.0,28.0,196.0,131.0,23.0,56.0,167.0,41.0,19.0,4.46,5.36,5.17,3.0,2.0,3.0,319.61,227.0,227.87,19.0,2.27,4.93,4.93,12.32,12.41,12.22,87.01,7.75,6.05,21.2,2.88,47.91,34.21,7.52,7.76,7.52,83.0,37.0,46.0,166.0,8.0,8.0,2.0,17.0,0.0,42.0,45.0,75.0,112.0,6.0,12.0,124.0,92.0,21.0,88.0,91.0,20.0,9.0,2.66,2.57,2.52,5.0,1.0,2.0,164.92,120.0,119.28,52.0,1.26,1.99,1.99,7.03,7.02,6.92,2024,3.856683115211328,1.9952799828363013,34.75649002360009,4.891654151469641,33.7266680969749,5.9214760780948295,14.417506972752628,0.5340453938584779,0.6125,2.0596438532503756,0.66,0.66,0
847534384782338479520,2024,Mangiapane-Dowd-Duhaime,WSH,line,5on5,27,9192.0,188.0,0.4,0.43,0.44,55.16,4.1,3.27,14.11,1.84,31.69,22.99,3.94,4.21,4.03,52.0,26.0,39.0,117.0,2.0,4.0,0.0,17.0,0.0,20.0,35.0,50.0,76.0,9.0,18.0,62.0,74.0,9.0,45.0,61.0,14.0,3.0,1.66,1.68,0.76,1.0,1.0,0.0,118.1,78.0,79.62,25.0,0.67,0.61,0.61,4.16,4.26,4.11,72.51,6.23,4.7,18.7,2.46,39.58,29.34,6.01,6.16,5.94,64.0,37.0,55.0,156.0,2.0,7.0,0.0,15.0,0.0,37.0,40.0,62.0,99.0,10.0,20.0,78.0,75.0,17.0,32.0,79.0,15.0,7.0,2.15,2.07,2.0,1.0,0.0,1.0,154.36,101.0,100.19,12.0,0.98,1.44,1.44,5.77,5.72,5.61,2024,1.6057441253263707,2.4399477806788514,20.365535248041777,1.174934725848564,28.98172323759791,3.524804177545692,17.62402088772846,0.48780487804878053,0.44285714285714284,-0.391644908616188,0.4,0.43,1
847648084779408482149,2024,Ehlers-Namestnikov-Perfetti,WPG,line,5on5,63,33493.0,216.0,0.53,0.54,0.55,321.18,26.33,20.38,82.81,10.86,170.68,128.93,25.25,27.19,26.07,265.0,175.0,151.0,591.0,24.0,37.0,4.0,66.0,0.0,125.0,188.0,241.0,416.0,33.0,72.0,239.0,193.0,44.0,130.0,334.0,78.0,28.0,9.15,9.84,7.34,10.0,9.0,5.0,610.79,440.0,452.18,67.0,4.24,6.32,6.32,24.26,25.0,24.42,261.59,22.95,16.66,67.95,9.29,141.13,105.02,21.97,22.6,21.62,222.0,141.0,148.0,511.0,14.0,25.0,1.0,55.0,0.0,123.0,146.0,208.0,349.0,29.0,64.0,319.0,266.0,51.0,161.0,262.0,78.0,23.0,6.89,9.73,6.33,9.0,4.0,1.0,497.95,363.0,355.52,83.0,3.46,5.38,5.38,21.02,20.65,20.36,2024,2.830083898127967,2.466784104141164,28.48356372973457,3.0095840921983696,20.74463320693876,4.729346430597438,13.973068999492432,0.9115077857956704,0.4283154121863799,0.4299405845997671,0.53,0.54,3
847646184784398484387,2024,Michkov-Couturier-Konecny,PHI,line,5on5,37,13849.0,268.0,0.53,0.47,0.51,141.8,13.82,9.39,36.1,4.83,75.22,55.63,12.17,13.76,12.13,137.0,58.0,53.0,248.0,16.0,23.0,3.0,26.0,0.0,56.0,74.0,121.0,179.0,9.0,18.0,130.0,55.0,21.0,89.0,144.0,33.0,18.0,4.02,4.29,5.52,9.0,4.0,3.0,245.7,195.0,194.97,38.0,1.95,5.48,5.64,10.14,10.1,9.8,139.66,12.06,8.81,34.23,4.73,75.62,55.55,11.79,12.24,11.96,123.0,68.0,84.0,275.0,12.0,13.0,1.0,21.0,1.0,60.0,84.0,111.0,179.0,9.0,22.0,105.0,88.0,24.0,62.0,140.0,41.0,10.0,4.68,4.79,2.59,7.0,4.0,1.0,277.61,191.0,192.99,28.0,1.82,2.1,2.1,11.78,11.92,11.76,2024,3.5924615495703662,3.1349555924615498,35.61267961585674,4.679038197703806,14.297061159650516,5.4588778973211065,23.135244421979927,1.1577424023154848,0.5531914893617021,0.0,0.53,0.47,3
847515184753148477500,2024,Lee-Horvat-Palmieri,NYI,line,5on5,43,7845.0,377.0,0.45,0.46,0.45,70.74,6.22,4.6,17.6,2.26,35.74,26.58,6.03,6.31,6.11,63.0,30.0,49.0,142.0,6.0,8.0,0.0,18.0,0.0,31.0,30.0,57.0,87.0,4.0,8.0,59.0,35.0,12.0,51.0,65.0,24.0,4.0,2.17,3.04,1.0,1.0,5.0,0.0,140.87,93.0,92.84,27.0,0.96,1.42,1.42,5.76,5.84,5.75,83.86,7.61,5.46,21.37,2.81,45.44,33.31,7.36,7.74,7.49,76.0,40.0,48.0,164.0,10.0,9.0,2.0,18.0,0.0,31.0,48.0,66.0,106.0,4.0,8.0,52.0,43.0,12.0,40.0,80.0,29.0,7.0,2.09,3.7,1.82,2.0,6.0,2.0,168.11,116.0,118.33,14.0,1.14,2.07,2.07,6.68,6.76,6.65,2024,2.854302103250478,3.4921606118546844,28.910133843212236,1.8355640535372848,16.061185468451242,5.506692160611855,23.40344168260038,0.9646302250803859,0.5315315315315315,0.0,0.45,0.46,3
848080284820978482175,2024,Peterka-Mcleod-Quinn,BUF,line,5on5,28,8505.0,247.0,0.37,0.4,0.42,67.13,5.09,4.25,16.66,2.31,36.87,27.83,5.01,5.25,5.16,55.0,38.0,23.0,116.0,12.0,6.0,0.0,10.0,0.0,24.0,41.0,43.0,81.0,8.0,16.0,71.0,27.0,10.0,43.0,71.0,19.0,3.0,1.95,2.28,0.86,6.0,5.0,1.0,119.83,93.0,95.71,25.0,0.88,0.52,0.52,5.45,5.63,5.56,94.23,8.78,6.29,23.74,3.2,50.18,36.82,8.36,8.7,8.28,86.0,43.0,45.0,174.0,7.0,13.0,0.0,19.0,0.0,36.0,54.0,79.0,122.0,7.0,14.0,76.0,49.0,23.0,37.0,91.0,26.0,12.0,2.85,3.11,2.82,4.0,3.0,0.0,170.63,129.0,126.89,12.0,1.32,2.64,2.64,7.46,7.4,7.22,2024,2.1544973544973547,3.7164021164021164,23.280423280423282,1.26984126984127,11.428571428571429,4.2328042328042335,18.201058201058203,1.8,0.48299319727891155,0.4232804232804233,0.37,0.4,1
847687284779038480068,2024,Poehling-Laughton-Hathaway,PHI,line,5on5,23,10439.0,74.0,0.57,0.47,0.51,89.39,7.45,6.01,23.11,3.12,47.3,34.01,7.17,7.5,7.22,90.0,31.0,39.0,160.0,12.0,19.0,4.0,19.0,0.0,30.0,41.0,78.0,109.0,14.0,34.0,110.0,101.0,11.0,40.0,90.0,23.0,8.0,2.14,3.05,2.26,6.0,4.0,2.0,163.2,121.0,122.56,22.0,1.25,3.04,3.04,5.66,5.71,5.66,83.07,5.63,4.93,22.24,2.7,45.63,33.88,5.55,5.56,5.48,71.0,44.0,62.0,177.0,9.0,3.0,1.0,17.0,0.0,42.0,44.0,62.0,106.0,11.0,28.0,84.0,95.0,20.0,45.0,94.0,17.0,4.0,2.57,2.07,0.99,5.0,3.0,1.0,174.38,115.0,113.69,22.0,1.03,0.75,0.75,5.9,5.83,5.78,2024,2.569211610307501,1.9415652840310376,31.037455694989944,2.758884950665773,34.83092250215538,3.7934668071654376,13.794424753328864,1.610738255033557,0.5670103092783505,1.0345818564996647,0.57,0.47,4
847523184773928478115,2024,Engvall-Cizikas-Fasching,NYI,line,5on5,22,11563.0,78.0,0.62,0.6,0.6,122.31,11.29,8.05,30.94,4.3,64.45,47.97,10.75,10.89,10.38,119.0,48.0,75.0,242.0,6.0,19.0,1.0,32.0,1.0,62.0,47.0,113.0,161.0,11.0,25.0,113.0,77.0,19.0,51.0,121.0,35.0,11.0,3.54,4.58,3.16,4.0,2.0,0.0,234.01,167.0,162.04,24.0,1.67,3.8,3.8,9.16,8.9,8.78,80.48,6.86,5.01,20.15,2.67,43.11,32.2,6.62,7.02,6.78,71.0,39.0,49.0,159.0,6.0,7.0,1.0,19.0,0.0,34.0,44.0,65.0,104.0,13.0,31.0,77.0,71.0,24.0,56.0,84.0,21.0,5.0,2.47,2.81,1.58,5.0,1.0,0.0,165.52,110.0,112.93,22.0,1.04,1.55,1.55,6.35,6.49,6.37,2024,3.515004756551068,2.1357779123064953,37.04920868286777,3.4247167690045837,23.973017383032087,5.91541987373519,15.878232292657616,0.5314437555358725,0.5947368421052631,-0.6226757761826516,0.62,0.6,0
847747684774928478420,2024,Lehkonen-Mackinnon-Rantanen,COL,line,5on5,31,16187.0,127.0,0.54,0.57,0.58,168.39,14.26,10.95,42.62,5.66,92.55,66.96,13.74,14.2,13.69,166.0,67.0,83.0,316.0,15.0,20.0,3.0,29.0,1.0,88.0,80.0,151.0,218.0,7.0,14.0,151.0,45.0,29.0,79.0,183.0,34.0,16.0,5.86,4.23,4.17,6.0,4.0,5.0,312.45,233.0,231.62,31.0,2.28,3.99,3.99,12.55,12.53,12.2,126.46,12.26,8.44,31.61,4.24,65.94,47.51,11.71,12.44,11.88,115.0,55.0,64.0,234.0,12.0,17.0,2.0,27.0,0.0,48.0,66.0,103.0,158.0,19.0,38.0,178.0,63.0,23.0,74.0,120.0,36.0,14.0,3.16,4.56,4.54,6.0,3.0,3.0,240.0,170.0,173.82,40.0,1.77,4.44,4.44,9.59,9.72,9.6,2024,3.1714338666831403,2.7266324828566133,36.91851485760178,3.5584110706122196,10.008031136096868,6.449620065484647,17.569654661147833,1.0518934081346423,0.45896656534954405,-2.6688083029591647,0.54,0.57,0
847793384801858482113,2024,Luostarinen-Lundell-Reinhart,FLA,line,5on5,32,10100.0,250.0,0.54,0.53,0.53,79.58,6.01,4.61,20.98,2.56,42.43,31.42,5.77,6.05,5.81,71.0,37.0,42.0,150.0,10.0,7.0,2.0,12.0,0.0,43.0,36.0,61.0,98.0,5.0,10.0,96.0,89.0,19.0,46.0,90.0,11.0,7.0,2.18,1.46,2.38,7.0,1.0,2.0,149.42,108.0,107.66,24.0,0.95,1.93,1.93,5.02,5.06,4.97,69.15,5.2,4.0,16.99,2.19,36.5,29.12,5.05,5.2,5.05,68.0,26.0,39.0,133.0,5.0,4.0,0.0,9.0,0.0,30.0,46.0,63.0,89.0,7.0,14.0,85.0,78.0,21.0,36.0,75.0,12.0,7.0,1.93,1.45,1.81,2.0,2.0,1.0,133.75,94.0,94.23,22.0,0.83,0.9,0.9,5.13,5.1,4.98,2024,2.1421782178217823,1.8534653465346536,25.306930693069308,2.495049504950495,31.722772277227726,6.772277227722773,16.396039603960396,1.663893510815308,0.5303867403314917,-0.712871287128713,0.54,0.53,3
847353384769218480830,2024,Martinook-Staal-Svechnikov,CAR,line,5on5,25,7965.0,151.0,0.49,0.59,0.57,88.33,6.2,5.71,23.89,2.95,49.17,35.09,6.02,6.13,5.96,73.0,50.0,55.0,178.0,8.0,5.0,0.0,22.0,0.0,31.0,57.0,65.0,115.0,11.0,25.0,83.0,64.0,7.0,37.0,96.0,23.0,4.0,2.61,2.5,1.08,3.0,4.0,1.0,174.79,123.0,121.64,15.0,1.2,0.7,0.7,6.69,6.63,6.5,68.44,6.34,4.47,17.0,2.3,36.72,27.17,5.86,6.39,5.92,59.0,35.0,28.0,122.0,9.0,7.0,2.0,14.0,0.0,24.0,40.0,50.0,85.0,10.0,23.0,102.0,53.0,8.0,25.0,64.0,23.0,7.0,1.71,2.62,2.01,4.0,3.0,2.0,123.34,94.0,95.58,11.0,0.94,1.93,1.93,5.34,5.39,5.32,2024,2.80225988700565,2.865536723163842,32.994350282485875,1.807909604519774,28.926553672316384,3.1638418079096047,16.72316384180791,1.2903225806451613,0.4486486486486487,0.4519774011299435,0.49,0.59,3
847844984800278482740,2024,Robertson-Hintz-Johnston,DAL,line,5on5,33,12513.0,170.0,0.54,0.5,0.51,106.04,10.17,6.81,27.98,3.5,54.92,39.62,9.82,10.27,9.91,99.0,44.0,61.0,204.0,11.0,12.0,1.0,21.0,1.0,50.0,48.0,88.0,132.0,8.0,16.0,143.0,52.0,16.0,59.0,103.0,29.0,11.0,3.3,3.82,3.06,5.0,3.0,3.0,205.6,143.0,144.37,29.0,1.43,2.53,2.53,9.08,9.08,8.97,100.48,8.58,6.47,26.61,3.46,54.23,39.64,8.12,8.65,8.18,96.0,43.0,67.0,206.0,10.0,10.0,2.0,22.0,0.0,41.0,56.0,86.0,129.0,11.0,22.0,123.0,101.0,15.0,55.0,101.0,29.0,9.0,2.8,3.27,2.51,6.0,1.0,3.0,203.67,139.0,138.01,24.0,1.35,2.17,2.17,7.77,7.79,7.64,2024,2.925917046271877,2.4684727883001676,28.482378326540395,3.164708702948933,14.960441141213137,4.603212658834812,16.97434667945337,1.0816125860373649,0.5375939849624061,-0.8631023735315272,0.54,0.5,3
847646184784398480015,2024,Konecny-Couturier-Tippett,PHI,line,5on5,39,7757.0,371.0,0.48,0.5,0.48,77.27,6.91,4.86,21.41,2.82,40.61,30.39,6.44,6.99,6.52,69.0,38.0,48.0,155.0,4.0,10.0,0.0,11.0,0.0,32.0,50.0,65.0,103.0,9.0,18.0,76.0,40.0,22.0,46.0,79.0,19.0,9.0,1.9,2.47,2.53,3.0,1.0,0.0,154.64,107.0,106.68,18.0,1.02,2.33,2.75,5.18,5.21,5.06,83.78,7.47,5.41,21.2,2.75,45.34,32.83,6.85,7.68,7.01,67.0,48.0,41.0,156.0,11.0,11.0,2.0,12.0,0.0,43.0,38.0,56.0,104.0,11.0,22.0,61.0,34.0,10.0,36.0,89.0,19.0,7.0,2.83,2.44,2.21,5.0,4.0,2.0,159.39,115.0,117.69,15.0,1.13,2.45,2.45,6.15,6.28,6.14,2024,3.206909887843238,3.4668041768725018,32.02268918396287,4.1768725022560265,18.56387778780456,10.21013278329251,21.348459455975245,0.5788712011577424,0.5547445255474452,-0.9281938893902281,0.48,0.5,2
847688084794008481656,2024,Protas-Dubois-Wilson,WSH,line,5on5,39,11339.0,276.0,0.57,0.56,0.59,102.23,8.26,6.61,26.0,3.49,56.8,42.86,8.09,8.38,8.21,84.0,60.0,61.0,205.0,13.0,6.0,2.0,21.0,0.0,49.0,55.0,71.0,131.0,7.0,14.0,113.0,80.0,14.0,49.0,110.0,28.0,6.0,3.16,3.5,1.59,2.0,9.0,2.0,205.69,144.0,145.42,19.0,1.36,0.69,0.69,8.93,9.05,8.89,72.57,6.25,4.71,17.94,2.48,40.25,29.36,6.0,6.17,5.94,60.0,41.0,59.0,160.0,5.0,6.0,0.0,13.0,0.0,33.0,44.0,55.0,96.0,15.0,30.0,97.0,60.0,16.0,48.0,73.0,22.0,6.0,1.98,2.71,1.56,4.0,1.0,0.0,160.48,101.0,100.71,19.0,0.98,1.05,1.05,6.18,6.16,6.08,2024,2.6224534791427816,1.984301966663727,26.66901843196049,1.9049298879971779,25.399065173295707,4.444836405326749,15.55692741864362,1.5738498789346247,0.5380952380952381,-2.5399065173295705,0.57,0.56,3
847578684764548478402,2024,Hyman-Mcdavid-Nugent-Hopkins,EDM,line,5on5,36,18948.0,107.0,0.62,0.61,0.59,194.56,17.39,12.85,48.33,6.27,105.93,76.23,16.63,17.23,16.48,188.0,79.0,112.0,379.0,13.0,19.0,0.0,43.0,2.0,78.0,112.0,175.0,254.0,11.0,25.0,146.0,59.0,29.0,80.0,198.0,49.0,20.0,6.04,5.9,5.44,6.0,5.0,2.0,380.8,267.0,266.8,30.0,2.67,4.08,4.08,15.98,15.89,15.55,134.93,10.45,8.32,34.3,4.52,71.41,53.02,10.18,10.55,10.27,121.0,61.0,59.0,241.0,12.0,9.0,2.0,26.0,0.0,57.0,78.0,109.0,170.0,14.0,31.0,154.0,102.0,24.0,89.0,134.0,41.0,7.0,3.6,5.01,1.84,7.0,5.0,0.0,241.84,182.0,183.13,39.0,1.72,1.44,1.44,10.73,10.8,10.6,2024,3.303989867004433,1.985433818872704,35.718809373020896,3.7998733375554146,11.209626345788474,5.509816339455351,15.199493350221658,0.7475560667050029,0.4866666666666667,-0.5699810006333121,0.62,0.61,0
847692584774468482062,2024,Sissons-Mccarron-Smith,NSH,line,5on5,34,9038.0,282.0,0.49,0.44,0.43,64.24,5.45,4.15,15.28,2.03,33.38,25.72,5.24,5.34,5.14,67.0,19.0,36.0,122.0,4.0,7.0,1.0,10.0,0.0,38.0,27.0,63.0,82.0,11.0,31.0,113.0,94.0,15.0,31.0,61.0,18.0,7.0,1.62,1.9,1.93,2.0,1.0,1.0,119.05,86.0,84.29,15.0,0.86,1.79,1.79,4.51,4.45,4.41,81.94,5.7,5.07,21.5,2.77,45.3,32.66,5.55,5.78,5.63,86.0,27.0,43.0,156.0,6.0,4.0,0.0,25.0,0.0,30.0,48.0,80.0,107.0,10.0,28.0,89.0,86.0,16.0,48.0,91.0,20.0,2.0,2.63,2.59,0.48,3.0,2.0,1.0,157.57,113.0,113.95,18.0,1.05,0.59,0.59,6.16,6.28,6.14,2024,2.170834255366232,2.2704138083646828,26.687320203584864,2.7882274839566277,37.44191192741757,5.97477317990706,12.347864571807923,0.7339449541284403,0.5594059405940595,0.39831821199380396,0.49,0.44,4
84751718475690,2024,Ekman-Larsson-Tanev,TOR,pairing,5on5,48,17517.0,262.0,0.52,0.47,0.47,130.74,11.41,8.71,34.06,4.48,71.7,51.63,10.95,11.19,10.73,114.0,68.0,70.0,252.0,11.0,17.0,1.0,31.0,0.0,42.0,81.0,103.0,171.0,16.0,35.0,157.0,92.0,27.0,91.0,138.0,33.0,11.0,3.62,4.3,3.48,4.0,5.0,2.0,248.28,182.0,179.49,52.0,1.82,3.33,3.26,9.96,9.76,9.6,144.45,10.57,8.94,37.16,5.12,80.02,60.19,10.16,10.66,10.24,125.0,77.0,78.0,280.0,6.0,16.0,1.0,33.0,0.0,62.0,85.0,119.0,196.0,14.0,41.0,118.0,104.0,19.0,72.0,161.0,30.0,11.0,4.21,3.5,2.86,5.0,1.0,0.0,279.27,202.0,201.98,26.0,1.85,2.32,2.32,10.09,10.17,9.99,2024,2.3449220756978932,2.1722897756465147,23.428669292687104,2.260661072101387,18.907347148484327,5.548895358794313,18.70183250556602,0.9640666082383874,0.5709090909090909,0.41102928583661585,0.52,0.47,4
847576584810138483464,2024,Berggren-Kasper-Tarasenko,DET,line,5on5,21,8164.0,111.0,0.5,0.46,0.46,69.18,5.09,4.21,17.33,2.18,36.91,28.28,4.92,5.17,4.99,67.0,27.0,34.0,128.0,3.0,6.0,0.0,21.0,1.0,22.0,41.0,64.0,91.0,11.0,22.0,67.0,38.0,14.0,38.0,80.0,9.0,5.0,2.52,1.21,1.36,3.0,0.0,0.0,127.02,94.0,93.63,20.0,0.87,0.97,0.97,4.99,5.04,4.96,78.91,5.08,4.94,19.78,2.57,46.1,32.54,4.99,5.17,5.09,67.0,44.0,42.0,153.0,6.0,3.0,0.0,11.0,1.0,46.0,44.0,61.0,105.0,5.0,10.0,60.0,52.0,9.0,42.0,92.0,16.0,3.0,2.67,1.76,0.65,3.0,1.0,2.0,154.46,111.0,112.31,26.0,1.01,0.36,0.36,5.73,5.84,5.74,2024,2.2444879960803528,2.240078392944635,29.54434100930916,2.2048015678588926,16.756491915727583,6.173444390004899,16.756491915727583,0.5893909626719057,0.5275590551181102,2.645761881430671,0.5,0.46,4
84808798482095,2024,Kleven-Bernard-Docker,OTT,pairing,5on5,25,15595.0,82.0,0.43,0.47,0.49,109.71,7.71,6.47,28.38,3.75,60.84,44.85,7.55,7.84,7.68,95.0,57.0,60.0,212.0,10.0,8.0,1.0,23.0,0.0,43.0,68.0,85.0,142.0,13.0,29.0,118.0,152.0,18.0,51.0,123.0,24.0,5.0,3.12,3.21,1.38,5.0,4.0,1.0,215.78,152.0,153.54,29.0,1.32,1.72,1.94,7.1,7.25,7.17,116.25,10.26,7.28,29.9,3.93,63.0,46.64,9.84,10.08,9.67,101.0,60.0,75.0,236.0,8.0,14.0,2.0,24.0,0.0,52.0,63.0,93.0,153.0,21.0,45.0,111.0,169.0,17.0,64.0,119.0,30.0,12.0,3.05,4.03,3.19,2.0,3.0,3.0,228.66,161.0,157.07,26.0,1.51,3.05,3.05,8.73,8.56,8.4,2024,1.7798012183392111,2.3684514267393393,21.93010580314203,1.1542160949022122,35.08816928502725,4.155177941647964,11.773004168002563,1.297016861219196,0.5152838427947598,-1.8467457518435395,0.43,0.47,1
847794684793378482078,2024,Raymond-Larkin-Debrincat,DET,line,5on5,51,11771.0,433.0,0.53,0.55,0.5,112.31,8.68,6.68,28.63,3.68,60.24,46.1,8.49,8.65,8.46,103.0,51.0,70.0,224.0,9.0,8.0,0.0,22.0,1.0,56.0,58.0,94.0,145.0,17.0,38.0,110.0,35.0,17.0,59.0,118.0,31.0,5.0,3.69,3.59,1.41,5.0,3.0,1.0,221.43,154.0,152.89,33.0,1.39,1.14,1.41,8.66,8.68,8.6,111.46,7.84,6.66,28.19,3.63,59.78,45.9,7.48,8.0,7.63,104.0,48.0,34.0,186.0,13.0,8.0,3.0,33.0,0.0,42.0,56.0,91.0,139.0,16.0,38.0,101.0,74.0,17.0,60.0,121.0,24.0,7.0,3.26,2.62,1.95,7.0,4.0,2.0,189.6,152.0,153.55,31.0,1.37,1.89,1.89,7.32,7.38,7.23,2024,2.654659757029989,2.3977571998980545,31.501146886415768,1.5291818876900858,10.7042732138306,5.199218418146292,18.044346274743013,1.0368663594470047,0.5213270142180095,0.3058363775380172,0.53,0.55,3
847627884793518480840,2024,Steel-Blackwell-Bck,DAL,line,5on5,43,11689.0,235.0,0.42,0.54,0.52,91.93,6.87,5.54,24.68,3.11,49.84,35.96,6.66,6.93,6.72,80.0,46.0,56.0,182.0,7.0,13.0,0.0,28.0,0.0,36.0,42.0,73.0,119.0,10.0,18.0,108.0,68.0,16.0,56.0,98.0,25.0,3.0,2.71,3.37,0.79,4.0,3.0,0.0,182.78,126.0,126.55,32.0,1.15,1.84,1.69,6.34,6.38,6.31,87.62,9.33,5.35,23.43,2.83,42.21,31.85,8.95,9.18,8.81,77.0,38.0,42.0,157.0,10.0,10.0,0.0,15.0,2.0,25.0,53.0,67.0,105.0,17.0,37.0,82.0,115.0,22.0,60.0,76.0,26.0,13.0,1.96,3.08,4.29,3.0,4.0,3.0,154.82,115.0,113.77,26.0,1.13,2.2,2.07,8.39,8.22,8.06,2024,2.115835400804175,2.873470784498246,24.638549063221834,0.9239455898708188,20.942766703738556,4.927709812644366,17.24698434425528,1.0189228529839884,0.5684210526315789,-2.15587304303191,0.42,0.54,1
847518484751918476459,2024,Kreider-Zibanejad-Smith,NYR,line,5on5,34,14706.0,183.0,0.52,0.47,0.48,140.71,13.24,9.0,38.15,4.74,73.98,52.89,12.6,13.18,12.54,135.0,57.0,67.0,259.0,11.0,18.0,5.0,40.0,0.0,53.0,70.0,124.0,181.0,13.0,26.0,163.0,83.0,22.0,75.0,137.0,41.0,14.0,3.82,5.15,4.27,4.0,2.0,5.0,257.31,192.0,191.39,48.0,1.89,4.27,4.27,10.86,10.84,10.67,151.95,12.09,9.31,39.97,5.1,82.08,61.45,11.76,12.04,11.71,145.0,65.0,81.0,291.0,11.0,13.0,0.0,26.0,0.0,56.0,104.0,134.0,199.0,6.0,12.0,159.0,80.0,23.0,71.0,163.0,34.0,13.0,4.13,4.13,3.83,5.0,5.0,1.0,289.55,210.0,209.03,36.0,1.94,2.28,2.28,11.75,11.77,11.56,2024,3.2411260709914322,2.959608323133415,33.047735618115055,3.427172582619339,20.318237454100366,5.385556915544676,18.359853121175032,0.8308157099697885,0.5062111801242236,1.7135862913096696,0.52,0.47,3
847849884800128480748,2024,Debrusk-Pettersson-Sherwood,VAN,line,5on5,25,7775.0,200.0,0.44,0.49,0.49,60.74,4.46,3.67,15.3,2.03,34.21,25.34,4.35,4.42,4.32,55.0,30.0,36.0,121.0,8.0,4.0,1.0,7.0,0.0,29.0,37.0,47.0,77.0,10.0,23.0,69.0,95.0,11.0,28.0,73.0,7.0,5.0,2.14,0.99,1.33,6.0,1.0,1.0,119.73,85.0,85.02,10.0,0.76,1.01,1.01,4.2,4.17,4.1,63.54,5.66,4.14,17.05,2.21,33.13,24.81,5.24,5.55,5.15,57.0,30.0,39.0,126.0,4.0,11.0,1.0,12.0,0.0,25.0,35.0,53.0,83.0,7.0,14.0,88.0,56.0,8.0,40.0,67.0,11.0,9.0,1.69,1.28,2.69,1.0,2.0,1.0,126.39,87.0,87.02,21.0,0.86,2.38,2.38,4.14,4.11,4.06,2024,2.06508038585209,2.620707395498392,25.466237942122184,2.315112540192926,43.98713826366559,5.093247588424437,12.964630225080386,1.7937219730941705,0.4394904458598726,1.3890675241157555,0.44,0.49,1
847456484765398476887,2024,Forsberg-Stamkos-Marchessault,NSH,line,5on5,48,18258.0,240.0,0.51,0.46,0.45,155.32,13.97,10.86,39.53,5.37,85.53,59.74,13.3,14.02,13.34,154.0,61.0,82.0,297.0,18.0,18.0,1.0,32.0,0.0,67.0,80.0,136.0,197.0,21.0,45.0,148.0,123.0,23.0,96.0,158.0,45.0,12.0,4.99,5.71,3.28,8.0,10.0,0.0,295.58,215.0,215.39,53.0,2.25,3.08,3.08,13.15,13.15,12.79,185.66,13.64,11.67,46.77,6.28,102.57,77.07,13.31,13.59,13.26,172.0,86.0,95.0,353.0,19.0,15.0,2.0,37.0,0.0,85.0,102.0,153.0,239.0,14.0,31.0,161.0,81.0,31.0,78.0,211.0,38.0,9.0,6.52,4.65,2.47,17.0,1.0,1.0,352.37,258.0,258.04,34.0,2.41,2.95,2.95,13.11,13.11,12.97,2024,2.754518567203418,2.6894511994742034,30.364771606966812,2.3660860992441672,24.252382517252713,4.534998356884653,18.928688793953338,1.2884753042233357,0.47896440129449835,1.3802168912257642,0.51,0.46,3
847749384779338478542,2024,Reinhart-Barkov-Rodrigues,FLA,line,5on5,32,16177.0,110.0,0.57,0.59,0.58,163.65,12.63,10.15,44.62,5.73,91.92,65.94,12.28,12.69,12.33,141.0,90.0,97.0,328.0,15.0,16.0,2.0,30.0,0.0,87.0,83.0,126.0,216.0,20.0,43.0,168.0,111.0,10.0,65.0,179.0,40.0,12.0,4.47,5.04,3.12,8.0,4.0,3.0,329.99,231.0,231.96,34.0,2.1,2.71,2.83,11.9,11.9,11.69,119.05,9.6,7.89,29.69,3.95,66.61,48.26,9.3,9.5,9.21,107.0,59.0,59.0,225.0,9.0,8.0,0.0,23.0,0.0,56.0,70.0,98.0,157.0,13.0,29.0,128.0,103.0,19.0,66.0,124.0,34.0,8.0,3.49,4.29,1.82,3.0,6.0,0.0,222.07,166.0,163.97,39.0,1.64,1.35,1.35,9.88,9.84,9.61,2024,2.8106571057674476,2.136366446189034,31.377882178401435,2.670458057736292,24.701737034060702,2.2253817147802435,14.464981146071583,1.187648456057007,0.5675675675675675,1.5577672003461704,0.57,0.59,0
847584284769188481726,2024,Vesey-Carrick-Edstrom,NYR,line,5on5,23,9976.0,85.0,0.53,0.49,0.49,74.2,6.93,4.8,17.88,2.45,38.39,29.56,6.72,6.84,6.63,64.0,36.0,37.0,137.0,4.0,6.0,0.0,13.0,0.0,29.0,48.0,60.0,96.0,11.0,25.0,104.0,111.0,16.0,49.0,73.0,18.0,9.0,2.02,2.36,2.55,1.0,3.0,0.0,136.82,100.0,99.84,24.0,1.01,1.39,1.39,6.55,6.5,6.42,75.43,6.26,4.71,19.61,2.67,39.58,30.17,6.06,6.21,6.02,67.0,36.0,40.0,143.0,6.0,8.0,1.0,13.0,0.0,42.0,34.0,61.0,97.0,5.0,13.0,69.0,56.0,16.0,60.0,77.0,20.0,6.0,2.03,2.66,1.57,4.0,2.0,0.0,142.34,103.0,102.08,26.0,0.99,1.28,1.28,5.96,5.91,5.86,2024,2.5008019246190853,2.2590216519647153,23.09542902967121,3.2477947072975137,40.056134723336,5.773857257417802,17.68243785084202,0.5772005772005773,0.6011560693641619,2.165196471531676,0.53,0.49,4
847740984779358479314,2024,Tkachuk-Bennett-Verhaeghe,FLA,line,5on5,38,14219.0,205.0,0.56,0.55,0.54,133.16,11.89,8.44,35.07,4.48,71.73,51.4,11.3,11.99,11.38,136.0,47.0,69.0,252.0,12.0,17.0,4.0,34.0,0.0,63.0,57.0,124.0,171.0,22.0,44.0,113.0,130.0,26.0,64.0,142.0,23.0,18.0,3.98,2.61,5.3,5.0,3.0,4.0,255.49,183.0,184.04,26.0,1.75,3.82,4.04,9.59,9.68,9.56,116.71,9.2,7.21,28.78,3.74,62.25,46.82,8.95,9.12,8.88,115.0,43.0,45.0,203.0,15.0,6.0,1.0,28.0,0.0,52.0,57.0,100.0,143.0,20.0,40.0,153.0,88.0,23.0,69.0,118.0,33.0,7.0,3.49,3.77,1.93,5.0,9.0,1.0,201.73,158.0,157.37,43.0,1.5,1.35,1.35,9.35,9.31,9.16,2024,3.0103382797665095,2.32927772698502,34.43280118151769,4.557282509318517,32.91370701174485,6.58274140234897,16.203671144243618,1.0092514718250631,0.424812030075188,0.5063647232576131,0.56,0.55,0
847794984794208482175,2024,Peterka-Thompson-Tuch,BUF,line,5on5,25,11290.0,100.0,0.61,0.56,0.58,111.58,10.16,7.33,29.49,3.7,59.53,41.78,9.38,10.17,9.37,100.0,52.0,66.0,218.0,11.0,12.0,1.0,14.0,0.0,53.0,62.0,89.0,141.0,6.0,15.0,98.0,53.0,16.0,48.0,113.0,28.0,11.0,3.44,3.37,3.36,5.0,5.0,1.0,216.65,152.0,151.37,26.0,1.52,3.17,3.17,8.51,8.47,8.27,80.27,6.56,5.3,21.47,2.93,43.53,32.2,6.41,6.67,6.53,83.0,29.0,59.0,171.0,8.0,13.0,2.0,20.0,1.0,31.0,39.0,75.0,104.0,7.0,17.0,124.0,65.0,11.0,68.0,84.0,21.0,7.0,2.22,2.68,1.66,2.0,4.0,2.0,173.91,112.0,114.05,39.0,1.1,1.66,1.66,6.0,6.12,6.07,2024,3.2396811337466787,2.091762621789194,31.88662533215235,3.507528786536758,16.899911426040745,5.101860053144375,15.305580159433127,1.0826771653543308,0.44144144144144143,-0.31886625332152346,0.61,0.56,0
847804384793598481522,2024,Malenstyn-Krebs-Lafferty,BUF,line,5on5,35,7921.0,226.0,0.38,0.47,0.44,48.58,3.27,3.0,12.03,1.53,28.03,20.13,3.19,3.35,3.27,43.0,25.0,40.0,108.0,3.0,1.0,0.0,13.0,0.0,17.0,34.0,40.0,65.0,17.0,37.0,73.0,98.0,11.0,38.0,54.0,11.0,3.0,1.29,1.27,0.71,2.0,1.0,0.0,109.93,68.0,68.9,18.0,0.62,0.28,0.28,3.61,3.68,3.59,62.95,5.42,3.91,15.78,2.07,32.94,24.87,5.19,5.25,5.03,51.0,34.0,39.0,124.0,4.0,6.0,1.0,11.0,0.0,30.0,34.0,47.0,81.0,12.0,27.0,56.0,83.0,10.0,31.0,61.0,17.0,7.0,1.57,2.12,1.73,1.0,2.0,1.0,121.23,85.0,82.93,17.0,0.81,1.44,1.44,4.8,4.69,4.6,2024,1.486175987880318,2.4633253377098847,19.54298699659134,1.363464209064512,44.539830829440724,4.999368766569877,17.270546648150486,0.9174311926605504,0.5658914728682171,2.272440348440853,0.38,0.47,4
847516684779398482259,2024,Mcmann-Tavares-Nylander,TOR,line,5on5,46,9377.0,456.0,0.59,0.51,0.53,98.3,9.06,6.57,24.01,3.33,53.33,38.69,8.74,9.36,9.02,92.0,43.0,35.0,170.0,11.0,12.0,0.0,17.0,0.0,36.0,59.0,81.0,124.0,8.0,16.0,112.0,58.0,12.0,42.0,97.0,28.0,10.0,3.17,3.21,2.68,6.0,4.0,1.0,173.93,135.0,138.03,21.0,1.37,2.52,2.52,7.91,8.13,8.05,87.72,6.38,5.52,22.46,2.92,48.51,35.22,6.18,6.28,6.09,72.0,49.0,44.0,165.0,5.0,9.0,2.0,17.0,0.0,44.0,46.0,67.0,116.0,9.0,20.0,59.0,61.0,9.0,43.0,95.0,23.0,3.0,2.61,2.78,0.99,3.0,1.0,1.0,161.34,121.0,119.78,20.0,1.14,1.7,1.7,5.82,5.72,5.63,2024,3.4782979631012054,2.4493974618748,35.320464967473605,3.839180974725392,22.267249653407273,4.6070171696704705,16.124560093846647,1.2141280353200883,0.6549707602339181,-0.3839180974725392,0.59,0.51,0
847740284793858480023,2024,Buchnevich-Thomas-Kyrou,STL,line,5on5,30,9981.0,171.0,0.57,0.55,0.56,92.19,8.7,5.95,21.68,2.88,50.51,36.27,8.49,8.66,8.45,83.0,43.0,49.0,175.0,7.0,6.0,1.0,16.0,0.0,45.0,52.0,76.0,119.0,11.0,22.0,82.0,27.0,12.0,50.0,91.0,26.0,9.0,2.93,2.98,2.78,3.0,3.0,1.0,171.22,126.0,124.06,20.0,1.23,1.73,1.73,8.2,8.2,8.07,73.75,6.44,4.59,19.16,2.48,38.86,28.48,6.19,6.48,6.23,61.0,39.0,43.0,143.0,3.0,8.0,0.0,20.0,0.0,36.0,33.0,58.0,97.0,8.0,16.0,90.0,40.0,17.0,68.0,78.0,14.0,8.0,2.2,1.81,2.42,0.0,2.0,1.0,144.66,100.0,100.87,30.0,0.96,1.69,1.5,5.89,5.93,5.87,2024,3.137962128043282,2.322813345356177,29.93688007213706,3.2461677186654643,9.738503155996394,4.328223624887286,18.034265103697024,0.8045977011494253,0.47674418604651164,1.0820559062218216,0.57,0.55,0
847351284808018482116,2024,Tkachuk-Sttzle-Giroux,OTT,line,5on5,44,13203.0,285.0,0.54,0.61,0.6,137.09,9.48,8.54,37.47,4.62,76.48,54.42,9.24,9.5,9.26,120.0,71.0,77.0,268.0,7.0,14.0,1.0,23.0,1.0,66.0,80.0,113.0,184.0,17.0,40.0,138.0,89.0,18.0,61.0,156.0,25.0,10.0,4.05,3.01,2.41,4.0,2.0,1.0,268.06,191.0,190.98,32.0,1.78,2.17,2.15,9.11,9.14,9.02,92.13,7.97,5.86,22.52,3.06,50.28,37.32,7.41,7.97,7.41,90.0,37.0,45.0,172.0,9.0,11.0,2.0,18.0,0.0,31.0,58.0,81.0,118.0,21.0,50.0,114.0,94.0,17.0,62.0,95.0,23.0,9.0,2.61,3.11,2.25,3.0,4.0,2.0,171.85,127.0,126.72,36.0,1.21,2.11,2.11,7.07,7.08,6.89,2024,2.5848670756646217,2.173142467620995,32.719836400818,2.7266530334014996,24.267211997273346,4.9079754601226995,16.63258350374915,0.7383966244725738,0.5476190476190477,-1.0906612133606,0.54,0.61,0
847795684784018479987,2024,Geekie-Zacha-Pastrnak,BOS,line,5on5,62,37946.0,140.0,0.54,0.53,0.52,338.57,28.92,20.87,82.93,11.09,182.48,136.7,28.18,28.84,28.12,301.0,162.0,196.0,659.0,35.0,22.0,3.0,68.0,1.0,150.0,187.0,266.0,428.0,30.0,65.0,313.0,212.0,70.0,213.0,345.0,90.0,28.0,10.03,10.84,8.05,16.0,15.0,4.0,650.06,463.0,458.54,102.0,4.32,4.91,4.91,28.33,28.24,27.88,312.15,24.65,19.63,79.74,10.81,172.92,126.26,23.61,24.93,23.86,279.0,155.0,162.0,596.0,29.0,30.0,2.0,64.0,0.0,157.0,154.0,250.0,405.0,30.0,63.0,313.0,235.0,75.0,214.0,339.0,74.0,21.0,9.44,8.88,6.32,13.0,15.0,1.0,602.74,434.0,439.75,85.0,4.06,5.67,5.68,23.02,23.34,22.97,2024,2.7436883993042747,2.338586412270068,28.556369577821116,2.6564064723554526,20.112791862119856,6.641016180888632,20.207663521846836,1.210235131396957,0.5,0.0,0.54,0.53,3
84751718476931,2024,Mccabe-Ekman-Larsson,TOR,pairing,5on5,52,9884.0,366.0,0.57,0.56,0.56,104.17,7.9,6.4,26.48,3.39,57.79,42.03,7.55,7.86,7.51,102.0,42.0,56.0,200.0,8.0,10.0,1.0,17.0,1.0,50.0,58.0,94.0,136.0,14.0,31.0,79.0,68.0,15.0,47.0,114.0,23.0,7.0,3.08,2.86,1.96,5.0,3.0,0.0,199.95,144.0,142.89,20.0,1.32,1.78,2.14,7.08,7.06,6.91,83.67,6.0,4.92,21.96,2.74,44.59,33.79,5.85,5.99,5.84,75.0,39.0,42.0,156.0,7.0,10.0,0.0,14.0,0.0,37.0,46.0,68.0,107.0,8.0,19.0,47.0,61.0,12.0,43.0,90.0,19.0,5.0,2.07,2.66,1.27,3.0,4.0,0.0,154.58,114.0,113.18,23.0,1.02,1.26,1.26,5.75,5.78,5.73,2024,2.877377579927155,2.185350060704168,37.15095103197086,2.5495750708215295,24.767300687980573,5.46337515176042,17.118575475515986,1.0126582278481011,0.626984126984127,2.185350060704168,0.57,0.56,0
847647484784148480002,2024,Meier-Hischier-Noesen,NJD,line,5on5,41,19299.0,209.0,0.58,0.54,0.55,198.59,18.3,13.39,50.74,6.73,102.58,76.26,17.09,18.59,17.33,170.0,98.0,115.0,383.0,12.0,30.0,2.0,30.0,1.0,81.0,114.0,158.0,256.0,27.0,66.0,228.0,114.0,22.0,100.0,195.0,48.0,25.0,5.67,5.81,6.82,4.0,5.0,3.0,389.74,268.0,272.73,55.0,2.82,5.83,5.45,15.67,15.84,15.47,159.06,13.37,10.76,41.54,5.69,86.8,62.84,13.0,13.32,12.95,137.0,84.0,102.0,323.0,11.0,16.0,1.0,28.0,0.0,82.0,84.0,126.0,210.0,23.0,54.0,185.0,118.0,21.0,82.0,167.0,39.0,15.0,4.67,4.85,3.85,5.0,4.0,2.0,318.07,221.0,218.01,39.0,2.25,2.49,2.49,13.13,13.05,12.82,2024,3.413648375563501,2.4940152339499457,31.71148764184673,4.6634540649774605,21.26535053629722,4.103839577180165,18.653816259909842,0.6557377049180327,0.5520581113801453,0.7461526503963937,0.58,0.54,0
847793184784218479981,2024,Gadjovich-Nosek-Greer,FLA,line,5on5,27,11633.0,101.0,0.63,0.6,0.6,108.96,9.49,7.52,29.25,3.92,57.84,41.98,9.04,9.43,8.98,88.0,62.0,71.0,221.0,3.0,20.0,1.0,22.0,0.0,50.0,55.0,85.0,147.0,22.0,59.0,109.0,201.0,18.0,46.0,109.0,31.0,10.0,3.01,3.82,2.66,1.0,1.0,1.0,225.46,150.0,150.79,27.0,1.57,3.2,3.2,7.85,7.84,7.67,71.57,5.61,4.63,17.59,2.38,39.94,28.84,5.51,5.55,5.47,66.0,33.0,47.0,146.0,5.0,4.0,1.0,12.0,0.0,41.0,37.0,61.0,94.0,18.0,53.0,89.0,87.0,18.0,39.0,76.0,19.0,4.0,2.0,2.33,1.27,3.0,1.0,1.0,145.73,99.0,98.77,20.0,0.96,0.57,0.57,5.99,5.96,5.91,2024,2.9368176738588496,1.7360955901315225,27.232872002063093,3.094644545688988,62.20235536834866,5.5703601822401785,14.235364910169345,0.4,0.5505050505050505,1.2378578182755953,0.63,0.6,4
847519384775088479414,2024,Tatar-Lazar-Bastian,NJD,line,5on5,24,9808.0,102.0,0.56,0.51,0.48,57.09,5.48,3.7,14.99,1.91,29.34,21.58,5.11,5.62,5.26,50.0,27.0,49.0,126.0,5.0,8.0,2.0,14.0,0.0,20.0,30.0,45.0,72.0,9.0,18.0,86.0,107.0,9.0,43.0,54.0,13.0,10.0,1.13,1.6,2.75,1.0,1.0,3.0,128.4,77.0,79.05,29.0,0.77,2.15,2.23,4.02,4.17,4.09,61.52,4.33,3.62,16.67,2.12,33.71,24.56,4.3,4.23,4.19,55.0,30.0,34.0,119.0,3.0,5.0,1.0,6.0,0.0,21.0,50.0,52.0,82.0,6.0,12.0,92.0,74.0,13.0,39.0,69.0,11.0,5.0,1.65,1.49,1.19,2.0,0.0,1.0,118.12,85.0,84.08,24.0,0.75,0.57,0.57,4.51,4.41,4.39,2024,2.0114192495921697,1.5893148450244698,18.35236541598695,3.6704730831973897,39.27406199021207,3.3034257748776508,15.783034257748776,0.9124087591240875,0.48314606741573035,1.101141924959217,0.56,0.51,4
847940084815808481656,2024,Mcmichael-Dubois-Protas,WSH,line,5on5,28,8694.0,179.0,0.56,0.57,0.57,82.82,7.38,4.94,20.5,2.78,45.36,35.03,7.08,7.3,7.02,69.0,47.0,38.0,154.0,12.0,8.0,2.0,9.0,0.0,38.0,49.0,57.0,104.0,9.0,18.0,72.0,22.0,9.0,34.0,84.0,26.0,6.0,2.49,3.3,1.59,5.0,4.0,3.0,153.29,116.0,114.86,12.0,1.02,1.66,1.66,6.74,6.73,6.63,61.7,5.88,4.08,15.53,2.31,33.88,25.33,5.63,5.91,5.65,54.0,33.0,31.0,118.0,2.0,7.0,0.0,14.0,0.0,31.0,33.0,52.0,85.0,9.0,21.0,80.0,47.0,9.0,35.0,64.0,15.0,8.0,1.66,1.61,2.61,0.0,2.0,0.0,118.5,87.0,87.78,20.0,0.85,1.9,1.9,4.82,4.86,4.82,2024,3.0559006211180124,2.434782608695652,28.57142857142857,2.484472049689441,9.109730848861284,3.7267080745341614,14.078674948240165,1.6260162601626016,0.47368421052631576,0.0,0.56,0.57,3
847841484800028482110,2024,Mercer-Hischier-Meier,NJD,line,5on5,42,15795.0,258.0,0.52,0.51,0.5,144.37,13.19,9.59,37.63,4.94,75.23,54.42,12.65,13.34,12.82,135.0,60.0,88.0,283.0,9.0,17.0,2.0,30.0,0.0,71.0,68.0,126.0,186.0,15.0,33.0,187.0,83.0,18.0,57.0,141.0,42.0,12.0,4.38,5.32,3.49,6.0,1.0,2.0,286.21,195.0,196.73,32.0,2.01,3.1,3.28,11.92,12.07,11.84,142.75,12.3,8.96,36.6,4.84,77.98,57.32,11.56,12.19,11.43,129.0,69.0,73.0,271.0,4.0,16.0,1.0,33.0,1.0,71.0,73.0,125.0,194.0,16.0,35.0,134.0,122.0,21.0,76.0,154.0,31.0,13.0,4.31,4.14,3.85,2.0,1.0,1.0,265.17,198.0,194.52,27.0,1.87,3.75,3.75,10.42,10.19,9.92,2024,3.006267806267806,2.8034188034188037,30.769230769230766,2.735042735042735,18.917378917378915,4.102564102564102,12.991452991452991,0.6823351023502654,0.5825545171339563,-0.22792022792022792,0.52,0.51,3
847742684785198479542,2024,Paul-Cirelli-Hagel,TBL,line,5on5,46,12097.0,353.0,0.57,0.53,0.53,104.19,10.0,7.03,25.59,3.42,56.61,41.36,9.46,10.12,9.57,84.0,60.0,63.0,207.0,8.0,9.0,1.0,20.0,0.0,50.0,57.0,76.0,136.0,14.0,30.0,113.0,46.0,16.0,59.0,101.0,33.0,10.0,3.01,4.23,2.76,4.0,2.0,2.0,212.59,144.0,145.99,28.0,1.47,1.99,1.99,9.48,9.58,9.37,89.59,7.5,5.8,23.24,3.04,50.7,36.72,7.31,7.48,7.29,84.0,43.0,53.0,180.0,5.0,7.0,1.0,20.0,1.0,31.0,63.0,79.0,122.0,13.0,26.0,100.0,82.0,23.0,49.0,102.0,20.0,5.0,3.02,2.54,1.95,3.0,2.0,0.0,176.4,127.0,126.27,29.0,1.2,1.8,1.8,6.91,6.87,6.8,2024,2.9759444490369513,2.2319583367777134,24.997933371910392,2.9759444490369513,13.689344465569976,4.761511118459122,17.558072249318013,0.8,0.5305164319248826,0.29759444490369513,0.57,0.53,3
847793484780428481617,2024,Arvidsson-Draisaitl-Podkolzin,EDM,line,5on5,35,15658.0,143.0,0.61,0.58,0.59,174.64,14.71,10.63,43.31,5.71,95.17,71.46,13.99,14.91,14.16,174.0,67.0,82.0,323.0,11.0,11.0,0.0,41.0,0.0,82.0,96.0,163.0,230.0,14.0,33.0,136.0,75.0,29.0,63.0,189.0,39.0,13.0,5.48,5.08,4.16,5.0,6.0,0.0,330.93,241.0,246.06,22.0,2.2,3.41,3.41,13.5,13.59,13.32,120.65,9.38,7.22,30.77,4.04,64.83,49.76,9.08,9.25,8.95,113.0,53.0,64.0,230.0,9.0,11.0,2.0,36.0,1.0,47.0,62.0,104.0,157.0,8.0,19.0,150.0,90.0,20.0,67.0,129.0,30.0,7.0,3.76,3.87,1.74,5.0,3.0,1.0,224.92,166.0,162.8,27.0,1.49,2.0,2.0,8.86,8.77,8.68,2024,3.382041129135267,2.1565972665729984,40.005109209349854,2.98888746966407,17.24358155575425,6.66751820155831,14.484608506833569,0.7477906186267844,0.4755244755244755,1.3794865244603398,0.61,0.58,0
847701584799968481721,2025,Brown-Glass-Gritsyuk,NJD,line,5on5,29,9663.0,185.0,0.52,0.59,0.58,91.43,6.72,5.95,23.04,3.01,50.27,37.01,6.61,6.87,6.75,85.0,41.0,46.0,172.0,9.0,7.0,1.0,24.0,0.0,39.0,47.0,76.0,117.0,9.0,18.0,75.0,40.0,13.0,38.0,98.0,24.0,4.0,2.65,2.9,1.16,3.0,5.0,1.0,174.37,126.0,127.63,20.0,1.23,1.44,1.24,6.71,6.84,6.78,68.28,6.24,4.7,17.35,2.25,34.6,25.87,6.1,6.29,6.15,61.0,30.0,29.0,120.0,7.0,8.0,2.0,13.0,1.0,29.0,33.0,54.0,84.0,7.0,14.0,90.0,57.0,12.0,57.0,68.0,14.0,9.0,2.08,1.81,2.34,2.0,1.0,4.0,123.07,91.0,92.58,29.0,0.99,1.46,1.46,5.76,5.88,5.77,2025,2.503570319776467,2.3247438683638624,31.66718410431543,1.4902204284383733,14.902204284383732,4.843216392424713,14.157094070164545,1.3392857142857144,0.45454545454545453,0.7451102142191867,0.52,0.59,3
848018884808018482116,2025,Zetterlund-Tkachuk-Sttzle,OTT,line,5on5,27,8536.0,202.0,0.68,0.62,0.64,104.58,8.53,6.87,27.02,3.24,54.7,38.63,8.2,8.57,8.23,95.0,44.0,45.0,184.0,7.0,6.0,0.0,24.0,1.0,50.0,51.0,88.0,132.0,13.0,26.0,80.0,88.0,17.0,39.0,107.0,25.0,7.0,3.37,3.22,1.94,5.0,1.0,1.0,184.32,139.0,138.89,18.0,1.43,1.43,1.43,8.53,8.58,8.42,58.2,3.94,3.69,14.48,1.88,31.35,23.67,3.89,4.0,3.96,59.0,20.0,34.0,113.0,8.0,7.0,0.0,10.0,0.0,32.0,22.0,51.0,71.0,18.0,40.0,63.0,54.0,8.0,42.0,67.0,11.0,1.0,2.04,1.44,0.46,4.0,4.0,0.0,114.08,79.0,80.67,24.0,0.76,0.9,0.9,3.8,3.86,3.84,2025,3.5974695407685098,1.661668228678538,40.06560449859419,2.9522024367385193,37.11340206185567,7.169634489222118,16.447985004686036,0.8206330597889802,0.5594405594405595,-2.1087160262417997,0.68,0.62,0
848044884808358481641,2025,Kiviranta-Kelly-Drury,COL,line,5on5,41,10599.0,247.0,0.68,0.65,0.64,111.26,9.05,7.18,29.35,3.76,63.28,44.37,8.7,9.24,8.87,100.0,57.0,70.0,227.0,11.0,13.0,3.0,22.0,0.0,64.0,47.0,89.0,146.0,8.0,16.0,121.0,93.0,19.0,45.0,124.0,21.0,12.0,3.18,2.63,3.24,7.0,1.0,3.0,233.77,157.0,159.33,21.0,1.49,2.62,2.62,7.92,8.09,7.91,62.23,4.26,4.07,16.35,2.12,34.66,25.54,4.05,4.21,4.01,54.0,33.0,33.0,120.0,7.0,5.0,0.0,12.0,0.0,34.0,29.0,47.0,80.0,11.0,22.0,83.0,98.0,12.0,40.0,76.0,10.0,1.0,2.42,1.39,0.46,4.0,3.0,0.0,118.44,87.0,85.99,26.0,0.85,0.94,0.94,4.17,4.15,4.07,2025,3.0738748938579112,1.4469289555618452,33.9654684404189,4.075856212850269,31.587885649589584,6.453439003679592,15.284460798188508,1.2154696132596685,0.5931372549019608,-1.0189640532125672,0.68,0.65,0
847970584800688483445,2025,Gauthier-Poehling-Viel,ANA,line,5on5,18,8095.0,71.0,0.58,0.56,0.58,88.74,7.18,5.44,23.36,3.05,46.21,34.76,6.92,7.36,7.09,74.0,46.0,48.0,168.0,4.0,9.0,1.0,10.0,0.0,52.0,45.0,70.0,116.0,10.0,23.0,82.0,66.0,6.0,41.0,92.0,20.0,8.0,2.39,2.53,2.26,1.0,2.0,1.0,172.78,120.0,123.43,18.0,1.14,1.95,1.95,6.38,6.58,6.44,66.39,5.3,4.37,17.01,2.16,34.53,24.63,5.17,5.23,5.11,60.0,28.0,46.0,134.0,7.0,5.0,0.0,12.0,0.0,33.0,31.0,53.0,81.0,8.0,19.0,68.0,48.0,8.0,46.0,67.0,18.0,3.0,2.15,2.46,0.68,6.0,1.0,0.0,133.07,88.0,87.32,21.0,0.92,0.77,0.77,5.45,5.39,5.3,2025,3.193082149474985,2.357010500308833,32.90920321185918,3.5577516985793705,29.351451513279805,2.668313773934528,18.233477455219273,0.5571030640668524,0.5466666666666666,0.8894379246448426,0.58,0.56,0
847456484751588476887,2025,Forsberg-O'Reilly-Stamkos,NSH,line,5on5,45,10141.0,321.0,0.51,0.5,0.48,81.2,6.99,5.76,19.55,2.7,44.38,31.62,6.79,6.94,6.74,61.0,50.0,46.0,157.0,6.0,7.0,1.0,15.0,0.0,44.0,39.0,55.0,105.0,9.0,18.0,109.0,43.0,26.0,45.0,82.0,24.0,5.0,2.66,3.19,1.14,2.0,3.0,1.0,153.21,111.0,109.35,24.0,1.2,1.03,1.28,6.91,6.87,6.72,87.36,6.83,5.94,20.73,2.8,46.87,34.85,6.51,6.94,6.61,83.0,35.0,36.0,154.0,5.0,7.0,0.0,15.0,0.0,41.0,50.0,78.0,113.0,4.0,8.0,87.0,37.0,12.0,49.0,93.0,19.0,6.0,2.92,2.32,1.59,2.0,3.0,0.0,156.82,118.0,120.25,25.0,1.24,1.64,1.64,6.42,6.5,6.37,2025,2.481412089537521,2.4246129573020414,21.65466916477665,1.7749728823587418,15.26476678828518,9.229858988265457,15.974755941228677,0.8583690987124464,0.5561224489795918,1.7749728823587418,0.51,0.5,4
847744484834508484144,2025,Burakovsky-Bedard-Greene,CHI,line,5on5,41,21243.0,130.0,0.42,0.47,0.46,179.06,14.66,12.03,44.3,5.86,99.48,71.68,14.34,14.61,14.29,158.0,90.0,94.0,342.0,19.0,16.0,3.0,31.0,1.0,91.0,90.0,139.0,229.0,19.0,36.0,150.0,66.0,28.0,96.0,197.0,38.0,13.0,6.29,4.76,3.62,8.0,7.0,4.0,339.62,248.0,246.25,44.0,2.49,3.11,3.13,14.01,13.98,13.81,214.58,19.86,15.47,53.02,7.42,114.13,83.1,19.05,20.05,19.21,197.0,96.0,90.0,383.0,14.0,30.0,0.0,33.0,0.0,108.0,108.0,183.0,279.0,24.0,48.0,213.0,154.0,33.0,108.0,219.0,54.0,20.0,7.37,6.84,5.65,11.0,3.0,0.0,389.09,293.0,295.47,52.0,3.23,6.23,6.23,16.86,16.96,16.62,2025,2.484394859483124,3.3656263239655417,26.77587911311962,2.2030786612060447,11.184860895353765,4.7450925010591725,16.26888857506002,1.296043656207367,0.4132231404958678,-0.8473379466177094,0.42,0.47,1
847690584779198480009,2025,Stephenson-Gaudreau-Tolvanen,SEA,line,5on5,29,11820.0,151.0,0.33,0.38,0.39,80.38,5.25,5.09,20.4,2.85,46.43,33.99,5.14,5.27,5.16,78.0,36.0,42.0,156.0,7.0,5.0,0.0,17.0,0.0,47.0,38.0,71.0,107.0,9.0,18.0,137.0,61.0,18.0,51.0,97.0,14.0,3.0,2.84,1.63,0.78,3.0,3.0,1.0,156.41,114.0,114.15,27.0,1.06,0.76,0.76,5.54,5.56,5.48,125.98,10.71,8.78,34.08,4.63,68.88,50.92,10.01,10.58,9.88,111.0,67.0,82.0,260.0,5.0,20.0,0.0,27.0,0.0,65.0,61.0,106.0,173.0,9.0,18.0,112.0,57.0,22.0,47.0,143.0,21.0,14.0,4.1,2.69,3.92,4.0,0.0,1.0,256.75,178.0,176.16,20.0,1.84,3.89,4.0,8.55,8.46,8.2,2025,1.598984771573604,3.2619289340101525,23.756345177664976,0.9137055837563453,18.578680203045685,5.4822335025380715,15.532994923857869,1.3333333333333333,0.5502008032128514,0.0,0.33,0.38,1
847793484779538481617,2025,Podkolzin-Draisaitl-Kapanen,EDM,line,5on5,18,8449.0,84.0,0.52,0.51,0.54,84.08,6.63,5.34,20.24,2.58,44.59,33.62,6.46,6.64,6.47,81.0,32.0,25.0,138.0,12.0,7.0,0.0,18.0,0.0,34.0,42.0,69.0,101.0,2.0,7.0,88.0,65.0,8.0,48.0,92.0,14.0,7.0,2.97,1.88,1.78,6.0,6.0,0.0,138.02,113.0,112.54,19.0,1.11,1.52,1.52,6.22,6.26,6.18,69.58,6.0,4.67,17.36,2.33,38.27,28.38,5.85,5.95,5.81,65.0,32.0,37.0,134.0,3.0,7.0,2.0,12.0,0.0,33.0,42.0,62.0,94.0,4.0,13.0,73.0,45.0,18.0,41.0,71.0,20.0,6.0,2.09,2.43,1.48,1.0,1.0,1.0,133.67,97.0,96.63,16.0,0.97,1.2,1.2,5.77,5.74,5.67,2025,2.8249496981891347,2.556515563972068,34.51296011362291,2.9826014913007457,27.695585276364067,3.4086874186294236,20.452124511776542,1.8,0.546583850931677,-0.8521718546573559,0.52,0.51,3
847646184800158484142,2025,Barkey-Couturier-Tippett,PHI,line,5on5,24,9917.0,88.0,0.64,0.54,0.57,89.63,7.87,5.97,21.25,2.92,47.41,35.58,7.5,8.05,7.67,71.0,50.0,45.0,166.0,6.0,7.0,0.0,13.0,0.0,48.0,47.0,65.0,115.0,6.0,15.0,95.0,68.0,11.0,39.0,89.0,26.0,6.0,2.79,3.44,1.65,3.0,3.0,0.0,170.81,121.0,124.44,11.0,1.24,1.2,1.2,7.91,8.12,7.94,63.74,4.34,3.9,16.67,2.24,36.06,26.78,4.2,4.24,4.1,58.0,32.0,53.0,143.0,10.0,6.0,0.0,8.0,0.0,36.0,30.0,48.0,80.0,6.0,15.0,88.0,58.0,13.0,37.0,72.0,14.0,4.0,1.71,1.68,0.95,4.0,5.0,1.0,139.73,90.0,87.69,18.0,0.82,0.53,0.53,4.63,4.51,4.36,2025,2.856912372693355,1.5754764545729556,25.773923565594437,2.178078047796713,24.68488454169608,3.993143087627307,14.157507310678634,0.7623888182973316,0.5191256830601093,0.0,0.64,0.54,0
847740984779358479314,2025,Tkachuk-Bennett-Verhaeghe,FLA,line,5on5,24,10832.0,94.0,0.44,0.53,0.49,97.68,8.19,6.25,25.2,3.38,52.2,37.78,7.97,8.29,8.07,90.0,43.0,52.0,185.0,10.0,10.0,1.0,22.0,1.0,48.0,42.0,80.0,123.0,12.0,27.0,86.0,62.0,6.0,49.0,100.0,27.0,6.0,3.34,3.26,1.58,5.0,5.0,0.0,185.8,133.0,133.49,18.0,1.31,1.84,1.84,7.65,7.75,7.64,104.03,10.3,7.09,25.64,3.47,52.18,39.33,9.33,10.38,9.41,100.0,38.0,23.0,161.0,13.0,16.0,3.0,20.0,0.0,38.0,51.0,87.0,125.0,7.0,17.0,117.0,49.0,16.0,57.0,99.0,25.0,14.0,3.18,2.96,4.16,6.0,3.0,4.0,163.28,138.0,138.96,27.0,1.51,3.46,3.46,8.35,8.48,8.25,2025,2.721935007385524,3.4231905465288035,29.911373707533233,1.9940915805022157,20.605612998522894,1.9940915805022157,16.285081240768093,1.221001221001221,0.4236453201970443,1.6617429837518463,0.44,0.53,3
847707084788318479293,2025,Tanev-Stenlund-O'Brien,UTA,line,5on5,25,10660.0,95.0,0.5,0.49,0.51,89.65,8.02,5.88,22.98,3.13,47.19,35.81,7.5,8.12,7.57,73.0,50.0,46.0,169.0,2.0,14.0,0.0,18.0,1.0,53.0,35.0,71.0,121.0,13.0,35.0,103.0,123.0,16.0,62.0,91.0,24.0,8.0,2.64,2.99,2.39,0.0,1.0,1.0,172.46,123.0,124.6,38.0,1.23,2.56,2.56,6.69,6.76,6.6,88.46,7.94,5.74,22.91,3.01,45.04,34.37,7.57,7.83,7.48,83.0,36.0,56.0,175.0,6.0,14.0,1.0,18.0,0.0,44.0,37.0,77.0,113.0,15.0,39.0,95.0,98.0,11.0,43.0,85.0,27.0,7.0,2.69,3.49,1.75,3.0,3.0,0.0,173.9,119.0,118.13,21.0,1.2,2.15,1.84,7.3,7.24,7.08,2025,2.7084427767354593,2.6814258911819886,24.652908067542214,2.7016885553470917,41.53846153846153,5.4033771106941835,20.93808630393996,0.4,0.5202020202020202,-0.6754221388367729,0.5,0.49,4
847571484768728478904,2025,Laughton-Lorentz-Jarnkrok,TOR,line,5on5,22,8983.0,100.0,0.46,0.42,0.43,61.67,4.61,3.45,15.43,2.03,32.9,25.57,4.57,4.56,4.52,51.0,33.0,30.0,114.0,3.0,4.0,1.0,13.0,0.0,33.0,31.0,48.0,81.0,6.0,12.0,75.0,81.0,10.0,37.0,67.0,11.0,6.0,1.64,1.32,1.66,1.0,1.0,1.0,112.86,84.0,83.48,23.0,0.71,0.91,0.91,4.42,4.36,4.34,80.79,5.42,5.16,21.08,2.61,46.25,32.48,5.19,5.51,5.27,68.0,45.0,44.0,157.0,4.0,7.0,0.0,14.0,0.0,53.0,35.0,64.0,109.0,3.0,6.0,73.0,76.0,9.0,50.0,95.0,15.0,3.0,2.74,1.84,0.83,4.0,0.0,0.0,160.39,113.0,115.08,27.0,1.07,1.04,1.04,5.45,5.5,5.3,2025,1.8474897027719026,2.17210286095959,20.438606256261828,2.4045419125013914,32.46131581876878,4.0075698541689855,14.828008460425247,0.6507592190889371,0.5067567567567568,1.2022709562506957,0.46,0.42,4
847575484764558477501,2025,Landeskog-Nelson-Nichushkin,COL,line,5on5,32,10075.0,219.0,0.62,0.59,0.58,107.13,9.93,7.7,27.82,3.71,58.39,41.45,9.45,9.99,9.51,101.0,48.0,59.0,208.0,9.0,19.0,2.0,21.0,0.0,56.0,44.0,92.0,140.0,14.0,28.0,92.0,51.0,12.0,43.0,109.0,27.0,13.0,3.34,3.28,3.31,4.0,2.0,3.0,213.21,149.0,151.76,26.0,1.62,3.77,3.77,7.78,7.83,7.6,81.11,6.21,5.11,19.98,2.58,42.69,33.44,5.83,6.16,5.79,79.0,31.0,36.0,146.0,6.0,11.0,1.0,18.0,0.0,37.0,38.0,73.0,104.0,7.0,14.0,90.0,70.0,6.0,55.0,86.0,18.0,6.0,2.3,2.24,1.67,2.0,3.0,1.0,143.32,110.0,108.56,29.0,1.06,2.16,2.16,5.1,5.05,4.95,2025,3.5481885856079405,2.2189578163771713,36.0893300248139,4.645161290322581,18.22332506203474,4.287841191066997,15.364764267990074,0.9063444108761329,0.5054945054945055,2.501240694789082,0.62,0.59,0
847572684775058482667,2025,Eklund-Wennberg-Toffoli,SJS,line,5on5,37,11154.0,290.0,0.47,0.48,0.48,88.88,7.7,5.88,21.87,3.06,48.48,37.01,7.4,7.67,7.37,85.0,39.0,51.0,175.0,2.0,11.0,0.0,26.0,0.0,43.0,42.0,83.0,122.0,13.0,29.0,92.0,46.0,11.0,53.0,95.0,18.0,11.0,2.66,2.26,2.78,1.0,1.0,0.0,172.38,124.0,122.24,24.0,1.21,2.26,2.26,6.65,6.68,6.57,101.41,8.65,6.7,25.55,3.49,53.39,39.21,8.27,8.66,8.28,87.0,50.0,55.0,192.0,13.0,10.0,1.0,18.0,0.0,46.0,50.0,74.0,124.0,8.0,19.0,106.0,58.0,14.0,54.0,103.0,26.0,8.0,2.83,3.4,2.42,5.0,6.0,2.0,192.24,137.0,137.17,24.0,1.4,2.5,2.5,7.55,7.58,7.46,2025,2.4852071005917162,2.7918235610543305,27.434104357181283,3.550295857988166,14.846691769768693,3.550295857988166,17.1059709521248,0.4,0.46464646464646464,1.6137708445400754,0.47,0.48,3
847643284774978482660,2025,Johnson-Jenner-Monahan,CBJ,line,5on5,18,8083.0,84.0,0.53,0.54,0.54,82.05,6.46,5.28,20.87,2.8,42.96,31.64,6.24,6.55,6.33,71.0,39.0,52.0,162.0,9.0,9.0,2.0,16.0,0.0,40.0,36.0,62.0,101.0,8.0,22.0,72.0,34.0,7.0,37.0,79.0,28.0,3.0,2.26,3.26,0.93,2.0,6.0,1.0,164.09,110.0,111.79,19.0,1.11,1.47,1.47,6.1,6.19,6.08,66.64,5.68,4.59,16.83,2.34,37.37,26.19,5.49,5.61,5.41,54.0,39.0,46.0,139.0,5.0,6.0,1.0,16.0,0.0,37.0,29.0,49.0,88.0,7.0,20.0,65.0,44.0,12.0,41.0,71.0,16.0,6.0,2.15,1.86,1.67,2.0,1.0,2.0,137.19,93.0,91.7,24.0,0.96,1.34,1.34,5.3,5.21,5.12,2025,2.8771495731782752,2.5297538042805887,31.62192255350736,1.3361375726834095,15.142892490411974,3.117654336261289,16.479030063095383,1.3931888544891642,0.5255474452554745,0.44537919089446987,0.53,0.54,3
847399484751688479351,2025,Benn-Duchene-Steel,DAL,line,5on5,22,9384.0,84.0,0.53,0.48,0.52,75.52,6.46,5.1,19.42,2.51,40.66,28.85,6.22,6.6,6.35,60.0,43.0,38.0,141.0,10.0,5.0,1.0,8.0,0.0,42.0,38.0,50.0,93.0,6.0,12.0,86.0,62.0,12.0,46.0,77.0,21.0,5.0,2.46,2.61,1.39,5.0,4.0,1.0,144.66,103.0,105.6,18.0,1.07,0.95,0.92,6.61,6.79,6.55,71.57,5.78,4.34,17.51,2.27,38.42,28.68,5.64,5.75,5.61,62.0,35.0,55.0,152.0,5.0,5.0,0.0,6.0,0.0,40.0,41.0,57.0,92.0,6.0,12.0,88.0,67.0,6.0,52.0,78.0,12.0,7.0,2.58,1.35,1.86,3.0,2.0,0.0,148.57,97.0,95.79,24.0,0.9,1.16,1.16,5.52,5.48,5.41,2025,2.4782608695652177,2.217391304347826,23.017902813299234,1.9181585677749362,23.785166240409207,4.603580562659847,17.647058823529413,1.5479876160990713,0.4942528735632184,0.0,0.53,0.48,3
847645984821098484210,2025,Lafrenire-Zibanejad-Perreault,NYR,line,5on5,27,15870.0,90.0,0.49,0.47,0.45,116.28,9.87,7.88,27.87,3.95,66.98,47.44,9.42,9.91,9.46,102.0,62.0,59.0,223.0,14.0,10.0,1.0,17.0,0.0,57.0,66.0,88.0,150.0,8.0,16.0,137.0,61.0,21.0,85.0,126.0,31.0,7.0,4.22,3.68,1.97,6.0,7.0,1.0,225.37,164.0,164.23,43.0,1.64,2.18,2.18,9.34,9.32,8.97,145.05,10.36,8.95,38.15,4.88,78.66,59.01,10.1,10.47,10.21,123.0,77.0,51.0,251.0,10.0,16.0,1.0,27.0,0.0,84.0,63.0,113.0,190.0,8.0,16.0,130.0,83.0,22.0,60.0,161.0,30.0,9.0,4.65,3.48,2.22,7.0,0.0,3.0,250.52,200.0,201.07,27.0,1.85,2.36,2.36,9.85,9.96,9.8,2025,2.2389413988657845,2.350094517958412,23.137996219281664,1.5879017013232515,13.837429111531192,4.763705103969754,19.281663516068054,1.4184397163120568,0.5131086142322098,0.0,0.49,0.47,3
847181784766248482859,2025,Goodrow-Ostapchuk-Reaves,SJS,line,5on5,31,11918.0,126.0,0.39,0.43,0.42,72.8,5.95,5.11,19.17,2.6,39.67,28.5,5.79,5.96,5.8,64.0,37.0,48.0,149.0,4.0,12.0,1.0,13.0,0.0,36.0,36.0,60.0,97.0,26.0,61.0,113.0,186.0,9.0,55.0,80.0,16.0,5.0,2.39,2.21,1.35,1.0,2.0,1.0,152.6,101.0,102.59,27.0,1.08,1.72,1.72,5.3,5.33,5.26,103.34,9.25,7.24,25.68,3.54,55.79,39.5,8.8,9.19,8.74,101.0,40.0,59.0,200.0,9.0,15.0,0.0,20.0,1.0,54.0,42.0,92.0,132.0,19.0,47.0,103.0,90.0,13.0,53.0,102.0,29.0,10.0,2.88,3.66,2.71,4.0,4.0,1.0,198.52,141.0,140.13,32.0,1.51,2.78,2.78,7.99,7.98,7.82,2025,1.79728142305756,2.794092968618896,19.332102701795602,1.5103205235777815,56.18392347709347,2.7185769424400066,16.613525759355596,0.6722689075630252,0.5231481481481481,2.114448733008894,0.39,0.43,4
847688084816568482088,2025,Protas-Sourdif-Wilson,WSH,line,5on5,39,14558.0,221.0,0.61,0.57,0.61,158.8,13.66,10.46,40.34,5.52,84.24,62.77,13.18,13.74,13.25,144.0,73.0,60.0,277.0,15.0,20.0,4.0,28.0,0.0,78.0,76.0,129.0,202.0,18.0,39.0,123.0,99.0,17.0,70.0,162.0,46.0,9.0,5.23,5.72,2.72,6.0,6.0,3.0,278.19,217.0,218.84,34.0,2.18,3.04,3.02,12.82,12.85,12.62,105.52,8.77,6.79,26.07,3.42,55.45,40.51,8.25,8.87,8.33,90.0,51.0,69.0,210.0,5.0,12.0,1.0,20.0,0.0,48.0,56.0,85.0,136.0,15.0,33.0,134.0,71.0,14.0,66.0,102.0,33.0,6.0,3.09,4.02,1.66,1.0,3.0,1.0,210.61,141.0,141.78,39.0,1.42,1.91,1.91,8.28,8.35,8.22,2025,3.377936529743097,2.1687044923753263,35.60928698997115,2.225580436873197,24.481384805605167,4.203874158538261,17.31007006456931,1.0980966325036603,0.4785992217898833,0.741860145624399,0.61,0.57,0
848080284820978484145,2025,Benson-Mcleod-Quinn,BUF,line,5on5,27,8500.0,164.0,0.47,0.49,0.48,72.02,5.77,4.65,17.91,2.37,38.41,28.9,5.62,5.93,5.79,67.0,31.0,30.0,128.0,9.0,5.0,0.0,10.0,1.0,38.0,35.0,58.0,89.0,7.0,14.0,63.0,25.0,12.0,62.0,75.0,16.0,7.0,1.99,2.0,1.78,5.0,4.0,0.0,132.61,98.0,100.7,34.0,0.97,0.88,0.88,5.86,6.06,5.99,75.66,6.56,5.01,19.36,2.73,41.15,30.18,6.41,6.44,6.29,60.0,45.0,29.0,134.0,4.0,11.0,0.0,13.0,0.0,36.0,41.0,56.0,101.0,12.0,22.0,70.0,75.0,16.0,39.0,79.0,22.0,4.0,2.55,2.82,1.19,4.0,0.0,0.0,130.77,105.0,102.47,20.0,1.05,2.09,2.09,5.52,5.41,5.37,2025,2.443764705882353,2.7783529411764705,28.376470588235293,2.9647058823529413,10.588235294117647,5.08235294117647,26.258823529411764,1.5597920277296362,0.47368421052631576,-2.1176470588235294,0.47,0.49,3
847579184768738480762,2025,Hall-Jankowski-Robinson,CAR,line,5on5,27,7559.0,200.0,0.68,0.64,0.61,81.66,8.21,5.8,21.1,2.68,42.57,29.64,7.38,8.11,7.31,65.0,45.0,53.0,163.0,3.0,13.0,0.0,14.0,1.0,45.0,34.0,62.0,107.0,4.0,8.0,69.0,52.0,14.0,42.0,81.0,15.0,14.0,2.42,1.95,3.85,2.0,0.0,1.0,162.95,110.0,109.99,22.0,1.23,2.98,2.98,6.45,6.45,6.25,50.19,3.87,3.26,13.55,1.76,27.25,20.32,3.76,3.99,3.87,38.0,32.0,23.0,93.0,2.0,4.0,0.0,12.0,0.0,26.0,26.0,36.0,68.0,6.0,12.0,71.0,70.0,7.0,41.0,53.0,14.0,3.0,1.37,1.71,0.79,1.0,1.0,0.0,94.73,70.0,70.96,20.0,0.69,0.37,0.37,4.19,4.3,4.26,2025,3.9100410107157035,1.8431009392776823,30.956475724302155,6.6675486175420025,24.765180579441726,6.6675486175420025,20.00264585262601,0.4,0.4928571428571429,-0.9525069453631433,0.68,0.64,0
847639284800148482149,2025,Perfetti-Lowry-Vilardi,WPG,line,5on5,30,13643.0,130.0,0.58,0.54,0.54,119.83,9.85,8.24,31.92,4.21,64.66,47.11,9.58,9.97,9.69,97.0,69.0,55.0,221.0,7.0,14.0,3.0,32.0,1.0,65.0,47.0,90.0,159.0,7.0,14.0,151.0,93.0,19.0,53.0,128.0,29.0,9.0,3.92,3.64,2.29,2.0,3.0,2.0,221.25,166.0,165.78,25.0,1.72,2.4,2.56,9.02,9.07,8.91,97.76,7.0,6.54,25.04,3.6,56.07,42.75,6.79,7.13,6.91,97.0,44.0,50.0,191.0,10.0,8.0,1.0,20.0,0.0,51.0,52.0,87.0,131.0,10.0,20.0,102.0,94.0,18.0,62.0,116.0,21.0,4.0,3.27,2.58,1.14,5.0,4.0,1.0,193.6,141.0,143.39,35.0,1.36,1.3,1.3,7.05,7.17,7.0,2025,2.5991350875907058,1.8471010774756285,25.595543502162283,2.374844242468665,24.54005717217621,5.013560067433849,13.985193872315474,0.7106598984771574,0.5968379446640316,-0.7916147474895551,0.58,0.54,4
847458684815548482665,2025,Kakko-Beniers-Eberle,SEA,line,5on5,17,9518.0,51.0,0.41,0.42,0.4,64.83,4.97,4.34,16.15,2.07,34.55,24.92,4.74,5.11,4.87,65.0,22.0,37.0,124.0,7.0,4.0,1.0,12.0,0.0,32.0,32.0,58.0,80.0,8.0,16.0,67.0,42.0,8.0,46.0,64.0,19.0,4.0,1.83,2.07,1.07,5.0,1.0,1.0,126.93,87.0,89.18,20.0,0.91,0.88,0.88,5.0,5.12,4.99,94.58,7.12,6.26,24.27,3.26,50.75,37.34,6.83,6.97,6.7,75.0,54.0,40.0,169.0,6.0,15.0,1.0,13.0,0.0,50.0,45.0,69.0,123.0,7.0,14.0,85.0,79.0,12.0,51.0,103.0,19.0,7.0,3.0,2.2,1.92,3.0,2.0,1.0,164.67,129.0,126.08,30.0,1.3,2.58,2.58,5.84,5.73,5.67,2025,1.8798066820760664,2.6930027316663168,24.584996848077328,1.5129228829586048,15.88569027106535,3.0258457659172096,17.398613154023955,1.4084507042253522,0.4407894736842105,0.3782307207396512,0.41,0.42,1
847687384774788480762,2025,Carrier-Jankowski-Robinson,CAR,line,5on5,28,9172.0,154.0,0.68,0.62,0.65,95.33,8.9,6.5,26.54,3.48,48.73,33.85,8.32,8.97,8.38,80.0,48.0,45.0,173.0,5.0,19.0,1.0,16.0,0.0,52.0,36.0,75.0,123.0,12.0,24.0,95.0,76.0,9.0,27.0,96.0,19.0,13.0,2.84,2.54,3.53,1.0,1.0,3.0,177.99,128.0,131.08,12.0,1.38,3.58,3.58,6.71,6.71,6.51,52.02,4.22,3.59,13.61,1.69,26.45,19.44,4.09,4.17,4.04,41.0,28.0,37.0,106.0,4.0,3.0,0.0,11.0,0.0,25.0,26.0,37.0,65.0,8.0,16.0,99.0,83.0,8.0,42.0,50.0,16.0,3.0,1.44,2.08,0.7,1.0,2.0,1.0,101.78,69.0,66.48,30.0,0.77,0.36,0.36,4.64,4.55,4.4,2025,3.493240296554732,1.656345399040558,31.399912778020063,5.10248582642826,29.829917139119058,3.532490187527257,10.597470562581771,0.5617977528089887,0.4896907216494845,1.569995638901003,0.68,0.62,0
847576884769058480009,2025,Schwartz-Stephenson-Tolvanen,SEA,line,5on5,29,12619.0,111.0,0.4,0.44,0.42,93.13,6.64,6.28,23.12,3.07,53.0,38.89,6.48,6.66,6.49,83.0,48.0,55.0,186.0,8.0,10.0,2.0,25.0,0.0,37.0,51.0,75.0,123.0,11.0,22.0,116.0,75.0,19.0,71.0,108.0,19.0,4.0,3.42,2.25,0.98,4.0,3.0,1.0,184.2,131.0,129.77,31.0,1.29,1.29,1.29,6.64,6.66,6.54,129.04,10.07,8.59,32.45,4.53,71.25,53.11,9.65,10.2,9.77,113.0,67.0,59.0,239.0,11.0,14.0,1.0,29.0,0.0,69.0,57.0,102.0,169.0,8.0,16.0,106.0,55.0,24.0,49.0,143.0,28.0,9.0,4.16,3.39,2.53,7.0,2.0,2.0,242.25,180.0,182.65,24.0,1.79,2.49,2.49,9.37,9.46,9.19,2025,1.8942863935335605,2.872810840795626,23.678579919169508,1.1411363816467233,21.39630715587606,5.4203978128219354,20.255170774229338,1.2048192771084338,0.5225225225225225,0.8558522862350424,0.4,0.44,1
847458684779558482665,2025,Mccann-Beniers-Eberle,SEA,line,5on5,43,20236.0,186.0,0.56,0.52,0.53,187.88,15.02,12.78,47.44,6.48,105.63,75.64,14.31,14.74,14.03,158.0,105.0,78.0,341.0,19.0,25.0,5.0,35.0,0.0,93.0,91.0,139.0,244.0,14.0,35.0,167.0,90.0,22.0,96.0,203.0,46.0,14.0,5.9,5.27,3.85,5.0,10.0,4.0,334.14,263.0,258.17,39.0,2.67,4.29,4.29,13.4,13.1,12.85,168.54,11.98,11.16,41.46,5.73,95.71,69.96,11.58,12.37,11.95,147.0,89.0,85.0,321.0,15.0,12.0,1.0,37.0,0.0,80.0,92.0,132.0,221.0,21.0,47.0,168.0,127.0,16.0,114.0,190.0,39.0,7.0,5.35,4.57,2.07,7.0,6.0,2.0,330.87,236.0,242.44,50.0,2.32,2.35,2.35,11.96,12.27,12.05,2025,2.672069578968175,2.1312512354220203,28.10832180272781,2.490610792646768,16.01106938130065,3.9138169598734924,17.078474006720693,1.2649800266311584,0.49850746268656715,-1.245305396323384,0.56,0.52,3
847842784808308482093,2025,Jarvis-Aho-Svechnikov,CAR,line,5on5,61,34978.0,166.0,0.56,0.63,0.61,401.25,30.59,25.17,104.23,13.52,215.45,157.04,29.44,30.96,29.76,347.0,199.0,188.0,734.0,29.0,27.0,1.0,98.0,1.0,227.0,164.0,318.0,517.0,38.0,79.0,317.0,235.0,68.0,185.0,441.0,78.0,27.0,13.93,9.72,6.94,15.0,10.0,4.0,747.17,546.0,554.11,69.0,5.24,5.19,5.19,30.64,30.93,30.36,259.01,24.04,17.73,62.99,8.61,133.86,99.76,23.02,23.84,22.83,237.0,110.0,85.0,432.0,26.0,34.0,2.0,38.0,1.0,119.0,129.0,211.0,321.0,45.0,93.0,309.0,215.0,51.0,178.0,240.0,87.0,20.0,7.99,10.46,5.58,7.0,15.0,4.0,426.21,347.0,342.53,81.0,3.71,6.65,6.65,21.11,21.01,20.63,2025,3.148378981073818,2.4742409514552004,35.71387729429927,2.7788895877408657,24.18663159700383,6.998684887643662,19.040539767854078,0.9480222294867604,0.5063897763578274,-0.7204528560809652,0.56,0.63,0
847856984809808481481,2025,Dewar-Lizotte-Acciari,PIT,line,5on5,42,21814.0,129.0,0.54,0.53,0.53,185.98,16.3,12.95,44.52,6.21,101.41,73.62,15.62,16.56,15.87,153.0,102.0,121.0,376.0,16.0,16.0,2.0,29.0,0.0,115.0,79.0,137.0,239.0,21.0,51.0,207.0,187.0,16.0,88.0,189.0,47.0,19.0,5.3,5.96,5.03,6.0,7.0,3.0,386.53,255.0,260.8,50.0,2.69,3.73,3.73,15.27,15.54,15.2,164.97,13.65,11.28,42.41,5.5,87.95,64.21,12.9,13.43,12.71,144.0,81.0,103.0,328.0,10.0,12.0,2.0,30.0,0.0,88.0,85.0,134.0,215.0,28.0,68.0,168.0,206.0,29.0,109.0,175.0,38.0,12.0,5.16,5.17,3.32,3.0,5.0,2.0,321.97,225.0,221.75,49.0,2.37,2.89,2.89,13.13,12.99,12.6,2025,2.6900155863207114,2.2526817640047674,25.24983955258091,3.1356009901897863,30.860915008710002,2.6405060970019254,14.522783533510589,0.9815950920245399,0.552,-1.1552214174383422,0.54,0.53,4
847841484800028482110,2025,Mercer-Hischier-Meier,NJD,line,5on5,54,28561.0,223.0,0.6,0.54,0.55,283.04,25.14,19.91,72.51,9.92,149.71,108.82,23.84,25.19,23.88,244.0,142.0,146.0,532.0,14.0,48.0,3.0,56.0,0.0,165.0,103.0,230.0,372.0,22.0,47.0,338.0,122.0,38.0,140.0,282.0,80.0,24.0,8.44,9.98,6.72,6.0,5.0,3.0,528.97,386.0,383.84,68.0,4.17,7.41,7.41,21.9,21.92,21.32,226.62,16.94,15.09,58.43,7.77,126.02,89.75,16.35,17.12,16.54,217.0,97.0,131.0,445.0,20.0,18.0,0.0,42.0,0.0,120.0,114.0,197.0,294.0,23.0,49.0,280.0,166.0,34.0,145.0,252.0,47.0,15.0,7.31,5.83,3.8,12.0,7.0,1.0,452.85,314.0,318.8,62.0,3.15,3.37,3.37,16.72,16.88,16.55,2025,3.1687966107629286,2.135219355064599,30.75522565736494,3.025104163019502,15.37761282868247,4.789748258114211,17.646440950947095,0.5568814638027049,0.5469255663430421,-0.12604600679247924,0.6,0.54,0
847353384769218477940,2025,Martinook-Staal-Ehlers,CAR,line,5on5,47,19229.0,258.0,0.56,0.62,0.63,201.66,16.12,12.45,54.08,6.84,106.12,77.4,15.63,16.46,15.96,178.0,95.0,113.0,386.0,16.0,20.0,2.0,43.0,0.0,106.0,88.0,162.0,257.0,15.0,30.0,204.0,146.0,24.0,105.0,208.0,50.0,15.0,5.83,6.29,4.01,11.0,4.0,1.0,398.67,273.0,281.73,51.0,2.6,3.66,3.66,15.07,15.36,15.14,119.77,12.45,8.33,30.84,4.09,59.97,44.3,11.82,12.26,11.67,103.0,57.0,77.0,237.0,17.0,18.0,4.0,17.0,0.0,49.0,59.0,86.0,143.0,17.0,36.0,177.0,117.0,25.0,110.0,110.0,33.0,17.0,3.54,4.19,4.72,7.0,6.0,4.0,228.96,160.0,155.76,51.0,1.76,4.4,4.4,9.82,9.72,9.54,2025,3.017941650631858,2.330854438608352,33.324665869259974,2.808258359769099,27.333714701752562,4.493213375630558,19.657808518383693,0.9925558312655086,0.5354330708661418,-0.37443444796921316,0.56,0.62,0
847740284793858482089,2025,Neighbours-Buchnevich-Kyrou,STL,line,5on5,24,11689.0,83.0,0.58,0.56,0.55,101.8,9.2,7.11,24.16,3.27,55.88,40.37,8.87,9.36,9.03,87.0,53.0,44.0,184.0,11.0,9.0,0.0,20.0,0.0,42.0,58.0,76.0,129.0,10.0,23.0,63.0,44.0,15.0,44.0,106.0,25.0,9.0,3.47,3.18,2.55,5.0,6.0,0.0,186.14,140.0,141.5,19.0,1.46,2.2,2.27,8.39,8.6,8.37,84.48,6.65,5.47,21.51,2.72,44.26,32.39,6.3,6.55,6.21,72.0,41.0,34.0,147.0,6.0,10.0,0.0,21.0,0.0,33.0,43.0,66.0,107.0,10.0,23.0,99.0,66.0,16.0,68.0,88.0,19.0,6.0,2.58,2.51,1.56,4.0,2.0,0.0,147.39,113.0,113.22,37.0,1.15,1.64,1.64,6.15,6.11,6.05,2025,2.8334331422705104,2.0480793908803148,26.794422106253744,2.7718367696124564,13.551201984772009,4.619727949354093,13.551201984772009,1.1956521739130437,0.3888888888888889,0.0,0.58,0.56,3
848002384820778483516,2025,Holloway-Thomas-Snuggerud,STL,line,5on5,30,15232.0,155.0,0.58,0.54,0.52,141.2,15.02,9.46,32.52,4.53,72.94,54.52,13.55,15.39,13.85,138.0,51.0,80.0,269.0,24.0,18.0,1.0,18.0,0.0,71.0,58.0,114.0,165.0,20.0,46.0,119.0,61.0,28.0,89.0,128.0,44.0,17.0,4.74,5.14,5.15,10.0,11.0,3.0,272.86,189.0,192.63,32.0,1.98,4.35,4.35,12.65,12.89,12.46,124.91,10.75,8.18,31.95,4.19,68.19,48.75,10.41,10.48,10.16,121.0,51.0,56.0,228.0,6.0,15.0,1.0,29.0,1.0,59.0,62.0,115.0,166.0,22.0,53.0,117.0,87.0,25.0,70.0,127.0,35.0,10.0,3.86,4.38,2.51,4.0,2.0,0.0,225.96,172.0,170.31,34.0,1.7,2.91,2.91,9.54,9.37,9.28,2025,3.5498949579831933,2.540703781512605,32.615546218487395,4.017857142857143,14.41701680672269,6.61764705882353,21.03466386554622,1.5978695073235687,0.5042372881355932,-0.47268907563025214,0.58,0.54,0
84751718479442,2025,Ekman-Larsson-Stecher,TOR,pairing,5on5,44,9145.0,342.0,0.43,0.46,0.44,73.28,5.38,4.6,18.09,2.5,40.85,30.57,5.07,5.47,5.16,66.0,36.0,33.0,135.0,7.0,6.0,1.0,17.0,0.0,35.0,37.0,59.0,95.0,7.0,17.0,64.0,52.0,11.0,44.0,80.0,20.0,2.0,2.22,2.58,0.57,3.0,3.0,1.0,137.84,102.0,103.41,23.0,0.95,0.9,0.95,5.38,5.49,5.36,95.22,7.18,5.86,24.15,3.17,49.49,38.14,7.01,7.11,6.93,86.0,42.0,32.0,160.0,11.0,5.0,1.0,22.0,0.0,47.0,43.0,75.0,117.0,7.0,17.0,64.0,50.0,5.0,50.0,103.0,19.0,6.0,3.25,2.32,1.61,7.0,3.0,1.0,156.9,128.0,126.15,27.0,1.23,0.86,0.86,7.54,7.4,7.33,2025,2.1178786221979222,2.82646254784035,25.98141060688901,0.7873154729360305,20.470202296336794,4.330235101148168,17.320940404592672,1.3011152416356877,0.5,0.0,0.43,0.46,1
848277584835158484984,2025,Slafkovsk-Kapanen-Demidov,MTL,line,5on5,39,21858.0,94.0,0.48,0.46,0.49,190.39,16.11,12.24,45.8,6.25,101.83,76.77,15.42,16.29,15.59,163.0,96.0,78.0,337.0,25.0,19.0,2.0,38.0,1.0,79.0,97.0,138.0,234.0,26.0,58.0,153.0,100.0,35.0,90.0,198.0,48.0,13.0,7.15,5.5,3.47,18.0,2.0,5.0,341.54,259.0,261.47,40.0,2.55,3.36,2.98,15.68,15.88,15.56,204.01,17.53,13.29,49.74,6.6,106.22,79.64,16.9,17.39,16.77,181.0,92.0,120.0,393.0,18.0,21.0,1.0,37.0,0.0,101.0,96.0,163.0,255.0,18.0,42.0,161.0,156.0,34.0,99.0,192.0,67.0,14.0,5.63,8.37,3.52,9.0,7.0,2.0,387.81,273.0,270.38,41.0,2.76,3.88,3.73,16.55,16.41,16.19,2025,2.653307713423003,2.8871808948668685,26.846006038978864,2.1410925061762285,16.46994235520176,5.764479824320615,14.822948119681582,1.5518311607697084,0.4872611464968153,1.3175953884161407,0.48,0.46,3
847793384801858482113,2025,Luostarinen-Lundell-Reinhart,FLA,line,5on5,40,18625.0,140.0,0.54,0.51,0.51,142.83,12.26,9.65,36.77,4.7,76.98,56.63,11.76,12.33,11.81,131.0,66.0,74.0,271.0,13.0,12.0,2.0,29.0,0.0,79.0,64.0,118.0,184.0,22.0,49.0,191.0,109.0,20.0,83.0,152.0,32.0,13.0,4.67,3.91,3.68,7.0,4.0,2.0,269.18,197.0,197.19,45.0,2.03,2.89,2.89,11.39,11.45,11.14,139.72,10.64,8.72,35.68,4.67,74.93,57.36,10.2,10.73,10.29,113.0,79.0,67.0,259.0,14.0,14.0,2.0,20.0,1.0,74.0,69.0,99.0,178.0,18.0,41.0,184.0,129.0,24.0,91.0,157.0,22.0,13.0,4.56,2.41,3.67,8.0,5.0,1.0,260.84,192.0,192.96,45.0,1.81,3.21,3.21,9.23,9.33,9.21,2025,2.3697181208053695,2.056590604026846,25.32080536912752,2.512751677852349,21.068456375838927,3.865771812080537,16.04295302013423,1.0603588907014683,0.5093333333333333,0.7731543624161075,0.54,0.51,3
847572284808028482097,2025,Zucker-Mcleod-Quinn,BUF,line,5on5,48,26804.0,107.0,0.53,0.52,0.52,245.66,23.94,16.9,58.35,8.01,132.32,96.49,23.12,24.16,23.35,216.0,120.0,97.0,433.0,29.0,24.0,3.0,36.0,0.0,127.0,120.0,187.0,307.0,36.0,82.0,241.0,110.0,33.0,158.0,244.0,69.0,23.0,8.34,8.57,7.03,15.0,9.0,5.0,441.63,336.0,340.93,68.0,3.54,6.19,6.19,21.29,21.68,21.34,231.47,21.04,15.02,57.94,7.28,117.4,87.33,20.05,20.89,19.9,216.0,90.0,86.0,392.0,18.0,28.0,2.0,52.0,1.0,115.0,92.0,198.0,288.0,22.0,56.0,234.0,183.0,43.0,156.0,217.0,65.0,24.0,6.0,7.88,7.17,8.0,7.0,3.0,385.12,306.0,301.44,62.0,3.16,6.57,6.57,17.64,17.55,17.22,2025,3.2153409938815103,2.825846888524101,29.010595433517384,3.0890911804208327,14.773914341143112,4.432174302342934,21.220713326369196,1.2113617376775272,0.5073684210526316,1.8803163706909416,0.53,0.52,3
847646884778398481789,2025,Sheary-Miller-Kartye,NYR,line,5on5,15,8067.0,40.0,0.55,0.5,0.52,67.66,7.46,4.72,16.85,2.3,36.76,24.92,6.98,7.37,6.88,58.0,35.0,42.0,135.0,8.0,9.0,2.0,11.0,0.0,37.0,28.0,50.0,85.0,12.0,32.0,90.0,68.0,10.0,32.0,64.0,19.0,10.0,1.99,2.48,3.0,2.0,4.0,2.0,134.85,93.0,92.57,8.0,0.99,2.48,2.48,5.98,5.89,5.75,63.58,6.0,4.28,15.77,2.16,32.68,25.1,5.7,6.2,5.88,55.0,31.0,48.0,134.0,8.0,7.0,0.0,17.0,0.0,22.0,32.0,47.0,78.0,12.0,30.0,50.0,44.0,12.0,44.0,63.0,16.0,7.0,1.89,2.18,1.93,4.0,4.0,0.0,134.68,86.0,87.46,23.0,0.9,1.82,1.82,5.08,5.24,5.19,2025,3.32911863146151,2.677575306805504,25.88322796578654,4.462625511342507,30.345853477129047,4.462625511342507,14.280401636296022,1.0723860589812333,0.6428571428571429,0.0,0.55,0.5,0
847572684842278484801,2025,Toffoli-Celebrini-Smith,SJS,line,5on5,22,12621.0,77.0,0.47,0.47,0.45,87.12,7.15,5.7,22.14,3.18,47.24,34.59,7.04,7.1,7.0,87.0,33.0,61.0,181.0,16.0,7.0,1.0,12.0,0.0,39.0,46.0,71.0,104.0,15.0,30.0,118.0,48.0,16.0,69.0,92.0,22.0,6.0,2.98,2.6,1.56,11.0,4.0,1.0,180.1,120.0,119.97,34.0,1.18,1.04,1.04,7.29,7.27,7.19,105.19,8.2,7.2,24.87,3.4,60.04,42.29,8.03,8.11,7.94,90.0,56.0,57.0,203.0,6.0,9.0,1.0,21.0,0.0,56.0,54.0,84.0,140.0,16.0,34.0,136.0,63.0,19.0,54.0,108.0,31.0,7.0,2.86,3.5,1.84,3.0,2.0,1.0,200.91,146.0,144.97,23.0,1.49,1.86,1.86,7.84,7.75,7.66,2025,2.0394580461136202,2.3389588780603754,24.815783218445446,1.711433325410031,13.691466603280247,4.563822201093416,19.681483242215354,1.8,0.4645669291338583,-0.2852388875683385,0.47,0.47,3
848161884827758484984,2025,Newhook-Kapanen-Demidov,MTL,line,5on5,35,17067.0,113.0,0.44,0.42,0.43,128.18,11.19,8.29,31.97,4.23,69.1,51.21,10.82,11.34,10.97,105.0,71.0,54.0,230.0,20.0,11.0,4.0,23.0,0.0,65.0,57.0,85.0,156.0,11.0,25.0,116.0,90.0,14.0,72.0,126.0,42.0,8.0,3.85,5.19,2.15,6.0,9.0,5.0,231.78,176.0,177.43,40.0,1.72,2.23,2.23,10.68,10.75,10.53,171.5,14.39,10.62,44.7,5.71,90.35,66.23,13.67,14.27,13.56,151.0,81.0,83.0,315.0,14.0,23.0,1.0,27.0,0.0,82.0,86.0,137.0,218.0,12.0,27.0,161.0,135.0,23.0,75.0,175.0,43.0,14.0,5.03,5.21,4.15,7.0,5.0,2.0,311.27,232.0,229.5,39.0,2.21,4.09,4.09,12.5,12.45,12.01,2025,2.3603445245210053,3.0353313411847425,22.14800492177887,1.6874670416593425,18.984004218667604,2.9530673229038493,15.187203374934082,1.7873100983020556,0.4187725631768953,-0.2109333802074178,0.44,0.42,1
847751184796388485414,2025,Mantha-Kindel-Brazeau,PIT,line,5on5,31,10198.0,178.0,0.52,0.5,0.53,88.88,7.51,5.8,22.66,2.85,46.3,34.89,7.22,7.91,7.6,78.0,42.0,37.0,157.0,11.0,10.0,0.0,16.0,0.0,46.0,37.0,67.0,109.0,8.0,25.0,56.0,68.0,19.0,61.0,91.0,21.0,8.0,2.6,2.65,2.26,6.0,5.0,0.0,165.04,120.0,126.13,24.0,1.21,2.36,2.36,6.36,6.71,6.62,76.21,6.98,5.19,19.08,2.61,41.74,29.41,6.55,6.68,6.26,72.0,33.0,51.0,156.0,6.0,10.0,2.0,10.0,0.0,41.0,38.0,66.0,99.0,9.0,24.0,82.0,66.0,12.0,67.0,83.0,13.0,9.0,2.82,1.55,2.61,4.0,1.0,1.0,148.99,105.0,101.19,32.0,1.08,2.19,2.19,5.86,5.65,5.57,2025,2.6511080604040007,2.4640125514806828,27.534810747205334,2.8240831535595214,24.004706805255932,6.707197489703863,21.53363404589135,1.4647137150466045,0.4057971014492754,-0.3530103941949402,0.52,0.5,3
847740984779358478421,2025,Greer-Verhaeghe-Bennett,FLA,line,5on5,26,8896.0,152.0,0.5,0.59,0.55,89.39,7.16,6.0,22.58,3.06,48.42,35.76,6.91,7.29,7.03,83.0,40.0,52.0,175.0,15.0,9.0,2.0,24.0,0.0,42.0,33.0,68.0,108.0,17.0,34.0,61.0,71.0,17.0,39.0,92.0,27.0,4.0,2.69,3.35,1.12,9.0,3.0,3.0,176.31,123.0,124.93,19.0,1.24,1.25,1.39,7.02,7.11,6.97,75.65,7.11,5.16,18.81,2.5,37.43,27.98,6.73,6.98,6.62,57.0,42.0,23.0,122.0,6.0,10.0,1.0,9.0,0.0,40.0,34.0,51.0,93.0,13.0,26.0,85.0,56.0,9.0,50.0,68.0,25.0,6.0,2.14,3.4,1.58,3.0,2.0,1.0,119.71,99.0,97.37,30.0,1.08,1.98,1.98,6.22,6.1,6.0,2025,2.897482014388489,2.877248201438849,33.58812949640288,1.6187050359712232,28.73201438848921,6.879496402877698,15.782374100719425,1.8,0.4178082191780822,1.6187050359712232,0.5,0.59,3
848001884800748481540,2025,Texier-Suzuki-Caufield,MTL,line,5on5,19,9436.0,83.0,0.62,0.56,0.57,96.56,9.17,6.13,23.41,3.26,49.32,38.71,8.75,9.22,8.79,83.0,47.0,46.0,176.0,12.0,16.0,2.0,16.0,0.0,42.0,44.0,71.0,118.0,10.0,20.0,81.0,51.0,14.0,48.0,89.0,31.0,10.0,2.76,3.61,2.8,4.0,8.0,0.0,177.56,130.0,129.98,21.0,1.27,2.72,2.72,7.72,7.74,7.54,72.03,5.62,4.6,17.88,2.4,38.05,28.44,5.5,5.45,5.33,59.0,38.0,42.0,139.0,3.0,6.0,0.0,15.0,0.0,41.0,32.0,56.0,94.0,6.0,14.0,74.0,45.0,13.0,44.0,73.0,21.0,3.0,2.66,2.33,0.64,3.0,0.0,0.0,135.41,97.0,94.45,18.0,0.96,0.88,0.88,5.7,5.53,5.48,2025,3.498516320474778,2.1441288681644766,31.66596015260704,3.815175922000848,19.457397202204326,5.3412462908011875,18.31284442560407,1.3086150490730644,0.5225806451612903,1.5260703688003392,0.62,0.56,0
848080184815288482092,2025,Tkachuk-Cozens-Greig,OTT,line,5on5,35,19170.0,76.0,0.66,0.6,0.62,206.92,19.95,14.99,52.24,6.76,108.24,75.84,19.33,20.3,19.67,188.0,90.0,96.0,374.0,16.0,22.0,1.0,31.0,0.0,121.0,88.0,172.0,262.0,27.0,72.0,215.0,177.0,24.0,86.0,200.0,55.0,23.0,6.59,7.0,6.36,9.0,5.0,2.0,383.4,278.0,283.17,45.0,3.15,5.07,4.66,18.44,18.72,18.39,125.52,10.48,8.05,32.52,4.09,68.9,48.98,9.96,10.43,9.91,106.0,67.0,76.0,249.0,11.0,10.0,2.0,22.0,0.0,70.0,60.0,95.0,162.0,31.0,77.0,178.0,136.0,22.0,100.0,137.0,26.0,10.0,4.02,3.2,3.26,5.0,4.0,2.0,245.49,173.0,170.7,53.0,1.68,2.94,2.94,9.22,9.15,8.88,2025,3.7464788732394365,1.9680751173708921,35.305164319248824,4.31924882629108,33.23943661971831,4.507042253521127,16.150234741784036,0.8020050125313284,0.5470737913486005,-0.7511737089201878,0.66,0.6,0
847645984785508482109,2025,Lafrenire-Zibanejad-Panarin,NYR,line,5on5,37,13680.0,211.0,0.49,0.54,0.55,128.27,8.55,8.46,31.66,4.15,73.59,52.59,8.41,8.51,8.37,116.0,63.0,69.0,248.0,6.0,7.0,1.0,18.0,0.0,72.0,76.0,110.0,173.0,10.0,20.0,105.0,66.0,20.0,71.0,142.0,34.0,3.0,4.01,3.75,0.8,5.0,1.0,0.0,243.49,179.0,175.98,32.0,1.73,1.07,1.07,9.22,9.13,9.06,106.95,9.02,6.99,26.15,3.66,57.66,43.51,8.69,9.25,8.91,97.0,50.0,62.0,209.0,10.0,12.0,0.0,19.0,0.0,41.0,65.0,87.0,137.0,12.0,24.0,106.0,78.0,17.0,60.0,113.0,25.0,9.0,3.37,3.38,2.27,7.0,3.0,0.0,213.47,147.0,150.39,22.0,1.45,2.17,2.17,8.3,8.51,8.41,2025,2.2500000000000004,2.373684210526316,30.526315789473685,0.7894736842105263,17.36842105263158,5.2631578947368425,18.68421052631579,0.7017543859649122,0.4976303317535545,-0.5263157894736842,0.49,0.54,3
847688084794008481656,2025,Dubois-Protas-Wilson,WSH,line,5on5,18,7863.0,62.0,0.56,0.53,0.55,71.26,5.75,4.35,18.45,2.29,36.33,26.83,5.6,5.75,5.6,62.0,32.0,34.0,128.0,8.0,4.0,0.0,12.0,0.0,35.0,35.0,54.0,86.0,14.0,31.0,62.0,43.0,9.0,44.0,71.0,18.0,5.0,2.41,2.14,1.2,5.0,2.0,1.0,129.42,94.0,94.56,17.0,0.91,0.69,0.69,5.98,6.01,5.89,56.89,4.51,3.28,15.3,1.91,29.17,21.83,4.27,4.46,4.23,50.0,26.0,36.0,112.0,2.0,4.0,0.0,14.0,0.0,28.0,28.0,48.0,74.0,13.0,26.0,77.0,52.0,12.0,46.0,55.0,19.0,2.0,1.37,2.51,0.64,0.0,2.0,0.0,111.06,76.0,75.18,23.0,0.68,0.91,0.94,4.26,4.23,4.12,2025,2.632582983594048,2.0648607401755057,28.386112170927127,2.2892025944296073,19.687142312094622,4.120564669973293,20.144982830980542,1.391304347826087,0.4460431654676259,0.4578405188859214,0.56,0.53,3
847795684821778483489,2025,Khusnutdinov-Minten-Pastrnak,BOS,line,5on5,31,11279.0,171.0,0.46,0.47,0.47,88.85,8.11,5.83,20.58,2.86,47.89,35.72,7.71,8.32,7.92,82.0,39.0,47.0,168.0,15.0,7.0,1.0,13.0,1.0,38.0,47.0,67.0,106.0,17.0,36.0,94.0,54.0,15.0,58.0,88.0,25.0,8.0,2.79,2.87,2.45,7.0,6.0,2.0,174.11,121.0,125.01,30.0,1.21,2.09,2.09,7.23,7.51,7.38,98.34,9.44,7.01,23.64,3.55,53.88,38.48,8.81,9.06,8.48,81.0,55.0,53.0,189.0,5.0,14.0,0.0,19.0,0.0,46.0,52.0,76.0,131.0,10.0,20.0,97.0,72.0,18.0,46.0,97.0,28.0,11.0,2.85,3.54,3.06,2.0,1.0,2.0,182.35,136.0,131.99,22.0,1.46,2.67,2.67,8.23,7.97,7.83,2025,2.5885273517155776,3.0130330703076513,26.17253302597748,2.553417856192925,17.235570529302244,4.787658480361734,18.512279457398705,1.8,0.49214659685863876,2.2342406241688093,0.46,0.47,3
847749784808938481716,2025,Voronkov-Monahan-Marchenko,CBJ,line,5on5,19,8970.0,116.0,0.49,0.52,0.52,99.42,7.58,6.08,25.0,3.23,51.04,39.07,7.35,7.67,7.44,88.0,44.0,48.0,180.0,9.0,10.0,1.0,23.0,0.0,51.0,39.0,79.0,123.0,10.0,20.0,86.0,54.0,14.0,43.0,104.0,23.0,5.0,3.25,2.93,1.4,3.0,5.0,1.0,180.12,132.0,132.26,25.0,1.27,1.41,1.41,7.44,7.51,7.36,92.57,7.97,5.98,24.79,2.94,47.74,34.59,7.54,7.98,7.54,91.0,33.0,42.0,166.0,4.0,13.0,1.0,19.0,0.0,43.0,45.0,87.0,120.0,6.0,12.0,107.0,37.0,13.0,44.0,92.0,23.0,9.0,2.38,2.8,2.79,0.0,3.0,1.0,166.23,124.0,124.05,22.0,1.25,2.74,2.74,6.48,6.46,6.3,2025,3.0421404682274247,3.1986622073578594,35.31772575250836,2.0066889632107023,21.672240802675585,5.618729096989966,17.25752508361204,1.187335092348285,0.44559585492227977,1.605351170568562,0.49,0.52,3
847514984784938481557,2025,Boldy-Eriksson Ek-Johansson,MIN,line,5on5,49,25667.0,134.0,0.52,0.51,0.51,242.41,18.02,16.97,58.36,7.92,133.74,98.0,17.57,18.27,17.82,213.0,120.0,120.0,453.0,30.0,22.0,3.0,34.0,0.0,140.0,107.0,183.0,303.0,25.0,53.0,221.0,111.0,33.0,110.0,259.0,63.0,11.0,7.14,7.39,3.48,13.0,13.0,4.0,465.68,333.0,341.55,41.0,3.51,3.59,3.59,17.93,18.18,17.96,231.36,16.84,15.95,59.87,7.75,129.53,92.05,16.23,16.61,16.0,206.0,116.0,106.0,428.0,13.0,19.0,1.0,53.0,0.0,114.0,123.0,193.0,309.0,29.0,61.0,258.0,151.0,34.0,119.0,267.0,43.0,12.0,8.15,5.45,3.24,6.0,5.0,2.0,420.58,322.0,315.5,53.0,3.3,2.9,2.9,17.24,16.97,16.63,2025,2.527447695484474,2.361943351385047,29.874936689133907,1.5428371060116102,15.568628978844432,4.628511318034831,15.428371060116103,1.6648168701442843,0.4613778705636743,-0.5610316749133128,0.52,0.51,3
847750084784458482476,2025,Heineman-Horvat-Barzal,NYI,line,5on5,22,7845.0,136.0,0.6,0.6,0.57,86.98,8.55,5.48,21.54,2.92,46.74,33.77,8.06,8.64,8.15,89.0,30.0,45.0,164.0,7.0,11.0,0.0,21.0,0.0,44.0,36.0,82.0,112.0,11.0,24.0,65.0,45.0,12.0,35.0,91.0,20.0,8.0,3.27,2.42,2.87,6.0,1.0,0.0,167.78,119.0,120.9,15.0,1.13,2.99,2.99,6.69,6.78,6.61,65.99,5.7,4.06,16.45,2.1,33.42,26.27,5.62,5.59,5.51,54.0,34.0,23.0,111.0,5.0,4.0,1.0,8.0,0.0,37.0,34.0,49.0,83.0,6.0,12.0,48.0,34.0,11.0,36.0,65.0,17.0,6.0,1.82,2.17,1.71,0.0,5.0,0.0,108.92,88.0,86.13,19.0,0.85,1.0,1.0,5.55,5.43,5.38,2025,3.9235181644359467,2.615678776290631,40.84130019120459,3.6711281070745696,20.650095602294456,5.506692160611855,16.061185468451242,0.8187134502923976,0.5752212389380531,2.294455066921606,0.6,0.6,0
847415084763998482074,2025,Coleman-Backlund-Zary,CGY,line,5on5,27,12363.0,129.0,0.49,0.54,0.53,109.27,9.11,6.72,28.73,3.55,54.47,42.42,8.74,9.2,8.83,96.0,49.0,59.0,204.0,8.0,17.0,4.0,18.0,0.0,51.0,51.0,88.0,137.0,14.0,31.0,125.0,84.0,13.0,56.0,112.0,22.0,11.0,2.9,3.14,3.08,2.0,2.0,4.0,204.57,145.0,146.23,31.0,1.41,3.63,3.63,6.9,6.88,6.8,99.05,9.37,6.33,25.83,3.25,48.73,37.49,8.55,9.47,8.64,77.0,54.0,45.0,176.0,8.0,15.0,1.0,20.0,1.0,39.0,48.0,69.0,123.0,12.0,27.0,124.0,75.0,15.0,67.0,93.0,29.0,9.0,2.68,3.82,2.87,4.0,2.0,2.0,175.3,131.0,130.1,28.0,1.33,3.36,3.36,7.35,7.41,7.2,2025,2.6527541858772143,2.728463965057025,27.954380004853192,3.2031060422227617,24.460082504246543,3.7854889589905363,16.306721669497694,0.8781558726673985,0.5020080321285141,0.5823829167677749,0.49,0.54,3
847688284774798483493,2025,Bertuzzi-Nazar-Teravainen,CHI,line,5on5,31,12257.0,174.0,0.41,0.48,0.48,96.34,7.59,6.17,25.87,3.37,52.35,38.65,7.41,7.68,7.51,79.0,55.0,50.0,184.0,10.0,10.0,1.0,14.0,0.0,57.0,43.0,69.0,124.0,10.0,23.0,98.0,44.0,22.0,67.0,107.0,19.0,8.0,3.16,2.2,2.23,5.0,3.0,2.0,183.71,134.0,134.18,30.0,1.28,2.22,2.22,6.65,6.76,6.65,110.32,10.7,7.52,27.31,3.65,56.62,42.21,10.25,10.73,10.28,101.0,47.0,52.0,200.0,5.0,19.0,1.0,23.0,0.0,44.0,57.0,96.0,143.0,14.0,31.0,112.0,94.0,11.0,50.0,109.0,26.0,13.0,3.67,3.64,3.39,1.0,3.0,1.0,202.13,148.0,148.8,25.0,1.58,3.93,3.93,8.35,8.33,8.21,2025,2.2292567512441868,3.1426939707922,23.20306763482092,2.3496777351717384,12.923227543444561,6.461613771722281,19.67855103206331,1.3175230566534915,0.4666666666666667,-1.1748388675858692,0.41,0.48,1
847643884768818481604,2025,Saad-Hertl-Dorofeyev,VGK,line,5on5,21,8385.0,105.0,0.56,0.59,0.55,70.56,5.61,4.73,17.68,2.21,38.51,27.27,5.41,5.4,5.21,61.0,35.0,58.0,154.0,2.0,6.0,1.0,21.0,0.0,41.0,26.0,59.0,94.0,8.0,19.0,77.0,47.0,13.0,34.0,71.0,21.0,4.0,2.05,2.55,1.01,1.0,1.0,0.0,148.1,96.0,92.31,10.0,0.99,1.19,1.19,5.41,5.27,5.18,56.34,4.36,3.84,14.5,1.99,30.94,22.37,4.15,4.48,4.26,49.0,29.0,30.0,108.0,6.0,6.0,0.0,13.0,0.0,26.0,27.0,43.0,72.0,6.0,15.0,66.0,61.0,10.0,39.0,59.0,16.0,3.0,1.72,1.81,0.82,2.0,3.0,1.0,110.97,78.0,80.19,19.0,0.79,0.92,0.92,4.24,4.36,4.21,2025,2.4085867620751342,1.8719141323792488,26.189624329159212,1.7173524150268338,20.178890876565294,5.5813953488372094,14.597495527728086,0.4,0.5384615384615384,0.8586762075134169,0.56,0.59,4
847121484784408478463,2025,Ovechkin-Strome-Beauvillier,WSH,line,5on5,67,24283.0,299.0,0.55,0.52,0.52,236.51,21.04,14.87,61.13,8.19,125.71,93.06,19.68,21.04,19.7,209.0,115.0,110.0,434.0,22.0,30.0,4.0,33.0,0.0,116.0,123.0,187.0,302.0,14.0,33.0,203.0,141.0,33.0,117.0,244.0,63.0,17.0,7.56,7.95,5.53,13.0,6.0,3.0,437.13,324.0,324.58,47.0,3.12,6.51,6.51,17.65,17.68,16.85,210.62,17.55,13.99,50.85,7.44,117.17,87.01,17.05,17.71,17.19,189.0,105.0,108.0,402.0,13.0,19.0,1.0,46.0,1.0,112.0,103.0,176.0,281.0,16.0,35.0,162.0,134.0,35.0,130.0,229.0,50.0,15.0,7.24,5.95,4.36,7.0,3.0,3.0,400.5,294.0,292.77,72.0,2.89,3.9,3.9,16.55,16.64,16.45,2025,3.1192192068525304,2.6018202034345017,30.98463945970432,2.5202816785405426,20.903512745542148,4.892311493637524,17.345468022896675,1.0456273764258555,0.5561643835616439,-0.2965037268871227,0.55,0.52,3
847793484784588481617,2025,Roslovic-Draisaitl-Podkolzin,EDM,line,5on5,30,11506.0,184.0,0.47,0.52,0.52,109.41,8.13,6.3,27.58,3.36,56.04,43.59,7.98,8.27,8.12,101.0,44.0,49.0,194.0,10.0,3.0,1.0,25.0,0.0,44.0,63.0,91.0,135.0,11.0,22.0,92.0,72.0,18.0,75.0,113.0,29.0,3.0,3.76,3.48,0.89,5.0,5.0,0.0,195.56,145.0,145.39,32.0,1.3,0.5,0.5,8.93,9.06,8.98,95.48,9.27,6.44,23.18,3.2,51.73,38.18,8.92,9.27,8.93,84.0,48.0,45.0,177.0,11.0,10.0,1.0,16.0,0.0,41.0,54.0,73.0,121.0,11.0,20.0,100.0,54.0,17.0,59.0,93.0,29.0,10.0,3.08,3.72,2.47,7.0,3.0,1.0,176.94,132.0,132.16,29.0,1.34,2.01,2.01,8.6,8.64,8.54,2025,2.543716321918999,2.9003997914131756,31.600903876238483,0.9386407091952025,22.52737702068486,5.631844255171215,23.46601772988006,1.230012300123001,0.4791666666666667,0.0,0.47,0.52,3
847341984801858482113,2025,Marchand-Lundell-Luostarinen,FLA,line,5on5,26,10433.0,173.0,0.47,0.51,0.49,94.61,7.59,6.31,24.23,3.09,50.4,36.39,7.36,7.57,7.35,83.0,45.0,49.0,177.0,9.0,6.0,0.0,17.0,1.0,55.0,40.0,74.0,119.0,16.0,32.0,122.0,74.0,13.0,49.0,94.0,29.0,5.0,2.57,3.53,1.5,3.0,6.0,0.0,177.78,128.0,128.5,25.0,1.32,1.3,1.3,7.61,7.65,7.47,97.48,8.63,6.7,24.89,3.53,51.37,37.87,8.14,8.62,8.11,86.0,47.0,39.0,172.0,7.0,15.0,0.0,16.0,1.0,41.0,53.0,79.0,126.0,17.0,34.0,96.0,62.0,19.0,52.0,98.0,28.0,7.0,2.8,3.93,1.9,4.0,3.0,0.0,172.38,133.0,132.95,31.0,1.41,2.55,2.55,7.49,7.45,7.23,2025,2.618997412057893,2.977858717530912,28.63989264832742,1.7252947378510495,25.53436212019553,4.485766318412729,16.907888430940286,1.1857707509881423,0.5596330275229358,-0.3450589475702099,0.47,0.51,3
847897584808938484166,2025,Marchment-Fantilli-Marchenko,CBJ,line,5on5,37,21408.0,99.0,0.55,0.54,0.54,207.12,17.68,13.5,52.36,6.9,112.88,82.68,16.84,17.67,16.83,184.0,102.0,99.0,385.0,24.0,20.0,3.0,39.0,0.0,102.0,101.0,160.0,262.0,20.0,40.0,189.0,123.0,43.0,136.0,221.0,53.0,12.0,7.63,6.41,3.65,13.0,11.0,0.0,392.86,286.0,290.55,55.0,2.82,3.77,3.79,16.71,16.76,16.26,180.87,14.73,12.12,45.44,6.15,96.18,72.39,14.14,14.73,14.14,164.0,83.0,87.0,334.0,10.0,21.0,2.0,46.0,0.0,95.0,75.0,154.0,237.0,16.0,37.0,183.0,131.0,33.0,90.0,182.0,54.0,11.0,5.24,6.63,2.85,5.0,2.0,3.0,326.29,247.0,242.45,45.0,2.54,3.85,3.85,13.41,13.41,13.18,2025,2.9730941704035874,2.477017937219731,30.94170403587444,2.0179372197309418,20.683856502242154,7.2309417040358746,22.869955156950674,1.3574660633484164,0.5080645161290323,0.672645739910314,0.55,0.54,3
848006484826598483500,2025,Ostlund-Norris-Doan,BUF,line,5on5,17,7690.0,54.0,0.5,0.54,0.57,71.52,5.01,4.85,18.79,2.45,39.59,28.3,4.92,5.18,5.09,65.0,34.0,26.0,125.0,7.0,4.0,0.0,21.0,0.0,37.0,30.0,58.0,92.0,6.0,12.0,75.0,23.0,15.0,30.0,80.0,17.0,2.0,2.3,2.26,0.45,3.0,4.0,0.0,129.31,99.0,102.7,15.0,1.01,0.45,0.45,5.57,5.75,5.64,55.76,5.07,3.4,14.1,1.72,28.45,21.26,4.98,4.98,4.88,50.0,24.0,31.0,105.0,2.0,6.0,0.0,12.0,1.0,24.0,29.0,48.0,72.0,12.0,27.0,86.0,69.0,13.0,31.0,56.0,10.0,8.0,1.6,1.14,2.33,0.0,2.0,0.0,101.41,74.0,71.91,15.0,0.71,1.7,1.7,4.09,3.98,3.93,2025,2.345383615084525,2.3734720416124837,30.429128738621586,0.9362808842652796,10.767230169050716,7.022106631989597,14.044213263979193,1.3972055888223553,0.4658385093167702,-2.808842652795839,0.5,0.54,3
847804284784018479999,2025,Arvidsson-Zacha-Mittelstadt,BOS,line,5on5,59,35097.0,115.0,0.49,0.49,0.5,300.47,24.37,19.5,75.32,10.22,161.99,121.61,23.12,24.35,23.12,261.0,152.0,141.0,554.0,41.0,37.0,6.0,64.0,1.0,132.0,138.0,220.0,372.0,36.0,74.0,329.0,142.0,45.0,187.0,329.0,63.0,21.0,10.38,7.72,6.27,25.0,13.0,3.0,556.47,413.0,415.07,97.0,4.05,7.36,7.36,21.07,21.12,20.58,298.56,25.12,19.92,75.07,10.44,160.43,119.02,24.04,25.06,24.0,260.0,150.0,158.0,568.0,22.0,28.0,3.0,59.0,1.0,143.0,157.0,238.0,388.0,37.0,74.0,301.0,243.0,50.0,167.0,300.0,87.0,23.0,8.27,10.74,6.11,9.0,10.0,3.0,563.4,410.0,408.01,71.0,4.15,5.41,5.41,23.86,23.91,23.38,2025,2.499700829130695,2.5766304812377125,26.771518933242156,2.1540302589964955,14.565347465595348,4.615779126421061,19.181126592016412,1.6823963890028724,0.5222222222222223,-0.10257286947602358,0.49,0.49,3
847415084763998482679,2025,Coleman-Backlund-Coronato,CGY,line,5on5,23,8650.0,123.0,0.43,0.48,0.47,73.17,5.56,4.49,18.52,2.55,39.99,29.89,5.48,5.59,5.5,66.0,35.0,44.0,145.0,4.0,1.0,0.0,20.0,0.0,35.0,41.0,62.0,97.0,9.0,18.0,85.0,52.0,13.0,50.0,78.0,20.0,3.0,2.31,2.41,0.85,4.0,0.0,0.0,144.07,101.0,100.86,23.0,0.93,0.26,0.26,6.23,6.27,6.19,83.51,7.35,5.57,22.37,2.87,45.16,32.68,7.0,7.45,7.09,77.0,39.0,42.0,158.0,6.0,12.0,1.0,24.0,1.0,25.0,48.0,71.0,110.0,8.0,16.0,96.0,36.0,20.0,57.0,87.0,20.0,9.0,2.57,2.54,2.25,4.0,1.0,1.0,159.61,116.0,116.94,26.0,1.19,2.02,2.02,6.52,6.62,6.43,2025,2.313988439306358,3.0589595375722545,27.46820809248555,1.2485549132947977,21.641618497109828,5.410404624277457,20.809248554913296,0.7194244604316548,0.4696132596685083,0.4161849710982659,0.43,0.48,1
847750384793188482720,2025,Knies-Matthews-Domi,TOR,line,5on5,25,10041.0,136.0,0.41,0.44,0.44,83.98,6.15,5.74,21.84,2.75,44.31,32.22,6.07,6.24,6.16,78.0,35.0,38.0,151.0,4.0,7.0,1.0,23.0,0.0,30.0,49.0,74.0,109.0,10.0,23.0,110.0,56.0,18.0,60.0,86.0,25.0,2.0,2.52,3.12,0.52,2.0,2.0,0.0,153.39,113.0,115.43,31.0,1.21,1.07,1.07,6.29,6.4,6.36,105.46,8.71,6.84,26.65,3.51,56.24,42.06,8.28,8.75,8.31,89.0,55.0,50.0,194.0,8.0,12.0,0.0,22.0,1.0,48.0,53.0,81.0,136.0,8.0,19.0,76.0,45.0,11.0,57.0,112.0,25.0,7.0,3.65,3.09,1.97,5.0,3.0,0.0,193.63,144.0,144.46,22.0,1.42,1.61,1.61,8.52,8.53,8.24,2025,2.204959665371975,3.1227965342097406,27.965342097400658,0.7170600537795041,20.077681505826114,6.453540484015536,21.51180161338512,0.6504065040650406,0.5913978494623656,0.7170600537795041,0.41,0.44,1
848022084815538484387,2025,Brink-Cates-Michkov,PHI,line,5on5,27,10978.0,151.0,0.53,0.48,0.49,76.01,6.0,4.99,19.13,2.39,39.65,28.83,5.84,6.24,6.07,70.0,31.0,48.0,149.0,8.0,4.0,0.0,20.0,1.0,30.0,38.0,62.0,93.0,12.0,27.0,81.0,71.0,7.0,48.0,77.0,19.0,5.0,2.17,2.5,1.33,3.0,5.0,0.0,153.51,101.0,104.58,22.0,1.04,0.99,1.21,5.84,6.09,6.0,76.69,5.22,4.77,19.59,2.63,41.64,31.16,5.12,5.11,5.01,67.0,38.0,58.0,163.0,4.0,4.0,0.0,14.0,0.0,47.0,36.0,63.0,101.0,8.0,19.0,94.0,81.0,11.0,39.0,81.0,21.0,3.0,2.02,2.55,0.66,0.0,4.0,0.0,159.94,105.0,102.94,14.0,0.99,0.26,0.26,5.95,5.82,5.75,2025,1.9675715066496628,1.7117872107852066,22.955000910912734,1.6396429222080524,23.282929495354345,2.2955000910912733,15.740572053197303,1.3333333333333333,0.46285714285714286,1.311714337766442,0.53,0.48,4
847121584775118479638,2025,Brazeau-Malkin-Mantha,PIT,line,5on5,12,7563.0,25.0,0.49,0.42,0.42,58.2,6.62,4.24,14.47,2.09,28.88,20.7,6.2,6.85,6.41,57.0,20.0,29.0,106.0,9.0,9.0,1.0,9.0,0.0,29.0,21.0,48.0,68.0,7.0,14.0,42.0,34.0,10.0,49.0,52.0,17.0,8.0,1.81,2.24,2.57,4.0,3.0,2.0,109.9,77.0,80.23,16.0,0.9,2.35,2.35,5.17,5.33,5.14,77.01,6.76,5.37,18.91,2.49,41.61,29.86,6.42,6.65,6.33,66.0,39.0,43.0,148.0,6.0,6.0,1.0,12.0,1.0,39.0,41.0,60.0,99.0,3.0,6.0,58.0,40.0,8.0,46.0,77.0,24.0,4.0,2.42,3.01,1.33,4.0,2.0,0.0,145.32,105.0,103.7,21.0,1.12,1.53,1.58,6.3,6.26,6.15,2025,3.1511305037683455,3.2177707259024193,27.132090440301464,3.808012693375644,16.184053946846486,4.760015866719555,23.32407774692582,1.3595166163141994,0.42,1.904006346687822,0.49,0.42,3
847645384785198479542,2025,Hagel-Cirelli-Kucherov,TBL,line,5on5,50,20435.0,192.0,0.61,0.62,0.62,253.02,24.47,17.61,64.5,8.43,131.66,95.34,23.3,25.02,23.84,229.0,113.0,112.0,454.0,28.0,29.0,4.0,50.0,0.0,124.0,111.0,201.0,314.0,24.0,57.0,173.0,84.0,32.0,90.0,232.0,87.0,23.0,7.34,10.89,6.24,9.0,14.0,5.0,465.32,342.0,348.87,35.0,3.7,6.35,6.35,21.82,22.36,21.76,157.49,15.69,10.92,40.8,5.61,80.42,59.57,14.71,15.73,14.73,149.0,64.0,65.0,278.0,8.0,26.0,2.0,35.0,1.0,69.0,74.0,141.0,205.0,22.0,53.0,135.0,120.0,33.0,94.0,147.0,47.0,19.0,4.83,5.53,5.32,4.0,1.0,3.0,274.84,213.0,212.3,56.0,2.29,5.49,5.49,12.49,12.47,12.15,2025,4.310839246390995,2.7640812331783704,40.34254954734524,4.051871788597993,14.798140445314411,5.637386836310252,15.855150477122583,1.1442582754393136,0.5616883116883117,0.3523366772693908,0.61,0.62,0
847168584779608478550,2025,Panarin-Kopitar-Kempe,LAK,line,5on5,25,18962.0,44.0,0.56,0.56,0.58,189.15,15.78,12.41,47.03,6.39,105.16,76.23,14.84,15.94,15.0,170.0,93.0,90.0,353.0,20.0,24.0,2.0,40.0,1.0,89.0,89.0,150.0,243.0,10.0,20.0,181.0,60.0,31.0,91.0,202.0,46.0,15.0,6.19,5.74,3.85,11.0,5.0,4.0,354.58,263.0,264.76,42.0,2.59,4.48,4.48,13.89,14.0,13.45,138.96,12.25,9.64,35.04,4.59,72.63,52.86,11.66,12.52,11.91,116.0,71.0,86.0,273.0,10.0,20.0,2.0,25.0,0.0,57.0,75.0,106.0,177.0,10.0,20.0,151.0,72.0,16.0,80.0,132.0,46.0,9.0,4.11,5.64,2.5,5.0,4.0,1.0,274.15,187.0,188.12,36.0,2.01,3.27,3.27,10.99,11.18,10.99,2025,2.995886509861829,2.3257040396582638,32.27507646872693,2.8478008648876703,11.391203459550681,5.885455120767851,17.276658580318532,1.267427122940431,0.5451807228915663,0.0,0.56,0.56,3
847745084779878481624,2025,Donato-Dickinson-Mikheyev,CHI,line,5on5,27,11091.0,168.0,0.55,0.55,0.55,102.75,8.13,6.73,26.04,3.47,53.96,39.69,7.72,8.15,7.74,91.0,47.0,41.0,179.0,13.0,16.0,2.0,24.0,0.0,45.0,40.0,78.0,125.0,12.0,24.0,94.0,59.0,22.0,55.0,106.0,23.0,9.0,2.78,2.89,2.46,7.0,4.0,2.0,180.72,138.0,139.18,30.0,1.4,2.52,2.52,7.0,6.96,6.78,83.67,6.64,5.46,21.22,2.96,44.94,32.78,6.44,6.73,6.52,69.0,45.0,35.0,149.0,6.0,8.0,1.0,10.0,0.0,42.0,48.0,63.0,108.0,8.0,18.0,78.0,92.0,13.0,64.0,86.0,22.0,6.0,2.6,2.55,1.49,4.0,2.0,0.0,149.32,114.0,113.68,25.0,1.13,1.24,1.24,6.52,6.6,6.55,2025,2.638896402488504,2.1552610224506354,29.5374628076819,2.921287530430078,19.15066269948607,7.1409250743846355,17.85231268596159,1.5990159901599015,0.5465116279069767,1.2983500135244792,0.55,0.55,3
848422784848018484994,2025,Chernyshov-Celebrini-Smith,SJS,line,5on5,14,7692.0,60.0,0.5,0.55,0.57,75.22,5.31,4.76,18.1,2.38,41.08,31.39,5.2,5.38,5.28,69.0,34.0,24.0,127.0,8.0,4.0,0.0,20.0,0.0,35.0,36.0,61.0,95.0,6.0,10.0,57.0,27.0,11.0,58.0,85.0,15.0,3.0,2.78,1.69,0.84,2.0,5.0,1.0,129.02,103.0,104.96,30.0,0.98,0.75,0.75,5.54,5.64,5.55,57.82,5.4,3.84,14.65,2.0,31.53,21.59,5.2,5.31,5.12,51.0,28.0,26.0,105.0,4.0,6.0,0.0,14.0,0.0,26.0,29.0,47.0,75.0,4.0,8.0,76.0,42.0,13.0,38.0,56.0,15.0,8.0,1.6,1.76,2.05,1.0,3.0,0.0,104.27,79.0,78.43,24.0,0.8,1.62,1.62,4.58,4.52,4.49,2025,2.485179407176287,2.527301092043682,32.293291731669264,1.4040561622464898,12.636505460218409,5.14820592823713,27.145085803432135,1.5065913370998119,0.42857142857142855,0.9360374414976599,0.5,0.55,3
84752798484223,2025,Chiarot-Sandin-Pellikka,DET,pairing,5on5,60,34384.0,206.0,0.46,0.48,0.47,287.8,23.41,18.69,75.64,10.14,151.62,113.52,22.34,23.6,22.52,260.0,133.0,151.0,544.0,24.0,33.0,3.0,54.0,0.0,135.0,147.0,236.0,369.0,34.0,73.0,296.0,187.0,49.0,180.0,298.0,74.0,21.0,8.12,9.37,5.91,7.0,13.0,4.0,545.92,393.0,393.25,86.0,3.9,6.3,6.3,21.01,21.12,20.62,322.8,27.05,22.08,79.11,10.76,176.22,127.77,26.33,27.01,26.28,271.0,172.0,157.0,600.0,25.0,26.0,2.0,77.0,0.0,167.0,148.0,246.0,418.0,27.0,57.0,263.0,277.0,53.0,137.0,333.0,87.0,23.0,10.45,10.58,6.03,15.0,5.0,5.0,597.28,443.0,441.47,63.0,4.6,4.93,4.93,26.72,26.67,26.26,2025,2.451023731968357,2.832131223825035,27.22196370404839,2.1986970684039084,19.578873894834803,5.13029315960912,18.8459748720335,1.0252029047415634,0.5295169946332737,0.7328990228013028,0.46,0.48,3
847687184802898481043,2025,Koepke-Barron-Pearson,WPG,line,5on5,23,7825.0,106.0,0.46,0.45,0.44,61.71,5.17,4.14,16.09,2.18,32.27,23.16,4.99,5.22,5.03,57.0,26.0,28.0,111.0,8.0,8.0,1.0,15.0,0.0,33.0,19.0,49.0,75.0,8.0,16.0,69.0,137.0,8.0,40.0,63.0,14.0,6.0,1.89,1.67,1.6,2.0,4.0,2.0,110.47,83.0,83.64,25.0,0.87,1.28,1.28,4.76,4.77,4.65,77.63,6.02,4.9,21.39,2.56,41.16,29.96,5.75,6.08,5.8,73.0,33.0,32.0,138.0,4.0,9.0,0.0,17.0,0.0,51.0,25.0,69.0,102.0,6.0,12.0,74.0,61.0,8.0,39.0,86.0,15.0,5.0,2.71,1.89,1.42,3.0,1.0,0.0,138.27,106.0,105.69,17.0,1.03,1.73,1.73,5.32,5.37,5.25,2025,2.3785303514376994,2.769584664536741,26.22364217252396,2.7603833865814695,63.02875399361022,3.680511182108626,18.402555910543132,1.5473887814313347,0.4825174825174825,0.9201277955271565,0.46,0.45,4
847518484788738484153,2025,Kreider-Carlsson-Terry,ANA,line,5on5,44,23445.0,114.0,0.58,0.57,0.58,252.25,20.98,16.34,63.66,8.55,134.64,99.82,20.03,21.03,20.07,223.0,121.0,119.0,463.0,21.0,30.0,2.0,62.0,1.0,116.0,114.0,202.0,323.0,23.0,49.0,184.0,88.0,37.0,113.0,273.0,55.0,16.0,8.92,7.13,4.94,14.0,7.0,0.0,463.91,344.0,343.99,45.0,3.41,6.1,6.1,18.3,18.33,17.99,185.33,15.15,12.03,45.91,6.14,99.8,73.96,14.69,15.17,14.71,168.0,85.0,93.0,346.0,18.0,16.0,1.0,39.0,1.0,97.0,82.0,150.0,235.0,32.0,69.0,233.0,131.0,36.0,129.0,196.0,43.0,14.0,6.38,5.27,3.5,8.0,9.0,1.0,348.21,253.0,254.97,67.0,2.51,3.26,3.26,14.4,14.48,14.26,2025,3.2214971209213052,2.326295585412668,34.241842610364685,2.456813819577735,13.512476007677543,5.681381957773512,17.351247600767753,1.0009532888465205,0.4412470023980815,-1.381957773512476,0.58,0.57,0
848084084821458484829,2025,Bourque-Hryckowian-Bck,DAL,line,5on5,34,12467.0,156.0,0.56,0.53,0.52,87.5,9.15,6.15,22.25,2.96,45.28,32.21,8.72,9.41,8.97,82.0,36.0,45.0,163.0,11.0,15.0,4.0,16.0,0.0,42.0,34.0,71.0,107.0,7.0,16.0,92.0,71.0,16.0,53.0,80.0,25.0,13.0,2.34,3.14,3.67,4.0,3.0,4.0,169.91,118.0,122.32,21.0,1.28,3.37,3.37,7.07,7.27,7.12,77.58,7.28,5.17,19.65,2.86,42.94,31.11,7.02,7.19,6.93,65.0,44.0,38.0,147.0,8.0,16.0,3.0,8.0,1.0,36.0,40.0,57.0,101.0,11.0,22.0,73.0,115.0,18.0,50.0,78.0,25.0,6.0,2.17,3.31,1.79,3.0,5.0,0.0,144.27,109.0,107.98,31.0,1.07,2.78,2.78,5.57,5.5,5.44,2025,2.64217534290527,2.102189781021898,23.678511269752146,3.753910323253389,20.502125611614662,4.6201973209272476,15.304403625571508,1.2021857923497268,0.5575757575757576,-1.1550493302318119,0.56,0.53,3
84752798480879,2025,Chiarot-Bernard-Docker,DET,pairing,5on5,56,12288.0,325.0,0.4,0.42,0.43,90.75,6.7,5.6,22.64,2.95,48.13,36.98,6.56,6.83,6.69,79.0,44.0,53.0,176.0,2.0,8.0,0.0,19.0,0.0,41.0,53.0,77.0,121.0,10.0,20.0,89.0,76.0,14.0,45.0,102.0,15.0,6.0,3.0,1.96,1.75,1.0,1.0,0.0,175.3,123.0,122.91,29.0,1.16,1.35,1.35,6.52,6.6,6.54,116.93,10.15,8.12,29.16,4.05,65.92,46.6,9.88,10.05,9.79,98.0,66.0,78.0,242.0,6.0,14.0,0.0,25.0,0.0,66.0,53.0,92.0,158.0,10.0,20.0,101.0,79.0,13.0,51.0,121.0,35.0,8.0,3.87,4.03,2.25,1.0,4.0,1.0,240.17,164.0,162.19,24.0,1.7,2.5,2.5,9.33,9.28,9.17,2025,1.962890625,2.9736328125,23.14453125,1.7578124999999998,22.265625,4.1015625,13.18359375,0.4,0.46842105263157896,0.0,0.4,0.42,1
847575484775018479525,2025,Colton-Nelson-Nichushkin,COL,line,5on5,33,10484.0,228.0,0.6,0.55,0.57,112.16,9.8,7.54,29.24,3.95,61.29,44.18,9.17,10.05,9.41,104.0,52.0,61.0,217.0,10.0,17.0,1.0,18.0,0.0,48.0,63.0,94.0,146.0,7.0,14.0,111.0,51.0,19.0,45.0,121.0,24.0,11.0,3.53,3.07,3.2,4.0,4.0,2.0,226.54,156.0,161.17,22.0,1.57,3.39,3.39,7.97,8.23,7.97,84.5,6.58,5.6,22.49,2.79,45.49,33.05,6.36,6.41,6.19,77.0,39.0,61.0,177.0,9.0,8.0,0.0,19.0,0.0,42.0,38.0,68.0,107.0,9.0,18.0,93.0,54.0,11.0,46.0,88.0,24.0,4.0,2.38,3.22,0.98,8.0,0.0,1.0,171.05,116.0,113.29,26.0,1.17,1.3,1.3,6.45,6.3,6.15,2025,3.3651278138115224,2.2594429607020223,35.71156047310187,3.7771842808088514,17.512399847386494,6.52422739412438,15.452117512399846,1.0204081632653061,0.5441176470588235,-0.686760778328882,0.6,0.55,0
847750584807488482667,2025,Eklund-Wennberg-Sherwood,SJS,line,5on5,20,8918.0,108.0,0.44,0.6,0.54,71.75,5.01,4.94,18.15,2.35,41.67,29.87,4.83,4.98,4.8,61.0,41.0,57.0,159.0,7.0,4.0,0.0,15.0,0.0,39.0,37.0,54.0,95.0,6.0,12.0,74.0,83.0,12.0,43.0,81.0,18.0,3.0,2.21,2.06,0.75,3.0,4.0,0.0,157.62,102.0,101.63,20.0,1.02,0.67,0.67,5.36,5.32,5.24,65.56,6.31,4.37,16.84,2.24,32.7,24.55,5.95,6.45,6.09,70.0,17.0,19.0,106.0,8.0,9.0,3.0,18.0,1.0,20.0,31.0,62.0,79.0,6.0,12.0,60.0,50.0,17.0,41.0,62.0,18.0,7.0,1.97,2.21,2.12,3.0,3.0,2.0,107.81,87.0,87.74,18.0,0.92,1.81,1.81,5.42,5.47,5.41,2025,2.0224265530387977,2.5472078941466694,24.624355236600135,1.2110338640950886,33.50527023996412,4.8441354563803545,17.358152052029602,1.3972055888223553,0.5522388059701493,0.0,0.44,0.6,3
847516684779398481711,2025,Maccelli-Tavares-Nylander,TOR,line,5on5,31,13914.0,157.0,0.53,0.51,0.53,135.15,12.88,9.12,33.23,4.51,73.01,51.25,12.02,12.94,12.1,113.0,71.0,51.0,235.0,16.0,14.0,2.0,31.0,0.0,57.0,66.0,97.0,168.0,15.0,33.0,147.0,52.0,16.0,71.0,132.0,41.0,11.0,4.37,5.11,3.4,6.0,6.0,4.0,235.98,184.0,184.34,33.0,1.91,2.6,3.14,11.65,11.71,11.38,121.7,11.25,8.23,28.96,3.92,65.07,47.57,10.98,11.34,11.08,115.0,50.0,59.0,224.0,18.0,9.0,0.0,21.0,0.0,63.0,54.0,97.0,147.0,17.0,37.0,103.0,83.0,21.0,56.0,119.0,36.0,10.0,4.0,4.28,2.97,9.0,6.0,3.0,226.05,165.0,166.54,33.0,1.73,2.11,2.11,10.87,10.97,10.85,2025,3.332470892626132,2.910737386804657,29.236739974126777,2.8460543337645534,13.454075032341526,4.139715394566624,18.36998706338939,1.2422360248447204,0.588,-0.517464424320828,0.53,0.51,3
847414184774298479337,2025,Debrincat-Copp-Kane,DET,line,5on5,47,30009.0,99.0,0.52,0.51,0.53,276.25,21.23,17.87,70.88,9.82,150.65,111.55,20.35,21.53,20.64,261.0,121.0,138.0,520.0,30.0,30.0,2.0,55.0,2.0,128.0,137.0,231.0,352.0,31.0,68.0,289.0,110.0,45.0,163.0,301.0,61.0,20.0,8.45,7.37,5.42,17.0,12.0,1.0,522.11,382.0,384.49,76.0,3.7,5.52,5.53,19.41,19.67,19.36,249.15,19.39,15.97,61.03,8.02,135.39,100.21,18.72,19.28,18.63,229.0,111.0,168.0,508.0,14.0,20.0,2.0,56.0,1.0,120.0,129.0,215.0,326.0,24.0,58.0,248.0,182.0,36.0,130.0,262.0,63.0,15.0,8.27,7.45,3.66,7.0,4.0,3.0,501.84,340.0,337.59,58.0,3.32,3.21,3.21,19.5,19.44,19.12,2025,2.5468359492152355,2.3261021693491952,31.310606817954614,2.3992802159352196,13.196041187643706,5.3983804858542435,19.554133759872038,1.413094677343382,0.5381750465549349,0.8397480755773268,0.52,0.51,3
847842084793518482740,2025,Johnston-Steel-Rantanen,DAL,line,5on5,45,14897.0,319.0,0.51,0.44,0.44,104.08,11.1,7.09,25.74,3.42,52.7,37.97,10.63,11.42,10.94,105.0,33.0,71.0,209.0,13.0,15.0,4.0,22.0,0.0,38.0,50.0,92.0,125.0,17.0,36.0,119.0,62.0,21.0,72.0,90.0,35.0,13.0,3.31,4.32,3.46,5.0,5.0,3.0,214.49,138.0,141.57,35.0,1.48,3.29,3.29,9.28,9.51,9.38,126.74,10.79,8.16,33.5,4.57,68.47,49.51,10.27,10.67,10.15,117.0,58.0,92.0,267.0,7.0,15.0,0.0,25.0,1.0,62.0,65.0,110.0,168.0,12.0,24.0,138.0,87.0,27.0,77.0,134.0,29.0,12.0,3.89,3.4,3.49,2.0,4.0,1.0,261.75,175.0,171.94,35.0,1.69,3.18,3.18,9.31,9.2,9.01,2025,2.6824192790494727,2.6075048667516945,25.37423642344096,3.1415721286164997,14.982882459555615,5.074847284688192,17.39947640464523,1.1711711711711712,0.46303501945525294,1.2082969725448076,0.51,0.44,3
847647984779988479675,2025,Foegele-Danault-Moore,LAK,line,5on5,19,9408.0,69.0,0.57,0.56,0.56,85.4,6.52,5.39,23.58,2.81,43.07,32.63,6.34,6.56,6.39,74.0,40.0,61.0,175.0,5.0,7.0,1.0,17.0,1.0,43.0,41.0,69.0,109.0,8.0,16.0,88.0,48.0,9.0,57.0,87.0,22.0,5.0,2.21,2.81,1.51,2.0,3.0,0.0,175.49,114.0,114.59,31.0,1.14,1.4,1.4,6.25,6.32,6.24,65.29,4.85,4.26,16.65,2.18,36.43,26.63,4.73,4.77,4.65,55.0,36.0,46.0,137.0,2.0,6.0,0.0,11.0,0.0,27.0,45.0,53.0,89.0,7.0,14.0,86.0,67.0,11.0,50.0,71.0,16.0,4.0,1.67,2.09,1.1,2.0,0.0,0.0,135.77,91.0,90.99,24.0,0.89,1.25,1.25,4.48,4.44,4.38,2025,2.4948979591836733,1.8558673469387754,28.316326530612244,1.913265306122449,18.367346938775512,3.443877551020408,21.81122448979592,0.7668711656441718,0.5057471264367817,0.3826530612244898,0.57,0.56,3
847688184784838481604,2025,Hertl-Marner-Dorofeyev,VGK,line,5on5,37,16073.0,159.0,0.61,0.6,0.61,152.93,12.35,10.02,38.4,5.13,83.45,61.65,11.84,12.4,11.89,128.0,83.0,103.0,314.0,12.0,15.0,0.0,40.0,1.0,79.0,64.0,116.0,199.0,22.0,52.0,182.0,75.0,17.0,77.0,163.0,38.0,10.0,4.55,4.53,3.27,6.0,5.0,1.0,313.45,211.0,211.03,30.0,2.1,3.28,3.28,11.16,11.23,11.06,100.3,7.75,6.28,25.97,3.36,53.84,38.8,7.6,7.74,7.59,84.0,52.0,70.0,206.0,7.0,8.0,1.0,22.0,0.0,57.0,42.0,77.0,129.0,24.0,52.0,125.0,100.0,24.0,73.0,105.0,23.0,8.0,3.08,2.69,1.97,2.0,3.0,2.0,205.28,136.0,135.28,31.0,1.32,1.15,1.15,7.91,7.94,7.86,2025,2.76612953400112,1.7358302743731724,28.669196789647234,2.2397809991911903,16.798357493933928,3.8076276986250237,17.246313693772166,0.9716599190283401,0.5928338762214984,-0.44795619983823803,0.61,0.6,0
847798984784398481533,2025,Zegras-Dvorak-Konecny,PHI,line,5on5,46,18062.0,222.0,0.53,0.49,0.48,162.8,16.17,11.57,39.41,5.56,85.93,62.36,15.55,16.3,15.67,144.0,77.0,82.0,303.0,20.0,19.0,3.0,28.0,0.0,83.0,71.0,124.0,201.0,24.0,51.0,147.0,75.0,24.0,91.0,147.0,58.0,16.0,4.82,6.99,4.35,7.0,6.0,7.0,300.92,221.0,219.16,38.0,2.43,3.67,3.67,14.93,14.98,14.59,174.24,14.22,10.8,44.07,5.62,93.28,68.01,13.79,14.26,13.82,142.0,94.0,77.0,313.0,15.0,15.0,0.0,22.0,0.0,87.0,97.0,127.0,221.0,17.0,38.0,145.0,111.0,24.0,86.0,178.0,45.0,13.0,5.46,5.42,3.34,6.0,9.0,0.0,310.49,236.0,234.42,39.0,2.25,2.7,2.7,13.77,13.77,13.58,2025,3.2228989037758833,2.8342376259550437,28.701140516000443,3.189015612888938,14.948510685416897,4.783523419333407,18.137526298305836,1.2368583797155224,0.5034246575342466,1.3951943306389105,0.53,0.49,3
847569284788648483525,2025,Kaprizov-Yurov-Zuccarello,MIN,line,5on5,37,11690.0,265.0,0.49,0.49,0.5,99.13,7.75,7.15,23.14,3.56,57.58,42.82,7.44,7.94,7.62,97.0,45.0,46.0,188.0,10.0,9.0,0.0,20.0,1.0,49.0,53.0,87.0,132.0,9.0,18.0,77.0,32.0,25.0,45.0,106.0,33.0,3.0,3.02,3.91,0.83,6.0,4.0,0.0,195.46,142.0,147.17,22.0,1.49,0.85,0.85,8.38,8.58,8.31,104.22,7.91,6.84,27.01,3.69,55.67,41.87,7.65,7.77,7.52,102.0,41.0,52.0,195.0,11.0,12.0,1.0,26.0,0.0,36.0,58.0,91.0,132.0,10.0,20.0,134.0,50.0,14.0,66.0,117.0,21.0,5.0,3.36,2.82,1.73,5.0,4.0,2.0,190.19,143.0,139.98,32.0,1.43,2.48,2.48,6.87,6.74,6.6,2025,2.3866552609067577,2.435928143712575,29.87168520102652,0.9238665526090676,9.854576561163388,7.698887938408896,13.857998289136013,1.2903225806451613,0.36492890995260663,-0.30795551753635586,0.49,0.49,1
847645384774048478010,2025,Guentzel-Point-Kucherov,TBL,line,5on5,48,13214.0,244.0,0.48,0.54,0.52,128.62,10.06,8.42,32.14,4.21,70.41,51.76,9.71,10.1,9.74,118.0,59.0,63.0,240.0,16.0,10.0,1.0,33.0,0.0,70.0,48.0,102.0,161.0,11.0,27.0,112.0,43.0,8.0,58.0,137.0,33.0,7.0,4.38,3.9,1.77,9.0,5.0,2.0,239.77,177.0,176.76,22.0,1.75,1.78,1.78,10.04,10.09,9.78,123.21,10.85,7.87,30.68,3.94,64.97,47.69,10.31,10.94,10.41,119.0,47.0,39.0,205.0,10.0,13.0,2.0,25.0,0.0,58.0,60.0,109.0,156.0,12.0,27.0,110.0,63.0,24.0,57.0,122.0,34.0,10.0,3.6,4.14,3.11,4.0,3.0,3.0,206.5,166.0,167.77,24.0,1.63,3.14,3.14,9.35,9.5,9.33,2025,2.74072952928712,2.9559558044498258,32.14772211291055,1.9070682609353715,11.714847888602996,2.179506583926139,15.801422733464507,1.5904572564612325,0.5045045045045045,-0.27243832299076737,0.48,0.54,3
847516684817118482720,2025,Maccelli-Tavares-Knies,TOR,line,5on5,20,10314.0,64.0,0.58,0.53,0.54,94.41,7.71,6.4,24.21,3.13,50.45,36.11,7.48,7.5,7.28,81.0,47.0,43.0,171.0,7.0,8.0,2.0,19.0,0.0,46.0,48.0,74.0,121.0,6.0,12.0,82.0,56.0,18.0,45.0,96.0,26.0,6.0,2.82,3.22,1.68,4.0,2.0,1.0,167.36,128.0,125.0,19.0,1.33,1.46,1.46,7.59,7.41,7.29,79.95,5.61,5.24,20.97,2.71,43.45,32.03,5.49,5.64,5.53,72.0,38.0,44.0,154.0,13.0,8.0,2.0,19.0,0.0,36.0,34.0,59.0,97.0,7.0,14.0,87.0,58.0,12.0,54.0,89.0,18.0,3.0,2.56,2.2,0.84,8.0,5.0,0.0,157.41,110.0,112.56,23.0,1.09,1.1,1.1,5.59,5.66,5.6,2025,2.69109947643979,1.9581151832460733,28.272251308900522,2.094240837696335,19.546247818499126,6.282722513089005,15.706806282722512,0.9079118028534371,0.48520710059171596,-0.34904013961605584,0.58,0.53,3
847794084784278482093,2025,Ehlers-Aho-Jarvis,CAR,line,5on5,42,8471.0,312.0,0.54,0.56,0.58,92.2,6.85,5.79,24.42,3.31,49.36,37.27,6.49,7.22,6.85,81.0,46.0,37.0,164.0,8.0,7.0,2.0,23.0,0.0,43.0,46.0,73.0,119.0,11.0,22.0,66.0,39.0,7.0,46.0,106.0,14.0,7.0,3.25,1.76,1.83,4.0,4.0,0.0,172.09,127.0,133.09,27.0,1.2,1.31,1.51,6.54,6.84,6.68,69.04,5.78,4.71,16.62,2.25,35.85,27.8,5.55,5.59,5.37,65.0,28.0,38.0,131.0,7.0,7.0,0.0,9.0,1.0,34.0,35.0,58.0,86.0,4.0,8.0,74.0,52.0,12.0,48.0,68.0,20.0,5.0,2.16,2.38,1.25,5.0,1.0,1.0,126.83,93.0,90.69,21.0,0.98,1.22,1.22,5.54,5.38,5.31,2025,2.911108487781844,2.4563805926100812,34.4233266438437,2.974855388974147,16.57419430999882,2.974855388974147,19.549049698972965,1.1678832116788322,0.4714285714285714,2.974855388974147,0.54,0.56,3
847638984785508482109,2025,Lafrenire-Trocheck-Panarin,NYR,line,5on5,27,11136.0,139.0,0.51,0.55,0.54,96.52,8.05,6.53,23.99,3.32,52.49,38.62,7.81,8.22,7.97,81.0,52.0,56.0,189.0,14.0,8.0,1.0,15.0,1.0,53.0,42.0,67.0,119.0,8.0,14.0,102.0,91.0,13.0,63.0,98.0,30.0,5.0,3.06,3.64,1.34,9.0,5.0,0.0,191.03,133.0,134.36,28.0,1.37,1.65,1.65,7.77,7.93,7.82,83.49,7.86,5.58,20.13,2.82,44.49,33.12,7.61,7.77,7.52,84.0,30.0,38.0,152.0,9.0,12.0,2.0,17.0,0.0,31.0,45.0,75.0,105.0,8.0,16.0,87.0,71.0,21.0,50.0,81.0,24.0,9.0,2.65,3.05,2.15,1.0,4.0,4.0,152.1,114.0,114.76,34.0,1.17,1.87,1.87,7.15,7.12,7.0,2025,2.6023706896551726,2.540948275862069,26.185344827586206,1.6163793103448276,29.41810344827586,4.202586206896552,20.36637931034483,1.7391304347826086,0.5396825396825397,0.0,0.51,0.55,3
848240884827268483406,2025,Malott-Helenius-Ward,LAK,line,5on5,23,8664.0,86.0,0.64,0.5,0.55,81.97,6.57,5.83,20.24,2.96,44.23,32.17,6.3,6.61,6.34,60.0,52.0,44.0,156.0,7.0,15.0,0.0,7.0,0.0,55.0,28.0,53.0,105.0,10.0,29.0,45.0,117.0,6.0,31.0,83.0,25.0,4.0,2.56,2.98,1.03,5.0,2.0,0.0,158.13,112.0,113.61,18.0,1.2,1.96,1.96,5.81,5.83,5.69,65.21,3.76,4.08,16.42,2.11,37.5,28.13,3.71,3.81,3.76,63.0,29.0,66.0,158.0,5.0,2.0,0.0,16.0,0.0,43.0,26.0,58.0,87.0,13.0,35.0,56.0,78.0,14.0,35.0,79.0,11.0,2.0,2.04,1.24,0.47,3.0,1.0,1.0,158.78,92.0,91.94,15.0,0.84,0.14,0.14,4.46,4.5,4.44,2025,2.7299168975069255,1.5623268698060941,24.93074792243767,1.6620498614958448,48.61495844875346,2.493074792243767,12.880886426592797,1.06544901065449,0.44554455445544555,-1.2465373961218835,0.64,0.5,4
848001884815408483515,2025,Slafkovsk-Suzuki-Caufield,MTL,line,5on5,65,31946.0,245.0,0.54,0.56,0.57,324.32,26.86,21.23,80.73,10.98,178.44,131.76,25.81,27.07,26.0,276.0,174.0,144.0,594.0,33.0,32.0,2.0,71.0,0.0,171.0,143.0,243.0,417.0,26.0,54.0,278.0,154.0,38.0,139.0,349.0,79.0,22.0,11.48,9.38,6.01,18.0,13.0,2.0,595.29,450.0,452.59,51.0,4.41,5.64,5.64,25.63,25.78,25.23,248.78,22.71,15.68,60.77,8.26,129.53,97.05,21.54,23.09,21.88,228.0,106.0,141.0,475.0,14.0,28.0,1.0,58.0,0.0,118.0,116.0,214.0,320.0,30.0,62.0,263.0,208.0,40.0,149.0,239.0,69.0,26.0,7.27,8.23,7.22,5.0,5.0,4.0,480.85,334.0,337.22,72.0,3.27,6.35,6.35,19.63,19.87,19.34,2025,3.026857822575596,2.5591936392662618,31.102485444187067,2.4791836223627373,17.35428535653916,4.282226256808364,15.663932886746386,1.2285927029039465,0.5138632162661737,-0.45076065861140674,0.54,0.56,3
847415084763998484180,2025,Honzek-Backlund-Coleman,CGY,line,5on5,17,8922.0,41.0,0.58,0.57,0.58,83.8,6.34,5.6,21.61,2.97,45.68,33.81,6.23,6.3,6.2,81.0,35.0,39.0,155.0,8.0,6.0,0.0,17.0,0.0,48.0,37.0,73.0,108.0,16.0,38.0,107.0,68.0,10.0,47.0,91.0,19.0,6.0,2.3,2.33,1.71,4.0,2.0,2.0,155.51,116.0,115.91,24.0,1.16,1.2,1.2,6.3,6.33,6.27,62.24,4.67,3.88,17.53,2.13,31.2,23.6,4.57,4.61,4.51,59.0,24.0,35.0,118.0,8.0,5.0,0.0,13.0,0.0,26.0,31.0,51.0,75.0,14.0,36.0,91.0,59.0,16.0,46.0,59.0,21.0,3.0,1.27,2.57,0.83,1.0,5.0,2.0,116.26,83.0,81.78,24.0,0.82,0.73,0.78,4.72,4.67,4.61,2025,2.5581708137188968,1.8843308675184935,32.68325487558843,2.42098184263618,27.437794216543374,4.034969737726967,18.964357767316745,1.2618296529968454,0.5404040404040404,0.8069939475453933,0.58,0.57,3
847645684800288482679,2025,Huberdeau-Frost-Coronato,CGY,line,5on5,28,14543.0,96.0,0.51,0.52,0.52,146.54,11.99,9.84,39.71,4.98,77.38,55.09,11.51,11.98,11.49,145.0,54.0,71.0,270.0,11.0,14.0,1.0,36.0,0.0,68.0,70.0,134.0,188.0,13.0,29.0,158.0,66.0,21.0,74.0,152.0,35.0,12.0,4.18,4.65,3.16,5.0,4.0,2.0,268.95,199.0,198.5,32.0,2.08,2.68,2.68,11.39,11.41,11.12,131.96,11.36,9.17,31.97,4.53,72.09,53.89,11.07,11.41,11.13,109.0,74.0,67.0,250.0,13.0,14.0,1.0,27.0,1.0,56.0,72.0,96.0,170.0,14.0,34.0,136.0,71.0,22.0,69.0,135.0,39.0,9.0,3.99,4.67,2.69,4.0,7.0,2.0,247.06,183.0,182.07,23.0,1.92,2.45,2.45,10.82,10.91,10.79,2025,2.968025854362924,2.812074537578216,35.89355703775012,2.970501272089665,16.33775699649316,5.198377226156914,18.31809117788627,0.9174311926605504,0.5374149659863946,-0.24754177267413877,0.51,0.52,3
847353384769218477478,2025,Martinook-Staal-Carrier,CAR,line,5on5,49,17747.0,232.0,0.57,0.62,0.58,170.67,13.8,10.66,46.92,5.78,89.86,63.98,13.33,13.72,13.26,133.0,98.0,121.0,352.0,15.0,15.0,1.0,35.0,0.0,94.0,72.0,118.0,216.0,11.0,25.0,225.0,182.0,26.0,69.0,175.0,44.0,12.0,4.77,5.71,3.33,6.0,9.0,0.0,351.24,231.0,231.06,40.0,2.24,2.77,2.77,13.27,13.21,13.03,122.63,10.49,8.06,30.12,4.11,64.37,48.85,10.29,10.59,10.38,107.0,59.0,48.0,214.0,15.0,9.0,1.0,19.0,0.0,68.0,55.0,92.0,151.0,19.0,41.0,181.0,134.0,18.0,98.0,119.0,41.0,6.0,3.96,4.86,1.67,5.0,8.0,2.0,214.62,166.0,167.36,59.0,1.69,1.2,1.2,10.98,11.08,10.97,2025,2.7993463684002933,2.127908942356455,26.979207753423115,2.4342142333915593,36.91891587310531,5.274130839015045,13.996731842001466,1.0869565217391304,0.5541871921182266,-1.6228094889277063,0.57,0.62,0
847591384779648478403,2025,Barbashev-Eichel-Stone,VGK,line,5on5,45,21788.0,140.0,0.59,0.55,0.56,210.45,17.72,14.05,51.28,6.88,112.64,84.42,17.11,17.75,17.14,193.0,94.0,108.0,395.0,28.0,16.0,5.0,54.0,0.0,89.0,100.0,165.0,259.0,14.0,30.0,199.0,106.0,33.0,129.0,220.0,51.0,16.0,6.81,6.41,4.51,15.0,9.0,4.0,394.69,287.0,286.22,41.0,2.94,3.17,3.17,17.49,17.56,17.28,162.96,12.47,10.53,41.38,5.45,87.1,65.07,12.13,12.62,12.28,137.0,85.0,102.0,324.0,15.0,18.0,2.0,27.0,0.0,82.0,80.0,122.0,207.0,18.0,36.0,219.0,110.0,34.0,107.0,175.0,36.0,11.0,5.34,4.34,2.8,8.0,5.0,2.0,326.26,222.0,224.31,56.0,2.19,2.73,2.73,11.93,12.08,11.89,2025,2.9278501927666603,2.060400220304755,31.88911327336148,2.643657058931522,17.51422801542133,5.452542684046263,21.314485037635396,1.580135440180587,0.47607655502392343,-0.6609142647328805,0.59,0.55,3
847798984800158481533,2025,Zegras-Dvorak-Tippett,PHI,line,5on5,31,12598.0,169.0,0.51,0.5,0.5,105.43,9.04,7.03,25.69,3.43,56.4,42.41,8.84,9.06,8.85,93.0,51.0,50.0,194.0,13.0,8.0,0.0,11.0,0.0,61.0,51.0,80.0,131.0,13.0,26.0,102.0,60.0,13.0,61.0,107.0,32.0,5.0,3.57,4.02,1.46,5.0,7.0,1.0,193.68,144.0,143.09,27.0,1.46,1.46,1.46,9.04,9.05,8.91,105.57,8.81,7.0,26.7,3.56,57.91,42.02,8.46,8.8,8.46,89.0,57.0,49.0,195.0,9.0,14.0,0.0,19.0,0.0,50.0,54.0,80.0,137.0,12.0,24.0,91.0,70.0,13.0,71.0,118.0,19.0,9.0,3.84,2.37,2.6,8.0,1.0,0.0,197.36,146.0,147.82,43.0,1.45,2.79,2.79,7.47,7.53,7.37,2025,2.5832671852675024,2.5175424670582633,26.575646928083824,1.4287982219399906,17.145578663279885,3.7148753770439753,17.431338307667883,1.4380530973451329,0.5284974093264249,0.2857596443879981,0.51,0.5,3
847942084815228482659,2025,Krebs-Thompson-Doan,BUF,line,5on5,41,10912.0,345.0,0.53,0.49,0.49,96.83,8.8,6.66,24.36,3.19,50.82,36.18,8.51,8.98,8.69,82.0,48.0,47.0,177.0,9.0,11.0,0.0,17.0,0.0,39.0,54.0,73.0,121.0,12.0,31.0,84.0,64.0,24.0,62.0,89.0,34.0,7.0,2.91,4.05,1.84,2.0,7.0,0.0,182.57,130.0,133.38,30.0,1.39,1.84,1.84,8.34,8.53,8.38,99.11,7.78,6.34,24.61,3.2,52.8,40.26,7.53,7.58,7.34,86.0,49.0,46.0,181.0,9.0,6.0,2.0,22.0,1.0,55.0,42.0,77.0,126.0,12.0,29.0,96.0,88.0,5.0,55.0,104.0,25.0,6.0,3.06,3.15,1.58,6.0,1.0,2.0,176.91,135.0,132.1,29.0,1.33,1.37,1.37,7.74,7.56,7.47,2025,2.903225806451613,2.5667155425219943,27.052785923753667,2.309384164222874,21.114369501466275,7.9178885630498534,20.454545454545453,1.0227272727272727,0.4666666666666667,0.0,0.53,0.49,3
847744684820628483513,2025,Schaefer-Mccarron-Smith,NSH,line,5on5,16,8119.0,38.0,0.46,0.48,0.48,60.67,4.7,4.38,15.2,2.04,32.89,23.78,4.57,4.67,4.54,53.0,30.0,30.0,113.0,1.0,6.0,0.0,15.0,0.0,39.0,22.0,52.0,82.0,15.0,36.0,84.0,113.0,10.0,38.0,69.0,5.0,9.0,1.79,0.56,2.35,1.0,0.0,0.0,111.15,83.0,82.03,23.0,0.91,1.44,1.44,4.17,4.16,4.12,65.79,5.58,4.3,16.32,2.24,35.23,25.32,5.35,5.57,5.32,61.0,28.0,31.0,120.0,7.0,5.0,1.0,16.0,0.0,36.0,25.0,54.0,82.0,12.0,28.0,75.0,75.0,3.0,41.0,67.0,16.0,6.0,1.79,2.18,1.61,3.0,4.0,0.0,121.04,89.0,89.6,24.0,0.9,1.24,1.24,5.24,5.22,5.14,2025,2.084000492671511,2.474196329597241,23.500431087572363,3.990639241285873,50.104692696144845,4.434043601428748,16.84936568542924,0.4,0.5283018867924528,1.3302130804286243,0.46,0.48,4
847351284802088482116,2025,Sttzle-Giroux-Batherson,OTT,line,5on5,44,15733.0,278.0,0.59,0.58,0.59,149.93,13.22,10.25,37.56,5.07,81.44,57.45,12.72,13.4,12.89,125.0,80.0,74.0,279.0,10.0,17.0,2.0,26.0,0.0,68.0,84.0,115.0,195.0,13.0,24.0,124.0,108.0,16.0,54.0,150.0,44.0,11.0,4.58,5.29,3.36,5.0,3.0,2.0,286.07,205.0,209.21,23.0,2.15,3.73,3.73,11.64,11.82,11.52,107.93,9.1,6.8,28.18,3.67,55.72,41.53,8.74,9.03,8.67,88.0,57.0,54.0,199.0,10.0,15.0,0.0,19.0,0.0,49.0,52.0,78.0,135.0,16.0,32.0,126.0,103.0,21.0,57.0,105.0,30.0,10.0,2.92,3.57,2.62,5.0,5.0,0.0,195.73,145.0,142.39,31.0,1.41,2.69,2.69,7.83,7.73,7.58,2025,3.0249793427826863,2.082247505243755,28.602300896205428,2.5170024788660776,24.71238797432149,3.6610945147142946,12.356193987160745,0.75642965204236,0.496,-0.6864552215089302,0.59,0.58,0
847844484820798483499,2025,Ohgren-Rossi-Boeser,VAN,line,5on5,22,8586.0,132.0,0.33,0.4,0.36,47.84,3.88,3.09,12.08,1.56,26.27,19.11,3.72,3.71,3.57,44.0,22.0,32.0,98.0,6.0,5.0,1.0,9.0,0.0,20.0,26.0,38.0,60.0,2.0,4.0,65.0,56.0,19.0,43.0,53.0,11.0,2.0,1.79,1.56,0.52,3.0,2.0,1.0,94.44,66.0,64.24,16.0,0.65,0.78,0.78,3.75,3.6,3.51,84.45,7.97,5.79,20.76,2.86,45.51,33.11,7.45,8.19,7.64,66.0,50.0,34.0,150.0,10.0,8.0,0.0,13.0,0.0,47.0,38.0,56.0,106.0,4.0,8.0,58.0,49.0,10.0,39.0,87.0,20.0,9.0,2.69,2.59,2.7,6.0,4.0,0.0,154.33,116.0,119.3,25.0,1.2,2.31,2.31,6.87,7.13,6.82,2025,1.6268343815513628,3.3417190775681345,18.448637316561847,0.8385744234800839,23.48008385744235,7.966457023060797,18.029350104821805,1.5463917525773196,0.5284552845528455,-0.8385744234800839,0.33,0.4,1
847519184784838481604,2025,Dorofeyev-Marner-Smith,VGK,line,5on5,19,9621.0,57.0,0.5,0.56,0.55,81.0,7.05,5.42,20.45,2.67,42.93,31.47,6.7,7.04,6.7,79.0,31.0,45.0,155.0,7.0,7.0,0.0,11.0,0.0,45.0,40.0,72.0,103.0,6.0,15.0,54.0,33.0,13.0,51.0,85.0,17.0,8.0,2.69,1.97,2.39,4.0,2.0,1.0,154.93,110.0,109.56,22.0,1.13,1.97,1.97,6.21,6.22,6.11,67.74,6.94,4.43,17.49,2.35,34.11,25.68,6.44,7.03,6.53,59.0,32.0,33.0,124.0,3.0,13.0,1.0,11.0,0.0,32.0,32.0,56.0,88.0,10.0,23.0,84.0,50.0,16.0,47.0,67.0,15.0,9.0,2.1,1.94,2.9,1.0,2.0,0.0,126.31,91.0,92.58,19.0,0.93,2.78,2.78,5.09,5.18,5.1,2025,2.637979420018709,2.5968194574368573,29.560336763330216,2.9934518241347057,12.34798877455566,4.864359214218896,19.08325537885875,0.9929078014184397,0.391304347826087,-1.4967259120673528,0.5,0.56,3
847794684820788483464,2025,Raymond-Larkin-Kasper,DET,line,5on5,21,7953.0,118.0,0.41,0.48,0.5,63.77,4.03,3.78,16.77,2.08,35.52,26.81,3.95,4.04,3.96,54.0,35.0,37.0,126.0,6.0,2.0,0.0,21.0,0.0,35.0,25.0,48.0,83.0,4.0,8.0,75.0,50.0,8.0,27.0,78.0,9.0,2.0,2.42,1.1,0.52,2.0,3.0,1.0,124.48,89.0,88.38,9.0,0.78,0.33,0.33,4.48,4.51,4.44,67.44,5.71,4.58,17.63,2.13,35.01,24.94,5.59,5.75,5.63,58.0,32.0,46.0,136.0,4.0,5.0,0.0,11.0,0.0,33.0,37.0,54.0,86.0,7.0,14.0,84.0,52.0,11.0,35.0,67.0,18.0,5.0,2.11,2.24,1.36,2.0,1.0,1.0,138.14,90.0,90.9,18.0,0.96,0.99,0.99,5.69,5.73,5.68,2025,1.8242172764994344,2.58468502451905,24.443606186344777,0.9053187476423992,22.63296869105998,3.6212749905695967,12.221803093172388,1.4888337468982629,0.4716981132075472,-1.3579781214635986,0.41,0.48,1
847351284780208481596,2025,Pinto-Giroux-Amadio,OTT,line,5on5,44,17055.0,221.0,0.6,0.54,0.57,146.07,11.91,9.36,36.93,4.92,78.06,57.81,11.52,12.19,11.77,127.0,72.0,61.0,260.0,15.0,15.0,3.0,29.0,0.0,62.0,78.0,112.0,184.0,15.0,33.0,177.0,110.0,27.0,76.0,152.0,34.0,13.0,3.71,4.41,3.79,6.0,5.0,4.0,266.21,199.0,203.74,41.0,1.94,3.19,3.54,10.32,10.5,10.35,109.14,7.99,7.06,27.98,3.78,60.24,45.97,7.7,7.78,7.51,98.0,55.0,73.0,226.0,8.0,10.0,1.0,19.0,0.0,57.0,59.0,90.0,145.0,18.0,39.0,129.0,101.0,31.0,80.0,125.0,22.0,6.0,3.29,2.88,1.82,2.0,4.0,2.0,220.13,153.0,149.11,40.0,1.47,1.81,1.81,7.65,7.45,7.33,2025,2.5139841688654356,1.6865435356200529,26.807387862796833,2.7440633245382586,23.218997361477573,5.699208443271768,16.042216358839053,1.2594458438287153,0.5784313725490197,-0.633245382585752,0.6,0.54,3
847795184793438480849,2025,Schmaltz-Hayton-Keller,UTA,line,5on5,22,10949.0,109.0,0.62,0.6,0.61,98.71,8.35,6.44,24.58,3.29,53.33,39.02,8.13,8.4,8.18,97.0,38.0,43.0,178.0,9.0,13.0,0.0,15.0,0.0,42.0,56.0,88.0,126.0,9.0,18.0,99.0,11.0,10.0,60.0,105.0,22.0,8.0,3.38,2.91,2.06,5.0,3.0,1.0,178.78,135.0,135.83,22.0,1.33,2.28,2.28,7.4,7.46,7.34,64.82,5.13,4.01,15.34,2.02,32.86,25.63,5.0,5.21,5.07,56.0,29.0,33.0,118.0,8.0,3.0,1.0,10.0,0.0,34.0,30.0,48.0,77.0,7.0,14.0,112.0,64.0,19.0,59.0,59.0,22.0,4.0,1.6,2.36,1.17,3.0,4.0,1.0,119.34,85.0,85.49,25.0,0.83,0.4,0.4,5.57,5.63,5.55,2025,2.745456206046214,1.6867293816786921,31.893323591195546,2.6303772033975705,3.6167686546716595,3.2879715042469635,19.727829025481782,1.0778443113772456,0.46919431279620855,0.6575943008493926,0.62,0.6,0
848001884815408482737,2025,Bolduc-Suzuki-Caufield,MTL,line,5on5,21,10580.0,84.0,0.55,0.5,0.54,97.41,9.14,6.37,23.27,3.29,51.71,38.22,8.82,9.3,8.97,76.0,56.0,44.0,176.0,11.0,9.0,1.0,18.0,0.0,53.0,41.0,65.0,121.0,4.0,6.0,77.0,59.0,17.0,40.0,93.0,29.0,10.0,3.19,3.31,2.65,3.0,6.0,2.0,178.77,132.0,133.37,22.0,1.33,2.01,2.01,8.46,8.6,8.45,82.9,7.53,5.58,21.56,2.91,43.41,31.01,7.17,7.61,7.23,73.0,39.0,62.0,174.0,7.0,10.0,1.0,15.0,0.0,44.0,36.0,66.0,105.0,2.0,4.0,86.0,64.0,16.0,57.0,79.0,24.0,9.0,2.27,2.97,2.29,2.0,4.0,1.0,175.61,112.0,112.91,31.0,1.17,1.84,1.84,6.86,6.88,6.68,2025,3.1100189035916825,2.5621928166351604,25.860113421550093,3.4026465028355384,20.075614366729678,5.784499054820415,13.610586011342154,1.2035010940919038,0.4723926380368098,0.6805293005671077,0.55,0.5,3
847662484788748482859,2025,Goodrow-Ostapchuk-Gaudette,SJS,line,5on5,31,10094.0,169.0,0.52,0.47,0.49,63.75,4.38,4.03,16.9,2.26,35.65,25.78,4.26,4.38,4.25,55.0,34.0,43.0,132.0,3.0,7.0,0.0,17.0,0.0,28.0,34.0,52.0,86.0,12.0,33.0,104.0,114.0,11.0,39.0,71.0,16.0,2.0,1.69,2.02,0.68,3.0,0.0,0.0,130.87,89.0,89.5,22.0,0.84,1.27,1.27,3.95,3.96,3.92,64.52,4.04,3.97,17.68,2.25,35.59,27.48,3.94,4.06,3.96,54.0,37.0,57.0,148.0,3.0,5.0,0.0,13.0,0.0,28.0,42.0,51.0,88.0,13.0,35.0,86.0,84.0,13.0,48.0,78.0,12.0,1.0,2.2,1.57,0.27,3.0,0.0,0.0,150.12,91.0,91.5,18.0,0.82,0.76,0.76,4.1,4.11,4.07,2025,1.562116108579354,1.4408559540320982,19.615613235585496,0.7132950267485635,40.65781652466812,3.9231226471170992,13.909253021596989,0.684931506849315,0.5473684210526316,-0.35664751337428174,0.52,0.47,4
847841484794078480002,2025,Bratt-Hischier-Meier,NJD,line,5on5,24,9295.0,139.0,0.58,0.58,0.56,104.13,9.64,6.9,27.22,3.49,53.87,38.89,9.23,9.47,9.07,94.0,46.0,60.0,200.0,8.0,11.0,0.0,18.0,0.0,59.0,44.0,86.0,132.0,6.0,12.0,101.0,54.0,16.0,54.0,102.0,23.0,15.0,3.04,3.03,3.57,4.0,2.0,2.0,195.13,140.0,137.55,27.0,1.45,1.89,1.89,9.2,9.05,8.85,82.37,7.07,5.22,20.08,2.67,42.45,33.51,6.77,7.16,6.87,76.0,35.0,36.0,147.0,9.0,9.0,2.0,17.0,0.0,40.0,36.0,67.0,102.0,8.0,16.0,89.0,50.0,19.0,42.0,84.0,20.0,7.0,2.6,2.51,1.96,4.0,2.0,3.0,147.31,111.0,111.4,18.0,1.1,1.83,1.83,6.33,6.45,6.32,2025,3.7336202259279188,2.7382463690156,36.4066702528241,5.809575040344272,20.914470145239378,6.1968800430338895,20.914470145239378,0.8298755186721991,0.531578947368421,-0.7746100053792362,0.58,0.58,0
847842084800278482740,2025,Robertson-Johnston-Rantanen,DAL,line,5on5,51,8016.0,379.0,0.59,0.55,0.55,82.88,8.14,5.59,19.08,2.82,44.6,33.76,7.89,8.02,7.79,74.0,40.0,34.0,148.0,9.0,13.0,1.0,13.0,0.0,43.0,36.0,65.0,105.0,9.0,21.0,39.0,32.0,9.0,37.0,78.0,29.0,7.0,2.94,3.48,1.72,3.0,6.0,0.0,146.53,114.0,112.33,19.0,1.17,2.15,2.15,7.16,7.06,6.99,67.43,5.69,4.34,17.09,2.32,36.0,26.56,5.57,5.77,5.65,64.0,28.0,29.0,121.0,2.0,7.0,0.0,11.0,0.0,34.0,38.0,62.0,90.0,13.0,29.0,57.0,50.0,21.0,40.0,68.0,18.0,6.0,2.22,2.12,1.35,1.0,1.0,0.0,123.68,92.0,94.13,20.0,0.9,0.89,0.89,5.7,5.78,5.69,2025,3.6556886227544916,2.5553892215568865,33.23353293413174,3.1437125748502996,14.371257485029941,4.041916167664671,16.61676646706587,1.1056511056511056,0.40625,-1.7964071856287427,0.59,0.55,0
84827628484223,2025,Edvinsson-Sandin-Pellikka,DET,pairing,5on5,38,8324.0,274.0,0.36,0.49,0.49,63.01,4.17,4.12,16.07,2.13,36.66,25.85,4.13,4.03,4.0,49.0,40.0,42.0,131.0,3.0,2.0,0.0,11.0,0.0,36.0,37.0,46.0,86.0,9.0,18.0,60.0,48.0,13.0,38.0,74.0,13.0,2.0,2.29,1.33,0.55,2.0,1.0,0.0,125.93,89.0,86.1,17.0,0.85,0.24,0.25,4.77,4.61,4.57,68.65,7.45,4.7,17.14,2.27,34.37,25.07,6.91,7.5,6.96,54.0,37.0,48.0,139.0,8.0,10.0,1.0,15.0,0.0,32.0,26.0,46.0,83.0,12.0,24.0,64.0,71.0,14.0,32.0,63.0,19.0,9.0,2.06,2.75,2.64,4.0,3.0,1.0,142.98,91.0,91.37,18.0,0.99,2.18,2.18,6.26,6.33,6.07,2025,1.8034598750600672,3.22200864968765,21.19173474291206,0.8649687650168189,20.75925036040365,5.622296972609322,16.434406535319557,0.7194244604316546,0.4838709677419355,-1.2974531475252282,0.36,0.49,1
847692584784348481133,2025,Reinhardt-Sissons-Kolesar,VGK,line,5on5,24,9725.0,91.0,0.5,0.43,0.44,66.04,5.22,3.94,17.38,2.17,34.2,27.09,5.13,5.24,5.14,60.0,30.0,32.0,122.0,3.0,9.0,1.0,8.0,0.0,38.0,32.0,57.0,87.0,10.0,26.0,87.0,148.0,9.0,45.0,74.0,9.0,7.0,1.96,1.06,2.2,1.0,0.0,2.0,121.52,90.0,89.84,20.0,0.82,2.1,2.1,3.95,3.98,3.95,81.87,5.28,5.25,22.91,3.01,46.11,33.44,5.1,5.34,5.16,69.0,47.0,44.0,160.0,6.0,9.0,1.0,13.0,0.0,44.0,44.0,63.0,110.0,11.0,30.0,74.0,77.0,9.0,43.0,99.0,14.0,3.0,2.69,1.76,0.82,4.0,1.0,1.0,161.41,116.0,116.7,26.0,1.09,1.29,1.29,5.07,5.11,5.02,2025,1.9323393316195372,1.9545501285347044,22.210796915167094,2.5912596401028276,54.7866323907455,3.3316195372750643,16.65809768637532,0.574712643678161,0.5403726708074534,-0.37017994858611825,0.5,0.43,4
847569284774518478864,2025,Kaprizov-Hartman-Zuccarello,MIN,line,5on5,48,25151.0,181.0,0.59,0.54,0.54,256.91,22.34,17.22,62.87,8.41,136.35,103.81,21.24,22.67,21.58,221.0,130.0,114.0,465.0,23.0,30.0,3.0,42.0,0.0,128.0,128.0,198.0,328.0,24.0,54.0,226.0,74.0,27.0,132.0,259.0,71.0,21.0,7.87,8.65,5.81,12.0,7.0,4.0,472.69,351.0,357.5,50.0,3.58,5.62,5.62,20.3,20.64,20.08,216.83,15.57,14.27,53.1,7.14,121.05,88.87,15.1,15.35,14.88,200.0,100.0,98.0,398.0,18.0,14.0,3.0,50.0,1.0,106.0,111.0,182.0,282.0,28.0,64.0,245.0,132.0,28.0,125.0,241.0,49.0,10.0,6.86,6.05,2.66,8.0,7.0,3.0,392.02,300.0,295.13,74.0,2.96,2.45,2.44,16.09,15.86,15.61,2025,3.1976462168502247,2.2286191403920323,31.632937060156657,3.0058446980239357,10.592024173989106,3.864657468887917,18.893880959007596,1.0295434198746642,0.47983014861995754,-0.5725418472426544,0.59,0.54,0
848002884826798484860,2025,Gridin-Frost-Coronato,CGY,line,5on5,18,8345.0,80.0,0.4,0.44,0.43,62.59,4.89,4.01,16.37,2.13,34.71,24.89,4.85,4.92,4.87,53.0,34.0,28.0,115.0,6.0,3.0,0.0,11.0,0.0,28.0,39.0,47.0,81.0,4.0,8.0,95.0,35.0,11.0,48.0,68.0,16.0,3.0,2.16,2.03,0.7,4.0,2.0,0.0,114.87,87.0,87.55,24.0,0.84,0.44,0.44,5.29,5.3,5.27,82.73,7.36,5.76,19.78,2.84,45.45,33.81,7.04,7.5,7.17,76.0,39.0,33.0,148.0,8.0,16.0,2.0,16.0,0.0,39.0,36.0,68.0,107.0,3.0,6.0,63.0,56.0,9.0,44.0,91.0,15.0,9.0,3.02,1.96,2.38,4.0,1.0,3.0,151.45,115.0,116.29,18.0,1.2,2.78,2.78,5.79,5.88,5.72,2025,2.1095266626722586,3.175074895146795,22.86399041342121,1.2941881366087478,15.098861593768724,4.745356500898742,20.707010185739964,1.2269938650306749,0.6012658227848101,0.4313960455362493,0.4,0.44,1
848274584834458484762,2025,Gauthier-Mctavish-Sennecke,ANA,line,5on5,42,19685.0,150.0,0.6,0.57,0.56,230.68,21.18,15.86,58.63,7.84,119.12,87.36,19.94,20.98,19.77,197.0,113.0,129.0,439.0,16.0,33.0,3.0,46.0,0.0,119.0,96.0,181.0,294.0,34.0,69.0,155.0,98.0,28.0,98.0,229.0,58.0,23.0,7.13,7.73,6.33,8.0,3.0,5.0,437.54,310.0,308.53,39.0,3.32,6.03,6.03,18.47,18.37,17.94,181.23,14.38,11.85,46.94,6.13,97.84,70.87,13.59,14.47,13.69,163.0,85.0,86.0,334.0,12.0,20.0,1.0,43.0,2.0,80.0,91.0,151.0,236.0,24.0,51.0,187.0,132.0,27.0,107.0,183.0,57.0,8.0,5.8,6.47,2.12,7.0,5.0,0.0,338.1,248.0,250.21,57.0,2.47,2.66,2.66,14.19,14.36,13.97,2025,3.873406146812293,2.629819659639319,36.02743205486411,4.206248412496825,17.922275844551688,5.120650241300482,17.922275844551688,0.7554296506137866,0.45321637426900585,1.828803657607315,0.6,0.57,0
847645984764688484210,2025,Miller-Zibanejad-Perreault,NYR,line,5on5,17,10646.0,36.0,0.6,0.51,0.51,97.56,9.4,6.46,24.24,3.42,51.4,37.07,8.91,9.02,8.55,97.0,35.0,42.0,174.0,10.0,14.0,0.0,21.0,0.0,45.0,42.0,87.0,122.0,6.0,12.0,141.0,77.0,14.0,58.0,94.0,26.0,12.0,2.71,3.21,3.47,5.0,4.0,1.0,167.04,132.0,127.48,30.0,1.35,3.12,3.12,7.62,7.38,7.23,90.38,6.33,5.88,24.08,3.17,50.85,35.7,6.03,6.46,6.16,81.0,45.0,42.0,168.0,10.0,5.0,2.0,19.0,0.0,45.0,47.0,71.0,116.0,3.0,6.0,89.0,52.0,20.0,62.0,105.0,17.0,4.0,3.19,2.02,1.12,4.0,4.0,2.0,175.29,126.0,130.12,32.0,1.22,1.05,1.05,6.5,6.65,6.52,2025,3.178658651136577,2.1405222618823974,32.80105203832425,4.0578621078339285,26.037948525267705,4.734172459139583,19.613000187863985,1.0638297872340425,0.6130434782608696,1.0144655269584821,0.6,0.51,0
847847484796198480855,2025,Crouse-Mcbain-Carcone,UTA,line,5on5,30,11294.0,150.0,0.56,0.58,0.58,125.46,11.62,8.53,32.59,4.25,63.15,44.86,11.14,11.95,11.45,98.0,67.0,67.0,232.0,8.0,14.0,0.0,26.0,0.0,65.0,52.0,90.0,157.0,10.0,20.0,108.0,151.0,14.0,49.0,112.0,42.0,11.0,3.23,5.15,3.25,1.0,5.0,2.0,238.04,165.0,168.63,22.0,1.8,2.26,2.26,11.16,11.54,11.27,89.34,9.13,6.13,23.85,3.21,44.14,32.55,8.66,8.93,8.48,71.0,48.0,52.0,171.0,10.0,18.0,3.0,14.0,0.0,38.0,39.0,61.0,109.0,10.0,20.0,96.0,111.0,16.0,46.0,84.0,24.0,11.0,2.7,3.07,3.35,3.0,4.0,3.0,168.98,119.0,117.5,25.0,1.29,3.21,3.21,7.21,7.07,6.89,2025,3.7039135824331497,2.910217814768904,31.23782539401452,3.5062865238179564,48.13175137241013,4.462546484859217,15.61891269700726,0.6884681583476765,0.5294117647058824,0.0,0.56,0.58,0
847531484764198481601,2025,Lee-Pageau-Holmstrom,NYI,line,5on5,46,14631.0,278.0,0.52,0.51,0.5,128.98,11.84,9.31,33.21,4.77,70.83,50.04,11.14,11.87,11.14,105.0,75.0,76.0,256.0,14.0,22.0,3.0,28.0,1.0,64.0,51.0,91.0,166.0,11.0,22.0,160.0,76.0,16.0,63.0,130.0,37.0,13.0,3.7,4.61,3.54,6.0,4.0,4.0,255.43,180.0,179.68,28.0,1.95,3.88,3.88,9.92,9.9,9.59,129.61,11.1,8.88,32.6,4.39,70.28,51.76,10.72,11.28,10.88,107.0,72.0,70.0,249.0,12.0,18.0,3.0,27.0,0.0,71.0,51.0,95.0,167.0,10.0,20.0,106.0,112.0,24.0,71.0,133.0,34.0,12.0,3.91,3.78,3.41,3.0,7.0,2.0,254.73,179.0,181.7,33.0,1.84,3.11,3.11,9.83,9.99,9.73,2025,2.9132663522657367,2.731187205249128,25.83555464424851,3.1986877178593396,18.700020504408446,3.9368464219807255,15.501332786549106,1.1824324324324325,0.6015037593984962,0.24605290137379535,0.52,0.51,3
847749684779568479987,2025,Geekie-Lindholm-Pastrnak,BOS,line,5on5,53,20989.0,218.0,0.44,0.46,0.47,173.69,14.48,11.37,44.31,6.28,93.04,69.51,13.71,14.5,13.73,155.0,84.0,89.0,328.0,16.0,17.0,3.0,29.0,0.0,86.0,91.0,139.0,223.0,24.0,54.0,225.0,115.0,30.0,136.0,183.0,41.0,15.0,5.44,5.05,4.0,8.0,4.0,4.0,326.13,239.0,238.16,56.0,2.38,3.4,3.4,13.47,13.5,13.24,196.84,18.38,13.35,49.23,6.64,103.3,75.1,17.6,18.44,17.66,161.0,105.0,117.0,383.0,19.0,22.0,1.0,34.0,0.0,109.0,82.0,142.0,247.0,34.0,74.0,174.0,142.0,31.0,108.0,191.0,54.0,21.0,5.64,7.03,5.71,9.0,9.0,1.0,384.22,266.0,268.06,53.0,2.8,4.21,4.21,16.97,17.04,16.7,2025,2.4835866406212777,3.1525084568107102,26.585354233169756,2.572776216113202,19.72461765686788,5.145552432226404,23.326504359426366,1.1049723756906078,0.5639097744360902,-1.715184144075468,0.44,0.46,3
847523184812378483553,2025,Maclean-Cizikas-Gatcomb,NYI,line,5on5,39,18508.0,122.0,0.6,0.53,0.55,143.26,12.75,9.38,38.13,5.17,75.39,53.17,12.09,12.58,11.94,117.0,77.0,72.0,266.0,6.0,26.0,3.0,28.0,1.0,84.0,49.0,111.0,188.0,18.0,36.0,180.0,260.0,28.0,71.0,147.0,30.0,17.0,4.03,3.72,5.01,0.0,4.0,2.0,261.35,194.0,190.98,35.0,1.95,5.13,5.13,9.58,9.44,9.31,113.59,8.46,6.94,28.56,3.87,60.87,47.3,8.06,8.62,8.22,96.0,60.0,78.0,234.0,7.0,8.0,3.0,15.0,0.0,65.0,61.0,89.0,149.0,10.0,22.0,133.0,171.0,26.0,74.0,124.0,27.0,5.0,3.32,3.61,1.53,3.0,1.0,3.0,237.4,156.0,158.66,36.0,1.44,1.86,1.86,8.04,8.11,7.92,2025,2.480008644910309,1.645558677328723,22.75772638858872,3.3066781932137457,50.572725307974935,5.446293494704992,13.810244218716232,0.47058823529411764,0.5750798722044729,1.5560838556299978,0.6,0.53,4
847844984800278482145,2025,Robertson-Hintz-Bourque,DAL,line,5on5,31,12329.0,207.0,0.67,0.6,0.59,126.19,11.93,8.71,33.66,4.31,63.64,46.74,11.0,12.23,11.29,107.0,62.0,74.0,243.0,12.0,18.0,2.0,21.0,0.0,49.0,69.0,95.0,157.0,15.0,30.0,114.0,59.0,18.0,64.0,127.0,28.0,14.0,4.43,3.44,4.06,8.0,2.0,2.0,252.46,169.0,175.19,30.0,1.85,3.71,3.85,9.92,10.18,9.96,86.01,5.81,5.17,22.14,2.77,46.53,34.59,5.62,5.62,5.44,74.0,43.0,47.0,164.0,7.0,7.0,1.0,13.0,0.0,43.0,47.0,67.0,110.0,12.0,24.0,88.0,110.0,12.0,71.0,97.0,15.0,5.0,2.8,1.87,1.14,4.0,1.0,2.0,157.14,117.0,112.83,35.0,1.07,1.13,1.13,5.75,5.62,5.54,2025,3.4834942006650986,1.6964879552275123,31.243409846702896,4.087922783680753,17.227674588368888,5.255900721875253,18.687647011112013,1.0058675607711651,0.5643564356435643,0.8759834536458756,0.67,0.6,0
847637484796618480355,2025,Jeannot-Kastelic-Kuraly,BOS,line,5on5,57,21071.0,291.0,0.42,0.49,0.49,171.25,13.1,10.74,45.94,5.96,91.46,67.79,12.69,13.24,12.83,134.0,101.0,112.0,347.0,9.0,19.0,1.0,32.0,1.0,107.0,67.0,125.0,226.0,26.0,68.0,224.0,284.0,21.0,95.0,186.0,37.0,12.0,4.92,4.66,3.52,4.0,2.0,3.0,353.4,235.0,238.6,47.0,2.25,3.11,3.1,12.25,12.42,12.2,182.34,17.78,12.89,49.52,6.54,93.78,67.49,16.96,17.56,16.76,148.0,100.0,110.0,358.0,12.0,33.0,1.0,38.0,0.0,92.0,73.0,136.0,236.0,25.0,70.0,134.0,161.0,26.0,91.0,171.0,56.0,21.0,5.13,7.15,5.5,3.0,9.0,0.0,351.64,248.0,243.43,37.0,2.72,6.28,6.28,14.22,14.13,13.84,2025,2.238147216553557,3.0377295809406295,22.89402496321959,2.050211190736083,48.521664847420624,3.587869583788145,16.23083859332732,0.6870229007633588,0.6256983240223464,0.17085093256134024,0.42,0.49,4
847456484751588482146,2025,Stamkos-O'Reilly-Evangelista,NSH,line,5on5,50,15993.0,324.0,0.6,0.54,0.53,150.92,14.52,10.69,36.66,4.99,79.74,56.41,13.82,14.38,13.69,133.0,70.0,57.0,260.0,18.0,18.0,3.0,28.0,1.0,51.0,87.0,115.0,185.0,18.0,38.0,177.0,42.0,29.0,67.0,134.0,57.0,12.0,3.87,7.13,3.52,6.0,10.0,2.0,257.35,203.0,200.95,42.0,2.25,4.03,4.03,12.74,12.7,12.47,131.6,9.69,8.52,33.76,4.34,72.18,52.51,9.48,9.74,9.52,114.0,67.0,43.0,224.0,9.0,9.0,1.0,34.0,0.0,66.0,63.0,105.0,172.0,13.0,30.0,126.0,67.0,21.0,73.0,140.0,34.0,7.0,3.89,3.93,1.86,2.0,6.0,1.0,225.02,181.0,181.54,33.0,1.78,1.66,1.66,9.81,9.85,9.71,2025,3.268429938097918,2.181204276871131,29.938097917839055,2.7011817670230727,9.454136184580754,6.527855936972426,15.081598199212156,1.2396694214876034,0.5841584158415841,1.1254924029262803,0.6,0.54,0
847645384780108482201,2025,Goncalves-Point-Kucherov,TBL,line,5on5,24,7712.0,135.0,0.65,0.55,0.56,74.28,7.95,5.28,17.44,2.5,39.22,28.6,7.67,8.06,7.78,63.0,38.0,27.0,128.0,18.0,9.0,0.0,9.0,1.0,33.0,31.0,45.0,83.0,10.0,20.0,59.0,29.0,8.0,44.0,65.0,28.0,8.0,2.44,3.25,2.26,7.0,9.0,2.0,130.76,101.0,102.62,16.0,1.11,1.78,1.78,7.28,7.42,7.3,56.74,4.29,3.66,14.9,1.94,30.55,22.67,4.24,4.32,4.26,50.0,28.0,28.0,106.0,4.0,6.0,0.0,14.0,0.0,17.0,37.0,46.0,74.0,11.0,22.0,58.0,59.0,18.0,42.0,63.0,14.0,1.0,2.16,1.78,0.35,2.0,2.0,0.0,105.46,78.0,77.89,21.0,0.77,0.69,0.69,4.37,4.4,4.36,2025,3.711099585062241,2.0025933609958506,29.40871369294606,3.7344398340248963,13.537344398340249,3.7344398340248963,20.539419087136928,1.8,0.5042735042735043,-0.46680497925311204,0.65,0.55,0
847121584784388482475,2025,Malkin-Novak-Chinakhov,PIT,line,5on5,23,13362.0,50.0,0.55,0.49,0.51,129.26,13.6,9.59,30.69,4.33,68.83,49.96,13.14,14.0,13.54,114.0,63.0,41.0,218.0,15.0,12.0,1.0,34.0,0.0,72.0,44.0,99.0,162.0,13.0,29.0,85.0,53.0,17.0,75.0,119.0,43.0,15.0,4.28,5.17,4.15,6.0,7.0,2.0,228.64,177.0,184.41,31.0,2.02,2.94,2.94,12.68,13.11,12.89,126.92,11.07,8.69,31.37,4.41,68.77,48.7,10.38,10.85,10.17,99.0,74.0,52.0,225.0,10.0,18.0,2.0,25.0,1.0,65.0,54.0,89.0,163.0,10.0,20.0,111.0,102.0,25.0,58.0,130.0,31.0,12.0,4.02,3.92,3.13,6.0,2.0,2.0,216.47,173.0,168.13,27.0,1.8,3.34,3.34,9.53,9.31,9.16,2025,3.6641221374045805,2.9824876515491696,30.7139649753031,4.041311180960935,14.279299506061967,4.580152671755726,20.20655590480467,1.1029411764705883,0.4336734693877551,0.8082622361921868,0.55,0.49,3
847639384780208481596,2025,Cousins-Pinto-Amadio,OTT,line,5on5,47,17399.0,276.0,0.62,0.5,0.54,148.72,15.61,10.25,37.2,5.05,77.39,56.51,14.61,15.98,14.95,121.0,81.0,59.0,261.0,10.0,26.0,2.0,18.0,0.0,71.0,77.0,111.0,192.0,21.0,42.0,112.0,126.0,29.0,73.0,139.0,37.0,26.0,3.79,4.44,7.38,3.0,4.0,3.0,268.77,202.0,207.2,36.0,2.14,6.34,6.11,11.64,11.81,11.51,125.71,9.58,8.18,32.0,4.26,67.89,50.09,9.06,9.46,8.95,96.0,76.0,85.0,257.0,10.0,16.0,4.0,21.0,0.0,63.0,62.0,86.0,162.0,15.0,36.0,123.0,134.0,24.0,85.0,133.0,29.0,10.0,3.58,3.41,2.6,3.0,4.0,3.0,249.06,172.0,167.41,42.0,1.7,2.98,2.98,8.31,8.18,8.04,2025,3.2298407954480144,1.9821828840737974,25.035921604689925,5.379619518363125,26.07046381975976,6.000344847405024,15.104316340019542,0.6406149903907752,0.4765957446808511,1.241450658083798,0.62,0.5,0
847576584785088483525,2025,Trenin-Yurov-Tarasenko,MIN,line,5on5,32,12379.0,142.0,0.45,0.41,0.43,85.57,7.45,5.78,19.97,2.88,45.97,33.95,7.09,7.67,7.3,77.0,39.0,38.0,154.0,12.0,7.0,0.0,12.0,0.0,49.0,36.0,65.0,104.0,14.0,34.0,86.0,140.0,18.0,61.0,85.0,24.0,7.0,2.72,2.97,1.76,8.0,4.0,0.0,158.43,116.0,118.43,36.0,1.2,1.45,1.45,7.2,7.42,7.31,108.7,9.04,6.83,28.68,3.72,59.32,43.4,8.66,8.81,8.43,110.0,41.0,71.0,222.0,7.0,15.0,1.0,24.0,0.0,52.0,53.0,103.0,144.0,13.0,32.0,132.0,79.0,21.0,54.0,121.0,21.0,9.0,3.58,2.82,2.65,5.0,0.0,2.0,217.8,151.0,147.71,22.0,1.42,2.97,2.97,7.49,7.29,7.19,2025,2.166572421035625,2.628968414249939,22.392761935535987,2.0357056305032715,40.714112610065435,5.234671621294127,17.73972049438565,1.610738255033557,0.3944954128440367,0.29081509007189593,0.45,0.41,1
847410284802088481528,2025,Perron-Cozens-Batherson,OTT,line,5on5,21,8347.0,80.0,0.65,0.54,0.54,79.04,6.88,5.67,19.43,2.54,42.96,29.52,6.61,6.91,6.64,60.0,47.0,39.0,146.0,5.0,11.0,0.0,15.0,1.0,40.0,35.0,55.0,102.0,0.0,0.0,76.0,71.0,12.0,31.0,80.0,22.0,5.0,2.67,2.89,1.33,3.0,2.0,0.0,145.77,107.0,107.56,12.0,1.19,1.88,1.88,6.19,6.24,6.07,65.05,3.71,3.84,16.75,2.24,37.17,28.29,3.56,3.69,3.53,61.0,31.0,32.0,124.0,7.0,5.0,0.0,18.0,0.0,27.0,35.0,54.0,85.0,8.0,16.0,67.0,58.0,10.0,26.0,79.0,12.0,1.0,2.19,1.28,0.24,5.0,2.0,0.0,123.93,92.0,91.68,17.0,0.78,0.55,0.55,3.93,3.9,3.76,2025,2.96729363843297,1.6000958428177787,25.87756080028753,2.1564634000239606,30.621780280340243,5.175512160057505,13.370073080148556,0.7267441860465116,0.5314685314685315,-3.450341440038337,0.65,0.54,0
847516684779398484158,2025,Cowan-Tavares-Nylander,TOR,line,5on5,24,12809.0,84.0,0.48,0.48,0.45,105.97,8.41,6.93,27.67,3.49,54.32,40.18,8.23,8.61,8.41,82.0,59.0,54.0,195.0,13.0,7.0,2.0,20.0,0.0,45.0,56.0,69.0,128.0,7.0,14.0,136.0,63.0,15.0,57.0,105.0,30.0,6.0,3.19,3.8,1.42,6.0,5.0,2.0,193.72,141.0,141.5,24.0,1.47,1.21,1.21,8.67,8.83,8.71,122.78,9.07,8.07,31.46,3.95,67.76,48.69,8.76,8.94,8.64,104.0,65.0,46.0,215.0,7.0,10.0,0.0,28.0,0.0,56.0,68.0,97.0,162.0,12.0,24.0,95.0,60.0,26.0,65.0,134.0,30.0,5.0,3.97,3.86,1.25,6.0,1.0,0.0,214.69,169.0,167.74,33.0,1.68,1.8,1.8,8.95,8.83,8.66,2025,2.3636505582012646,2.549145132328831,23.046295573424935,1.6863143102506049,17.70630025763135,4.215785775626513,16.019985947380746,1.5457788347205708,0.5887445887445888,-1.4052619252088374,0.48,0.48,3
847578684779348478402,2025,Hyman-Draisaitl-Mcdavid,EDM,line,5on5,43,8374.0,273.0,0.66,0.61,0.64,96.13,9.19,6.94,21.89,3.02,49.81,37.15,8.6,8.96,8.4,76.0,52.0,40.0,168.0,7.0,12.0,1.0,22.0,0.0,39.0,48.0,69.0,121.0,8.0,16.0,71.0,26.0,9.0,41.0,86.0,35.0,7.0,2.98,4.41,1.8,3.0,2.0,2.0,161.46,128.0,123.29,17.0,1.45,2.29,2.29,8.35,8.19,7.98,52.2,4.76,3.47,13.77,1.95,28.05,20.98,4.58,4.94,4.75,51.0,22.0,33.0,106.0,6.0,8.0,1.0,12.0,0.0,22.0,25.0,45.0,67.0,6.0,12.0,66.0,46.0,17.0,36.0,57.0,9.0,7.0,1.5,1.08,2.18,3.0,2.0,1.0,112.64,73.0,76.99,19.0,0.73,1.73,1.73,3.76,3.9,3.88,2025,3.950800095533795,2.0463338906138047,32.67255791736327,3.009314545020301,11.177454024361118,3.869118700740387,17.625985192261762,0.7616974972796519,0.5182481751824818,0.8598041557200861,0.66,0.61,0
847794684820788484471,2025,Raymond-Larkin-Finnie,DET,line,5on5,48,29447.0,125.0,0.48,0.52,0.51,246.45,19.06,16.32,62.48,8.43,136.28,98.44,18.65,19.14,18.72,208.0,133.0,149.0,490.0,18.0,23.0,3.0,48.0,0.0,116.0,136.0,190.0,323.0,25.0,53.0,289.0,147.0,37.0,144.0,267.0,59.0,15.0,7.68,7.4,3.97,11.0,4.0,3.0,488.87,341.0,339.39,63.0,3.4,4.57,4.29,18.17,18.15,17.95,239.5,20.46,15.33,60.7,7.87,128.19,95.44,19.82,20.63,19.97,199.0,129.0,122.0,450.0,22.0,22.0,4.0,41.0,0.0,110.0,133.0,177.0,306.0,33.0,69.0,270.0,145.0,31.0,153.0,246.0,64.0,18.0,7.5,8.0,4.96,10.0,6.0,6.0,452.35,328.0,329.85,73.0,3.2,4.87,4.87,18.79,18.88,18.55,2025,2.3301524773321556,2.501307433694434,25.428736373824158,1.8338031038815499,17.97127041803919,4.523380989574489,17.604509797262878,0.944386149003148,0.516994633273703,-0.9780283220701599,0.48,0.52,3
847584884764798476981,2025,Gallagher-Danault-Anderson,MTL,line,5on5,22,9471.0,80.0,0.43,0.53,0.51,76.63,6.64,5.41,19.97,2.79,42.58,29.62,6.24,6.65,6.26,68.0,39.0,56.0,163.0,6.0,7.0,1.0,21.0,0.0,46.0,27.0,62.0,101.0,17.0,39.0,94.0,92.0,11.0,40.0,83.0,14.0,10.0,2.24,1.63,2.76,3.0,0.0,3.0,163.33,107.0,106.79,16.0,1.14,1.93,1.93,5.85,5.88,5.7,77.58,8.72,5.42,20.45,2.65,37.76,26.98,7.49,8.56,7.36,57.0,45.0,45.0,147.0,3.0,18.0,0.0,13.0,0.0,28.0,40.0,54.0,99.0,11.0,25.0,67.0,69.0,7.0,39.0,70.0,19.0,13.0,2.32,2.54,3.86,0.0,1.0,2.0,144.22,102.0,100.16,15.0,1.15,3.85,3.85,6.02,5.91,5.58,2025,2.5239151092809626,3.3145391194171685,25.84732340829902,3.801076971808679,34.969908140639845,4.181184668989547,15.204307887234716,0.9036144578313253,0.5838509316770186,2.2806461830852074,0.43,0.53,4
847578684764548478402,2025,Hyman-Mcdavid-Nugent-Hopkins,EDM,line,5on5,50,23821.0,197.0,0.58,0.52,0.53,253.28,27.78,19.4,58.09,8.7,130.38,96.65,26.1,27.55,25.92,228.0,113.0,94.0,435.0,23.0,35.0,2.0,44.0,0.0,119.0,120.0,205.0,318.0,24.0,59.0,164.0,57.0,26.0,109.0,227.0,84.0,30.0,7.92,10.93,8.92,9.0,10.0,4.0,436.89,341.0,341.1,48.0,4.08,8.19,8.0,23.85,23.84,23.35,224.16,20.38,15.71,53.62,7.46,119.4,88.42,19.49,20.47,19.58,202.0,103.0,95.0,400.0,24.0,31.0,4.0,34.0,0.0,101.0,115.0,178.0,281.0,29.0,63.0,172.0,107.0,40.0,116.0,225.0,58.0,22.0,7.16,7.56,5.67,10.0,9.0,5.0,400.62,305.0,306.9,62.0,3.27,5.36,5.36,18.3,18.42,17.99,2025,4.198312413416733,3.079971453759288,34.45699172998615,4.533814701313967,8.614247932496538,3.9293060744721044,16.472860081440746,0.827933765298776,0.4880952380952381,-0.7556357835523279,0.58,0.52,0
847794284815328483808,2025,Kuzmenko-Turcotte-Fiala,LAK,line,5on5,16,8669.0,49.0,0.65,0.6,0.58,86.94,8.22,6.45,20.98,2.87,44.94,33.55,7.88,8.09,7.75,73.0,44.0,46.0,163.0,7.0,12.0,2.0,19.0,1.0,42.0,36.0,66.0,110.0,7.0,14.0,89.0,26.0,11.0,36.0,82.0,28.0,7.0,2.68,3.71,1.84,2.0,4.0,1.0,160.98,117.0,116.06,16.0,1.37,2.04,2.04,7.56,7.44,7.27,61.07,4.45,4.16,15.54,1.98,32.88,23.99,4.29,4.49,4.33,50.0,33.0,27.0,110.0,5.0,6.0,0.0,14.0,0.0,26.0,32.0,45.0,78.0,10.0,20.0,74.0,58.0,17.0,36.0,69.0,12.0,2.0,2.44,1.54,0.47,3.0,2.0,0.0,110.31,83.0,83.47,18.0,0.87,0.9,0.9,4.42,4.47,4.38,2025,3.413542507786366,1.8479640096896992,30.314915215134388,2.9069096781635717,10.797093090321837,4.568000922828469,14.949821201984083,0.851581508515815,0.5460122699386503,-1.2458184334986735,0.65,0.6,0
847794984794208481522,2025,Krebs-Thompson-Tuch,BUF,line,5on5,42,15291.0,243.0,0.47,0.52,0.54,151.17,10.37,9.79,37.96,5.12,85.49,62.26,10.15,10.62,10.41,128.0,83.0,61.0,272.0,18.0,10.0,0.0,29.0,0.0,80.0,74.0,110.0,193.0,23.0,55.0,122.0,104.0,22.0,56.0,175.0,29.0,7.0,5.14,3.29,1.94,8.0,9.0,1.0,279.34,211.0,216.5,25.0,2.02,1.59,1.59,10.81,11.08,10.9,135.13,11.65,8.9,33.84,4.3,71.88,52.43,11.28,11.33,10.98,112.0,71.0,64.0,247.0,8.0,14.0,0.0,20.0,0.0,65.0,76.0,104.0,175.0,22.0,53.0,150.0,93.0,14.0,77.0,137.0,34.0,12.0,4.34,4.18,3.13,3.0,3.0,2.0,239.35,183.0,177.76,37.0,1.86,2.64,2.64,10.87,10.62,10.44,2025,2.4414361389052384,2.7427898763978815,30.135373749264275,1.6480282519128902,24.484991171277223,5.1795173631547975,13.184226015303121,1.7357762777242045,0.4485294117647059,0.23543260741612715,0.47,0.52,3
847682684768788480995,2025,Girgensons-Gourde-Holmberg,TBL,line,5on5,62,37139.0,111.0,0.56,0.54,0.54,299.75,25.98,19.41,73.82,10.08,158.98,119.73,24.74,26.55,25.25,252.0,156.0,172.0,580.0,18.0,35.0,1.0,63.0,0.0,165.0,127.0,234.0,390.0,52.0,116.0,322.0,286.0,30.0,165.0,304.0,75.0,29.0,8.61,8.87,8.5,10.0,7.0,1.0,594.01,408.0,414.94,61.0,4.06,8.29,8.39,21.65,22.01,21.59,257.23,20.31,16.51,67.77,8.92,137.58,101.9,19.66,20.19,19.55,241.0,112.0,133.0,486.0,20.0,24.0,3.0,57.0,0.0,125.0,127.0,221.0,333.0,57.0,126.0,374.0,258.0,38.0,163.0,273.0,62.0,18.0,7.74,7.6,4.97,11.0,7.0,2.0,478.49,353.0,349.46,69.0,3.45,4.49,5.11,18.65,18.53,18.15,2025,2.518323056625111,1.968712135490993,24.427152050405233,2.8110611486577453,27.722878914348797,2.9079942917149086,15.993968604431998,0.6928406466512702,0.46264367816091956,-0.4846657152858181,0.56,0.54,4
848002784821458482740,2025,Robertson-Johnston-Bourque,DAL,line,5on5,49,15750.0,332.0,0.54,0.52,0.53,156.7,14.31,10.19,38.09,5.29,82.82,61.31,13.95,14.17,13.82,145.0,67.0,60.0,272.0,7.0,15.0,0.0,34.0,0.0,87.0,69.0,138.0,205.0,25.0,50.0,119.0,79.0,18.0,75.0,155.0,45.0,12.0,5.2,5.64,3.47,5.0,2.0,0.0,272.52,212.0,209.94,33.0,2.12,3.18,3.18,13.25,13.12,12.93,138.28,12.0,8.88,35.66,4.87,72.72,54.87,11.61,12.2,11.81,123.0,66.0,65.0,254.0,12.0,14.0,4.0,27.0,0.0,71.0,65.0,111.0,177.0,27.0,56.0,111.0,119.0,19.0,94.0,143.0,35.0,11.0,4.61,4.06,3.32,4.0,4.0,4.0,256.38,189.0,191.43,38.0,1.85,3.31,3.31,10.54,10.71,10.58,2025,3.270857142857143,2.742857142857143,33.142857142857146,2.742857142857143,18.057142857142857,4.114285714285714,17.142857142857142,0.48916841369671554,0.5173913043478261,-0.45714285714285713,0.54,0.52,0
847458684789758482665,2025,Marchment-Beniers-Eberle,SEA,line,5on5,23,8047.0,168.0,0.52,0.52,0.52,62.58,5.06,4.06,15.15,2.1,33.22,25.4,4.83,5.05,4.82,55.0,30.0,38.0,123.0,5.0,5.0,1.0,10.0,0.0,37.0,28.0,50.0,80.0,11.0,22.0,58.0,37.0,6.0,33.0,63.0,19.0,3.0,1.9,2.3,0.86,3.0,1.0,1.0,122.75,85.0,84.84,13.0,0.85,0.85,0.85,5.06,5.06,5.01,56.6,4.75,3.87,13.73,1.87,31.01,22.77,4.61,4.74,4.6,51.0,27.0,34.0,112.0,1.0,5.0,0.0,12.0,0.0,31.0,29.0,50.0,77.0,9.0,18.0,50.0,47.0,15.0,42.0,60.0,13.0,5.0,1.77,1.65,1.33,1.0,0.0,0.0,112.33,78.0,78.16,20.0,0.8,1.16,1.16,4.4,4.38,4.32,2025,2.2637007580464767,2.125015533739282,24.605443022244316,1.342115073940599,16.55275257860072,2.684230147881198,14.763265813346589,0.9881422924901186,0.5370370370370371,0.894743382627066,0.52,0.52,3
847167584758108476483,2025,Rust-Crosby-Rakell,PIT,line,5on5,34,23500.0,62.0,0.47,0.51,0.5,212.82,17.79,15.59,55.63,7.49,115.4,81.1,17.04,17.98,17.23,184.0,109.0,114.0,407.0,23.0,21.0,0.0,44.0,1.0,114.0,90.0,161.0,270.0,20.0,40.0,267.0,113.0,33.0,119.0,223.0,53.0,17.0,7.01,6.62,4.16,12.0,8.0,3.0,415.22,293.0,298.05,58.0,3.29,3.73,3.73,17.35,17.56,16.98,207.19,20.22,14.29,52.07,7.16,112.91,82.36,19.48,20.18,19.45,171.0,118.0,105.0,394.0,17.0,27.0,4.0,35.0,0.0,106.0,104.0,154.0,272.0,17.0,34.0,226.0,141.0,27.0,115.0,205.0,65.0,19.0,5.9,7.95,6.37,6.0,6.0,5.0,387.05,289.0,285.94,58.0,2.99,5.88,5.88,17.32,17.23,16.96,2025,2.7252765957446807,3.097531914893617,28.187234042553193,2.6042553191489364,17.31063829787234,5.05531914893617,18.229787234042554,1.2928611579539067,0.5415821501014199,0.4595744680851064,0.47,0.51,3
847795184784748479343,2025,Crouse-Schmaltz-Keller,UTA,line,5on5,36,21575.0,67.0,0.55,0.59,0.57,207.98,17.06,13.67,51.94,7.23,115.92,81.18,16.45,16.93,16.33,190.0,97.0,113.0,400.0,28.0,19.0,6.0,27.0,1.0,118.0,94.0,162.0,259.0,28.0,59.0,185.0,107.0,39.0,97.0,225.0,52.0,10.0,7.81,6.56,2.69,13.0,11.0,4.0,399.76,287.0,287.63,35.0,2.85,3.49,3.49,16.41,16.26,15.76,163.26,14.07,10.6,39.21,5.21,85.16,64.75,13.69,14.3,13.9,150.0,69.0,64.0,283.0,14.0,11.0,2.0,34.0,0.0,90.0,70.0,136.0,205.0,22.0,47.0,229.0,121.0,36.0,107.0,165.0,43.0,11.0,5.68,5.36,3.03,4.0,6.0,4.0,285.26,219.0,221.85,50.0,2.21,2.28,2.28,14.0,14.21,13.96,2025,2.846628041714948,2.3477172653534186,31.703360370799537,1.6685979142526073,17.853997682502897,6.507531865585168,16.18539976825029,1.6412661195779603,0.4468599033816425,1.0011587485515643,0.55,0.59,3
848422784848018484911,2025,Smith-Celebrini-Graf,SJS,line,5on5,38,15794.0,202.0,0.51,0.47,0.48,129.15,11.84,8.91,31.89,4.3,69.26,49.81,11.5,12.11,11.75,110.0,66.0,53.0,229.0,13.0,13.0,1.0,26.0,0.0,57.0,67.0,97.0,163.0,13.0,26.0,124.0,81.0,24.0,101.0,129.0,35.0,12.0,4.13,4.39,3.31,6.0,6.0,1.0,232.48,176.0,178.46,37.0,1.87,2.45,2.45,11.25,11.39,11.25,138.58,11.37,9.62,34.41,4.68,74.65,54.27,10.94,11.29,10.85,130.0,59.0,67.0,256.0,9.0,17.0,1.0,28.0,0.0,63.0,72.0,121.0,180.0,11.0,22.0,154.0,68.0,24.0,65.0,140.0,37.0,12.0,3.97,4.34,3.07,5.0,4.0,0.0,255.36,189.0,188.07,31.0,2.0,2.73,2.73,10.64,10.54,10.36,2025,2.6987463593769783,2.5916170697733314,25.07281246042801,2.735215904773965,18.46270735722426,5.47043180954793,23.021400531847537,1.097972972972973,0.4460431654676259,0.45586931746232745,0.51,0.47,3
847740984779338478542,2025,Verhaeghe-Rodrigues-Reinhart,FLA,line,5on5,28,11600.0,166.0,0.57,0.54,0.55,117.96,10.17,7.61,30.43,3.95,62.94,45.9,9.82,10.08,9.73,99.0,62.0,51.0,212.0,6.0,16.0,3.0,28.0,1.0,54.0,56.0,93.0,155.0,12.0,24.0,99.0,60.0,11.0,48.0,128.0,21.0,12.0,4.08,2.56,3.53,2.0,2.0,2.0,211.72,161.0,159.84,26.0,1.59,3.26,3.32,8.45,8.41,8.32,95.07,7.74,6.3,24.16,3.32,50.32,38.17,7.29,7.72,7.26,87.0,43.0,48.0,178.0,8.0,13.0,2.0,26.0,0.0,39.0,44.0,79.0,122.0,13.0,30.0,95.0,75.0,20.0,71.0,96.0,26.0,8.0,2.55,3.1,2.09,5.0,3.0,0.0,178.34,130.0,130.17,34.0,1.31,2.49,2.49,6.55,6.55,6.23,2025,3.156206896551724,2.4020689655172416,30.72413793103448,3.7241379310344827,18.620689655172413,3.413793103448276,14.89655172413793,0.5899705014749262,0.5103092783505154,-0.3103448275862069,0.57,0.54,0
848217584826998483431,2025,Guenther-Cooley-Peterka,UTA,line,5on5,27,12772.0,99.0,0.47,0.5,0.48,110.65,8.37,6.77,28.7,3.77,60.0,44.4,8.13,8.47,8.24,100.0,52.0,70.0,222.0,15.0,5.0,0.0,33.0,0.0,50.0,49.0,85.0,137.0,10.0,20.0,87.0,56.0,19.0,66.0,120.0,27.0,5.0,3.61,3.17,1.59,8.0,5.0,2.0,225.22,152.0,154.72,25.0,1.4,1.12,1.12,8.65,8.82,8.61,119.7,9.46,7.54,29.74,3.87,65.38,49.01,9.09,9.55,9.16,111.0,54.0,57.0,222.0,9.0,12.0,0.0,26.0,0.0,63.0,55.0,102.0,156.0,8.0,16.0,117.0,92.0,21.0,56.0,128.0,32.0,5.0,3.91,4.16,1.38,6.0,3.0,0.0,220.69,165.0,164.56,31.0,1.56,1.98,1.98,9.04,9.05,8.82,2025,2.3592233009708736,2.6664578766050737,28.186658315064204,1.4093329157532102,15.784528656435954,5.355465079862198,18.603194487942375,1.792114695340502,0.4264705882352941,0.5637331663012841,0.47,0.5,3
847750384793188482259,2025,Mcmann-Matthews-Domi,TOR,line,5on5,23,14415.0,49.0,0.52,0.51,0.51,140.01,11.58,9.59,35.07,4.51,74.68,54.57,11.04,11.62,11.09,123.0,67.0,59.0,249.0,14.0,15.0,3.0,22.0,0.0,65.0,74.0,109.0,176.0,11.0,25.0,151.0,74.0,22.0,73.0,147.0,33.0,10.0,4.64,4.3,2.64,5.0,7.0,2.0,248.23,190.0,189.33,39.0,2.02,2.35,2.35,11.24,11.28,11.02,136.89,10.74,8.63,34.06,4.49,71.88,55.2,10.31,10.65,10.21,123.0,62.0,56.0,241.0,16.0,13.0,2.0,23.0,0.0,58.0,75.0,107.0,169.0,11.0,27.0,118.0,53.0,12.0,77.0,143.0,33.0,9.0,4.09,4.35,2.3,7.0,6.0,3.0,240.13,185.0,184.65,32.0,1.79,2.49,2.49,10.05,9.96,9.66,2025,2.891987513007284,2.6822060353798127,30.718002081165455,2.4973985431841834,18.480749219562956,5.494276795005203,18.23100936524454,1.2089810017271156,0.5613382899628253,0.0,0.52,0.51,3
847794084827028482809,2025,Ehlers-Stankoven-Blake,CAR,line,5on5,54,14963.0,347.0,0.6,0.64,0.61,147.15,12.47,9.24,37.22,4.86,78.46,58.74,12.15,12.45,12.12,127.0,74.0,94.0,295.0,10.0,15.0,1.0,34.0,1.0,77.0,64.0,117.0,191.0,16.0,34.0,92.0,32.0,30.0,80.0,160.0,27.0,14.0,5.4,3.23,3.84,5.0,4.0,1.0,292.63,201.0,199.91,31.0,1.92,2.95,2.84,11.55,11.44,11.28,94.29,8.38,6.2,22.6,3.04,50.09,37.69,8.15,8.37,8.15,88.0,40.0,41.0,169.0,5.0,9.0,0.0,22.0,1.0,38.0,53.0,83.0,123.0,12.0,24.0,133.0,116.0,22.0,77.0,89.0,33.0,6.0,2.86,3.84,1.68,3.0,2.0,0.0,168.48,128.0,127.77,46.0,1.3,1.64,1.64,8.04,8.08,7.96,2025,3.0002004945532317,2.0161732272939923,30.555369912450715,3.3683084942859054,7.69899084408207,7.2178039163269405,19.247477110205175,0.8019246190858059,0.4088888888888889,0.9623738555102588,0.6,0.64,0
847749684779568482177,2025,Khusnutdinov-Lindholm-Pastrnak,BOS,line,5on5,34,11075.0,198.0,0.51,0.48,0.47,88.82,7.66,5.86,22.47,2.98,47.77,34.27,7.28,7.58,7.22,70.0,51.0,50.0,171.0,10.0,8.0,1.0,20.0,0.0,42.0,41.0,60.0,111.0,17.0,37.0,116.0,61.0,14.0,58.0,91.0,23.0,7.0,2.67,3.04,1.95,2.0,6.0,2.0,173.59,121.0,122.59,29.0,1.23,1.61,1.61,7.28,7.27,7.1,98.62,7.43,6.32,26.57,3.32,52.82,38.53,7.12,7.5,7.18,76.0,59.0,49.0,184.0,5.0,11.0,1.0,25.0,1.0,44.0,49.0,71.0,130.0,15.0,33.0,106.0,71.0,22.0,65.0,106.0,22.0,7.0,2.99,2.67,1.76,3.0,2.0,0.0,183.5,135.0,134.29,32.0,1.32,1.72,1.72,7.02,7.09,6.99,2025,2.4899322799097066,2.4151693002257337,22.75395033860045,2.275395033860045,19.82844243792325,4.55079006772009,18.853273137697517,1.3054830287206267,0.5225225225225225,0.6501128668171557,0.51,0.48,3
847517284807978481068,2025,Farabee-Kadri-Sharangovich,CGY,line,5on5,34,14329.0,165.0,0.48,0.53,0.52,141.16,11.45,9.74,36.24,4.76,75.44,54.38,11.0,11.47,11.03,130.0,62.0,82.0,274.0,11.0,16.0,2.0,25.0,0.0,66.0,74.0,119.0,181.0,9.0,18.0,129.0,59.0,21.0,60.0,141.0,41.0,10.0,4.11,4.88,2.47,4.0,6.0,1.0,275.94,192.0,193.94,34.0,2.04,2.91,2.91,10.58,10.62,10.46,131.26,12.22,9.1,31.2,4.35,69.81,51.31,11.83,12.3,11.9,123.0,55.0,65.0,243.0,16.0,16.0,1.0,25.0,0.0,70.0,51.0,107.0,162.0,15.0,30.0,135.0,105.0,37.0,60.0,128.0,36.0,14.0,3.78,4.59,3.85,9.0,6.0,1.0,241.82,178.0,177.1,26.0,1.9,3.25,3.25,10.87,10.87,10.68,2025,2.8766836485449088,3.0701374834252215,32.66103705771512,2.5123874659780863,14.82308604927071,5.276013678553982,15.074324795868518,0.9606986899563319,0.48863636363636365,-1.507432479586852,0.48,0.53,3
84808798481607,2025,Johansson-Bernard-Docker,DET,pairing,5on5,56,27684.0,228.0,0.48,0.45,0.46,206.7,16.46,13.33,52.17,6.92,112.91,81.22,15.96,16.57,16.06,170.0,113.0,119.0,402.0,15.0,18.0,2.0,33.0,0.0,106.0,111.0,155.0,268.0,20.0,40.0,202.0,180.0,31.0,116.0,218.0,49.0,16.0,6.55,5.74,4.17,5.0,8.0,2.0,404.54,283.0,285.19,51.0,2.76,3.31,3.31,15.92,16.05,15.81,241.27,17.78,15.31,59.02,8.05,134.17,100.67,17.17,17.84,17.21,220.0,115.0,148.0,483.0,13.0,20.0,1.0,63.0,0.0,120.0,119.0,207.0,322.0,35.0,70.0,217.0,246.0,25.0,133.0,277.0,48.0,10.0,8.7,6.25,2.83,7.0,5.0,1.0,478.86,335.0,332.41,63.0,3.17,3.57,3.57,17.38,17.37,17.06,2025,2.1404421326397918,2.3120936280884266,22.106631989596877,2.0806241872561766,23.407022106631988,4.031209362808842,15.084525357607282,0.9113001215066828,0.4821002386634845,-1.9505851755526658,0.48,0.45,1
847701584794078481559,2025,Bratt-Hughes-Brown,NJD,line,5on5,26,14799.0,93.0,0.55,0.56,0.55,143.86,12.93,10.02,34.03,4.66,77.38,57.98,12.37,12.73,12.19,125.0,72.0,70.0,267.0,13.0,17.0,0.0,29.0,1.0,74.0,63.0,112.0,184.0,11.0,28.0,73.0,60.0,17.0,109.0,145.0,40.0,12.0,4.81,5.02,3.09,6.0,7.0,0.0,260.02,197.0,192.76,39.0,2.08,3.4,3.4,11.61,11.43,11.27,118.83,10.72,8.49,27.38,4.06,65.15,47.2,10.54,11.01,10.81,100.0,63.0,44.0,207.0,12.0,9.0,1.0,29.0,0.0,53.0,60.0,88.0,151.0,12.0,30.0,135.0,60.0,25.0,73.0,116.0,41.0,6.0,3.75,5.17,1.8,4.0,8.0,0.0,213.58,163.0,167.18,45.0,1.76,1.27,1.27,11.21,11.48,11.37,2025,3.145347658625583,2.607743766470708,30.40745996351105,2.919116156497061,14.595580782485305,4.135414555037503,26.515305088181638,1.005413766434648,0.35096153846153844,-0.2432596797080884,0.55,0.56,3
847645984785508482157,2025,Cuylle-Zibanejad-Panarin,NYR,line,5on5,15,7587.0,75.0,0.55,0.54,0.53,70.37,5.62,4.53,17.54,2.35,38.29,27.67,5.47,5.65,5.5,65.0,31.0,40.0,136.0,7.0,5.0,0.0,15.0,1.0,37.0,31.0,58.0,89.0,5.0,10.0,68.0,69.0,11.0,37.0,72.0,20.0,4.0,2.19,2.39,1.05,5.0,2.0,0.0,135.35,96.0,95.89,11.0,0.94,1.15,1.15,5.41,5.41,5.32,61.69,4.7,3.97,15.69,2.0,34.14,24.5,4.57,4.7,4.58,51.0,34.0,33.0,118.0,6.0,3.0,0.0,8.0,0.0,34.0,34.0,45.0,79.0,4.0,8.0,61.0,47.0,11.0,48.0,69.0,13.0,3.0,2.38,1.64,0.68,4.0,2.0,0.0,119.06,85.0,85.25,27.0,0.82,0.57,0.57,4.95,4.97,4.85,2025,2.666666666666667,2.2301304863582447,30.84223013048636,1.8979833926453145,32.74021352313167,5.2194543297746145,17.55634638196916,1.2455516014234875,0.5271317829457365,0.4744958481613286,0.55,0.54,3
847415084763998480797,2025,Coleman-Backlund-Farabee,CGY,line,5on5,27,9943.0,188.0,0.48,0.47,0.48,83.32,6.73,5.44,20.46,2.79,46.62,33.95,6.46,6.72,6.44,83.0,33.0,32.0,148.0,10.0,7.0,0.0,14.0,0.0,39.0,46.0,73.0,106.0,11.0,24.0,93.0,39.0,12.0,56.0,94.0,17.0,5.0,2.99,2.22,1.52,7.0,3.0,0.0,146.85,116.0,115.92,25.0,1.14,1.3,1.3,6.58,6.57,6.45,89.83,7.21,5.67,23.05,2.98,48.92,36.17,6.92,7.29,6.99,78.0,46.0,42.0,166.0,7.0,10.0,0.0,16.0,0.0,47.0,44.0,71.0,117.0,6.0,12.0,75.0,35.0,18.0,53.0,95.0,26.0,3.0,2.83,3.53,0.86,5.0,2.0,0.0,166.0,124.0,123.67,27.0,1.18,1.65,1.65,6.74,6.79,6.53,2025,2.43668912802977,2.6104797344865736,30.051292366488987,1.8103188172583726,14.120486774615307,4.344765161420095,20.275570753293774,1.4858841010401187,0.5535714285714286,1.8103188172583726,0.48,0.47,3
847749484775008482476,2025,Drouin-Horvat-Heineman,NYI,line,5on5,22,7973.0,137.0,0.44,0.52,0.51,64.56,4.76,3.8,17.45,2.22,33.81,24.95,4.7,4.72,4.66,58.0,29.0,31.0,118.0,6.0,5.0,0.0,11.0,0.0,37.0,28.0,52.0,81.0,5.0,10.0,89.0,71.0,14.0,36.0,71.0,14.0,2.0,2.46,1.78,0.52,5.0,1.0,0.0,117.49,87.0,86.65,16.0,0.79,0.55,0.55,5.0,4.96,4.92,62.24,6.12,4.2,15.15,2.02,31.42,24.09,5.83,6.22,5.93,57.0,26.0,28.0,111.0,5.0,5.0,2.0,12.0,0.0,24.0,37.0,52.0,78.0,11.0,22.0,55.0,64.0,12.0,45.0,58.0,16.0,9.0,1.91,1.87,2.34,1.0,1.0,3.0,112.24,83.0,83.61,27.0,0.89,1.42,1.42,5.58,5.66,5.51,2025,2.1492537313432836,2.7633262260127935,26.188385802082028,0.9030477862786906,32.058196412893516,6.321334503950834,16.25486015301643,1.2605042016806722,0.6180555555555556,-2.709143358836072,0.44,0.52,1
847341984774098477935,2025,Marchand-Bennett-Verhaeghe,FLA,line,5on5,29,11977.0,155.0,0.48,0.5,0.48,118.79,10.74,8.0,30.02,4.0,61.31,43.92,10.36,10.59,10.22,104.0,54.0,59.0,217.0,12.0,11.0,2.0,24.0,0.0,52.0,59.0,92.0,146.0,11.0,20.0,91.0,76.0,15.0,54.0,115.0,33.0,10.0,3.86,4.17,2.71,2.0,7.0,3.0,214.22,158.0,155.63,33.0,1.67,1.65,1.65,10.76,10.58,10.37,128.06,11.64,8.48,31.65,4.21,66.72,50.3,11.24,11.75,11.36,116.0,57.0,46.0,219.0,13.0,14.0,2.0,25.0,0.0,61.0,60.0,103.0,160.0,12.0,24.0,121.0,58.0,33.0,67.0,122.0,39.0,12.0,3.53,4.79,3.33,6.0,6.0,1.0,223.1,173.0,175.86,33.0,1.77,2.85,2.85,10.56,10.77,10.61,2025,3.2281873591049512,3.498705852884696,31.259914836770477,3.005761041997161,22.843783919178424,4.5086415629957415,16.231109626784672,1.1173184357541899,0.42924528301886794,-0.30057610419971614,0.48,0.5,3
847458684822598482665,2025,Mcmann-Beniers-Eberle,SEA,line,5on5,15,8936.0,52.0,0.45,0.49,0.48,72.38,5.26,4.95,17.03,2.31,41.05,29.39,5.17,5.29,5.19,65.0,35.0,41.0,141.0,7.0,1.0,0.0,17.0,1.0,40.0,34.0,58.0,93.0,2.0,4.0,62.0,32.0,13.0,39.0,80.0,15.0,5.0,2.2,1.85,1.2,3.0,2.0,2.0,138.15,100.0,98.21,20.0,1.03,0.29,0.29,5.99,5.98,5.87,80.85,6.41,5.51,19.75,2.67,42.93,31.72,6.29,6.58,6.45,68.0,41.0,35.0,144.0,7.0,7.0,1.0,12.0,0.0,42.0,41.0,61.0,102.0,3.0,6.0,88.0,41.0,9.0,41.0,86.0,18.0,5.0,2.65,2.47,1.29,4.0,2.0,1.0,149.23,109.0,112.82,22.0,1.15,1.34,1.34,6.23,6.43,6.34,2025,2.119068934646374,2.5823634735899734,26.18621307072516,2.0143240823634736,12.891674127126231,5.237242614145032,15.711727842435094,1.3307984790874525,0.41333333333333333,-0.40286481647269473,0.45,0.49,1
847967584821248482155,2025,Moore-Byfield-Laferriere,LAK,line,5on5,27,17048.0,124.0,0.57,0.56,0.56,182.81,15.0,12.39,44.19,6.17,98.62,71.63,14.47,15.15,14.63,150.0,98.0,89.0,337.0,19.0,18.0,3.0,34.0,0.0,96.0,81.0,131.0,229.0,14.0,30.0,168.0,140.0,20.0,59.0,189.0,44.0,15.0,5.96,5.37,3.67,9.0,6.0,4.0,344.11,248.0,252.99,23.0,2.59,3.42,3.42,14.17,14.38,14.14,140.29,11.46,9.44,35.82,4.73,75.08,54.47,10.94,11.48,10.95,122.0,69.0,69.0,260.0,12.0,16.0,1.0,31.0,1.0,66.0,65.0,110.0,179.0,18.0,36.0,157.0,100.0,24.0,80.0,146.0,35.0,10.0,4.25,4.54,2.68,8.0,4.0,0.0,257.72,191.0,189.02,38.0,2.0,3.14,3.0,10.46,10.51,10.15,2025,3.167526982637259,2.4199906147348664,31.675269826372592,3.167526982637259,29.563585171281087,4.2233693101830125,12.458939465039887,1.2666666666666666,0.5169230769230769,-0.8446738620366024,0.57,0.56,0
847796484784038483890,2025,Barbashev-Eichel-Bowman,VGK,line,5on5,31,15681.0,150.0,0.58,0.51,0.53,141.44,12.51,9.7,35.52,4.65,73.4,54.23,12.1,12.48,12.08,131.0,59.0,67.0,257.0,12.0,14.0,2.0,37.0,0.0,61.0,66.0,119.0,178.0,9.0,18.0,119.0,68.0,16.0,76.0,136.0,42.0,12.0,3.93,5.4,3.17,2.0,9.0,1.0,254.93,190.0,188.8,33.0,2.04,2.52,2.52,12.03,11.98,11.76,118.74,9.18,7.82,29.39,4.47,67.7,49.45,8.91,9.18,8.91,100.0,68.0,76.0,244.0,14.0,11.0,1.0,23.0,0.0,68.0,52.0,86.0,154.0,11.0,22.0,148.0,85.0,29.0,56.0,136.0,25.0,7.0,4.29,2.84,2.04,9.0,4.0,1.0,246.38,168.0,169.34,29.0,1.62,2.13,2.13,8.67,8.64,8.52,2025,2.872010713602449,2.1075186531471206,30.07461258848288,2.7549263439831644,15.611249282571265,3.673235125310886,17.44786684522671,0.9592326139088729,0.44569288389513106,-0.45915439066386077,0.58,0.51,3
847515884768878482146,2025,Forsberg-O'Reilly-Evangelista,NSH,line,5on5,60,16475.0,515.0,0.58,0.61,0.58,169.73,14.07,11.4,41.91,5.76,93.06,67.8,13.41,13.84,13.2,155.0,79.0,107.0,341.0,17.0,18.0,2.0,37.0,1.0,101.0,60.0,138.0,217.0,10.0,20.0,174.0,56.0,30.0,78.0,180.0,39.0,15.0,5.26,4.93,3.89,10.0,5.0,2.0,332.9,234.0,228.9,36.0,2.38,3.11,3.11,13.35,13.18,12.76,123.0,10.22,7.9,30.36,3.94,66.46,49.13,9.97,10.49,10.24,118.0,50.0,52.0,220.0,11.0,12.0,1.0,31.0,0.0,54.0,60.0,107.0,157.0,22.0,46.0,154.0,80.0,21.0,99.0,134.0,21.0,13.0,3.93,2.36,3.93,7.0,2.0,2.0,225.68,168.0,171.13,41.0,1.64,3.17,3.17,8.69,8.89,8.78,2025,3.0744764795144155,2.2332018209408195,33.86949924127465,3.2776934749620636,12.236722306525037,6.555386949924127,17.04400606980273,1.2082444918265813,0.5304878048780488,-2.6221547799696507,0.58,0.61,0
847415084810688482679,2025,Sharangovich-Backlund-Coronato,CGY,line,5on5,24,10778.0,115.0,0.47,0.52,0.5,104.15,7.45,6.44,26.78,3.48,54.56,43.28,7.26,7.52,7.32,88.0,54.0,65.0,207.0,2.0,10.0,0.0,26.0,0.0,43.0,61.0,86.0,140.0,11.0,25.0,89.0,36.0,17.0,53.0,116.0,20.0,6.0,2.97,2.72,1.76,2.0,0.0,0.0,206.11,142.0,141.46,21.0,1.33,1.9,1.9,6.89,6.88,6.81,101.8,8.33,6.93,26.75,3.79,54.65,39.55,7.89,8.37,7.93,97.0,43.0,52.0,192.0,6.0,12.0,0.0,28.0,0.0,49.0,45.0,91.0,134.0,7.0,17.0,112.0,43.0,11.0,60.0,106.0,30.0,4.0,3.29,3.8,1.24,6.0,0.0,0.0,194.49,140.0,141.55,26.0,1.46,2.26,2.05,7.74,7.81,7.6,2025,2.488402300983485,2.782334384858044,29.39320838745593,2.004082390053813,12.02449434032288,5.678233438485805,17.702727778808686,0.4,0.4427860696517413,1.3360549267025423,0.47,0.52,3
847842184785428482713,2025,Greer-Rodrigues-Samoskevich,FLA,line,5on5,20,8795.0,89.0,0.56,0.62,0.61,96.39,7.4,6.01,25.67,3.24,52.03,37.65,7.13,7.52,7.23,90.0,42.0,45.0,177.0,4.0,12.0,0.0,22.0,0.0,58.0,36.0,86.0,128.0,17.0,34.0,75.0,82.0,13.0,42.0,107.0,20.0,5.0,3.43,2.59,1.38,3.0,1.0,0.0,179.05,132.0,133.7,24.0,1.25,2.04,2.01,6.63,6.66,6.5,63.98,5.92,4.27,17.01,2.13,32.51,24.15,5.74,6.05,5.86,56.0,30.0,24.0,110.0,7.0,7.0,2.0,13.0,0.0,34.0,25.0,49.0,79.0,12.0,24.0,76.0,73.0,12.0,37.0,62.0,18.0,6.0,1.89,2.41,1.62,0.0,5.0,2.0,110.64,86.0,86.11,16.0,0.91,1.71,1.71,5.12,5.18,5.08,2025,3.028993746446845,2.4231949971574758,36.83911313246163,2.046617396247868,33.564525298465036,5.321205230244457,17.191586128482093,0.5405405405405405,0.4966887417218543,2.046617396247868,0.56,0.62,0
84751718481122,2025,Ekman-Larsson-Benoit,TOR,pairing,5on5,59,15385.0,356.0,0.45,0.41,0.43,111.43,10.03,7.54,27.98,3.66,59.09,41.7,9.73,9.72,9.43,96.0,54.0,43.0,193.0,8.0,13.0,0.0,31.0,0.0,47.0,51.0,88.0,142.0,16.0,32.0,112.0,143.0,19.0,85.0,110.0,28.0,12.0,3.44,3.44,3.15,3.0,4.0,1.0,187.88,150.0,145.65,38.0,1.57,2.33,2.43,9.17,8.91,8.79,143.76,12.16,9.43,34.74,4.7,78.61,58.36,11.89,12.35,12.09,128.0,70.0,80.0,278.0,12.0,13.0,2.0,26.0,0.0,78.0,69.0,116.0,186.0,12.0,24.0,111.0,89.0,13.0,62.0,156.0,28.0,14.0,4.71,3.4,4.05,7.0,3.0,2.0,286.21,198.0,202.04,29.0,1.96,3.38,3.38,10.74,10.89,10.73,2025,2.3469613259668507,2.8453688657783553,22.463438414039647,2.807929801754956,33.46116347091323,4.445888852778681,19.88950276243094,0.7976071784646063,0.5022421524663677,0.9359766005849853,0.45,0.41,4
848089384817168484166,2025,Voronkov-Fantilli-Marchenko,CBJ,line,5on5,31,13143.0,158.0,0.58,0.56,0.57,132.53,12.36,9.32,33.91,4.55,68.53,49.33,11.61,12.63,11.87,109.0,69.0,62.0,240.0,12.0,23.0,3.0,22.0,0.0,72.0,49.0,97.0,166.0,9.0,20.0,118.0,66.0,18.0,89.0,126.0,39.0,13.0,3.82,4.93,3.61,5.0,4.0,3.0,244.29,178.0,181.8,43.0,1.97,4.41,4.41,9.92,10.18,9.92,102.56,8.84,6.63,24.41,3.3,53.28,40.53,8.63,8.74,8.53,92.0,45.0,51.0,188.0,9.0,10.0,1.0,17.0,0.0,52.0,49.0,83.0,128.0,12.0,22.0,121.0,69.0,20.0,59.0,102.0,24.0,11.0,3.11,2.96,2.77,4.0,3.0,2.0,185.67,137.0,135.56,30.0,1.39,2.05,2.05,8.18,8.11,7.99,2025,3.3855284181693674,2.421364985163205,29.85619721524766,3.5608308605341246,18.078064368865554,4.930381191508788,24.377995891349006,0.970873786407767,0.49372384937238495,-0.821730198584798,0.58,0.56,0
847418984779988480188,2025,Foegele-Eller-Zetterlund,OTT,line,5on5,20,7820.0,74.0,0.46,0.42,0.44,55.41,4.96,3.88,13.45,1.84,30.74,22.13,4.77,5.08,4.88,52.0,25.0,19.0,96.0,5.0,5.0,0.0,11.0,0.0,28.0,28.0,47.0,72.0,2.0,4.0,60.0,74.0,16.0,32.0,54.0,19.0,4.0,1.66,2.21,1.09,3.0,2.0,0.0,99.76,77.0,79.74,24.0,0.81,1.2,1.2,4.57,4.65,4.56,70.51,5.77,4.74,18.5,2.54,39.89,27.56,5.62,5.73,5.58,57.0,42.0,34.0,133.0,2.0,10.0,0.0,12.0,0.0,41.0,34.0,55.0,97.0,6.0,12.0,58.0,94.0,7.0,43.0,80.0,14.0,5.0,2.36,1.86,1.55,1.0,0.0,1.0,129.96,99.0,96.83,25.0,0.98,1.71,1.71,5.03,5.03,4.92,2025,2.283375959079284,2.6562659846547314,23.938618925831204,1.8414322250639388,34.066496163682864,7.365728900255755,14.73145780051151,1.0080645161290323,0.5084745762711864,-1.8414322250639388,0.46,0.42,1
847747684774928480039,2025,Lehkonen-Mackinnon-Necas,COL,line,5on5,57,33527.0,172.0,0.57,0.56,0.55,371.94,34.77,24.78,92.3,12.17,198.34,143.64,33.01,35.6,33.79,341.0,165.0,210.0,716.0,44.0,40.0,8.0,62.0,0.0,195.0,165.0,297.0,462.0,33.0,67.0,303.0,121.0,49.0,198.0,366.0,107.0,33.0,12.5,13.19,9.08,22.0,15.0,7.0,734.93,506.0,517.24,82.0,5.2,8.6,8.6,31.38,32.07,31.19,310.61,25.93,20.0,80.01,10.38,161.44,120.3,24.98,25.39,24.47,275.0,144.0,137.0,556.0,20.0,40.0,2.0,72.0,1.0,131.0,155.0,255.0,399.0,41.0,85.0,346.0,187.0,49.0,159.0,314.0,75.0,30.0,8.39,9.98,7.55,8.0,9.0,3.0,541.0,419.0,409.76,80.0,4.19,7.3,7.3,22.74,22.26,21.93,2025,3.733468547737645,2.7842634294747515,36.615265308557284,3.543412771795866,12.992513496584841,5.261431085393862,21.260476630775194,1.2654587287891859,0.46687211093990755,-0.8590091567989978,0.57,0.56,0
847579184827028482809,2025,Hall-Stankoven-Blake,CAR,line,5on5,72,33105.0,301.0,0.58,0.61,0.59,357.11,33.98,24.62,89.2,11.72,187.54,137.94,32.25,34.87,33.09,304.0,181.0,196.0,681.0,34.0,43.0,5.0,68.0,0.0,189.0,151.0,270.0,451.0,36.0,83.0,224.0,141.0,65.0,139.0,351.0,92.0,42.0,11.19,10.95,11.84,10.0,17.0,7.0,705.49,485.0,500.55,49.0,5.16,8.91,9.02,30.12,30.85,30.19,248.11,24.42,16.69,59.37,8.33,127.87,97.31,23.22,24.15,22.96,214.0,120.0,98.0,432.0,25.0,32.0,2.0,35.0,0.0,119.0,123.0,189.0,309.0,36.0,83.0,263.0,294.0,37.0,171.0,238.0,73.0,23.0,7.93,9.33,7.15,8.0,12.0,5.0,420.22,334.0,326.56,84.0,3.51,6.73,6.73,21.19,20.89,20.41,2025,3.695151789759855,2.6555505210693253,33.0584503851382,4.567285908473041,15.333031264159493,7.068418667874944,15.11554145899411,1.0005885815185405,0.459958932238193,0.0,0.58,0.61,0
84751718476853,2025,Ekman-Larsson-Rielly,TOR,pairing,5on5,74,22610.0,375.0,0.52,0.52,0.51,210.68,16.65,14.19,56.88,7.17,111.41,79.71,15.89,16.49,15.76,178.0,108.0,108.0,394.0,22.0,21.0,5.0,44.0,1.0,97.0,101.0,156.0,264.0,18.0,36.0,277.0,126.0,34.0,108.0,219.0,56.0,11.0,6.52,7.04,3.09,9.0,8.0,5.0,387.98,286.0,282.99,48.0,2.99,3.88,3.5,16.14,16.04,15.71,199.98,15.11,13.22,50.38,6.68,109.6,80.02,14.82,15.42,15.13,198.0,77.0,82.0,357.0,21.0,21.0,1.0,49.0,0.0,98.0,86.0,177.0,254.0,22.0,44.0,196.0,117.0,36.0,126.0,220.0,43.0,12.0,6.27,5.73,3.11,12.0,9.0,0.0,366.2,275.0,280.53,60.0,2.74,3.6,3.6,14.25,14.49,14.38,2025,2.651039363113666,2.4058381247235734,28.34144183989385,1.7514374170720919,20.06191950464396,5.413533834586466,17.19593100398054,1.3213213213213215,0.5856236786469344,-0.6368863334807607,0.52,0.52,3
847795184793438482175,2025,Peterka-Schmaltz-Keller,UTA,line,5on5,31,11973.0,199.0,0.56,0.57,0.57,116.67,9.34,7.79,27.2,3.66,64.7,47.31,9.18,9.52,9.36,102.0,58.0,65.0,225.0,13.0,5.0,1.0,20.0,1.0,58.0,63.0,89.0,147.0,14.0,28.0,103.0,31.0,18.0,64.0,122.0,33.0,5.0,3.89,4.1,1.34,8.0,3.0,2.0,228.62,160.0,161.8,24.0,1.62,1.19,1.19,9.76,9.94,9.82,90.85,7.47,5.87,21.56,2.9,48.43,35.77,7.26,7.51,7.29,81.0,41.0,47.0,169.0,5.0,6.0,0.0,25.0,1.0,46.0,39.0,76.0,117.0,10.0,20.0,93.0,63.0,25.0,58.0,88.0,28.0,6.0,2.36,3.58,1.53,1.0,4.0,0.0,170.14,122.0,122.32,28.0,1.22,1.25,1.25,7.44,7.42,7.29,2025,2.8083187171135053,2.2460536206464545,30.66900526183914,1.5033826108744677,9.320972187421699,5.412177399148083,19.243297419193187,1.39186295503212,0.5255102040816326,1.2027060886995742,0.56,0.57,3
847646084783988480113,2025,Iafallo-Scheifele-Connor,WPG,line,5on5,51,27184.0,218.0,0.5,0.52,0.51,217.19,17.78,14.94,55.34,7.45,121.68,88.81,17.18,17.6,17.01,188.0,118.0,123.0,429.0,20.0,22.0,2.0,56.0,0.0,120.0,88.0,168.0,286.0,10.0,20.0,186.0,139.0,24.0,115.0,240.0,50.0,16.0,7.43,6.06,4.29,10.0,8.0,2.0,426.62,306.0,304.53,55.0,3.11,4.66,4.66,16.23,16.13,15.83,213.86,18.04,14.38,52.97,7.12,114.48,85.01,17.33,18.45,17.7,194.0,98.0,109.0,401.0,22.0,22.0,2.0,48.0,0.0,109.0,91.0,172.0,270.0,20.0,40.0,211.0,133.0,45.0,136.0,215.0,56.0,21.0,6.31,6.58,5.15,12.0,7.0,3.0,406.89,292.0,295.76,66.0,2.99,3.71,3.92,17.12,17.45,17.11,2025,2.3546203649205415,2.38905238375515,24.896998234255445,2.1188934667451442,18.40788699234844,3.178340200117716,15.229546792230725,1.124859392575928,0.46851385390428213,-1.324308416715715,0.5,0.52,3
847398684757988484762,2025,Killorn-Granlund-Sennecke,ANA,line,5on5,27,15564.0,59.0,0.58,0.54,0.53,142.94,13.58,9.65,34.38,4.7,76.16,54.54,12.82,13.53,12.78,128.0,65.0,73.0,266.0,9.0,16.0,1.0,27.0,0.0,61.0,80.0,119.0,184.0,11.0,22.0,127.0,70.0,16.0,60.0,130.0,48.0,15.0,3.87,5.52,4.19,3.0,4.0,2.0,264.8,193.0,192.21,20.0,2.02,4.0,4.0,11.6,11.59,11.37,124.84,9.7,8.04,33.34,4.27,66.09,49.56,9.26,9.6,9.17,112.0,59.0,59.0,230.0,9.0,12.0,2.0,27.0,0.0,58.0,65.0,103.0,162.0,17.0,34.0,156.0,105.0,28.0,79.0,132.0,33.0,6.0,4.17,3.85,1.68,2.0,6.0,1.0,228.31,171.0,170.11,36.0,1.7,2.08,2.08,9.33,9.27,9.02,2025,3.1410948342328453,2.243639167309175,29.606784888203546,3.469545104086353,16.191210485736313,3.700848111025443,13.878180416345412,0.6627393225331369,0.44876325088339225,-1.3878180416345414,0.58,0.54,0
847966184803558483489,2025,Jeannot-Minten-Kastelic,BOS,line,5on5,35,11911.0,203.0,0.55,0.5,0.5,103.97,9.5,6.5,28.61,3.62,52.75,38.01,8.85,9.48,8.83,81.0,58.0,57.0,196.0,7.0,15.0,0.0,24.0,0.0,50.0,43.0,74.0,132.0,21.0,63.0,117.0,160.0,15.0,62.0,98.0,29.0,12.0,2.57,3.73,3.21,3.0,4.0,0.0,195.52,139.0,138.28,35.0,1.37,2.9,2.9,7.98,7.99,7.86,100.85,7.79,6.41,26.73,3.55,53.89,39.63,7.49,7.67,7.38,87.0,51.0,56.0,194.0,4.0,10.0,0.0,25.0,0.0,49.0,50.0,83.0,134.0,18.0,57.0,95.0,108.0,11.0,70.0,106.0,26.0,6.0,2.75,3.38,1.66,3.0,1.0,0.0,192.93,138.0,136.49,37.0,1.34,2.09,2.09,7.04,6.97,6.84,2025,2.8712954411888174,2.35446226177483,24.48157165645202,3.6268995046595585,48.35866006212745,4.533624380824448,18.738980774074385,0.7368421052631579,0.5518867924528302,0.9067248761648896,0.55,0.5,4
847645584774928480039,2025,Landeskog-Mackinnon-Necas,COL,line,5on5,39,12834.0,244.0,0.52,0.55,0.53,136.61,11.34,9.04,33.8,4.61,74.75,55.47,10.77,11.62,11.04,140.0,49.0,75.0,264.0,18.0,13.0,1.0,36.0,0.0,66.0,56.0,122.0,171.0,12.0,24.0,141.0,55.0,11.0,67.0,148.0,30.0,11.0,4.86,3.66,2.82,11.0,3.0,4.0,269.95,189.0,192.52,26.0,1.88,2.47,2.47,10.75,11.0,10.69,122.55,10.28,8.36,31.72,4.1,64.21,46.31,9.95,10.13,9.81,101.0,64.0,54.0,219.0,6.0,15.0,1.0,23.0,0.0,61.0,60.0,95.0,159.0,13.0,26.0,107.0,62.0,17.0,52.0,123.0,32.0,10.0,3.67,4.28,2.33,1.0,4.0,1.0,212.89,165.0,161.61,19.0,1.76,2.18,2.12,9.92,9.77,9.63,2025,3.1809256661991583,2.8835904628330993,39.27068723702665,3.085553997194951,15.427769985974754,3.085553997194951,18.79382889200561,1.5873015873015872,0.5685483870967742,-0.2805049088359046,0.52,0.55,3
847575484774768477501,2025,Lehkonen-Nelson-Nichushkin,COL,line,5on5,35,7823.0,327.0,0.69,0.64,0.62,81.0,8.1,5.46,21.52,2.98,44.22,31.72,7.79,8.08,7.77,74.0,40.0,46.0,160.0,7.0,15.0,3.0,16.0,0.0,40.0,36.0,67.0,107.0,9.0,18.0,55.0,22.0,12.0,42.0,82.0,21.0,11.0,2.55,2.65,2.89,4.0,1.0,2.0,163.16,114.0,114.85,18.0,1.15,3.23,3.23,6.01,6.02,5.9,50.88,3.57,3.29,12.89,1.75,28.52,20.99,3.42,3.57,3.43,45.0,26.0,20.0,91.0,4.0,5.0,1.0,14.0,0.0,24.0,24.0,41.0,67.0,5.0,10.0,72.0,53.0,15.0,38.0,59.0,11.0,1.0,1.64,1.54,0.38,3.0,1.0,0.0,90.14,71.0,70.25,19.0,0.68,0.98,0.64,3.6,3.59,3.55,2025,3.7274702799437556,1.642848012271507,34.05343218714049,5.061996676466829,10.123993352933658,5.5221781925092674,19.327623673782437,0.8641975308641976,0.4330708661417323,1.8407260641697558,0.69,0.64,0
84751718476931,2025,Ekman-Larsson-Mccabe,TOR,pairing,5on5,66,19030.0,411.0,0.43,0.45,0.45,141.23,10.98,9.35,34.25,4.59,76.18,56.66,10.66,10.83,10.52,129.0,63.0,66.0,258.0,19.0,13.0,3.0,19.0,0.0,61.0,80.0,110.0,173.0,30.0,70.0,181.0,112.0,33.0,103.0,145.0,41.0,6.0,4.39,5.09,1.49,12.0,4.0,3.0,251.91,192.0,187.51,40.0,1.96,2.05,2.05,10.88,10.75,10.59,174.64,14.66,11.8,44.23,5.82,93.04,67.45,13.89,14.77,13.96,143.0,94.0,75.0,312.0,15.0,16.0,0.0,29.0,0.0,86.0,91.0,128.0,222.0,23.0,58.0,159.0,78.0,24.0,92.0,186.0,35.0,16.0,5.92,4.48,4.25,7.0,6.0,2.0,315.2,237.0,240.12,42.0,2.47,3.15,3.15,13.98,14.04,13.54,2025,2.0771413557540725,2.7733053074093537,24.403573305307408,1.1350499211770888,21.18759852863899,6.242774566473988,19.48502364687336,1.7304189435336976,0.5323529411764706,1.3242249080399369,0.43,0.45,1
847574584796718482705,2025,Sillinger-Coyle-Olivier,CBJ,line,5on5,46,25106.0,141.0,0.53,0.52,0.54,232.25,18.13,15.07,58.44,7.72,127.1,94.53,17.12,18.3,17.31,219.0,102.0,95.0,416.0,27.0,24.0,3.0,38.0,0.0,126.0,106.0,192.0,294.0,26.0,73.0,244.0,195.0,43.0,96.0,258.0,44.0,19.0,7.36,5.62,5.16,14.0,9.0,4.0,426.49,321.0,328.87,39.0,3.12,5.05,5.03,16.23,16.48,16.0,196.72,16.12,13.25,52.36,7.13,105.65,76.5,15.0,16.06,14.92,178.0,93.0,110.0,381.0,15.0,22.0,2.0,47.0,0.0,114.0,73.0,163.0,256.0,16.0,50.0,217.0,123.0,31.0,139.0,215.0,38.0,18.0,6.74,4.66,4.72,9.0,4.0,2.0,374.09,271.0,266.99,72.0,2.77,4.48,4.48,14.41,14.26,13.74,2025,2.5996972835178838,2.3114793276507606,31.40285190791046,2.7244483390424596,27.9614434796463,6.16585676730662,13.765633713056639,1.4892443463872036,0.5292841648590022,1.4339201784434,0.53,0.52,3
848022084815538482159,2025,Foerster-Cates-Brink,PHI,line,5on5,17,8895.0,57.0,0.5,0.46,0.48,51.17,4.94,3.87,11.77,1.82,27.58,20.01,4.76,4.87,4.69,48.0,22.0,29.0,99.0,3.0,7.0,1.0,5.0,0.0,21.0,34.0,45.0,67.0,9.0,18.0,65.0,49.0,9.0,33.0,50.0,14.0,6.0,1.6,1.72,1.62,2.0,0.0,1.0,97.22,70.0,68.69,21.0,0.81,1.68,1.68,4.07,4.0,3.95,55.07,4.99,3.51,14.33,1.92,29.68,21.57,4.74,5.05,4.8,42.0,34.0,40.0,116.0,4.0,5.0,1.0,12.0,0.0,27.0,28.0,38.0,72.0,9.0,18.0,89.0,60.0,10.0,34.0,58.0,11.0,7.0,1.38,1.37,2.24,3.0,0.0,1.0,118.31,76.0,77.84,15.0,0.73,1.24,1.24,4.48,4.55,4.43,2025,1.9993254637436764,2.0195615514333896,19.42664418212479,2.4283305227655987,19.831365935919056,3.642495784148398,13.355817875210793,0.6072874493927125,0.42207792207792205,0.0,0.5,0.46,4
847646084783988480014,2025,Connor-Scheifele-Vilardi,WPG,line,5on5,79,39145.0,252.0,0.48,0.5,0.49,337.71,30.18,23.33,82.45,11.52,184.94,137.58,29.17,30.47,29.45,307.0,163.0,148.0,618.0,44.0,31.0,6.0,69.0,1.0,162.0,163.0,263.0,426.0,41.0,96.0,266.0,162.0,43.0,175.0,357.0,90.0,23.0,12.7,11.13,6.35,21.0,17.0,6.0,622.92,470.0,474.93,78.0,4.89,5.71,5.71,29.35,29.63,29.03,355.61,32.15,24.57,83.56,11.97,193.01,140.75,30.35,32.21,30.34,341.0,145.0,141.0,627.0,39.0,41.0,8.0,66.0,1.0,182.0,157.0,302.0,447.0,54.0,122.0,312.0,211.0,71.0,184.0,366.0,84.0,36.0,11.37,10.46,10.33,13.0,19.0,7.0,627.3,486.0,485.2,87.0,5.09,8.54,8.34,28.9,28.81,28.23,2025,2.7755268872142036,2.9566994507599946,28.233490867288285,2.1152126708391874,14.89845446417167,3.954528036786307,16.094009452037294,1.4579191517561298,0.4602076124567474,-1.1955549878656277,0.48,0.5,3
847740284800238482089,2025,Neighbours-Thomas-Buchnevich,STL,line,5on5,20,7650.0,93.0,0.53,0.51,0.5,68.17,5.91,4.8,15.56,2.13,36.75,26.85,5.67,5.87,5.64,62.0,30.0,37.0,129.0,11.0,5.0,1.0,15.0,0.0,29.0,32.0,51.0,81.0,8.0,18.0,72.0,47.0,6.0,29.0,62.0,27.0,3.0,1.94,3.11,0.85,4.0,6.0,1.0,128.66,92.0,92.61,11.0,1.0,1.04,1.04,5.87,5.87,5.76,68.67,5.22,4.36,17.58,2.28,36.41,27.15,4.96,5.3,5.03,60.0,33.0,30.0,123.0,8.0,8.0,1.0,16.0,1.0,30.0,30.0,52.0,85.0,6.0,12.0,67.0,35.0,15.0,48.0,71.0,17.0,5.0,1.92,2.1,1.2,6.0,1.0,1.0,124.94,93.0,94.23,25.0,0.9,1.37,1.37,4.76,4.8,4.67,2025,2.7811764705882354,2.456470588235294,29.176470588235293,1.411764705882353,22.11764705882353,2.823529411764706,13.647058823529411,1.8,0.5179856115107914,0.9411764705882353,0.53,0.51,3
847849384788648481557,2025,Boldy-Eriksson Ek-Kaprizov,MIN,line,5on5,61,9766.0,467.0,0.49,0.5,0.5,81.53,6.68,5.6,19.39,2.71,44.26,33.35,6.5,6.85,6.66,74.0,38.0,44.0,156.0,9.0,8.0,1.0,13.0,0.0,41.0,41.0,65.0,103.0,4.0,8.0,81.0,28.0,7.0,41.0,87.0,18.0,7.0,2.62,2.11,1.95,3.0,3.0,3.0,159.15,112.0,113.9,18.0,1.18,1.49,1.49,6.36,6.53,6.47,82.01,7.02,5.62,20.32,2.63,43.47,31.95,6.73,6.86,6.58,69.0,42.0,43.0,154.0,5.0,7.0,0.0,13.0,0.0,37.0,49.0,64.0,106.0,7.0,14.0,100.0,46.0,14.0,30.0,82.0,23.0,6.0,2.37,3.17,1.48,1.0,4.0,0.0,150.32,111.0,108.79,14.0,1.18,1.21,1.21,6.98,6.81,6.63,2025,2.462420643047307,2.5877534302682776,27.27831251279951,2.5803809133729265,10.321523653491706,2.5803809133729265,15.113659635469999,1.347305389221557,0.44751381215469616,-1.1058775343026828,0.49,0.5,3
