geo,vismin,generation,age,mother_tongue,total,single
Canada,Total - Visible minority,Total - Generation status,Total - Age,Total - Mother tongue,36328475,34874025
Canada,Total - Visible minority,Total - Generation status,Total - Age,English,21226110,19979065
Canada,Total - Visible minority,Total - Generation status,Total - Age,Chinese languages,1396240,1289140
Canada,Total - Visible minority,Total - Generation status,Total - Age,Mandarin,728565,678245
Canada,Total - Visible minority,Total - Generation status,Total - Age,Yue (Cantonese),609900,553085
Canada,Total - Visible minority,Total - Generation status,Total - Age,"Chinese, n.o.s.",12385,10250
Canada,Total - Visible minority,Total - Generation status,0 to 14 years,Total - Mother tongue,5992560,5659735
Canada,Total - Visible minority,Total - Generation status,0 to 14 years,English,4028935,3731610
Canada,Total - Visible minority,Total - Generation status,0 to 14 years,Chinese languages,143700,115830
Canada,Total - Visible minority,Total - Generation status,0 to 14 years,Mandarin,99485,80810
Canada,Total - Visible minority,Total - Generation status,0 to 14 years,Yue (Cantonese),42505,33175
Canada,Total - Visible minority,Total - Generation status,0 to 14 years,"Chinese, n.o.s.",585,475
Canada,Total - Visible minority,Total - Generation status,15 to 24 years,Total - Mother tongue,4181060,3956785
Canada,Total - Visible minority,Total - Generation status,15 to 24 years,English,2647720,2446990
Canada,Total - Visible minority,Total - Generation status,15 to 24 years,Chinese languages,145030,127650
Canada,Total - Visible minority,Total - Generation status,15 to 24 years,Mandarin,95765,86565
Canada,Total - Visible minority,Total - Generation status,15 to 24 years,Yue (Cantonese),45735,37610
Canada,Total - Visible minority,Total - Generation status,15 to 24 years,"Chinese, n.o.s.",1370,1200
Canada,Total - Visible minority,Total - Generation status,25 to 54 years,Total - Mother tongue,14405895,13761420
Canada,Total - Visible minority,Total - Generation status,25 to 54 years,English,8051185,7504790
Canada,Total - Visible minority,Total - Generation status,25 to 54 years,Chinese languages,630190,586210
Canada,Total - Visible minority,Total - Generation status,25 to 54 years,Mandarin,373155,356360
Canada,Total - Visible minority,Total - Generation status,25 to 54 years,Yue (Cantonese),236035,208575
Canada,Total - Visible minority,Total - Generation status,25 to 54 years,"Chinese, n.o.s.",4125,3295
Canada,Total - Visible minority,First generation,Total - Age,Total - Mother tongue,9606600,8882610
Canada,Total - Visible minority,First generation,Total - Age,English,2661270,2094075
Canada,Total - Visible minority,First generation,Total - Age,Chinese languages,1158805,1103395
Canada,Total - Visible minority,First generation,Total - Age,Mandarin,636545,607135
Canada,Total - Visible minority,First generation,Total - Age,Yue (Cantonese),471075,444380
Canada,Total - Visible minority,First generation,Total - Age,"Chinese, n.o.s.",10875,9165
Canada,Total - Visible minority,First generation,0 to 14 years,Total - Mother tongue,552915,489430
Canada,Total - Visible minority,First generation,0 to 14 years,English,223440,168625
Canada,Total - Visible minority,First generation,0 to 14 years,Chinese languages,39250,34575
Canada,Total - Visible minority,First generation,0 to 14 years,Mandarin,30180,26800
Canada,Total - Visible minority,First generation,0 to 14 years,Yue (Cantonese),8540,7235
Canada,Total - Visible minority,First generation,0 to 14 years,"Chinese, n.o.s.",235,205
Canada,Total - Visible minority,First generation,15 to 24 years,Total - Mother tongue,934805,837245
Canada,Total - Visible minority,First generation,15 to 24 years,English,288505,205850
Canada,Total - Visible minority,First generation,15 to 24 years,Chinese languages,96340,89425
Canada,Total - Visible minority,First generation,15 to 24 years,Mandarin,79040,73720
Canada,Total - Visible minority,First generation,15 to 24 years,Yue (Cantonese),15280,13560
Canada,Total - Visible minority,First generation,15 to 24 years,"Chinese, n.o.s.",1215,1105
Canada,Total - Visible minority,First generation,25 to 54 years,Total - Mother tongue,4706405,4303625
Canada,Total - Visible minority,First generation,25 to 54 years,English,1141110,825160
Canada,Total - Visible minority,First generation,25 to 54 years,Chinese languages,555110,528020
Canada,Total - Visible minority,First generation,25 to 54 years,Mandarin,367410,352320
Canada,Total - Visible minority,First generation,25 to 54 years,Yue (Cantonese),170015,157255
Canada,Total - Visible minority,First generation,25 to 54 years,"Chinese, n.o.s.",3605,2945
Canada,Total - Visible minority,Second generation,Total - Age,Total - Mother tongue,6393315,5933965
Canada,Total - Visible minority,Second generation,Total - Age,English,4692635,4277155
Canada,Total - Visible minority,Second generation,Total - Age,Chinese languages,233185,183105
Canada,Total - Visible minority,Second generation,Total - Age,Mandarin,91510,70775
Canada,Total - Visible minority,Second generation,Total - Age,Yue (Cantonese),135420,106595
Canada,Total - Visible minority,Second generation,Total - Age,"Chinese, n.o.s.",1345,995
Canada,Total - Visible minority,Second generation,0 to 14 years,Total - Mother tongue,1889835,1691165
Canada,Total - Visible minority,Second generation,0 to 14 years,English,1203585,1029665
Canada,Total - Visible minority,Second generation,0 to 14 years,Chinese languages,101650,79590
Canada,Total - Visible minority,Second generation,0 to 14 years,Mandarin,68980,53795
Canada,Total - Visible minority,Second generation,0 to 14 years,Yue (Cantonese),31620,24555
Canada,Total - Visible minority,Second generation,0 to 14 years,"Chinese, n.o.s.",305,250
Canada,Total - Visible minority,Second generation,15 to 24 years,Total - Mother tongue,948380,860435
Canada,Total - Visible minority,Second generation,15 to 24 years,English,663220,583145
Canada,Total - Visible minority,Second generation,15 to 24 years,Chinese languages,48235,37950
Canada,Total - Visible minority,Second generation,15 to 24 years,Mandarin,16685,12820
Canada,Total - Visible minority,Second generation,15 to 24 years,Yue (Cantonese),30080,23820
Canada,Total - Visible minority,Second generation,15 to 24 years,"Chinese, n.o.s.",125,75
Canada,Total - Visible minority,Second generation,25 to 54 years,Total - Mother tongue,2131750,1993695
Canada,Total - Visible minority,Second generation,25 to 54 years,English,1648180,1519435
Canada,Total - Visible minority,Second generation,25 to 54 years,Chinese languages,74455,57805
Canada,Total - Visible minority,Second generation,25 to 54 years,Mandarin,5665,3990
Canada,Total - Visible minority,Second generation,25 to 54 years,Yue (Cantonese),65570,51025
Canada,Total - Visible minority,Second generation,25 to 54 years,"Chinese, n.o.s.",485,335
Canada,Total - Visible minority,Third generation or more,Total - Age,Total - Mother tongue,20328565,20057450
Canada,Total - Visible minority,Third generation or more,Total - Age,English,13872210,13607840
Canada,Total - Visible minority,Third generation or more,Total - Age,Chinese languages,4250,2640
Canada,Total - Visible minority,Third generation or more,Total - Age,Mandarin,505,330
Canada,Total - Visible minority,Third generation or more,Total - Age,Yue (Cantonese),3400,2105
Canada,Total - Visible minority,Third generation or more,Total - Age,"Chinese, n.o.s.",160,95
Canada,Total - Visible minority,Third generation or more,0 to 14 years,Total - Mother tongue,3549805,3479140
Canada,Total - Visible minority,Third generation or more,0 to 14 years,English,2601910,2533315
Canada,Total - Visible minority,Third generation or more,0 to 14 years,Chinese languages,2795,1670
Canada,Total - Visible minority,Third generation or more,0 to 14 years,Mandarin,320,210
Canada,Total - Visible minority,Third generation or more,0 to 14 years,Yue (Cantonese),2340,1380
Canada,Total - Visible minority,Third generation or more,0 to 14 years,"Chinese, n.o.s.",45,20
Canada,Total - Visible minority,Third generation or more,15 to 24 years,Total - Mother tongue,2297870,2259105
Canada,Total - Visible minority,Third generation or more,15 to 24 years,English,1695995,1658000
Canada,Total - Visible minority,Third generation or more,15 to 24 years,Chinese languages,455,275
Canada,Total - Visible minority,Third generation or more,15 to 24 years,Mandarin,40,20
Canada,Total - Visible minority,Third generation or more,15 to 24 years,Yue (Cantonese),375,225
Canada,Total - Visible minority,Third generation or more,15 to 24 years,"Chinese, n.o.s.",25,15
Canada,Total - Visible minority,Third generation or more,25 to 54 years,Total - Mother tongue,7567750,7464100
Canada,Total - Visible minority,Third generation or more,25 to 54 years,English,5261900,5160195
Canada,Total - Visible minority,Third generation or more,25 to 54 years,Chinese languages,625,380
Canada,Total - Visible minority,Third generation or more,25 to 54 years,Mandarin,90,50
Canada,Total - Visible minority,Third generation or more,25 to 54 years,Yue (Cantonese),450,300
Canada,Total - Visible minority,Third generation or more,25 to 54 years,"Chinese, n.o.s.",30,15
Canada,Chinese,Total - Generation status,Total - Age,Total - Mother tongue,1715775,1613590
Canada,Chinese,Total - Generation status,Total - Age,English,419775,331330
Canada,Chinese,Total - Generation status,Total - Age,Chinese languages,1348205,1252240
Canada,Chinese,Total - Generation status,Total - Age,Mandarin,716665,669930
Canada,Chinese,Total - Generation status,Total - Age,Yue (Cantonese),582285,531150
Canada,Chinese,Total - Generation status,Total - Age,"Chinese, n.o.s.",11030,9725
Canada,Chinese,Total - Generation status,0 to 14 years,Total - Mother tongue,260580,233040
Canada,Chinese,Total - Generation status,0 to 14 years,English,140240,114650
Canada,Chinese,Total - Generation status,0 to 14 years,Chinese languages,138545,113060
Canada,Chinese,Total - Generation status,0 to 14 years,Mandarin,97160,79595
Canada,Chinese,Total - Generation status,0 to 14 years,Yue (Cantonese),39970,31810
Canada,Chinese,Total - Generation status,0 to 14 years,"Chinese, n.o.s.",470,425
Canada,Chinese,Total - Generation status,15 to 24 years,Total - Mother tongue,215465,198270
Canada,Chinese,Total - Generation status,15 to 24 years,English,84410,68300
Canada,Chinese,Total - Generation status,15 to 24 years,Chinese languages,139445,123555
Canada,Chinese,Total - Generation status,15 to 24 years,Mandarin,94215,85525
Canada,Chinese,Total - Generation status,15 to 24 years,Yue (Cantonese),42320,34970
Canada,Chinese,Total - Generation status,15 to 24 years,"Chinese, n.o.s.",1295,1165
Canada,Chinese,Total - Generation status,25 to 54 years,Total - Mother tongue,735500,694120
Canada,Chinese,Total - Generation status,25 to 54 years,English,147650,112395
Canada,Chinese,Total - Generation status,25 to 54 years,Chinese languages,609925,570635
Canada,Chinese,Total - Generation status,25 to 54 years,Mandarin,367920,352430
Canada,Chinese,Total - Generation status,25 to 54 years,Yue (Cantonese),224430,199525
Canada,Chinese,Total - Generation status,25 to 54 years,"Chinese, n.o.s.",3520,3070
Canada,Chinese,First generation,Total - Age,Total - Mother tongue,1228970,1177270
Canada,Chinese,First generation,Total - Age,English,119655,79255
Canada,Chinese,First generation,Total - Age,Chinese languages,1124855,1075780
Canada,Chinese,First generation,Total - Age,Mandarin,627435,600270
Canada,Chinese,First generation,Total - Age,Yue (Cantonese),453015,429035
Canada,Chinese,First generation,Total - Age,"Chinese, n.o.s.",9810,8775
Canada,Chinese,First generation,0 to 14 years,Total - Mother tongue,49425,44810
Canada,Chinese,First generation,0 to 14 years,English,13420,9230
Canada,Chinese,First generation,0 to 14 years,Chinese languages,38445,34100
Canada,Chinese,First generation,0 to 14 years,Mandarin,29625,26425
Canada,Chinese,First generation,0 to 14 years,Yue (Cantonese),8350,7155
Canada,Chinese,First generation,0 to 14 years,"Chinese, n.o.s.",205,195
Canada,Chinese,First generation,15 to 24 years,Total - Mother tongue,115100,108235
Canada,Chinese,First generation,15 to 24 years,English,21565,15415
Canada,Chinese,First generation,15 to 24 years,Chinese languages,94590,88145
Canada,Chinese,First generation,15 to 24 years,Mandarin,77915,72925
Canada,Chinese,First generation,15 to 24 years,Yue (Cantonese),14810,13175
Canada,Chinese,First generation,15 to 24 years,"Chinese, n.o.s.",1180,1090
Canada,Chinese,First generation,25 to 54 years,Total - Mother tongue,585085,559800
Canada,Chinese,First generation,25 to 54 years,English,53765,34100
Canada,Chinese,First generation,25 to 54 years,Chinese languages,540550,516480
Canada,Chinese,First generation,25 to 54 years,Mandarin,362705,348710
Canada,Chinese,First generation,25 to 54 years,Yue (Cantonese),162590,151190
Canada,Chinese,First generation,25 to 54 years,"Chinese, n.o.s.",3135,2785
Canada,Chinese,Second generation,Total - Age,Total - Mother tongue,427135,378710
Canada,Chinese,Second generation,Total - Age,English,244175,198150
Canada,Chinese,Second generation,Total - Age,Chinese languages,219865,174190
Canada,Chinese,Second generation,Total - Age,Mandarin,88835,69395
Canada,Chinese,Second generation,Total - Age,Yue (Cantonese),126340,100230
Canada,Chinese,Second generation,Total - Age,"Chinese, n.o.s.",1135,900
Canada,Chinese,Second generation,0 to 14 years,Total - Mother tongue,180630,159070
Canada,Chinese,Second generation,0 to 14 years,English,98485,78420
Canada,Chinese,Second generation,0 to 14 years,Chinese languages,97745,77465
Canada,Chinese,Second generation,0 to 14 years,Mandarin,67225,52965
Canada,Chinese,Second generation,0 to 14 years,Yue (Cantonese),29620,23400
Canada,Chinese,Second generation,0 to 14 years,"Chinese, n.o.s.",250,230
Canada,Chinese,Second generation,15 to 24 years,Total - Mother tongue,89295,79270
Canada,Chinese,Second generation,15 to 24 years,English,52280,42630
Canada,Chinese,Second generation,15 to 24 years,Chinese languages,44475,35175
Canada,Chinese,Second generation,15 to 24 years,Mandarin,16265,12575
Canada,Chinese,Second generation,15 to 24 years,Yue (Cantonese),27185,21605
Canada,Chinese,Second generation,15 to 24 years,"Chinese, n.o.s.",105,70
Canada,Chinese,Second generation,25 to 54 years,Total - Mother tongue,136755,120980
Canada,Chinese,Second generation,25 to 54 years,English,80920,65645
Canada,Chinese,Second generation,25 to 54 years,Chinese languages,68895,53840
Canada,Chinese,Second generation,25 to 54 years,Mandarin,5160,3690
Canada,Chinese,Second generation,25 to 54 years,Yue (Cantonese),61450,48070
Canada,Chinese,Second generation,25 to 54 years,"Chinese, n.o.s.",370,280
Canada,Chinese,Third generation or more,Total - Age,Total - Mother tongue,59660,57610
Canada,Chinese,Third generation or more,Total - Age,English,55940,53925
Canada,Chinese,Third generation or more,Total - Age,Chinese languages,3490,2265
Canada,Chinese,Third generation or more,Total - Age,Mandarin,400,265
Canada,Chinese,Third generation or more,Total - Age,Yue (Cantonese),2935,1885
Canada,Chinese,Third generation or more,Total - Age,"Chinese, n.o.s.",75,60
Canada,Chinese,Third generation or more,0 to 14 years,Total - Mother tongue,30520,29155
Canada,Chinese,Third generation or more,0 to 14 years,English,28340,27000
Canada,Chinese,Third generation or more,0 to 14 years,Chinese languages,2355,1495
Canada,Chinese,Third generation or more,0 to 14 years,Mandarin,305,205
Canada,Chinese,Third generation or more,0 to 14 years,Yue (Cantonese),2010,1250
Canada,Chinese,Third generation or more,0 to 14 years,"Chinese, n.o.s.",15,0
Canada,Chinese,Third generation or more,15 to 24 years,Total - Mother tongue,11070,10760
Canada,Chinese,Third generation or more,15 to 24 years,English,10570,10260
Canada,Chinese,Third generation or more,15 to 24 years,Chinese languages,380,230
Canada,Chinese,Third generation or more,15 to 24 years,Mandarin,35,20
Canada,Chinese,Third generation or more,15 to 24 years,Yue (Cantonese),325,195
Canada,Chinese,Third generation or more,15 to 24 years,"Chinese, n.o.s.",0,0
Canada,Chinese,Third generation or more,25 to 54 years,Total - Mother tongue,13665,13340
Canada,Chinese,Third generation or more,25 to 54 years,English,12965,12650
Canada,Chinese,Third generation or more,25 to 54 years,Chinese languages,485,315
Canada,Chinese,Third generation or more,25 to 54 years,Mandarin,50,25
Canada,Chinese,Third generation or more,25 to 54 years,Yue (Cantonese),395,265
Canada,Chinese,Third generation or more,25 to 54 years,"Chinese, n.o.s.",10,10
"Montréal (CMA), Que.",Total - Visible minority,Total - Generation status,Total - Age,Total - Mother tongue,4206455,3974870
"Montréal (CMA), Que.",Total - Visible minority,Total - Generation status,Total - Age,English,614600,467680
"Montréal (CMA), Que.",Total - Visible minority,Total - Generation status,Total - Age,Chinese languages,87445,81725
"Montréal (CMA), Que.",Total - Visible minority,Total - Generation status,Total - Age,Mandarin,56910,53385
"Montréal (CMA), Que.",Total - Visible minority,Total - Generation status,Total - Age,Yue (Cantonese),25455,23445
"Montréal (CMA), Que.",Total - Visible minority,Total - Generation status,Total - Age,"Chinese, n.o.s.",1325,1130
"Montréal (CMA), Que.",Total - Visible minority,Total - Generation status,0 to 14 years,Total - Mother tongue,720880,657195
"Montréal (CMA), Que.",Total - Visible minority,Total - Generation status,0 to 14 years,English,133495,92100
"Montréal (CMA), Que.",Total - Visible minority,Total - Generation status,0 to 14 years,Chinese languages,13045,10970
"Montréal (CMA), Que.",Total - Visible minority,Total - Generation status,0 to 14 years,Mandarin,10560,8900
"Montréal (CMA), Que.",Total - Visible minority,Total - Generation status,0 to 14 years,Yue (Cantonese),2275,1875
"Montréal (CMA), Que.",Total - Visible minority,Total - Generation status,0 to 14 years,"Chinese, n.o.s.",95,85
"Montréal (CMA), Que.",Total - Visible minority,Total - Generation status,15 to 24 years,Total - Mother tongue,483520,447360
"Montréal (CMA), Que.",Total - Visible minority,Total - Generation status,15 to 24 years,English,90935,66150
"Montréal (CMA), Que.",Total - Visible minority,Total - Generation status,15 to 24 years,Chinese languages,10800,9845
"Montréal (CMA), Que.",Total - Visible minority,Total - Generation status,15 to 24 years,Mandarin,7920,7300
"Montréal (CMA), Que.",Total - Visible minority,Total - Generation status,15 to 24 years,Yue (Cantonese),2410,2095
"Montréal (CMA), Que.",Total - Visible minority,Total - Generation status,15 to 24 years,"Chinese, n.o.s.",150,130
"Montréal (CMA), Que.",Total - Visible minority,Total - Generation status,25 to 54 years,Total - Mother tongue,1735260,1638675
"Montréal (CMA), Que.",Total - Visible minority,Total - Generation status,25 to 54 years,English,240390,180730
"Montréal (CMA), Que.",Total - Visible minority,Total - Generation status,25 to 54 years,Chinese languages,42720,40660
"Montréal (CMA), Que.",Total - Visible minority,Total - Generation status,25 to 54 years,Mandarin,29720,28695
"Montréal (CMA), Que.",Total - Visible minority,Total - Generation status,25 to 54 years,Yue (Cantonese),10700,9755
"Montréal (CMA), Que.",Total - Visible minority,Total - Generation status,25 to 54 years,"Chinese, n.o.s.",545,460
"Montréal (CMA), Que.",Total - Visible minority,First generation,Total - Age,Total - Mother tongue,1221420,1123095
"Montréal (CMA), Que.",Total - Visible minority,First generation,Total - Age,English,132345,88780
"Montréal (CMA), Que.",Total - Visible minority,First generation,Total - Age,Chinese languages,69855,67120
"Montréal (CMA), Que.",Total - Visible minority,First generation,Total - Age,Mandarin,48275,46460
"Montréal (CMA), Que.",Total - Visible minority,First generation,Total - Age,Yue (Cantonese),17535,16670
"Montréal (CMA), Que.",Total - Visible minority,First generation,Total - Age,"Chinese, n.o.s.",1130,980
"Montréal (CMA), Que.",Total - Visible minority,First generation,0 to 14 years,Total - Mother tongue,84555,74630
"Montréal (CMA), Que.",Total - Visible minority,First generation,0 to 14 years,English,13435,8310
"Montréal (CMA), Que.",Total - Visible minority,First generation,0 to 14 years,Chinese languages,4320,3945
"Montréal (CMA), Que.",Total - Visible minority,First generation,0 to 14 years,Mandarin,3890,3550
"Montréal (CMA), Que.",Total - Visible minority,First generation,0 to 14 years,Yue (Cantonese),355,340
"Montréal (CMA), Que.",Total - Visible minority,First generation,0 to 14 years,"Chinese, n.o.s.",40,35
"Montréal (CMA), Que.",Total - Visible minority,First generation,15 to 24 years,Total - Mother tongue,124365,111615
"Montréal (CMA), Que.",Total - Visible minority,First generation,15 to 24 years,English,17480,10455
"Montréal (CMA), Que.",Total - Visible minority,First generation,15 to 24 years,Chinese languages,7195,6790
"Montréal (CMA), Que.",Total - Visible minority,First generation,15 to 24 years,Mandarin,6385,6040
"Montréal (CMA), Que.",Total - Visible minority,First generation,15 to 24 years,Yue (Cantonese),635,570
"Montréal (CMA), Que.",Total - Visible minority,First generation,15 to 24 years,"Chinese, n.o.s.",120,115
"Montréal (CMA), Que.",Total - Visible minority,First generation,25 to 54 years,Total - Mother tongue,649755,595830
"Montréal (CMA), Que.",Total - Visible minority,First generation,25 to 54 years,English,61005,37965
"Montréal (CMA), Que.",Total - Visible minority,First generation,25 to 54 years,Chinese languages,37885,36510
"Montréal (CMA), Que.",Total - Visible minority,First generation,25 to 54 years,Mandarin,29295,28390
"Montréal (CMA), Que.",Total - Visible minority,First generation,25 to 54 years,Yue (Cantonese),6835,6375
"Montréal (CMA), Que.",Total - Visible minority,First generation,25 to 54 years,"Chinese, n.o.s.",480,410
"Montréal (CMA), Que.",Total - Visible minority,Second generation,Total - Age,Total - Mother tongue,721360,638640
"Montréal (CMA), Que.",Total - Visible minority,Second generation,Total - Age,English,208920,154305
"Montréal (CMA), Que.",Total - Visible minority,Second generation,Total - Age,Chinese languages,17320,14430
"Montréal (CMA), Que.",Total - Visible minority,Second generation,Total - Age,Mandarin,8580,6890
"Montréal (CMA), Que.",Total - Visible minority,Second generation,Total - Age,Yue (Cantonese),7725,6645
"Montréal (CMA), Que.",Total - Visible minority,Second generation,Total - Age,"Chinese, n.o.s.",185,145
"Montréal (CMA), Que.",Total - Visible minority,Second generation,0 to 14 years,Total - Mother tongue,284315,245705
"Montréal (CMA), Que.",Total - Visible minority,Second generation,0 to 14 years,English,60360,38370
"Montréal (CMA), Que.",Total - Visible minority,Second generation,0 to 14 years,Chinese languages,8530,6895
"Montréal (CMA), Que.",Total - Visible minority,Second generation,0 to 14 years,Mandarin,6625,5330
"Montréal (CMA), Que.",Total - Visible minority,Second generation,0 to 14 years,Yue (Cantonese),1775,1435
"Montréal (CMA), Que.",Total - Visible minority,Second generation,0 to 14 years,"Chinese, n.o.s.",50,50
"Montréal (CMA), Que.",Total - Visible minority,Second generation,15 to 24 years,Total - Mother tongue,120335,105120
"Montréal (CMA), Que.",Total - Visible minority,Second generation,15 to 24 years,English,32485,22665
"Montréal (CMA), Que.",Total - Visible minority,Second generation,15 to 24 years,Chinese languages,3565,3030
"Montréal (CMA), Que.",Total - Visible minority,Second generation,15 to 24 years,Mandarin,1525,1255
"Montréal (CMA), Que.",Total - Visible minority,Second generation,15 to 24 years,Yue (Cantonese),1745,1515
"Montréal (CMA), Que.",Total - Visible minority,Second generation,15 to 24 years,"Chinese, n.o.s.",20,0
"Montréal (CMA), Que.",Total - Visible minority,Second generation,25 to 54 years,Total - Mother tongue,233560,209225
"Montréal (CMA), Que.",Total - Visible minority,Second generation,25 to 54 years,English,79650,60935
"Montréal (CMA), Que.",Total - Visible minority,Second generation,25 to 54 years,Chinese languages,4815,4135
"Montréal (CMA), Que.",Total - Visible minority,Second generation,25 to 54 years,Mandarin,425,305
"Montréal (CMA), Que.",Total - Visible minority,Second generation,25 to 54 years,Yue (Cantonese),3850,3370
"Montréal (CMA), Que.",Total - Visible minority,Second generation,25 to 54 years,"Chinese, n.o.s.",70,45
"Montréal (CMA), Que.",Total - Visible minority,Third generation or more,Total - Age,Total - Mother tongue,2263670,2213140
"Montréal (CMA), Que.",Total - Visible minority,Third generation or more,Total - Age,English,273335,224600
"Montréal (CMA), Que.",Total - Visible minority,Third generation or more,Total - Age,Chinese languages,270,170
"Montréal (CMA), Que.",Total - Visible minority,Third generation or more,Total - Age,Mandarin,50,35
"Montréal (CMA), Que.",Total - Visible minority,Third generation or more,Total - Age,Yue (Cantonese),195,130
"Montréal (CMA), Que.",Total - Visible minority,Third generation or more,Total - Age,"Chinese, n.o.s.",10,10
"Montréal (CMA), Que.",Total - Visible minority,Third generation or more,0 to 14 years,Total - Mother tongue,352010,336860
"Montréal (CMA), Que.",Total - Visible minority,Third generation or more,0 to 14 years,English,59700,45420
"Montréal (CMA), Que.",Total - Visible minority,Third generation or more,0 to 14 years,Chinese languages,195,130
"Montréal (CMA), Que.",Total - Visible minority,Third generation or more,0 to 14 years,Mandarin,40,25
"Montréal (CMA), Que.",Total - Visible minority,Third generation or more,0 to 14 years,Yue (Cantonese),145,105
"Montréal (CMA), Que.",Total - Visible minority,Third generation or more,0 to 14 years,"Chinese, n.o.s.",0,0
"Montréal (CMA), Que.",Total - Visible minority,Third generation or more,15 to 24 years,Total - Mother tongue,238820,230630
"Montréal (CMA), Que.",Total - Visible minority,Third generation or more,15 to 24 years,English,40965,33030
"Montréal (CMA), Que.",Total - Visible minority,Third generation or more,15 to 24 years,Chinese languages,40,25
"Montréal (CMA), Que.",Total - Visible minority,Third generation or more,15 to 24 years,Mandarin,0,0
"Montréal (CMA), Que.",Total - Visible minority,Third generation or more,15 to 24 years,Yue (Cantonese),30,0
"Montréal (CMA), Que.",Total - Visible minority,Third generation or more,15 to 24 years,"Chinese, n.o.s.",10,10
"Montréal (CMA), Que.",Total - Visible minority,Third generation or more,25 to 54 years,Total - Mother tongue,851945,833615
"Montréal (CMA), Que.",Total - Visible minority,Third generation or more,25 to 54 years,English,99735,81825
"Montréal (CMA), Que.",Total - Visible minority,Third generation or more,25 to 54 years,Chinese languages,15,10
"Montréal (CMA), Que.",Total - Visible minority,Third generation or more,25 to 54 years,Mandarin,0,0
"Montréal (CMA), Que.",Total - Visible minority,Third generation or more,25 to 54 years,Yue (Cantonese),15,0
"Montréal (CMA), Que.",Total - Visible minority,Third generation or more,25 to 54 years,"Chinese, n.o.s.",0,0
"Montréal (CMA), Que.",Chinese,Total - Generation status,Total - Age,Total - Mother tongue,103500,96565
"Montréal (CMA), Que.",Chinese,Total - Generation status,Total - Age,English,13045,8045
"Montréal (CMA), Que.",Chinese,Total - Generation status,Total - Age,Chinese languages,82775,77760
"Montréal (CMA), Que.",Chinese,Total - Generation status,Total - Age,Mandarin,55905,52655
"Montréal (CMA), Que.",Chinese,Total - Generation status,Total - Age,Yue (Cantonese),23095,21310
"Montréal (CMA), Que.",Chinese,Total - Generation status,Total - Age,"Chinese, n.o.s.",1130,1055
"Montréal (CMA), Que.",Chinese,Total - Generation status,0 to 14 years,Total - Mother tongue,18775,16085
"Montréal (CMA), Que.",Chinese,Total - Generation status,0 to 14 years,English,4230,2315
"Montréal (CMA), Que.",Chinese,Total - Generation status,0 to 14 years,Chinese languages,12555,10650
"Montréal (CMA), Que.",Chinese,Total - Generation status,0 to 14 years,Mandarin,10300,8755
"Montréal (CMA), Que.",Chinese,Total - Generation status,0 to 14 years,Yue (Cantonese),2105,1730
"Montréal (CMA), Que.",Chinese,Total - Generation status,0 to 14 years,"Chinese, n.o.s.",90,85
"Montréal (CMA), Que.",Chinese,Total - Generation status,15 to 24 years,Total - Mother tongue,15280,14055
"Montréal (CMA), Que.",Chinese,Total - Generation status,15 to 24 years,English,2730,1785
"Montréal (CMA), Que.",Chinese,Total - Generation status,15 to 24 years,Chinese languages,10115,9280
"Montréal (CMA), Que.",Chinese,Total - Generation status,15 to 24 years,Mandarin,7820,7230
"Montréal (CMA), Que.",Chinese,Total - Generation status,15 to 24 years,Yue (Cantonese),1980,1715
"Montréal (CMA), Que.",Chinese,Total - Generation status,15 to 24 years,"Chinese, n.o.s.",135,120
"Montréal (CMA), Que.",Chinese,Total - Generation status,25 to 54 years,Total - Mother tongue,47860,45450
"Montréal (CMA), Que.",Chinese,Total - Generation status,25 to 54 years,English,4840,3045
"Montréal (CMA), Que.",Chinese,Total - Generation status,25 to 54 years,Chinese languages,40715,38910
"Montréal (CMA), Que.",Chinese,Total - Generation status,25 to 54 years,Mandarin,29330,28375
"Montréal (CMA), Que.",Chinese,Total - Generation status,25 to 54 years,Yue (Cantonese),9685,8840
"Montréal (CMA), Que.",Chinese,Total - Generation status,25 to 54 years,"Chinese, n.o.s.",460,415
"Montréal (CMA), Que.",Chinese,First generation,Total - Age,Total - Mother tongue,76675,73555
"Montréal (CMA), Que.",Chinese,First generation,Total - Age,English,4795,2690
"Montréal (CMA), Que.",Chinese,First generation,Total - Age,Chinese languages,66885,64510
"Montréal (CMA), Que.",Chinese,First generation,Total - Age,Mandarin,47555,45875
"Montréal (CMA), Que.",Chinese,First generation,Total - Age,Yue (Cantonese),16135,15375
"Montréal (CMA), Que.",Chinese,First generation,Total - Age,"Chinese, n.o.s.",965,920
"Montréal (CMA), Que.",Chinese,First generation,0 to 14 years,Total - Mother tongue,5370,4905
"Montréal (CMA), Que.",Chinese,First generation,0 to 14 years,English,635,300
"Montréal (CMA), Que.",Chinese,First generation,0 to 14 years,Chinese languages,4195,3870
"Montréal (CMA), Que.",Chinese,First generation,0 to 14 years,Mandarin,3785,3475
"Montréal (CMA), Que.",Chinese,First generation,0 to 14 years,Yue (Cantonese),355,335
"Montréal (CMA), Que.",Chinese,First generation,0 to 14 years,"Chinese, n.o.s.",35,35
"Montréal (CMA), Que.",Chinese,First generation,15 to 24 years,Total - Mother tongue,9745,9235
"Montréal (CMA), Que.",Chinese,First generation,15 to 24 years,English,1020,640
"Montréal (CMA), Que.",Chinese,First generation,15 to 24 years,Chinese languages,7075,6700
"Montréal (CMA), Que.",Chinese,First generation,15 to 24 years,Mandarin,6325,6000
"Montréal (CMA), Que.",Chinese,First generation,15 to 24 years,Yue (Cantonese),590,530
"Montréal (CMA), Que.",Chinese,First generation,15 to 24 years,"Chinese, n.o.s.",110,105
"Montréal (CMA), Que.",Chinese,First generation,25 to 54 years,Total - Mother tongue,40895,39310
"Montréal (CMA), Que.",Chinese,First generation,25 to 54 years,English,2400,1295
"Montréal (CMA), Que.",Chinese,First generation,25 to 54 years,Chinese languages,36630,35380
"Montréal (CMA), Que.",Chinese,First generation,25 to 54 years,Mandarin,28980,28115
"Montréal (CMA), Que.",Chinese,First generation,25 to 54 years,Yue (Cantonese),6215,5805
"Montréal (CMA), Que.",Chinese,First generation,25 to 54 years,"Chinese, n.o.s.",410,385
"Montréal (CMA), Que.",Chinese,Second generation,Total - Age,Total - Mother tongue,24725,21200
"Montréal (CMA), Que.",Chinese,Second generation,Total - Age,English,6905,4300
"Montréal (CMA), Que.",Chinese,Second generation,Total - Age,Chinese languages,15675,13100
"Montréal (CMA), Que.",Chinese,Second generation,Total - Age,Mandarin,8315,6740
"Montréal (CMA), Que.",Chinese,Second generation,Total - Age,Yue (Cantonese),6790,5825
"Montréal (CMA), Que.",Chinese,Second generation,Total - Age,"Chinese, n.o.s.",160,125
"Montréal (CMA), Que.",Chinese,Second generation,0 to 14 years,Total - Mother tongue,12300,10255
"Montréal (CMA), Que.",Chinese,Second generation,0 to 14 years,English,2950,1545
"Montréal (CMA), Que.",Chinese,Second generation,0 to 14 years,Chinese languages,8195,6660
"Montréal (CMA), Que.",Chinese,Second generation,0 to 14 years,Mandarin,6480,5260
"Montréal (CMA), Que.",Chinese,Second generation,0 to 14 years,Yue (Cantonese),1625,1295
"Montréal (CMA), Que.",Chinese,Second generation,0 to 14 years,"Chinese, n.o.s.",50,50
"Montréal (CMA), Que.",Chinese,Second generation,15 to 24 years,Total - Mother tongue,5070,4430
"Montréal (CMA), Que.",Chinese,Second generation,15 to 24 years,English,1375,880
"Montréal (CMA), Que.",Chinese,Second generation,15 to 24 years,Chinese languages,3000,2560
"Montréal (CMA), Que.",Chinese,Second generation,15 to 24 years,Mandarin,1490,1225
"Montréal (CMA), Que.",Chinese,Second generation,15 to 24 years,Yue (Cantonese),1355,1175
"Montréal (CMA), Que.",Chinese,Second generation,15 to 24 years,"Chinese, n.o.s.",20,0
"Montréal (CMA), Que.",Chinese,Second generation,25 to 54 years,Total - Mother tongue,6550,5765
"Montréal (CMA), Que.",Chinese,Second generation,25 to 54 years,English,2185,1535
"Montréal (CMA), Que.",Chinese,Second generation,25 to 54 years,Chinese languages,4065,3515
"Montréal (CMA), Que.",Chinese,Second generation,25 to 54 years,Mandarin,345,260
"Montréal (CMA), Que.",Chinese,Second generation,25 to 54 years,Yue (Cantonese),3450,3030
"Montréal (CMA), Que.",Chinese,Second generation,25 to 54 years,"Chinese, n.o.s.",45,30
"Montréal (CMA), Que.",Chinese,Third generation or more,Total - Age,Total - Mother tongue,2105,1810
"Montréal (CMA), Que.",Chinese,Third generation or more,Total - Age,English,1340,1050
"Montréal (CMA), Que.",Chinese,Third generation or more,Total - Age,Chinese languages,220,155
"Montréal (CMA), Que.",Chinese,Third generation or more,Total - Age,Mandarin,45,35
"Montréal (CMA), Que.",Chinese,Third generation or more,Total - Age,Yue (Cantonese),170,115
"Montréal (CMA), Que.",Chinese,Third generation or more,Total - Age,"Chinese, n.o.s.",0,0
"Montréal (CMA), Que.",Chinese,Third generation or more,0 to 14 years,Total - Mother tongue,1105,925
"Montréal (CMA), Que.",Chinese,Third generation or more,0 to 14 years,English,645,465
"Montréal (CMA), Que.",Chinese,Third generation or more,0 to 14 years,Chinese languages,160,125
"Montréal (CMA), Que.",Chinese,Third generation or more,0 to 14 years,Mandarin,30,25
"Montréal (CMA), Que.",Chinese,Third generation or more,0 to 14 years,Yue (Cantonese),130,100
"Montréal (CMA), Que.",Chinese,Third generation or more,0 to 14 years,"Chinese, n.o.s.",0,0
"Montréal (CMA), Que.",Chinese,Third generation or more,15 to 24 years,Total - Mother tongue,460,390
"Montréal (CMA), Que.",Chinese,Third generation or more,15 to 24 years,English,335,265
"Montréal (CMA), Que.",Chinese,Third generation or more,15 to 24 years,Chinese languages,40,15
"Montréal (CMA), Que.",Chinese,Third generation or more,15 to 24 years,Mandarin,0,0
"Montréal (CMA), Que.",Chinese,Third generation or more,15 to 24 years,Yue (Cantonese),30,0
"Montréal (CMA), Que.",Chinese,Third generation or more,15 to 24 years,"Chinese, n.o.s.",0,0
"Montréal (CMA), Que.",Chinese,Third generation or more,25 to 54 years,Total - Mother tongue,415,370
"Montréal (CMA), Que.",Chinese,Third generation or more,25 to 54 years,English,260,215
"Montréal (CMA), Que.",Chinese,Third generation or more,25 to 54 years,Chinese languages,15,10
"Montréal (CMA), Que.",Chinese,Third generation or more,25 to 54 years,Mandarin,0,0
"Montréal (CMA), Que.",Chinese,Third generation or more,25 to 54 years,Yue (Cantonese),15,0
"Montréal (CMA), Que.",Chinese,Third generation or more,25 to 54 years,"Chinese, n.o.s.",0,0
"Ottawa - Gatineau (CMA), Ont./Que.",Total - Visible minority,Total - Generation status,Total - Age,Total - Mother tongue,1464500,1381570
"Ottawa - Gatineau (CMA), Ont./Que.",Total - Visible minority,Total - Generation status,Total - Age,English,781675,711415
"Ottawa - Gatineau (CMA), Ont./Que.",Total - Visible minority,Total - Generation status,Total - Age,Chinese languages,39395,36170
"Ottawa - Gatineau (CMA), Ont./Que.",Total - Visible minority,Total - Generation status,Total - Age,Mandarin,25820,23990
"Ottawa - Gatineau (CMA), Ont./Que.",Total - Visible minority,Total - Generation status,Total - Age,Yue (Cantonese),11875,10465
"Ottawa - Gatineau (CMA), Ont./Que.",Total - Visible minority,Total - Generation status,Total - Age,"Chinese, n.o.s.",465,405
"Ottawa - Gatineau (CMA), Ont./Que.",Total - Visible minority,Total - Generation status,0 to 14 years,Total - Mother tongue,251140,228825
"Ottawa - Gatineau (CMA), Ont./Que.",Total - Visible minority,Total - Generation status,0 to 14 years,English,152510,132350
"Ottawa - Gatineau (CMA), Ont./Que.",Total - Visible minority,Total - Generation status,0 to 14 years,Chinese languages,4245,3295
"Ottawa - Gatineau (CMA), Ont./Que.",Total - Visible minority,Total - Generation status,0 to 14 years,Mandarin,3525,2785
"Ottawa - Gatineau (CMA), Ont./Que.",Total - Visible minority,Total - Generation status,0 to 14 years,Yue (Cantonese),655,440
"Ottawa - Gatineau (CMA), Ont./Que.",Total - Visible minority,Total - Generation status,0 to 14 years,"Chinese, n.o.s.",35,35
"Ottawa - Gatineau (CMA), Ont./Que.",Total - Visible minority,Total - Generation status,15 to 24 years,Total - Mother tongue,180490,166260
"Ottawa - Gatineau (CMA), Ont./Que.",Total - Visible minority,Total - Generation status,15 to 24 years,English,104370,91885
"Ottawa - Gatineau (CMA), Ont./Que.",Total - Visible minority,Total - Generation status,15 to 24 years,Chinese languages,4840,4225
"Ottawa - Gatineau (CMA), Ont./Que.",Total - Visible minority,Total - Generation status,15 to 24 years,Mandarin,3740,3330
"Ottawa - Gatineau (CMA), Ont./Que.",Total - Visible minority,Total - Generation status,15 to 24 years,Yue (Cantonese),1005,780
"Ottawa - Gatineau (CMA), Ont./Que.",Total - Visible minority,Total - Generation status,15 to 24 years,"Chinese, n.o.s.",60,60
"Ottawa - Gatineau (CMA), Ont./Que.",Total - Visible minority,Total - Generation status,25 to 54 years,Total - Mother tongue,593990,559850
"Ottawa - Gatineau (CMA), Ont./Que.",Total - Visible minority,Total - Generation status,25 to 54 years,English,304915,276885
"Ottawa - Gatineau (CMA), Ont./Que.",Total - Visible minority,Total - Generation status,25 to 54 years,Chinese languages,17655,16545
"Ottawa - Gatineau (CMA), Ont./Que.",Total - Visible minority,Total - Generation status,25 to 54 years,Mandarin,12170,11710
"Ottawa - Gatineau (CMA), Ont./Que.",Total - Visible minority,Total - Generation status,25 to 54 years,Yue (Cantonese),4905,4240
"Ottawa - Gatineau (CMA), Ont./Que.",Total - Visible minority,Total - Generation status,25 to 54 years,"Chinese, n.o.s.",100,90
"Ottawa - Gatineau (CMA), Ont./Que.",Total - Visible minority,First generation,Total - Age,Total - Mother tongue,367935,336170
"Ottawa - Gatineau (CMA), Ont./Que.",Total - Visible minority,First generation,Total - Age,English,98345,76545
"Ottawa - Gatineau (CMA), Ont./Que.",Total - Visible minority,First generation,Total - Age,Chinese languages,31760,30320
"Ottawa - Gatineau (CMA), Ont./Que.",Total - Visible minority,First generation,Total - Age,Mandarin,21845,20970
"Ottawa - Gatineau (CMA), Ont./Que.",Total - Visible minority,First generation,Total - Age,Yue (Cantonese),8465,7890
"Ottawa - Gatineau (CMA), Ont./Que.",Total - Visible minority,First generation,Total - Age,"Chinese, n.o.s.",405,350
"Ottawa - Gatineau (CMA), Ont./Que.",Total - Visible minority,First generation,0 to 14 years,Total - Mother tongue,27735,24175
"Ottawa - Gatineau (CMA), Ont./Que.",Total - Visible minority,First generation,0 to 14 years,English,10715,7870
"Ottawa - Gatineau (CMA), Ont./Que.",Total - Visible minority,First generation,0 to 14 years,Chinese languages,1065,915
"Ottawa - Gatineau (CMA), Ont./Que.",Total - Visible minority,First generation,0 to 14 years,Mandarin,945,830
"Ottawa - Gatineau (CMA), Ont./Que.",Total - Visible minority,First generation,0 to 14 years,Yue (Cantonese),100,70
"Ottawa - Gatineau (CMA), Ont./Que.",Total - Visible minority,First generation,0 to 14 years,"Chinese, n.o.s.",10,10
"Ottawa - Gatineau (CMA), Ont./Que.",Total - Visible minority,First generation,15 to 24 years,Total - Mother tongue,41955,37105
"Ottawa - Gatineau (CMA), Ont./Que.",Total - Visible minority,First generation,15 to 24 years,English,12750,9115
"Ottawa - Gatineau (CMA), Ont./Que.",Total - Visible minority,First generation,15 to 24 years,Chinese languages,2865,2705
"Ottawa - Gatineau (CMA), Ont./Que.",Total - Visible minority,First generation,15 to 24 years,Mandarin,2590,2445
"Ottawa - Gatineau (CMA), Ont./Que.",Total - Visible minority,First generation,15 to 24 years,Yue (Cantonese),195,175
"Ottawa - Gatineau (CMA), Ont./Que.",Total - Visible minority,First generation,15 to 24 years,"Chinese, n.o.s.",60,60
"Ottawa - Gatineau (CMA), Ont./Que.",Total - Visible minority,First generation,25 to 54 years,Total - Mother tongue,180590,163475
"Ottawa - Gatineau (CMA), Ont./Que.",Total - Visible minority,First generation,25 to 54 years,English,40955,29330
"Ottawa - Gatineau (CMA), Ont./Que.",Total - Visible minority,First generation,25 to 54 years,Chinese languages,15480,14860
"Ottawa - Gatineau (CMA), Ont./Que.",Total - Visible minority,First generation,25 to 54 years,Mandarin,11940,11525
"Ottawa - Gatineau (CMA), Ont./Que.",Total - Visible minority,First generation,25 to 54 years,Yue (Cantonese),3125,2880
"Ottawa - Gatineau (CMA), Ont./Que.",Total - Visible minority,First generation,25 to 54 years,"Chinese, n.o.s.",80,70
"Ottawa - Gatineau (CMA), Ont./Que.",Total - Visible minority,Second generation,Total - Age,Total - Mother tongue,258425,234510
"Ottawa - Gatineau (CMA), Ont./Que.",Total - Visible minority,Second generation,Total - Age,English,178965,157525
"Ottawa - Gatineau (CMA), Ont./Que.",Total - Visible minority,Second generation,Total - Age,Chinese languages,7475,5750
"Ottawa - Gatineau (CMA), Ont./Que.",Total - Visible minority,Second generation,Total - Age,Mandarin,3945,3000
"Ottawa - Gatineau (CMA), Ont./Que.",Total - Visible minority,Second generation,Total - Age,Yue (Cantonese),3285,2495
"Ottawa - Gatineau (CMA), Ont./Que.",Total - Visible minority,Second generation,Total - Age,"Chinese, n.o.s.",60,55
"Ottawa - Gatineau (CMA), Ont./Que.",Total - Visible minority,Second generation,0 to 14 years,Total - Mother tongue,83055,72025
"Ottawa - Gatineau (CMA), Ont./Que.",Total - Visible minority,Second generation,0 to 14 years,English,49980,40300
"Ottawa - Gatineau (CMA), Ont./Que.",Total - Visible minority,Second generation,0 to 14 years,Chinese languages,3055,2300
"Ottawa - Gatineau (CMA), Ont./Que.",Total - Visible minority,Second generation,0 to 14 years,Mandarin,2560,1930
"Ottawa - Gatineau (CMA), Ont./Que.",Total - Visible minority,Second generation,0 to 14 years,Yue (Cantonese),455,315
"Ottawa - Gatineau (CMA), Ont./Que.",Total - Visible minority,Second generation,0 to 14 years,"Chinese, n.o.s.",25,25
"Ottawa - Gatineau (CMA), Ont./Que.",Total - Visible minority,Second generation,15 to 24 years,Total - Mother tongue,44425,39100
"Ottawa - Gatineau (CMA), Ont./Que.",Total - Visible minority,Second generation,15 to 24 years,English,28930,24105
"Ottawa - Gatineau (CMA), Ont./Que.",Total - Visible minority,Second generation,15 to 24 years,Chinese languages,1965,1510
"Ottawa - Gatineau (CMA), Ont./Que.",Total - Visible minority,Second generation,15 to 24 years,Mandarin,1145,885
"Ottawa - Gatineau (CMA), Ont./Que.",Total - Visible minority,Second generation,15 to 24 years,Yue (Cantonese),800,595
"Ottawa - Gatineau (CMA), Ont./Que.",Total - Visible minority,Second generation,15 to 24 years,"Chinese, n.o.s.",0,0
"Ottawa - Gatineau (CMA), Ont./Que.",Total - Visible minority,Second generation,25 to 54 years,Total - Mother tongue,85430,78995
"Ottawa - Gatineau (CMA), Ont./Que.",Total - Visible minority,Second generation,25 to 54 years,English,63360,57475
"Ottawa - Gatineau (CMA), Ont./Que.",Total - Visible minority,Second generation,25 to 54 years,Chinese languages,2170,1685
"Ottawa - Gatineau (CMA), Ont./Que.",Total - Visible minority,Second generation,25 to 54 years,Mandarin,235,185
"Ottawa - Gatineau (CMA), Ont./Que.",Total - Visible minority,Second generation,25 to 54 years,Yue (Cantonese),1775,1355
"Ottawa - Gatineau (CMA), Ont./Que.",Total - Visible minority,Second generation,25 to 54 years,"Chinese, n.o.s.",20,20
"Ottawa - Gatineau (CMA), Ont./Que.",Total - Visible minority,Third generation or more,Total - Age,Total - Mother tongue,838145,810885
"Ottawa - Gatineau (CMA), Ont./Que.",Total - Visible minority,Third generation or more,Total - Age,English,504370,477345
"Ottawa - Gatineau (CMA), Ont./Que.",Total - Visible minority,Third generation or more,Total - Age,Chinese languages,165,100
"Ottawa - Gatineau (CMA), Ont./Que.",Total - Visible minority,Third generation or more,Total - Age,Mandarin,25,20
"Ottawa - Gatineau (CMA), Ont./Que.",Total - Visible minority,Third generation or more,Total - Age,Yue (Cantonese),130,75
"Ottawa - Gatineau (CMA), Ont./Que.",Total - Visible minority,Third generation or more,Total - Age,"Chinese, n.o.s.",0,0
"Ottawa - Gatineau (CMA), Ont./Que.",Total - Visible minority,Third generation or more,0 to 14 years,Total - Mother tongue,140355,132630
"Ottawa - Gatineau (CMA), Ont./Que.",Total - Visible minority,Third generation or more,0 to 14 years,English,91810,84180
"Ottawa - Gatineau (CMA), Ont./Que.",Total - Visible minority,Third generation or more,0 to 14 years,Chinese languages,130,70
"Ottawa - Gatineau (CMA), Ont./Que.",Total - Visible minority,Third generation or more,0 to 14 years,Mandarin,15,15
"Ottawa - Gatineau (CMA), Ont./Que.",Total - Visible minority,Third generation or more,0 to 14 years,Yue (Cantonese),100,55
"Ottawa - Gatineau (CMA), Ont./Que.",Total - Visible minority,Third generation or more,0 to 14 years,"Chinese, n.o.s.",0,0
"Ottawa - Gatineau (CMA), Ont./Que.",Total - Visible minority,Third generation or more,15 to 24 years,Total - Mother tongue,94110,90055
"Ottawa - Gatineau (CMA), Ont./Que.",Total - Visible minority,Third generation or more,15 to 24 years,English,62690,58665
"Ottawa - Gatineau (CMA), Ont./Que.",Total - Visible minority,Third generation or more,15 to 24 years,Chinese languages,15,10
"Ottawa - Gatineau (CMA), Ont./Que.",Total - Visible minority,Third generation or more,15 to 24 years,Mandarin,0,0
"Ottawa - Gatineau (CMA), Ont./Que.",Total - Visible minority,Third generation or more,15 to 24 years,Yue (Cantonese),10,10
"Ottawa - Gatineau (CMA), Ont./Que.",Total - Visible minority,Third generation or more,15 to 24 years,"Chinese, n.o.s.",0,0
"Ottawa - Gatineau (CMA), Ont./Que.",Total - Visible minority,Third generation or more,25 to 54 years,Total - Mother tongue,327970,317385
"Ottawa - Gatineau (CMA), Ont./Que.",Total - Visible minority,Third generation or more,25 to 54 years,English,200600,190080
"Ottawa - Gatineau (CMA), Ont./Que.",Total - Visible minority,Third generation or more,25 to 54 years,Chinese languages,0,0
"Ottawa - Gatineau (CMA), Ont./Que.",Total - Visible minority,Third generation or more,25 to 54 years,Mandarin,0,0
"Ottawa - Gatineau (CMA), Ont./Que.",Total - Visible minority,Third generation or more,25 to 54 years,Yue (Cantonese),0,0
"Ottawa - Gatineau (CMA), Ont./Que.",Total - Visible minority,Third generation or more,25 to 54 years,"Chinese, n.o.s.",0,0
"Ottawa - Gatineau (CMA), Ont./Que.",Chinese,Total - Generation status,Total - Age,Total - Mother tongue,50035,46630
"Ottawa - Gatineau (CMA), Ont./Que.",Chinese,Total - Generation status,Total - Age,English,12965,10075
"Ottawa - Gatineau (CMA), Ont./Que.",Chinese,Total - Generation status,Total - Age,Chinese languages,38005,35110
"Ottawa - Gatineau (CMA), Ont./Que.",Chinese,Total - Generation status,Total - Age,Mandarin,25405,23710
"Ottawa - Gatineau (CMA), Ont./Que.",Chinese,Total - Generation status,Total - Age,Yue (Cantonese),11175,9915
"Ottawa - Gatineau (CMA), Ont./Que.",Chinese,Total - Generation status,Total - Age,"Chinese, n.o.s.",420,385
"Ottawa - Gatineau (CMA), Ont./Que.",Chinese,Total - Generation status,0 to 14 years,Total - Mother tongue,8235,7100
"Ottawa - Gatineau (CMA), Ont./Que.",Chinese,Total - Generation status,0 to 14 years,English,4560,3565
"Ottawa - Gatineau (CMA), Ont./Que.",Chinese,Total - Generation status,0 to 14 years,Chinese languages,4080,3200
"Ottawa - Gatineau (CMA), Ont./Que.",Chinese,Total - Generation status,0 to 14 years,Mandarin,3420,2725
"Ottawa - Gatineau (CMA), Ont./Que.",Chinese,Total - Generation status,0 to 14 years,Yue (Cantonese),605,405
"Ottawa - Gatineau (CMA), Ont./Que.",Chinese,Total - Generation status,0 to 14 years,"Chinese, n.o.s.",35,35
"Ottawa - Gatineau (CMA), Ont./Que.",Chinese,Total - Generation status,15 to 24 years,Total - Mother tongue,7810,7095
"Ottawa - Gatineau (CMA), Ont./Que.",Chinese,Total - Generation status,15 to 24 years,English,3215,2555
"Ottawa - Gatineau (CMA), Ont./Que.",Chinese,Total - Generation status,15 to 24 years,Chinese languages,4690,4110
"Ottawa - Gatineau (CMA), Ont./Que.",Chinese,Total - Generation status,15 to 24 years,Mandarin,3695,3290
"Ottawa - Gatineau (CMA), Ont./Que.",Chinese,Total - Generation status,15 to 24 years,Yue (Cantonese),925,720
"Ottawa - Gatineau (CMA), Ont./Que.",Chinese,Total - Generation status,15 to 24 years,"Chinese, n.o.s.",60,60
"Ottawa - Gatineau (CMA), Ont./Que.",Chinese,Total - Generation status,25 to 54 years,Total - Mother tongue,20745,19700
"Ottawa - Gatineau (CMA), Ont./Que.",Chinese,Total - Generation status,25 to 54 years,English,4040,3120
"Ottawa - Gatineau (CMA), Ont./Que.",Chinese,Total - Generation status,25 to 54 years,Chinese languages,17060,16095
"Ottawa - Gatineau (CMA), Ont./Que.",Chinese,Total - Generation status,25 to 54 years,Mandarin,11980,11580
"Ottawa - Gatineau (CMA), Ont./Que.",Chinese,Total - Generation status,25 to 54 years,Yue (Cantonese),4610,4035
"Ottawa - Gatineau (CMA), Ont./Que.",Chinese,Total - Generation status,25 to 54 years,"Chinese, n.o.s.",90,85
"Ottawa - Gatineau (CMA), Ont./Que.",Chinese,First generation,Total - Age,Total - Mother tongue,33770,32415
"Ottawa - Gatineau (CMA), Ont./Que.",Chinese,First generation,Total - Age,English,3010,1985
"Ottawa - Gatineau (CMA), Ont./Que.",Chinese,First generation,Total - Age,Chinese languages,30815,29565
"Ottawa - Gatineau (CMA), Ont./Que.",Chinese,First generation,Total - Age,Mandarin,21555,20755
"Ottawa - Gatineau (CMA), Ont./Que.",Chinese,First generation,Total - Age,Yue (Cantonese),8010,7515
"Ottawa - Gatineau (CMA), Ont./Que.",Chinese,First generation,Total - Age,"Chinese, n.o.s.",365,340
"Ottawa - Gatineau (CMA), Ont./Que.",Chinese,First generation,0 to 14 years,Total - Mother tongue,1355,1210
"Ottawa - Gatineau (CMA), Ont./Que.",Chinese,First generation,0 to 14 years,English,350,225
"Ottawa - Gatineau (CMA), Ont./Que.",Chinese,First generation,0 to 14 years,Chinese languages,1040,905
"Ottawa - Gatineau (CMA), Ont./Que.",Chinese,First generation,0 to 14 years,Mandarin,930,820
"Ottawa - Gatineau (CMA), Ont./Que.",Chinese,First generation,0 to 14 years,Yue (Cantonese),95,65
"Ottawa - Gatineau (CMA), Ont./Que.",Chinese,First generation,0 to 14 years,"Chinese, n.o.s.",10,10
"Ottawa - Gatineau (CMA), Ont./Que.",Chinese,First generation,15 to 24 years,Total - Mother tongue,3825,3640
"Ottawa - Gatineau (CMA), Ont./Que.",Chinese,First generation,15 to 24 years,English,830,660
"Ottawa - Gatineau (CMA), Ont./Que.",Chinese,First generation,15 to 24 years,Chinese languages,2820,2670
"Ottawa - Gatineau (CMA), Ont./Que.",Chinese,First generation,15 to 24 years,Mandarin,2565,2415
"Ottawa - Gatineau (CMA), Ont./Que.",Chinese,First generation,15 to 24 years,Yue (Cantonese),195,175
"Ottawa - Gatineau (CMA), Ont./Que.",Chinese,First generation,15 to 24 years,"Chinese, n.o.s.",60,60
"Ottawa - Gatineau (CMA), Ont./Que.",Chinese,First generation,25 to 54 years,Total - Mother tongue,16160,15605
"Ottawa - Gatineau (CMA), Ont./Que.",Chinese,First generation,25 to 54 years,English,1205,755
"Ottawa - Gatineau (CMA), Ont./Que.",Chinese,First generation,25 to 54 years,Chinese languages,15075,14545
"Ottawa - Gatineau (CMA), Ont./Que.",Chinese,First generation,25 to 54 years,Mandarin,11755,11410
"Ottawa - Gatineau (CMA), Ont./Que.",Chinese,First generation,25 to 54 years,Yue (Cantonese),2955,2760
"Ottawa - Gatineau (CMA), Ont./Que.",Chinese,First generation,25 to 54 years,"Chinese, n.o.s.",75,70
"Ottawa - Gatineau (CMA), Ont./Que.",Chinese,Second generation,Total - Age,Total - Mother tongue,13720,11885
"Ottawa - Gatineau (CMA), Ont./Que.",Chinese,Second generation,Total - Age,English,7690,6015
"Ottawa - Gatineau (CMA), Ont./Que.",Chinese,Second generation,Total - Age,Chinese languages,7065,5475
"Ottawa - Gatineau (CMA), Ont./Que.",Chinese,Second generation,Total - Age,Mandarin,3825,2930
"Ottawa - Gatineau (CMA), Ont./Que.",Chinese,Second generation,Total - Age,Yue (Cantonese),3065,2350
"Ottawa - Gatineau (CMA), Ont./Que.",Chinese,Second generation,Total - Age,"Chinese, n.o.s.",50,50
"Ottawa - Gatineau (CMA), Ont./Que.",Chinese,Second generation,0 to 14 years,Total - Mother tongue,5545,4695
"Ottawa - Gatineau (CMA), Ont./Que.",Chinese,Second generation,0 to 14 years,English,3025,2270
"Ottawa - Gatineau (CMA), Ont./Que.",Chinese,Second generation,0 to 14 years,Chinese languages,2945,2245
"Ottawa - Gatineau (CMA), Ont./Que.",Chinese,Second generation,0 to 14 years,Mandarin,2470,1885
"Ottawa - Gatineau (CMA), Ont./Que.",Chinese,Second generation,0 to 14 years,Yue (Cantonese),430,310
"Ottawa - Gatineau (CMA), Ont./Que.",Chinese,Second generation,0 to 14 years,"Chinese, n.o.s.",20,20
"Ottawa - Gatineau (CMA), Ont./Que.",Chinese,Second generation,15 to 24 years,Total - Mother tongue,3400,2910
"Ottawa - Gatineau (CMA), Ont./Que.",Chinese,Second generation,15 to 24 years,English,1865,1405
"Ottawa - Gatineau (CMA), Ont./Que.",Chinese,Second generation,15 to 24 years,Chinese languages,1855,1430
"Ottawa - Gatineau (CMA), Ont./Que.",Chinese,Second generation,15 to 24 years,Mandarin,1130,870
"Ottawa - Gatineau (CMA), Ont./Que.",Chinese,Second generation,15 to 24 years,Yue (Cantonese),720,535
"Ottawa - Gatineau (CMA), Ont./Que.",Chinese,Second generation,15 to 24 years,"Chinese, n.o.s.",0,0
"Ottawa - Gatineau (CMA), Ont./Que.",Chinese,Second generation,25 to 54 years,Total - Mother tongue,4110,3650
"Ottawa - Gatineau (CMA), Ont./Que.",Chinese,Second generation,25 to 54 years,English,2410,1970
"Ottawa - Gatineau (CMA), Ont./Que.",Chinese,Second generation,25 to 54 years,Chinese languages,1980,1545
"Ottawa - Gatineau (CMA), Ont./Que.",Chinese,Second generation,25 to 54 years,Mandarin,220,170
"Ottawa - Gatineau (CMA), Ont./Que.",Chinese,Second generation,25 to 54 years,Yue (Cantonese),1650,1275
"Ottawa - Gatineau (CMA), Ont./Que.",Chinese,Second generation,25 to 54 years,"Chinese, n.o.s.",15,15
"Ottawa - Gatineau (CMA), Ont./Que.",Chinese,Third generation or more,Total - Age,Total - Mother tongue,2540,2330
"Ottawa - Gatineau (CMA), Ont./Que.",Chinese,Third generation or more,Total - Age,English,2270,2080
"Ottawa - Gatineau (CMA), Ont./Que.",Chinese,Third generation or more,Total - Age,Chinese languages,130,70
"Ottawa - Gatineau (CMA), Ont./Que.",Chinese,Third generation or more,Total - Age,Mandarin,25,20
"Ottawa - Gatineau (CMA), Ont./Que.",Chinese,Third generation or more,Total - Age,Yue (Cantonese),100,50
"Ottawa - Gatineau (CMA), Ont./Que.",Chinese,Third generation or more,Total - Age,"Chinese, n.o.s.",0,0
"Ottawa - Gatineau (CMA), Ont./Que.",Chinese,Third generation or more,0 to 14 years,Total - Mother tongue,1335,1195
"Ottawa - Gatineau (CMA), Ont./Que.",Chinese,Third generation or more,0 to 14 years,English,1185,1070
"Ottawa - Gatineau (CMA), Ont./Que.",Chinese,Third generation or more,0 to 14 years,Chinese languages,100,50
"Ottawa - Gatineau (CMA), Ont./Que.",Chinese,Third generation or more,0 to 14 years,Mandarin,15,15
"Ottawa - Gatineau (CMA), Ont./Que.",Chinese,Third generation or more,0 to 14 years,Yue (Cantonese),75,35
"Ottawa - Gatineau (CMA), Ont./Que.",Chinese,Third generation or more,0 to 14 years,"Chinese, n.o.s.",0,0
"Ottawa - Gatineau (CMA), Ont./Que.",Chinese,Third generation or more,15 to 24 years,Total - Mother tongue,580,540
"Ottawa - Gatineau (CMA), Ont./Que.",Chinese,Third generation or more,15 to 24 years,English,525,485
"Ottawa - Gatineau (CMA), Ont./Que.",Chinese,Third generation or more,15 to 24 years,Chinese languages,15,10
"Ottawa - Gatineau (CMA), Ont./Que.",Chinese,Third generation or more,15 to 24 years,Mandarin,0,0
"Ottawa - Gatineau (CMA), Ont./Que.",Chinese,Third generation or more,15 to 24 years,Yue (Cantonese),10,10
"Ottawa - Gatineau (CMA), Ont./Que.",Chinese,Third generation or more,15 to 24 years,"Chinese, n.o.s.",0,0
"Ottawa - Gatineau (CMA), Ont./Que.",Chinese,Third generation or more,25 to 54 years,Total - Mother tongue,475,445
"Ottawa - Gatineau (CMA), Ont./Que.",Chinese,Third generation or more,25 to 54 years,English,425,390
"Ottawa - Gatineau (CMA), Ont./Que.",Chinese,Third generation or more,25 to 54 years,Chinese languages,0,0
"Ottawa - Gatineau (CMA), Ont./Que.",Chinese,Third generation or more,25 to 54 years,Mandarin,0,0
"Ottawa - Gatineau (CMA), Ont./Que.",Chinese,Third generation or more,25 to 54 years,Yue (Cantonese),0,0
"Ottawa - Gatineau (CMA), Ont./Que.",Chinese,Third generation or more,25 to 54 years,"Chinese, n.o.s.",0,0
"Toronto (CMA), Ont.",Total - Visible minority,Total - Generation status,Total - Age,Total - Mother tongue,6142885,5727840
"Toronto (CMA), Ont.",Total - Visible minority,Total - Generation status,Total - Age,English,3447545,3070360
"Toronto (CMA), Ont.",Total - Visible minority,Total - Generation status,Total - Age,Chinese languages,564070,520675
"Toronto (CMA), Ont.",Total - Visible minority,Total - Generation status,Total - Age,Mandarin,278630,260200
"Toronto (CMA), Ont.",Total - Visible minority,Total - Generation status,Total - Age,Yue (Cantonese),263485,238420
"Toronto (CMA), Ont.",Total - Visible minority,Total - Generation status,Total - Age,"Chinese, n.o.s.",4250,3510
"Toronto (CMA), Ont.",Total - Visible minority,Total - Generation status,0 to 14 years,Total - Mother tongue,963745,878875
"Toronto (CMA), Ont.",Total - Visible minority,Total - Generation status,0 to 14 years,English,734110,651475
"Toronto (CMA), Ont.",Total - Visible minority,Total - Generation status,0 to 14 years,Chinese languages,53295,42345
"Toronto (CMA), Ont.",Total - Visible minority,Total - Generation status,0 to 14 years,Mandarin,35275,28290
"Toronto (CMA), Ont.",Total - Visible minority,Total - Generation status,0 to 14 years,Yue (Cantonese),17520,13470
"Toronto (CMA), Ont.",Total - Visible minority,Total - Generation status,0 to 14 years,"Chinese, n.o.s.",105,90
"Toronto (CMA), Ont.",Total - Visible minority,Total - Generation status,15 to 24 years,Total - Mother tongue,772545,707670
"Toronto (CMA), Ont.",Total - Visible minority,Total - Generation status,15 to 24 years,English,517925,455990
"Toronto (CMA), Ont.",Total - Visible minority,Total - Generation status,15 to 24 years,Chinese languages,55170,48130
"Toronto (CMA), Ont.",Total - Visible minority,Total - Generation status,15 to 24 years,Mandarin,34425,31145
"Toronto (CMA), Ont.",Total - Visible minority,Total - Generation status,15 to 24 years,Yue (Cantonese),19440,15750
"Toronto (CMA), Ont.",Total - Visible minority,Total - Generation status,15 to 24 years,"Chinese, n.o.s.",490,410
"Toronto (CMA), Ont.",Total - Visible minority,Total - Generation status,25 to 54 years,Total - Mother tongue,2626300,2432400
"Toronto (CMA), Ont.",Total - Visible minority,Total - Generation status,25 to 54 years,English,1359305,1184815
"Toronto (CMA), Ont.",Total - Visible minority,Total - Generation status,25 to 54 years,Chinese languages,254150,236075
"Toronto (CMA), Ont.",Total - Visible minority,Total - Generation status,25 to 54 years,Mandarin,145130,138960
"Toronto (CMA), Ont.",Total - Visible minority,Total - Generation status,25 to 54 years,Yue (Cantonese),101165,89105
"Toronto (CMA), Ont.",Total - Visible minority,Total - Generation status,25 to 54 years,"Chinese, n.o.s.",1230,995
"Toronto (CMA), Ont.",Total - Visible minority,First generation,Total - Age,Total - Mother tongue,3172325,2922880
"Toronto (CMA), Ont.",Total - Visible minority,First generation,Total - Age,English,909645,694380
"Toronto (CMA), Ont.",Total - Visible minority,First generation,Total - Age,Chinese languages,469745,447600
"Toronto (CMA), Ont.",Total - Visible minority,First generation,Total - Age,Mandarin,243110,232590
"Toronto (CMA), Ont.",Total - Visible minority,First generation,Total - Age,Yue (Cantonese),207200,195185
"Toronto (CMA), Ont.",Total - Visible minority,First generation,Total - Age,"Chinese, n.o.s.",3975,3310
"Toronto (CMA), Ont.",Total - Visible minority,First generation,0 to 14 years,Total - Mother tongue,140525,122220
"Toronto (CMA), Ont.",Total - Visible minority,First generation,0 to 14 years,English,66445,48840
"Toronto (CMA), Ont.",Total - Visible minority,First generation,0 to 14 years,Chinese languages,11615,10035
"Toronto (CMA), Ont.",Total - Visible minority,First generation,0 to 14 years,Mandarin,8550,7510
"Toronto (CMA), Ont.",Total - Visible minority,First generation,0 to 14 years,Yue (Cantonese),2970,2435
"Toronto (CMA), Ont.",Total - Visible minority,First generation,0 to 14 years,"Chinese, n.o.s.",35,20
"Toronto (CMA), Ont.",Total - Visible minority,First generation,15 to 24 years,Total - Mother tongue,265170,235420
"Toronto (CMA), Ont.",Total - Visible minority,First generation,15 to 24 years,English,91755,64295
"Toronto (CMA), Ont.",Total - Visible minority,First generation,15 to 24 years,Chinese languages,34765,32215
"Toronto (CMA), Ont.",Total - Visible minority,First generation,15 to 24 years,Mandarin,27845,25970
"Toronto (CMA), Ont.",Total - Visible minority,First generation,15 to 24 years,Yue (Cantonese),6175,5480
"Toronto (CMA), Ont.",Total - Visible minority,First generation,15 to 24 years,"Chinese, n.o.s.",455,405
"Toronto (CMA), Ont.",Total - Visible minority,First generation,25 to 54 years,Total - Mother tongue,1549135,1408955
"Toronto (CMA), Ont.",Total - Visible minority,First generation,25 to 54 years,English,418710,296805
"Toronto (CMA), Ont.",Total - Visible minority,First generation,25 to 54 years,Chinese languages,224110,213140
"Toronto (CMA), Ont.",Total - Visible minority,First generation,25 to 54 years,Mandarin,142985,137370
"Toronto (CMA), Ont.",Total - Visible minority,First generation,25 to 54 years,Yue (Cantonese),74690,68910
"Toronto (CMA), Ont.",Total - Visible minority,First generation,25 to 54 years,"Chinese, n.o.s.",1155,940
"Toronto (CMA), Ont.",Total - Visible minority,Second generation,Total - Age,Total - Mother tongue,1721285,1571455
"Toronto (CMA), Ont.",Total - Visible minority,Second generation,Total - Age,English,1323615,1177280
"Toronto (CMA), Ont.",Total - Visible minority,Second generation,Total - Age,Chinese languages,92990,72230
"Toronto (CMA), Ont.",Total - Visible minority,Second generation,Total - Age,Mandarin,35350,27480
"Toronto (CMA), Ont.",Total - Visible minority,Second generation,Total - Age,Yue (Cantonese),55200,42585
"Toronto (CMA), Ont.",Total - Visible minority,Second generation,Total - Age,"Chinese, n.o.s.",260,190
"Toronto (CMA), Ont.",Total - Visible minority,Second generation,0 to 14 years,Total - Mother tongue,561675,500250
"Toronto (CMA), Ont.",Total - Visible minority,Second generation,0 to 14 years,English,410805,350835
"Toronto (CMA), Ont.",Total - Visible minority,Second generation,0 to 14 years,Chinese languages,40755,31740
"Toronto (CMA), Ont.",Total - Visible minority,Second generation,0 to 14 years,Mandarin,26610,20685
"Toronto (CMA), Ont.",Total - Visible minority,Second generation,0 to 14 years,Yue (Cantonese),13775,10590
"Toronto (CMA), Ont.",Total - Visible minority,Second generation,0 to 14 years,"Chinese, n.o.s.",70,60
"Toronto (CMA), Ont.",Total - Visible minority,Second generation,15 to 24 years,Total - Mother tongue,330420,297810
"Toronto (CMA), Ont.",Total - Visible minority,Second generation,15 to 24 years,English,252625,220640
"Toronto (CMA), Ont.",Total - Visible minority,Second generation,15 to 24 years,Chinese languages,20240,15825
"Toronto (CMA), Ont.",Total - Visible minority,Second generation,15 to 24 years,Mandarin,6565,5165
"Toronto (CMA), Ont.",Total - Visible minority,Second generation,15 to 24 years,Yue (Cantonese),13115,10185
"Toronto (CMA), Ont.",Total - Visible minority,Second generation,15 to 24 years,"Chinese, n.o.s.",30,10
"Toronto (CMA), Ont.",Total - Visible minority,Second generation,25 to 54 years,Total - Mother tongue,616445,568730
"Toronto (CMA), Ont.",Total - Visible minority,Second generation,25 to 54 years,English,493190,446550
"Toronto (CMA), Ont.",Total - Visible minority,Second generation,25 to 54 years,Chinese languages,29860,22810
"Toronto (CMA), Ont.",Total - Visible minority,Second generation,25 to 54 years,Mandarin,2125,1585
"Toronto (CMA), Ont.",Total - Visible minority,Second generation,25 to 54 years,Yue (Cantonese),26325,20085
"Toronto (CMA), Ont.",Total - Visible minority,Second generation,25 to 54 years,"Chinese, n.o.s.",80,55
"Toronto (CMA), Ont.",Total - Visible minority,Third generation or more,Total - Age,Total - Mother tongue,1249270,1233505
"Toronto (CMA), Ont.",Total - Visible minority,Third generation or more,Total - Age,English,1214280,1198700
"Toronto (CMA), Ont.",Total - Visible minority,Third generation or more,Total - Age,Chinese languages,1335,840
"Toronto (CMA), Ont.",Total - Visible minority,Third generation or more,Total - Age,Mandarin,175,135
"Toronto (CMA), Ont.",Total - Visible minority,Third generation or more,Total - Age,Yue (Cantonese),1090,650
"Toronto (CMA), Ont.",Total - Visible minority,Third generation or more,Total - Age,"Chinese, n.o.s.",10,10
"Toronto (CMA), Ont.",Total - Visible minority,Third generation or more,0 to 14 years,Total - Mother tongue,261540,256410
"Toronto (CMA), Ont.",Total - Visible minority,Third generation or more,0 to 14 years,English,256860,251795
"Toronto (CMA), Ont.",Total - Visible minority,Third generation or more,0 to 14 years,Chinese languages,935,565
"Toronto (CMA), Ont.",Total - Visible minority,Third generation or more,0 to 14 years,Mandarin,110,90
"Toronto (CMA), Ont.",Total - Visible minority,Third generation or more,0 to 14 years,Yue (Cantonese),775,440
"Toronto (CMA), Ont.",Total - Visible minority,Third generation or more,0 to 14 years,"Chinese, n.o.s.",0,0
"Toronto (CMA), Ont.",Total - Visible minority,Third generation or more,15 to 24 years,Total - Mother tongue,176950,174445
"Toronto (CMA), Ont.",Total - Visible minority,Third generation or more,15 to 24 years,English,173540,171060
"Toronto (CMA), Ont.",Total - Visible minority,Third generation or more,15 to 24 years,Chinese languages,165,95
"Toronto (CMA), Ont.",Total - Visible minority,Third generation or more,15 to 24 years,Mandarin,15,0
"Toronto (CMA), Ont.",Total - Visible minority,Third generation or more,15 to 24 years,Yue (Cantonese),145,85
"Toronto (CMA), Ont.",Total - Visible minority,Third generation or more,15 to 24 years,"Chinese, n.o.s.",0,0
"Toronto (CMA), Ont.",Total - Visible minority,Third generation or more,25 to 54 years,Total - Mother tongue,460715,454715
"Toronto (CMA), Ont.",Total - Visible minority,Third generation or more,25 to 54 years,English,447400,441460
"Toronto (CMA), Ont.",Total - Visible minority,Third generation or more,25 to 54 years,Chinese languages,180,120
"Toronto (CMA), Ont.",Total - Visible minority,Third generation or more,25 to 54 years,Mandarin,15,0
"Toronto (CMA), Ont.",Total - Visible minority,Third generation or more,25 to 54 years,Yue (Cantonese),150,100
"Toronto (CMA), Ont.",Total - Visible minority,Third generation or more,25 to 54 years,"Chinese, n.o.s.",0,0
"Toronto (CMA), Ont.",Chinese,Total - Generation status,Total - Age,Total - Mother tongue,679730,638895
"Toronto (CMA), Ont.",Chinese,Total - Generation status,Total - Age,English,162700,125960
"Toronto (CMA), Ont.",Chinese,Total - Generation status,Total - Age,Chinese languages,545775,506650
"Toronto (CMA), Ont.",Chinese,Total - Generation status,Total - Age,Mandarin,274790,257555
"Toronto (CMA), Ont.",Chinese,Total - Generation status,Total - Age,Yue (Cantonese),251715,229145
"Toronto (CMA), Ont.",Chinese,Total - Generation status,Total - Age,"Chinese, n.o.s.",3905,3405
"Toronto (CMA), Ont.",Chinese,Total - Generation status,0 to 14 years,Total - Mother tongue,98660,88145
"Toronto (CMA), Ont.",Chinese,Total - Generation status,0 to 14 years,English,56685,46380
"Toronto (CMA), Ont.",Chinese,Total - Generation status,0 to 14 years,Chinese languages,51465,41385
"Toronto (CMA), Ont.",Chinese,Total - Generation status,0 to 14 years,Mandarin,34550,27950
"Toronto (CMA), Ont.",Chinese,Total - Generation status,0 to 14 years,Yue (Cantonese),16450,12885
"Toronto (CMA), Ont.",Chinese,Total - Generation status,0 to 14 years,"Chinese, n.o.s.",105,90
"Toronto (CMA), Ont.",Chinese,Total - Generation status,15 to 24 years,Total - Mother tongue,79970,73140
"Toronto (CMA), Ont.",Chinese,Total - Generation status,15 to 24 years,English,32620,26060
"Toronto (CMA), Ont.",Chinese,Total - Generation status,15 to 24 years,Chinese languages,53095,46620
"Toronto (CMA), Ont.",Chinese,Total - Generation status,15 to 24 years,Mandarin,33960,30825
"Toronto (CMA), Ont.",Chinese,Total - Generation status,15 to 24 years,Yue (Cantonese),18030,14700
"Toronto (CMA), Ont.",Chinese,Total - Generation status,15 to 24 years,"Chinese, n.o.s.",460,410
"Toronto (CMA), Ont.",Chinese,Total - Generation status,25 to 54 years,Total - Mother tongue,291130,274270
"Toronto (CMA), Ont.",Chinese,Total - Generation status,25 to 54 years,English,56190,41365
"Toronto (CMA), Ont.",Chinese,Total - Generation status,25 to 54 years,Chinese languages,246415,230190
"Toronto (CMA), Ont.",Chinese,Total - Generation status,25 to 54 years,Mandarin,143340,137605
"Toronto (CMA), Ont.",Chinese,Total - Generation status,25 to 54 years,Yue (Cantonese),96250,85325
"Toronto (CMA), Ont.",Chinese,Total - Generation status,25 to 54 years,"Chinese, n.o.s.",1095,950
"Toronto (CMA), Ont.",Chinese,First generation,Total - Age,Total - Mother tongue,494535,473910
"Toronto (CMA), Ont.",Chinese,First generation,Total - Age,English,48305,31375
"Toronto (CMA), Ont.",Chinese,First generation,Total - Age,Chinese languages,456810,437030
"Toronto (CMA), Ont.",Chinese,First generation,Total - Age,Mandarin,240190,230425
"Toronto (CMA), Ont.",Chinese,First generation,Total - Age,Yue (Cantonese),199405,188520
"Toronto (CMA), Ont.",Chinese,First generation,Total - Age,"Chinese, n.o.s.",3660,3225
"Toronto (CMA), Ont.",Chinese,First generation,0 to 14 years,Total - Mother tongue,14995,13475
"Toronto (CMA), Ont.",Chinese,First generation,0 to 14 years,English,4980,3495
"Toronto (CMA), Ont.",Chinese,First generation,0 to 14 years,Chinese languages,11395,9920
"Toronto (CMA), Ont.",Chinese,First generation,0 to 14 years,Mandarin,8410,7425
"Toronto (CMA), Ont.",Chinese,First generation,0 to 14 years,Yue (Cantonese),2905,2415
"Toronto (CMA), Ont.",Chinese,First generation,0 to 14 years,"Chinese, n.o.s.",25,20
"Toronto (CMA), Ont.",Chinese,First generation,15 to 24 years,Total - Mother tongue,40010,37520
"Toronto (CMA), Ont.",Chinese,First generation,15 to 24 years,English,7720,5420
"Toronto (CMA), Ont.",Chinese,First generation,15 to 24 years,Chinese languages,34195,31790
"Toronto (CMA), Ont.",Chinese,First generation,15 to 24 years,Mandarin,27535,25755
"Toronto (CMA), Ont.",Chinese,First generation,15 to 24 years,Yue (Cantonese),5990,5325
"Toronto (CMA), Ont.",Chinese,First generation,15 to 24 years,"Chinese, n.o.s.",435,405
"Toronto (CMA), Ont.",Chinese,First generation,25 to 54 years,Total - Mother tongue,235065,224815
"Toronto (CMA), Ont.",Chinese,First generation,25 to 54 years,English,21965,13610
"Toronto (CMA), Ont.",Chinese,First generation,25 to 54 years,Chinese languages,218560,208730
"Toronto (CMA), Ont.",Chinese,First generation,25 to 54 years,Mandarin,141350,136130
"Toronto (CMA), Ont.",Chinese,First generation,25 to 54 years,Yue (Cantonese),71495,66280
"Toronto (CMA), Ont.",Chinese,First generation,25 to 54 years,"Chinese, n.o.s.",1035,910
"Toronto (CMA), Ont.",Chinese,Second generation,Total - Age,Total - Mother tongue,171240,151550
"Toronto (CMA), Ont.",Chinese,Second generation,Total - Age,English,101240,81940
"Toronto (CMA), Ont.",Chinese,Second generation,Total - Age,Chinese languages,87850,68910
"Toronto (CMA), Ont.",Chinese,Second generation,Total - Age,Mandarin,34475,27035
"Toronto (CMA), Ont.",Chinese,Second generation,Total - Age,Yue (Cantonese),51385,40055
"Toronto (CMA), Ont.",Chinese,Second generation,Total - Age,"Chinese, n.o.s.",230,175
"Toronto (CMA), Ont.",Chinese,Second generation,0 to 14 years,Total - Mother tongue,75310,66700
"Toronto (CMA), Ont.",Chinese,Second generation,0 to 14 years,English,43895,35455
"Toronto (CMA), Ont.",Chinese,Second generation,0 to 14 years,Chinese languages,39275,30960
"Toronto (CMA), Ont.",Chinese,Second generation,0 to 14 years,Mandarin,26035,20445
"Toronto (CMA), Ont.",Chinese,Second generation,0 to 14 years,Yue (Cantonese),12885,10085
"Toronto (CMA), Ont.",Chinese,Second generation,0 to 14 years,"Chinese, n.o.s.",70,60
"Toronto (CMA), Ont.",Chinese,Second generation,15 to 24 years,Total - Mother tongue,37455,33200
"Toronto (CMA), Ont.",Chinese,Second generation,15 to 24 years,English,22500,18320
"Toronto (CMA), Ont.",Chinese,Second generation,15 to 24 years,Chinese languages,18755,14745
"Toronto (CMA), Ont.",Chinese,Second generation,15 to 24 years,Mandarin,6410,5065
"Toronto (CMA), Ont.",Chinese,Second generation,15 to 24 years,Yue (Cantonese),11920,9295
"Toronto (CMA), Ont.",Chinese,Second generation,15 to 24 years,"Chinese, n.o.s.",25,10
"Toronto (CMA), Ont.",Chinese,Second generation,25 to 54 years,Total - Mother tongue,53480,46930
"Toronto (CMA), Ont.",Chinese,Second generation,25 to 54 years,English,31760,25345
"Toronto (CMA), Ont.",Chinese,Second generation,25 to 54 years,Chinese languages,27710,21355
"Toronto (CMA), Ont.",Chinese,Second generation,25 to 54 years,Mandarin,1985,1480
"Toronto (CMA), Ont.",Chinese,Second generation,25 to 54 years,Yue (Cantonese),24625,18950
"Toronto (CMA), Ont.",Chinese,Second generation,25 to 54 years,"Chinese, n.o.s.",65,40
"Toronto (CMA), Ont.",Chinese,Third generation or more,Total - Age,Total - Mother tongue,13955,13435
"Toronto (CMA), Ont.",Chinese,Third generation or more,Total - Age,English,13160,12645
"Toronto (CMA), Ont.",Chinese,Third generation or more,Total - Age,Chinese languages,1110,715
"Toronto (CMA), Ont.",Chinese,Third generation or more,Total - Age,Mandarin,130,95
"Toronto (CMA), Ont.",Chinese,Third generation or more,Total - Age,Yue (Cantonese),920,565
"Toronto (CMA), Ont.",Chinese,Third generation or more,Total - Age,"Chinese, n.o.s.",10,10
"Toronto (CMA), Ont.",Chinese,Third generation or more,0 to 14 years,Total - Mother tongue,8345,7965
"Toronto (CMA), Ont.",Chinese,Third generation or more,0 to 14 years,English,7805,7430
"Toronto (CMA), Ont.",Chinese,Third generation or more,0 to 14 years,Chinese languages,800,505
"Toronto (CMA), Ont.",Chinese,Third generation or more,0 to 14 years,Mandarin,105,85
"Toronto (CMA), Ont.",Chinese,Third generation or more,0 to 14 years,Yue (Cantonese),665,390
"Toronto (CMA), Ont.",Chinese,Third generation or more,0 to 14 years,"Chinese, n.o.s.",0,0
"Toronto (CMA), Ont.",Chinese,Third generation or more,15 to 24 years,Total - Mother tongue,2505,2420
"Toronto (CMA), Ont.",Chinese,Third generation or more,15 to 24 years,English,2400,2320
"Toronto (CMA), Ont.",Chinese,Third generation or more,15 to 24 years,Chinese languages,140,85
"Toronto (CMA), Ont.",Chinese,Third generation or more,15 to 24 years,Mandarin,15,0
"Toronto (CMA), Ont.",Chinese,Third generation or more,15 to 24 years,Yue (Cantonese),120,75
"Toronto (CMA), Ont.",Chinese,Third generation or more,15 to 24 years,"Chinese, n.o.s.",0,0
"Toronto (CMA), Ont.",Chinese,Third generation or more,25 to 54 years,Total - Mother tongue,2585,2525
"Toronto (CMA), Ont.",Chinese,Third generation or more,25 to 54 years,English,2470,2410
"Toronto (CMA), Ont.",Chinese,Third generation or more,25 to 54 years,Chinese languages,145,100
"Toronto (CMA), Ont.",Chinese,Third generation or more,25 to 54 years,Mandarin,10,0
"Toronto (CMA), Ont.",Chinese,Third generation or more,25 to 54 years,Yue (Cantonese),130,90
"Toronto (CMA), Ont.",Chinese,Third generation or more,25 to 54 years,"Chinese, n.o.s.",0,0
"Winnipeg (CMA), Man.",Total - Visible minority,Total - Generation status,Total - Age,Total - Mother tongue,819715,778915
"Winnipeg (CMA), Man.",Total - Visible minority,Total - Generation status,Total - Age,English,587610,550220
"Winnipeg (CMA), Man.",Total - Visible minority,Total - Generation status,Total - Age,Chinese languages,19385,17775
"Winnipeg (CMA), Man.",Total - Visible minority,Total - Generation status,Total - Age,Mandarin,11975,11140
"Winnipeg (CMA), Man.",Total - Visible minority,Total - Generation status,Total - Age,Yue (Cantonese),6905,6165
"Winnipeg (CMA), Man.",Total - Visible minority,Total - Generation status,Total - Age,"Chinese, n.o.s.",160,125
"Winnipeg (CMA), Man.",Total - Visible minority,Total - Generation status,0 to 14 years,Total - Mother tongue,140530,131810
"Winnipeg (CMA), Man.",Total - Visible minority,Total - Generation status,0 to 14 years,English,116455,107955
"Winnipeg (CMA), Man.",Total - Visible minority,Total - Generation status,0 to 14 years,Chinese languages,2720,2270
"Winnipeg (CMA), Man.",Total - Visible minority,Total - Generation status,0 to 14 years,Mandarin,1965,1630
"Winnipeg (CMA), Man.",Total - Visible minority,Total - Generation status,0 to 14 years,Yue (Cantonese),730,615
"Winnipeg (CMA), Man.",Total - Visible minority,Total - Generation status,0 to 14 years,"Chinese, n.o.s.",0,0
"Winnipeg (CMA), Man.",Total - Visible minority,Total - Generation status,15 to 24 years,Total - Mother tongue,107790,100820
"Winnipeg (CMA), Man.",Total - Visible minority,Total - Generation status,15 to 24 years,English,77865,71305
"Winnipeg (CMA), Man.",Total - Visible minority,Total - Generation status,15 to 24 years,Chinese languages,2545,2255
"Winnipeg (CMA), Man.",Total - Visible minority,Total - Generation status,15 to 24 years,Mandarin,1980,1795
"Winnipeg (CMA), Man.",Total - Visible minority,Total - Generation status,15 to 24 years,Yue (Cantonese),570,440
"Winnipeg (CMA), Man.",Total - Visible minority,Total - Generation status,15 to 24 years,"Chinese, n.o.s.",0,0
"Winnipeg (CMA), Man.",Total - Visible minority,Total - Generation status,25 to 54 years,Total - Mother tongue,334620,316420
"Winnipeg (CMA), Man.",Total - Visible minority,Total - Generation status,25 to 54 years,English,226900,210490
"Winnipeg (CMA), Man.",Total - Visible minority,Total - Generation status,25 to 54 years,Chinese languages,10215,9545
"Winnipeg (CMA), Man.",Total - Visible minority,Total - Generation status,25 to 54 years,Mandarin,6785,6515
"Winnipeg (CMA), Man.",Total - Visible minority,Total - Generation status,25 to 54 years,Yue (Cantonese),3165,2800
"Winnipeg (CMA), Man.",Total - Visible minority,Total - Generation status,25 to 54 years,"Chinese, n.o.s.",70,45
"Winnipeg (CMA), Man.",Total - Visible minority,First generation,Total - Age,Total - Mother tongue,244185,220025
"Winnipeg (CMA), Man.",Total - Visible minority,First generation,Total - Age,English,67355,46195
"Winnipeg (CMA), Man.",Total - Visible minority,First generation,Total - Age,Chinese languages,16775,15780
"Winnipeg (CMA), Man.",Total - Visible minority,First generation,Total - Age,Mandarin,10875,10330
"Winnipeg (CMA), Man.",Total - Visible minority,First generation,Total - Age,Yue (Cantonese),5475,5050
"Winnipeg (CMA), Man.",Total - Visible minority,First generation,Total - Age,"Chinese, n.o.s.",140,105
"Winnipeg (CMA), Man.",Total - Visible minority,First generation,0 to 14 years,Total - Mother tongue,20035,17445
"Winnipeg (CMA), Man.",Total - Visible minority,First generation,0 to 14 years,English,9345,6855
"Winnipeg (CMA), Man.",Total - Visible minority,First generation,0 to 14 years,Chinese languages,1450,1300
"Winnipeg (CMA), Man.",Total - Visible minority,First generation,0 to 14 years,Mandarin,1035,930
"Winnipeg (CMA), Man.",Total - Visible minority,First generation,0 to 14 years,Yue (Cantonese),400,360
"Winnipeg (CMA), Man.",Total - Visible minority,First generation,0 to 14 years,"Chinese, n.o.s.",0,0
"Winnipeg (CMA), Man.",Total - Visible minority,First generation,15 to 24 years,Total - Mother tongue,37940,33240
"Winnipeg (CMA), Man.",Total - Visible minority,First generation,15 to 24 years,English,11860,7550
"Winnipeg (CMA), Man.",Total - Visible minority,First generation,15 to 24 years,Chinese languages,2190,2025
"Winnipeg (CMA), Man.",Total - Visible minority,First generation,15 to 24 years,Mandarin,1870,1730
"Winnipeg (CMA), Man.",Total - Visible minority,First generation,15 to 24 years,Yue (Cantonese),335,285
"Winnipeg (CMA), Man.",Total - Visible minority,First generation,15 to 24 years,"Chinese, n.o.s.",0,0
"Winnipeg (CMA), Man.",Total - Visible minority,First generation,25 to 54 years,Total - Mother tongue,120675,107855
"Winnipeg (CMA), Man.",Total - Visible minority,First generation,25 to 54 years,English,27775,16620
"Winnipeg (CMA), Man.",Total - Visible minority,First generation,25 to 54 years,Chinese languages,9370,8890
"Winnipeg (CMA), Man.",Total - Visible minority,First generation,25 to 54 years,Mandarin,6735,6480
"Winnipeg (CMA), Man.",Total - Visible minority,First generation,25 to 54 years,Yue (Cantonese),2415,2200
"Winnipeg (CMA), Man.",Total - Visible minority,First generation,25 to 54 years,"Chinese, n.o.s.",65,40
"Winnipeg (CMA), Man.",Total - Visible minority,Second generation,Total - Age,Total - Mother tongue,144605,134865
"Winnipeg (CMA), Man.",Total - Visible minority,Second generation,Total - Age,English,116760,107300
"Winnipeg (CMA), Man.",Total - Visible minority,Second generation,Total - Age,Chinese languages,2575,1975
"Winnipeg (CMA), Man.",Total - Visible minority,Second generation,Total - Age,Mandarin,1085,810
"Winnipeg (CMA), Man.",Total - Visible minority,Second generation,Total - Age,Yue (Cantonese),1410,1110
"Winnipeg (CMA), Man.",Total - Visible minority,Second generation,Total - Age,"Chinese, n.o.s.",15,15
"Winnipeg (CMA), Man.",Total - Visible minority,Second generation,0 to 14 years,Total - Mother tongue,42645,37975
"Winnipeg (CMA), Man.",Total - Visible minority,Second generation,0 to 14 years,English,31425,26865
"Winnipeg (CMA), Man.",Total - Visible minority,Second generation,0 to 14 years,Chinese languages,1255,970
"Winnipeg (CMA), Man.",Total - Visible minority,Second generation,0 to 14 years,Mandarin,930,700
"Winnipeg (CMA), Man.",Total - Visible minority,Second generation,0 to 14 years,Yue (Cantonese),315,255
"Winnipeg (CMA), Man.",Total - Visible minority,Second generation,0 to 14 years,"Chinese, n.o.s.",0,0
"Winnipeg (CMA), Man.",Total - Visible minority,Second generation,15 to 24 years,Total - Mother tongue,16615,15290
"Winnipeg (CMA), Man.",Total - Visible minority,Second generation,15 to 24 years,English,14365,13060
"Winnipeg (CMA), Man.",Total - Visible minority,Second generation,15 to 24 years,Chinese languages,350,225
"Winnipeg (CMA), Man.",Total - Visible minority,Second generation,15 to 24 years,Mandarin,105,70
"Winnipeg (CMA), Man.",Total - Visible minority,Second generation,15 to 24 years,Yue (Cantonese),230,155
"Winnipeg (CMA), Man.",Total - Visible minority,Second generation,15 to 24 years,"Chinese, n.o.s.",0,0
"Winnipeg (CMA), Man.",Total - Visible minority,Second generation,25 to 54 years,Total - Mother tongue,45230,42470
"Winnipeg (CMA), Man.",Total - Visible minority,Second generation,25 to 54 years,English,38875,36210
"Winnipeg (CMA), Man.",Total - Visible minority,Second generation,25 to 54 years,Chinese languages,835,650
"Winnipeg (CMA), Man.",Total - Visible minority,Second generation,25 to 54 years,Mandarin,45,30
"Winnipeg (CMA), Man.",Total - Visible minority,Second generation,25 to 54 years,Yue (Cantonese),750,595
"Winnipeg (CMA), Man.",Total - Visible minority,Second generation,25 to 54 years,"Chinese, n.o.s.",0,0
"Winnipeg (CMA), Man.",Total - Visible minority,Third generation or more,Total - Age,Total - Mother tongue,430925,424030
"Winnipeg (CMA), Man.",Total - Visible minority,Third generation or more,Total - Age,English,403490,396725
"Winnipeg (CMA), Man.",Total - Visible minority,Third generation or more,Total - Age,Chinese languages,35,15
"Winnipeg (CMA), Man.",Total - Visible minority,Third generation or more,Total - Age,Mandarin,15,0
"Winnipeg (CMA), Man.",Total - Visible minority,Third generation or more,Total - Age,Yue (Cantonese),20,10
"Winnipeg (CMA), Man.",Total - Visible minority,Third generation or more,Total - Age,"Chinese, n.o.s.",0,0
"Winnipeg (CMA), Man.",Total - Visible minority,Third generation or more,0 to 14 years,Total - Mother tongue,77850,76390
"Winnipeg (CMA), Man.",Total - Visible minority,Third generation or more,0 to 14 years,English,75685,74230
"Winnipeg (CMA), Man.",Total - Visible minority,Third generation or more,0 to 14 years,Chinese languages,10,0
"Winnipeg (CMA), Man.",Total - Visible minority,Third generation or more,0 to 14 years,Mandarin,0,0
"Winnipeg (CMA), Man.",Total - Visible minority,Third generation or more,0 to 14 years,Yue (Cantonese),10,0
"Winnipeg (CMA), Man.",Total - Visible minority,Third generation or more,0 to 14 years,"Chinese, n.o.s.",0,0
"Winnipeg (CMA), Man.",Total - Visible minority,Third generation or more,15 to 24 years,Total - Mother tongue,53235,52285
"Winnipeg (CMA), Man.",Total - Visible minority,Third generation or more,15 to 24 years,English,51645,50695
"Winnipeg (CMA), Man.",Total - Visible minority,Third generation or more,15 to 24 years,Chinese languages,10,0
"Winnipeg (CMA), Man.",Total - Visible minority,Third generation or more,15 to 24 years,Mandarin,0,0
"Winnipeg (CMA), Man.",Total - Visible minority,Third generation or more,15 to 24 years,Yue (Cantonese),0,0
"Winnipeg (CMA), Man.",Total - Visible minority,Third generation or more,15 to 24 years,"Chinese, n.o.s.",0,0
"Winnipeg (CMA), Man.",Total - Visible minority,Third generation or more,25 to 54 years,Total - Mother tongue,168715,166095
"Winnipeg (CMA), Man.",Total - Visible minority,Third generation or more,25 to 54 years,English,160250,157660
"Winnipeg (CMA), Man.",Total - Visible minority,Third generation or more,25 to 54 years,Chinese languages,10,0
"Winnipeg (CMA), Man.",Total - Visible minority,Third generation or more,25 to 54 years,Mandarin,0,0
"Winnipeg (CMA), Man.",Total - Visible minority,Third generation or more,25 to 54 years,Yue (Cantonese),0,0
"Winnipeg (CMA), Man.",Total - Visible minority,Third generation or more,25 to 54 years,"Chinese, n.o.s.",0,0
"Winnipeg (CMA), Man.",Chinese,Total - Generation status,Total - Age,Total - Mother tongue,23030,21560
"Winnipeg (CMA), Man.",Chinese,Total - Generation status,Total - Age,English,5555,4215
"Winnipeg (CMA), Man.",Chinese,Total - Generation status,Total - Age,Chinese languages,18535,17150
"Winnipeg (CMA), Man.",Chinese,Total - Generation status,Total - Age,Mandarin,11780,11010
"Winnipeg (CMA), Man.",Chinese,Total - Generation status,Total - Age,Yue (Cantonese),6415,5785
"Winnipeg (CMA), Man.",Chinese,Total - Generation status,Total - Age,"Chinese, n.o.s.",145,120
"Winnipeg (CMA), Man.",Chinese,Total - Generation status,0 to 14 years,Total - Mother tongue,4240,3805
"Winnipeg (CMA), Man.",Chinese,Total - Generation status,0 to 14 years,English,1970,1550
"Winnipeg (CMA), Man.",Chinese,Total - Generation status,0 to 14 years,Chinese languages,2645,2235
"Winnipeg (CMA), Man.",Chinese,Total - Generation status,0 to 14 years,Mandarin,1935,1625
"Winnipeg (CMA), Man.",Chinese,Total - Generation status,0 to 14 years,Yue (Cantonese),700,595
"Winnipeg (CMA), Man.",Chinese,Total - Generation status,0 to 14 years,"Chinese, n.o.s.",0,0
"Winnipeg (CMA), Man.",Chinese,Total - Generation status,15 to 24 years,Total - Mother tongue,3250,2995
"Winnipeg (CMA), Man.",Chinese,Total - Generation status,15 to 24 years,English,1005,770
"Winnipeg (CMA), Man.",Chinese,Total - Generation status,15 to 24 years,Chinese languages,2445,2215
"Winnipeg (CMA), Man.",Chinese,Total - Generation status,15 to 24 years,Mandarin,1915,1765
"Winnipeg (CMA), Man.",Chinese,Total - Generation status,15 to 24 years,Yue (Cantonese),540,435
"Winnipeg (CMA), Man.",Chinese,Total - Generation status,15 to 24 years,"Chinese, n.o.s.",0,0
"Winnipeg (CMA), Man.",Chinese,Total - Generation status,25 to 54 years,Total - Mother tongue,11510,10890
"Winnipeg (CMA), Man.",Chinese,Total - Generation status,25 to 54 years,English,2090,1535
"Winnipeg (CMA), Man.",Chinese,Total - Generation status,25 to 54 years,Chinese languages,9860,9280
"Winnipeg (CMA), Man.",Chinese,Total - Generation status,25 to 54 years,Mandarin,6730,6470
"Winnipeg (CMA), Man.",Chinese,Total - Generation status,25 to 54 years,Yue (Cantonese),2935,2625
"Winnipeg (CMA), Man.",Chinese,Total - Generation status,25 to 54 years,"Chinese, n.o.s.",65,40
"Winnipeg (CMA), Man.",Chinese,First generation,Total - Age,Total - Mother tongue,17275,16385
"Winnipeg (CMA), Man.",Chinese,First generation,Total - Age,English,1710,950
"Winnipeg (CMA), Man.",Chinese,First generation,Total - Age,Chinese languages,16120,15270
"Winnipeg (CMA), Man.",Chinese,First generation,Total - Age,Mandarin,10710,10200
"Winnipeg (CMA), Man.",Chinese,First generation,Total - Age,Yue (Cantonese),5115,4750
"Winnipeg (CMA), Man.",Chinese,First generation,Total - Age,"Chinese, n.o.s.",125,100
"Winnipeg (CMA), Man.",Chinese,First generation,0 to 14 years,Total - Mother tongue,1625,1475
"Winnipeg (CMA), Man.",Chinese,First generation,0 to 14 years,English,315,175
"Winnipeg (CMA), Man.",Chinese,First generation,0 to 14 years,Chinese languages,1430,1285
"Winnipeg (CMA), Man.",Chinese,First generation,0 to 14 years,Mandarin,1025,920
"Winnipeg (CMA), Man.",Chinese,First generation,0 to 14 years,Yue (Cantonese),400,360
"Winnipeg (CMA), Man.",Chinese,First generation,0 to 14 years,"Chinese, n.o.s.",0,0
"Winnipeg (CMA), Man.",Chinese,First generation,15 to 24 years,Total - Mother tongue,2325,2195
"Winnipeg (CMA), Man.",Chinese,First generation,15 to 24 years,English,300,190
"Winnipeg (CMA), Man.",Chinese,First generation,15 to 24 years,Chinese languages,2125,1995
"Winnipeg (CMA), Man.",Chinese,First generation,15 to 24 years,Mandarin,1810,1695
"Winnipeg (CMA), Man.",Chinese,First generation,15 to 24 years,Yue (Cantonese),325,285
"Winnipeg (CMA), Man.",Chinese,First generation,15 to 24 years,"Chinese, n.o.s.",0,0
"Winnipeg (CMA), Man.",Chinese,First generation,25 to 54 years,Total - Mother tongue,9670,9215
"Winnipeg (CMA), Man.",Chinese,First generation,25 to 54 years,English,845,460
"Winnipeg (CMA), Man.",Chinese,First generation,25 to 54 years,Chinese languages,9115,8695
"Winnipeg (CMA), Man.",Chinese,First generation,25 to 54 years,Mandarin,6680,6445
"Winnipeg (CMA), Man.",Chinese,First generation,25 to 54 years,Yue (Cantonese),2260,2085
"Winnipeg (CMA), Man.",Chinese,First generation,25 to 54 years,"Chinese, n.o.s.",60,35
"Winnipeg (CMA), Man.",Chinese,Second generation,Total - Age,Total - Mother tongue,4825,4275
"Winnipeg (CMA), Man.",Chinese,Second generation,Total - Age,English,2935,2395
"Winnipeg (CMA), Man.",Chinese,Second generation,Total - Age,Chinese languages,2390,1865
"Winnipeg (CMA), Man.",Chinese,Second generation,Total - Age,Mandarin,1065,810
"Winnipeg (CMA), Man.",Chinese,Second generation,Total - Age,Yue (Cantonese),1285,1020
"Winnipeg (CMA), Man.",Chinese,Second generation,Total - Age,"Chinese, n.o.s.",15,15
"Winnipeg (CMA), Man.",Chinese,Second generation,0 to 14 years,Total - Mother tongue,2160,1890
"Winnipeg (CMA), Man.",Chinese,Second generation,0 to 14 years,English,1205,940
"Winnipeg (CMA), Man.",Chinese,Second generation,0 to 14 years,Chinese languages,1205,940
"Winnipeg (CMA), Man.",Chinese,Second generation,0 to 14 years,Mandarin,910,700
"Winnipeg (CMA), Man.",Chinese,Second generation,0 to 14 years,Yue (Cantonese),285,235
"Winnipeg (CMA), Man.",Chinese,Second generation,0 to 14 years,"Chinese, n.o.s.",0,0
"Winnipeg (CMA), Man.",Chinese,Second generation,15 to 24 years,Total - Mother tongue,720,600
"Winnipeg (CMA), Man.",Chinese,Second generation,15 to 24 years,English,500,385
"Winnipeg (CMA), Man.",Chinese,Second generation,15 to 24 years,Chinese languages,320,220
"Winnipeg (CMA), Man.",Chinese,Second generation,15 to 24 years,Mandarin,105,70
"Winnipeg (CMA), Man.",Chinese,Second generation,15 to 24 years,Yue (Cantonese),210,145
"Winnipeg (CMA), Man.",Chinese,Second generation,15 to 24 years,"Chinese, n.o.s.",0,0
"Winnipeg (CMA), Man.",Chinese,Second generation,25 to 54 years,Total - Mother tongue,1645,1490
"Winnipeg (CMA), Man.",Chinese,Second generation,25 to 54 years,English,1050,900
"Winnipeg (CMA), Man.",Chinese,Second generation,25 to 54 years,Chinese languages,740,580
"Winnipeg (CMA), Man.",Chinese,Second generation,25 to 54 years,Mandarin,45,30
"Winnipeg (CMA), Man.",Chinese,Second generation,25 to 54 years,Yue (Cantonese),670,535
"Winnipeg (CMA), Man.",Chinese,Second generation,25 to 54 years,"Chinese, n.o.s.",0,0
"Winnipeg (CMA), Man.",Chinese,Third generation or more,Total - Age,Total - Mother tongue,935,895
"Winnipeg (CMA), Man.",Chinese,Third generation or more,Total - Age,English,915,875
"Winnipeg (CMA), Man.",Chinese,Third generation or more,Total - Age,Chinese languages,25,15
"Winnipeg (CMA), Man.",Chinese,Third generation or more,Total - Age,Mandarin,0,0
"Winnipeg (CMA), Man.",Chinese,Third generation or more,Total - Age,Yue (Cantonese),20,10
"Winnipeg (CMA), Man.",Chinese,Third generation or more,Total - Age,"Chinese, n.o.s.",0,0
"Winnipeg (CMA), Man.",Chinese,Third generation or more,0 to 14 years,Total - Mother tongue,455,435
"Winnipeg (CMA), Man.",Chinese,Third generation or more,0 to 14 years,English,450,430
"Winnipeg (CMA), Man.",Chinese,Third generation or more,0 to 14 years,Chinese languages,10,0
"Winnipeg (CMA), Man.",Chinese,Third generation or more,0 to 14 years,Mandarin,0,0
"Winnipeg (CMA), Man.",Chinese,Third generation or more,0 to 14 years,Yue (Cantonese),10,0
"Winnipeg (CMA), Man.",Chinese,Third generation or more,0 to 14 years,"Chinese, n.o.s.",0,0
"Winnipeg (CMA), Man.",Chinese,Third generation or more,15 to 24 years,Total - Mother tongue,210,200
"Winnipeg (CMA), Man.",Chinese,Third generation or more,15 to 24 years,English,205,200
"Winnipeg (CMA), Man.",Chinese,Third generation or more,15 to 24 years,Chinese languages,0,0
"Winnipeg (CMA), Man.",Chinese,Third generation or more,15 to 24 years,Mandarin,0,0
"Winnipeg (CMA), Man.",Chinese,Third generation or more,15 to 24 years,Yue (Cantonese),0,0
"Winnipeg (CMA), Man.",Chinese,Third generation or more,15 to 24 years,"Chinese, n.o.s.",0,0
"Winnipeg (CMA), Man.",Chinese,Third generation or more,25 to 54 years,Total - Mother tongue,195,185
"Winnipeg (CMA), Man.",Chinese,Third generation or more,25 to 54 years,English,190,180
"Winnipeg (CMA), Man.",Chinese,Third generation or more,25 to 54 years,Chinese languages,0,0
"Winnipeg (CMA), Man.",Chinese,Third generation or more,25 to 54 years,Mandarin,0,0
"Winnipeg (CMA), Man.",Chinese,Third generation or more,25 to 54 years,Yue (Cantonese),0,0
"Winnipeg (CMA), Man.",Chinese,Third generation or more,25 to 54 years,"Chinese, n.o.s.",0,0
"Calgary (CMA), Alta.",Total - Visible minority,Total - Generation status,Total - Age,Total - Mother tongue,1465175,1393185
"Calgary (CMA), Alta.",Total - Visible minority,Total - Generation status,Total - Age,English,1033920,968845
"Calgary (CMA), Alta.",Total - Visible minority,Total - Generation status,Total - Age,Chinese languages,73020,66610
"Calgary (CMA), Alta.",Total - Visible minority,Total - Generation status,Total - Age,Mandarin,34230,31695
"Calgary (CMA), Alta.",Total - Visible minority,Total - Generation status,Total - Age,Yue (Cantonese),36110,32270
"Calgary (CMA), Alta.",Total - Visible minority,Total - Generation status,Total - Age,"Chinese, n.o.s.",865,710
"Calgary (CMA), Alta.",Total - Visible minority,Total - Generation status,0 to 14 years,Total - Mother tongue,273825,256580
"Calgary (CMA), Alta.",Total - Visible minority,Total - Generation status,0 to 14 years,English,225010,208270
"Calgary (CMA), Alta.",Total - Visible minority,Total - Generation status,0 to 14 years,Chinese languages,8125,6445
"Calgary (CMA), Alta.",Total - Visible minority,Total - Generation status,0 to 14 years,Mandarin,5345,4350
"Calgary (CMA), Alta.",Total - Visible minority,Total - Generation status,0 to 14 years,Yue (Cantonese),2590,1940
"Calgary (CMA), Alta.",Total - Visible minority,Total - Generation status,0 to 14 years,"Chinese, n.o.s.",95,70
"Calgary (CMA), Alta.",Total - Visible minority,Total - Generation status,15 to 24 years,Total - Mother tongue,170735,160225
"Calgary (CMA), Alta.",Total - Visible minority,Total - Generation status,15 to 24 years,English,127855,117940
"Calgary (CMA), Alta.",Total - Visible minority,Total - Generation status,15 to 24 years,Chinese languages,5925,5085
"Calgary (CMA), Alta.",Total - Visible minority,Total - Generation status,15 to 24 years,Mandarin,3205,2860
"Calgary (CMA), Alta.",Total - Visible minority,Total - Generation status,15 to 24 years,Yue (Cantonese),2615,2125
"Calgary (CMA), Alta.",Total - Visible minority,Total - Generation status,15 to 24 years,"Chinese, n.o.s.",45,45
"Calgary (CMA), Alta.",Total - Visible minority,Total - Generation status,25 to 54 years,Total - Mother tongue,651350,617320
"Calgary (CMA), Alta.",Total - Visible minority,Total - Generation status,25 to 54 years,English,429335,399300
"Calgary (CMA), Alta.",Total - Visible minority,Total - Generation status,25 to 54 years,Chinese languages,33070,30245
"Calgary (CMA), Alta.",Total - Visible minority,Total - Generation status,25 to 54 years,Mandarin,18050,17165
"Calgary (CMA), Alta.",Total - Visible minority,Total - Generation status,25 to 54 years,Yue (Cantonese),13950,12000
"Calgary (CMA), Alta.",Total - Visible minority,Total - Generation status,25 to 54 years,"Chinese, n.o.s.",400,320
"Calgary (CMA), Alta.",Total - Visible minority,First generation,Total - Age,Total - Mother tongue,504270,460555
"Calgary (CMA), Alta.",Total - Visible minority,First generation,Total - Age,English,150660,113215
"Calgary (CMA), Alta.",Total - Visible minority,First generation,Total - Age,Chinese languages,58010,54955
"Calgary (CMA), Alta.",Total - Visible minority,First generation,Total - Age,Mandarin,29065,27630
"Calgary (CMA), Alta.",Total - Visible minority,First generation,Total - Age,Yue (Cantonese),26765,25125
"Calgary (CMA), Alta.",Total - Visible minority,First generation,Total - Age,"Chinese, n.o.s.",660,550
"Calgary (CMA), Alta.",Total - Visible minority,First generation,0 to 14 years,Total - Mother tongue,33510,29485
"Calgary (CMA), Alta.",Total - Visible minority,First generation,0 to 14 years,English,17400,13585
"Calgary (CMA), Alta.",Total - Visible minority,First generation,0 to 14 years,Chinese languages,1860,1610
"Calgary (CMA), Alta.",Total - Visible minority,First generation,0 to 14 years,Mandarin,1355,1195
"Calgary (CMA), Alta.",Total - Visible minority,First generation,0 to 14 years,Yue (Cantonese),460,370
"Calgary (CMA), Alta.",Total - Visible minority,First generation,0 to 14 years,"Chinese, n.o.s.",20,10
"Calgary (CMA), Alta.",Total - Visible minority,First generation,15 to 24 years,Total - Mother tongue,51535,45780
"Calgary (CMA), Alta.",Total - Visible minority,First generation,15 to 24 years,English,19760,14535
"Calgary (CMA), Alta.",Total - Visible minority,First generation,15 to 24 years,Chinese languages,3160,2890
"Calgary (CMA), Alta.",Total - Visible minority,First generation,15 to 24 years,Mandarin,2390,2215
"Calgary (CMA), Alta.",Total - Visible minority,First generation,15 to 24 years,Yue (Cantonese),740,640
"Calgary (CMA), Alta.",Total - Visible minority,First generation,15 to 24 years,"Chinese, n.o.s.",25,25
"Calgary (CMA), Alta.",Total - Visible minority,First generation,25 to 54 years,Total - Mother tongue,273380,247595
"Calgary (CMA), Alta.",Total - Visible minority,First generation,25 to 54 years,English,72515,50530
"Calgary (CMA), Alta.",Total - Visible minority,First generation,25 to 54 years,Chinese languages,27750,26195
"Calgary (CMA), Alta.",Total - Visible minority,First generation,25 to 54 years,Mandarin,17720,16915
"Calgary (CMA), Alta.",Total - Visible minority,First generation,25 to 54 years,Yue (Cantonese),9215,8420
"Calgary (CMA), Alta.",Total - Visible minority,First generation,25 to 54 years,"Chinese, n.o.s.",310,260
"Calgary (CMA), Alta.",Total - Visible minority,Second generation,Total - Age,Total - Mother tongue,313295,290720
"Calgary (CMA), Alta.",Total - Visible minority,Second generation,Total - Age,English,251585,229550
"Calgary (CMA), Alta.",Total - Visible minority,Second generation,Total - Age,Chinese languages,14565,11380
"Calgary (CMA), Alta.",Total - Visible minority,Second generation,Total - Age,Mandarin,5115,4050
"Calgary (CMA), Alta.",Total - Visible minority,Second generation,Total - Age,Yue (Cantonese),8985,6915
"Calgary (CMA), Alta.",Total - Visible minority,Second generation,Total - Age,"Chinese, n.o.s.",185,140
"Calgary (CMA), Alta.",Total - Visible minority,Second generation,0 to 14 years,Total - Mother tongue,117315,105515
"Calgary (CMA), Alta.",Total - Visible minority,Second generation,0 to 14 years,English,86065,74545
"Calgary (CMA), Alta.",Total - Visible minority,Second generation,0 to 14 years,Chinese languages,5945,4655
"Calgary (CMA), Alta.",Total - Visible minority,Second generation,0 to 14 years,Mandarin,3950,3135
"Calgary (CMA), Alta.",Total - Visible minority,Second generation,0 to 14 years,Yue (Cantonese),1865,1420
"Calgary (CMA), Alta.",Total - Visible minority,Second generation,0 to 14 years,"Chinese, n.o.s.",65,50
"Calgary (CMA), Alta.",Total - Visible minority,Second generation,15 to 24 years,Total - Mother tongue,44675,40695
"Calgary (CMA), Alta.",Total - Visible minority,Second generation,15 to 24 years,English,34530,30625
"Calgary (CMA), Alta.",Total - Visible minority,Second generation,15 to 24 years,Chinese languages,2720,2155
"Calgary (CMA), Alta.",Total - Visible minority,Second generation,15 to 24 years,Mandarin,815,650
"Calgary (CMA), Alta.",Total - Visible minority,Second generation,15 to 24 years,Yue (Cantonese),1835,1445
"Calgary (CMA), Alta.",Total - Visible minority,Second generation,15 to 24 years,"Chinese, n.o.s.",10,10
"Calgary (CMA), Alta.",Total - Visible minority,Second generation,25 to 54 years,Total - Mother tongue,95205,89540
"Calgary (CMA), Alta.",Total - Visible minority,Second generation,25 to 54 years,English,80940,75420
"Calgary (CMA), Alta.",Total - Visible minority,Second generation,25 to 54 years,Chinese languages,5255,4010
"Calgary (CMA), Alta.",Total - Visible minority,Second generation,25 to 54 years,Mandarin,325,245
"Calgary (CMA), Alta.",Total - Visible minority,Second generation,25 to 54 years,Yue (Cantonese),4690,3550
"Calgary (CMA), Alta.",Total - Visible minority,Second generation,25 to 54 years,"Chinese, n.o.s.",80,60
"Calgary (CMA), Alta.",Total - Visible minority,Third generation or more,Total - Age,Total - Mother tongue,647610,641910
"Calgary (CMA), Alta.",Total - Visible minority,Third generation or more,Total - Age,English,631670,626075
"Calgary (CMA), Alta.",Total - Visible minority,Third generation or more,Total - Age,Chinese languages,450,280
"Calgary (CMA), Alta.",Total - Visible minority,Third generation or more,Total - Age,Mandarin,45,20
"Calgary (CMA), Alta.",Total - Visible minority,Third generation or more,Total - Age,Yue (Cantonese),360,225
"Calgary (CMA), Alta.",Total - Visible minority,Third generation or more,Total - Age,"Chinese, n.o.s.",20,15
"Calgary (CMA), Alta.",Total - Visible minority,Third generation or more,0 to 14 years,Total - Mother tongue,123000,121575
"Calgary (CMA), Alta.",Total - Visible minority,Third generation or more,0 to 14 years,English,121545,120140
"Calgary (CMA), Alta.",Total - Visible minority,Third generation or more,0 to 14 years,Chinese languages,315,180
"Calgary (CMA), Alta.",Total - Visible minority,Third generation or more,0 to 14 years,Mandarin,40,10
"Calgary (CMA), Alta.",Total - Visible minority,Third generation or more,0 to 14 years,Yue (Cantonese),260,150
"Calgary (CMA), Alta.",Total - Visible minority,Third generation or more,0 to 14 years,"Chinese, n.o.s.",0,0
"Calgary (CMA), Alta.",Total - Visible minority,Third generation or more,15 to 24 years,Total - Mother tongue,74530,73745
"Calgary (CMA), Alta.",Total - Visible minority,Third generation or more,15 to 24 years,English,73560,72780
"Calgary (CMA), Alta.",Total - Visible minority,Third generation or more,15 to 24 years,Chinese languages,45,40
"Calgary (CMA), Alta.",Total - Visible minority,Third generation or more,15 to 24 years,Mandarin,0,0
"Calgary (CMA), Alta.",Total - Visible minority,Third generation or more,15 to 24 years,Yue (Cantonese),40,40
"Calgary (CMA), Alta.",Total - Visible minority,Third generation or more,15 to 24 years,"Chinese, n.o.s.",0,0
"Calgary (CMA), Alta.",Total - Visible minority,Third generation or more,25 to 54 years,Total - Mother tongue,282765,280185
"Calgary (CMA), Alta.",Total - Visible minority,Third generation or more,25 to 54 years,English,275875,273355
"Calgary (CMA), Alta.",Total - Visible minority,Third generation or more,25 to 54 years,Chinese languages,65,35
"Calgary (CMA), Alta.",Total - Visible minority,Third generation or more,25 to 54 years,Mandarin,0,0
"Calgary (CMA), Alta.",Total - Visible minority,Third generation or more,25 to 54 years,Yue (Cantonese),45,25
"Calgary (CMA), Alta.",Total - Visible minority,Third generation or more,25 to 54 years,"Chinese, n.o.s.",0,0
"Calgary (CMA), Alta.",Chinese,Total - Generation status,Total - Age,Total - Mother tongue,93510,87690
"Calgary (CMA), Alta.",Chinese,Total - Generation status,Total - Age,English,28250,23095
"Calgary (CMA), Alta.",Chinese,Total - Generation status,Total - Age,Chinese languages,69090,63520
"Calgary (CMA), Alta.",Chinese,Total - Generation status,Total - Age,Mandarin,33540,31160
"Calgary (CMA), Alta.",Chinese,Total - Generation status,Total - Age,Yue (Cantonese),33620,30275
"Calgary (CMA), Alta.",Chinese,Total - Generation status,Total - Age,"Chinese, n.o.s.",685,615
"Calgary (CMA), Alta.",Chinese,Total - Generation status,0 to 14 years,Total - Mother tongue,16125,14620
"Calgary (CMA), Alta.",Chinese,Total - Generation status,0 to 14 years,English,9775,8355
"Calgary (CMA), Alta.",Chinese,Total - Generation status,0 to 14 years,Chinese languages,7685,6220
"Calgary (CMA), Alta.",Chinese,Total - Generation status,0 to 14 years,Mandarin,5195,4255
"Calgary (CMA), Alta.",Chinese,Total - Generation status,0 to 14 years,Yue (Cantonese),2375,1845
"Calgary (CMA), Alta.",Chinese,Total - Generation status,0 to 14 years,"Chinese, n.o.s.",40,40
"Calgary (CMA), Alta.",Chinese,Total - Generation status,15 to 24 years,Total - Mother tongue,9725,8915
"Calgary (CMA), Alta.",Chinese,Total - Generation status,15 to 24 years,English,4870,4075
"Calgary (CMA), Alta.",Chinese,Total - Generation status,15 to 24 years,Chinese languages,5565,4800
"Calgary (CMA), Alta.",Chinese,Total - Generation status,15 to 24 years,Mandarin,3125,2790
"Calgary (CMA), Alta.",Chinese,Total - Generation status,15 to 24 years,Yue (Cantonese),2385,1935
"Calgary (CMA), Alta.",Chinese,Total - Generation status,15 to 24 years,"Chinese, n.o.s.",35,35
"Calgary (CMA), Alta.",Chinese,Total - Generation status,25 to 54 years,Total - Mother tongue,40235,37625
"Calgary (CMA), Alta.",Chinese,Total - Generation status,25 to 54 years,English,10485,8205
"Calgary (CMA), Alta.",Chinese,Total - Generation status,25 to 54 years,Chinese languages,31435,28960
"Calgary (CMA), Alta.",Chinese,Total - Generation status,25 to 54 years,Mandarin,17815,16955
"Calgary (CMA), Alta.",Chinese,Total - Generation status,25 to 54 years,Yue (Cantonese),12860,11135
"Calgary (CMA), Alta.",Chinese,Total - Generation status,25 to 54 years,"Chinese, n.o.s.",315,285
"Calgary (CMA), Alta.",Chinese,First generation,Total - Age,Total - Mother tongue,60560,57860
"Calgary (CMA), Alta.",Chinese,First generation,Total - Age,English,6335,4220
"Calgary (CMA), Alta.",Chinese,First generation,Total - Age,Chinese languages,55260,52685
"Calgary (CMA), Alta.",Chinese,First generation,Total - Age,Mandarin,28565,27220
"Calgary (CMA), Alta.",Chinese,First generation,Total - Age,Yue (Cantonese),25090,23690
"Calgary (CMA), Alta.",Chinese,First generation,Total - Age,"Chinese, n.o.s.",545,505
"Calgary (CMA), Alta.",Chinese,First generation,0 to 14 years,Total - Mother tongue,2275,2075
"Calgary (CMA), Alta.",Chinese,First generation,0 to 14 years,English,650,470
"Calgary (CMA), Alta.",Chinese,First generation,0 to 14 years,Chinese languages,1785,1595
"Calgary (CMA), Alta.",Chinese,First generation,0 to 14 years,Mandarin,1325,1180
"Calgary (CMA), Alta.",Chinese,First generation,0 to 14 years,Yue (Cantonese),425,370
"Calgary (CMA), Alta.",Chinese,First generation,0 to 14 years,"Chinese, n.o.s.",10,10
"Calgary (CMA), Alta.",Chinese,First generation,15 to 24 years,Total - Mother tongue,3685,3430
"Calgary (CMA), Alta.",Chinese,First generation,15 to 24 years,English,845,600
"Calgary (CMA), Alta.",Chinese,First generation,15 to 24 years,Chinese languages,3060,2805
"Calgary (CMA), Alta.",Chinese,First generation,15 to 24 years,Mandarin,2330,2170
"Calgary (CMA), Alta.",Chinese,First generation,15 to 24 years,Yue (Cantonese),700,610
"Calgary (CMA), Alta.",Chinese,First generation,15 to 24 years,"Chinese, n.o.s.",25,25
"Calgary (CMA), Alta.",Chinese,First generation,25 to 54 years,Total - Mother tongue,29170,27730
"Calgary (CMA), Alta.",Chinese,First generation,25 to 54 years,English,3135,2005
"Calgary (CMA), Alta.",Chinese,First generation,25 to 54 years,Chinese languages,26675,25305
"Calgary (CMA), Alta.",Chinese,First generation,25 to 54 years,Mandarin,17525,16735
"Calgary (CMA), Alta.",Chinese,First generation,25 to 54 years,Yue (Cantonese),8575,7875
"Calgary (CMA), Alta.",Chinese,First generation,25 to 54 years,"Chinese, n.o.s.",255,235
"Calgary (CMA), Alta.",Chinese,Second generation,Total - Age,Total - Mother tongue,27680,24690
"Calgary (CMA), Alta.",Chinese,Second generation,Total - Age,English,16870,13975
"Calgary (CMA), Alta.",Chinese,Second generation,Total - Age,Chinese languages,13485,10615
"Calgary (CMA), Alta.",Chinese,Second generation,Total - Age,Mandarin,4935,3920
"Calgary (CMA), Alta.",Chinese,Second generation,Total - Age,Yue (Cantonese),8240,6390
"Calgary (CMA), Alta.",Chinese,Second generation,Total - Age,"Chinese, n.o.s.",130,105
"Calgary (CMA), Alta.",Chinese,Second generation,0 to 14 years,Total - Mother tongue,10890,9685
"Calgary (CMA), Alta.",Chinese,Second generation,0 to 14 years,English,6315,5175
"Calgary (CMA), Alta.",Chinese,Second generation,0 to 14 years,Chinese languages,5660,4475
"Calgary (CMA), Alta.",Chinese,Second generation,0 to 14 years,Mandarin,3840,3060
"Calgary (CMA), Alta.",Chinese,Second generation,0 to 14 years,Yue (Cantonese),1750,1345
"Calgary (CMA), Alta.",Chinese,Second generation,0 to 14 years,"Chinese, n.o.s.",40,40
"Calgary (CMA), Alta.",Chinese,Second generation,15 to 24 years,Total - Mother tongue,5145,4600
"Calgary (CMA), Alta.",Chinese,Second generation,15 to 24 years,English,3170,2620
"Calgary (CMA), Alta.",Chinese,Second generation,15 to 24 years,Chinese languages,2475,1965
"Calgary (CMA), Alta.",Chinese,Second generation,15 to 24 years,Mandarin,790,625
"Calgary (CMA), Alta.",Chinese,Second generation,15 to 24 years,Yue (Cantonese),1645,1295
"Calgary (CMA), Alta.",Chinese,Second generation,15 to 24 years,"Chinese, n.o.s.",10,10
"Calgary (CMA), Alta.",Chinese,Second generation,25 to 54 years,Total - Mother tongue,9945,8805
"Calgary (CMA), Alta.",Chinese,Second generation,25 to 54 years,English,6260,5140
"Calgary (CMA), Alta.",Chinese,Second generation,25 to 54 years,Chinese languages,4715,3630
"Calgary (CMA), Alta.",Chinese,Second generation,25 to 54 years,Mandarin,280,215
"Calgary (CMA), Alta.",Chinese,Second generation,25 to 54 years,Yue (Cantonese),4255,3245
"Calgary (CMA), Alta.",Chinese,Second generation,25 to 54 years,"Chinese, n.o.s.",60,45
"Calgary (CMA), Alta.",Chinese,Third generation or more,Total - Age,Total - Mother tongue,5275,5135
"Calgary (CMA), Alta.",Chinese,Third generation or more,Total - Age,English,5035,4900
"Calgary (CMA), Alta.",Chinese,Third generation or more,Total - Age,Chinese languages,340,225
"Calgary (CMA), Alta.",Chinese,Third generation or more,Total - Age,Mandarin,40,20
"Calgary (CMA), Alta.",Chinese,Third generation or more,Total - Age,Yue (Cantonese),285,195
"Calgary (CMA), Alta.",Chinese,Third generation or more,Total - Age,"Chinese, n.o.s.",10,0
"Calgary (CMA), Alta.",Chinese,Third generation or more,0 to 14 years,Total - Mother tongue,2960,2865
"Calgary (CMA), Alta.",Chinese,Third generation or more,0 to 14 years,English,2810,2710
"Calgary (CMA), Alta.",Chinese,Third generation or more,0 to 14 years,Chinese languages,240,150
"Calgary (CMA), Alta.",Chinese,Third generation or more,0 to 14 years,Mandarin,30,10
"Calgary (CMA), Alta.",Chinese,Third generation or more,0 to 14 years,Yue (Cantonese),205,135
"Calgary (CMA), Alta.",Chinese,Third generation or more,0 to 14 years,"Chinese, n.o.s.",0,0
"Calgary (CMA), Alta.",Chinese,Third generation or more,15 to 24 years,Total - Mother tongue,890,890
"Calgary (CMA), Alta.",Chinese,Third generation or more,15 to 24 years,English,860,855
"Calgary (CMA), Alta.",Chinese,Third generation or more,15 to 24 years,Chinese languages,35,30
"Calgary (CMA), Alta.",Chinese,Third generation or more,15 to 24 years,Mandarin,0,0
"Calgary (CMA), Alta.",Chinese,Third generation or more,15 to 24 years,Yue (Cantonese),35,30
"Calgary (CMA), Alta.",Chinese,Third generation or more,15 to 24 years,"Chinese, n.o.s.",0,0
"Calgary (CMA), Alta.",Chinese,Third generation or more,25 to 54 years,Total - Mother tongue,1125,1095
"Calgary (CMA), Alta.",Chinese,Third generation or more,25 to 54 years,English,1095,1060
"Calgary (CMA), Alta.",Chinese,Third generation or more,25 to 54 years,Chinese languages,45,25
"Calgary (CMA), Alta.",Chinese,Third generation or more,25 to 54 years,Mandarin,0,0
"Calgary (CMA), Alta.",Chinese,Third generation or more,25 to 54 years,Yue (Cantonese),30,15
"Calgary (CMA), Alta.",Chinese,Third generation or more,25 to 54 years,"Chinese, n.o.s.",0,0
"Edmonton (CMA), Alta.",Total - Visible minority,Total - Generation status,Total - Age,Total - Mother tongue,1397750,1336200
"Edmonton (CMA), Alta.",Total - Visible minority,Total - Generation status,Total - Age,English,1036555,980985
"Edmonton (CMA), Alta.",Total - Visible minority,Total - Generation status,Total - Age,Chinese languages,49125,44930
"Edmonton (CMA), Alta.",Total - Visible minority,Total - Generation status,Total - Age,Mandarin,22410,20630
"Edmonton (CMA), Alta.",Total - Visible minority,Total - Generation status,Total - Age,Yue (Cantonese),24340,22020
"Edmonton (CMA), Alta.",Total - Visible minority,Total - Generation status,Total - Age,"Chinese, n.o.s.",675,520
"Edmonton (CMA), Alta.",Total - Visible minority,Total - Generation status,0 to 14 years,Total - Mother tongue,263330,249940
"Edmonton (CMA), Alta.",Total - Visible minority,Total - Generation status,0 to 14 years,English,222815,209835
"Edmonton (CMA), Alta.",Total - Visible minority,Total - Generation status,0 to 14 years,Chinese languages,4825,3810
"Edmonton (CMA), Alta.",Total - Visible minority,Total - Generation status,0 to 14 years,Mandarin,3200,2500
"Edmonton (CMA), Alta.",Total - Visible minority,Total - Generation status,0 to 14 years,Yue (Cantonese),1575,1255
"Edmonton (CMA), Alta.",Total - Visible minority,Total - Generation status,0 to 14 years,"Chinese, n.o.s.",35,15
"Edmonton (CMA), Alta.",Total - Visible minority,Total - Generation status,15 to 24 years,Total - Mother tongue,167190,158175
"Edmonton (CMA), Alta.",Total - Visible minority,Total - Generation status,15 to 24 years,English,130720,122270
"Edmonton (CMA), Alta.",Total - Visible minority,Total - Generation status,15 to 24 years,Chinese languages,4815,4250
"Edmonton (CMA), Alta.",Total - Visible minority,Total - Generation status,15 to 24 years,Mandarin,2765,2490
"Edmonton (CMA), Alta.",Total - Visible minority,Total - Generation status,15 to 24 years,Yue (Cantonese),1885,1595
"Edmonton (CMA), Alta.",Total - Visible minority,Total - Generation status,15 to 24 years,"Chinese, n.o.s.",65,60
"Edmonton (CMA), Alta.",Total - Visible minority,Total - Generation status,25 to 54 years,Total - Mother tongue,603665,574505
"Edmonton (CMA), Alta.",Total - Visible minority,Total - Generation status,25 to 54 years,English,423520,397685
"Edmonton (CMA), Alta.",Total - Visible minority,Total - Generation status,25 to 54 years,Chinese languages,21555,19810
"Edmonton (CMA), Alta.",Total - Visible minority,Total - Generation status,25 to 54 years,Mandarin,11430,10850
"Edmonton (CMA), Alta.",Total - Visible minority,Total - Generation status,25 to 54 years,Yue (Cantonese),9315,8205
"Edmonton (CMA), Alta.",Total - Visible minority,Total - Generation status,25 to 54 years,"Chinese, n.o.s.",240,175
"Edmonton (CMA), Alta.",Total - Visible minority,First generation,Total - Age,Total - Mother tongue,401120,364870
"Edmonton (CMA), Alta.",Total - Visible minority,First generation,Total - Age,English,116935,85985
"Edmonton (CMA), Alta.",Total - Visible minority,First generation,Total - Age,Chinese languages,38855,36780
"Edmonton (CMA), Alta.",Total - Visible minority,First generation,Total - Age,Mandarin,19000,18040
"Edmonton (CMA), Alta.",Total - Visible minority,First generation,Total - Age,Yue (Cantonese),17840,16770
"Edmonton (CMA), Alta.",Total - Visible minority,First generation,Total - Age,"Chinese, n.o.s.",565,455
"Edmonton (CMA), Alta.",Total - Visible minority,First generation,0 to 14 years,Total - Mother tongue,27825,24705
"Edmonton (CMA), Alta.",Total - Visible minority,First generation,0 to 14 years,English,13635,10670
"Edmonton (CMA), Alta.",Total - Visible minority,First generation,0 to 14 years,Chinese languages,805,700
"Edmonton (CMA), Alta.",Total - Visible minority,First generation,0 to 14 years,Mandarin,575,500
"Edmonton (CMA), Alta.",Total - Visible minority,First generation,0 to 14 years,Yue (Cantonese),245,200
"Edmonton (CMA), Alta.",Total - Visible minority,First generation,0 to 14 years,"Chinese, n.o.s.",0,0
"Edmonton (CMA), Alta.",Total - Visible minority,First generation,15 to 24 years,Total - Mother tongue,42790,37680
"Edmonton (CMA), Alta.",Total - Visible minority,First generation,15 to 24 years,English,14975,10305
"Edmonton (CMA), Alta.",Total - Visible minority,First generation,15 to 24 years,Chinese languages,2980,2760
"Edmonton (CMA), Alta.",Total - Visible minority,First generation,15 to 24 years,Mandarin,2335,2160
"Edmonton (CMA), Alta.",Total - Visible minority,First generation,15 to 24 years,Yue (Cantonese),590,535
"Edmonton (CMA), Alta.",Total - Visible minority,First generation,15 to 24 years,"Chinese, n.o.s.",55,50
"Edmonton (CMA), Alta.",Total - Visible minority,First generation,25 to 54 years,Total - Mother tongue,214885,193725
"Edmonton (CMA), Alta.",Total - Visible minority,First generation,25 to 54 years,English,55715,37740
"Edmonton (CMA), Alta.",Total - Visible minority,First generation,25 to 54 years,Chinese languages,17645,16690
"Edmonton (CMA), Alta.",Total - Visible minority,First generation,25 to 54 years,Mandarin,11090,10600
"Edmonton (CMA), Alta.",Total - Visible minority,First generation,25 to 54 years,Yue (Cantonese),5905,5475
"Edmonton (CMA), Alta.",Total - Visible minority,First generation,25 to 54 years,"Chinese, n.o.s.",200,155
"Edmonton (CMA), Alta.",Total - Visible minority,Second generation,Total - Age,Total - Mother tongue,278010,259925
"Edmonton (CMA), Alta.",Total - Visible minority,Second generation,Total - Age,English,223930,206425
"Edmonton (CMA), Alta.",Total - Visible minority,Second generation,Total - Age,Chinese languages,10010,8005
"Edmonton (CMA), Alta.",Total - Visible minority,Second generation,Total - Age,Mandarin,3360,2570
"Edmonton (CMA), Alta.",Total - Visible minority,Second generation,Total - Age,Yue (Cantonese),6310,5140
"Edmonton (CMA), Alta.",Total - Visible minority,Second generation,Total - Age,"Chinese, n.o.s.",85,60
"Edmonton (CMA), Alta.",Total - Visible minority,Second generation,0 to 14 years,Total - Mother tongue,96725,88090
"Edmonton (CMA), Alta.",Total - Visible minority,Second generation,0 to 14 years,English,72105,63725
"Edmonton (CMA), Alta.",Total - Visible minority,Second generation,0 to 14 years,Chinese languages,3840,3020
"Edmonton (CMA), Alta.",Total - Visible minority,Second generation,0 to 14 years,Mandarin,2590,1995
"Edmonton (CMA), Alta.",Total - Visible minority,Second generation,0 to 14 years,Yue (Cantonese),1195,975
"Edmonton (CMA), Alta.",Total - Visible minority,Second generation,0 to 14 years,"Chinese, n.o.s.",20,15
"Edmonton (CMA), Alta.",Total - Visible minority,Second generation,15 to 24 years,Total - Mother tongue,35595,32525
"Edmonton (CMA), Alta.",Total - Visible minority,Second generation,15 to 24 years,English,28290,25340
"Edmonton (CMA), Alta.",Total - Visible minority,Second generation,15 to 24 years,Chinese languages,1805,1475
"Edmonton (CMA), Alta.",Total - Visible minority,Second generation,15 to 24 years,Mandarin,430,325
"Edmonton (CMA), Alta.",Total - Visible minority,Second generation,15 to 24 years,Yue (Cantonese),1275,1055
"Edmonton (CMA), Alta.",Total - Visible minority,Second generation,15 to 24 years,"Chinese, n.o.s.",10,10
"Edmonton (CMA), Alta.",Total - Visible minority,Second generation,25 to 54 years,Total - Mother tongue,82645,77700
"Edmonton (CMA), Alta.",Total - Visible minority,Second generation,25 to 54 years,English,69920,65095
"Edmonton (CMA), Alta.",Total - Visible minority,Second generation,25 to 54 years,Chinese languages,3865,3095
"Edmonton (CMA), Alta.",Total - Visible minority,Second generation,25 to 54 years,Mandarin,335,245
"Edmonton (CMA), Alta.",Total - Visible minority,Second generation,25 to 54 years,Yue (Cantonese),3385,2720
"Edmonton (CMA), Alta.",Total - Visible minority,Second generation,25 to 54 years,"Chinese, n.o.s.",30,20
"Edmonton (CMA), Alta.",Total - Visible minority,Third generation or more,Total - Age,Total - Mother tongue,718625,711405
"Edmonton (CMA), Alta.",Total - Visible minority,Third generation or more,Total - Age,English,695695,688575
"Edmonton (CMA), Alta.",Total - Visible minority,Third generation or more,Total - Age,Chinese languages,260,135
"Edmonton (CMA), Alta.",Total - Visible minority,Third generation or more,Total - Age,Mandarin,50,20
"Edmonton (CMA), Alta.",Total - Visible minority,Third generation or more,Total - Age,Yue (Cantonese),185,100
"Edmonton (CMA), Alta.",Total - Visible minority,Third generation or more,Total - Age,"Chinese, n.o.s.",25,0
"Edmonton (CMA), Alta.",Total - Visible minority,Third generation or more,0 to 14 years,Total - Mother tongue,138780,137145
"Edmonton (CMA), Alta.",Total - Visible minority,Third generation or more,0 to 14 years,English,137075,135445
"Edmonton (CMA), Alta.",Total - Visible minority,Third generation or more,0 to 14 years,Chinese languages,180,90
"Edmonton (CMA), Alta.",Total - Visible minority,Third generation or more,0 to 14 years,Mandarin,40,10
"Edmonton (CMA), Alta.",Total - Visible minority,Third generation or more,0 to 14 years,Yue (Cantonese),140,80
"Edmonton (CMA), Alta.",Total - Visible minority,Third generation or more,0 to 14 years,"Chinese, n.o.s.",10,0
"Edmonton (CMA), Alta.",Total - Visible minority,Third generation or more,15 to 24 years,Total - Mother tongue,88805,87970
"Edmonton (CMA), Alta.",Total - Visible minority,Third generation or more,15 to 24 years,English,87460,86630
"Edmonton (CMA), Alta.",Total - Visible minority,Third generation or more,15 to 24 years,Chinese languages,25,15
"Edmonton (CMA), Alta.",Total - Visible minority,Third generation or more,15 to 24 years,Mandarin,0,0
"Edmonton (CMA), Alta.",Total - Visible minority,Third generation or more,15 to 24 years,Yue (Cantonese),20,10
"Edmonton (CMA), Alta.",Total - Visible minority,Third generation or more,15 to 24 years,"Chinese, n.o.s.",0,0
"Edmonton (CMA), Alta.",Total - Visible minority,Third generation or more,25 to 54 years,Total - Mother tongue,306135,303080
"Edmonton (CMA), Alta.",Total - Visible minority,Third generation or more,25 to 54 years,English,297885,294850
"Edmonton (CMA), Alta.",Total - Visible minority,Third generation or more,25 to 54 years,Chinese languages,50,25
"Edmonton (CMA), Alta.",Total - Visible minority,Third generation or more,25 to 54 years,Mandarin,10,10
"Edmonton (CMA), Alta.",Total - Visible minority,Third generation or more,25 to 54 years,Yue (Cantonese),25,15
"Edmonton (CMA), Alta.",Total - Visible minority,Third generation or more,25 to 54 years,"Chinese, n.o.s.",10,0
"Edmonton (CMA), Alta.",Chinese,Total - Generation status,Total - Age,Total - Mother tongue,62675,58960
"Edmonton (CMA), Alta.",Chinese,Total - Generation status,Total - Age,English,18915,15640
"Edmonton (CMA), Alta.",Chinese,Total - Generation status,Total - Age,Chinese languages,46155,42590
"Edmonton (CMA), Alta.",Chinese,Total - Generation status,Total - Age,Mandarin,21715,20145
"Edmonton (CMA), Alta.",Chinese,Total - Generation status,Total - Age,Yue (Cantonese),22585,20615
"Edmonton (CMA), Alta.",Chinese,Total - Generation status,Total - Age,"Chinese, n.o.s.",605,490
"Edmonton (CMA), Alta.",Chinese,Total - Generation status,0 to 14 years,Total - Mother tongue,10310,9355
"Edmonton (CMA), Alta.",Chinese,Total - Generation status,0 to 14 years,English,6540,5620
"Edmonton (CMA), Alta.",Chinese,Total - Generation status,0 to 14 years,Chinese languages,4600,3700
"Edmonton (CMA), Alta.",Chinese,Total - Generation status,0 to 14 years,Mandarin,3140,2475
"Edmonton (CMA), Alta.",Chinese,Total - Generation status,0 to 14 years,Yue (Cantonese),1420,1175
"Edmonton (CMA), Alta.",Chinese,Total - Generation status,0 to 14 years,"Chinese, n.o.s.",30,15
"Edmonton (CMA), Alta.",Chinese,Total - Generation status,15 to 24 years,Total - Mother tongue,7410,6915
"Edmonton (CMA), Alta.",Chinese,Total - Generation status,15 to 24 years,English,3315,2845
"Edmonton (CMA), Alta.",Chinese,Total - Generation status,15 to 24 years,Chinese languages,4470,3995
"Edmonton (CMA), Alta.",Chinese,Total - Generation status,15 to 24 years,Mandarin,2670,2450
"Edmonton (CMA), Alta.",Chinese,Total - Generation status,15 to 24 years,Yue (Cantonese),1660,1415
"Edmonton (CMA), Alta.",Chinese,Total - Generation status,15 to 24 years,"Chinese, n.o.s.",65,60
"Edmonton (CMA), Alta.",Chinese,Total - Generation status,25 to 54 years,Total - Mother tongue,26410,24895
"Edmonton (CMA), Alta.",Chinese,Total - Generation status,25 to 54 years,English,7055,5735
"Edmonton (CMA), Alta.",Chinese,Total - Generation status,25 to 54 years,Chinese languages,20330,18860
"Edmonton (CMA), Alta.",Chinese,Total - Generation status,25 to 54 years,Mandarin,11150,10640
"Edmonton (CMA), Alta.",Chinese,Total - Generation status,25 to 54 years,Yue (Cantonese),8575,7615
"Edmonton (CMA), Alta.",Chinese,Total - Generation status,25 to 54 years,"Chinese, n.o.s.",200,155
"Edmonton (CMA), Alta.",Chinese,First generation,Total - Age,Total - Mother tongue,40000,38225
"Edmonton (CMA), Alta.",Chinese,First generation,Total - Age,English,3955,2585
"Edmonton (CMA), Alta.",Chinese,First generation,Total - Age,Chinese languages,36710,35000
"Edmonton (CMA), Alta.",Chinese,First generation,Total - Age,Mandarin,18415,17595
"Edmonton (CMA), Alta.",Chinese,First generation,Total - Age,Yue (Cantonese),16715,15805
"Edmonton (CMA), Alta.",Chinese,First generation,Total - Age,"Chinese, n.o.s.",520,425
"Edmonton (CMA), Alta.",Chinese,First generation,0 to 14 years,Total - Mother tongue,1025,930
"Edmonton (CMA), Alta.",Chinese,First generation,0 to 14 years,English,330,250
"Edmonton (CMA), Alta.",Chinese,First generation,0 to 14 years,Chinese languages,775,680
"Edmonton (CMA), Alta.",Chinese,First generation,0 to 14 years,Mandarin,555,485
"Edmonton (CMA), Alta.",Chinese,First generation,0 to 14 years,Yue (Cantonese),235,190
"Edmonton (CMA), Alta.",Chinese,First generation,0 to 14 years,"Chinese, n.o.s.",0,0
"Edmonton (CMA), Alta.",Chinese,First generation,15 to 24 years,Total - Mother tongue,3300,3100
"Edmonton (CMA), Alta.",Chinese,First generation,15 to 24 years,English,545,365
"Edmonton (CMA), Alta.",Chinese,First generation,15 to 24 years,Chinese languages,2875,2675
"Edmonton (CMA), Alta.",Chinese,First generation,15 to 24 years,Mandarin,2280,2125
"Edmonton (CMA), Alta.",Chinese,First generation,15 to 24 years,Yue (Cantonese),545,490
"Edmonton (CMA), Alta.",Chinese,First generation,15 to 24 years,"Chinese, n.o.s.",55,50
"Edmonton (CMA), Alta.",Chinese,First generation,25 to 54 years,Total - Mother tongue,18300,17500
"Edmonton (CMA), Alta.",Chinese,First generation,25 to 54 years,English,1830,1215
"Edmonton (CMA), Alta.",Chinese,First generation,25 to 54 years,Chinese languages,16785,16025
"Edmonton (CMA), Alta.",Chinese,First generation,25 to 54 years,Mandarin,10835,10415
"Edmonton (CMA), Alta.",Chinese,First generation,25 to 54 years,Yue (Cantonese),5455,5105
"Edmonton (CMA), Alta.",Chinese,First generation,25 to 54 years,"Chinese, n.o.s.",170,140
"Edmonton (CMA), Alta.",Chinese,Second generation,Total - Age,Total - Mother tongue,18830,17020
"Edmonton (CMA), Alta.",Chinese,Second generation,Total - Age,English,11250,9480
"Edmonton (CMA), Alta.",Chinese,Second generation,Total - Age,Chinese languages,9225,7465
"Edmonton (CMA), Alta.",Chinese,Second generation,Total - Age,Mandarin,3250,2530
"Edmonton (CMA), Alta.",Chinese,Second generation,Total - Age,Yue (Cantonese),5705,4705
"Edmonton (CMA), Alta.",Chinese,Second generation,Total - Age,"Chinese, n.o.s.",80,55
"Edmonton (CMA), Alta.",Chinese,Second generation,0 to 14 years,Total - Mother tongue,7060,6300
"Edmonton (CMA), Alta.",Chinese,Second generation,0 to 14 years,English,4075,3340
"Edmonton (CMA), Alta.",Chinese,Second generation,0 to 14 years,Chinese languages,3665,2930
"Edmonton (CMA), Alta.",Chinese,Second generation,0 to 14 years,Mandarin,2540,1985
"Edmonton (CMA), Alta.",Chinese,Second generation,0 to 14 years,Yue (Cantonese),1070,900
"Edmonton (CMA), Alta.",Chinese,Second generation,0 to 14 years,"Chinese, n.o.s.",20,15
"Edmonton (CMA), Alta.",Chinese,Second generation,15 to 24 years,Total - Mother tongue,3395,3120
"Edmonton (CMA), Alta.",Chinese,Second generation,15 to 24 years,English,2080,1800
"Edmonton (CMA), Alta.",Chinese,Second generation,15 to 24 years,Chinese languages,1565,1300
"Edmonton (CMA), Alta.",Chinese,Second generation,15 to 24 years,Mandarin,385,320
"Edmonton (CMA), Alta.",Chinese,Second generation,15 to 24 years,Yue (Cantonese),1095,915
"Edmonton (CMA), Alta.",Chinese,Second generation,15 to 24 years,"Chinese, n.o.s.",10,10
"Edmonton (CMA), Alta.",Chinese,Second generation,25 to 54 years,Total - Mother tongue,7305,6600
"Edmonton (CMA), Alta.",Chinese,Second generation,25 to 54 years,English,4460,3760
"Edmonton (CMA), Alta.",Chinese,Second generation,25 to 54 years,Chinese languages,3500,2815
"Edmonton (CMA), Alta.",Chinese,Second generation,25 to 54 years,Mandarin,305,225
"Edmonton (CMA), Alta.",Chinese,Second generation,25 to 54 years,Yue (Cantonese),3090,2500
"Edmonton (CMA), Alta.",Chinese,Second generation,25 to 54 years,"Chinese, n.o.s.",25,15
"Edmonton (CMA), Alta.",Chinese,Third generation or more,Total - Age,Total - Mother tongue,3850,3715
"Edmonton (CMA), Alta.",Chinese,Third generation or more,Total - Age,English,3705,3575
"Edmonton (CMA), Alta.",Chinese,Third generation or more,Total - Age,Chinese languages,225,125
"Edmonton (CMA), Alta.",Chinese,Third generation or more,Total - Age,Mandarin,50,20
"Edmonton (CMA), Alta.",Chinese,Third generation or more,Total - Age,Yue (Cantonese),170,100
"Edmonton (CMA), Alta.",Chinese,Third generation or more,Total - Age,"Chinese, n.o.s.",10,0
"Edmonton (CMA), Alta.",Chinese,Third generation or more,0 to 14 years,Total - Mother tongue,2225,2125
"Edmonton (CMA), Alta.",Chinese,Third generation or more,0 to 14 years,English,2135,2030
"Edmonton (CMA), Alta.",Chinese,Third generation or more,0 to 14 years,Chinese languages,155,85
"Edmonton (CMA), Alta.",Chinese,Third generation or more,0 to 14 years,Mandarin,40,10
"Edmonton (CMA), Alta.",Chinese,Third generation or more,0 to 14 years,Yue (Cantonese),120,80
"Edmonton (CMA), Alta.",Chinese,Third generation or more,0 to 14 years,"Chinese, n.o.s.",0,0
"Edmonton (CMA), Alta.",Chinese,Third generation or more,15 to 24 years,Total - Mother tongue,710,695
"Edmonton (CMA), Alta.",Chinese,Third generation or more,15 to 24 years,English,690,680
"Edmonton (CMA), Alta.",Chinese,Third generation or more,15 to 24 years,Chinese languages,25,15
"Edmonton (CMA), Alta.",Chinese,Third generation or more,15 to 24 years,Mandarin,0,0
"Edmonton (CMA), Alta.",Chinese,Third generation or more,15 to 24 years,Yue (Cantonese),20,10
"Edmonton (CMA), Alta.",Chinese,Third generation or more,15 to 24 years,"Chinese, n.o.s.",0,0
"Edmonton (CMA), Alta.",Chinese,Third generation or more,25 to 54 years,Total - Mother tongue,805,790
"Edmonton (CMA), Alta.",Chinese,Third generation or more,25 to 54 years,English,770,755
"Edmonton (CMA), Alta.",Chinese,Third generation or more,25 to 54 years,Chinese languages,40,25
"Edmonton (CMA), Alta.",Chinese,Third generation or more,25 to 54 years,Mandarin,10,10
"Edmonton (CMA), Alta.",Chinese,Third generation or more,25 to 54 years,Yue (Cantonese),25,15
"Edmonton (CMA), Alta.",Chinese,Third generation or more,25 to 54 years,"Chinese, n.o.s.",0,0
"Vancouver (CMA), B.C.",Total - Visible minority,Total - Generation status,Total - Age,Total - Mother tongue,2607010,2466360
"Vancouver (CMA), B.C.",Total - Visible minority,Total - Generation status,Total - Age,English,1456695,1331080
"Vancouver (CMA), B.C.",Total - Visible minority,Total - Generation status,Total - Age,Chinese languages,424795,392920
"Vancouver (CMA), B.C.",Total - Visible minority,Total - Generation status,Total - Age,Mandarin,207405,192035
"Vancouver (CMA), B.C.",Total - Visible minority,Total - Generation status,Total - Age,Yue (Cantonese),199760,182810
"Vancouver (CMA), B.C.",Total - Visible minority,Total - Generation status,Total - Age,"Chinese, n.o.s.",2195,1765
"Vancouver (CMA), B.C.",Total - Visible minority,Total - Generation status,0 to 14 years,Total - Mother tongue,371565,342440
"Vancouver (CMA), B.C.",Total - Visible minority,Total - Generation status,0 to 14 years,English,269960,242215
"Vancouver (CMA), B.C.",Total - Visible minority,Total - Generation status,0 to 14 years,Chinese languages,41955,34235
"Vancouver (CMA), B.C.",Total - Visible minority,Total - Generation status,0 to 14 years,Mandarin,27310,22300
"Vancouver (CMA), B.C.",Total - Visible minority,Total - Generation status,0 to 14 years,Yue (Cantonese),14235,11430
"Vancouver (CMA), B.C.",Total - Visible minority,Total - Generation status,0 to 14 years,"Chinese, n.o.s.",55,25
"Vancouver (CMA), B.C.",Total - Visible minority,Total - Generation status,15 to 24 years,Total - Mother tongue,309565,286250
"Vancouver (CMA), B.C.",Total - Visible minority,Total - Generation status,15 to 24 years,English,192330,170290
"Vancouver (CMA), B.C.",Total - Visible minority,Total - Generation status,15 to 24 years,Chinese languages,40535,35340
"Vancouver (CMA), B.C.",Total - Visible minority,Total - Generation status,15 to 24 years,Mandarin,25480,22640
"Vancouver (CMA), B.C.",Total - Visible minority,Total - Generation status,15 to 24 years,Yue (Cantonese),14315,11900
"Vancouver (CMA), B.C.",Total - Visible minority,Total - Generation status,15 to 24 years,"Chinese, n.o.s.",165,140
"Vancouver (CMA), B.C.",Total - Visible minority,Total - Generation status,25 to 54 years,Total - Mother tongue,1137620,1073955
"Vancouver (CMA), B.C.",Total - Visible minority,Total - Generation status,25 to 54 years,English,592625,536280
"Vancouver (CMA), B.C.",Total - Visible minority,Total - Generation status,25 to 54 years,Chinese languages,184080,170810
"Vancouver (CMA), B.C.",Total - Visible minority,Total - Generation status,25 to 54 years,Mandarin,102915,97530
"Vancouver (CMA), B.C.",Total - Visible minority,Total - Generation status,25 to 54 years,Yue (Cantonese),75400,67255
"Vancouver (CMA), B.C.",Total - Visible minority,Total - Generation status,25 to 54 years,"Chinese, n.o.s.",565,410
"Vancouver (CMA), B.C.",Total - Visible minority,First generation,Total - Age,Total - Mother tongue,1256395,1173965
"Vancouver (CMA), B.C.",Total - Visible minority,First generation,Total - Age,English,286490,217220
"Vancouver (CMA), B.C.",Total - Visible minority,First generation,Total - Age,Chinese languages,356115,338755
"Vancouver (CMA), B.C.",Total - Visible minority,First generation,Total - Age,Mandarin,183045,173305
"Vancouver (CMA), B.C.",Total - Visible minority,First generation,Total - Age,Yue (Cantonese),156530,148510
"Vancouver (CMA), B.C.",Total - Visible minority,First generation,Total - Age,"Chinese, n.o.s.",1845,1565
"Vancouver (CMA), B.C.",Total - Visible minority,First generation,0 to 14 years,Total - Mother tongue,56525,50490
"Vancouver (CMA), B.C.",Total - Visible minority,First generation,0 to 14 years,English,21070,15455
"Vancouver (CMA), B.C.",Total - Visible minority,First generation,0 to 14 years,Chinese languages,12725,11200
"Vancouver (CMA), B.C.",Total - Visible minority,First generation,0 to 14 years,Mandarin,9215,8085
"Vancouver (CMA), B.C.",Total - Visible minority,First generation,0 to 14 years,Yue (Cantonese),3335,2930
"Vancouver (CMA), B.C.",Total - Visible minority,First generation,0 to 14 years,"Chinese, n.o.s.",20,20
"Vancouver (CMA), B.C.",Total - Visible minority,First generation,15 to 24 years,Total - Mother tongue,115530,104510
"Vancouver (CMA), B.C.",Total - Visible minority,First generation,15 to 24 years,English,32430,22375
"Vancouver (CMA), B.C.",Total - Visible minority,First generation,15 to 24 years,Chinese languages,26460,24340
"Vancouver (CMA), B.C.",Total - Visible minority,First generation,15 to 24 years,Mandarin,20905,19270
"Vancouver (CMA), B.C.",Total - Visible minority,First generation,15 to 24 years,Yue (Cantonese),5050,4525
"Vancouver (CMA), B.C.",Total - Visible minority,First generation,15 to 24 years,"Chinese, n.o.s.",135,125
"Vancouver (CMA), B.C.",Total - Visible minority,First generation,25 to 54 years,Total - Mother tongue,623615,579190
"Vancouver (CMA), B.C.",Total - Visible minority,First generation,25 to 54 years,English,136275,98665
"Vancouver (CMA), B.C.",Total - Visible minority,First generation,25 to 54 years,Chinese languages,162040,153610
"Vancouver (CMA), B.C.",Total - Visible minority,First generation,25 to 54 years,Mandarin,101270,96420
"Vancouver (CMA), B.C.",Total - Visible minority,First generation,25 to 54 years,Yue (Cantonese),55475,51600
"Vancouver (CMA), B.C.",Total - Visible minority,First generation,25 to 54 years,"Chinese, n.o.s.",445,335
"Vancouver (CMA), B.C.",Total - Visible minority,Second generation,Total - Age,Total - Mother tongue,632460,581075
"Vancouver (CMA), B.C.",Total - Visible minority,Second generation,Total - Age,English,470130,420515
"Vancouver (CMA), B.C.",Total - Visible minority,Second generation,Total - Age,Chinese languages,67475,53380
"Vancouver (CMA), B.C.",Total - Visible minority,Second generation,Total - Age,Mandarin,24300,18675
"Vancouver (CMA), B.C.",Total - Visible minority,Second generation,Total - Age,Yue (Cantonese),42140,33600
"Vancouver (CMA), B.C.",Total - Visible minority,Second generation,Total - Age,"Chinese, n.o.s.",305,185
"Vancouver (CMA), B.C.",Total - Visible minority,Second generation,0 to 14 years,Total - Mother tongue,191970,170815
"Vancouver (CMA), B.C.",Total - Visible minority,Second generation,0 to 14 years,English,128300,108065
"Vancouver (CMA), B.C.",Total - Visible minority,Second generation,0 to 14 years,Chinese languages,28455,22555
"Vancouver (CMA), B.C.",Total - Visible minority,Second generation,0 to 14 years,Mandarin,18050,14180
"Vancouver (CMA), B.C.",Total - Visible minority,Second generation,0 to 14 years,Yue (Cantonese),10195,8060
"Vancouver (CMA), B.C.",Total - Visible minority,Second generation,0 to 14 years,"Chinese, n.o.s.",20,10
"Vancouver (CMA), B.C.",Total - Visible minority,Second generation,15 to 24 years,Total - Mother tongue,110880,99520
"Vancouver (CMA), B.C.",Total - Visible minority,Second generation,15 to 24 years,English,77935,66865
"Vancouver (CMA), B.C.",Total - Visible minority,Second generation,15 to 24 years,Chinese languages,13970,10950
"Vancouver (CMA), B.C.",Total - Visible minority,Second generation,15 to 24 years,Mandarin,4570,3365
"Vancouver (CMA), B.C.",Total - Visible minority,Second generation,15 to 24 years,Yue (Cantonese),9170,7325
"Vancouver (CMA), B.C.",Total - Visible minority,Second generation,15 to 24 years,"Chinese, n.o.s.",25,15
"Vancouver (CMA), B.C.",Total - Visible minority,Second generation,25 to 54 years,Total - Mother tongue,221960,205390
"Vancouver (CMA), B.C.",Total - Visible minority,Second generation,25 to 54 years,English,170555,154475
"Vancouver (CMA), B.C.",Total - Visible minority,Second generation,25 to 54 years,Chinese languages,21870,17085
"Vancouver (CMA), B.C.",Total - Visible minority,Second generation,25 to 54 years,Mandarin,1645,1100
"Vancouver (CMA), B.C.",Total - Visible minority,Second generation,25 to 54 years,Yue (Cantonese),19770,15540
"Vancouver (CMA), B.C.",Total - Visible minority,Second generation,25 to 54 years,"Chinese, n.o.s.",115,80
"Vancouver (CMA), B.C.",Total - Visible minority,Third generation or more,Total - Age,Total - Mother tongue,718155,711325
"Vancouver (CMA), B.C.",Total - Visible minority,Third generation or more,Total - Age,English,700070,693340
"Vancouver (CMA), B.C.",Total - Visible minority,Third generation or more,Total - Age,Chinese languages,1210,785
"Vancouver (CMA), B.C.",Total - Visible minority,Third generation or more,Total - Age,Mandarin,65,50
"Vancouver (CMA), B.C.",Total - Visible minority,Third generation or more,Total - Age,Yue (Cantonese),1085,700
"Vancouver (CMA), B.C.",Total - Visible minority,Third generation or more,Total - Age,"Chinese, n.o.s.",45,20
"Vancouver (CMA), B.C.",Total - Visible minority,Third generation or more,0 to 14 years,Total - Mother tongue,123075,121140
"Vancouver (CMA), B.C.",Total - Visible minority,Third generation or more,0 to 14 years,English,120600,118690
"Vancouver (CMA), B.C.",Total - Visible minority,Third generation or more,0 to 14 years,Chinese languages,775,480
"Vancouver (CMA), B.C.",Total - Visible minority,Third generation or more,0 to 14 years,Mandarin,50,40
"Vancouver (CMA), B.C.",Total - Visible minority,Third generation or more,0 to 14 years,Yue (Cantonese),705,435
"Vancouver (CMA), B.C.",Total - Visible minority,Third generation or more,0 to 14 years,"Chinese, n.o.s.",10,0
"Vancouver (CMA), B.C.",Total - Visible minority,Third generation or more,15 to 24 years,Total - Mother tongue,83155,82220
"Vancouver (CMA), B.C.",Total - Visible minority,Third generation or more,15 to 24 years,English,81970,81050
"Vancouver (CMA), B.C.",Total - Visible minority,Third generation or more,15 to 24 years,Chinese languages,105,55
"Vancouver (CMA), B.C.",Total - Visible minority,Third generation or more,15 to 24 years,Mandarin,0,0
"Vancouver (CMA), B.C.",Total - Visible minority,Third generation or more,15 to 24 years,Yue (Cantonese),90,45
"Vancouver (CMA), B.C.",Total - Visible minority,Third generation or more,15 to 24 years,"Chinese, n.o.s.",0,0
"Vancouver (CMA), B.C.",Total - Visible minority,Third generation or more,25 to 54 years,Total - Mother tongue,292045,289370
"Vancouver (CMA), B.C.",Total - Visible minority,Third generation or more,25 to 54 years,English,285795,283135
"Vancouver (CMA), B.C.",Total - Visible minority,Third generation or more,25 to 54 years,Chinese languages,165,115
"Vancouver (CMA), B.C.",Total - Visible minority,Third generation or more,25 to 54 years,Mandarin,0,0
"Vancouver (CMA), B.C.",Total - Visible minority,Third generation or more,25 to 54 years,Yue (Cantonese),155,110
"Vancouver (CMA), B.C.",Total - Visible minority,Third generation or more,25 to 54 years,"Chinese, n.o.s.",0,0
"Vancouver (CMA), B.C.",Chinese,Total - Generation status,Total - Age,Total - Mother tongue,512260,482180
"Vancouver (CMA), B.C.",Chinese,Total - Generation status,Total - Age,English,118775,93495
"Vancouver (CMA), B.C.",Chinese,Total - Generation status,Total - Age,Chinese languages,414485,385210
"Vancouver (CMA), B.C.",Chinese,Total - Generation status,Total - Age,Mandarin,204000,189685
"Vancouver (CMA), B.C.",Chinese,Total - Generation status,Total - Age,Yue (Cantonese),194610,178820
"Vancouver (CMA), B.C.",Chinese,Total - Generation status,Total - Age,"Chinese, n.o.s.",1985,1705
"Vancouver (CMA), B.C.",Chinese,Total - Generation status,0 to 14 years,Total - Mother tongue,70475,63185
"Vancouver (CMA), B.C.",Chinese,Total - Generation status,0 to 14 years,English,36140,29395
"Vancouver (CMA), B.C.",Chinese,Total - Generation status,0 to 14 years,Chinese languages,40700,33590
"Vancouver (CMA), B.C.",Chinese,Total - Generation status,0 to 14 years,Mandarin,26630,21950
"Vancouver (CMA), B.C.",Chinese,Total - Generation status,0 to 14 years,Yue (Cantonese),13710,11150
"Vancouver (CMA), B.C.",Chinese,Total - Generation status,0 to 14 years,"Chinese, n.o.s.",25,25
"Vancouver (CMA), B.C.",Chinese,Total - Generation status,15 to 24 years,Total - Mother tongue,58530,53495
"Vancouver (CMA), B.C.",Chinese,Total - Generation status,15 to 24 years,English,23210,18530
"Vancouver (CMA), B.C.",Chinese,Total - Generation status,15 to 24 years,Chinese languages,39505,34655
"Vancouver (CMA), B.C.",Chinese,Total - Generation status,15 to 24 years,Mandarin,25060,22385
"Vancouver (CMA), B.C.",Chinese,Total - Generation status,15 to 24 years,Yue (Cantonese),13780,11510
"Vancouver (CMA), B.C.",Chinese,Total - Generation status,15 to 24 years,"Chinese, n.o.s.",150,140
"Vancouver (CMA), B.C.",Chinese,Total - Generation status,25 to 54 years,Total - Mother tongue,215330,202835
"Vancouver (CMA), B.C.",Chinese,Total - Generation status,25 to 54 years,English,44030,33715
"Vancouver (CMA), B.C.",Chinese,Total - Generation status,25 to 54 years,Chinese languages,179775,167575
"Vancouver (CMA), B.C.",Chinese,Total - Generation status,25 to 54 years,Mandarin,101385,96365
"Vancouver (CMA), B.C.",Chinese,Total - Generation status,25 to 54 years,Yue (Cantonese),73255,65615
"Vancouver (CMA), B.C.",Chinese,Total - Generation status,25 to 54 years,"Chinese, n.o.s.",470,395
"Vancouver (CMA), B.C.",Chinese,First generation,Total - Age,Total - Mother tongue,375020,358825
"Vancouver (CMA), B.C.",Chinese,First generation,Total - Age,English,35025,23025
"Vancouver (CMA), B.C.",Chinese,First generation,Total - Age,Chinese languages,348475,332685
"Vancouver (CMA), B.C.",Chinese,First generation,Total - Age,Mandarin,180425,171325
"Vancouver (CMA), B.C.",Chinese,First generation,Total - Age,Yue (Cantonese),153095,145680
"Vancouver (CMA), B.C.",Chinese,First generation,Total - Age,"Chinese, n.o.s.",1695,1505
"Vancouver (CMA), B.C.",Chinese,First generation,0 to 14 years,Total - Mother tongue,15120,13630
"Vancouver (CMA), B.C.",Chinese,First generation,0 to 14 years,English,3790,2470
"Vancouver (CMA), B.C.",Chinese,First generation,0 to 14 years,Chinese languages,12540,11065
"Vancouver (CMA), B.C.",Chinese,First generation,0 to 14 years,Mandarin,9075,7985
"Vancouver (CMA), B.C.",Chinese,First generation,0 to 14 years,Yue (Cantonese),3305,2905
"Vancouver (CMA), B.C.",Chinese,First generation,0 to 14 years,"Chinese, n.o.s.",20,15
"Vancouver (CMA), B.C.",Chinese,First generation,15 to 24 years,Total - Mother tongue,29725,27690
"Vancouver (CMA), B.C.",Chinese,First generation,15 to 24 years,English,5180,3395
"Vancouver (CMA), B.C.",Chinese,First generation,15 to 24 years,Chinese languages,26050,24060
"Vancouver (CMA), B.C.",Chinese,First generation,15 to 24 years,Mandarin,20590,19065
"Vancouver (CMA), B.C.",Chinese,First generation,15 to 24 years,Yue (Cantonese),4970,4465
"Vancouver (CMA), B.C.",Chinese,First generation,15 to 24 years,"Chinese, n.o.s.",135,125
"Vancouver (CMA), B.C.",Chinese,First generation,25 to 54 years,Total - Mother tongue,171030,163195
"Vancouver (CMA), B.C.",Chinese,First generation,25 to 54 years,English,16495,10715
"Vancouver (CMA), B.C.",Chinese,First generation,25 to 54 years,Chinese languages,158715,151070
"Vancouver (CMA), B.C.",Chinese,First generation,25 to 54 years,Mandarin,99865,95330
"Vancouver (CMA), B.C.",Chinese,First generation,25 to 54 years,Yue (Cantonese),54070,50525
"Vancouver (CMA), B.C.",Chinese,First generation,25 to 54 years,"Chinese, n.o.s.",380,320
"Vancouver (CMA), B.C.",Chinese,Second generation,Total - Age,Total - Mother tongue,120135,106715
"Vancouver (CMA), B.C.",Chinese,Second generation,Total - Age,English,67410,54595
"Vancouver (CMA), B.C.",Chinese,Second generation,Total - Age,Chinese languages,64905,51785
"Vancouver (CMA), B.C.",Chinese,Second generation,Total - Age,Mandarin,23525,18310
"Vancouver (CMA), B.C.",Chinese,Second generation,Total - Age,Yue (Cantonese),40500,32470
"Vancouver (CMA), B.C.",Chinese,Second generation,Total - Age,"Chinese, n.o.s.",260,180
"Vancouver (CMA), B.C.",Chinese,Second generation,0 to 14 years,Total - Mother tongue,47495,41985
"Vancouver (CMA), B.C.",Chinese,Second generation,0 to 14 years,English,24955,19810
"Vancouver (CMA), B.C.",Chinese,Second generation,0 to 14 years,Chinese languages,27470,22070
"Vancouver (CMA), B.C.",Chinese,Second generation,0 to 14 years,Mandarin,17505,13930
"Vancouver (CMA), B.C.",Chinese,Second generation,0 to 14 years,Yue (Cantonese),9765,7840
"Vancouver (CMA), B.C.",Chinese,Second generation,0 to 14 years,"Chinese, n.o.s.",10,10
"Vancouver (CMA), B.C.",Chinese,Second generation,15 to 24 years,Total - Mother tongue,25635,22710
"Vancouver (CMA), B.C.",Chinese,Second generation,15 to 24 years,English,14915,12090
"Vancouver (CMA), B.C.",Chinese,Second generation,15 to 24 years,Chinese languages,13360,10545
"Vancouver (CMA), B.C.",Chinese,Second generation,15 to 24 years,Mandarin,4460,3315
"Vancouver (CMA), B.C.",Chinese,Second generation,15 to 24 years,Yue (Cantonese),8710,7000
"Vancouver (CMA), B.C.",Chinese,Second generation,15 to 24 years,"Chinese, n.o.s.",20,15
"Vancouver (CMA), B.C.",Chinese,Second generation,25 to 54 years,Total - Mother tongue,40135,35535
"Vancouver (CMA), B.C.",Chinese,Second generation,25 to 54 years,English,23485,19020
"Vancouver (CMA), B.C.",Chinese,Second generation,25 to 54 years,Chinese languages,20905,16390
"Vancouver (CMA), B.C.",Chinese,Second generation,25 to 54 years,Mandarin,1520,1035
"Vancouver (CMA), B.C.",Chinese,Second generation,25 to 54 years,Yue (Cantonese),19030,14975
"Vancouver (CMA), B.C.",Chinese,Second generation,25 to 54 years,"Chinese, n.o.s.",95,70
"Vancouver (CMA), B.C.",Chinese,Third generation or more,Total - Age,Total - Mother tongue,17105,16640
"Vancouver (CMA), B.C.",Chinese,Third generation or more,Total - Age,English,16340,15875
"Vancouver (CMA), B.C.",Chinese,Third generation or more,Total - Age,Chinese languages,1105,735
"Vancouver (CMA), B.C.",Chinese,Third generation or more,Total - Age,Mandarin,55,45
"Vancouver (CMA), B.C.",Chinese,Third generation or more,Total - Age,Yue (Cantonese),1010,665
"Vancouver (CMA), B.C.",Chinese,Third generation or more,Total - Age,"Chinese, n.o.s.",30,20
"Vancouver (CMA), B.C.",Chinese,Third generation or more,0 to 14 years,Total - Mother tongue,7870,7575
"Vancouver (CMA), B.C.",Chinese,Third generation or more,0 to 14 years,English,7405,7110
"Vancouver (CMA), B.C.",Chinese,Third generation or more,0 to 14 years,Chinese languages,690,445
"Vancouver (CMA), B.C.",Chinese,Third generation or more,0 to 14 years,Mandarin,50,40
"Vancouver (CMA), B.C.",Chinese,Third generation or more,0 to 14 years,Yue (Cantonese),640,405
"Vancouver (CMA), B.C.",Chinese,Third generation or more,0 to 14 years,"Chinese, n.o.s.",0,0
"Vancouver (CMA), B.C.",Chinese,Third generation or more,15 to 24 years,Total - Mother tongue,3170,3100
"Vancouver (CMA), B.C.",Chinese,Third generation or more,15 to 24 years,English,3115,3050
"Vancouver (CMA), B.C.",Chinese,Third generation or more,15 to 24 years,Chinese languages,100,55
"Vancouver (CMA), B.C.",Chinese,Third generation or more,15 to 24 years,Mandarin,0,0
"Vancouver (CMA), B.C.",Chinese,Third generation or more,15 to 24 years,Yue (Cantonese),90,45
"Vancouver (CMA), B.C.",Chinese,Third generation or more,15 to 24 years,"Chinese, n.o.s.",0,0
"Vancouver (CMA), B.C.",Chinese,Third generation or more,25 to 54 years,Total - Mother tongue,4175,4105
"Vancouver (CMA), B.C.",Chinese,Third generation or more,25 to 54 years,English,4050,3980
"Vancouver (CMA), B.C.",Chinese,Third generation or more,25 to 54 years,Chinese languages,155,110
"Vancouver (CMA), B.C.",Chinese,Third generation or more,25 to 54 years,Mandarin,0,0
"Vancouver (CMA), B.C.",Chinese,Third generation or more,25 to 54 years,Yue (Cantonese),155,110
"Vancouver (CMA), B.C.",Chinese,Third generation or more,25 to 54 years,"Chinese, n.o.s.",0,0
